/usr/bin/singularity
apptainer version 1.4.5-1.el9
Number of GPUs =  8
======== Run with fp32 ==========
Detected GPU #0: "NVIDIA RTX PRO 6000 Blackwell Server Edition" (0015de39-1f78-c83d-a857-2f65d3eb7194)
Detected GPU #1: "NVIDIA RTX PRO 6000 Blackwell Server Edition" (304cf9b4-e02a-e053-1ff4-be7e1ec9ab5d)
Detected GPU #2: "NVIDIA RTX PRO 6000 Blackwell Server Edition" (28c7075c-716d-81b2-10a6-586c6c26894a)
Detected GPU #3: "NVIDIA RTX PRO 6000 Blackwell Server Edition" (54abe1b9-3177-e072-874f-c20d7f3deab0)
Detected GPU #4: "NVIDIA RTX PRO 6000 Blackwell Server Edition" (df98d29c-b3cc-612f-02d5-2c4ff01406ee)
Detected GPU #5: "NVIDIA RTX PRO 6000 Blackwell Server Edition" (939c4c50-1e02-853c-f5c5-2d89dcf39adf)
Detected GPU #6: "NVIDIA RTX PRO 6000 Blackwell Server Edition" (7ed15820-946a-e8f5-477e-9eecfc8d5d72)
Detected GPU #7: "NVIDIA RTX PRO 6000 Blackwell Server Edition" (699c21c9-2887-3937-c73a-cb0ba57c8f35)
Using precision(s): FP32  
GPU #0: Using 87018 MB
GPU #1: Using 87018 MB
GPU #2: Using 87018 MB
GPU #3: Using 87018 MB
GPU #4: Using 87018 MB
GPU #5: Using 87018 MB
GPU #6: Using 87018 MB
GPU #7: Using 87018 MB
Creating random matrices
Matrices created
1059 (1164382 Gflops/s) - 0 (0 Gflops/s) - 0 (0 Gflops/s) - 0 (0 Gflops/s) - 0 (0 Gflops/s) - 0 (0 Gflops/s) - 0 (0 Gflops/s) - 0 (0 Gflops/s) | Temperatures: 46°C - 32°C - 32°C - 33°C - 33°C - 33°C - 32°C - 32°C | Throttling: None - None - None - None - None - None - None - None
195 (214404 Gflops/s) - 1206 (1326011 Gflops/s) - 1153 (1267736 Gflops/s) - 1169 (1285329 Gflops/s) - 1154 (1268836 Gflops/s) - 1133 (1245746 Gflops/s) - 1141 (1254542 Gflops/s) - 1138 (1251244 Gflops/s) | Temperatures: 50°C - 48°C - 48°C - 50°C - 49°C - 49°C - 48°C - 48°C | Throttling: None - None - None - None - None - None - None - None
195 (214404 Gflops/s) - 192 (211106 Gflops/s) - 192 (211106 Gflops/s) - 191 (210006 Gflops/s) - 190 (208907 Gflops/s) - 191 (210006 Gflops/s) - 189 (207807 Gflops/s) - 192 (211106 Gflops/s) | Temperatures: 51°C - 49°C - 50°C - 52°C - 51°C - 51°C - 49°C - 50°C | Throttling: None - None - None - None - None - None - None - None
194 (213305 Gflops/s) - 191 (210006 Gflops/s) - 191 (210006 Gflops/s) - 191 (210006 Gflops/s) - 190 (208907 Gflops/s) - 190 (208907 Gflops/s) - 190 (208907 Gflops/s) - 192 (211106 Gflops/s) | Temperatures: 52°C - 51°C - 52°C - 53°C - 52°C - 52°C - 51°C - 51°C | Throttling: None - None - None - None - None - None - None - None
193 (212205 Gflops/s) - 191 (210006 Gflops/s) - 191 (210006 Gflops/s) - 191 (210006 Gflops/s) - 190 (208907 Gflops/s) - 191 (210006 Gflops/s) - 189 (207807 Gflops/s) - 192 (211106 Gflops/s) | Temperatures: 53°C - 52°C - 53°C - 54°C - 53°C - 53°C - 52°C - 52°C | Throttling: None - None - None - None - None - None - None - None
194 (213305 Gflops/s) - 190 (208907 Gflops/s) - 191 (210006 Gflops/s) - 190 (208907 Gflops/s) - 189 (207807 Gflops/s) - 190 (208907 Gflops/s) - 189 (207807 Gflops/s) - 191 (210006 Gflops/s) | Temperatures: 54°C - 53°C - 54°C - 55°C - 54°C - 54°C - 53°C - 53°C | Throttling: None - None - None - None - None - None - None - None
193 (212205 Gflops/s) - 191 (210006 Gflops/s) - 191 (210006 Gflops/s) - 191 (210006 Gflops/s) - 189 (207807 Gflops/s) - 190 (208907 Gflops/s) - 189 (207807 Gflops/s) - 191 (210006 Gflops/s) | Temperatures: 55°C - 54°C - 55°C - 56°C - 55°C - 55°C - 54°C - 54°C | Throttling: None - None - None - None - None - None - None - None
193 (212205 Gflops/s) - 190 (208907 Gflops/s) - 190 (208907 Gflops/s) - 190 (208907 Gflops/s) - 189 (207807 Gflops/s) - 189 (207807 Gflops/s) - 189 (207807 Gflops/s) - 190 (208907 Gflops/s) | Temperatures: 56°C - 55°C - 56°C - 57°C - 56°C - 56°C - 55°C - 55°C | Throttling: None - None - None - None - None - None - None - None
193 (212205 Gflops/s) - 190 (208907 Gflops/s) - 190 (208907 Gflops/s) - 190 (208907 Gflops/s) - 189 (207807 Gflops/s) - 190 (208907 Gflops/s) - 188 (206708 Gflops/s) - 191 (210006 Gflops/s) | Temperatures: 57°C - 55°C - 57°C - 58°C - 57°C - 57°C - 56°C - 56°C | Throttling: None - None - None - None - None - None - None - None
193 (212205 Gflops/s) - 190 (208907 Gflops/s) - 190 (208907 Gflops/s) - 189 (207807 Gflops/s) - 188 (206708 Gflops/s) - 189 (207807 Gflops/s) - 189 (207807 Gflops/s) - 190 (208907 Gflops/s) | Temperatures: 58°C - 56°C - 58°C - 58°C - 58°C - 58°C - 56°C - 57°C | Throttling: None - None - None - None - None - None - None - None
193 (212205 Gflops/s) - 190 (208907 Gflops/s) - 189 (207807 Gflops/s) - 190 (208907 Gflops/s) - 189 (207807 Gflops/s) - 189 (207807 Gflops/s) - 188 (206708 Gflops/s) - 191 (210006 Gflops/s) | Temperatures: 59°C - 57°C - 59°C - 59°C - 59°C - 59°C - 57°C - 58°C | Throttling: None - None - None - None - None - None - None - None
192 (211106 Gflops/s) - 190 (208907 Gflops/s) - 190 (208907 Gflops/s) - 189 (207807 Gflops/s) - 188 (206708 Gflops/s) - 189 (207807 Gflops/s) - 189 (207807 Gflops/s) - 190 (208907 Gflops/s) | Temperatures: 60°C - 58°C - 60°C - 60°C - 59°C - 60°C - 58°C - 59°C | Throttling: None - None - None - None - None - None - None - None
192 (211106 Gflops/s) - 189 (207807 Gflops/s) - 189 (207807 Gflops/s) - 189 (207807 Gflops/s) - 188 (206708 Gflops/s) - 189 (207807 Gflops/s) - 188 (206708 Gflops/s) - 190 (208907 Gflops/s) | Temperatures: 60°C - 59°C - 60°C - 61°C - 60°C - 60°C - 59°C - 59°C | Throttling: None - None - None - None - None - None - None - None
193 (212205 Gflops/s) - 190 (208907 Gflops/s) - 189 (207807 Gflops/s) - 190 (208907 Gflops/s) - 189 (207807 Gflops/s) - 189 (207807 Gflops/s) - 188 (206708 Gflops/s) - 190 (208907 Gflops/s) | Temperatures: 61°C - 59°C - 61°C - 61°C - 61°C - 61°C - 59°C - 60°C | Throttling: None - None - None - None - None - None - None - None
192 (211106 Gflops/s) - 189 (207807 Gflops/s) - 189 (207807 Gflops/s) - 188 (206708 Gflops/s) - 187 (205608 Gflops/s) - 189 (207807 Gflops/s) - 187 (205608 Gflops/s) - 189 (207807 Gflops/s) | Temperatures: 62°C - 60°C - 62°C - 62°C - 61°C - 62°C - 60°C - 61°C | Throttling: None - None - None - None - None - None - None - None
191 (210006 Gflops/s) - 189 (207807 Gflops/s) - 189 (207807 Gflops/s) - 189 (207807 Gflops/s) - 188 (206708 Gflops/s) - 188 (206708 Gflops/s) - 188 (206708 Gflops/s) - 189 (207807 Gflops/s) | Temperatures: 63°C - 61°C - 63°C - 63°C - 62°C - 62°C - 61°C - 61°C | Throttling: None - None - None - None - None - None - None - None
192 (211106 Gflops/s) - 189 (207807 Gflops/s) - 188 (206708 Gflops/s) - 188 (206708 Gflops/s) - 188 (206708 Gflops/s) - 188 (206708 Gflops/s) - 188 (206708 Gflops/s) - 189 (207807 Gflops/s) | Temperatures: 63°C - 61°C - 63°C - 63°C - 63°C - 63°C - 61°C - 62°C | Throttling: None - None - None - None - None - None - None - None
192 (211106 Gflops/s) - 189 (207807 Gflops/s) - 189 (207807 Gflops/s) - 189 (207807 Gflops/s) - 187 (205608 Gflops/s) - 189 (207807 Gflops/s) - 187 (205608 Gflops/s) - 189 (207807 Gflops/s) | Temperatures: 64°C - 62°C - 64°C - 64°C - 63°C - 64°C - 62°C - 63°C | Throttling: None - None - None - None - None - None - None - None
191 (210006 Gflops/s) - 189 (207807 Gflops/s) - 188 (206708 Gflops/s) - 189 (207807 Gflops/s) - 188 (206708 Gflops/s) - 188 (206708 Gflops/s) - 187 (205608 Gflops/s) - 189 (207807 Gflops/s) | Temperatures: 64°C - 62°C - 65°C - 64°C - 64°C - 64°C - 63°C - 63°C | Throttling: None - None - None - None - None - None - None - None
192 (211106 Gflops/s) - 188 (206708 Gflops/s) - 189 (207807 Gflops/s) - 188 (206708 Gflops/s) - 187 (205608 Gflops/s) - 188 (206708 Gflops/s) - 187 (205608 Gflops/s) - 189 (207807 Gflops/s) | Temperatures: 65°C - 63°C - 65°C - 65°C - 64°C - 65°C - 63°C - 64°C | Throttling: None - None - None - None - None - None - None - None
191 (210006 Gflops/s) - 189 (207807 Gflops/s) - 188 (206708 Gflops/s) - 188 (206708 Gflops/s) - 187 (205608 Gflops/s) - 188 (206708 Gflops/s) - 187 (205608 Gflops/s) - 188 (206708 Gflops/s) | Temperatures: 65°C - 63°C - 66°C - 65°C - 65°C - 65°C - 64°C - 64°C | Throttling: None - None - None - None - None - None - None - None
191 (210006 Gflops/s) - 188 (206708 Gflops/s) - 188 (206708 Gflops/s) - 188 (206708 Gflops/s) - 187 (205608 Gflops/s) - 188 (206708 Gflops/s) - 187 (205608 Gflops/s) - 189 (207807 Gflops/s) | Temperatures: 66°C - 64°C - 66°C - 66°C - 65°C - 66°C - 64°C - 65°C | Throttling: None - None - None - None - None - None - None - None
191 (210006 Gflops/s) - 188 (206708 Gflops/s) - 188 (206708 Gflops/s) - 188 (206708 Gflops/s) - 187 (205608 Gflops/s) - 188 (206708 Gflops/s) - 187 (205608 Gflops/s) - 188 (206708 Gflops/s) | Temperatures: 66°C - 64°C - 67°C - 66°C - 66°C - 66°C - 65°C - 65°C | Throttling: None - None - None - None - None - None - None - None
191 (210006 Gflops/s) - 188 (206708 Gflops/s) - 188 (206708 Gflops/s) - 188 (206708 Gflops/s) - 186 (204509 Gflops/s) - 188 (206708 Gflops/s) - 187 (205608 Gflops/s) - 189 (207807 Gflops/s) | Temperatures: 67°C - 65°C - 67°C - 67°C - 66°C - 67°C - 65°C - 66°C | Throttling: None - None - None - None - None - None - None - None
190 (208907 Gflops/s) - 188 (206708 Gflops/s) - 187 (205608 Gflops/s) - 188 (206708 Gflops/s) - 187 (205608 Gflops/s) - 188 (206708 Gflops/s) - 186 (204509 Gflops/s) - 188 (206708 Gflops/s) | Temperatures: 67°C - 65°C - 68°C - 67°C - 67°C - 67°C - 66°C - 66°C | Throttling: None - None - None - None - None - None - None - None
191 (210006 Gflops/s) - 187 (205608 Gflops/s) - 188 (206708 Gflops/s) - 187 (205608 Gflops/s) - 186 (204509 Gflops/s) - 188 (206708 Gflops/s) - 186 (204509 Gflops/s) - 188 (206708 Gflops/s) | Temperatures: 68°C - 66°C - 68°C - 68°C - 67°C - 67°C - 66°C - 67°C | Throttling: None - None - None - None - None - None - None - None
190 (208907 Gflops/s) - 188 (206708 Gflops/s) - 187 (205608 Gflops/s) - 188 (206708 Gflops/s) - 186 (204509 Gflops/s) - 187 (205608 Gflops/s) - 186 (204509 Gflops/s) - 187 (205608 Gflops/s) | Temperatures: 68°C - 66°C - 69°C - 68°C - 67°C - 68°C - 66°C - 67°C | Throttling: None - None - None - None - None - None - None - None
190 (208907 Gflops/s) - 187 (205608 Gflops/s) - 187 (205608 Gflops/s) - 187 (205608 Gflops/s) - 187 (205608 Gflops/s) - 187 (205608 Gflops/s) - 186 (204509 Gflops/s) - 188 (206708 Gflops/s) | Temperatures: 68°C - 67°C - 69°C - 69°C - 68°C - 68°C - 67°C - 68°C | Throttling: None - None - None - None - None - None - None - None
190 (208907 Gflops/s) - 188 (206708 Gflops/s) - 187 (205608 Gflops/s) - 187 (205608 Gflops/s) - 186 (204509 Gflops/s) - 188 (206708 Gflops/s) - 186 (204509 Gflops/s) - 188 (206708 Gflops/s) | Temperatures: 69°C - 67°C - 69°C - 69°C - 68°C - 68°C - 67°C - 68°C | Throttling: None - None - None - None - None - None - None - None
191 (210006 Gflops/s) - 187 (205608 Gflops/s) - 188 (206708 Gflops/s) - 188 (206708 Gflops/s) - 186 (204509 Gflops/s) - 187 (205608 Gflops/s) - 186 (204509 Gflops/s) - 188 (206708 Gflops/s) | Temperatures: 69°C - 67°C - 70°C - 69°C - 68°C - 69°C - 68°C - 68°C | Throttling: None - None - None - None - None - None - None - None
189 (207807 Gflops/s) - 187 (205608 Gflops/s) - 186 (204509 Gflops/s) - 187 (205608 Gflops/s) - 185 (203409 Gflops/s) - 187 (205608 Gflops/s) - 186 (204509 Gflops/s) - 187 (205608 Gflops/s) | Temperatures: 70°C - 67°C - 70°C - 70°C - 69°C - 69°C - 68°C - 69°C | Throttling: None - None - None - None - None - None - None - None
190 (208907 Gflops/s) - 187 (205608 Gflops/s) - 187 (205608 Gflops/s) - 187 (205608 Gflops/s) - 186 (204509 Gflops/s) - 187 (205608 Gflops/s) - 185 (203409 Gflops/s) - 188 (206708 Gflops/s) | Temperatures: 70°C - 68°C - 70°C - 70°C - 69°C - 69°C - 68°C - 69°C | Throttling: None - None - None - None - None - None - None - None
190 (208907 Gflops/s) - 187 (205608 Gflops/s) - 187 (205608 Gflops/s) - 187 (205608 Gflops/s) - 186 (204509 Gflops/s) - 187 (205608 Gflops/s) - 186 (204509 Gflops/s) - 187 (205608 Gflops/s) | Temperatures: 70°C - 68°C - 70°C - 70°C - 69°C - 70°C - 68°C - 69°C | Throttling: None - None - None - None - None - None - None - None
189 (207807 Gflops/s) - 187 (205608 Gflops/s) - 187 (205608 Gflops/s) - 187 (205608 Gflops/s) - 185 (203409 Gflops/s) - 187 (205608 Gflops/s) - 185 (203409 Gflops/s) - 187 (205608 Gflops/s) | Temperatures: 70°C - 68°C - 71°C - 70°C - 69°C - 70°C - 69°C - 69°C | Throttling: None - None - None - None - None - None - None - None
190 (208907 Gflops/s) - 186 (204509 Gflops/s) - 187 (205608 Gflops/s) - 187 (205608 Gflops/s) - 186 (204509 Gflops/s) - 187 (205608 Gflops/s) - 186 (204509 Gflops/s) - 187 (205608 Gflops/s) | Temperatures: 70°C - 69°C - 71°C - 71°C - 70°C - 70°C - 69°C - 70°C | Throttling: None - None - None - None - None - None - None - None
189 (207807 Gflops/s) - 187 (205608 Gflops/s) - 186 (204509 Gflops/s) - 187 (205608 Gflops/s) - 185 (203409 Gflops/s) - 187 (205608 Gflops/s) - 185 (203409 Gflops/s) - 187 (205608 Gflops/s) | Temperatures: 71°C - 69°C - 71°C - 71°C - 70°C - 70°C - 69°C - 70°C | Throttling: None - None - None - None - None - None - None - None
189 (207807 Gflops/s) - 187 (205608 Gflops/s) - 187 (205608 Gflops/s) - 186 (204509 Gflops/s) - 186 (204509 Gflops/s) - 186 (204509 Gflops/s) - 185 (203409 Gflops/s) - 188 (206708 Gflops/s) | Temperatures: 71°C - 69°C - 71°C - 71°C - 70°C - 70°C - 69°C - 70°C | Throttling: None - None - None - None - None - None - None - None
190 (208907 Gflops/s) - 186 (204509 Gflops/s) - 187 (205608 Gflops/s) - 187 (205608 Gflops/s) - 185 (203409 Gflops/s) - 187 (205608 Gflops/s) - 186 (204509 Gflops/s) - 186 (204509 Gflops/s) | Temperatures: 71°C - 69°C - 71°C - 71°C - 70°C - 71°C - 69°C - 70°C | Throttling: None - None - None - None - None - None - None - None
189 (207807 Gflops/s) - 187 (205608 Gflops/s) - 186 (204509 Gflops/s) - 187 (205608 Gflops/s) - 185 (203409 Gflops/s) - 187 (205608 Gflops/s) - 185 (203409 Gflops/s) - 187 (205608 Gflops/s) | Temperatures: 71°C - 69°C - 72°C - 71°C - 70°C - 71°C - 70°C - 70°C | Throttling: None - None - None - None - None - None - None - None
189 (207807 Gflops/s) - 186 (204509 Gflops/s) - 187 (205608 Gflops/s) - 186 (204509 Gflops/s) - 185 (203409 Gflops/s) - 186 (204509 Gflops/s) - 185 (203409 Gflops/s) - 187 (205608 Gflops/s) | Temperatures: 72°C - 69°C - 72°C - 72°C - 71°C - 71°C - 70°C - 71°C | Throttling: None - None - None - None - None - None - None - None
189 (207807 Gflops/s) - 186 (204509 Gflops/s) - 186 (204509 Gflops/s) - 187 (205608 Gflops/s) - 185 (203409 Gflops/s) - 187 (205608 Gflops/s) - 185 (203409 Gflops/s) - 187 (205608 Gflops/s) | Temperatures: 72°C - 70°C - 72°C - 72°C - 71°C - 71°C - 70°C - 71°C | Throttling: None - None - None - None - None - None - None - None
189 (207807 Gflops/s) - 186 (204509 Gflops/s) - 186 (204509 Gflops/s) - 186 (204509 Gflops/s) - 185 (203409 Gflops/s) - 186 (204509 Gflops/s) - 185 (203409 Gflops/s) - 187 (205608 Gflops/s) | Temperatures: 72°C - 70°C - 72°C - 72°C - 71°C - 71°C - 70°C - 71°C | Throttling: None - None - None - None - None - None - None - None
189 (207807 Gflops/s) - 186 (204509 Gflops/s) - 187 (205608 Gflops/s) - 187 (205608 Gflops/s) - 185 (203409 Gflops/s) - 186 (204509 Gflops/s) - 185 (203409 Gflops/s) - 186 (204509 Gflops/s) | Temperatures: 72°C - 70°C - 72°C - 72°C - 71°C - 72°C - 70°C - 71°C | Throttling: None - None - None - None - None - None - None - None
188 (206708 Gflops/s) - 187 (205608 Gflops/s) - 186 (204509 Gflops/s) - 186 (204509 Gflops/s) - 185 (203409 Gflops/s) - 187 (205608 Gflops/s) - 185 (203409 Gflops/s) - 187 (205608 Gflops/s) | Temperatures: 72°C - 70°C - 73°C - 72°C - 71°C - 72°C - 71°C - 71°C | Throttling: None - None - None - None - None - None - None - None
189 (207807 Gflops/s) - 185 (203409 Gflops/s) - 186 (204509 Gflops/s) - 186 (204509 Gflops/s) - 185 (203409 Gflops/s) - 186 (204509 Gflops/s) - 185 (203409 Gflops/s) - 186 (204509 Gflops/s) | Temperatures: 72°C - 70°C - 73°C - 73°C - 71°C - 72°C - 71°C - 71°C | Throttling: None - None - None - None - None - None - None - None
189 (207807 Gflops/s) - 187 (205608 Gflops/s) - 186 (204509 Gflops/s) - 186 (204509 Gflops/s) - 185 (203409 Gflops/s) - 186 (204509 Gflops/s) - 185 (203409 Gflops/s) - 187 (205608 Gflops/s) | Temperatures: 73°C - 70°C - 73°C - 73°C - 72°C - 72°C - 71°C - 72°C | Throttling: None - None - None - None - None - None - None - None
188 (206708 Gflops/s) - 185 (203409 Gflops/s) - 186 (204509 Gflops/s) - 186 (204509 Gflops/s) - 184 (202310 Gflops/s) - 186 (204509 Gflops/s) - 184 (202310 Gflops/s) - 186 (204509 Gflops/s) | Temperatures: 73°C - 71°C - 73°C - 73°C - 72°C - 72°C - 71°C - 72°C | Throttling: None - None - None - None - None - None - None - None
189 (207807 Gflops/s) - 186 (204509 Gflops/s) - 186 (204509 Gflops/s) - 186 (204509 Gflops/s) - 185 (203409 Gflops/s) - 186 (204509 Gflops/s) - 185 (203409 Gflops/s) - 186 (204509 Gflops/s) | Temperatures: 73°C - 71°C - 73°C - 73°C - 72°C - 72°C - 71°C - 72°C | Throttling: None - None - None - None - None - None - None - None
188 (206708 Gflops/s) - 186 (204509 Gflops/s) - 186 (204509 Gflops/s) - 186 (204509 Gflops/s) - 185 (203409 Gflops/s) - 187 (205608 Gflops/s) - 185 (203409 Gflops/s) - 187 (205608 Gflops/s) | Temperatures: 73°C - 71°C - 73°C - 73°C - 72°C - 72°C - 71°C - 72°C | Throttling: None - None - None - None - None - None - None - None
188 (206708 Gflops/s) - 186 (204509 Gflops/s) - 187 (205608 Gflops/s) - 186 (204509 Gflops/s) - 184 (202310 Gflops/s) - 186 (204509 Gflops/s) - 184 (202310 Gflops/s) - 186 (204509 Gflops/s) | Temperatures: 73°C - 71°C - 73°C - 73°C - 72°C - 72°C - 71°C - 72°C | Throttling: None - None - None - None - None - None - None - None
189 (207807 Gflops/s) - 185 (203409 Gflops/s) - 186 (204509 Gflops/s) - 186 (204509 Gflops/s) - 185 (203409 Gflops/s) - 186 (204509 Gflops/s) - 185 (203409 Gflops/s) - 186 (204509 Gflops/s) | Temperatures: 74°C - 71°C - 73°C - 74°C - 72°C - 72°C - 72°C - 72°C | Throttling: None - None - None - None - None - None - None - None
188 (206708 Gflops/s) - 186 (204509 Gflops/s) - 186 (204509 Gflops/s) - 186 (204509 Gflops/s) - 185 (203409 Gflops/s) - 186 (204509 Gflops/s) - 184 (202310 Gflops/s) - 186 (204509 Gflops/s) | Temperatures: 74°C - 71°C - 73°C - 74°C - 72°C - 72°C - 72°C - 72°C | Throttling: None - None - None - None - None - None - None - None
188 (206708 Gflops/s) - 186 (204509 Gflops/s) - 186 (204509 Gflops/s) - 186 (204509 Gflops/s) - 184 (202310 Gflops/s) - 186 (204509 Gflops/s) - 185 (203409 Gflops/s) - 186 (204509 Gflops/s) | Temperatures: 74°C - 71°C - 74°C - 74°C - 72°C - 72°C - 72°C - 72°C | Throttling: None - None - None - None - None - None - None - None
188 (206708 Gflops/s) - 185 (203409 Gflops/s) - 186 (204509 Gflops/s) - 186 (204509 Gflops/s) - 184 (202310 Gflops/s) - 186 (204509 Gflops/s) - 184 (202310 Gflops/s) - 187 (205608 Gflops/s) | Temperatures: 74°C - 71°C - 74°C - 74°C - 72°C - 73°C - 72°C - 72°C | Throttling: None - None - None - None - None - None - None - None
188 (206708 Gflops/s) - 186 (204509 Gflops/s) - 185 (203409 Gflops/s) - 186 (204509 Gflops/s) - 185 (203409 Gflops/s) - 186 (204509 Gflops/s) - 185 (203409 Gflops/s) - 186 (204509 Gflops/s) | Temperatures: 74°C - 71°C - 74°C - 74°C - 72°C - 73°C - 72°C - 73°C | Throttling: None - None - None - None - None - None - None - None
188 (206708 Gflops/s) - 185 (203409 Gflops/s) - 186 (204509 Gflops/s) - 185 (203409 Gflops/s) - 184 (202310 Gflops/s) - 186 (204509 Gflops/s) - 184 (202310 Gflops/s) - 186 (204509 Gflops/s) | Temperatures: 74°C - 71°C - 74°C - 74°C - 72°C - 73°C - 72°C - 73°C | Throttling: None - None - None - None - None - None - None - None
188 (206708 Gflops/s) - 186 (204509 Gflops/s) - 186 (204509 Gflops/s) - 186 (204509 Gflops/s) - 185 (203409 Gflops/s) - 186 (204509 Gflops/s) - 185 (203409 Gflops/s) - 186 (204509 Gflops/s) | Temperatures: 74°C - 72°C - 74°C - 74°C - 73°C - 73°C - 72°C - 72°C | Throttling: None - None - None - None - None - None - None - None
188 (206708 Gflops/s) - 185 (203409 Gflops/s) - 186 (204509 Gflops/s) - 186 (204509 Gflops/s) - 184 (202310 Gflops/s) - 185 (203409 Gflops/s) - 184 (202310 Gflops/s) - 186 (204509 Gflops/s) | Temperatures: 74°C - 72°C - 74°C - 74°C - 73°C - 73°C - 72°C - 73°C | Throttling: None - None - None - None - None - None - None - None
188 (206708 Gflops/s) - 186 (204509 Gflops/s) - 186 (204509 Gflops/s) - 185 (203409 Gflops/s) - 185 (203409 Gflops/s) - 186 (204509 Gflops/s) - 185 (203409 Gflops/s) - 186 (204509 Gflops/s) | Temperatures: 74°C - 72°C - 74°C - 74°C - 73°C - 73°C - 72°C - 73°C | Throttling: None - None - None - None - None - None - None - None
188 (206708 Gflops/s) - 185 (203409 Gflops/s) - 186 (204509 Gflops/s) - 186 (204509 Gflops/s) - 184 (202310 Gflops/s) - 186 (204509 Gflops/s) - 184 (202310 Gflops/s) - 186 (204509 Gflops/s) | Temperatures: 75°C - 72°C - 74°C - 74°C - 73°C - 73°C - 72°C - 73°C | Throttling: None - None - None - None - None - None - None - None
187 (205608 Gflops/s) - 186 (204509 Gflops/s) - 185 (203409 Gflops/s) - 185 (203409 Gflops/s) - 184 (202310 Gflops/s) - 186 (204509 Gflops/s) - 184 (202310 Gflops/s) - 186 (204509 Gflops/s) | Temperatures: 75°C - 72°C - 74°C - 75°C - 73°C - 73°C - 72°C - 73°C | Throttling: None - None - None - None - None - None - None - None
188 (206708 Gflops/s) - 185 (203409 Gflops/s) - 186 (204509 Gflops/s) - 186 (204509 Gflops/s) - 184 (202310 Gflops/s) - 186 (204509 Gflops/s) - 185 (203409 Gflops/s) - 186 (204509 Gflops/s) | Temperatures: 75°C - 72°C - 74°C - 75°C - 73°C - 73°C - 72°C - 73°C | Throttling: None - None - None - None - None - None - None - None
188 (206708 Gflops/s) - 185 (203409 Gflops/s) - 186 (204509 Gflops/s) - 186 (204509 Gflops/s) - 185 (203409 Gflops/s) - 185 (203409 Gflops/s) - 184 (202310 Gflops/s) - 186 (204509 Gflops/s) | Temperatures: 75°C - 72°C - 74°C - 75°C - 73°C - 73°C - 72°C - 73°C | Throttling: None - None - None - None - None - None - None - None
187 (205608 Gflops/s) - 185 (203409 Gflops/s) - 185 (203409 Gflops/s) - 185 (203409 Gflops/s) - 184 (202310 Gflops/s) - 186 (204509 Gflops/s) - 184 (202310 Gflops/s) - 185 (203409 Gflops/s) | Temperatures: 75°C - 72°C - 74°C - 75°C - 73°C - 73°C - 72°C - 73°C | Throttling: None - None - None - None - None - None - None - None
188 (206708 Gflops/s) - 186 (204509 Gflops/s) - 186 (204509 Gflops/s) - 185 (203409 Gflops/s) - 184 (202310 Gflops/s) - 186 (204509 Gflops/s) - 185 (203409 Gflops/s) - 186 (204509 Gflops/s) | Temperatures: 75°C - 72°C - 75°C - 75°C - 73°C - 73°C - 72°C - 73°C | Throttling: None - None - None - None - None - None - None - None
188 (206708 Gflops/s) - 185 (203409 Gflops/s) - 186 (204509 Gflops/s) - 186 (204509 Gflops/s) - 185 (203409 Gflops/s) - 185 (203409 Gflops/s) - 184 (202310 Gflops/s) - 186 (204509 Gflops/s) | Temperatures: 75°C - 72°C - 75°C - 75°C - 73°C - 73°C - 72°C - 73°C | Throttling: None - None - None - None - None - None - None - None
187 (205608 Gflops/s) - 185 (203409 Gflops/s) - 185 (203409 Gflops/s) - 185 (203409 Gflops/s) - 184 (202310 Gflops/s) - 186 (204509 Gflops/s) - 184 (202310 Gflops/s) - 186 (204509 Gflops/s) | Temperatures: 75°C - 72°C - 75°C - 75°C - 73°C - 74°C - 73°C - 73°C | Throttling: None - None - None - None - None - None - None - None
188 (206708 Gflops/s) - 185 (203409 Gflops/s) - 186 (204509 Gflops/s) - 185 (203409 Gflops/s) - 185 (203409 Gflops/s) - 186 (204509 Gflops/s) - 184 (202310 Gflops/s) - 186 (204509 Gflops/s) | Temperatures: 75°C - 72°C - 75°C - 75°C - 73°C - 74°C - 72°C - 73°C | Throttling: None - None - None - None - None - None - None - None
187 (205608 Gflops/s) - 185 (203409 Gflops/s) - 186 (204509 Gflops/s) - 186 (204509 Gflops/s) - 184 (202310 Gflops/s) - 185 (203409 Gflops/s) - 185 (203409 Gflops/s) - 186 (204509 Gflops/s) | Temperatures: 75°C - 72°C - 75°C - 75°C - 73°C - 74°C - 73°C - 73°C | Throttling: None - None - None - None - None - None - None - None
188 (206708 Gflops/s) - 186 (204509 Gflops/s) - 185 (203409 Gflops/s) - 185 (203409 Gflops/s) - 185 (203409 Gflops/s) - 186 (204509 Gflops/s) - 184 (202310 Gflops/s) - 186 (204509 Gflops/s) | Temperatures: 75°C - 72°C - 75°C - 75°C - 73°C - 74°C - 73°C - 73°C | Throttling: None - None - None - None - None - None - None - None
187 (205608 Gflops/s) - 185 (203409 Gflops/s) - 186 (204509 Gflops/s) - 185 (203409 Gflops/s) - 184 (202310 Gflops/s) - 186 (204509 Gflops/s) - 184 (202310 Gflops/s) - 186 (204509 Gflops/s) | Temperatures: 75°C - 72°C - 75°C - 75°C - 73°C - 74°C - 73°C - 73°C | Throttling: None - None - None - None - None - None - None - None
188 (206708 Gflops/s) - 185 (203409 Gflops/s) - 185 (203409 Gflops/s) - 186 (204509 Gflops/s) - 184 (202310 Gflops/s) - 186 (204509 Gflops/s) - 184 (202310 Gflops/s) - 186 (204509 Gflops/s) | Temperatures: 75°C - 72°C - 75°C - 75°C - 73°C - 74°C - 73°C - 73°C | Throttling: None - None - None - None - None - None - None - None
187 (205608 Gflops/s) - 185 (203409 Gflops/s) - 186 (204509 Gflops/s) - 185 (203409 Gflops/s) - 185 (203409 Gflops/s) - 185 (203409 Gflops/s) - 184 (202310 Gflops/s) - 186 (204509 Gflops/s) | Temperatures: 75°C - 72°C - 75°C - 75°C - 73°C - 74°C - 73°C - 73°C | Throttling: None - None - None - None - None - None - None - None
188 (206708 Gflops/s) - 185 (203409 Gflops/s) - 185 (203409 Gflops/s) - 185 (203409 Gflops/s) - 184 (202310 Gflops/s) - 186 (204509 Gflops/s) - 185 (203409 Gflops/s) - 186 (204509 Gflops/s) | Temperatures: 76°C - 72°C - 75°C - 75°C - 73°C - 74°C - 73°C - 73°C | Throttling: None - None - None - None - None - None - None - None
187 (205608 Gflops/s) - 185 (203409 Gflops/s) - 186 (204509 Gflops/s) - 185 (203409 Gflops/s) - 184 (202310 Gflops/s) - 186 (204509 Gflops/s) - 184 (202310 Gflops/s) - 186 (204509 Gflops/s) | Temperatures: 76°C - 72°C - 75°C - 75°C - 73°C - 74°C - 73°C - 73°C | Throttling: None - None - None - None - None - None - None - None
187 (205608 Gflops/s) - 185 (203409 Gflops/s) - 186 (204509 Gflops/s) - 186 (204509 Gflops/s) - 185 (203409 Gflops/s) - 186 (204509 Gflops/s) - 184 (202310 Gflops/s) - 185 (203409 Gflops/s) | Temperatures: 76°C - 72°C - 75°C - 75°C - 73°C - 74°C - 73°C - 73°C | Throttling: None - None - None - None - None - None - None - None
188 (206708 Gflops/s) - 185 (203409 Gflops/s) - 185 (203409 Gflops/s) - 185 (203409 Gflops/s) - 184 (202310 Gflops/s) - 185 (203409 Gflops/s) - 184 (202310 Gflops/s) - 186 (204509 Gflops/s) | Temperatures: 76°C - 72°C - 75°C - 75°C - 73°C - 74°C - 73°C - 73°C | Throttling: None - None - None - None - None - None - None - None
187 (205608 Gflops/s) - 185 (203409 Gflops/s) - 186 (204509 Gflops/s) - 185 (203409 Gflops/s) - 184 (202310 Gflops/s) - 186 (204509 Gflops/s) - 184 (202310 Gflops/s) - 186 (204509 Gflops/s) | Temperatures: 76°C - 72°C - 75°C - 75°C - 73°C - 74°C - 73°C - 73°C | Throttling: None - None - None - None - None - None - None - None
187 (205608 Gflops/s) - 185 (203409 Gflops/s) - 185 (203409 Gflops/s) - 185 (203409 Gflops/s) - 185 (203409 Gflops/s) - 185 (203409 Gflops/s) - 184 (202310 Gflops/s) - 186 (204509 Gflops/s) | Temperatures: 76°C - 72°C - 75°C - 75°C - 73°C - 74°C - 73°C - 73°C | Throttling: None - None - None - None - None - None - None - None
188 (206708 Gflops/s) - 185 (203409 Gflops/s) - 186 (204509 Gflops/s) - 185 (203409 Gflops/s) - 184 (202310 Gflops/s) - 186 (204509 Gflops/s) - 185 (203409 Gflops/s) - 186 (204509 Gflops/s) | Temperatures: 76°C - 72°C - 75°C - 75°C - 73°C - 74°C - 73°C - 73°C | Throttling: None - None - None - None - None - None - None - None
187 (205608 Gflops/s) - 185 (203409 Gflops/s) - 185 (203409 Gflops/s) - 186 (204509 Gflops/s) - 184 (202310 Gflops/s) - 186 (204509 Gflops/s) - 184 (202310 Gflops/s) - 186 (204509 Gflops/s) | Temperatures: 76°C - 72°C - 75°C - 75°C - 73°C - 74°C - 73°C - 73°C | Throttling: None - None - None - None - None - None - None - None
187 (205608 Gflops/s) - 185 (203409 Gflops/s) - 185 (203409 Gflops/s) - 185 (203409 Gflops/s) - 184 (202310 Gflops/s) - 185 (203409 Gflops/s) - 184 (202310 Gflops/s) - 185 (203409 Gflops/s) | Temperatures: 76°C - 72°C - 75°C - 75°C - 73°C - 74°C - 73°C - 73°C | Throttling: None - None - None - None - None - None - None - None
187 (205608 Gflops/s) - 185 (203409 Gflops/s) - 186 (204509 Gflops/s) - 185 (203409 Gflops/s) - 185 (203409 Gflops/s) - 186 (204509 Gflops/s) - 184 (202310 Gflops/s) - 186 (204509 Gflops/s) | Temperatures: 76°C - 73°C - 75°C - 75°C - 73°C - 74°C - 73°C - 73°C | Throttling: None - None - None - None - None - None - None - None
188 (206708 Gflops/s) - 185 (203409 Gflops/s) - 185 (203409 Gflops/s) - 185 (203409 Gflops/s) - 184 (202310 Gflops/s) - 185 (203409 Gflops/s) - 184 (202310 Gflops/s) - 186 (204509 Gflops/s) | Temperatures: 76°C - 73°C - 75°C - 76°C - 73°C - 74°C - 73°C - 73°C | Throttling: None - None - None - None - None - None - None - None
187 (205608 Gflops/s) - 185 (203409 Gflops/s) - 186 (204509 Gflops/s) - 185 (203409 Gflops/s) - 184 (202310 Gflops/s) - 186 (204509 Gflops/s) - 184 (202310 Gflops/s) - 186 (204509 Gflops/s) | Temperatures: 76°C - 72°C - 75°C - 75°C - 73°C - 74°C - 73°C - 73°C | Throttling: None - None - None - None - None - None - None - None
187 (205608 Gflops/s) - 185 (203409 Gflops/s) - 185 (203409 Gflops/s) - 185 (203409 Gflops/s) - 185 (203409 Gflops/s) - 186 (204509 Gflops/s) - 184 (202310 Gflops/s) - 186 (204509 Gflops/s) | Temperatures: 76°C - 72°C - 75°C - 76°C - 73°C - 74°C - 73°C - 73°C | Throttling: None - None - None - None - None - None - None - None
187 (205608 Gflops/s) - 185 (203409 Gflops/s) - 186 (204509 Gflops/s) - 185 (203409 Gflops/s) - 184 (202310 Gflops/s) - 185 (203409 Gflops/s) - 184 (202310 Gflops/s) - 186 (204509 Gflops/s) | Temperatures: 76°C - 72°C - 75°C - 75°C - 73°C - 74°C - 73°C - 73°C | Throttling: None - None - None - None - None - None - None - None
188 (206708 Gflops/s) - 185 (203409 Gflops/s) - 185 (203409 Gflops/s) - 185 (203409 Gflops/s) - 184 (202310 Gflops/s) - 186 (204509 Gflops/s) - 184 (202310 Gflops/s) - 185 (203409 Gflops/s) | Temperatures: 76°C - 72°C - 75°C - 76°C - 73°C - 74°C - 73°C - 73°C | Throttling: None - None - None - None - None - None - None - None
187 (205608 Gflops/s) - 185 (203409 Gflops/s) - 185 (203409 Gflops/s) - 185 (203409 Gflops/s) - 184 (202310 Gflops/s) - 186 (204509 Gflops/s) - 185 (203409 Gflops/s) - 186 (204509 Gflops/s) | Temperatures: 76°C - 72°C - 75°C - 75°C - 73°C - 74°C - 73°C - 73°C | Throttling: None - None - None - None - None - None - None - None
187 (205608 Gflops/s) - 185 (203409 Gflops/s) - 186 (204509 Gflops/s) - 186 (204509 Gflops/s) - 185 (203409 Gflops/s) - 185 (203409 Gflops/s) - 184 (202310 Gflops/s) - 186 (204509 Gflops/s) | Temperatures: 76°C - 72°C - 75°C - 75°C - 73°C - 74°C - 73°C - 73°C | Throttling: None - None - None - None - None - None - None - None
187 (205608 Gflops/s) - 185 (203409 Gflops/s) - 185 (203409 Gflops/s) - 185 (203409 Gflops/s) - 184 (202310 Gflops/s) - 186 (204509 Gflops/s) - 184 (202310 Gflops/s) - 186 (204509 Gflops/s) | Temperatures: 76°C - 72°C - 75°C - 76°C - 73°C - 74°C - 73°C - 73°C | Throttling: None - None - None - None - None - None - None - None
187 (205608 Gflops/s) - 185 (203409 Gflops/s) - 186 (204509 Gflops/s) - 185 (203409 Gflops/s) - 184 (202310 Gflops/s) - 186 (204509 Gflops/s) - 184 (202310 Gflops/s) - 186 (204509 Gflops/s) | Temperatures: 76°C - 72°C - 75°C - 76°C - 73°C - 74°C - 73°C - 73°C | Throttling: None - None - None - None - None - None - None - None
187 (205608 Gflops/s) - 185 (203409 Gflops/s) - 185 (203409 Gflops/s) - 185 (203409 Gflops/s) - 185 (203409 Gflops/s) - 185 (203409 Gflops/s) - 184 (202310 Gflops/s) - 186 (204509 Gflops/s) | Temperatures: 76°C - 72°C - 75°C - 75°C - 73°C - 74°C - 73°C - 73°C | Throttling: None - None - None - None - None - None - None - None
188 (206708 Gflops/s) - 185 (203409 Gflops/s) - 186 (204509 Gflops/s) - 185 (203409 Gflops/s) - 184 (202310 Gflops/s) - 186 (204509 Gflops/s) - 184 (202310 Gflops/s) - 186 (204509 Gflops/s) | Temperatures: 76°C - 72°C - 75°C - 75°C - 73°C - 74°C - 73°C - 73°C | Throttling: None - None - None - None - None - None - None - None
187 (205608 Gflops/s) - 185 (203409 Gflops/s) - 185 (203409 Gflops/s) - 185 (203409 Gflops/s) - 184 (202310 Gflops/s) - 185 (203409 Gflops/s) - 184 (202310 Gflops/s) - 185 (203409 Gflops/s) | Temperatures: 76°C - 72°C - 75°C - 75°C - 73°C - 74°C - 73°C - 73°C | Throttling: None - None - None - None - None - None - None - None
187 (205608 Gflops/s) - 185 (203409 Gflops/s) - 186 (204509 Gflops/s) - 185 (203409 Gflops/s) - 185 (203409 Gflops/s) - 186 (204509 Gflops/s) - 185 (203409 Gflops/s) - 186 (204509 Gflops/s) | Temperatures: 76°C - 72°C - 75°C - 75°C - 73°C - 74°C - 73°C - 73°C | Throttling: None - None - None - None - None - None - None - None
187 (205608 Gflops/s) - 185 (203409 Gflops/s) - 185 (203409 Gflops/s) - 185 (203409 Gflops/s) - 184 (202310 Gflops/s) - 186 (204509 Gflops/s) - 184 (202310 Gflops/s) - 186 (204509 Gflops/s) | Temperatures: 76°C - 72°C - 75°C - 75°C - 73°C - 74°C - 73°C - 73°C | Throttling: None - None - None - None - None - None - None - None
187 (205608 Gflops/s) - 185 (203409 Gflops/s) - 185 (203409 Gflops/s) - 185 (203409 Gflops/s) - 184 (202310 Gflops/s) - 185 (203409 Gflops/s) - 184 (202310 Gflops/s) - 186 (204509 Gflops/s) | Temperatures: 76°C - 72°C - 75°C - 75°C - 73°C - 74°C - 73°C - 73°C | Throttling: None - None - None - None - None - None - None - None
187 (205608 Gflops/s) - 185 (203409 Gflops/s) - 186 (204509 Gflops/s) - 186 (204509 Gflops/s) - 184 (202310 Gflops/s) - 186 (204509 Gflops/s) - 184 (202310 Gflops/s) - 186 (204509 Gflops/s) | Temperatures: 76°C - 72°C - 75°C - 75°C - 73°C - 74°C - 72°C - 73°C | Throttling: None - None - None - None - None - None - None - None
188 (206708 Gflops/s) - 185 (203409 Gflops/s) - 185 (203409 Gflops/s) - 185 (203409 Gflops/s) - 185 (203409 Gflops/s) - 186 (204509 Gflops/s) - 184 (202310 Gflops/s) - 186 (204509 Gflops/s) | Temperatures: 76°C - 72°C - 75°C - 75°C - 73°C - 74°C - 72°C - 73°C | Throttling: None - None - None - None - None - None - None - None
187 (205608 Gflops/s) - 185 (203409 Gflops/s) - 186 (204509 Gflops/s) - 185 (203409 Gflops/s) - 184 (202310 Gflops/s) - 185 (203409 Gflops/s) - 184 (202310 Gflops/s) - 186 (204509 Gflops/s) | Temperatures: 76°C - 72°C - 75°C - 75°C - 73°C - 74°C - 72°C - 73°C | Throttling: None - None - None - None - None - None - None - None
187 (205608 Gflops/s) - 185 (203409 Gflops/s) - 185 (203409 Gflops/s) - 185 (203409 Gflops/s) - 185 (203409 Gflops/s) - 186 (204509 Gflops/s) - 185 (203409 Gflops/s) - 186 (204509 Gflops/s) | Temperatures: 76°C - 72°C - 75°C - 75°C - 73°C - 73°C - 72°C - 73°C | Throttling: None - None - None - None - None - None - None - None
187 (205608 Gflops/s) - 185 (203409 Gflops/s) - 186 (204509 Gflops/s) - 185 (203409 Gflops/s) - 184 (202310 Gflops/s) - 185 (203409 Gflops/s) - 184 (202310 Gflops/s) - 186 (204509 Gflops/s) | Temperatures: 76°C - 72°C - 75°C - 75°C - 73°C - 73°C - 72°C - 73°C | Throttling: None - None - None - None - None - None - None - None
187 (205608 Gflops/s) - 185 (203409 Gflops/s) - 185 (203409 Gflops/s) - 185 (203409 Gflops/s) - 184 (202310 Gflops/s) - 186 (204509 Gflops/s) - 184 (202310 Gflops/s) - 185 (203409 Gflops/s) | Temperatures: 76°C - 72°C - 75°C - 75°C - 73°C - 73°C - 72°C - 73°C | Throttling: None - None - None - None - None - None - None - None
187 (205608 Gflops/s) - 185 (203409 Gflops/s) - 186 (204509 Gflops/s) - 185 (203409 Gflops/s) - 185 (203409 Gflops/s) - 186 (204509 Gflops/s) - 184 (202310 Gflops/s) - 186 (204509 Gflops/s) | Temperatures: 76°C - 72°C - 75°C - 75°C - 73°C - 73°C - 72°C - 73°C | Throttling: None - None - None - None - None - None - None - None
187 (205608 Gflops/s) - 185 (203409 Gflops/s) - 185 (203409 Gflops/s) - 185 (203409 Gflops/s) - 184 (202310 Gflops/s) - 186 (204509 Gflops/s) - 184 (202310 Gflops/s) - 186 (204509 Gflops/s) | Temperatures: 76°C - 72°C - 75°C - 75°C - 73°C - 73°C - 72°C - 73°C | Throttling: None - None - None - None - None - None - None - None
188 (206708 Gflops/s) - 185 (203409 Gflops/s) - 185 (203409 Gflops/s) - 185 (203409 Gflops/s) - 185 (203409 Gflops/s) - 185 (203409 Gflops/s) - 184 (202310 Gflops/s) - 186 (204509 Gflops/s) | Temperatures: 76°C - 72°C - 75°C - 75°C - 73°C - 73°C - 72°C - 73°C | Throttling: None - None - None - None - None - None - None - None
187 (205608 Gflops/s) - 185 (203409 Gflops/s) - 186 (204509 Gflops/s) - 186 (204509 Gflops/s) - 184 (202310 Gflops/s) - 186 (204509 Gflops/s) - 185 (203409 Gflops/s) - 186 (204509 Gflops/s) | Temperatures: 76°C - 72°C - 75°C - 75°C - 73°C - 73°C - 72°C - 73°C | Throttling: None - None - None - None - None - None - None - None
187 (205608 Gflops/s) - 186 (204509 Gflops/s) - 185 (203409 Gflops/s) - 185 (203409 Gflops/s) - 184 (202310 Gflops/s) - 186 (204509 Gflops/s) - 184 (202310 Gflops/s) - 186 (204509 Gflops/s) | Temperatures: 76°C - 72°C - 75°C - 75°C - 73°C - 73°C - 72°C - 73°C | Throttling: None - None - None - None - None - None - None - None
187 (205608 Gflops/s) - 185 (203409 Gflops/s) - 186 (204509 Gflops/s) - 185 (203409 Gflops/s) - 185 (203409 Gflops/s) - 185 (203409 Gflops/s) - 184 (202310 Gflops/s) - 186 (204509 Gflops/s) | Temperatures: 76°C - 72°C - 75°C - 75°C - 73°C - 73°C - 72°C - 73°C | Throttling: None - None - None - None - None - None - None - None
188 (206708 Gflops/s) - 185 (203409 Gflops/s) - 185 (203409 Gflops/s) - 185 (203409 Gflops/s) - 184 (202310 Gflops/s) - 186 (204509 Gflops/s) - 184 (202310 Gflops/s) - 186 (204509 Gflops/s) | Temperatures: 76°C - 72°C - 75°C - 75°C - 73°C - 73°C - 72°C - 73°C | Throttling: None - None - None - None - None - None - None - None
187 (205608 Gflops/s) - 185 (203409 Gflops/s) - 186 (204509 Gflops/s) - 185 (203409 Gflops/s) - 185 (203409 Gflops/s) - 186 (204509 Gflops/s) - 185 (203409 Gflops/s) - 186 (204509 Gflops/s) | Temperatures: 76°C - 72°C - 75°C - 75°C - 73°C - 73°C - 72°C - 73°C | Throttling: None - None - None - None - None - None - None - None
187 (205608 Gflops/s) - 185 (203409 Gflops/s) - 185 (203409 Gflops/s) - 186 (204509 Gflops/s) - 184 (202310 Gflops/s) - 185 (203409 Gflops/s) - 184 (202310 Gflops/s) - 186 (204509 Gflops/s) | Temperatures: 76°C - 72°C - 75°C - 75°C - 72°C - 73°C - 72°C - 73°C | Throttling: None - None - None - None - None - None - None - None
187 (205608 Gflops/s) - 185 (203409 Gflops/s) - 186 (204509 Gflops/s) - 185 (203409 Gflops/s) - 185 (203409 Gflops/s) - 186 (204509 Gflops/s) - 184 (202310 Gflops/s) - 187 (205608 Gflops/s) | Temperatures: 76°C - 72°C - 75°C - 75°C - 72°C - 73°C - 72°C - 73°C | Throttling: None - None - None - None - None - None - None - None
188 (206708 Gflops/s) - 186 (204509 Gflops/s) - 186 (204509 Gflops/s) - 185 (203409 Gflops/s) - 184 (202310 Gflops/s) - 186 (204509 Gflops/s) - 184 (202310 Gflops/s) - 186 (204509 Gflops/s) | Temperatures: 76°C - 72°C - 75°C - 75°C - 72°C - 73°C - 72°C - 72°C | Throttling: None - None - None - None - None - None - None - None
187 (205608 Gflops/s) - 185 (203409 Gflops/s) - 185 (203409 Gflops/s) - 185 (203409 Gflops/s) - 185 (203409 Gflops/s) - 186 (204509 Gflops/s) - 185 (203409 Gflops/s) - 186 (204509 Gflops/s) | Temperatures: 76°C - 72°C - 75°C - 75°C - 72°C - 73°C - 72°C - 72°C | Throttling: None - None - None - None - None - None - None - None
187 (205608 Gflops/s) - 185 (203409 Gflops/s) - 186 (204509 Gflops/s) - 185 (203409 Gflops/s) - 185 (203409 Gflops/s) - 185 (203409 Gflops/s) - 184 (202310 Gflops/s) - 186 (204509 Gflops/s) | Temperatures: 76°C - 71°C - 74°C - 75°C - 72°C - 73°C - 72°C - 72°C | Throttling: None - None - None - None - None - None - None - None
187 (205608 Gflops/s) - 185 (203409 Gflops/s) - 185 (203409 Gflops/s) - 186 (204509 Gflops/s) - 184 (202310 Gflops/s) - 186 (204509 Gflops/s) - 184 (202310 Gflops/s) - 186 (204509 Gflops/s) | Temperatures: 76°C - 71°C - 74°C - 75°C - 72°C - 73°C - 72°C - 72°C | Throttling: None - None - None - None - None - None - None - None
188 (206708 Gflops/s) - 185 (203409 Gflops/s) - 186 (204509 Gflops/s) - 185 (203409 Gflops/s) - 185 (203409 Gflops/s) - 186 (204509 Gflops/s) - 185 (203409 Gflops/s) - 186 (204509 Gflops/s) | Temperatures: 76°C - 71°C - 74°C - 75°C - 72°C - 73°C - 72°C - 72°C | Throttling: None - None - None - None - None - None - None - None
187 (205608 Gflops/s) - 186 (204509 Gflops/s) - 185 (203409 Gflops/s) - 185 (203409 Gflops/s) - 184 (202310 Gflops/s) - 186 (204509 Gflops/s) - 184 (202310 Gflops/s) - 186 (204509 Gflops/s) | Temperatures: 76°C - 71°C - 74°C - 75°C - 72°C - 73°C - 72°C - 72°C | Throttling: None - None - None - None - None - None - None - None
187 (205608 Gflops/s) - 185 (203409 Gflops/s) - 186 (204509 Gflops/s) - 185 (203409 Gflops/s) - 185 (203409 Gflops/s) - 186 (204509 Gflops/s) - 184 (202310 Gflops/s) - 186 (204509 Gflops/s) | Temperatures: 76°C - 71°C - 74°C - 75°C - 72°C - 73°C - 72°C - 72°C | Throttling: None - None - None - None - None - None - None - None
187 (205608 Gflops/s) - 185 (203409 Gflops/s) - 185 (203409 Gflops/s) - 185 (203409 Gflops/s) - 184 (202310 Gflops/s) - 185 (203409 Gflops/s) - 184 (202310 Gflops/s) - 186 (204509 Gflops/s) | Temperatures: 76°C - 71°C - 74°C - 75°C - 72°C - 73°C - 72°C - 72°C | Throttling: None - None - None - None - None - None - None - None
188 (206708 Gflops/s) - 185 (203409 Gflops/s) - 186 (204509 Gflops/s) - 186 (204509 Gflops/s) - 185 (203409 Gflops/s) - 186 (204509 Gflops/s) - 185 (203409 Gflops/s) - 186 (204509 Gflops/s) | Temperatures: 75°C - 71°C - 74°C - 75°C - 72°C - 73°C - 72°C - 72°C | Throttling: None - None - None - None - None - None - None - None
187 (205608 Gflops/s) - 186 (204509 Gflops/s) - 186 (204509 Gflops/s) - 185 (203409 Gflops/s) - 184 (202310 Gflops/s) - 186 (204509 Gflops/s) - 184 (202310 Gflops/s) - 186 (204509 Gflops/s) | Temperatures: 75°C - 71°C - 74°C - 75°C - 72°C - 73°C - 71°C - 72°C | Throttling: None - None - None - None - None - None - None - None
187 (205608 Gflops/s) - 185 (203409 Gflops/s) - 185 (203409 Gflops/s) - 185 (203409 Gflops/s) - 185 (203409 Gflops/s) - 186 (204509 Gflops/s) - 185 (203409 Gflops/s) - 186 (204509 Gflops/s) | Temperatures: 75°C - 71°C - 74°C - 74°C - 72°C - 73°C - 71°C - 72°C | Throttling: None - None - None - None - None - None - None - None
188 (206708 Gflops/s) - 186 (204509 Gflops/s) - 186 (204509 Gflops/s) - 186 (204509 Gflops/s) - 184 (202310 Gflops/s) - 186 (204509 Gflops/s) - 184 (202310 Gflops/s) - 186 (204509 Gflops/s) | Temperatures: 75°C - 71°C - 74°C - 75°C - 72°C - 73°C - 71°C - 72°C | Throttling: None - None - None - None - None - None - None - None
187 (205608 Gflops/s) - 185 (203409 Gflops/s) - 185 (203409 Gflops/s) - 185 (203409 Gflops/s) - 185 (203409 Gflops/s) - 185 (203409 Gflops/s) - 184 (202310 Gflops/s) - 186 (204509 Gflops/s) | Temperatures: 75°C - 71°C - 74°C - 74°C - 72°C - 73°C - 71°C - 72°C | Throttling: None - None - None - None - None - None - None - None
187 (205608 Gflops/s) - 185 (203409 Gflops/s) - 186 (204509 Gflops/s) - 186 (204509 Gflops/s) - 184 (202310 Gflops/s) - 186 (204509 Gflops/s) - 185 (203409 Gflops/s) - 186 (204509 Gflops/s) | Temperatures: 75°C - 71°C - 74°C - 74°C - 72°C - 73°C - 71°C - 72°C | Throttling: None - None - None - None - None - None - None - None
188 (206708 Gflops/s) - 186 (204509 Gflops/s) - 186 (204509 Gflops/s) - 185 (203409 Gflops/s) - 185 (203409 Gflops/s) - 186 (204509 Gflops/s) - 184 (202310 Gflops/s) - 186 (204509 Gflops/s) | Temperatures: 75°C - 71°C - 74°C - 74°C - 72°C - 73°C - 71°C - 72°C | Throttling: None - None - None - None - None - None - None - None
187 (205608 Gflops/s) - 185 (203409 Gflops/s) - 185 (203409 Gflops/s) - 185 (203409 Gflops/s) - 184 (202310 Gflops/s) - 185 (203409 Gflops/s) - 185 (203409 Gflops/s) - 186 (204509 Gflops/s) | Temperatures: 75°C - 71°C - 74°C - 74°C - 72°C - 73°C - 71°C - 72°C | Throttling: None - None - None - None - None - None - None - None
187 (205608 Gflops/s) - 185 (203409 Gflops/s) - 186 (204509 Gflops/s) - 186 (204509 Gflops/s) - 184 (202310 Gflops/s) - 186 (204509 Gflops/s) - 184 (202310 Gflops/s) - 186 (204509 Gflops/s) | Temperatures: 75°C - 71°C - 74°C - 74°C - 72°C - 72°C - 71°C - 72°C | Throttling: None - None - None - None - None - None - None - None
188 (206708 Gflops/s) - 186 (204509 Gflops/s) - 186 (204509 Gflops/s) - 185 (203409 Gflops/s) - 185 (203409 Gflops/s) - 186 (204509 Gflops/s) - 185 (203409 Gflops/s) - 186 (204509 Gflops/s) | Temperatures: 75°C - 71°C - 74°C - 74°C - 72°C - 72°C - 71°C - 72°C | Throttling: None - None - None - None - None - None - None - None
187 (205608 Gflops/s) - 185 (203409 Gflops/s) - 185 (203409 Gflops/s) - 185 (203409 Gflops/s) - 184 (202310 Gflops/s) - 186 (204509 Gflops/s) - 184 (202310 Gflops/s) - 186 (204509 Gflops/s) | Temperatures: 75°C - 71°C - 74°C - 74°C - 72°C - 72°C - 71°C - 72°C | Throttling: None - None - None - None - None - None - None - None
187 (205608 Gflops/s) - 186 (204509 Gflops/s) - 186 (204509 Gflops/s) - 186 (204509 Gflops/s) - 185 (203409 Gflops/s) - 185 (203409 Gflops/s) - 184 (202310 Gflops/s) - 186 (204509 Gflops/s) | Temperatures: 75°C - 71°C - 74°C - 74°C - 72°C - 72°C - 71°C - 72°C | Throttling: None - None - None - None - None - None - None - None
188 (206708 Gflops/s) - 185 (203409 Gflops/s) - 186 (204509 Gflops/s) - 185 (203409 Gflops/s) - 184 (202310 Gflops/s) - 186 (204509 Gflops/s) - 185 (203409 Gflops/s) - 186 (204509 Gflops/s) | Temperatures: 75°C - 71°C - 74°C - 74°C - 72°C - 72°C - 71°C - 72°C | Throttling: None - None - None - None - None - None - None - None
187 (205608 Gflops/s) - 186 (204509 Gflops/s) - 185 (203409 Gflops/s) - 186 (204509 Gflops/s) - 185 (203409 Gflops/s) - 186 (204509 Gflops/s) - 184 (202310 Gflops/s) - 186 (204509 Gflops/s) | Temperatures: 75°C - 71°C - 74°C - 74°C - 72°C - 72°C - 71°C - 72°C | Throttling: None - None - None - None - None - None - None - None
187 (205608 Gflops/s) - 185 (203409 Gflops/s) - 186 (204509 Gflops/s) - 185 (203409 Gflops/s) - 184 (202310 Gflops/s) - 186 (204509 Gflops/s) - 185 (203409 Gflops/s) - 186 (204509 Gflops/s) | Temperatures: 75°C - 71°C - 74°C - 74°C - 72°C - 72°C - 71°C - 72°C | Throttling: None - None - None - None - None - None - None - None
188 (206708 Gflops/s) - 186 (204509 Gflops/s) - 186 (204509 Gflops/s) - 185 (203409 Gflops/s) - 185 (203409 Gflops/s) - 185 (203409 Gflops/s) - 184 (202310 Gflops/s) - 186 (204509 Gflops/s) | Temperatures: 75°C - 71°C - 74°C - 74°C - 71°C - 72°C - 71°C - 72°C | Throttling: None - None - None - None - None - None - None - None
187 (205608 Gflops/s) - 185 (203409 Gflops/s) - 185 (203409 Gflops/s) - 186 (204509 Gflops/s) - 184 (202310 Gflops/s) - 186 (204509 Gflops/s) - 185 (203409 Gflops/s) - 186 (204509 Gflops/s) | Temperatures: 75°C - 71°C - 74°C - 74°C - 71°C - 72°C - 71°C - 72°C | Throttling: None - None - None - None - None - None - None - None
188 (206708 Gflops/s) - 186 (204509 Gflops/s) - 186 (204509 Gflops/s) - 185 (203409 Gflops/s) - 185 (203409 Gflops/s) - 186 (204509 Gflops/s) - 184 (202310 Gflops/s) - 187 (205608 Gflops/s) | Temperatures: 75°C - 71°C - 74°C - 74°C - 71°C - 72°C - 71°C - 72°C | Throttling: None - None - None - None - None - None - None - None
187 (205608 Gflops/s) - 185 (203409 Gflops/s) - 186 (204509 Gflops/s) - 186 (204509 Gflops/s) - 184 (202310 Gflops/s) - 186 (204509 Gflops/s) - 185 (203409 Gflops/s) - 186 (204509 Gflops/s) | Temperatures: 75°C - 71°C - 74°C - 74°C - 71°C - 72°C - 71°C - 71°C | Throttling: None - None - None - None - None - None - None - None
187 (205608 Gflops/s) - 186 (204509 Gflops/s) - 186 (204509 Gflops/s) - 185 (203409 Gflops/s) - 185 (203409 Gflops/s) - 186 (204509 Gflops/s) - 184 (202310 Gflops/s) - 186 (204509 Gflops/s) | Temperatures: 75°C - 71°C - 74°C - 74°C - 71°C - 72°C - 71°C - 71°C | Throttling: None - None - None - None - None - None - None - None
188 (206708 Gflops/s) - 185 (203409 Gflops/s) - 185 (203409 Gflops/s) - 186 (204509 Gflops/s) - 185 (203409 Gflops/s) - 185 (203409 Gflops/s) - 185 (203409 Gflops/s) - 186 (204509 Gflops/s) | Temperatures: 75°C - 71°C - 74°C - 74°C - 71°C - 72°C - 71°C - 71°C | Throttling: None - None - None - None - None - None - None - None
187 (205608 Gflops/s) - 186 (204509 Gflops/s) - 186 (204509 Gflops/s) - 185 (203409 Gflops/s) - 184 (202310 Gflops/s) - 186 (204509 Gflops/s) - 184 (202310 Gflops/s) - 186 (204509 Gflops/s) | Temperatures: 75°C - 71°C - 74°C - 74°C - 71°C - 72°C - 71°C - 71°C | Throttling: None - None - None - None - None - None - None - None
188 (206708 Gflops/s) - 185 (203409 Gflops/s) - 186 (204509 Gflops/s) - 185 (203409 Gflops/s) - 185 (203409 Gflops/s) - 186 (204509 Gflops/s) - 185 (203409 Gflops/s) - 186 (204509 Gflops/s) | Temperatures: 75°C - 70°C - 74°C - 74°C - 71°C - 72°C - 71°C - 71°C | Throttling: None - None - None - None - None - None - None - None
187 (205608 Gflops/s) - 186 (204509 Gflops/s) - 185 (203409 Gflops/s) - 186 (204509 Gflops/s) - 184 (202310 Gflops/s) - 186 (204509 Gflops/s) - 184 (202310 Gflops/s) - 187 (205608 Gflops/s) | Temperatures: 75°C - 70°C - 74°C - 74°C - 71°C - 72°C - 71°C - 71°C | Throttling: None - None - None - None - None - None - None - None
187 (205608 Gflops/s) - 185 (203409 Gflops/s) - 186 (204509 Gflops/s) - 185 (203409 Gflops/s) - 185 (203409 Gflops/s) - 186 (204509 Gflops/s) - 185 (203409 Gflops/s) - 186 (204509 Gflops/s) | Temperatures: 75°C - 70°C - 74°C - 74°C - 71°C - 72°C - 71°C - 71°C | Throttling: None - None - None - None - None - None - None - None
188 (206708 Gflops/s) - 186 (204509 Gflops/s) - 186 (204509 Gflops/s) - 186 (204509 Gflops/s) - 185 (203409 Gflops/s) - 185 (203409 Gflops/s) - 184 (202310 Gflops/s) - 186 (204509 Gflops/s) | Temperatures: 75°C - 70°C - 73°C - 74°C - 71°C - 72°C - 71°C - 71°C | Throttling: None - None - None - None - None - None - None - None
187 (205608 Gflops/s) - 185 (203409 Gflops/s) - 186 (204509 Gflops/s) - 185 (203409 Gflops/s) - 184 (202310 Gflops/s) - 186 (204509 Gflops/s) - 185 (203409 Gflops/s) - 186 (204509 Gflops/s) | Temperatures: 75°C - 70°C - 73°C - 74°C - 71°C - 72°C - 71°C - 71°C | Throttling: None - None - None - None - None - None - None - None
187 (205608 Gflops/s) - 186 (204509 Gflops/s) - 185 (203409 Gflops/s) - 186 (204509 Gflops/s) - 185 (203409 Gflops/s) - 186 (204509 Gflops/s) - 184 (202310 Gflops/s) - 187 (205608 Gflops/s) | Temperatures: 75°C - 70°C - 73°C - 74°C - 71°C - 72°C - 71°C - 71°C | Throttling: None - None - None - None - None - None - None - None
188 (206708 Gflops/s) - 186 (204509 Gflops/s) - 186 (204509 Gflops/s) - 185 (203409 Gflops/s) - 184 (202310 Gflops/s) - 186 (204509 Gflops/s) - 185 (203409 Gflops/s) - 186 (204509 Gflops/s) | Temperatures: 75°C - 70°C - 73°C - 74°C - 71°C - 72°C - 70°C - 71°C | Throttling: None - None - None - None - None - None - None - None
187 (205608 Gflops/s) - 185 (203409 Gflops/s) - 186 (204509 Gflops/s) - 186 (204509 Gflops/s) - 185 (203409 Gflops/s) - 186 (204509 Gflops/s) - 185 (203409 Gflops/s) - 186 (204509 Gflops/s) | Temperatures: 75°C - 70°C - 73°C - 74°C - 71°C - 72°C - 70°C - 71°C | Throttling: None - None - None - None - None - None - None - None
188 (206708 Gflops/s) - 186 (204509 Gflops/s) - 186 (204509 Gflops/s) - 185 (203409 Gflops/s) - 185 (203409 Gflops/s) - 186 (204509 Gflops/s) - 184 (202310 Gflops/s) - 186 (204509 Gflops/s) | Temperatures: 75°C - 70°C - 73°C - 74°C - 71°C - 72°C - 70°C - 71°C | Throttling: None - None - None - None - None - None - None - None
187 (205608 Gflops/s) - 186 (204509 Gflops/s) - 186 (204509 Gflops/s) - 186 (204509 Gflops/s) - 185 (203409 Gflops/s) - 186 (204509 Gflops/s) - 185 (203409 Gflops/s) - 187 (205608 Gflops/s) | Temperatures: 75°C - 70°C - 73°C - 74°C - 71°C - 72°C - 70°C - 71°C | Throttling: None - None - None - None - None - None - None - None
188 (206708 Gflops/s) - 185 (203409 Gflops/s) - 185 (203409 Gflops/s) - 185 (203409 Gflops/s) - 184 (202310 Gflops/s) - 185 (203409 Gflops/s) - 184 (202310 Gflops/s) - 186 (204509 Gflops/s) | Temperatures: 75°C - 70°C - 73°C - 74°C - 71°C - 72°C - 70°C - 71°C | Throttling: None - None - None - None - None - None - None - None
187 (205608 Gflops/s) - 186 (204509 Gflops/s) - 186 (204509 Gflops/s) - 186 (204509 Gflops/s) - 185 (203409 Gflops/s) - 186 (204509 Gflops/s) - 185 (203409 Gflops/s) - 186 (204509 Gflops/s) | Temperatures: 75°C - 70°C - 73°C - 74°C - 71°C - 72°C - 70°C - 71°C | Throttling: None - None - None - None - None - None - None - None
188 (206708 Gflops/s) - 186 (204509 Gflops/s) - 186 (204509 Gflops/s) - 186 (204509 Gflops/s) - 185 (203409 Gflops/s) - 186 (204509 Gflops/s) - 185 (203409 Gflops/s) - 187 (205608 Gflops/s) | Temperatures: 75°C - 70°C - 73°C - 74°C - 71°C - 72°C - 70°C - 71°C | Throttling: None - None - None - None - None - None - None - None
187 (205608 Gflops/s) - 186 (204509 Gflops/s) - 186 (204509 Gflops/s) - 185 (203409 Gflops/s) - 185 (203409 Gflops/s) - 186 (204509 Gflops/s) - 184 (202310 Gflops/s) - 186 (204509 Gflops/s) | Temperatures: 75°C - 70°C - 73°C - 74°C - 71°C - 72°C - 70°C - 71°C | Throttling: None - None - None - None - None - None - None - None
188 (206708 Gflops/s) - 185 (203409 Gflops/s) - 186 (204509 Gflops/s) - 186 (204509 Gflops/s) - 184 (202310 Gflops/s) - 186 (204509 Gflops/s) - 185 (203409 Gflops/s) - 187 (205608 Gflops/s) | Temperatures: 75°C - 70°C - 73°C - 74°C - 71°C - 72°C - 70°C - 71°C | Throttling: None - None - None - None - None - None - None - None
187 (205608 Gflops/s) - 186 (204509 Gflops/s) - 186 (204509 Gflops/s) - 185 (203409 Gflops/s) - 185 (203409 Gflops/s) - 186 (204509 Gflops/s) - 185 (203409 Gflops/s) - 186 (204509 Gflops/s) | Temperatures: 75°C - 70°C - 73°C - 73°C - 71°C - 72°C - 70°C - 71°C | Throttling: None - None - None - None - None - None - None - None
188 (206708 Gflops/s) - 186 (204509 Gflops/s) - 186 (204509 Gflops/s) - 186 (204509 Gflops/s) - 185 (203409 Gflops/s) - 186 (204509 Gflops/s) - 185 (203409 Gflops/s) - 186 (204509 Gflops/s) | Temperatures: 75°C - 70°C - 73°C - 73°C - 70°C - 71°C - 70°C - 71°C | Throttling: None - None - None - None - None - None - None - None
187 (205608 Gflops/s) - 186 (204509 Gflops/s) - 185 (203409 Gflops/s) - 186 (204509 Gflops/s) - 185 (203409 Gflops/s) - 186 (204509 Gflops/s) - 184 (202310 Gflops/s) - 187 (205608 Gflops/s) | Temperatures: 75°C - 70°C - 73°C - 73°C - 70°C - 71°C - 70°C - 70°C | Throttling: None - None - None - None - None - None - None - None
188 (206708 Gflops/s) - 186 (204509 Gflops/s) - 186 (204509 Gflops/s) - 185 (203409 Gflops/s) - 185 (203409 Gflops/s) - 186 (204509 Gflops/s) - 185 (203409 Gflops/s) - 186 (204509 Gflops/s) | Temperatures: 75°C - 70°C - 73°C - 73°C - 70°C - 71°C - 70°C - 70°C | Throttling: None - None - None - None - None - None - None - None
188 (206708 Gflops/s) - 186 (204509 Gflops/s) - 186 (204509 Gflops/s) - 186 (204509 Gflops/s) - 185 (203409 Gflops/s) - 186 (204509 Gflops/s) - 185 (203409 Gflops/s) - 187 (205608 Gflops/s) | Temperatures: 75°C - 70°C - 73°C - 73°C - 70°C - 71°C - 70°C - 70°C | Throttling: None - None - None - None - None - None - None - None
187 (205608 Gflops/s) - 185 (203409 Gflops/s) - 186 (204509 Gflops/s) - 186 (204509 Gflops/s) - 185 (203409 Gflops/s) - 186 (204509 Gflops/s) - 184 (202310 Gflops/s) - 186 (204509 Gflops/s) | Temperatures: 75°C - 70°C - 73°C - 73°C - 70°C - 71°C - 70°C - 70°C | Throttling: None - None - None - None - None - None - None - None
188 (206708 Gflops/s) - 186 (204509 Gflops/s) - 186 (204509 Gflops/s) - 185 (203409 Gflops/s) - 185 (203409 Gflops/s) - 186 (204509 Gflops/s) - 185 (203409 Gflops/s) - 187 (205608 Gflops/s) | Temperatures: 75°C - 70°C - 73°C - 73°C - 70°C - 71°C - 70°C - 70°C | Throttling: None - None - None - None - None - None - None - None
187 (205608 Gflops/s) - 186 (204509 Gflops/s) - 186 (204509 Gflops/s) - 186 (204509 Gflops/s) - 185 (203409 Gflops/s) - 186 (204509 Gflops/s) - 185 (203409 Gflops/s) - 186 (204509 Gflops/s) | Temperatures: 75°C - 69°C - 73°C - 73°C - 70°C - 71°C - 70°C - 70°C | Throttling: None - None - None - None - None - None - None - None
188 (206708 Gflops/s) - 186 (204509 Gflops/s) - 186 (204509 Gflops/s) - 186 (204509 Gflops/s) - 184 (202310 Gflops/s) - 186 (204509 Gflops/s) - 185 (203409 Gflops/s) - 187 (205608 Gflops/s) | Temperatures: 75°C - 69°C - 73°C - 73°C - 70°C - 71°C - 70°C - 70°C | Throttling: None - None - None - None - None - None - None - None
187 (205608 Gflops/s) - 186 (204509 Gflops/s) - 186 (204509 Gflops/s) - 185 (203409 Gflops/s) - 185 (203409 Gflops/s) - 186 (204509 Gflops/s) - 184 (202310 Gflops/s) - 186 (204509 Gflops/s) | Temperatures: 75°C - 69°C - 73°C - 73°C - 70°C - 71°C - 70°C - 70°C | Throttling: None - None - None - None - None - None - None - None
188 (206708 Gflops/s) - 186 (204509 Gflops/s) - 186 (204509 Gflops/s) - 186 (204509 Gflops/s) - 185 (203409 Gflops/s) - 186 (204509 Gflops/s) - 185 (203409 Gflops/s) - 187 (205608 Gflops/s) | Temperatures: 75°C - 69°C - 73°C - 73°C - 70°C - 71°C - 70°C - 70°C | Throttling: None - None - None - None - None - None - None - None
188 (206708 Gflops/s) - 186 (204509 Gflops/s) - 186 (204509 Gflops/s) - 186 (204509 Gflops/s) - 185 (203409 Gflops/s) - 186 (204509 Gflops/s) - 185 (203409 Gflops/s) - 186 (204509 Gflops/s) | Temperatures: 74°C - 69°C - 72°C - 73°C - 70°C - 71°C - 70°C - 70°C | Throttling: None - None - None - None - None - None - None - None
187 (205608 Gflops/s) - 186 (204509 Gflops/s) - 186 (204509 Gflops/s) - 185 (203409 Gflops/s) - 185 (203409 Gflops/s) - 187 (205608 Gflops/s) - 185 (203409 Gflops/s) - 187 (205608 Gflops/s) | Temperatures: 74°C - 69°C - 72°C - 73°C - 70°C - 71°C - 69°C - 70°C | Throttling: None - None - None - None - None - None - None - None
188 (206708 Gflops/s) - 186 (204509 Gflops/s) - 186 (204509 Gflops/s) - 186 (204509 Gflops/s) - 185 (203409 Gflops/s) - 186 (204509 Gflops/s) - 185 (203409 Gflops/s) - 187 (205608 Gflops/s) | Temperatures: 75°C - 69°C - 72°C - 73°C - 70°C - 71°C - 70°C - 70°C | Throttling: None - None - None - None - None - None - None - None
188 (206708 Gflops/s) - 186 (204509 Gflops/s) - 186 (204509 Gflops/s) - 186 (204509 Gflops/s) - 185 (203409 Gflops/s) - 186 (204509 Gflops/s) - 185 (203409 Gflops/s) - 186 (204509 Gflops/s) | Temperatures: 74°C - 69°C - 72°C - 73°C - 70°C - 71°C - 70°C - 70°C | Throttling: None - None - None - None - None - None - None - None
188 (206708 Gflops/s) - 186 (204509 Gflops/s) - 186 (204509 Gflops/s) - 186 (204509 Gflops/s) - 185 (203409 Gflops/s) - 186 (204509 Gflops/s) - 184 (202310 Gflops/s) - 187 (205608 Gflops/s) | Temperatures: 74°C - 69°C - 72°C - 73°C - 70°C - 71°C - 69°C - 70°C | Throttling: None - None - None - None - None - None - None - None
187 (205608 Gflops/s) - 186 (204509 Gflops/s) - 186 (204509 Gflops/s) - 186 (204509 Gflops/s) - 185 (203409 Gflops/s) - 186 (204509 Gflops/s) - 185 (203409 Gflops/s) - 186 (204509 Gflops/s) | Temperatures: 74°C - 69°C - 72°C - 73°C - 70°C - 71°C - 69°C - 70°C | Throttling: None - None - None - None - None - None - None - None
188 (206708 Gflops/s) - 186 (204509 Gflops/s) - 186 (204509 Gflops/s) - 185 (203409 Gflops/s) - 185 (203409 Gflops/s) - 186 (204509 Gflops/s) - 185 (203409 Gflops/s) - 187 (205608 Gflops/s) | Temperatures: 74°C - 69°C - 72°C - 73°C - 70°C - 71°C - 69°C - 70°C | Throttling: None - None - None - None - None - None - None - None
188 (206708 Gflops/s) - 185 (203409 Gflops/s) - 186 (204509 Gflops/s) - 186 (204509 Gflops/s) - 185 (203409 Gflops/s) - 186 (204509 Gflops/s) - 185 (203409 Gflops/s) - 187 (205608 Gflops/s) | Temperatures: 74°C - 69°C - 72°C - 73°C - 70°C - 71°C - 69°C - 70°C | Throttling: None - None - None - None - None - None - None - None
188 (206708 Gflops/s) - 186 (204509 Gflops/s) - 186 (204509 Gflops/s) - 186 (204509 Gflops/s) - 185 (203409 Gflops/s) - 186 (204509 Gflops/s) - 185 (203409 Gflops/s) - 186 (204509 Gflops/s) | Temperatures: 74°C - 69°C - 72°C - 73°C - 70°C - 71°C - 69°C - 70°C | Throttling: None - None - None - None - None - None - None - None
188 (206708 Gflops/s) - 186 (204509 Gflops/s) - 186 (204509 Gflops/s) - 186 (204509 Gflops/s) - 186 (204509 Gflops/s) - 186 (204509 Gflops/s) - 184 (202310 Gflops/s) - 187 (205608 Gflops/s) | Temperatures: 74°C - 69°C - 72°C - 73°C - 70°C - 71°C - 69°C - 70°C | Throttling: None - None - None - None - None - None - None - None
187 (205608 Gflops/s) - 187 (205608 Gflops/s) - 186 (204509 Gflops/s) - 186 (204509 Gflops/s) - 185 (203409 Gflops/s) - 187 (205608 Gflops/s) - 185 (203409 Gflops/s) - 187 (205608 Gflops/s) | Temperatures: 74°C - 69°C - 72°C - 73°C - 70°C - 71°C - 69°C - 70°C | Throttling: None - None - None - None - None - None - None - None
188 (206708 Gflops/s) - 186 (204509 Gflops/s) - 186 (204509 Gflops/s) - 185 (203409 Gflops/s) - 185 (203409 Gflops/s) - 186 (204509 Gflops/s) - 185 (203409 Gflops/s) - 186 (204509 Gflops/s) | Temperatures: 74°C - 69°C - 72°C - 73°C - 70°C - 71°C - 69°C - 70°C | Throttling: None - None - None - None - None - None - None - None
188 (206708 Gflops/s) - 186 (204509 Gflops/s) - 186 (204509 Gflops/s) - 186 (204509 Gflops/s) - 185 (203409 Gflops/s) - 186 (204509 Gflops/s) - 185 (203409 Gflops/s) - 187 (205608 Gflops/s) | Temperatures: 74°C - 69°C - 72°C - 73°C - 70°C - 71°C - 69°C - 70°C | Throttling: None - None - None - None - None - None - None - None
188 (206708 Gflops/s) - 186 (204509 Gflops/s) - 186 (204509 Gflops/s) - 186 (204509 Gflops/s) - 185 (203409 Gflops/s) - 186 (204509 Gflops/s) - 185 (203409 Gflops/s) - 187 (205608 Gflops/s) | Temperatures: 74°C - 69°C - 72°C - 73°C - 70°C - 71°C - 69°C - 70°C | Throttling: None - None - None - None - None - None - None - None
188 (206708 Gflops/s) - 186 (204509 Gflops/s) - 186 (204509 Gflops/s) - 186 (204509 Gflops/s) - 185 (203409 Gflops/s) - 186 (204509 Gflops/s) - 185 (203409 Gflops/s) - 186 (204509 Gflops/s) | Temperatures: 74°C - 69°C - 72°C - 73°C - 70°C - 71°C - 69°C - 70°C | Throttling: None - None - None - None - None - None - None - None
187 (205608 Gflops/s) - 186 (204509 Gflops/s) - 186 (204509 Gflops/s) - 186 (204509 Gflops/s) - 185 (203409 Gflops/s) - 186 (204509 Gflops/s) - 185 (203409 Gflops/s) - 187 (205608 Gflops/s) | Temperatures: 74°C - 69°C - 72°C - 73°C - 70°C - 71°C - 69°C - 70°C | Throttling: None - None - None - None - None - None - None - None
188 (206708 Gflops/s) - 186 (204509 Gflops/s) - 186 (204509 Gflops/s) - 185 (203409 Gflops/s) - 185 (203409 Gflops/s) - 186 (204509 Gflops/s) - 184 (202310 Gflops/s) - 187 (205608 Gflops/s) | Temperatures: 74°C - 69°C - 72°C - 73°C - 70°C - 71°C - 69°C - 70°C | Throttling: None - None - None - None - None - None - None - None
188 (206708 Gflops/s) - 186 (204509 Gflops/s) - 186 (204509 Gflops/s) - 186 (204509 Gflops/s) - 185 (203409 Gflops/s) - 186 (204509 Gflops/s) - 185 (203409 Gflops/s) - 186 (204509 Gflops/s) | Temperatures: 74°C - 69°C - 72°C - 73°C - 70°C - 71°C - 69°C - 70°C | Throttling: None - None - None - None - None - None - None - None
187 (205608 Gflops/s) - 186 (204509 Gflops/s) - 186 (204509 Gflops/s) - 186 (204509 Gflops/s) - 186 (204509 Gflops/s) - 187 (205608 Gflops/s) - 185 (203409 Gflops/s) - 187 (205608 Gflops/s) | Temperatures: 74°C - 69°C - 72°C - 73°C - 70°C - 71°C - 69°C - 70°C | Throttling: None - None - None - None - None - None - None - None
188 (206708 Gflops/s) - 186 (204509 Gflops/s) - 186 (204509 Gflops/s) - 186 (204509 Gflops/s) - 185 (203409 Gflops/s) - 186 (204509 Gflops/s) - 185 (203409 Gflops/s) - 187 (205608 Gflops/s) | Temperatures: 74°C - 69°C - 72°C - 73°C - 70°C - 71°C - 69°C - 70°C | Throttling: None - None - None - None - None - None - None - None
188 (206708 Gflops/s) - 186 (204509 Gflops/s) - 186 (204509 Gflops/s) - 185 (203409 Gflops/s) - 185 (203409 Gflops/s) - 186 (204509 Gflops/s) - 185 (203409 Gflops/s) - 186 (204509 Gflops/s) | Temperatures: 74°C - 69°C - 72°C - 73°C - 70°C - 71°C - 69°C - 70°C | Throttling: None - None - None - None - None - None - None - None
187 (205608 Gflops/s) - 186 (204509 Gflops/s) - 186 (204509 Gflops/s) - 186 (204509 Gflops/s) - 185 (203409 Gflops/s) - 186 (204509 Gflops/s) - 185 (203409 Gflops/s) - 187 (205608 Gflops/s) | Temperatures: 75°C - 69°C - 72°C - 73°C - 70°C - 71°C - 69°C - 70°C | Throttling: None - None - None - None - None - None - None - None
188 (206708 Gflops/s) - 186 (204509 Gflops/s) - 186 (204509 Gflops/s) - 186 (204509 Gflops/s) - 185 (203409 Gflops/s) - 186 (204509 Gflops/s) - 185 (203409 Gflops/s) - 187 (205608 Gflops/s) | Temperatures: 74°C - 69°C - 72°C - 73°C - 70°C - 71°C - 69°C - 70°C | Throttling: None - None - None - None - None - None - None - None
188 (206708 Gflops/s) - 186 (204509 Gflops/s) - 186 (204509 Gflops/s) - 186 (204509 Gflops/s) - 185 (203409 Gflops/s) - 186 (204509 Gflops/s) - 184 (202310 Gflops/s) - 186 (204509 Gflops/s) | Temperatures: 75°C - 69°C - 72°C - 73°C - 70°C - 71°C - 69°C - 70°C | Throttling: None - None - None - None - None - None - None - None
188 (206708 Gflops/s) - 186 (204509 Gflops/s) - 186 (204509 Gflops/s) - 186 (204509 Gflops/s) - 185 (203409 Gflops/s) - 186 (204509 Gflops/s) - 185 (203409 Gflops/s) - 187 (205608 Gflops/s) | Temperatures: 75°C - 69°C - 72°C - 73°C - 70°C - 71°C - 69°C - 70°C | Throttling: None - None - None - None - None - None - None - None
187 (205608 Gflops/s) - 186 (204509 Gflops/s) - 186 (204509 Gflops/s) - 186 (204509 Gflops/s) - 185 (203409 Gflops/s) - 186 (204509 Gflops/s) - 185 (203409 Gflops/s) - 187 (205608 Gflops/s) | Temperatures: 75°C - 69°C - 72°C - 73°C - 70°C - 71°C - 69°C - 70°C | Throttling: None - None - None - None - None - None - None - None
188 (206708 Gflops/s) - 186 (204509 Gflops/s) - 186 (204509 Gflops/s) - 185 (203409 Gflops/s) - 185 (203409 Gflops/s) - 186 (204509 Gflops/s) - 185 (203409 Gflops/s) - 186 (204509 Gflops/s) | Temperatures: 75°C - 69°C - 72°C - 73°C - 70°C - 71°C - 69°C - 70°C | Throttling: None - None - None - None - None - None - None - None
188 (206708 Gflops/s) - 186 (204509 Gflops/s) - 186 (204509 Gflops/s) - 186 (204509 Gflops/s) - 186 (204509 Gflops/s) - 187 (205608 Gflops/s) - 185 (203409 Gflops/s) - 187 (205608 Gflops/s) | Temperatures: 75°C - 69°C - 72°C - 73°C - 70°C - 71°C - 69°C - 70°C | Throttling: None - None - None - None - None - None - None - None
187 (205608 Gflops/s) - 186 (204509 Gflops/s) - 186 (204509 Gflops/s) - 186 (204509 Gflops/s) - 185 (203409 Gflops/s) - 186 (204509 Gflops/s) - 185 (203409 Gflops/s) - 187 (205608 Gflops/s) | Temperatures: 75°C - 69°C - 72°C - 73°C - 70°C - 71°C - 69°C - 70°C | Throttling: None - None - None - None - None - None - None - None
188 (206708 Gflops/s) - 186 (204509 Gflops/s) - 186 (204509 Gflops/s) - 186 (204509 Gflops/s) - 185 (203409 Gflops/s) - 186 (204509 Gflops/s) - 185 (203409 Gflops/s) - 187 (205608 Gflops/s) | Temperatures: 75°C - 69°C - 72°C - 73°C - 70°C - 71°C - 69°C - 70°C | Throttling: None - None - None - None - None - None - None - None
187 (205608 Gflops/s) - 186 (204509 Gflops/s) - 186 (204509 Gflops/s) - 186 (204509 Gflops/s) - 185 (203409 Gflops/s) - 186 (204509 Gflops/s) - 185 (203409 Gflops/s) - 186 (204509 Gflops/s) | Temperatures: 75°C - 69°C - 72°C - 73°C - 70°C - 71°C - 69°C - 70°C | Throttling: None - None - None - None - None - None - None - None
188 (206708 Gflops/s) - 186 (204509 Gflops/s) - 186 (204509 Gflops/s) - 185 (203409 Gflops/s) - 185 (203409 Gflops/s) - 186 (204509 Gflops/s) - 184 (202310 Gflops/s) - 187 (205608 Gflops/s) | Temperatures: 75°C - 69°C - 72°C - 73°C - 70°C - 71°C - 69°C - 70°C | Throttling: None - None - None - None - None - None - None - None
187 (205608 Gflops/s) - 186 (204509 Gflops/s) - 186 (204509 Gflops/s) - 186 (204509 Gflops/s) - 185 (203409 Gflops/s) - 186 (204509 Gflops/s) - 185 (203409 Gflops/s) - 187 (205608 Gflops/s) | Temperatures: 75°C - 69°C - 72°C - 73°C - 70°C - 71°C - 69°C - 70°C | Throttling: None - None - None - None - None - None - None - None
188 (206708 Gflops/s) - 186 (204509 Gflops/s) - 186 (204509 Gflops/s) - 186 (204509 Gflops/s) - 185 (203409 Gflops/s) - 186 (204509 Gflops/s) - 185 (203409 Gflops/s) - 186 (204509 Gflops/s) | Temperatures: 75°C - 69°C - 72°C - 73°C - 70°C - 71°C - 69°C - 70°C | Throttling: None - None - None - None - None - None - None - None
188 (206708 Gflops/s) - 186 (204509 Gflops/s) - 186 (204509 Gflops/s) - 186 (204509 Gflops/s) - 185 (203409 Gflops/s) - 187 (205608 Gflops/s) - 185 (203409 Gflops/s) - 187 (205608 Gflops/s) | Temperatures: 75°C - 69°C - 72°C - 73°C - 70°C - 71°C - 69°C - 70°C | Throttling: None - None - None - None - None - None - None - None
187 (205608 Gflops/s) - 186 (204509 Gflops/s) - 186 (204509 Gflops/s) - 186 (204509 Gflops/s) - 186 (204509 Gflops/s) - 186 (204509 Gflops/s) - 185 (203409 Gflops/s) - 187 (205608 Gflops/s) | Temperatures: 75°C - 69°C - 72°C - 73°C - 70°C - 71°C - 69°C - 70°C | Throttling: None - None - None - None - None - None - None - None
188 (206708 Gflops/s) - 186 (204509 Gflops/s) - 186 (204509 Gflops/s) - 185 (203409 Gflops/s) - 185 (203409 Gflops/s) - 186 (204509 Gflops/s) - 185 (203409 Gflops/s) - 187 (205608 Gflops/s) | Temperatures: 75°C - 69°C - 72°C - 73°C - 70°C - 71°C - 69°C - 70°C | Throttling: None - None - None - None - None - None - None - None
188 (206708 Gflops/s) - 187 (205608 Gflops/s) - 187 (205608 Gflops/s) - 186 (204509 Gflops/s) - 185 (203409 Gflops/s) - 186 (204509 Gflops/s) - 185 (203409 Gflops/s) - 186 (204509 Gflops/s) | Temperatures: 75°C - 69°C - 72°C - 73°C - 70°C - 71°C - 69°C - 70°C | Throttling: None - None - None - None - None - None - None - None
187 (205608 Gflops/s) - 186 (204509 Gflops/s) - 186 (204509 Gflops/s) - 186 (204509 Gflops/s) - 185 (203409 Gflops/s) - 186 (204509 Gflops/s) - 185 (203409 Gflops/s) - 187 (205608 Gflops/s) | Temperatures: 75°C - 69°C - 72°C - 73°C - 70°C - 71°C - 69°C - 70°C | Throttling: None - None - None - None - None - None - None - None
188 (206708 Gflops/s) - 186 (204509 Gflops/s) - 186 (204509 Gflops/s) - 186 (204509 Gflops/s) - 185 (203409 Gflops/s) - 186 (204509 Gflops/s) - 185 (203409 Gflops/s) - 187 (205608 Gflops/s) | Temperatures: 75°C - 69°C - 72°C - 73°C - 70°C - 71°C - 69°C - 70°C | Throttling: None - None - None - None - None - None - None - None
187 (205608 Gflops/s) - 186 (204509 Gflops/s) - 186 (204509 Gflops/s) - 185 (203409 Gflops/s) - 185 (203409 Gflops/s) - 186 (204509 Gflops/s) - 184 (202310 Gflops/s) - 186 (204509 Gflops/s) | Temperatures: 75°C - 69°C - 72°C - 73°C - 70°C - 71°C - 69°C - 70°C | Throttling: None - None - None - None - None - None - None - None
188 (206708 Gflops/s) - 186 (204509 Gflops/s) - 186 (204509 Gflops/s) - 186 (204509 Gflops/s) - 185 (203409 Gflops/s) - 186 (204509 Gflops/s) - 185 (203409 Gflops/s) - 187 (205608 Gflops/s) | Temperatures: 75°C - 69°C - 72°C - 73°C - 70°C - 71°C - 69°C - 70°C | Throttling: None - None - None - None - None - None - None - None
187 (205608 Gflops/s) - 186 (204509 Gflops/s) - 186 (204509 Gflops/s) - 186 (204509 Gflops/s) - 185 (203409 Gflops/s) - 186 (204509 Gflops/s) - 185 (203409 Gflops/s) - 187 (205608 Gflops/s) | Temperatures: 75°C - 69°C - 72°C - 73°C - 70°C - 71°C - 69°C - 70°C | Throttling: None - None - None - None - None - None - None - None
188 (206708 Gflops/s) - 186 (204509 Gflops/s) - 186 (204509 Gflops/s) - 186 (204509 Gflops/s) - 186 (204509 Gflops/s) - 187 (205608 Gflops/s) - 185 (203409 Gflops/s) - 187 (205608 Gflops/s) | Temperatures: 75°C - 69°C - 72°C - 73°C - 70°C - 71°C - 69°C - 70°C | Throttling: None - None - None - None - None - None - None - None
188 (206708 Gflops/s) - 186 (204509 Gflops/s) - 186 (204509 Gflops/s) - 186 (204509 Gflops/s) - 185 (203409 Gflops/s) - 186 (204509 Gflops/s) - 185 (203409 Gflops/s) - 186 (204509 Gflops/s) | Temperatures: 75°C - 69°C - 72°C - 73°C - 70°C - 71°C - 69°C - 70°C | Throttling: None - None - None - None - None - None - None - None
187 (205608 Gflops/s) - 186 (204509 Gflops/s) - 186 (204509 Gflops/s) - 185 (203409 Gflops/s) - 185 (203409 Gflops/s) - 186 (204509 Gflops/s) - 185 (203409 Gflops/s) - 187 (205608 Gflops/s) | Temperatures: 75°C - 69°C - 72°C - 73°C - 70°C - 71°C - 69°C - 70°C | Throttling: None - None - None - None - None - None - None - None
188 (206708 Gflops/s) - 186 (204509 Gflops/s) - 186 (204509 Gflops/s) - 186 (204509 Gflops/s) - 185 (203409 Gflops/s) - 186 (204509 Gflops/s) - 185 (203409 Gflops/s) - 187 (205608 Gflops/s) | Temperatures: 75°C - 69°C - 72°C - 73°C - 70°C - 71°C - 69°C - 70°C | Throttling: None - None - None - None - None - None - None - None
187 (205608 Gflops/s) - 186 (204509 Gflops/s) - 186 (204509 Gflops/s) - 186 (204509 Gflops/s) - 185 (203409 Gflops/s) - 186 (204509 Gflops/s) - 185 (203409 Gflops/s) - 186 (204509 Gflops/s) | Temperatures: 75°C - 69°C - 72°C - 73°C - 70°C - 71°C - 69°C - 70°C | Throttling: None - None - None - None - None - None - None - None
188 (206708 Gflops/s) - 186 (204509 Gflops/s) - 186 (204509 Gflops/s) - 186 (204509 Gflops/s) - 185 (203409 Gflops/s) - 186 (204509 Gflops/s) - 184 (202310 Gflops/s) - 187 (205608 Gflops/s) | Temperatures: 75°C - 69°C - 72°C - 73°C - 70°C - 71°C - 69°C - 70°C | Throttling: None - None - None - None - None - None - None - None
187 (205608 Gflops/s) - 186 (204509 Gflops/s) - 186 (204509 Gflops/s) - 186 (204509 Gflops/s) - 185 (203409 Gflops/s) - 186 (204509 Gflops/s) - 185 (203409 Gflops/s) - 187 (205608 Gflops/s) | Temperatures: 75°C - 69°C - 72°C - 73°C - 70°C - 71°C - 69°C - 70°C | Throttling: None - None - None - None - None - None - None - None
188 (206708 Gflops/s) - 186 (204509 Gflops/s) - 186 (204509 Gflops/s) - 185 (203409 Gflops/s) - 185 (203409 Gflops/s) - 187 (205608 Gflops/s) - 185 (203409 Gflops/s) - 186 (204509 Gflops/s) | Temperatures: 75°C - 69°C - 72°C - 73°C - 70°C - 71°C - 69°C - 70°C | Throttling: None - None - None - None - None - None - None - None
188 (206708 Gflops/s) - 186 (204509 Gflops/s) - 186 (204509 Gflops/s) - 186 (204509 Gflops/s) - 186 (204509 Gflops/s) - 186 (204509 Gflops/s) - 185 (203409 Gflops/s) - 187 (205608 Gflops/s) | Temperatures: 75°C - 69°C - 72°C - 73°C - 70°C - 71°C - 69°C - 70°C | Throttling: None - None - None - None - None - None - None - None
187 (205608 Gflops/s) - 186 (204509 Gflops/s) - 186 (204509 Gflops/s) - 186 (204509 Gflops/s) - 185 (203409 Gflops/s) - 186 (204509 Gflops/s) - 185 (203409 Gflops/s) - 187 (205608 Gflops/s) | Temperatures: 75°C - 69°C - 72°C - 73°C - 70°C - 71°C - 69°C - 70°C | Throttling: None - None - None - None - None - None - None - None
188 (206708 Gflops/s) - 186 (204509 Gflops/s) - 186 (204509 Gflops/s) - 186 (204509 Gflops/s) - 185 (203409 Gflops/s) - 186 (204509 Gflops/s) - 185 (203409 Gflops/s) - 187 (205608 Gflops/s) | Temperatures: 75°C - 69°C - 72°C - 73°C - 70°C - 71°C - 69°C - 70°C | Throttling: None - None - None - None - None - None - None - None
187 (205608 Gflops/s) - 186 (204509 Gflops/s) - 186 (204509 Gflops/s) - 186 (204509 Gflops/s) - 185 (203409 Gflops/s) - 186 (204509 Gflops/s) - 185 (203409 Gflops/s) - 186 (204509 Gflops/s) | Temperatures: 75°C - 69°C - 72°C - 73°C - 70°C - 71°C - 69°C - 70°C | Throttling: None - None - None - None - None - None - None - None
188 (206708 Gflops/s) - 186 (204509 Gflops/s) - 186 (204509 Gflops/s) - 185 (203409 Gflops/s) - 185 (203409 Gflops/s) - 186 (204509 Gflops/s) - 185 (203409 Gflops/s) - 187 (205608 Gflops/s) | Temperatures: 75°C - 69°C - 72°C - 73°C - 70°C - 71°C - 69°C - 70°C | Throttling: None - None - None - None - None - None - None - None
187 (205608 Gflops/s) - 187 (205608 Gflops/s) - 186 (204509 Gflops/s) - 186 (204509 Gflops/s) - 185 (203409 Gflops/s) - 186 (204509 Gflops/s) - 185 (203409 Gflops/s) - 187 (205608 Gflops/s) | Temperatures: 75°C - 69°C - 72°C - 73°C - 70°C - 71°C - 69°C - 70°C | Throttling: None - None - None - None - None - None - None - None
188 (206708 Gflops/s) - 186 (204509 Gflops/s) - 186 (204509 Gflops/s) - 186 (204509 Gflops/s) - 185 (203409 Gflops/s) - 186 (204509 Gflops/s) - 185 (203409 Gflops/s) - 186 (204509 Gflops/s) | Temperatures: 75°C - 69°C - 72°C - 73°C - 70°C - 71°C - 69°C - 70°C | Throttling: None - None - None - None - None - None - None - None
188 (206708 Gflops/s) - 186 (204509 Gflops/s) - 186 (204509 Gflops/s) - 186 (204509 Gflops/s) - 185 (203409 Gflops/s) - 187 (205608 Gflops/s) - 184 (202310 Gflops/s) - 187 (205608 Gflops/s) | Temperatures: 75°C - 69°C - 72°C - 73°C - 70°C - 71°C - 69°C - 70°C | Throttling: None - None - None - None - None - None - None - None
187 (205608 Gflops/s) - 186 (204509 Gflops/s) - 186 (204509 Gflops/s) - 186 (204509 Gflops/s) - 186 (204509 Gflops/s) - 186 (204509 Gflops/s) - 185 (203409 Gflops/s) - 187 (205608 Gflops/s) | Temperatures: 75°C - 69°C - 72°C - 73°C - 70°C - 71°C - 69°C - 70°C | Throttling: None - None - None - None - None - None - None - None
188 (206708 Gflops/s) - 186 (204509 Gflops/s) - 186 (204509 Gflops/s) - 185 (203409 Gflops/s) - 185 (203409 Gflops/s) - 186 (204509 Gflops/s) - 185 (203409 Gflops/s) - 187 (205608 Gflops/s) | Temperatures: 75°C - 69°C - 72°C - 73°C - 70°C - 71°C - 69°C - 70°C | Throttling: None - None - None - None - None - None - None - None
187 (205608 Gflops/s) - 186 (204509 Gflops/s) - 186 (204509 Gflops/s) - 186 (204509 Gflops/s) - 185 (203409 Gflops/s) - 186 (204509 Gflops/s) - 185 (203409 Gflops/s) - 186 (204509 Gflops/s) | Temperatures: 75°C - 69°C - 72°C - 73°C - 70°C - 71°C - 69°C - 70°C | Throttling: None - None - None - None - None - None - None - None
188 (206708 Gflops/s) - 186 (204509 Gflops/s) - 186 (204509 Gflops/s) - 186 (204509 Gflops/s) - 185 (203409 Gflops/s) - 186 (204509 Gflops/s) - 185 (203409 Gflops/s) - 187 (205608 Gflops/s) | Temperatures: 75°C - 69°C - 72°C - 73°C - 70°C - 71°C - 69°C - 70°C | Throttling: None - None - None - None - None - None - None - None
187 (205608 Gflops/s) - 186 (204509 Gflops/s) - 186 (204509 Gflops/s) - 186 (204509 Gflops/s) - 185 (203409 Gflops/s) - 186 (204509 Gflops/s) - 185 (203409 Gflops/s) - 187 (205608 Gflops/s) | Temperatures: 75°C - 69°C - 72°C - 73°C - 70°C - 71°C - 69°C - 70°C | Throttling: None - None - None - None - None - None - None - None
188 (206708 Gflops/s) - 186 (204509 Gflops/s) - 186 (204509 Gflops/s) - 186 (204509 Gflops/s) - 185 (203409 Gflops/s) - 186 (204509 Gflops/s) - 185 (203409 Gflops/s) - 186 (204509 Gflops/s) | Temperatures: 75°C - 69°C - 72°C - 73°C - 70°C - 71°C - 69°C - 70°C | Throttling: None - None - None - None - None - None - None - None
187 (205608 Gflops/s) - 186 (204509 Gflops/s) - 186 (204509 Gflops/s) - 185 (203409 Gflops/s) - 185 (203409 Gflops/s) - 186 (204509 Gflops/s) - 185 (203409 Gflops/s) - 187 (205608 Gflops/s) | Temperatures: 75°C - 69°C - 72°C - 73°C - 70°C - 71°C - 69°C - 70°C | Throttling: None - None - None - None - None - None - None - None
188 (206708 Gflops/s) - 186 (204509 Gflops/s) - 186 (204509 Gflops/s) - 186 (204509 Gflops/s) - 185 (203409 Gflops/s) - 186 (204509 Gflops/s) - 184 (202310 Gflops/s) - 187 (205608 Gflops/s) | Temperatures: 75°C - 69°C - 72°C - 73°C - 70°C - 71°C - 69°C - 70°C | Throttling: None - None - None - None - None - None - None - None
187 (205608 Gflops/s) - 186 (204509 Gflops/s) - 187 (205608 Gflops/s) - 186 (204509 Gflops/s) - 185 (203409 Gflops/s) - 187 (205608 Gflops/s) - 185 (203409 Gflops/s) - 187 (205608 Gflops/s) | Temperatures: 75°C - 69°C - 72°C - 73°C - 70°C - 71°C - 69°C - 70°C | Throttling: None - None - None - None - None - None - None - None
188 (206708 Gflops/s) - 186 (204509 Gflops/s) - 185 (203409 Gflops/s) - 186 (204509 Gflops/s) - 185 (203409 Gflops/s) - 186 (204509 Gflops/s) - 185 (203409 Gflops/s) - 186 (204509 Gflops/s) | Temperatures: 75°C - 69°C - 72°C - 73°C - 70°C - 71°C - 69°C - 70°C | Throttling: None - None - None - None - None - None - None - None
187 (205608 Gflops/s) - 186 (204509 Gflops/s) - 186 (204509 Gflops/s) - 186 (204509 Gflops/s) - 186 (204509 Gflops/s) - 186 (204509 Gflops/s) - 185 (203409 Gflops/s) - 187 (205608 Gflops/s) | Temperatures: 75°C - 69°C - 72°C - 73°C - 70°C - 71°C - 69°C - 70°C | Throttling: None - None - None - None - None - None - None - None
188 (206708 Gflops/s) - 186 (204509 Gflops/s) - 186 (204509 Gflops/s) - 185 (203409 Gflops/s) - 185 (203409 Gflops/s) - 186 (204509 Gflops/s) - 185 (203409 Gflops/s) - 187 (205608 Gflops/s) | Temperatures: 75°C - 69°C - 72°C - 73°C - 70°C - 71°C - 69°C - 70°C | Throttling: None - None - None - None - None - None - None - None
187 (205608 Gflops/s) - 186 (204509 Gflops/s) - 187 (205608 Gflops/s) - 186 (204509 Gflops/s) - 185 (203409 Gflops/s) - 186 (204509 Gflops/s) - 185 (203409 Gflops/s) - 186 (204509 Gflops/s) | Temperatures: 75°C - 69°C - 72°C - 73°C - 70°C - 71°C - 69°C - 70°C | Throttling: None - None - None - None - None - None - None - None
187 (205608 Gflops/s) - 187 (205608 Gflops/s) - 186 (204509 Gflops/s) - 186 (204509 Gflops/s) - 185 (203409 Gflops/s) - 186 (204509 Gflops/s) - 185 (203409 Gflops/s) - 187 (205608 Gflops/s) | Temperatures: 75°C - 69°C - 72°C - 73°C - 70°C - 71°C - 69°C - 70°C | Throttling: None - None - None - None - None - None - None - None
188 (206708 Gflops/s) - 186 (204509 Gflops/s) - 186 (204509 Gflops/s) - 186 (204509 Gflops/s) - 185 (203409 Gflops/s) - 186 (204509 Gflops/s) - 185 (203409 Gflops/s) - 187 (205608 Gflops/s) | Temperatures: 75°C - 69°C - 72°C - 73°C - 70°C - 71°C - 69°C - 70°C | Throttling: None - None - None - None - None - None - None - None
187 (205608 Gflops/s) - 186 (204509 Gflops/s) - 186 (204509 Gflops/s) - 185 (203409 Gflops/s) - 185 (203409 Gflops/s) - 186 (204509 Gflops/s) - 185 (203409 Gflops/s) - 186 (204509 Gflops/s) | Temperatures: 75°C - 69°C - 72°C - 73°C - 70°C - 71°C - 69°C - 70°C | Throttling: None - None - None - None - None - None - None - None
188 (206708 Gflops/s) - 186 (204509 Gflops/s) - 186 (204509 Gflops/s) - 186 (204509 Gflops/s) - 185 (203409 Gflops/s) - 186 (204509 Gflops/s) - 184 (202310 Gflops/s) - 187 (205608 Gflops/s) | Temperatures: 75°C - 69°C - 72°C - 73°C - 70°C - 71°C - 69°C - 70°C | Throttling: None - None - None - None - None - None - None - None
187 (205608 Gflops/s) - 186 (204509 Gflops/s) - 186 (204509 Gflops/s) - 186 (204509 Gflops/s) - 185 (203409 Gflops/s) - 186 (204509 Gflops/s) - 185 (203409 Gflops/s) - 187 (205608 Gflops/s) | Temperatures: 75°C - 69°C - 72°C - 73°C - 70°C - 71°C - 69°C - 70°C | Throttling: None - None - None - None - None - None - None - None
188 (206708 Gflops/s) - 186 (204509 Gflops/s) - 186 (204509 Gflops/s) - 186 (204509 Gflops/s) - 186 (204509 Gflops/s) - 187 (205608 Gflops/s) - 185 (203409 Gflops/s) - 187 (205608 Gflops/s) | Temperatures: 75°C - 69°C - 72°C - 73°C - 70°C - 71°C - 69°C - 70°C | Throttling: None - None - None - None - None - None - None - None
187 (205608 Gflops/s) - 186 (204509 Gflops/s) - 186 (204509 Gflops/s) - 186 (204509 Gflops/s) - 185 (203409 Gflops/s) - 186 (204509 Gflops/s) - 185 (203409 Gflops/s) - 186 (204509 Gflops/s) | Temperatures: 75°C - 69°C - 72°C - 73°C - 70°C - 71°C - 69°C - 70°C | Throttling: None - None - None - None - None - None - None - None
188 (206708 Gflops/s) - 186 (204509 Gflops/s) - 186 (204509 Gflops/s) - 185 (203409 Gflops/s) - 185 (203409 Gflops/s) - 186 (204509 Gflops/s) - 185 (203409 Gflops/s) - 187 (205608 Gflops/s) | Temperatures: 75°C - 69°C - 72°C - 73°C - 70°C - 71°C - 69°C - 70°C | Throttling: None - None - None - None - None - None - None - None
187 (205608 Gflops/s) - 186 (204509 Gflops/s) - 186 (204509 Gflops/s) - 186 (204509 Gflops/s) - 185 (203409 Gflops/s) - 186 (204509 Gflops/s) - 185 (203409 Gflops/s) - 187 (205608 Gflops/s) | Temperatures: 75°C - 69°C - 72°C - 73°C - 70°C - 71°C - 69°C - 70°C | Throttling: None - None - None - None - None - None - None - None
187 (205608 Gflops/s) - 186 (204509 Gflops/s) - 186 (204509 Gflops/s) - 186 (204509 Gflops/s) - 185 (203409 Gflops/s) - 186 (204509 Gflops/s) - 185 (203409 Gflops/s) - 187 (205608 Gflops/s) | Temperatures: 75°C - 69°C - 72°C - 73°C - 70°C - 71°C - 69°C - 70°C | Throttling: None - None - None - None - None - None - None - None
188 (206708 Gflops/s) - 186 (204509 Gflops/s) - 186 (204509 Gflops/s) - 186 (204509 Gflops/s) - 185 (203409 Gflops/s) - 186 (204509 Gflops/s) - 185 (203409 Gflops/s) - 186 (204509 Gflops/s) | Temperatures: 75°C - 69°C - 72°C - 73°C - 70°C - 71°C - 69°C - 70°C | Throttling: None - None - None - None - None - None - None - None
187 (205608 Gflops/s) - 186 (204509 Gflops/s) - 186 (204509 Gflops/s) - 185 (203409 Gflops/s) - 185 (203409 Gflops/s) - 186 (204509 Gflops/s) - 185 (203409 Gflops/s) - 187 (205608 Gflops/s) | Temperatures: 75°C - 69°C - 72°C - 73°C - 70°C - 71°C - 69°C - 70°C | Throttling: None - None - None - None - None - None - None - None
188 (206708 Gflops/s) - 186 (204509 Gflops/s) - 186 (204509 Gflops/s) - 186 (204509 Gflops/s) - 186 (204509 Gflops/s) - 186 (204509 Gflops/s) - 184 (202310 Gflops/s) - 187 (205608 Gflops/s) | Temperatures: 75°C - 69°C - 72°C - 73°C - 70°C - 71°C - 69°C - 70°C | Throttling: None - None - None - None - None - None - None - None
187 (205608 Gflops/s) - 186 (204509 Gflops/s) - 186 (204509 Gflops/s) - 186 (204509 Gflops/s) - 185 (203409 Gflops/s) - 186 (204509 Gflops/s) - 185 (203409 Gflops/s) - 187 (205608 Gflops/s) | Temperatures: 75°C - 69°C - 72°C - 73°C - 70°C - 71°C - 69°C - 70°C | Throttling: None - None - None - None - None - None - None - None
188 (206708 Gflops/s) - 187 (205608 Gflops/s) - 186 (204509 Gflops/s) - 186 (204509 Gflops/s) - 185 (203409 Gflops/s) - 187 (205608 Gflops/s) - 185 (203409 Gflops/s) - 186 (204509 Gflops/s) | Temperatures: 75°C - 69°C - 72°C - 73°C - 70°C - 71°C - 69°C - 70°C | Throttling: None - None - None - None - None - None - None - None
187 (205608 Gflops/s) - 186 (204509 Gflops/s) - 186 (204509 Gflops/s) - 185 (203409 Gflops/s) - 185 (203409 Gflops/s) - 186 (204509 Gflops/s) - 185 (203409 Gflops/s) - 187 (205608 Gflops/s) | Temperatures: 75°C - 69°C - 72°C - 73°C - 70°C - 71°C - 69°C - 70°C | Throttling: None - None - None - None - None - None - None - None
187 (205608 Gflops/s) - 186 (204509 Gflops/s) - 186 (204509 Gflops/s) - 186 (204509 Gflops/s) - 185 (203409 Gflops/s) - 186 (204509 Gflops/s) - 185 (203409 Gflops/s) - 186 (204509 Gflops/s) | Temperatures: 75°C - 69°C - 72°C - 73°C - 70°C - 71°C - 69°C - 70°C | Throttling: None - None - None - None - None - None - None - None
188 (206708 Gflops/s) - 186 (204509 Gflops/s) - 186 (204509 Gflops/s) - 186 (204509 Gflops/s) - 185 (203409 Gflops/s) - 186 (204509 Gflops/s) - 185 (203409 Gflops/s) - 187 (205608 Gflops/s) | Temperatures: 75°C - 69°C - 72°C - 73°C - 70°C - 71°C - 69°C - 70°C | Throttling: None - None - None - None - None - None - None - None
187 (205608 Gflops/s) - 186 (204509 Gflops/s) - 186 (204509 Gflops/s) - 186 (204509 Gflops/s) - 185 (203409 Gflops/s) - 186 (204509 Gflops/s) - 185 (203409 Gflops/s) - 187 (205608 Gflops/s) | Temperatures: 75°C - 69°C - 72°C - 73°C - 70°C - 71°C - 69°C - 70°C | Throttling: None - None - None - None - None - None - None - None
187 (205608 Gflops/s) - 186 (204509 Gflops/s) - 186 (204509 Gflops/s) - 186 (204509 Gflops/s) - 185 (203409 Gflops/s) - 186 (204509 Gflops/s) - 185 (203409 Gflops/s) - 187 (205608 Gflops/s) | Temperatures: 75°C - 69°C - 72°C - 73°C - 70°C - 71°C - 69°C - 70°C | Throttling: None - None - None - None - None - None - None - None
188 (206708 Gflops/s) - 186 (204509 Gflops/s) - 186 (204509 Gflops/s) - 185 (203409 Gflops/s) - 185 (203409 Gflops/s) - 186 (204509 Gflops/s) - 184 (202310 Gflops/s) - 186 (204509 Gflops/s) | Temperatures: 75°C - 69°C - 72°C - 73°C - 70°C - 71°C - 69°C - 70°C | Throttling: None - None - None - None - None - None - None - None
187 (205608 Gflops/s) - 186 (204509 Gflops/s) - 186 (204509 Gflops/s) - 186 (204509 Gflops/s) - 186 (204509 Gflops/s) - 186 (204509 Gflops/s) - 185 (203409 Gflops/s) - 187 (205608 Gflops/s) | Temperatures: 75°C - 69°C - 72°C - 73°C - 70°C - 71°C - 69°C - 70°C | Throttling: None - None - None - None - None - None - None - None
187 (205608 Gflops/s) - 186 (204509 Gflops/s) - 186 (204509 Gflops/s) - 186 (204509 Gflops/s) - 185 (203409 Gflops/s) - 186 (204509 Gflops/s) - 185 (203409 Gflops/s) - 187 (205608 Gflops/s) | Temperatures: 75°C - 69°C - 72°C - 73°C - 70°C - 71°C - 69°C - 70°C | Throttling: None - None - None - None - None - None - None - None
188 (206708 Gflops/s) - 186 (204509 Gflops/s) - 186 (204509 Gflops/s) - 185 (203409 Gflops/s) - 185 (203409 Gflops/s) - 186 (204509 Gflops/s) - 185 (203409 Gflops/s) - 187 (205608 Gflops/s) | Temperatures: 75°C - 69°C - 72°C - 73°C - 70°C - 71°C - 69°C - 70°C | Throttling: None - None - None - None - None - None - None - None
187 (205608 Gflops/s) - 186 (204509 Gflops/s) - 186 (204509 Gflops/s) - 186 (204509 Gflops/s) - 185 (203409 Gflops/s) - 186 (204509 Gflops/s) - 185 (203409 Gflops/s) - 186 (204509 Gflops/s) | Temperatures: 75°C - 69°C - 72°C - 73°C - 70°C - 71°C - 69°C - 70°C | Throttling: None - None - None - None - None - None - None - None
188 (206708 Gflops/s) - 186 (204509 Gflops/s) - 186 (204509 Gflops/s) - 186 (204509 Gflops/s) - 185 (203409 Gflops/s) - 186 (204509 Gflops/s) - 185 (203409 Gflops/s) - 187 (205608 Gflops/s) | Temperatures: 75°C - 69°C - 72°C - 73°C - 70°C - 71°C - 69°C - 70°C | Throttling: None - None - None - None - None - None - None - None
187 (205608 Gflops/s) - 186 (204509 Gflops/s) - 186 (204509 Gflops/s) - 186 (204509 Gflops/s) - 185 (203409 Gflops/s) - 186 (204509 Gflops/s) - 185 (203409 Gflops/s) - 187 (205608 Gflops/s) | Temperatures: 75°C - 69°C - 72°C - 73°C - 70°C - 71°C - 69°C - 70°C | Throttling: None - None - None - None - None - None - None - None
187 (205608 Gflops/s) - 186 (204509 Gflops/s) - 186 (204509 Gflops/s) - 185 (203409 Gflops/s) - 185 (203409 Gflops/s) - 186 (204509 Gflops/s) - 184 (202310 Gflops/s) - 187 (205608 Gflops/s) | Temperatures: 75°C - 69°C - 72°C - 73°C - 70°C - 71°C - 69°C - 70°C | Throttling: None - None - None - None - None - None - None - None
188 (206708 Gflops/s) - 187 (205608 Gflops/s) - 186 (204509 Gflops/s) - 186 (204509 Gflops/s) - 185 (203409 Gflops/s) - 187 (205608 Gflops/s) - 185 (203409 Gflops/s) - 186 (204509 Gflops/s) | Temperatures: 75°C - 69°C - 72°C - 73°C - 70°C - 71°C - 69°C - 70°C | Throttling: None - None - None - None - None - None - None - None
187 (205608 Gflops/s) - 186 (204509 Gflops/s) - 186 (204509 Gflops/s) - 186 (204509 Gflops/s) - 186 (204509 Gflops/s) - 186 (204509 Gflops/s) - 185 (203409 Gflops/s) - 187 (205608 Gflops/s) | Temperatures: 75°C - 69°C - 72°C - 73°C - 70°C - 71°C - 70°C - 70°C | Throttling: None - None - None - None - None - None - None - None
187 (205608 Gflops/s) - 186 (204509 Gflops/s) - 186 (204509 Gflops/s) - 186 (204509 Gflops/s) - 185 (203409 Gflops/s) - 186 (204509 Gflops/s) - 185 (203409 Gflops/s) - 187 (205608 Gflops/s) | Temperatures: 75°C - 69°C - 72°C - 73°C - 70°C - 71°C - 69°C - 70°C | Throttling: None - None - None - None - None - None - None - None
188 (206708 Gflops/s) - 186 (204509 Gflops/s) - 186 (204509 Gflops/s) - 185 (203409 Gflops/s) - 185 (203409 Gflops/s) - 186 (204509 Gflops/s) - 185 (203409 Gflops/s) - 187 (205608 Gflops/s) | Temperatures: 75°C - 69°C - 72°C - 73°C - 70°C - 71°C - 69°C - 70°C | Throttling: None - None - None - None - None - None - None - None
187 (205608 Gflops/s) - 186 (204509 Gflops/s) - 187 (205608 Gflops/s) - 186 (204509 Gflops/s) - 185 (203409 Gflops/s) - 186 (204509 Gflops/s) - 185 (203409 Gflops/s) - 186 (204509 Gflops/s) | Temperatures: 75°C - 69°C - 72°C - 73°C - 70°C - 71°C - 69°C - 70°C | Throttling: None - None - None - None - None - None - None - None
187 (205608 Gflops/s) - 186 (204509 Gflops/s) - 186 (204509 Gflops/s) - 186 (204509 Gflops/s) - 185 (203409 Gflops/s) - 186 (204509 Gflops/s) - 185 (203409 Gflops/s) - 187 (205608 Gflops/s) | Temperatures: 75°C - 69°C - 72°C - 73°C - 70°C - 71°C - 69°C - 70°C | Throttling: None - None - None - None - None - None - None - None
188 (206708 Gflops/s) - 186 (204509 Gflops/s) - 186 (204509 Gflops/s) - 185 (203409 Gflops/s) - 185 (203409 Gflops/s) - 186 (204509 Gflops/s) - 184 (202310 Gflops/s) - 187 (205608 Gflops/s) | Temperatures: 75°C - 69°C - 72°C - 73°C - 70°C - 71°C - 69°C - 70°C | Throttling: None - None - None - None - None - None - None - None
187 (205608 Gflops/s) - 186 (204509 Gflops/s) - 186 (204509 Gflops/s) - 186 (204509 Gflops/s) - 185 (203409 Gflops/s) - 186 (204509 Gflops/s) - 185 (203409 Gflops/s) - 186 (204509 Gflops/s) | Temperatures: 75°C - 69°C - 72°C - 73°C - 70°C - 71°C - 69°C - 70°C | Throttling: None - None - None - None - None - None - None - None
187 (205608 Gflops/s) - 186 (204509 Gflops/s) - 186 (204509 Gflops/s) - 186 (204509 Gflops/s) - 185 (203409 Gflops/s) - 186 (204509 Gflops/s) - 185 (203409 Gflops/s) - 187 (205608 Gflops/s) | Temperatures: 75°C - 69°C - 72°C - 73°C - 70°C - 71°C - 69°C - 70°C | Throttling: None - None - None - None - None - None - None - None
187 (205608 Gflops/s) - 186 (204509 Gflops/s) - 185 (203409 Gflops/s) - 185 (203409 Gflops/s) - 185 (203409 Gflops/s) - 186 (204509 Gflops/s) - 185 (203409 Gflops/s) - 187 (205608 Gflops/s) | Temperatures: 75°C - 69°C - 72°C - 73°C - 70°C - 71°C - 69°C - 70°C | Throttling: None - None - None - None - None - None - None - None
188 (206708 Gflops/s) - 186 (204509 Gflops/s) - 187 (205608 Gflops/s) - 186 (204509 Gflops/s) - 186 (204509 Gflops/s) - 186 (204509 Gflops/s) - 185 (203409 Gflops/s) - 187 (205608 Gflops/s) | Temperatures: 75°C - 69°C - 72°C - 73°C - 70°C - 71°C - 69°C - 70°C | Throttling: None - None - None - None - None - None - None - None
187 (205608 Gflops/s) - 186 (204509 Gflops/s) - 185 (203409 Gflops/s) - 186 (204509 Gflops/s) - 185 (203409 Gflops/s) - 186 (204509 Gflops/s) - 184 (202310 Gflops/s) - 186 (204509 Gflops/s) | Temperatures: 75°C - 69°C - 72°C - 73°C - 70°C - 71°C - 69°C - 70°C | Throttling: None - None - None - None - None - None - None - None
187 (205608 Gflops/s) - 186 (204509 Gflops/s) - 186 (204509 Gflops/s) - 185 (203409 Gflops/s) - 185 (203409 Gflops/s) - 186 (204509 Gflops/s) - 185 (203409 Gflops/s) - 187 (205608 Gflops/s) | Temperatures: 75°C - 69°C - 72°C - 73°C - 70°C - 71°C - 69°C - 70°C | Throttling: None - None - None - None - None - None - None - None
187 (205608 Gflops/s) - 186 (204509 Gflops/s) - 186 (204509 Gflops/s) - 186 (204509 Gflops/s) - 185 (203409 Gflops/s) - 186 (204509 Gflops/s) - 185 (203409 Gflops/s) - 187 (205608 Gflops/s) | Temperatures: 75°C - 69°C - 72°C - 73°C - 70°C - 71°C - 69°C - 70°C | Throttling: None - None - None - None - None - None - None - None
188 (206708 Gflops/s) - 186 (204509 Gflops/s) - 186 (204509 Gflops/s) - 186 (204509 Gflops/s) - 185 (203409 Gflops/s) - 186 (204509 Gflops/s) - 185 (203409 Gflops/s) - 186 (204509 Gflops/s) | Temperatures: 75°C - 69°C - 72°C - 73°C - 70°C - 71°C - 69°C - 70°C | Throttling: None - None - None - None - None - None - None - None
187 (205608 Gflops/s) - 186 (204509 Gflops/s) - 187 (205608 Gflops/s) - 186 (204509 Gflops/s) - 185 (203409 Gflops/s) - 186 (204509 Gflops/s) - 185 (203409 Gflops/s) - 187 (205608 Gflops/s) | Temperatures: 75°C - 69°C - 72°C - 73°C - 70°C - 71°C - 69°C - 70°C | Throttling: None - None - None - None - None - None - None - None
187 (205608 Gflops/s) - 186 (204509 Gflops/s) - 186 (204509 Gflops/s) - 185 (203409 Gflops/s) - 185 (203409 Gflops/s) - 186 (204509 Gflops/s) - 185 (203409 Gflops/s) - 187 (205608 Gflops/s) | Temperatures: 75°C - 69°C - 72°C - 73°C - 70°C - 71°C - 69°C - 70°C | Throttling: None - None - None - None - None - None - None - None
188 (206708 Gflops/s) - 186 (204509 Gflops/s) - 186 (204509 Gflops/s) - 186 (204509 Gflops/s) - 185 (203409 Gflops/s) - 186 (204509 Gflops/s) - 185 (203409 Gflops/s) - 186 (204509 Gflops/s) | Temperatures: 75°C - 69°C - 72°C - 73°C - 70°C - 71°C - 69°C - 70°C | Throttling: None - None - None - None - None - None - None - None
187 (205608 Gflops/s) - 186 (204509 Gflops/s) - 186 (204509 Gflops/s) - 185 (203409 Gflops/s) - 185 (203409 Gflops/s) - 186 (204509 Gflops/s) - 184 (202310 Gflops/s) - 187 (205608 Gflops/s) | Temperatures: 75°C - 69°C - 72°C - 73°C - 70°C - 71°C - 69°C - 70°C | Throttling: None - None - None - None - None - None - None - None
187 (205608 Gflops/s) - 186 (204509 Gflops/s) - 186 (204509 Gflops/s) - 186 (204509 Gflops/s) - 185 (203409 Gflops/s) - 186 (204509 Gflops/s) - 185 (203409 Gflops/s) - 187 (205608 Gflops/s) | Temperatures: 76°C - 69°C - 72°C - 73°C - 70°C - 71°C - 69°C - 70°C | Throttling: None - None - None - None - None - None - None - None
187 (205608 Gflops/s) - 187 (205608 Gflops/s) - 186 (204509 Gflops/s) - 186 (204509 Gflops/s) - 185 (203409 Gflops/s) - 186 (204509 Gflops/s) - 185 (203409 Gflops/s) - 187 (205608 Gflops/s) | Temperatures: 76°C - 69°C - 72°C - 73°C - 70°C - 71°C - 69°C - 70°C | Throttling: None - None - None - None - None - None - None - None
188 (206708 Gflops/s) - 186 (204509 Gflops/s) - 186 (204509 Gflops/s) - 185 (203409 Gflops/s) - 185 (203409 Gflops/s) - 186 (204509 Gflops/s) - 185 (203409 Gflops/s) - 186 (204509 Gflops/s) | Temperatures: 75°C - 69°C - 72°C - 73°C - 70°C - 71°C - 69°C - 70°C | Throttling: None - None - None - None - None - None - None - None
187 (205608 Gflops/s) - 186 (204509 Gflops/s) - 186 (204509 Gflops/s) - 186 (204509 Gflops/s) - 185 (203409 Gflops/s) - 186 (204509 Gflops/s) - 185 (203409 Gflops/s) - 187 (205608 Gflops/s) | Temperatures: 76°C - 69°C - 73°C - 73°C - 70°C - 71°C - 70°C - 70°C | Throttling: None - None - None - None - None - None - None - None
187 (205608 Gflops/s) - 186 (204509 Gflops/s) - 186 (204509 Gflops/s) - 186 (204509 Gflops/s) - 185 (203409 Gflops/s) - 186 (204509 Gflops/s) - 185 (203409 Gflops/s) - 187 (205608 Gflops/s) | Temperatures: 76°C - 69°C - 72°C - 73°C - 70°C - 71°C - 69°C - 70°C | Throttling: None - None - None - None - None - None - None - None
187 (205608 Gflops/s) - 186 (204509 Gflops/s) - 186 (204509 Gflops/s) - 185 (203409 Gflops/s) - 185 (203409 Gflops/s) - 186 (204509 Gflops/s) - 185 (203409 Gflops/s) - 186 (204509 Gflops/s) | Temperatures: 76°C - 69°C - 73°C - 73°C - 70°C - 71°C - 69°C - 70°C | Throttling: None - None - None - None - None - None - None - None
188 (206708 Gflops/s) - 186 (204509 Gflops/s) - 186 (204509 Gflops/s) - 186 (204509 Gflops/s) - 185 (203409 Gflops/s) - 186 (204509 Gflops/s) - 184 (202310 Gflops/s) - 187 (205608 Gflops/s) | Temperatures: 76°C - 69°C - 73°C - 73°C - 70°C - 71°C - 70°C - 70°C | Throttling: None - None - None - None - None - None - None - None
187 (205608 Gflops/s) - 186 (204509 Gflops/s) - 186 (204509 Gflops/s) - 186 (204509 Gflops/s) - 185 (203409 Gflops/s) - 186 (204509 Gflops/s) - 185 (203409 Gflops/s) - 187 (205608 Gflops/s) | Temperatures: 76°C - 69°C - 72°C - 73°C - 70°C - 71°C - 70°C - 70°C | Throttling: None - None - None - None - None - None - None - None
187 (205608 Gflops/s) - 186 (204509 Gflops/s) - 185 (203409 Gflops/s) - 185 (203409 Gflops/s) - 185 (203409 Gflops/s) - 186 (204509 Gflops/s) - 185 (203409 Gflops/s) - 186 (204509 Gflops/s) | Temperatures: 76°C - 69°C - 73°C - 73°C - 70°C - 71°C - 70°C - 70°C | Throttling: None - None - None - None - None - None - None - None
187 (205608 Gflops/s) - 186 (204509 Gflops/s) - 186 (204509 Gflops/s) - 186 (204509 Gflops/s) - 186 (204509 Gflops/s) - 186 (204509 Gflops/s) - 185 (203409 Gflops/s) - 187 (205608 Gflops/s) | Temperatures: 76°C - 69°C - 73°C - 73°C - 70°C - 71°C - 70°C - 70°C | Throttling: None - None - None - None - None - None - None - None
188 (206708 Gflops/s) - 148 (162727 Gflops/s) - 170 (186916 Gflops/s) - 185 (203409 Gflops/s) - 147 (161628 Gflops/s) - 171 (188016 Gflops/s) - 185 (203409 Gflops/s) - 187 (205608 Gflops/s) | Temperatures: 76°C - 69°C - 73°C - 73°C - 70°C - 72°C - 70°C - 70°C | Throttling: None - None - None - None - None - None - None - None
GPU #0: 206622 Gflops/s (min: 205608.67, max: 213305.26, dev: 1480.72)
         Temperature: 73.84°C (min: 54.00, max: 76.00)
         Throttling HW: false, Thermal SW: false, Thermal HW: false
GPU #1: 204382 Gflops/s (min: 162727.72, max: 210006.72, dev: 2697.88)
         Temperature: 69.29°C (min: 53.00, max: 73.00)
         Throttling HW: false, Thermal SW: false, Thermal HW: false
GPU #2: 204580 Gflops/s (min: 186916.98, max: 210006.72, dev: 1475.95)
         Temperature: 72.17°C (min: 54.00, max: 75.00)
         Throttling HW: false, Thermal SW: false, Thermal HW: false
GPU #3: 204390 Gflops/s (min: 203409.65, max: 210006.72, dev: 1140.86)
         Temperature: 72.68°C (min: 55.00, max: 76.00)
         Throttling HW: false, Thermal SW: false, Thermal HW: false
GPU #4: 203335 Gflops/s (min: 161628.21, max: 207807.70, dev: 2652.20)
         Temperature: 70.26°C (min: 54.00, max: 73.00)
         Throttling HW: false, Thermal SW: false, Thermal HW: false
GPU #5: 204662 Gflops/s (min: 188016.49, max: 208907.21, dev: 1340.96)
         Temperature: 71.06°C (min: 54.00, max: 74.00)
         Throttling HW: false, Thermal SW: false, Thermal HW: false
GPU #6: 203294 Gflops/s (min: 202310.14, max: 207807.70, dev: 1049.26)
         Temperature: 69.54°C (min: 53.00, max: 73.00)
         Throttling HW: false, Thermal SW: false, Thermal HW: false
GPU #7: 205229 Gflops/s (min: 203409.65, max: 210006.72, dev: 1082.04)
         Temperature: 70.24°C (min: 53.00, max: 73.00)
         Throttling HW: false, Thermal SW: false, Thermal HW: false
All GPUs seem healthy
Freeing GPUs...
======== Run with bf16 ==========
Detected GPU #0: "NVIDIA RTX PRO 6000 Blackwell Server Edition" (0015de39-1f78-c83d-a857-2f65d3eb7194)
Detected GPU #1: "NVIDIA RTX PRO 6000 Blackwell Server Edition" (304cf9b4-e02a-e053-1ff4-be7e1ec9ab5d)
Detected GPU #2: "NVIDIA RTX PRO 6000 Blackwell Server Edition" (28c7075c-716d-81b2-10a6-586c6c26894a)
Detected GPU #3: "NVIDIA RTX PRO 6000 Blackwell Server Edition" (54abe1b9-3177-e072-874f-c20d7f3deab0)
Detected GPU #4: "NVIDIA RTX PRO 6000 Blackwell Server Edition" (df98d29c-b3cc-612f-02d5-2c4ff01406ee)
Detected GPU #5: "NVIDIA RTX PRO 6000 Blackwell Server Edition" (939c4c50-1e02-853c-f5c5-2d89dcf39adf)
Detected GPU #6: "NVIDIA RTX PRO 6000 Blackwell Server Edition" (7ed15820-946a-e8f5-477e-9eecfc8d5d72)
Detected GPU #7: "NVIDIA RTX PRO 6000 Blackwell Server Edition" (699c21c9-2887-3937-c73a-cb0ba57c8f35)
Using precision(s):  BF16 
GPU #0: Using 87018 MB
GPU #1: Using 87018 MB
GPU #2: Using 87018 MB
GPU #3: Using 87018 MB
GPU #4: Using 87018 MB
GPU #5: Using 87018 MB
GPU #6: Using 87018 MB
GPU #7: Using 87018 MB
Creating random matrices
Matrices created
1366 (1501932 Gflops/s) - 1333 (1465648 Gflops/s) - 1274 (1400777 Gflops/s) - 1303 (1432663 Gflops/s) - 1254 (1378787 Gflops/s) - 1244 (1367792 Gflops/s) - 1266 (1391981 Gflops/s) - 1275 (1401877 Gflops/s) | Temperatures: 71°C - 65°C - 67°C - 69°C - 65°C - 67°C - 65°C - 66°C | Throttling: None - None - None - None - None - None - None - None
387 (425510 Gflops/s) - 384 (422212 Gflops/s) - 384 (422212 Gflops/s) - 383 (421112 Gflops/s) - 381 (418913 Gflops/s) - 384 (422212 Gflops/s) - 381 (418913 Gflops/s) - 385 (423311 Gflops/s) | Temperatures: 72°C - 65°C - 68°C - 70°C - 66°C - 68°C - 66°C - 67°C | Throttling: None - None - None - None - None - None - None - None
386 (424411 Gflops/s) - 384 (422212 Gflops/s) - 385 (423311 Gflops/s) - 382 (420013 Gflops/s) - 382 (420013 Gflops/s) - 383 (421112 Gflops/s) - 381 (418913 Gflops/s) - 384 (422212 Gflops/s) | Temperatures: 72°C - 66°C - 69°C - 70°C - 66°C - 68°C - 66°C - 67°C | Throttling: None - None - None - None - None - None - None - None
387 (425510 Gflops/s) - 383 (421112 Gflops/s) - 383 (421112 Gflops/s) - 382 (420013 Gflops/s) - 381 (418913 Gflops/s) - 384 (422212 Gflops/s) - 381 (418913 Gflops/s) - 384 (422212 Gflops/s) | Temperatures: 73°C - 66°C - 69°C - 71°C - 67°C - 69°C - 66°C - 67°C | Throttling: None - None - None - None - None - None - None - None
386 (424411 Gflops/s) - 383 (421112 Gflops/s) - 384 (422212 Gflops/s) - 382 (420013 Gflops/s) - 381 (418913 Gflops/s) - 383 (421112 Gflops/s) - 381 (418913 Gflops/s) - 384 (422212 Gflops/s) | Temperatures: 73°C - 66°C - 70°C - 71°C - 67°C - 69°C - 67°C - 68°C | Throttling: None - None - None - None - None - None - None - None
386 (424411 Gflops/s) - 383 (421112 Gflops/s) - 383 (421112 Gflops/s) - 382 (420013 Gflops/s) - 381 (418913 Gflops/s) - 383 (421112 Gflops/s) - 380 (417814 Gflops/s) - 384 (422212 Gflops/s) | Temperatures: 73°C - 67°C - 70°C - 71°C - 67°C - 69°C - 67°C - 68°C | Throttling: None - None - None - None - None - None - None - None
386 (424411 Gflops/s) - 383 (421112 Gflops/s) - 384 (422212 Gflops/s) - 382 (420013 Gflops/s) - 381 (418913 Gflops/s) - 383 (421112 Gflops/s) - 381 (418913 Gflops/s) - 384 (422212 Gflops/s) | Temperatures: 74°C - 67°C - 70°C - 71°C - 68°C - 69°C - 67°C - 68°C | Throttling: None - None - None - None - None - None - None - None
385 (423311 Gflops/s) - 383 (421112 Gflops/s) - 383 (421112 Gflops/s) - 381 (418913 Gflops/s) - 380 (417814 Gflops/s) - 384 (422212 Gflops/s) - 381 (418913 Gflops/s) - 383 (421112 Gflops/s) | Temperatures: 74°C - 67°C - 70°C - 72°C - 68°C - 69°C - 67°C - 68°C | Throttling: None - None - None - None - None - None - None - None
386 (424411 Gflops/s) - 382 (420013 Gflops/s) - 383 (421112 Gflops/s) - 382 (420013 Gflops/s) - 381 (418913 Gflops/s) - 383 (421112 Gflops/s) - 380 (417814 Gflops/s) - 384 (422212 Gflops/s) | Temperatures: 74°C - 67°C - 71°C - 72°C - 68°C - 70°C - 68°C - 69°C | Throttling: None - None - None - None - None - None - None - None
385 (423311 Gflops/s) - 383 (421112 Gflops/s) - 384 (422212 Gflops/s) - 381 (418913 Gflops/s) - 380 (417814 Gflops/s) - 383 (421112 Gflops/s) - 381 (418913 Gflops/s) - 383 (421112 Gflops/s) | Temperatures: 74°C - 68°C - 71°C - 72°C - 68°C - 70°C - 68°C - 69°C | Throttling: None - None - None - None - None - None - None - None
386 (424411 Gflops/s) - 383 (421112 Gflops/s) - 383 (421112 Gflops/s) - 382 (420013 Gflops/s) - 381 (418913 Gflops/s) - 383 (421112 Gflops/s) - 380 (417814 Gflops/s) - 383 (421112 Gflops/s) | Temperatures: 74°C - 68°C - 71°C - 72°C - 68°C - 70°C - 68°C - 69°C | Throttling: None - None - None - None - None - None - None - None
385 (423311 Gflops/s) - 382 (420013 Gflops/s) - 382 (420013 Gflops/s) - 381 (418913 Gflops/s) - 380 (417814 Gflops/s) - 382 (420013 Gflops/s) - 380 (417814 Gflops/s) - 383 (421112 Gflops/s) | Temperatures: 75°C - 68°C - 71°C - 72°C - 68°C - 70°C - 68°C - 69°C | Throttling: None - None - None - None - None - None - None - None
385 (423311 Gflops/s) - 382 (420013 Gflops/s) - 383 (421112 Gflops/s) - 381 (418913 Gflops/s) - 380 (417814 Gflops/s) - 383 (421112 Gflops/s) - 381 (418913 Gflops/s) - 384 (422212 Gflops/s) | Temperatures: 75°C - 68°C - 71°C - 72°C - 69°C - 70°C - 68°C - 69°C | Throttling: None - None - None - None - None - None - None - None
385 (423311 Gflops/s) - 383 (421112 Gflops/s) - 383 (421112 Gflops/s) - 381 (418913 Gflops/s) - 381 (418913 Gflops/s) - 383 (421112 Gflops/s) - 380 (417814 Gflops/s) - 383 (421112 Gflops/s) | Temperatures: 75°C - 68°C - 72°C - 73°C - 69°C - 70°C - 69°C - 69°C | Throttling: None - None - None - None - None - None - None - None
386 (424411 Gflops/s) - 382 (420013 Gflops/s) - 383 (421112 Gflops/s) - 381 (418913 Gflops/s) - 380 (417814 Gflops/s) - 382 (420013 Gflops/s) - 380 (417814 Gflops/s) - 383 (421112 Gflops/s) | Temperatures: 75°C - 68°C - 72°C - 73°C - 69°C - 71°C - 69°C - 69°C | Throttling: None - None - None - None - None - None - None - None
385 (423311 Gflops/s) - 382 (420013 Gflops/s) - 382 (420013 Gflops/s) - 381 (418913 Gflops/s) - 380 (417814 Gflops/s) - 383 (421112 Gflops/s) - 380 (417814 Gflops/s) - 382 (420013 Gflops/s) | Temperatures: 75°C - 68°C - 72°C - 73°C - 69°C - 71°C - 69°C - 70°C | Throttling: None - None - None - None - None - None - None - None
384 (422212 Gflops/s) - 382 (420013 Gflops/s) - 383 (421112 Gflops/s) - 381 (418913 Gflops/s) - 380 (417814 Gflops/s) - 382 (420013 Gflops/s) - 380 (417814 Gflops/s) - 383 (421112 Gflops/s) | Temperatures: 75°C - 69°C - 72°C - 73°C - 69°C - 71°C - 69°C - 70°C | Throttling: None - None - None - None - None - None - None - None
385 (423311 Gflops/s) - 382 (420013 Gflops/s) - 382 (420013 Gflops/s) - 381 (418913 Gflops/s) - 380 (417814 Gflops/s) - 383 (421112 Gflops/s) - 380 (417814 Gflops/s) - 383 (421112 Gflops/s) | Temperatures: 75°C - 69°C - 72°C - 73°C - 69°C - 71°C - 69°C - 70°C | Throttling: None - None - None - None - None - None - None - None
385 (423311 Gflops/s) - 382 (420013 Gflops/s) - 383 (421112 Gflops/s) - 381 (418913 Gflops/s) - 380 (417814 Gflops/s) - 382 (420013 Gflops/s) - 380 (417814 Gflops/s) - 383 (421112 Gflops/s) | Temperatures: 75°C - 69°C - 72°C - 73°C - 69°C - 71°C - 69°C - 70°C | Throttling: None - None - None - None - None - None - None - None
385 (423311 Gflops/s) - 382 (420013 Gflops/s) - 382 (420013 Gflops/s) - 380 (417814 Gflops/s) - 379 (416714 Gflops/s) - 382 (420013 Gflops/s) - 380 (417814 Gflops/s) - 382 (420013 Gflops/s) | Temperatures: 75°C - 69°C - 72°C - 73°C - 69°C - 71°C - 69°C - 70°C | Throttling: None - None - None - None - None - None - None - None
384 (422212 Gflops/s) - 382 (420013 Gflops/s) - 382 (420013 Gflops/s) - 381 (418913 Gflops/s) - 380 (417814 Gflops/s) - 382 (420013 Gflops/s) - 379 (416714 Gflops/s) - 383 (421112 Gflops/s) | Temperatures: 76°C - 69°C - 72°C - 73°C - 69°C - 71°C - 69°C - 70°C | Throttling: None - None - None - None - None - None - None - None
385 (423311 Gflops/s) - 381 (418913 Gflops/s) - 382 (420013 Gflops/s) - 380 (417814 Gflops/s) - 379 (416714 Gflops/s) - 383 (421112 Gflops/s) - 380 (417814 Gflops/s) - 382 (420013 Gflops/s) | Temperatures: 76°C - 69°C - 72°C - 73°C - 70°C - 71°C - 69°C - 70°C | Throttling: None - None - None - None - None - None - None - None
384 (422212 Gflops/s) - 382 (420013 Gflops/s) - 382 (420013 Gflops/s) - 381 (418913 Gflops/s) - 380 (417814 Gflops/s) - 382 (420013 Gflops/s) - 380 (417814 Gflops/s) - 383 (421112 Gflops/s) | Temperatures: 76°C - 69°C - 73°C - 73°C - 70°C - 71°C - 69°C - 70°C | Throttling: None - None - None - None - None - None - None - None
385 (423311 Gflops/s) - 382 (420013 Gflops/s) - 383 (421112 Gflops/s) - 380 (417814 Gflops/s) - 380 (417814 Gflops/s) - 382 (420013 Gflops/s) - 380 (417814 Gflops/s) - 382 (420013 Gflops/s) | Temperatures: 76°C - 69°C - 73°C - 74°C - 70°C - 71°C - 69°C - 70°C | Throttling: None - None - None - None - None - None - None - None
384 (422212 Gflops/s) - 382 (420013 Gflops/s) - 382 (420013 Gflops/s) - 381 (418913 Gflops/s) - 379 (416714 Gflops/s) - 382 (420013 Gflops/s) - 379 (416714 Gflops/s) - 382 (420013 Gflops/s) | Temperatures: 76°C - 69°C - 73°C - 74°C - 70°C - 71°C - 70°C - 70°C | Throttling: None - None - None - None - None - None - None - None
384 (422212 Gflops/s) - 381 (418913 Gflops/s) - 382 (420013 Gflops/s) - 380 (417814 Gflops/s) - 380 (417814 Gflops/s) - 383 (421112 Gflops/s) - 380 (417814 Gflops/s) - 383 (421112 Gflops/s) | Temperatures: 76°C - 69°C - 73°C - 74°C - 70°C - 71°C - 70°C - 70°C | Throttling: None - None - None - None - None - None - None - None
385 (423311 Gflops/s) - 382 (420013 Gflops/s) - 382 (420013 Gflops/s) - 381 (418913 Gflops/s) - 379 (416714 Gflops/s) - 382 (420013 Gflops/s) - 380 (417814 Gflops/s) - 382 (420013 Gflops/s) | Temperatures: 76°C - 69°C - 73°C - 74°C - 70°C - 71°C - 70°C - 70°C | Throttling: None - None - None - None - None - None - None - None
384 (422212 Gflops/s) - 381 (418913 Gflops/s) - 382 (420013 Gflops/s) - 380 (417814 Gflops/s) - 380 (417814 Gflops/s) - 382 (420013 Gflops/s) - 379 (416714 Gflops/s) - 383 (421112 Gflops/s) | Temperatures: 76°C - 69°C - 73°C - 74°C - 70°C - 71°C - 70°C - 70°C | Throttling: None - None - None - None - None - None - None - None
384 (422212 Gflops/s) - 382 (420013 Gflops/s) - 382 (420013 Gflops/s) - 381 (418913 Gflops/s) - 379 (416714 Gflops/s) - 382 (420013 Gflops/s) - 380 (417814 Gflops/s) - 382 (420013 Gflops/s) | Temperatures: 76°C - 69°C - 73°C - 74°C - 70°C - 72°C - 70°C - 70°C | Throttling: None - None - None - None - None - None - None - None
384 (422212 Gflops/s) - 382 (420013 Gflops/s) - 382 (420013 Gflops/s) - 380 (417814 Gflops/s) - 380 (417814 Gflops/s) - 382 (420013 Gflops/s) - 380 (417814 Gflops/s) - 382 (420013 Gflops/s) | Temperatures: 76°C - 69°C - 73°C - 74°C - 70°C - 72°C - 70°C - 70°C | Throttling: None - None - None - None - None - None - None - None
385 (423311 Gflops/s) - 381 (418913 Gflops/s) - 382 (420013 Gflops/s) - 380 (417814 Gflops/s) - 379 (416714 Gflops/s) - 382 (420013 Gflops/s) - 379 (416714 Gflops/s) - 382 (420013 Gflops/s) | Temperatures: 76°C - 70°C - 73°C - 74°C - 70°C - 72°C - 70°C - 70°C | Throttling: None - None - None - None - None - None - None - None
384 (422212 Gflops/s) - 382 (420013 Gflops/s) - 382 (420013 Gflops/s) - 380 (417814 Gflops/s) - 380 (417814 Gflops/s) - 382 (420013 Gflops/s) - 380 (417814 Gflops/s) - 383 (421112 Gflops/s) | Temperatures: 76°C - 70°C - 73°C - 74°C - 70°C - 72°C - 70°C - 71°C | Throttling: None - None - None - None - None - None - None - None
384 (422212 Gflops/s) - 381 (418913 Gflops/s) - 381 (418913 Gflops/s) - 381 (418913 Gflops/s) - 379 (416714 Gflops/s) - 382 (420013 Gflops/s) - 379 (416714 Gflops/s) - 382 (420013 Gflops/s) | Temperatures: 76°C - 70°C - 73°C - 74°C - 70°C - 72°C - 70°C - 70°C | Throttling: None - None - None - None - None - None - None - None
384 (422212 Gflops/s) - 381 (418913 Gflops/s) - 382 (420013 Gflops/s) - 379 (416714 Gflops/s) - 379 (416714 Gflops/s) - 382 (420013 Gflops/s) - 379 (416714 Gflops/s) - 382 (420013 Gflops/s) | Temperatures: 76°C - 70°C - 73°C - 74°C - 70°C - 72°C - 70°C - 71°C | Throttling: None - None - None - None - None - None - None - None
384 (422212 Gflops/s) - 382 (420013 Gflops/s) - 382 (420013 Gflops/s) - 380 (417814 Gflops/s) - 379 (416714 Gflops/s) - 382 (420013 Gflops/s) - 380 (417814 Gflops/s) - 382 (420013 Gflops/s) | Temperatures: 76°C - 70°C - 73°C - 74°C - 70°C - 72°C - 70°C - 71°C | Throttling: None - None - None - None - None - None - None - None
384 (422212 Gflops/s) - 381 (418913 Gflops/s) - 382 (420013 Gflops/s) - 381 (418913 Gflops/s) - 380 (417814 Gflops/s) - 382 (420013 Gflops/s) - 379 (416714 Gflops/s) - 382 (420013 Gflops/s) | Temperatures: 76°C - 70°C - 73°C - 74°C - 70°C - 72°C - 70°C - 71°C | Throttling: None - None - None - None - None - None - None - None
384 (422212 Gflops/s) - 382 (420013 Gflops/s) - 382 (420013 Gflops/s) - 380 (417814 Gflops/s) - 379 (416714 Gflops/s) - 382 (420013 Gflops/s) - 380 (417814 Gflops/s) - 382 (420013 Gflops/s) | Temperatures: 76°C - 70°C - 73°C - 74°C - 70°C - 72°C - 70°C - 71°C | Throttling: None - None - None - None - None - None - None - None
384 (422212 Gflops/s) - 381 (418913 Gflops/s) - 381 (418913 Gflops/s) - 380 (417814 Gflops/s) - 379 (416714 Gflops/s) - 382 (420013 Gflops/s) - 379 (416714 Gflops/s) - 382 (420013 Gflops/s) | Temperatures: 76°C - 70°C - 73°C - 74°C - 70°C - 72°C - 70°C - 71°C | Throttling: None - None - None - None - None - None - None - None
384 (422212 Gflops/s) - 381 (418913 Gflops/s) - 382 (420013 Gflops/s) - 380 (417814 Gflops/s) - 380 (417814 Gflops/s) - 382 (420013 Gflops/s) - 379 (416714 Gflops/s) - 382 (420013 Gflops/s) | Temperatures: 76°C - 70°C - 73°C - 74°C - 70°C - 72°C - 70°C - 71°C | Throttling: None - None - None - None - None - None - None - None
383 (421112 Gflops/s) - 382 (420013 Gflops/s) - 382 (420013 Gflops/s) - 380 (417814 Gflops/s) - 379 (416714 Gflops/s) - 382 (420013 Gflops/s) - 380 (417814 Gflops/s) - 382 (420013 Gflops/s) | Temperatures: 76°C - 70°C - 73°C - 74°C - 70°C - 72°C - 70°C - 71°C | Throttling: None - None - None - None - None - None - None - None
384 (422212 Gflops/s) - 381 (418913 Gflops/s) - 382 (420013 Gflops/s) - 380 (417814 Gflops/s) - 379 (416714 Gflops/s) - 381 (418913 Gflops/s) - 379 (416714 Gflops/s) - 382 (420013 Gflops/s) | Temperatures: 76°C - 70°C - 73°C - 74°C - 70°C - 72°C - 70°C - 71°C | Throttling: None - None - None - None - None - None - None - None
384 (422212 Gflops/s) - 381 (418913 Gflops/s) - 381 (418913 Gflops/s) - 380 (417814 Gflops/s) - 379 (416714 Gflops/s) - 382 (420013 Gflops/s) - 380 (417814 Gflops/s) - 382 (420013 Gflops/s) | Temperatures: 76°C - 70°C - 73°C - 74°C - 70°C - 72°C - 70°C - 71°C | Throttling: None - None - None - None - None - None - None - None
384 (422212 Gflops/s) - 382 (420013 Gflops/s) - 382 (420013 Gflops/s) - 380 (417814 Gflops/s) - 380 (417814 Gflops/s) - 382 (420013 Gflops/s) - 379 (416714 Gflops/s) - 382 (420013 Gflops/s) | Temperatures: 77°C - 70°C - 73°C - 74°C - 70°C - 72°C - 70°C - 71°C | Throttling: None - None - None - None - None - None - None - None
384 (422212 Gflops/s) - 381 (418913 Gflops/s) - 382 (420013 Gflops/s) - 380 (417814 Gflops/s) - 379 (416714 Gflops/s) - 382 (420013 Gflops/s) - 379 (416714 Gflops/s) - 382 (420013 Gflops/s) | Temperatures: 77°C - 70°C - 73°C - 74°C - 70°C - 72°C - 70°C - 71°C | Throttling: None - None - None - None - None - None - None - None
384 (422212 Gflops/s) - 381 (418913 Gflops/s) - 381 (418913 Gflops/s) - 380 (417814 Gflops/s) - 379 (416714 Gflops/s) - 382 (420013 Gflops/s) - 380 (417814 Gflops/s) - 382 (420013 Gflops/s) | Temperatures: 77°C - 70°C - 73°C - 74°C - 70°C - 72°C - 70°C - 71°C | Throttling: None - None - None - None - None - None - None - None
383 (421112 Gflops/s) - 382 (420013 Gflops/s) - 382 (420013 Gflops/s) - 380 (417814 Gflops/s) - 379 (416714 Gflops/s) - 381 (418913 Gflops/s) - 379 (416714 Gflops/s) - 382 (420013 Gflops/s) | Temperatures: 77°C - 70°C - 73°C - 74°C - 70°C - 72°C - 70°C - 71°C | Throttling: None - None - None - None - None - None - None - None
384 (422212 Gflops/s) - 381 (418913 Gflops/s) - 382 (420013 Gflops/s) - 380 (417814 Gflops/s) - 380 (417814 Gflops/s) - 382 (420013 Gflops/s) - 379 (416714 Gflops/s) - 382 (420013 Gflops/s) | Temperatures: 77°C - 70°C - 73°C - 74°C - 70°C - 72°C - 70°C - 71°C | Throttling: None - None - None - None - None - None - None - None
384 (422212 Gflops/s) - 381 (418913 Gflops/s) - 381 (418913 Gflops/s) - 379 (416714 Gflops/s) - 379 (416714 Gflops/s) - 382 (420013 Gflops/s) - 379 (416714 Gflops/s) - 382 (420013 Gflops/s) | Temperatures: 77°C - 70°C - 73°C - 74°C - 70°C - 72°C - 70°C - 71°C | Throttling: None - None - None - None - None - None - None - None
383 (421112 Gflops/s) - 381 (418913 Gflops/s) - 381 (418913 Gflops/s) - 380 (417814 Gflops/s) - 379 (416714 Gflops/s) - 382 (420013 Gflops/s) - 379 (416714 Gflops/s) - 382 (420013 Gflops/s) | Temperatures: 77°C - 70°C - 73°C - 74°C - 70°C - 72°C - 70°C - 71°C | Throttling: None - None - None - None - None - None - None - None
384 (422212 Gflops/s) - 381 (418913 Gflops/s) - 382 (420013 Gflops/s) - 380 (417814 Gflops/s) - 379 (416714 Gflops/s) - 381 (418913 Gflops/s) - 380 (417814 Gflops/s) - 382 (420013 Gflops/s) | Temperatures: 77°C - 70°C - 73°C - 74°C - 70°C - 72°C - 70°C - 71°C | Throttling: None - None - None - None - None - None - None - None
384 (422212 Gflops/s) - 382 (420013 Gflops/s) - 382 (420013 Gflops/s) - 380 (417814 Gflops/s) - 379 (416714 Gflops/s) - 382 (420013 Gflops/s) - 379 (416714 Gflops/s) - 382 (420013 Gflops/s) | Temperatures: 77°C - 70°C - 73°C - 74°C - 70°C - 72°C - 70°C - 71°C | Throttling: None - None - None - None - None - None - None - None
383 (421112 Gflops/s) - 381 (418913 Gflops/s) - 381 (418913 Gflops/s) - 380 (417814 Gflops/s) - 379 (416714 Gflops/s) - 382 (420013 Gflops/s) - 379 (416714 Gflops/s) - 382 (420013 Gflops/s) | Temperatures: 77°C - 70°C - 73°C - 74°C - 71°C - 72°C - 70°C - 71°C | Throttling: None - None - None - None - None - None - None - None
384 (422212 Gflops/s) - 381 (418913 Gflops/s) - 382 (420013 Gflops/s) - 380 (417814 Gflops/s) - 379 (416714 Gflops/s) - 382 (420013 Gflops/s) - 380 (417814 Gflops/s) - 382 (420013 Gflops/s) | Temperatures: 77°C - 70°C - 73°C - 74°C - 71°C - 72°C - 70°C - 71°C | Throttling: None - None - None - None - None - None - None - None
384 (422212 Gflops/s) - 381 (418913 Gflops/s) - 381 (418913 Gflops/s) - 380 (417814 Gflops/s) - 379 (416714 Gflops/s) - 381 (418913 Gflops/s) - 379 (416714 Gflops/s) - 382 (420013 Gflops/s) | Temperatures: 77°C - 70°C - 73°C - 74°C - 71°C - 72°C - 70°C - 71°C | Throttling: None - None - None - None - None - None - None - None
383 (421112 Gflops/s) - 382 (420013 Gflops/s) - 382 (420013 Gflops/s) - 379 (416714 Gflops/s) - 380 (417814 Gflops/s) - 382 (420013 Gflops/s) - 379 (416714 Gflops/s) - 382 (420013 Gflops/s) | Temperatures: 77°C - 70°C - 73°C - 74°C - 71°C - 72°C - 70°C - 71°C | Throttling: None - None - None - None - None - None - None - None
384 (422212 Gflops/s) - 381 (418913 Gflops/s) - 381 (418913 Gflops/s) - 380 (417814 Gflops/s) - 379 (416714 Gflops/s) - 382 (420013 Gflops/s) - 380 (417814 Gflops/s) - 382 (420013 Gflops/s) | Temperatures: 77°C - 70°C - 73°C - 74°C - 70°C - 72°C - 70°C - 71°C | Throttling: None - None - None - None - None - None - None - None
384 (422212 Gflops/s) - 381 (418913 Gflops/s) - 381 (418913 Gflops/s) - 380 (417814 Gflops/s) - 379 (416714 Gflops/s) - 382 (420013 Gflops/s) - 379 (416714 Gflops/s) - 382 (420013 Gflops/s) | Temperatures: 77°C - 70°C - 74°C - 74°C - 71°C - 72°C - 70°C - 71°C | Throttling: None - None - None - None - None - None - None - None
383 (421112 Gflops/s) - 381 (418913 Gflops/s) - 382 (420013 Gflops/s) - 380 (417814 Gflops/s) - 379 (416714 Gflops/s) - 381 (418913 Gflops/s) - 379 (416714 Gflops/s) - 382 (420013 Gflops/s) | Temperatures: 77°C - 70°C - 73°C - 75°C - 71°C - 72°C - 70°C - 71°C | Throttling: None - None - None - None - None - None - None - None
384 (422212 Gflops/s) - 381 (418913 Gflops/s) - 381 (418913 Gflops/s) - 380 (417814 Gflops/s) - 379 (416714 Gflops/s) - 382 (420013 Gflops/s) - 379 (416714 Gflops/s) - 381 (418913 Gflops/s) | Temperatures: 77°C - 70°C - 74°C - 75°C - 71°C - 72°C - 70°C - 71°C | Throttling: None - None - None - None - None - None - None - None
383 (421112 Gflops/s) - 382 (420013 Gflops/s) - 382 (420013 Gflops/s) - 379 (416714 Gflops/s) - 379 (416714 Gflops/s) - 382 (420013 Gflops/s) - 380 (417814 Gflops/s) - 382 (420013 Gflops/s) | Temperatures: 77°C - 70°C - 74°C - 75°C - 71°C - 72°C - 70°C - 71°C | Throttling: None - None - None - None - None - None - None - None
384 (422212 Gflops/s) - 381 (418913 Gflops/s) - 381 (418913 Gflops/s) - 380 (417814 Gflops/s) - 379 (416714 Gflops/s) - 381 (418913 Gflops/s) - 379 (416714 Gflops/s) - 382 (420013 Gflops/s) | Temperatures: 77°C - 70°C - 74°C - 75°C - 71°C - 72°C - 70°C - 71°C | Throttling: None - None - None - None - None - None - None - None
383 (421112 Gflops/s) - 381 (418913 Gflops/s) - 382 (420013 Gflops/s) - 380 (417814 Gflops/s) - 379 (416714 Gflops/s) - 382 (420013 Gflops/s) - 379 (416714 Gflops/s) - 382 (420013 Gflops/s) | Temperatures: 77°C - 70°C - 74°C - 75°C - 71°C - 72°C - 70°C - 71°C | Throttling: None - None - None - None - None - None - None - None
384 (422212 Gflops/s) - 381 (418913 Gflops/s) - 381 (418913 Gflops/s) - 380 (417814 Gflops/s) - 379 (416714 Gflops/s) - 382 (420013 Gflops/s) - 379 (416714 Gflops/s) - 382 (420013 Gflops/s) | Temperatures: 77°C - 70°C - 74°C - 75°C - 71°C - 72°C - 70°C - 71°C | Throttling: None - None - None - None - None - None - None - None
383 (421112 Gflops/s) - 382 (420013 Gflops/s) - 381 (418913 Gflops/s) - 379 (416714 Gflops/s) - 379 (416714 Gflops/s) - 381 (418913 Gflops/s) - 380 (417814 Gflops/s) - 382 (420013 Gflops/s) | Temperatures: 77°C - 70°C - 74°C - 75°C - 71°C - 72°C - 70°C - 71°C | Throttling: None - None - None - None - None - None - None - None
383 (421112 Gflops/s) - 380 (417814 Gflops/s) - 381 (418913 Gflops/s) - 380 (417814 Gflops/s) - 379 (416714 Gflops/s) - 382 (420013 Gflops/s) - 378 (415615 Gflops/s) - 381 (418913 Gflops/s) | Temperatures: 77°C - 70°C - 74°C - 75°C - 71°C - 72°C - 70°C - 71°C | Throttling: None - None - None - None - None - None - None - None
383 (421112 Gflops/s) - 381 (418913 Gflops/s) - 382 (420013 Gflops/s) - 379 (416714 Gflops/s) - 379 (416714 Gflops/s) - 381 (418913 Gflops/s) - 380 (417814 Gflops/s) - 382 (420013 Gflops/s) | Temperatures: 77°C - 70°C - 74°C - 75°C - 71°C - 72°C - 70°C - 71°C | Throttling: None - None - None - None - None - None - None - None
384 (422212 Gflops/s) - 382 (420013 Gflops/s) - 381 (418913 Gflops/s) - 380 (417814 Gflops/s) - 379 (416714 Gflops/s) - 382 (420013 Gflops/s) - 379 (416714 Gflops/s) - 382 (420013 Gflops/s) | Temperatures: 77°C - 70°C - 74°C - 75°C - 71°C - 72°C - 70°C - 71°C | Throttling: None - None - None - None - None - None - None - None
383 (421112 Gflops/s) - 381 (418913 Gflops/s) - 381 (418913 Gflops/s) - 380 (417814 Gflops/s) - 379 (416714 Gflops/s) - 382 (420013 Gflops/s) - 379 (416714 Gflops/s) - 382 (420013 Gflops/s) | Temperatures: 77°C - 70°C - 74°C - 75°C - 71°C - 72°C - 71°C - 71°C | Throttling: None - None - None - None - None - None - None - None
384 (422212 Gflops/s) - 381 (418913 Gflops/s) - 382 (420013 Gflops/s) - 380 (417814 Gflops/s) - 380 (417814 Gflops/s) - 381 (418913 Gflops/s) - 379 (416714 Gflops/s) - 382 (420013 Gflops/s) | Temperatures: 77°C - 70°C - 74°C - 75°C - 71°C - 72°C - 70°C - 71°C | Throttling: None - None - None - None - None - None - None - None
383 (421112 Gflops/s) - 381 (418913 Gflops/s) - 381 (418913 Gflops/s) - 379 (416714 Gflops/s) - 379 (416714 Gflops/s) - 382 (420013 Gflops/s) - 379 (416714 Gflops/s) - 382 (420013 Gflops/s) | Temperatures: 77°C - 70°C - 74°C - 75°C - 71°C - 72°C - 70°C - 71°C | Throttling: None - None - None - None - None - None - None - None
383 (421112 Gflops/s) - 381 (418913 Gflops/s) - 381 (418913 Gflops/s) - 380 (417814 Gflops/s) - 379 (416714 Gflops/s) - 382 (420013 Gflops/s) - 380 (417814 Gflops/s) - 382 (420013 Gflops/s) | Temperatures: 77°C - 70°C - 74°C - 75°C - 71°C - 72°C - 70°C - 71°C | Throttling: None - None - None - None - None - None - None - None
384 (422212 Gflops/s) - 381 (418913 Gflops/s) - 382 (420013 Gflops/s) - 380 (417814 Gflops/s) - 379 (416714 Gflops/s) - 381 (418913 Gflops/s) - 379 (416714 Gflops/s) - 382 (420013 Gflops/s) | Temperatures: 77°C - 70°C - 74°C - 75°C - 71°C - 72°C - 70°C - 71°C | Throttling: None - None - None - None - None - None - None - None
383 (421112 Gflops/s) - 381 (418913 Gflops/s) - 381 (418913 Gflops/s) - 379 (416714 Gflops/s) - 379 (416714 Gflops/s) - 382 (420013 Gflops/s) - 379 (416714 Gflops/s) - 381 (418913 Gflops/s) | Temperatures: 77°C - 70°C - 74°C - 75°C - 71°C - 72°C - 71°C - 71°C | Throttling: None - None - None - None - None - None - None - None
383 (421112 Gflops/s) - 382 (420013 Gflops/s) - 382 (420013 Gflops/s) - 380 (417814 Gflops/s) - 379 (416714 Gflops/s) - 382 (420013 Gflops/s) - 379 (416714 Gflops/s) - 382 (420013 Gflops/s) | Temperatures: 77°C - 70°C - 74°C - 75°C - 71°C - 72°C - 71°C - 71°C | Throttling: None - None - None - None - None - None - None - None
384 (422212 Gflops/s) - 381 (418913 Gflops/s) - 381 (418913 Gflops/s) - 379 (416714 Gflops/s) - 379 (416714 Gflops/s) - 381 (418913 Gflops/s) - 379 (416714 Gflops/s) - 382 (420013 Gflops/s) | Temperatures: 77°C - 70°C - 74°C - 75°C - 71°C - 72°C - 71°C - 71°C | Throttling: None - None - None - None - None - None - None - None
383 (421112 Gflops/s) - 381 (418913 Gflops/s) - 381 (418913 Gflops/s) - 380 (417814 Gflops/s) - 379 (416714 Gflops/s) - 382 (420013 Gflops/s) - 379 (416714 Gflops/s) - 382 (420013 Gflops/s) | Temperatures: 77°C - 70°C - 74°C - 75°C - 71°C - 72°C - 71°C - 71°C | Throttling: None - None - None - None - None - None - None - None
383 (421112 Gflops/s) - 381 (418913 Gflops/s) - 382 (420013 Gflops/s) - 380 (417814 Gflops/s) - 379 (416714 Gflops/s) - 382 (420013 Gflops/s) - 380 (417814 Gflops/s) - 382 (420013 Gflops/s) | Temperatures: 77°C - 70°C - 74°C - 75°C - 71°C - 72°C - 70°C - 71°C | Throttling: None - None - None - None - None - None - None - None
384 (422212 Gflops/s) - 381 (418913 Gflops/s) - 381 (418913 Gflops/s) - 379 (416714 Gflops/s) - 379 (416714 Gflops/s) - 381 (418913 Gflops/s) - 379 (416714 Gflops/s) - 382 (420013 Gflops/s) | Temperatures: 77°C - 70°C - 74°C - 75°C - 71°C - 72°C - 70°C - 71°C | Throttling: None - None - None - None - None - None - None - None
383 (421112 Gflops/s) - 381 (418913 Gflops/s) - 381 (418913 Gflops/s) - 380 (417814 Gflops/s) - 379 (416714 Gflops/s) - 382 (420013 Gflops/s) - 379 (416714 Gflops/s) - 381 (418913 Gflops/s) | Temperatures: 77°C - 70°C - 74°C - 75°C - 71°C - 72°C - 71°C - 71°C | Throttling: None - None - None - None - None - None - None - None
383 (421112 Gflops/s) - 381 (418913 Gflops/s) - 381 (418913 Gflops/s) - 379 (416714 Gflops/s) - 379 (416714 Gflops/s) - 381 (418913 Gflops/s) - 379 (416714 Gflops/s) - 382 (420013 Gflops/s) | Temperatures: 77°C - 70°C - 74°C - 75°C - 71°C - 72°C - 71°C - 71°C | Throttling: None - None - None - None - None - None - None - None
383 (421112 Gflops/s) - 381 (418913 Gflops/s) - 381 (418913 Gflops/s) - 380 (417814 Gflops/s) - 379 (416714 Gflops/s) - 382 (420013 Gflops/s) - 379 (416714 Gflops/s) - 382 (420013 Gflops/s) | Temperatures: 77°C - 70°C - 74°C - 75°C - 71°C - 72°C - 71°C - 71°C | Throttling: None - None - None - None - None - None - None - None
384 (422212 Gflops/s) - 381 (418913 Gflops/s) - 382 (420013 Gflops/s) - 380 (417814 Gflops/s) - 379 (416714 Gflops/s) - 381 (418913 Gflops/s) - 379 (416714 Gflops/s) - 382 (420013 Gflops/s) | Temperatures: 77°C - 70°C - 74°C - 75°C - 71°C - 72°C - 71°C - 71°C | Throttling: None - None - None - None - None - None - None - None
383 (421112 Gflops/s) - 381 (418913 Gflops/s) - 381 (418913 Gflops/s) - 379 (416714 Gflops/s) - 379 (416714 Gflops/s) - 382 (420013 Gflops/s) - 379 (416714 Gflops/s) - 381 (418913 Gflops/s) | Temperatures: 77°C - 70°C - 74°C - 75°C - 71°C - 72°C - 71°C - 71°C | Throttling: None - None - None - None - None - None - None - None
383 (421112 Gflops/s) - 381 (418913 Gflops/s) - 381 (418913 Gflops/s) - 380 (417814 Gflops/s) - 379 (416714 Gflops/s) - 382 (420013 Gflops/s) - 379 (416714 Gflops/s) - 382 (420013 Gflops/s) | Temperatures: 77°C - 70°C - 74°C - 75°C - 71°C - 72°C - 71°C - 71°C | Throttling: None - None - None - None - None - None - None - None
384 (422212 Gflops/s) - 381 (418913 Gflops/s) - 382 (420013 Gflops/s) - 379 (416714 Gflops/s) - 379 (416714 Gflops/s) - 381 (418913 Gflops/s) - 379 (416714 Gflops/s) - 382 (420013 Gflops/s) | Temperatures: 77°C - 70°C - 74°C - 75°C - 71°C - 72°C - 71°C - 71°C | Throttling: None - None - None - None - None - None - None - None
383 (421112 Gflops/s) - 381 (418913 Gflops/s) - 381 (418913 Gflops/s) - 380 (417814 Gflops/s) - 379 (416714 Gflops/s) - 382 (420013 Gflops/s) - 380 (417814 Gflops/s) - 382 (420013 Gflops/s) | Temperatures: 77°C - 70°C - 74°C - 75°C - 71°C - 72°C - 71°C - 71°C | Throttling: None - None - None - None - None - None - None - None
383 (421112 Gflops/s) - 382 (420013 Gflops/s) - 381 (418913 Gflops/s) - 380 (417814 Gflops/s) - 379 (416714 Gflops/s) - 381 (418913 Gflops/s) - 379 (416714 Gflops/s) - 382 (420013 Gflops/s) | Temperatures: 77°C - 70°C - 74°C - 75°C - 71°C - 72°C - 71°C - 71°C | Throttling: None - None - None - None - None - None - None - None
383 (421112 Gflops/s) - 381 (418913 Gflops/s) - 382 (420013 Gflops/s) - 379 (416714 Gflops/s) - 379 (416714 Gflops/s) - 382 (420013 Gflops/s) - 379 (416714 Gflops/s) - 382 (420013 Gflops/s) | Temperatures: 77°C - 70°C - 74°C - 75°C - 71°C - 72°C - 71°C - 71°C | Throttling: None - None - None - None - None - None - None - None
384 (422212 Gflops/s) - 381 (418913 Gflops/s) - 381 (418913 Gflops/s) - 380 (417814 Gflops/s) - 379 (416714 Gflops/s) - 382 (420013 Gflops/s) - 379 (416714 Gflops/s) - 381 (418913 Gflops/s) | Temperatures: 77°C - 70°C - 74°C - 75°C - 71°C - 72°C - 71°C - 71°C | Throttling: None - None - None - None - None - None - None - None
383 (421112 Gflops/s) - 381 (418913 Gflops/s) - 381 (418913 Gflops/s) - 379 (416714 Gflops/s) - 379 (416714 Gflops/s) - 381 (418913 Gflops/s) - 379 (416714 Gflops/s) - 382 (420013 Gflops/s) | Temperatures: 77°C - 70°C - 74°C - 75°C - 71°C - 72°C - 71°C - 71°C | Throttling: None - None - None - None - None - None - None - None
383 (421112 Gflops/s) - 381 (418913 Gflops/s) - 382 (420013 Gflops/s) - 380 (417814 Gflops/s) - 379 (416714 Gflops/s) - 382 (420013 Gflops/s) - 379 (416714 Gflops/s) - 382 (420013 Gflops/s) | Temperatures: 77°C - 70°C - 74°C - 75°C - 71°C - 72°C - 71°C - 71°C | Throttling: None - None - None - None - None - None - None - None
383 (421112 Gflops/s) - 381 (418913 Gflops/s) - 381 (418913 Gflops/s) - 379 (416714 Gflops/s) - 379 (416714 Gflops/s) - 381 (418913 Gflops/s) - 379 (416714 Gflops/s) - 382 (420013 Gflops/s) | Temperatures: 77°C - 70°C - 74°C - 75°C - 71°C - 72°C - 71°C - 71°C | Throttling: None - None - None - None - None - None - None - None
384 (422212 Gflops/s) - 381 (418913 Gflops/s) - 381 (418913 Gflops/s) - 380 (417814 Gflops/s) - 379 (416714 Gflops/s) - 382 (420013 Gflops/s) - 379 (416714 Gflops/s) - 382 (420013 Gflops/s) | Temperatures: 77°C - 70°C - 74°C - 75°C - 71°C - 72°C - 71°C - 71°C | Throttling: None - None - None - None - None - None - None - None
383 (421112 Gflops/s) - 381 (418913 Gflops/s) - 381 (418913 Gflops/s) - 379 (416714 Gflops/s) - 379 (416714 Gflops/s) - 382 (420013 Gflops/s) - 380 (417814 Gflops/s) - 381 (418913 Gflops/s) | Temperatures: 77°C - 70°C - 74°C - 75°C - 71°C - 72°C - 71°C - 71°C | Throttling: None - None - None - None - None - None - None - None
383 (421112 Gflops/s) - 381 (418913 Gflops/s) - 381 (418913 Gflops/s) - 380 (417814 Gflops/s) - 379 (416714 Gflops/s) - 381 (418913 Gflops/s) - 378 (415615 Gflops/s) - 382 (420013 Gflops/s) | Temperatures: 77°C - 70°C - 74°C - 75°C - 71°C - 72°C - 71°C - 71°C | Throttling: None - None - None - None - None - None - None - None
383 (421112 Gflops/s) - 381 (418913 Gflops/s) - 382 (420013 Gflops/s) - 379 (416714 Gflops/s) - 379 (416714 Gflops/s) - 381 (418913 Gflops/s) - 380 (417814 Gflops/s) - 382 (420013 Gflops/s) | Temperatures: 77°C - 70°C - 74°C - 75°C - 71°C - 72°C - 71°C - 71°C | Throttling: None - None - None - None - None - None - None - None
383 (421112 Gflops/s) - 381 (418913 Gflops/s) - 381 (418913 Gflops/s) - 380 (417814 Gflops/s) - 379 (416714 Gflops/s) - 382 (420013 Gflops/s) - 379 (416714 Gflops/s) - 381 (418913 Gflops/s) | Temperatures: 77°C - 70°C - 74°C - 75°C - 71°C - 72°C - 71°C - 71°C | Throttling: None - None - None - None - None - None - None - None
383 (421112 Gflops/s) - 381 (418913 Gflops/s) - 381 (418913 Gflops/s) - 379 (416714 Gflops/s) - 379 (416714 Gflops/s) - 382 (420013 Gflops/s) - 379 (416714 Gflops/s) - 382 (420013 Gflops/s) | Temperatures: 77°C - 70°C - 74°C - 75°C - 71°C - 72°C - 71°C - 71°C | Throttling: None - None - None - None - None - None - None - None
383 (421112 Gflops/s) - 381 (418913 Gflops/s) - 381 (418913 Gflops/s) - 380 (417814 Gflops/s) - 379 (416714 Gflops/s) - 381 (418913 Gflops/s) - 379 (416714 Gflops/s) - 382 (420013 Gflops/s) | Temperatures: 77°C - 70°C - 74°C - 75°C - 71°C - 72°C - 71°C - 71°C | Throttling: None - None - None - None - None - None - None - None
384 (422212 Gflops/s) - 381 (418913 Gflops/s) - 382 (420013 Gflops/s) - 379 (416714 Gflops/s) - 379 (416714 Gflops/s) - 382 (420013 Gflops/s) - 379 (416714 Gflops/s) - 382 (420013 Gflops/s) | Temperatures: 77°C - 70°C - 74°C - 75°C - 71°C - 72°C - 71°C - 71°C | Throttling: None - None - None - None - None - None - None - None
383 (421112 Gflops/s) - 381 (418913 Gflops/s) - 381 (418913 Gflops/s) - 380 (417814 Gflops/s) - 379 (416714 Gflops/s) - 381 (418913 Gflops/s) - 379 (416714 Gflops/s) - 382 (420013 Gflops/s) | Temperatures: 77°C - 70°C - 74°C - 75°C - 71°C - 72°C - 71°C - 71°C | Throttling: None - None - None - None - None - None - None - None
383 (421112 Gflops/s) - 381 (418913 Gflops/s) - 381 (418913 Gflops/s) - 379 (416714 Gflops/s) - 379 (416714 Gflops/s) - 382 (420013 Gflops/s) - 379 (416714 Gflops/s) - 381 (418913 Gflops/s) | Temperatures: 77°C - 70°C - 74°C - 75°C - 71°C - 72°C - 71°C - 71°C | Throttling: None - None - None - None - None - None - None - None
383 (421112 Gflops/s) - 381 (418913 Gflops/s) - 382 (420013 Gflops/s) - 380 (417814 Gflops/s) - 379 (416714 Gflops/s) - 382 (420013 Gflops/s) - 379 (416714 Gflops/s) - 382 (420013 Gflops/s) | Temperatures: 77°C - 70°C - 74°C - 75°C - 71°C - 73°C - 71°C - 71°C | Throttling: None - None - None - None - None - None - None - None
383 (421112 Gflops/s) - 381 (418913 Gflops/s) - 381 (418913 Gflops/s) - 379 (416714 Gflops/s) - 379 (416714 Gflops/s) - 381 (418913 Gflops/s) - 379 (416714 Gflops/s) - 382 (420013 Gflops/s) | Temperatures: 77°C - 70°C - 74°C - 75°C - 71°C - 72°C - 71°C - 71°C | Throttling: None - None - None - None - None - None - None - None
384 (422212 Gflops/s) - 381 (418913 Gflops/s) - 381 (418913 Gflops/s) - 380 (417814 Gflops/s) - 379 (416714 Gflops/s) - 382 (420013 Gflops/s) - 380 (417814 Gflops/s) - 382 (420013 Gflops/s) | Temperatures: 77°C - 70°C - 74°C - 75°C - 71°C - 72°C - 71°C - 71°C | Throttling: None - None - None - None - None - None - None - None
383 (421112 Gflops/s) - 381 (418913 Gflops/s) - 381 (418913 Gflops/s) - 379 (416714 Gflops/s) - 379 (416714 Gflops/s) - 381 (418913 Gflops/s) - 379 (416714 Gflops/s) - 382 (420013 Gflops/s) | Temperatures: 77°C - 70°C - 74°C - 75°C - 71°C - 73°C - 71°C - 71°C | Throttling: None - None - None - None - None - None - None - None
383 (421112 Gflops/s) - 381 (418913 Gflops/s) - 381 (418913 Gflops/s) - 380 (417814 Gflops/s) - 378 (415615 Gflops/s) - 382 (420013 Gflops/s) - 379 (416714 Gflops/s) - 381 (418913 Gflops/s) | Temperatures: 77°C - 70°C - 74°C - 75°C - 71°C - 73°C - 71°C - 71°C | Throttling: None - None - None - None - None - None - None - None
383 (421112 Gflops/s) - 381 (418913 Gflops/s) - 382 (420013 Gflops/s) - 379 (416714 Gflops/s) - 379 (416714 Gflops/s) - 381 (418913 Gflops/s) - 379 (416714 Gflops/s) - 382 (420013 Gflops/s) | Temperatures: 77°C - 70°C - 74°C - 75°C - 71°C - 73°C - 71°C - 71°C | Throttling: None - None - None - None - None - None - None - None
383 (421112 Gflops/s) - 381 (418913 Gflops/s) - 381 (418913 Gflops/s) - 379 (416714 Gflops/s) - 379 (416714 Gflops/s) - 382 (420013 Gflops/s) - 379 (416714 Gflops/s) - 382 (420013 Gflops/s) | Temperatures: 77°C - 70°C - 74°C - 75°C - 71°C - 73°C - 71°C - 71°C | Throttling: None - None - None - None - None - None - None - None
383 (421112 Gflops/s) - 381 (418913 Gflops/s) - 381 (418913 Gflops/s) - 380 (417814 Gflops/s) - 379 (416714 Gflops/s) - 381 (418913 Gflops/s) - 379 (416714 Gflops/s) - 382 (420013 Gflops/s) | Temperatures: 77°C - 70°C - 74°C - 75°C - 71°C - 73°C - 71°C - 71°C | Throttling: None - None - None - None - None - None - None - None
384 (422212 Gflops/s) - 381 (418913 Gflops/s) - 381 (418913 Gflops/s) - 379 (416714 Gflops/s) - 379 (416714 Gflops/s) - 382 (420013 Gflops/s) - 379 (416714 Gflops/s) - 382 (420013 Gflops/s) | Temperatures: 77°C - 70°C - 74°C - 75°C - 71°C - 73°C - 71°C - 71°C | Throttling: None - None - None - None - None - None - None - None
383 (421112 Gflops/s) - 381 (418913 Gflops/s) - 382 (420013 Gflops/s) - 380 (417814 Gflops/s) - 379 (416714 Gflops/s) - 381 (418913 Gflops/s) - 379 (416714 Gflops/s) - 381 (418913 Gflops/s) | Temperatures: 77°C - 70°C - 74°C - 75°C - 71°C - 73°C - 71°C - 71°C | Throttling: None - None - None - None - None - None - None - None
383 (421112 Gflops/s) - 381 (418913 Gflops/s) - 381 (418913 Gflops/s) - 379 (416714 Gflops/s) - 379 (416714 Gflops/s) - 382 (420013 Gflops/s) - 379 (416714 Gflops/s) - 382 (420013 Gflops/s) | Temperatures: 77°C - 70°C - 74°C - 75°C - 71°C - 73°C - 71°C - 71°C | Throttling: None - None - None - None - None - None - None - None
383 (421112 Gflops/s) - 381 (418913 Gflops/s) - 381 (418913 Gflops/s) - 380 (417814 Gflops/s) - 379 (416714 Gflops/s) - 381 (418913 Gflops/s) - 379 (416714 Gflops/s) - 382 (420013 Gflops/s) | Temperatures: 77°C - 70°C - 74°C - 75°C - 71°C - 73°C - 71°C - 71°C | Throttling: None - None - None - None - None - None - None - None
383 (421112 Gflops/s) - 381 (418913 Gflops/s) - 381 (418913 Gflops/s) - 380 (417814 Gflops/s) - 379 (416714 Gflops/s) - 382 (420013 Gflops/s) - 379 (416714 Gflops/s) - 382 (420013 Gflops/s) | Temperatures: 77°C - 70°C - 74°C - 75°C - 71°C - 73°C - 71°C - 71°C | Throttling: None - None - None - None - None - None - None - None
383 (421112 Gflops/s) - 381 (418913 Gflops/s) - 381 (418913 Gflops/s) - 379 (416714 Gflops/s) - 379 (416714 Gflops/s) - 381 (418913 Gflops/s) - 379 (416714 Gflops/s) - 381 (418913 Gflops/s) | Temperatures: 77°C - 70°C - 74°C - 75°C - 71°C - 73°C - 71°C - 71°C | Throttling: None - None - None - None - None - None - None - None
384 (422212 Gflops/s) - 381 (418913 Gflops/s) - 381 (418913 Gflops/s) - 379 (416714 Gflops/s) - 379 (416714 Gflops/s) - 381 (418913 Gflops/s) - 379 (416714 Gflops/s) - 382 (420013 Gflops/s) | Temperatures: 77°C - 70°C - 74°C - 75°C - 71°C - 73°C - 71°C - 71°C | Throttling: None - None - None - None - None - None - None - None
383 (421112 Gflops/s) - 381 (418913 Gflops/s) - 382 (420013 Gflops/s) - 380 (417814 Gflops/s) - 379 (416714 Gflops/s) - 382 (420013 Gflops/s) - 379 (416714 Gflops/s) - 382 (420013 Gflops/s) | Temperatures: 77°C - 70°C - 74°C - 75°C - 71°C - 73°C - 71°C - 71°C | Throttling: None - None - None - None - None - None - None - None
383 (421112 Gflops/s) - 381 (418913 Gflops/s) - 381 (418913 Gflops/s) - 379 (416714 Gflops/s) - 379 (416714 Gflops/s) - 381 (418913 Gflops/s) - 379 (416714 Gflops/s) - 382 (420013 Gflops/s) | Temperatures: 77°C - 70°C - 74°C - 75°C - 71°C - 73°C - 71°C - 71°C | Throttling: None - None - None - None - None - None - None - None
383 (421112 Gflops/s) - 381 (418913 Gflops/s) - 381 (418913 Gflops/s) - 380 (417814 Gflops/s) - 379 (416714 Gflops/s) - 382 (420013 Gflops/s) - 379 (416714 Gflops/s) - 381 (418913 Gflops/s) | Temperatures: 77°C - 70°C - 74°C - 75°C - 71°C - 73°C - 71°C - 71°C | Throttling: None - None - None - None - None - None - None - None
384 (422212 Gflops/s) - 381 (418913 Gflops/s) - 381 (418913 Gflops/s) - 379 (416714 Gflops/s) - 378 (415615 Gflops/s) - 381 (418913 Gflops/s) - 379 (416714 Gflops/s) - 382 (420013 Gflops/s) | Temperatures: 77°C - 70°C - 74°C - 75°C - 71°C - 73°C - 71°C - 71°C | Throttling: None - None - None - None - None - None - None - None
383 (421112 Gflops/s) - 381 (418913 Gflops/s) - 382 (420013 Gflops/s) - 380 (417814 Gflops/s) - 379 (416714 Gflops/s) - 382 (420013 Gflops/s) - 380 (417814 Gflops/s) - 382 (420013 Gflops/s) | Temperatures: 77°C - 70°C - 74°C - 75°C - 71°C - 73°C - 71°C - 71°C | Throttling: None - None - None - None - None - None - None - None
383 (421112 Gflops/s) - 381 (418913 Gflops/s) - 381 (418913 Gflops/s) - 379 (416714 Gflops/s) - 379 (416714 Gflops/s) - 381 (418913 Gflops/s) - 379 (416714 Gflops/s) - 382 (420013 Gflops/s) | Temperatures: 77°C - 70°C - 74°C - 75°C - 71°C - 73°C - 71°C - 71°C | Throttling: None - None - None - None - None - None - None - None
383 (421112 Gflops/s) - 381 (418913 Gflops/s) - 381 (418913 Gflops/s) - 380 (417814 Gflops/s) - 379 (416714 Gflops/s) - 382 (420013 Gflops/s) - 379 (416714 Gflops/s) - 382 (420013 Gflops/s) | Temperatures: 77°C - 70°C - 74°C - 75°C - 71°C - 73°C - 71°C - 71°C | Throttling: None - None - None - None - None - None - None - None
383 (421112 Gflops/s) - 381 (418913 Gflops/s) - 381 (418913 Gflops/s) - 379 (416714 Gflops/s) - 379 (416714 Gflops/s) - 381 (418913 Gflops/s) - 379 (416714 Gflops/s) - 381 (418913 Gflops/s) | Temperatures: 77°C - 70°C - 74°C - 75°C - 71°C - 73°C - 71°C - 71°C | Throttling: None - None - None - None - None - None - None - None
384 (422212 Gflops/s) - 381 (418913 Gflops/s) - 381 (418913 Gflops/s) - 380 (417814 Gflops/s) - 379 (416714 Gflops/s) - 382 (420013 Gflops/s) - 379 (416714 Gflops/s) - 382 (420013 Gflops/s) | Temperatures: 77°C - 70°C - 74°C - 75°C - 71°C - 73°C - 71°C - 71°C | Throttling: None - None - None - None - None - None - None - None
383 (421112 Gflops/s) - 381 (418913 Gflops/s) - 382 (420013 Gflops/s) - 379 (416714 Gflops/s) - 379 (416714 Gflops/s) - 381 (418913 Gflops/s) - 379 (416714 Gflops/s) - 382 (420013 Gflops/s) | Temperatures: 77°C - 70°C - 74°C - 75°C - 71°C - 73°C - 71°C - 71°C | Throttling: None - None - None - None - None - None - None - None
383 (421112 Gflops/s) - 381 (418913 Gflops/s) - 381 (418913 Gflops/s) - 380 (417814 Gflops/s) - 379 (416714 Gflops/s) - 382 (420013 Gflops/s) - 379 (416714 Gflops/s) - 382 (420013 Gflops/s) | Temperatures: 77°C - 70°C - 74°C - 75°C - 71°C - 73°C - 71°C - 71°C | Throttling: None - None - None - None - None - None - None - None
383 (421112 Gflops/s) - 381 (418913 Gflops/s) - 381 (418913 Gflops/s) - 379 (416714 Gflops/s) - 379 (416714 Gflops/s) - 381 (418913 Gflops/s) - 379 (416714 Gflops/s) - 381 (418913 Gflops/s) | Temperatures: 77°C - 70°C - 74°C - 75°C - 71°C - 73°C - 71°C - 71°C | Throttling: None - None - None - None - None - None - None - None
383 (421112 Gflops/s) - 381 (418913 Gflops/s) - 381 (418913 Gflops/s) - 380 (417814 Gflops/s) - 379 (416714 Gflops/s) - 382 (420013 Gflops/s) - 379 (416714 Gflops/s) - 382 (420013 Gflops/s) | Temperatures: 77°C - 70°C - 74°C - 75°C - 71°C - 73°C - 71°C - 71°C | Throttling: None - None - None - None - None - None - None - None
383 (421112 Gflops/s) - 381 (418913 Gflops/s) - 381 (418913 Gflops/s) - 379 (416714 Gflops/s) - 379 (416714 Gflops/s) - 381 (418913 Gflops/s) - 379 (416714 Gflops/s) - 382 (420013 Gflops/s) | Temperatures: 78°C - 70°C - 74°C - 75°C - 71°C - 73°C - 71°C - 71°C | Throttling: None - None - None - None - None - None - None - None
383 (421112 Gflops/s) - 381 (418913 Gflops/s) - 381 (418913 Gflops/s) - 379 (416714 Gflops/s) - 378 (415615 Gflops/s) - 381 (418913 Gflops/s) - 379 (416714 Gflops/s) - 381 (418913 Gflops/s) | Temperatures: 77°C - 70°C - 74°C - 75°C - 71°C - 73°C - 71°C - 71°C | Throttling: None - None - None - None - None - None - None - None
383 (421112 Gflops/s) - 381 (418913 Gflops/s) - 381 (418913 Gflops/s) - 380 (417814 Gflops/s) - 379 (416714 Gflops/s) - 382 (420013 Gflops/s) - 379 (416714 Gflops/s) - 382 (420013 Gflops/s) | Temperatures: 78°C - 70°C - 74°C - 75°C - 71°C - 73°C - 71°C - 71°C | Throttling: None - None - None - None - None - None - None - None
383 (421112 Gflops/s) - 381 (418913 Gflops/s) - 381 (418913 Gflops/s) - 379 (416714 Gflops/s) - 379 (416714 Gflops/s) - 381 (418913 Gflops/s) - 379 (416714 Gflops/s) - 382 (420013 Gflops/s) | Temperatures: 78°C - 70°C - 74°C - 75°C - 71°C - 73°C - 71°C - 71°C | Throttling: None - None - None - None - None - None - None - None
383 (421112 Gflops/s) - 381 (418913 Gflops/s) - 382 (420013 Gflops/s) - 379 (416714 Gflops/s) - 379 (416714 Gflops/s) - 382 (420013 Gflops/s) - 379 (416714 Gflops/s) - 382 (420013 Gflops/s) | Temperatures: 77°C - 70°C - 74°C - 75°C - 71°C - 73°C - 71°C - 71°C | Throttling: None - None - None - None - None - None - None - None
383 (421112 Gflops/s) - 381 (418913 Gflops/s) - 381 (418913 Gflops/s) - 380 (417814 Gflops/s) - 379 (416714 Gflops/s) - 381 (418913 Gflops/s) - 379 (416714 Gflops/s) - 381 (418913 Gflops/s) | Temperatures: 78°C - 70°C - 74°C - 75°C - 71°C - 73°C - 71°C - 71°C | Throttling: None - None - None - None - None - None - None - None
383 (421112 Gflops/s) - 381 (418913 Gflops/s) - 381 (418913 Gflops/s) - 379 (416714 Gflops/s) - 379 (416714 Gflops/s) - 382 (420013 Gflops/s) - 379 (416714 Gflops/s) - 382 (420013 Gflops/s) | Temperatures: 78°C - 70°C - 74°C - 75°C - 71°C - 73°C - 71°C - 71°C | Throttling: None - None - None - None - None - None - None - None
383 (421112 Gflops/s) - 381 (418913 Gflops/s) - 381 (418913 Gflops/s) - 380 (417814 Gflops/s) - 379 (416714 Gflops/s) - 381 (418913 Gflops/s) - 379 (416714 Gflops/s) - 382 (420013 Gflops/s) | Temperatures: 78°C - 70°C - 74°C - 75°C - 71°C - 73°C - 71°C - 71°C | Throttling: None - None - None - None - None - None - None - None
383 (421112 Gflops/s) - 381 (418913 Gflops/s) - 381 (418913 Gflops/s) - 379 (416714 Gflops/s) - 379 (416714 Gflops/s) - 382 (420013 Gflops/s) - 379 (416714 Gflops/s) - 382 (420013 Gflops/s) | Temperatures: 78°C - 70°C - 74°C - 75°C - 71°C - 73°C - 71°C - 71°C | Throttling: None - None - None - None - None - None - None - None
383 (421112 Gflops/s) - 381 (418913 Gflops/s) - 382 (420013 Gflops/s) - 379 (416714 Gflops/s) - 379 (416714 Gflops/s) - 381 (418913 Gflops/s) - 380 (417814 Gflops/s) - 381 (418913 Gflops/s) | Temperatures: 78°C - 70°C - 74°C - 75°C - 71°C - 73°C - 71°C - 71°C | Throttling: None - None - None - None - None - None - None - None
383 (421112 Gflops/s) - 381 (418913 Gflops/s) - 381 (418913 Gflops/s) - 380 (417814 Gflops/s) - 379 (416714 Gflops/s) - 382 (420013 Gflops/s) - 379 (416714 Gflops/s) - 382 (420013 Gflops/s) | Temperatures: 78°C - 70°C - 74°C - 75°C - 71°C - 73°C - 71°C - 71°C | Throttling: None - None - None - None - None - None - None - None
383 (421112 Gflops/s) - 381 (418913 Gflops/s) - 381 (418913 Gflops/s) - 379 (416714 Gflops/s) - 379 (416714 Gflops/s) - 381 (418913 Gflops/s) - 379 (416714 Gflops/s) - 382 (420013 Gflops/s) | Temperatures: 78°C - 70°C - 74°C - 75°C - 71°C - 73°C - 71°C - 71°C | Throttling: None - None - None - None - None - None - None - None
383 (421112 Gflops/s) - 381 (418913 Gflops/s) - 381 (418913 Gflops/s) - 380 (417814 Gflops/s) - 379 (416714 Gflops/s) - 382 (420013 Gflops/s) - 379 (416714 Gflops/s) - 382 (420013 Gflops/s) | Temperatures: 78°C - 70°C - 74°C - 75°C - 71°C - 73°C - 71°C - 71°C | Throttling: None - None - None - None - None - None - None - None
384 (422212 Gflops/s) - 381 (418913 Gflops/s) - 381 (418913 Gflops/s) - 379 (416714 Gflops/s) - 379 (416714 Gflops/s) - 381 (418913 Gflops/s) - 379 (416714 Gflops/s) - 382 (420013 Gflops/s) | Temperatures: 78°C - 70°C - 74°C - 75°C - 71°C - 73°C - 71°C - 71°C | Throttling: None - None - None - None - None - None - None - None
382 (420013 Gflops/s) - 381 (418913 Gflops/s) - 381 (418913 Gflops/s) - 380 (417814 Gflops/s) - 379 (416714 Gflops/s) - 382 (420013 Gflops/s) - 379 (416714 Gflops/s) - 381 (418913 Gflops/s) | Temperatures: 78°C - 70°C - 74°C - 75°C - 71°C - 73°C - 71°C - 71°C | Throttling: None - None - None - None - None - None - None - None
383 (421112 Gflops/s) - 381 (418913 Gflops/s) - 382 (420013 Gflops/s) - 379 (416714 Gflops/s) - 378 (415615 Gflops/s) - 381 (418913 Gflops/s) - 379 (416714 Gflops/s) - 382 (420013 Gflops/s) | Temperatures: 78°C - 70°C - 74°C - 75°C - 71°C - 73°C - 71°C - 71°C | Throttling: None - None - None - None - None - None - None - None
383 (421112 Gflops/s) - 381 (418913 Gflops/s) - 381 (418913 Gflops/s) - 379 (416714 Gflops/s) - 379 (416714 Gflops/s) - 382 (420013 Gflops/s) - 379 (416714 Gflops/s) - 382 (420013 Gflops/s) | Temperatures: 78°C - 70°C - 74°C - 75°C - 71°C - 73°C - 71°C - 71°C | Throttling: None - None - None - None - None - None - None - None
383 (421112 Gflops/s) - 381 (418913 Gflops/s) - 381 (418913 Gflops/s) - 380 (417814 Gflops/s) - 379 (416714 Gflops/s) - 381 (418913 Gflops/s) - 379 (416714 Gflops/s) - 381 (418913 Gflops/s) | Temperatures: 78°C - 70°C - 74°C - 75°C - 71°C - 73°C - 71°C - 71°C | Throttling: None - None - None - None - None - None - None - None
383 (421112 Gflops/s) - 381 (418913 Gflops/s) - 381 (418913 Gflops/s) - 379 (416714 Gflops/s) - 379 (416714 Gflops/s) - 381 (418913 Gflops/s) - 379 (416714 Gflops/s) - 382 (420013 Gflops/s) | Temperatures: 78°C - 70°C - 74°C - 75°C - 71°C - 73°C - 71°C - 71°C | Throttling: None - None - None - None - None - None - None - None
383 (421112 Gflops/s) - 381 (418913 Gflops/s) - 381 (418913 Gflops/s) - 379 (416714 Gflops/s) - 379 (416714 Gflops/s) - 382 (420013 Gflops/s) - 379 (416714 Gflops/s) - 381 (418913 Gflops/s) | Temperatures: 78°C - 70°C - 74°C - 75°C - 71°C - 73°C - 71°C - 71°C | Throttling: None - None - None - None - None - None - None - None
383 (421112 Gflops/s) - 381 (418913 Gflops/s) - 381 (418913 Gflops/s) - 380 (417814 Gflops/s) - 379 (416714 Gflops/s) - 381 (418913 Gflops/s) - 379 (416714 Gflops/s) - 382 (420013 Gflops/s) | Temperatures: 78°C - 70°C - 74°C - 75°C - 71°C - 73°C - 71°C - 71°C | Throttling: None - None - None - None - None - None - None - None
383 (421112 Gflops/s) - 381 (418913 Gflops/s) - 381 (418913 Gflops/s) - 379 (416714 Gflops/s) - 379 (416714 Gflops/s) - 382 (420013 Gflops/s) - 379 (416714 Gflops/s) - 382 (420013 Gflops/s) | Temperatures: 78°C - 70°C - 74°C - 75°C - 71°C - 73°C - 71°C - 71°C | Throttling: None - None - None - None - None - None - None - None
383 (421112 Gflops/s) - 381 (418913 Gflops/s) - 381 (418913 Gflops/s) - 379 (416714 Gflops/s) - 378 (415615 Gflops/s) - 381 (418913 Gflops/s) - 379 (416714 Gflops/s) - 382 (420013 Gflops/s) | Temperatures: 78°C - 70°C - 74°C - 75°C - 71°C - 73°C - 71°C - 71°C | Throttling: None - None - None - None - None - None - None - None
383 (421112 Gflops/s) - 381 (418913 Gflops/s) - 382 (420013 Gflops/s) - 380 (417814 Gflops/s) - 379 (416714 Gflops/s) - 381 (418913 Gflops/s) - 379 (416714 Gflops/s) - 382 (420013 Gflops/s) | Temperatures: 78°C - 70°C - 74°C - 75°C - 71°C - 73°C - 71°C - 71°C | Throttling: None - None - None - None - None - None - None - None
383 (421112 Gflops/s) - 381 (418913 Gflops/s) - 381 (418913 Gflops/s) - 379 (416714 Gflops/s) - 379 (416714 Gflops/s) - 382 (420013 Gflops/s) - 379 (416714 Gflops/s) - 381 (418913 Gflops/s) | Temperatures: 78°C - 70°C - 74°C - 75°C - 71°C - 73°C - 71°C - 71°C | Throttling: None - None - None - None - None - None - None - None
383 (421112 Gflops/s) - 381 (418913 Gflops/s) - 381 (418913 Gflops/s) - 380 (417814 Gflops/s) - 379 (416714 Gflops/s) - 381 (418913 Gflops/s) - 380 (417814 Gflops/s) - 382 (420013 Gflops/s) | Temperatures: 78°C - 70°C - 74°C - 75°C - 71°C - 73°C - 71°C - 71°C | Throttling: None - None - None - None - None - None - None - None
383 (421112 Gflops/s) - 381 (418913 Gflops/s) - 381 (418913 Gflops/s) - 379 (416714 Gflops/s) - 379 (416714 Gflops/s) - 382 (420013 Gflops/s) - 379 (416714 Gflops/s) - 382 (420013 Gflops/s) | Temperatures: 78°C - 70°C - 74°C - 75°C - 71°C - 73°C - 71°C - 71°C | Throttling: None - None - None - None - None - None - None - None
383 (421112 Gflops/s) - 381 (418913 Gflops/s) - 381 (418913 Gflops/s) - 380 (417814 Gflops/s) - 379 (416714 Gflops/s) - 381 (418913 Gflops/s) - 379 (416714 Gflops/s) - 382 (420013 Gflops/s) | Temperatures: 78°C - 70°C - 74°C - 75°C - 71°C - 73°C - 71°C - 71°C | Throttling: None - None - None - None - None - None - None - None
383 (421112 Gflops/s) - 381 (418913 Gflops/s) - 381 (418913 Gflops/s) - 379 (416714 Gflops/s) - 379 (416714 Gflops/s) - 382 (420013 Gflops/s) - 379 (416714 Gflops/s) - 381 (418913 Gflops/s) | Temperatures: 77°C - 70°C - 74°C - 75°C - 71°C - 73°C - 71°C - 71°C | Throttling: None - None - None - None - None - None - None - None
383 (421112 Gflops/s) - 381 (418913 Gflops/s) - 382 (420013 Gflops/s) - 379 (416714 Gflops/s) - 379 (416714 Gflops/s) - 381 (418913 Gflops/s) - 379 (416714 Gflops/s) - 382 (420013 Gflops/s) | Temperatures: 78°C - 70°C - 74°C - 75°C - 71°C - 73°C - 71°C - 71°C | Throttling: None - None - None - None - None - None - None - None
383 (421112 Gflops/s) - 381 (418913 Gflops/s) - 381 (418913 Gflops/s) - 380 (417814 Gflops/s) - 379 (416714 Gflops/s) - 382 (420013 Gflops/s) - 379 (416714 Gflops/s) - 382 (420013 Gflops/s) | Temperatures: 78°C - 70°C - 74°C - 75°C - 71°C - 73°C - 71°C - 71°C | Throttling: None - None - None - None - None - None - None - None
383 (421112 Gflops/s) - 381 (418913 Gflops/s) - 381 (418913 Gflops/s) - 379 (416714 Gflops/s) - 379 (416714 Gflops/s) - 381 (418913 Gflops/s) - 379 (416714 Gflops/s) - 381 (418913 Gflops/s) | Temperatures: 78°C - 70°C - 74°C - 75°C - 71°C - 73°C - 71°C - 71°C | Throttling: None - None - None - None - None - None - None - None
383 (421112 Gflops/s) - 381 (418913 Gflops/s) - 381 (418913 Gflops/s) - 380 (417814 Gflops/s) - 379 (416714 Gflops/s) - 382 (420013 Gflops/s) - 379 (416714 Gflops/s) - 382 (420013 Gflops/s) | Temperatures: 78°C - 70°C - 74°C - 75°C - 71°C - 73°C - 71°C - 71°C | Throttling: None - None - None - None - None - None - None - None
383 (421112 Gflops/s) - 381 (418913 Gflops/s) - 381 (418913 Gflops/s) - 379 (416714 Gflops/s) - 379 (416714 Gflops/s) - 381 (418913 Gflops/s) - 379 (416714 Gflops/s) - 382 (420013 Gflops/s) | Temperatures: 78°C - 70°C - 74°C - 75°C - 71°C - 73°C - 71°C - 71°C | Throttling: None - None - None - None - None - None - None - None
382 (420013 Gflops/s) - 380 (417814 Gflops/s) - 381 (418913 Gflops/s) - 379 (416714 Gflops/s) - 378 (415615 Gflops/s) - 381 (418913 Gflops/s) - 379 (416714 Gflops/s) - 381 (418913 Gflops/s) | Temperatures: 78°C - 70°C - 74°C - 75°C - 71°C - 73°C - 71°C - 71°C | Throttling: None - None - None - None - None - None - None - None
383 (421112 Gflops/s) - 381 (418913 Gflops/s) - 381 (418913 Gflops/s) - 379 (416714 Gflops/s) - 379 (416714 Gflops/s) - 382 (420013 Gflops/s) - 379 (416714 Gflops/s) - 382 (420013 Gflops/s) | Temperatures: 78°C - 70°C - 74°C - 75°C - 71°C - 73°C - 71°C - 71°C | Throttling: None - None - None - None - None - None - None - None
383 (421112 Gflops/s) - 381 (418913 Gflops/s) - 381 (418913 Gflops/s) - 380 (417814 Gflops/s) - 379 (416714 Gflops/s) - 381 (418913 Gflops/s) - 379 (416714 Gflops/s) - 382 (420013 Gflops/s) | Temperatures: 78°C - 70°C - 74°C - 75°C - 71°C - 73°C - 71°C - 71°C | Throttling: None - None - None - None - None - None - None - None
383 (421112 Gflops/s) - 381 (418913 Gflops/s) - 382 (420013 Gflops/s) - 379 (416714 Gflops/s) - 379 (416714 Gflops/s) - 382 (420013 Gflops/s) - 379 (416714 Gflops/s) - 382 (420013 Gflops/s) | Temperatures: 78°C - 70°C - 74°C - 75°C - 71°C - 73°C - 71°C - 71°C | Throttling: None - None - None - None - None - None - None - None
383 (421112 Gflops/s) - 381 (418913 Gflops/s) - 381 (418913 Gflops/s) - 379 (416714 Gflops/s) - 379 (416714 Gflops/s) - 381 (418913 Gflops/s) - 379 (416714 Gflops/s) - 381 (418913 Gflops/s) | Temperatures: 78°C - 70°C - 74°C - 75°C - 71°C - 73°C - 71°C - 71°C | Throttling: None - None - None - None - None - None - None - None
383 (421112 Gflops/s) - 381 (418913 Gflops/s) - 381 (418913 Gflops/s) - 380 (417814 Gflops/s) - 379 (416714 Gflops/s) - 381 (418913 Gflops/s) - 379 (416714 Gflops/s) - 382 (420013 Gflops/s) | Temperatures: 78°C - 70°C - 74°C - 75°C - 71°C - 73°C - 71°C - 71°C | Throttling: None - None - None - None - None - None - None - None
383 (421112 Gflops/s) - 381 (418913 Gflops/s) - 381 (418913 Gflops/s) - 379 (416714 Gflops/s) - 379 (416714 Gflops/s) - 382 (420013 Gflops/s) - 379 (416714 Gflops/s) - 382 (420013 Gflops/s) | Temperatures: 78°C - 70°C - 74°C - 75°C - 71°C - 73°C - 71°C - 71°C | Throttling: None - None - None - None - None - None - None - None
383 (421112 Gflops/s) - 381 (418913 Gflops/s) - 381 (418913 Gflops/s) - 380 (417814 Gflops/s) - 379 (416714 Gflops/s) - 381 (418913 Gflops/s) - 379 (416714 Gflops/s) - 382 (420013 Gflops/s) | Temperatures: 78°C - 70°C - 74°C - 75°C - 71°C - 73°C - 71°C - 71°C | Throttling: None - None - None - None - None - None - None - None
383 (421112 Gflops/s) - 381 (418913 Gflops/s) - 382 (420013 Gflops/s) - 379 (416714 Gflops/s) - 379 (416714 Gflops/s) - 382 (420013 Gflops/s) - 379 (416714 Gflops/s) - 381 (418913 Gflops/s) | Temperatures: 78°C - 70°C - 74°C - 75°C - 71°C - 73°C - 71°C - 71°C | Throttling: None - None - None - None - None - None - None - None
383 (421112 Gflops/s) - 381 (418913 Gflops/s) - 381 (418913 Gflops/s) - 380 (417814 Gflops/s) - 379 (416714 Gflops/s) - 381 (418913 Gflops/s) - 379 (416714 Gflops/s) - 382 (420013 Gflops/s) | Temperatures: 78°C - 70°C - 74°C - 75°C - 71°C - 72°C - 71°C - 71°C | Throttling: None - None - None - None - None - None - None - None
383 (421112 Gflops/s) - 381 (418913 Gflops/s) - 381 (418913 Gflops/s) - 379 (416714 Gflops/s) - 379 (416714 Gflops/s) - 382 (420013 Gflops/s) - 380 (417814 Gflops/s) - 382 (420013 Gflops/s) | Temperatures: 78°C - 70°C - 74°C - 75°C - 71°C - 73°C - 71°C - 71°C | Throttling: None - None - None - None - None - None - None - None
383 (421112 Gflops/s) - 381 (418913 Gflops/s) - 381 (418913 Gflops/s) - 379 (416714 Gflops/s) - 379 (416714 Gflops/s) - 381 (418913 Gflops/s) - 379 (416714 Gflops/s) - 382 (420013 Gflops/s) | Temperatures: 78°C - 70°C - 74°C - 75°C - 71°C - 73°C - 71°C - 71°C | Throttling: None - None - None - None - None - None - None - None
383 (421112 Gflops/s) - 381 (418913 Gflops/s) - 381 (418913 Gflops/s) - 380 (417814 Gflops/s) - 378 (415615 Gflops/s) - 382 (420013 Gflops/s) - 379 (416714 Gflops/s) - 382 (420013 Gflops/s) | Temperatures: 78°C - 70°C - 74°C - 75°C - 71°C - 73°C - 71°C - 71°C | Throttling: None - None - None - None - None - None - None - None
383 (421112 Gflops/s) - 381 (418913 Gflops/s) - 381 (418913 Gflops/s) - 379 (416714 Gflops/s) - 379 (416714 Gflops/s) - 381 (418913 Gflops/s) - 379 (416714 Gflops/s) - 381 (418913 Gflops/s) | Temperatures: 78°C - 70°C - 74°C - 75°C - 71°C - 73°C - 71°C - 71°C | Throttling: None - None - None - None - None - None - None - None
383 (421112 Gflops/s) - 381 (418913 Gflops/s) - 382 (420013 Gflops/s) - 380 (417814 Gflops/s) - 379 (416714 Gflops/s) - 382 (420013 Gflops/s) - 379 (416714 Gflops/s) - 382 (420013 Gflops/s) | Temperatures: 78°C - 70°C - 74°C - 75°C - 71°C - 72°C - 71°C - 71°C | Throttling: None - None - None - None - None - None - None - None
383 (421112 Gflops/s) - 382 (420013 Gflops/s) - 381 (418913 Gflops/s) - 379 (416714 Gflops/s) - 379 (416714 Gflops/s) - 381 (418913 Gflops/s) - 379 (416714 Gflops/s) - 382 (420013 Gflops/s) | Temperatures: 78°C - 70°C - 74°C - 75°C - 71°C - 73°C - 71°C - 71°C | Throttling: None - None - None - None - None - None - None - None
382 (420013 Gflops/s) - 380 (417814 Gflops/s) - 381 (418913 Gflops/s) - 379 (416714 Gflops/s) - 379 (416714 Gflops/s) - 382 (420013 Gflops/s) - 379 (416714 Gflops/s) - 381 (418913 Gflops/s) | Temperatures: 78°C - 70°C - 74°C - 75°C - 71°C - 73°C - 71°C - 71°C | Throttling: None - None - None - None - None - None - None - None
383 (421112 Gflops/s) - 381 (418913 Gflops/s) - 381 (418913 Gflops/s) - 379 (416714 Gflops/s) - 379 (416714 Gflops/s) - 381 (418913 Gflops/s) - 379 (416714 Gflops/s) - 382 (420013 Gflops/s) | Temperatures: 78°C - 70°C - 74°C - 75°C - 71°C - 73°C - 71°C - 71°C | Throttling: None - None - None - None - None - None - None - None
383 (421112 Gflops/s) - 381 (418913 Gflops/s) - 381 (418913 Gflops/s) - 380 (417814 Gflops/s) - 379 (416714 Gflops/s) - 381 (418913 Gflops/s) - 379 (416714 Gflops/s) - 382 (420013 Gflops/s) | Temperatures: 78°C - 70°C - 74°C - 75°C - 71°C - 73°C - 71°C - 71°C | Throttling: None - None - None - None - None - None - None - None
383 (421112 Gflops/s) - 381 (418913 Gflops/s) - 381 (418913 Gflops/s) - 379 (416714 Gflops/s) - 379 (416714 Gflops/s) - 382 (420013 Gflops/s) - 379 (416714 Gflops/s) - 381 (418913 Gflops/s) | Temperatures: 78°C - 70°C - 74°C - 75°C - 71°C - 73°C - 71°C - 71°C | Throttling: None - None - None - None - None - None - None - None
383 (421112 Gflops/s) - 381 (418913 Gflops/s) - 381 (418913 Gflops/s) - 380 (417814 Gflops/s) - 379 (416714 Gflops/s) - 381 (418913 Gflops/s) - 379 (416714 Gflops/s) - 382 (420013 Gflops/s) | Temperatures: 78°C - 70°C - 74°C - 75°C - 71°C - 73°C - 71°C - 71°C | Throttling: None - None - None - None - None - None - None - None
383 (421112 Gflops/s) - 381 (418913 Gflops/s) - 381 (418913 Gflops/s) - 379 (416714 Gflops/s) - 378 (415615 Gflops/s) - 382 (420013 Gflops/s) - 379 (416714 Gflops/s) - 382 (420013 Gflops/s) | Temperatures: 78°C - 70°C - 74°C - 75°C - 71°C - 73°C - 71°C - 71°C | Throttling: None - None - None - None - None - None - None - None
383 (421112 Gflops/s) - 381 (418913 Gflops/s) - 382 (420013 Gflops/s) - 379 (416714 Gflops/s) - 379 (416714 Gflops/s) - 381 (418913 Gflops/s) - 379 (416714 Gflops/s) - 382 (420013 Gflops/s) | Temperatures: 78°C - 70°C - 74°C - 75°C - 71°C - 73°C - 71°C - 71°C | Throttling: None - None - None - None - None - None - None - None
383 (421112 Gflops/s) - 381 (418913 Gflops/s) - 381 (418913 Gflops/s) - 380 (417814 Gflops/s) - 379 (416714 Gflops/s) - 382 (420013 Gflops/s) - 379 (416714 Gflops/s) - 381 (418913 Gflops/s) | Temperatures: 78°C - 70°C - 74°C - 75°C - 71°C - 73°C - 71°C - 71°C | Throttling: None - None - None - None - None - None - None - None
383 (421112 Gflops/s) - 381 (418913 Gflops/s) - 381 (418913 Gflops/s) - 379 (416714 Gflops/s) - 379 (416714 Gflops/s) - 381 (418913 Gflops/s) - 379 (416714 Gflops/s) - 382 (420013 Gflops/s) | Temperatures: 78°C - 70°C - 74°C - 75°C - 71°C - 73°C - 71°C - 71°C | Throttling: None - None - None - None - None - None - None - None
382 (420013 Gflops/s) - 381 (418913 Gflops/s) - 381 (418913 Gflops/s) - 380 (417814 Gflops/s) - 379 (416714 Gflops/s) - 382 (420013 Gflops/s) - 380 (417814 Gflops/s) - 382 (420013 Gflops/s) | Temperatures: 78°C - 70°C - 74°C - 75°C - 71°C - 73°C - 71°C - 71°C | Throttling: None - None - None - None - None - None - None - None
383 (421112 Gflops/s) - 381 (418913 Gflops/s) - 381 (418913 Gflops/s) - 379 (416714 Gflops/s) - 379 (416714 Gflops/s) - 381 (418913 Gflops/s) - 379 (416714 Gflops/s) - 382 (420013 Gflops/s) | Temperatures: 78°C - 70°C - 74°C - 75°C - 71°C - 73°C - 71°C - 71°C | Throttling: None - None - None - None - None - None - None - None
383 (421112 Gflops/s) - 381 (418913 Gflops/s) - 382 (420013 Gflops/s) - 379 (416714 Gflops/s) - 379 (416714 Gflops/s) - 381 (418913 Gflops/s) - 379 (416714 Gflops/s) - 382 (420013 Gflops/s) | Temperatures: 78°C - 70°C - 74°C - 75°C - 71°C - 73°C - 71°C - 71°C | Throttling: None - None - None - None - None - None - None - None
383 (421112 Gflops/s) - 381 (418913 Gflops/s) - 381 (418913 Gflops/s) - 380 (417814 Gflops/s) - 378 (415615 Gflops/s) - 382 (420013 Gflops/s) - 379 (416714 Gflops/s) - 381 (418913 Gflops/s) | Temperatures: 78°C - 70°C - 74°C - 75°C - 71°C - 73°C - 71°C - 71°C | Throttling: None - None - None - None - None - None - None - None
383 (421112 Gflops/s) - 381 (418913 Gflops/s) - 381 (418913 Gflops/s) - 379 (416714 Gflops/s) - 379 (416714 Gflops/s) - 381 (418913 Gflops/s) - 379 (416714 Gflops/s) - 382 (420013 Gflops/s) | Temperatures: 78°C - 70°C - 74°C - 75°C - 71°C - 73°C - 71°C - 71°C | Throttling: None - None - None - None - None - None - None - None
382 (420013 Gflops/s) - 381 (418913 Gflops/s) - 381 (418913 Gflops/s) - 379 (416714 Gflops/s) - 379 (416714 Gflops/s) - 382 (420013 Gflops/s) - 379 (416714 Gflops/s) - 382 (420013 Gflops/s) | Temperatures: 78°C - 70°C - 74°C - 75°C - 71°C - 73°C - 71°C - 71°C | Throttling: None - None - None - None - None - None - None - None
383 (421112 Gflops/s) - 381 (418913 Gflops/s) - 381 (418913 Gflops/s) - 379 (416714 Gflops/s) - 379 (416714 Gflops/s) - 381 (418913 Gflops/s) - 379 (416714 Gflops/s) - 381 (418913 Gflops/s) | Temperatures: 78°C - 70°C - 74°C - 75°C - 71°C - 73°C - 71°C - 71°C | Throttling: None - None - None - None - None - None - None - None
383 (421112 Gflops/s) - 381 (418913 Gflops/s) - 381 (418913 Gflops/s) - 379 (416714 Gflops/s) - 379 (416714 Gflops/s) - 381 (418913 Gflops/s) - 379 (416714 Gflops/s) - 382 (420013 Gflops/s) | Temperatures: 78°C - 70°C - 74°C - 75°C - 71°C - 73°C - 71°C - 71°C | Throttling: None - None - None - None - None - None - None - None
382 (420013 Gflops/s) - 381 (418913 Gflops/s) - 381 (418913 Gflops/s) - 380 (417814 Gflops/s) - 378 (415615 Gflops/s) - 382 (420013 Gflops/s) - 379 (416714 Gflops/s) - 382 (420013 Gflops/s) | Temperatures: 78°C - 70°C - 74°C - 75°C - 71°C - 73°C - 71°C - 71°C | Throttling: None - None - None - None - None - None - None - None
383 (421112 Gflops/s) - 381 (418913 Gflops/s) - 381 (418913 Gflops/s) - 379 (416714 Gflops/s) - 379 (416714 Gflops/s) - 381 (418913 Gflops/s) - 379 (416714 Gflops/s) - 381 (418913 Gflops/s) | Temperatures: 78°C - 70°C - 74°C - 75°C - 71°C - 73°C - 71°C - 71°C | Throttling: None - None - None - None - None - None - None - None
383 (421112 Gflops/s) - 381 (418913 Gflops/s) - 381 (418913 Gflops/s) - 379 (416714 Gflops/s) - 379 (416714 Gflops/s) - 382 (420013 Gflops/s) - 379 (416714 Gflops/s) - 382 (420013 Gflops/s) | Temperatures: 78°C - 70°C - 74°C - 75°C - 71°C - 73°C - 71°C - 71°C | Throttling: None - None - None - None - None - None - None - None
382 (420013 Gflops/s) - 381 (418913 Gflops/s) - 382 (420013 Gflops/s) - 379 (416714 Gflops/s) - 379 (416714 Gflops/s) - 381 (418913 Gflops/s) - 379 (416714 Gflops/s) - 382 (420013 Gflops/s) | Temperatures: 78°C - 70°C - 74°C - 75°C - 71°C - 73°C - 71°C - 71°C | Throttling: None - None - None - None - None - None - None - None
383 (421112 Gflops/s) - 381 (418913 Gflops/s) - 381 (418913 Gflops/s) - 379 (416714 Gflops/s) - 379 (416714 Gflops/s) - 381 (418913 Gflops/s) - 379 (416714 Gflops/s) - 382 (420013 Gflops/s) | Temperatures: 78°C - 70°C - 74°C - 75°C - 71°C - 73°C - 71°C - 71°C | Throttling: None - None - None - None - None - None - None - None
383 (421112 Gflops/s) - 380 (417814 Gflops/s) - 381 (418913 Gflops/s) - 380 (417814 Gflops/s) - 379 (416714 Gflops/s) - 382 (420013 Gflops/s) - 379 (416714 Gflops/s) - 381 (418913 Gflops/s) | Temperatures: 78°C - 70°C - 74°C - 75°C - 71°C - 73°C - 71°C - 71°C | Throttling: None - None - None - None - None - None - None - None
383 (421112 Gflops/s) - 381 (418913 Gflops/s) - 381 (418913 Gflops/s) - 379 (416714 Gflops/s) - 379 (416714 Gflops/s) - 381 (418913 Gflops/s) - 379 (416714 Gflops/s) - 382 (420013 Gflops/s) | Temperatures: 78°C - 70°C - 74°C - 75°C - 71°C - 73°C - 71°C - 71°C | Throttling: None - None - None - None - None - None - None - None
382 (420013 Gflops/s) - 381 (418913 Gflops/s) - 381 (418913 Gflops/s) - 379 (416714 Gflops/s) - 379 (416714 Gflops/s) - 382 (420013 Gflops/s) - 379 (416714 Gflops/s) - 382 (420013 Gflops/s) | Temperatures: 78°C - 70°C - 74°C - 75°C - 71°C - 73°C - 71°C - 71°C | Throttling: None - None - None - None - None - None - None - None
383 (421112 Gflops/s) - 381 (418913 Gflops/s) - 382 (420013 Gflops/s) - 380 (417814 Gflops/s) - 379 (416714 Gflops/s) - 381 (418913 Gflops/s) - 379 (416714 Gflops/s) - 382 (420013 Gflops/s) | Temperatures: 78°C - 70°C - 74°C - 75°C - 71°C - 73°C - 71°C - 71°C | Throttling: None - None - None - None - None - None - None - None
383 (421112 Gflops/s) - 381 (418913 Gflops/s) - 381 (418913 Gflops/s) - 379 (416714 Gflops/s) - 379 (416714 Gflops/s) - 382 (420013 Gflops/s) - 379 (416714 Gflops/s) - 381 (418913 Gflops/s) | Temperatures: 78°C - 70°C - 74°C - 75°C - 71°C - 73°C - 71°C - 71°C | Throttling: None - None - None - None - None - None - None - None
382 (420013 Gflops/s) - 381 (418913 Gflops/s) - 381 (418913 Gflops/s) - 379 (416714 Gflops/s) - 379 (416714 Gflops/s) - 381 (418913 Gflops/s) - 379 (416714 Gflops/s) - 382 (420013 Gflops/s) | Temperatures: 78°C - 70°C - 74°C - 75°C - 71°C - 73°C - 71°C - 71°C | Throttling: None - None - None - None - None - None - None - None
383 (421112 Gflops/s) - 381 (418913 Gflops/s) - 381 (418913 Gflops/s) - 380 (417814 Gflops/s) - 378 (415615 Gflops/s) - 381 (418913 Gflops/s) - 379 (416714 Gflops/s) - 382 (420013 Gflops/s) | Temperatures: 78°C - 70°C - 74°C - 75°C - 71°C - 73°C - 71°C - 71°C | Throttling: None - None - None - None - None - None - None - None
383 (421112 Gflops/s) - 381 (418913 Gflops/s) - 381 (418913 Gflops/s) - 379 (416714 Gflops/s) - 379 (416714 Gflops/s) - 382 (420013 Gflops/s) - 379 (416714 Gflops/s) - 382 (420013 Gflops/s) | Temperatures: 78°C - 70°C - 74°C - 75°C - 71°C - 73°C - 71°C - 71°C | Throttling: None - None - None - None - None - None - None - None
382 (420013 Gflops/s) - 381 (418913 Gflops/s) - 381 (418913 Gflops/s) - 379 (416714 Gflops/s) - 379 (416714 Gflops/s) - 381 (418913 Gflops/s) - 379 (416714 Gflops/s) - 381 (418913 Gflops/s) | Temperatures: 78°C - 70°C - 74°C - 75°C - 71°C - 73°C - 71°C - 71°C | Throttling: None - None - None - None - None - None - None - None
383 (421112 Gflops/s) - 381 (418913 Gflops/s) - 381 (418913 Gflops/s) - 379 (416714 Gflops/s) - 379 (416714 Gflops/s) - 382 (420013 Gflops/s) - 379 (416714 Gflops/s) - 382 (420013 Gflops/s) | Temperatures: 78°C - 70°C - 74°C - 75°C - 71°C - 73°C - 71°C - 71°C | Throttling: None - None - None - None - None - None - None - None
383 (421112 Gflops/s) - 381 (418913 Gflops/s) - 382 (420013 Gflops/s) - 380 (417814 Gflops/s) - 379 (416714 Gflops/s) - 381 (418913 Gflops/s) - 379 (416714 Gflops/s) - 382 (420013 Gflops/s) | Temperatures: 78°C - 70°C - 74°C - 75°C - 71°C - 73°C - 71°C - 71°C | Throttling: None - None - None - None - None - None - None - None
382 (420013 Gflops/s) - 381 (418913 Gflops/s) - 381 (418913 Gflops/s) - 379 (416714 Gflops/s) - 379 (416714 Gflops/s) - 381 (418913 Gflops/s) - 379 (416714 Gflops/s) - 382 (420013 Gflops/s) | Temperatures: 78°C - 70°C - 74°C - 75°C - 71°C - 73°C - 71°C - 71°C | Throttling: None - None - None - None - None - None - None - None
383 (421112 Gflops/s) - 381 (418913 Gflops/s) - 381 (418913 Gflops/s) - 379 (416714 Gflops/s) - 378 (415615 Gflops/s) - 381 (418913 Gflops/s) - 379 (416714 Gflops/s) - 381 (418913 Gflops/s) | Temperatures: 78°C - 70°C - 74°C - 75°C - 71°C - 73°C - 71°C - 71°C | Throttling: None - None - None - None - None - None - None - None
382 (420013 Gflops/s) - 381 (418913 Gflops/s) - 381 (418913 Gflops/s) - 379 (416714 Gflops/s) - 379 (416714 Gflops/s) - 382 (420013 Gflops/s) - 379 (416714 Gflops/s) - 382 (420013 Gflops/s) | Temperatures: 78°C - 70°C - 74°C - 75°C - 71°C - 73°C - 71°C - 71°C | Throttling: None - None - None - None - None - None - None - None
383 (421112 Gflops/s) - 381 (418913 Gflops/s) - 381 (418913 Gflops/s) - 379 (416714 Gflops/s) - 379 (416714 Gflops/s) - 381 (418913 Gflops/s) - 379 (416714 Gflops/s) - 381 (418913 Gflops/s) | Temperatures: 78°C - 70°C - 74°C - 75°C - 71°C - 73°C - 71°C - 71°C | Throttling: None - None - None - None - None - None - None - None
382 (420013 Gflops/s) - 381 (418913 Gflops/s) - 381 (418913 Gflops/s) - 380 (417814 Gflops/s) - 379 (416714 Gflops/s) - 382 (420013 Gflops/s) - 379 (416714 Gflops/s) - 382 (420013 Gflops/s) | Temperatures: 78°C - 70°C - 74°C - 75°C - 71°C - 73°C - 71°C - 71°C | Throttling: None - None - None - None - None - None - None - None
383 (421112 Gflops/s) - 381 (418913 Gflops/s) - 381 (418913 Gflops/s) - 379 (416714 Gflops/s) - 379 (416714 Gflops/s) - 381 (418913 Gflops/s) - 379 (416714 Gflops/s) - 382 (420013 Gflops/s) | Temperatures: 78°C - 70°C - 74°C - 75°C - 71°C - 73°C - 71°C - 71°C | Throttling: None - None - None - None - None - None - None - None
383 (421112 Gflops/s) - 381 (418913 Gflops/s) - 381 (418913 Gflops/s) - 379 (416714 Gflops/s) - 379 (416714 Gflops/s) - 382 (420013 Gflops/s) - 379 (416714 Gflops/s) - 382 (420013 Gflops/s) | Temperatures: 78°C - 70°C - 74°C - 75°C - 71°C - 73°C - 71°C - 71°C | Throttling: None - None - None - None - None - None - None - None
382 (420013 Gflops/s) - 381 (418913 Gflops/s) - 382 (420013 Gflops/s) - 379 (416714 Gflops/s) - 378 (415615 Gflops/s) - 381 (418913 Gflops/s) - 379 (416714 Gflops/s) - 382 (420013 Gflops/s) | Temperatures: 78°C - 70°C - 74°C - 75°C - 71°C - 73°C - 71°C - 71°C | Throttling: None - None - None - None - None - None - None - None
383 (421112 Gflops/s) - 380 (417814 Gflops/s) - 381 (418913 Gflops/s) - 380 (417814 Gflops/s) - 379 (416714 Gflops/s) - 382 (420013 Gflops/s) - 379 (416714 Gflops/s) - 381 (418913 Gflops/s) | Temperatures: 78°C - 70°C - 74°C - 75°C - 71°C - 73°C - 71°C - 71°C | Throttling: None - None - None - None - None - None - None - None
382 (420013 Gflops/s) - 381 (418913 Gflops/s) - 381 (418913 Gflops/s) - 379 (416714 Gflops/s) - 379 (416714 Gflops/s) - 381 (418913 Gflops/s) - 379 (416714 Gflops/s) - 382 (420013 Gflops/s) | Temperatures: 78°C - 70°C - 74°C - 75°C - 71°C - 73°C - 71°C - 71°C | Throttling: None - None - None - None - None - None - None - None
383 (421112 Gflops/s) - 381 (418913 Gflops/s) - 381 (418913 Gflops/s) - 379 (416714 Gflops/s) - 379 (416714 Gflops/s) - 381 (418913 Gflops/s) - 379 (416714 Gflops/s) - 382 (420013 Gflops/s) | Temperatures: 78°C - 70°C - 74°C - 75°C - 71°C - 73°C - 71°C - 71°C | Throttling: None - None - None - None - None - None - None - None
383 (421112 Gflops/s) - 381 (418913 Gflops/s) - 381 (418913 Gflops/s) - 379 (416714 Gflops/s) - 378 (415615 Gflops/s) - 382 (420013 Gflops/s) - 379 (416714 Gflops/s) - 382 (420013 Gflops/s) | Temperatures: 78°C - 70°C - 74°C - 75°C - 71°C - 73°C - 71°C - 71°C | Throttling: None - None - None - None - None - None - None - None
382 (420013 Gflops/s) - 381 (418913 Gflops/s) - 381 (418913 Gflops/s) - 379 (416714 Gflops/s) - 379 (416714 Gflops/s) - 381 (418913 Gflops/s) - 379 (416714 Gflops/s) - 381 (418913 Gflops/s) | Temperatures: 78°C - 70°C - 74°C - 75°C - 71°C - 73°C - 71°C - 71°C | Throttling: None - None - None - None - None - None - None - None
383 (421112 Gflops/s) - 381 (418913 Gflops/s) - 381 (418913 Gflops/s) - 380 (417814 Gflops/s) - 379 (416714 Gflops/s) - 382 (420013 Gflops/s) - 379 (416714 Gflops/s) - 382 (420013 Gflops/s) | Temperatures: 78°C - 70°C - 74°C - 75°C - 71°C - 73°C - 71°C - 71°C | Throttling: None - None - None - None - None - None - None - None
383 (421112 Gflops/s) - 381 (418913 Gflops/s) - 382 (420013 Gflops/s) - 379 (416714 Gflops/s) - 379 (416714 Gflops/s) - 381 (418913 Gflops/s) - 379 (416714 Gflops/s) - 382 (420013 Gflops/s) | Temperatures: 78°C - 70°C - 74°C - 75°C - 71°C - 73°C - 71°C - 71°C | Throttling: None - None - None - None - None - None - None - None
382 (420013 Gflops/s) - 381 (418913 Gflops/s) - 381 (418913 Gflops/s) - 379 (416714 Gflops/s) - 379 (416714 Gflops/s) - 382 (420013 Gflops/s) - 379 (416714 Gflops/s) - 382 (420013 Gflops/s) | Temperatures: 78°C - 70°C - 74°C - 75°C - 71°C - 73°C - 71°C - 71°C | Throttling: None - None - None - None - None - None - None - None
383 (421112 Gflops/s) - 381 (418913 Gflops/s) - 381 (418913 Gflops/s) - 379 (416714 Gflops/s) - 379 (416714 Gflops/s) - 381 (418913 Gflops/s) - 379 (416714 Gflops/s) - 381 (418913 Gflops/s) | Temperatures: 78°C - 70°C - 74°C - 75°C - 71°C - 73°C - 71°C - 71°C | Throttling: None - None - None - None - None - None - None - None
382 (420013 Gflops/s) - 381 (418913 Gflops/s) - 381 (418913 Gflops/s) - 379 (416714 Gflops/s) - 379 (416714 Gflops/s) - 382 (420013 Gflops/s) - 379 (416714 Gflops/s) - 382 (420013 Gflops/s) | Temperatures: 78°C - 70°C - 74°C - 75°C - 71°C - 73°C - 71°C - 71°C | Throttling: None - None - None - None - None - None - None - None
383 (421112 Gflops/s) - 381 (418913 Gflops/s) - 381 (418913 Gflops/s) - 379 (416714 Gflops/s) - 378 (415615 Gflops/s) - 381 (418913 Gflops/s) - 379 (416714 Gflops/s) - 382 (420013 Gflops/s) | Temperatures: 78°C - 70°C - 74°C - 75°C - 71°C - 73°C - 71°C - 71°C | Throttling: None - None - None - None - None - None - None - None
382 (420013 Gflops/s) - 381 (418913 Gflops/s) - 381 (418913 Gflops/s) - 379 (416714 Gflops/s) - 379 (416714 Gflops/s) - 381 (418913 Gflops/s) - 379 (416714 Gflops/s) - 381 (418913 Gflops/s) | Temperatures: 78°C - 70°C - 74°C - 75°C - 71°C - 73°C - 71°C - 71°C | Throttling: None - None - None - None - None - None - None - None
383 (421112 Gflops/s) - 381 (418913 Gflops/s) - 381 (418913 Gflops/s) - 380 (417814 Gflops/s) - 379 (416714 Gflops/s) - 382 (420013 Gflops/s) - 379 (416714 Gflops/s) - 382 (420013 Gflops/s) | Temperatures: 78°C - 70°C - 74°C - 75°C - 71°C - 73°C - 71°C - 71°C | Throttling: None - None - None - None - None - None - None - None
382 (420013 Gflops/s) - 381 (418913 Gflops/s) - 381 (418913 Gflops/s) - 379 (416714 Gflops/s) - 379 (416714 Gflops/s) - 381 (418913 Gflops/s) - 379 (416714 Gflops/s) - 382 (420013 Gflops/s) | Temperatures: 78°C - 70°C - 74°C - 75°C - 71°C - 73°C - 71°C - 71°C | Throttling: None - None - None - None - None - None - None - None
383 (421112 Gflops/s) - 381 (418913 Gflops/s) - 381 (418913 Gflops/s) - 379 (416714 Gflops/s) - 379 (416714 Gflops/s) - 382 (420013 Gflops/s) - 379 (416714 Gflops/s) - 381 (418913 Gflops/s) | Temperatures: 78°C - 70°C - 74°C - 75°C - 71°C - 73°C - 71°C - 71°C | Throttling: None - None - None - None - None - None - None - None
382 (420013 Gflops/s) - 381 (418913 Gflops/s) - 381 (418913 Gflops/s) - 379 (416714 Gflops/s) - 379 (416714 Gflops/s) - 381 (418913 Gflops/s) - 379 (416714 Gflops/s) - 382 (420013 Gflops/s) | Temperatures: 78°C - 70°C - 74°C - 75°C - 71°C - 73°C - 71°C - 71°C | Throttling: None - None - None - None - None - None - None - None
383 (421112 Gflops/s) - 381 (418913 Gflops/s) - 381 (418913 Gflops/s) - 379 (416714 Gflops/s) - 378 (415615 Gflops/s) - 382 (420013 Gflops/s) - 379 (416714 Gflops/s) - 382 (420013 Gflops/s) | Temperatures: 78°C - 70°C - 74°C - 75°C - 71°C - 73°C - 71°C - 71°C | Throttling: None - None - None - None - None - None - None - None
383 (421112 Gflops/s) - 381 (418913 Gflops/s) - 382 (420013 Gflops/s) - 379 (416714 Gflops/s) - 379 (416714 Gflops/s) - 381 (418913 Gflops/s) - 379 (416714 Gflops/s) - 382 (420013 Gflops/s) | Temperatures: 78°C - 70°C - 74°C - 75°C - 71°C - 73°C - 71°C - 71°C | Throttling: None - None - None - None - None - None - None - None
382 (420013 Gflops/s) - 381 (418913 Gflops/s) - 381 (418913 Gflops/s) - 380 (417814 Gflops/s) - 379 (416714 Gflops/s) - 381 (418913 Gflops/s) - 379 (416714 Gflops/s) - 381 (418913 Gflops/s) | Temperatures: 78°C - 70°C - 74°C - 75°C - 71°C - 73°C - 71°C - 71°C | Throttling: None - None - None - None - None - None - None - None
383 (421112 Gflops/s) - 381 (418913 Gflops/s) - 381 (418913 Gflops/s) - 379 (416714 Gflops/s) - 379 (416714 Gflops/s) - 382 (420013 Gflops/s) - 380 (417814 Gflops/s) - 382 (420013 Gflops/s) | Temperatures: 78°C - 70°C - 74°C - 75°C - 71°C - 73°C - 71°C - 71°C | Throttling: None - None - None - None - None - None - None - None
382 (420013 Gflops/s) - 381 (418913 Gflops/s) - 381 (418913 Gflops/s) - 379 (416714 Gflops/s) - 379 (416714 Gflops/s) - 381 (418913 Gflops/s) - 379 (416714 Gflops/s) - 382 (420013 Gflops/s) | Temperatures: 78°C - 70°C - 74°C - 75°C - 71°C - 73°C - 71°C - 71°C | Throttling: None - None - None - None - None - None - None - None
383 (421112 Gflops/s) - 381 (418913 Gflops/s) - 381 (418913 Gflops/s) - 379 (416714 Gflops/s) - 379 (416714 Gflops/s) - 382 (420013 Gflops/s) - 379 (416714 Gflops/s) - 382 (420013 Gflops/s) | Temperatures: 78°C - 70°C - 74°C - 75°C - 71°C - 73°C - 71°C - 71°C | Throttling: None - None - None - None - None - None - None - None
382 (420013 Gflops/s) - 381 (418913 Gflops/s) - 381 (418913 Gflops/s) - 380 (417814 Gflops/s) - 379 (416714 Gflops/s) - 381 (418913 Gflops/s) - 379 (416714 Gflops/s) - 381 (418913 Gflops/s) | Temperatures: 78°C - 70°C - 74°C - 75°C - 71°C - 73°C - 71°C - 71°C | Throttling: None - None - None - None - None - None - None - None
383 (421112 Gflops/s) - 380 (417814 Gflops/s) - 381 (418913 Gflops/s) - 379 (416714 Gflops/s) - 379 (416714 Gflops/s) - 382 (420013 Gflops/s) - 379 (416714 Gflops/s) - 382 (420013 Gflops/s) | Temperatures: 78°C - 70°C - 74°C - 75°C - 71°C - 73°C - 71°C - 71°C | Throttling: None - None - None - None - None - None - None - None
382 (420013 Gflops/s) - 381 (418913 Gflops/s) - 381 (418913 Gflops/s) - 379 (416714 Gflops/s) - 379 (416714 Gflops/s) - 381 (418913 Gflops/s) - 379 (416714 Gflops/s) - 382 (420013 Gflops/s) | Temperatures: 78°C - 70°C - 74°C - 75°C - 71°C - 73°C - 71°C - 71°C | Throttling: None - None - None - None - None - None - None - None
383 (421112 Gflops/s) - 381 (418913 Gflops/s) - 381 (418913 Gflops/s) - 379 (416714 Gflops/s) - 379 (416714 Gflops/s) - 381 (418913 Gflops/s) - 379 (416714 Gflops/s) - 381 (418913 Gflops/s) | Temperatures: 78°C - 70°C - 74°C - 75°C - 71°C - 73°C - 71°C - 71°C | Throttling: None - None - None - None - None - None - None - None
382 (420013 Gflops/s) - 381 (418913 Gflops/s) - 381 (418913 Gflops/s) - 379 (416714 Gflops/s) - 378 (415615 Gflops/s) - 381 (418913 Gflops/s) - 378 (415615 Gflops/s) - 382 (420013 Gflops/s) | Temperatures: 78°C - 70°C - 74°C - 75°C - 71°C - 73°C - 71°C - 71°C | Throttling: None - None - None - None - None - None - None - None
383 (421112 Gflops/s) - 381 (418913 Gflops/s) - 381 (418913 Gflops/s) - 379 (416714 Gflops/s) - 379 (416714 Gflops/s) - 382 (420013 Gflops/s) - 379 (416714 Gflops/s) - 382 (420013 Gflops/s) | Temperatures: 78°C - 70°C - 74°C - 75°C - 71°C - 73°C - 71°C - 71°C | Throttling: None - None - None - None - None - None - None - None
382 (420013 Gflops/s) - 381 (418913 Gflops/s) - 381 (418913 Gflops/s) - 379 (416714 Gflops/s) - 379 (416714 Gflops/s) - 381 (418913 Gflops/s) - 379 (416714 Gflops/s) - 381 (418913 Gflops/s) | Temperatures: 78°C - 70°C - 74°C - 75°C - 71°C - 73°C - 71°C - 71°C | Throttling: None - None - None - None - None - None - None - None
383 (421112 Gflops/s) - 381 (418913 Gflops/s) - 382 (420013 Gflops/s) - 379 (416714 Gflops/s) - 379 (416714 Gflops/s) - 382 (420013 Gflops/s) - 379 (416714 Gflops/s) - 382 (420013 Gflops/s) | Temperatures: 78°C - 70°C - 74°C - 75°C - 71°C - 73°C - 71°C - 71°C | Throttling: None - None - None - None - None - None - None - None
383 (421112 Gflops/s) - 381 (418913 Gflops/s) - 381 (418913 Gflops/s) - 380 (417814 Gflops/s) - 379 (416714 Gflops/s) - 381 (418913 Gflops/s) - 379 (416714 Gflops/s) - 382 (420013 Gflops/s) | Temperatures: 78°C - 70°C - 74°C - 75°C - 71°C - 73°C - 71°C - 71°C | Throttling: None - None - None - None - None - None - None - None
382 (420013 Gflops/s) - 381 (418913 Gflops/s) - 381 (418913 Gflops/s) - 379 (416714 Gflops/s) - 378 (415615 Gflops/s) - 382 (420013 Gflops/s) - 380 (417814 Gflops/s) - 382 (420013 Gflops/s) | Temperatures: 78°C - 70°C - 74°C - 75°C - 71°C - 73°C - 71°C - 71°C | Throttling: None - None - None - None - None - None - None - None
383 (421112 Gflops/s) - 381 (418913 Gflops/s) - 381 (418913 Gflops/s) - 379 (416714 Gflops/s) - 379 (416714 Gflops/s) - 381 (418913 Gflops/s) - 379 (416714 Gflops/s) - 381 (418913 Gflops/s) | Temperatures: 78°C - 70°C - 74°C - 75°C - 71°C - 73°C - 71°C - 71°C | Throttling: None - None - None - None - None - None - None - None
382 (420013 Gflops/s) - 381 (418913 Gflops/s) - 381 (418913 Gflops/s) - 379 (416714 Gflops/s) - 379 (416714 Gflops/s) - 382 (420013 Gflops/s) - 379 (416714 Gflops/s) - 382 (420013 Gflops/s) | Temperatures: 78°C - 70°C - 74°C - 75°C - 71°C - 73°C - 71°C - 71°C | Throttling: None - None - None - None - None - None - None - None
383 (421112 Gflops/s) - 381 (418913 Gflops/s) - 381 (418913 Gflops/s) - 380 (417814 Gflops/s) - 379 (416714 Gflops/s) - 381 (418913 Gflops/s) - 379 (416714 Gflops/s) - 382 (420013 Gflops/s) | Temperatures: 78°C - 70°C - 74°C - 75°C - 71°C - 73°C - 71°C - 71°C | Throttling: None - None - None - None - None - None - None - None
382 (420013 Gflops/s) - 381 (418913 Gflops/s) - 381 (418913 Gflops/s) - 379 (416714 Gflops/s) - 379 (416714 Gflops/s) - 381 (418913 Gflops/s) - 379 (416714 Gflops/s) - 381 (418913 Gflops/s) | Temperatures: 78°C - 70°C - 74°C - 75°C - 71°C - 73°C - 71°C - 71°C | Throttling: None - None - None - None - None - None - None - None
383 (421112 Gflops/s) - 381 (418913 Gflops/s) - 382 (420013 Gflops/s) - 379 (416714 Gflops/s) - 379 (416714 Gflops/s) - 382 (420013 Gflops/s) - 379 (416714 Gflops/s) - 382 (420013 Gflops/s) | Temperatures: 78°C - 70°C - 74°C - 75°C - 71°C - 73°C - 71°C - 71°C | Throttling: None - None - None - None - None - None - None - None
382 (420013 Gflops/s) - 381 (418913 Gflops/s) - 381 (418913 Gflops/s) - 379 (416714 Gflops/s) - 379 (416714 Gflops/s) - 381 (418913 Gflops/s) - 379 (416714 Gflops/s) - 382 (420013 Gflops/s) | Temperatures: 78°C - 70°C - 74°C - 75°C - 71°C - 73°C - 71°C - 71°C | Throttling: None - None - None - None - None - None - None - None
383 (421112 Gflops/s) - 381 (418913 Gflops/s) - 381 (418913 Gflops/s) - 379 (416714 Gflops/s) - 379 (416714 Gflops/s) - 382 (420013 Gflops/s) - 379 (416714 Gflops/s) - 382 (420013 Gflops/s) | Temperatures: 78°C - 70°C - 74°C - 75°C - 71°C - 73°C - 71°C - 71°C | Throttling: None - None - None - None - None - None - None - None
383 (421112 Gflops/s) - 381 (418913 Gflops/s) - 381 (418913 Gflops/s) - 380 (417814 Gflops/s) - 379 (416714 Gflops/s) - 381 (418913 Gflops/s) - 379 (416714 Gflops/s) - 381 (418913 Gflops/s) | Temperatures: 78°C - 70°C - 74°C - 75°C - 71°C - 73°C - 71°C - 71°C | Throttling: None - None - None - None - None - None - None - None
382 (420013 Gflops/s) - 381 (418913 Gflops/s) - 381 (418913 Gflops/s) - 379 (416714 Gflops/s) - 379 (416714 Gflops/s) - 382 (420013 Gflops/s) - 379 (416714 Gflops/s) - 382 (420013 Gflops/s) | Temperatures: 78°C - 70°C - 74°C - 75°C - 71°C - 73°C - 71°C - 71°C | Throttling: None - None - None - None - None - None - None - None
383 (421112 Gflops/s) - 381 (418913 Gflops/s) - 381 (418913 Gflops/s) - 379 (416714 Gflops/s) - 379 (416714 Gflops/s) - 381 (418913 Gflops/s) - 379 (416714 Gflops/s) - 382 (420013 Gflops/s) | Temperatures: 78°C - 70°C - 74°C - 75°C - 71°C - 73°C - 71°C - 71°C | Throttling: None - None - None - None - None - None - None - None
382 (420013 Gflops/s) - 381 (418913 Gflops/s) - 381 (418913 Gflops/s) - 379 (416714 Gflops/s) - 379 (416714 Gflops/s) - 381 (418913 Gflops/s) - 379 (416714 Gflops/s) - 382 (420013 Gflops/s) | Temperatures: 78°C - 70°C - 74°C - 75°C - 71°C - 73°C - 71°C - 71°C | Throttling: None - None - None - None - None - None - None - None
382 (420013 Gflops/s) - 380 (417814 Gflops/s) - 381 (418913 Gflops/s) - 379 (416714 Gflops/s) - 378 (415615 Gflops/s) - 381 (418913 Gflops/s) - 379 (416714 Gflops/s) - 381 (418913 Gflops/s) | Temperatures: 78°C - 70°C - 74°C - 75°C - 71°C - 73°C - 71°C - 71°C | Throttling: None - None - None - None - None - None - None - None
383 (421112 Gflops/s) - 381 (418913 Gflops/s) - 381 (418913 Gflops/s) - 379 (416714 Gflops/s) - 379 (416714 Gflops/s) - 382 (420013 Gflops/s) - 379 (416714 Gflops/s) - 382 (420013 Gflops/s) | Temperatures: 78°C - 70°C - 74°C - 75°C - 71°C - 73°C - 71°C - 71°C | Throttling: None - None - None - None - None - None - None - None
382 (420013 Gflops/s) - 381 (418913 Gflops/s) - 381 (418913 Gflops/s) - 379 (416714 Gflops/s) - 379 (416714 Gflops/s) - 381 (418913 Gflops/s) - 379 (416714 Gflops/s) - 382 (420013 Gflops/s) | Temperatures: 78°C - 70°C - 74°C - 75°C - 71°C - 73°C - 71°C - 71°C | Throttling: None - None - None - None - None - None - None - None
383 (421112 Gflops/s) - 381 (418913 Gflops/s) - 382 (420013 Gflops/s) - 380 (417814 Gflops/s) - 379 (416714 Gflops/s) - 382 (420013 Gflops/s) - 379 (416714 Gflops/s) - 381 (418913 Gflops/s) | Temperatures: 78°C - 70°C - 74°C - 75°C - 71°C - 73°C - 71°C - 71°C | Throttling: None - None - None - None - None - None - None - None
382 (420013 Gflops/s) - 381 (418913 Gflops/s) - 381 (418913 Gflops/s) - 379 (416714 Gflops/s) - 379 (416714 Gflops/s) - 381 (418913 Gflops/s) - 379 (416714 Gflops/s) - 382 (420013 Gflops/s) | Temperatures: 78°C - 70°C - 74°C - 75°C - 71°C - 73°C - 71°C - 71°C | Throttling: None - None - None - None - None - None - None - None
383 (421112 Gflops/s) - 381 (418913 Gflops/s) - 381 (418913 Gflops/s) - 379 (416714 Gflops/s) - 379 (416714 Gflops/s) - 382 (420013 Gflops/s) - 379 (416714 Gflops/s) - 382 (420013 Gflops/s) | Temperatures: 78°C - 70°C - 74°C - 75°C - 71°C - 73°C - 71°C - 71°C | Throttling: None - None - None - None - None - None - None - None
382 (420013 Gflops/s) - 381 (418913 Gflops/s) - 381 (418913 Gflops/s) - 379 (416714 Gflops/s) - 379 (416714 Gflops/s) - 381 (418913 Gflops/s) - 379 (416714 Gflops/s) - 382 (420013 Gflops/s) | Temperatures: 78°C - 70°C - 74°C - 75°C - 71°C - 73°C - 71°C - 71°C | Throttling: None - None - None - None - None - None - None - None
383 (421112 Gflops/s) - 381 (418913 Gflops/s) - 381 (418913 Gflops/s) - 380 (417814 Gflops/s) - 379 (416714 Gflops/s) - 381 (418913 Gflops/s) - 379 (416714 Gflops/s) - 381 (418913 Gflops/s) | Temperatures: 78°C - 70°C - 74°C - 75°C - 71°C - 73°C - 71°C - 71°C | Throttling: None - None - None - None - None - None - None - None
382 (420013 Gflops/s) - 381 (418913 Gflops/s) - 381 (418913 Gflops/s) - 379 (416714 Gflops/s) - 378 (415615 Gflops/s) - 382 (420013 Gflops/s) - 379 (416714 Gflops/s) - 382 (420013 Gflops/s) | Temperatures: 78°C - 70°C - 74°C - 75°C - 71°C - 73°C - 71°C - 71°C | Throttling: None - None - None - None - None - None - None - None
383 (421112 Gflops/s) - 381 (418913 Gflops/s) - 381 (418913 Gflops/s) - 379 (416714 Gflops/s) - 379 (416714 Gflops/s) - 381 (418913 Gflops/s) - 379 (416714 Gflops/s) - 382 (420013 Gflops/s) | Temperatures: 78°C - 70°C - 74°C - 75°C - 71°C - 73°C - 71°C - 71°C | Throttling: None - None - None - None - None - None - None - None
382 (420013 Gflops/s) - 381 (418913 Gflops/s) - 382 (420013 Gflops/s) - 379 (416714 Gflops/s) - 379 (416714 Gflops/s) - 381 (418913 Gflops/s) - 379 (416714 Gflops/s) - 382 (420013 Gflops/s) | Temperatures: 78°C - 70°C - 74°C - 75°C - 71°C - 73°C - 71°C - 71°C | Throttling: None - None - None - None - None - None - None - None
383 (421112 Gflops/s) - 381 (418913 Gflops/s) - 381 (418913 Gflops/s) - 379 (416714 Gflops/s) - 379 (416714 Gflops/s) - 382 (420013 Gflops/s) - 379 (416714 Gflops/s) - 381 (418913 Gflops/s) | Temperatures: 78°C - 70°C - 74°C - 75°C - 71°C - 73°C - 71°C - 71°C | Throttling: None - None - None - None - None - None - None - None
382 (420013 Gflops/s) - 381 (418913 Gflops/s) - 381 (418913 Gflops/s) - 380 (417814 Gflops/s) - 379 (416714 Gflops/s) - 381 (418913 Gflops/s) - 379 (416714 Gflops/s) - 382 (420013 Gflops/s) | Temperatures: 78°C - 70°C - 74°C - 75°C - 71°C - 73°C - 71°C - 71°C | Throttling: None - None - None - None - None - None - None - None
383 (421112 Gflops/s) - 381 (418913 Gflops/s) - 381 (418913 Gflops/s) - 379 (416714 Gflops/s) - 379 (416714 Gflops/s) - 381 (418913 Gflops/s) - 379 (416714 Gflops/s) - 382 (420013 Gflops/s) | Temperatures: 78°C - 70°C - 74°C - 75°C - 71°C - 73°C - 71°C - 71°C | Throttling: None - None - None - None - None - None - None - None
383 (421112 Gflops/s) - 381 (418913 Gflops/s) - 381 (418913 Gflops/s) - 379 (416714 Gflops/s) - 379 (416714 Gflops/s) - 381 (418913 Gflops/s) - 379 (416714 Gflops/s) - 382 (420013 Gflops/s) | Temperatures: 78°C - 70°C - 74°C - 75°C - 71°C - 73°C - 71°C - 71°C | Throttling: None - None - None - None - None - None - None - None
382 (420013 Gflops/s) - 381 (418913 Gflops/s) - 381 (418913 Gflops/s) - 379 (416714 Gflops/s) - 379 (416714 Gflops/s) - 382 (420013 Gflops/s) - 379 (416714 Gflops/s) - 381 (418913 Gflops/s) | Temperatures: 78°C - 70°C - 74°C - 75°C - 71°C - 73°C - 71°C - 71°C | Throttling: None - None - None - None - None - None - None - None
382 (420013 Gflops/s) - 381 (418913 Gflops/s) - 381 (418913 Gflops/s) - 379 (416714 Gflops/s) - 378 (415615 Gflops/s) - 380 (417814 Gflops/s) - 378 (415615 Gflops/s) - 382 (420013 Gflops/s) | Temperatures: 78°C - 70°C - 74°C - 75°C - 71°C - 73°C - 71°C - 71°C | Throttling: None - None - None - None - None - None - None - None
383 (421112 Gflops/s) - 381 (418913 Gflops/s) - 381 (418913 Gflops/s) - 380 (417814 Gflops/s) - 379 (416714 Gflops/s) - 382 (420013 Gflops/s) - 379 (416714 Gflops/s) - 381 (418913 Gflops/s) | Temperatures: 78°C - 70°C - 74°C - 75°C - 71°C - 73°C - 71°C - 71°C | Throttling: None - None - None - None - None - None - None - None
383 (421112 Gflops/s) - 381 (418913 Gflops/s) - 381 (418913 Gflops/s) - 379 (416714 Gflops/s) - 379 (416714 Gflops/s) - 381 (418913 Gflops/s) - 379 (416714 Gflops/s) - 382 (420013 Gflops/s) | Temperatures: 78°C - 70°C - 74°C - 75°C - 71°C - 73°C - 71°C - 71°C | Throttling: None - None - None - None - None - None - None - None
382 (420013 Gflops/s) - 381 (418913 Gflops/s) - 382 (420013 Gflops/s) - 379 (416714 Gflops/s) - 379 (416714 Gflops/s) - 381 (418913 Gflops/s) - 379 (416714 Gflops/s) - 382 (420013 Gflops/s) | Temperatures: 78°C - 70°C - 74°C - 75°C - 71°C - 73°C - 71°C - 71°C | Throttling: None - None - None - None - None - None - None - None
383 (421112 Gflops/s) - 381 (418913 Gflops/s) - 381 (418913 Gflops/s) - 379 (416714 Gflops/s) - 379 (416714 Gflops/s) - 381 (418913 Gflops/s) - 379 (416714 Gflops/s) - 382 (420013 Gflops/s) | Temperatures: 78°C - 70°C - 74°C - 75°C - 71°C - 73°C - 71°C - 71°C | Throttling: None - None - None - None - None - None - None - None
382 (420013 Gflops/s) - 381 (418913 Gflops/s) - 381 (418913 Gflops/s) - 380 (417814 Gflops/s) - 379 (416714 Gflops/s) - 381 (418913 Gflops/s) - 379 (416714 Gflops/s) - 381 (418913 Gflops/s) | Temperatures: 78°C - 70°C - 74°C - 75°C - 71°C - 73°C - 71°C - 71°C | Throttling: None - None - None - None - None - None - None - None
383 (421112 Gflops/s) - 381 (418913 Gflops/s) - 381 (418913 Gflops/s) - 379 (416714 Gflops/s) - 378 (415615 Gflops/s) - 381 (418913 Gflops/s) - 379 (416714 Gflops/s) - 382 (420013 Gflops/s) | Temperatures: 78°C - 70°C - 74°C - 75°C - 71°C - 74°C - 71°C - 71°C | Throttling: None - None - None - None - None - None - None - None
383 (421112 Gflops/s) - 381 (418913 Gflops/s) - 381 (418913 Gflops/s) - 379 (416714 Gflops/s) - 379 (416714 Gflops/s) - 381 (418913 Gflops/s) - 379 (416714 Gflops/s) - 382 (420013 Gflops/s) | Temperatures: 78°C - 70°C - 74°C - 75°C - 71°C - 74°C - 71°C - 71°C | Throttling: None - None - None - None - None - None - None - None
382 (420013 Gflops/s) - 381 (418913 Gflops/s) - 382 (420013 Gflops/s) - 380 (417814 Gflops/s) - 379 (416714 Gflops/s) - 381 (418913 Gflops/s) - 379 (416714 Gflops/s) - 381 (418913 Gflops/s) | Temperatures: 78°C - 70°C - 74°C - 75°C - 71°C - 74°C - 71°C - 71°C | Throttling: None - None - None - None - None - None - None - None
383 (421112 Gflops/s) - 381 (418913 Gflops/s) - 381 (418913 Gflops/s) - 379 (416714 Gflops/s) - 379 (416714 Gflops/s) - 381 (418913 Gflops/s) - 378 (415615 Gflops/s) - 382 (420013 Gflops/s) | Temperatures: 78°C - 70°C - 74°C - 75°C - 71°C - 74°C - 71°C - 71°C | Throttling: None - None - None - None - None - None - None - None
383 (421112 Gflops/s) - 381 (418913 Gflops/s) - 381 (418913 Gflops/s) - 379 (416714 Gflops/s) - 379 (416714 Gflops/s) - 381 (418913 Gflops/s) - 379 (416714 Gflops/s) - 382 (420013 Gflops/s) | Temperatures: 78°C - 70°C - 74°C - 75°C - 71°C - 74°C - 71°C - 71°C | Throttling: None - None - None - None - None - None - None - None
382 (420013 Gflops/s) - 381 (418913 Gflops/s) - 381 (418913 Gflops/s) - 380 (417814 Gflops/s) - 378 (415615 Gflops/s) - 381 (418913 Gflops/s) - 379 (416714 Gflops/s) - 382 (420013 Gflops/s) | Temperatures: 78°C - 70°C - 74°C - 75°C - 71°C - 74°C - 71°C - 71°C | Throttling: None - None - None - None - None - None - None - None
383 (421112 Gflops/s) - 381 (418913 Gflops/s) - 381 (418913 Gflops/s) - 379 (416714 Gflops/s) - 379 (416714 Gflops/s) - 381 (418913 Gflops/s) - 379 (416714 Gflops/s) - 381 (418913 Gflops/s) | Temperatures: 78°C - 70°C - 74°C - 75°C - 71°C - 74°C - 71°C - 71°C | Throttling: None - None - None - None - None - None - None - None
383 (421112 Gflops/s) - 381 (418913 Gflops/s) - 382 (420013 Gflops/s) - 379 (416714 Gflops/s) - 379 (416714 Gflops/s) - 381 (418913 Gflops/s) - 379 (416714 Gflops/s) - 382 (420013 Gflops/s) | Temperatures: 78°C - 70°C - 74°C - 75°C - 71°C - 74°C - 71°C - 71°C | Throttling: None - None - None - None - None - None - None - None
383 (421112 Gflops/s) - 381 (418913 Gflops/s) - 381 (418913 Gflops/s) - 380 (417814 Gflops/s) - 379 (416714 Gflops/s) - 380 (417814 Gflops/s) - 379 (416714 Gflops/s) - 382 (420013 Gflops/s) | Temperatures: 78°C - 70°C - 74°C - 75°C - 71°C - 74°C - 71°C - 71°C | Throttling: None - None - None - None - None - None - None - None
382 (420013 Gflops/s) - 381 (418913 Gflops/s) - 381 (418913 Gflops/s) - 379 (416714 Gflops/s) - 378 (415615 Gflops/s) - 381 (418913 Gflops/s) - 378 (415615 Gflops/s) - 382 (420013 Gflops/s) | Temperatures: 78°C - 70°C - 74°C - 75°C - 71°C - 74°C - 71°C - 71°C | Throttling: None - None - None - None - None - None - None - None
383 (421112 Gflops/s) - 381 (418913 Gflops/s) - 381 (418913 Gflops/s) - 379 (416714 Gflops/s) - 379 (416714 Gflops/s) - 381 (418913 Gflops/s) - 379 (416714 Gflops/s) - 381 (418913 Gflops/s) | Temperatures: 78°C - 70°C - 74°C - 75°C - 71°C - 74°C - 71°C - 71°C | Throttling: None - None - None - None - None - None - None - None
382 (420013 Gflops/s) - 381 (418913 Gflops/s) - 381 (418913 Gflops/s) - 379 (416714 Gflops/s) - 379 (416714 Gflops/s) - 381 (418913 Gflops/s) - 379 (416714 Gflops/s) - 382 (420013 Gflops/s) | Temperatures: 78°C - 70°C - 74°C - 75°C - 71°C - 74°C - 71°C - 71°C | Throttling: None - None - None - None - None - None - None - None
383 (421112 Gflops/s) - 381 (418913 Gflops/s) - 381 (418913 Gflops/s) - 373 (410117 Gflops/s) - 378 (415615 Gflops/s) - 381 (418913 Gflops/s) - 378 (415615 Gflops/s) - 381 (418913 Gflops/s) | Temperatures: 78°C - 70°C - 74°C - 75°C - 71°C - 74°C - 71°C - 71°C | Throttling: None - None - None - None - None - None - None - None
GPU #0: 421266 Gflops/s (min: 420013.44, max: 424411.49, dev: 879.05)
         Temperature: 77.36°C (min: 73.00, max: 78.00)
         Throttling HW: false, Thermal SW: false, Thermal HW: false
GPU #1: 419045 Gflops/s (min: 417814.42, max: 421112.95, dev: 484.25)
         Temperature: 69.86°C (min: 67.00, max: 70.00)
         Throttling HW: false, Thermal SW: false, Thermal HW: false
GPU #2: 419284 Gflops/s (min: 418913.93, max: 422212.47, dev: 634.79)
         Temperature: 73.73°C (min: 70.00, max: 74.00)
         Throttling HW: false, Thermal SW: false, Thermal HW: false
GPU #3: 417295 Gflops/s (min: 410117.84, max: 420013.44, dev: 845.56)
         Temperature: 74.73°C (min: 71.00, max: 75.00)
         Throttling HW: false, Thermal SW: false, Thermal HW: false
GPU #4: 416741 Gflops/s (min: 415615.40, max: 418913.93, dev: 525.12)
         Temperature: 70.76°C (min: 67.00, max: 71.00)
         Throttling HW: false, Thermal SW: false, Thermal HW: false
GPU #5: 419527 Gflops/s (min: 417814.42, max: 422212.47, dev: 656.69)
         Temperature: 72.58°C (min: 69.00, max: 74.00)
         Throttling HW: false, Thermal SW: false, Thermal HW: false
GPU #6: 416879 Gflops/s (min: 415615.40, max: 418913.93, dev: 495.12)
         Temperature: 70.67°C (min: 67.00, max: 71.00)
         Throttling HW: false, Thermal SW: false, Thermal HW: false
GPU #7: 419864 Gflops/s (min: 418913.93, max: 422212.47, dev: 597.61)
         Temperature: 70.86°C (min: 68.00, max: 71.00)
         Throttling HW: false, Thermal SW: false, Thermal HW: false
All GPUs seem healthy
Freeing GPUs...
======== Run with fp8  ==========
Detected GPU #0: "NVIDIA RTX PRO 6000 Blackwell Server Edition" (0015de39-1f78-c83d-a857-2f65d3eb7194)
Detected GPU #1: "NVIDIA RTX PRO 6000 Blackwell Server Edition" (304cf9b4-e02a-e053-1ff4-be7e1ec9ab5d)
Detected GPU #2: "NVIDIA RTX PRO 6000 Blackwell Server Edition" (28c7075c-716d-81b2-10a6-586c6c26894a)
Detected GPU #3: "NVIDIA RTX PRO 6000 Blackwell Server Edition" (54abe1b9-3177-e072-874f-c20d7f3deab0)
Detected GPU #4: "NVIDIA RTX PRO 6000 Blackwell Server Edition" (df98d29c-b3cc-612f-02d5-2c4ff01406ee)
Detected GPU #5: "NVIDIA RTX PRO 6000 Blackwell Server Edition" (939c4c50-1e02-853c-f5c5-2d89dcf39adf)
Detected GPU #6: "NVIDIA RTX PRO 6000 Blackwell Server Edition" (7ed15820-946a-e8f5-477e-9eecfc8d5d72)
Detected GPU #7: "NVIDIA RTX PRO 6000 Blackwell Server Edition" (699c21c9-2887-3937-c73a-cb0ba57c8f35)
Using precision(s):   FP8
GPU #0: Using 87018 MB
GPU #1: Using 87018 MB
GPU #2: Using 87018 MB
GPU #3: Using 87018 MB
GPU #4: Using 87018 MB
GPU #5: Using 87018 MB
GPU #6: Using 87018 MB
GPU #7: Using 87018 MB
Creating random matrices
Matrices created
1148 (1262239 Gflops/s) - 1114 (1224855 Gflops/s) - 1007 (1107208 Gflops/s) - 993 (1091815 Gflops/s) - 993 (1091815 Gflops/s) - 994 (1092914 Gflops/s) - 988 (1086317 Gflops/s) - 985 (1083018 Gflops/s) | Temperatures: 70°C - 63°C - 66°C - 67°C - 64°C - 66°C - 64°C - 63°C | Throttling: None - None - None - None - None - None - None - None
803 (882907 Gflops/s) - 803 (882907 Gflops/s) - 803 (882907 Gflops/s) - 803 (882907 Gflops/s) - 802 (881808 Gflops/s) - 803 (882907 Gflops/s) - 803 (882907 Gflops/s) - 803 (882907 Gflops/s) | Temperatures: 70°C - 64°C - 66°C - 68°C - 64°C - 67°C - 64°C - 63°C | Throttling: None - None - None - None - None - None - None - None
802 (881808 Gflops/s) - 803 (882907 Gflops/s) - 803 (882907 Gflops/s) - 802 (881808 Gflops/s) - 803 (882907 Gflops/s) - 804 (884007 Gflops/s) - 803 (882907 Gflops/s) - 803 (882907 Gflops/s) | Temperatures: 71°C - 64°C - 67°C - 68°C - 65°C - 67°C - 65°C - 64°C | Throttling: None - None - None - None - None - None - None - None
803 (882907 Gflops/s) - 802 (881808 Gflops/s) - 802 (881808 Gflops/s) - 803 (882907 Gflops/s) - 803 (882907 Gflops/s) - 803 (882907 Gflops/s) - 803 (882907 Gflops/s) - 802 (881808 Gflops/s) | Temperatures: 71°C - 64°C - 67°C - 68°C - 65°C - 68°C - 65°C - 64°C | Throttling: None - None - None - None - None - None - None - None
801 (880708 Gflops/s) - 802 (881808 Gflops/s) - 802 (881808 Gflops/s) - 803 (882907 Gflops/s) - 802 (881808 Gflops/s) - 802 (881808 Gflops/s) - 802 (881808 Gflops/s) - 802 (881808 Gflops/s) | Temperatures: 71°C - 64°C - 67°C - 68°C - 65°C - 68°C - 65°C - 64°C | Throttling: None - None - None - None - None - None - None - None
803 (882907 Gflops/s) - 802 (881808 Gflops/s) - 803 (882907 Gflops/s) - 803 (882907 Gflops/s) - 802 (881808 Gflops/s) - 804 (884007 Gflops/s) - 803 (882907 Gflops/s) - 802 (881808 Gflops/s) | Temperatures: 71°C - 65°C - 68°C - 69°C - 66°C - 68°C - 66°C - 64°C | Throttling: None - None - None - None - None - None - None - None
802 (881808 Gflops/s) - 803 (882907 Gflops/s) - 803 (882907 Gflops/s) - 803 (882907 Gflops/s) - 803 (882907 Gflops/s) - 803 (882907 Gflops/s) - 803 (882907 Gflops/s) - 802 (881808 Gflops/s) | Temperatures: 72°C - 65°C - 68°C - 69°C - 66°C - 68°C - 66°C - 65°C | Throttling: None - None - None - None - None - None - None - None
802 (881808 Gflops/s) - 803 (882907 Gflops/s) - 802 (881808 Gflops/s) - 803 (882907 Gflops/s) - 803 (882907 Gflops/s) - 803 (882907 Gflops/s) - 803 (882907 Gflops/s) - 803 (882907 Gflops/s) | Temperatures: 72°C - 65°C - 68°C - 69°C - 66°C - 68°C - 66°C - 65°C | Throttling: None - None - None - None - None - None - None - None
802 (881808 Gflops/s) - 801 (880708 Gflops/s) - 802 (881808 Gflops/s) - 802 (881808 Gflops/s) - 802 (881808 Gflops/s) - 803 (882907 Gflops/s) - 803 (882907 Gflops/s) - 801 (880708 Gflops/s) | Temperatures: 72°C - 65°C - 68°C - 69°C - 66°C - 68°C - 66°C - 65°C | Throttling: None - None - None - None - None - None - None - None
802 (881808 Gflops/s) - 803 (882907 Gflops/s) - 803 (882907 Gflops/s) - 803 (882907 Gflops/s) - 802 (881808 Gflops/s) - 803 (882907 Gflops/s) - 803 (882907 Gflops/s) - 803 (882907 Gflops/s) | Temperatures: 72°C - 65°C - 68°C - 69°C - 66°C - 68°C - 66°C - 65°C | Throttling: None - None - None - None - None - None - None - None
803 (882907 Gflops/s) - 802 (881808 Gflops/s) - 803 (882907 Gflops/s) - 803 (882907 Gflops/s) - 803 (882907 Gflops/s) - 804 (884007 Gflops/s) - 803 (882907 Gflops/s) - 802 (881808 Gflops/s) | Temperatures: 72°C - 65°C - 68°C - 70°C - 66°C - 68°C - 66°C - 65°C | Throttling: None - None - None - None - None - None - None - None
802 (881808 Gflops/s) - 803 (882907 Gflops/s) - 802 (881808 Gflops/s) - 803 (882907 Gflops/s) - 802 (881808 Gflops/s) - 803 (882907 Gflops/s) - 803 (882907 Gflops/s) - 802 (881808 Gflops/s) | Temperatures: 72°C - 65°C - 68°C - 70°C - 66°C - 69°C - 66°C - 65°C | Throttling: None - None - None - None - None - None - None - None
803 (882907 Gflops/s) - 803 (882907 Gflops/s) - 803 (882907 Gflops/s) - 802 (881808 Gflops/s) - 803 (882907 Gflops/s) - 803 (882907 Gflops/s) - 803 (882907 Gflops/s) - 803 (882907 Gflops/s) | Temperatures: 72°C - 65°C - 68°C - 70°C - 66°C - 69°C - 66°C - 65°C | Throttling: None - None - None - None - None - None - None - None
801 (880708 Gflops/s) - 801 (880708 Gflops/s) - 802 (881808 Gflops/s) - 803 (882907 Gflops/s) - 802 (881808 Gflops/s) - 803 (882907 Gflops/s) - 802 (881808 Gflops/s) - 801 (880708 Gflops/s) | Temperatures: 72°C - 65°C - 69°C - 70°C - 66°C - 69°C - 66°C - 65°C | Throttling: None - None - None - None - None - None - None - None
803 (882907 Gflops/s) - 803 (882907 Gflops/s) - 803 (882907 Gflops/s) - 803 (882907 Gflops/s) - 803 (882907 Gflops/s) - 803 (882907 Gflops/s) - 804 (884007 Gflops/s) - 803 (882907 Gflops/s) | Temperatures: 72°C - 65°C - 69°C - 70°C - 67°C - 69°C - 66°C - 65°C | Throttling: None - None - None - None - None - None - None - None
802 (881808 Gflops/s) - 802 (881808 Gflops/s) - 802 (881808 Gflops/s) - 803 (882907 Gflops/s) - 802 (881808 Gflops/s) - 803 (882907 Gflops/s) - 803 (882907 Gflops/s) - 802 (881808 Gflops/s) | Temperatures: 72°C - 65°C - 69°C - 70°C - 67°C - 69°C - 66°C - 66°C | Throttling: None - None - None - None - None - None - None - None
802 (881808 Gflops/s) - 803 (882907 Gflops/s) - 803 (882907 Gflops/s) - 803 (882907 Gflops/s) - 803 (882907 Gflops/s) - 804 (884007 Gflops/s) - 803 (882907 Gflops/s) - 803 (882907 Gflops/s) | Temperatures: 72°C - 66°C - 69°C - 70°C - 67°C - 69°C - 67°C - 66°C | Throttling: None - None - None - None - None - None - None - None
802 (881808 Gflops/s) - 801 (880708 Gflops/s) - 802 (881808 Gflops/s) - 802 (881808 Gflops/s) - 802 (881808 Gflops/s) - 802 (881808 Gflops/s) - 802 (881808 Gflops/s) - 801 (880708 Gflops/s) | Temperatures: 73°C - 66°C - 69°C - 70°C - 67°C - 69°C - 67°C - 66°C | Throttling: None - None - None - None - None - None - None - None
802 (881808 Gflops/s) - 803 (882907 Gflops/s) - 803 (882907 Gflops/s) - 803 (882907 Gflops/s) - 802 (881808 Gflops/s) - 804 (884007 Gflops/s) - 803 (882907 Gflops/s) - 803 (882907 Gflops/s) | Temperatures: 73°C - 66°C - 69°C - 70°C - 67°C - 69°C - 67°C - 66°C | Throttling: None - None - None - None - None - None - None - None
803 (882907 Gflops/s) - 802 (881808 Gflops/s) - 803 (882907 Gflops/s) - 803 (882907 Gflops/s) - 803 (882907 Gflops/s) - 803 (882907 Gflops/s) - 803 (882907 Gflops/s) - 802 (881808 Gflops/s) | Temperatures: 73°C - 66°C - 69°C - 70°C - 67°C - 69°C - 67°C - 66°C | Throttling: None - None - None - None - None - None - None - None
802 (881808 Gflops/s) - 803 (882907 Gflops/s) - 802 (881808 Gflops/s) - 802 (881808 Gflops/s) - 803 (882907 Gflops/s) - 803 (882907 Gflops/s) - 803 (882907 Gflops/s) - 802 (881808 Gflops/s) | Temperatures: 73°C - 66°C - 69°C - 70°C - 67°C - 69°C - 67°C - 66°C | Throttling: None - None - None - None - None - None - None - None
801 (880708 Gflops/s) - 801 (880708 Gflops/s) - 802 (881808 Gflops/s) - 803 (882907 Gflops/s) - 801 (880708 Gflops/s) - 803 (882907 Gflops/s) - 803 (882907 Gflops/s) - 802 (881808 Gflops/s) | Temperatures: 73°C - 66°C - 69°C - 70°C - 67°C - 69°C - 67°C - 66°C | Throttling: None - None - None - None - None - None - None - None
803 (882907 Gflops/s) - 803 (882907 Gflops/s) - 803 (882907 Gflops/s) - 803 (882907 Gflops/s) - 803 (882907 Gflops/s) - 803 (882907 Gflops/s) - 803 (882907 Gflops/s) - 802 (881808 Gflops/s) | Temperatures: 73°C - 66°C - 69°C - 71°C - 67°C - 69°C - 67°C - 66°C | Throttling: None - None - None - None - None - None - None - None
802 (881808 Gflops/s) - 802 (881808 Gflops/s) - 803 (882907 Gflops/s) - 802 (881808 Gflops/s) - 803 (882907 Gflops/s) - 803 (882907 Gflops/s) - 803 (882907 Gflops/s) - 802 (881808 Gflops/s) | Temperatures: 73°C - 66°C - 69°C - 71°C - 67°C - 69°C - 67°C - 66°C | Throttling: None - None - None - None - None - None - None - None
802 (881808 Gflops/s) - 803 (882907 Gflops/s) - 802 (881808 Gflops/s) - 803 (882907 Gflops/s) - 802 (881808 Gflops/s) - 804 (884007 Gflops/s) - 803 (882907 Gflops/s) - 803 (882907 Gflops/s) | Temperatures: 73°C - 66°C - 69°C - 71°C - 67°C - 69°C - 67°C - 66°C | Throttling: None - None - None - None - None - None - None - None
803 (882907 Gflops/s) - 802 (881808 Gflops/s) - 803 (882907 Gflops/s) - 803 (882907 Gflops/s) - 803 (882907 Gflops/s) - 803 (882907 Gflops/s) - 803 (882907 Gflops/s) - 802 (881808 Gflops/s) | Temperatures: 73°C - 66°C - 69°C - 71°C - 67°C - 69°C - 67°C - 66°C | Throttling: None - None - None - None - None - None - None - None
801 (880708 Gflops/s) - 802 (881808 Gflops/s) - 802 (881808 Gflops/s) - 802 (881808 Gflops/s) - 802 (881808 Gflops/s) - 802 (881808 Gflops/s) - 802 (881808 Gflops/s) - 802 (881808 Gflops/s) | Temperatures: 73°C - 66°C - 69°C - 71°C - 67°C - 69°C - 67°C - 66°C | Throttling: None - None - None - None - None - None - None - None
802 (881808 Gflops/s) - 803 (882907 Gflops/s) - 803 (882907 Gflops/s) - 803 (882907 Gflops/s) - 802 (881808 Gflops/s) - 804 (884007 Gflops/s) - 803 (882907 Gflops/s) - 802 (881808 Gflops/s) | Temperatures: 73°C - 66°C - 69°C - 71°C - 67°C - 69°C - 67°C - 66°C | Throttling: None - None - None - None - None - None - None - None
802 (881808 Gflops/s) - 802 (881808 Gflops/s) - 802 (881808 Gflops/s) - 803 (882907 Gflops/s) - 803 (882907 Gflops/s) - 803 (882907 Gflops/s) - 803 (882907 Gflops/s) - 802 (881808 Gflops/s) | Temperatures: 73°C - 66°C - 69°C - 71°C - 67°C - 69°C - 67°C - 66°C | Throttling: None - None - None - None - None - None - None - None
801 (880708 Gflops/s) - 802 (881808 Gflops/s) - 803 (882907 Gflops/s) - 803 (882907 Gflops/s) - 802 (881808 Gflops/s) - 803 (882907 Gflops/s) - 803 (882907 Gflops/s) - 802 (881808 Gflops/s) | Temperatures: 73°C - 66°C - 69°C - 71°C - 67°C - 69°C - 67°C - 66°C | Throttling: None - None - None - None - None - None - None - None
802 (881808 Gflops/s) - 803 (882907 Gflops/s) - 803 (882907 Gflops/s) - 803 (882907 Gflops/s) - 803 (882907 Gflops/s) - 803 (882907 Gflops/s) - 803 (882907 Gflops/s) - 803 (882907 Gflops/s) | Temperatures: 73°C - 66°C - 69°C - 71°C - 67°C - 69°C - 67°C - 66°C | Throttling: None - None - None - None - None - None - None - None
802 (881808 Gflops/s) - 802 (881808 Gflops/s) - 802 (881808 Gflops/s) - 803 (882907 Gflops/s) - 802 (881808 Gflops/s) - 803 (882907 Gflops/s) - 803 (882907 Gflops/s) - 802 (881808 Gflops/s) | Temperatures: 73°C - 66°C - 69°C - 71°C - 67°C - 69°C - 67°C - 66°C | Throttling: None - None - None - None - None - None - None - None
801 (880708 Gflops/s) - 802 (881808 Gflops/s) - 802 (881808 Gflops/s) - 801 (880708 Gflops/s) - 802 (881808 Gflops/s) - 803 (882907 Gflops/s) - 802 (881808 Gflops/s) - 801 (880708 Gflops/s) | Temperatures: 73°C - 66°C - 69°C - 71°C - 67°C - 69°C - 67°C - 66°C | Throttling: None - None - None - None - None - None - None - None
802 (881808 Gflops/s) - 803 (882907 Gflops/s) - 803 (882907 Gflops/s) - 803 (882907 Gflops/s) - 802 (881808 Gflops/s) - 803 (882907 Gflops/s) - 803 (882907 Gflops/s) - 803 (882907 Gflops/s) | Temperatures: 73°C - 66°C - 69°C - 71°C - 67°C - 69°C - 67°C - 66°C | Throttling: None - None - None - None - None - None - None - None
802 (881808 Gflops/s) - 802 (881808 Gflops/s) - 803 (882907 Gflops/s) - 802 (881808 Gflops/s) - 802 (881808 Gflops/s) - 803 (882907 Gflops/s) - 802 (881808 Gflops/s) - 802 (881808 Gflops/s) | Temperatures: 73°C - 66°C - 69°C - 71°C - 67°C - 69°C - 67°C - 66°C | Throttling: None - None - None - None - None - None - None - None
802 (881808 Gflops/s) - 803 (882907 Gflops/s) - 803 (882907 Gflops/s) - 803 (882907 Gflops/s) - 803 (882907 Gflops/s) - 803 (882907 Gflops/s) - 803 (882907 Gflops/s) - 802 (881808 Gflops/s) | Temperatures: 73°C - 66°C - 69°C - 71°C - 67°C - 69°C - 67°C - 66°C | Throttling: None - None - None - None - None - None - None - None
801 (880708 Gflops/s) - 801 (880708 Gflops/s) - 802 (881808 Gflops/s) - 802 (881808 Gflops/s) - 801 (880708 Gflops/s) - 802 (881808 Gflops/s) - 802 (881808 Gflops/s) - 801 (880708 Gflops/s) | Temperatures: 73°C - 66°C - 70°C - 71°C - 67°C - 69°C - 67°C - 66°C | Throttling: None - None - None - None - None - None - None - None
802 (881808 Gflops/s) - 803 (882907 Gflops/s) - 802 (881808 Gflops/s) - 803 (882907 Gflops/s) - 803 (882907 Gflops/s) - 804 (884007 Gflops/s) - 803 (882907 Gflops/s) - 803 (882907 Gflops/s) | Temperatures: 73°C - 66°C - 70°C - 71°C - 67°C - 69°C - 67°C - 66°C | Throttling: None - None - None - None - None - None - None - None
801 (880708 Gflops/s) - 802 (881808 Gflops/s) - 803 (882907 Gflops/s) - 803 (882907 Gflops/s) - 802 (881808 Gflops/s) - 803 (882907 Gflops/s) - 803 (882907 Gflops/s) - 802 (881808 Gflops/s) | Temperatures: 73°C - 66°C - 70°C - 71°C - 67°C - 69°C - 67°C - 66°C | Throttling: None - None - None - None - None - None - None - None
802 (881808 Gflops/s) - 803 (882907 Gflops/s) - 803 (882907 Gflops/s) - 802 (881808 Gflops/s) - 802 (881808 Gflops/s) - 803 (882907 Gflops/s) - 803 (882907 Gflops/s) - 802 (881808 Gflops/s) | Temperatures: 73°C - 66°C - 70°C - 71°C - 67°C - 69°C - 67°C - 66°C | Throttling: None - None - None - None - None - None - None - None
802 (881808 Gflops/s) - 802 (881808 Gflops/s) - 802 (881808 Gflops/s) - 803 (882907 Gflops/s) - 803 (882907 Gflops/s) - 803 (882907 Gflops/s) - 803 (882907 Gflops/s) - 802 (881808 Gflops/s) | Temperatures: 73°C - 66°C - 70°C - 71°C - 67°C - 69°C - 67°C - 66°C | Throttling: None - None - None - None - None - None - None - None
801 (880708 Gflops/s) - 802 (881808 Gflops/s) - 802 (881808 Gflops/s) - 803 (882907 Gflops/s) - 802 (881808 Gflops/s) - 802 (881808 Gflops/s) - 802 (881808 Gflops/s) - 802 (881808 Gflops/s) | Temperatures: 73°C - 66°C - 70°C - 71°C - 67°C - 69°C - 67°C - 66°C | Throttling: None - None - None - None - None - None - None - None
802 (881808 Gflops/s) - 803 (882907 Gflops/s) - 803 (882907 Gflops/s) - 802 (881808 Gflops/s) - 802 (881808 Gflops/s) - 803 (882907 Gflops/s) - 803 (882907 Gflops/s) - 802 (881808 Gflops/s) | Temperatures: 73°C - 66°C - 70°C - 71°C - 67°C - 69°C - 67°C - 66°C | Throttling: None - None - None - None - None - None - None - None
802 (881808 Gflops/s) - 802 (881808 Gflops/s) - 803 (882907 Gflops/s) - 803 (882907 Gflops/s) - 802 (881808 Gflops/s) - 803 (882907 Gflops/s) - 803 (882907 Gflops/s) - 802 (881808 Gflops/s) | Temperatures: 73°C - 66°C - 70°C - 71°C - 67°C - 69°C - 67°C - 66°C | Throttling: None - None - None - None - None - None - None - None
802 (881808 Gflops/s) - 803 (882907 Gflops/s) - 802 (881808 Gflops/s) - 802 (881808 Gflops/s) - 802 (881808 Gflops/s) - 802 (881808 Gflops/s) - 802 (881808 Gflops/s) - 802 (881808 Gflops/s) | Temperatures: 73°C - 66°C - 70°C - 71°C - 67°C - 69°C - 67°C - 66°C | Throttling: None - None - None - None - None - None - None - None
802 (881808 Gflops/s) - 802 (881808 Gflops/s) - 803 (882907 Gflops/s) - 803 (882907 Gflops/s) - 802 (881808 Gflops/s) - 803 (882907 Gflops/s) - 803 (882907 Gflops/s) - 802 (881808 Gflops/s) | Temperatures: 73°C - 66°C - 70°C - 71°C - 67°C - 69°C - 67°C - 66°C | Throttling: None - None - None - None - None - None - None - None
801 (880708 Gflops/s) - 802 (881808 Gflops/s) - 802 (881808 Gflops/s) - 801 (880708 Gflops/s) - 801 (880708 Gflops/s) - 802 (881808 Gflops/s) - 801 (880708 Gflops/s) - 801 (880708 Gflops/s) | Temperatures: 73°C - 66°C - 70°C - 71°C - 67°C - 69°C - 67°C - 66°C | Throttling: None - None - None - None - None - None - None - None
802 (881808 Gflops/s) - 802 (881808 Gflops/s) - 803 (882907 Gflops/s) - 803 (882907 Gflops/s) - 802 (881808 Gflops/s) - 803 (882907 Gflops/s) - 803 (882907 Gflops/s) - 802 (881808 Gflops/s) | Temperatures: 73°C - 66°C - 70°C - 71°C - 67°C - 69°C - 67°C - 66°C | Throttling: None - None - None - None - None - None - None - None
801 (880708 Gflops/s) - 802 (881808 Gflops/s) - 802 (881808 Gflops/s) - 802 (881808 Gflops/s) - 802 (881808 Gflops/s) - 802 (881808 Gflops/s) - 803 (882907 Gflops/s) - 802 (881808 Gflops/s) | Temperatures: 73°C - 66°C - 70°C - 71°C - 67°C - 69°C - 67°C - 66°C | Throttling: None - None - None - None - None - None - None - None
802 (881808 Gflops/s) - 803 (882907 Gflops/s) - 803 (882907 Gflops/s) - 803 (882907 Gflops/s) - 802 (881808 Gflops/s) - 803 (882907 Gflops/s) - 803 (882907 Gflops/s) - 802 (881808 Gflops/s) | Temperatures: 73°C - 66°C - 70°C - 71°C - 67°C - 69°C - 67°C - 66°C | Throttling: None - None - None - None - None - None - None - None
802 (881808 Gflops/s) - 802 (881808 Gflops/s) - 803 (882907 Gflops/s) - 803 (882907 Gflops/s) - 803 (882907 Gflops/s) - 803 (882907 Gflops/s) - 803 (882907 Gflops/s) - 802 (881808 Gflops/s) | Temperatures: 73°C - 66°C - 70°C - 71°C - 67°C - 69°C - 67°C - 66°C | Throttling: None - None - None - None - None - None - None - None
801 (880708 Gflops/s) - 802 (881808 Gflops/s) - 802 (881808 Gflops/s) - 802 (881808 Gflops/s) - 801 (880708 Gflops/s) - 802 (881808 Gflops/s) - 802 (881808 Gflops/s) - 801 (880708 Gflops/s) | Temperatures: 73°C - 66°C - 70°C - 71°C - 67°C - 69°C - 67°C - 66°C | Throttling: None - None - None - None - None - None - None - None
802 (881808 Gflops/s) - 803 (882907 Gflops/s) - 802 (881808 Gflops/s) - 803 (882907 Gflops/s) - 802 (881808 Gflops/s) - 803 (882907 Gflops/s) - 803 (882907 Gflops/s) - 802 (881808 Gflops/s) | Temperatures: 73°C - 66°C - 70°C - 71°C - 67°C - 69°C - 67°C - 66°C | Throttling: None - None - None - None - None - None - None - None
802 (881808 Gflops/s) - 802 (881808 Gflops/s) - 803 (882907 Gflops/s) - 802 (881808 Gflops/s) - 803 (882907 Gflops/s) - 803 (882907 Gflops/s) - 803 (882907 Gflops/s) - 802 (881808 Gflops/s) | Temperatures: 73°C - 66°C - 70°C - 71°C - 68°C - 69°C - 67°C - 66°C | Throttling: None - None - None - None - None - None - None - None
802 (881808 Gflops/s) - 803 (882907 Gflops/s) - 803 (882907 Gflops/s) - 803 (882907 Gflops/s) - 802 (881808 Gflops/s) - 803 (882907 Gflops/s) - 803 (882907 Gflops/s) - 802 (881808 Gflops/s) | Temperatures: 73°C - 66°C - 70°C - 71°C - 67°C - 69°C - 67°C - 66°C | Throttling: None - None - None - None - None - None - None - None
801 (880708 Gflops/s) - 802 (881808 Gflops/s) - 802 (881808 Gflops/s) - 802 (881808 Gflops/s) - 802 (881808 Gflops/s) - 803 (882907 Gflops/s) - 803 (882907 Gflops/s) - 801 (880708 Gflops/s) | Temperatures: 73°C - 66°C - 70°C - 71°C - 67°C - 69°C - 67°C - 67°C | Throttling: None - None - None - None - None - None - None - None
802 (881808 Gflops/s) - 802 (881808 Gflops/s) - 802 (881808 Gflops/s) - 801 (880708 Gflops/s) - 801 (880708 Gflops/s) - 801 (880708 Gflops/s) - 801 (880708 Gflops/s) - 801 (880708 Gflops/s) | Temperatures: 73°C - 66°C - 70°C - 71°C - 67°C - 69°C - 67°C - 66°C | Throttling: None - None - None - None - None - None - None - None
801 (880708 Gflops/s) - 802 (881808 Gflops/s) - 803 (882907 Gflops/s) - 803 (882907 Gflops/s) - 802 (881808 Gflops/s) - 803 (882907 Gflops/s) - 803 (882907 Gflops/s) - 801 (880708 Gflops/s) | Temperatures: 73°C - 66°C - 70°C - 71°C - 67°C - 69°C - 67°C - 66°C | Throttling: None - None - None - None - None - None - None - None
802 (881808 Gflops/s) - 803 (882907 Gflops/s) - 803 (882907 Gflops/s) - 803 (882907 Gflops/s) - 802 (881808 Gflops/s) - 803 (882907 Gflops/s) - 803 (882907 Gflops/s) - 802 (881808 Gflops/s) | Temperatures: 73°C - 66°C - 70°C - 71°C - 67°C - 69°C - 67°C - 67°C | Throttling: None - None - None - None - None - None - None - None
802 (881808 Gflops/s) - 802 (881808 Gflops/s) - 802 (881808 Gflops/s) - 802 (881808 Gflops/s) - 802 (881808 Gflops/s) - 803 (882907 Gflops/s) - 802 (881808 Gflops/s) - 802 (881808 Gflops/s) | Temperatures: 73°C - 66°C - 70°C - 71°C - 67°C - 69°C - 67°C - 66°C | Throttling: None - None - None - None - None - None - None - None
802 (881808 Gflops/s) - 803 (882907 Gflops/s) - 803 (882907 Gflops/s) - 803 (882907 Gflops/s) - 802 (881808 Gflops/s) - 803 (882907 Gflops/s) - 803 (882907 Gflops/s) - 802 (881808 Gflops/s) | Temperatures: 73°C - 66°C - 70°C - 71°C - 68°C - 69°C - 67°C - 66°C | Throttling: None - None - None - None - None - None - None - None
802 (881808 Gflops/s) - 802 (881808 Gflops/s) - 803 (882907 Gflops/s) - 802 (881808 Gflops/s) - 802 (881808 Gflops/s) - 803 (882907 Gflops/s) - 803 (882907 Gflops/s) - 802 (881808 Gflops/s) | Temperatures: 73°C - 66°C - 70°C - 71°C - 68°C - 69°C - 67°C - 66°C | Throttling: None - None - None - None - None - None - None - None
801 (880708 Gflops/s) - 802 (881808 Gflops/s) - 802 (881808 Gflops/s) - 802 (881808 Gflops/s) - 802 (881808 Gflops/s) - 802 (881808 Gflops/s) - 802 (881808 Gflops/s) - 802 (881808 Gflops/s) | Temperatures: 73°C - 66°C - 70°C - 71°C - 68°C - 69°C - 67°C - 66°C | Throttling: None - None - None - None - None - None - None - None
802 (881808 Gflops/s) - 802 (881808 Gflops/s) - 802 (881808 Gflops/s) - 803 (882907 Gflops/s) - 802 (881808 Gflops/s) - 803 (882907 Gflops/s) - 803 (882907 Gflops/s) - 802 (881808 Gflops/s) | Temperatures: 73°C - 66°C - 70°C - 71°C - 68°C - 69°C - 67°C - 67°C | Throttling: None - None - None - None - None - None - None - None
802 (881808 Gflops/s) - 803 (882907 Gflops/s) - 803 (882907 Gflops/s) - 802 (881808 Gflops/s) - 802 (881808 Gflops/s) - 803 (882907 Gflops/s) - 802 (881808 Gflops/s) - 801 (880708 Gflops/s) | Temperatures: 73°C - 66°C - 70°C - 71°C - 68°C - 69°C - 67°C - 67°C | Throttling: None - None - None - None - None - None - None - None
802 (881808 Gflops/s) - 802 (881808 Gflops/s) - 803 (882907 Gflops/s) - 802 (881808 Gflops/s) - 802 (881808 Gflops/s) - 803 (882907 Gflops/s) - 803 (882907 Gflops/s) - 802 (881808 Gflops/s) | Temperatures: 73°C - 66°C - 70°C - 71°C - 67°C - 69°C - 67°C - 66°C | Throttling: None - None - None - None - None - None - None - None
801 (880708 Gflops/s) - 802 (881808 Gflops/s) - 802 (881808 Gflops/s) - 802 (881808 Gflops/s) - 800 (879609 Gflops/s) - 802 (881808 Gflops/s) - 802 (881808 Gflops/s) - 800 (879609 Gflops/s) | Temperatures: 73°C - 66°C - 70°C - 71°C - 67°C - 69°C - 67°C - 67°C | Throttling: None - None - None - None - None - None - None - None
801 (880708 Gflops/s) - 802 (881808 Gflops/s) - 802 (881808 Gflops/s) - 802 (881808 Gflops/s) - 801 (880708 Gflops/s) - 802 (881808 Gflops/s) - 802 (881808 Gflops/s) - 801 (880708 Gflops/s) | Temperatures: 73°C - 66°C - 70°C - 71°C - 67°C - 69°C - 67°C - 66°C | Throttling: None - None - None - None - None - None - None - None
802 (881808 Gflops/s) - 802 (881808 Gflops/s) - 803 (882907 Gflops/s) - 802 (881808 Gflops/s) - 802 (881808 Gflops/s) - 803 (882907 Gflops/s) - 803 (882907 Gflops/s) - 802 (881808 Gflops/s) | Temperatures: 73°C - 66°C - 70°C - 71°C - 67°C - 69°C - 67°C - 67°C | Throttling: None - None - None - None - None - None - None - None
802 (881808 Gflops/s) - 803 (882907 Gflops/s) - 803 (882907 Gflops/s) - 803 (882907 Gflops/s) - 802 (881808 Gflops/s) - 803 (882907 Gflops/s) - 803 (882907 Gflops/s) - 802 (881808 Gflops/s) | Temperatures: 73°C - 66°C - 70°C - 71°C - 68°C - 69°C - 67°C - 67°C | Throttling: None - None - None - None - None - None - None - None
802 (881808 Gflops/s) - 802 (881808 Gflops/s) - 802 (881808 Gflops/s) - 802 (881808 Gflops/s) - 802 (881808 Gflops/s) - 802 (881808 Gflops/s) - 802 (881808 Gflops/s) - 802 (881808 Gflops/s) | Temperatures: 73°C - 66°C - 70°C - 71°C - 67°C - 69°C - 67°C - 66°C | Throttling: None - None - None - None - None - None - None - None
802 (881808 Gflops/s) - 803 (882907 Gflops/s) - 803 (882907 Gflops/s) - 803 (882907 Gflops/s) - 802 (881808 Gflops/s) - 803 (882907 Gflops/s) - 803 (882907 Gflops/s) - 802 (881808 Gflops/s) | Temperatures: 73°C - 66°C - 70°C - 71°C - 67°C - 69°C - 67°C - 67°C | Throttling: None - None - None - None - None - None - None - None
801 (880708 Gflops/s) - 802 (881808 Gflops/s) - 802 (881808 Gflops/s) - 801 (880708 Gflops/s) - 801 (880708 Gflops/s) - 801 (880708 Gflops/s) - 801 (880708 Gflops/s) - 801 (880708 Gflops/s) | Temperatures: 73°C - 66°C - 70°C - 71°C - 67°C - 69°C - 67°C - 67°C | Throttling: None - None - None - None - None - None - None - None
802 (881808 Gflops/s) - 802 (881808 Gflops/s) - 803 (882907 Gflops/s) - 803 (882907 Gflops/s) - 803 (882907 Gflops/s) - 803 (882907 Gflops/s) - 803 (882907 Gflops/s) - 802 (881808 Gflops/s) | Temperatures: 73°C - 66°C - 70°C - 71°C - 67°C - 69°C - 67°C - 67°C | Throttling: None - None - None - None - None - None - None - None
802 (881808 Gflops/s) - 802 (881808 Gflops/s) - 803 (882907 Gflops/s) - 802 (881808 Gflops/s) - 802 (881808 Gflops/s) - 803 (882907 Gflops/s) - 803 (882907 Gflops/s) - 802 (881808 Gflops/s) | Temperatures: 73°C - 66°C - 70°C - 71°C - 67°C - 69°C - 67°C - 67°C | Throttling: None - None - None - None - None - None - None - None
802 (881808 Gflops/s) - 803 (882907 Gflops/s) - 802 (881808 Gflops/s) - 803 (882907 Gflops/s) - 802 (881808 Gflops/s) - 803 (882907 Gflops/s) - 803 (882907 Gflops/s) - 802 (881808 Gflops/s) | Temperatures: 73°C - 66°C - 70°C - 71°C - 67°C - 69°C - 67°C - 66°C | Throttling: None - None - None - None - None - None - None - None
801 (880708 Gflops/s) - 802 (881808 Gflops/s) - 803 (882907 Gflops/s) - 803 (882907 Gflops/s) - 803 (882907 Gflops/s) - 804 (884007 Gflops/s) - 803 (882907 Gflops/s) - 803 (882907 Gflops/s) | Temperatures: 73°C - 66°C - 70°C - 71°C - 67°C - 69°C - 67°C - 67°C | Throttling: None - None - None - None - None - None - None - None
801 (880708 Gflops/s) - 802 (881808 Gflops/s) - 802 (881808 Gflops/s) - 802 (881808 Gflops/s) - 801 (880708 Gflops/s) - 801 (880708 Gflops/s) - 801 (880708 Gflops/s) - 801 (880708 Gflops/s) | Temperatures: 73°C - 66°C - 70°C - 71°C - 68°C - 69°C - 67°C - 67°C | Throttling: None - None - None - None - None - None - None - None
802 (881808 Gflops/s) - 802 (881808 Gflops/s) - 802 (881808 Gflops/s) - 803 (882907 Gflops/s) - 802 (881808 Gflops/s) - 803 (882907 Gflops/s) - 803 (882907 Gflops/s) - 802 (881808 Gflops/s) | Temperatures: 73°C - 66°C - 70°C - 71°C - 68°C - 69°C - 67°C - 67°C | Throttling: None - None - None - None - None - None - None - None
802 (881808 Gflops/s) - 803 (882907 Gflops/s) - 803 (882907 Gflops/s) - 802 (881808 Gflops/s) - 803 (882907 Gflops/s) - 802 (881808 Gflops/s) - 802 (881808 Gflops/s) - 802 (881808 Gflops/s) | Temperatures: 73°C - 66°C - 70°C - 71°C - 68°C - 69°C - 68°C - 67°C | Throttling: None - None - None - None - None - None - None - None
802 (881808 Gflops/s) - 802 (881808 Gflops/s) - 803 (882907 Gflops/s) - 803 (882907 Gflops/s) - 802 (881808 Gflops/s) - 804 (884007 Gflops/s) - 803 (882907 Gflops/s) - 803 (882907 Gflops/s) | Temperatures: 73°C - 66°C - 70°C - 71°C - 68°C - 70°C - 68°C - 67°C | Throttling: None - None - None - None - None - None - None - None
801 (880708 Gflops/s) - 802 (881808 Gflops/s) - 802 (881808 Gflops/s) - 802 (881808 Gflops/s) - 802 (881808 Gflops/s) - 802 (881808 Gflops/s) - 802 (881808 Gflops/s) - 801 (880708 Gflops/s) | Temperatures: 73°C - 67°C - 70°C - 71°C - 68°C - 70°C - 68°C - 67°C | Throttling: None - None - None - None - None - None - None - None
802 (881808 Gflops/s) - 803 (882907 Gflops/s) - 802 (881808 Gflops/s) - 803 (882907 Gflops/s) - 803 (882907 Gflops/s) - 803 (882907 Gflops/s) - 804 (884007 Gflops/s) - 803 (882907 Gflops/s) | Temperatures: 73°C - 67°C - 70°C - 71°C - 68°C - 70°C - 68°C - 67°C | Throttling: None - None - None - None - None - None - None - None
802 (881808 Gflops/s) - 802 (881808 Gflops/s) - 803 (882907 Gflops/s) - 803 (882907 Gflops/s) - 803 (882907 Gflops/s) - 804 (884007 Gflops/s) - 803 (882907 Gflops/s) - 802 (881808 Gflops/s) | Temperatures: 73°C - 67°C - 70°C - 71°C - 68°C - 70°C - 68°C - 67°C | Throttling: None - None - None - None - None - None - None - None
802 (881808 Gflops/s) - 803 (882907 Gflops/s) - 803 (882907 Gflops/s) - 803 (882907 Gflops/s) - 802 (881808 Gflops/s) - 803 (882907 Gflops/s) - 803 (882907 Gflops/s) - 803 (882907 Gflops/s) | Temperatures: 73°C - 67°C - 70°C - 71°C - 68°C - 70°C - 68°C - 67°C | Throttling: None - None - None - None - None - None - None - None
801 (880708 Gflops/s) - 802 (881808 Gflops/s) - 802 (881808 Gflops/s) - 802 (881808 Gflops/s) - 802 (881808 Gflops/s) - 802 (881808 Gflops/s) - 802 (881808 Gflops/s) - 801 (880708 Gflops/s) | Temperatures: 72°C - 67°C - 70°C - 71°C - 68°C - 70°C - 68°C - 67°C | Throttling: None - None - None - None - None - None - None - None
802 (881808 Gflops/s) - 802 (881808 Gflops/s) - 802 (881808 Gflops/s) - 802 (881808 Gflops/s) - 801 (880708 Gflops/s) - 802 (881808 Gflops/s) - 802 (881808 Gflops/s) - 801 (880708 Gflops/s) | Temperatures: 72°C - 66°C - 70°C - 71°C - 68°C - 70°C - 68°C - 67°C | Throttling: None - None - None - None - None - None - None - None
801 (880708 Gflops/s) - 802 (881808 Gflops/s) - 803 (882907 Gflops/s) - 803 (882907 Gflops/s) - 802 (881808 Gflops/s) - 803 (882907 Gflops/s) - 803 (882907 Gflops/s) - 802 (881808 Gflops/s) | Temperatures: 72°C - 66°C - 70°C - 71°C - 68°C - 70°C - 68°C - 67°C | Throttling: None - None - None - None - None - None - None - None
802 (881808 Gflops/s) - 803 (882907 Gflops/s) - 803 (882907 Gflops/s) - 803 (882907 Gflops/s) - 803 (882907 Gflops/s) - 803 (882907 Gflops/s) - 803 (882907 Gflops/s) - 802 (881808 Gflops/s) | Temperatures: 72°C - 66°C - 70°C - 71°C - 68°C - 70°C - 68°C - 67°C | Throttling: None - None - None - None - None - None - None - None
802 (881808 Gflops/s) - 802 (881808 Gflops/s) - 803 (882907 Gflops/s) - 802 (881808 Gflops/s) - 802 (881808 Gflops/s) - 803 (882907 Gflops/s) - 802 (881808 Gflops/s) - 802 (881808 Gflops/s) | Temperatures: 72°C - 66°C - 70°C - 71°C - 68°C - 70°C - 68°C - 67°C | Throttling: None - None - None - None - None - None - None - None
802 (881808 Gflops/s) - 803 (882907 Gflops/s) - 802 (881808 Gflops/s) - 803 (882907 Gflops/s) - 802 (881808 Gflops/s) - 803 (882907 Gflops/s) - 803 (882907 Gflops/s) - 802 (881808 Gflops/s) | Temperatures: 72°C - 66°C - 70°C - 71°C - 68°C - 70°C - 68°C - 67°C | Throttling: None - None - None - None - None - None - None - None
801 (880708 Gflops/s) - 801 (880708 Gflops/s) - 802 (881808 Gflops/s) - 802 (881808 Gflops/s) - 802 (881808 Gflops/s) - 802 (881808 Gflops/s) - 803 (882907 Gflops/s) - 802 (881808 Gflops/s) | Temperatures: 72°C - 66°C - 69°C - 71°C - 68°C - 70°C - 68°C - 67°C | Throttling: None - None - None - None - None - None - None - None
802 (881808 Gflops/s) - 803 (882907 Gflops/s) - 803 (882907 Gflops/s) - 803 (882907 Gflops/s) - 803 (882907 Gflops/s) - 804 (884007 Gflops/s) - 803 (882907 Gflops/s) - 802 (881808 Gflops/s) | Temperatures: 72°C - 66°C - 69°C - 71°C - 68°C - 70°C - 68°C - 67°C | Throttling: None - None - None - None - None - None - None - None
802 (881808 Gflops/s) - 802 (881808 Gflops/s) - 803 (882907 Gflops/s) - 802 (881808 Gflops/s) - 802 (881808 Gflops/s) - 802 (881808 Gflops/s) - 802 (881808 Gflops/s) - 802 (881808 Gflops/s) | Temperatures: 72°C - 66°C - 69°C - 71°C - 68°C - 70°C - 68°C - 67°C | Throttling: None - None - None - None - None - None - None - None
801 (880708 Gflops/s) - 803 (882907 Gflops/s) - 802 (881808 Gflops/s) - 802 (881808 Gflops/s) - 801 (880708 Gflops/s) - 802 (881808 Gflops/s) - 802 (881808 Gflops/s) - 801 (880708 Gflops/s) | Temperatures: 72°C - 66°C - 69°C - 71°C - 68°C - 70°C - 68°C - 67°C | Throttling: None - None - None - None - None - None - None - None
802 (881808 Gflops/s) - 802 (881808 Gflops/s) - 803 (882907 Gflops/s) - 802 (881808 Gflops/s) - 802 (881808 Gflops/s) - 803 (882907 Gflops/s) - 803 (882907 Gflops/s) - 802 (881808 Gflops/s) | Temperatures: 72°C - 66°C - 69°C - 71°C - 68°C - 70°C - 68°C - 67°C | Throttling: None - None - None - None - None - None - None - None
801 (880708 Gflops/s) - 802 (881808 Gflops/s) - 802 (881808 Gflops/s) - 801 (880708 Gflops/s) - 801 (880708 Gflops/s) - 801 (880708 Gflops/s) - 801 (880708 Gflops/s) - 801 (880708 Gflops/s) | Temperatures: 72°C - 66°C - 69°C - 71°C - 68°C - 70°C - 68°C - 67°C | Throttling: None - None - None - None - None - None - None - None
802 (881808 Gflops/s) - 802 (881808 Gflops/s) - 803 (882907 Gflops/s) - 803 (882907 Gflops/s) - 803 (882907 Gflops/s) - 803 (882907 Gflops/s) - 803 (882907 Gflops/s) - 802 (881808 Gflops/s) | Temperatures: 72°C - 66°C - 69°C - 71°C - 68°C - 70°C - 68°C - 67°C | Throttling: None - None - None - None - None - None - None - None
802 (881808 Gflops/s) - 803 (882907 Gflops/s) - 802 (881808 Gflops/s) - 802 (881808 Gflops/s) - 802 (881808 Gflops/s) - 802 (881808 Gflops/s) - 802 (881808 Gflops/s) - 802 (881808 Gflops/s) | Temperatures: 72°C - 66°C - 69°C - 71°C - 68°C - 70°C - 68°C - 67°C | Throttling: None - None - None - None - None - None - None - None
802 (881808 Gflops/s) - 802 (881808 Gflops/s) - 803 (882907 Gflops/s) - 802 (881808 Gflops/s) - 802 (881808 Gflops/s) - 803 (882907 Gflops/s) - 803 (882907 Gflops/s) - 801 (880708 Gflops/s) | Temperatures: 72°C - 66°C - 69°C - 71°C - 69°C - 70°C - 68°C - 67°C | Throttling: None - None - None - None - None - None - None - None
801 (880708 Gflops/s) - 802 (881808 Gflops/s) - 802 (881808 Gflops/s) - 802 (881808 Gflops/s) - 801 (880708 Gflops/s) - 802 (881808 Gflops/s) - 802 (881808 Gflops/s) - 802 (881808 Gflops/s) | Temperatures: 72°C - 66°C - 69°C - 71°C - 69°C - 70°C - 68°C - 67°C | Throttling: None - None - None - None - None - None - None - None
802 (881808 Gflops/s) - 803 (882907 Gflops/s) - 803 (882907 Gflops/s) - 801 (880708 Gflops/s) - 802 (881808 Gflops/s) - 802 (881808 Gflops/s) - 801 (880708 Gflops/s) - 802 (881808 Gflops/s) | Temperatures: 72°C - 66°C - 69°C - 71°C - 69°C - 70°C - 68°C - 67°C | Throttling: None - None - None - None - None - None - None - None
802 (881808 Gflops/s) - 802 (881808 Gflops/s) - 802 (881808 Gflops/s) - 803 (882907 Gflops/s) - 803 (882907 Gflops/s) - 803 (882907 Gflops/s) - 803 (882907 Gflops/s) - 802 (881808 Gflops/s) | Temperatures: 72°C - 66°C - 69°C - 71°C - 69°C - 70°C - 68°C - 67°C | Throttling: None - None - None - None - None - None - None - None
802 (881808 Gflops/s) - 803 (882907 Gflops/s) - 803 (882907 Gflops/s) - 802 (881808 Gflops/s) - 801 (880708 Gflops/s) - 803 (882907 Gflops/s) - 802 (881808 Gflops/s) - 802 (881808 Gflops/s) | Temperatures: 72°C - 66°C - 69°C - 70°C - 69°C - 70°C - 68°C - 67°C | Throttling: None - None - None - None - None - None - None - None
801 (880708 Gflops/s) - 802 (881808 Gflops/s) - 803 (882907 Gflops/s) - 803 (882907 Gflops/s) - 803 (882907 Gflops/s) - 803 (882907 Gflops/s) - 804 (884007 Gflops/s) - 803 (882907 Gflops/s) | Temperatures: 72°C - 66°C - 69°C - 70°C - 69°C - 70°C - 69°C - 67°C | Throttling: None - None - None - None - None - None - None - None
801 (880708 Gflops/s) - 802 (881808 Gflops/s) - 802 (881808 Gflops/s) - 802 (881808 Gflops/s) - 801 (880708 Gflops/s) - 802 (881808 Gflops/s) - 802 (881808 Gflops/s) - 801 (880708 Gflops/s) | Temperatures: 72°C - 66°C - 69°C - 70°C - 69°C - 70°C - 69°C - 67°C | Throttling: None - None - None - None - None - None - None - None
802 (881808 Gflops/s) - 802 (881808 Gflops/s) - 802 (881808 Gflops/s) - 802 (881808 Gflops/s) - 802 (881808 Gflops/s) - 803 (882907 Gflops/s) - 802 (881808 Gflops/s) - 802 (881808 Gflops/s) | Temperatures: 72°C - 66°C - 69°C - 70°C - 69°C - 70°C - 69°C - 67°C | Throttling: None - None - None - None - None - None - None - None
803 (882907 Gflops/s) - 803 (882907 Gflops/s) - 803 (882907 Gflops/s) - 802 (881808 Gflops/s) - 802 (881808 Gflops/s) - 803 (882907 Gflops/s) - 802 (881808 Gflops/s) - 801 (880708 Gflops/s) | Temperatures: 72°C - 67°C - 69°C - 70°C - 69°C - 70°C - 69°C - 67°C | Throttling: None - None - None - None - None - None - None - None
802 (881808 Gflops/s) - 802 (881808 Gflops/s) - 803 (882907 Gflops/s) - 803 (882907 Gflops/s) - 802 (881808 Gflops/s) - 803 (882907 Gflops/s) - 803 (882907 Gflops/s) - 803 (882907 Gflops/s) | Temperatures: 72°C - 67°C - 69°C - 70°C - 69°C - 70°C - 69°C - 67°C | Throttling: None - None - None - None - None - None - None - None
803 (882907 Gflops/s) - 803 (882907 Gflops/s) - 803 (882907 Gflops/s) - 802 (881808 Gflops/s) - 802 (881808 Gflops/s) - 802 (881808 Gflops/s) - 802 (881808 Gflops/s) - 802 (881808 Gflops/s) | Temperatures: 72°C - 66°C - 69°C - 70°C - 69°C - 70°C - 69°C - 67°C | Throttling: None - None - None - None - None - None - None - None
801 (880708 Gflops/s) - 801 (880708 Gflops/s) - 802 (881808 Gflops/s) - 801 (880708 Gflops/s) - 801 (880708 Gflops/s) - 801 (880708 Gflops/s) - 801 (880708 Gflops/s) - 801 (880708 Gflops/s) | Temperatures: 72°C - 67°C - 69°C - 70°C - 69°C - 70°C - 69°C - 67°C | Throttling: None - None - None - None - None - None - None - None
803 (882907 Gflops/s) - 803 (882907 Gflops/s) - 802 (881808 Gflops/s) - 802 (881808 Gflops/s) - 802 (881808 Gflops/s) - 802 (881808 Gflops/s) - 802 (881808 Gflops/s) - 802 (881808 Gflops/s) | Temperatures: 72°C - 66°C - 69°C - 70°C - 69°C - 70°C - 69°C - 67°C | Throttling: None - None - None - None - None - None - None - None
802 (881808 Gflops/s) - 802 (881808 Gflops/s) - 803 (882907 Gflops/s) - 803 (882907 Gflops/s) - 802 (881808 Gflops/s) - 803 (882907 Gflops/s) - 803 (882907 Gflops/s) - 802 (881808 Gflops/s) | Temperatures: 72°C - 67°C - 69°C - 70°C - 69°C - 70°C - 69°C - 67°C | Throttling: None - None - None - None - None - None - None - None
802 (881808 Gflops/s) - 803 (882907 Gflops/s) - 803 (882907 Gflops/s) - 802 (881808 Gflops/s) - 802 (881808 Gflops/s) - 803 (882907 Gflops/s) - 803 (882907 Gflops/s) - 802 (881808 Gflops/s) | Temperatures: 72°C - 67°C - 69°C - 70°C - 69°C - 70°C - 69°C - 67°C | Throttling: None - None - None - None - None - None - None - None
802 (881808 Gflops/s) - 802 (881808 Gflops/s) - 802 (881808 Gflops/s) - 801 (880708 Gflops/s) - 801 (880708 Gflops/s) - 801 (880708 Gflops/s) - 801 (880708 Gflops/s) - 800 (879609 Gflops/s) | Temperatures: 72°C - 67°C - 69°C - 70°C - 69°C - 70°C - 69°C - 67°C | Throttling: None - None - None - None - None - None - None - None
802 (881808 Gflops/s) - 802 (881808 Gflops/s) - 802 (881808 Gflops/s) - 802 (881808 Gflops/s) - 802 (881808 Gflops/s) - 803 (882907 Gflops/s) - 802 (881808 Gflops/s) - 802 (881808 Gflops/s) | Temperatures: 72°C - 67°C - 69°C - 70°C - 69°C - 70°C - 69°C - 67°C | Throttling: None - None - None - None - None - None - None - None
802 (881808 Gflops/s) - 802 (881808 Gflops/s) - 803 (882907 Gflops/s) - 802 (881808 Gflops/s) - 802 (881808 Gflops/s) - 803 (882907 Gflops/s) - 802 (881808 Gflops/s) - 802 (881808 Gflops/s) | Temperatures: 72°C - 67°C - 69°C - 70°C - 69°C - 70°C - 68°C - 67°C | Throttling: None - None - None - None - None - None - None - None
803 (882907 Gflops/s) - 803 (882907 Gflops/s) - 803 (882907 Gflops/s) - 803 (882907 Gflops/s) - 802 (881808 Gflops/s) - 803 (882907 Gflops/s) - 803 (882907 Gflops/s) - 802 (881808 Gflops/s) | Temperatures: 72°C - 66°C - 69°C - 70°C - 69°C - 70°C - 69°C - 67°C | Throttling: None - None - None - None - None - None - None - None
802 (881808 Gflops/s) - 802 (881808 Gflops/s) - 802 (881808 Gflops/s) - 801 (880708 Gflops/s) - 801 (880708 Gflops/s) - 802 (881808 Gflops/s) - 802 (881808 Gflops/s) - 800 (879609 Gflops/s) | Temperatures: 72°C - 66°C - 69°C - 70°C - 69°C - 70°C - 68°C - 67°C | Throttling: None - None - None - None - None - None - None - None
802 (881808 Gflops/s) - 802 (881808 Gflops/s) - 802 (881808 Gflops/s) - 802 (881808 Gflops/s) - 802 (881808 Gflops/s) - 802 (881808 Gflops/s) - 802 (881808 Gflops/s) - 801 (880708 Gflops/s) | Temperatures: 72°C - 66°C - 69°C - 70°C - 69°C - 70°C - 68°C - 67°C | Throttling: None - None - None - None - None - None - None - None
802 (881808 Gflops/s) - 803 (882907 Gflops/s) - 803 (882907 Gflops/s) - 802 (881808 Gflops/s) - 801 (880708 Gflops/s) - 803 (882907 Gflops/s) - 802 (881808 Gflops/s) - 801 (880708 Gflops/s) | Temperatures: 72°C - 66°C - 69°C - 70°C - 69°C - 70°C - 68°C - 67°C | Throttling: None - None - None - None - None - None - None - None
802 (881808 Gflops/s) - 802 (881808 Gflops/s) - 803 (882907 Gflops/s) - 803 (882907 Gflops/s) - 802 (881808 Gflops/s) - 802 (881808 Gflops/s) - 803 (882907 Gflops/s) - 802 (881808 Gflops/s) | Temperatures: 72°C - 66°C - 69°C - 70°C - 68°C - 70°C - 68°C - 67°C | Throttling: None - None - None - None - None - None - None - None
803 (882907 Gflops/s) - 802 (881808 Gflops/s) - 802 (881808 Gflops/s) - 802 (881808 Gflops/s) - 802 (881808 Gflops/s) - 803 (882907 Gflops/s) - 802 (881808 Gflops/s) - 801 (880708 Gflops/s) | Temperatures: 72°C - 66°C - 69°C - 70°C - 69°C - 70°C - 68°C - 67°C | Throttling: None - None - None - None - None - None - None - None
802 (881808 Gflops/s) - 803 (882907 Gflops/s) - 803 (882907 Gflops/s) - 801 (880708 Gflops/s) - 801 (880708 Gflops/s) - 803 (882907 Gflops/s) - 802 (881808 Gflops/s) - 801 (880708 Gflops/s) | Temperatures: 72°C - 67°C - 69°C - 70°C - 69°C - 70°C - 68°C - 67°C | Throttling: None - None - None - None - None - None - None - None
802 (881808 Gflops/s) - 802 (881808 Gflops/s) - 802 (881808 Gflops/s) - 801 (880708 Gflops/s) - 801 (880708 Gflops/s) - 802 (881808 Gflops/s) - 802 (881808 Gflops/s) - 801 (880708 Gflops/s) | Temperatures: 72°C - 66°C - 69°C - 70°C - 68°C - 70°C - 68°C - 67°C | Throttling: None - None - None - None - None - None - None - None
802 (881808 Gflops/s) - 802 (881808 Gflops/s) - 803 (882907 Gflops/s) - 803 (882907 Gflops/s) - 803 (882907 Gflops/s) - 803 (882907 Gflops/s) - 803 (882907 Gflops/s) - 802 (881808 Gflops/s) | Temperatures: 72°C - 66°C - 69°C - 70°C - 69°C - 70°C - 69°C - 67°C | Throttling: None - None - None - None - None - None - None - None
802 (881808 Gflops/s) - 803 (882907 Gflops/s) - 802 (881808 Gflops/s) - 803 (882907 Gflops/s) - 802 (881808 Gflops/s) - 803 (882907 Gflops/s) - 803 (882907 Gflops/s) - 803 (882907 Gflops/s) | Temperatures: 72°C - 66°C - 69°C - 71°C - 68°C - 70°C - 68°C - 67°C | Throttling: None - None - None - None - None - None - None - None
803 (882907 Gflops/s) - 802 (881808 Gflops/s) - 803 (882907 Gflops/s) - 803 (882907 Gflops/s) - 803 (882907 Gflops/s) - 804 (884007 Gflops/s) - 803 (882907 Gflops/s) - 802 (881808 Gflops/s) | Temperatures: 72°C - 66°C - 69°C - 71°C - 68°C - 70°C - 68°C - 67°C | Throttling: None - None - None - None - None - None - None - None
802 (881808 Gflops/s) - 802 (881808 Gflops/s) - 803 (882907 Gflops/s) - 803 (882907 Gflops/s) - 803 (882907 Gflops/s) - 803 (882907 Gflops/s) - 803 (882907 Gflops/s) - 802 (881808 Gflops/s) | Temperatures: 72°C - 66°C - 69°C - 71°C - 68°C - 70°C - 69°C - 67°C | Throttling: None - None - None - None - None - None - None - None
802 (881808 Gflops/s) - 802 (881808 Gflops/s) - 802 (881808 Gflops/s) - 801 (880708 Gflops/s) - 801 (880708 Gflops/s) - 802 (881808 Gflops/s) - 801 (880708 Gflops/s) - 802 (881808 Gflops/s) | Temperatures: 72°C - 66°C - 69°C - 71°C - 68°C - 70°C - 68°C - 67°C | Throttling: None - None - None - None - None - None - None - None
802 (881808 Gflops/s) - 803 (882907 Gflops/s) - 802 (881808 Gflops/s) - 802 (881808 Gflops/s) - 801 (880708 Gflops/s) - 803 (882907 Gflops/s) - 802 (881808 Gflops/s) - 801 (880708 Gflops/s) | Temperatures: 72°C - 66°C - 69°C - 71°C - 68°C - 70°C - 69°C - 67°C | Throttling: None - None - None - None - None - None - None - None
802 (881808 Gflops/s) - 802 (881808 Gflops/s) - 803 (882907 Gflops/s) - 802 (881808 Gflops/s) - 802 (881808 Gflops/s) - 802 (881808 Gflops/s) - 802 (881808 Gflops/s) - 802 (881808 Gflops/s) | Temperatures: 72°C - 66°C - 69°C - 71°C - 68°C - 70°C - 69°C - 67°C | Throttling: None - None - None - None - None - None - None - None
803 (882907 Gflops/s) - 803 (882907 Gflops/s) - 803 (882907 Gflops/s) - 802 (881808 Gflops/s) - 801 (880708 Gflops/s) - 803 (882907 Gflops/s) - 802 (881808 Gflops/s) - 801 (880708 Gflops/s) | Temperatures: 72°C - 66°C - 69°C - 71°C - 68°C - 70°C - 69°C - 67°C | Throttling: None - None - None - None - None - None - None - None
801 (880708 Gflops/s) - 801 (880708 Gflops/s) - 802 (881808 Gflops/s) - 802 (881808 Gflops/s) - 801 (880708 Gflops/s) - 801 (880708 Gflops/s) - 802 (881808 Gflops/s) - 800 (879609 Gflops/s) | Temperatures: 72°C - 66°C - 69°C - 71°C - 68°C - 70°C - 69°C - 67°C | Throttling: None - None - None - None - None - None - None - None
802 (881808 Gflops/s) - 803 (882907 Gflops/s) - 802 (881808 Gflops/s) - 802 (881808 Gflops/s) - 802 (881808 Gflops/s) - 802 (881808 Gflops/s) - 802 (881808 Gflops/s) - 802 (881808 Gflops/s) | Temperatures: 72°C - 66°C - 69°C - 71°C - 68°C - 71°C - 69°C - 67°C | Throttling: None - None - None - None - None - None - None - None
803 (882907 Gflops/s) - 802 (881808 Gflops/s) - 803 (882907 Gflops/s) - 803 (882907 Gflops/s) - 802 (881808 Gflops/s) - 803 (882907 Gflops/s) - 803 (882907 Gflops/s) - 802 (881808 Gflops/s) | Temperatures: 72°C - 66°C - 69°C - 71°C - 68°C - 71°C - 69°C - 67°C | Throttling: None - None - None - None - None - None - None - None
802 (881808 Gflops/s) - 803 (882907 Gflops/s) - 803 (882907 Gflops/s) - 803 (882907 Gflops/s) - 802 (881808 Gflops/s) - 803 (882907 Gflops/s) - 803 (882907 Gflops/s) - 802 (881808 Gflops/s) | Temperatures: 73°C - 66°C - 69°C - 71°C - 68°C - 71°C - 69°C - 67°C | Throttling: None - None - None - None - None - None - None - None
802 (881808 Gflops/s) - 801 (880708 Gflops/s) - 802 (881808 Gflops/s) - 802 (881808 Gflops/s) - 802 (881808 Gflops/s) - 802 (881808 Gflops/s) - 802 (881808 Gflops/s) - 800 (879609 Gflops/s) | Temperatures: 73°C - 66°C - 69°C - 71°C - 68°C - 71°C - 69°C - 67°C | Throttling: None - None - None - None - None - None - None - None
802 (881808 Gflops/s) - 803 (882907 Gflops/s) - 803 (882907 Gflops/s) - 802 (881808 Gflops/s) - 802 (881808 Gflops/s) - 802 (881808 Gflops/s) - 802 (881808 Gflops/s) - 803 (882907 Gflops/s) | Temperatures: 73°C - 66°C - 69°C - 71°C - 68°C - 71°C - 69°C - 67°C | Throttling: None - None - None - None - None - None - None - None
802 (881808 Gflops/s) - 802 (881808 Gflops/s) - 802 (881808 Gflops/s) - 802 (881808 Gflops/s) - 802 (881808 Gflops/s) - 803 (882907 Gflops/s) - 802 (881808 Gflops/s) - 801 (880708 Gflops/s) | Temperatures: 73°C - 66°C - 69°C - 71°C - 68°C - 71°C - 69°C - 67°C | Throttling: None - None - None - None - None - None - None - None
803 (882907 Gflops/s) - 803 (882907 Gflops/s) - 803 (882907 Gflops/s) - 802 (881808 Gflops/s) - 802 (881808 Gflops/s) - 803 (882907 Gflops/s) - 803 (882907 Gflops/s) - 802 (881808 Gflops/s) | Temperatures: 73°C - 66°C - 69°C - 71°C - 68°C - 71°C - 69°C - 67°C | Throttling: None - None - None - None - None - None - None - None
802 (881808 Gflops/s) - 802 (881808 Gflops/s) - 803 (882907 Gflops/s) - 802 (881808 Gflops/s) - 801 (880708 Gflops/s) - 802 (881808 Gflops/s) - 802 (881808 Gflops/s) - 801 (880708 Gflops/s) | Temperatures: 73°C - 66°C - 69°C - 71°C - 68°C - 71°C - 69°C - 67°C | Throttling: None - None - None - None - None - None - None - None
801 (880708 Gflops/s) - 802 (881808 Gflops/s) - 802 (881808 Gflops/s) - 801 (880708 Gflops/s) - 801 (880708 Gflops/s) - 801 (880708 Gflops/s) - 801 (880708 Gflops/s) - 801 (880708 Gflops/s) | Temperatures: 73°C - 66°C - 69°C - 71°C - 68°C - 71°C - 69°C - 67°C | Throttling: None - None - None - None - None - None - None - None
801 (880708 Gflops/s) - 802 (881808 Gflops/s) - 802 (881808 Gflops/s) - 802 (881808 Gflops/s) - 802 (881808 Gflops/s) - 803 (882907 Gflops/s) - 802 (881808 Gflops/s) - 802 (881808 Gflops/s) | Temperatures: 73°C - 66°C - 69°C - 71°C - 68°C - 71°C - 69°C - 67°C | Throttling: None - None - None - None - None - None - None - None
802 (881808 Gflops/s) - 803 (882907 Gflops/s) - 803 (882907 Gflops/s) - 802 (881808 Gflops/s) - 801 (880708 Gflops/s) - 802 (881808 Gflops/s) - 802 (881808 Gflops/s) - 801 (880708 Gflops/s) | Temperatures: 73°C - 66°C - 69°C - 71°C - 68°C - 71°C - 69°C - 67°C | Throttling: None - None - None - None - None - None - None - None
802 (881808 Gflops/s) - 802 (881808 Gflops/s) - 803 (882907 Gflops/s) - 803 (882907 Gflops/s) - 803 (882907 Gflops/s) - 803 (882907 Gflops/s) - 803 (882907 Gflops/s) - 802 (881808 Gflops/s) | Temperatures: 73°C - 66°C - 69°C - 71°C - 68°C - 72°C - 69°C - 67°C | Throttling: None - None - None - None - None - None - None - None
802 (881808 Gflops/s) - 803 (882907 Gflops/s) - 802 (881808 Gflops/s) - 802 (881808 Gflops/s) - 802 (881808 Gflops/s) - 802 (881808 Gflops/s) - 802 (881808 Gflops/s) - 801 (880708 Gflops/s) | Temperatures: 73°C - 66°C - 69°C - 71°C - 68°C - 72°C - 69°C - 67°C | Throttling: None - None - None - None - None - None - None - None
801 (880708 Gflops/s) - 801 (880708 Gflops/s) - 802 (881808 Gflops/s) - 801 (880708 Gflops/s) - 801 (880708 Gflops/s) - 802 (881808 Gflops/s) - 801 (880708 Gflops/s) - 801 (880708 Gflops/s) | Temperatures: 73°C - 66°C - 69°C - 70°C - 68°C - 72°C - 69°C - 67°C | Throttling: None - None - None - None - None - None - None - None
802 (881808 Gflops/s) - 803 (882907 Gflops/s) - 803 (882907 Gflops/s) - 802 (881808 Gflops/s) - 802 (881808 Gflops/s) - 803 (882907 Gflops/s) - 802 (881808 Gflops/s) - 801 (880708 Gflops/s) | Temperatures: 73°C - 66°C - 69°C - 70°C - 68°C - 72°C - 69°C - 67°C | Throttling: None - None - None - None - None - None - None - None
802 (881808 Gflops/s) - 802 (881808 Gflops/s) - 803 (882907 Gflops/s) - 802 (881808 Gflops/s) - 802 (881808 Gflops/s) - 801 (880708 Gflops/s) - 802 (881808 Gflops/s) - 801 (880708 Gflops/s) | Temperatures: 73°C - 66°C - 69°C - 70°C - 68°C - 72°C - 69°C - 67°C | Throttling: None - None - None - None - None - None - None - None
802 (881808 Gflops/s) - 803 (882907 Gflops/s) - 802 (881808 Gflops/s) - 803 (882907 Gflops/s) - 802 (881808 Gflops/s) - 803 (882907 Gflops/s) - 803 (882907 Gflops/s) - 802 (881808 Gflops/s) | Temperatures: 72°C - 66°C - 69°C - 70°C - 69°C - 72°C - 69°C - 67°C | Throttling: None - None - None - None - None - None - None - None
802 (881808 Gflops/s) - 802 (881808 Gflops/s) - 803 (882907 Gflops/s) - 802 (881808 Gflops/s) - 803 (882907 Gflops/s) - 803 (882907 Gflops/s) - 802 (881808 Gflops/s) - 802 (881808 Gflops/s) | Temperatures: 72°C - 66°C - 69°C - 70°C - 69°C - 72°C - 69°C - 67°C | Throttling: None - None - None - None - None - None - None - None
801 (880708 Gflops/s) - 802 (881808 Gflops/s) - 802 (881808 Gflops/s) - 801 (880708 Gflops/s) - 801 (880708 Gflops/s) - 801 (880708 Gflops/s) - 801 (880708 Gflops/s) - 801 (880708 Gflops/s) | Temperatures: 72°C - 66°C - 69°C - 70°C - 69°C - 72°C - 69°C - 67°C | Throttling: None - None - None - None - None - None - None - None
801 (880708 Gflops/s) - 802 (881808 Gflops/s) - 802 (881808 Gflops/s) - 802 (881808 Gflops/s) - 802 (881808 Gflops/s) - 802 (881808 Gflops/s) - 802 (881808 Gflops/s) - 801 (880708 Gflops/s) | Temperatures: 72°C - 66°C - 69°C - 70°C - 68°C - 72°C - 69°C - 67°C | Throttling: None - None - None - None - None - None - None - None
802 (881808 Gflops/s) - 803 (882907 Gflops/s) - 803 (882907 Gflops/s) - 802 (881808 Gflops/s) - 801 (880708 Gflops/s) - 803 (882907 Gflops/s) - 802 (881808 Gflops/s) - 801 (880708 Gflops/s) | Temperatures: 72°C - 66°C - 69°C - 70°C - 68°C - 72°C - 69°C - 67°C | Throttling: None - None - None - None - None - None - None - None
802 (881808 Gflops/s) - 802 (881808 Gflops/s) - 803 (882907 Gflops/s) - 802 (881808 Gflops/s) - 803 (882907 Gflops/s) - 803 (882907 Gflops/s) - 802 (881808 Gflops/s) - 803 (882907 Gflops/s) | Temperatures: 72°C - 66°C - 69°C - 70°C - 68°C - 71°C - 69°C - 67°C | Throttling: None - None - None - None - None - None - None - None
802 (881808 Gflops/s) - 803 (882907 Gflops/s) - 803 (882907 Gflops/s) - 802 (881808 Gflops/s) - 802 (881808 Gflops/s) - 803 (882907 Gflops/s) - 803 (882907 Gflops/s) - 801 (880708 Gflops/s) | Temperatures: 72°C - 66°C - 69°C - 70°C - 68°C - 71°C - 69°C - 67°C | Throttling: None - None - None - None - None - None - None - None
801 (880708 Gflops/s) - 801 (880708 Gflops/s) - 801 (880708 Gflops/s) - 802 (881808 Gflops/s) - 802 (881808 Gflops/s) - 802 (881808 Gflops/s) - 802 (881808 Gflops/s) - 801 (880708 Gflops/s) | Temperatures: 72°C - 66°C - 69°C - 70°C - 68°C - 71°C - 69°C - 67°C | Throttling: None - None - None - None - None - None - None - None
802 (881808 Gflops/s) - 803 (882907 Gflops/s) - 803 (882907 Gflops/s) - 801 (880708 Gflops/s) - 801 (880708 Gflops/s) - 802 (881808 Gflops/s) - 802 (881808 Gflops/s) - 802 (881808 Gflops/s) | Temperatures: 72°C - 66°C - 69°C - 70°C - 68°C - 71°C - 69°C - 67°C | Throttling: None - None - None - None - None - None - None - None
802 (881808 Gflops/s) - 802 (881808 Gflops/s) - 803 (882907 Gflops/s) - 803 (882907 Gflops/s) - 803 (882907 Gflops/s) - 803 (882907 Gflops/s) - 803 (882907 Gflops/s) - 803 (882907 Gflops/s) | Temperatures: 72°C - 66°C - 69°C - 70°C - 68°C - 71°C - 69°C - 67°C | Throttling: None - None - None - None - None - None - None - None
802 (881808 Gflops/s) - 803 (882907 Gflops/s) - 803 (882907 Gflops/s) - 802 (881808 Gflops/s) - 802 (881808 Gflops/s) - 803 (882907 Gflops/s) - 802 (881808 Gflops/s) - 801 (880708 Gflops/s) | Temperatures: 72°C - 66°C - 69°C - 70°C - 68°C - 71°C - 68°C - 67°C | Throttling: None - None - None - None - None - None - None - None
801 (880708 Gflops/s) - 801 (880708 Gflops/s) - 802 (881808 Gflops/s) - 802 (881808 Gflops/s) - 801 (880708 Gflops/s) - 802 (881808 Gflops/s) - 802 (881808 Gflops/s) - 802 (881808 Gflops/s) | Temperatures: 72°C - 66°C - 69°C - 70°C - 68°C - 71°C - 68°C - 67°C | Throttling: None - None - None - None - None - None - None - None
802 (881808 Gflops/s) - 803 (882907 Gflops/s) - 802 (881808 Gflops/s) - 801 (880708 Gflops/s) - 802 (881808 Gflops/s) - 803 (882907 Gflops/s) - 801 (880708 Gflops/s) - 801 (880708 Gflops/s) | Temperatures: 72°C - 66°C - 69°C - 70°C - 68°C - 71°C - 68°C - 67°C | Throttling: None - None - None - None - None - None - None - None
802 (881808 Gflops/s) - 802 (881808 Gflops/s) - 803 (882907 Gflops/s) - 802 (881808 Gflops/s) - 802 (881808 Gflops/s) - 801 (880708 Gflops/s) - 802 (881808 Gflops/s) - 802 (881808 Gflops/s) | Temperatures: 72°C - 66°C - 69°C - 70°C - 68°C - 71°C - 68°C - 67°C | Throttling: None - None - None - None - None - None - None - None
801 (880708 Gflops/s) - 803 (882907 Gflops/s) - 803 (882907 Gflops/s) - 802 (881808 Gflops/s) - 802 (881808 Gflops/s) - 802 (881808 Gflops/s) - 802 (881808 Gflops/s) - 802 (881808 Gflops/s) | Temperatures: 72°C - 66°C - 69°C - 70°C - 68°C - 71°C - 68°C - 67°C | Throttling: None - None - None - None - None - None - None - None
802 (881808 Gflops/s) - 802 (881808 Gflops/s) - 802 (881808 Gflops/s) - 801 (880708 Gflops/s) - 801 (880708 Gflops/s) - 802 (881808 Gflops/s) - 802 (881808 Gflops/s) - 801 (880708 Gflops/s) | Temperatures: 72°C - 66°C - 69°C - 70°C - 68°C - 70°C - 68°C - 67°C | Throttling: None - None - None - None - None - None - None - None
801 (880708 Gflops/s) - 802 (881808 Gflops/s) - 802 (881808 Gflops/s) - 801 (880708 Gflops/s) - 801 (880708 Gflops/s) - 801 (880708 Gflops/s) - 801 (880708 Gflops/s) - 800 (879609 Gflops/s) | Temperatures: 72°C - 66°C - 69°C - 70°C - 68°C - 70°C - 68°C - 67°C | Throttling: None - None - None - None - None - None - None - None
802 (881808 Gflops/s) - 802 (881808 Gflops/s) - 803 (882907 Gflops/s) - 803 (882907 Gflops/s) - 802 (881808 Gflops/s) - 803 (882907 Gflops/s) - 803 (882907 Gflops/s) - 802 (881808 Gflops/s) | Temperatures: 72°C - 66°C - 69°C - 70°C - 68°C - 70°C - 68°C - 67°C | Throttling: None - None - None - None - None - None - None - None
802 (881808 Gflops/s) - 803 (882907 Gflops/s) - 803 (882907 Gflops/s) - 803 (882907 Gflops/s) - 803 (882907 Gflops/s) - 803 (882907 Gflops/s) - 803 (882907 Gflops/s) - 802 (881808 Gflops/s) | Temperatures: 72°C - 66°C - 69°C - 70°C - 68°C - 70°C - 68°C - 67°C | Throttling: None - None - None - None - None - None - None - None
802 (881808 Gflops/s) - 802 (881808 Gflops/s) - 803 (882907 Gflops/s) - 801 (880708 Gflops/s) - 801 (880708 Gflops/s) - 803 (882907 Gflops/s) - 802 (881808 Gflops/s) - 801 (880708 Gflops/s) | Temperatures: 72°C - 66°C - 69°C - 70°C - 68°C - 70°C - 68°C - 67°C | Throttling: None - None - None - None - None - None - None - None
802 (881808 Gflops/s) - 803 (882907 Gflops/s) - 802 (881808 Gflops/s) - 803 (882907 Gflops/s) - 803 (882907 Gflops/s) - 802 (881808 Gflops/s) - 802 (881808 Gflops/s) - 802 (881808 Gflops/s) | Temperatures: 72°C - 66°C - 69°C - 70°C - 68°C - 70°C - 68°C - 67°C | Throttling: None - None - None - None - None - None - None - None
801 (880708 Gflops/s) - 801 (880708 Gflops/s) - 802 (881808 Gflops/s) - 801 (880708 Gflops/s) - 801 (880708 Gflops/s) - 802 (881808 Gflops/s) - 801 (880708 Gflops/s) - 801 (880708 Gflops/s) | Temperatures: 72°C - 66°C - 69°C - 70°C - 68°C - 70°C - 68°C - 67°C | Throttling: None - None - None - None - None - None - None - None
802 (881808 Gflops/s) - 803 (882907 Gflops/s) - 803 (882907 Gflops/s) - 802 (881808 Gflops/s) - 802 (881808 Gflops/s) - 802 (881808 Gflops/s) - 802 (881808 Gflops/s) - 802 (881808 Gflops/s) | Temperatures: 72°C - 66°C - 69°C - 70°C - 68°C - 70°C - 68°C - 67°C | Throttling: None - None - None - None - None - None - None - None
801 (880708 Gflops/s) - 802 (881808 Gflops/s) - 803 (882907 Gflops/s) - 802 (881808 Gflops/s) - 802 (881808 Gflops/s) - 802 (881808 Gflops/s) - 802 (881808 Gflops/s) - 802 (881808 Gflops/s) | Temperatures: 72°C - 66°C - 69°C - 70°C - 68°C - 70°C - 68°C - 67°C | Throttling: None - None - None - None - None - None - None - None
802 (881808 Gflops/s) - 803 (882907 Gflops/s) - 802 (881808 Gflops/s) - 801 (880708 Gflops/s) - 801 (880708 Gflops/s) - 802 (881808 Gflops/s) - 802 (881808 Gflops/s) - 801 (880708 Gflops/s) | Temperatures: 72°C - 66°C - 69°C - 70°C - 68°C - 70°C - 68°C - 67°C | Throttling: None - None - None - None - None - None - None - None
802 (881808 Gflops/s) - 802 (881808 Gflops/s) - 803 (882907 Gflops/s) - 803 (882907 Gflops/s) - 802 (881808 Gflops/s) - 803 (882907 Gflops/s) - 803 (882907 Gflops/s) - 802 (881808 Gflops/s) | Temperatures: 72°C - 66°C - 69°C - 70°C - 68°C - 70°C - 68°C - 67°C | Throttling: None - None - None - None - None - None - None - None
801 (880708 Gflops/s) - 802 (881808 Gflops/s) - 802 (881808 Gflops/s) - 802 (881808 Gflops/s) - 802 (881808 Gflops/s) - 802 (881808 Gflops/s) - 802 (881808 Gflops/s) - 801 (880708 Gflops/s) | Temperatures: 72°C - 66°C - 69°C - 70°C - 68°C - 70°C - 68°C - 67°C | Throttling: None - None - None - None - None - None - None - None
802 (881808 Gflops/s) - 802 (881808 Gflops/s) - 803 (882907 Gflops/s) - 802 (881808 Gflops/s) - 802 (881808 Gflops/s) - 803 (882907 Gflops/s) - 802 (881808 Gflops/s) - 802 (881808 Gflops/s) | Temperatures: 72°C - 66°C - 69°C - 70°C - 68°C - 70°C - 68°C - 67°C | Throttling: None - None - None - None - None - None - None - None
802 (881808 Gflops/s) - 803 (882907 Gflops/s) - 802 (881808 Gflops/s) - 802 (881808 Gflops/s) - 802 (881808 Gflops/s) - 802 (881808 Gflops/s) - 802 (881808 Gflops/s) - 802 (881808 Gflops/s) | Temperatures: 72°C - 66°C - 69°C - 70°C - 68°C - 70°C - 68°C - 67°C | Throttling: None - None - None - None - None - None - None - None
802 (881808 Gflops/s) - 802 (881808 Gflops/s) - 803 (882907 Gflops/s) - 801 (880708 Gflops/s) - 801 (880708 Gflops/s) - 801 (880708 Gflops/s) - 801 (880708 Gflops/s) - 801 (880708 Gflops/s) | Temperatures: 72°C - 66°C - 69°C - 70°C - 68°C - 70°C - 68°C - 67°C | Throttling: None - None - None - None - None - None - None - None
802 (881808 Gflops/s) - 803 (882907 Gflops/s) - 803 (882907 Gflops/s) - 802 (881808 Gflops/s) - 802 (881808 Gflops/s) - 802 (881808 Gflops/s) - 802 (881808 Gflops/s) - 802 (881808 Gflops/s) | Temperatures: 72°C - 66°C - 69°C - 70°C - 68°C - 70°C - 68°C - 67°C | Throttling: None - None - None - None - None - None - None - None
801 (880708 Gflops/s) - 801 (880708 Gflops/s) - 802 (881808 Gflops/s) - 802 (881808 Gflops/s) - 801 (880708 Gflops/s) - 802 (881808 Gflops/s) - 802 (881808 Gflops/s) - 801 (880708 Gflops/s) | Temperatures: 72°C - 66°C - 69°C - 70°C - 68°C - 70°C - 68°C - 67°C | Throttling: None - None - None - None - None - None - None - None
803 (882907 Gflops/s) - 803 (882907 Gflops/s) - 802 (881808 Gflops/s) - 802 (881808 Gflops/s) - 801 (880708 Gflops/s) - 802 (881808 Gflops/s) - 802 (881808 Gflops/s) - 801 (880708 Gflops/s) | Temperatures: 72°C - 66°C - 69°C - 70°C - 68°C - 70°C - 68°C - 67°C | Throttling: None - None - None - None - None - None - None - None
802 (881808 Gflops/s) - 802 (881808 Gflops/s) - 803 (882907 Gflops/s) - 803 (882907 Gflops/s) - 802 (881808 Gflops/s) - 803 (882907 Gflops/s) - 803 (882907 Gflops/s) - 802 (881808 Gflops/s) | Temperatures: 72°C - 66°C - 69°C - 70°C - 68°C - 70°C - 68°C - 67°C | Throttling: None - None - None - None - None - None - None - None
802 (881808 Gflops/s) - 803 (882907 Gflops/s) - 803 (882907 Gflops/s) - 803 (882907 Gflops/s) - 803 (882907 Gflops/s) - 803 (882907 Gflops/s) - 803 (882907 Gflops/s) - 802 (881808 Gflops/s) | Temperatures: 72°C - 66°C - 69°C - 70°C - 68°C - 70°C - 68°C - 67°C | Throttling: None - None - None - None - None - None - None - None
803 (882907 Gflops/s) - 802 (881808 Gflops/s) - 803 (882907 Gflops/s) - 802 (881808 Gflops/s) - 802 (881808 Gflops/s) - 802 (881808 Gflops/s) - 802 (881808 Gflops/s) - 802 (881808 Gflops/s) | Temperatures: 72°C - 66°C - 69°C - 70°C - 68°C - 70°C - 68°C - 67°C | Throttling: None - None - None - None - None - None - None - None
801 (880708 Gflops/s) - 802 (881808 Gflops/s) - 802 (881808 Gflops/s) - 801 (880708 Gflops/s) - 800 (879609 Gflops/s) - 802 (881808 Gflops/s) - 801 (880708 Gflops/s) - 800 (879609 Gflops/s) | Temperatures: 72°C - 66°C - 69°C - 70°C - 68°C - 70°C - 68°C - 67°C | Throttling: None - None - None - None - None - None - None - None
803 (882907 Gflops/s) - 802 (881808 Gflops/s) - 802 (881808 Gflops/s) - 802 (881808 Gflops/s) - 802 (881808 Gflops/s) - 803 (882907 Gflops/s) - 802 (881808 Gflops/s) - 802 (881808 Gflops/s) | Temperatures: 72°C - 66°C - 69°C - 70°C - 68°C - 70°C - 68°C - 67°C | Throttling: None - None - None - None - None - None - None - None
802 (881808 Gflops/s) - 803 (882907 Gflops/s) - 803 (882907 Gflops/s) - 802 (881808 Gflops/s) - 801 (880708 Gflops/s) - 803 (882907 Gflops/s) - 802 (881808 Gflops/s) - 801 (880708 Gflops/s) | Temperatures: 72°C - 66°C - 69°C - 70°C - 68°C - 70°C - 68°C - 67°C | Throttling: None - None - None - None - None - None - None - None
802 (881808 Gflops/s) - 802 (881808 Gflops/s) - 803 (882907 Gflops/s) - 803 (882907 Gflops/s) - 803 (882907 Gflops/s) - 803 (882907 Gflops/s) - 803 (882907 Gflops/s) - 802 (881808 Gflops/s) | Temperatures: 72°C - 66°C - 69°C - 70°C - 68°C - 70°C - 68°C - 67°C | Throttling: None - None - None - None - None - None - None - None
802 (881808 Gflops/s) - 802 (881808 Gflops/s) - 802 (881808 Gflops/s) - 802 (881808 Gflops/s) - 801 (880708 Gflops/s) - 803 (882907 Gflops/s) - 802 (881808 Gflops/s) - 802 (881808 Gflops/s) | Temperatures: 72°C - 66°C - 69°C - 70°C - 68°C - 70°C - 68°C - 67°C | Throttling: None - None - None - None - None - None - None - None
802 (881808 Gflops/s) - 802 (881808 Gflops/s) - 802 (881808 Gflops/s) - 803 (882907 Gflops/s) - 803 (882907 Gflops/s) - 803 (882907 Gflops/s) - 803 (882907 Gflops/s) - 802 (881808 Gflops/s) | Temperatures: 72°C - 66°C - 69°C - 70°C - 68°C - 70°C - 68°C - 67°C | Throttling: None - None - None - None - None - None - None - None
802 (881808 Gflops/s) - 803 (882907 Gflops/s) - 803 (882907 Gflops/s) - 803 (882907 Gflops/s) - 802 (881808 Gflops/s) - 803 (882907 Gflops/s) - 803 (882907 Gflops/s) - 802 (881808 Gflops/s) | Temperatures: 72°C - 66°C - 69°C - 70°C - 68°C - 70°C - 68°C - 67°C | Throttling: None - None - None - None - None - None - None - None
803 (882907 Gflops/s) - 802 (881808 Gflops/s) - 803 (882907 Gflops/s) - 803 (882907 Gflops/s) - 803 (882907 Gflops/s) - 803 (882907 Gflops/s) - 803 (882907 Gflops/s) - 802 (881808 Gflops/s) | Temperatures: 72°C - 66°C - 69°C - 70°C - 68°C - 70°C - 68°C - 67°C | Throttling: None - None - None - None - None - None - None - None
802 (881808 Gflops/s) - 803 (882907 Gflops/s) - 803 (882907 Gflops/s) - 802 (881808 Gflops/s) - 802 (881808 Gflops/s) - 803 (882907 Gflops/s) - 803 (882907 Gflops/s) - 802 (881808 Gflops/s) | Temperatures: 72°C - 66°C - 69°C - 70°C - 68°C - 70°C - 68°C - 67°C | Throttling: None - None - None - None - None - None - None - None
802 (881808 Gflops/s) - 802 (881808 Gflops/s) - 802 (881808 Gflops/s) - 801 (880708 Gflops/s) - 801 (880708 Gflops/s) - 802 (881808 Gflops/s) - 802 (881808 Gflops/s) - 801 (880708 Gflops/s) | Temperatures: 72°C - 66°C - 69°C - 70°C - 68°C - 70°C - 68°C - 67°C | Throttling: None - None - None - None - None - None - None - None
802 (881808 Gflops/s) - 802 (881808 Gflops/s) - 802 (881808 Gflops/s) - 802 (881808 Gflops/s) - 801 (880708 Gflops/s) - 802 (881808 Gflops/s) - 801 (880708 Gflops/s) - 801 (880708 Gflops/s) | Temperatures: 72°C - 66°C - 69°C - 70°C - 68°C - 70°C - 68°C - 67°C | Throttling: None - None - None - None - None - None - None - None
802 (881808 Gflops/s) - 803 (882907 Gflops/s) - 803 (882907 Gflops/s) - 802 (881808 Gflops/s) - 802 (881808 Gflops/s) - 802 (881808 Gflops/s) - 802 (881808 Gflops/s) - 802 (881808 Gflops/s) | Temperatures: 72°C - 66°C - 69°C - 70°C - 68°C - 70°C - 68°C - 67°C | Throttling: None - None - None - None - None - None - None - None
803 (882907 Gflops/s) - 802 (881808 Gflops/s) - 803 (882907 Gflops/s) - 803 (882907 Gflops/s) - 802 (881808 Gflops/s) - 803 (882907 Gflops/s) - 803 (882907 Gflops/s) - 802 (881808 Gflops/s) | Temperatures: 72°C - 66°C - 69°C - 70°C - 68°C - 70°C - 68°C - 67°C | Throttling: None - None - None - None - None - None - None - None
802 (881808 Gflops/s) - 803 (882907 Gflops/s) - 802 (881808 Gflops/s) - 802 (881808 Gflops/s) - 802 (881808 Gflops/s) - 802 (881808 Gflops/s) - 802 (881808 Gflops/s) - 801 (880708 Gflops/s) | Temperatures: 72°C - 66°C - 69°C - 70°C - 68°C - 70°C - 68°C - 67°C | Throttling: None - None - None - None - None - None - None - None
801 (880708 Gflops/s) - 801 (880708 Gflops/s) - 802 (881808 Gflops/s) - 802 (881808 Gflops/s) - 801 (880708 Gflops/s) - 802 (881808 Gflops/s) - 802 (881808 Gflops/s) - 801 (880708 Gflops/s) | Temperatures: 72°C - 66°C - 69°C - 71°C - 68°C - 70°C - 68°C - 67°C | Throttling: None - None - None - None - None - None - None - None
803 (882907 Gflops/s) - 803 (882907 Gflops/s) - 803 (882907 Gflops/s) - 802 (881808 Gflops/s) - 802 (881808 Gflops/s) - 802 (881808 Gflops/s) - 802 (881808 Gflops/s) - 802 (881808 Gflops/s) | Temperatures: 72°C - 66°C - 69°C - 70°C - 68°C - 70°C - 68°C - 67°C | Throttling: None - None - None - None - None - None - None - None
802 (881808 Gflops/s) - 802 (881808 Gflops/s) - 803 (882907 Gflops/s) - 802 (881808 Gflops/s) - 802 (881808 Gflops/s) - 802 (881808 Gflops/s) - 802 (881808 Gflops/s) - 801 (880708 Gflops/s) | Temperatures: 72°C - 66°C - 69°C - 70°C - 68°C - 70°C - 68°C - 67°C | Throttling: None - None - None - None - None - None - None - None
802 (881808 Gflops/s) - 803 (882907 Gflops/s) - 802 (881808 Gflops/s) - 802 (881808 Gflops/s) - 802 (881808 Gflops/s) - 803 (882907 Gflops/s) - 802 (881808 Gflops/s) - 802 (881808 Gflops/s) | Temperatures: 72°C - 66°C - 69°C - 70°C - 68°C - 70°C - 68°C - 67°C | Throttling: None - None - None - None - None - None - None - None
802 (881808 Gflops/s) - 801 (880708 Gflops/s) - 802 (881808 Gflops/s) - 802 (881808 Gflops/s) - 801 (880708 Gflops/s) - 802 (881808 Gflops/s) - 802 (881808 Gflops/s) - 801 (880708 Gflops/s) | Temperatures: 72°C - 66°C - 69°C - 70°C - 68°C - 70°C - 68°C - 67°C | Throttling: None - None - None - None - None - None - None - None
802 (881808 Gflops/s) - 803 (882907 Gflops/s) - 803 (882907 Gflops/s) - 802 (881808 Gflops/s) - 802 (881808 Gflops/s) - 802 (881808 Gflops/s) - 802 (881808 Gflops/s) - 801 (880708 Gflops/s) | Temperatures: 72°C - 66°C - 69°C - 70°C - 68°C - 70°C - 68°C - 67°C | Throttling: None - None - None - None - None - None - None - None
803 (882907 Gflops/s) - 802 (881808 Gflops/s) - 803 (882907 Gflops/s) - 802 (881808 Gflops/s) - 801 (880708 Gflops/s) - 802 (881808 Gflops/s) - 802 (881808 Gflops/s) - 802 (881808 Gflops/s) | Temperatures: 72°C - 66°C - 69°C - 70°C - 68°C - 70°C - 68°C - 67°C | Throttling: None - None - None - None - None - None - None - None
802 (881808 Gflops/s) - 803 (882907 Gflops/s) - 802 (881808 Gflops/s) - 802 (881808 Gflops/s) - 802 (881808 Gflops/s) - 803 (882907 Gflops/s) - 803 (882907 Gflops/s) - 802 (881808 Gflops/s) | Temperatures: 72°C - 66°C - 69°C - 70°C - 68°C - 70°C - 68°C - 67°C | Throttling: None - None - None - None - None - None - None - None
802 (881808 Gflops/s) - 802 (881808 Gflops/s) - 803 (882907 Gflops/s) - 802 (881808 Gflops/s) - 802 (881808 Gflops/s) - 803 (882907 Gflops/s) - 803 (882907 Gflops/s) - 802 (881808 Gflops/s) | Temperatures: 72°C - 66°C - 69°C - 70°C - 68°C - 70°C - 68°C - 67°C | Throttling: None - None - None - None - None - None - None - None
802 (881808 Gflops/s) - 802 (881808 Gflops/s) - 802 (881808 Gflops/s) - 802 (881808 Gflops/s) - 801 (880708 Gflops/s) - 801 (880708 Gflops/s) - 801 (880708 Gflops/s) - 801 (880708 Gflops/s) | Temperatures: 72°C - 66°C - 69°C - 70°C - 68°C - 70°C - 68°C - 67°C | Throttling: None - None - None - None - None - None - None - None
802 (881808 Gflops/s) - 802 (881808 Gflops/s) - 803 (882907 Gflops/s) - 802 (881808 Gflops/s) - 801 (880708 Gflops/s) - 802 (881808 Gflops/s) - 802 (881808 Gflops/s) - 801 (880708 Gflops/s) | Temperatures: 72°C - 66°C - 69°C - 70°C - 68°C - 70°C - 68°C - 67°C | Throttling: None - None - None - None - None - None - None - None
802 (881808 Gflops/s) - 803 (882907 Gflops/s) - 802 (881808 Gflops/s) - 803 (882907 Gflops/s) - 802 (881808 Gflops/s) - 803 (882907 Gflops/s) - 803 (882907 Gflops/s) - 802 (881808 Gflops/s) | Temperatures: 72°C - 66°C - 69°C - 70°C - 68°C - 70°C - 68°C - 67°C | Throttling: None - None - None - None - None - None - None - None
803 (882907 Gflops/s) - 802 (881808 Gflops/s) - 803 (882907 Gflops/s) - 803 (882907 Gflops/s) - 802 (881808 Gflops/s) - 803 (882907 Gflops/s) - 803 (882907 Gflops/s) - 802 (881808 Gflops/s) | Temperatures: 72°C - 66°C - 69°C - 70°C - 68°C - 70°C - 68°C - 67°C | Throttling: None - None - None - None - None - None - None - None
802 (881808 Gflops/s) - 803 (882907 Gflops/s) - 803 (882907 Gflops/s) - 802 (881808 Gflops/s) - 802 (881808 Gflops/s) - 802 (881808 Gflops/s) - 802 (881808 Gflops/s) - 802 (881808 Gflops/s) | Temperatures: 72°C - 66°C - 69°C - 70°C - 68°C - 70°C - 68°C - 67°C | Throttling: None - None - None - None - None - None - None - None
802 (881808 Gflops/s) - 802 (881808 Gflops/s) - 802 (881808 Gflops/s) - 801 (880708 Gflops/s) - 801 (880708 Gflops/s) - 801 (880708 Gflops/s) - 801 (880708 Gflops/s) - 800 (879609 Gflops/s) | Temperatures: 72°C - 66°C - 69°C - 70°C - 68°C - 70°C - 68°C - 67°C | Throttling: None - None - None - None - None - None - None - None
802 (881808 Gflops/s) - 802 (881808 Gflops/s) - 802 (881808 Gflops/s) - 802 (881808 Gflops/s) - 802 (881808 Gflops/s) - 803 (882907 Gflops/s) - 802 (881808 Gflops/s) - 801 (880708 Gflops/s) | Temperatures: 72°C - 66°C - 69°C - 70°C - 68°C - 70°C - 68°C - 67°C | Throttling: None - None - None - None - None - None - None - None
802 (881808 Gflops/s) - 803 (882907 Gflops/s) - 803 (882907 Gflops/s) - 802 (881808 Gflops/s) - 802 (881808 Gflops/s) - 802 (881808 Gflops/s) - 802 (881808 Gflops/s) - 802 (881808 Gflops/s) | Temperatures: 72°C - 66°C - 69°C - 70°C - 68°C - 70°C - 68°C - 67°C | Throttling: None - None - None - None - None - None - None - None
803 (882907 Gflops/s) - 802 (881808 Gflops/s) - 803 (882907 Gflops/s) - 802 (881808 Gflops/s) - 802 (881808 Gflops/s) - 803 (882907 Gflops/s) - 802 (881808 Gflops/s) - 802 (881808 Gflops/s) | Temperatures: 72°C - 66°C - 69°C - 70°C - 68°C - 70°C - 68°C - 67°C | Throttling: None - None - None - None - None - None - None - None
802 (881808 Gflops/s) - 803 (882907 Gflops/s) - 802 (881808 Gflops/s) - 803 (882907 Gflops/s) - 803 (882907 Gflops/s) - 803 (882907 Gflops/s) - 803 (882907 Gflops/s) - 802 (881808 Gflops/s) | Temperatures: 72°C - 66°C - 69°C - 70°C - 68°C - 70°C - 68°C - 67°C | Throttling: None - None - None - None - None - None - None - None
802 (881808 Gflops/s) - 801 (880708 Gflops/s) - 802 (881808 Gflops/s) - 802 (881808 Gflops/s) - 802 (881808 Gflops/s) - 803 (882907 Gflops/s) - 803 (882907 Gflops/s) - 802 (881808 Gflops/s) | Temperatures: 72°C - 66°C - 69°C - 70°C - 68°C - 70°C - 68°C - 67°C | Throttling: None - None - None - None - None - None - None - None
802 (881808 Gflops/s) - 803 (882907 Gflops/s) - 803 (882907 Gflops/s) - 803 (882907 Gflops/s) - 802 (881808 Gflops/s) - 802 (881808 Gflops/s) - 802 (881808 Gflops/s) - 802 (881808 Gflops/s) | Temperatures: 72°C - 66°C - 69°C - 70°C - 68°C - 70°C - 68°C - 67°C | Throttling: None - None - None - None - None - None - None - None
802 (881808 Gflops/s) - 802 (881808 Gflops/s) - 803 (882907 Gflops/s) - 802 (881808 Gflops/s) - 801 (880708 Gflops/s) - 802 (881808 Gflops/s) - 802 (881808 Gflops/s) - 801 (880708 Gflops/s) | Temperatures: 72°C - 66°C - 69°C - 70°C - 68°C - 70°C - 68°C - 67°C | Throttling: None - None - None - None - None - None - None - None
802 (881808 Gflops/s) - 803 (882907 Gflops/s) - 802 (881808 Gflops/s) - 803 (882907 Gflops/s) - 802 (881808 Gflops/s) - 803 (882907 Gflops/s) - 803 (882907 Gflops/s) - 802 (881808 Gflops/s) | Temperatures: 72°C - 66°C - 69°C - 70°C - 68°C - 70°C - 68°C - 67°C | Throttling: None - None - None - None - None - None - None - None
803 (882907 Gflops/s) - 802 (881808 Gflops/s) - 803 (882907 Gflops/s) - 802 (881808 Gflops/s) - 801 (880708 Gflops/s) - 803 (882907 Gflops/s) - 802 (881808 Gflops/s) - 801 (880708 Gflops/s) | Temperatures: 72°C - 66°C - 69°C - 70°C - 68°C - 70°C - 68°C - 67°C | Throttling: None - None - None - None - None - None - None - None
802 (881808 Gflops/s) - 802 (881808 Gflops/s) - 803 (882907 Gflops/s) - 802 (881808 Gflops/s) - 802 (881808 Gflops/s) - 803 (882907 Gflops/s) - 802 (881808 Gflops/s) - 801 (880708 Gflops/s) | Temperatures: 72°C - 66°C - 69°C - 70°C - 68°C - 70°C - 68°C - 67°C | Throttling: None - None - None - None - None - None - None - None
802 (881808 Gflops/s) - 802 (881808 Gflops/s) - 802 (881808 Gflops/s) - 800 (879609 Gflops/s) - 800 (879609 Gflops/s) - 801 (880708 Gflops/s) - 801 (880708 Gflops/s) - 801 (880708 Gflops/s) | Temperatures: 72°C - 66°C - 69°C - 70°C - 68°C - 70°C - 68°C - 67°C | Throttling: None - None - None - None - None - None - None - None
802 (881808 Gflops/s) - 803 (882907 Gflops/s) - 802 (881808 Gflops/s) - 803 (882907 Gflops/s) - 802 (881808 Gflops/s) - 804 (884007 Gflops/s) - 803 (882907 Gflops/s) - 802 (881808 Gflops/s) | Temperatures: 72°C - 66°C - 69°C - 70°C - 68°C - 70°C - 68°C - 67°C | Throttling: None - None - None - None - None - None - None - None
802 (881808 Gflops/s) - 802 (881808 Gflops/s) - 803 (882907 Gflops/s) - 802 (881808 Gflops/s) - 801 (880708 Gflops/s) - 802 (881808 Gflops/s) - 802 (881808 Gflops/s) - 801 (880708 Gflops/s) | Temperatures: 72°C - 66°C - 69°C - 70°C - 68°C - 70°C - 68°C - 67°C | Throttling: None - None - None - None - None - None - None - None
803 (882907 Gflops/s) - 803 (882907 Gflops/s) - 803 (882907 Gflops/s) - 803 (882907 Gflops/s) - 802 (881808 Gflops/s) - 803 (882907 Gflops/s) - 803 (882907 Gflops/s) - 801 (880708 Gflops/s) | Temperatures: 72°C - 66°C - 69°C - 70°C - 68°C - 70°C - 68°C - 67°C | Throttling: None - None - None - None - None - None - None - None
801 (880708 Gflops/s) - 801 (880708 Gflops/s) - 802 (881808 Gflops/s) - 801 (880708 Gflops/s) - 802 (881808 Gflops/s) - 801 (880708 Gflops/s) - 801 (880708 Gflops/s) - 802 (881808 Gflops/s) | Temperatures: 72°C - 66°C - 69°C - 70°C - 68°C - 70°C - 68°C - 67°C | Throttling: None - None - None - None - None - None - None - None
803 (882907 Gflops/s) - 803 (882907 Gflops/s) - 802 (881808 Gflops/s) - 802 (881808 Gflops/s) - 802 (881808 Gflops/s) - 802 (881808 Gflops/s) - 802 (881808 Gflops/s) - 802 (881808 Gflops/s) | Temperatures: 72°C - 66°C - 69°C - 70°C - 68°C - 70°C - 68°C - 67°C | Throttling: None - None - None - None - None - None - None - None
802 (881808 Gflops/s) - 802 (881808 Gflops/s) - 803 (882907 Gflops/s) - 803 (882907 Gflops/s) - 802 (881808 Gflops/s) - 803 (882907 Gflops/s) - 803 (882907 Gflops/s) - 802 (881808 Gflops/s) | Temperatures: 72°C - 66°C - 69°C - 70°C - 68°C - 70°C - 68°C - 67°C | Throttling: None - None - None - None - None - None - None - None
802 (881808 Gflops/s) - 803 (882907 Gflops/s) - 803 (882907 Gflops/s) - 802 (881808 Gflops/s) - 802 (881808 Gflops/s) - 802 (881808 Gflops/s) - 802 (881808 Gflops/s) - 801 (880708 Gflops/s) | Temperatures: 72°C - 66°C - 69°C - 70°C - 68°C - 70°C - 68°C - 67°C | Throttling: None - None - None - None - None - None - None - None
802 (881808 Gflops/s) - 802 (881808 Gflops/s) - 802 (881808 Gflops/s) - 802 (881808 Gflops/s) - 802 (881808 Gflops/s) - 802 (881808 Gflops/s) - 802 (881808 Gflops/s) - 802 (881808 Gflops/s) | Temperatures: 72°C - 66°C - 69°C - 70°C - 68°C - 70°C - 68°C - 67°C | Throttling: None - None - None - None - None - None - None - None
802 (881808 Gflops/s) - 802 (881808 Gflops/s) - 802 (881808 Gflops/s) - 801 (880708 Gflops/s) - 801 (880708 Gflops/s) - 803 (882907 Gflops/s) - 802 (881808 Gflops/s) - 801 (880708 Gflops/s) | Temperatures: 72°C - 66°C - 69°C - 70°C - 68°C - 70°C - 68°C - 67°C | Throttling: None - None - None - None - None - None - None - None
803 (882907 Gflops/s) - 803 (882907 Gflops/s) - 803 (882907 Gflops/s) - 801 (880708 Gflops/s) - 801 (880708 Gflops/s) - 802 (881808 Gflops/s) - 801 (880708 Gflops/s) - 801 (880708 Gflops/s) | Temperatures: 72°C - 66°C - 69°C - 70°C - 68°C - 70°C - 68°C - 67°C | Throttling: None - None - None - None - None - None - None - None
802 (881808 Gflops/s) - 802 (881808 Gflops/s) - 803 (882907 Gflops/s) - 802 (881808 Gflops/s) - 802 (881808 Gflops/s) - 802 (881808 Gflops/s) - 802 (881808 Gflops/s) - 802 (881808 Gflops/s) | Temperatures: 72°C - 66°C - 69°C - 70°C - 68°C - 70°C - 68°C - 67°C | Throttling: None - None - None - None - None - None - None - None
802 (881808 Gflops/s) - 803 (882907 Gflops/s) - 803 (882907 Gflops/s) - 802 (881808 Gflops/s) - 802 (881808 Gflops/s) - 802 (881808 Gflops/s) - 802 (881808 Gflops/s) - 802 (881808 Gflops/s) | Temperatures: 72°C - 66°C - 69°C - 70°C - 68°C - 70°C - 68°C - 67°C | Throttling: None - None - None - None - None - None - None - None
802 (881808 Gflops/s) - 801 (880708 Gflops/s) - 802 (881808 Gflops/s) - 800 (879609 Gflops/s) - 800 (879609 Gflops/s) - 800 (879609 Gflops/s) - 800 (879609 Gflops/s) - 800 (879609 Gflops/s) | Temperatures: 72°C - 66°C - 69°C - 70°C - 68°C - 69°C - 68°C - 67°C | Throttling: None - None - None - None - None - None - None - None
802 (881808 Gflops/s) - 803 (882907 Gflops/s) - 802 (881808 Gflops/s) - 803 (882907 Gflops/s) - 802 (881808 Gflops/s) - 803 (882907 Gflops/s) - 803 (882907 Gflops/s) - 802 (881808 Gflops/s) | Temperatures: 72°C - 66°C - 69°C - 70°C - 68°C - 69°C - 68°C - 67°C | Throttling: None - None - None - None - None - None - None - None
803 (882907 Gflops/s) - 802 (881808 Gflops/s) - 803 (882907 Gflops/s) - 802 (881808 Gflops/s) - 802 (881808 Gflops/s) - 803 (882907 Gflops/s) - 803 (882907 Gflops/s) - 802 (881808 Gflops/s) | Temperatures: 72°C - 66°C - 69°C - 70°C - 68°C - 69°C - 68°C - 67°C | Throttling: None - None - None - None - None - None - None - None
802 (881808 Gflops/s) - 803 (882907 Gflops/s) - 803 (882907 Gflops/s) - 803 (882907 Gflops/s) - 802 (881808 Gflops/s) - 803 (882907 Gflops/s) - 802 (881808 Gflops/s) - 802 (881808 Gflops/s) | Temperatures: 72°C - 66°C - 69°C - 70°C - 68°C - 69°C - 68°C - 67°C | Throttling: None - None - None - None - None - None - None - None
802 (881808 Gflops/s) - 802 (881808 Gflops/s) - 802 (881808 Gflops/s) - 802 (881808 Gflops/s) - 802 (881808 Gflops/s) - 803 (882907 Gflops/s) - 803 (882907 Gflops/s) - 802 (881808 Gflops/s) | Temperatures: 72°C - 66°C - 69°C - 70°C - 68°C - 69°C - 68°C - 67°C | Throttling: None - None - None - None - None - None - None - None
802 (881808 Gflops/s) - 802 (881808 Gflops/s) - 802 (881808 Gflops/s) - 803 (882907 Gflops/s) - 802 (881808 Gflops/s) - 802 (881808 Gflops/s) - 802 (881808 Gflops/s) - 801 (880708 Gflops/s) | Temperatures: 72°C - 66°C - 69°C - 70°C - 68°C - 69°C - 68°C - 67°C | Throttling: None - None - None - None - None - None - None - None
802 (881808 Gflops/s) - 802 (881808 Gflops/s) - 803 (882907 Gflops/s) - 802 (881808 Gflops/s) - 803 (882907 Gflops/s) - 804 (884007 Gflops/s) - 803 (882907 Gflops/s) - 803 (882907 Gflops/s) | Temperatures: 72°C - 66°C - 69°C - 70°C - 68°C - 69°C - 68°C - 67°C | Throttling: None - None - None - None - None - None - None - None
802 (881808 Gflops/s) - 802 (881808 Gflops/s) - 802 (881808 Gflops/s) - 803 (882907 Gflops/s) - 802 (881808 Gflops/s) - 802 (881808 Gflops/s) - 803 (882907 Gflops/s) - 802 (881808 Gflops/s) | Temperatures: 72°C - 66°C - 69°C - 70°C - 68°C - 69°C - 68°C - 67°C | Throttling: None - None - None - None - None - None - None - None
803 (882907 Gflops/s) - 803 (882907 Gflops/s) - 803 (882907 Gflops/s) - 801 (880708 Gflops/s) - 801 (880708 Gflops/s) - 802 (881808 Gflops/s) - 802 (881808 Gflops/s) - 801 (880708 Gflops/s) | Temperatures: 72°C - 66°C - 69°C - 70°C - 68°C - 69°C - 68°C - 67°C | Throttling: None - None - None - None - None - None - None - None
802 (881808 Gflops/s) - 802 (881808 Gflops/s) - 803 (882907 Gflops/s) - 803 (882907 Gflops/s) - 803 (882907 Gflops/s) - 803 (882907 Gflops/s) - 803 (882907 Gflops/s) - 802 (881808 Gflops/s) | Temperatures: 72°C - 66°C - 69°C - 71°C - 68°C - 69°C - 68°C - 67°C | Throttling: None - None - None - None - None - None - None - None
802 (881808 Gflops/s) - 802 (881808 Gflops/s) - 802 (881808 Gflops/s) - 802 (881808 Gflops/s) - 801 (880708 Gflops/s) - 802 (881808 Gflops/s) - 802 (881808 Gflops/s) - 802 (881808 Gflops/s) | Temperatures: 72°C - 66°C - 69°C - 71°C - 68°C - 69°C - 68°C - 67°C | Throttling: None - None - None - None - None - None - None - None
802 (881808 Gflops/s) - 803 (882907 Gflops/s) - 803 (882907 Gflops/s) - 802 (881808 Gflops/s) - 802 (881808 Gflops/s) - 802 (881808 Gflops/s) - 802 (881808 Gflops/s) - 802 (881808 Gflops/s) | Temperatures: 72°C - 66°C - 69°C - 71°C - 68°C - 69°C - 68°C - 67°C | Throttling: None - None - None - None - None - None - None - None
802 (881808 Gflops/s) - 802 (881808 Gflops/s) - 802 (881808 Gflops/s) - 802 (881808 Gflops/s) - 802 (881808 Gflops/s) - 802 (881808 Gflops/s) - 802 (881808 Gflops/s) - 802 (881808 Gflops/s) | Temperatures: 72°C - 66°C - 69°C - 71°C - 68°C - 69°C - 68°C - 67°C | Throttling: None - None - None - None - None - None - None - None
803 (882907 Gflops/s) - 802 (881808 Gflops/s) - 803 (882907 Gflops/s) - 803 (882907 Gflops/s) - 803 (882907 Gflops/s) - 804 (884007 Gflops/s) - 803 (882907 Gflops/s) - 802 (881808 Gflops/s) | Temperatures: 72°C - 66°C - 69°C - 71°C - 68°C - 69°C - 68°C - 67°C | Throttling: None - None - None - None - None - None - None - None
802 (881808 Gflops/s) - 803 (882907 Gflops/s) - 803 (882907 Gflops/s) - 803 (882907 Gflops/s) - 802 (881808 Gflops/s) - 803 (882907 Gflops/s) - 804 (884007 Gflops/s) - 803 (882907 Gflops/s) | Temperatures: 72°C - 66°C - 69°C - 71°C - 68°C - 69°C - 68°C - 67°C | Throttling: None - None - None - None - None - None - None - None
802 (881808 Gflops/s) - 802 (881808 Gflops/s) - 802 (881808 Gflops/s) - 802 (881808 Gflops/s) - 802 (881808 Gflops/s) - 802 (881808 Gflops/s) - 802 (881808 Gflops/s) - 801 (880708 Gflops/s) | Temperatures: 72°C - 66°C - 69°C - 71°C - 68°C - 69°C - 68°C - 67°C | Throttling: None - None - None - None - None - None - None - None
802 (881808 Gflops/s) - 802 (881808 Gflops/s) - 802 (881808 Gflops/s) - 802 (881808 Gflops/s) - 802 (881808 Gflops/s) - 802 (881808 Gflops/s) - 802 (881808 Gflops/s) - 801 (880708 Gflops/s) | Temperatures: 72°C - 66°C - 69°C - 71°C - 68°C - 69°C - 67°C - 67°C | Throttling: None - None - None - None - None - None - None - None
802 (881808 Gflops/s) - 803 (882907 Gflops/s) - 803 (882907 Gflops/s) - 803 (882907 Gflops/s) - 802 (881808 Gflops/s) - 803 (882907 Gflops/s) - 803 (882907 Gflops/s) - 802 (881808 Gflops/s) | Temperatures: 72°C - 66°C - 69°C - 71°C - 68°C - 69°C - 67°C - 67°C | Throttling: None - None - None - None - None - None - None - None
803 (882907 Gflops/s) - 802 (881808 Gflops/s) - 803 (882907 Gflops/s) - 803 (882907 Gflops/s) - 803 (882907 Gflops/s) - 803 (882907 Gflops/s) - 803 (882907 Gflops/s) - 802 (881808 Gflops/s) | Temperatures: 72°C - 66°C - 69°C - 71°C - 68°C - 69°C - 67°C - 67°C | Throttling: None - None - None - None - None - None - None - None
801 (880708 Gflops/s) - 802 (881808 Gflops/s) - 801 (880708 Gflops/s) - 802 (881808 Gflops/s) - 801 (880708 Gflops/s) - 802 (881808 Gflops/s) - 802 (881808 Gflops/s) - 801 (880708 Gflops/s) | Temperatures: 72°C - 66°C - 69°C - 71°C - 68°C - 69°C - 67°C - 67°C | Throttling: None - None - None - None - None - None - None - None
803 (882907 Gflops/s) - 802 (881808 Gflops/s) - 803 (882907 Gflops/s) - 802 (881808 Gflops/s) - 801 (880708 Gflops/s) - 803 (882907 Gflops/s) - 803 (882907 Gflops/s) - 801 (880708 Gflops/s) | Temperatures: 72°C - 66°C - 69°C - 71°C - 68°C - 69°C - 67°C - 67°C | Throttling: None - None - None - None - None - None - None - None
802 (881808 Gflops/s) - 803 (882907 Gflops/s) - 803 (882907 Gflops/s) - 803 (882907 Gflops/s) - 803 (882907 Gflops/s) - 802 (881808 Gflops/s) - 802 (881808 Gflops/s) - 802 (881808 Gflops/s) | Temperatures: 72°C - 66°C - 69°C - 71°C - 68°C - 69°C - 67°C - 66°C | Throttling: None - None - None - None - None - None - None - None
803 (882907 Gflops/s) - 803 (882907 Gflops/s) - 803 (882907 Gflops/s) - 802 (881808 Gflops/s) - 801 (880708 Gflops/s) - 803 (882907 Gflops/s) - 803 (882907 Gflops/s) - 802 (881808 Gflops/s) | Temperatures: 72°C - 66°C - 69°C - 71°C - 68°C - 69°C - 67°C - 67°C | Throttling: None - None - None - None - None - None - None - None
801 (880708 Gflops/s) - 801 (880708 Gflops/s) - 802 (881808 Gflops/s) - 801 (880708 Gflops/s) - 801 (880708 Gflops/s) - 802 (881808 Gflops/s) - 801 (880708 Gflops/s) - 800 (879609 Gflops/s) | Temperatures: 72°C - 66°C - 69°C - 71°C - 68°C - 69°C - 67°C - 67°C | Throttling: None - None - None - None - None - None - None - None
803 (882907 Gflops/s) - 803 (882907 Gflops/s) - 802 (881808 Gflops/s) - 802 (881808 Gflops/s) - 802 (881808 Gflops/s) - 804 (884007 Gflops/s) - 802 (881808 Gflops/s) - 802 (881808 Gflops/s) | Temperatures: 72°C - 66°C - 69°C - 71°C - 68°C - 69°C - 67°C - 67°C | Throttling: None - None - None - None - None - None - None - None
802 (881808 Gflops/s) - 802 (881808 Gflops/s) - 803 (882907 Gflops/s) - 803 (882907 Gflops/s) - 802 (881808 Gflops/s) - 802 (881808 Gflops/s) - 803 (882907 Gflops/s) - 802 (881808 Gflops/s) | Temperatures: 72°C - 66°C - 69°C - 71°C - 68°C - 69°C - 67°C - 67°C | Throttling: None - None - None - None - None - None - None - None
802 (881808 Gflops/s) - 803 (882907 Gflops/s) - 803 (882907 Gflops/s) - 803 (882907 Gflops/s) - 802 (881808 Gflops/s) - 803 (882907 Gflops/s) - 803 (882907 Gflops/s) - 802 (881808 Gflops/s) | Temperatures: 72°C - 66°C - 69°C - 71°C - 68°C - 69°C - 67°C - 67°C | Throttling: None - None - None - None - None - None - None - None
803 (882907 Gflops/s) - 802 (881808 Gflops/s) - 803 (882907 Gflops/s) - 803 (882907 Gflops/s) - 803 (882907 Gflops/s) - 803 (882907 Gflops/s) - 803 (882907 Gflops/s) - 803 (882907 Gflops/s) | Temperatures: 72°C - 66°C - 69°C - 71°C - 68°C - 69°C - 67°C - 67°C | Throttling: None - None - None - None - None - None - None - None
801 (880708 Gflops/s) - 802 (881808 Gflops/s) - 802 (881808 Gflops/s) - 802 (881808 Gflops/s) - 802 (881808 Gflops/s) - 803 (882907 Gflops/s) - 802 (881808 Gflops/s) - 801 (880708 Gflops/s) | Temperatures: 72°C - 66°C - 69°C - 71°C - 68°C - 69°C - 67°C - 67°C | Throttling: None - None - None - None - None - None - None - None
802 (881808 Gflops/s) - 802 (881808 Gflops/s) - 802 (881808 Gflops/s) - 803 (882907 Gflops/s) - 802 (881808 Gflops/s) - 803 (882907 Gflops/s) - 803 (882907 Gflops/s) - 803 (882907 Gflops/s) | Temperatures: 72°C - 66°C - 69°C - 71°C - 68°C - 69°C - 67°C - 66°C | Throttling: None - None - None - None - None - None - None - None
803 (882907 Gflops/s) - 803 (882907 Gflops/s) - 803 (882907 Gflops/s) - 803 (882907 Gflops/s) - 803 (882907 Gflops/s) - 804 (884007 Gflops/s) - 803 (882907 Gflops/s) - 802 (881808 Gflops/s) | Temperatures: 72°C - 66°C - 69°C - 70°C - 68°C - 69°C - 67°C - 66°C | Throttling: None - None - None - None - None - None - None - None
802 (881808 Gflops/s) - 802 (881808 Gflops/s) - 803 (882907 Gflops/s) - 801 (880708 Gflops/s) - 802 (881808 Gflops/s) - 802 (881808 Gflops/s) - 802 (881808 Gflops/s) - 801 (880708 Gflops/s) | Temperatures: 72°C - 66°C - 69°C - 71°C - 68°C - 69°C - 67°C - 66°C | Throttling: None - None - None - None - None - None - None - None
802 (881808 Gflops/s) - 803 (882907 Gflops/s) - 802 (881808 Gflops/s) - 802 (881808 Gflops/s) - 802 (881808 Gflops/s) - 802 (881808 Gflops/s) - 802 (881808 Gflops/s) - 801 (880708 Gflops/s) | Temperatures: 72°C - 66°C - 69°C - 71°C - 68°C - 69°C - 67°C - 66°C | Throttling: None - None - None - None - None - None - None - None
802 (881808 Gflops/s) - 802 (881808 Gflops/s) - 803 (882907 Gflops/s) - 801 (880708 Gflops/s) - 801 (880708 Gflops/s) - 801 (880708 Gflops/s) - 801 (880708 Gflops/s) - 801 (880708 Gflops/s) | Temperatures: 72°C - 66°C - 69°C - 70°C - 67°C - 69°C - 67°C - 67°C | Throttling: None - None - None - None - None - None - None - None
803 (882907 Gflops/s) - 802 (881808 Gflops/s) - 802 (881808 Gflops/s) - 803 (882907 Gflops/s) - 803 (882907 Gflops/s) - 803 (882907 Gflops/s) - 803 (882907 Gflops/s) - 802 (881808 Gflops/s) | Temperatures: 72°C - 66°C - 69°C - 71°C - 68°C - 69°C - 67°C - 66°C | Throttling: None - None - None - None - None - None - None - None
801 (880708 Gflops/s) - 802 (881808 Gflops/s) - 802 (881808 Gflops/s) - 801 (880708 Gflops/s) - 801 (880708 Gflops/s) - 802 (881808 Gflops/s) - 801 (880708 Gflops/s) - 801 (880708 Gflops/s) | Temperatures: 72°C - 66°C - 69°C - 70°C - 68°C - 69°C - 67°C - 66°C | Throttling: None - None - None - None - None - None - None - None
803 (882907 Gflops/s) - 802 (881808 Gflops/s) - 803 (882907 Gflops/s) - 802 (881808 Gflops/s) - 802 (881808 Gflops/s) - 802 (881808 Gflops/s) - 802 (881808 Gflops/s) - 801 (880708 Gflops/s) | Temperatures: 72°C - 66°C - 69°C - 70°C - 68°C - 69°C - 67°C - 66°C | Throttling: None - None - None - None - None - None - None - None
802 (881808 Gflops/s) - 803 (882907 Gflops/s) - 803 (882907 Gflops/s) - 803 (882907 Gflops/s) - 802 (881808 Gflops/s) - 803 (882907 Gflops/s) - 803 (882907 Gflops/s) - 802 (881808 Gflops/s) | Temperatures: 72°C - 66°C - 69°C - 71°C - 67°C - 69°C - 67°C - 66°C | Throttling: None - None - None - None - None - None - None - None
802 (881808 Gflops/s) - 802 (881808 Gflops/s) - 802 (881808 Gflops/s) - 802 (881808 Gflops/s) - 802 (881808 Gflops/s) - 803 (882907 Gflops/s) - 802 (881808 Gflops/s) - 802 (881808 Gflops/s) | Temperatures: 72°C - 66°C - 69°C - 70°C - 68°C - 69°C - 67°C - 66°C | Throttling: None - None - None - None - None - None - None - None
803 (882907 Gflops/s) - 803 (882907 Gflops/s) - 803 (882907 Gflops/s) - 801 (880708 Gflops/s) - 801 (880708 Gflops/s) - 802 (881808 Gflops/s) - 802 (881808 Gflops/s) - 801 (880708 Gflops/s) | Temperatures: 72°C - 66°C - 69°C - 70°C - 67°C - 69°C - 67°C - 66°C | Throttling: None - None - None - None - None - None - None - None
801 (880708 Gflops/s) - 802 (881808 Gflops/s) - 802 (881808 Gflops/s) - 801 (880708 Gflops/s) - 801 (880708 Gflops/s) - 801 (880708 Gflops/s) - 801 (880708 Gflops/s) - 801 (880708 Gflops/s) | Temperatures: 72°C - 66°C - 69°C - 70°C - 67°C - 69°C - 67°C - 66°C | Throttling: None - None - None - None - None - None - None - None
803 (882907 Gflops/s) - 802 (881808 Gflops/s) - 803 (882907 Gflops/s) - 803 (882907 Gflops/s) - 802 (881808 Gflops/s) - 803 (882907 Gflops/s) - 803 (882907 Gflops/s) - 802 (881808 Gflops/s) | Temperatures: 72°C - 66°C - 69°C - 70°C - 67°C - 69°C - 67°C - 66°C | Throttling: None - None - None - None - None - None - None - None
802 (881808 Gflops/s) - 803 (882907 Gflops/s) - 802 (881808 Gflops/s) - 802 (881808 Gflops/s) - 802 (881808 Gflops/s) - 802 (881808 Gflops/s) - 802 (881808 Gflops/s) - 801 (880708 Gflops/s) | Temperatures: 72°C - 66°C - 69°C - 71°C - 67°C - 69°C - 67°C - 66°C | Throttling: None - None - None - None - None - None - None - None
802 (881808 Gflops/s) - 802 (881808 Gflops/s) - 803 (882907 Gflops/s) - 803 (882907 Gflops/s) - 802 (881808 Gflops/s) - 803 (882907 Gflops/s) - 803 (882907 Gflops/s) - 802 (881808 Gflops/s) | Temperatures: 72°C - 66°C - 69°C - 71°C - 67°C - 69°C - 67°C - 66°C | Throttling: None - None - None - None - None - None - None - None
803 (882907 Gflops/s) - 803 (882907 Gflops/s) - 803 (882907 Gflops/s) - 802 (881808 Gflops/s) - 803 (882907 Gflops/s) - 803 (882907 Gflops/s) - 803 (882907 Gflops/s) - 802 (881808 Gflops/s) | Temperatures: 72°C - 66°C - 69°C - 70°C - 67°C - 69°C - 67°C - 66°C | Throttling: None - None - None - None - None - None - None - None
801 (880708 Gflops/s) - 801 (880708 Gflops/s) - 802 (881808 Gflops/s) - 803 (882907 Gflops/s) - 802 (881808 Gflops/s) - 803 (882907 Gflops/s) - 802 (881808 Gflops/s) - 802 (881808 Gflops/s) | Temperatures: 72°C - 66°C - 69°C - 71°C - 68°C - 69°C - 67°C - 66°C | Throttling: None - None - None - None - None - None - None - None
802 (881808 Gflops/s) - 803 (882907 Gflops/s) - 802 (881808 Gflops/s) - 803 (882907 Gflops/s) - 802 (881808 Gflops/s) - 803 (882907 Gflops/s) - 803 (882907 Gflops/s) - 802 (881808 Gflops/s) | Temperatures: 72°C - 66°C - 69°C - 70°C - 67°C - 69°C - 67°C - 66°C | Throttling: None - None - None - None - None - None - None - None
803 (882907 Gflops/s) - 802 (881808 Gflops/s) - 803 (882907 Gflops/s) - 802 (881808 Gflops/s) - 802 (881808 Gflops/s) - 803 (882907 Gflops/s) - 803 (882907 Gflops/s) - 802 (881808 Gflops/s) | Temperatures: 72°C - 66°C - 69°C - 71°C - 67°C - 69°C - 67°C - 66°C | Throttling: None - None - None - None - None - None - None - None
802 (881808 Gflops/s) - 803 (882907 Gflops/s) - 803 (882907 Gflops/s) - 803 (882907 Gflops/s) - 803 (882907 Gflops/s) - 803 (882907 Gflops/s) - 803 (882907 Gflops/s) - 802 (881808 Gflops/s) | Temperatures: 72°C - 66°C - 69°C - 71°C - 67°C - 69°C - 67°C - 66°C | Throttling: None - None - None - None - None - None - None - None
803 (882907 Gflops/s) - 802 (881808 Gflops/s) - 802 (881808 Gflops/s) - 802 (881808 Gflops/s) - 802 (881808 Gflops/s) - 803 (882907 Gflops/s) - 803 (882907 Gflops/s) - 802 (881808 Gflops/s) | Temperatures: 72°C - 66°C - 69°C - 71°C - 67°C - 69°C - 67°C - 66°C | Throttling: None - None - None - None - None - None - None - None
801 (880708 Gflops/s) - 802 (881808 Gflops/s) - 802 (881808 Gflops/s) - 802 (881808 Gflops/s) - 802 (881808 Gflops/s) - 802 (881808 Gflops/s) - 802 (881808 Gflops/s) - 802 (881808 Gflops/s) | Temperatures: 72°C - 66°C - 69°C - 71°C - 67°C - 69°C - 67°C - 66°C | Throttling: None - None - None - None - None - None - None - None
802 (881808 Gflops/s) - 802 (881808 Gflops/s) - 803 (882907 Gflops/s) - 803 (882907 Gflops/s) - 803 (882907 Gflops/s) - 804 (884007 Gflops/s) - 803 (882907 Gflops/s) - 802 (881808 Gflops/s) | Temperatures: 72°C - 66°C - 69°C - 71°C - 67°C - 69°C - 67°C - 66°C | Throttling: None - None - None - None - None - None - None - None
803 (882907 Gflops/s) - 803 (882907 Gflops/s) - 803 (882907 Gflops/s) - 803 (882907 Gflops/s) - 802 (881808 Gflops/s) - 803 (882907 Gflops/s) - 803 (882907 Gflops/s) - 803 (882907 Gflops/s) | Temperatures: 72°C - 66°C - 69°C - 71°C - 67°C - 69°C - 67°C - 66°C | Throttling: None - None - None - None - None - None - None - None
802 (881808 Gflops/s) - 802 (881808 Gflops/s) - 802 (881808 Gflops/s) - 803 (882907 Gflops/s) - 803 (882907 Gflops/s) - 803 (882907 Gflops/s) - 803 (882907 Gflops/s) - 802 (881808 Gflops/s) | Temperatures: 72°C - 66°C - 69°C - 71°C - 67°C - 69°C - 67°C - 66°C | Throttling: None - None - None - None - None - None - None - None
802 (881808 Gflops/s) - 803 (882907 Gflops/s) - 803 (882907 Gflops/s) - 803 (882907 Gflops/s) - 802 (881808 Gflops/s) - 804 (884007 Gflops/s) - 803 (882907 Gflops/s) - 802 (881808 Gflops/s) | Temperatures: 72°C - 66°C - 69°C - 71°C - 67°C - 69°C - 67°C - 66°C | Throttling: None - None - None - None - None - None - None - None
802 (881808 Gflops/s) - 801 (880708 Gflops/s) - 802 (881808 Gflops/s) - 801 (880708 Gflops/s) - 801 (880708 Gflops/s) - 801 (880708 Gflops/s) - 801 (880708 Gflops/s) - 800 (879609 Gflops/s) | Temperatures: 72°C - 66°C - 69°C - 71°C - 67°C - 69°C - 67°C - 66°C | Throttling: None - None - None - None - None - None - None - None
802 (881808 Gflops/s) - 803 (882907 Gflops/s) - 803 (882907 Gflops/s) - 802 (881808 Gflops/s) - 802 (881808 Gflops/s) - 803 (882907 Gflops/s) - 803 (882907 Gflops/s) - 802 (881808 Gflops/s) | Temperatures: 72°C - 66°C - 69°C - 71°C - 67°C - 69°C - 67°C - 66°C | Throttling: None - None - None - None - None - None - None - None
803 (882907 Gflops/s) - 802 (881808 Gflops/s) - 802 (881808 Gflops/s) - 802 (881808 Gflops/s) - 802 (881808 Gflops/s) - 803 (882907 Gflops/s) - 802 (881808 Gflops/s) - 802 (881808 Gflops/s) | Temperatures: 72°C - 66°C - 69°C - 71°C - 67°C - 69°C - 67°C - 66°C | Throttling: None - None - None - None - None - None - None - None
802 (881808 Gflops/s) - 803 (882907 Gflops/s) - 803 (882907 Gflops/s) - 803 (882907 Gflops/s) - 803 (882907 Gflops/s) - 803 (882907 Gflops/s) - 803 (882907 Gflops/s) - 803 (882907 Gflops/s) | Temperatures: 72°C - 66°C - 69°C - 71°C - 67°C - 69°C - 67°C - 66°C | Throttling: None - None - None - None - None - None - None - None
802 (881808 Gflops/s) - 802 (881808 Gflops/s) - 803 (882907 Gflops/s) - 802 (881808 Gflops/s) - 801 (880708 Gflops/s) - 802 (881808 Gflops/s) - 802 (881808 Gflops/s) - 801 (880708 Gflops/s) | Temperatures: 72°C - 66°C - 69°C - 71°C - 67°C - 69°C - 67°C - 66°C | Throttling: None - None - None - None - None - None - None - None
321 (352943 Gflops/s) - 257 (282574 Gflops/s) - 296 (325455 Gflops/s) - 395 (434307 Gflops/s) - 489 (537661 Gflops/s) - 295 (324355 Gflops/s) - 361 (396923 Gflops/s) - 562 (617925 Gflops/s) | Temperatures: 72°C - 66°C - 69°C - 71°C - 67°C - 69°C - 67°C - 66°C | Throttling: None - None - None - None - None - None - None - None
GPU #0: 879987 Gflops/s (min: 352943.23, max: 882907.84, dev: 30849.41)
         Temperature: 72.28°C (min: 71.00, max: 73.00)
         Throttling HW: false, Thermal SW: false, Thermal HW: false
GPU #1: 880110 Gflops/s (min: 282574.49, max: 882907.84, dev: 34974.24)
         Temperature: 66.01°C (min: 65.00, max: 67.00)
         Throttling HW: false, Thermal SW: false, Thermal HW: false
GPU #2: 880511 Gflops/s (min: 325455.44, max: 882907.84, dev: 32486.83)
         Temperature: 69.16°C (min: 68.00, max: 70.00)
         Throttling HW: false, Thermal SW: false, Thermal HW: false
GPU #3: 880559 Gflops/s (min: 434307.09, max: 882907.84, dev: 26125.90)
         Temperature: 70.48°C (min: 69.00, max: 71.00)
         Throttling HW: false, Thermal SW: false, Thermal HW: false
GPU #4: 880563 Gflops/s (min: 537661.19, max: 882907.84, dev: 20080.73)
         Temperature: 67.77°C (min: 66.00, max: 69.00)
         Throttling HW: false, Thermal SW: false, Thermal HW: false
GPU #5: 880552 Gflops/s (min: 324355.93, max: 884007.35, dev: 32558.54)
         Temperature: 69.66°C (min: 68.00, max: 72.00)
         Throttling HW: false, Thermal SW: false, Thermal HW: false
GPU #6: 880578 Gflops/s (min: 396923.70, max: 884007.35, dev: 28313.70)
         Temperature: 67.71°C (min: 66.00, max: 69.00)
         Throttling HW: false, Thermal SW: false, Thermal HW: false
GPU #7: 880593 Gflops/s (min: 617925.53, max: 882907.84, dev: 15389.37)
         Temperature: 66.65°C (min: 64.00, max: 67.00)
         Throttling HW: false, Thermal SW: false, Thermal HW: false
All GPUs seem healthy
Freeing GPUs...
