/usr/bin/singularity
apptainer version 1.4.5-1.el9
Number of GPUs =  8
======== Run with fp32 ==========
Detected GPU #0: "NVIDIA RTX PRO 6000 Blackwell Server Edition" (88c53641-f7a2-b94e-3252-9566ca140ef8)
Detected GPU #1: "NVIDIA RTX PRO 6000 Blackwell Server Edition" (51366348-eda7-8591-6426-9dea3a6a6cc1)
Detected GPU #2: "NVIDIA RTX PRO 6000 Blackwell Server Edition" (0b67c429-4c58-5b88-6c98-d5844b847fcb)
Detected GPU #3: "NVIDIA RTX PRO 6000 Blackwell Server Edition" (cd49298b-c63a-124a-9806-2e5bfc25e7d6)
Detected GPU #4: "NVIDIA RTX PRO 6000 Blackwell Server Edition" (21095201-b282-5111-e250-24d3c92bb5a1)
Detected GPU #5: "NVIDIA RTX PRO 6000 Blackwell Server Edition" (430b1c8a-cfe6-a8a4-cbed-d430546d9478)
Detected GPU #6: "NVIDIA RTX PRO 6000 Blackwell Server Edition" (c4afacaf-356a-21db-96a0-f9e3bdb7aa22)
Detected GPU #7: "NVIDIA RTX PRO 6000 Blackwell Server Edition" (5c449772-d125-23eb-e4be-821b0e688960)
Using precision(s): FP32  
GPU #0: Using 87018 MB
GPU #1: Using 87018 MB
GPU #2: Using 87018 MB
GPU #3: Using 87018 MB
GPU #4: Using 87018 MB
GPU #5: Using 87018 MB
GPU #6: Using 87018 MB
GPU #7: Using 87018 MB
Creating random matrices
Matrices created
1146 (1260040 Gflops/s) - 1198 (1317214 Gflops/s) - 1190 (1308418 Gflops/s) - 1154 (1268836 Gflops/s) - 1141 (1254542 Gflops/s) - 1144 (1257841 Gflops/s) - 1142 (1255642 Gflops/s) - 1136 (1249045 Gflops/s) | Temperatures: 50°C - 49°C - 49°C - 50°C - 48°C - 48°C - 49°C - 49°C | Throttling: None - None - None - None - None - None - None - None
189 (207807 Gflops/s) - 192 (211106 Gflops/s) - 191 (210006 Gflops/s) - 191 (210006 Gflops/s) - 192 (211106 Gflops/s) - 193 (212205 Gflops/s) - 192 (211106 Gflops/s) - 190 (208907 Gflops/s) | Temperatures: 52°C - 51°C - 51°C - 52°C - 50°C - 50°C - 51°C - 51°C | Throttling: None - None - None - None - None - None - None - None
190 (208907 Gflops/s) - 192 (211106 Gflops/s) - 191 (210006 Gflops/s) - 191 (210006 Gflops/s) - 192 (211106 Gflops/s) - 193 (212205 Gflops/s) - 192 (211106 Gflops/s) - 191 (210006 Gflops/s) | Temperatures: 53°C - 52°C - 52°C - 53°C - 51°C - 51°C - 52°C - 52°C | Throttling: None - None - None - None - None - None - None - None
189 (207807 Gflops/s) - 191 (210006 Gflops/s) - 192 (211106 Gflops/s) - 191 (210006 Gflops/s) - 192 (211106 Gflops/s) - 193 (212205 Gflops/s) - 192 (211106 Gflops/s) - 190 (208907 Gflops/s) | Temperatures: 54°C - 53°C - 53°C - 54°C - 52°C - 53°C - 53°C - 53°C | Throttling: None - None - None - None - None - None - None - None
189 (207807 Gflops/s) - 192 (211106 Gflops/s) - 191 (210006 Gflops/s) - 192 (211106 Gflops/s) - 192 (211106 Gflops/s) - 192 (211106 Gflops/s) - 191 (210006 Gflops/s) - 190 (208907 Gflops/s) | Temperatures: 55°C - 54°C - 54°C - 55°C - 53°C - 53°C - 54°C - 54°C | Throttling: None - None - None - None - None - None - None - None
189 (207807 Gflops/s) - 191 (210006 Gflops/s) - 190 (208907 Gflops/s) - 191 (210006 Gflops/s) - 191 (210006 Gflops/s) - 193 (212205 Gflops/s) - 191 (210006 Gflops/s) - 189 (207807 Gflops/s) | Temperatures: 56°C - 55°C - 55°C - 56°C - 54°C - 54°C - 55°C - 55°C | Throttling: None - None - None - None - None - None - None - None
188 (206708 Gflops/s) - 191 (210006 Gflops/s) - 191 (210006 Gflops/s) - 190 (208907 Gflops/s) - 191 (210006 Gflops/s) - 192 (211106 Gflops/s) - 191 (210006 Gflops/s) - 190 (208907 Gflops/s) | Temperatures: 57°C - 56°C - 56°C - 57°C - 55°C - 55°C - 56°C - 56°C | Throttling: None - None - None - None - None - None - None - None
189 (207807 Gflops/s) - 191 (210006 Gflops/s) - 190 (208907 Gflops/s) - 191 (210006 Gflops/s) - 191 (210006 Gflops/s) - 191 (210006 Gflops/s) - 191 (210006 Gflops/s) - 189 (207807 Gflops/s) | Temperatures: 58°C - 56°C - 56°C - 58°C - 56°C - 56°C - 57°C - 57°C | Throttling: None - None - None - None - None - None - None - None
188 (206708 Gflops/s) - 190 (208907 Gflops/s) - 191 (210006 Gflops/s) - 190 (208907 Gflops/s) - 191 (210006 Gflops/s) - 192 (211106 Gflops/s) - 191 (210006 Gflops/s) - 190 (208907 Gflops/s) | Temperatures: 59°C - 57°C - 57°C - 58°C - 57°C - 57°C - 57°C - 58°C | Throttling: None - None - None - None - None - None - None - None
187 (205608 Gflops/s) - 190 (208907 Gflops/s) - 190 (208907 Gflops/s) - 191 (210006 Gflops/s) - 191 (210006 Gflops/s) - 191 (210006 Gflops/s) - 190 (208907 Gflops/s) - 189 (207807 Gflops/s) | Temperatures: 60°C - 58°C - 58°C - 59°C - 58°C - 58°C - 58°C - 59°C | Throttling: None - None - None - None - None - None - None - None
188 (206708 Gflops/s) - 191 (210006 Gflops/s) - 190 (208907 Gflops/s) - 190 (208907 Gflops/s) - 191 (210006 Gflops/s) - 192 (211106 Gflops/s) - 190 (208907 Gflops/s) - 189 (207807 Gflops/s) | Temperatures: 60°C - 59°C - 59°C - 60°C - 58°C - 59°C - 59°C - 60°C | Throttling: None - None - None - None - None - None - None - None
188 (206708 Gflops/s) - 190 (208907 Gflops/s) - 189 (207807 Gflops/s) - 190 (208907 Gflops/s) - 190 (208907 Gflops/s) - 191 (210006 Gflops/s) - 190 (208907 Gflops/s) - 189 (207807 Gflops/s) | Temperatures: 61°C - 60°C - 60°C - 61°C - 59°C - 59°C - 60°C - 60°C | Throttling: None - None - None - None - None - None - None - None
187 (205608 Gflops/s) - 190 (208907 Gflops/s) - 190 (208907 Gflops/s) - 190 (208907 Gflops/s) - 191 (210006 Gflops/s) - 191 (210006 Gflops/s) - 190 (208907 Gflops/s) - 188 (206708 Gflops/s) | Temperatures: 62°C - 60°C - 60°C - 61°C - 60°C - 60°C - 60°C - 61°C | Throttling: None - None - None - None - None - None - None - None
187 (205608 Gflops/s) - 189 (207807 Gflops/s) - 190 (208907 Gflops/s) - 190 (208907 Gflops/s) - 190 (208907 Gflops/s) - 190 (208907 Gflops/s) - 190 (208907 Gflops/s) - 189 (207807 Gflops/s) | Temperatures: 62°C - 61°C - 61°C - 62°C - 61°C - 61°C - 61°C - 62°C | Throttling: None - None - None - None - None - None - None - None
188 (206708 Gflops/s) - 190 (208907 Gflops/s) - 189 (207807 Gflops/s) - 189 (207807 Gflops/s) - 190 (208907 Gflops/s) - 191 (210006 Gflops/s) - 189 (207807 Gflops/s) - 188 (206708 Gflops/s) | Temperatures: 63°C - 62°C - 62°C - 63°C - 61°C - 61°C - 62°C - 62°C | Throttling: None - None - None - None - None - None - None - None
187 (205608 Gflops/s) - 189 (207807 Gflops/s) - 189 (207807 Gflops/s) - 190 (208907 Gflops/s) - 190 (208907 Gflops/s) - 190 (208907 Gflops/s) - 190 (208907 Gflops/s) - 189 (207807 Gflops/s) | Temperatures: 64°C - 62°C - 62°C - 63°C - 62°C - 62°C - 62°C - 63°C | Throttling: None - None - None - None - None - None - None - None
187 (205608 Gflops/s) - 190 (208907 Gflops/s) - 189 (207807 Gflops/s) - 189 (207807 Gflops/s) - 190 (208907 Gflops/s) - 191 (210006 Gflops/s) - 189 (207807 Gflops/s) - 188 (206708 Gflops/s) | Temperatures: 64°C - 63°C - 63°C - 64°C - 62°C - 63°C - 63°C - 64°C | Throttling: None - None - None - None - None - None - None - None
187 (205608 Gflops/s) - 189 (207807 Gflops/s) - 189 (207807 Gflops/s) - 189 (207807 Gflops/s) - 190 (208907 Gflops/s) - 190 (208907 Gflops/s) - 189 (207807 Gflops/s) - 188 (206708 Gflops/s) | Temperatures: 65°C - 63°C - 63°C - 64°C - 63°C - 63°C - 63°C - 64°C | Throttling: None - None - None - None - None - None - None - None
187 (205608 Gflops/s) - 189 (207807 Gflops/s) - 189 (207807 Gflops/s) - 189 (207807 Gflops/s) - 189 (207807 Gflops/s) - 190 (208907 Gflops/s) - 190 (208907 Gflops/s) - 188 (206708 Gflops/s) | Temperatures: 65°C - 64°C - 64°C - 65°C - 64°C - 64°C - 64°C - 65°C | Throttling: None - None - None - None - None - None - None - None
187 (205608 Gflops/s) - 189 (207807 Gflops/s) - 189 (207807 Gflops/s) - 189 (207807 Gflops/s) - 190 (208907 Gflops/s) - 190 (208907 Gflops/s) - 189 (207807 Gflops/s) - 188 (206708 Gflops/s) | Temperatures: 66°C - 64°C - 64°C - 65°C - 64°C - 64°C - 64°C - 65°C | Throttling: None - None - None - None - None - None - None - None
186 (204509 Gflops/s) - 189 (207807 Gflops/s) - 188 (206708 Gflops/s) - 189 (207807 Gflops/s) - 190 (208907 Gflops/s) - 190 (208907 Gflops/s) - 188 (206708 Gflops/s) - 188 (206708 Gflops/s) | Temperatures: 66°C - 65°C - 65°C - 66°C - 65°C - 65°C - 65°C - 66°C | Throttling: None - None - None - None - None - None - None - None
187 (205608 Gflops/s) - 189 (207807 Gflops/s) - 189 (207807 Gflops/s) - 189 (207807 Gflops/s) - 190 (208907 Gflops/s) - 189 (207807 Gflops/s) - 189 (207807 Gflops/s) - 187 (205608 Gflops/s) | Temperatures: 67°C - 65°C - 65°C - 66°C - 65°C - 65°C - 65°C - 66°C | Throttling: None - None - None - None - None - None - None - None
186 (204509 Gflops/s) - 188 (206708 Gflops/s) - 188 (206708 Gflops/s) - 189 (207807 Gflops/s) - 189 (207807 Gflops/s) - 190 (208907 Gflops/s) - 189 (207807 Gflops/s) - 188 (206708 Gflops/s) | Temperatures: 67°C - 66°C - 66°C - 67°C - 65°C - 66°C - 66°C - 67°C | Throttling: None - None - None - None - None - None - None - None
187 (205608 Gflops/s) - 189 (207807 Gflops/s) - 189 (207807 Gflops/s) - 188 (206708 Gflops/s) - 190 (208907 Gflops/s) - 189 (207807 Gflops/s) - 189 (207807 Gflops/s) - 187 (205608 Gflops/s) | Temperatures: 67°C - 66°C - 66°C - 67°C - 66°C - 66°C - 66°C - 67°C | Throttling: None - None - None - None - None - None - None - None
186 (204509 Gflops/s) - 188 (206708 Gflops/s) - 188 (206708 Gflops/s) - 189 (207807 Gflops/s) - 189 (207807 Gflops/s) - 189 (207807 Gflops/s) - 188 (206708 Gflops/s) - 188 (206708 Gflops/s) | Temperatures: 68°C - 67°C - 67°C - 67°C - 66°C - 66°C - 67°C - 68°C | Throttling: None - None - None - None - None - None - None - None
186 (204509 Gflops/s) - 189 (207807 Gflops/s) - 188 (206708 Gflops/s) - 188 (206708 Gflops/s) - 189 (207807 Gflops/s) - 189 (207807 Gflops/s) - 188 (206708 Gflops/s) - 187 (205608 Gflops/s) | Temperatures: 68°C - 67°C - 67°C - 68°C - 67°C - 67°C - 67°C - 68°C | Throttling: None - None - None - None - None - None - None - None
186 (204509 Gflops/s) - 188 (206708 Gflops/s) - 188 (206708 Gflops/s) - 188 (206708 Gflops/s) - 189 (207807 Gflops/s) - 189 (207807 Gflops/s) - 188 (206708 Gflops/s) - 187 (205608 Gflops/s) | Temperatures: 69°C - 68°C - 67°C - 68°C - 67°C - 67°C - 67°C - 68°C | Throttling: None - None - None - None - None - None - None - None
186 (204509 Gflops/s) - 188 (206708 Gflops/s) - 188 (206708 Gflops/s) - 188 (206708 Gflops/s) - 189 (207807 Gflops/s) - 189 (207807 Gflops/s) - 188 (206708 Gflops/s) - 188 (206708 Gflops/s) | Temperatures: 69°C - 68°C - 68°C - 69°C - 67°C - 68°C - 68°C - 69°C | Throttling: None - None - None - None - None - None - None - None
186 (204509 Gflops/s) - 188 (206708 Gflops/s) - 188 (206708 Gflops/s) - 189 (207807 Gflops/s) - 189 (207807 Gflops/s) - 189 (207807 Gflops/s) - 188 (206708 Gflops/s) - 187 (205608 Gflops/s) | Temperatures: 69°C - 68°C - 68°C - 69°C - 68°C - 68°C - 68°C - 69°C | Throttling: None - None - None - None - None - None - None - None
185 (203409 Gflops/s) - 188 (206708 Gflops/s) - 188 (206708 Gflops/s) - 188 (206708 Gflops/s) - 188 (206708 Gflops/s) - 189 (207807 Gflops/s) - 188 (206708 Gflops/s) - 187 (205608 Gflops/s) | Temperatures: 70°C - 68°C - 68°C - 69°C - 68°C - 68°C - 68°C - 69°C | Throttling: None - None - None - None - None - None - None - None
186 (204509 Gflops/s) - 188 (206708 Gflops/s) - 187 (205608 Gflops/s) - 188 (206708 Gflops/s) - 189 (207807 Gflops/s) - 188 (206708 Gflops/s) - 188 (206708 Gflops/s) - 187 (205608 Gflops/s) | Temperatures: 70°C - 69°C - 69°C - 70°C - 68°C - 69°C - 69°C - 70°C | Throttling: None - None - None - None - None - None - None - None
186 (204509 Gflops/s) - 188 (206708 Gflops/s) - 188 (206708 Gflops/s) - 187 (205608 Gflops/s) - 189 (207807 Gflops/s) - 189 (207807 Gflops/s) - 188 (206708 Gflops/s) - 187 (205608 Gflops/s) | Temperatures: 70°C - 69°C - 69°C - 70°C - 69°C - 69°C - 69°C - 70°C | Throttling: None - None - None - None - None - None - None - None
185 (203409 Gflops/s) - 188 (206708 Gflops/s) - 188 (206708 Gflops/s) - 188 (206708 Gflops/s) - 188 (206708 Gflops/s) - 188 (206708 Gflops/s) - 187 (205608 Gflops/s) - 187 (205608 Gflops/s) | Temperatures: 70°C - 69°C - 69°C - 70°C - 69°C - 69°C - 69°C - 70°C | Throttling: None - None - None - None - None - None - None - None
185 (203409 Gflops/s) - 188 (206708 Gflops/s) - 187 (205608 Gflops/s) - 188 (206708 Gflops/s) - 188 (206708 Gflops/s) - 188 (206708 Gflops/s) - 188 (206708 Gflops/s) - 187 (205608 Gflops/s) | Temperatures: 71°C - 70°C - 70°C - 70°C - 69°C - 69°C - 70°C - 70°C | Throttling: None - None - None - None - None - None - None - None
186 (204509 Gflops/s) - 187 (205608 Gflops/s) - 188 (206708 Gflops/s) - 187 (205608 Gflops/s) - 189 (207807 Gflops/s) - 189 (207807 Gflops/s) - 187 (205608 Gflops/s) - 186 (204509 Gflops/s) | Temperatures: 71°C - 70°C - 70°C - 71°C - 69°C - 70°C - 70°C - 71°C | Throttling: None - None - None - None - None - None - None - None
185 (203409 Gflops/s) - 188 (206708 Gflops/s) - 187 (205608 Gflops/s) - 188 (206708 Gflops/s) - 188 (206708 Gflops/s) - 188 (206708 Gflops/s) - 187 (205608 Gflops/s) - 187 (205608 Gflops/s) | Temperatures: 71°C - 70°C - 70°C - 71°C - 70°C - 70°C - 70°C - 71°C | Throttling: None - None - None - None - None - None - None - None
185 (203409 Gflops/s) - 188 (206708 Gflops/s) - 187 (205608 Gflops/s) - 187 (205608 Gflops/s) - 188 (206708 Gflops/s) - 188 (206708 Gflops/s) - 188 (206708 Gflops/s) - 187 (205608 Gflops/s) | Temperatures: 71°C - 70°C - 70°C - 71°C - 70°C - 70°C - 70°C - 71°C | Throttling: None - None - None - None - None - None - None - None
186 (204509 Gflops/s) - 187 (205608 Gflops/s) - 187 (205608 Gflops/s) - 188 (206708 Gflops/s) - 188 (206708 Gflops/s) - 188 (206708 Gflops/s) - 187 (205608 Gflops/s) - 186 (204509 Gflops/s) | Temperatures: 71°C - 71°C - 70°C - 71°C - 70°C - 70°C - 70°C - 71°C | Throttling: None - None - None - None - None - None - None - None
185 (203409 Gflops/s) - 188 (206708 Gflops/s) - 188 (206708 Gflops/s) - 187 (205608 Gflops/s) - 188 (206708 Gflops/s) - 187 (205608 Gflops/s) - 187 (205608 Gflops/s) - 187 (205608 Gflops/s) | Temperatures: 71°C - 71°C - 71°C - 71°C - 70°C - 70°C - 71°C - 72°C | Throttling: None - None - None - None - None - None - None - None
185 (203409 Gflops/s) - 187 (205608 Gflops/s) - 187 (205608 Gflops/s) - 187 (205608 Gflops/s) - 188 (206708 Gflops/s) - 188 (206708 Gflops/s) - 187 (205608 Gflops/s) - 186 (204509 Gflops/s) | Temperatures: 72°C - 71°C - 71°C - 72°C - 70°C - 71°C - 71°C - 72°C | Throttling: None - None - None - None - None - None - None - None
185 (203409 Gflops/s) - 187 (205608 Gflops/s) - 187 (205608 Gflops/s) - 188 (206708 Gflops/s) - 187 (205608 Gflops/s) - 188 (206708 Gflops/s) - 186 (204509 Gflops/s) - 187 (205608 Gflops/s) | Temperatures: 72°C - 71°C - 71°C - 72°C - 71°C - 71°C - 71°C - 72°C | Throttling: None - None - None - None - None - None - None - None
185 (203409 Gflops/s) - 188 (206708 Gflops/s) - 187 (205608 Gflops/s) - 187 (205608 Gflops/s) - 188 (206708 Gflops/s) - 188 (206708 Gflops/s) - 187 (205608 Gflops/s) - 186 (204509 Gflops/s) | Temperatures: 72°C - 71°C - 71°C - 72°C - 71°C - 71°C - 71°C - 72°C | Throttling: None - None - None - None - None - None - None - None
185 (203409 Gflops/s) - 187 (205608 Gflops/s) - 187 (205608 Gflops/s) - 187 (205608 Gflops/s) - 188 (206708 Gflops/s) - 187 (205608 Gflops/s) - 187 (205608 Gflops/s) - 187 (205608 Gflops/s) | Temperatures: 72°C - 72°C - 71°C - 72°C - 71°C - 71°C - 71°C - 72°C | Throttling: None - None - None - None - None - None - None - None
185 (203409 Gflops/s) - 187 (205608 Gflops/s) - 186 (204509 Gflops/s) - 187 (205608 Gflops/s) - 187 (205608 Gflops/s) - 187 (205608 Gflops/s) - 187 (205608 Gflops/s) - 186 (204509 Gflops/s) | Temperatures: 72°C - 72°C - 71°C - 72°C - 71°C - 71°C - 71°C - 72°C | Throttling: None - None - None - None - None - None - None - None
185 (203409 Gflops/s) - 187 (205608 Gflops/s) - 187 (205608 Gflops/s) - 187 (205608 Gflops/s) - 188 (206708 Gflops/s) - 188 (206708 Gflops/s) - 186 (204509 Gflops/s) - 186 (204509 Gflops/s) | Temperatures: 72°C - 72°C - 72°C - 72°C - 71°C - 72°C - 72°C - 73°C | Throttling: None - None - None - None - None - None - None - None
185 (203409 Gflops/s) - 187 (205608 Gflops/s) - 187 (205608 Gflops/s) - 187 (205608 Gflops/s) - 187 (205608 Gflops/s) - 187 (205608 Gflops/s) - 187 (205608 Gflops/s) - 186 (204509 Gflops/s) | Temperatures: 72°C - 72°C - 72°C - 72°C - 71°C - 72°C - 72°C - 73°C | Throttling: None - None - None - None - None - None - None - None
185 (203409 Gflops/s) - 188 (206708 Gflops/s) - 187 (205608 Gflops/s) - 187 (205608 Gflops/s) - 188 (206708 Gflops/s) - 188 (206708 Gflops/s) - 186 (204509 Gflops/s) - 186 (204509 Gflops/s) | Temperatures: 72°C - 72°C - 72°C - 72°C - 71°C - 72°C - 72°C - 73°C | Throttling: None - None - None - None - None - None - None - None
185 (203409 Gflops/s) - 187 (205608 Gflops/s) - 187 (205608 Gflops/s) - 186 (204509 Gflops/s) - 187 (205608 Gflops/s) - 187 (205608 Gflops/s) - 187 (205608 Gflops/s) - 187 (205608 Gflops/s) | Temperatures: 73°C - 72°C - 72°C - 73°C - 72°C - 72°C - 72°C - 73°C | Throttling: None - None - None - None - None - None - None - None
185 (203409 Gflops/s) - 187 (205608 Gflops/s) - 186 (204509 Gflops/s) - 187 (205608 Gflops/s) - 188 (206708 Gflops/s) - 187 (205608 Gflops/s) - 186 (204509 Gflops/s) - 186 (204509 Gflops/s) | Temperatures: 73°C - 72°C - 72°C - 73°C - 72°C - 72°C - 72°C - 73°C | Throttling: None - None - None - None - None - None - None - None
185 (203409 Gflops/s) - 187 (205608 Gflops/s) - 187 (205608 Gflops/s) - 187 (205608 Gflops/s) - 187 (205608 Gflops/s) - 187 (205608 Gflops/s) - 186 (204509 Gflops/s) - 186 (204509 Gflops/s) | Temperatures: 73°C - 72°C - 72°C - 73°C - 72°C - 72°C - 72°C - 73°C | Throttling: None - None - None - None - None - None - None - None
184 (202310 Gflops/s) - 187 (205608 Gflops/s) - 187 (205608 Gflops/s) - 187 (205608 Gflops/s) - 187 (205608 Gflops/s) - 187 (205608 Gflops/s) - 187 (205608 Gflops/s) - 186 (204509 Gflops/s) | Temperatures: 73°C - 72°C - 72°C - 73°C - 72°C - 72°C - 72°C - 73°C | Throttling: None - None - None - None - None - None - None - None
185 (203409 Gflops/s) - 187 (205608 Gflops/s) - 186 (204509 Gflops/s) - 187 (205608 Gflops/s) - 187 (205608 Gflops/s) - 187 (205608 Gflops/s) - 186 (204509 Gflops/s) - 186 (204509 Gflops/s) | Temperatures: 73°C - 73°C - 72°C - 73°C - 72°C - 72°C - 72°C - 73°C | Throttling: None - None - None - None - None - None - None - None
185 (203409 Gflops/s) - 187 (205608 Gflops/s) - 187 (205608 Gflops/s) - 187 (205608 Gflops/s) - 188 (206708 Gflops/s) - 187 (205608 Gflops/s) - 186 (204509 Gflops/s) - 186 (204509 Gflops/s) | Temperatures: 73°C - 73°C - 72°C - 73°C - 72°C - 72°C - 72°C - 74°C | Throttling: None - None - None - None - None - None - None - None
185 (203409 Gflops/s) - 187 (205608 Gflops/s) - 187 (205608 Gflops/s) - 186 (204509 Gflops/s) - 187 (205608 Gflops/s) - 187 (205608 Gflops/s) - 187 (205608 Gflops/s) - 186 (204509 Gflops/s) | Temperatures: 73°C - 73°C - 72°C - 73°C - 72°C - 72°C - 72°C - 74°C | Throttling: None - None - None - None - None - None - None - None
185 (203409 Gflops/s) - 186 (204509 Gflops/s) - 186 (204509 Gflops/s) - 187 (205608 Gflops/s) - 187 (205608 Gflops/s) - 187 (205608 Gflops/s) - 186 (204509 Gflops/s) - 186 (204509 Gflops/s) | Temperatures: 73°C - 73°C - 72°C - 73°C - 72°C - 73°C - 73°C - 74°C | Throttling: None - None - None - None - None - None - None - None
184 (202310 Gflops/s) - 187 (205608 Gflops/s) - 187 (205608 Gflops/s) - 187 (205608 Gflops/s) - 187 (205608 Gflops/s) - 187 (205608 Gflops/s) - 186 (204509 Gflops/s) - 186 (204509 Gflops/s) | Temperatures: 73°C - 73°C - 73°C - 73°C - 72°C - 73°C - 73°C - 74°C | Throttling: None - None - None - None - None - None - None - None
185 (203409 Gflops/s) - 187 (205608 Gflops/s) - 186 (204509 Gflops/s) - 187 (205608 Gflops/s) - 187 (205608 Gflops/s) - 187 (205608 Gflops/s) - 186 (204509 Gflops/s) - 186 (204509 Gflops/s) | Temperatures: 73°C - 73°C - 73°C - 73°C - 72°C - 73°C - 73°C - 74°C | Throttling: None - None - None - None - None - None - None - None
185 (203409 Gflops/s) - 187 (205608 Gflops/s) - 187 (205608 Gflops/s) - 186 (204509 Gflops/s) - 187 (205608 Gflops/s) - 187 (205608 Gflops/s) - 186 (204509 Gflops/s) - 185 (203409 Gflops/s) | Temperatures: 73°C - 73°C - 73°C - 73°C - 72°C - 73°C - 73°C - 74°C | Throttling: None - None - None - None - None - None - None - None
184 (202310 Gflops/s) - 187 (205608 Gflops/s) - 186 (204509 Gflops/s) - 187 (205608 Gflops/s) - 187 (205608 Gflops/s) - 187 (205608 Gflops/s) - 186 (204509 Gflops/s) - 186 (204509 Gflops/s) | Temperatures: 73°C - 73°C - 73°C - 73°C - 72°C - 73°C - 73°C - 74°C | Throttling: None - None - None - None - None - None - None - None
185 (203409 Gflops/s) - 186 (204509 Gflops/s) - 186 (204509 Gflops/s) - 186 (204509 Gflops/s) - 187 (205608 Gflops/s) - 187 (205608 Gflops/s) - 186 (204509 Gflops/s) - 186 (204509 Gflops/s) | Temperatures: 73°C - 73°C - 73°C - 73°C - 72°C - 73°C - 73°C - 74°C | Throttling: None - None - None - None - None - None - None - None
185 (203409 Gflops/s) - 187 (205608 Gflops/s) - 187 (205608 Gflops/s) - 187 (205608 Gflops/s) - 187 (205608 Gflops/s) - 186 (204509 Gflops/s) - 186 (204509 Gflops/s) - 186 (204509 Gflops/s) | Temperatures: 73°C - 73°C - 73°C - 73°C - 73°C - 73°C - 73°C - 74°C | Throttling: None - None - None - None - None - None - None - None
184 (202310 Gflops/s) - 187 (205608 Gflops/s) - 186 (204509 Gflops/s) - 186 (204509 Gflops/s) - 187 (205608 Gflops/s) - 187 (205608 Gflops/s) - 186 (204509 Gflops/s) - 186 (204509 Gflops/s) | Temperatures: 73°C - 73°C - 73°C - 74°C - 73°C - 73°C - 73°C - 74°C | Throttling: None - None - None - None - None - None - None - None
185 (203409 Gflops/s) - 187 (205608 Gflops/s) - 186 (204509 Gflops/s) - 187 (205608 Gflops/s) - 187 (205608 Gflops/s) - 187 (205608 Gflops/s) - 187 (205608 Gflops/s) - 185 (203409 Gflops/s) | Temperatures: 73°C - 73°C - 73°C - 73°C - 73°C - 73°C - 73°C - 74°C | Throttling: None - None - None - None - None - None - None - None
185 (203409 Gflops/s) - 186 (204509 Gflops/s) - 187 (205608 Gflops/s) - 186 (204509 Gflops/s) - 187 (205608 Gflops/s) - 187 (205608 Gflops/s) - 186 (204509 Gflops/s) - 186 (204509 Gflops/s) | Temperatures: 73°C - 73°C - 73°C - 74°C - 73°C - 73°C - 73°C - 74°C | Throttling: None - None - None - None - None - None - None - None
184 (202310 Gflops/s) - 187 (205608 Gflops/s) - 186 (204509 Gflops/s) - 187 (205608 Gflops/s) - 187 (205608 Gflops/s) - 187 (205608 Gflops/s) - 186 (204509 Gflops/s) - 186 (204509 Gflops/s) | Temperatures: 73°C - 73°C - 73°C - 74°C - 73°C - 73°C - 73°C - 74°C | Throttling: None - None - None - None - None - None - None - None
185 (203409 Gflops/s) - 186 (204509 Gflops/s) - 186 (204509 Gflops/s) - 186 (204509 Gflops/s) - 187 (205608 Gflops/s) - 187 (205608 Gflops/s) - 186 (204509 Gflops/s) - 186 (204509 Gflops/s) | Temperatures: 74°C - 73°C - 73°C - 74°C - 73°C - 73°C - 73°C - 74°C | Throttling: None - None - None - None - None - None - None - None
185 (203409 Gflops/s) - 187 (205608 Gflops/s) - 187 (205608 Gflops/s) - 187 (205608 Gflops/s) - 187 (205608 Gflops/s) - 187 (205608 Gflops/s) - 186 (204509 Gflops/s) - 185 (203409 Gflops/s) | Temperatures: 74°C - 73°C - 73°C - 74°C - 73°C - 73°C - 73°C - 74°C | Throttling: None - None - None - None - None - None - None - None
184 (202310 Gflops/s) - 186 (204509 Gflops/s) - 186 (204509 Gflops/s) - 186 (204509 Gflops/s) - 186 (204509 Gflops/s) - 187 (205608 Gflops/s) - 185 (203409 Gflops/s) - 186 (204509 Gflops/s) | Temperatures: 74°C - 73°C - 73°C - 74°C - 73°C - 73°C - 73°C - 75°C | Throttling: None - None - None - None - None - None - None - None
185 (203409 Gflops/s) - 187 (205608 Gflops/s) - 186 (204509 Gflops/s) - 187 (205608 Gflops/s) - 187 (205608 Gflops/s) - 186 (204509 Gflops/s) - 186 (204509 Gflops/s) - 186 (204509 Gflops/s) | Temperatures: 74°C - 73°C - 73°C - 74°C - 73°C - 73°C - 73°C - 74°C | Throttling: None - None - None - None - None - None - None - None
184 (202310 Gflops/s) - 187 (205608 Gflops/s) - 186 (204509 Gflops/s) - 186 (204509 Gflops/s) - 187 (205608 Gflops/s) - 187 (205608 Gflops/s) - 186 (204509 Gflops/s) - 185 (203409 Gflops/s) | Temperatures: 74°C - 73°C - 73°C - 74°C - 73°C - 73°C - 73°C - 75°C | Throttling: None - None - None - None - None - None - None - None
185 (203409 Gflops/s) - 186 (204509 Gflops/s) - 186 (204509 Gflops/s) - 186 (204509 Gflops/s) - 187 (205608 Gflops/s) - 187 (205608 Gflops/s) - 186 (204509 Gflops/s) - 186 (204509 Gflops/s) | Temperatures: 74°C - 74°C - 73°C - 74°C - 73°C - 73°C - 73°C - 75°C | Throttling: None - None - None - None - None - None - None - None
184 (202310 Gflops/s) - 187 (205608 Gflops/s) - 187 (205608 Gflops/s) - 187 (205608 Gflops/s) - 186 (204509 Gflops/s) - 187 (205608 Gflops/s) - 186 (204509 Gflops/s) - 185 (203409 Gflops/s) | Temperatures: 74°C - 74°C - 73°C - 74°C - 73°C - 73°C - 73°C - 75°C | Throttling: None - None - None - None - None - None - None - None
185 (203409 Gflops/s) - 186 (204509 Gflops/s) - 186 (204509 Gflops/s) - 186 (204509 Gflops/s) - 187 (205608 Gflops/s) - 187 (205608 Gflops/s) - 186 (204509 Gflops/s) - 186 (204509 Gflops/s) | Temperatures: 74°C - 74°C - 73°C - 74°C - 73°C - 74°C - 73°C - 75°C | Throttling: None - None - None - None - None - None - None - None
184 (202310 Gflops/s) - 187 (205608 Gflops/s) - 186 (204509 Gflops/s) - 187 (205608 Gflops/s) - 187 (205608 Gflops/s) - 186 (204509 Gflops/s) - 186 (204509 Gflops/s) - 186 (204509 Gflops/s) | Temperatures: 74°C - 74°C - 73°C - 74°C - 73°C - 73°C - 73°C - 75°C | Throttling: None - None - None - None - None - None - None - None
185 (203409 Gflops/s) - 186 (204509 Gflops/s) - 186 (204509 Gflops/s) - 186 (204509 Gflops/s) - 186 (204509 Gflops/s) - 187 (205608 Gflops/s) - 186 (204509 Gflops/s) - 185 (203409 Gflops/s) | Temperatures: 74°C - 74°C - 73°C - 74°C - 73°C - 74°C - 73°C - 75°C | Throttling: None - None - None - None - None - None - None - None
184 (202310 Gflops/s) - 187 (205608 Gflops/s) - 186 (204509 Gflops/s) - 186 (204509 Gflops/s) - 187 (205608 Gflops/s) - 187 (205608 Gflops/s) - 185 (203409 Gflops/s) - 186 (204509 Gflops/s) | Temperatures: 74°C - 74°C - 73°C - 74°C - 73°C - 74°C - 73°C - 75°C | Throttling: None - None - None - None - None - None - None - None
185 (203409 Gflops/s) - 186 (204509 Gflops/s) - 187 (205608 Gflops/s) - 187 (205608 Gflops/s) - 187 (205608 Gflops/s) - 186 (204509 Gflops/s) - 186 (204509 Gflops/s) - 185 (203409 Gflops/s) | Temperatures: 74°C - 74°C - 73°C - 74°C - 73°C - 74°C - 73°C - 75°C | Throttling: None - None - None - None - None - None - None - None
184 (202310 Gflops/s) - 187 (205608 Gflops/s) - 186 (204509 Gflops/s) - 186 (204509 Gflops/s) - 186 (204509 Gflops/s) - 187 (205608 Gflops/s) - 186 (204509 Gflops/s) - 186 (204509 Gflops/s) | Temperatures: 74°C - 74°C - 73°C - 74°C - 73°C - 74°C - 73°C - 75°C | Throttling: None - None - None - None - None - None - None - None
185 (203409 Gflops/s) - 186 (204509 Gflops/s) - 186 (204509 Gflops/s) - 186 (204509 Gflops/s) - 187 (205608 Gflops/s) - 187 (205608 Gflops/s) - 186 (204509 Gflops/s) - 185 (203409 Gflops/s) | Temperatures: 74°C - 74°C - 73°C - 74°C - 73°C - 74°C - 74°C - 75°C | Throttling: None - None - None - None - None - None - None - None
184 (202310 Gflops/s) - 187 (205608 Gflops/s) - 186 (204509 Gflops/s) - 187 (205608 Gflops/s) - 187 (205608 Gflops/s) - 186 (204509 Gflops/s) - 186 (204509 Gflops/s) - 186 (204509 Gflops/s) | Temperatures: 74°C - 74°C - 73°C - 74°C - 73°C - 74°C - 74°C - 75°C | Throttling: None - None - None - None - None - None - None - None
185 (203409 Gflops/s) - 186 (204509 Gflops/s) - 186 (204509 Gflops/s) - 186 (204509 Gflops/s) - 186 (204509 Gflops/s) - 187 (205608 Gflops/s) - 185 (203409 Gflops/s) - 185 (203409 Gflops/s) | Temperatures: 74°C - 74°C - 73°C - 74°C - 73°C - 74°C - 74°C - 75°C | Throttling: None - None - None - None - None - None - None - None
184 (202310 Gflops/s) - 187 (205608 Gflops/s) - 186 (204509 Gflops/s) - 187 (205608 Gflops/s) - 187 (205608 Gflops/s) - 187 (205608 Gflops/s) - 186 (204509 Gflops/s) - 186 (204509 Gflops/s) | Temperatures: 74°C - 74°C - 73°C - 74°C - 73°C - 74°C - 74°C - 75°C | Throttling: None - None - None - None - None - None - None - None
185 (203409 Gflops/s) - 186 (204509 Gflops/s) - 186 (204509 Gflops/s) - 186 (204509 Gflops/s) - 187 (205608 Gflops/s) - 186 (204509 Gflops/s) - 186 (204509 Gflops/s) - 185 (203409 Gflops/s) | Temperatures: 74°C - 74°C - 73°C - 74°C - 73°C - 74°C - 73°C - 75°C | Throttling: None - None - None - None - None - None - None - None
184 (202310 Gflops/s) - 187 (205608 Gflops/s) - 186 (204509 Gflops/s) - 186 (204509 Gflops/s) - 186 (204509 Gflops/s) - 187 (205608 Gflops/s) - 186 (204509 Gflops/s) - 186 (204509 Gflops/s) | Temperatures: 74°C - 74°C - 73°C - 74°C - 73°C - 74°C - 74°C - 75°C | Throttling: None - None - None - None - None - None - None - None
185 (203409 Gflops/s) - 186 (204509 Gflops/s) - 187 (205608 Gflops/s) - 187 (205608 Gflops/s) - 187 (205608 Gflops/s) - 187 (205608 Gflops/s) - 186 (204509 Gflops/s) - 185 (203409 Gflops/s) | Temperatures: 74°C - 74°C - 73°C - 74°C - 73°C - 74°C - 73°C - 75°C | Throttling: None - None - None - None - None - None - None - None
184 (202310 Gflops/s) - 187 (205608 Gflops/s) - 186 (204509 Gflops/s) - 186 (204509 Gflops/s) - 187 (205608 Gflops/s) - 186 (204509 Gflops/s) - 186 (204509 Gflops/s) - 186 (204509 Gflops/s) | Temperatures: 74°C - 74°C - 73°C - 74°C - 73°C - 74°C - 73°C - 75°C | Throttling: None - None - None - None - None - None - None - None
185 (203409 Gflops/s) - 186 (204509 Gflops/s) - 186 (204509 Gflops/s) - 186 (204509 Gflops/s) - 186 (204509 Gflops/s) - 187 (205608 Gflops/s) - 185 (203409 Gflops/s) - 186 (204509 Gflops/s) | Temperatures: 74°C - 74°C - 73°C - 74°C - 73°C - 74°C - 73°C - 75°C | Throttling: None - None - None - None - None - None - None - None
185 (203409 Gflops/s) - 187 (205608 Gflops/s) - 186 (204509 Gflops/s) - 187 (205608 Gflops/s) - 187 (205608 Gflops/s) - 187 (205608 Gflops/s) - 186 (204509 Gflops/s) - 185 (203409 Gflops/s) | Temperatures: 74°C - 74°C - 73°C - 74°C - 73°C - 74°C - 73°C - 75°C | Throttling: None - None - None - None - None - None - None - None
184 (202310 Gflops/s) - 186 (204509 Gflops/s) - 186 (204509 Gflops/s) - 186 (204509 Gflops/s) - 186 (204509 Gflops/s) - 186 (204509 Gflops/s) - 186 (204509 Gflops/s) - 185 (203409 Gflops/s) | Temperatures: 74°C - 74°C - 73°C - 73°C - 73°C - 74°C - 73°C - 75°C | Throttling: None - None - None - None - None - None - None - None
184 (202310 Gflops/s) - 187 (205608 Gflops/s) - 186 (204509 Gflops/s) - 186 (204509 Gflops/s) - 187 (205608 Gflops/s) - 187 (205608 Gflops/s) - 186 (204509 Gflops/s) - 186 (204509 Gflops/s) | Temperatures: 74°C - 74°C - 73°C - 73°C - 73°C - 73°C - 73°C - 75°C | Throttling: None - None - None - None - None - None - None - None
185 (203409 Gflops/s) - 186 (204509 Gflops/s) - 187 (205608 Gflops/s) - 187 (205608 Gflops/s) - 187 (205608 Gflops/s) - 187 (205608 Gflops/s) - 185 (203409 Gflops/s) - 185 (203409 Gflops/s) | Temperatures: 74°C - 74°C - 73°C - 73°C - 73°C - 73°C - 73°C - 75°C | Throttling: None - None - None - None - None - None - None - None
185 (203409 Gflops/s) - 187 (205608 Gflops/s) - 186 (204509 Gflops/s) - 186 (204509 Gflops/s) - 186 (204509 Gflops/s) - 186 (204509 Gflops/s) - 186 (204509 Gflops/s) - 186 (204509 Gflops/s) | Temperatures: 73°C - 74°C - 73°C - 73°C - 73°C - 73°C - 73°C - 75°C | Throttling: None - None - None - None - None - None - None - None
184 (202310 Gflops/s) - 186 (204509 Gflops/s) - 186 (204509 Gflops/s) - 187 (205608 Gflops/s) - 187 (205608 Gflops/s) - 187 (205608 Gflops/s) - 186 (204509 Gflops/s) - 185 (203409 Gflops/s) | Temperatures: 73°C - 74°C - 73°C - 73°C - 73°C - 73°C - 73°C - 75°C | Throttling: None - None - None - None - None - None - None - None
185 (203409 Gflops/s) - 187 (205608 Gflops/s) - 186 (204509 Gflops/s) - 186 (204509 Gflops/s) - 187 (205608 Gflops/s) - 187 (205608 Gflops/s) - 186 (204509 Gflops/s) - 186 (204509 Gflops/s) | Temperatures: 73°C - 73°C - 73°C - 73°C - 73°C - 73°C - 73°C - 75°C | Throttling: None - None - None - None - None - None - None - None
184 (202310 Gflops/s) - 186 (204509 Gflops/s) - 186 (204509 Gflops/s) - 186 (204509 Gflops/s) - 186 (204509 Gflops/s) - 186 (204509 Gflops/s) - 186 (204509 Gflops/s) - 186 (204509 Gflops/s) | Temperatures: 73°C - 73°C - 73°C - 73°C - 73°C - 73°C - 73°C - 75°C | Throttling: None - None - None - None - None - None - None - None
185 (203409 Gflops/s) - 187 (205608 Gflops/s) - 187 (205608 Gflops/s) - 187 (205608 Gflops/s) - 187 (205608 Gflops/s) - 187 (205608 Gflops/s) - 186 (204509 Gflops/s) - 185 (203409 Gflops/s) | Temperatures: 73°C - 73°C - 73°C - 73°C - 73°C - 73°C - 73°C - 75°C | Throttling: None - None - None - None - None - None - None - None
185 (203409 Gflops/s) - 186 (204509 Gflops/s) - 186 (204509 Gflops/s) - 186 (204509 Gflops/s) - 187 (205608 Gflops/s) - 187 (205608 Gflops/s) - 186 (204509 Gflops/s) - 186 (204509 Gflops/s) | Temperatures: 73°C - 73°C - 73°C - 73°C - 73°C - 73°C - 73°C - 75°C | Throttling: None - None - None - None - None - None - None - None
184 (202310 Gflops/s) - 187 (205608 Gflops/s) - 186 (204509 Gflops/s) - 187 (205608 Gflops/s) - 187 (205608 Gflops/s) - 187 (205608 Gflops/s) - 185 (203409 Gflops/s) - 185 (203409 Gflops/s) | Temperatures: 73°C - 73°C - 73°C - 73°C - 73°C - 73°C - 73°C - 74°C | Throttling: None - None - None - None - None - None - None - None
185 (203409 Gflops/s) - 186 (204509 Gflops/s) - 186 (204509 Gflops/s) - 186 (204509 Gflops/s) - 186 (204509 Gflops/s) - 186 (204509 Gflops/s) - 186 (204509 Gflops/s) - 186 (204509 Gflops/s) | Temperatures: 73°C - 73°C - 73°C - 73°C - 73°C - 73°C - 73°C - 75°C | Throttling: None - None - None - None - None - None - None - None
184 (202310 Gflops/s) - 187 (205608 Gflops/s) - 187 (205608 Gflops/s) - 187 (205608 Gflops/s) - 187 (205608 Gflops/s) - 187 (205608 Gflops/s) - 186 (204509 Gflops/s) - 185 (203409 Gflops/s) | Temperatures: 73°C - 73°C - 73°C - 73°C - 73°C - 73°C - 73°C - 75°C | Throttling: None - None - None - None - None - None - None - None
185 (203409 Gflops/s) - 186 (204509 Gflops/s) - 186 (204509 Gflops/s) - 186 (204509 Gflops/s) - 187 (205608 Gflops/s) - 187 (205608 Gflops/s) - 186 (204509 Gflops/s) - 186 (204509 Gflops/s) | Temperatures: 73°C - 73°C - 73°C - 73°C - 73°C - 73°C - 73°C - 75°C | Throttling: None - None - None - None - None - None - None - None
185 (203409 Gflops/s) - 187 (205608 Gflops/s) - 186 (204509 Gflops/s) - 187 (205608 Gflops/s) - 186 (204509 Gflops/s) - 187 (205608 Gflops/s) - 186 (204509 Gflops/s) - 185 (203409 Gflops/s) | Temperatures: 73°C - 73°C - 73°C - 73°C - 73°C - 73°C - 73°C - 75°C | Throttling: None - None - None - None - None - None - None - None
184 (202310 Gflops/s) - 186 (204509 Gflops/s) - 186 (204509 Gflops/s) - 186 (204509 Gflops/s) - 187 (205608 Gflops/s) - 186 (204509 Gflops/s) - 186 (204509 Gflops/s) - 186 (204509 Gflops/s) | Temperatures: 73°C - 73°C - 73°C - 73°C - 73°C - 73°C - 73°C - 74°C | Throttling: None - None - None - None - None - None - None - None
185 (203409 Gflops/s) - 187 (205608 Gflops/s) - 187 (205608 Gflops/s) - 187 (205608 Gflops/s) - 187 (205608 Gflops/s) - 187 (205608 Gflops/s) - 186 (204509 Gflops/s) - 186 (204509 Gflops/s) | Temperatures: 73°C - 73°C - 73°C - 73°C - 73°C - 73°C - 73°C - 74°C | Throttling: None - None - None - None - None - None - None - None
184 (202310 Gflops/s) - 186 (204509 Gflops/s) - 186 (204509 Gflops/s) - 186 (204509 Gflops/s) - 187 (205608 Gflops/s) - 187 (205608 Gflops/s) - 186 (204509 Gflops/s) - 185 (203409 Gflops/s) | Temperatures: 73°C - 73°C - 73°C - 73°C - 73°C - 73°C - 73°C - 75°C | Throttling: None - None - None - None - None - None - None - None
185 (203409 Gflops/s) - 187 (205608 Gflops/s) - 186 (204509 Gflops/s) - 187 (205608 Gflops/s) - 187 (205608 Gflops/s) - 187 (205608 Gflops/s) - 186 (204509 Gflops/s) - 186 (204509 Gflops/s) | Temperatures: 73°C - 73°C - 73°C - 73°C - 73°C - 73°C - 73°C - 74°C | Throttling: None - None - None - None - None - None - None - None
185 (203409 Gflops/s) - 186 (204509 Gflops/s) - 186 (204509 Gflops/s) - 186 (204509 Gflops/s) - 186 (204509 Gflops/s) - 186 (204509 Gflops/s) - 186 (204509 Gflops/s) - 185 (203409 Gflops/s) | Temperatures: 73°C - 73°C - 73°C - 73°C - 73°C - 73°C - 73°C - 74°C | Throttling: None - None - None - None - None - None - None - None
184 (202310 Gflops/s) - 187 (205608 Gflops/s) - 187 (205608 Gflops/s) - 187 (205608 Gflops/s) - 187 (205608 Gflops/s) - 187 (205608 Gflops/s) - 186 (204509 Gflops/s) - 186 (204509 Gflops/s) | Temperatures: 73°C - 73°C - 73°C - 73°C - 73°C - 73°C - 73°C - 74°C | Throttling: None - None - None - None - None - None - None - None
185 (203409 Gflops/s) - 187 (205608 Gflops/s) - 186 (204509 Gflops/s) - 186 (204509 Gflops/s) - 187 (205608 Gflops/s) - 187 (205608 Gflops/s) - 186 (204509 Gflops/s) - 185 (203409 Gflops/s) | Temperatures: 73°C - 73°C - 73°C - 73°C - 73°C - 73°C - 73°C - 74°C | Throttling: None - None - None - None - None - None - None - None
185 (203409 Gflops/s) - 186 (204509 Gflops/s) - 186 (204509 Gflops/s) - 187 (205608 Gflops/s) - 187 (205608 Gflops/s) - 187 (205608 Gflops/s) - 186 (204509 Gflops/s) - 186 (204509 Gflops/s) | Temperatures: 73°C - 73°C - 73°C - 73°C - 73°C - 73°C - 73°C - 74°C | Throttling: None - None - None - None - None - None - None - None
184 (202310 Gflops/s) - 187 (205608 Gflops/s) - 187 (205608 Gflops/s) - 186 (204509 Gflops/s) - 186 (204509 Gflops/s) - 187 (205608 Gflops/s) - 185 (203409 Gflops/s) - 186 (204509 Gflops/s) | Temperatures: 73°C - 73°C - 72°C - 73°C - 72°C - 73°C - 73°C - 74°C | Throttling: None - None - None - None - None - None - None - None
185 (203409 Gflops/s) - 186 (204509 Gflops/s) - 186 (204509 Gflops/s) - 187 (205608 Gflops/s) - 187 (205608 Gflops/s) - 186 (204509 Gflops/s) - 186 (204509 Gflops/s) - 185 (203409 Gflops/s) | Temperatures: 73°C - 73°C - 72°C - 73°C - 72°C - 73°C - 73°C - 74°C | Throttling: None - None - None - None - None - None - None - None
185 (203409 Gflops/s) - 187 (205608 Gflops/s) - 186 (204509 Gflops/s) - 186 (204509 Gflops/s) - 187 (205608 Gflops/s) - 187 (205608 Gflops/s) - 186 (204509 Gflops/s) - 186 (204509 Gflops/s) | Temperatures: 73°C - 73°C - 72°C - 73°C - 72°C - 73°C - 73°C - 74°C | Throttling: None - None - None - None - None - None - None - None
184 (202310 Gflops/s) - 186 (204509 Gflops/s) - 186 (204509 Gflops/s) - 187 (205608 Gflops/s) - 187 (205608 Gflops/s) - 187 (205608 Gflops/s) - 186 (204509 Gflops/s) - 185 (203409 Gflops/s) | Temperatures: 73°C - 73°C - 72°C - 73°C - 72°C - 73°C - 73°C - 74°C | Throttling: None - None - None - None - None - None - None - None
185 (203409 Gflops/s) - 187 (205608 Gflops/s) - 187 (205608 Gflops/s) - 186 (204509 Gflops/s) - 187 (205608 Gflops/s) - 187 (205608 Gflops/s) - 186 (204509 Gflops/s) - 186 (204509 Gflops/s) | Temperatures: 73°C - 73°C - 72°C - 73°C - 72°C - 73°C - 73°C - 74°C | Throttling: None - None - None - None - None - None - None - None
185 (203409 Gflops/s) - 187 (205608 Gflops/s) - 186 (204509 Gflops/s) - 187 (205608 Gflops/s) - 186 (204509 Gflops/s) - 187 (205608 Gflops/s) - 186 (204509 Gflops/s) - 185 (203409 Gflops/s) | Temperatures: 73°C - 73°C - 72°C - 73°C - 72°C - 73°C - 73°C - 74°C | Throttling: None - None - None - None - None - None - None - None
184 (202310 Gflops/s) - 186 (204509 Gflops/s) - 186 (204509 Gflops/s) - 187 (205608 Gflops/s) - 187 (205608 Gflops/s) - 187 (205608 Gflops/s) - 186 (204509 Gflops/s) - 186 (204509 Gflops/s) | Temperatures: 73°C - 73°C - 72°C - 73°C - 72°C - 73°C - 73°C - 74°C | Throttling: None - None - None - None - None - None - None - None
185 (203409 Gflops/s) - 187 (205608 Gflops/s) - 187 (205608 Gflops/s) - 186 (204509 Gflops/s) - 187 (205608 Gflops/s) - 186 (204509 Gflops/s) - 186 (204509 Gflops/s) - 186 (204509 Gflops/s) | Temperatures: 73°C - 73°C - 72°C - 73°C - 72°C - 73°C - 73°C - 74°C | Throttling: None - None - None - None - None - None - None - None
185 (203409 Gflops/s) - 187 (205608 Gflops/s) - 186 (204509 Gflops/s) - 187 (205608 Gflops/s) - 187 (205608 Gflops/s) - 187 (205608 Gflops/s) - 186 (204509 Gflops/s) - 185 (203409 Gflops/s) | Temperatures: 73°C - 73°C - 72°C - 72°C - 72°C - 73°C - 73°C - 74°C | Throttling: None - None - None - None - None - None - None - None
184 (202310 Gflops/s) - 186 (204509 Gflops/s) - 187 (205608 Gflops/s) - 186 (204509 Gflops/s) - 187 (205608 Gflops/s) - 187 (205608 Gflops/s) - 186 (204509 Gflops/s) - 186 (204509 Gflops/s) | Temperatures: 73°C - 73°C - 72°C - 72°C - 72°C - 73°C - 72°C - 74°C | Throttling: None - None - None - None - None - None - None - None
185 (203409 Gflops/s) - 187 (205608 Gflops/s) - 186 (204509 Gflops/s) - 187 (205608 Gflops/s) - 187 (205608 Gflops/s) - 187 (205608 Gflops/s) - 186 (204509 Gflops/s) - 186 (204509 Gflops/s) | Temperatures: 72°C - 73°C - 72°C - 72°C - 72°C - 73°C - 72°C - 74°C | Throttling: None - None - None - None - None - None - None - None
185 (203409 Gflops/s) - 187 (205608 Gflops/s) - 186 (204509 Gflops/s) - 187 (205608 Gflops/s) - 187 (205608 Gflops/s) - 187 (205608 Gflops/s) - 187 (205608 Gflops/s) - 185 (203409 Gflops/s) | Temperatures: 72°C - 73°C - 72°C - 72°C - 72°C - 73°C - 72°C - 74°C | Throttling: None - None - None - None - None - None - None - None
185 (203409 Gflops/s) - 186 (204509 Gflops/s) - 187 (205608 Gflops/s) - 186 (204509 Gflops/s) - 187 (205608 Gflops/s) - 187 (205608 Gflops/s) - 186 (204509 Gflops/s) - 186 (204509 Gflops/s) | Temperatures: 72°C - 73°C - 72°C - 72°C - 72°C - 73°C - 72°C - 74°C | Throttling: None - None - None - None - None - None - None - None
185 (203409 Gflops/s) - 187 (205608 Gflops/s) - 186 (204509 Gflops/s) - 187 (205608 Gflops/s) - 187 (205608 Gflops/s) - 187 (205608 Gflops/s) - 186 (204509 Gflops/s) - 186 (204509 Gflops/s) | Temperatures: 72°C - 72°C - 72°C - 72°C - 72°C - 73°C - 72°C - 74°C | Throttling: None - None - None - None - None - None - None - None
184 (202310 Gflops/s) - 187 (205608 Gflops/s) - 187 (205608 Gflops/s) - 187 (205608 Gflops/s) - 187 (205608 Gflops/s) - 187 (205608 Gflops/s) - 186 (204509 Gflops/s) - 185 (203409 Gflops/s) | Temperatures: 72°C - 72°C - 72°C - 72°C - 72°C - 73°C - 72°C - 74°C | Throttling: None - None - None - None - None - None - None - None
185 (203409 Gflops/s) - 186 (204509 Gflops/s) - 186 (204509 Gflops/s) - 186 (204509 Gflops/s) - 186 (204509 Gflops/s) - 187 (205608 Gflops/s) - 186 (204509 Gflops/s) - 186 (204509 Gflops/s) | Temperatures: 72°C - 72°C - 72°C - 72°C - 72°C - 73°C - 72°C - 74°C | Throttling: None - None - None - None - None - None - None - None
185 (203409 Gflops/s) - 187 (205608 Gflops/s) - 187 (205608 Gflops/s) - 187 (205608 Gflops/s) - 187 (205608 Gflops/s) - 187 (205608 Gflops/s) - 186 (204509 Gflops/s) - 186 (204509 Gflops/s) | Temperatures: 72°C - 72°C - 72°C - 72°C - 72°C - 72°C - 72°C - 74°C | Throttling: None - None - None - None - None - None - None - None
185 (203409 Gflops/s) - 187 (205608 Gflops/s) - 186 (204509 Gflops/s) - 187 (205608 Gflops/s) - 187 (205608 Gflops/s) - 187 (205608 Gflops/s) - 186 (204509 Gflops/s) - 185 (203409 Gflops/s) | Temperatures: 72°C - 72°C - 72°C - 72°C - 72°C - 72°C - 72°C - 74°C | Throttling: None - None - None - None - None - None - None - None
184 (202310 Gflops/s) - 187 (205608 Gflops/s) - 187 (205608 Gflops/s) - 187 (205608 Gflops/s) - 187 (205608 Gflops/s) - 187 (205608 Gflops/s) - 186 (204509 Gflops/s) - 186 (204509 Gflops/s) | Temperatures: 72°C - 72°C - 72°C - 72°C - 72°C - 72°C - 72°C - 74°C | Throttling: None - None - None - None - None - None - None - None
185 (203409 Gflops/s) - 187 (205608 Gflops/s) - 187 (205608 Gflops/s) - 186 (204509 Gflops/s) - 188 (206708 Gflops/s) - 187 (205608 Gflops/s) - 187 (205608 Gflops/s) - 186 (204509 Gflops/s) | Temperatures: 72°C - 72°C - 72°C - 72°C - 72°C - 72°C - 72°C - 74°C | Throttling: None - None - None - None - None - None - None - None
185 (203409 Gflops/s) - 186 (204509 Gflops/s) - 186 (204509 Gflops/s) - 187 (205608 Gflops/s) - 187 (205608 Gflops/s) - 187 (205608 Gflops/s) - 186 (204509 Gflops/s) - 186 (204509 Gflops/s) | Temperatures: 72°C - 72°C - 72°C - 72°C - 72°C - 72°C - 72°C - 74°C | Throttling: None - None - None - None - None - None - None - None
185 (203409 Gflops/s) - 187 (205608 Gflops/s) - 187 (205608 Gflops/s) - 187 (205608 Gflops/s) - 187 (205608 Gflops/s) - 187 (205608 Gflops/s) - 186 (204509 Gflops/s) - 186 (204509 Gflops/s) | Temperatures: 72°C - 72°C - 72°C - 72°C - 72°C - 72°C - 72°C - 74°C | Throttling: None - None - None - None - None - None - None - None
185 (203409 Gflops/s) - 187 (205608 Gflops/s) - 186 (204509 Gflops/s) - 187 (205608 Gflops/s) - 187 (205608 Gflops/s) - 187 (205608 Gflops/s) - 186 (204509 Gflops/s) - 185 (203409 Gflops/s) | Temperatures: 72°C - 72°C - 72°C - 72°C - 72°C - 72°C - 72°C - 74°C | Throttling: None - None - None - None - None - None - None - None
185 (203409 Gflops/s) - 187 (205608 Gflops/s) - 187 (205608 Gflops/s) - 186 (204509 Gflops/s) - 187 (205608 Gflops/s) - 187 (205608 Gflops/s) - 186 (204509 Gflops/s) - 186 (204509 Gflops/s) | Temperatures: 72°C - 72°C - 72°C - 72°C - 72°C - 72°C - 72°C - 74°C | Throttling: None - None - None - None - None - None - None - None
184 (202310 Gflops/s) - 186 (204509 Gflops/s) - 186 (204509 Gflops/s) - 187 (205608 Gflops/s) - 187 (205608 Gflops/s) - 187 (205608 Gflops/s) - 186 (204509 Gflops/s) - 186 (204509 Gflops/s) | Temperatures: 72°C - 72°C - 72°C - 72°C - 72°C - 72°C - 72°C - 73°C | Throttling: None - None - None - None - None - None - None - None
185 (203409 Gflops/s) - 187 (205608 Gflops/s) - 187 (205608 Gflops/s) - 187 (205608 Gflops/s) - 187 (205608 Gflops/s) - 187 (205608 Gflops/s) - 186 (204509 Gflops/s) - 186 (204509 Gflops/s) | Temperatures: 72°C - 72°C - 71°C - 72°C - 72°C - 72°C - 72°C - 73°C | Throttling: None - None - None - None - None - None - None - None
185 (203409 Gflops/s) - 187 (205608 Gflops/s) - 187 (205608 Gflops/s) - 187 (205608 Gflops/s) - 187 (205608 Gflops/s) - 187 (205608 Gflops/s) - 187 (205608 Gflops/s) - 185 (203409 Gflops/s) | Temperatures: 72°C - 72°C - 72°C - 72°C - 72°C - 72°C - 72°C - 73°C | Throttling: None - None - None - None - None - None - None - None
185 (203409 Gflops/s) - 187 (205608 Gflops/s) - 186 (204509 Gflops/s) - 186 (204509 Gflops/s) - 187 (205608 Gflops/s) - 187 (205608 Gflops/s) - 186 (204509 Gflops/s) - 186 (204509 Gflops/s) | Temperatures: 72°C - 72°C - 71°C - 72°C - 72°C - 72°C - 72°C - 73°C | Throttling: None - None - None - None - None - None - None - None
185 (203409 Gflops/s) - 187 (205608 Gflops/s) - 187 (205608 Gflops/s) - 187 (205608 Gflops/s) - 187 (205608 Gflops/s) - 187 (205608 Gflops/s) - 186 (204509 Gflops/s) - 186 (204509 Gflops/s) | Temperatures: 72°C - 72°C - 71°C - 72°C - 72°C - 72°C - 72°C - 73°C | Throttling: None - None - None - None - None - None - None - None
184 (202310 Gflops/s) - 187 (205608 Gflops/s) - 186 (204509 Gflops/s) - 187 (205608 Gflops/s) - 187 (205608 Gflops/s) - 187 (205608 Gflops/s) - 186 (204509 Gflops/s) - 186 (204509 Gflops/s) | Temperatures: 72°C - 72°C - 71°C - 72°C - 71°C - 72°C - 72°C - 73°C | Throttling: None - None - None - None - None - None - None - None
185 (203409 Gflops/s) - 187 (205608 Gflops/s) - 187 (205608 Gflops/s) - 187 (205608 Gflops/s) - 187 (205608 Gflops/s) - 187 (205608 Gflops/s) - 186 (204509 Gflops/s) - 185 (203409 Gflops/s) | Temperatures: 72°C - 72°C - 71°C - 72°C - 71°C - 72°C - 72°C - 73°C | Throttling: None - None - None - None - None - None - None - None
185 (203409 Gflops/s) - 187 (205608 Gflops/s) - 187 (205608 Gflops/s) - 187 (205608 Gflops/s) - 187 (205608 Gflops/s) - 187 (205608 Gflops/s) - 187 (205608 Gflops/s) - 186 (204509 Gflops/s) | Temperatures: 72°C - 72°C - 71°C - 72°C - 71°C - 72°C - 72°C - 73°C | Throttling: None - None - None - None - None - None - None - None
185 (203409 Gflops/s) - 186 (204509 Gflops/s) - 186 (204509 Gflops/s) - 187 (205608 Gflops/s) - 187 (205608 Gflops/s) - 187 (205608 Gflops/s) - 186 (204509 Gflops/s) - 186 (204509 Gflops/s) | Temperatures: 72°C - 72°C - 71°C - 72°C - 71°C - 72°C - 72°C - 73°C | Throttling: None - None - None - None - None - None - None - None
185 (203409 Gflops/s) - 187 (205608 Gflops/s) - 187 (205608 Gflops/s) - 186 (204509 Gflops/s) - 188 (206708 Gflops/s) - 187 (205608 Gflops/s) - 186 (204509 Gflops/s) - 186 (204509 Gflops/s) | Temperatures: 72°C - 72°C - 71°C - 72°C - 71°C - 72°C - 72°C - 73°C | Throttling: None - None - None - None - None - None - None - None
185 (203409 Gflops/s) - 187 (205608 Gflops/s) - 187 (205608 Gflops/s) - 187 (205608 Gflops/s) - 187 (205608 Gflops/s) - 187 (205608 Gflops/s) - 187 (205608 Gflops/s) - 186 (204509 Gflops/s) | Temperatures: 72°C - 72°C - 71°C - 72°C - 71°C - 72°C - 72°C - 73°C | Throttling: None - None - None - None - None - None - None - None
185 (203409 Gflops/s) - 187 (205608 Gflops/s) - 186 (204509 Gflops/s) - 187 (205608 Gflops/s) - 187 (205608 Gflops/s) - 187 (205608 Gflops/s) - 186 (204509 Gflops/s) - 186 (204509 Gflops/s) | Temperatures: 72°C - 72°C - 71°C - 72°C - 71°C - 72°C - 72°C - 73°C | Throttling: None - None - None - None - None - None - None - None
185 (203409 Gflops/s) - 187 (205608 Gflops/s) - 187 (205608 Gflops/s) - 187 (205608 Gflops/s) - 187 (205608 Gflops/s) - 187 (205608 Gflops/s) - 186 (204509 Gflops/s) - 185 (203409 Gflops/s) | Temperatures: 72°C - 72°C - 71°C - 71°C - 71°C - 72°C - 71°C - 73°C | Throttling: None - None - None - None - None - None - None - None
185 (203409 Gflops/s) - 187 (205608 Gflops/s) - 187 (205608 Gflops/s) - 187 (205608 Gflops/s) - 187 (205608 Gflops/s) - 187 (205608 Gflops/s) - 187 (205608 Gflops/s) - 186 (204509 Gflops/s) | Temperatures: 72°C - 72°C - 71°C - 71°C - 71°C - 72°C - 72°C - 73°C | Throttling: None - None - None - None - None - None - None - None
185 (203409 Gflops/s) - 187 (205608 Gflops/s) - 187 (205608 Gflops/s) - 187 (205608 Gflops/s) - 187 (205608 Gflops/s) - 187 (205608 Gflops/s) - 186 (204509 Gflops/s) - 186 (204509 Gflops/s) | Temperatures: 72°C - 72°C - 71°C - 71°C - 71°C - 72°C - 71°C - 73°C | Throttling: None - None - None - None - None - None - None - None
185 (203409 Gflops/s) - 187 (205608 Gflops/s) - 186 (204509 Gflops/s) - 187 (205608 Gflops/s) - 188 (206708 Gflops/s) - 187 (205608 Gflops/s) - 186 (204509 Gflops/s) - 186 (204509 Gflops/s) | Temperatures: 71°C - 72°C - 71°C - 71°C - 71°C - 72°C - 71°C - 73°C | Throttling: None - None - None - None - None - None - None - None
185 (203409 Gflops/s) - 187 (205608 Gflops/s) - 187 (205608 Gflops/s) - 187 (205608 Gflops/s) - 187 (205608 Gflops/s) - 187 (205608 Gflops/s) - 187 (205608 Gflops/s) - 186 (204509 Gflops/s) | Temperatures: 71°C - 71°C - 71°C - 71°C - 71°C - 72°C - 71°C - 73°C | Throttling: None - None - None - None - None - None - None - None
185 (203409 Gflops/s) - 187 (205608 Gflops/s) - 187 (205608 Gflops/s) - 187 (205608 Gflops/s) - 187 (205608 Gflops/s) - 187 (205608 Gflops/s) - 186 (204509 Gflops/s) - 186 (204509 Gflops/s) | Temperatures: 71°C - 71°C - 71°C - 71°C - 71°C - 72°C - 71°C - 73°C | Throttling: None - None - None - None - None - None - None - None
185 (203409 Gflops/s) - 187 (205608 Gflops/s) - 187 (205608 Gflops/s) - 187 (205608 Gflops/s) - 187 (205608 Gflops/s) - 187 (205608 Gflops/s) - 186 (204509 Gflops/s) - 186 (204509 Gflops/s) | Temperatures: 71°C - 71°C - 71°C - 71°C - 71°C - 72°C - 71°C - 73°C | Throttling: None - None - None - None - None - None - None - None
184 (202310 Gflops/s) - 187 (205608 Gflops/s) - 187 (205608 Gflops/s) - 187 (205608 Gflops/s) - 188 (206708 Gflops/s) - 187 (205608 Gflops/s) - 187 (205608 Gflops/s) - 186 (204509 Gflops/s) | Temperatures: 71°C - 71°C - 71°C - 71°C - 71°C - 72°C - 71°C - 73°C | Throttling: None - None - None - None - None - None - None - None
185 (203409 Gflops/s) - 187 (205608 Gflops/s) - 187 (205608 Gflops/s) - 187 (205608 Gflops/s) - 187 (205608 Gflops/s) - 187 (205608 Gflops/s) - 186 (204509 Gflops/s) - 186 (204509 Gflops/s) | Temperatures: 71°C - 71°C - 71°C - 71°C - 71°C - 72°C - 71°C - 73°C | Throttling: None - None - None - None - None - None - None - None
185 (203409 Gflops/s) - 187 (205608 Gflops/s) - 186 (204509 Gflops/s) - 186 (204509 Gflops/s) - 187 (205608 Gflops/s) - 187 (205608 Gflops/s) - 187 (205608 Gflops/s) - 186 (204509 Gflops/s) | Temperatures: 71°C - 71°C - 71°C - 71°C - 71°C - 72°C - 71°C - 73°C | Throttling: None - None - None - None - None - None - None - None
185 (203409 Gflops/s) - 187 (205608 Gflops/s) - 187 (205608 Gflops/s) - 187 (205608 Gflops/s) - 187 (205608 Gflops/s) - 187 (205608 Gflops/s) - 186 (204509 Gflops/s) - 186 (204509 Gflops/s) | Temperatures: 71°C - 71°C - 71°C - 71°C - 71°C - 72°C - 71°C - 73°C | Throttling: None - None - None - None - None - None - None - None
185 (203409 Gflops/s) - 187 (205608 Gflops/s) - 187 (205608 Gflops/s) - 187 (205608 Gflops/s) - 188 (206708 Gflops/s) - 187 (205608 Gflops/s) - 186 (204509 Gflops/s) - 186 (204509 Gflops/s) | Temperatures: 71°C - 71°C - 71°C - 71°C - 71°C - 72°C - 71°C - 73°C | Throttling: None - None - None - None - None - None - None - None
185 (203409 Gflops/s) - 187 (205608 Gflops/s) - 187 (205608 Gflops/s) - 187 (205608 Gflops/s) - 187 (205608 Gflops/s) - 187 (205608 Gflops/s) - 187 (205608 Gflops/s) - 186 (204509 Gflops/s) | Temperatures: 71°C - 71°C - 71°C - 71°C - 71°C - 72°C - 71°C - 73°C | Throttling: None - None - None - None - None - None - None - None
185 (203409 Gflops/s) - 187 (205608 Gflops/s) - 187 (205608 Gflops/s) - 187 (205608 Gflops/s) - 187 (205608 Gflops/s) - 187 (205608 Gflops/s) - 186 (204509 Gflops/s) - 186 (204509 Gflops/s) | Temperatures: 71°C - 71°C - 71°C - 71°C - 71°C - 72°C - 71°C - 73°C | Throttling: None - None - None - None - None - None - None - None
185 (203409 Gflops/s) - 187 (205608 Gflops/s) - 187 (205608 Gflops/s) - 187 (205608 Gflops/s) - 188 (206708 Gflops/s) - 187 (205608 Gflops/s) - 187 (205608 Gflops/s) - 186 (204509 Gflops/s) | Temperatures: 71°C - 71°C - 71°C - 71°C - 71°C - 72°C - 71°C - 73°C | Throttling: None - None - None - None - None - None - None - None
185 (203409 Gflops/s) - 188 (206708 Gflops/s) - 187 (205608 Gflops/s) - 187 (205608 Gflops/s) - 187 (205608 Gflops/s) - 187 (205608 Gflops/s) - 186 (204509 Gflops/s) - 186 (204509 Gflops/s) | Temperatures: 71°C - 71°C - 71°C - 71°C - 71°C - 72°C - 71°C - 73°C | Throttling: None - None - None - None - None - None - None - None
185 (203409 Gflops/s) - 187 (205608 Gflops/s) - 186 (204509 Gflops/s) - 187 (205608 Gflops/s) - 187 (205608 Gflops/s) - 187 (205608 Gflops/s) - 187 (205608 Gflops/s) - 186 (204509 Gflops/s) | Temperatures: 71°C - 71°C - 71°C - 71°C - 71°C - 72°C - 71°C - 73°C | Throttling: None - None - None - None - None - None - None - None
185 (203409 Gflops/s) - 187 (205608 Gflops/s) - 187 (205608 Gflops/s) - 187 (205608 Gflops/s) - 188 (206708 Gflops/s) - 187 (205608 Gflops/s) - 186 (204509 Gflops/s) - 186 (204509 Gflops/s) | Temperatures: 71°C - 71°C - 71°C - 71°C - 71°C - 72°C - 71°C - 73°C | Throttling: None - None - None - None - None - None - None - None
185 (203409 Gflops/s) - 187 (205608 Gflops/s) - 187 (205608 Gflops/s) - 188 (206708 Gflops/s) - 187 (205608 Gflops/s) - 187 (205608 Gflops/s) - 187 (205608 Gflops/s) - 186 (204509 Gflops/s) | Temperatures: 71°C - 71°C - 70°C - 71°C - 71°C - 71°C - 71°C - 72°C | Throttling: None - None - None - None - None - None - None - None
185 (203409 Gflops/s) - 187 (205608 Gflops/s) - 187 (205608 Gflops/s) - 187 (205608 Gflops/s) - 187 (205608 Gflops/s) - 187 (205608 Gflops/s) - 186 (204509 Gflops/s) - 186 (204509 Gflops/s) | Temperatures: 71°C - 71°C - 70°C - 71°C - 71°C - 71°C - 71°C - 72°C | Throttling: None - None - None - None - None - None - None - None
185 (203409 Gflops/s) - 187 (205608 Gflops/s) - 187 (205608 Gflops/s) - 187 (205608 Gflops/s) - 188 (206708 Gflops/s) - 188 (206708 Gflops/s) - 187 (205608 Gflops/s) - 186 (204509 Gflops/s) | Temperatures: 71°C - 71°C - 70°C - 71°C - 71°C - 71°C - 71°C - 72°C | Throttling: None - None - None - None - None - None - None - None
185 (203409 Gflops/s) - 187 (205608 Gflops/s) - 187 (205608 Gflops/s) - 187 (205608 Gflops/s) - 187 (205608 Gflops/s) - 187 (205608 Gflops/s) - 186 (204509 Gflops/s) - 186 (204509 Gflops/s) | Temperatures: 71°C - 71°C - 70°C - 71°C - 71°C - 71°C - 71°C - 72°C | Throttling: None - None - None - None - None - None - None - None
185 (203409 Gflops/s) - 187 (205608 Gflops/s) - 187 (205608 Gflops/s) - 187 (205608 Gflops/s) - 188 (206708 Gflops/s) - 187 (205608 Gflops/s) - 187 (205608 Gflops/s) - 186 (204509 Gflops/s) | Temperatures: 71°C - 71°C - 70°C - 71°C - 71°C - 71°C - 71°C - 72°C | Throttling: None - None - None - None - None - None - None - None
185 (203409 Gflops/s) - 187 (205608 Gflops/s) - 186 (204509 Gflops/s) - 187 (205608 Gflops/s) - 187 (205608 Gflops/s) - 187 (205608 Gflops/s) - 186 (204509 Gflops/s) - 186 (204509 Gflops/s) | Temperatures: 71°C - 71°C - 70°C - 71°C - 71°C - 71°C - 71°C - 72°C | Throttling: None - None - None - None - None - None - None - None
185 (203409 Gflops/s) - 188 (206708 Gflops/s) - 187 (205608 Gflops/s) - 187 (205608 Gflops/s) - 187 (205608 Gflops/s) - 187 (205608 Gflops/s) - 187 (205608 Gflops/s) - 186 (204509 Gflops/s) | Temperatures: 71°C - 71°C - 70°C - 71°C - 71°C - 71°C - 71°C - 72°C | Throttling: None - None - None - None - None - None - None - None
185 (203409 Gflops/s) - 187 (205608 Gflops/s) - 187 (205608 Gflops/s) - 187 (205608 Gflops/s) - 188 (206708 Gflops/s) - 187 (205608 Gflops/s) - 186 (204509 Gflops/s) - 186 (204509 Gflops/s) | Temperatures: 71°C - 71°C - 70°C - 71°C - 70°C - 71°C - 71°C - 72°C | Throttling: None - None - None - None - None - None - None - None
185 (203409 Gflops/s) - 187 (205608 Gflops/s) - 187 (205608 Gflops/s) - 187 (205608 Gflops/s) - 187 (205608 Gflops/s) - 187 (205608 Gflops/s) - 187 (205608 Gflops/s) - 186 (204509 Gflops/s) | Temperatures: 71°C - 71°C - 70°C - 71°C - 70°C - 71°C - 71°C - 72°C | Throttling: None - None - None - None - None - None - None - None
185 (203409 Gflops/s) - 187 (205608 Gflops/s) - 187 (205608 Gflops/s) - 187 (205608 Gflops/s) - 188 (206708 Gflops/s) - 188 (206708 Gflops/s) - 186 (204509 Gflops/s) - 186 (204509 Gflops/s) | Temperatures: 71°C - 71°C - 70°C - 71°C - 70°C - 71°C - 71°C - 72°C | Throttling: None - None - None - None - None - None - None - None
185 (203409 Gflops/s) - 187 (205608 Gflops/s) - 187 (205608 Gflops/s) - 187 (205608 Gflops/s) - 187 (205608 Gflops/s) - 187 (205608 Gflops/s) - 187 (205608 Gflops/s) - 186 (204509 Gflops/s) | Temperatures: 71°C - 71°C - 70°C - 71°C - 70°C - 71°C - 71°C - 72°C | Throttling: None - None - None - None - None - None - None - None
185 (203409 Gflops/s) - 187 (205608 Gflops/s) - 187 (205608 Gflops/s) - 187 (205608 Gflops/s) - 188 (206708 Gflops/s) - 187 (205608 Gflops/s) - 186 (204509 Gflops/s) - 186 (204509 Gflops/s) | Temperatures: 71°C - 71°C - 70°C - 71°C - 70°C - 71°C - 71°C - 72°C | Throttling: None - None - None - None - None - None - None - None
185 (203409 Gflops/s) - 188 (206708 Gflops/s) - 187 (205608 Gflops/s) - 188 (206708 Gflops/s) - 187 (205608 Gflops/s) - 187 (205608 Gflops/s) - 187 (205608 Gflops/s) - 186 (204509 Gflops/s) | Temperatures: 71°C - 71°C - 70°C - 71°C - 70°C - 71°C - 71°C - 72°C | Throttling: None - None - None - None - None - None - None - None
185 (203409 Gflops/s) - 187 (205608 Gflops/s) - 186 (204509 Gflops/s) - 187 (205608 Gflops/s) - 188 (206708 Gflops/s) - 188 (206708 Gflops/s) - 187 (205608 Gflops/s) - 187 (205608 Gflops/s) | Temperatures: 71°C - 71°C - 70°C - 71°C - 70°C - 71°C - 71°C - 72°C | Throttling: None - None - None - None - None - None - None - None
185 (203409 Gflops/s) - 187 (205608 Gflops/s) - 187 (205608 Gflops/s) - 187 (205608 Gflops/s) - 187 (205608 Gflops/s) - 187 (205608 Gflops/s) - 186 (204509 Gflops/s) - 186 (204509 Gflops/s) | Temperatures: 71°C - 71°C - 70°C - 71°C - 70°C - 71°C - 71°C - 72°C | Throttling: None - None - None - None - None - None - None - None
185 (203409 Gflops/s) - 187 (205608 Gflops/s) - 187 (205608 Gflops/s) - 187 (205608 Gflops/s) - 187 (205608 Gflops/s) - 187 (205608 Gflops/s) - 187 (205608 Gflops/s) - 186 (204509 Gflops/s) | Temperatures: 71°C - 71°C - 70°C - 70°C - 70°C - 71°C - 71°C - 72°C | Throttling: None - None - None - None - None - None - None - None
185 (203409 Gflops/s) - 187 (205608 Gflops/s) - 187 (205608 Gflops/s) - 187 (205608 Gflops/s) - 188 (206708 Gflops/s) - 187 (205608 Gflops/s) - 186 (204509 Gflops/s) - 186 (204509 Gflops/s) | Temperatures: 71°C - 71°C - 70°C - 70°C - 70°C - 71°C - 71°C - 72°C | Throttling: None - None - None - None - None - None - None - None
185 (203409 Gflops/s) - 187 (205608 Gflops/s) - 187 (205608 Gflops/s) - 187 (205608 Gflops/s) - 187 (205608 Gflops/s) - 187 (205608 Gflops/s) - 187 (205608 Gflops/s) - 186 (204509 Gflops/s) | Temperatures: 71°C - 71°C - 70°C - 70°C - 70°C - 71°C - 71°C - 72°C | Throttling: None - None - None - None - None - None - None - None
185 (203409 Gflops/s) - 188 (206708 Gflops/s) - 187 (205608 Gflops/s) - 187 (205608 Gflops/s) - 188 (206708 Gflops/s) - 188 (206708 Gflops/s) - 187 (205608 Gflops/s) - 186 (204509 Gflops/s) | Temperatures: 71°C - 71°C - 70°C - 70°C - 70°C - 71°C - 71°C - 72°C | Throttling: None - None - None - None - None - None - None - None
185 (203409 Gflops/s) - 187 (205608 Gflops/s) - 187 (205608 Gflops/s) - 188 (206708 Gflops/s) - 187 (205608 Gflops/s) - 187 (205608 Gflops/s) - 186 (204509 Gflops/s) - 186 (204509 Gflops/s) | Temperatures: 71°C - 71°C - 70°C - 70°C - 70°C - 71°C - 70°C - 72°C | Throttling: None - None - None - None - None - None - None - None
185 (203409 Gflops/s) - 187 (205608 Gflops/s) - 187 (205608 Gflops/s) - 187 (205608 Gflops/s) - 188 (206708 Gflops/s) - 187 (205608 Gflops/s) - 187 (205608 Gflops/s) - 186 (204509 Gflops/s) | Temperatures: 71°C - 71°C - 70°C - 70°C - 70°C - 71°C - 70°C - 72°C | Throttling: None - None - None - None - None - None - None - None
185 (203409 Gflops/s) - 187 (205608 Gflops/s) - 187 (205608 Gflops/s) - 187 (205608 Gflops/s) - 188 (206708 Gflops/s) - 187 (205608 Gflops/s) - 187 (205608 Gflops/s) - 186 (204509 Gflops/s) | Temperatures: 71°C - 71°C - 70°C - 70°C - 70°C - 71°C - 70°C - 72°C | Throttling: None - None - None - None - None - None - None - None
185 (203409 Gflops/s) - 188 (206708 Gflops/s) - 187 (205608 Gflops/s) - 187 (205608 Gflops/s) - 187 (205608 Gflops/s) - 188 (206708 Gflops/s) - 186 (204509 Gflops/s) - 187 (205608 Gflops/s) | Temperatures: 71°C - 70°C - 70°C - 70°C - 70°C - 71°C - 70°C - 72°C | Throttling: None - None - None - None - None - None - None - None
185 (203409 Gflops/s) - 187 (205608 Gflops/s) - 187 (205608 Gflops/s) - 188 (206708 Gflops/s) - 188 (206708 Gflops/s) - 187 (205608 Gflops/s) - 187 (205608 Gflops/s) - 186 (204509 Gflops/s) | Temperatures: 71°C - 70°C - 70°C - 70°C - 70°C - 71°C - 70°C - 72°C | Throttling: None - None - None - None - None - None - None - None
186 (204509 Gflops/s) - 187 (205608 Gflops/s) - 187 (205608 Gflops/s) - 187 (205608 Gflops/s) - 187 (205608 Gflops/s) - 187 (205608 Gflops/s) - 187 (205608 Gflops/s) - 186 (204509 Gflops/s) | Temperatures: 71°C - 70°C - 70°C - 70°C - 70°C - 71°C - 70°C - 72°C | Throttling: None - None - None - None - None - None - None - None
185 (203409 Gflops/s) - 188 (206708 Gflops/s) - 187 (205608 Gflops/s) - 187 (205608 Gflops/s) - 188 (206708 Gflops/s) - 188 (206708 Gflops/s) - 186 (204509 Gflops/s) - 186 (204509 Gflops/s) | Temperatures: 71°C - 70°C - 70°C - 70°C - 70°C - 71°C - 70°C - 72°C | Throttling: None - None - None - None - None - None - None - None
185 (203409 Gflops/s) - 187 (205608 Gflops/s) - 187 (205608 Gflops/s) - 187 (205608 Gflops/s) - 188 (206708 Gflops/s) - 187 (205608 Gflops/s) - 187 (205608 Gflops/s) - 186 (204509 Gflops/s) | Temperatures: 71°C - 70°C - 70°C - 70°C - 70°C - 71°C - 70°C - 72°C | Throttling: None - None - None - None - None - None - None - None
185 (203409 Gflops/s) - 187 (205608 Gflops/s) - 187 (205608 Gflops/s) - 188 (206708 Gflops/s) - 187 (205608 Gflops/s) - 187 (205608 Gflops/s) - 187 (205608 Gflops/s) - 186 (204509 Gflops/s) | Temperatures: 71°C - 70°C - 70°C - 70°C - 70°C - 71°C - 70°C - 72°C | Throttling: None - None - None - None - None - None - None - None
185 (203409 Gflops/s) - 187 (205608 Gflops/s) - 187 (205608 Gflops/s) - 187 (205608 Gflops/s) - 188 (206708 Gflops/s) - 188 (206708 Gflops/s) - 187 (205608 Gflops/s) - 187 (205608 Gflops/s) | Temperatures: 70°C - 70°C - 70°C - 70°C - 70°C - 71°C - 70°C - 72°C | Throttling: None - None - None - None - None - None - None - None
185 (203409 Gflops/s) - 188 (206708 Gflops/s) - 187 (205608 Gflops/s) - 187 (205608 Gflops/s) - 187 (205608 Gflops/s) - 187 (205608 Gflops/s) - 186 (204509 Gflops/s) - 186 (204509 Gflops/s) | Temperatures: 70°C - 70°C - 70°C - 70°C - 70°C - 71°C - 70°C - 72°C | Throttling: None - None - None - None - None - None - None - None
185 (203409 Gflops/s) - 187 (205608 Gflops/s) - 187 (205608 Gflops/s) - 187 (205608 Gflops/s) - 188 (206708 Gflops/s) - 187 (205608 Gflops/s) - 187 (205608 Gflops/s) - 186 (204509 Gflops/s) | Temperatures: 70°C - 70°C - 70°C - 70°C - 70°C - 71°C - 70°C - 72°C | Throttling: None - None - None - None - None - None - None - None
185 (203409 Gflops/s) - 187 (205608 Gflops/s) - 187 (205608 Gflops/s) - 188 (206708 Gflops/s) - 188 (206708 Gflops/s) - 188 (206708 Gflops/s) - 187 (205608 Gflops/s) - 186 (204509 Gflops/s) | Temperatures: 70°C - 70°C - 70°C - 70°C - 70°C - 71°C - 70°C - 72°C | Throttling: None - None - None - None - None - None - None - None
186 (204509 Gflops/s) - 187 (205608 Gflops/s) - 187 (205608 Gflops/s) - 187 (205608 Gflops/s) - 187 (205608 Gflops/s) - 187 (205608 Gflops/s) - 187 (205608 Gflops/s) - 186 (204509 Gflops/s) | Temperatures: 71°C - 70°C - 70°C - 70°C - 70°C - 71°C - 70°C - 72°C | Throttling: None - None - None - None - None - None - None - None
185 (203409 Gflops/s) - 188 (206708 Gflops/s) - 187 (205608 Gflops/s) - 187 (205608 Gflops/s) - 188 (206708 Gflops/s) - 187 (205608 Gflops/s) - 186 (204509 Gflops/s) - 187 (205608 Gflops/s) | Temperatures: 70°C - 70°C - 70°C - 70°C - 70°C - 71°C - 70°C - 72°C | Throttling: None - None - None - None - None - None - None - None
185 (203409 Gflops/s) - 187 (205608 Gflops/s) - 187 (205608 Gflops/s) - 187 (205608 Gflops/s) - 187 (205608 Gflops/s) - 188 (206708 Gflops/s) - 187 (205608 Gflops/s) - 186 (204509 Gflops/s) | Temperatures: 70°C - 70°C - 70°C - 70°C - 70°C - 71°C - 70°C - 72°C | Throttling: None - None - None - None - None - None - None - None
185 (203409 Gflops/s) - 187 (205608 Gflops/s) - 187 (205608 Gflops/s) - 187 (205608 Gflops/s) - 188 (206708 Gflops/s) - 187 (205608 Gflops/s) - 187 (205608 Gflops/s) - 186 (204509 Gflops/s) | Temperatures: 70°C - 70°C - 70°C - 70°C - 70°C - 71°C - 70°C - 72°C | Throttling: None - None - None - None - None - None - None - None
185 (203409 Gflops/s) - 187 (205608 Gflops/s) - 187 (205608 Gflops/s) - 188 (206708 Gflops/s) - 187 (205608 Gflops/s) - 187 (205608 Gflops/s) - 186 (204509 Gflops/s) - 186 (204509 Gflops/s) | Temperatures: 70°C - 70°C - 70°C - 70°C - 70°C - 71°C - 70°C - 72°C | Throttling: None - None - None - None - None - None - None - None
185 (203409 Gflops/s) - 188 (206708 Gflops/s) - 187 (205608 Gflops/s) - 187 (205608 Gflops/s) - 188 (206708 Gflops/s) - 188 (206708 Gflops/s) - 187 (205608 Gflops/s) - 186 (204509 Gflops/s) | Temperatures: 70°C - 70°C - 70°C - 70°C - 70°C - 71°C - 70°C - 72°C | Throttling: None - None - None - None - None - None - None - None
185 (203409 Gflops/s) - 187 (205608 Gflops/s) - 187 (205608 Gflops/s) - 187 (205608 Gflops/s) - 188 (206708 Gflops/s) - 187 (205608 Gflops/s) - 187 (205608 Gflops/s) - 186 (204509 Gflops/s) | Temperatures: 70°C - 70°C - 70°C - 70°C - 70°C - 71°C - 70°C - 72°C | Throttling: None - None - None - None - None - None - None - None
185 (203409 Gflops/s) - 187 (205608 Gflops/s) - 188 (206708 Gflops/s) - 188 (206708 Gflops/s) - 187 (205608 Gflops/s) - 188 (206708 Gflops/s) - 187 (205608 Gflops/s) - 187 (205608 Gflops/s) | Temperatures: 70°C - 70°C - 70°C - 70°C - 70°C - 71°C - 70°C - 72°C | Throttling: None - None - None - None - None - None - None - None
186 (204509 Gflops/s) - 188 (206708 Gflops/s) - 187 (205608 Gflops/s) - 187 (205608 Gflops/s) - 188 (206708 Gflops/s) - 187 (205608 Gflops/s) - 186 (204509 Gflops/s) - 186 (204509 Gflops/s) | Temperatures: 70°C - 70°C - 70°C - 70°C - 70°C - 71°C - 70°C - 72°C | Throttling: None - None - None - None - None - None - None - None
185 (203409 Gflops/s) - 187 (205608 Gflops/s) - 187 (205608 Gflops/s) - 187 (205608 Gflops/s) - 188 (206708 Gflops/s) - 187 (205608 Gflops/s) - 187 (205608 Gflops/s) - 186 (204509 Gflops/s) | Temperatures: 70°C - 70°C - 70°C - 70°C - 70°C - 71°C - 70°C - 72°C | Throttling: None - None - None - None - None - None - None - None
185 (203409 Gflops/s) - 187 (205608 Gflops/s) - 187 (205608 Gflops/s) - 188 (206708 Gflops/s) - 188 (206708 Gflops/s) - 188 (206708 Gflops/s) - 187 (205608 Gflops/s) - 187 (205608 Gflops/s) | Temperatures: 70°C - 70°C - 70°C - 70°C - 70°C - 71°C - 70°C - 71°C | Throttling: None - None - None - None - None - None - None - None
185 (203409 Gflops/s) - 188 (206708 Gflops/s) - 187 (205608 Gflops/s) - 187 (205608 Gflops/s) - 187 (205608 Gflops/s) - 187 (205608 Gflops/s) - 187 (205608 Gflops/s) - 186 (204509 Gflops/s) | Temperatures: 70°C - 70°C - 69°C - 70°C - 70°C - 70°C - 70°C - 71°C | Throttling: None - None - None - None - None - None - None - None
185 (203409 Gflops/s) - 187 (205608 Gflops/s) - 187 (205608 Gflops/s) - 187 (205608 Gflops/s) - 188 (206708 Gflops/s) - 188 (206708 Gflops/s) - 187 (205608 Gflops/s) - 186 (204509 Gflops/s) | Temperatures: 70°C - 70°C - 70°C - 70°C - 70°C - 71°C - 70°C - 71°C | Throttling: None - None - None - None - None - None - None - None
185 (203409 Gflops/s) - 188 (206708 Gflops/s) - 187 (205608 Gflops/s) - 188 (206708 Gflops/s) - 188 (206708 Gflops/s) - 187 (205608 Gflops/s) - 186 (204509 Gflops/s) - 186 (204509 Gflops/s) | Temperatures: 70°C - 70°C - 69°C - 70°C - 70°C - 70°C - 70°C - 71°C | Throttling: None - None - None - None - None - None - None - None
186 (204509 Gflops/s) - 187 (205608 Gflops/s) - 187 (205608 Gflops/s) - 187 (205608 Gflops/s) - 187 (205608 Gflops/s) - 188 (206708 Gflops/s) - 187 (205608 Gflops/s) - 187 (205608 Gflops/s) | Temperatures: 70°C - 70°C - 69°C - 70°C - 70°C - 70°C - 70°C - 71°C | Throttling: None - None - None - None - None - None - None - None
185 (203409 Gflops/s) - 187 (205608 Gflops/s) - 188 (206708 Gflops/s) - 187 (205608 Gflops/s) - 188 (206708 Gflops/s) - 187 (205608 Gflops/s) - 187 (205608 Gflops/s) - 186 (204509 Gflops/s) | Temperatures: 70°C - 70°C - 69°C - 70°C - 70°C - 70°C - 70°C - 71°C | Throttling: None - None - None - None - None - None - None - None
185 (203409 Gflops/s) - 188 (206708 Gflops/s) - 187 (205608 Gflops/s) - 188 (206708 Gflops/s) - 188 (206708 Gflops/s) - 187 (205608 Gflops/s) - 187 (205608 Gflops/s) - 186 (204509 Gflops/s) | Temperatures: 70°C - 70°C - 69°C - 70°C - 70°C - 70°C - 70°C - 71°C | Throttling: None - None - None - None - None - None - None - None
185 (203409 Gflops/s) - 187 (205608 Gflops/s) - 187 (205608 Gflops/s) - 187 (205608 Gflops/s) - 187 (205608 Gflops/s) - 188 (206708 Gflops/s) - 187 (205608 Gflops/s) - 187 (205608 Gflops/s) | Temperatures: 70°C - 70°C - 69°C - 70°C - 70°C - 70°C - 70°C - 71°C | Throttling: None - None - None - None - None - None - None - None
186 (204509 Gflops/s) - 187 (205608 Gflops/s) - 187 (205608 Gflops/s) - 187 (205608 Gflops/s) - 188 (206708 Gflops/s) - 187 (205608 Gflops/s) - 187 (205608 Gflops/s) - 186 (204509 Gflops/s) | Temperatures: 70°C - 70°C - 69°C - 70°C - 69°C - 70°C - 70°C - 71°C | Throttling: None - None - None - None - None - None - None - None
185 (203409 Gflops/s) - 188 (206708 Gflops/s) - 187 (205608 Gflops/s) - 188 (206708 Gflops/s) - 188 (206708 Gflops/s) - 188 (206708 Gflops/s) - 187 (205608 Gflops/s) - 186 (204509 Gflops/s) | Temperatures: 70°C - 70°C - 69°C - 70°C - 70°C - 70°C - 70°C - 71°C | Throttling: None - None - None - None - None - None - None - None
185 (203409 Gflops/s) - 187 (205608 Gflops/s) - 188 (206708 Gflops/s) - 187 (205608 Gflops/s) - 188 (206708 Gflops/s) - 187 (205608 Gflops/s) - 187 (205608 Gflops/s) - 186 (204509 Gflops/s) | Temperatures: 70°C - 70°C - 69°C - 70°C - 69°C - 70°C - 70°C - 71°C | Throttling: None - None - None - None - None - None - None - None
185 (203409 Gflops/s) - 188 (206708 Gflops/s) - 187 (205608 Gflops/s) - 188 (206708 Gflops/s) - 187 (205608 Gflops/s) - 188 (206708 Gflops/s) - 186 (204509 Gflops/s) - 187 (205608 Gflops/s) | Temperatures: 70°C - 70°C - 69°C - 70°C - 70°C - 70°C - 70°C - 71°C | Throttling: None - None - None - None - None - None - None - None
185 (203409 Gflops/s) - 187 (205608 Gflops/s) - 187 (205608 Gflops/s) - 187 (205608 Gflops/s) - 188 (206708 Gflops/s) - 187 (205608 Gflops/s) - 187 (205608 Gflops/s) - 186 (204509 Gflops/s) | Temperatures: 70°C - 70°C - 69°C - 70°C - 69°C - 70°C - 70°C - 71°C | Throttling: None - None - None - None - None - None - None - None
186 (204509 Gflops/s) - 188 (206708 Gflops/s) - 187 (205608 Gflops/s) - 187 (205608 Gflops/s) - 188 (206708 Gflops/s) - 188 (206708 Gflops/s) - 187 (205608 Gflops/s) - 186 (204509 Gflops/s) | Temperatures: 70°C - 70°C - 69°C - 70°C - 69°C - 70°C - 70°C - 71°C | Throttling: None - None - None - None - None - None - None - None
185 (203409 Gflops/s) - 187 (205608 Gflops/s) - 187 (205608 Gflops/s) - 188 (206708 Gflops/s) - 188 (206708 Gflops/s) - 187 (205608 Gflops/s) - 187 (205608 Gflops/s) - 187 (205608 Gflops/s) | Temperatures: 70°C - 70°C - 69°C - 70°C - 69°C - 70°C - 70°C - 71°C | Throttling: None - None - None - None - None - None - None - None
185 (203409 Gflops/s) - 187 (205608 Gflops/s) - 187 (205608 Gflops/s) - 187 (205608 Gflops/s) - 187 (205608 Gflops/s) - 188 (206708 Gflops/s) - 187 (205608 Gflops/s) - 186 (204509 Gflops/s) | Temperatures: 70°C - 70°C - 69°C - 70°C - 69°C - 70°C - 70°C - 71°C | Throttling: None - None - None - None - None - None - None - None
185 (203409 Gflops/s) - 188 (206708 Gflops/s) - 188 (206708 Gflops/s) - 187 (205608 Gflops/s) - 188 (206708 Gflops/s) - 187 (205608 Gflops/s) - 187 (205608 Gflops/s) - 186 (204509 Gflops/s) | Temperatures: 70°C - 70°C - 69°C - 70°C - 69°C - 70°C - 70°C - 71°C | Throttling: None - None - None - None - None - None - None - None
185 (203409 Gflops/s) - 187 (205608 Gflops/s) - 187 (205608 Gflops/s) - 188 (206708 Gflops/s) - 188 (206708 Gflops/s) - 188 (206708 Gflops/s) - 187 (205608 Gflops/s) - 187 (205608 Gflops/s) | Temperatures: 70°C - 70°C - 69°C - 70°C - 69°C - 70°C - 70°C - 71°C | Throttling: None - None - None - None - None - None - None - None
186 (204509 Gflops/s) - 187 (205608 Gflops/s) - 187 (205608 Gflops/s) - 187 (205608 Gflops/s) - 188 (206708 Gflops/s) - 187 (205608 Gflops/s) - 187 (205608 Gflops/s) - 186 (204509 Gflops/s) | Temperatures: 70°C - 70°C - 69°C - 70°C - 69°C - 70°C - 70°C - 71°C | Throttling: None - None - None - None - None - None - None - None
185 (203409 Gflops/s) - 188 (206708 Gflops/s) - 187 (205608 Gflops/s) - 188 (206708 Gflops/s) - 187 (205608 Gflops/s) - 188 (206708 Gflops/s) - 187 (205608 Gflops/s) - 186 (204509 Gflops/s) | Temperatures: 70°C - 70°C - 69°C - 70°C - 69°C - 70°C - 70°C - 71°C | Throttling: None - None - None - None - None - None - None - None
185 (203409 Gflops/s) - 187 (205608 Gflops/s) - 187 (205608 Gflops/s) - 187 (205608 Gflops/s) - 188 (206708 Gflops/s) - 187 (205608 Gflops/s) - 187 (205608 Gflops/s) - 187 (205608 Gflops/s) | Temperatures: 70°C - 70°C - 69°C - 70°C - 69°C - 70°C - 70°C - 71°C | Throttling: None - None - None - None - None - None - None - None
185 (203409 Gflops/s) - 188 (206708 Gflops/s) - 188 (206708 Gflops/s) - 188 (206708 Gflops/s) - 188 (206708 Gflops/s) - 188 (206708 Gflops/s) - 186 (204509 Gflops/s) - 186 (204509 Gflops/s) | Temperatures: 70°C - 70°C - 69°C - 70°C - 69°C - 70°C - 70°C - 71°C | Throttling: None - None - None - None - None - None - None - None
186 (204509 Gflops/s) - 187 (205608 Gflops/s) - 187 (205608 Gflops/s) - 187 (205608 Gflops/s) - 188 (206708 Gflops/s) - 187 (205608 Gflops/s) - 187 (205608 Gflops/s) - 186 (204509 Gflops/s) | Temperatures: 70°C - 70°C - 69°C - 70°C - 69°C - 70°C - 70°C - 71°C | Throttling: None - None - None - None - None - None - None - None
185 (203409 Gflops/s) - 188 (206708 Gflops/s) - 187 (205608 Gflops/s) - 187 (205608 Gflops/s) - 188 (206708 Gflops/s) - 188 (206708 Gflops/s) - 187 (205608 Gflops/s) - 187 (205608 Gflops/s) | Temperatures: 70°C - 70°C - 69°C - 70°C - 69°C - 70°C - 70°C - 71°C | Throttling: None - None - None - None - None - None - None - None
185 (203409 Gflops/s) - 187 (205608 Gflops/s) - 187 (205608 Gflops/s) - 188 (206708 Gflops/s) - 187 (205608 Gflops/s) - 187 (205608 Gflops/s) - 187 (205608 Gflops/s) - 186 (204509 Gflops/s) | Temperatures: 70°C - 70°C - 69°C - 70°C - 69°C - 70°C - 70°C - 71°C | Throttling: None - None - None - None - None - None - None - None
185 (203409 Gflops/s) - 188 (206708 Gflops/s) - 188 (206708 Gflops/s) - 187 (205608 Gflops/s) - 188 (206708 Gflops/s) - 188 (206708 Gflops/s) - 187 (205608 Gflops/s) - 186 (204509 Gflops/s) | Temperatures: 70°C - 70°C - 69°C - 70°C - 69°C - 70°C - 70°C - 71°C | Throttling: None - None - None - None - None - None - None - None
186 (204509 Gflops/s) - 187 (205608 Gflops/s) - 187 (205608 Gflops/s) - 188 (206708 Gflops/s) - 188 (206708 Gflops/s) - 187 (205608 Gflops/s) - 187 (205608 Gflops/s) - 187 (205608 Gflops/s) | Temperatures: 70°C - 70°C - 69°C - 70°C - 69°C - 70°C - 70°C - 71°C | Throttling: None - None - None - None - None - None - None - None
185 (203409 Gflops/s) - 187 (205608 Gflops/s) - 187 (205608 Gflops/s) - 187 (205608 Gflops/s) - 188 (206708 Gflops/s) - 188 (206708 Gflops/s) - 187 (205608 Gflops/s) - 186 (204509 Gflops/s) | Temperatures: 70°C - 70°C - 69°C - 70°C - 69°C - 70°C - 70°C - 71°C | Throttling: None - None - None - None - None - None - None - None
185 (203409 Gflops/s) - 188 (206708 Gflops/s) - 187 (205608 Gflops/s) - 188 (206708 Gflops/s) - 188 (206708 Gflops/s) - 187 (205608 Gflops/s) - 187 (205608 Gflops/s) - 186 (204509 Gflops/s) | Temperatures: 70°C - 70°C - 69°C - 70°C - 69°C - 70°C - 70°C - 71°C | Throttling: None - None - None - None - None - None - None - None
185 (203409 Gflops/s) - 187 (205608 Gflops/s) - 187 (205608 Gflops/s) - 187 (205608 Gflops/s) - 188 (206708 Gflops/s) - 188 (206708 Gflops/s) - 187 (205608 Gflops/s) - 187 (205608 Gflops/s) | Temperatures: 70°C - 70°C - 69°C - 70°C - 69°C - 70°C - 70°C - 71°C | Throttling: None - None - None - None - None - None - None - None
185 (203409 Gflops/s) - 188 (206708 Gflops/s) - 188 (206708 Gflops/s) - 187 (205608 Gflops/s) - 187 (205608 Gflops/s) - 188 (206708 Gflops/s) - 187 (205608 Gflops/s) - 186 (204509 Gflops/s) | Temperatures: 70°C - 70°C - 69°C - 70°C - 69°C - 70°C - 70°C - 71°C | Throttling: None - None - None - None - None - None - None - None
186 (204509 Gflops/s) - 187 (205608 Gflops/s) - 187 (205608 Gflops/s) - 188 (206708 Gflops/s) - 188 (206708 Gflops/s) - 187 (205608 Gflops/s) - 187 (205608 Gflops/s) - 186 (204509 Gflops/s) | Temperatures: 70°C - 70°C - 69°C - 70°C - 69°C - 70°C - 70°C - 71°C | Throttling: None - None - None - None - None - None - None - None
185 (203409 Gflops/s) - 188 (206708 Gflops/s) - 187 (205608 Gflops/s) - 187 (205608 Gflops/s) - 188 (206708 Gflops/s) - 188 (206708 Gflops/s) - 187 (205608 Gflops/s) - 187 (205608 Gflops/s) | Temperatures: 70°C - 70°C - 69°C - 70°C - 69°C - 70°C - 70°C - 71°C | Throttling: None - None - None - None - None - None - None - None
185 (203409 Gflops/s) - 187 (205608 Gflops/s) - 187 (205608 Gflops/s) - 188 (206708 Gflops/s) - 188 (206708 Gflops/s) - 187 (205608 Gflops/s) - 187 (205608 Gflops/s) - 186 (204509 Gflops/s) | Temperatures: 70°C - 70°C - 69°C - 70°C - 69°C - 70°C - 70°C - 71°C | Throttling: None - None - None - None - None - None - None - None
185 (203409 Gflops/s) - 187 (205608 Gflops/s) - 187 (205608 Gflops/s) - 187 (205608 Gflops/s) - 187 (205608 Gflops/s) - 187 (205608 Gflops/s) - 187 (205608 Gflops/s) - 186 (204509 Gflops/s) | Temperatures: 70°C - 70°C - 69°C - 70°C - 69°C - 70°C - 70°C - 71°C | Throttling: None - None - None - None - None - None - None - None
186 (204509 Gflops/s) - 188 (206708 Gflops/s) - 188 (206708 Gflops/s) - 188 (206708 Gflops/s) - 188 (206708 Gflops/s) - 188 (206708 Gflops/s) - 186 (204509 Gflops/s) - 187 (205608 Gflops/s) | Temperatures: 70°C - 70°C - 69°C - 70°C - 69°C - 70°C - 70°C - 71°C | Throttling: None - None - None - None - None - None - None - None
185 (203409 Gflops/s) - 187 (205608 Gflops/s) - 187 (205608 Gflops/s) - 187 (205608 Gflops/s) - 188 (206708 Gflops/s) - 187 (205608 Gflops/s) - 187 (205608 Gflops/s) - 186 (204509 Gflops/s) | Temperatures: 70°C - 70°C - 69°C - 70°C - 69°C - 70°C - 70°C - 71°C | Throttling: None - None - None - None - None - None - None - None
185 (203409 Gflops/s) - 188 (206708 Gflops/s) - 187 (205608 Gflops/s) - 187 (205608 Gflops/s) - 188 (206708 Gflops/s) - 188 (206708 Gflops/s) - 187 (205608 Gflops/s) - 187 (205608 Gflops/s) | Temperatures: 70°C - 70°C - 69°C - 69°C - 69°C - 70°C - 70°C - 71°C | Throttling: None - None - None - None - None - None - None - None
185 (203409 Gflops/s) - 187 (205608 Gflops/s) - 187 (205608 Gflops/s) - 188 (206708 Gflops/s) - 188 (206708 Gflops/s) - 188 (206708 Gflops/s) - 187 (205608 Gflops/s) - 186 (204509 Gflops/s) | Temperatures: 70°C - 70°C - 69°C - 70°C - 69°C - 70°C - 70°C - 71°C | Throttling: None - None - None - None - None - None - None - None
185 (203409 Gflops/s) - 188 (206708 Gflops/s) - 188 (206708 Gflops/s) - 187 (205608 Gflops/s) - 187 (205608 Gflops/s) - 187 (205608 Gflops/s) - 187 (205608 Gflops/s) - 186 (204509 Gflops/s) | Temperatures: 70°C - 70°C - 69°C - 70°C - 69°C - 70°C - 70°C - 71°C | Throttling: None - None - None - None - None - None - None - None
186 (204509 Gflops/s) - 187 (205608 Gflops/s) - 187 (205608 Gflops/s) - 188 (206708 Gflops/s) - 188 (206708 Gflops/s) - 188 (206708 Gflops/s) - 187 (205608 Gflops/s) - 187 (205608 Gflops/s) | Temperatures: 70°C - 70°C - 69°C - 70°C - 69°C - 70°C - 70°C - 71°C | Throttling: None - None - None - None - None - None - None - None
185 (203409 Gflops/s) - 188 (206708 Gflops/s) - 187 (205608 Gflops/s) - 187 (205608 Gflops/s) - 188 (206708 Gflops/s) - 187 (205608 Gflops/s) - 187 (205608 Gflops/s) - 186 (204509 Gflops/s) | Temperatures: 70°C - 70°C - 69°C - 70°C - 69°C - 70°C - 70°C - 71°C | Throttling: None - None - None - None - None - None - None - None
185 (203409 Gflops/s) - 187 (205608 Gflops/s) - 187 (205608 Gflops/s) - 188 (206708 Gflops/s) - 188 (206708 Gflops/s) - 188 (206708 Gflops/s) - 187 (205608 Gflops/s) - 186 (204509 Gflops/s) | Temperatures: 70°C - 70°C - 69°C - 70°C - 69°C - 70°C - 70°C - 71°C | Throttling: None - None - None - None - None - None - None - None
185 (203409 Gflops/s) - 188 (206708 Gflops/s) - 188 (206708 Gflops/s) - 187 (205608 Gflops/s) - 188 (206708 Gflops/s) - 187 (205608 Gflops/s) - 187 (205608 Gflops/s) - 187 (205608 Gflops/s) | Temperatures: 70°C - 70°C - 69°C - 70°C - 69°C - 70°C - 70°C - 71°C | Throttling: None - None - None - None - None - None - None - None
186 (204509 Gflops/s) - 187 (205608 Gflops/s) - 187 (205608 Gflops/s) - 188 (206708 Gflops/s) - 188 (206708 Gflops/s) - 188 (206708 Gflops/s) - 187 (205608 Gflops/s) - 186 (204509 Gflops/s) | Temperatures: 70°C - 70°C - 69°C - 70°C - 69°C - 70°C - 70°C - 71°C | Throttling: None - None - None - None - None - None - None - None
185 (203409 Gflops/s) - 188 (206708 Gflops/s) - 187 (205608 Gflops/s) - 187 (205608 Gflops/s) - 187 (205608 Gflops/s) - 187 (205608 Gflops/s) - 187 (205608 Gflops/s) - 186 (204509 Gflops/s) | Temperatures: 70°C - 70°C - 69°C - 70°C - 69°C - 70°C - 70°C - 71°C | Throttling: None - None - None - None - None - None - None - None
185 (203409 Gflops/s) - 187 (205608 Gflops/s) - 187 (205608 Gflops/s) - 188 (206708 Gflops/s) - 188 (206708 Gflops/s) - 188 (206708 Gflops/s) - 187 (205608 Gflops/s) - 187 (205608 Gflops/s) | Temperatures: 70°C - 70°C - 69°C - 70°C - 69°C - 70°C - 70°C - 71°C | Throttling: None - None - None - None - None - None - None - None
185 (203409 Gflops/s) - 187 (205608 Gflops/s) - 188 (206708 Gflops/s) - 187 (205608 Gflops/s) - 188 (206708 Gflops/s) - 187 (205608 Gflops/s) - 187 (205608 Gflops/s) - 186 (204509 Gflops/s) | Temperatures: 70°C - 70°C - 69°C - 70°C - 69°C - 70°C - 70°C - 71°C | Throttling: None - None - None - None - None - None - None - None
186 (204509 Gflops/s) - 188 (206708 Gflops/s) - 187 (205608 Gflops/s) - 188 (206708 Gflops/s) - 188 (206708 Gflops/s) - 188 (206708 Gflops/s) - 187 (205608 Gflops/s) - 187 (205608 Gflops/s) | Temperatures: 70°C - 70°C - 69°C - 70°C - 69°C - 70°C - 70°C - 71°C | Throttling: None - None - None - None - None - None - None - None
185 (203409 Gflops/s) - 187 (205608 Gflops/s) - 187 (205608 Gflops/s) - 187 (205608 Gflops/s) - 188 (206708 Gflops/s) - 187 (205608 Gflops/s) - 187 (205608 Gflops/s) - 186 (204509 Gflops/s) | Temperatures: 70°C - 70°C - 69°C - 70°C - 69°C - 70°C - 70°C - 71°C | Throttling: None - None - None - None - None - None - None - None
185 (203409 Gflops/s) - 188 (206708 Gflops/s) - 187 (205608 Gflops/s) - 187 (205608 Gflops/s) - 188 (206708 Gflops/s) - 188 (206708 Gflops/s) - 187 (205608 Gflops/s) - 186 (204509 Gflops/s) | Temperatures: 70°C - 70°C - 69°C - 70°C - 69°C - 70°C - 70°C - 71°C | Throttling: None - None - None - None - None - None - None - None
185 (203409 Gflops/s) - 187 (205608 Gflops/s) - 188 (206708 Gflops/s) - 188 (206708 Gflops/s) - 187 (205608 Gflops/s) - 187 (205608 Gflops/s) - 187 (205608 Gflops/s) - 187 (205608 Gflops/s) | Temperatures: 70°C - 70°C - 69°C - 70°C - 69°C - 70°C - 70°C - 71°C | Throttling: None - None - None - None - None - None - None - None
186 (204509 Gflops/s) - 188 (206708 Gflops/s) - 187 (205608 Gflops/s) - 187 (205608 Gflops/s) - 188 (206708 Gflops/s) - 188 (206708 Gflops/s) - 187 (205608 Gflops/s) - 186 (204509 Gflops/s) | Temperatures: 70°C - 70°C - 69°C - 70°C - 69°C - 70°C - 70°C - 71°C | Throttling: None - None - None - None - None - None - None - None
185 (203409 Gflops/s) - 187 (205608 Gflops/s) - 187 (205608 Gflops/s) - 188 (206708 Gflops/s) - 188 (206708 Gflops/s) - 187 (205608 Gflops/s) - 186 (204509 Gflops/s) - 186 (204509 Gflops/s) | Temperatures: 70°C - 70°C - 69°C - 70°C - 69°C - 70°C - 70°C - 71°C | Throttling: None - None - None - None - None - None - None - None
185 (203409 Gflops/s) - 188 (206708 Gflops/s) - 187 (205608 Gflops/s) - 187 (205608 Gflops/s) - 188 (206708 Gflops/s) - 188 (206708 Gflops/s) - 187 (205608 Gflops/s) - 187 (205608 Gflops/s) | Temperatures: 70°C - 70°C - 69°C - 70°C - 69°C - 70°C - 70°C - 71°C | Throttling: None - None - None - None - None - None - None - None
185 (203409 Gflops/s) - 187 (205608 Gflops/s) - 188 (206708 Gflops/s) - 188 (206708 Gflops/s) - 188 (206708 Gflops/s) - 187 (205608 Gflops/s) - 187 (205608 Gflops/s) - 186 (204509 Gflops/s) | Temperatures: 70°C - 70°C - 69°C - 70°C - 69°C - 70°C - 70°C - 71°C | Throttling: None - None - None - None - None - None - None - None
185 (203409 Gflops/s) - 187 (205608 Gflops/s) - 187 (205608 Gflops/s) - 187 (205608 Gflops/s) - 187 (205608 Gflops/s) - 188 (206708 Gflops/s) - 187 (205608 Gflops/s) - 186 (204509 Gflops/s) | Temperatures: 70°C - 70°C - 69°C - 70°C - 69°C - 70°C - 70°C - 71°C | Throttling: None - None - None - None - None - None - None - None
186 (204509 Gflops/s) - 188 (206708 Gflops/s) - 187 (205608 Gflops/s) - 187 (205608 Gflops/s) - 188 (206708 Gflops/s) - 187 (205608 Gflops/s) - 187 (205608 Gflops/s) - 187 (205608 Gflops/s) | Temperatures: 70°C - 70°C - 69°C - 70°C - 69°C - 70°C - 70°C - 71°C | Throttling: None - None - None - None - None - None - None - None
185 (203409 Gflops/s) - 187 (205608 Gflops/s) - 187 (205608 Gflops/s) - 188 (206708 Gflops/s) - 188 (206708 Gflops/s) - 188 (206708 Gflops/s) - 187 (205608 Gflops/s) - 186 (204509 Gflops/s) | Temperatures: 70°C - 70°C - 69°C - 70°C - 69°C - 70°C - 70°C - 71°C | Throttling: None - None - None - None - None - None - None - None
185 (203409 Gflops/s) - 188 (206708 Gflops/s) - 187 (205608 Gflops/s) - 187 (205608 Gflops/s) - 188 (206708 Gflops/s) - 187 (205608 Gflops/s) - 187 (205608 Gflops/s) - 186 (204509 Gflops/s) | Temperatures: 70°C - 70°C - 69°C - 70°C - 69°C - 70°C - 70°C - 71°C | Throttling: None - None - None - None - None - None - None - None
185 (203409 Gflops/s) - 187 (205608 Gflops/s) - 188 (206708 Gflops/s) - 188 (206708 Gflops/s) - 188 (206708 Gflops/s) - 188 (206708 Gflops/s) - 187 (205608 Gflops/s) - 187 (205608 Gflops/s) | Temperatures: 70°C - 70°C - 69°C - 70°C - 69°C - 70°C - 70°C - 71°C | Throttling: None - None - None - None - None - None - None - None
186 (204509 Gflops/s) - 188 (206708 Gflops/s) - 187 (205608 Gflops/s) - 187 (205608 Gflops/s) - 188 (206708 Gflops/s) - 187 (205608 Gflops/s) - 187 (205608 Gflops/s) - 186 (204509 Gflops/s) | Temperatures: 70°C - 70°C - 69°C - 70°C - 69°C - 70°C - 70°C - 71°C | Throttling: None - None - None - None - None - None - None - None
185 (203409 Gflops/s) - 187 (205608 Gflops/s) - 187 (205608 Gflops/s) - 188 (206708 Gflops/s) - 187 (205608 Gflops/s) - 188 (206708 Gflops/s) - 187 (205608 Gflops/s) - 187 (205608 Gflops/s) | Temperatures: 70°C - 70°C - 69°C - 70°C - 69°C - 70°C - 70°C - 71°C | Throttling: None - None - None - None - None - None - None - None
185 (203409 Gflops/s) - 188 (206708 Gflops/s) - 187 (205608 Gflops/s) - 187 (205608 Gflops/s) - 188 (206708 Gflops/s) - 187 (205608 Gflops/s) - 187 (205608 Gflops/s) - 186 (204509 Gflops/s) | Temperatures: 70°C - 70°C - 69°C - 70°C - 69°C - 70°C - 70°C - 71°C | Throttling: None - None - None - None - None - None - None - None
186 (204509 Gflops/s) - 187 (205608 Gflops/s) - 188 (206708 Gflops/s) - 188 (206708 Gflops/s) - 188 (206708 Gflops/s) - 188 (206708 Gflops/s) - 187 (205608 Gflops/s) - 186 (204509 Gflops/s) | Temperatures: 70°C - 70°C - 69°C - 70°C - 69°C - 70°C - 70°C - 71°C | Throttling: None - None - None - None - None - None - None - None
185 (203409 Gflops/s) - 188 (206708 Gflops/s) - 187 (205608 Gflops/s) - 187 (205608 Gflops/s) - 188 (206708 Gflops/s) - 187 (205608 Gflops/s) - 187 (205608 Gflops/s) - 187 (205608 Gflops/s) | Temperatures: 70°C - 70°C - 69°C - 70°C - 69°C - 70°C - 70°C - 71°C | Throttling: None - None - None - None - None - None - None - None
185 (203409 Gflops/s) - 187 (205608 Gflops/s) - 187 (205608 Gflops/s) - 187 (205608 Gflops/s) - 188 (206708 Gflops/s) - 188 (206708 Gflops/s) - 187 (205608 Gflops/s) - 186 (204509 Gflops/s) | Temperatures: 70°C - 70°C - 69°C - 70°C - 69°C - 70°C - 70°C - 71°C | Throttling: None - None - None - None - None - None - None - None
185 (203409 Gflops/s) - 188 (206708 Gflops/s) - 187 (205608 Gflops/s) - 188 (206708 Gflops/s) - 188 (206708 Gflops/s) - 187 (205608 Gflops/s) - 187 (205608 Gflops/s) - 186 (204509 Gflops/s) | Temperatures: 70°C - 70°C - 69°C - 70°C - 69°C - 70°C - 70°C - 71°C | Throttling: None - None - None - None - None - None - None - None
186 (204509 Gflops/s) - 187 (205608 Gflops/s) - 188 (206708 Gflops/s) - 187 (205608 Gflops/s) - 187 (205608 Gflops/s) - 188 (206708 Gflops/s) - 187 (205608 Gflops/s) - 187 (205608 Gflops/s) | Temperatures: 70°C - 70°C - 69°C - 70°C - 69°C - 70°C - 70°C - 71°C | Throttling: None - None - None - None - None - None - None - None
185 (203409 Gflops/s) - 187 (205608 Gflops/s) - 187 (205608 Gflops/s) - 188 (206708 Gflops/s) - 188 (206708 Gflops/s) - 187 (205608 Gflops/s) - 187 (205608 Gflops/s) - 186 (204509 Gflops/s) | Temperatures: 70°C - 70°C - 69°C - 70°C - 69°C - 70°C - 70°C - 71°C | Throttling: None - None - None - None - None - None - None - None
185 (203409 Gflops/s) - 188 (206708 Gflops/s) - 187 (205608 Gflops/s) - 187 (205608 Gflops/s) - 188 (206708 Gflops/s) - 188 (206708 Gflops/s) - 187 (205608 Gflops/s) - 187 (205608 Gflops/s) | Temperatures: 70°C - 70°C - 69°C - 70°C - 69°C - 70°C - 70°C - 71°C | Throttling: None - None - None - None - None - None - None - None
185 (203409 Gflops/s) - 187 (205608 Gflops/s) - 187 (205608 Gflops/s) - 188 (206708 Gflops/s) - 188 (206708 Gflops/s) - 187 (205608 Gflops/s) - 187 (205608 Gflops/s) - 186 (204509 Gflops/s) | Temperatures: 70°C - 70°C - 69°C - 70°C - 69°C - 70°C - 70°C - 71°C | Throttling: None - None - None - None - None - None - None - None
186 (204509 Gflops/s) - 188 (206708 Gflops/s) - 188 (206708 Gflops/s) - 187 (205608 Gflops/s) - 188 (206708 Gflops/s) - 188 (206708 Gflops/s) - 187 (205608 Gflops/s) - 186 (204509 Gflops/s) | Temperatures: 70°C - 70°C - 69°C - 70°C - 69°C - 70°C - 70°C - 71°C | Throttling: None - None - None - None - None - None - None - None
185 (203409 Gflops/s) - 187 (205608 Gflops/s) - 187 (205608 Gflops/s) - 188 (206708 Gflops/s) - 187 (205608 Gflops/s) - 187 (205608 Gflops/s) - 187 (205608 Gflops/s) - 187 (205608 Gflops/s) | Temperatures: 70°C - 70°C - 69°C - 70°C - 69°C - 70°C - 70°C - 71°C | Throttling: None - None - None - None - None - None - None - None
185 (203409 Gflops/s) - 188 (206708 Gflops/s) - 187 (205608 Gflops/s) - 187 (205608 Gflops/s) - 188 (206708 Gflops/s) - 188 (206708 Gflops/s) - 187 (205608 Gflops/s) - 186 (204509 Gflops/s) | Temperatures: 70°C - 70°C - 69°C - 70°C - 69°C - 70°C - 70°C - 71°C | Throttling: None - None - None - None - None - None - None - None
185 (203409 Gflops/s) - 187 (205608 Gflops/s) - 187 (205608 Gflops/s) - 187 (205608 Gflops/s) - 188 (206708 Gflops/s) - 187 (205608 Gflops/s) - 186 (204509 Gflops/s) - 186 (204509 Gflops/s) | Temperatures: 70°C - 70°C - 69°C - 70°C - 69°C - 70°C - 70°C - 71°C | Throttling: None - None - None - None - None - None - None - None
185 (203409 Gflops/s) - 188 (206708 Gflops/s) - 187 (205608 Gflops/s) - 188 (206708 Gflops/s) - 188 (206708 Gflops/s) - 188 (206708 Gflops/s) - 187 (205608 Gflops/s) - 187 (205608 Gflops/s) | Temperatures: 70°C - 70°C - 69°C - 70°C - 69°C - 70°C - 70°C - 71°C | Throttling: None - None - None - None - None - None - None - None
186 (204509 Gflops/s) - 187 (205608 Gflops/s) - 188 (206708 Gflops/s) - 187 (205608 Gflops/s) - 188 (206708 Gflops/s) - 187 (205608 Gflops/s) - 187 (205608 Gflops/s) - 186 (204509 Gflops/s) | Temperatures: 70°C - 70°C - 69°C - 69°C - 69°C - 70°C - 70°C - 71°C | Throttling: None - None - None - None - None - None - None - None
185 (203409 Gflops/s) - 188 (206708 Gflops/s) - 187 (205608 Gflops/s) - 188 (206708 Gflops/s) - 187 (205608 Gflops/s) - 188 (206708 Gflops/s) - 187 (205608 Gflops/s) - 186 (204509 Gflops/s) | Temperatures: 70°C - 70°C - 69°C - 70°C - 69°C - 70°C - 70°C - 71°C | Throttling: None - None - None - None - None - None - None - None
185 (203409 Gflops/s) - 187 (205608 Gflops/s) - 187 (205608 Gflops/s) - 187 (205608 Gflops/s) - 188 (206708 Gflops/s) - 187 (205608 Gflops/s) - 187 (205608 Gflops/s) - 187 (205608 Gflops/s) | Temperatures: 70°C - 70°C - 69°C - 69°C - 69°C - 70°C - 70°C - 71°C | Throttling: None - None - None - None - None - None - None - None
185 (203409 Gflops/s) - 187 (205608 Gflops/s) - 187 (205608 Gflops/s) - 188 (206708 Gflops/s) - 188 (206708 Gflops/s) - 188 (206708 Gflops/s) - 187 (205608 Gflops/s) - 186 (204509 Gflops/s) | Temperatures: 70°C - 70°C - 69°C - 70°C - 69°C - 70°C - 70°C - 71°C | Throttling: None - None - None - None - None - None - None - None
185 (203409 Gflops/s) - 188 (206708 Gflops/s) - 187 (205608 Gflops/s) - 187 (205608 Gflops/s) - 188 (206708 Gflops/s) - 187 (205608 Gflops/s) - 187 (205608 Gflops/s) - 186 (204509 Gflops/s) | Temperatures: 70°C - 70°C - 69°C - 70°C - 69°C - 70°C - 70°C - 71°C | Throttling: None - None - None - None - None - None - None - None
186 (204509 Gflops/s) - 187 (205608 Gflops/s) - 188 (206708 Gflops/s) - 188 (206708 Gflops/s) - 188 (206708 Gflops/s) - 188 (206708 Gflops/s) - 187 (205608 Gflops/s) - 187 (205608 Gflops/s) | Temperatures: 70°C - 70°C - 69°C - 70°C - 69°C - 70°C - 70°C - 71°C | Throttling: None - None - None - None - None - None - None - None
185 (203409 Gflops/s) - 188 (206708 Gflops/s) - 187 (205608 Gflops/s) - 187 (205608 Gflops/s) - 188 (206708 Gflops/s) - 187 (205608 Gflops/s) - 187 (205608 Gflops/s) - 186 (204509 Gflops/s) | Temperatures: 70°C - 70°C - 69°C - 70°C - 69°C - 70°C - 70°C - 71°C | Throttling: None - None - None - None - None - None - None - None
185 (203409 Gflops/s) - 188 (206708 Gflops/s) - 187 (205608 Gflops/s) - 188 (206708 Gflops/s) - 188 (206708 Gflops/s) - 188 (206708 Gflops/s) - 187 (205608 Gflops/s) - 187 (205608 Gflops/s) | Temperatures: 70°C - 70°C - 69°C - 70°C - 69°C - 70°C - 70°C - 71°C | Throttling: None - None - None - None - None - None - None - None
185 (203409 Gflops/s) - 187 (205608 Gflops/s) - 187 (205608 Gflops/s) - 187 (205608 Gflops/s) - 187 (205608 Gflops/s) - 187 (205608 Gflops/s) - 187 (205608 Gflops/s) - 186 (204509 Gflops/s) | Temperatures: 70°C - 70°C - 69°C - 70°C - 69°C - 70°C - 70°C - 71°C | Throttling: None - None - None - None - None - None - None - None
185 (203409 Gflops/s) - 187 (205608 Gflops/s) - 188 (206708 Gflops/s) - 187 (205608 Gflops/s) - 188 (206708 Gflops/s) - 188 (206708 Gflops/s) - 187 (205608 Gflops/s) - 186 (204509 Gflops/s) | Temperatures: 70°C - 70°C - 69°C - 69°C - 69°C - 70°C - 70°C - 71°C | Throttling: None - None - None - None - None - None - None - None
186 (204509 Gflops/s) - 188 (206708 Gflops/s) - 187 (205608 Gflops/s) - 188 (206708 Gflops/s) - 188 (206708 Gflops/s) - 187 (205608 Gflops/s) - 187 (205608 Gflops/s) - 187 (205608 Gflops/s) | Temperatures: 70°C - 70°C - 69°C - 70°C - 69°C - 70°C - 70°C - 71°C | Throttling: None - None - None - None - None - None - None - None
185 (203409 Gflops/s) - 187 (205608 Gflops/s) - 187 (205608 Gflops/s) - 187 (205608 Gflops/s) - 188 (206708 Gflops/s) - 188 (206708 Gflops/s) - 187 (205608 Gflops/s) - 186 (204509 Gflops/s) | Temperatures: 70°C - 70°C - 69°C - 70°C - 69°C - 70°C - 70°C - 71°C | Throttling: None - None - None - None - None - None - None - None
185 (203409 Gflops/s) - 188 (206708 Gflops/s) - 187 (205608 Gflops/s) - 188 (206708 Gflops/s) - 188 (206708 Gflops/s) - 187 (205608 Gflops/s) - 187 (205608 Gflops/s) - 186 (204509 Gflops/s) | Temperatures: 70°C - 70°C - 69°C - 70°C - 69°C - 70°C - 70°C - 71°C | Throttling: None - None - None - None - None - None - None - None
185 (203409 Gflops/s) - 187 (205608 Gflops/s) - 188 (206708 Gflops/s) - 187 (205608 Gflops/s) - 188 (206708 Gflops/s) - 188 (206708 Gflops/s) - 187 (205608 Gflops/s) - 187 (205608 Gflops/s) | Temperatures: 70°C - 70°C - 69°C - 70°C - 69°C - 70°C - 70°C - 71°C | Throttling: None - None - None - None - None - None - None - None
186 (204509 Gflops/s) - 188 (206708 Gflops/s) - 187 (205608 Gflops/s) - 187 (205608 Gflops/s) - 187 (205608 Gflops/s) - 188 (206708 Gflops/s) - 187 (205608 Gflops/s) - 186 (204509 Gflops/s) | Temperatures: 70°C - 70°C - 69°C - 70°C - 69°C - 70°C - 70°C - 71°C | Throttling: None - None - None - None - None - None - None - None
126 (138538 Gflops/s) - 113 (124244 Gflops/s) - 187 (205608 Gflops/s) - 176 (193514 Gflops/s) - 188 (206708 Gflops/s) - 107 (117647 Gflops/s) - 187 (205608 Gflops/s) - 152 (167125 Gflops/s) | Temperatures: 70°C - 70°C - 69°C - 70°C - 69°C - 70°C - 70°C - 71°C | Throttling: None - None - None - None - None - None - None - None
GPU #0: 203357 Gflops/s (min: 138538.47, max: 207807.70, dev: 3888.86)
         Temperature: 70.75°C (min: 56.00, max: 74.00)
         Throttling HW: false, Thermal SW: false, Thermal HW: false
GPU #1: 205646 Gflops/s (min: 124244.81, max: 210006.72, dev: 4862.17)
         Temperature: 70.57°C (min: 55.00, max: 74.00)
         Throttling HW: false, Thermal SW: false, Thermal HW: false
GPU #2: 205639 Gflops/s (min: 204509.16, max: 210006.72, dev: 960.90)
         Temperature: 69.99°C (min: 55.00, max: 73.00)
         Throttling HW: false, Thermal SW: false, Thermal HW: false
GPU #3: 205818 Gflops/s (min: 193514.05, max: 210006.72, dev: 1224.39)
         Temperature: 70.64°C (min: 56.00, max: 74.00)
         Throttling HW: false, Thermal SW: false, Thermal HW: false
GPU #4: 206278 Gflops/s (min: 204509.16, max: 210006.72, dev: 1047.66)
         Temperature: 69.97°C (min: 54.00, max: 73.00)
         Throttling HW: false, Thermal SW: false, Thermal HW: false
GPU #5: 205833 Gflops/s (min: 117647.74, max: 212205.74, dev: 5289.77)
         Temperature: 70.63°C (min: 54.00, max: 74.00)
         Throttling HW: false, Thermal SW: false, Thermal HW: false
GPU #6: 205347 Gflops/s (min: 203409.65, max: 210006.72, dev: 1103.88)
         Temperature: 70.45°C (min: 55.00, max: 74.00)
         Throttling HW: false, Thermal SW: false, Thermal HW: false
GPU #7: 204640 Gflops/s (min: 167125.77, max: 208907.21, dev: 2379.99)
         Temperature: 71.72°C (min: 55.00, max: 75.00)
         Throttling HW: false, Thermal SW: false, Thermal HW: false
All GPUs seem healthy
Freeing GPUs...
======== Run with bf16 ==========
Detected GPU #0: "NVIDIA RTX PRO 6000 Blackwell Server Edition" (88c53641-f7a2-b94e-3252-9566ca140ef8)
Detected GPU #1: "NVIDIA RTX PRO 6000 Blackwell Server Edition" (51366348-eda7-8591-6426-9dea3a6a6cc1)
Detected GPU #2: "NVIDIA RTX PRO 6000 Blackwell Server Edition" (0b67c429-4c58-5b88-6c98-d5844b847fcb)
Detected GPU #3: "NVIDIA RTX PRO 6000 Blackwell Server Edition" (cd49298b-c63a-124a-9806-2e5bfc25e7d6)
Detected GPU #4: "NVIDIA RTX PRO 6000 Blackwell Server Edition" (21095201-b282-5111-e250-24d3c92bb5a1)
Detected GPU #5: "NVIDIA RTX PRO 6000 Blackwell Server Edition" (430b1c8a-cfe6-a8a4-cbed-d430546d9478)
Detected GPU #6: "NVIDIA RTX PRO 6000 Blackwell Server Edition" (c4afacaf-356a-21db-96a0-f9e3bdb7aa22)
Detected GPU #7: "NVIDIA RTX PRO 6000 Blackwell Server Edition" (5c449772-d125-23eb-e4be-821b0e688960)
Using precision(s):  BF16 
GPU #0: Using 87018 MB
GPU #1: Using 87018 MB
GPU #2: Using 87018 MB
GPU #3: Using 87018 MB
GPU #4: Using 87018 MB
GPU #5: Using 87018 MB
GPU #6: Using 87018 MB
GPU #7: Using 87018 MB
Creating random matrices
Matrices created
1377 (1514027 Gflops/s) - 1319 (1450255 Gflops/s) - 1321 (1452454 Gflops/s) - 1285 (1412872 Gflops/s) - 1282 (1409573 Gflops/s) - 1268 (1394180 Gflops/s) - 1264 (1389782 Gflops/s) - 1263 (1388683 Gflops/s) | Temperatures: 66°C - 64°C - 64°C - 65°C - 65°C - 65°C - 65°C - 66°C | Throttling: None - None - None - None - None - None - None - None
382 (420013 Gflops/s) - 387 (425510 Gflops/s) - 386 (424411 Gflops/s) - 386 (424411 Gflops/s) - 388 (426610 Gflops/s) - 387 (425510 Gflops/s) - 386 (424411 Gflops/s) - 384 (422212 Gflops/s) | Temperatures: 66°C - 65°C - 65°C - 66°C - 66°C - 66°C - 66°C - 66°C | Throttling: None - None - None - None - None - None - None - None
382 (420013 Gflops/s) - 387 (425510 Gflops/s) - 385 (423311 Gflops/s) - 386 (424411 Gflops/s) - 387 (425510 Gflops/s) - 387 (425510 Gflops/s) - 385 (423311 Gflops/s) - 385 (423311 Gflops/s) | Temperatures: 67°C - 65°C - 65°C - 66°C - 66°C - 66°C - 66°C - 67°C | Throttling: None - None - None - None - None - None - None - None
381 (418913 Gflops/s) - 386 (424411 Gflops/s) - 385 (423311 Gflops/s) - 386 (424411 Gflops/s) - 387 (425510 Gflops/s) - 387 (425510 Gflops/s) - 385 (423311 Gflops/s) - 383 (421112 Gflops/s) | Temperatures: 67°C - 66°C - 66°C - 67°C - 67°C - 67°C - 67°C - 67°C | Throttling: None - None - None - None - None - None - None - None
382 (420013 Gflops/s) - 386 (424411 Gflops/s) - 385 (423311 Gflops/s) - 385 (423311 Gflops/s) - 388 (426610 Gflops/s) - 387 (425510 Gflops/s) - 385 (423311 Gflops/s) - 384 (422212 Gflops/s) | Temperatures: 68°C - 66°C - 66°C - 67°C - 67°C - 67°C - 67°C - 68°C | Throttling: None - None - None - None - None - None - None - None
381 (418913 Gflops/s) - 386 (424411 Gflops/s) - 385 (423311 Gflops/s) - 386 (424411 Gflops/s) - 386 (424411 Gflops/s) - 386 (424411 Gflops/s) - 385 (423311 Gflops/s) - 384 (422212 Gflops/s) | Temperatures: 68°C - 66°C - 66°C - 67°C - 67°C - 67°C - 67°C - 68°C | Throttling: None - None - None - None - None - None - None - None
382 (420013 Gflops/s) - 386 (424411 Gflops/s) - 385 (423311 Gflops/s) - 386 (424411 Gflops/s) - 386 (424411 Gflops/s) - 387 (425510 Gflops/s) - 384 (422212 Gflops/s) - 383 (421112 Gflops/s) | Temperatures: 68°C - 67°C - 67°C - 67°C - 68°C - 67°C - 68°C - 68°C | Throttling: None - None - None - None - None - None - None - None
381 (418913 Gflops/s) - 386 (424411 Gflops/s) - 384 (422212 Gflops/s) - 385 (423311 Gflops/s) - 385 (423311 Gflops/s) - 386 (424411 Gflops/s) - 385 (423311 Gflops/s) - 383 (421112 Gflops/s) | Temperatures: 68°C - 67°C - 67°C - 68°C - 68°C - 68°C - 68°C - 69°C | Throttling: None - None - None - None - None - None - None - None
381 (418913 Gflops/s) - 386 (424411 Gflops/s) - 385 (423311 Gflops/s) - 385 (423311 Gflops/s) - 386 (424411 Gflops/s) - 387 (425510 Gflops/s) - 384 (422212 Gflops/s) - 384 (422212 Gflops/s) | Temperatures: 68°C - 67°C - 67°C - 68°C - 68°C - 68°C - 68°C - 69°C | Throttling: None - None - None - None - None - None - None - None
381 (418913 Gflops/s) - 386 (424411 Gflops/s) - 384 (422212 Gflops/s) - 385 (423311 Gflops/s) - 385 (423311 Gflops/s) - 386 (424411 Gflops/s) - 384 (422212 Gflops/s) - 383 (421112 Gflops/s) | Temperatures: 69°C - 68°C - 67°C - 68°C - 68°C - 68°C - 68°C - 69°C | Throttling: None - None - None - None - None - None - None - None
381 (418913 Gflops/s) - 385 (423311 Gflops/s) - 385 (423311 Gflops/s) - 385 (423311 Gflops/s) - 385 (423311 Gflops/s) - 386 (424411 Gflops/s) - 385 (423311 Gflops/s) - 383 (421112 Gflops/s) | Temperatures: 69°C - 68°C - 67°C - 68°C - 68°C - 68°C - 68°C - 69°C | Throttling: None - None - None - None - None - None - None - None
381 (418913 Gflops/s) - 385 (423311 Gflops/s) - 384 (422212 Gflops/s) - 385 (423311 Gflops/s) - 385 (423311 Gflops/s) - 385 (423311 Gflops/s) - 383 (421112 Gflops/s) - 383 (421112 Gflops/s) | Temperatures: 69°C - 68°C - 68°C - 68°C - 68°C - 68°C - 68°C - 69°C | Throttling: None - None - None - None - None - None - None - None
381 (418913 Gflops/s) - 385 (423311 Gflops/s) - 384 (422212 Gflops/s) - 385 (423311 Gflops/s) - 385 (423311 Gflops/s) - 386 (424411 Gflops/s) - 384 (422212 Gflops/s) - 382 (420013 Gflops/s) | Temperatures: 69°C - 68°C - 68°C - 69°C - 68°C - 69°C - 69°C - 70°C | Throttling: None - None - None - None - None - None - None - None
381 (418913 Gflops/s) - 386 (424411 Gflops/s) - 384 (422212 Gflops/s) - 385 (423311 Gflops/s) - 385 (423311 Gflops/s) - 386 (424411 Gflops/s) - 384 (422212 Gflops/s) - 383 (421112 Gflops/s) | Temperatures: 69°C - 68°C - 68°C - 69°C - 68°C - 69°C - 69°C - 70°C | Throttling: None - None - None - None - None - None - None - None
380 (417814 Gflops/s) - 385 (423311 Gflops/s) - 384 (422212 Gflops/s) - 384 (422212 Gflops/s) - 385 (423311 Gflops/s) - 385 (423311 Gflops/s) - 384 (422212 Gflops/s) - 383 (421112 Gflops/s) | Temperatures: 69°C - 68°C - 68°C - 69°C - 69°C - 69°C - 69°C - 70°C | Throttling: None - None - None - None - None - None - None - None
381 (418913 Gflops/s) - 385 (423311 Gflops/s) - 384 (422212 Gflops/s) - 385 (423311 Gflops/s) - 385 (423311 Gflops/s) - 386 (424411 Gflops/s) - 384 (422212 Gflops/s) - 383 (421112 Gflops/s) | Temperatures: 70°C - 68°C - 68°C - 69°C - 69°C - 69°C - 69°C - 70°C | Throttling: None - None - None - None - None - None - None - None
381 (418913 Gflops/s) - 385 (423311 Gflops/s) - 384 (422212 Gflops/s) - 385 (423311 Gflops/s) - 385 (423311 Gflops/s) - 385 (423311 Gflops/s) - 383 (421112 Gflops/s) - 383 (421112 Gflops/s) | Temperatures: 70°C - 69°C - 68°C - 69°C - 69°C - 69°C - 69°C - 70°C | Throttling: None - None - None - None - None - None - None - None
380 (417814 Gflops/s) - 385 (423311 Gflops/s) - 384 (422212 Gflops/s) - 384 (422212 Gflops/s) - 385 (423311 Gflops/s) - 385 (423311 Gflops/s) - 384 (422212 Gflops/s) - 382 (420013 Gflops/s) | Temperatures: 70°C - 69°C - 68°C - 69°C - 69°C - 69°C - 69°C - 70°C | Throttling: None - None - None - None - None - None - None - None
381 (418913 Gflops/s) - 385 (423311 Gflops/s) - 384 (422212 Gflops/s) - 385 (423311 Gflops/s) - 385 (423311 Gflops/s) - 386 (424411 Gflops/s) - 383 (421112 Gflops/s) - 383 (421112 Gflops/s) | Temperatures: 70°C - 69°C - 68°C - 69°C - 69°C - 69°C - 69°C - 70°C | Throttling: None - None - None - None - None - None - None - None
380 (417814 Gflops/s) - 385 (423311 Gflops/s) - 384 (422212 Gflops/s) - 384 (422212 Gflops/s) - 385 (423311 Gflops/s) - 385 (423311 Gflops/s) - 384 (422212 Gflops/s) - 382 (420013 Gflops/s) | Temperatures: 70°C - 69°C - 69°C - 69°C - 69°C - 70°C - 69°C - 70°C | Throttling: None - None - None - None - None - None - None - None
380 (417814 Gflops/s) - 384 (422212 Gflops/s) - 383 (421112 Gflops/s) - 384 (422212 Gflops/s) - 384 (422212 Gflops/s) - 384 (422212 Gflops/s) - 383 (421112 Gflops/s) - 382 (420013 Gflops/s) | Temperatures: 70°C - 69°C - 69°C - 69°C - 69°C - 70°C - 69°C - 70°C | Throttling: None - None - None - None - None - None - None - None
381 (418913 Gflops/s) - 385 (423311 Gflops/s) - 384 (422212 Gflops/s) - 385 (423311 Gflops/s) - 385 (423311 Gflops/s) - 385 (423311 Gflops/s) - 383 (421112 Gflops/s) - 383 (421112 Gflops/s) | Temperatures: 70°C - 69°C - 69°C - 70°C - 69°C - 70°C - 69°C - 71°C | Throttling: None - None - None - None - None - None - None - None
380 (417814 Gflops/s) - 385 (423311 Gflops/s) - 384 (422212 Gflops/s) - 384 (422212 Gflops/s) - 384 (422212 Gflops/s) - 385 (423311 Gflops/s) - 384 (422212 Gflops/s) - 382 (420013 Gflops/s) | Temperatures: 70°C - 69°C - 69°C - 70°C - 69°C - 70°C - 70°C - 71°C | Throttling: None - None - None - None - None - None - None - None
380 (417814 Gflops/s) - 385 (423311 Gflops/s) - 383 (421112 Gflops/s) - 384 (422212 Gflops/s) - 385 (423311 Gflops/s) - 385 (423311 Gflops/s) - 383 (421112 Gflops/s) - 383 (421112 Gflops/s) | Temperatures: 70°C - 69°C - 69°C - 70°C - 69°C - 70°C - 70°C - 71°C | Throttling: None - None - None - None - None - None - None - None
381 (418913 Gflops/s) - 384 (422212 Gflops/s) - 384 (422212 Gflops/s) - 384 (422212 Gflops/s) - 385 (423311 Gflops/s) - 385 (423311 Gflops/s) - 383 (421112 Gflops/s) - 382 (420013 Gflops/s) | Temperatures: 70°C - 69°C - 69°C - 70°C - 69°C - 70°C - 70°C - 71°C | Throttling: None - None - None - None - None - None - None - None
380 (417814 Gflops/s) - 385 (423311 Gflops/s) - 383 (421112 Gflops/s) - 384 (422212 Gflops/s) - 384 (422212 Gflops/s) - 385 (423311 Gflops/s) - 383 (421112 Gflops/s) - 382 (420013 Gflops/s) | Temperatures: 70°C - 69°C - 69°C - 70°C - 69°C - 70°C - 70°C - 71°C | Throttling: None - None - None - None - None - None - None - None
380 (417814 Gflops/s) - 385 (423311 Gflops/s) - 384 (422212 Gflops/s) - 385 (423311 Gflops/s) - 385 (423311 Gflops/s) - 385 (423311 Gflops/s) - 383 (421112 Gflops/s) - 383 (421112 Gflops/s) | Temperatures: 70°C - 69°C - 69°C - 70°C - 69°C - 70°C - 70°C - 71°C | Throttling: None - None - None - None - None - None - None - None
381 (418913 Gflops/s) - 384 (422212 Gflops/s) - 384 (422212 Gflops/s) - 384 (422212 Gflops/s) - 384 (422212 Gflops/s) - 384 (422212 Gflops/s) - 383 (421112 Gflops/s) - 382 (420013 Gflops/s) | Temperatures: 70°C - 69°C - 69°C - 70°C - 69°C - 70°C - 70°C - 71°C | Throttling: None - None - None - None - None - None - None - None
380 (417814 Gflops/s) - 385 (423311 Gflops/s) - 383 (421112 Gflops/s) - 384 (422212 Gflops/s) - 385 (423311 Gflops/s) - 385 (423311 Gflops/s) - 384 (422212 Gflops/s) - 382 (420013 Gflops/s) | Temperatures: 70°C - 70°C - 69°C - 70°C - 69°C - 70°C - 70°C - 71°C | Throttling: None - None - None - None - None - None - None - None
380 (417814 Gflops/s) - 384 (422212 Gflops/s) - 383 (421112 Gflops/s) - 383 (421112 Gflops/s) - 384 (422212 Gflops/s) - 385 (423311 Gflops/s) - 382 (420013 Gflops/s) - 382 (420013 Gflops/s) | Temperatures: 71°C - 70°C - 69°C - 70°C - 69°C - 70°C - 70°C - 71°C | Throttling: None - None - None - None - None - None - None - None
380 (417814 Gflops/s) - 384 (422212 Gflops/s) - 383 (421112 Gflops/s) - 384 (422212 Gflops/s) - 385 (423311 Gflops/s) - 384 (422212 Gflops/s) - 383 (421112 Gflops/s) - 382 (420013 Gflops/s) | Temperatures: 71°C - 70°C - 69°C - 70°C - 69°C - 70°C - 70°C - 71°C | Throttling: None - None - None - None - None - None - None - None
380 (417814 Gflops/s) - 385 (423311 Gflops/s) - 384 (422212 Gflops/s) - 384 (422212 Gflops/s) - 384 (422212 Gflops/s) - 385 (423311 Gflops/s) - 383 (421112 Gflops/s) - 382 (420013 Gflops/s) | Temperatures: 71°C - 70°C - 69°C - 70°C - 70°C - 70°C - 70°C - 71°C | Throttling: None - None - None - None - None - None - None - None
380 (417814 Gflops/s) - 384 (422212 Gflops/s) - 383 (421112 Gflops/s) - 384 (422212 Gflops/s) - 385 (423311 Gflops/s) - 384 (422212 Gflops/s) - 383 (421112 Gflops/s) - 383 (421112 Gflops/s) | Temperatures: 71°C - 70°C - 69°C - 70°C - 69°C - 70°C - 70°C - 71°C | Throttling: None - None - None - None - None - None - None - None
380 (417814 Gflops/s) - 385 (423311 Gflops/s) - 384 (422212 Gflops/s) - 384 (422212 Gflops/s) - 384 (422212 Gflops/s) - 385 (423311 Gflops/s) - 383 (421112 Gflops/s) - 382 (420013 Gflops/s) | Temperatures: 71°C - 70°C - 69°C - 70°C - 70°C - 70°C - 70°C - 71°C | Throttling: None - None - None - None - None - None - None - None
380 (417814 Gflops/s) - 384 (422212 Gflops/s) - 383 (421112 Gflops/s) - 384 (422212 Gflops/s) - 385 (423311 Gflops/s) - 384 (422212 Gflops/s) - 383 (421112 Gflops/s) - 382 (420013 Gflops/s) | Temperatures: 71°C - 70°C - 69°C - 70°C - 70°C - 70°C - 70°C - 71°C | Throttling: None - None - None - None - None - None - None - None
380 (417814 Gflops/s) - 384 (422212 Gflops/s) - 383 (421112 Gflops/s) - 384 (422212 Gflops/s) - 384 (422212 Gflops/s) - 385 (423311 Gflops/s) - 383 (421112 Gflops/s) - 382 (420013 Gflops/s) | Temperatures: 71°C - 70°C - 69°C - 70°C - 70°C - 70°C - 70°C - 71°C | Throttling: None - None - None - None - None - None - None - None
380 (417814 Gflops/s) - 385 (423311 Gflops/s) - 384 (422212 Gflops/s) - 384 (422212 Gflops/s) - 385 (423311 Gflops/s) - 384 (422212 Gflops/s) - 383 (421112 Gflops/s) - 382 (420013 Gflops/s) | Temperatures: 71°C - 70°C - 70°C - 70°C - 70°C - 70°C - 70°C - 71°C | Throttling: None - None - None - None - None - None - None - None
380 (417814 Gflops/s) - 384 (422212 Gflops/s) - 383 (421112 Gflops/s) - 383 (421112 Gflops/s) - 384 (422212 Gflops/s) - 385 (423311 Gflops/s) - 383 (421112 Gflops/s) - 383 (421112 Gflops/s) | Temperatures: 71°C - 70°C - 70°C - 70°C - 70°C - 71°C - 70°C - 71°C | Throttling: None - None - None - None - None - None - None - None
381 (418913 Gflops/s) - 384 (422212 Gflops/s) - 383 (421112 Gflops/s) - 384 (422212 Gflops/s) - 385 (423311 Gflops/s) - 384 (422212 Gflops/s) - 383 (421112 Gflops/s) - 382 (420013 Gflops/s) | Temperatures: 71°C - 70°C - 70°C - 70°C - 70°C - 71°C - 70°C - 71°C | Throttling: None - None - None - None - None - None - None - None
379 (416714 Gflops/s) - 384 (422212 Gflops/s) - 383 (421112 Gflops/s) - 384 (422212 Gflops/s) - 384 (422212 Gflops/s) - 384 (422212 Gflops/s) - 383 (421112 Gflops/s) - 381 (418913 Gflops/s) | Temperatures: 71°C - 70°C - 70°C - 70°C - 70°C - 71°C - 70°C - 71°C | Throttling: None - None - None - None - None - None - None - None
380 (417814 Gflops/s) - 384 (422212 Gflops/s) - 383 (421112 Gflops/s) - 383 (421112 Gflops/s) - 384 (422212 Gflops/s) - 385 (423311 Gflops/s) - 383 (421112 Gflops/s) - 382 (420013 Gflops/s) | Temperatures: 71°C - 70°C - 70°C - 70°C - 70°C - 71°C - 70°C - 71°C | Throttling: None - None - None - None - None - None - None - None
380 (417814 Gflops/s) - 385 (423311 Gflops/s) - 383 (421112 Gflops/s) - 384 (422212 Gflops/s) - 385 (423311 Gflops/s) - 384 (422212 Gflops/s) - 383 (421112 Gflops/s) - 383 (421112 Gflops/s) | Temperatures: 71°C - 70°C - 70°C - 70°C - 70°C - 71°C - 70°C - 71°C | Throttling: None - None - None - None - None - None - None - None
380 (417814 Gflops/s) - 384 (422212 Gflops/s) - 383 (421112 Gflops/s) - 384 (422212 Gflops/s) - 384 (422212 Gflops/s) - 385 (423311 Gflops/s) - 383 (421112 Gflops/s) - 382 (420013 Gflops/s) | Temperatures: 71°C - 70°C - 70°C - 70°C - 70°C - 71°C - 70°C - 71°C | Throttling: None - None - None - None - None - None - None - None
380 (417814 Gflops/s) - 384 (422212 Gflops/s) - 384 (422212 Gflops/s) - 384 (422212 Gflops/s) - 385 (423311 Gflops/s) - 384 (422212 Gflops/s) - 382 (420013 Gflops/s) - 382 (420013 Gflops/s) | Temperatures: 71°C - 70°C - 70°C - 70°C - 70°C - 71°C - 70°C - 71°C | Throttling: None - None - None - None - None - None - None - None
380 (417814 Gflops/s) - 384 (422212 Gflops/s) - 383 (421112 Gflops/s) - 383 (421112 Gflops/s) - 384 (422212 Gflops/s) - 384 (422212 Gflops/s) - 383 (421112 Gflops/s) - 382 (420013 Gflops/s) | Temperatures: 71°C - 70°C - 70°C - 70°C - 70°C - 71°C - 70°C - 71°C | Throttling: None - None - None - None - None - None - None - None
380 (417814 Gflops/s) - 385 (423311 Gflops/s) - 383 (421112 Gflops/s) - 384 (422212 Gflops/s) - 384 (422212 Gflops/s) - 385 (423311 Gflops/s) - 383 (421112 Gflops/s) - 382 (420013 Gflops/s) | Temperatures: 71°C - 70°C - 70°C - 71°C - 70°C - 71°C - 70°C - 71°C | Throttling: None - None - None - None - None - None - None - None
380 (417814 Gflops/s) - 384 (422212 Gflops/s) - 383 (421112 Gflops/s) - 384 (422212 Gflops/s) - 385 (423311 Gflops/s) - 384 (422212 Gflops/s) - 383 (421112 Gflops/s) - 382 (420013 Gflops/s) | Temperatures: 71°C - 70°C - 70°C - 71°C - 70°C - 71°C - 70°C - 71°C | Throttling: None - None - None - None - None - None - None - None
380 (417814 Gflops/s) - 384 (422212 Gflops/s) - 383 (421112 Gflops/s) - 383 (421112 Gflops/s) - 384 (422212 Gflops/s) - 384 (422212 Gflops/s) - 383 (421112 Gflops/s) - 382 (420013 Gflops/s) | Temperatures: 71°C - 70°C - 70°C - 71°C - 70°C - 71°C - 70°C - 71°C | Throttling: None - None - None - None - None - None - None - None
379 (416714 Gflops/s) - 384 (422212 Gflops/s) - 383 (421112 Gflops/s) - 384 (422212 Gflops/s) - 384 (422212 Gflops/s) - 384 (422212 Gflops/s) - 382 (420013 Gflops/s) - 381 (418913 Gflops/s) | Temperatures: 71°C - 70°C - 70°C - 71°C - 70°C - 71°C - 70°C - 71°C | Throttling: None - None - None - None - None - None - None - None
380 (417814 Gflops/s) - 384 (422212 Gflops/s) - 383 (421112 Gflops/s) - 383 (421112 Gflops/s) - 384 (422212 Gflops/s) - 384 (422212 Gflops/s) - 383 (421112 Gflops/s) - 382 (420013 Gflops/s) | Temperatures: 71°C - 70°C - 70°C - 71°C - 70°C - 71°C - 70°C - 71°C | Throttling: None - None - None - None - None - None - None - None
380 (417814 Gflops/s) - 384 (422212 Gflops/s) - 383 (421112 Gflops/s) - 384 (422212 Gflops/s) - 385 (423311 Gflops/s) - 385 (423311 Gflops/s) - 383 (421112 Gflops/s) - 382 (420013 Gflops/s) | Temperatures: 71°C - 70°C - 70°C - 71°C - 70°C - 71°C - 70°C - 71°C | Throttling: None - None - None - None - None - None - None - None
380 (417814 Gflops/s) - 384 (422212 Gflops/s) - 383 (421112 Gflops/s) - 384 (422212 Gflops/s) - 384 (422212 Gflops/s) - 384 (422212 Gflops/s) - 383 (421112 Gflops/s) - 382 (420013 Gflops/s) | Temperatures: 71°C - 70°C - 70°C - 71°C - 70°C - 71°C - 70°C - 71°C | Throttling: None - None - None - None - None - None - None - None
380 (417814 Gflops/s) - 385 (423311 Gflops/s) - 383 (421112 Gflops/s) - 383 (421112 Gflops/s) - 384 (422212 Gflops/s) - 384 (422212 Gflops/s) - 382 (420013 Gflops/s) - 382 (420013 Gflops/s) | Temperatures: 71°C - 70°C - 70°C - 71°C - 70°C - 71°C - 70°C - 71°C | Throttling: None - None - None - None - None - None - None - None
380 (417814 Gflops/s) - 384 (422212 Gflops/s) - 383 (421112 Gflops/s) - 384 (422212 Gflops/s) - 384 (422212 Gflops/s) - 384 (422212 Gflops/s) - 383 (421112 Gflops/s) - 382 (420013 Gflops/s) | Temperatures: 71°C - 70°C - 70°C - 71°C - 70°C - 71°C - 70°C - 71°C | Throttling: None - None - None - None - None - None - None - None
380 (417814 Gflops/s) - 384 (422212 Gflops/s) - 383 (421112 Gflops/s) - 384 (422212 Gflops/s) - 385 (423311 Gflops/s) - 385 (423311 Gflops/s) - 383 (421112 Gflops/s) - 382 (420013 Gflops/s) | Temperatures: 71°C - 70°C - 70°C - 71°C - 70°C - 71°C - 70°C - 71°C | Throttling: None - None - None - None - None - None - None - None
380 (417814 Gflops/s) - 384 (422212 Gflops/s) - 383 (421112 Gflops/s) - 383 (421112 Gflops/s) - 384 (422212 Gflops/s) - 384 (422212 Gflops/s) - 383 (421112 Gflops/s) - 382 (420013 Gflops/s) | Temperatures: 71°C - 70°C - 70°C - 71°C - 70°C - 71°C - 70°C - 71°C | Throttling: None - None - None - None - None - None - None - None
380 (417814 Gflops/s) - 384 (422212 Gflops/s) - 383 (421112 Gflops/s) - 384 (422212 Gflops/s) - 384 (422212 Gflops/s) - 384 (422212 Gflops/s) - 382 (420013 Gflops/s) - 382 (420013 Gflops/s) | Temperatures: 71°C - 70°C - 70°C - 71°C - 70°C - 71°C - 70°C - 71°C | Throttling: None - None - None - None - None - None - None - None
379 (416714 Gflops/s) - 384 (422212 Gflops/s) - 383 (421112 Gflops/s) - 383 (421112 Gflops/s) - 384 (422212 Gflops/s) - 384 (422212 Gflops/s) - 383 (421112 Gflops/s) - 382 (420013 Gflops/s) | Temperatures: 71°C - 70°C - 70°C - 71°C - 70°C - 71°C - 70°C - 71°C | Throttling: None - None - None - None - None - None - None - None
380 (417814 Gflops/s) - 384 (422212 Gflops/s) - 383 (421112 Gflops/s) - 384 (422212 Gflops/s) - 384 (422212 Gflops/s) - 384 (422212 Gflops/s) - 383 (421112 Gflops/s) - 381 (418913 Gflops/s) | Temperatures: 71°C - 70°C - 70°C - 71°C - 70°C - 71°C - 70°C - 71°C | Throttling: None - None - None - None - None - None - None - None
380 (417814 Gflops/s) - 384 (422212 Gflops/s) - 383 (421112 Gflops/s) - 383 (421112 Gflops/s) - 385 (423311 Gflops/s) - 384 (422212 Gflops/s) - 382 (420013 Gflops/s) - 382 (420013 Gflops/s) | Temperatures: 71°C - 70°C - 70°C - 71°C - 70°C - 71°C - 70°C - 71°C | Throttling: None - None - None - None - None - None - None - None
379 (416714 Gflops/s) - 384 (422212 Gflops/s) - 383 (421112 Gflops/s) - 384 (422212 Gflops/s) - 384 (422212 Gflops/s) - 385 (423311 Gflops/s) - 383 (421112 Gflops/s) - 382 (420013 Gflops/s) | Temperatures: 71°C - 70°C - 70°C - 71°C - 70°C - 71°C - 70°C - 71°C | Throttling: None - None - None - None - None - None - None - None
380 (417814 Gflops/s) - 384 (422212 Gflops/s) - 383 (421112 Gflops/s) - 384 (422212 Gflops/s) - 384 (422212 Gflops/s) - 384 (422212 Gflops/s) - 383 (421112 Gflops/s) - 382 (420013 Gflops/s) | Temperatures: 71°C - 70°C - 70°C - 71°C - 70°C - 71°C - 70°C - 72°C | Throttling: None - None - None - None - None - None - None - None
380 (417814 Gflops/s) - 384 (422212 Gflops/s) - 383 (421112 Gflops/s) - 383 (421112 Gflops/s) - 384 (422212 Gflops/s) - 384 (422212 Gflops/s) - 382 (420013 Gflops/s) - 382 (420013 Gflops/s) | Temperatures: 71°C - 70°C - 70°C - 71°C - 70°C - 71°C - 70°C - 72°C | Throttling: None - None - None - None - None - None - None - None
380 (417814 Gflops/s) - 384 (422212 Gflops/s) - 383 (421112 Gflops/s) - 384 (422212 Gflops/s) - 385 (423311 Gflops/s) - 384 (422212 Gflops/s) - 383 (421112 Gflops/s) - 382 (420013 Gflops/s) | Temperatures: 71°C - 70°C - 70°C - 71°C - 70°C - 71°C - 70°C - 72°C | Throttling: None - None - None - None - None - None - None - None
380 (417814 Gflops/s) - 384 (422212 Gflops/s) - 383 (421112 Gflops/s) - 383 (421112 Gflops/s) - 384 (422212 Gflops/s) - 384 (422212 Gflops/s) - 383 (421112 Gflops/s) - 382 (420013 Gflops/s) | Temperatures: 71°C - 70°C - 70°C - 71°C - 70°C - 71°C - 70°C - 72°C | Throttling: None - None - None - None - None - None - None - None
380 (417814 Gflops/s) - 384 (422212 Gflops/s) - 383 (421112 Gflops/s) - 384 (422212 Gflops/s) - 384 (422212 Gflops/s) - 384 (422212 Gflops/s) - 383 (421112 Gflops/s) - 382 (420013 Gflops/s) | Temperatures: 71°C - 70°C - 70°C - 71°C - 70°C - 71°C - 70°C - 72°C | Throttling: None - None - None - None - None - None - None - None
379 (416714 Gflops/s) - 384 (422212 Gflops/s) - 383 (421112 Gflops/s) - 383 (421112 Gflops/s) - 384 (422212 Gflops/s) - 384 (422212 Gflops/s) - 382 (420013 Gflops/s) - 381 (418913 Gflops/s) | Temperatures: 71°C - 70°C - 70°C - 71°C - 70°C - 71°C - 70°C - 72°C | Throttling: None - None - None - None - None - None - None - None
380 (417814 Gflops/s) - 384 (422212 Gflops/s) - 383 (421112 Gflops/s) - 384 (422212 Gflops/s) - 384 (422212 Gflops/s) - 384 (422212 Gflops/s) - 383 (421112 Gflops/s) - 382 (420013 Gflops/s) | Temperatures: 71°C - 70°C - 70°C - 71°C - 70°C - 71°C - 70°C - 72°C | Throttling: None - None - None - None - None - None - None - None
380 (417814 Gflops/s) - 384 (422212 Gflops/s) - 383 (421112 Gflops/s) - 383 (421112 Gflops/s) - 384 (422212 Gflops/s) - 384 (422212 Gflops/s) - 382 (420013 Gflops/s) - 382 (420013 Gflops/s) | Temperatures: 71°C - 70°C - 70°C - 71°C - 70°C - 71°C - 70°C - 72°C | Throttling: None - None - None - None - None - None - None - None
379 (416714 Gflops/s) - 384 (422212 Gflops/s) - 383 (421112 Gflops/s) - 384 (422212 Gflops/s) - 385 (423311 Gflops/s) - 385 (423311 Gflops/s) - 383 (421112 Gflops/s) - 382 (420013 Gflops/s) | Temperatures: 71°C - 70°C - 70°C - 71°C - 70°C - 71°C - 70°C - 72°C | Throttling: None - None - None - None - None - None - None - None
380 (417814 Gflops/s) - 384 (422212 Gflops/s) - 383 (421112 Gflops/s) - 383 (421112 Gflops/s) - 384 (422212 Gflops/s) - 384 (422212 Gflops/s) - 383 (421112 Gflops/s) - 382 (420013 Gflops/s) | Temperatures: 71°C - 70°C - 70°C - 71°C - 70°C - 71°C - 70°C - 72°C | Throttling: None - None - None - None - None - None - None - None
380 (417814 Gflops/s) - 384 (422212 Gflops/s) - 383 (421112 Gflops/s) - 384 (422212 Gflops/s) - 384 (422212 Gflops/s) - 384 (422212 Gflops/s) - 383 (421112 Gflops/s) - 382 (420013 Gflops/s) | Temperatures: 71°C - 70°C - 70°C - 71°C - 70°C - 71°C - 70°C - 72°C | Throttling: None - None - None - None - None - None - None - None
380 (417814 Gflops/s) - 384 (422212 Gflops/s) - 383 (421112 Gflops/s) - 383 (421112 Gflops/s) - 384 (422212 Gflops/s) - 384 (422212 Gflops/s) - 382 (420013 Gflops/s) - 382 (420013 Gflops/s) | Temperatures: 71°C - 70°C - 70°C - 71°C - 70°C - 71°C - 70°C - 72°C | Throttling: None - None - None - None - None - None - None - None
379 (416714 Gflops/s) - 384 (422212 Gflops/s) - 383 (421112 Gflops/s) - 384 (422212 Gflops/s) - 384 (422212 Gflops/s) - 384 (422212 Gflops/s) - 383 (421112 Gflops/s) - 381 (418913 Gflops/s) | Temperatures: 71°C - 70°C - 70°C - 71°C - 70°C - 71°C - 71°C - 72°C | Throttling: None - None - None - None - None - None - None - None
380 (417814 Gflops/s) - 384 (422212 Gflops/s) - 383 (421112 Gflops/s) - 383 (421112 Gflops/s) - 385 (423311 Gflops/s) - 384 (422212 Gflops/s) - 383 (421112 Gflops/s) - 382 (420013 Gflops/s) | Temperatures: 71°C - 70°C - 70°C - 71°C - 70°C - 71°C - 70°C - 72°C | Throttling: None - None - None - None - None - None - None - None
380 (417814 Gflops/s) - 383 (421112 Gflops/s) - 382 (420013 Gflops/s) - 383 (421112 Gflops/s) - 383 (421112 Gflops/s) - 384 (422212 Gflops/s) - 382 (420013 Gflops/s) - 382 (420013 Gflops/s) | Temperatures: 71°C - 70°C - 70°C - 71°C - 70°C - 71°C - 70°C - 72°C | Throttling: None - None - None - None - None - None - None - None
379 (416714 Gflops/s) - 384 (422212 Gflops/s) - 383 (421112 Gflops/s) - 384 (422212 Gflops/s) - 385 (423311 Gflops/s) - 384 (422212 Gflops/s) - 383 (421112 Gflops/s) - 382 (420013 Gflops/s) | Temperatures: 71°C - 70°C - 70°C - 71°C - 70°C - 71°C - 71°C - 72°C | Throttling: None - None - None - None - None - None - None - None
380 (417814 Gflops/s) - 384 (422212 Gflops/s) - 383 (421112 Gflops/s) - 383 (421112 Gflops/s) - 384 (422212 Gflops/s) - 384 (422212 Gflops/s) - 382 (420013 Gflops/s) - 381 (418913 Gflops/s) | Temperatures: 71°C - 70°C - 70°C - 71°C - 70°C - 71°C - 70°C - 72°C | Throttling: None - None - None - None - None - None - None - None
380 (417814 Gflops/s) - 384 (422212 Gflops/s) - 383 (421112 Gflops/s) - 384 (422212 Gflops/s) - 384 (422212 Gflops/s) - 384 (422212 Gflops/s) - 383 (421112 Gflops/s) - 382 (420013 Gflops/s) | Temperatures: 71°C - 70°C - 70°C - 71°C - 70°C - 71°C - 70°C - 72°C | Throttling: None - None - None - None - None - None - None - None
380 (417814 Gflops/s) - 384 (422212 Gflops/s) - 383 (421112 Gflops/s) - 383 (421112 Gflops/s) - 384 (422212 Gflops/s) - 384 (422212 Gflops/s) - 383 (421112 Gflops/s) - 382 (420013 Gflops/s) | Temperatures: 71°C - 70°C - 70°C - 71°C - 70°C - 71°C - 71°C - 72°C | Throttling: None - None - None - None - None - None - None - None
379 (416714 Gflops/s) - 384 (422212 Gflops/s) - 383 (421112 Gflops/s) - 384 (422212 Gflops/s) - 384 (422212 Gflops/s) - 384 (422212 Gflops/s) - 382 (420013 Gflops/s) - 382 (420013 Gflops/s) | Temperatures: 71°C - 70°C - 70°C - 71°C - 70°C - 71°C - 71°C - 72°C | Throttling: None - None - None - None - None - None - None - None
380 (417814 Gflops/s) - 384 (422212 Gflops/s) - 383 (421112 Gflops/s) - 383 (421112 Gflops/s) - 385 (423311 Gflops/s) - 384 (422212 Gflops/s) - 383 (421112 Gflops/s) - 382 (420013 Gflops/s) | Temperatures: 71°C - 70°C - 70°C - 71°C - 70°C - 71°C - 71°C - 72°C | Throttling: None - None - None - None - None - None - None - None
380 (417814 Gflops/s) - 384 (422212 Gflops/s) - 383 (421112 Gflops/s) - 384 (422212 Gflops/s) - 384 (422212 Gflops/s) - 385 (423311 Gflops/s) - 383 (421112 Gflops/s) - 382 (420013 Gflops/s) | Temperatures: 71°C - 70°C - 70°C - 71°C - 70°C - 71°C - 71°C - 72°C | Throttling: None - None - None - None - None - None - None - None
380 (417814 Gflops/s) - 384 (422212 Gflops/s) - 383 (421112 Gflops/s) - 383 (421112 Gflops/s) - 384 (422212 Gflops/s) - 384 (422212 Gflops/s) - 382 (420013 Gflops/s) - 381 (418913 Gflops/s) | Temperatures: 71°C - 70°C - 70°C - 71°C - 70°C - 71°C - 71°C - 72°C | Throttling: None - None - None - None - None - None - None - None
379 (416714 Gflops/s) - 383 (421112 Gflops/s) - 383 (421112 Gflops/s) - 384 (422212 Gflops/s) - 384 (422212 Gflops/s) - 383 (421112 Gflops/s) - 383 (421112 Gflops/s) - 382 (420013 Gflops/s) | Temperatures: 71°C - 70°C - 70°C - 71°C - 70°C - 71°C - 71°C - 72°C | Throttling: None - None - None - None - None - None - None - None
380 (417814 Gflops/s) - 384 (422212 Gflops/s) - 383 (421112 Gflops/s) - 383 (421112 Gflops/s) - 384 (422212 Gflops/s) - 384 (422212 Gflops/s) - 382 (420013 Gflops/s) - 382 (420013 Gflops/s) | Temperatures: 71°C - 70°C - 70°C - 71°C - 70°C - 71°C - 71°C - 72°C | Throttling: None - None - None - None - None - None - None - None
380 (417814 Gflops/s) - 384 (422212 Gflops/s) - 383 (421112 Gflops/s) - 384 (422212 Gflops/s) - 384 (422212 Gflops/s) - 384 (422212 Gflops/s) - 383 (421112 Gflops/s) - 382 (420013 Gflops/s) | Temperatures: 71°C - 70°C - 70°C - 71°C - 70°C - 71°C - 71°C - 72°C | Throttling: None - None - None - None - None - None - None - None
379 (416714 Gflops/s) - 384 (422212 Gflops/s) - 383 (421112 Gflops/s) - 383 (421112 Gflops/s) - 384 (422212 Gflops/s) - 384 (422212 Gflops/s) - 383 (421112 Gflops/s) - 381 (418913 Gflops/s) | Temperatures: 71°C - 70°C - 70°C - 71°C - 70°C - 71°C - 71°C - 72°C | Throttling: None - None - None - None - None - None - None - None
380 (417814 Gflops/s) - 384 (422212 Gflops/s) - 383 (421112 Gflops/s) - 383 (421112 Gflops/s) - 384 (422212 Gflops/s) - 385 (423311 Gflops/s) - 382 (420013 Gflops/s) - 382 (420013 Gflops/s) | Temperatures: 71°C - 70°C - 70°C - 71°C - 70°C - 71°C - 71°C - 72°C | Throttling: None - None - None - None - None - None - None - None
380 (417814 Gflops/s) - 384 (422212 Gflops/s) - 383 (421112 Gflops/s) - 384 (422212 Gflops/s) - 385 (423311 Gflops/s) - 384 (422212 Gflops/s) - 383 (421112 Gflops/s) - 382 (420013 Gflops/s) | Temperatures: 71°C - 71°C - 70°C - 71°C - 70°C - 71°C - 71°C - 72°C | Throttling: None - None - None - None - None - None - None - None
380 (417814 Gflops/s) - 384 (422212 Gflops/s) - 382 (420013 Gflops/s) - 383 (421112 Gflops/s) - 384 (422212 Gflops/s) - 384 (422212 Gflops/s) - 383 (421112 Gflops/s) - 382 (420013 Gflops/s) | Temperatures: 71°C - 70°C - 70°C - 71°C - 70°C - 71°C - 71°C - 72°C | Throttling: None - None - None - None - None - None - None - None
379 (416714 Gflops/s) - 384 (422212 Gflops/s) - 383 (421112 Gflops/s) - 384 (422212 Gflops/s) - 384 (422212 Gflops/s) - 384 (422212 Gflops/s) - 382 (420013 Gflops/s) - 382 (420013 Gflops/s) | Temperatures: 71°C - 70°C - 70°C - 71°C - 70°C - 71°C - 71°C - 72°C | Throttling: None - None - None - None - None - None - None - None
380 (417814 Gflops/s) - 384 (422212 Gflops/s) - 383 (421112 Gflops/s) - 383 (421112 Gflops/s) - 384 (422212 Gflops/s) - 384 (422212 Gflops/s) - 383 (421112 Gflops/s) - 382 (420013 Gflops/s) | Temperatures: 71°C - 71°C - 70°C - 71°C - 70°C - 71°C - 71°C - 72°C | Throttling: None - None - None - None - None - None - None - None
380 (417814 Gflops/s) - 383 (421112 Gflops/s) - 383 (421112 Gflops/s) - 383 (421112 Gflops/s) - 384 (422212 Gflops/s) - 384 (422212 Gflops/s) - 383 (421112 Gflops/s) - 381 (418913 Gflops/s) | Temperatures: 71°C - 70°C - 70°C - 71°C - 70°C - 71°C - 71°C - 72°C | Throttling: None - None - None - None - None - None - None - None
379 (416714 Gflops/s) - 384 (422212 Gflops/s) - 383 (421112 Gflops/s) - 384 (422212 Gflops/s) - 384 (422212 Gflops/s) - 384 (422212 Gflops/s) - 382 (420013 Gflops/s) - 382 (420013 Gflops/s) | Temperatures: 71°C - 70°C - 70°C - 71°C - 70°C - 71°C - 71°C - 72°C | Throttling: None - None - None - None - None - None - None - None
380 (417814 Gflops/s) - 384 (422212 Gflops/s) - 383 (421112 Gflops/s) - 383 (421112 Gflops/s) - 384 (422212 Gflops/s) - 384 (422212 Gflops/s) - 383 (421112 Gflops/s) - 382 (420013 Gflops/s) | Temperatures: 71°C - 70°C - 70°C - 71°C - 70°C - 71°C - 71°C - 72°C | Throttling: None - None - None - None - None - None - None - None
380 (417814 Gflops/s) - 384 (422212 Gflops/s) - 383 (421112 Gflops/s) - 384 (422212 Gflops/s) - 385 (423311 Gflops/s) - 384 (422212 Gflops/s) - 383 (421112 Gflops/s) - 382 (420013 Gflops/s) | Temperatures: 71°C - 70°C - 70°C - 71°C - 70°C - 71°C - 71°C - 72°C | Throttling: None - None - None - None - None - None - None - None
380 (417814 Gflops/s) - 384 (422212 Gflops/s) - 383 (421112 Gflops/s) - 383 (421112 Gflops/s) - 384 (422212 Gflops/s) - 384 (422212 Gflops/s) - 382 (420013 Gflops/s) - 381 (418913 Gflops/s) | Temperatures: 71°C - 71°C - 70°C - 71°C - 70°C - 71°C - 71°C - 72°C | Throttling: None - None - None - None - None - None - None - None
379 (416714 Gflops/s) - 384 (422212 Gflops/s) - 383 (421112 Gflops/s) - 384 (422212 Gflops/s) - 384 (422212 Gflops/s) - 384 (422212 Gflops/s) - 383 (421112 Gflops/s) - 382 (420013 Gflops/s) | Temperatures: 71°C - 71°C - 70°C - 71°C - 70°C - 71°C - 71°C - 72°C | Throttling: None - None - None - None - None - None - None - None
380 (417814 Gflops/s) - 383 (421112 Gflops/s) - 382 (420013 Gflops/s) - 383 (421112 Gflops/s) - 384 (422212 Gflops/s) - 384 (422212 Gflops/s) - 383 (421112 Gflops/s) - 382 (420013 Gflops/s) | Temperatures: 71°C - 70°C - 70°C - 71°C - 70°C - 71°C - 71°C - 72°C | Throttling: None - None - None - None - None - None - None - None
380 (417814 Gflops/s) - 384 (422212 Gflops/s) - 383 (421112 Gflops/s) - 384 (422212 Gflops/s) - 384 (422212 Gflops/s) - 384 (422212 Gflops/s) - 382 (420013 Gflops/s) - 382 (420013 Gflops/s) | Temperatures: 71°C - 71°C - 70°C - 71°C - 70°C - 71°C - 71°C - 72°C | Throttling: None - None - None - None - None - None - None - None
379 (416714 Gflops/s) - 384 (422212 Gflops/s) - 383 (421112 Gflops/s) - 383 (421112 Gflops/s) - 385 (423311 Gflops/s) - 384 (422212 Gflops/s) - 383 (421112 Gflops/s) - 382 (420013 Gflops/s) | Temperatures: 71°C - 70°C - 70°C - 71°C - 70°C - 71°C - 71°C - 72°C | Throttling: None - None - None - None - None - None - None - None
380 (417814 Gflops/s) - 384 (422212 Gflops/s) - 383 (421112 Gflops/s) - 384 (422212 Gflops/s) - 384 (422212 Gflops/s) - 384 (422212 Gflops/s) - 383 (421112 Gflops/s) - 382 (420013 Gflops/s) | Temperatures: 71°C - 70°C - 70°C - 71°C - 70°C - 71°C - 71°C - 72°C | Throttling: None - None - None - None - None - None - None - None
380 (417814 Gflops/s) - 384 (422212 Gflops/s) - 383 (421112 Gflops/s) - 383 (421112 Gflops/s) - 384 (422212 Gflops/s) - 384 (422212 Gflops/s) - 382 (420013 Gflops/s) - 381 (418913 Gflops/s) | Temperatures: 71°C - 71°C - 70°C - 71°C - 70°C - 71°C - 71°C - 72°C | Throttling: None - None - None - None - None - None - None - None
379 (416714 Gflops/s) - 384 (422212 Gflops/s) - 383 (421112 Gflops/s) - 383 (421112 Gflops/s) - 384 (422212 Gflops/s) - 384 (422212 Gflops/s) - 383 (421112 Gflops/s) - 382 (420013 Gflops/s) | Temperatures: 71°C - 71°C - 70°C - 71°C - 70°C - 71°C - 70°C - 72°C | Throttling: None - None - None - None - None - None - None - None
380 (417814 Gflops/s) - 383 (421112 Gflops/s) - 383 (421112 Gflops/s) - 384 (422212 Gflops/s) - 384 (422212 Gflops/s) - 384 (422212 Gflops/s) - 382 (420013 Gflops/s) - 382 (420013 Gflops/s) | Temperatures: 71°C - 71°C - 70°C - 71°C - 70°C - 71°C - 71°C - 72°C | Throttling: None - None - None - None - None - None - None - None
380 (417814 Gflops/s) - 384 (422212 Gflops/s) - 383 (421112 Gflops/s) - 383 (421112 Gflops/s) - 384 (422212 Gflops/s) - 384 (422212 Gflops/s) - 383 (421112 Gflops/s) - 382 (420013 Gflops/s) | Temperatures: 71°C - 71°C - 70°C - 71°C - 70°C - 71°C - 71°C - 72°C | Throttling: None - None - None - None - None - None - None - None
380 (417814 Gflops/s) - 384 (422212 Gflops/s) - 383 (421112 Gflops/s) - 383 (421112 Gflops/s) - 384 (422212 Gflops/s) - 384 (422212 Gflops/s) - 382 (420013 Gflops/s) - 381 (418913 Gflops/s) | Temperatures: 71°C - 70°C - 70°C - 71°C - 70°C - 71°C - 71°C - 72°C | Throttling: None - None - None - None - None - None - None - None
379 (416714 Gflops/s) - 384 (422212 Gflops/s) - 382 (420013 Gflops/s) - 384 (422212 Gflops/s) - 384 (422212 Gflops/s) - 384 (422212 Gflops/s) - 383 (421112 Gflops/s) - 382 (420013 Gflops/s) | Temperatures: 71°C - 71°C - 70°C - 71°C - 70°C - 71°C - 71°C - 72°C | Throttling: None - None - None - None - None - None - None - None
380 (417814 Gflops/s) - 384 (422212 Gflops/s) - 383 (421112 Gflops/s) - 383 (421112 Gflops/s) - 385 (423311 Gflops/s) - 384 (422212 Gflops/s) - 383 (421112 Gflops/s) - 382 (420013 Gflops/s) | Temperatures: 71°C - 70°C - 70°C - 71°C - 70°C - 71°C - 71°C - 72°C | Throttling: None - None - None - None - None - None - None - None
380 (417814 Gflops/s) - 384 (422212 Gflops/s) - 383 (421112 Gflops/s) - 384 (422212 Gflops/s) - 384 (422212 Gflops/s) - 384 (422212 Gflops/s) - 382 (420013 Gflops/s) - 382 (420013 Gflops/s) | Temperatures: 71°C - 71°C - 70°C - 71°C - 70°C - 71°C - 71°C - 72°C | Throttling: None - None - None - None - None - None - None - None
379 (416714 Gflops/s) - 384 (422212 Gflops/s) - 383 (421112 Gflops/s) - 383 (421112 Gflops/s) - 384 (422212 Gflops/s) - 384 (422212 Gflops/s) - 383 (421112 Gflops/s) - 382 (420013 Gflops/s) | Temperatures: 71°C - 71°C - 70°C - 71°C - 70°C - 71°C - 71°C - 72°C | Throttling: None - None - None - None - None - None - None - None
380 (417814 Gflops/s) - 383 (421112 Gflops/s) - 383 (421112 Gflops/s) - 383 (421112 Gflops/s) - 384 (422212 Gflops/s) - 384 (422212 Gflops/s) - 382 (420013 Gflops/s) - 381 (418913 Gflops/s) | Temperatures: 71°C - 71°C - 70°C - 71°C - 70°C - 71°C - 71°C - 72°C | Throttling: None - None - None - None - None - None - None - None
379 (416714 Gflops/s) - 384 (422212 Gflops/s) - 383 (421112 Gflops/s) - 384 (422212 Gflops/s) - 384 (422212 Gflops/s) - 384 (422212 Gflops/s) - 383 (421112 Gflops/s) - 382 (420013 Gflops/s) | Temperatures: 71°C - 71°C - 70°C - 71°C - 70°C - 71°C - 71°C - 72°C | Throttling: None - None - None - None - None - None - None - None
380 (417814 Gflops/s) - 384 (422212 Gflops/s) - 383 (421112 Gflops/s) - 383 (421112 Gflops/s) - 384 (422212 Gflops/s) - 384 (422212 Gflops/s) - 382 (420013 Gflops/s) - 382 (420013 Gflops/s) | Temperatures: 71°C - 71°C - 70°C - 71°C - 70°C - 71°C - 71°C - 72°C | Throttling: None - None - None - None - None - None - None - None
380 (417814 Gflops/s) - 384 (422212 Gflops/s) - 382 (420013 Gflops/s) - 384 (422212 Gflops/s) - 384 (422212 Gflops/s) - 384 (422212 Gflops/s) - 383 (421112 Gflops/s) - 382 (420013 Gflops/s) | Temperatures: 71°C - 71°C - 70°C - 71°C - 70°C - 71°C - 71°C - 72°C | Throttling: None - None - None - None - None - None - None - None
380 (417814 Gflops/s) - 384 (422212 Gflops/s) - 383 (421112 Gflops/s) - 383 (421112 Gflops/s) - 384 (422212 Gflops/s) - 384 (422212 Gflops/s) - 383 (421112 Gflops/s) - 382 (420013 Gflops/s) | Temperatures: 71°C - 71°C - 70°C - 71°C - 70°C - 71°C - 71°C - 72°C | Throttling: None - None - None - None - None - None - None - None
380 (417814 Gflops/s) - 384 (422212 Gflops/s) - 383 (421112 Gflops/s) - 384 (422212 Gflops/s) - 384 (422212 Gflops/s) - 384 (422212 Gflops/s) - 382 (420013 Gflops/s) - 381 (418913 Gflops/s) | Temperatures: 71°C - 70°C - 70°C - 71°C - 70°C - 71°C - 71°C - 72°C | Throttling: None - None - None - None - None - None - None - None
379 (416714 Gflops/s) - 384 (422212 Gflops/s) - 383 (421112 Gflops/s) - 383 (421112 Gflops/s) - 385 (423311 Gflops/s) - 384 (422212 Gflops/s) - 383 (421112 Gflops/s) - 382 (420013 Gflops/s) | Temperatures: 71°C - 71°C - 70°C - 71°C - 70°C - 71°C - 71°C - 72°C | Throttling: None - None - None - None - None - None - None - None
380 (417814 Gflops/s) - 384 (422212 Gflops/s) - 383 (421112 Gflops/s) - 384 (422212 Gflops/s) - 384 (422212 Gflops/s) - 384 (422212 Gflops/s) - 382 (420013 Gflops/s) - 382 (420013 Gflops/s) | Temperatures: 71°C - 71°C - 70°C - 71°C - 70°C - 71°C - 71°C - 72°C | Throttling: None - None - None - None - None - None - None - None
380 (417814 Gflops/s) - 384 (422212 Gflops/s) - 383 (421112 Gflops/s) - 383 (421112 Gflops/s) - 384 (422212 Gflops/s) - 384 (422212 Gflops/s) - 383 (421112 Gflops/s) - 382 (420013 Gflops/s) | Temperatures: 71°C - 71°C - 70°C - 71°C - 70°C - 71°C - 71°C - 72°C | Throttling: None - None - None - None - None - None - None - None
380 (417814 Gflops/s) - 383 (421112 Gflops/s) - 383 (421112 Gflops/s) - 384 (422212 Gflops/s) - 384 (422212 Gflops/s) - 384 (422212 Gflops/s) - 383 (421112 Gflops/s) - 382 (420013 Gflops/s) | Temperatures: 71°C - 71°C - 70°C - 71°C - 70°C - 71°C - 71°C - 72°C | Throttling: None - None - None - None - None - None - None - None
379 (416714 Gflops/s) - 384 (422212 Gflops/s) - 383 (421112 Gflops/s) - 383 (421112 Gflops/s) - 384 (422212 Gflops/s) - 384 (422212 Gflops/s) - 382 (420013 Gflops/s) - 381 (418913 Gflops/s) | Temperatures: 71°C - 71°C - 70°C - 71°C - 70°C - 71°C - 71°C - 72°C | Throttling: None - None - None - None - None - None - None - None
380 (417814 Gflops/s) - 384 (422212 Gflops/s) - 383 (421112 Gflops/s) - 383 (421112 Gflops/s) - 384 (422212 Gflops/s) - 384 (422212 Gflops/s) - 382 (420013 Gflops/s) - 382 (420013 Gflops/s) | Temperatures: 71°C - 70°C - 70°C - 71°C - 70°C - 71°C - 71°C - 72°C | Throttling: None - None - None - None - None - None - None - None
379 (416714 Gflops/s) - 384 (422212 Gflops/s) - 382 (420013 Gflops/s) - 384 (422212 Gflops/s) - 384 (422212 Gflops/s) - 384 (422212 Gflops/s) - 383 (421112 Gflops/s) - 382 (420013 Gflops/s) | Temperatures: 71°C - 71°C - 70°C - 71°C - 70°C - 71°C - 71°C - 72°C | Throttling: None - None - None - None - None - None - None - None
380 (417814 Gflops/s) - 384 (422212 Gflops/s) - 383 (421112 Gflops/s) - 383 (421112 Gflops/s) - 384 (422212 Gflops/s) - 384 (422212 Gflops/s) - 383 (421112 Gflops/s) - 382 (420013 Gflops/s) | Temperatures: 71°C - 70°C - 70°C - 71°C - 70°C - 71°C - 71°C - 72°C | Throttling: None - None - None - None - None - None - None - None
380 (417814 Gflops/s) - 383 (421112 Gflops/s) - 383 (421112 Gflops/s) - 384 (422212 Gflops/s) - 384 (422212 Gflops/s) - 384 (422212 Gflops/s) - 382 (420013 Gflops/s) - 382 (420013 Gflops/s) | Temperatures: 71°C - 71°C - 70°C - 71°C - 70°C - 71°C - 71°C - 72°C | Throttling: None - None - None - None - None - None - None - None
380 (417814 Gflops/s) - 384 (422212 Gflops/s) - 383 (421112 Gflops/s) - 383 (421112 Gflops/s) - 385 (423311 Gflops/s) - 384 (422212 Gflops/s) - 383 (421112 Gflops/s) - 381 (418913 Gflops/s) | Temperatures: 71°C - 70°C - 70°C - 71°C - 70°C - 71°C - 71°C - 72°C | Throttling: None - None - None - None - None - None - None - None
379 (416714 Gflops/s) - 384 (422212 Gflops/s) - 383 (421112 Gflops/s) - 383 (421112 Gflops/s) - 384 (422212 Gflops/s) - 384 (422212 Gflops/s) - 382 (420013 Gflops/s) - 382 (420013 Gflops/s) | Temperatures: 71°C - 71°C - 70°C - 71°C - 70°C - 71°C - 71°C - 72°C | Throttling: None - None - None - None - None - None - None - None
380 (417814 Gflops/s) - 384 (422212 Gflops/s) - 383 (421112 Gflops/s) - 384 (422212 Gflops/s) - 384 (422212 Gflops/s) - 384 (422212 Gflops/s) - 383 (421112 Gflops/s) - 382 (420013 Gflops/s) | Temperatures: 71°C - 71°C - 70°C - 71°C - 70°C - 71°C - 71°C - 72°C | Throttling: None - None - None - None - None - None - None - None
380 (417814 Gflops/s) - 384 (422212 Gflops/s) - 383 (421112 Gflops/s) - 383 (421112 Gflops/s) - 384 (422212 Gflops/s) - 384 (422212 Gflops/s) - 382 (420013 Gflops/s) - 382 (420013 Gflops/s) | Temperatures: 71°C - 71°C - 70°C - 71°C - 70°C - 71°C - 71°C - 72°C | Throttling: None - None - None - None - None - None - None - None
380 (417814 Gflops/s) - 384 (422212 Gflops/s) - 383 (421112 Gflops/s) - 384 (422212 Gflops/s) - 384 (422212 Gflops/s) - 384 (422212 Gflops/s) - 383 (421112 Gflops/s) - 382 (420013 Gflops/s) | Temperatures: 71°C - 70°C - 70°C - 71°C - 70°C - 71°C - 71°C - 72°C | Throttling: None - None - None - None - None - None - None - None
379 (416714 Gflops/s) - 384 (422212 Gflops/s) - 383 (421112 Gflops/s) - 383 (421112 Gflops/s) - 384 (422212 Gflops/s) - 384 (422212 Gflops/s) - 383 (421112 Gflops/s) - 381 (418913 Gflops/s) | Temperatures: 71°C - 71°C - 70°C - 71°C - 70°C - 71°C - 71°C - 72°C | Throttling: None - None - None - None - None - None - None - None
380 (417814 Gflops/s) - 383 (421112 Gflops/s) - 383 (421112 Gflops/s) - 384 (422212 Gflops/s) - 384 (422212 Gflops/s) - 384 (422212 Gflops/s) - 382 (420013 Gflops/s) - 382 (420013 Gflops/s) | Temperatures: 71°C - 71°C - 70°C - 71°C - 70°C - 71°C - 71°C - 72°C | Throttling: None - None - None - None - None - None - None - None
379 (416714 Gflops/s) - 384 (422212 Gflops/s) - 382 (420013 Gflops/s) - 383 (421112 Gflops/s) - 384 (422212 Gflops/s) - 384 (422212 Gflops/s) - 382 (420013 Gflops/s) - 382 (420013 Gflops/s) | Temperatures: 71°C - 70°C - 70°C - 71°C - 70°C - 71°C - 71°C - 72°C | Throttling: None - None - None - None - None - None - None - None
380 (417814 Gflops/s) - 384 (422212 Gflops/s) - 383 (421112 Gflops/s) - 383 (421112 Gflops/s) - 384 (422212 Gflops/s) - 384 (422212 Gflops/s) - 383 (421112 Gflops/s) - 382 (420013 Gflops/s) | Temperatures: 71°C - 71°C - 70°C - 71°C - 70°C - 71°C - 71°C - 72°C | Throttling: None - None - None - None - None - None - None - None
380 (417814 Gflops/s) - 384 (422212 Gflops/s) - 383 (421112 Gflops/s) - 384 (422212 Gflops/s) - 384 (422212 Gflops/s) - 384 (422212 Gflops/s) - 383 (421112 Gflops/s) - 381 (418913 Gflops/s) | Temperatures: 71°C - 70°C - 70°C - 71°C - 70°C - 71°C - 70°C - 72°C | Throttling: None - None - None - None - None - None - None - None
380 (417814 Gflops/s) - 384 (422212 Gflops/s) - 383 (421112 Gflops/s) - 383 (421112 Gflops/s) - 384 (422212 Gflops/s) - 384 (422212 Gflops/s) - 382 (420013 Gflops/s) - 382 (420013 Gflops/s) | Temperatures: 71°C - 70°C - 70°C - 71°C - 70°C - 71°C - 71°C - 72°C | Throttling: None - None - None - None - None - None - None - None
379 (416714 Gflops/s) - 383 (421112 Gflops/s) - 383 (421112 Gflops/s) - 384 (422212 Gflops/s) - 385 (423311 Gflops/s) - 384 (422212 Gflops/s) - 383 (421112 Gflops/s) - 382 (420013 Gflops/s) | Temperatures: 71°C - 70°C - 70°C - 71°C - 70°C - 71°C - 71°C - 72°C | Throttling: None - None - None - None - None - None - None - None
380 (417814 Gflops/s) - 384 (422212 Gflops/s) - 383 (421112 Gflops/s) - 383 (421112 Gflops/s) - 384 (422212 Gflops/s) - 384 (422212 Gflops/s) - 383 (421112 Gflops/s) - 382 (420013 Gflops/s) | Temperatures: 71°C - 70°C - 70°C - 71°C - 70°C - 71°C - 71°C - 72°C | Throttling: None - None - None - None - None - None - None - None
380 (417814 Gflops/s) - 384 (422212 Gflops/s) - 383 (421112 Gflops/s) - 384 (422212 Gflops/s) - 384 (422212 Gflops/s) - 384 (422212 Gflops/s) - 382 (420013 Gflops/s) - 382 (420013 Gflops/s) | Temperatures: 71°C - 70°C - 70°C - 71°C - 70°C - 71°C - 71°C - 72°C | Throttling: None - None - None - None - None - None - None - None
380 (417814 Gflops/s) - 384 (422212 Gflops/s) - 382 (420013 Gflops/s) - 383 (421112 Gflops/s) - 384 (422212 Gflops/s) - 384 (422212 Gflops/s) - 383 (421112 Gflops/s) - 382 (420013 Gflops/s) | Temperatures: 71°C - 70°C - 70°C - 71°C - 70°C - 71°C - 70°C - 72°C | Throttling: None - None - None - None - None - None - None - None
379 (416714 Gflops/s) - 384 (422212 Gflops/s) - 383 (421112 Gflops/s) - 384 (422212 Gflops/s) - 384 (422212 Gflops/s) - 384 (422212 Gflops/s) - 382 (420013 Gflops/s) - 381 (418913 Gflops/s) | Temperatures: 71°C - 70°C - 70°C - 71°C - 70°C - 71°C - 71°C - 72°C | Throttling: None - None - None - None - None - None - None - None
380 (417814 Gflops/s) - 384 (422212 Gflops/s) - 383 (421112 Gflops/s) - 383 (421112 Gflops/s) - 384 (422212 Gflops/s) - 384 (422212 Gflops/s) - 383 (421112 Gflops/s) - 382 (420013 Gflops/s) | Temperatures: 71°C - 70°C - 70°C - 71°C - 70°C - 71°C - 71°C - 72°C | Throttling: None - None - None - None - None - None - None - None
379 (416714 Gflops/s) - 383 (421112 Gflops/s) - 383 (421112 Gflops/s) - 383 (421112 Gflops/s) - 384 (422212 Gflops/s) - 384 (422212 Gflops/s) - 382 (420013 Gflops/s) - 382 (420013 Gflops/s) | Temperatures: 71°C - 70°C - 70°C - 71°C - 70°C - 71°C - 70°C - 72°C | Throttling: None - None - None - None - None - None - None - None
380 (417814 Gflops/s) - 384 (422212 Gflops/s) - 383 (421112 Gflops/s) - 384 (422212 Gflops/s) - 384 (422212 Gflops/s) - 384 (422212 Gflops/s) - 383 (421112 Gflops/s) - 382 (420013 Gflops/s) | Temperatures: 71°C - 70°C - 70°C - 71°C - 70°C - 71°C - 70°C - 72°C | Throttling: None - None - None - None - None - None - None - None
380 (417814 Gflops/s) - 384 (422212 Gflops/s) - 383 (421112 Gflops/s) - 383 (421112 Gflops/s) - 385 (423311 Gflops/s) - 384 (422212 Gflops/s) - 383 (421112 Gflops/s) - 381 (418913 Gflops/s) | Temperatures: 71°C - 70°C - 70°C - 71°C - 70°C - 71°C - 70°C - 72°C | Throttling: None - None - None - None - None - None - None - None
380 (417814 Gflops/s) - 384 (422212 Gflops/s) - 382 (420013 Gflops/s) - 384 (422212 Gflops/s) - 384 (422212 Gflops/s) - 384 (422212 Gflops/s) - 382 (420013 Gflops/s) - 382 (420013 Gflops/s) | Temperatures: 71°C - 70°C - 70°C - 71°C - 70°C - 71°C - 70°C - 72°C | Throttling: None - None - None - None - None - None - None - None
379 (416714 Gflops/s) - 384 (422212 Gflops/s) - 383 (421112 Gflops/s) - 383 (421112 Gflops/s) - 384 (422212 Gflops/s) - 384 (422212 Gflops/s) - 383 (421112 Gflops/s) - 382 (420013 Gflops/s) | Temperatures: 71°C - 70°C - 70°C - 71°C - 70°C - 71°C - 71°C - 72°C | Throttling: None - None - None - None - None - None - None - None
380 (417814 Gflops/s) - 384 (422212 Gflops/s) - 383 (421112 Gflops/s) - 384 (422212 Gflops/s) - 384 (422212 Gflops/s) - 384 (422212 Gflops/s) - 383 (421112 Gflops/s) - 382 (420013 Gflops/s) | Temperatures: 71°C - 70°C - 70°C - 71°C - 70°C - 71°C - 70°C - 72°C | Throttling: None - None - None - None - None - None - None - None
380 (417814 Gflops/s) - 384 (422212 Gflops/s) - 383 (421112 Gflops/s) - 383 (421112 Gflops/s) - 384 (422212 Gflops/s) - 384 (422212 Gflops/s) - 382 (420013 Gflops/s) - 382 (420013 Gflops/s) | Temperatures: 71°C - 70°C - 70°C - 71°C - 70°C - 71°C - 70°C - 72°C | Throttling: None - None - None - None - None - None - None - None
379 (416714 Gflops/s) - 384 (422212 Gflops/s) - 383 (421112 Gflops/s) - 384 (422212 Gflops/s) - 385 (423311 Gflops/s) - 384 (422212 Gflops/s) - 383 (421112 Gflops/s) - 382 (420013 Gflops/s) | Temperatures: 71°C - 70°C - 70°C - 71°C - 70°C - 71°C - 70°C - 72°C | Throttling: None - None - None - None - None - None - None - None
380 (417814 Gflops/s) - 383 (421112 Gflops/s) - 383 (421112 Gflops/s) - 383 (421112 Gflops/s) - 383 (421112 Gflops/s) - 384 (422212 Gflops/s) - 382 (420013 Gflops/s) - 381 (418913 Gflops/s) | Temperatures: 71°C - 70°C - 70°C - 71°C - 70°C - 71°C - 70°C - 72°C | Throttling: None - None - None - None - None - None - None - None
379 (416714 Gflops/s) - 384 (422212 Gflops/s) - 383 (421112 Gflops/s) - 383 (421112 Gflops/s) - 385 (423311 Gflops/s) - 384 (422212 Gflops/s) - 383 (421112 Gflops/s) - 382 (420013 Gflops/s) | Temperatures: 71°C - 70°C - 70°C - 71°C - 70°C - 71°C - 70°C - 72°C | Throttling: None - None - None - None - None - None - None - None
380 (417814 Gflops/s) - 384 (422212 Gflops/s) - 382 (420013 Gflops/s) - 384 (422212 Gflops/s) - 384 (422212 Gflops/s) - 384 (422212 Gflops/s) - 383 (421112 Gflops/s) - 382 (420013 Gflops/s) | Temperatures: 71°C - 70°C - 70°C - 71°C - 70°C - 71°C - 70°C - 72°C | Throttling: None - None - None - None - None - None - None - None
380 (417814 Gflops/s) - 384 (422212 Gflops/s) - 383 (421112 Gflops/s) - 383 (421112 Gflops/s) - 384 (422212 Gflops/s) - 384 (422212 Gflops/s) - 382 (420013 Gflops/s) - 382 (420013 Gflops/s) | Temperatures: 71°C - 70°C - 70°C - 71°C - 70°C - 71°C - 70°C - 72°C | Throttling: None - None - None - None - None - None - None - None
379 (416714 Gflops/s) - 384 (422212 Gflops/s) - 383 (421112 Gflops/s) - 384 (422212 Gflops/s) - 384 (422212 Gflops/s) - 384 (422212 Gflops/s) - 383 (421112 Gflops/s) - 381 (418913 Gflops/s) | Temperatures: 71°C - 70°C - 70°C - 71°C - 70°C - 71°C - 71°C - 72°C | Throttling: None - None - None - None - None - None - None - None
380 (417814 Gflops/s) - 384 (422212 Gflops/s) - 383 (421112 Gflops/s) - 383 (421112 Gflops/s) - 385 (423311 Gflops/s) - 384 (422212 Gflops/s) - 383 (421112 Gflops/s) - 382 (420013 Gflops/s) | Temperatures: 71°C - 70°C - 70°C - 71°C - 70°C - 71°C - 70°C - 72°C | Throttling: None - None - None - None - None - None - None - None
380 (417814 Gflops/s) - 384 (422212 Gflops/s) - 383 (421112 Gflops/s) - 384 (422212 Gflops/s) - 384 (422212 Gflops/s) - 384 (422212 Gflops/s) - 382 (420013 Gflops/s) - 382 (420013 Gflops/s) | Temperatures: 71°C - 70°C - 70°C - 71°C - 70°C - 71°C - 70°C - 72°C | Throttling: None - None - None - None - None - None - None - None
379 (416714 Gflops/s) - 384 (422212 Gflops/s) - 383 (421112 Gflops/s) - 383 (421112 Gflops/s) - 384 (422212 Gflops/s) - 384 (422212 Gflops/s) - 383 (421112 Gflops/s) - 382 (420013 Gflops/s) | Temperatures: 71°C - 70°C - 70°C - 71°C - 70°C - 71°C - 70°C - 72°C | Throttling: None - None - None - None - None - None - None - None
380 (417814 Gflops/s) - 384 (422212 Gflops/s) - 383 (421112 Gflops/s) - 384 (422212 Gflops/s) - 384 (422212 Gflops/s) - 384 (422212 Gflops/s) - 383 (421112 Gflops/s) - 382 (420013 Gflops/s) | Temperatures: 71°C - 70°C - 70°C - 71°C - 70°C - 71°C - 70°C - 72°C | Throttling: None - None - None - None - None - None - None - None
380 (417814 Gflops/s) - 384 (422212 Gflops/s) - 383 (421112 Gflops/s) - 383 (421112 Gflops/s) - 384 (422212 Gflops/s) - 385 (423311 Gflops/s) - 383 (421112 Gflops/s) - 382 (420013 Gflops/s) | Temperatures: 71°C - 70°C - 70°C - 71°C - 70°C - 71°C - 70°C - 72°C | Throttling: None - None - None - None - None - None - None - None
379 (416714 Gflops/s) - 383 (421112 Gflops/s) - 383 (421112 Gflops/s) - 383 (421112 Gflops/s) - 384 (422212 Gflops/s) - 383 (421112 Gflops/s) - 382 (420013 Gflops/s) - 381 (418913 Gflops/s) | Temperatures: 71°C - 70°C - 70°C - 71°C - 70°C - 71°C - 70°C - 72°C | Throttling: None - None - None - None - None - None - None - None
380 (417814 Gflops/s) - 384 (422212 Gflops/s) - 382 (420013 Gflops/s) - 384 (422212 Gflops/s) - 384 (422212 Gflops/s) - 384 (422212 Gflops/s) - 383 (421112 Gflops/s) - 382 (420013 Gflops/s) | Temperatures: 71°C - 70°C - 70°C - 71°C - 70°C - 71°C - 70°C - 72°C | Throttling: None - None - None - None - None - None - None - None
380 (417814 Gflops/s) - 384 (422212 Gflops/s) - 383 (421112 Gflops/s) - 383 (421112 Gflops/s) - 385 (423311 Gflops/s) - 384 (422212 Gflops/s) - 382 (420013 Gflops/s) - 382 (420013 Gflops/s) | Temperatures: 71°C - 70°C - 70°C - 71°C - 70°C - 71°C - 70°C - 72°C | Throttling: None - None - None - None - None - None - None - None
379 (416714 Gflops/s) - 384 (422212 Gflops/s) - 383 (421112 Gflops/s) - 384 (422212 Gflops/s) - 384 (422212 Gflops/s) - 384 (422212 Gflops/s) - 383 (421112 Gflops/s) - 382 (420013 Gflops/s) | Temperatures: 71°C - 70°C - 70°C - 71°C - 70°C - 71°C - 70°C - 72°C | Throttling: None - None - None - None - None - None - None - None
380 (417814 Gflops/s) - 384 (422212 Gflops/s) - 383 (421112 Gflops/s) - 383 (421112 Gflops/s) - 384 (422212 Gflops/s) - 384 (422212 Gflops/s) - 383 (421112 Gflops/s) - 382 (420013 Gflops/s) | Temperatures: 71°C - 70°C - 70°C - 71°C - 70°C - 71°C - 70°C - 72°C | Throttling: None - None - None - None - None - None - None - None
380 (417814 Gflops/s) - 384 (422212 Gflops/s) - 383 (421112 Gflops/s) - 383 (421112 Gflops/s) - 384 (422212 Gflops/s) - 385 (423311 Gflops/s) - 383 (421112 Gflops/s) - 382 (420013 Gflops/s) | Temperatures: 71°C - 70°C - 70°C - 71°C - 70°C - 71°C - 70°C - 72°C | Throttling: None - None - None - None - None - None - None - None
379 (416714 Gflops/s) - 384 (422212 Gflops/s) - 383 (421112 Gflops/s) - 384 (422212 Gflops/s) - 385 (423311 Gflops/s) - 384 (422212 Gflops/s) - 382 (420013 Gflops/s) - 381 (418913 Gflops/s) | Temperatures: 71°C - 70°C - 70°C - 71°C - 70°C - 71°C - 70°C - 72°C | Throttling: None - None - None - None - None - None - None - None
380 (417814 Gflops/s) - 384 (422212 Gflops/s) - 383 (421112 Gflops/s) - 383 (421112 Gflops/s) - 384 (422212 Gflops/s) - 384 (422212 Gflops/s) - 383 (421112 Gflops/s) - 382 (420013 Gflops/s) | Temperatures: 71°C - 70°C - 70°C - 71°C - 70°C - 71°C - 70°C - 72°C | Throttling: None - None - None - None - None - None - None - None
379 (416714 Gflops/s) - 384 (422212 Gflops/s) - 383 (421112 Gflops/s) - 383 (421112 Gflops/s) - 384 (422212 Gflops/s) - 383 (421112 Gflops/s) - 382 (420013 Gflops/s) - 382 (420013 Gflops/s) | Temperatures: 71°C - 70°C - 70°C - 71°C - 70°C - 71°C - 70°C - 72°C | Throttling: None - None - None - None - None - None - None - None
380 (417814 Gflops/s) - 383 (421112 Gflops/s) - 383 (421112 Gflops/s) - 384 (422212 Gflops/s) - 384 (422212 Gflops/s) - 384 (422212 Gflops/s) - 383 (421112 Gflops/s) - 382 (420013 Gflops/s) | Temperatures: 71°C - 70°C - 70°C - 71°C - 70°C - 71°C - 70°C - 72°C | Throttling: None - None - None - None - None - None - None - None
379 (416714 Gflops/s) - 384 (422212 Gflops/s) - 382 (420013 Gflops/s) - 383 (421112 Gflops/s) - 384 (422212 Gflops/s) - 385 (423311 Gflops/s) - 383 (421112 Gflops/s) - 382 (420013 Gflops/s) | Temperatures: 71°C - 70°C - 70°C - 71°C - 70°C - 71°C - 70°C - 72°C | Throttling: None - None - None - None - None - None - None - None
380 (417814 Gflops/s) - 384 (422212 Gflops/s) - 383 (421112 Gflops/s) - 384 (422212 Gflops/s) - 384 (422212 Gflops/s) - 384 (422212 Gflops/s) - 382 (420013 Gflops/s) - 381 (418913 Gflops/s) | Temperatures: 71°C - 70°C - 70°C - 71°C - 70°C - 71°C - 70°C - 72°C | Throttling: None - None - None - None - None - None - None - None
380 (417814 Gflops/s) - 384 (422212 Gflops/s) - 383 (421112 Gflops/s) - 383 (421112 Gflops/s) - 384 (422212 Gflops/s) - 384 (422212 Gflops/s) - 383 (421112 Gflops/s) - 382 (420013 Gflops/s) | Temperatures: 71°C - 70°C - 70°C - 71°C - 70°C - 71°C - 70°C - 72°C | Throttling: None - None - None - None - None - None - None - None
379 (416714 Gflops/s) - 384 (422212 Gflops/s) - 383 (421112 Gflops/s) - 383 (421112 Gflops/s) - 384 (422212 Gflops/s) - 384 (422212 Gflops/s) - 383 (421112 Gflops/s) - 382 (420013 Gflops/s) | Temperatures: 71°C - 70°C - 70°C - 71°C - 70°C - 71°C - 70°C - 72°C | Throttling: None - None - None - None - None - None - None - None
380 (417814 Gflops/s) - 384 (422212 Gflops/s) - 383 (421112 Gflops/s) - 384 (422212 Gflops/s) - 385 (423311 Gflops/s) - 384 (422212 Gflops/s) - 382 (420013 Gflops/s) - 382 (420013 Gflops/s) | Temperatures: 71°C - 70°C - 70°C - 71°C - 70°C - 71°C - 70°C - 72°C | Throttling: None - None - None - None - None - None - None - None
380 (417814 Gflops/s) - 384 (422212 Gflops/s) - 383 (421112 Gflops/s) - 383 (421112 Gflops/s) - 384 (422212 Gflops/s) - 384 (422212 Gflops/s) - 383 (421112 Gflops/s) - 382 (420013 Gflops/s) | Temperatures: 71°C - 70°C - 70°C - 71°C - 70°C - 71°C - 70°C - 72°C | Throttling: None - None - None - None - None - None - None - None
379 (416714 Gflops/s) - 384 (422212 Gflops/s) - 383 (421112 Gflops/s) - 384 (422212 Gflops/s) - 384 (422212 Gflops/s) - 384 (422212 Gflops/s) - 383 (421112 Gflops/s) - 382 (420013 Gflops/s) | Temperatures: 71°C - 70°C - 70°C - 71°C - 70°C - 71°C - 70°C - 72°C | Throttling: None - None - None - None - None - None - None - None
380 (417814 Gflops/s) - 384 (422212 Gflops/s) - 383 (421112 Gflops/s) - 383 (421112 Gflops/s) - 384 (422212 Gflops/s) - 384 (422212 Gflops/s) - 383 (421112 Gflops/s) - 382 (420013 Gflops/s) | Temperatures: 71°C - 70°C - 70°C - 71°C - 70°C - 71°C - 70°C - 72°C | Throttling: None - None - None - None - None - None - None - None
380 (417814 Gflops/s) - 384 (422212 Gflops/s) - 383 (421112 Gflops/s) - 384 (422212 Gflops/s) - 385 (423311 Gflops/s) - 384 (422212 Gflops/s) - 382 (420013 Gflops/s) - 382 (420013 Gflops/s) | Temperatures: 71°C - 70°C - 70°C - 71°C - 70°C - 71°C - 70°C - 72°C | Throttling: None - None - None - None - None - None - None - None
379 (416714 Gflops/s) - 384 (422212 Gflops/s) - 383 (421112 Gflops/s) - 383 (421112 Gflops/s) - 384 (422212 Gflops/s) - 384 (422212 Gflops/s) - 383 (421112 Gflops/s) - 381 (418913 Gflops/s) | Temperatures: 71°C - 70°C - 70°C - 71°C - 70°C - 71°C - 70°C - 72°C | Throttling: None - None - None - None - None - None - None - None
380 (417814 Gflops/s) - 384 (422212 Gflops/s) - 382 (420013 Gflops/s) - 384 (422212 Gflops/s) - 384 (422212 Gflops/s) - 384 (422212 Gflops/s) - 383 (421112 Gflops/s) - 382 (420013 Gflops/s) | Temperatures: 71°C - 70°C - 70°C - 71°C - 70°C - 71°C - 70°C - 72°C | Throttling: None - None - None - None - None - None - None - None
379 (416714 Gflops/s) - 383 (421112 Gflops/s) - 383 (421112 Gflops/s) - 383 (421112 Gflops/s) - 384 (422212 Gflops/s) - 384 (422212 Gflops/s) - 382 (420013 Gflops/s) - 382 (420013 Gflops/s) | Temperatures: 71°C - 70°C - 70°C - 71°C - 70°C - 71°C - 70°C - 72°C | Throttling: None - None - None - None - None - None - None - None
380 (417814 Gflops/s) - 384 (422212 Gflops/s) - 383 (421112 Gflops/s) - 383 (421112 Gflops/s) - 384 (422212 Gflops/s) - 384 (422212 Gflops/s) - 383 (421112 Gflops/s) - 382 (420013 Gflops/s) | Temperatures: 71°C - 70°C - 70°C - 71°C - 70°C - 71°C - 70°C - 72°C | Throttling: None - None - None - None - None - None - None - None
380 (417814 Gflops/s) - 384 (422212 Gflops/s) - 383 (421112 Gflops/s) - 384 (422212 Gflops/s) - 384 (422212 Gflops/s) - 384 (422212 Gflops/s) - 382 (420013 Gflops/s) - 381 (418913 Gflops/s) | Temperatures: 71°C - 70°C - 70°C - 71°C - 70°C - 71°C - 70°C - 72°C | Throttling: None - None - None - None - None - None - None - None
379 (416714 Gflops/s) - 384 (422212 Gflops/s) - 383 (421112 Gflops/s) - 383 (421112 Gflops/s) - 385 (423311 Gflops/s) - 385 (423311 Gflops/s) - 383 (421112 Gflops/s) - 382 (420013 Gflops/s) | Temperatures: 71°C - 70°C - 70°C - 71°C - 70°C - 71°C - 70°C - 72°C | Throttling: None - None - None - None - None - None - None - None
380 (417814 Gflops/s) - 384 (422212 Gflops/s) - 383 (421112 Gflops/s) - 384 (422212 Gflops/s) - 384 (422212 Gflops/s) - 384 (422212 Gflops/s) - 383 (421112 Gflops/s) - 382 (420013 Gflops/s) | Temperatures: 71°C - 70°C - 70°C - 71°C - 70°C - 71°C - 70°C - 72°C | Throttling: None - None - None - None - None - None - None - None
380 (417814 Gflops/s) - 384 (422212 Gflops/s) - 383 (421112 Gflops/s) - 383 (421112 Gflops/s) - 384 (422212 Gflops/s) - 384 (422212 Gflops/s) - 382 (420013 Gflops/s) - 382 (420013 Gflops/s) | Temperatures: 71°C - 70°C - 70°C - 71°C - 70°C - 71°C - 70°C - 72°C | Throttling: None - None - None - None - None - None - None - None
379 (416714 Gflops/s) - 384 (422212 Gflops/s) - 382 (420013 Gflops/s) - 384 (422212 Gflops/s) - 384 (422212 Gflops/s) - 384 (422212 Gflops/s) - 383 (421112 Gflops/s) - 382 (420013 Gflops/s) | Temperatures: 71°C - 70°C - 70°C - 71°C - 70°C - 71°C - 70°C - 72°C | Throttling: None - None - None - None - None - None - None - None
380 (417814 Gflops/s) - 384 (422212 Gflops/s) - 383 (421112 Gflops/s) - 383 (421112 Gflops/s) - 385 (423311 Gflops/s) - 384 (422212 Gflops/s) - 383 (421112 Gflops/s) - 382 (420013 Gflops/s) | Temperatures: 71°C - 70°C - 70°C - 71°C - 70°C - 71°C - 70°C - 72°C | Throttling: None - None - None - None - None - None - None - None
380 (417814 Gflops/s) - 384 (422212 Gflops/s) - 383 (421112 Gflops/s) - 383 (421112 Gflops/s) - 384 (422212 Gflops/s) - 384 (422212 Gflops/s) - 383 (421112 Gflops/s) - 382 (420013 Gflops/s) | Temperatures: 71°C - 70°C - 70°C - 71°C - 70°C - 71°C - 70°C - 72°C | Throttling: None - None - None - None - None - None - None - None
379 (416714 Gflops/s) - 384 (422212 Gflops/s) - 383 (421112 Gflops/s) - 384 (422212 Gflops/s) - 384 (422212 Gflops/s) - 384 (422212 Gflops/s) - 382 (420013 Gflops/s) - 381 (418913 Gflops/s) | Temperatures: 71°C - 70°C - 70°C - 71°C - 70°C - 71°C - 70°C - 72°C | Throttling: None - None - None - None - None - None - None - None
380 (417814 Gflops/s) - 384 (422212 Gflops/s) - 383 (421112 Gflops/s) - 383 (421112 Gflops/s) - 384 (422212 Gflops/s) - 384 (422212 Gflops/s) - 383 (421112 Gflops/s) - 382 (420013 Gflops/s) | Temperatures: 71°C - 70°C - 70°C - 71°C - 70°C - 71°C - 70°C - 72°C | Throttling: None - None - None - None - None - None - None - None
379 (416714 Gflops/s) - 384 (422212 Gflops/s) - 383 (421112 Gflops/s) - 383 (421112 Gflops/s) - 384 (422212 Gflops/s) - 384 (422212 Gflops/s) - 382 (420013 Gflops/s) - 382 (420013 Gflops/s) | Temperatures: 71°C - 70°C - 70°C - 71°C - 70°C - 71°C - 70°C - 72°C | Throttling: None - None - None - None - None - None - None - None
380 (417814 Gflops/s) - 384 (422212 Gflops/s) - 383 (421112 Gflops/s) - 384 (422212 Gflops/s) - 384 (422212 Gflops/s) - 384 (422212 Gflops/s) - 383 (421112 Gflops/s) - 382 (420013 Gflops/s) | Temperatures: 71°C - 70°C - 70°C - 71°C - 70°C - 71°C - 70°C - 72°C | Throttling: None - None - None - None - None - None - None - None
380 (417814 Gflops/s) - 384 (422212 Gflops/s) - 383 (421112 Gflops/s) - 383 (421112 Gflops/s) - 384 (422212 Gflops/s) - 384 (422212 Gflops/s) - 383 (421112 Gflops/s) - 382 (420013 Gflops/s) | Temperatures: 71°C - 70°C - 70°C - 71°C - 70°C - 71°C - 70°C - 72°C | Throttling: None - None - None - None - None - None - None - None
380 (417814 Gflops/s) - 384 (422212 Gflops/s) - 383 (421112 Gflops/s) - 384 (422212 Gflops/s) - 385 (423311 Gflops/s) - 384 (422212 Gflops/s) - 382 (420013 Gflops/s) - 382 (420013 Gflops/s) | Temperatures: 71°C - 70°C - 70°C - 71°C - 70°C - 71°C - 70°C - 72°C | Throttling: None - None - None - None - None - None - None - None
379 (416714 Gflops/s) - 384 (422212 Gflops/s) - 382 (420013 Gflops/s) - 383 (421112 Gflops/s) - 384 (422212 Gflops/s) - 384 (422212 Gflops/s) - 383 (421112 Gflops/s) - 381 (418913 Gflops/s) | Temperatures: 71°C - 70°C - 70°C - 71°C - 70°C - 71°C - 70°C - 72°C | Throttling: None - None - None - None - None - None - None - None
380 (417814 Gflops/s) - 384 (422212 Gflops/s) - 383 (421112 Gflops/s) - 384 (422212 Gflops/s) - 384 (422212 Gflops/s) - 384 (422212 Gflops/s) - 383 (421112 Gflops/s) - 382 (420013 Gflops/s) | Temperatures: 71°C - 70°C - 70°C - 71°C - 70°C - 71°C - 70°C - 72°C | Throttling: None - None - None - None - None - None - None - None
380 (417814 Gflops/s) - 384 (422212 Gflops/s) - 383 (421112 Gflops/s) - 383 (421112 Gflops/s) - 384 (422212 Gflops/s) - 385 (423311 Gflops/s) - 383 (421112 Gflops/s) - 382 (420013 Gflops/s) | Temperatures: 71°C - 70°C - 70°C - 71°C - 70°C - 71°C - 70°C - 72°C | Throttling: None - None - None - None - None - None - None - None
379 (416714 Gflops/s) - 383 (421112 Gflops/s) - 383 (421112 Gflops/s) - 383 (421112 Gflops/s) - 384 (422212 Gflops/s) - 383 (421112 Gflops/s) - 382 (420013 Gflops/s) - 382 (420013 Gflops/s) | Temperatures: 71°C - 70°C - 70°C - 71°C - 70°C - 71°C - 70°C - 72°C | Throttling: None - None - None - None - None - None - None - None
380 (417814 Gflops/s) - 384 (422212 Gflops/s) - 383 (421112 Gflops/s) - 384 (422212 Gflops/s) - 385 (423311 Gflops/s) - 384 (422212 Gflops/s) - 383 (421112 Gflops/s) - 381 (418913 Gflops/s) | Temperatures: 71°C - 70°C - 70°C - 71°C - 70°C - 71°C - 70°C - 72°C | Throttling: None - None - None - None - None - None - None - None
379 (416714 Gflops/s) - 384 (422212 Gflops/s) - 383 (421112 Gflops/s) - 383 (421112 Gflops/s) - 384 (422212 Gflops/s) - 384 (422212 Gflops/s) - 382 (420013 Gflops/s) - 382 (420013 Gflops/s) | Temperatures: 71°C - 70°C - 70°C - 71°C - 70°C - 71°C - 70°C - 72°C | Throttling: None - None - None - None - None - None - None - None
380 (417814 Gflops/s) - 384 (422212 Gflops/s) - 383 (421112 Gflops/s) - 384 (422212 Gflops/s) - 384 (422212 Gflops/s) - 384 (422212 Gflops/s) - 383 (421112 Gflops/s) - 382 (420013 Gflops/s) | Temperatures: 71°C - 70°C - 70°C - 71°C - 70°C - 71°C - 70°C - 72°C | Throttling: None - None - None - None - None - None - None - None
380 (417814 Gflops/s) - 384 (422212 Gflops/s) - 383 (421112 Gflops/s) - 383 (421112 Gflops/s) - 384 (422212 Gflops/s) - 385 (423311 Gflops/s) - 383 (421112 Gflops/s) - 382 (420013 Gflops/s) | Temperatures: 71°C - 70°C - 70°C - 71°C - 70°C - 71°C - 70°C - 72°C | Throttling: None - None - None - None - None - None - None - None
379 (416714 Gflops/s) - 384 (422212 Gflops/s) - 383 (421112 Gflops/s) - 384 (422212 Gflops/s) - 384 (422212 Gflops/s) - 384 (422212 Gflops/s) - 382 (420013 Gflops/s) - 382 (420013 Gflops/s) | Temperatures: 71°C - 70°C - 70°C - 71°C - 70°C - 71°C - 70°C - 72°C | Throttling: None - None - None - None - None - None - None - None
380 (417814 Gflops/s) - 384 (422212 Gflops/s) - 383 (421112 Gflops/s) - 383 (421112 Gflops/s) - 385 (423311 Gflops/s) - 384 (422212 Gflops/s) - 383 (421112 Gflops/s) - 382 (420013 Gflops/s) | Temperatures: 71°C - 70°C - 70°C - 71°C - 70°C - 71°C - 70°C - 72°C | Throttling: None - None - None - None - None - None - None - None
380 (417814 Gflops/s) - 384 (422212 Gflops/s) - 382 (420013 Gflops/s) - 384 (422212 Gflops/s) - 384 (422212 Gflops/s) - 384 (422212 Gflops/s) - 383 (421112 Gflops/s) - 382 (420013 Gflops/s) | Temperatures: 71°C - 70°C - 70°C - 71°C - 70°C - 71°C - 70°C - 72°C | Throttling: None - None - None - None - None - None - None - None
380 (417814 Gflops/s) - 384 (422212 Gflops/s) - 383 (421112 Gflops/s) - 383 (421112 Gflops/s) - 384 (422212 Gflops/s) - 384 (422212 Gflops/s) - 382 (420013 Gflops/s) - 381 (418913 Gflops/s) | Temperatures: 71°C - 70°C - 70°C - 71°C - 70°C - 71°C - 70°C - 72°C | Throttling: None - None - None - None - None - None - None - None
379 (416714 Gflops/s) - 384 (422212 Gflops/s) - 383 (421112 Gflops/s) - 383 (421112 Gflops/s) - 384 (422212 Gflops/s) - 384 (422212 Gflops/s) - 383 (421112 Gflops/s) - 382 (420013 Gflops/s) | Temperatures: 71°C - 70°C - 70°C - 71°C - 70°C - 71°C - 70°C - 72°C | Throttling: None - None - None - None - None - None - None - None
380 (417814 Gflops/s) - 384 (422212 Gflops/s) - 383 (421112 Gflops/s) - 384 (422212 Gflops/s) - 384 (422212 Gflops/s) - 384 (422212 Gflops/s) - 382 (420013 Gflops/s) - 382 (420013 Gflops/s) | Temperatures: 71°C - 70°C - 70°C - 71°C - 70°C - 71°C - 70°C - 72°C | Throttling: None - None - None - None - None - None - None - None
379 (416714 Gflops/s) - 384 (422212 Gflops/s) - 383 (421112 Gflops/s) - 383 (421112 Gflops/s) - 384 (422212 Gflops/s) - 384 (422212 Gflops/s) - 383 (421112 Gflops/s) - 382 (420013 Gflops/s) | Temperatures: 71°C - 70°C - 70°C - 71°C - 70°C - 71°C - 70°C - 72°C | Throttling: None - None - None - None - None - None - None - None
380 (417814 Gflops/s) - 384 (422212 Gflops/s) - 383 (421112 Gflops/s) - 384 (422212 Gflops/s) - 385 (423311 Gflops/s) - 384 (422212 Gflops/s) - 383 (421112 Gflops/s) - 382 (420013 Gflops/s) | Temperatures: 71°C - 70°C - 70°C - 71°C - 70°C - 71°C - 70°C - 72°C | Throttling: None - None - None - None - None - None - None - None
380 (417814 Gflops/s) - 384 (422212 Gflops/s) - 383 (421112 Gflops/s) - 383 (421112 Gflops/s) - 384 (422212 Gflops/s) - 384 (422212 Gflops/s) - 383 (421112 Gflops/s) - 382 (420013 Gflops/s) | Temperatures: 71°C - 70°C - 70°C - 71°C - 70°C - 71°C - 70°C - 72°C | Throttling: None - None - None - None - None - None - None - None
380 (417814 Gflops/s) - 384 (422212 Gflops/s) - 383 (421112 Gflops/s) - 384 (422212 Gflops/s) - 384 (422212 Gflops/s) - 384 (422212 Gflops/s) - 382 (420013 Gflops/s) - 381 (418913 Gflops/s) | Temperatures: 71°C - 70°C - 70°C - 71°C - 70°C - 71°C - 70°C - 72°C | Throttling: None - None - None - None - None - None - None - None
379 (416714 Gflops/s) - 384 (422212 Gflops/s) - 383 (421112 Gflops/s) - 383 (421112 Gflops/s) - 384 (422212 Gflops/s) - 385 (423311 Gflops/s) - 383 (421112 Gflops/s) - 382 (420013 Gflops/s) | Temperatures: 71°C - 70°C - 70°C - 71°C - 70°C - 71°C - 70°C - 72°C | Throttling: None - None - None - None - None - None - None - None
380 (417814 Gflops/s) - 384 (422212 Gflops/s) - 383 (421112 Gflops/s) - 384 (422212 Gflops/s) - 385 (423311 Gflops/s) - 384 (422212 Gflops/s) - 383 (421112 Gflops/s) - 382 (420013 Gflops/s) | Temperatures: 71°C - 70°C - 70°C - 71°C - 70°C - 71°C - 70°C - 72°C | Throttling: None - None - None - None - None - None - None - None
380 (417814 Gflops/s) - 384 (422212 Gflops/s) - 383 (421112 Gflops/s) - 383 (421112 Gflops/s) - 384 (422212 Gflops/s) - 384 (422212 Gflops/s) - 383 (421112 Gflops/s) - 382 (420013 Gflops/s) | Temperatures: 71°C - 70°C - 70°C - 71°C - 70°C - 71°C - 70°C - 72°C | Throttling: None - None - None - None - None - None - None - None
380 (417814 Gflops/s) - 384 (422212 Gflops/s) - 383 (421112 Gflops/s) - 384 (422212 Gflops/s) - 384 (422212 Gflops/s) - 384 (422212 Gflops/s) - 382 (420013 Gflops/s) - 382 (420013 Gflops/s) | Temperatures: 71°C - 70°C - 70°C - 71°C - 70°C - 71°C - 70°C - 72°C | Throttling: None - None - None - None - None - None - None - None
379 (416714 Gflops/s) - 383 (421112 Gflops/s) - 382 (420013 Gflops/s) - 383 (421112 Gflops/s) - 384 (422212 Gflops/s) - 384 (422212 Gflops/s) - 383 (421112 Gflops/s) - 381 (418913 Gflops/s) | Temperatures: 71°C - 70°C - 70°C - 71°C - 70°C - 71°C - 70°C - 72°C | Throttling: None - None - None - None - None - None - None - None
380 (417814 Gflops/s) - 384 (422212 Gflops/s) - 383 (421112 Gflops/s) - 383 (421112 Gflops/s) - 384 (422212 Gflops/s) - 384 (422212 Gflops/s) - 382 (420013 Gflops/s) - 382 (420013 Gflops/s) | Temperatures: 71°C - 70°C - 70°C - 71°C - 70°C - 71°C - 70°C - 72°C | Throttling: None - None - None - None - None - None - None - None
379 (416714 Gflops/s) - 384 (422212 Gflops/s) - 383 (421112 Gflops/s) - 384 (422212 Gflops/s) - 385 (423311 Gflops/s) - 384 (422212 Gflops/s) - 383 (421112 Gflops/s) - 382 (420013 Gflops/s) | Temperatures: 71°C - 70°C - 70°C - 71°C - 70°C - 71°C - 70°C - 72°C | Throttling: None - None - None - None - None - None - None - None
380 (417814 Gflops/s) - 384 (422212 Gflops/s) - 383 (421112 Gflops/s) - 383 (421112 Gflops/s) - 384 (422212 Gflops/s) - 384 (422212 Gflops/s) - 383 (421112 Gflops/s) - 382 (420013 Gflops/s) | Temperatures: 71°C - 70°C - 70°C - 71°C - 70°C - 71°C - 70°C - 72°C | Throttling: None - None - None - None - None - None - None - None
380 (417814 Gflops/s) - 384 (422212 Gflops/s) - 383 (421112 Gflops/s) - 383 (421112 Gflops/s) - 384 (422212 Gflops/s) - 384 (422212 Gflops/s) - 382 (420013 Gflops/s) - 382 (420013 Gflops/s) | Temperatures: 71°C - 70°C - 70°C - 71°C - 70°C - 71°C - 70°C - 72°C | Throttling: None - None - None - None - None - None - None - None
379 (416714 Gflops/s) - 384 (422212 Gflops/s) - 383 (421112 Gflops/s) - 384 (422212 Gflops/s) - 384 (422212 Gflops/s) - 384 (422212 Gflops/s) - 383 (421112 Gflops/s) - 382 (420013 Gflops/s) | Temperatures: 71°C - 70°C - 70°C - 71°C - 70°C - 71°C - 70°C - 72°C | Throttling: None - None - None - None - None - None - None - None
380 (417814 Gflops/s) - 384 (422212 Gflops/s) - 383 (421112 Gflops/s) - 383 (421112 Gflops/s) - 384 (422212 Gflops/s) - 385 (423311 Gflops/s) - 383 (421112 Gflops/s) - 382 (420013 Gflops/s) | Temperatures: 71°C - 70°C - 70°C - 71°C - 70°C - 71°C - 70°C - 72°C | Throttling: None - None - None - None - None - None - None - None
380 (417814 Gflops/s) - 384 (422212 Gflops/s) - 383 (421112 Gflops/s) - 384 (422212 Gflops/s) - 385 (423311 Gflops/s) - 384 (422212 Gflops/s) - 383 (421112 Gflops/s) - 382 (420013 Gflops/s) | Temperatures: 71°C - 70°C - 70°C - 71°C - 70°C - 71°C - 70°C - 72°C | Throttling: None - None - None - None - None - None - None - None
380 (417814 Gflops/s) - 384 (422212 Gflops/s) - 383 (421112 Gflops/s) - 383 (421112 Gflops/s) - 384 (422212 Gflops/s) - 384 (422212 Gflops/s) - 382 (420013 Gflops/s) - 381 (418913 Gflops/s) | Temperatures: 71°C - 70°C - 70°C - 71°C - 70°C - 71°C - 70°C - 72°C | Throttling: None - None - None - None - None - None - None - None
379 (416714 Gflops/s) - 384 (422212 Gflops/s) - 382 (420013 Gflops/s) - 383 (421112 Gflops/s) - 384 (422212 Gflops/s) - 383 (421112 Gflops/s) - 383 (421112 Gflops/s) - 382 (420013 Gflops/s) | Temperatures: 71°C - 70°C - 70°C - 71°C - 70°C - 71°C - 70°C - 72°C | Throttling: None - None - None - None - None - None - None - None
379 (416714 Gflops/s) - 384 (422212 Gflops/s) - 383 (421112 Gflops/s) - 384 (422212 Gflops/s) - 384 (422212 Gflops/s) - 385 (423311 Gflops/s) - 382 (420013 Gflops/s) - 382 (420013 Gflops/s) | Temperatures: 71°C - 70°C - 70°C - 71°C - 70°C - 71°C - 70°C - 72°C | Throttling: None - None - None - None - None - None - None - None
380 (417814 Gflops/s) - 384 (422212 Gflops/s) - 383 (421112 Gflops/s) - 383 (421112 Gflops/s) - 384 (422212 Gflops/s) - 384 (422212 Gflops/s) - 383 (421112 Gflops/s) - 382 (420013 Gflops/s) | Temperatures: 71°C - 70°C - 70°C - 71°C - 70°C - 71°C - 70°C - 72°C | Throttling: None - None - None - None - None - None - None - None
380 (417814 Gflops/s) - 384 (422212 Gflops/s) - 383 (421112 Gflops/s) - 384 (422212 Gflops/s) - 385 (423311 Gflops/s) - 384 (422212 Gflops/s) - 383 (421112 Gflops/s) - 382 (420013 Gflops/s) | Temperatures: 71°C - 70°C - 70°C - 71°C - 70°C - 71°C - 70°C - 72°C | Throttling: None - None - None - None - None - None - None - None
380 (417814 Gflops/s) - 384 (422212 Gflops/s) - 383 (421112 Gflops/s) - 383 (421112 Gflops/s) - 384 (422212 Gflops/s) - 384 (422212 Gflops/s) - 383 (421112 Gflops/s) - 381 (418913 Gflops/s) | Temperatures: 71°C - 70°C - 70°C - 71°C - 70°C - 71°C - 70°C - 72°C | Throttling: None - None - None - None - None - None - None - None
379 (416714 Gflops/s) - 384 (422212 Gflops/s) - 383 (421112 Gflops/s) - 384 (422212 Gflops/s) - 384 (422212 Gflops/s) - 384 (422212 Gflops/s) - 382 (420013 Gflops/s) - 382 (420013 Gflops/s) | Temperatures: 71°C - 70°C - 70°C - 71°C - 70°C - 71°C - 70°C - 72°C | Throttling: None - None - None - None - None - None - None - None
380 (417814 Gflops/s) - 384 (422212 Gflops/s) - 383 (421112 Gflops/s) - 383 (421112 Gflops/s) - 384 (422212 Gflops/s) - 384 (422212 Gflops/s) - 383 (421112 Gflops/s) - 382 (420013 Gflops/s) | Temperatures: 71°C - 70°C - 70°C - 71°C - 70°C - 71°C - 70°C - 72°C | Throttling: None - None - None - None - None - None - None - None
380 (417814 Gflops/s) - 384 (422212 Gflops/s) - 383 (421112 Gflops/s) - 384 (422212 Gflops/s) - 384 (422212 Gflops/s) - 385 (423311 Gflops/s) - 383 (421112 Gflops/s) - 382 (420013 Gflops/s) | Temperatures: 71°C - 70°C - 70°C - 71°C - 70°C - 71°C - 70°C - 72°C | Throttling: None - None - None - None - None - None - None - None
379 (416714 Gflops/s) - 384 (422212 Gflops/s) - 383 (421112 Gflops/s) - 383 (421112 Gflops/s) - 385 (423311 Gflops/s) - 384 (422212 Gflops/s) - 382 (420013 Gflops/s) - 382 (420013 Gflops/s) | Temperatures: 71°C - 70°C - 70°C - 71°C - 70°C - 71°C - 70°C - 72°C | Throttling: None - None - None - None - None - None - None - None
380 (417814 Gflops/s) - 384 (422212 Gflops/s) - 383 (421112 Gflops/s) - 383 (421112 Gflops/s) - 384 (422212 Gflops/s) - 383 (421112 Gflops/s) - 383 (421112 Gflops/s) - 381 (418913 Gflops/s) | Temperatures: 71°C - 70°C - 70°C - 71°C - 70°C - 71°C - 70°C - 72°C | Throttling: None - None - None - None - None - None - None - None
380 (417814 Gflops/s) - 384 (422212 Gflops/s) - 383 (421112 Gflops/s) - 384 (422212 Gflops/s) - 384 (422212 Gflops/s) - 385 (423311 Gflops/s) - 383 (421112 Gflops/s) - 382 (420013 Gflops/s) | Temperatures: 71°C - 70°C - 70°C - 71°C - 70°C - 71°C - 70°C - 72°C | Throttling: None - None - None - None - None - None - None - None
379 (416714 Gflops/s) - 384 (422212 Gflops/s) - 383 (421112 Gflops/s) - 383 (421112 Gflops/s) - 384 (422212 Gflops/s) - 384 (422212 Gflops/s) - 382 (420013 Gflops/s) - 382 (420013 Gflops/s) | Temperatures: 71°C - 70°C - 70°C - 71°C - 70°C - 71°C - 70°C - 72°C | Throttling: None - None - None - None - None - None - None - None
380 (417814 Gflops/s) - 384 (422212 Gflops/s) - 383 (421112 Gflops/s) - 384 (422212 Gflops/s) - 384 (422212 Gflops/s) - 384 (422212 Gflops/s) - 383 (421112 Gflops/s) - 382 (420013 Gflops/s) | Temperatures: 71°C - 70°C - 70°C - 71°C - 70°C - 71°C - 70°C - 72°C | Throttling: None - None - None - None - None - None - None - None
380 (417814 Gflops/s) - 384 (422212 Gflops/s) - 382 (420013 Gflops/s) - 383 (421112 Gflops/s) - 384 (422212 Gflops/s) - 384 (422212 Gflops/s) - 383 (421112 Gflops/s) - 382 (420013 Gflops/s) | Temperatures: 71°C - 70°C - 70°C - 71°C - 70°C - 71°C - 70°C - 72°C | Throttling: None - None - None - None - None - None - None - None
379 (416714 Gflops/s) - 384 (422212 Gflops/s) - 383 (421112 Gflops/s) - 383 (421112 Gflops/s) - 385 (423311 Gflops/s) - 384 (422212 Gflops/s) - 382 (420013 Gflops/s) - 382 (420013 Gflops/s) | Temperatures: 71°C - 70°C - 70°C - 71°C - 70°C - 71°C - 70°C - 72°C | Throttling: None - None - None - None - None - None - None - None
380 (417814 Gflops/s) - 384 (422212 Gflops/s) - 383 (421112 Gflops/s) - 384 (422212 Gflops/s) - 384 (422212 Gflops/s) - 384 (422212 Gflops/s) - 383 (421112 Gflops/s) - 381 (418913 Gflops/s) | Temperatures: 71°C - 70°C - 70°C - 71°C - 70°C - 71°C - 70°C - 72°C | Throttling: None - None - None - None - None - None - None - None
380 (417814 Gflops/s) - 384 (422212 Gflops/s) - 383 (421112 Gflops/s) - 383 (421112 Gflops/s) - 384 (422212 Gflops/s) - 384 (422212 Gflops/s) - 383 (421112 Gflops/s) - 382 (420013 Gflops/s) | Temperatures: 71°C - 70°C - 70°C - 71°C - 70°C - 71°C - 70°C - 72°C | Throttling: None - None - None - None - None - None - None - None
380 (417814 Gflops/s) - 384 (422212 Gflops/s) - 383 (421112 Gflops/s) - 384 (422212 Gflops/s) - 385 (423311 Gflops/s) - 384 (422212 Gflops/s) - 383 (421112 Gflops/s) - 382 (420013 Gflops/s) | Temperatures: 71°C - 70°C - 70°C - 71°C - 70°C - 71°C - 70°C - 72°C | Throttling: None - None - None - None - None - None - None - None
379 (416714 Gflops/s) - 383 (421112 Gflops/s) - 383 (421112 Gflops/s) - 383 (421112 Gflops/s) - 383 (421112 Gflops/s) - 384 (422212 Gflops/s) - 382 (420013 Gflops/s) - 382 (420013 Gflops/s) | Temperatures: 71°C - 70°C - 70°C - 71°C - 70°C - 71°C - 70°C - 72°C | Throttling: None - None - None - None - None - None - None - None
380 (417814 Gflops/s) - 384 (422212 Gflops/s) - 383 (421112 Gflops/s) - 383 (421112 Gflops/s) - 385 (423311 Gflops/s) - 384 (422212 Gflops/s) - 383 (421112 Gflops/s) - 382 (420013 Gflops/s) | Temperatures: 71°C - 70°C - 70°C - 71°C - 70°C - 71°C - 70°C - 72°C | Throttling: None - None - None - None - None - None - None - None
379 (416714 Gflops/s) - 384 (422212 Gflops/s) - 383 (421112 Gflops/s) - 384 (422212 Gflops/s) - 384 (422212 Gflops/s) - 384 (422212 Gflops/s) - 382 (420013 Gflops/s) - 381 (418913 Gflops/s) | Temperatures: 71°C - 70°C - 70°C - 71°C - 70°C - 71°C - 70°C - 72°C | Throttling: None - None - None - None - None - None - None - None
380 (417814 Gflops/s) - 384 (422212 Gflops/s) - 383 (421112 Gflops/s) - 383 (421112 Gflops/s) - 384 (422212 Gflops/s) - 384 (422212 Gflops/s) - 383 (421112 Gflops/s) - 382 (420013 Gflops/s) | Temperatures: 71°C - 70°C - 70°C - 71°C - 70°C - 71°C - 70°C - 72°C | Throttling: None - None - None - None - None - None - None - None
380 (417814 Gflops/s) - 384 (422212 Gflops/s) - 383 (421112 Gflops/s) - 384 (422212 Gflops/s) - 384 (422212 Gflops/s) - 384 (422212 Gflops/s) - 383 (421112 Gflops/s) - 382 (420013 Gflops/s) | Temperatures: 71°C - 70°C - 70°C - 71°C - 70°C - 71°C - 70°C - 72°C | Throttling: None - None - None - None - None - None - None - None
380 (417814 Gflops/s) - 384 (422212 Gflops/s) - 383 (421112 Gflops/s) - 383 (421112 Gflops/s) - 385 (423311 Gflops/s) - 385 (423311 Gflops/s) - 383 (421112 Gflops/s) - 382 (420013 Gflops/s) | Temperatures: 71°C - 70°C - 70°C - 71°C - 70°C - 71°C - 70°C - 72°C | Throttling: None - None - None - None - None - None - None - None
379 (416714 Gflops/s) - 384 (422212 Gflops/s) - 383 (421112 Gflops/s) - 383 (421112 Gflops/s) - 384 (422212 Gflops/s) - 384 (422212 Gflops/s) - 382 (420013 Gflops/s) - 382 (420013 Gflops/s) | Temperatures: 71°C - 70°C - 70°C - 71°C - 70°C - 71°C - 70°C - 72°C | Throttling: None - None - None - None - None - None - None - None
380 (417814 Gflops/s) - 384 (422212 Gflops/s) - 383 (421112 Gflops/s) - 384 (422212 Gflops/s) - 384 (422212 Gflops/s) - 384 (422212 Gflops/s) - 383 (421112 Gflops/s) - 382 (420013 Gflops/s) | Temperatures: 71°C - 70°C - 70°C - 71°C - 70°C - 71°C - 70°C - 72°C | Throttling: None - None - None - None - None - None - None - None
380 (417814 Gflops/s) - 385 (423311 Gflops/s) - 382 (420013 Gflops/s) - 383 (421112 Gflops/s) - 384 (422212 Gflops/s) - 384 (422212 Gflops/s) - 383 (421112 Gflops/s) - 382 (420013 Gflops/s) | Temperatures: 71°C - 70°C - 70°C - 71°C - 70°C - 71°C - 70°C - 72°C | Throttling: None - None - None - None - None - None - None - None
379 (416714 Gflops/s) - 383 (421112 Gflops/s) - 383 (421112 Gflops/s) - 383 (421112 Gflops/s) - 384 (422212 Gflops/s) - 384 (422212 Gflops/s) - 382 (420013 Gflops/s) - 381 (418913 Gflops/s) | Temperatures: 71°C - 70°C - 70°C - 71°C - 70°C - 71°C - 70°C - 72°C | Throttling: None - None - None - None - None - None - None - None
380 (417814 Gflops/s) - 384 (422212 Gflops/s) - 383 (421112 Gflops/s) - 384 (422212 Gflops/s) - 384 (422212 Gflops/s) - 384 (422212 Gflops/s) - 383 (421112 Gflops/s) - 382 (420013 Gflops/s) | Temperatures: 71°C - 70°C - 70°C - 71°C - 70°C - 71°C - 70°C - 72°C | Throttling: None - None - None - None - None - None - None - None
380 (417814 Gflops/s) - 384 (422212 Gflops/s) - 383 (421112 Gflops/s) - 383 (421112 Gflops/s) - 385 (423311 Gflops/s) - 384 (422212 Gflops/s) - 382 (420013 Gflops/s) - 382 (420013 Gflops/s) | Temperatures: 71°C - 70°C - 70°C - 71°C - 70°C - 71°C - 70°C - 72°C | Throttling: None - None - None - None - None - None - None - None
380 (417814 Gflops/s) - 384 (422212 Gflops/s) - 383 (421112 Gflops/s) - 384 (422212 Gflops/s) - 384 (422212 Gflops/s) - 384 (422212 Gflops/s) - 383 (421112 Gflops/s) - 382 (420013 Gflops/s) | Temperatures: 71°C - 70°C - 70°C - 71°C - 70°C - 71°C - 70°C - 72°C | Throttling: None - None - None - None - None - None - None - None
379 (416714 Gflops/s) - 384 (422212 Gflops/s) - 383 (421112 Gflops/s) - 383 (421112 Gflops/s) - 384 (422212 Gflops/s) - 384 (422212 Gflops/s) - 383 (421112 Gflops/s) - 381 (418913 Gflops/s) | Temperatures: 71°C - 70°C - 70°C - 71°C - 70°C - 71°C - 70°C - 72°C | Throttling: None - None - None - None - None - None - None - None
380 (417814 Gflops/s) - 384 (422212 Gflops/s) - 383 (421112 Gflops/s) - 384 (422212 Gflops/s) - 384 (422212 Gflops/s) - 384 (422212 Gflops/s) - 383 (421112 Gflops/s) - 382 (420013 Gflops/s) | Temperatures: 71°C - 70°C - 70°C - 71°C - 70°C - 71°C - 70°C - 72°C | Throttling: None - None - None - None - None - None - None - None
380 (417814 Gflops/s) - 384 (422212 Gflops/s) - 383 (421112 Gflops/s) - 383 (421112 Gflops/s) - 384 (422212 Gflops/s) - 384 (422212 Gflops/s) - 382 (420013 Gflops/s) - 382 (420013 Gflops/s) | Temperatures: 71°C - 70°C - 70°C - 71°C - 70°C - 71°C - 70°C - 72°C | Throttling: None - None - None - None - None - None - None - None
380 (417814 Gflops/s) - 384 (422212 Gflops/s) - 383 (421112 Gflops/s) - 384 (422212 Gflops/s) - 385 (423311 Gflops/s) - 385 (423311 Gflops/s) - 383 (421112 Gflops/s) - 382 (420013 Gflops/s) | Temperatures: 71°C - 70°C - 70°C - 71°C - 70°C - 71°C - 70°C - 72°C | Throttling: None - None - None - None - None - None - None - None
379 (416714 Gflops/s) - 384 (422212 Gflops/s) - 383 (421112 Gflops/s) - 383 (421112 Gflops/s) - 384 (422212 Gflops/s) - 384 (422212 Gflops/s) - 383 (421112 Gflops/s) - 382 (420013 Gflops/s) | Temperatures: 71°C - 70°C - 70°C - 71°C - 70°C - 71°C - 70°C - 72°C | Throttling: None - None - None - None - None - None - None - None
380 (417814 Gflops/s) - 384 (422212 Gflops/s) - 383 (421112 Gflops/s) - 384 (422212 Gflops/s) - 384 (422212 Gflops/s) - 384 (422212 Gflops/s) - 383 (421112 Gflops/s) - 382 (420013 Gflops/s) | Temperatures: 71°C - 70°C - 70°C - 71°C - 70°C - 71°C - 70°C - 72°C | Throttling: None - None - None - None - None - None - None - None
379 (416714 Gflops/s) - 384 (422212 Gflops/s) - 382 (420013 Gflops/s) - 383 (421112 Gflops/s) - 384 (422212 Gflops/s) - 384 (422212 Gflops/s) - 382 (420013 Gflops/s) - 382 (420013 Gflops/s) | Temperatures: 71°C - 70°C - 70°C - 71°C - 70°C - 71°C - 70°C - 72°C | Throttling: None - None - None - None - None - None - None - None
380 (417814 Gflops/s) - 384 (422212 Gflops/s) - 383 (421112 Gflops/s) - 383 (421112 Gflops/s) - 384 (422212 Gflops/s) - 384 (422212 Gflops/s) - 383 (421112 Gflops/s) - 381 (418913 Gflops/s) | Temperatures: 71°C - 70°C - 70°C - 71°C - 70°C - 71°C - 70°C - 72°C | Throttling: None - None - None - None - None - None - None - None
380 (417814 Gflops/s) - 384 (422212 Gflops/s) - 383 (421112 Gflops/s) - 384 (422212 Gflops/s) - 385 (423311 Gflops/s) - 384 (422212 Gflops/s) - 382 (420013 Gflops/s) - 382 (420013 Gflops/s) | Temperatures: 71°C - 70°C - 70°C - 71°C - 70°C - 71°C - 70°C - 72°C | Throttling: None - None - None - None - None - None - None - None
379 (416714 Gflops/s) - 384 (422212 Gflops/s) - 383 (421112 Gflops/s) - 383 (421112 Gflops/s) - 384 (422212 Gflops/s) - 384 (422212 Gflops/s) - 383 (421112 Gflops/s) - 382 (420013 Gflops/s) | Temperatures: 71°C - 70°C - 70°C - 71°C - 70°C - 71°C - 70°C - 72°C | Throttling: None - None - None - None - None - None - None - None
380 (417814 Gflops/s) - 384 (422212 Gflops/s) - 383 (421112 Gflops/s) - 384 (422212 Gflops/s) - 384 (422212 Gflops/s) - 384 (422212 Gflops/s) - 383 (421112 Gflops/s) - 382 (420013 Gflops/s) | Temperatures: 71°C - 70°C - 70°C - 71°C - 70°C - 71°C - 70°C - 72°C | Throttling: None - None - None - None - None - None - None - None
380 (417814 Gflops/s) - 384 (422212 Gflops/s) - 383 (421112 Gflops/s) - 383 (421112 Gflops/s) - 384 (422212 Gflops/s) - 384 (422212 Gflops/s) - 382 (420013 Gflops/s) - 382 (420013 Gflops/s) | Temperatures: 71°C - 70°C - 70°C - 71°C - 70°C - 71°C - 70°C - 72°C | Throttling: None - None - None - None - None - None - None - None
380 (417814 Gflops/s) - 384 (422212 Gflops/s) - 383 (421112 Gflops/s) - 383 (421112 Gflops/s) - 384 (422212 Gflops/s) - 385 (423311 Gflops/s) - 383 (421112 Gflops/s) - 382 (420013 Gflops/s) | Temperatures: 71°C - 70°C - 70°C - 71°C - 70°C - 71°C - 70°C - 72°C | Throttling: None - None - None - None - None - None - None - None
379 (416714 Gflops/s) - 384 (422212 Gflops/s) - 383 (421112 Gflops/s) - 384 (422212 Gflops/s) - 385 (423311 Gflops/s) - 384 (422212 Gflops/s) - 383 (421112 Gflops/s) - 382 (420013 Gflops/s) | Temperatures: 71°C - 70°C - 70°C - 71°C - 70°C - 71°C - 70°C - 72°C | Throttling: None - None - None - None - None - None - None - None
380 (417814 Gflops/s) - 384 (422212 Gflops/s) - 383 (421112 Gflops/s) - 383 (421112 Gflops/s) - 384 (422212 Gflops/s) - 384 (422212 Gflops/s) - 383 (421112 Gflops/s) - 382 (420013 Gflops/s) | Temperatures: 71°C - 70°C - 70°C - 71°C - 70°C - 71°C - 70°C - 72°C | Throttling: None - None - None - None - None - None - None - None
379 (416714 Gflops/s) - 383 (421112 Gflops/s) - 382 (420013 Gflops/s) - 383 (421112 Gflops/s) - 384 (422212 Gflops/s) - 384 (422212 Gflops/s) - 382 (420013 Gflops/s) - 381 (418913 Gflops/s) | Temperatures: 71°C - 70°C - 70°C - 71°C - 70°C - 71°C - 70°C - 72°C | Throttling: None - None - None - None - None - None - None - None
380 (417814 Gflops/s) - 384 (422212 Gflops/s) - 383 (421112 Gflops/s) - 384 (422212 Gflops/s) - 384 (422212 Gflops/s) - 384 (422212 Gflops/s) - 383 (421112 Gflops/s) - 382 (420013 Gflops/s) | Temperatures: 71°C - 70°C - 70°C - 71°C - 70°C - 71°C - 70°C - 72°C | Throttling: None - None - None - None - None - None - None - None
380 (417814 Gflops/s) - 384 (422212 Gflops/s) - 383 (421112 Gflops/s) - 383 (421112 Gflops/s) - 384 (422212 Gflops/s) - 384 (422212 Gflops/s) - 382 (420013 Gflops/s) - 382 (420013 Gflops/s) | Temperatures: 71°C - 70°C - 70°C - 71°C - 70°C - 71°C - 70°C - 72°C | Throttling: None - None - None - None - None - None - None - None
380 (417814 Gflops/s) - 384 (422212 Gflops/s) - 383 (421112 Gflops/s) - 384 (422212 Gflops/s) - 385 (423311 Gflops/s) - 384 (422212 Gflops/s) - 383 (421112 Gflops/s) - 382 (420013 Gflops/s) | Temperatures: 71°C - 70°C - 70°C - 71°C - 70°C - 71°C - 70°C - 72°C | Throttling: None - None - None - None - None - None - None - None
380 (417814 Gflops/s) - 384 (422212 Gflops/s) - 383 (421112 Gflops/s) - 383 (421112 Gflops/s) - 384 (422212 Gflops/s) - 384 (422212 Gflops/s) - 383 (421112 Gflops/s) - 382 (420013 Gflops/s) | Temperatures: 71°C - 70°C - 70°C - 71°C - 70°C - 71°C - 70°C - 72°C | Throttling: None - None - None - None - None - None - None - None
379 (416714 Gflops/s) - 384 (422212 Gflops/s) - 383 (421112 Gflops/s) - 384 (422212 Gflops/s) - 384 (422212 Gflops/s) - 384 (422212 Gflops/s) - 383 (421112 Gflops/s) - 382 (420013 Gflops/s) | Temperatures: 71°C - 70°C - 70°C - 71°C - 70°C - 71°C - 70°C - 72°C | Throttling: None - None - None - None - None - None - None - None
380 (417814 Gflops/s) - 384 (422212 Gflops/s) - 383 (421112 Gflops/s) - 383 (421112 Gflops/s) - 384 (422212 Gflops/s) - 384 (422212 Gflops/s) - 382 (420013 Gflops/s) - 382 (420013 Gflops/s) | Temperatures: 71°C - 70°C - 70°C - 71°C - 70°C - 71°C - 70°C - 72°C | Throttling: None - None - None - None - None - None - None - None
380 (417814 Gflops/s) - 384 (422212 Gflops/s) - 383 (421112 Gflops/s) - 384 (422212 Gflops/s) - 385 (423311 Gflops/s) - 385 (423311 Gflops/s) - 383 (421112 Gflops/s) - 382 (420013 Gflops/s) | Temperatures: 71°C - 70°C - 70°C - 71°C - 70°C - 71°C - 70°C - 72°C | Throttling: None - None - None - None - None - None - None - None
380 (417814 Gflops/s) - 384 (422212 Gflops/s) - 383 (421112 Gflops/s) - 383 (421112 Gflops/s) - 384 (422212 Gflops/s) - 384 (422212 Gflops/s) - 383 (421112 Gflops/s) - 381 (418913 Gflops/s) | Temperatures: 71°C - 70°C - 70°C - 71°C - 70°C - 71°C - 70°C - 72°C | Throttling: None - None - None - None - None - None - None - None
379 (416714 Gflops/s) - 384 (422212 Gflops/s) - 382 (420013 Gflops/s) - 383 (421112 Gflops/s) - 384 (422212 Gflops/s) - 383 (421112 Gflops/s) - 382 (420013 Gflops/s) - 382 (420013 Gflops/s) | Temperatures: 71°C - 70°C - 70°C - 71°C - 70°C - 71°C - 70°C - 72°C | Throttling: None - None - None - None - None - None - None - None
380 (417814 Gflops/s) - 384 (422212 Gflops/s) - 383 (421112 Gflops/s) - 384 (422212 Gflops/s) - 384 (422212 Gflops/s) - 385 (423311 Gflops/s) - 383 (421112 Gflops/s) - 382 (420013 Gflops/s) | Temperatures: 71°C - 70°C - 70°C - 71°C - 70°C - 71°C - 70°C - 72°C | Throttling: None - None - None - None - None - None - None - None
380 (417814 Gflops/s) - 384 (422212 Gflops/s) - 383 (421112 Gflops/s) - 383 (421112 Gflops/s) - 384 (422212 Gflops/s) - 384 (422212 Gflops/s) - 383 (421112 Gflops/s) - 382 (420013 Gflops/s) | Temperatures: 71°C - 70°C - 70°C - 71°C - 70°C - 71°C - 70°C - 72°C | Throttling: None - None - None - None - None - None - None - None
379 (416714 Gflops/s) - 384 (422212 Gflops/s) - 383 (421112 Gflops/s) - 384 (422212 Gflops/s) - 384 (422212 Gflops/s) - 384 (422212 Gflops/s) - 382 (420013 Gflops/s) - 382 (420013 Gflops/s) | Temperatures: 71°C - 70°C - 70°C - 71°C - 70°C - 71°C - 70°C - 72°C | Throttling: None - None - None - None - None - None - None - None
380 (417814 Gflops/s) - 384 (422212 Gflops/s) - 383 (421112 Gflops/s) - 383 (421112 Gflops/s) - 385 (423311 Gflops/s) - 384 (422212 Gflops/s) - 383 (421112 Gflops/s) - 382 (420013 Gflops/s) | Temperatures: 71°C - 70°C - 70°C - 71°C - 70°C - 71°C - 70°C - 72°C | Throttling: None - None - None - None - None - None - None - None
380 (417814 Gflops/s) - 384 (422212 Gflops/s) - 383 (421112 Gflops/s) - 384 (422212 Gflops/s) - 384 (422212 Gflops/s) - 384 (422212 Gflops/s) - 383 (421112 Gflops/s) - 381 (418913 Gflops/s) | Temperatures: 71°C - 70°C - 70°C - 71°C - 70°C - 71°C - 70°C - 72°C | Throttling: None - None - None - None - None - None - None - None
380 (417814 Gflops/s) - 384 (422212 Gflops/s) - 383 (421112 Gflops/s) - 383 (421112 Gflops/s) - 384 (422212 Gflops/s) - 384 (422212 Gflops/s) - 382 (420013 Gflops/s) - 382 (420013 Gflops/s) | Temperatures: 71°C - 70°C - 70°C - 71°C - 70°C - 71°C - 70°C - 72°C | Throttling: None - None - None - None - None - None - None - None
379 (416714 Gflops/s) - 384 (422212 Gflops/s) - 383 (421112 Gflops/s) - 384 (422212 Gflops/s) - 384 (422212 Gflops/s) - 384 (422212 Gflops/s) - 383 (421112 Gflops/s) - 382 (420013 Gflops/s) | Temperatures: 71°C - 70°C - 70°C - 71°C - 70°C - 71°C - 70°C - 72°C | Throttling: None - None - None - None - None - None - None - None
380 (417814 Gflops/s) - 384 (422212 Gflops/s) - 383 (421112 Gflops/s) - 383 (421112 Gflops/s) - 385 (423311 Gflops/s) - 384 (422212 Gflops/s) - 383 (421112 Gflops/s) - 382 (420013 Gflops/s) | Temperatures: 71°C - 70°C - 70°C - 71°C - 70°C - 71°C - 70°C - 72°C | Throttling: None - None - None - None - None - None - None - None
379 (416714 Gflops/s) - 383 (421112 Gflops/s) - 382 (420013 Gflops/s) - 383 (421112 Gflops/s) - 384 (422212 Gflops/s) - 384 (422212 Gflops/s) - 382 (420013 Gflops/s) - 382 (420013 Gflops/s) | Temperatures: 71°C - 70°C - 70°C - 71°C - 70°C - 71°C - 70°C - 72°C | Throttling: None - None - None - None - None - None - None - None
380 (417814 Gflops/s) - 384 (422212 Gflops/s) - 383 (421112 Gflops/s) - 384 (422212 Gflops/s) - 384 (422212 Gflops/s) - 384 (422212 Gflops/s) - 383 (421112 Gflops/s) - 382 (420013 Gflops/s) | Temperatures: 71°C - 70°C - 70°C - 71°C - 70°C - 71°C - 70°C - 72°C | Throttling: None - None - None - None - None - None - None - None
380 (417814 Gflops/s) - 384 (422212 Gflops/s) - 383 (421112 Gflops/s) - 383 (421112 Gflops/s) - 384 (422212 Gflops/s) - 384 (422212 Gflops/s) - 383 (421112 Gflops/s) - 382 (420013 Gflops/s) | Temperatures: 71°C - 70°C - 70°C - 71°C - 70°C - 71°C - 70°C - 72°C | Throttling: None - None - None - None - None - None - None - None
379 (416714 Gflops/s) - 384 (422212 Gflops/s) - 383 (421112 Gflops/s) - 383 (421112 Gflops/s) - 384 (422212 Gflops/s) - 385 (423311 Gflops/s) - 382 (420013 Gflops/s) - 381 (418913 Gflops/s) | Temperatures: 71°C - 70°C - 70°C - 71°C - 70°C - 71°C - 70°C - 72°C | Throttling: None - None - None - None - None - None - None - None
380 (417814 Gflops/s) - 384 (422212 Gflops/s) - 383 (421112 Gflops/s) - 384 (422212 Gflops/s) - 385 (423311 Gflops/s) - 384 (422212 Gflops/s) - 383 (421112 Gflops/s) - 382 (420013 Gflops/s) | Temperatures: 71°C - 70°C - 70°C - 71°C - 70°C - 71°C - 70°C - 72°C | Throttling: None - None - None - None - None - None - None - None
230 (252887 Gflops/s) - 377 (414515 Gflops/s) - 383 (421112 Gflops/s) - 383 (421112 Gflops/s) - 348 (382630 Gflops/s) - 381 (418913 Gflops/s) - 383 (421112 Gflops/s) - 382 (420013 Gflops/s) | Temperatures: 71°C - 70°C - 70°C - 71°C - 70°C - 71°C - 70°C - 72°C | Throttling: None - None - None - None - None - None - None - None
GPU #0: 417025 Gflops/s (min: 252887.67, max: 420013.44, dev: 9623.46)
         Temperature: 70.87°C (min: 68.00, max: 71.00)
         Throttling HW: false, Thermal SW: false, Thermal HW: false
GPU #1: 422235 Gflops/s (min: 414515.88, max: 424411.49, dev: 691.46)
         Temperature: 69.97°C (min: 66.00, max: 71.00)
         Throttling HW: false, Thermal SW: false, Thermal HW: false
GPU #2: 421128 Gflops/s (min: 420013.44, max: 423311.98, dev: 497.33)
         Temperature: 69.82°C (min: 66.00, max: 70.00)
         Throttling HW: false, Thermal SW: false, Thermal HW: false
GPU #3: 421726 Gflops/s (min: 421112.95, max: 424411.49, dev: 669.14)
         Temperature: 70.78°C (min: 67.00, max: 71.00)
         Throttling HW: false, Thermal SW: false, Thermal HW: false
GPU #4: 422358 Gflops/s (min: 382630.05, max: 424411.49, dev: 2384.31)
         Temperature: 69.87°C (min: 67.00, max: 70.00)
         Throttling HW: false, Thermal SW: false, Thermal HW: false
GPU #5: 422418 Gflops/s (min: 418913.93, max: 425511.00, dev: 638.19)
         Temperature: 70.81°C (min: 67.00, max: 71.00)
         Throttling HW: false, Thermal SW: false, Thermal HW: false
GPU #6: 420844 Gflops/s (min: 420013.44, max: 423311.98, dev: 623.99)
         Temperature: 70.14°C (min: 67.00, max: 71.00)
         Throttling HW: false, Thermal SW: false, Thermal HW: false
GPU #7: 419920 Gflops/s (min: 418913.93, max: 422212.47, dev: 525.29)
         Temperature: 71.72°C (min: 68.00, max: 72.00)
         Throttling HW: false, Thermal SW: false, Thermal HW: false
All GPUs seem healthy
Freeing GPUs...
======== Run with fp8  ==========
Detected GPU #0: "NVIDIA RTX PRO 6000 Blackwell Server Edition" (88c53641-f7a2-b94e-3252-9566ca140ef8)
Detected GPU #1: "NVIDIA RTX PRO 6000 Blackwell Server Edition" (51366348-eda7-8591-6426-9dea3a6a6cc1)
Detected GPU #2: "NVIDIA RTX PRO 6000 Blackwell Server Edition" (0b67c429-4c58-5b88-6c98-d5844b847fcb)
Detected GPU #3: "NVIDIA RTX PRO 6000 Blackwell Server Edition" (cd49298b-c63a-124a-9806-2e5bfc25e7d6)
Detected GPU #4: "NVIDIA RTX PRO 6000 Blackwell Server Edition" (21095201-b282-5111-e250-24d3c92bb5a1)
Detected GPU #5: "NVIDIA RTX PRO 6000 Blackwell Server Edition" (430b1c8a-cfe6-a8a4-cbed-d430546d9478)
Detected GPU #6: "NVIDIA RTX PRO 6000 Blackwell Server Edition" (c4afacaf-356a-21db-96a0-f9e3bdb7aa22)
Detected GPU #7: "NVIDIA RTX PRO 6000 Blackwell Server Edition" (5c449772-d125-23eb-e4be-821b0e688960)
Using precision(s):   FP8
GPU #0: Using 87018 MB
GPU #1: Using 87018 MB
GPU #2: Using 87018 MB
GPU #3: Using 87018 MB
GPU #4: Using 87018 MB
GPU #5: Using 87018 MB
GPU #6: Using 87018 MB
GPU #7: Using 87018 MB
Creating random matrices
Matrices created
1184 (1301821 Gflops/s) - 1123 (1234751 Gflops/s) - 1017 (1118203 Gflops/s) - 1055 (1159984 Gflops/s) - 1010 (1110506 Gflops/s) - 1068 (1174278 Gflops/s) - 999 (1098412 Gflops/s) - 1005 (1105009 Gflops/s) | Temperatures: 63°C - 61°C - 62°C - 63°C - 61°C - 63°C - 63°C - 63°C | Throttling: None - None - None - None - None - None - None - None
802 (881808 Gflops/s) - 802 (881808 Gflops/s) - 802 (881808 Gflops/s) - 802 (881808 Gflops/s) - 801 (880708 Gflops/s) - 803 (882907 Gflops/s) - 802 (881808 Gflops/s) - 802 (881808 Gflops/s) | Temperatures: 64°C - 62°C - 62°C - 64°C - 61°C - 63°C - 63°C - 64°C | Throttling: None - None - None - None - None - None - None - None
803 (882907 Gflops/s) - 803 (882907 Gflops/s) - 804 (884007 Gflops/s) - 804 (884007 Gflops/s) - 801 (880708 Gflops/s) - 803 (882907 Gflops/s) - 803 (882907 Gflops/s) - 803 (882907 Gflops/s) | Temperatures: 64°C - 63°C - 63°C - 64°C - 62°C - 63°C - 64°C - 64°C | Throttling: None - None - None - None - None - None - None - None
804 (884007 Gflops/s) - 803 (882907 Gflops/s) - 803 (882907 Gflops/s) - 803 (882907 Gflops/s) - 801 (880708 Gflops/s) - 803 (882907 Gflops/s) - 803 (882907 Gflops/s) - 804 (884007 Gflops/s) | Temperatures: 65°C - 63°C - 63°C - 64°C - 62°C - 64°C - 64°C - 64°C | Throttling: None - None - None - None - None - None - None - None
803 (882907 Gflops/s) - 804 (884007 Gflops/s) - 803 (882907 Gflops/s) - 803 (882907 Gflops/s) - 801 (880708 Gflops/s) - 804 (884007 Gflops/s) - 803 (882907 Gflops/s) - 802 (881808 Gflops/s) | Temperatures: 65°C - 63°C - 63°C - 64°C - 62°C - 64°C - 64°C - 65°C | Throttling: None - None - None - None - None - None - None - None
803 (882907 Gflops/s) - 802 (881808 Gflops/s) - 803 (882907 Gflops/s) - 802 (881808 Gflops/s) - 800 (879609 Gflops/s) - 802 (881808 Gflops/s) - 803 (882907 Gflops/s) - 803 (882907 Gflops/s) | Temperatures: 65°C - 63°C - 63°C - 65°C - 63°C - 64°C - 64°C - 65°C | Throttling: None - None - None - None - None - None - None - None
803 (882907 Gflops/s) - 803 (882907 Gflops/s) - 803 (882907 Gflops/s) - 803 (882907 Gflops/s) - 801 (880708 Gflops/s) - 803 (882907 Gflops/s) - 803 (882907 Gflops/s) - 803 (882907 Gflops/s) | Temperatures: 66°C - 64°C - 64°C - 65°C - 63°C - 64°C - 65°C - 65°C | Throttling: None - None - None - None - None - None - None - None
804 (884007 Gflops/s) - 804 (884007 Gflops/s) - 803 (882907 Gflops/s) - 803 (882907 Gflops/s) - 801 (880708 Gflops/s) - 804 (884007 Gflops/s) - 803 (882907 Gflops/s) - 803 (882907 Gflops/s) | Temperatures: 66°C - 64°C - 64°C - 65°C - 63°C - 64°C - 65°C - 65°C | Throttling: None - None - None - None - None - None - None - None
804 (884007 Gflops/s) - 803 (882907 Gflops/s) - 803 (882907 Gflops/s) - 803 (882907 Gflops/s) - 802 (881808 Gflops/s) - 803 (882907 Gflops/s) - 804 (884007 Gflops/s) - 803 (882907 Gflops/s) | Temperatures: 66°C - 64°C - 64°C - 65°C - 63°C - 65°C - 65°C - 65°C | Throttling: None - None - None - None - None - None - None - None
803 (882907 Gflops/s) - 804 (884007 Gflops/s) - 802 (881808 Gflops/s) - 803 (882907 Gflops/s) - 801 (880708 Gflops/s) - 803 (882907 Gflops/s) - 803 (882907 Gflops/s) - 803 (882907 Gflops/s) | Temperatures: 66°C - 64°C - 64°C - 65°C - 63°C - 65°C - 65°C - 66°C | Throttling: None - None - None - None - None - None - None - None
803 (882907 Gflops/s) - 803 (882907 Gflops/s) - 802 (881808 Gflops/s) - 802 (881808 Gflops/s) - 800 (879609 Gflops/s) - 803 (882907 Gflops/s) - 802 (881808 Gflops/s) - 802 (881808 Gflops/s) | Temperatures: 66°C - 64°C - 64°C - 65°C - 63°C - 65°C - 65°C - 66°C | Throttling: None - None - None - None - None - None - None - None
804 (884007 Gflops/s) - 803 (882907 Gflops/s) - 803 (882907 Gflops/s) - 803 (882907 Gflops/s) - 801 (880708 Gflops/s) - 803 (882907 Gflops/s) - 804 (884007 Gflops/s) - 803 (882907 Gflops/s) | Temperatures: 66°C - 64°C - 64°C - 65°C - 63°C - 65°C - 65°C - 66°C | Throttling: None - None - None - None - None - None - None - None
803 (882907 Gflops/s) - 804 (884007 Gflops/s) - 803 (882907 Gflops/s) - 803 (882907 Gflops/s) - 801 (880708 Gflops/s) - 803 (882907 Gflops/s) - 803 (882907 Gflops/s) - 803 (882907 Gflops/s) | Temperatures: 66°C - 64°C - 64°C - 65°C - 64°C - 65°C - 65°C - 66°C | Throttling: None - None - None - None - None - None - None - None
804 (884007 Gflops/s) - 803 (882907 Gflops/s) - 803 (882907 Gflops/s) - 803 (882907 Gflops/s) - 801 (880708 Gflops/s) - 804 (884007 Gflops/s) - 803 (882907 Gflops/s) - 803 (882907 Gflops/s) | Temperatures: 67°C - 64°C - 64°C - 65°C - 64°C - 65°C - 65°C - 66°C | Throttling: None - None - None - None - None - None - None - None
802 (881808 Gflops/s) - 803 (882907 Gflops/s) - 802 (881808 Gflops/s) - 802 (881808 Gflops/s) - 802 (881808 Gflops/s) - 802 (881808 Gflops/s) - 803 (882907 Gflops/s) - 803 (882907 Gflops/s) | Temperatures: 67°C - 64°C - 64°C - 65°C - 64°C - 65°C - 65°C - 66°C | Throttling: None - None - None - None - None - None - None - None
804 (884007 Gflops/s) - 803 (882907 Gflops/s) - 803 (882907 Gflops/s) - 803 (882907 Gflops/s) - 804 (884007 Gflops/s) - 803 (882907 Gflops/s) - 803 (882907 Gflops/s) - 803 (882907 Gflops/s) | Temperatures: 67°C - 65°C - 64°C - 66°C - 64°C - 65°C - 65°C - 66°C | Throttling: None - None - None - None - None - None - None - None
803 (882907 Gflops/s) - 804 (884007 Gflops/s) - 803 (882907 Gflops/s) - 803 (882907 Gflops/s) - 803 (882907 Gflops/s) - 804 (884007 Gflops/s) - 803 (882907 Gflops/s) - 803 (882907 Gflops/s) | Temperatures: 67°C - 65°C - 64°C - 66°C - 64°C - 65°C - 65°C - 66°C | Throttling: None - None - None - None - None - None - None - None
804 (884007 Gflops/s) - 803 (882907 Gflops/s) - 802 (881808 Gflops/s) - 803 (882907 Gflops/s) - 804 (884007 Gflops/s) - 803 (882907 Gflops/s) - 803 (882907 Gflops/s) - 803 (882907 Gflops/s) | Temperatures: 67°C - 65°C - 65°C - 66°C - 64°C - 65°C - 65°C - 66°C | Throttling: None - None - None - None - None - None - None - None
804 (884007 Gflops/s) - 804 (884007 Gflops/s) - 803 (882907 Gflops/s) - 803 (882907 Gflops/s) - 803 (882907 Gflops/s) - 803 (882907 Gflops/s) - 803 (882907 Gflops/s) - 803 (882907 Gflops/s) | Temperatures: 67°C - 65°C - 64°C - 66°C - 64°C - 65°C - 65°C - 66°C | Throttling: None - None - None - None - None - None - None - None
802 (881808 Gflops/s) - 802 (881808 Gflops/s) - 802 (881808 Gflops/s) - 803 (882907 Gflops/s) - 803 (882907 Gflops/s) - 802 (881808 Gflops/s) - 803 (882907 Gflops/s) - 802 (881808 Gflops/s) | Temperatures: 67°C - 65°C - 65°C - 66°C - 64°C - 66°C - 65°C - 66°C | Throttling: None - None - None - None - None - None - None - None
804 (884007 Gflops/s) - 804 (884007 Gflops/s) - 803 (882907 Gflops/s) - 803 (882907 Gflops/s) - 803 (882907 Gflops/s) - 804 (884007 Gflops/s) - 803 (882907 Gflops/s) - 803 (882907 Gflops/s) | Temperatures: 67°C - 65°C - 65°C - 66°C - 65°C - 66°C - 66°C - 66°C | Throttling: None - None - None - None - None - None - None - None
804 (884007 Gflops/s) - 803 (882907 Gflops/s) - 803 (882907 Gflops/s) - 803 (882907 Gflops/s) - 804 (884007 Gflops/s) - 803 (882907 Gflops/s) - 804 (884007 Gflops/s) - 803 (882907 Gflops/s) | Temperatures: 67°C - 65°C - 65°C - 66°C - 65°C - 66°C - 66°C - 66°C | Throttling: None - None - None - None - None - None - None - None
803 (882907 Gflops/s) - 804 (884007 Gflops/s) - 803 (882907 Gflops/s) - 803 (882907 Gflops/s) - 803 (882907 Gflops/s) - 803 (882907 Gflops/s) - 803 (882907 Gflops/s) - 803 (882907 Gflops/s) | Temperatures: 67°C - 65°C - 65°C - 66°C - 65°C - 66°C - 66°C - 67°C | Throttling: None - None - None - None - None - None - None - None
804 (884007 Gflops/s) - 803 (882907 Gflops/s) - 803 (882907 Gflops/s) - 803 (882907 Gflops/s) - 804 (884007 Gflops/s) - 803 (882907 Gflops/s) - 803 (882907 Gflops/s) - 803 (882907 Gflops/s) | Temperatures: 67°C - 65°C - 65°C - 66°C - 65°C - 66°C - 66°C - 67°C | Throttling: None - None - None - None - None - None - None - None
802 (881808 Gflops/s) - 803 (882907 Gflops/s) - 802 (881808 Gflops/s) - 802 (881808 Gflops/s) - 802 (881808 Gflops/s) - 803 (882907 Gflops/s) - 802 (881808 Gflops/s) - 802 (881808 Gflops/s) | Temperatures: 67°C - 65°C - 65°C - 66°C - 65°C - 66°C - 66°C - 67°C | Throttling: None - None - None - None - None - None - None - None
804 (884007 Gflops/s) - 803 (882907 Gflops/s) - 802 (881808 Gflops/s) - 803 (882907 Gflops/s) - 804 (884007 Gflops/s) - 803 (882907 Gflops/s) - 804 (884007 Gflops/s) - 803 (882907 Gflops/s) | Temperatures: 67°C - 65°C - 65°C - 66°C - 65°C - 66°C - 66°C - 67°C | Throttling: None - None - None - None - None - None - None - None
804 (884007 Gflops/s) - 804 (884007 Gflops/s) - 803 (882907 Gflops/s) - 803 (882907 Gflops/s) - 803 (882907 Gflops/s) - 803 (882907 Gflops/s) - 803 (882907 Gflops/s) - 803 (882907 Gflops/s) | Temperatures: 67°C - 65°C - 65°C - 66°C - 65°C - 66°C - 66°C - 67°C | Throttling: None - None - None - None - None - None - None - None
803 (882907 Gflops/s) - 803 (882907 Gflops/s) - 803 (882907 Gflops/s) - 803 (882907 Gflops/s) - 804 (884007 Gflops/s) - 804 (884007 Gflops/s) - 803 (882907 Gflops/s) - 803 (882907 Gflops/s) | Temperatures: 67°C - 65°C - 65°C - 66°C - 65°C - 66°C - 66°C - 67°C | Throttling: None - None - None - None - None - None - None - None
804 (884007 Gflops/s) - 804 (884007 Gflops/s) - 803 (882907 Gflops/s) - 803 (882907 Gflops/s) - 803 (882907 Gflops/s) - 803 (882907 Gflops/s) - 804 (884007 Gflops/s) - 803 (882907 Gflops/s) | Temperatures: 67°C - 65°C - 65°C - 66°C - 65°C - 66°C - 66°C - 67°C | Throttling: None - None - None - None - None - None - None - None
802 (881808 Gflops/s) - 803 (882907 Gflops/s) - 802 (881808 Gflops/s) - 802 (881808 Gflops/s) - 803 (882907 Gflops/s) - 802 (881808 Gflops/s) - 802 (881808 Gflops/s) - 802 (881808 Gflops/s) | Temperatures: 68°C - 65°C - 65°C - 66°C - 65°C - 66°C - 66°C - 67°C | Throttling: None - None - None - None - None - None - None - None
804 (884007 Gflops/s) - 803 (882907 Gflops/s) - 803 (882907 Gflops/s) - 803 (882907 Gflops/s) - 803 (882907 Gflops/s) - 804 (884007 Gflops/s) - 803 (882907 Gflops/s) - 803 (882907 Gflops/s) | Temperatures: 68°C - 65°C - 65°C - 66°C - 65°C - 66°C - 66°C - 67°C | Throttling: None - None - None - None - None - None - None - None
803 (882907 Gflops/s) - 803 (882907 Gflops/s) - 802 (881808 Gflops/s) - 803 (882907 Gflops/s) - 804 (884007 Gflops/s) - 803 (882907 Gflops/s) - 803 (882907 Gflops/s) - 803 (882907 Gflops/s) | Temperatures: 68°C - 65°C - 65°C - 66°C - 65°C - 66°C - 66°C - 67°C | Throttling: None - None - None - None - None - None - None - None
804 (884007 Gflops/s) - 804 (884007 Gflops/s) - 803 (882907 Gflops/s) - 803 (882907 Gflops/s) - 803 (882907 Gflops/s) - 803 (882907 Gflops/s) - 804 (884007 Gflops/s) - 803 (882907 Gflops/s) | Temperatures: 68°C - 65°C - 65°C - 66°C - 65°C - 66°C - 66°C - 67°C | Throttling: None - None - None - None - None - None - None - None
803 (882907 Gflops/s) - 803 (882907 Gflops/s) - 803 (882907 Gflops/s) - 803 (882907 Gflops/s) - 804 (884007 Gflops/s) - 803 (882907 Gflops/s) - 803 (882907 Gflops/s) - 803 (882907 Gflops/s) | Temperatures: 68°C - 65°C - 65°C - 66°C - 65°C - 66°C - 66°C - 67°C | Throttling: None - None - None - None - None - None - None - None
804 (884007 Gflops/s) - 804 (884007 Gflops/s) - 803 (882907 Gflops/s) - 803 (882907 Gflops/s) - 803 (882907 Gflops/s) - 804 (884007 Gflops/s) - 803 (882907 Gflops/s) - 803 (882907 Gflops/s) | Temperatures: 68°C - 65°C - 65°C - 66°C - 65°C - 66°C - 66°C - 67°C | Throttling: None - None - None - None - None - None - None - None
803 (882907 Gflops/s) - 803 (882907 Gflops/s) - 802 (881808 Gflops/s) - 802 (881808 Gflops/s) - 803 (882907 Gflops/s) - 802 (881808 Gflops/s) - 803 (882907 Gflops/s) - 802 (881808 Gflops/s) | Temperatures: 68°C - 65°C - 65°C - 66°C - 65°C - 66°C - 66°C - 67°C | Throttling: None - None - None - None - None - None - None - None
803 (882907 Gflops/s) - 803 (882907 Gflops/s) - 802 (881808 Gflops/s) - 803 (882907 Gflops/s) - 803 (882907 Gflops/s) - 803 (882907 Gflops/s) - 803 (882907 Gflops/s) - 803 (882907 Gflops/s) | Temperatures: 68°C - 65°C - 65°C - 66°C - 65°C - 66°C - 66°C - 67°C | Throttling: None - None - None - None - None - None - None - None
804 (884007 Gflops/s) - 804 (884007 Gflops/s) - 803 (882907 Gflops/s) - 803 (882907 Gflops/s) - 804 (884007 Gflops/s) - 804 (884007 Gflops/s) - 803 (882907 Gflops/s) - 803 (882907 Gflops/s) | Temperatures: 68°C - 65°C - 65°C - 66°C - 65°C - 66°C - 66°C - 67°C | Throttling: None - None - None - None - None - None - None - None
803 (882907 Gflops/s) - 803 (882907 Gflops/s) - 803 (882907 Gflops/s) - 803 (882907 Gflops/s) - 803 (882907 Gflops/s) - 803 (882907 Gflops/s) - 803 (882907 Gflops/s) - 803 (882907 Gflops/s) | Temperatures: 68°C - 65°C - 65°C - 66°C - 65°C - 66°C - 66°C - 67°C | Throttling: None - None - None - None - None - None - None - None
804 (884007 Gflops/s) - 803 (882907 Gflops/s) - 803 (882907 Gflops/s) - 803 (882907 Gflops/s) - 804 (884007 Gflops/s) - 803 (882907 Gflops/s) - 803 (882907 Gflops/s) - 803 (882907 Gflops/s) | Temperatures: 68°C - 65°C - 65°C - 66°C - 65°C - 66°C - 66°C - 67°C | Throttling: None - None - None - None - None - None - None - None
803 (882907 Gflops/s) - 803 (882907 Gflops/s) - 802 (881808 Gflops/s) - 802 (881808 Gflops/s) - 802 (881808 Gflops/s) - 802 (881808 Gflops/s) - 803 (882907 Gflops/s) - 803 (882907 Gflops/s) | Temperatures: 68°C - 65°C - 65°C - 66°C - 65°C - 66°C - 66°C - 67°C | Throttling: None - None - None - None - None - None - None - None
803 (882907 Gflops/s) - 804 (884007 Gflops/s) - 803 (882907 Gflops/s) - 803 (882907 Gflops/s) - 804 (884007 Gflops/s) - 804 (884007 Gflops/s) - 803 (882907 Gflops/s) - 803 (882907 Gflops/s) | Temperatures: 68°C - 65°C - 65°C - 66°C - 65°C - 66°C - 66°C - 67°C | Throttling: None - None - None - None - None - None - None - None
804 (884007 Gflops/s) - 803 (882907 Gflops/s) - 803 (882907 Gflops/s) - 803 (882907 Gflops/s) - 803 (882907 Gflops/s) - 803 (882907 Gflops/s) - 803 (882907 Gflops/s) - 802 (881808 Gflops/s) | Temperatures: 68°C - 65°C - 65°C - 66°C - 65°C - 66°C - 66°C - 67°C | Throttling: None - None - None - None - None - None - None - None
803 (882907 Gflops/s) - 803 (882907 Gflops/s) - 802 (881808 Gflops/s) - 803 (882907 Gflops/s) - 804 (884007 Gflops/s) - 803 (882907 Gflops/s) - 804 (884007 Gflops/s) - 803 (882907 Gflops/s) | Temperatures: 68°C - 65°C - 65°C - 66°C - 65°C - 66°C - 66°C - 67°C | Throttling: None - None - None - None - None - None - None - None
804 (884007 Gflops/s) - 804 (884007 Gflops/s) - 803 (882907 Gflops/s) - 803 (882907 Gflops/s) - 803 (882907 Gflops/s) - 803 (882907 Gflops/s) - 803 (882907 Gflops/s) - 803 (882907 Gflops/s) | Temperatures: 68°C - 65°C - 65°C - 66°C - 65°C - 66°C - 66°C - 67°C | Throttling: None - None - None - None - None - None - None - None
803 (882907 Gflops/s) - 803 (882907 Gflops/s) - 802 (881808 Gflops/s) - 802 (881808 Gflops/s) - 803 (882907 Gflops/s) - 803 (882907 Gflops/s) - 802 (881808 Gflops/s) - 803 (882907 Gflops/s) | Temperatures: 68°C - 65°C - 65°C - 66°C - 65°C - 66°C - 66°C - 67°C | Throttling: None - None - None - None - None - None - None - None
803 (882907 Gflops/s) - 803 (882907 Gflops/s) - 803 (882907 Gflops/s) - 803 (882907 Gflops/s) - 803 (882907 Gflops/s) - 803 (882907 Gflops/s) - 804 (884007 Gflops/s) - 803 (882907 Gflops/s) | Temperatures: 68°C - 65°C - 65°C - 66°C - 65°C - 66°C - 66°C - 67°C | Throttling: None - None - None - None - None - None - None - None
804 (884007 Gflops/s) - 803 (882907 Gflops/s) - 803 (882907 Gflops/s) - 803 (882907 Gflops/s) - 804 (884007 Gflops/s) - 803 (882907 Gflops/s) - 803 (882907 Gflops/s) - 803 (882907 Gflops/s) | Temperatures: 68°C - 65°C - 65°C - 66°C - 65°C - 66°C - 66°C - 67°C | Throttling: None - None - None - None - None - None - None - None
803 (882907 Gflops/s) - 804 (884007 Gflops/s) - 802 (881808 Gflops/s) - 803 (882907 Gflops/s) - 803 (882907 Gflops/s) - 803 (882907 Gflops/s) - 803 (882907 Gflops/s) - 803 (882907 Gflops/s) | Temperatures: 68°C - 65°C - 65°C - 66°C - 65°C - 66°C - 66°C - 67°C | Throttling: None - None - None - None - None - None - None - None
804 (884007 Gflops/s) - 803 (882907 Gflops/s) - 803 (882907 Gflops/s) - 803 (882907 Gflops/s) - 804 (884007 Gflops/s) - 804 (884007 Gflops/s) - 803 (882907 Gflops/s) - 803 (882907 Gflops/s) | Temperatures: 68°C - 65°C - 65°C - 66°C - 65°C - 66°C - 66°C - 67°C | Throttling: None - None - None - None - None - None - None - None
803 (882907 Gflops/s) - 804 (884007 Gflops/s) - 803 (882907 Gflops/s) - 803 (882907 Gflops/s) - 803 (882907 Gflops/s) - 803 (882907 Gflops/s) - 804 (884007 Gflops/s) - 803 (882907 Gflops/s) | Temperatures: 68°C - 65°C - 65°C - 66°C - 65°C - 66°C - 66°C - 67°C | Throttling: None - None - None - None - None - None - None - None
803 (882907 Gflops/s) - 803 (882907 Gflops/s) - 802 (881808 Gflops/s) - 803 (882907 Gflops/s) - 803 (882907 Gflops/s) - 802 (881808 Gflops/s) - 802 (881808 Gflops/s) - 802 (881808 Gflops/s) | Temperatures: 68°C - 65°C - 65°C - 66°C - 65°C - 66°C - 66°C - 67°C | Throttling: None - None - None - None - None - None - None - None
804 (884007 Gflops/s) - 803 (882907 Gflops/s) - 803 (882907 Gflops/s) - 803 (882907 Gflops/s) - 803 (882907 Gflops/s) - 804 (884007 Gflops/s) - 803 (882907 Gflops/s) - 803 (882907 Gflops/s) | Temperatures: 68°C - 65°C - 65°C - 66°C - 65°C - 66°C - 66°C - 67°C | Throttling: None - None - None - None - None - None - None - None
803 (882907 Gflops/s) - 803 (882907 Gflops/s) - 803 (882907 Gflops/s) - 803 (882907 Gflops/s) - 804 (884007 Gflops/s) - 803 (882907 Gflops/s) - 804 (884007 Gflops/s) - 803 (882907 Gflops/s) | Temperatures: 68°C - 66°C - 65°C - 66°C - 65°C - 66°C - 66°C - 67°C | Throttling: None - None - None - None - None - None - None - None
804 (884007 Gflops/s) - 804 (884007 Gflops/s) - 802 (881808 Gflops/s) - 803 (882907 Gflops/s) - 803 (882907 Gflops/s) - 803 (882907 Gflops/s) - 803 (882907 Gflops/s) - 803 (882907 Gflops/s) | Temperatures: 68°C - 65°C - 65°C - 66°C - 65°C - 66°C - 66°C - 67°C | Throttling: None - None - None - None - None - None - None - None
803 (882907 Gflops/s) - 803 (882907 Gflops/s) - 803 (882907 Gflops/s) - 803 (882907 Gflops/s) - 804 (884007 Gflops/s) - 803 (882907 Gflops/s) - 803 (882907 Gflops/s) - 803 (882907 Gflops/s) | Temperatures: 68°C - 66°C - 65°C - 66°C - 65°C - 66°C - 66°C - 67°C | Throttling: None - None - None - None - None - None - None - None
803 (882907 Gflops/s) - 803 (882907 Gflops/s) - 802 (881808 Gflops/s) - 802 (881808 Gflops/s) - 802 (881808 Gflops/s) - 803 (882907 Gflops/s) - 803 (882907 Gflops/s) - 802 (881808 Gflops/s) | Temperatures: 68°C - 65°C - 65°C - 66°C - 65°C - 66°C - 66°C - 67°C | Throttling: None - None - None - None - None - None - None - None
804 (884007 Gflops/s) - 804 (884007 Gflops/s) - 803 (882907 Gflops/s) - 803 (882907 Gflops/s) - 804 (884007 Gflops/s) - 803 (882907 Gflops/s) - 803 (882907 Gflops/s) - 803 (882907 Gflops/s) | Temperatures: 68°C - 65°C - 65°C - 66°C - 65°C - 66°C - 66°C - 67°C | Throttling: None - None - None - None - None - None - None - None
803 (882907 Gflops/s) - 803 (882907 Gflops/s) - 803 (882907 Gflops/s) - 803 (882907 Gflops/s) - 803 (882907 Gflops/s) - 803 (882907 Gflops/s) - 803 (882907 Gflops/s) - 803 (882907 Gflops/s) | Temperatures: 68°C - 66°C - 65°C - 66°C - 65°C - 66°C - 66°C - 67°C | Throttling: None - None - None - None - None - None - None - None
804 (884007 Gflops/s) - 803 (882907 Gflops/s) - 803 (882907 Gflops/s) - 803 (882907 Gflops/s) - 804 (884007 Gflops/s) - 804 (884007 Gflops/s) - 803 (882907 Gflops/s) - 803 (882907 Gflops/s) | Temperatures: 68°C - 65°C - 65°C - 66°C - 65°C - 66°C - 66°C - 67°C | Throttling: None - None - None - None - None - None - None - None
802 (881808 Gflops/s) - 803 (882907 Gflops/s) - 802 (881808 Gflops/s) - 802 (881808 Gflops/s) - 802 (881808 Gflops/s) - 802 (881808 Gflops/s) - 803 (882907 Gflops/s) - 802 (881808 Gflops/s) | Temperatures: 68°C - 66°C - 65°C - 66°C - 65°C - 66°C - 66°C - 67°C | Throttling: None - None - None - None - None - None - None - None
804 (884007 Gflops/s) - 804 (884007 Gflops/s) - 803 (882907 Gflops/s) - 803 (882907 Gflops/s) - 804 (884007 Gflops/s) - 803 (882907 Gflops/s) - 803 (882907 Gflops/s) - 803 (882907 Gflops/s) | Temperatures: 68°C - 66°C - 65°C - 66°C - 65°C - 66°C - 66°C - 67°C | Throttling: None - None - None - None - None - None - None - None
804 (884007 Gflops/s) - 803 (882907 Gflops/s) - 802 (881808 Gflops/s) - 803 (882907 Gflops/s) - 803 (882907 Gflops/s) - 804 (884007 Gflops/s) - 803 (882907 Gflops/s) - 803 (882907 Gflops/s) | Temperatures: 68°C - 66°C - 65°C - 66°C - 65°C - 66°C - 66°C - 67°C | Throttling: None - None - None - None - None - None - None - None
803 (882907 Gflops/s) - 803 (882907 Gflops/s) - 803 (882907 Gflops/s) - 803 (882907 Gflops/s) - 804 (884007 Gflops/s) - 803 (882907 Gflops/s) - 804 (884007 Gflops/s) - 803 (882907 Gflops/s) | Temperatures: 68°C - 66°C - 65°C - 66°C - 65°C - 66°C - 66°C - 67°C | Throttling: None - None - None - None - None - None - None - None
804 (884007 Gflops/s) - 804 (884007 Gflops/s) - 803 (882907 Gflops/s) - 803 (882907 Gflops/s) - 803 (882907 Gflops/s) - 803 (882907 Gflops/s) - 803 (882907 Gflops/s) - 803 (882907 Gflops/s) | Temperatures: 68°C - 66°C - 65°C - 66°C - 65°C - 66°C - 66°C - 67°C | Throttling: None - None - None - None - None - None - None - None
802 (881808 Gflops/s) - 803 (882907 Gflops/s) - 802 (881808 Gflops/s) - 802 (881808 Gflops/s) - 803 (882907 Gflops/s) - 803 (882907 Gflops/s) - 802 (881808 Gflops/s) - 803 (882907 Gflops/s) | Temperatures: 68°C - 65°C - 65°C - 66°C - 65°C - 66°C - 66°C - 67°C | Throttling: None - None - None - None - None - None - None - None
804 (884007 Gflops/s) - 803 (882907 Gflops/s) - 803 (882907 Gflops/s) - 803 (882907 Gflops/s) - 803 (882907 Gflops/s) - 803 (882907 Gflops/s) - 804 (884007 Gflops/s) - 803 (882907 Gflops/s) | Temperatures: 68°C - 66°C - 65°C - 66°C - 65°C - 66°C - 66°C - 67°C | Throttling: None - None - None - None - None - None - None - None
804 (884007 Gflops/s) - 804 (884007 Gflops/s) - 803 (882907 Gflops/s) - 803 (882907 Gflops/s) - 804 (884007 Gflops/s) - 803 (882907 Gflops/s) - 803 (882907 Gflops/s) - 803 (882907 Gflops/s) | Temperatures: 68°C - 66°C - 65°C - 66°C - 65°C - 66°C - 66°C - 67°C | Throttling: None - None - None - None - None - None - None - None
803 (882907 Gflops/s) - 803 (882907 Gflops/s) - 803 (882907 Gflops/s) - 803 (882907 Gflops/s) - 803 (882907 Gflops/s) - 803 (882907 Gflops/s) - 803 (882907 Gflops/s) - 803 (882907 Gflops/s) | Temperatures: 68°C - 66°C - 65°C - 66°C - 65°C - 66°C - 66°C - 67°C | Throttling: None - None - None - None - None - None - None - None
803 (882907 Gflops/s) - 803 (882907 Gflops/s) - 802 (881808 Gflops/s) - 803 (882907 Gflops/s) - 803 (882907 Gflops/s) - 803 (882907 Gflops/s) - 803 (882907 Gflops/s) - 802 (881808 Gflops/s) | Temperatures: 68°C - 66°C - 65°C - 66°C - 65°C - 66°C - 66°C - 67°C | Throttling: None - None - None - None - None - None - None - None
803 (882907 Gflops/s) - 803 (882907 Gflops/s) - 802 (881808 Gflops/s) - 802 (881808 Gflops/s) - 804 (884007 Gflops/s) - 803 (882907 Gflops/s) - 803 (882907 Gflops/s) - 803 (882907 Gflops/s) | Temperatures: 68°C - 66°C - 65°C - 66°C - 65°C - 66°C - 66°C - 67°C | Throttling: None - None - None - None - None - None - None - None
804 (884007 Gflops/s) - 804 (884007 Gflops/s) - 803 (882907 Gflops/s) - 803 (882907 Gflops/s) - 803 (882907 Gflops/s) - 803 (882907 Gflops/s) - 803 (882907 Gflops/s) - 803 (882907 Gflops/s) | Temperatures: 68°C - 66°C - 65°C - 66°C - 65°C - 66°C - 66°C - 67°C | Throttling: None - None - None - None - None - None - None - None
804 (884007 Gflops/s) - 803 (882907 Gflops/s) - 803 (882907 Gflops/s) - 803 (882907 Gflops/s) - 803 (882907 Gflops/s) - 804 (884007 Gflops/s) - 803 (882907 Gflops/s) - 803 (882907 Gflops/s) | Temperatures: 68°C - 66°C - 65°C - 66°C - 65°C - 66°C - 66°C - 67°C | Throttling: None - None - None - None - None - None - None - None
803 (882907 Gflops/s) - 804 (884007 Gflops/s) - 803 (882907 Gflops/s) - 803 (882907 Gflops/s) - 804 (884007 Gflops/s) - 803 (882907 Gflops/s) - 804 (884007 Gflops/s) - 803 (882907 Gflops/s) | Temperatures: 68°C - 66°C - 65°C - 66°C - 65°C - 66°C - 66°C - 67°C | Throttling: None - None - None - None - None - None - None - None
804 (884007 Gflops/s) - 803 (882907 Gflops/s) - 803 (882907 Gflops/s) - 803 (882907 Gflops/s) - 803 (882907 Gflops/s) - 803 (882907 Gflops/s) - 803 (882907 Gflops/s) - 803 (882907 Gflops/s) | Temperatures: 68°C - 66°C - 65°C - 66°C - 65°C - 66°C - 66°C - 67°C | Throttling: None - None - None - None - None - None - None - None
802 (881808 Gflops/s) - 803 (882907 Gflops/s) - 801 (880708 Gflops/s) - 802 (881808 Gflops/s) - 803 (882907 Gflops/s) - 802 (881808 Gflops/s) - 802 (881808 Gflops/s) - 802 (881808 Gflops/s) | Temperatures: 68°C - 66°C - 65°C - 66°C - 65°C - 66°C - 66°C - 67°C | Throttling: None - None - None - None - None - None - None - None
804 (884007 Gflops/s) - 803 (882907 Gflops/s) - 803 (882907 Gflops/s) - 803 (882907 Gflops/s) - 803 (882907 Gflops/s) - 804 (884007 Gflops/s) - 804 (884007 Gflops/s) - 803 (882907 Gflops/s) | Temperatures: 68°C - 66°C - 65°C - 66°C - 65°C - 66°C - 66°C - 67°C | Throttling: None - None - None - None - None - None - None - None
804 (884007 Gflops/s) - 804 (884007 Gflops/s) - 803 (882907 Gflops/s) - 803 (882907 Gflops/s) - 804 (884007 Gflops/s) - 803 (882907 Gflops/s) - 803 (882907 Gflops/s) - 803 (882907 Gflops/s) | Temperatures: 68°C - 66°C - 65°C - 66°C - 65°C - 66°C - 66°C - 67°C | Throttling: None - None - None - None - None - None - None - None
803 (882907 Gflops/s) - 803 (882907 Gflops/s) - 803 (882907 Gflops/s) - 803 (882907 Gflops/s) - 803 (882907 Gflops/s) - 803 (882907 Gflops/s) - 803 (882907 Gflops/s) - 803 (882907 Gflops/s) | Temperatures: 68°C - 66°C - 65°C - 66°C - 65°C - 66°C - 66°C - 67°C | Throttling: None - None - None - None - None - None - None - None
804 (884007 Gflops/s) - 803 (882907 Gflops/s) - 802 (881808 Gflops/s) - 803 (882907 Gflops/s) - 804 (884007 Gflops/s) - 803 (882907 Gflops/s) - 803 (882907 Gflops/s) - 803 (882907 Gflops/s) | Temperatures: 68°C - 66°C - 65°C - 66°C - 65°C - 66°C - 66°C - 67°C | Throttling: None - None - None - None - None - None - None - None
803 (882907 Gflops/s) - 804 (884007 Gflops/s) - 803 (882907 Gflops/s) - 803 (882907 Gflops/s) - 803 (882907 Gflops/s) - 804 (884007 Gflops/s) - 803 (882907 Gflops/s) - 803 (882907 Gflops/s) | Temperatures: 68°C - 66°C - 65°C - 66°C - 65°C - 66°C - 66°C - 67°C | Throttling: None - None - None - None - None - None - None - None
803 (882907 Gflops/s) - 803 (882907 Gflops/s) - 802 (881808 Gflops/s) - 803 (882907 Gflops/s) - 803 (882907 Gflops/s) - 802 (881808 Gflops/s) - 803 (882907 Gflops/s) - 802 (881808 Gflops/s) | Temperatures: 68°C - 66°C - 65°C - 66°C - 65°C - 66°C - 66°C - 67°C | Throttling: None - None - None - None - None - None - None - None
803 (882907 Gflops/s) - 803 (882907 Gflops/s) - 803 (882907 Gflops/s) - 803 (882907 Gflops/s) - 803 (882907 Gflops/s) - 803 (882907 Gflops/s) - 803 (882907 Gflops/s) - 803 (882907 Gflops/s) | Temperatures: 68°C - 66°C - 65°C - 66°C - 65°C - 66°C - 66°C - 67°C | Throttling: None - None - None - None - None - None - None - None
804 (884007 Gflops/s) - 804 (884007 Gflops/s) - 803 (882907 Gflops/s) - 803 (882907 Gflops/s) - 804 (884007 Gflops/s) - 804 (884007 Gflops/s) - 803 (882907 Gflops/s) - 803 (882907 Gflops/s) | Temperatures: 68°C - 66°C - 65°C - 66°C - 65°C - 66°C - 66°C - 67°C | Throttling: None - None - None - None - None - None - None - None
803 (882907 Gflops/s) - 803 (882907 Gflops/s) - 803 (882907 Gflops/s) - 802 (881808 Gflops/s) - 803 (882907 Gflops/s) - 803 (882907 Gflops/s) - 804 (884007 Gflops/s) - 803 (882907 Gflops/s) | Temperatures: 68°C - 66°C - 65°C - 66°C - 65°C - 66°C - 66°C - 67°C | Throttling: None - None - None - None - None - None - None - None
804 (884007 Gflops/s) - 803 (882907 Gflops/s) - 802 (881808 Gflops/s) - 803 (882907 Gflops/s) - 804 (884007 Gflops/s) - 803 (882907 Gflops/s) - 803 (882907 Gflops/s) - 803 (882907 Gflops/s) | Temperatures: 68°C - 66°C - 65°C - 66°C - 65°C - 66°C - 66°C - 67°C | Throttling: None - None - None - None - None - None - None - None
803 (882907 Gflops/s) - 804 (884007 Gflops/s) - 803 (882907 Gflops/s) - 803 (882907 Gflops/s) - 803 (882907 Gflops/s) - 803 (882907 Gflops/s) - 803 (882907 Gflops/s) - 803 (882907 Gflops/s) | Temperatures: 68°C - 66°C - 65°C - 66°C - 65°C - 66°C - 66°C - 67°C | Throttling: None - None - None - None - None - None - None - None
803 (882907 Gflops/s) - 802 (881808 Gflops/s) - 802 (881808 Gflops/s) - 803 (882907 Gflops/s) - 803 (882907 Gflops/s) - 803 (882907 Gflops/s) - 802 (881808 Gflops/s) - 802 (881808 Gflops/s) | Temperatures: 68°C - 66°C - 65°C - 66°C - 65°C - 66°C - 66°C - 67°C | Throttling: None - None - None - None - None - None - None - None
804 (884007 Gflops/s) - 804 (884007 Gflops/s) - 803 (882907 Gflops/s) - 803 (882907 Gflops/s) - 803 (882907 Gflops/s) - 803 (882907 Gflops/s) - 804 (884007 Gflops/s) - 803 (882907 Gflops/s) | Temperatures: 68°C - 66°C - 65°C - 66°C - 65°C - 66°C - 66°C - 67°C | Throttling: None - None - None - None - None - None - None - None
803 (882907 Gflops/s) - 803 (882907 Gflops/s) - 803 (882907 Gflops/s) - 803 (882907 Gflops/s) - 804 (884007 Gflops/s) - 803 (882907 Gflops/s) - 803 (882907 Gflops/s) - 803 (882907 Gflops/s) | Temperatures: 68°C - 66°C - 65°C - 66°C - 65°C - 66°C - 66°C - 67°C | Throttling: None - None - None - None - None - None - None - None
804 (884007 Gflops/s) - 804 (884007 Gflops/s) - 802 (881808 Gflops/s) - 803 (882907 Gflops/s) - 803 (882907 Gflops/s) - 803 (882907 Gflops/s) - 803 (882907 Gflops/s) - 803 (882907 Gflops/s) | Temperatures: 68°C - 66°C - 65°C - 66°C - 65°C - 66°C - 66°C - 67°C | Throttling: None - None - None - None - None - None - None - None
803 (882907 Gflops/s) - 803 (882907 Gflops/s) - 803 (882907 Gflops/s) - 802 (881808 Gflops/s) - 804 (884007 Gflops/s) - 804 (884007 Gflops/s) - 803 (882907 Gflops/s) - 803 (882907 Gflops/s) | Temperatures: 68°C - 66°C - 65°C - 66°C - 65°C - 66°C - 66°C - 67°C | Throttling: None - None - None - None - None - None - None - None
803 (882907 Gflops/s) - 803 (882907 Gflops/s) - 802 (881808 Gflops/s) - 803 (882907 Gflops/s) - 802 (881808 Gflops/s) - 802 (881808 Gflops/s) - 803 (882907 Gflops/s) - 802 (881808 Gflops/s) | Temperatures: 68°C - 66°C - 65°C - 66°C - 65°C - 66°C - 66°C - 67°C | Throttling: None - None - None - None - None - None - None - None
804 (884007 Gflops/s) - 803 (882907 Gflops/s) - 803 (882907 Gflops/s) - 803 (882907 Gflops/s) - 804 (884007 Gflops/s) - 803 (882907 Gflops/s) - 803 (882907 Gflops/s) - 803 (882907 Gflops/s) | Temperatures: 68°C - 66°C - 65°C - 66°C - 65°C - 66°C - 66°C - 67°C | Throttling: None - None - None - None - None - None - None - None
803 (882907 Gflops/s) - 804 (884007 Gflops/s) - 803 (882907 Gflops/s) - 803 (882907 Gflops/s) - 803 (882907 Gflops/s) - 804 (884007 Gflops/s) - 803 (882907 Gflops/s) - 803 (882907 Gflops/s) | Temperatures: 68°C - 66°C - 65°C - 66°C - 65°C - 66°C - 66°C - 67°C | Throttling: None - None - None - None - None - None - None - None
804 (884007 Gflops/s) - 803 (882907 Gflops/s) - 803 (882907 Gflops/s) - 803 (882907 Gflops/s) - 804 (884007 Gflops/s) - 803 (882907 Gflops/s) - 804 (884007 Gflops/s) - 803 (882907 Gflops/s) | Temperatures: 68°C - 66°C - 65°C - 66°C - 65°C - 66°C - 66°C - 67°C | Throttling: None - None - None - None - None - None - None - None
803 (882907 Gflops/s) - 804 (884007 Gflops/s) - 802 (881808 Gflops/s) - 803 (882907 Gflops/s) - 803 (882907 Gflops/s) - 803 (882907 Gflops/s) - 803 (882907 Gflops/s) - 803 (882907 Gflops/s) | Temperatures: 68°C - 66°C - 65°C - 66°C - 65°C - 66°C - 66°C - 67°C | Throttling: None - None - None - None - None - None - None - None
803 (882907 Gflops/s) - 802 (881808 Gflops/s) - 802 (881808 Gflops/s) - 802 (881808 Gflops/s) - 803 (882907 Gflops/s) - 803 (882907 Gflops/s) - 802 (881808 Gflops/s) - 802 (881808 Gflops/s) | Temperatures: 68°C - 66°C - 65°C - 66°C - 65°C - 66°C - 66°C - 67°C | Throttling: None - None - None - None - None - None - None - None
804 (884007 Gflops/s) - 804 (884007 Gflops/s) - 803 (882907 Gflops/s) - 803 (882907 Gflops/s) - 803 (882907 Gflops/s) - 803 (882907 Gflops/s) - 804 (884007 Gflops/s) - 803 (882907 Gflops/s) | Temperatures: 68°C - 66°C - 65°C - 66°C - 65°C - 66°C - 66°C - 67°C | Throttling: None - None - None - None - None - None - None - None
803 (882907 Gflops/s) - 803 (882907 Gflops/s) - 803 (882907 Gflops/s) - 803 (882907 Gflops/s) - 804 (884007 Gflops/s) - 803 (882907 Gflops/s) - 803 (882907 Gflops/s) - 803 (882907 Gflops/s) | Temperatures: 68°C - 66°C - 65°C - 66°C - 65°C - 66°C - 66°C - 67°C | Throttling: None - None - None - None - None - None - None - None
804 (884007 Gflops/s) - 804 (884007 Gflops/s) - 803 (882907 Gflops/s) - 803 (882907 Gflops/s) - 803 (882907 Gflops/s) - 803 (882907 Gflops/s) - 803 (882907 Gflops/s) - 803 (882907 Gflops/s) | Temperatures: 68°C - 66°C - 65°C - 66°C - 65°C - 66°C - 66°C - 67°C | Throttling: None - None - None - None - None - None - None - None
803 (882907 Gflops/s) - 803 (882907 Gflops/s) - 803 (882907 Gflops/s) - 803 (882907 Gflops/s) - 804 (884007 Gflops/s) - 804 (884007 Gflops/s) - 803 (882907 Gflops/s) - 803 (882907 Gflops/s) | Temperatures: 68°C - 66°C - 65°C - 66°C - 65°C - 66°C - 66°C - 67°C | Throttling: None - None - None - None - None - None - None - None
803 (882907 Gflops/s) - 803 (882907 Gflops/s) - 802 (881808 Gflops/s) - 802 (881808 Gflops/s) - 802 (881808 Gflops/s) - 802 (881808 Gflops/s) - 803 (882907 Gflops/s) - 802 (881808 Gflops/s) | Temperatures: 68°C - 66°C - 65°C - 66°C - 65°C - 66°C - 66°C - 67°C | Throttling: None - None - None - None - None - None - None - None
804 (884007 Gflops/s) - 803 (882907 Gflops/s) - 802 (881808 Gflops/s) - 803 (882907 Gflops/s) - 804 (884007 Gflops/s) - 803 (882907 Gflops/s) - 803 (882907 Gflops/s) - 803 (882907 Gflops/s) | Temperatures: 68°C - 66°C - 65°C - 66°C - 65°C - 66°C - 66°C - 67°C | Throttling: None - None - None - None - None - None - None - None
803 (882907 Gflops/s) - 804 (884007 Gflops/s) - 803 (882907 Gflops/s) - 803 (882907 Gflops/s) - 803 (882907 Gflops/s) - 804 (884007 Gflops/s) - 803 (882907 Gflops/s) - 804 (884007 Gflops/s) | Temperatures: 68°C - 66°C - 65°C - 66°C - 65°C - 66°C - 66°C - 67°C | Throttling: None - None - None - None - None - None - None - None
804 (884007 Gflops/s) - 803 (882907 Gflops/s) - 803 (882907 Gflops/s) - 803 (882907 Gflops/s) - 804 (884007 Gflops/s) - 803 (882907 Gflops/s) - 804 (884007 Gflops/s) - 802 (881808 Gflops/s) | Temperatures: 68°C - 66°C - 65°C - 66°C - 65°C - 66°C - 66°C - 67°C | Throttling: None - None - None - None - None - None - None - None
803 (882907 Gflops/s) - 804 (884007 Gflops/s) - 803 (882907 Gflops/s) - 803 (882907 Gflops/s) - 803 (882907 Gflops/s) - 803 (882907 Gflops/s) - 803 (882907 Gflops/s) - 803 (882907 Gflops/s) | Temperatures: 68°C - 66°C - 65°C - 66°C - 65°C - 66°C - 66°C - 67°C | Throttling: None - None - None - None - None - None - None - None
803 (882907 Gflops/s) - 802 (881808 Gflops/s) - 802 (881808 Gflops/s) - 802 (881808 Gflops/s) - 803 (882907 Gflops/s) - 803 (882907 Gflops/s) - 802 (881808 Gflops/s) - 803 (882907 Gflops/s) | Temperatures: 68°C - 66°C - 65°C - 66°C - 65°C - 66°C - 66°C - 67°C | Throttling: None - None - None - None - None - None - None - None
804 (884007 Gflops/s) - 804 (884007 Gflops/s) - 803 (882907 Gflops/s) - 803 (882907 Gflops/s) - 803 (882907 Gflops/s) - 803 (882907 Gflops/s) - 804 (884007 Gflops/s) - 803 (882907 Gflops/s) | Temperatures: 68°C - 66°C - 65°C - 66°C - 65°C - 66°C - 66°C - 67°C | Throttling: None - None - None - None - None - None - None - None
803 (882907 Gflops/s) - 803 (882907 Gflops/s) - 803 (882907 Gflops/s) - 803 (882907 Gflops/s) - 804 (884007 Gflops/s) - 803 (882907 Gflops/s) - 803 (882907 Gflops/s) - 803 (882907 Gflops/s) | Temperatures: 68°C - 66°C - 65°C - 66°C - 65°C - 66°C - 66°C - 67°C | Throttling: None - None - None - None - None - None - None - None
804 (884007 Gflops/s) - 804 (884007 Gflops/s) - 802 (881808 Gflops/s) - 803 (882907 Gflops/s) - 803 (882907 Gflops/s) - 803 (882907 Gflops/s) - 803 (882907 Gflops/s) - 803 (882907 Gflops/s) | Temperatures: 68°C - 66°C - 65°C - 66°C - 65°C - 66°C - 66°C - 67°C | Throttling: None - None - None - None - None - None - None - None
803 (882907 Gflops/s) - 802 (881808 Gflops/s) - 802 (881808 Gflops/s) - 802 (881808 Gflops/s) - 803 (882907 Gflops/s) - 803 (882907 Gflops/s) - 803 (882907 Gflops/s) - 802 (881808 Gflops/s) | Temperatures: 68°C - 66°C - 65°C - 66°C - 65°C - 66°C - 66°C - 67°C | Throttling: None - None - None - None - None - None - None - None
803 (882907 Gflops/s) - 804 (884007 Gflops/s) - 803 (882907 Gflops/s) - 803 (882907 Gflops/s) - 803 (882907 Gflops/s) - 803 (882907 Gflops/s) - 803 (882907 Gflops/s) - 803 (882907 Gflops/s) | Temperatures: 68°C - 66°C - 65°C - 66°C - 65°C - 66°C - 66°C - 67°C | Throttling: None - None - None - None - None - None - None - None
804 (884007 Gflops/s) - 803 (882907 Gflops/s) - 803 (882907 Gflops/s) - 803 (882907 Gflops/s) - 804 (884007 Gflops/s) - 803 (882907 Gflops/s) - 803 (882907 Gflops/s) - 803 (882907 Gflops/s) | Temperatures: 68°C - 66°C - 65°C - 66°C - 65°C - 66°C - 66°C - 67°C | Throttling: None - None - None - None - None - None - None - None
803 (882907 Gflops/s) - 804 (884007 Gflops/s) - 803 (882907 Gflops/s) - 803 (882907 Gflops/s) - 803 (882907 Gflops/s) - 804 (884007 Gflops/s) - 803 (882907 Gflops/s) - 803 (882907 Gflops/s) | Temperatures: 68°C - 66°C - 65°C - 66°C - 65°C - 66°C - 66°C - 67°C | Throttling: None - None - None - None - None - None - None - None
804 (884007 Gflops/s) - 803 (882907 Gflops/s) - 803 (882907 Gflops/s) - 803 (882907 Gflops/s) - 804 (884007 Gflops/s) - 803 (882907 Gflops/s) - 804 (884007 Gflops/s) - 803 (882907 Gflops/s) | Temperatures: 68°C - 66°C - 65°C - 66°C - 65°C - 66°C - 66°C - 67°C | Throttling: None - None - None - None - None - None - None - None
803 (882907 Gflops/s) - 804 (884007 Gflops/s) - 802 (881808 Gflops/s) - 803 (882907 Gflops/s) - 803 (882907 Gflops/s) - 803 (882907 Gflops/s) - 803 (882907 Gflops/s) - 803 (882907 Gflops/s) | Temperatures: 68°C - 66°C - 65°C - 66°C - 65°C - 66°C - 66°C - 67°C | Throttling: None - None - None - None - None - None - None - None
803 (882907 Gflops/s) - 802 (881808 Gflops/s) - 802 (881808 Gflops/s) - 803 (882907 Gflops/s) - 803 (882907 Gflops/s) - 802 (881808 Gflops/s) - 802 (881808 Gflops/s) - 802 (881808 Gflops/s) | Temperatures: 68°C - 66°C - 65°C - 66°C - 65°C - 66°C - 66°C - 67°C | Throttling: None - None - None - None - None - None - None - None
803 (882907 Gflops/s) - 804 (884007 Gflops/s) - 803 (882907 Gflops/s) - 803 (882907 Gflops/s) - 803 (882907 Gflops/s) - 804 (884007 Gflops/s) - 804 (884007 Gflops/s) - 803 (882907 Gflops/s) | Temperatures: 68°C - 66°C - 65°C - 66°C - 65°C - 66°C - 66°C - 67°C | Throttling: None - None - None - None - None - None - None - None
804 (884007 Gflops/s) - 803 (882907 Gflops/s) - 803 (882907 Gflops/s) - 803 (882907 Gflops/s) - 804 (884007 Gflops/s) - 803 (882907 Gflops/s) - 803 (882907 Gflops/s) - 803 (882907 Gflops/s) | Temperatures: 68°C - 66°C - 65°C - 66°C - 65°C - 66°C - 66°C - 67°C | Throttling: None - None - None - None - None - None - None - None
804 (884007 Gflops/s) - 804 (884007 Gflops/s) - 803 (882907 Gflops/s) - 803 (882907 Gflops/s) - 803 (882907 Gflops/s) - 803 (882907 Gflops/s) - 803 (882907 Gflops/s) - 803 (882907 Gflops/s) | Temperatures: 68°C - 66°C - 65°C - 66°C - 65°C - 66°C - 66°C - 67°C | Throttling: None - None - None - None - None - None - None - None
803 (882907 Gflops/s) - 803 (882907 Gflops/s) - 803 (882907 Gflops/s) - 803 (882907 Gflops/s) - 804 (884007 Gflops/s) - 803 (882907 Gflops/s) - 803 (882907 Gflops/s) - 803 (882907 Gflops/s) | Temperatures: 68°C - 66°C - 65°C - 66°C - 65°C - 66°C - 66°C - 67°C | Throttling: None - None - None - None - None - None - None - None
803 (882907 Gflops/s) - 803 (882907 Gflops/s) - 802 (881808 Gflops/s) - 802 (881808 Gflops/s) - 802 (881808 Gflops/s) - 803 (882907 Gflops/s) - 803 (882907 Gflops/s) - 803 (882907 Gflops/s) | Temperatures: 68°C - 66°C - 65°C - 66°C - 65°C - 66°C - 66°C - 67°C | Throttling: None - None - None - None - None - None - None - None
804 (884007 Gflops/s) - 804 (884007 Gflops/s) - 802 (881808 Gflops/s) - 803 (882907 Gflops/s) - 804 (884007 Gflops/s) - 803 (882907 Gflops/s) - 803 (882907 Gflops/s) - 803 (882907 Gflops/s) | Temperatures: 68°C - 66°C - 65°C - 66°C - 65°C - 66°C - 66°C - 67°C | Throttling: None - None - None - None - None - None - None - None
803 (882907 Gflops/s) - 803 (882907 Gflops/s) - 803 (882907 Gflops/s) - 803 (882907 Gflops/s) - 803 (882907 Gflops/s) - 803 (882907 Gflops/s) - 803 (882907 Gflops/s) - 803 (882907 Gflops/s) | Temperatures: 68°C - 66°C - 65°C - 66°C - 65°C - 66°C - 66°C - 67°C | Throttling: None - None - None - None - None - None - None - None
804 (884007 Gflops/s) - 804 (884007 Gflops/s) - 803 (882907 Gflops/s) - 803 (882907 Gflops/s) - 804 (884007 Gflops/s) - 804 (884007 Gflops/s) - 804 (884007 Gflops/s) - 803 (882907 Gflops/s) | Temperatures: 68°C - 66°C - 65°C - 66°C - 65°C - 66°C - 66°C - 67°C | Throttling: None - None - None - None - None - None - None - None
803 (882907 Gflops/s) - 803 (882907 Gflops/s) - 803 (882907 Gflops/s) - 803 (882907 Gflops/s) - 803 (882907 Gflops/s) - 803 (882907 Gflops/s) - 803 (882907 Gflops/s) - 803 (882907 Gflops/s) | Temperatures: 68°C - 66°C - 65°C - 66°C - 65°C - 66°C - 66°C - 67°C | Throttling: None - None - None - None - None - None - None - None
803 (882907 Gflops/s) - 803 (882907 Gflops/s) - 802 (881808 Gflops/s) - 802 (881808 Gflops/s) - 803 (882907 Gflops/s) - 802 (881808 Gflops/s) - 802 (881808 Gflops/s) - 802 (881808 Gflops/s) | Temperatures: 68°C - 66°C - 65°C - 66°C - 65°C - 66°C - 66°C - 67°C | Throttling: None - None - None - None - None - None - None - None
803 (882907 Gflops/s) - 803 (882907 Gflops/s) - 802 (881808 Gflops/s) - 803 (882907 Gflops/s) - 803 (882907 Gflops/s) - 803 (882907 Gflops/s) - 804 (884007 Gflops/s) - 803 (882907 Gflops/s) | Temperatures: 68°C - 66°C - 65°C - 66°C - 65°C - 66°C - 66°C - 67°C | Throttling: None - None - None - None - None - None - None - None
804 (884007 Gflops/s) - 803 (882907 Gflops/s) - 803 (882907 Gflops/s) - 803 (882907 Gflops/s) - 804 (884007 Gflops/s) - 804 (884007 Gflops/s) - 803 (882907 Gflops/s) - 803 (882907 Gflops/s) | Temperatures: 68°C - 66°C - 65°C - 66°C - 65°C - 66°C - 66°C - 67°C | Throttling: None - None - None - None - None - None - None - None
803 (882907 Gflops/s) - 804 (884007 Gflops/s) - 803 (882907 Gflops/s) - 803 (882907 Gflops/s) - 803 (882907 Gflops/s) - 803 (882907 Gflops/s) - 803 (882907 Gflops/s) - 803 (882907 Gflops/s) | Temperatures: 68°C - 66°C - 65°C - 66°C - 65°C - 66°C - 66°C - 67°C | Throttling: None - None - None - None - None - None - None - None
804 (884007 Gflops/s) - 803 (882907 Gflops/s) - 803 (882907 Gflops/s) - 803 (882907 Gflops/s) - 803 (882907 Gflops/s) - 803 (882907 Gflops/s) - 803 (882907 Gflops/s) - 803 (882907 Gflops/s) | Temperatures: 68°C - 66°C - 65°C - 66°C - 65°C - 66°C - 66°C - 67°C | Throttling: None - None - None - None - None - None - None - None
803 (882907 Gflops/s) - 803 (882907 Gflops/s) - 802 (881808 Gflops/s) - 802 (881808 Gflops/s) - 803 (882907 Gflops/s) - 803 (882907 Gflops/s) - 803 (882907 Gflops/s) - 802 (881808 Gflops/s) | Temperatures: 68°C - 66°C - 65°C - 66°C - 65°C - 66°C - 66°C - 67°C | Throttling: None - None - None - None - None - None - None - None
803 (882907 Gflops/s) - 803 (882907 Gflops/s) - 802 (881808 Gflops/s) - 803 (882907 Gflops/s) - 804 (884007 Gflops/s) - 803 (882907 Gflops/s) - 803 (882907 Gflops/s) - 803 (882907 Gflops/s) | Temperatures: 68°C - 66°C - 65°C - 66°C - 65°C - 66°C - 66°C - 67°C | Throttling: None - None - None - None - None - None - None - None
804 (884007 Gflops/s) - 804 (884007 Gflops/s) - 803 (882907 Gflops/s) - 803 (882907 Gflops/s) - 803 (882907 Gflops/s) - 803 (882907 Gflops/s) - 803 (882907 Gflops/s) - 803 (882907 Gflops/s) | Temperatures: 68°C - 66°C - 65°C - 66°C - 65°C - 66°C - 66°C - 67°C | Throttling: None - None - None - None - None - None - None - None
803 (882907 Gflops/s) - 803 (882907 Gflops/s) - 803 (882907 Gflops/s) - 803 (882907 Gflops/s) - 803 (882907 Gflops/s) - 803 (882907 Gflops/s) - 803 (882907 Gflops/s) - 803 (882907 Gflops/s) | Temperatures: 68°C - 66°C - 65°C - 66°C - 65°C - 66°C - 66°C - 67°C | Throttling: None - None - None - None - None - None - None - None
804 (884007 Gflops/s) - 804 (884007 Gflops/s) - 803 (882907 Gflops/s) - 803 (882907 Gflops/s) - 804 (884007 Gflops/s) - 804 (884007 Gflops/s) - 804 (884007 Gflops/s) - 803 (882907 Gflops/s) | Temperatures: 68°C - 66°C - 65°C - 66°C - 65°C - 66°C - 66°C - 67°C | Throttling: None - None - None - None - None - None - None - None
803 (882907 Gflops/s) - 803 (882907 Gflops/s) - 803 (882907 Gflops/s) - 803 (882907 Gflops/s) - 803 (882907 Gflops/s) - 803 (882907 Gflops/s) - 803 (882907 Gflops/s) - 803 (882907 Gflops/s) | Temperatures: 68°C - 66°C - 65°C - 66°C - 65°C - 66°C - 66°C - 67°C | Throttling: None - None - None - None - None - None - None - None
803 (882907 Gflops/s) - 803 (882907 Gflops/s) - 802 (881808 Gflops/s) - 802 (881808 Gflops/s) - 803 (882907 Gflops/s) - 802 (881808 Gflops/s) - 802 (881808 Gflops/s) - 802 (881808 Gflops/s) | Temperatures: 68°C - 66°C - 65°C - 66°C - 65°C - 66°C - 66°C - 67°C | Throttling: None - None - None - None - None - None - None - None
804 (884007 Gflops/s) - 803 (882907 Gflops/s) - 802 (881808 Gflops/s) - 804 (884007 Gflops/s) - 804 (884007 Gflops/s) - 804 (884007 Gflops/s) - 804 (884007 Gflops/s) - 803 (882907 Gflops/s) | Temperatures: 68°C - 65°C - 65°C - 66°C - 65°C - 66°C - 66°C - 67°C | Throttling: None - None - None - None - None - None - None - None
803 (882907 Gflops/s) - 804 (884007 Gflops/s) - 803 (882907 Gflops/s) - 802 (881808 Gflops/s) - 803 (882907 Gflops/s) - 803 (882907 Gflops/s) - 803 (882907 Gflops/s) - 803 (882907 Gflops/s) | Temperatures: 68°C - 66°C - 65°C - 66°C - 65°C - 66°C - 66°C - 67°C | Throttling: None - None - None - None - None - None - None - None
804 (884007 Gflops/s) - 803 (882907 Gflops/s) - 803 (882907 Gflops/s) - 804 (884007 Gflops/s) - 803 (882907 Gflops/s) - 803 (882907 Gflops/s) - 803 (882907 Gflops/s) - 803 (882907 Gflops/s) | Temperatures: 68°C - 66°C - 65°C - 66°C - 65°C - 66°C - 66°C - 67°C | Throttling: None - None - None - None - None - None - None - None
803 (882907 Gflops/s) - 803 (882907 Gflops/s) - 802 (881808 Gflops/s) - 802 (881808 Gflops/s) - 803 (882907 Gflops/s) - 803 (882907 Gflops/s) - 803 (882907 Gflops/s) - 802 (881808 Gflops/s) | Temperatures: 68°C - 66°C - 65°C - 66°C - 65°C - 66°C - 66°C - 67°C | Throttling: None - None - None - None - None - None - None - None
803 (882907 Gflops/s) - 803 (882907 Gflops/s) - 803 (882907 Gflops/s) - 803 (882907 Gflops/s) - 804 (884007 Gflops/s) - 803 (882907 Gflops/s) - 803 (882907 Gflops/s) - 803 (882907 Gflops/s) | Temperatures: 68°C - 66°C - 65°C - 66°C - 65°C - 66°C - 66°C - 67°C | Throttling: None - None - None - None - None - None - None - None
804 (884007 Gflops/s) - 804 (884007 Gflops/s) - 803 (882907 Gflops/s) - 803 (882907 Gflops/s) - 803 (882907 Gflops/s) - 803 (882907 Gflops/s) - 804 (884007 Gflops/s) - 804 (884007 Gflops/s) | Temperatures: 68°C - 66°C - 65°C - 66°C - 65°C - 66°C - 66°C - 67°C | Throttling: None - None - None - None - None - None - None - None
803 (882907 Gflops/s) - 803 (882907 Gflops/s) - 803 (882907 Gflops/s) - 803 (882907 Gflops/s) - 803 (882907 Gflops/s) - 803 (882907 Gflops/s) - 803 (882907 Gflops/s) - 803 (882907 Gflops/s) | Temperatures: 68°C - 66°C - 65°C - 66°C - 65°C - 66°C - 66°C - 67°C | Throttling: None - None - None - None - None - None - None - None
803 (882907 Gflops/s) - 803 (882907 Gflops/s) - 802 (881808 Gflops/s) - 802 (881808 Gflops/s) - 803 (882907 Gflops/s) - 803 (882907 Gflops/s) - 802 (881808 Gflops/s) - 802 (881808 Gflops/s) | Temperatures: 68°C - 66°C - 65°C - 66°C - 65°C - 66°C - 66°C - 67°C | Throttling: None - None - None - None - None - None - None - None
804 (884007 Gflops/s) - 803 (882907 Gflops/s) - 802 (881808 Gflops/s) - 803 (882907 Gflops/s) - 804 (884007 Gflops/s) - 803 (882907 Gflops/s) - 804 (884007 Gflops/s) - 803 (882907 Gflops/s) | Temperatures: 68°C - 66°C - 65°C - 66°C - 65°C - 66°C - 66°C - 67°C | Throttling: None - None - None - None - None - None - None - None
803 (882907 Gflops/s) - 804 (884007 Gflops/s) - 803 (882907 Gflops/s) - 803 (882907 Gflops/s) - 803 (882907 Gflops/s) - 803 (882907 Gflops/s) - 803 (882907 Gflops/s) - 803 (882907 Gflops/s) | Temperatures: 68°C - 66°C - 65°C - 66°C - 65°C - 66°C - 66°C - 67°C | Throttling: None - None - None - None - None - None - None - None
804 (884007 Gflops/s) - 803 (882907 Gflops/s) - 803 (882907 Gflops/s) - 803 (882907 Gflops/s) - 804 (884007 Gflops/s) - 804 (884007 Gflops/s) - 803 (882907 Gflops/s) - 803 (882907 Gflops/s) | Temperatures: 68°C - 66°C - 65°C - 66°C - 65°C - 66°C - 66°C - 67°C | Throttling: None - None - None - None - None - None - None - None
803 (882907 Gflops/s) - 804 (884007 Gflops/s) - 803 (882907 Gflops/s) - 803 (882907 Gflops/s) - 803 (882907 Gflops/s) - 803 (882907 Gflops/s) - 803 (882907 Gflops/s) - 803 (882907 Gflops/s) | Temperatures: 68°C - 66°C - 65°C - 66°C - 65°C - 66°C - 66°C - 67°C | Throttling: None - None - None - None - None - None - None - None
803 (882907 Gflops/s) - 802 (881808 Gflops/s) - 802 (881808 Gflops/s) - 802 (881808 Gflops/s) - 803 (882907 Gflops/s) - 802 (881808 Gflops/s) - 803 (882907 Gflops/s) - 802 (881808 Gflops/s) | Temperatures: 68°C - 66°C - 65°C - 66°C - 65°C - 66°C - 66°C - 67°C | Throttling: None - None - None - None - None - None - None - None
804 (884007 Gflops/s) - 804 (884007 Gflops/s) - 803 (882907 Gflops/s) - 803 (882907 Gflops/s) - 803 (882907 Gflops/s) - 804 (884007 Gflops/s) - 803 (882907 Gflops/s) - 803 (882907 Gflops/s) | Temperatures: 68°C - 66°C - 65°C - 66°C - 65°C - 66°C - 66°C - 67°C | Throttling: None - None - None - None - None - None - None - None
803 (882907 Gflops/s) - 803 (882907 Gflops/s) - 802 (881808 Gflops/s) - 803 (882907 Gflops/s) - 804 (884007 Gflops/s) - 803 (882907 Gflops/s) - 803 (882907 Gflops/s) - 803 (882907 Gflops/s) | Temperatures: 68°C - 66°C - 65°C - 66°C - 65°C - 66°C - 66°C - 67°C | Throttling: None - None - None - None - None - None - None - None
804 (884007 Gflops/s) - 804 (884007 Gflops/s) - 803 (882907 Gflops/s) - 803 (882907 Gflops/s) - 803 (882907 Gflops/s) - 803 (882907 Gflops/s) - 804 (884007 Gflops/s) - 803 (882907 Gflops/s) | Temperatures: 68°C - 66°C - 65°C - 66°C - 65°C - 66°C - 66°C - 67°C | Throttling: None - None - None - None - None - None - None - None
803 (882907 Gflops/s) - 803 (882907 Gflops/s) - 803 (882907 Gflops/s) - 803 (882907 Gflops/s) - 804 (884007 Gflops/s) - 803 (882907 Gflops/s) - 803 (882907 Gflops/s) - 803 (882907 Gflops/s) | Temperatures: 68°C - 66°C - 65°C - 66°C - 65°C - 66°C - 66°C - 67°C | Throttling: None - None - None - None - None - None - None - None
803 (882907 Gflops/s) - 803 (882907 Gflops/s) - 802 (881808 Gflops/s) - 802 (881808 Gflops/s) - 802 (881808 Gflops/s) - 803 (882907 Gflops/s) - 802 (881808 Gflops/s) - 802 (881808 Gflops/s) | Temperatures: 68°C - 66°C - 65°C - 66°C - 65°C - 66°C - 66°C - 67°C | Throttling: None - None - None - None - None - None - None - None
803 (882907 Gflops/s) - 803 (882907 Gflops/s) - 803 (882907 Gflops/s) - 803 (882907 Gflops/s) - 804 (884007 Gflops/s) - 803 (882907 Gflops/s) - 804 (884007 Gflops/s) - 803 (882907 Gflops/s) | Temperatures: 68°C - 66°C - 65°C - 66°C - 65°C - 66°C - 66°C - 67°C | Throttling: None - None - None - None - None - None - None - None
804 (884007 Gflops/s) - 804 (884007 Gflops/s) - 802 (881808 Gflops/s) - 803 (882907 Gflops/s) - 803 (882907 Gflops/s) - 803 (882907 Gflops/s) - 803 (882907 Gflops/s) - 803 (882907 Gflops/s) | Temperatures: 68°C - 66°C - 65°C - 66°C - 65°C - 66°C - 66°C - 67°C | Throttling: None - None - None - None - None - None - None - None
804 (884007 Gflops/s) - 803 (882907 Gflops/s) - 803 (882907 Gflops/s) - 803 (882907 Gflops/s) - 803 (882907 Gflops/s) - 803 (882907 Gflops/s) - 803 (882907 Gflops/s) - 803 (882907 Gflops/s) | Temperatures: 68°C - 66°C - 65°C - 66°C - 65°C - 66°C - 66°C - 67°C | Throttling: None - None - None - None - None - None - None - None
803 (882907 Gflops/s) - 804 (884007 Gflops/s) - 803 (882907 Gflops/s) - 803 (882907 Gflops/s) - 804 (884007 Gflops/s) - 804 (884007 Gflops/s) - 803 (882907 Gflops/s) - 803 (882907 Gflops/s) | Temperatures: 68°C - 66°C - 65°C - 66°C - 65°C - 66°C - 66°C - 67°C | Throttling: None - None - None - None - None - None - None - None
804 (884007 Gflops/s) - 803 (882907 Gflops/s) - 803 (882907 Gflops/s) - 803 (882907 Gflops/s) - 803 (882907 Gflops/s) - 803 (882907 Gflops/s) - 804 (884007 Gflops/s) - 803 (882907 Gflops/s) | Temperatures: 68°C - 66°C - 65°C - 66°C - 65°C - 66°C - 66°C - 67°C | Throttling: None - None - None - None - None - None - None - None
802 (881808 Gflops/s) - 803 (882907 Gflops/s) - 802 (881808 Gflops/s) - 802 (881808 Gflops/s) - 803 (882907 Gflops/s) - 802 (881808 Gflops/s) - 802 (881808 Gflops/s) - 802 (881808 Gflops/s) | Temperatures: 68°C - 66°C - 65°C - 66°C - 65°C - 66°C - 66°C - 67°C | Throttling: None - None - None - None - None - None - None - None
804 (884007 Gflops/s) - 803 (882907 Gflops/s) - 803 (882907 Gflops/s) - 803 (882907 Gflops/s) - 803 (882907 Gflops/s) - 803 (882907 Gflops/s) - 803 (882907 Gflops/s) - 803 (882907 Gflops/s) | Temperatures: 68°C - 66°C - 65°C - 66°C - 65°C - 66°C - 66°C - 67°C | Throttling: None - None - None - None - None - None - None - None
803 (882907 Gflops/s) - 804 (884007 Gflops/s) - 802 (881808 Gflops/s) - 803 (882907 Gflops/s) - 804 (884007 Gflops/s) - 804 (884007 Gflops/s) - 804 (884007 Gflops/s) - 803 (882907 Gflops/s) | Temperatures: 68°C - 66°C - 65°C - 66°C - 65°C - 66°C - 66°C - 67°C | Throttling: None - None - None - None - None - None - None - None
804 (884007 Gflops/s) - 803 (882907 Gflops/s) - 803 (882907 Gflops/s) - 803 (882907 Gflops/s) - 803 (882907 Gflops/s) - 803 (882907 Gflops/s) - 803 (882907 Gflops/s) - 803 (882907 Gflops/s) | Temperatures: 68°C - 66°C - 65°C - 66°C - 65°C - 66°C - 66°C - 67°C | Throttling: None - None - None - None - None - None - None - None
804 (884007 Gflops/s) - 804 (884007 Gflops/s) - 803 (882907 Gflops/s) - 803 (882907 Gflops/s) - 804 (884007 Gflops/s) - 803 (882907 Gflops/s) - 803 (882907 Gflops/s) - 803 (882907 Gflops/s) | Temperatures: 68°C - 66°C - 65°C - 66°C - 65°C - 66°C - 66°C - 67°C | Throttling: None - None - None - None - None - None - None - None
802 (881808 Gflops/s) - 802 (881808 Gflops/s) - 802 (881808 Gflops/s) - 802 (881808 Gflops/s) - 802 (881808 Gflops/s) - 803 (882907 Gflops/s) - 803 (882907 Gflops/s) - 803 (882907 Gflops/s) | Temperatures: 68°C - 66°C - 65°C - 66°C - 65°C - 66°C - 66°C - 67°C | Throttling: None - None - None - None - None - None - None - None
804 (884007 Gflops/s) - 804 (884007 Gflops/s) - 803 (882907 Gflops/s) - 803 (882907 Gflops/s) - 804 (884007 Gflops/s) - 803 (882907 Gflops/s) - 803 (882907 Gflops/s) - 803 (882907 Gflops/s) | Temperatures: 68°C - 66°C - 65°C - 66°C - 65°C - 66°C - 66°C - 67°C | Throttling: None - None - None - None - None - None - None - None
803 (882907 Gflops/s) - 803 (882907 Gflops/s) - 803 (882907 Gflops/s) - 803 (882907 Gflops/s) - 803 (882907 Gflops/s) - 803 (882907 Gflops/s) - 803 (882907 Gflops/s) - 803 (882907 Gflops/s) | Temperatures: 68°C - 66°C - 65°C - 66°C - 65°C - 66°C - 66°C - 67°C | Throttling: None - None - None - None - None - None - None - None
804 (884007 Gflops/s) - 803 (882907 Gflops/s) - 802 (881808 Gflops/s) - 803 (882907 Gflops/s) - 804 (884007 Gflops/s) - 803 (882907 Gflops/s) - 803 (882907 Gflops/s) - 802 (881808 Gflops/s) | Temperatures: 68°C - 66°C - 65°C - 66°C - 65°C - 66°C - 66°C - 67°C | Throttling: None - None - None - None - None - None - None - None
803 (882907 Gflops/s) - 804 (884007 Gflops/s) - 803 (882907 Gflops/s) - 803 (882907 Gflops/s) - 803 (882907 Gflops/s) - 804 (884007 Gflops/s) - 804 (884007 Gflops/s) - 803 (882907 Gflops/s) | Temperatures: 68°C - 66°C - 65°C - 66°C - 65°C - 66°C - 66°C - 67°C | Throttling: None - None - None - None - None - None - None - None
803 (882907 Gflops/s) - 802 (881808 Gflops/s) - 802 (881808 Gflops/s) - 802 (881808 Gflops/s) - 803 (882907 Gflops/s) - 802 (881808 Gflops/s) - 802 (881808 Gflops/s) - 803 (882907 Gflops/s) | Temperatures: 68°C - 66°C - 65°C - 66°C - 65°C - 66°C - 66°C - 67°C | Throttling: None - None - None - None - None - None - None - None
804 (884007 Gflops/s) - 804 (884007 Gflops/s) - 803 (882907 Gflops/s) - 803 (882907 Gflops/s) - 803 (882907 Gflops/s) - 803 (882907 Gflops/s) - 803 (882907 Gflops/s) - 803 (882907 Gflops/s) | Temperatures: 68°C - 66°C - 65°C - 66°C - 65°C - 66°C - 66°C - 67°C | Throttling: None - None - None - None - None - None - None - None
803 (882907 Gflops/s) - 803 (882907 Gflops/s) - 803 (882907 Gflops/s) - 803 (882907 Gflops/s) - 804 (884007 Gflops/s) - 804 (884007 Gflops/s) - 803 (882907 Gflops/s) - 803 (882907 Gflops/s) | Temperatures: 68°C - 66°C - 65°C - 66°C - 65°C - 66°C - 66°C - 67°C | Throttling: None - None - None - None - None - None - None - None
804 (884007 Gflops/s) - 804 (884007 Gflops/s) - 803 (882907 Gflops/s) - 803 (882907 Gflops/s) - 803 (882907 Gflops/s) - 803 (882907 Gflops/s) - 804 (884007 Gflops/s) - 803 (882907 Gflops/s) | Temperatures: 68°C - 66°C - 65°C - 66°C - 65°C - 66°C - 66°C - 67°C | Throttling: None - None - None - None - None - None - None - None
803 (882907 Gflops/s) - 803 (882907 Gflops/s) - 802 (881808 Gflops/s) - 803 (882907 Gflops/s) - 804 (884007 Gflops/s) - 803 (882907 Gflops/s) - 803 (882907 Gflops/s) - 803 (882907 Gflops/s) | Temperatures: 68°C - 66°C - 65°C - 66°C - 65°C - 66°C - 66°C - 67°C | Throttling: None - None - None - None - None - None - None - None
804 (884007 Gflops/s) - 804 (884007 Gflops/s) - 803 (882907 Gflops/s) - 803 (882907 Gflops/s) - 803 (882907 Gflops/s) - 803 (882907 Gflops/s) - 803 (882907 Gflops/s) - 803 (882907 Gflops/s) | Temperatures: 68°C - 66°C - 65°C - 66°C - 65°C - 66°C - 66°C - 67°C | Throttling: None - None - None - None - None - None - None - None
803 (882907 Gflops/s) - 802 (881808 Gflops/s) - 802 (881808 Gflops/s) - 803 (882907 Gflops/s) - 803 (882907 Gflops/s) - 803 (882907 Gflops/s) - 803 (882907 Gflops/s) - 802 (881808 Gflops/s) | Temperatures: 68°C - 66°C - 65°C - 66°C - 65°C - 66°C - 66°C - 67°C | Throttling: None - None - None - None - None - None - None - None
803 (882907 Gflops/s) - 804 (884007 Gflops/s) - 803 (882907 Gflops/s) - 803 (882907 Gflops/s) - 803 (882907 Gflops/s) - 803 (882907 Gflops/s) - 803 (882907 Gflops/s) - 803 (882907 Gflops/s) | Temperatures: 68°C - 66°C - 65°C - 66°C - 65°C - 66°C - 66°C - 67°C | Throttling: None - None - None - None - None - None - None - None
804 (884007 Gflops/s) - 803 (882907 Gflops/s) - 803 (882907 Gflops/s) - 803 (882907 Gflops/s) - 804 (884007 Gflops/s) - 803 (882907 Gflops/s) - 803 (882907 Gflops/s) - 803 (882907 Gflops/s) | Temperatures: 68°C - 66°C - 65°C - 66°C - 65°C - 66°C - 66°C - 67°C | Throttling: None - None - None - None - None - None - None - None
803 (882907 Gflops/s) - 804 (884007 Gflops/s) - 803 (882907 Gflops/s) - 803 (882907 Gflops/s) - 803 (882907 Gflops/s) - 803 (882907 Gflops/s) - 804 (884007 Gflops/s) - 803 (882907 Gflops/s) | Temperatures: 68°C - 66°C - 65°C - 66°C - 65°C - 66°C - 66°C - 67°C | Throttling: None - None - None - None - None - None - None - None
804 (884007 Gflops/s) - 803 (882907 Gflops/s) - 802 (881808 Gflops/s) - 803 (882907 Gflops/s) - 803 (882907 Gflops/s) - 804 (884007 Gflops/s) - 803 (882907 Gflops/s) - 803 (882907 Gflops/s) | Temperatures: 68°C - 66°C - 65°C - 66°C - 65°C - 66°C - 66°C - 67°C | Throttling: None - None - None - None - None - None - None - None
803 (882907 Gflops/s) - 803 (882907 Gflops/s) - 803 (882907 Gflops/s) - 802 (881808 Gflops/s) - 803 (882907 Gflops/s) - 802 (881808 Gflops/s) - 803 (882907 Gflops/s) - 802 (881808 Gflops/s) | Temperatures: 68°C - 66°C - 65°C - 66°C - 65°C - 66°C - 66°C - 67°C | Throttling: None - None - None - None - None - None - None - None
803 (882907 Gflops/s) - 804 (884007 Gflops/s) - 802 (881808 Gflops/s) - 803 (882907 Gflops/s) - 804 (884007 Gflops/s) - 804 (884007 Gflops/s) - 803 (882907 Gflops/s) - 803 (882907 Gflops/s) | Temperatures: 68°C - 66°C - 65°C - 66°C - 65°C - 66°C - 66°C - 67°C | Throttling: None - None - None - None - None - None - None - None
804 (884007 Gflops/s) - 803 (882907 Gflops/s) - 803 (882907 Gflops/s) - 803 (882907 Gflops/s) - 803 (882907 Gflops/s) - 803 (882907 Gflops/s) - 803 (882907 Gflops/s) - 803 (882907 Gflops/s) | Temperatures: 68°C - 66°C - 65°C - 66°C - 65°C - 66°C - 66°C - 67°C | Throttling: None - None - None - None - None - None - None - None
803 (882907 Gflops/s) - 803 (882907 Gflops/s) - 802 (881808 Gflops/s) - 802 (881808 Gflops/s) - 803 (882907 Gflops/s) - 802 (881808 Gflops/s) - 803 (882907 Gflops/s) - 803 (882907 Gflops/s) | Temperatures: 68°C - 66°C - 65°C - 66°C - 65°C - 66°C - 66°C - 67°C | Throttling: None - None - None - None - None - None - None - None
803 (882907 Gflops/s) - 803 (882907 Gflops/s) - 803 (882907 Gflops/s) - 803 (882907 Gflops/s) - 803 (882907 Gflops/s) - 804 (884007 Gflops/s) - 803 (882907 Gflops/s) - 803 (882907 Gflops/s) | Temperatures: 68°C - 66°C - 65°C - 66°C - 65°C - 66°C - 66°C - 67°C | Throttling: None - None - None - None - None - None - None - None
804 (884007 Gflops/s) - 804 (884007 Gflops/s) - 803 (882907 Gflops/s) - 803 (882907 Gflops/s) - 804 (884007 Gflops/s) - 803 (882907 Gflops/s) - 803 (882907 Gflops/s) - 803 (882907 Gflops/s) | Temperatures: 68°C - 66°C - 65°C - 66°C - 65°C - 66°C - 66°C - 67°C | Throttling: None - None - None - None - None - None - None - None
803 (882907 Gflops/s) - 803 (882907 Gflops/s) - 803 (882907 Gflops/s) - 803 (882907 Gflops/s) - 803 (882907 Gflops/s) - 803 (882907 Gflops/s) - 804 (884007 Gflops/s) - 803 (882907 Gflops/s) | Temperatures: 68°C - 66°C - 65°C - 66°C - 65°C - 66°C - 66°C - 67°C | Throttling: None - None - None - None - None - None - None - None
804 (884007 Gflops/s) - 804 (884007 Gflops/s) - 802 (881808 Gflops/s) - 803 (882907 Gflops/s) - 804 (884007 Gflops/s) - 803 (882907 Gflops/s) - 803 (882907 Gflops/s) - 803 (882907 Gflops/s) | Temperatures: 68°C - 66°C - 65°C - 66°C - 65°C - 66°C - 66°C - 67°C | Throttling: None - None - None - None - None - None - None - None
803 (882907 Gflops/s) - 802 (881808 Gflops/s) - 802 (881808 Gflops/s) - 802 (881808 Gflops/s) - 803 (882907 Gflops/s) - 803 (882907 Gflops/s) - 802 (881808 Gflops/s) - 802 (881808 Gflops/s) | Temperatures: 68°C - 66°C - 65°C - 66°C - 65°C - 66°C - 66°C - 67°C | Throttling: None - None - None - None - None - None - None - None
803 (882907 Gflops/s) - 804 (884007 Gflops/s) - 803 (882907 Gflops/s) - 803 (882907 Gflops/s) - 803 (882907 Gflops/s) - 803 (882907 Gflops/s) - 804 (884007 Gflops/s) - 803 (882907 Gflops/s) | Temperatures: 68°C - 66°C - 65°C - 66°C - 65°C - 66°C - 66°C - 67°C | Throttling: None - None - None - None - None - None - None - None
804 (884007 Gflops/s) - 803 (882907 Gflops/s) - 803 (882907 Gflops/s) - 803 (882907 Gflops/s) - 803 (882907 Gflops/s) - 803 (882907 Gflops/s) - 803 (882907 Gflops/s) - 803 (882907 Gflops/s) | Temperatures: 68°C - 66°C - 65°C - 66°C - 65°C - 66°C - 66°C - 67°C | Throttling: None - None - None - None - None - None - None - None
803 (882907 Gflops/s) - 804 (884007 Gflops/s) - 803 (882907 Gflops/s) - 803 (882907 Gflops/s) - 804 (884007 Gflops/s) - 804 (884007 Gflops/s) - 803 (882907 Gflops/s) - 803 (882907 Gflops/s) | Temperatures: 68°C - 66°C - 65°C - 66°C - 65°C - 66°C - 66°C - 67°C | Throttling: None - None - None - None - None - None - None - None
803 (882907 Gflops/s) - 802 (881808 Gflops/s) - 802 (881808 Gflops/s) - 803 (882907 Gflops/s) - 803 (882907 Gflops/s) - 802 (881808 Gflops/s) - 803 (882907 Gflops/s) - 802 (881808 Gflops/s) | Temperatures: 68°C - 66°C - 65°C - 66°C - 65°C - 66°C - 66°C - 67°C | Throttling: None - None - None - None - None - None - None - None
804 (884007 Gflops/s) - 804 (884007 Gflops/s) - 803 (882907 Gflops/s) - 802 (881808 Gflops/s) - 803 (882907 Gflops/s) - 803 (882907 Gflops/s) - 803 (882907 Gflops/s) - 803 (882907 Gflops/s) | Temperatures: 68°C - 66°C - 65°C - 66°C - 65°C - 66°C - 66°C - 67°C | Throttling: None - None - None - None - None - None - None - None
803 (882907 Gflops/s) - 803 (882907 Gflops/s) - 802 (881808 Gflops/s) - 803 (882907 Gflops/s) - 804 (884007 Gflops/s) - 804 (884007 Gflops/s) - 803 (882907 Gflops/s) - 804 (884007 Gflops/s) | Temperatures: 68°C - 66°C - 65°C - 66°C - 65°C - 66°C - 66°C - 67°C | Throttling: None - None - None - None - None - None - None - None
804 (884007 Gflops/s) - 804 (884007 Gflops/s) - 803 (882907 Gflops/s) - 803 (882907 Gflops/s) - 803 (882907 Gflops/s) - 803 (882907 Gflops/s) - 803 (882907 Gflops/s) - 802 (881808 Gflops/s) | Temperatures: 68°C - 66°C - 65°C - 66°C - 65°C - 66°C - 66°C - 67°C | Throttling: None - None - None - None - None - None - None - None
803 (882907 Gflops/s) - 803 (882907 Gflops/s) - 803 (882907 Gflops/s) - 803 (882907 Gflops/s) - 804 (884007 Gflops/s) - 803 (882907 Gflops/s) - 803 (882907 Gflops/s) - 803 (882907 Gflops/s) | Temperatures: 68°C - 66°C - 65°C - 66°C - 65°C - 66°C - 66°C - 67°C | Throttling: None - None - None - None - None - None - None - None
803 (882907 Gflops/s) - 803 (882907 Gflops/s) - 802 (881808 Gflops/s) - 803 (882907 Gflops/s) - 802 (881808 Gflops/s) - 803 (882907 Gflops/s) - 803 (882907 Gflops/s) - 803 (882907 Gflops/s) | Temperatures: 68°C - 66°C - 65°C - 66°C - 65°C - 66°C - 66°C - 67°C | Throttling: None - None - None - None - None - None - None - None
803 (882907 Gflops/s) - 803 (882907 Gflops/s) - 803 (882907 Gflops/s) - 803 (882907 Gflops/s) - 804 (884007 Gflops/s) - 803 (882907 Gflops/s) - 803 (882907 Gflops/s) - 803 (882907 Gflops/s) | Temperatures: 68°C - 66°C - 65°C - 66°C - 65°C - 66°C - 66°C - 67°C | Throttling: None - None - None - None - None - None - None - None
804 (884007 Gflops/s) - 804 (884007 Gflops/s) - 803 (882907 Gflops/s) - 802 (881808 Gflops/s) - 803 (882907 Gflops/s) - 803 (882907 Gflops/s) - 803 (882907 Gflops/s) - 803 (882907 Gflops/s) | Temperatures: 68°C - 66°C - 65°C - 66°C - 65°C - 66°C - 66°C - 67°C | Throttling: None - None - None - None - None - None - None - None
804 (884007 Gflops/s) - 803 (882907 Gflops/s) - 803 (882907 Gflops/s) - 804 (884007 Gflops/s) - 804 (884007 Gflops/s) - 803 (882907 Gflops/s) - 804 (884007 Gflops/s) - 803 (882907 Gflops/s) | Temperatures: 68°C - 66°C - 65°C - 66°C - 65°C - 66°C - 66°C - 67°C | Throttling: None - None - None - None - None - None - None - None
803 (882907 Gflops/s) - 804 (884007 Gflops/s) - 802 (881808 Gflops/s) - 802 (881808 Gflops/s) - 803 (882907 Gflops/s) - 803 (882907 Gflops/s) - 803 (882907 Gflops/s) - 803 (882907 Gflops/s) | Temperatures: 68°C - 66°C - 65°C - 66°C - 65°C - 66°C - 66°C - 67°C | Throttling: None - None - None - None - None - None - None - None
803 (882907 Gflops/s) - 803 (882907 Gflops/s) - 802 (881808 Gflops/s) - 803 (882907 Gflops/s) - 803 (882907 Gflops/s) - 803 (882907 Gflops/s) - 802 (881808 Gflops/s) - 802 (881808 Gflops/s) | Temperatures: 68°C - 66°C - 65°C - 66°C - 65°C - 66°C - 66°C - 67°C | Throttling: None - None - None - None - None - None - None - None
803 (882907 Gflops/s) - 803 (882907 Gflops/s) - 803 (882907 Gflops/s) - 803 (882907 Gflops/s) - 803 (882907 Gflops/s) - 803 (882907 Gflops/s) - 804 (884007 Gflops/s) - 803 (882907 Gflops/s) | Temperatures: 68°C - 66°C - 65°C - 66°C - 65°C - 66°C - 66°C - 67°C | Throttling: None - None - None - None - None - None - None - None
804 (884007 Gflops/s) - 803 (882907 Gflops/s) - 803 (882907 Gflops/s) - 803 (882907 Gflops/s) - 804 (884007 Gflops/s) - 803 (882907 Gflops/s) - 803 (882907 Gflops/s) - 803 (882907 Gflops/s) | Temperatures: 68°C - 66°C - 65°C - 66°C - 65°C - 66°C - 66°C - 67°C | Throttling: None - None - None - None - None - None - None - None
803 (882907 Gflops/s) - 804 (884007 Gflops/s) - 803 (882907 Gflops/s) - 803 (882907 Gflops/s) - 803 (882907 Gflops/s) - 804 (884007 Gflops/s) - 803 (882907 Gflops/s) - 803 (882907 Gflops/s) | Temperatures: 68°C - 66°C - 65°C - 66°C - 65°C - 66°C - 66°C - 67°C | Throttling: None - None - None - None - None - None - None - None
804 (884007 Gflops/s) - 803 (882907 Gflops/s) - 803 (882907 Gflops/s) - 803 (882907 Gflops/s) - 804 (884007 Gflops/s) - 803 (882907 Gflops/s) - 803 (882907 Gflops/s) - 803 (882907 Gflops/s) | Temperatures: 68°C - 66°C - 65°C - 66°C - 65°C - 66°C - 66°C - 67°C | Throttling: None - None - None - None - None - None - None - None
804 (884007 Gflops/s) - 804 (884007 Gflops/s) - 802 (881808 Gflops/s) - 803 (882907 Gflops/s) - 803 (882907 Gflops/s) - 803 (882907 Gflops/s) - 803 (882907 Gflops/s) - 803 (882907 Gflops/s) | Temperatures: 68°C - 66°C - 65°C - 66°C - 65°C - 66°C - 66°C - 67°C | Throttling: None - None - None - None - None - None - None - None
802 (881808 Gflops/s) - 802 (881808 Gflops/s) - 802 (881808 Gflops/s) - 802 (881808 Gflops/s) - 803 (882907 Gflops/s) - 802 (881808 Gflops/s) - 803 (882907 Gflops/s) - 802 (881808 Gflops/s) | Temperatures: 68°C - 66°C - 65°C - 66°C - 65°C - 66°C - 66°C - 67°C | Throttling: None - None - None - None - None - None - None - None
804 (884007 Gflops/s) - 804 (884007 Gflops/s) - 803 (882907 Gflops/s) - 803 (882907 Gflops/s) - 803 (882907 Gflops/s) - 804 (884007 Gflops/s) - 803 (882907 Gflops/s) - 803 (882907 Gflops/s) | Temperatures: 68°C - 66°C - 65°C - 66°C - 65°C - 66°C - 66°C - 67°C | Throttling: None - None - None - None - None - None - None - None
803 (882907 Gflops/s) - 803 (882907 Gflops/s) - 803 (882907 Gflops/s) - 803 (882907 Gflops/s) - 804 (884007 Gflops/s) - 803 (882907 Gflops/s) - 803 (882907 Gflops/s) - 803 (882907 Gflops/s) | Temperatures: 68°C - 66°C - 65°C - 66°C - 65°C - 66°C - 66°C - 67°C | Throttling: None - None - None - None - None - None - None - None
804 (884007 Gflops/s) - 804 (884007 Gflops/s) - 803 (882907 Gflops/s) - 803 (882907 Gflops/s) - 803 (882907 Gflops/s) - 803 (882907 Gflops/s) - 804 (884007 Gflops/s) - 803 (882907 Gflops/s) | Temperatures: 68°C - 66°C - 65°C - 66°C - 65°C - 66°C - 66°C - 67°C | Throttling: None - None - None - None - None - None - None - None
804 (884007 Gflops/s) - 803 (882907 Gflops/s) - 802 (881808 Gflops/s) - 803 (882907 Gflops/s) - 803 (882907 Gflops/s) - 803 (882907 Gflops/s) - 803 (882907 Gflops/s) - 803 (882907 Gflops/s) | Temperatures: 68°C - 66°C - 65°C - 66°C - 65°C - 66°C - 66°C - 67°C | Throttling: None - None - None - None - None - None - None - None
802 (881808 Gflops/s) - 803 (882907 Gflops/s) - 802 (881808 Gflops/s) - 802 (881808 Gflops/s) - 803 (882907 Gflops/s) - 803 (882907 Gflops/s) - 802 (881808 Gflops/s) - 802 (881808 Gflops/s) | Temperatures: 68°C - 66°C - 65°C - 66°C - 65°C - 66°C - 66°C - 67°C | Throttling: None - None - None - None - None - None - None - None
804 (884007 Gflops/s) - 803 (882907 Gflops/s) - 803 (882907 Gflops/s) - 803 (882907 Gflops/s) - 804 (884007 Gflops/s) - 803 (882907 Gflops/s) - 804 (884007 Gflops/s) - 803 (882907 Gflops/s) | Temperatures: 68°C - 66°C - 65°C - 66°C - 65°C - 66°C - 66°C - 67°C | Throttling: None - None - None - None - None - None - None - None
803 (882907 Gflops/s) - 804 (884007 Gflops/s) - 803 (882907 Gflops/s) - 803 (882907 Gflops/s) - 803 (882907 Gflops/s) - 803 (882907 Gflops/s) - 803 (882907 Gflops/s) - 803 (882907 Gflops/s) | Temperatures: 68°C - 66°C - 65°C - 66°C - 65°C - 66°C - 66°C - 67°C | Throttling: None - None - None - None - None - None - None - None
804 (884007 Gflops/s) - 803 (882907 Gflops/s) - 803 (882907 Gflops/s) - 803 (882907 Gflops/s) - 804 (884007 Gflops/s) - 804 (884007 Gflops/s) - 803 (882907 Gflops/s) - 803 (882907 Gflops/s) | Temperatures: 68°C - 66°C - 65°C - 66°C - 65°C - 66°C - 66°C - 67°C | Throttling: None - None - None - None - None - None - None - None
804 (884007 Gflops/s) - 804 (884007 Gflops/s) - 803 (882907 Gflops/s) - 803 (882907 Gflops/s) - 803 (882907 Gflops/s) - 803 (882907 Gflops/s) - 803 (882907 Gflops/s) - 803 (882907 Gflops/s) | Temperatures: 68°C - 66°C - 65°C - 66°C - 65°C - 66°C - 66°C - 67°C | Throttling: None - None - None - None - None - None - None - None
802 (881808 Gflops/s) - 802 (881808 Gflops/s) - 802 (881808 Gflops/s) - 802 (881808 Gflops/s) - 803 (882907 Gflops/s) - 802 (881808 Gflops/s) - 803 (882907 Gflops/s) - 803 (882907 Gflops/s) | Temperatures: 68°C - 66°C - 65°C - 66°C - 65°C - 66°C - 66°C - 67°C | Throttling: None - None - None - None - None - None - None - None
804 (884007 Gflops/s) - 804 (884007 Gflops/s) - 802 (881808 Gflops/s) - 803 (882907 Gflops/s) - 803 (882907 Gflops/s) - 803 (882907 Gflops/s) - 803 (882907 Gflops/s) - 802 (881808 Gflops/s) | Temperatures: 68°C - 66°C - 65°C - 66°C - 65°C - 66°C - 66°C - 67°C | Throttling: None - None - None - None - None - None - None - None
803 (882907 Gflops/s) - 803 (882907 Gflops/s) - 803 (882907 Gflops/s) - 803 (882907 Gflops/s) - 804 (884007 Gflops/s) - 804 (884007 Gflops/s) - 803 (882907 Gflops/s) - 803 (882907 Gflops/s) | Temperatures: 68°C - 66°C - 65°C - 67°C - 65°C - 66°C - 66°C - 67°C | Throttling: None - None - None - None - None - None - None - None
804 (884007 Gflops/s) - 804 (884007 Gflops/s) - 803 (882907 Gflops/s) - 803 (882907 Gflops/s) - 803 (882907 Gflops/s) - 803 (882907 Gflops/s) - 803 (882907 Gflops/s) - 804 (884007 Gflops/s) | Temperatures: 68°C - 66°C - 65°C - 66°C - 65°C - 66°C - 66°C - 67°C | Throttling: None - None - None - None - None - None - None - None
803 (882907 Gflops/s) - 803 (882907 Gflops/s) - 803 (882907 Gflops/s) - 803 (882907 Gflops/s) - 803 (882907 Gflops/s) - 803 (882907 Gflops/s) - 804 (884007 Gflops/s) - 803 (882907 Gflops/s) | Temperatures: 68°C - 66°C - 65°C - 66°C - 65°C - 66°C - 66°C - 67°C | Throttling: None - None - None - None - None - None - None - None
803 (882907 Gflops/s) - 803 (882907 Gflops/s) - 802 (881808 Gflops/s) - 802 (881808 Gflops/s) - 803 (882907 Gflops/s) - 803 (882907 Gflops/s) - 802 (881808 Gflops/s) - 802 (881808 Gflops/s) | Temperatures: 68°C - 66°C - 65°C - 66°C - 65°C - 66°C - 66°C - 67°C | Throttling: None - None - None - None - None - None - None - None
804 (884007 Gflops/s) - 804 (884007 Gflops/s) - 803 (882907 Gflops/s) - 804 (884007 Gflops/s) - 804 (884007 Gflops/s) - 803 (882907 Gflops/s) - 804 (884007 Gflops/s) - 803 (882907 Gflops/s) | Temperatures: 68°C - 66°C - 65°C - 66°C - 65°C - 66°C - 66°C - 67°C | Throttling: None - None - None - None - None - None - None - None
804 (884007 Gflops/s) - 803 (882907 Gflops/s) - 803 (882907 Gflops/s) - 803 (882907 Gflops/s) - 803 (882907 Gflops/s) - 803 (882907 Gflops/s) - 803 (882907 Gflops/s) - 803 (882907 Gflops/s) | Temperatures: 68°C - 66°C - 65°C - 66°C - 65°C - 66°C - 66°C - 67°C | Throttling: None - None - None - None - None - None - None - None
802 (881808 Gflops/s) - 803 (882907 Gflops/s) - 802 (881808 Gflops/s) - 802 (881808 Gflops/s) - 803 (882907 Gflops/s) - 803 (882907 Gflops/s) - 802 (881808 Gflops/s) - 802 (881808 Gflops/s) | Temperatures: 68°C - 66°C - 65°C - 66°C - 65°C - 66°C - 66°C - 67°C | Throttling: None - None - None - None - None - None - None - None
804 (884007 Gflops/s) - 803 (882907 Gflops/s) - 803 (882907 Gflops/s) - 803 (882907 Gflops/s) - 803 (882907 Gflops/s) - 803 (882907 Gflops/s) - 804 (884007 Gflops/s) - 803 (882907 Gflops/s) | Temperatures: 68°C - 66°C - 65°C - 66°C - 65°C - 66°C - 66°C - 67°C | Throttling: None - None - None - None - None - None - None - None
803 (882907 Gflops/s) - 804 (884007 Gflops/s) - 802 (881808 Gflops/s) - 803 (882907 Gflops/s) - 804 (884007 Gflops/s) - 803 (882907 Gflops/s) - 803 (882907 Gflops/s) - 803 (882907 Gflops/s) | Temperatures: 68°C - 66°C - 65°C - 67°C - 65°C - 66°C - 66°C - 67°C | Throttling: None - None - None - None - None - None - None - None
804 (884007 Gflops/s) - 803 (882907 Gflops/s) - 803 (882907 Gflops/s) - 803 (882907 Gflops/s) - 803 (882907 Gflops/s) - 804 (884007 Gflops/s) - 803 (882907 Gflops/s) - 803 (882907 Gflops/s) | Temperatures: 68°C - 66°C - 65°C - 66°C - 65°C - 66°C - 66°C - 67°C | Throttling: None - None - None - None - None - None - None - None
803 (882907 Gflops/s) - 804 (884007 Gflops/s) - 803 (882907 Gflops/s) - 803 (882907 Gflops/s) - 804 (884007 Gflops/s) - 803 (882907 Gflops/s) - 803 (882907 Gflops/s) - 803 (882907 Gflops/s) | Temperatures: 68°C - 66°C - 65°C - 66°C - 65°C - 66°C - 66°C - 67°C | Throttling: None - None - None - None - None - None - None - None
803 (882907 Gflops/s) - 802 (881808 Gflops/s) - 802 (881808 Gflops/s) - 802 (881808 Gflops/s) - 803 (882907 Gflops/s) - 802 (881808 Gflops/s) - 803 (882907 Gflops/s) - 803 (882907 Gflops/s) | Temperatures: 68°C - 66°C - 65°C - 67°C - 65°C - 66°C - 66°C - 67°C | Throttling: None - None - None - None - None - None - None - None
804 (884007 Gflops/s) - 804 (884007 Gflops/s) - 803 (882907 Gflops/s) - 803 (882907 Gflops/s) - 803 (882907 Gflops/s) - 804 (884007 Gflops/s) - 803 (882907 Gflops/s) - 803 (882907 Gflops/s) | Temperatures: 68°C - 66°C - 65°C - 66°C - 65°C - 66°C - 66°C - 67°C | Throttling: None - None - None - None - None - None - None - None
803 (882907 Gflops/s) - 803 (882907 Gflops/s) - 803 (882907 Gflops/s) - 803 (882907 Gflops/s) - 804 (884007 Gflops/s) - 803 (882907 Gflops/s) - 803 (882907 Gflops/s) - 803 (882907 Gflops/s) | Temperatures: 68°C - 66°C - 65°C - 67°C - 65°C - 66°C - 66°C - 67°C | Throttling: None - None - None - None - None - None - None - None
804 (884007 Gflops/s) - 804 (884007 Gflops/s) - 802 (881808 Gflops/s) - 803 (882907 Gflops/s) - 803 (882907 Gflops/s) - 803 (882907 Gflops/s) - 804 (884007 Gflops/s) - 803 (882907 Gflops/s) | Temperatures: 68°C - 66°C - 65°C - 67°C - 65°C - 66°C - 66°C - 67°C | Throttling: None - None - None - None - None - None - None - None
803 (882907 Gflops/s) - 803 (882907 Gflops/s) - 803 (882907 Gflops/s) - 803 (882907 Gflops/s) - 803 (882907 Gflops/s) - 803 (882907 Gflops/s) - 803 (882907 Gflops/s) - 803 (882907 Gflops/s) | Temperatures: 68°C - 66°C - 65°C - 66°C - 65°C - 66°C - 66°C - 67°C | Throttling: None - None - None - None - None - None - None - None
803 (882907 Gflops/s) - 803 (882907 Gflops/s) - 802 (881808 Gflops/s) - 802 (881808 Gflops/s) - 803 (882907 Gflops/s) - 803 (882907 Gflops/s) - 802 (881808 Gflops/s) - 802 (881808 Gflops/s) | Temperatures: 68°C - 66°C - 65°C - 67°C - 65°C - 66°C - 66°C - 67°C | Throttling: None - None - None - None - None - None - None - None
804 (884007 Gflops/s) - 803 (882907 Gflops/s) - 803 (882907 Gflops/s) - 803 (882907 Gflops/s) - 804 (884007 Gflops/s) - 803 (882907 Gflops/s) - 804 (884007 Gflops/s) - 803 (882907 Gflops/s) | Temperatures: 68°C - 66°C - 65°C - 67°C - 65°C - 66°C - 66°C - 67°C | Throttling: None - None - None - None - None - None - None - None
803 (882907 Gflops/s) - 804 (884007 Gflops/s) - 803 (882907 Gflops/s) - 803 (882907 Gflops/s) - 803 (882907 Gflops/s) - 803 (882907 Gflops/s) - 803 (882907 Gflops/s) - 803 (882907 Gflops/s) | Temperatures: 68°C - 66°C - 65°C - 67°C - 65°C - 66°C - 66°C - 67°C | Throttling: None - None - None - None - None - None - None - None
804 (884007 Gflops/s) - 803 (882907 Gflops/s) - 803 (882907 Gflops/s) - 803 (882907 Gflops/s) - 803 (882907 Gflops/s) - 803 (882907 Gflops/s) - 803 (882907 Gflops/s) - 803 (882907 Gflops/s) | Temperatures: 68°C - 66°C - 65°C - 67°C - 65°C - 66°C - 66°C - 67°C | Throttling: None - None - None - None - None - None - None - None
803 (882907 Gflops/s) - 804 (884007 Gflops/s) - 802 (881808 Gflops/s) - 803 (882907 Gflops/s) - 804 (884007 Gflops/s) - 804 (884007 Gflops/s) - 803 (882907 Gflops/s) - 803 (882907 Gflops/s) | Temperatures: 68°C - 66°C - 65°C - 66°C - 65°C - 66°C - 66°C - 67°C | Throttling: None - None - None - None - None - None - None - None
804 (884007 Gflops/s) - 803 (882907 Gflops/s) - 803 (882907 Gflops/s) - 803 (882907 Gflops/s) - 803 (882907 Gflops/s) - 803 (882907 Gflops/s) - 803 (882907 Gflops/s) - 803 (882907 Gflops/s) | Temperatures: 68°C - 66°C - 65°C - 67°C - 65°C - 66°C - 66°C - 67°C | Throttling: None - None - None - None - None - None - None - None
802 (881808 Gflops/s) - 803 (882907 Gflops/s) - 802 (881808 Gflops/s) - 802 (881808 Gflops/s) - 803 (882907 Gflops/s) - 802 (881808 Gflops/s) - 803 (882907 Gflops/s) - 802 (881808 Gflops/s) | Temperatures: 68°C - 66°C - 65°C - 67°C - 65°C - 66°C - 66°C - 67°C | Throttling: None - None - None - None - None - None - None - None
804 (884007 Gflops/s) - 803 (882907 Gflops/s) - 803 (882907 Gflops/s) - 803 (882907 Gflops/s) - 803 (882907 Gflops/s) - 803 (882907 Gflops/s) - 803 (882907 Gflops/s) - 803 (882907 Gflops/s) | Temperatures: 68°C - 66°C - 65°C - 67°C - 65°C - 66°C - 66°C - 67°C | Throttling: None - None - None - None - None - None - None - None
804 (884007 Gflops/s) - 804 (884007 Gflops/s) - 803 (882907 Gflops/s) - 803 (882907 Gflops/s) - 804 (884007 Gflops/s) - 804 (884007 Gflops/s) - 803 (882907 Gflops/s) - 803 (882907 Gflops/s) | Temperatures: 68°C - 66°C - 65°C - 67°C - 65°C - 66°C - 66°C - 67°C | Throttling: None - None - None - None - None - None - None - None
803 (882907 Gflops/s) - 803 (882907 Gflops/s) - 802 (881808 Gflops/s) - 803 (882907 Gflops/s) - 803 (882907 Gflops/s) - 803 (882907 Gflops/s) - 804 (884007 Gflops/s) - 803 (882907 Gflops/s) | Temperatures: 68°C - 66°C - 65°C - 67°C - 65°C - 66°C - 66°C - 67°C | Throttling: None - None - None - None - None - None - None - None
804 (884007 Gflops/s) - 804 (884007 Gflops/s) - 803 (882907 Gflops/s) - 803 (882907 Gflops/s) - 804 (884007 Gflops/s) - 803 (882907 Gflops/s) - 803 (882907 Gflops/s) - 803 (882907 Gflops/s) | Temperatures: 68°C - 66°C - 65°C - 67°C - 65°C - 66°C - 66°C - 67°C | Throttling: None - None - None - None - None - None - None - None
802 (881808 Gflops/s) - 802 (881808 Gflops/s) - 802 (881808 Gflops/s) - 802 (881808 Gflops/s) - 802 (881808 Gflops/s) - 803 (882907 Gflops/s) - 802 (881808 Gflops/s) - 802 (881808 Gflops/s) | Temperatures: 68°C - 66°C - 65°C - 67°C - 65°C - 66°C - 66°C - 67°C | Throttling: None - None - None - None - None - None - None - None
804 (884007 Gflops/s) - 804 (884007 Gflops/s) - 803 (882907 Gflops/s) - 803 (882907 Gflops/s) - 804 (884007 Gflops/s) - 803 (882907 Gflops/s) - 804 (884007 Gflops/s) - 803 (882907 Gflops/s) | Temperatures: 68°C - 66°C - 65°C - 66°C - 65°C - 66°C - 66°C - 67°C | Throttling: None - None - None - None - None - None - None - None
803 (882907 Gflops/s) - 803 (882907 Gflops/s) - 803 (882907 Gflops/s) - 803 (882907 Gflops/s) - 804 (884007 Gflops/s) - 803 (882907 Gflops/s) - 803 (882907 Gflops/s) - 803 (882907 Gflops/s) | Temperatures: 68°C - 66°C - 65°C - 66°C - 65°C - 66°C - 66°C - 67°C | Throttling: None - None - None - None - None - None - None - None
804 (884007 Gflops/s) - 804 (884007 Gflops/s) - 803 (882907 Gflops/s) - 803 (882907 Gflops/s) - 803 (882907 Gflops/s) - 803 (882907 Gflops/s) - 803 (882907 Gflops/s) - 803 (882907 Gflops/s) | Temperatures: 68°C - 66°C - 65°C - 67°C - 65°C - 66°C - 66°C - 67°C | Throttling: None - None - None - None - None - None - None - None
804 (884007 Gflops/s) - 803 (882907 Gflops/s) - 802 (881808 Gflops/s) - 803 (882907 Gflops/s) - 803 (882907 Gflops/s) - 804 (884007 Gflops/s) - 803 (882907 Gflops/s) - 803 (882907 Gflops/s) | Temperatures: 68°C - 66°C - 65°C - 66°C - 65°C - 66°C - 66°C - 67°C | Throttling: None - None - None - None - None - None - None - None
802 (881808 Gflops/s) - 803 (882907 Gflops/s) - 802 (881808 Gflops/s) - 802 (881808 Gflops/s) - 803 (882907 Gflops/s) - 802 (881808 Gflops/s) - 803 (882907 Gflops/s) - 802 (881808 Gflops/s) | Temperatures: 68°C - 66°C - 65°C - 67°C - 65°C - 66°C - 66°C - 67°C | Throttling: None - None - None - None - None - None - None - None
804 (884007 Gflops/s) - 803 (882907 Gflops/s) - 803 (882907 Gflops/s) - 803 (882907 Gflops/s) - 804 (884007 Gflops/s) - 803 (882907 Gflops/s) - 803 (882907 Gflops/s) - 803 (882907 Gflops/s) | Temperatures: 68°C - 66°C - 65°C - 66°C - 65°C - 66°C - 66°C - 67°C | Throttling: None - None - None - None - None - None - None - None
803 (882907 Gflops/s) - 804 (884007 Gflops/s) - 803 (882907 Gflops/s) - 803 (882907 Gflops/s) - 803 (882907 Gflops/s) - 804 (884007 Gflops/s) - 804 (884007 Gflops/s) - 803 (882907 Gflops/s) | Temperatures: 68°C - 66°C - 65°C - 66°C - 65°C - 66°C - 66°C - 67°C | Throttling: None - None - None - None - None - None - None - None
804 (884007 Gflops/s) - 803 (882907 Gflops/s) - 803 (882907 Gflops/s) - 803 (882907 Gflops/s) - 804 (884007 Gflops/s) - 803 (882907 Gflops/s) - 803 (882907 Gflops/s) - 803 (882907 Gflops/s) | Temperatures: 68°C - 66°C - 65°C - 66°C - 65°C - 66°C - 66°C - 67°C | Throttling: None - None - None - None - None - None - None - None
803 (882907 Gflops/s) - 804 (884007 Gflops/s) - 803 (882907 Gflops/s) - 803 (882907 Gflops/s) - 803 (882907 Gflops/s) - 803 (882907 Gflops/s) - 803 (882907 Gflops/s) - 803 (882907 Gflops/s) | Temperatures: 68°C - 66°C - 65°C - 66°C - 65°C - 66°C - 66°C - 67°C | Throttling: None - None - None - None - None - None - None - None
803 (882907 Gflops/s) - 802 (881808 Gflops/s) - 802 (881808 Gflops/s) - 802 (881808 Gflops/s) - 803 (882907 Gflops/s) - 803 (882907 Gflops/s) - 802 (881808 Gflops/s) - 802 (881808 Gflops/s) | Temperatures: 68°C - 66°C - 65°C - 66°C - 65°C - 66°C - 66°C - 67°C | Throttling: None - None - None - None - None - None - None - None
804 (884007 Gflops/s) - 804 (884007 Gflops/s) - 802 (881808 Gflops/s) - 803 (882907 Gflops/s) - 803 (882907 Gflops/s) - 803 (882907 Gflops/s) - 804 (884007 Gflops/s) - 804 (884007 Gflops/s) | Temperatures: 68°C - 66°C - 65°C - 66°C - 65°C - 66°C - 66°C - 67°C | Throttling: None - None - None - None - None - None - None - None
803 (882907 Gflops/s) - 803 (882907 Gflops/s) - 803 (882907 Gflops/s) - 803 (882907 Gflops/s) - 804 (884007 Gflops/s) - 803 (882907 Gflops/s) - 803 (882907 Gflops/s) - 803 (882907 Gflops/s) | Temperatures: 68°C - 66°C - 65°C - 66°C - 65°C - 66°C - 66°C - 67°C | Throttling: None - None - None - None - None - None - None - None
804 (884007 Gflops/s) - 804 (884007 Gflops/s) - 803 (882907 Gflops/s) - 803 (882907 Gflops/s) - 803 (882907 Gflops/s) - 803 (882907 Gflops/s) - 803 (882907 Gflops/s) - 803 (882907 Gflops/s) | Temperatures: 68°C - 66°C - 65°C - 67°C - 65°C - 66°C - 66°C - 67°C | Throttling: None - None - None - None - None - None - None - None
803 (882907 Gflops/s) - 803 (882907 Gflops/s) - 803 (882907 Gflops/s) - 803 (882907 Gflops/s) - 804 (884007 Gflops/s) - 804 (884007 Gflops/s) - 803 (882907 Gflops/s) - 803 (882907 Gflops/s) | Temperatures: 68°C - 66°C - 65°C - 66°C - 65°C - 66°C - 66°C - 67°C | Throttling: None - None - None - None - None - None - None - None
803 (882907 Gflops/s) - 803 (882907 Gflops/s) - 802 (881808 Gflops/s) - 802 (881808 Gflops/s) - 802 (881808 Gflops/s) - 802 (881808 Gflops/s) - 803 (882907 Gflops/s) - 802 (881808 Gflops/s) | Temperatures: 68°C - 66°C - 65°C - 66°C - 65°C - 66°C - 66°C - 67°C | Throttling: None - None - None - None - None - None - None - None
804 (884007 Gflops/s) - 804 (884007 Gflops/s) - 803 (882907 Gflops/s) - 803 (882907 Gflops/s) - 804 (884007 Gflops/s) - 803 (882907 Gflops/s) - 803 (882907 Gflops/s) - 803 (882907 Gflops/s) | Temperatures: 68°C - 66°C - 65°C - 66°C - 65°C - 66°C - 66°C - 67°C | Throttling: None - None - None - None - None - None - None - None
803 (882907 Gflops/s) - 803 (882907 Gflops/s) - 803 (882907 Gflops/s) - 804 (884007 Gflops/s) - 803 (882907 Gflops/s) - 804 (884007 Gflops/s) - 804 (884007 Gflops/s) - 803 (882907 Gflops/s) | Temperatures: 68°C - 66°C - 65°C - 66°C - 65°C - 66°C - 66°C - 67°C | Throttling: None - None - None - None - None - None - None - None
804 (884007 Gflops/s) - 804 (884007 Gflops/s) - 802 (881808 Gflops/s) - 802 (881808 Gflops/s) - 804 (884007 Gflops/s) - 803 (882907 Gflops/s) - 803 (882907 Gflops/s) - 803 (882907 Gflops/s) | Temperatures: 68°C - 66°C - 65°C - 66°C - 65°C - 66°C - 66°C - 67°C | Throttling: None - None - None - None - None - None - None - None
803 (882907 Gflops/s) - 802 (881808 Gflops/s) - 802 (881808 Gflops/s) - 803 (882907 Gflops/s) - 802 (881808 Gflops/s) - 802 (881808 Gflops/s) - 802 (881808 Gflops/s) - 802 (881808 Gflops/s) | Temperatures: 68°C - 66°C - 65°C - 66°C - 65°C - 66°C - 66°C - 67°C | Throttling: None - None - None - None - None - None - None - None
803 (882907 Gflops/s) - 804 (884007 Gflops/s) - 803 (882907 Gflops/s) - 803 (882907 Gflops/s) - 804 (884007 Gflops/s) - 803 (882907 Gflops/s) - 803 (882907 Gflops/s) - 803 (882907 Gflops/s) | Temperatures: 68°C - 66°C - 65°C - 66°C - 65°C - 66°C - 66°C - 67°C | Throttling: None - None - None - None - None - None - None - None
804 (884007 Gflops/s) - 803 (882907 Gflops/s) - 803 (882907 Gflops/s) - 803 (882907 Gflops/s) - 803 (882907 Gflops/s) - 804 (884007 Gflops/s) - 804 (884007 Gflops/s) - 803 (882907 Gflops/s) | Temperatures: 68°C - 66°C - 65°C - 66°C - 65°C - 66°C - 66°C - 67°C | Throttling: None - None - None - None - None - None - None - None
803 (882907 Gflops/s) - 804 (884007 Gflops/s) - 803 (882907 Gflops/s) - 803 (882907 Gflops/s) - 804 (884007 Gflops/s) - 803 (882907 Gflops/s) - 803 (882907 Gflops/s) - 803 (882907 Gflops/s) | Temperatures: 68°C - 66°C - 65°C - 66°C - 65°C - 66°C - 66°C - 67°C | Throttling: None - None - None - None - None - None - None - None
804 (884007 Gflops/s) - 803 (882907 Gflops/s) - 802 (881808 Gflops/s) - 803 (882907 Gflops/s) - 803 (882907 Gflops/s) - 803 (882907 Gflops/s) - 803 (882907 Gflops/s) - 803 (882907 Gflops/s) | Temperatures: 68°C - 66°C - 65°C - 66°C - 65°C - 66°C - 66°C - 67°C | Throttling: None - None - None - None - None - None - None - None
803 (882907 Gflops/s) - 803 (882907 Gflops/s) - 802 (881808 Gflops/s) - 802 (881808 Gflops/s) - 803 (882907 Gflops/s) - 803 (882907 Gflops/s) - 803 (882907 Gflops/s) - 802 (881808 Gflops/s) | Temperatures: 68°C - 66°C - 65°C - 66°C - 65°C - 66°C - 66°C - 67°C | Throttling: None - None - None - None - None - None - None - None
803 (882907 Gflops/s) - 803 (882907 Gflops/s) - 803 (882907 Gflops/s) - 803 (882907 Gflops/s) - 803 (882907 Gflops/s) - 803 (882907 Gflops/s) - 803 (882907 Gflops/s) - 803 (882907 Gflops/s) | Temperatures: 68°C - 66°C - 65°C - 66°C - 65°C - 66°C - 66°C - 67°C | Throttling: None - None - None - None - None - None - None - None
804 (884007 Gflops/s) - 804 (884007 Gflops/s) - 803 (882907 Gflops/s) - 803 (882907 Gflops/s) - 804 (884007 Gflops/s) - 803 (882907 Gflops/s) - 803 (882907 Gflops/s) - 803 (882907 Gflops/s) | Temperatures: 68°C - 66°C - 65°C - 66°C - 65°C - 66°C - 66°C - 67°C | Throttling: None - None - None - None - None - None - None - None
803 (882907 Gflops/s) - 803 (882907 Gflops/s) - 803 (882907 Gflops/s) - 803 (882907 Gflops/s) - 803 (882907 Gflops/s) - 803 (882907 Gflops/s) - 803 (882907 Gflops/s) - 803 (882907 Gflops/s) | Temperatures: 68°C - 66°C - 65°C - 66°C - 65°C - 66°C - 66°C - 67°C | Throttling: None - None - None - None - None - None - None - None
804 (884007 Gflops/s) - 804 (884007 Gflops/s) - 803 (882907 Gflops/s) - 803 (882907 Gflops/s) - 804 (884007 Gflops/s) - 804 (884007 Gflops/s) - 804 (884007 Gflops/s) - 803 (882907 Gflops/s) | Temperatures: 68°C - 66°C - 65°C - 66°C - 65°C - 66°C - 66°C - 67°C | Throttling: None - None - None - None - None - None - None - None
803 (882907 Gflops/s) - 802 (881808 Gflops/s) - 802 (881808 Gflops/s) - 802 (881808 Gflops/s) - 803 (882907 Gflops/s) - 802 (881808 Gflops/s) - 802 (881808 Gflops/s) - 803 (882907 Gflops/s) | Temperatures: 68°C - 66°C - 65°C - 67°C - 65°C - 66°C - 66°C - 67°C | Throttling: None - None - None - None - None - None - None - None
803 (882907 Gflops/s) - 804 (884007 Gflops/s) - 803 (882907 Gflops/s) - 803 (882907 Gflops/s) - 803 (882907 Gflops/s) - 803 (882907 Gflops/s) - 803 (882907 Gflops/s) - 803 (882907 Gflops/s) | Temperatures: 68°C - 66°C - 65°C - 66°C - 65°C - 66°C - 66°C - 67°C | Throttling: None - None - None - None - None - None - None - None
804 (884007 Gflops/s) - 803 (882907 Gflops/s) - 802 (881808 Gflops/s) - 803 (882907 Gflops/s) - 804 (884007 Gflops/s) - 803 (882907 Gflops/s) - 804 (884007 Gflops/s) - 803 (882907 Gflops/s) | Temperatures: 68°C - 66°C - 65°C - 66°C - 65°C - 66°C - 66°C - 67°C | Throttling: None - None - None - None - None - None - None - None
803 (882907 Gflops/s) - 804 (884007 Gflops/s) - 803 (882907 Gflops/s) - 803 (882907 Gflops/s) - 803 (882907 Gflops/s) - 804 (884007 Gflops/s) - 803 (882907 Gflops/s) - 803 (882907 Gflops/s) | Temperatures: 68°C - 66°C - 65°C - 66°C - 65°C - 66°C - 66°C - 67°C | Throttling: None - None - None - None - None - None - None - None
803 (882907 Gflops/s) - 803 (882907 Gflops/s) - 802 (881808 Gflops/s) - 802 (881808 Gflops/s) - 803 (882907 Gflops/s) - 802 (881808 Gflops/s) - 802 (881808 Gflops/s) - 802 (881808 Gflops/s) | Temperatures: 68°C - 66°C - 65°C - 66°C - 65°C - 66°C - 66°C - 67°C | Throttling: None - None - None - None - None - None - None - None
804 (884007 Gflops/s) - 803 (882907 Gflops/s) - 803 (882907 Gflops/s) - 803 (882907 Gflops/s) - 803 (882907 Gflops/s) - 804 (884007 Gflops/s) - 804 (884007 Gflops/s) - 803 (882907 Gflops/s) | Temperatures: 68°C - 66°C - 65°C - 66°C - 65°C - 66°C - 66°C - 67°C | Throttling: None - None - None - None - None - None - None - None
803 (882907 Gflops/s) - 803 (882907 Gflops/s) - 803 (882907 Gflops/s) - 803 (882907 Gflops/s) - 804 (884007 Gflops/s) - 803 (882907 Gflops/s) - 803 (882907 Gflops/s) - 803 (882907 Gflops/s) | Temperatures: 68°C - 66°C - 65°C - 66°C - 65°C - 66°C - 66°C - 67°C | Throttling: None - None - None - None - None - None - None - None
804 (884007 Gflops/s) - 804 (884007 Gflops/s) - 803 (882907 Gflops/s) - 803 (882907 Gflops/s) - 803 (882907 Gflops/s) - 803 (882907 Gflops/s) - 803 (882907 Gflops/s) - 803 (882907 Gflops/s) | Temperatures: 68°C - 66°C - 65°C - 66°C - 65°C - 66°C - 66°C - 67°C | Throttling: None - None - None - None - None - None - None - None
803 (882907 Gflops/s) - 803 (882907 Gflops/s) - 802 (881808 Gflops/s) - 803 (882907 Gflops/s) - 804 (884007 Gflops/s) - 803 (882907 Gflops/s) - 804 (884007 Gflops/s) - 803 (882907 Gflops/s) | Temperatures: 68°C - 66°C - 65°C - 66°C - 65°C - 66°C - 66°C - 67°C | Throttling: None - None - None - None - None - None - None - None
803 (882907 Gflops/s) - 803 (882907 Gflops/s) - 802 (881808 Gflops/s) - 802 (881808 Gflops/s) - 802 (881808 Gflops/s) - 803 (882907 Gflops/s) - 802 (881808 Gflops/s) - 802 (881808 Gflops/s) | Temperatures: 68°C - 66°C - 65°C - 66°C - 65°C - 66°C - 66°C - 67°C | Throttling: None - None - None - None - None - None - None - None
804 (884007 Gflops/s) - 803 (882907 Gflops/s) - 803 (882907 Gflops/s) - 803 (882907 Gflops/s) - 804 (884007 Gflops/s) - 803 (882907 Gflops/s) - 803 (882907 Gflops/s) - 803 (882907 Gflops/s) | Temperatures: 68°C - 66°C - 65°C - 66°C - 65°C - 66°C - 66°C - 67°C | Throttling: None - None - None - None - None - None - None - None
803 (882907 Gflops/s) - 804 (884007 Gflops/s) - 803 (882907 Gflops/s) - 803 (882907 Gflops/s) - 803 (882907 Gflops/s) - 803 (882907 Gflops/s) - 804 (884007 Gflops/s) - 803 (882907 Gflops/s) | Temperatures: 68°C - 66°C - 65°C - 66°C - 65°C - 66°C - 66°C - 67°C | Throttling: None - None - None - None - None - None - None - None
804 (884007 Gflops/s) - 803 (882907 Gflops/s) - 803 (882907 Gflops/s) - 803 (882907 Gflops/s) - 804 (884007 Gflops/s) - 803 (882907 Gflops/s) - 803 (882907 Gflops/s) - 803 (882907 Gflops/s) | Temperatures: 68°C - 66°C - 65°C - 66°C - 65°C - 66°C - 66°C - 67°C | Throttling: None - None - None - None - None - None - None - None
803 (882907 Gflops/s) - 804 (884007 Gflops/s) - 803 (882907 Gflops/s) - 803 (882907 Gflops/s) - 803 (882907 Gflops/s) - 804 (884007 Gflops/s) - 803 (882907 Gflops/s) - 803 (882907 Gflops/s) | Temperatures: 68°C - 66°C - 65°C - 66°C - 65°C - 66°C - 66°C - 67°C | Throttling: None - None - None - None - None - None - None - None
803 (882907 Gflops/s) - 803 (882907 Gflops/s) - 802 (881808 Gflops/s) - 802 (881808 Gflops/s) - 803 (882907 Gflops/s) - 802 (881808 Gflops/s) - 802 (881808 Gflops/s) - 803 (882907 Gflops/s) | Temperatures: 68°C - 66°C - 65°C - 66°C - 65°C - 66°C - 66°C - 67°C | Throttling: None - None - None - None - None - None - None - None
804 (884007 Gflops/s) - 803 (882907 Gflops/s) - 802 (881808 Gflops/s) - 803 (882907 Gflops/s) - 803 (882907 Gflops/s) - 803 (882907 Gflops/s) - 804 (884007 Gflops/s) - 803 (882907 Gflops/s) | Temperatures: 68°C - 66°C - 65°C - 66°C - 65°C - 66°C - 66°C - 67°C | Throttling: None - None - None - None - None - None - None - None
803 (882907 Gflops/s) - 803 (882907 Gflops/s) - 803 (882907 Gflops/s) - 803 (882907 Gflops/s) - 804 (884007 Gflops/s) - 804 (884007 Gflops/s) - 803 (882907 Gflops/s) - 803 (882907 Gflops/s) | Temperatures: 68°C - 66°C - 65°C - 66°C - 65°C - 66°C - 66°C - 67°C | Throttling: None - None - None - None - None - None - None - None
804 (884007 Gflops/s) - 804 (884007 Gflops/s) - 803 (882907 Gflops/s) - 803 (882907 Gflops/s) - 803 (882907 Gflops/s) - 803 (882907 Gflops/s) - 803 (882907 Gflops/s) - 803 (882907 Gflops/s) | Temperatures: 68°C - 66°C - 65°C - 66°C - 65°C - 66°C - 66°C - 67°C | Throttling: None - None - None - None - None - None - None - None
803 (882907 Gflops/s) - 803 (882907 Gflops/s) - 803 (882907 Gflops/s) - 803 (882907 Gflops/s) - 804 (884007 Gflops/s) - 803 (882907 Gflops/s) - 803 (882907 Gflops/s) - 803 (882907 Gflops/s) | Temperatures: 68°C - 66°C - 65°C - 66°C - 65°C - 66°C - 66°C - 67°C | Throttling: None - None - None - None - None - None - None - None
546 (600333 Gflops/s) - 633 (695990 Gflops/s) - 254 (279275 Gflops/s) - 803 (882907 Gflops/s) - 775 (852121 Gflops/s) - 750 (824633 Gflops/s) - 804 (884007 Gflops/s) - 803 (882907 Gflops/s) | Temperatures: 68°C - 66°C - 65°C - 66°C - 65°C - 66°C - 66°C - 67°C | Throttling: None - None - None - None - None - None - None - None
GPU #0: 882373 Gflops/s (min: 600333.35, max: 884007.35, dev: 16517.73)
         Temperature: 67.89°C (min: 65.00, max: 68.00)
         Throttling HW: false, Thermal SW: false, Thermal HW: false
GPU #1: 882601 Gflops/s (min: 695990.86, max: 884007.35, dev: 10939.65)
         Temperature: 65.78°C (min: 63.00, max: 66.00)
         Throttling HW: false, Thermal SW: false, Thermal HW: false
GPU #2: 880466 Gflops/s (min: 279275.95, max: 882907.84, dev: 35185.82)
         Temperature: 64.95°C (min: 63.00, max: 65.00)
         Throttling HW: false, Thermal SW: false, Thermal HW: false
GPU #3: 882721 Gflops/s (min: 881808.33, max: 884007.35, dev: 460.95)
         Temperature: 66.03°C (min: 65.00, max: 67.00)
         Throttling HW: false, Thermal SW: false, Thermal HW: false
GPU #4: 883054 Gflops/s (min: 852121.51, max: 884007.35, dev: 1967.10)
         Temperature: 64.93°C (min: 63.00, max: 65.00)
         Throttling HW: false, Thermal SW: false, Thermal HW: false
GPU #5: 882803 Gflops/s (min: 824633.72, max: 884007.35, dev: 3455.14)
         Temperature: 65.94°C (min: 64.00, max: 66.00)
         Throttling HW: false, Thermal SW: false, Thermal HW: false
GPU #6: 883016 Gflops/s (min: 881808.33, max: 884007.35, dev: 596.17)
         Temperature: 65.95°C (min: 64.00, max: 66.00)
         Throttling HW: false, Thermal SW: false, Thermal HW: false
GPU #7: 882743 Gflops/s (min: 881808.33, max: 884007.35, dev: 442.31)
         Temperature: 66.93°C (min: 65.00, max: 67.00)
         Throttling HW: false, Thermal SW: false, Thermal HW: false
All GPUs seem healthy
Freeing GPUs...
