/usr/bin/singularity
apptainer version 1.4.5-1.el9
Number of GPUs =  8
======== Run with fp32 ==========
Detected GPU #0: "NVIDIA RTX PRO 6000 Blackwell Server Edition" (314ccd15-8d36-ec51-47e6-f389eaf98757)
Detected GPU #1: "NVIDIA RTX PRO 6000 Blackwell Server Edition" (9b4f6e60-ad73-592b-1b44-e054f50061d9)
Detected GPU #2: "NVIDIA RTX PRO 6000 Blackwell Server Edition" (0307e837-fca6-8a26-1fb9-680e7c5dfd05)
Detected GPU #3: "NVIDIA RTX PRO 6000 Blackwell Server Edition" (095483a6-fc96-8a80-aae1-a5539d4da90f)
Detected GPU #4: "NVIDIA RTX PRO 6000 Blackwell Server Edition" (155d24b1-f6c7-dbb4-74a7-f27fe5ca750c)
Detected GPU #5: "NVIDIA RTX PRO 6000 Blackwell Server Edition" (4d27ac3b-672d-7b04-9fd8-ae1aa082479e)
Detected GPU #6: "NVIDIA RTX PRO 6000 Blackwell Server Edition" (f7baffa7-42f2-cf30-56ed-ab0c0a949869)
Detected GPU #7: "NVIDIA RTX PRO 6000 Blackwell Server Edition" (f56972bd-9d0d-97e9-7c93-9e27ee32fd43)
Using precision(s): FP32  
GPU #0: Using 87018 MB
GPU #1: Using 87018 MB
GPU #2: Using 87018 MB
GPU #3: Using 87018 MB
GPU #4: Using 87018 MB
GPU #5: Using 87018 MB
GPU #6: Using 87018 MB
GPU #7: Using 87018 MB
Creating random matrices
Matrices created
1081 (1188572 Gflops/s) - 0 (0 Gflops/s) - 0 (0 Gflops/s) - 0 (0 Gflops/s) - 0 (0 Gflops/s) - 0 (0 Gflops/s) - 0 (0 Gflops/s) - 0 (0 Gflops/s) | Temperatures: 47°C - 32°C - 32°C - 33°C - 32°C - 32°C - 31°C - 32°C | Throttling: None - None - None - None - None - None - None - None
193 (212205 Gflops/s) - 1163 (1278732 Gflops/s) - 1148 (1262239 Gflops/s) - 1165 (1280931 Gflops/s) - 1143 (1256741 Gflops/s) - 1127 (1239149 Gflops/s) - 1130 (1242448 Gflops/s) - 1132 (1244647 Gflops/s) | Temperatures: 49°C - 47°C - 49°C - 51°C - 48°C - 47°C - 46°C - 47°C | Throttling: None - None - None - None - None - None - None - None
193 (212205 Gflops/s) - 190 (208907 Gflops/s) - 190 (208907 Gflops/s) - 191 (210006 Gflops/s) - 192 (211106 Gflops/s) - 190 (208907 Gflops/s) - 190 (208907 Gflops/s) - 191 (210006 Gflops/s) | Temperatures: 51°C - 49°C - 51°C - 54°C - 50°C - 49°C - 48°C - 49°C | Throttling: None - None - None - None - None - None - None - None
193 (212205 Gflops/s) - 190 (208907 Gflops/s) - 190 (208907 Gflops/s) - 191 (210006 Gflops/s) - 193 (212205 Gflops/s) - 189 (207807 Gflops/s) - 188 (206708 Gflops/s) - 190 (208907 Gflops/s) | Temperatures: 52°C - 51°C - 52°C - 55°C - 52°C - 51°C - 50°C - 51°C | Throttling: None - None - None - None - None - None - None - None
193 (212205 Gflops/s) - 190 (208907 Gflops/s) - 190 (208907 Gflops/s) - 191 (210006 Gflops/s) - 192 (211106 Gflops/s) - 189 (207807 Gflops/s) - 189 (207807 Gflops/s) - 190 (208907 Gflops/s) | Temperatures: 53°C - 52°C - 53°C - 56°C - 53°C - 52°C - 51°C - 52°C | Throttling: None - None - None - None - None - None - None - None
193 (212205 Gflops/s) - 189 (207807 Gflops/s) - 189 (207807 Gflops/s) - 191 (210006 Gflops/s) - 193 (212205 Gflops/s) - 189 (207807 Gflops/s) - 189 (207807 Gflops/s) - 191 (210006 Gflops/s) | Temperatures: 54°C - 53°C - 54°C - 57°C - 54°C - 53°C - 52°C - 53°C | Throttling: None - None - None - None - None - None - None - None
193 (212205 Gflops/s) - 189 (207807 Gflops/s) - 190 (208907 Gflops/s) - 190 (208907 Gflops/s) - 192 (211106 Gflops/s) - 189 (207807 Gflops/s) - 189 (207807 Gflops/s) - 190 (208907 Gflops/s) | Temperatures: 55°C - 54°C - 55°C - 58°C - 55°C - 54°C - 53°C - 54°C | Throttling: None - None - None - None - None - None - None - None
192 (211106 Gflops/s) - 190 (208907 Gflops/s) - 189 (207807 Gflops/s) - 191 (210006 Gflops/s) - 192 (211106 Gflops/s) - 189 (207807 Gflops/s) - 188 (206708 Gflops/s) - 190 (208907 Gflops/s) | Temperatures: 56°C - 55°C - 56°C - 59°C - 56°C - 55°C - 54°C - 55°C | Throttling: None - None - None - None - None - None - None - None
192 (211106 Gflops/s) - 189 (207807 Gflops/s) - 189 (207807 Gflops/s) - 190 (208907 Gflops/s) - 192 (211106 Gflops/s) - 188 (206708 Gflops/s) - 188 (206708 Gflops/s) - 189 (207807 Gflops/s) | Temperatures: 57°C - 56°C - 56°C - 60°C - 57°C - 56°C - 55°C - 56°C | Throttling: None - None - None - None - None - None - None - None
192 (211106 Gflops/s) - 188 (206708 Gflops/s) - 189 (207807 Gflops/s) - 190 (208907 Gflops/s) - 191 (210006 Gflops/s) - 188 (206708 Gflops/s) - 188 (206708 Gflops/s) - 190 (208907 Gflops/s) | Temperatures: 58°C - 56°C - 57°C - 60°C - 58°C - 56°C - 56°C - 57°C | Throttling: None - None - None - None - None - None - None - None
192 (211106 Gflops/s) - 189 (207807 Gflops/s) - 189 (207807 Gflops/s) - 189 (207807 Gflops/s) - 192 (211106 Gflops/s) - 188 (206708 Gflops/s) - 188 (206708 Gflops/s) - 189 (207807 Gflops/s) | Temperatures: 58°C - 57°C - 58°C - 61°C - 58°C - 57°C - 56°C - 57°C | Throttling: None - None - None - None - None - None - None - None
192 (211106 Gflops/s) - 189 (207807 Gflops/s) - 188 (206708 Gflops/s) - 190 (208907 Gflops/s) - 191 (210006 Gflops/s) - 188 (206708 Gflops/s) - 187 (205608 Gflops/s) - 189 (207807 Gflops/s) | Temperatures: 59°C - 58°C - 59°C - 62°C - 59°C - 58°C - 57°C - 58°C | Throttling: None - None - None - None - None - None - None - None
192 (211106 Gflops/s) - 188 (206708 Gflops/s) - 189 (207807 Gflops/s) - 189 (207807 Gflops/s) - 192 (211106 Gflops/s) - 188 (206708 Gflops/s) - 188 (206708 Gflops/s) - 189 (207807 Gflops/s) | Temperatures: 60°C - 59°C - 60°C - 63°C - 60°C - 59°C - 58°C - 59°C | Throttling: None - None - None - None - None - None - None - None
191 (210006 Gflops/s) - 188 (206708 Gflops/s) - 188 (206708 Gflops/s) - 189 (207807 Gflops/s) - 191 (210006 Gflops/s) - 188 (206708 Gflops/s) - 187 (205608 Gflops/s) - 189 (207807 Gflops/s) | Temperatures: 60°C - 59°C - 60°C - 63°C - 61°C - 60°C - 59°C - 60°C | Throttling: None - None - None - None - None - None - None - None
192 (211106 Gflops/s) - 188 (206708 Gflops/s) - 188 (206708 Gflops/s) - 189 (207807 Gflops/s) - 190 (208907 Gflops/s) - 187 (205608 Gflops/s) - 187 (205608 Gflops/s) - 189 (207807 Gflops/s) | Temperatures: 61°C - 60°C - 61°C - 64°C - 61°C - 60°C - 59°C - 60°C | Throttling: None - None - None - None - None - None - None - None
191 (210006 Gflops/s) - 188 (206708 Gflops/s) - 188 (206708 Gflops/s) - 189 (207807 Gflops/s) - 191 (210006 Gflops/s) - 188 (206708 Gflops/s) - 187 (205608 Gflops/s) - 188 (206708 Gflops/s) | Temperatures: 62°C - 61°C - 62°C - 65°C - 62°C - 61°C - 60°C - 61°C | Throttling: None - None - None - None - None - None - None - None
191 (210006 Gflops/s) - 188 (206708 Gflops/s) - 188 (206708 Gflops/s) - 188 (206708 Gflops/s) - 191 (210006 Gflops/s) - 187 (205608 Gflops/s) - 187 (205608 Gflops/s) - 189 (207807 Gflops/s) | Temperatures: 62°C - 61°C - 62°C - 65°C - 63°C - 62°C - 61°C - 62°C | Throttling: None - None - None - None - None - None - None - None
191 (210006 Gflops/s) - 188 (206708 Gflops/s) - 187 (205608 Gflops/s) - 189 (207807 Gflops/s) - 191 (210006 Gflops/s) - 187 (205608 Gflops/s) - 187 (205608 Gflops/s) - 188 (206708 Gflops/s) | Temperatures: 63°C - 62°C - 63°C - 66°C - 63°C - 62°C - 61°C - 62°C | Throttling: None - None - None - None - None - None - None - None
191 (210006 Gflops/s) - 187 (205608 Gflops/s) - 188 (206708 Gflops/s) - 188 (206708 Gflops/s) - 190 (208907 Gflops/s) - 187 (205608 Gflops/s) - 187 (205608 Gflops/s) - 188 (206708 Gflops/s) | Temperatures: 64°C - 63°C - 63°C - 66°C - 64°C - 63°C - 62°C - 63°C | Throttling: None - None - None - None - None - None - None - None
190 (208907 Gflops/s) - 188 (206708 Gflops/s) - 187 (205608 Gflops/s) - 189 (207807 Gflops/s) - 190 (208907 Gflops/s) - 187 (205608 Gflops/s) - 186 (204509 Gflops/s) - 188 (206708 Gflops/s) | Temperatures: 64°C - 63°C - 64°C - 66°C - 64°C - 63°C - 63°C - 63°C | Throttling: None - None - None - None - None - None - None - None
191 (210006 Gflops/s) - 187 (205608 Gflops/s) - 187 (205608 Gflops/s) - 188 (206708 Gflops/s) - 190 (208907 Gflops/s) - 186 (204509 Gflops/s) - 186 (204509 Gflops/s) - 188 (206708 Gflops/s) | Temperatures: 65°C - 63°C - 65°C - 67°C - 65°C - 64°C - 63°C - 64°C | Throttling: None - None - None - None - None - None - None - None
190 (208907 Gflops/s) - 188 (206708 Gflops/s) - 187 (205608 Gflops/s) - 188 (206708 Gflops/s) - 190 (208907 Gflops/s) - 187 (205608 Gflops/s) - 186 (204509 Gflops/s) - 188 (206708 Gflops/s) | Temperatures: 65°C - 64°C - 65°C - 67°C - 65°C - 64°C - 64°C - 64°C | Throttling: None - None - None - None - None - None - None - None
191 (210006 Gflops/s) - 187 (205608 Gflops/s) - 187 (205608 Gflops/s) - 188 (206708 Gflops/s) - 190 (208907 Gflops/s) - 186 (204509 Gflops/s) - 187 (205608 Gflops/s) - 188 (206708 Gflops/s) | Temperatures: 65°C - 64°C - 65°C - 68°C - 66°C - 65°C - 64°C - 65°C | Throttling: None - None - None - None - None - None - None - None
190 (208907 Gflops/s) - 187 (205608 Gflops/s) - 187 (205608 Gflops/s) - 188 (206708 Gflops/s) - 190 (208907 Gflops/s) - 187 (205608 Gflops/s) - 186 (204509 Gflops/s) - 187 (205608 Gflops/s) | Temperatures: 66°C - 65°C - 66°C - 68°C - 66°C - 65°C - 64°C - 65°C | Throttling: None - None - None - None - None - None - None - None
190 (208907 Gflops/s) - 187 (205608 Gflops/s) - 187 (205608 Gflops/s) - 187 (205608 Gflops/s) - 190 (208907 Gflops/s) - 186 (204509 Gflops/s) - 185 (203409 Gflops/s) - 188 (206708 Gflops/s) | Temperatures: 66°C - 65°C - 66°C - 68°C - 67°C - 66°C - 65°C - 66°C | Throttling: None - None - None - None - None - None - None - None
190 (208907 Gflops/s) - 187 (205608 Gflops/s) - 187 (205608 Gflops/s) - 188 (206708 Gflops/s) - 189 (207807 Gflops/s) - 186 (204509 Gflops/s) - 186 (204509 Gflops/s) - 187 (205608 Gflops/s) | Temperatures: 67°C - 66°C - 66°C - 69°C - 67°C - 66°C - 65°C - 66°C | Throttling: None - None - None - None - None - None - None - None
190 (208907 Gflops/s) - 187 (205608 Gflops/s) - 187 (205608 Gflops/s) - 188 (206708 Gflops/s) - 190 (208907 Gflops/s) - 186 (204509 Gflops/s) - 186 (204509 Gflops/s) - 187 (205608 Gflops/s) | Temperatures: 67°C - 66°C - 67°C - 69°C - 67°C - 67°C - 65°C - 66°C | Throttling: None - None - None - None - None - None - None - None
189 (207807 Gflops/s) - 187 (205608 Gflops/s) - 186 (204509 Gflops/s) - 187 (205608 Gflops/s) - 189 (207807 Gflops/s) - 186 (204509 Gflops/s) - 185 (203409 Gflops/s) - 187 (205608 Gflops/s) | Temperatures: 67°C - 66°C - 67°C - 69°C - 68°C - 67°C - 66°C - 67°C | Throttling: None - None - None - None - None - None - None - None
190 (208907 Gflops/s) - 187 (205608 Gflops/s) - 187 (205608 Gflops/s) - 188 (206708 Gflops/s) - 189 (207807 Gflops/s) - 186 (204509 Gflops/s) - 186 (204509 Gflops/s) - 187 (205608 Gflops/s) | Temperatures: 68°C - 67°C - 68°C - 70°C - 68°C - 67°C - 66°C - 67°C | Throttling: None - None - None - None - None - None - None - None
190 (208907 Gflops/s) - 186 (204509 Gflops/s) - 186 (204509 Gflops/s) - 187 (205608 Gflops/s) - 189 (207807 Gflops/s) - 186 (204509 Gflops/s) - 185 (203409 Gflops/s) - 187 (205608 Gflops/s) | Temperatures: 68°C - 67°C - 68°C - 70°C - 68°C - 68°C - 67°C - 67°C | Throttling: None - None - None - None - None - None - None - None
189 (207807 Gflops/s) - 187 (205608 Gflops/s) - 186 (204509 Gflops/s) - 187 (205608 Gflops/s) - 189 (207807 Gflops/s) - 185 (203409 Gflops/s) - 185 (203409 Gflops/s) - 187 (205608 Gflops/s) | Temperatures: 68°C - 67°C - 68°C - 70°C - 69°C - 68°C - 67°C - 68°C | Throttling: None - None - None - None - None - None - None - None
189 (207807 Gflops/s) - 187 (205608 Gflops/s) - 187 (205608 Gflops/s) - 187 (205608 Gflops/s) - 189 (207807 Gflops/s) - 186 (204509 Gflops/s) - 186 (204509 Gflops/s) - 187 (205608 Gflops/s) | Temperatures: 69°C - 68°C - 68°C - 71°C - 69°C - 68°C - 67°C - 68°C | Throttling: None - None - None - None - None - None - None - None
190 (208907 Gflops/s) - 186 (204509 Gflops/s) - 186 (204509 Gflops/s) - 188 (206708 Gflops/s) - 189 (207807 Gflops/s) - 185 (203409 Gflops/s) - 185 (203409 Gflops/s) - 187 (205608 Gflops/s) | Temperatures: 69°C - 68°C - 69°C - 71°C - 69°C - 68°C - 67°C - 68°C | Throttling: None - None - None - None - None - None - None - None
189 (207807 Gflops/s) - 186 (204509 Gflops/s) - 186 (204509 Gflops/s) - 187 (205608 Gflops/s) - 189 (207807 Gflops/s) - 186 (204509 Gflops/s) - 185 (203409 Gflops/s) - 186 (204509 Gflops/s) | Temperatures: 69°C - 68°C - 69°C - 71°C - 69°C - 69°C - 68°C - 68°C | Throttling: None - None - None - None - None - None - None - None
189 (207807 Gflops/s) - 186 (204509 Gflops/s) - 186 (204509 Gflops/s) - 187 (205608 Gflops/s) - 189 (207807 Gflops/s) - 185 (203409 Gflops/s) - 185 (203409 Gflops/s) - 187 (205608 Gflops/s) | Temperatures: 69°C - 68°C - 69°C - 71°C - 70°C - 69°C - 68°C - 69°C | Throttling: None - None - None - None - None - None - None - None
189 (207807 Gflops/s) - 187 (205608 Gflops/s) - 186 (204509 Gflops/s) - 187 (205608 Gflops/s) - 188 (206708 Gflops/s) - 186 (204509 Gflops/s) - 185 (203409 Gflops/s) - 186 (204509 Gflops/s) | Temperatures: 70°C - 68°C - 69°C - 71°C - 70°C - 69°C - 68°C - 69°C | Throttling: None - None - None - None - None - None - None - None
189 (207807 Gflops/s) - 186 (204509 Gflops/s) - 186 (204509 Gflops/s) - 186 (204509 Gflops/s) - 189 (207807 Gflops/s) - 185 (203409 Gflops/s) - 185 (203409 Gflops/s) - 186 (204509 Gflops/s) | Temperatures: 70°C - 69°C - 70°C - 72°C - 70°C - 69°C - 68°C - 69°C | Throttling: None - None - None - None - None - None - None - None
189 (207807 Gflops/s) - 186 (204509 Gflops/s) - 186 (204509 Gflops/s) - 187 (205608 Gflops/s) - 188 (206708 Gflops/s) - 185 (203409 Gflops/s) - 185 (203409 Gflops/s) - 187 (205608 Gflops/s) | Temperatures: 70°C - 69°C - 70°C - 72°C - 70°C - 70°C - 69°C - 69°C | Throttling: None - None - None - None - None - None - None - None
189 (207807 Gflops/s) - 186 (204509 Gflops/s) - 186 (204509 Gflops/s) - 187 (205608 Gflops/s) - 189 (207807 Gflops/s) - 185 (203409 Gflops/s) - 185 (203409 Gflops/s) - 186 (204509 Gflops/s) | Temperatures: 70°C - 69°C - 70°C - 72°C - 71°C - 70°C - 69°C - 70°C | Throttling: None - None - None - None - None - None - None - None
189 (207807 Gflops/s) - 186 (204509 Gflops/s) - 186 (204509 Gflops/s) - 187 (205608 Gflops/s) - 188 (206708 Gflops/s) - 185 (203409 Gflops/s) - 185 (203409 Gflops/s) - 186 (204509 Gflops/s) | Temperatures: 70°C - 69°C - 70°C - 72°C - 71°C - 70°C - 69°C - 70°C | Throttling: None - None - None - None - None - None - None - None
189 (207807 Gflops/s) - 186 (204509 Gflops/s) - 185 (203409 Gflops/s) - 187 (205608 Gflops/s) - 189 (207807 Gflops/s) - 185 (203409 Gflops/s) - 184 (202310 Gflops/s) - 186 (204509 Gflops/s) | Temperatures: 71°C - 70°C - 70°C - 72°C - 71°C - 70°C - 69°C - 70°C | Throttling: None - None - None - None - None - None - None - None
189 (207807 Gflops/s) - 186 (204509 Gflops/s) - 186 (204509 Gflops/s) - 186 (204509 Gflops/s) - 188 (206708 Gflops/s) - 185 (203409 Gflops/s) - 185 (203409 Gflops/s) - 186 (204509 Gflops/s) | Temperatures: 71°C - 70°C - 71°C - 73°C - 71°C - 70°C - 69°C - 70°C | Throttling: None - None - None - None - None - None - None - None
189 (207807 Gflops/s) - 186 (204509 Gflops/s) - 186 (204509 Gflops/s) - 187 (205608 Gflops/s) - 188 (206708 Gflops/s) - 185 (203409 Gflops/s) - 185 (203409 Gflops/s) - 187 (205608 Gflops/s) | Temperatures: 71°C - 70°C - 71°C - 73°C - 71°C - 71°C - 70°C - 70°C | Throttling: None - None - None - None - None - None - None - None
188 (206708 Gflops/s) - 186 (204509 Gflops/s) - 185 (203409 Gflops/s) - 187 (205608 Gflops/s) - 188 (206708 Gflops/s) - 185 (203409 Gflops/s) - 184 (202310 Gflops/s) - 186 (204509 Gflops/s) | Temperatures: 71°C - 70°C - 71°C - 73°C - 72°C - 71°C - 70°C - 71°C | Throttling: None - None - None - None - None - None - None - None
189 (207807 Gflops/s) - 186 (204509 Gflops/s) - 186 (204509 Gflops/s) - 186 (204509 Gflops/s) - 189 (207807 Gflops/s) - 185 (203409 Gflops/s) - 185 (203409 Gflops/s) - 186 (204509 Gflops/s) | Temperatures: 71°C - 70°C - 71°C - 73°C - 72°C - 71°C - 70°C - 71°C | Throttling: None - None - None - None - None - None - None - None
189 (207807 Gflops/s) - 185 (203409 Gflops/s) - 186 (204509 Gflops/s) - 187 (205608 Gflops/s) - 188 (206708 Gflops/s) - 185 (203409 Gflops/s) - 184 (202310 Gflops/s) - 185 (203409 Gflops/s) | Temperatures: 71°C - 70°C - 71°C - 73°C - 72°C - 71°C - 70°C - 71°C | Throttling: None - None - None - None - None - None - None - None
188 (206708 Gflops/s) - 186 (204509 Gflops/s) - 185 (203409 Gflops/s) - 186 (204509 Gflops/s) - 188 (206708 Gflops/s) - 185 (203409 Gflops/s) - 185 (203409 Gflops/s) - 186 (204509 Gflops/s) | Temperatures: 72°C - 70°C - 71°C - 73°C - 72°C - 71°C - 70°C - 71°C | Throttling: None - None - None - None - None - None - None - None
189 (207807 Gflops/s) - 186 (204509 Gflops/s) - 186 (204509 Gflops/s) - 187 (205608 Gflops/s) - 188 (206708 Gflops/s) - 185 (203409 Gflops/s) - 184 (202310 Gflops/s) - 186 (204509 Gflops/s) | Temperatures: 72°C - 70°C - 71°C - 74°C - 72°C - 71°C - 70°C - 71°C | Throttling: None - None - None - None - None - None - None - None
188 (206708 Gflops/s) - 186 (204509 Gflops/s) - 185 (203409 Gflops/s) - 187 (205608 Gflops/s) - 188 (206708 Gflops/s) - 185 (203409 Gflops/s) - 185 (203409 Gflops/s) - 186 (204509 Gflops/s) | Temperatures: 72°C - 70°C - 72°C - 74°C - 72°C - 71°C - 70°C - 71°C | Throttling: None - None - None - None - None - None - None - None
189 (207807 Gflops/s) - 185 (203409 Gflops/s) - 186 (204509 Gflops/s) - 186 (204509 Gflops/s) - 188 (206708 Gflops/s) - 185 (203409 Gflops/s) - 184 (202310 Gflops/s) - 186 (204509 Gflops/s) | Temperatures: 72°C - 70°C - 72°C - 74°C - 72°C - 71°C - 70°C - 71°C | Throttling: None - None - None - None - None - None - None - None
188 (206708 Gflops/s) - 186 (204509 Gflops/s) - 185 (203409 Gflops/s) - 187 (205608 Gflops/s) - 188 (206708 Gflops/s) - 184 (202310 Gflops/s) - 185 (203409 Gflops/s) - 186 (204509 Gflops/s) | Temperatures: 72°C - 71°C - 72°C - 74°C - 72°C - 72°C - 70°C - 71°C | Throttling: None - None - None - None - None - None - None - None
188 (206708 Gflops/s) - 186 (204509 Gflops/s) - 185 (203409 Gflops/s) - 186 (204509 Gflops/s) - 187 (205608 Gflops/s) - 185 (203409 Gflops/s) - 184 (202310 Gflops/s) - 185 (203409 Gflops/s) | Temperatures: 72°C - 71°C - 72°C - 74°C - 72°C - 72°C - 71°C - 71°C | Throttling: None - None - None - None - None - None - None - None
189 (207807 Gflops/s) - 185 (203409 Gflops/s) - 186 (204509 Gflops/s) - 187 (205608 Gflops/s) - 188 (206708 Gflops/s) - 185 (203409 Gflops/s) - 185 (203409 Gflops/s) - 186 (204509 Gflops/s) | Temperatures: 72°C - 71°C - 72°C - 74°C - 72°C - 72°C - 71°C - 71°C | Throttling: None - None - None - None - None - None - None - None
188 (206708 Gflops/s) - 186 (204509 Gflops/s) - 185 (203409 Gflops/s) - 186 (204509 Gflops/s) - 188 (206708 Gflops/s) - 185 (203409 Gflops/s) - 184 (202310 Gflops/s) - 186 (204509 Gflops/s) | Temperatures: 72°C - 71°C - 72°C - 74°C - 73°C - 72°C - 71°C - 72°C | Throttling: None - None - None - None - None - None - None - None
188 (206708 Gflops/s) - 186 (204509 Gflops/s) - 185 (203409 Gflops/s) - 187 (205608 Gflops/s) - 188 (206708 Gflops/s) - 184 (202310 Gflops/s) - 184 (202310 Gflops/s) - 185 (203409 Gflops/s) | Temperatures: 72°C - 71°C - 72°C - 74°C - 73°C - 72°C - 71°C - 72°C | Throttling: None - None - None - None - None - None - None - None
189 (207807 Gflops/s) - 185 (203409 Gflops/s) - 185 (203409 Gflops/s) - 186 (204509 Gflops/s) - 188 (206708 Gflops/s) - 185 (203409 Gflops/s) - 184 (202310 Gflops/s) - 186 (204509 Gflops/s) | Temperatures: 73°C - 71°C - 72°C - 74°C - 73°C - 72°C - 71°C - 72°C | Throttling: None - None - None - None - None - None - None - None
188 (206708 Gflops/s) - 185 (203409 Gflops/s) - 185 (203409 Gflops/s) - 186 (204509 Gflops/s) - 187 (205608 Gflops/s) - 184 (202310 Gflops/s) - 184 (202310 Gflops/s) - 186 (204509 Gflops/s) | Temperatures: 73°C - 71°C - 72°C - 75°C - 73°C - 72°C - 71°C - 72°C | Throttling: None - None - None - None - None - None - None - None
188 (206708 Gflops/s) - 186 (204509 Gflops/s) - 186 (204509 Gflops/s) - 187 (205608 Gflops/s) - 188 (206708 Gflops/s) - 185 (203409 Gflops/s) - 185 (203409 Gflops/s) - 185 (203409 Gflops/s) | Temperatures: 73°C - 71°C - 72°C - 75°C - 73°C - 72°C - 71°C - 72°C | Throttling: None - None - None - None - None - None - None - None
188 (206708 Gflops/s) - 185 (203409 Gflops/s) - 185 (203409 Gflops/s) - 186 (204509 Gflops/s) - 188 (206708 Gflops/s) - 185 (203409 Gflops/s) - 184 (202310 Gflops/s) - 186 (204509 Gflops/s) | Temperatures: 73°C - 71°C - 72°C - 75°C - 73°C - 72°C - 71°C - 72°C | Throttling: None - None - None - None - None - None - None - None
188 (206708 Gflops/s) - 186 (204509 Gflops/s) - 185 (203409 Gflops/s) - 186 (204509 Gflops/s) - 187 (205608 Gflops/s) - 184 (202310 Gflops/s) - 184 (202310 Gflops/s) - 185 (203409 Gflops/s) | Temperatures: 73°C - 71°C - 72°C - 75°C - 73°C - 72°C - 71°C - 72°C | Throttling: None - None - None - None - None - None - None - None
188 (206708 Gflops/s) - 185 (203409 Gflops/s) - 185 (203409 Gflops/s) - 186 (204509 Gflops/s) - 188 (206708 Gflops/s) - 185 (203409 Gflops/s) - 184 (202310 Gflops/s) - 186 (204509 Gflops/s) | Temperatures: 73°C - 71°C - 72°C - 75°C - 73°C - 72°C - 71°C - 72°C | Throttling: None - None - None - None - None - None - None - None
188 (206708 Gflops/s) - 186 (204509 Gflops/s) - 185 (203409 Gflops/s) - 187 (205608 Gflops/s) - 188 (206708 Gflops/s) - 184 (202310 Gflops/s) - 184 (202310 Gflops/s) - 185 (203409 Gflops/s) | Temperatures: 73°C - 72°C - 72°C - 75°C - 73°C - 73°C - 71°C - 72°C | Throttling: None - None - None - None - None - None - None - None
188 (206708 Gflops/s) - 185 (203409 Gflops/s) - 186 (204509 Gflops/s) - 186 (204509 Gflops/s) - 187 (205608 Gflops/s) - 185 (203409 Gflops/s) - 184 (202310 Gflops/s) - 186 (204509 Gflops/s) | Temperatures: 73°C - 72°C - 72°C - 75°C - 73°C - 73°C - 71°C - 72°C | Throttling: None - None - None - None - None - None - None - None
189 (207807 Gflops/s) - 186 (204509 Gflops/s) - 185 (203409 Gflops/s) - 186 (204509 Gflops/s) - 188 (206708 Gflops/s) - 184 (202310 Gflops/s) - 184 (202310 Gflops/s) - 185 (203409 Gflops/s) | Temperatures: 73°C - 72°C - 72°C - 75°C - 73°C - 73°C - 71°C - 72°C | Throttling: None - None - None - None - None - None - None - None
188 (206708 Gflops/s) - 185 (203409 Gflops/s) - 185 (203409 Gflops/s) - 186 (204509 Gflops/s) - 188 (206708 Gflops/s) - 185 (203409 Gflops/s) - 184 (202310 Gflops/s) - 186 (204509 Gflops/s) | Temperatures: 73°C - 72°C - 73°C - 75°C - 73°C - 73°C - 72°C - 72°C | Throttling: None - None - None - None - None - None - None - None
188 (206708 Gflops/s) - 185 (203409 Gflops/s) - 185 (203409 Gflops/s) - 186 (204509 Gflops/s) - 187 (205608 Gflops/s) - 184 (202310 Gflops/s) - 184 (202310 Gflops/s) - 185 (203409 Gflops/s) | Temperatures: 73°C - 72°C - 73°C - 75°C - 73°C - 73°C - 72°C - 73°C | Throttling: None - None - None - None - None - None - None - None
188 (206708 Gflops/s) - 186 (204509 Gflops/s) - 185 (203409 Gflops/s) - 186 (204509 Gflops/s) - 188 (206708 Gflops/s) - 185 (203409 Gflops/s) - 184 (202310 Gflops/s) - 186 (204509 Gflops/s) | Temperatures: 74°C - 72°C - 73°C - 75°C - 74°C - 73°C - 72°C - 73°C | Throttling: None - None - None - None - None - None - None - None
188 (206708 Gflops/s) - 185 (203409 Gflops/s) - 185 (203409 Gflops/s) - 186 (204509 Gflops/s) - 187 (205608 Gflops/s) - 184 (202310 Gflops/s) - 184 (202310 Gflops/s) - 185 (203409 Gflops/s) | Temperatures: 74°C - 72°C - 73°C - 75°C - 74°C - 73°C - 72°C - 73°C | Throttling: None - None - None - None - None - None - None - None
188 (206708 Gflops/s) - 186 (204509 Gflops/s) - 185 (203409 Gflops/s) - 186 (204509 Gflops/s) - 188 (206708 Gflops/s) - 184 (202310 Gflops/s) - 184 (202310 Gflops/s) - 185 (203409 Gflops/s) | Temperatures: 74°C - 72°C - 73°C - 75°C - 74°C - 73°C - 72°C - 73°C | Throttling: None - None - None - None - None - None - None - None
188 (206708 Gflops/s) - 185 (203409 Gflops/s) - 185 (203409 Gflops/s) - 186 (204509 Gflops/s) - 187 (205608 Gflops/s) - 185 (203409 Gflops/s) - 184 (202310 Gflops/s) - 186 (204509 Gflops/s) | Temperatures: 74°C - 72°C - 73°C - 76°C - 74°C - 73°C - 72°C - 73°C | Throttling: None - None - None - None - None - None - None - None
188 (206708 Gflops/s) - 185 (203409 Gflops/s) - 185 (203409 Gflops/s) - 186 (204509 Gflops/s) - 188 (206708 Gflops/s) - 184 (202310 Gflops/s) - 184 (202310 Gflops/s) - 185 (203409 Gflops/s) | Temperatures: 74°C - 72°C - 73°C - 76°C - 74°C - 73°C - 72°C - 73°C | Throttling: None - None - None - None - None - None - None - None
188 (206708 Gflops/s) - 185 (203409 Gflops/s) - 185 (203409 Gflops/s) - 186 (204509 Gflops/s) - 187 (205608 Gflops/s) - 185 (203409 Gflops/s) - 184 (202310 Gflops/s) - 186 (204509 Gflops/s) | Temperatures: 74°C - 72°C - 73°C - 76°C - 74°C - 73°C - 72°C - 73°C | Throttling: None - None - None - None - None - None - None - None
188 (206708 Gflops/s) - 186 (204509 Gflops/s) - 185 (203409 Gflops/s) - 186 (204509 Gflops/s) - 188 (206708 Gflops/s) - 184 (202310 Gflops/s) - 184 (202310 Gflops/s) - 185 (203409 Gflops/s) | Temperatures: 74°C - 72°C - 73°C - 76°C - 74°C - 73°C - 72°C - 73°C | Throttling: None - None - None - None - None - None - None - None
188 (206708 Gflops/s) - 185 (203409 Gflops/s) - 185 (203409 Gflops/s) - 186 (204509 Gflops/s) - 187 (205608 Gflops/s) - 184 (202310 Gflops/s) - 184 (202310 Gflops/s) - 185 (203409 Gflops/s) | Temperatures: 74°C - 72°C - 73°C - 76°C - 74°C - 73°C - 72°C - 73°C | Throttling: None - None - None - None - None - None - None - None
188 (206708 Gflops/s) - 185 (203409 Gflops/s) - 184 (202310 Gflops/s) - 186 (204509 Gflops/s) - 188 (206708 Gflops/s) - 185 (203409 Gflops/s) - 184 (202310 Gflops/s) - 185 (203409 Gflops/s) | Temperatures: 74°C - 72°C - 73°C - 76°C - 74°C - 73°C - 72°C - 73°C | Throttling: None - None - None - None - None - None - None - None
188 (206708 Gflops/s) - 186 (204509 Gflops/s) - 186 (204509 Gflops/s) - 186 (204509 Gflops/s) - 187 (205608 Gflops/s) - 184 (202310 Gflops/s) - 184 (202310 Gflops/s) - 186 (204509 Gflops/s) | Temperatures: 74°C - 72°C - 73°C - 76°C - 74°C - 73°C - 72°C - 73°C | Throttling: None - None - None - None - None - None - None - None
188 (206708 Gflops/s) - 185 (203409 Gflops/s) - 184 (202310 Gflops/s) - 186 (204509 Gflops/s) - 188 (206708 Gflops/s) - 184 (202310 Gflops/s) - 184 (202310 Gflops/s) - 185 (203409 Gflops/s) | Temperatures: 74°C - 72°C - 73°C - 76°C - 74°C - 73°C - 72°C - 73°C | Throttling: None - None - None - None - None - None - None - None
188 (206708 Gflops/s) - 185 (203409 Gflops/s) - 185 (203409 Gflops/s) - 186 (204509 Gflops/s) - 187 (205608 Gflops/s) - 185 (203409 Gflops/s) - 184 (202310 Gflops/s) - 186 (204509 Gflops/s) | Temperatures: 74°C - 72°C - 73°C - 76°C - 74°C - 73°C - 72°C - 73°C | Throttling: None - None - None - None - None - None - None - None
188 (206708 Gflops/s) - 185 (203409 Gflops/s) - 185 (203409 Gflops/s) - 185 (203409 Gflops/s) - 188 (206708 Gflops/s) - 184 (202310 Gflops/s) - 184 (202310 Gflops/s) - 185 (203409 Gflops/s) | Temperatures: 74°C - 72°C - 73°C - 76°C - 74°C - 73°C - 72°C - 73°C | Throttling: None - None - None - None - None - None - None - None
188 (206708 Gflops/s) - 185 (203409 Gflops/s) - 185 (203409 Gflops/s) - 186 (204509 Gflops/s) - 187 (205608 Gflops/s) - 184 (202310 Gflops/s) - 184 (202310 Gflops/s) - 185 (203409 Gflops/s) | Temperatures: 74°C - 72°C - 73°C - 76°C - 74°C - 73°C - 72°C - 73°C | Throttling: None - None - None - None - None - None - None - None
188 (206708 Gflops/s) - 186 (204509 Gflops/s) - 185 (203409 Gflops/s) - 186 (204509 Gflops/s) - 187 (205608 Gflops/s) - 184 (202310 Gflops/s) - 183 (201210 Gflops/s) - 185 (203409 Gflops/s) | Temperatures: 74°C - 72°C - 73°C - 76°C - 74°C - 73°C - 72°C - 73°C | Throttling: None - None - None - None - None - None - None - None
188 (206708 Gflops/s) - 185 (203409 Gflops/s) - 185 (203409 Gflops/s) - 186 (204509 Gflops/s) - 188 (206708 Gflops/s) - 185 (203409 Gflops/s) - 184 (202310 Gflops/s) - 186 (204509 Gflops/s) | Temperatures: 74°C - 72°C - 73°C - 76°C - 74°C - 73°C - 72°C - 73°C | Throttling: None - None - None - None - None - None - None - None
187 (205608 Gflops/s) - 185 (203409 Gflops/s) - 185 (203409 Gflops/s) - 186 (204509 Gflops/s) - 187 (205608 Gflops/s) - 184 (202310 Gflops/s) - 184 (202310 Gflops/s) - 185 (203409 Gflops/s) | Temperatures: 74°C - 72°C - 73°C - 76°C - 74°C - 73°C - 72°C - 73°C | Throttling: None - None - None - None - None - None - None - None
188 (206708 Gflops/s) - 185 (203409 Gflops/s) - 184 (202310 Gflops/s) - 186 (204509 Gflops/s) - 188 (206708 Gflops/s) - 184 (202310 Gflops/s) - 184 (202310 Gflops/s) - 185 (203409 Gflops/s) | Temperatures: 74°C - 72°C - 73°C - 76°C - 74°C - 73°C - 72°C - 73°C | Throttling: None - None - None - None - None - None - None - None
188 (206708 Gflops/s) - 186 (204509 Gflops/s) - 185 (203409 Gflops/s) - 186 (204509 Gflops/s) - 187 (205608 Gflops/s) - 185 (203409 Gflops/s) - 184 (202310 Gflops/s) - 186 (204509 Gflops/s) | Temperatures: 74°C - 72°C - 73°C - 76°C - 74°C - 73°C - 72°C - 73°C | Throttling: None - None - None - None - None - None - None - None
188 (206708 Gflops/s) - 185 (203409 Gflops/s) - 185 (203409 Gflops/s) - 185 (203409 Gflops/s) - 188 (206708 Gflops/s) - 184 (202310 Gflops/s) - 184 (202310 Gflops/s) - 185 (203409 Gflops/s) | Temperatures: 74°C - 72°C - 73°C - 76°C - 74°C - 73°C - 72°C - 73°C | Throttling: None - None - None - None - None - None - None - None
188 (206708 Gflops/s) - 185 (203409 Gflops/s) - 185 (203409 Gflops/s) - 186 (204509 Gflops/s) - 187 (205608 Gflops/s) - 184 (202310 Gflops/s) - 184 (202310 Gflops/s) - 185 (203409 Gflops/s) | Temperatures: 74°C - 72°C - 73°C - 76°C - 74°C - 73°C - 72°C - 73°C | Throttling: None - None - None - None - None - None - None - None
188 (206708 Gflops/s) - 185 (203409 Gflops/s) - 185 (203409 Gflops/s) - 186 (204509 Gflops/s) - 187 (205608 Gflops/s) - 185 (203409 Gflops/s) - 184 (202310 Gflops/s) - 186 (204509 Gflops/s) | Temperatures: 74°C - 72°C - 73°C - 76°C - 74°C - 73°C - 72°C - 73°C | Throttling: None - None - None - None - None - None - None - None
188 (206708 Gflops/s) - 186 (204509 Gflops/s) - 185 (203409 Gflops/s) - 186 (204509 Gflops/s) - 188 (206708 Gflops/s) - 184 (202310 Gflops/s) - 184 (202310 Gflops/s) - 185 (203409 Gflops/s) | Temperatures: 74°C - 72°C - 73°C - 76°C - 74°C - 73°C - 72°C - 73°C | Throttling: None - None - None - None - None - None - None - None
188 (206708 Gflops/s) - 185 (203409 Gflops/s) - 184 (202310 Gflops/s) - 186 (204509 Gflops/s) - 187 (205608 Gflops/s) - 184 (202310 Gflops/s) - 183 (201210 Gflops/s) - 185 (203409 Gflops/s) | Temperatures: 74°C - 72°C - 73°C - 76°C - 74°C - 73°C - 72°C - 73°C | Throttling: None - None - None - None - None - None - None - None
187 (205608 Gflops/s) - 185 (203409 Gflops/s) - 185 (203409 Gflops/s) - 185 (203409 Gflops/s) - 188 (206708 Gflops/s) - 184 (202310 Gflops/s) - 184 (202310 Gflops/s) - 185 (203409 Gflops/s) | Temperatures: 74°C - 72°C - 73°C - 76°C - 74°C - 73°C - 72°C - 73°C | Throttling: None - None - None - None - None - None - None - None
188 (206708 Gflops/s) - 185 (203409 Gflops/s) - 185 (203409 Gflops/s) - 186 (204509 Gflops/s) - 187 (205608 Gflops/s) - 185 (203409 Gflops/s) - 184 (202310 Gflops/s) - 186 (204509 Gflops/s) | Temperatures: 74°C - 72°C - 73°C - 76°C - 74°C - 73°C - 72°C - 73°C | Throttling: None - None - None - None - None - None - None - None
188 (206708 Gflops/s) - 185 (203409 Gflops/s) - 185 (203409 Gflops/s) - 186 (204509 Gflops/s) - 187 (205608 Gflops/s) - 184 (202310 Gflops/s) - 184 (202310 Gflops/s) - 185 (203409 Gflops/s) | Temperatures: 74°C - 72°C - 73°C - 76°C - 74°C - 73°C - 72°C - 73°C | Throttling: None - None - None - None - None - None - None - None
188 (206708 Gflops/s) - 185 (203409 Gflops/s) - 184 (202310 Gflops/s) - 185 (203409 Gflops/s) - 188 (206708 Gflops/s) - 184 (202310 Gflops/s) - 183 (201210 Gflops/s) - 185 (203409 Gflops/s) | Temperatures: 74°C - 72°C - 73°C - 76°C - 74°C - 73°C - 72°C - 73°C | Throttling: None - None - None - None - None - None - None - None
187 (205608 Gflops/s) - 186 (204509 Gflops/s) - 185 (203409 Gflops/s) - 186 (204509 Gflops/s) - 187 (205608 Gflops/s) - 184 (202310 Gflops/s) - 184 (202310 Gflops/s) - 185 (203409 Gflops/s) | Temperatures: 74°C - 72°C - 73°C - 76°C - 74°C - 73°C - 72°C - 73°C | Throttling: None - None - None - None - None - None - None - None
188 (206708 Gflops/s) - 185 (203409 Gflops/s) - 185 (203409 Gflops/s) - 186 (204509 Gflops/s) - 187 (205608 Gflops/s) - 184 (202310 Gflops/s) - 184 (202310 Gflops/s) - 186 (204509 Gflops/s) | Temperatures: 74°C - 72°C - 73°C - 76°C - 74°C - 74°C - 72°C - 73°C | Throttling: None - None - None - None - None - None - None - None
188 (206708 Gflops/s) - 185 (203409 Gflops/s) - 185 (203409 Gflops/s) - 186 (204509 Gflops/s) - 188 (206708 Gflops/s) - 185 (203409 Gflops/s) - 184 (202310 Gflops/s) - 185 (203409 Gflops/s) | Temperatures: 74°C - 72°C - 73°C - 76°C - 74°C - 73°C - 72°C - 73°C | Throttling: None - None - None - None - None - None - None - None
188 (206708 Gflops/s) - 185 (203409 Gflops/s) - 185 (203409 Gflops/s) - 185 (203409 Gflops/s) - 187 (205608 Gflops/s) - 184 (202310 Gflops/s) - 184 (202310 Gflops/s) - 185 (203409 Gflops/s) | Temperatures: 74°C - 72°C - 73°C - 76°C - 74°C - 73°C - 72°C - 73°C | Throttling: None - None - None - None - None - None - None - None
188 (206708 Gflops/s) - 185 (203409 Gflops/s) - 184 (202310 Gflops/s) - 186 (204509 Gflops/s) - 187 (205608 Gflops/s) - 184 (202310 Gflops/s) - 184 (202310 Gflops/s) - 185 (203409 Gflops/s) | Temperatures: 74°C - 72°C - 73°C - 76°C - 74°C - 73°C - 72°C - 73°C | Throttling: None - None - None - None - None - None - None - None
187 (205608 Gflops/s) - 186 (204509 Gflops/s) - 185 (203409 Gflops/s) - 186 (204509 Gflops/s) - 188 (206708 Gflops/s) - 184 (202310 Gflops/s) - 183 (201210 Gflops/s) - 186 (204509 Gflops/s) | Temperatures: 74°C - 72°C - 73°C - 76°C - 74°C - 73°C - 72°C - 73°C | Throttling: None - None - None - None - None - None - None - None
188 (206708 Gflops/s) - 185 (203409 Gflops/s) - 185 (203409 Gflops/s) - 185 (203409 Gflops/s) - 187 (205608 Gflops/s) - 185 (203409 Gflops/s) - 184 (202310 Gflops/s) - 185 (203409 Gflops/s) | Temperatures: 74°C - 72°C - 73°C - 76°C - 74°C - 73°C - 72°C - 73°C | Throttling: None - None - None - None - None - None - None - None
188 (206708 Gflops/s) - 185 (203409 Gflops/s) - 185 (203409 Gflops/s) - 186 (204509 Gflops/s) - 188 (206708 Gflops/s) - 184 (202310 Gflops/s) - 184 (202310 Gflops/s) - 185 (203409 Gflops/s) | Temperatures: 74°C - 72°C - 73°C - 76°C - 74°C - 73°C - 72°C - 73°C | Throttling: None - None - None - None - None - None - None - None
188 (206708 Gflops/s) - 185 (203409 Gflops/s) - 185 (203409 Gflops/s) - 186 (204509 Gflops/s) - 187 (205608 Gflops/s) - 184 (202310 Gflops/s) - 184 (202310 Gflops/s) - 185 (203409 Gflops/s) | Temperatures: 74°C - 72°C - 73°C - 76°C - 74°C - 73°C - 72°C - 73°C | Throttling: None - None - None - None - None - None - None - None
188 (206708 Gflops/s) - 185 (203409 Gflops/s) - 184 (202310 Gflops/s) - 186 (204509 Gflops/s) - 187 (205608 Gflops/s) - 184 (202310 Gflops/s) - 184 (202310 Gflops/s) - 186 (204509 Gflops/s) | Temperatures: 74°C - 72°C - 73°C - 76°C - 74°C - 73°C - 72°C - 73°C | Throttling: None - None - None - None - None - None - None - None
187 (205608 Gflops/s) - 186 (204509 Gflops/s) - 185 (203409 Gflops/s) - 185 (203409 Gflops/s) - 188 (206708 Gflops/s) - 185 (203409 Gflops/s) - 184 (202310 Gflops/s) - 185 (203409 Gflops/s) | Temperatures: 74°C - 72°C - 73°C - 76°C - 74°C - 73°C - 72°C - 73°C | Throttling: None - None - None - None - None - None - None - None
188 (206708 Gflops/s) - 185 (203409 Gflops/s) - 185 (203409 Gflops/s) - 186 (204509 Gflops/s) - 187 (205608 Gflops/s) - 184 (202310 Gflops/s) - 183 (201210 Gflops/s) - 185 (203409 Gflops/s) | Temperatures: 74°C - 72°C - 73°C - 76°C - 74°C - 73°C - 72°C - 73°C | Throttling: None - None - None - None - None - None - None - None
188 (206708 Gflops/s) - 185 (203409 Gflops/s) - 185 (203409 Gflops/s) - 186 (204509 Gflops/s) - 188 (206708 Gflops/s) - 184 (202310 Gflops/s) - 184 (202310 Gflops/s) - 186 (204509 Gflops/s) | Temperatures: 74°C - 72°C - 73°C - 76°C - 74°C - 73°C - 72°C - 73°C | Throttling: None - None - None - None - None - None - None - None
188 (206708 Gflops/s) - 185 (203409 Gflops/s) - 184 (202310 Gflops/s) - 185 (203409 Gflops/s) - 187 (205608 Gflops/s) - 184 (202310 Gflops/s) - 184 (202310 Gflops/s) - 185 (203409 Gflops/s) | Temperatures: 74°C - 72°C - 73°C - 76°C - 74°C - 73°C - 72°C - 73°C | Throttling: None - None - None - None - None - None - None - None
187 (205608 Gflops/s) - 185 (203409 Gflops/s) - 185 (203409 Gflops/s) - 186 (204509 Gflops/s) - 187 (205608 Gflops/s) - 184 (202310 Gflops/s) - 184 (202310 Gflops/s) - 185 (203409 Gflops/s) | Temperatures: 74°C - 72°C - 73°C - 76°C - 74°C - 73°C - 72°C - 73°C | Throttling: None - None - None - None - None - None - None - None
188 (206708 Gflops/s) - 185 (203409 Gflops/s) - 185 (203409 Gflops/s) - 186 (204509 Gflops/s) - 188 (206708 Gflops/s) - 185 (203409 Gflops/s) - 184 (202310 Gflops/s) - 185 (203409 Gflops/s) | Temperatures: 74°C - 72°C - 73°C - 76°C - 74°C - 73°C - 72°C - 73°C | Throttling: None - None - None - None - None - None - None - None
188 (206708 Gflops/s) - 186 (204509 Gflops/s) - 185 (203409 Gflops/s) - 185 (203409 Gflops/s) - 187 (205608 Gflops/s) - 184 (202310 Gflops/s) - 184 (202310 Gflops/s) - 186 (204509 Gflops/s) | Temperatures: 74°C - 72°C - 73°C - 76°C - 74°C - 73°C - 72°C - 73°C | Throttling: None - None - None - None - None - None - None - None
188 (206708 Gflops/s) - 185 (203409 Gflops/s) - 185 (203409 Gflops/s) - 186 (204509 Gflops/s) - 187 (205608 Gflops/s) - 184 (202310 Gflops/s) - 184 (202310 Gflops/s) - 185 (203409 Gflops/s) | Temperatures: 74°C - 72°C - 73°C - 76°C - 74°C - 73°C - 72°C - 73°C | Throttling: None - None - None - None - None - None - None - None
188 (206708 Gflops/s) - 185 (203409 Gflops/s) - 185 (203409 Gflops/s) - 186 (204509 Gflops/s) - 188 (206708 Gflops/s) - 185 (203409 Gflops/s) - 183 (201210 Gflops/s) - 185 (203409 Gflops/s) | Temperatures: 74°C - 72°C - 73°C - 76°C - 74°C - 73°C - 72°C - 73°C | Throttling: None - None - None - None - None - None - None - None
187 (205608 Gflops/s) - 185 (203409 Gflops/s) - 185 (203409 Gflops/s) - 186 (204509 Gflops/s) - 187 (205608 Gflops/s) - 184 (202310 Gflops/s) - 184 (202310 Gflops/s) - 185 (203409 Gflops/s) | Temperatures: 74°C - 72°C - 73°C - 76°C - 73°C - 73°C - 72°C - 73°C | Throttling: None - None - None - None - None - None - None - None
188 (206708 Gflops/s) - 186 (204509 Gflops/s) - 185 (203409 Gflops/s) - 185 (203409 Gflops/s) - 188 (206708 Gflops/s) - 184 (202310 Gflops/s) - 184 (202310 Gflops/s) - 186 (204509 Gflops/s) | Temperatures: 74°C - 72°C - 73°C - 76°C - 74°C - 73°C - 72°C - 73°C | Throttling: None - None - None - None - None - None - None - None
188 (206708 Gflops/s) - 185 (203409 Gflops/s) - 184 (202310 Gflops/s) - 186 (204509 Gflops/s) - 187 (205608 Gflops/s) - 184 (202310 Gflops/s) - 184 (202310 Gflops/s) - 185 (203409 Gflops/s) | Temperatures: 74°C - 72°C - 73°C - 76°C - 73°C - 73°C - 72°C - 73°C | Throttling: None - None - None - None - None - None - None - None
188 (206708 Gflops/s) - 185 (203409 Gflops/s) - 185 (203409 Gflops/s) - 186 (204509 Gflops/s) - 188 (206708 Gflops/s) - 185 (203409 Gflops/s) - 184 (202310 Gflops/s) - 185 (203409 Gflops/s) | Temperatures: 74°C - 72°C - 73°C - 76°C - 73°C - 73°C - 72°C - 72°C | Throttling: None - None - None - None - None - None - None - None
188 (206708 Gflops/s) - 185 (203409 Gflops/s) - 185 (203409 Gflops/s) - 186 (204509 Gflops/s) - 187 (205608 Gflops/s) - 184 (202310 Gflops/s) - 184 (202310 Gflops/s) - 186 (204509 Gflops/s) | Temperatures: 74°C - 72°C - 73°C - 76°C - 73°C - 73°C - 72°C - 72°C | Throttling: None - None - None - None - None - None - None - None
188 (206708 Gflops/s) - 186 (204509 Gflops/s) - 185 (203409 Gflops/s) - 185 (203409 Gflops/s) - 188 (206708 Gflops/s) - 184 (202310 Gflops/s) - 184 (202310 Gflops/s) - 185 (203409 Gflops/s) | Temperatures: 74°C - 72°C - 72°C - 76°C - 73°C - 73°C - 71°C - 72°C | Throttling: None - None - None - None - None - None - None - None
188 (206708 Gflops/s) - 185 (203409 Gflops/s) - 185 (203409 Gflops/s) - 186 (204509 Gflops/s) - 187 (205608 Gflops/s) - 185 (203409 Gflops/s) - 184 (202310 Gflops/s) - 185 (203409 Gflops/s) | Temperatures: 74°C - 72°C - 72°C - 76°C - 73°C - 73°C - 71°C - 72°C | Throttling: None - None - None - None - None - None - None - None
187 (205608 Gflops/s) - 185 (203409 Gflops/s) - 185 (203409 Gflops/s) - 186 (204509 Gflops/s) - 188 (206708 Gflops/s) - 184 (202310 Gflops/s) - 184 (202310 Gflops/s) - 186 (204509 Gflops/s) | Temperatures: 74°C - 72°C - 72°C - 76°C - 73°C - 73°C - 71°C - 72°C | Throttling: None - None - None - None - None - None - None - None
188 (206708 Gflops/s) - 186 (204509 Gflops/s) - 185 (203409 Gflops/s) - 186 (204509 Gflops/s) - 187 (205608 Gflops/s) - 184 (202310 Gflops/s) - 184 (202310 Gflops/s) - 185 (203409 Gflops/s) | Temperatures: 74°C - 72°C - 72°C - 75°C - 73°C - 73°C - 71°C - 72°C | Throttling: None - None - None - None - None - None - None - None
188 (206708 Gflops/s) - 185 (203409 Gflops/s) - 185 (203409 Gflops/s) - 186 (204509 Gflops/s) - 188 (206708 Gflops/s) - 185 (203409 Gflops/s) - 184 (202310 Gflops/s) - 186 (204509 Gflops/s) | Temperatures: 74°C - 71°C - 72°C - 75°C - 73°C - 73°C - 71°C - 72°C | Throttling: None - None - None - None - None - None - None - None
188 (206708 Gflops/s) - 185 (203409 Gflops/s) - 185 (203409 Gflops/s) - 185 (203409 Gflops/s) - 187 (205608 Gflops/s) - 184 (202310 Gflops/s) - 184 (202310 Gflops/s) - 185 (203409 Gflops/s) | Temperatures: 74°C - 71°C - 72°C - 75°C - 73°C - 73°C - 71°C - 72°C | Throttling: None - None - None - None - None - None - None - None
188 (206708 Gflops/s) - 185 (203409 Gflops/s) - 185 (203409 Gflops/s) - 186 (204509 Gflops/s) - 188 (206708 Gflops/s) - 184 (202310 Gflops/s) - 184 (202310 Gflops/s) - 185 (203409 Gflops/s) | Temperatures: 74°C - 71°C - 72°C - 75°C - 73°C - 73°C - 71°C - 72°C | Throttling: None - None - None - None - None - None - None - None
188 (206708 Gflops/s) - 186 (204509 Gflops/s) - 185 (203409 Gflops/s) - 186 (204509 Gflops/s) - 187 (205608 Gflops/s) - 185 (203409 Gflops/s) - 184 (202310 Gflops/s) - 186 (204509 Gflops/s) | Temperatures: 74°C - 71°C - 72°C - 75°C - 73°C - 72°C - 71°C - 72°C | Throttling: None - None - None - None - None - None - None - None
188 (206708 Gflops/s) - 185 (203409 Gflops/s) - 185 (203409 Gflops/s) - 186 (204509 Gflops/s) - 188 (206708 Gflops/s) - 184 (202310 Gflops/s) - 184 (202310 Gflops/s) - 185 (203409 Gflops/s) | Temperatures: 74°C - 71°C - 72°C - 75°C - 73°C - 72°C - 71°C - 72°C | Throttling: None - None - None - None - None - None - None - None
187 (205608 Gflops/s) - 185 (203409 Gflops/s) - 185 (203409 Gflops/s) - 186 (204509 Gflops/s) - 187 (205608 Gflops/s) - 184 (202310 Gflops/s) - 184 (202310 Gflops/s) - 185 (203409 Gflops/s) | Temperatures: 74°C - 71°C - 72°C - 75°C - 73°C - 72°C - 71°C - 72°C | Throttling: None - None - None - None - None - None - None - None
188 (206708 Gflops/s) - 186 (204509 Gflops/s) - 185 (203409 Gflops/s) - 186 (204509 Gflops/s) - 188 (206708 Gflops/s) - 185 (203409 Gflops/s) - 184 (202310 Gflops/s) - 186 (204509 Gflops/s) | Temperatures: 74°C - 71°C - 72°C - 75°C - 73°C - 72°C - 71°C - 72°C | Throttling: None - None - None - None - None - None - None - None
188 (206708 Gflops/s) - 185 (203409 Gflops/s) - 185 (203409 Gflops/s) - 185 (203409 Gflops/s) - 187 (205608 Gflops/s) - 184 (202310 Gflops/s) - 184 (202310 Gflops/s) - 185 (203409 Gflops/s) | Temperatures: 74°C - 71°C - 72°C - 75°C - 73°C - 72°C - 71°C - 72°C | Throttling: None - None - None - None - None - None - None - None
188 (206708 Gflops/s) - 186 (204509 Gflops/s) - 185 (203409 Gflops/s) - 186 (204509 Gflops/s) - 188 (206708 Gflops/s) - 184 (202310 Gflops/s) - 184 (202310 Gflops/s) - 186 (204509 Gflops/s) | Temperatures: 74°C - 71°C - 72°C - 75°C - 73°C - 72°C - 71°C - 72°C | Throttling: None - None - None - None - None - None - None - None
188 (206708 Gflops/s) - 185 (203409 Gflops/s) - 185 (203409 Gflops/s) - 186 (204509 Gflops/s) - 187 (205608 Gflops/s) - 185 (203409 Gflops/s) - 184 (202310 Gflops/s) - 185 (203409 Gflops/s) | Temperatures: 74°C - 71°C - 72°C - 75°C - 73°C - 72°C - 71°C - 72°C | Throttling: None - None - None - None - None - None - None - None
188 (206708 Gflops/s) - 185 (203409 Gflops/s) - 185 (203409 Gflops/s) - 186 (204509 Gflops/s) - 188 (206708 Gflops/s) - 184 (202310 Gflops/s) - 185 (203409 Gflops/s) - 186 (204509 Gflops/s) | Temperatures: 73°C - 71°C - 72°C - 75°C - 73°C - 72°C - 71°C - 72°C | Throttling: None - None - None - None - None - None - None - None
188 (206708 Gflops/s) - 186 (204509 Gflops/s) - 185 (203409 Gflops/s) - 186 (204509 Gflops/s) - 188 (206708 Gflops/s) - 185 (203409 Gflops/s) - 184 (202310 Gflops/s) - 185 (203409 Gflops/s) | Temperatures: 73°C - 71°C - 72°C - 75°C - 73°C - 72°C - 71°C - 72°C | Throttling: None - None - None - None - None - None - None - None
188 (206708 Gflops/s) - 185 (203409 Gflops/s) - 186 (204509 Gflops/s) - 186 (204509 Gflops/s) - 187 (205608 Gflops/s) - 184 (202310 Gflops/s) - 184 (202310 Gflops/s) - 186 (204509 Gflops/s) | Temperatures: 73°C - 71°C - 72°C - 75°C - 73°C - 72°C - 71°C - 72°C | Throttling: None - None - None - None - None - None - None - None
188 (206708 Gflops/s) - 186 (204509 Gflops/s) - 185 (203409 Gflops/s) - 186 (204509 Gflops/s) - 188 (206708 Gflops/s) - 185 (203409 Gflops/s) - 184 (202310 Gflops/s) - 185 (203409 Gflops/s) | Temperatures: 73°C - 71°C - 72°C - 75°C - 73°C - 72°C - 71°C - 72°C | Throttling: None - None - None - None - None - None - None - None
188 (206708 Gflops/s) - 185 (203409 Gflops/s) - 185 (203409 Gflops/s) - 186 (204509 Gflops/s) - 187 (205608 Gflops/s) - 184 (202310 Gflops/s) - 184 (202310 Gflops/s) - 186 (204509 Gflops/s) | Temperatures: 73°C - 71°C - 72°C - 75°C - 73°C - 72°C - 71°C - 72°C | Throttling: None - None - None - None - None - None - None - None
188 (206708 Gflops/s) - 186 (204509 Gflops/s) - 185 (203409 Gflops/s) - 186 (204509 Gflops/s) - 188 (206708 Gflops/s) - 184 (202310 Gflops/s) - 184 (202310 Gflops/s) - 185 (203409 Gflops/s) | Temperatures: 73°C - 71°C - 72°C - 75°C - 72°C - 72°C - 71°C - 72°C | Throttling: None - None - None - None - None - None - None - None
188 (206708 Gflops/s) - 185 (203409 Gflops/s) - 185 (203409 Gflops/s) - 186 (204509 Gflops/s) - 188 (206708 Gflops/s) - 185 (203409 Gflops/s) - 185 (203409 Gflops/s) - 186 (204509 Gflops/s) | Temperatures: 73°C - 71°C - 72°C - 75°C - 72°C - 72°C - 71°C - 72°C | Throttling: None - None - None - None - None - None - None - None
188 (206708 Gflops/s) - 186 (204509 Gflops/s) - 185 (203409 Gflops/s) - 186 (204509 Gflops/s) - 187 (205608 Gflops/s) - 184 (202310 Gflops/s) - 184 (202310 Gflops/s) - 185 (203409 Gflops/s) | Temperatures: 73°C - 71°C - 72°C - 75°C - 72°C - 72°C - 71°C - 72°C | Throttling: None - None - None - None - None - None - None - None
188 (206708 Gflops/s) - 185 (203409 Gflops/s) - 185 (203409 Gflops/s) - 186 (204509 Gflops/s) - 188 (206708 Gflops/s) - 185 (203409 Gflops/s) - 184 (202310 Gflops/s) - 186 (204509 Gflops/s) | Temperatures: 73°C - 71°C - 72°C - 75°C - 72°C - 72°C - 71°C - 71°C | Throttling: None - None - None - None - None - None - None - None
188 (206708 Gflops/s) - 185 (203409 Gflops/s) - 185 (203409 Gflops/s) - 186 (204509 Gflops/s) - 187 (205608 Gflops/s) - 184 (202310 Gflops/s) - 184 (202310 Gflops/s) - 185 (203409 Gflops/s) | Temperatures: 73°C - 71°C - 72°C - 75°C - 72°C - 72°C - 71°C - 71°C | Throttling: None - None - None - None - None - None - None - None
188 (206708 Gflops/s) - 186 (204509 Gflops/s) - 186 (204509 Gflops/s) - 186 (204509 Gflops/s) - 188 (206708 Gflops/s) - 185 (203409 Gflops/s) - 184 (202310 Gflops/s) - 186 (204509 Gflops/s) | Temperatures: 73°C - 71°C - 71°C - 75°C - 72°C - 72°C - 70°C - 71°C | Throttling: None - None - None - None - None - None - None - None
188 (206708 Gflops/s) - 185 (203409 Gflops/s) - 185 (203409 Gflops/s) - 186 (204509 Gflops/s) - 188 (206708 Gflops/s) - 184 (202310 Gflops/s) - 185 (203409 Gflops/s) - 185 (203409 Gflops/s) | Temperatures: 73°C - 71°C - 72°C - 75°C - 72°C - 72°C - 70°C - 71°C | Throttling: None - None - None - None - None - None - None - None
188 (206708 Gflops/s) - 186 (204509 Gflops/s) - 185 (203409 Gflops/s) - 186 (204509 Gflops/s) - 187 (205608 Gflops/s) - 185 (203409 Gflops/s) - 184 (202310 Gflops/s) - 186 (204509 Gflops/s) | Temperatures: 73°C - 71°C - 71°C - 75°C - 72°C - 72°C - 70°C - 71°C | Throttling: None - None - None - None - None - None - None - None
188 (206708 Gflops/s) - 185 (203409 Gflops/s) - 185 (203409 Gflops/s) - 186 (204509 Gflops/s) - 188 (206708 Gflops/s) - 184 (202310 Gflops/s) - 184 (202310 Gflops/s) - 186 (204509 Gflops/s) | Temperatures: 73°C - 71°C - 71°C - 75°C - 72°C - 72°C - 70°C - 71°C | Throttling: None - None - None - None - None - None - None - None
188 (206708 Gflops/s) - 186 (204509 Gflops/s) - 186 (204509 Gflops/s) - 186 (204509 Gflops/s) - 188 (206708 Gflops/s) - 185 (203409 Gflops/s) - 184 (202310 Gflops/s) - 185 (203409 Gflops/s) | Temperatures: 73°C - 71°C - 71°C - 75°C - 72°C - 72°C - 70°C - 71°C | Throttling: None - None - None - None - None - None - None - None
188 (206708 Gflops/s) - 185 (203409 Gflops/s) - 185 (203409 Gflops/s) - 186 (204509 Gflops/s) - 187 (205608 Gflops/s) - 184 (202310 Gflops/s) - 184 (202310 Gflops/s) - 186 (204509 Gflops/s) | Temperatures: 73°C - 70°C - 71°C - 75°C - 72°C - 72°C - 70°C - 71°C | Throttling: None - None - None - None - None - None - None - None
188 (206708 Gflops/s) - 186 (204509 Gflops/s) - 185 (203409 Gflops/s) - 186 (204509 Gflops/s) - 188 (206708 Gflops/s) - 184 (202310 Gflops/s) - 185 (203409 Gflops/s) - 185 (203409 Gflops/s) | Temperatures: 73°C - 70°C - 71°C - 75°C - 72°C - 72°C - 70°C - 71°C | Throttling: None - None - None - None - None - None - None - None
188 (206708 Gflops/s) - 185 (203409 Gflops/s) - 185 (203409 Gflops/s) - 186 (204509 Gflops/s) - 188 (206708 Gflops/s) - 185 (203409 Gflops/s) - 184 (202310 Gflops/s) - 186 (204509 Gflops/s) | Temperatures: 73°C - 70°C - 71°C - 75°C - 72°C - 72°C - 70°C - 71°C | Throttling: None - None - None - None - None - None - None - None
188 (206708 Gflops/s) - 186 (204509 Gflops/s) - 185 (203409 Gflops/s) - 186 (204509 Gflops/s) - 187 (205608 Gflops/s) - 185 (203409 Gflops/s) - 184 (202310 Gflops/s) - 185 (203409 Gflops/s) | Temperatures: 73°C - 70°C - 71°C - 75°C - 72°C - 72°C - 70°C - 71°C | Throttling: None - None - None - None - None - None - None - None
188 (206708 Gflops/s) - 185 (203409 Gflops/s) - 186 (204509 Gflops/s) - 186 (204509 Gflops/s) - 188 (206708 Gflops/s) - 184 (202310 Gflops/s) - 184 (202310 Gflops/s) - 186 (204509 Gflops/s) | Temperatures: 73°C - 70°C - 71°C - 75°C - 72°C - 72°C - 70°C - 71°C | Throttling: None - None - None - None - None - None - None - None
188 (206708 Gflops/s) - 186 (204509 Gflops/s) - 185 (203409 Gflops/s) - 186 (204509 Gflops/s) - 188 (206708 Gflops/s) - 185 (203409 Gflops/s) - 185 (203409 Gflops/s) - 186 (204509 Gflops/s) | Temperatures: 73°C - 70°C - 71°C - 75°C - 72°C - 72°C - 70°C - 71°C | Throttling: None - None - None - None - None - None - None - None
188 (206708 Gflops/s) - 185 (203409 Gflops/s) - 185 (203409 Gflops/s) - 186 (204509 Gflops/s) - 188 (206708 Gflops/s) - 184 (202310 Gflops/s) - 184 (202310 Gflops/s) - 185 (203409 Gflops/s) | Temperatures: 73°C - 70°C - 71°C - 74°C - 72°C - 72°C - 70°C - 71°C | Throttling: None - None - None - None - None - None - None - None
188 (206708 Gflops/s) - 186 (204509 Gflops/s) - 186 (204509 Gflops/s) - 187 (205608 Gflops/s) - 187 (205608 Gflops/s) - 185 (203409 Gflops/s) - 184 (202310 Gflops/s) - 186 (204509 Gflops/s) | Temperatures: 73°C - 70°C - 71°C - 74°C - 72°C - 72°C - 70°C - 71°C | Throttling: None - None - None - None - None - None - None - None
188 (206708 Gflops/s) - 185 (203409 Gflops/s) - 185 (203409 Gflops/s) - 186 (204509 Gflops/s) - 188 (206708 Gflops/s) - 184 (202310 Gflops/s) - 185 (203409 Gflops/s) - 186 (204509 Gflops/s) | Temperatures: 73°C - 70°C - 71°C - 74°C - 72°C - 72°C - 70°C - 71°C | Throttling: None - None - None - None - None - None - None - None
188 (206708 Gflops/s) - 186 (204509 Gflops/s) - 185 (203409 Gflops/s) - 186 (204509 Gflops/s) - 188 (206708 Gflops/s) - 185 (203409 Gflops/s) - 184 (202310 Gflops/s) - 185 (203409 Gflops/s) | Temperatures: 73°C - 70°C - 71°C - 74°C - 72°C - 71°C - 70°C - 71°C | Throttling: None - None - None - None - None - None - None - None
189 (207807 Gflops/s) - 186 (204509 Gflops/s) - 185 (203409 Gflops/s) - 186 (204509 Gflops/s) - 188 (206708 Gflops/s) - 184 (202310 Gflops/s) - 184 (202310 Gflops/s) - 186 (204509 Gflops/s) | Temperatures: 73°C - 70°C - 71°C - 74°C - 72°C - 72°C - 70°C - 71°C | Throttling: None - None - None - None - None - None - None - None
188 (206708 Gflops/s) - 185 (203409 Gflops/s) - 186 (204509 Gflops/s) - 186 (204509 Gflops/s) - 188 (206708 Gflops/s) - 185 (203409 Gflops/s) - 185 (203409 Gflops/s) - 186 (204509 Gflops/s) | Temperatures: 73°C - 70°C - 71°C - 74°C - 72°C - 71°C - 70°C - 71°C | Throttling: None - None - None - None - None - None - None - None
188 (206708 Gflops/s) - 186 (204509 Gflops/s) - 185 (203409 Gflops/s) - 186 (204509 Gflops/s) - 188 (206708 Gflops/s) - 185 (203409 Gflops/s) - 184 (202310 Gflops/s) - 185 (203409 Gflops/s) | Temperatures: 73°C - 70°C - 71°C - 74°C - 72°C - 71°C - 70°C - 71°C | Throttling: None - None - None - None - None - None - None - None
188 (206708 Gflops/s) - 185 (203409 Gflops/s) - 185 (203409 Gflops/s) - 186 (204509 Gflops/s) - 187 (205608 Gflops/s) - 184 (202310 Gflops/s) - 184 (202310 Gflops/s) - 186 (204509 Gflops/s) | Temperatures: 73°C - 70°C - 71°C - 74°C - 72°C - 71°C - 70°C - 71°C | Throttling: None - None - None - None - None - None - None - None
188 (206708 Gflops/s) - 186 (204509 Gflops/s) - 186 (204509 Gflops/s) - 187 (205608 Gflops/s) - 188 (206708 Gflops/s) - 185 (203409 Gflops/s) - 185 (203409 Gflops/s) - 186 (204509 Gflops/s) | Temperatures: 73°C - 70°C - 71°C - 74°C - 72°C - 71°C - 70°C - 71°C | Throttling: None - None - None - None - None - None - None - None
188 (206708 Gflops/s) - 186 (204509 Gflops/s) - 185 (203409 Gflops/s) - 186 (204509 Gflops/s) - 188 (206708 Gflops/s) - 184 (202310 Gflops/s) - 184 (202310 Gflops/s) - 186 (204509 Gflops/s) | Temperatures: 73°C - 70°C - 71°C - 74°C - 72°C - 71°C - 70°C - 71°C | Throttling: None - None - None - None - None - None - None - None
188 (206708 Gflops/s) - 185 (203409 Gflops/s) - 185 (203409 Gflops/s) - 186 (204509 Gflops/s) - 188 (206708 Gflops/s) - 185 (203409 Gflops/s) - 184 (202310 Gflops/s) - 185 (203409 Gflops/s) | Temperatures: 73°C - 70°C - 71°C - 74°C - 72°C - 71°C - 70°C - 71°C | Throttling: None - None - None - None - None - None - None - None
188 (206708 Gflops/s) - 186 (204509 Gflops/s) - 186 (204509 Gflops/s) - 186 (204509 Gflops/s) - 188 (206708 Gflops/s) - 184 (202310 Gflops/s) - 185 (203409 Gflops/s) - 186 (204509 Gflops/s) | Temperatures: 73°C - 70°C - 71°C - 74°C - 72°C - 71°C - 70°C - 71°C | Throttling: None - None - None - None - None - None - None - None
189 (207807 Gflops/s) - 185 (203409 Gflops/s) - 185 (203409 Gflops/s) - 186 (204509 Gflops/s) - 188 (206708 Gflops/s) - 185 (203409 Gflops/s) - 184 (202310 Gflops/s) - 186 (204509 Gflops/s) | Temperatures: 72°C - 70°C - 71°C - 74°C - 71°C - 71°C - 70°C - 71°C | Throttling: None - None - None - None - None - None - None - None
188 (206708 Gflops/s) - 186 (204509 Gflops/s) - 186 (204509 Gflops/s) - 187 (205608 Gflops/s) - 187 (205608 Gflops/s) - 185 (203409 Gflops/s) - 184 (202310 Gflops/s) - 185 (203409 Gflops/s) | Temperatures: 73°C - 70°C - 71°C - 74°C - 71°C - 71°C - 70°C - 70°C | Throttling: None - None - None - None - None - None - None - None
188 (206708 Gflops/s) - 186 (204509 Gflops/s) - 185 (203409 Gflops/s) - 186 (204509 Gflops/s) - 188 (206708 Gflops/s) - 184 (202310 Gflops/s) - 185 (203409 Gflops/s) - 186 (204509 Gflops/s) | Temperatures: 72°C - 70°C - 71°C - 74°C - 71°C - 71°C - 70°C - 70°C | Throttling: None - None - None - None - None - None - None - None
188 (206708 Gflops/s) - 185 (203409 Gflops/s) - 186 (204509 Gflops/s) - 186 (204509 Gflops/s) - 188 (206708 Gflops/s) - 185 (203409 Gflops/s) - 184 (202310 Gflops/s) - 186 (204509 Gflops/s) | Temperatures: 72°C - 70°C - 70°C - 74°C - 71°C - 71°C - 70°C - 70°C | Throttling: None - None - None - None - None - None - None - None
188 (206708 Gflops/s) - 186 (204509 Gflops/s) - 185 (203409 Gflops/s) - 186 (204509 Gflops/s) - 188 (206708 Gflops/s) - 185 (203409 Gflops/s) - 185 (203409 Gflops/s) - 186 (204509 Gflops/s) | Temperatures: 72°C - 70°C - 70°C - 74°C - 71°C - 71°C - 69°C - 70°C | Throttling: None - None - None - None - None - None - None - None
188 (206708 Gflops/s) - 186 (204509 Gflops/s) - 185 (203409 Gflops/s) - 187 (205608 Gflops/s) - 188 (206708 Gflops/s) - 184 (202310 Gflops/s) - 184 (202310 Gflops/s) - 185 (203409 Gflops/s) | Temperatures: 72°C - 70°C - 70°C - 74°C - 71°C - 71°C - 69°C - 70°C | Throttling: None - None - None - None - None - None - None - None
188 (206708 Gflops/s) - 185 (203409 Gflops/s) - 186 (204509 Gflops/s) - 186 (204509 Gflops/s) - 188 (206708 Gflops/s) - 185 (203409 Gflops/s) - 185 (203409 Gflops/s) - 186 (204509 Gflops/s) | Temperatures: 72°C - 70°C - 70°C - 74°C - 71°C - 71°C - 69°C - 70°C | Throttling: None - None - None - None - None - None - None - None
188 (206708 Gflops/s) - 186 (204509 Gflops/s) - 185 (203409 Gflops/s) - 186 (204509 Gflops/s) - 188 (206708 Gflops/s) - 185 (203409 Gflops/s) - 184 (202310 Gflops/s) - 186 (204509 Gflops/s) | Temperatures: 72°C - 70°C - 70°C - 74°C - 71°C - 71°C - 69°C - 70°C | Throttling: None - None - None - None - None - None - None - None
189 (207807 Gflops/s) - 186 (204509 Gflops/s) - 186 (204509 Gflops/s) - 187 (205608 Gflops/s) - 188 (206708 Gflops/s) - 184 (202310 Gflops/s) - 185 (203409 Gflops/s) - 186 (204509 Gflops/s) | Temperatures: 72°C - 70°C - 70°C - 74°C - 71°C - 71°C - 69°C - 70°C | Throttling: None - None - None - None - None - None - None - None
188 (206708 Gflops/s) - 186 (204509 Gflops/s) - 185 (203409 Gflops/s) - 186 (204509 Gflops/s) - 188 (206708 Gflops/s) - 185 (203409 Gflops/s) - 184 (202310 Gflops/s) - 186 (204509 Gflops/s) | Temperatures: 72°C - 69°C - 70°C - 74°C - 71°C - 71°C - 69°C - 70°C | Throttling: None - None - None - None - None - None - None - None
188 (206708 Gflops/s) - 185 (203409 Gflops/s) - 186 (204509 Gflops/s) - 186 (204509 Gflops/s) - 188 (206708 Gflops/s) - 185 (203409 Gflops/s) - 184 (202310 Gflops/s) - 185 (203409 Gflops/s) | Temperatures: 72°C - 69°C - 70°C - 74°C - 71°C - 71°C - 69°C - 70°C | Throttling: None - None - None - None - None - None - None - None
188 (206708 Gflops/s) - 186 (204509 Gflops/s) - 185 (203409 Gflops/s) - 187 (205608 Gflops/s) - 188 (206708 Gflops/s) - 184 (202310 Gflops/s) - 185 (203409 Gflops/s) - 186 (204509 Gflops/s) | Temperatures: 72°C - 69°C - 70°C - 74°C - 71°C - 71°C - 69°C - 70°C | Throttling: None - None - None - None - None - None - None - None
188 (206708 Gflops/s) - 186 (204509 Gflops/s) - 186 (204509 Gflops/s) - 186 (204509 Gflops/s) - 188 (206708 Gflops/s) - 185 (203409 Gflops/s) - 184 (202310 Gflops/s) - 186 (204509 Gflops/s) | Temperatures: 72°C - 69°C - 70°C - 74°C - 71°C - 71°C - 69°C - 70°C | Throttling: None - None - None - None - None - None - None - None
188 (206708 Gflops/s) - 186 (204509 Gflops/s) - 185 (203409 Gflops/s) - 186 (204509 Gflops/s) - 188 (206708 Gflops/s) - 185 (203409 Gflops/s) - 185 (203409 Gflops/s) - 186 (204509 Gflops/s) | Temperatures: 72°C - 69°C - 70°C - 74°C - 71°C - 71°C - 69°C - 70°C | Throttling: None - None - None - None - None - None - None - None
188 (206708 Gflops/s) - 185 (203409 Gflops/s) - 186 (204509 Gflops/s) - 186 (204509 Gflops/s) - 188 (206708 Gflops/s) - 184 (202310 Gflops/s) - 184 (202310 Gflops/s) - 186 (204509 Gflops/s) | Temperatures: 72°C - 69°C - 70°C - 74°C - 71°C - 71°C - 69°C - 70°C | Throttling: None - None - None - None - None - None - None - None
188 (206708 Gflops/s) - 186 (204509 Gflops/s) - 185 (203409 Gflops/s) - 187 (205608 Gflops/s) - 188 (206708 Gflops/s) - 185 (203409 Gflops/s) - 185 (203409 Gflops/s) - 185 (203409 Gflops/s) | Temperatures: 72°C - 69°C - 70°C - 74°C - 71°C - 71°C - 69°C - 70°C | Throttling: None - None - None - None - None - None - None - None
188 (206708 Gflops/s) - 186 (204509 Gflops/s) - 186 (204509 Gflops/s) - 186 (204509 Gflops/s) - 188 (206708 Gflops/s) - 185 (203409 Gflops/s) - 184 (202310 Gflops/s) - 186 (204509 Gflops/s) | Temperatures: 72°C - 69°C - 70°C - 74°C - 71°C - 71°C - 69°C - 70°C | Throttling: None - None - None - None - None - None - None - None
188 (206708 Gflops/s) - 185 (203409 Gflops/s) - 185 (203409 Gflops/s) - 187 (205608 Gflops/s) - 188 (206708 Gflops/s) - 185 (203409 Gflops/s) - 185 (203409 Gflops/s) - 186 (204509 Gflops/s) | Temperatures: 72°C - 69°C - 70°C - 74°C - 71°C - 71°C - 69°C - 70°C | Throttling: None - None - None - None - None - None - None - None
189 (207807 Gflops/s) - 186 (204509 Gflops/s) - 186 (204509 Gflops/s) - 186 (204509 Gflops/s) - 188 (206708 Gflops/s) - 184 (202310 Gflops/s) - 184 (202310 Gflops/s) - 186 (204509 Gflops/s) | Temperatures: 72°C - 69°C - 70°C - 73°C - 71°C - 71°C - 69°C - 70°C | Throttling: None - None - None - None - None - None - None - None
188 (206708 Gflops/s) - 186 (204509 Gflops/s) - 186 (204509 Gflops/s) - 187 (205608 Gflops/s) - 188 (206708 Gflops/s) - 185 (203409 Gflops/s) - 185 (203409 Gflops/s) - 186 (204509 Gflops/s) | Temperatures: 72°C - 69°C - 70°C - 74°C - 71°C - 71°C - 69°C - 70°C | Throttling: None - None - None - None - None - None - None - None
188 (206708 Gflops/s) - 186 (204509 Gflops/s) - 185 (203409 Gflops/s) - 186 (204509 Gflops/s) - 188 (206708 Gflops/s) - 185 (203409 Gflops/s) - 184 (202310 Gflops/s) - 186 (204509 Gflops/s) | Temperatures: 72°C - 69°C - 70°C - 73°C - 71°C - 71°C - 69°C - 70°C | Throttling: None - None - None - None - None - None - None - None
188 (206708 Gflops/s) - 185 (203409 Gflops/s) - 186 (204509 Gflops/s) - 186 (204509 Gflops/s) - 188 (206708 Gflops/s) - 185 (203409 Gflops/s) - 185 (203409 Gflops/s) - 186 (204509 Gflops/s) | Temperatures: 72°C - 69°C - 70°C - 73°C - 71°C - 71°C - 69°C - 70°C | Throttling: None - None - None - None - None - None - None - None
188 (206708 Gflops/s) - 186 (204509 Gflops/s) - 185 (203409 Gflops/s) - 187 (205608 Gflops/s) - 188 (206708 Gflops/s) - 184 (202310 Gflops/s) - 184 (202310 Gflops/s) - 186 (204509 Gflops/s) | Temperatures: 72°C - 69°C - 70°C - 73°C - 71°C - 71°C - 69°C - 70°C | Throttling: None - None - None - None - None - None - None - None
188 (206708 Gflops/s) - 186 (204509 Gflops/s) - 186 (204509 Gflops/s) - 186 (204509 Gflops/s) - 188 (206708 Gflops/s) - 185 (203409 Gflops/s) - 185 (203409 Gflops/s) - 185 (203409 Gflops/s) | Temperatures: 72°C - 69°C - 70°C - 73°C - 71°C - 70°C - 69°C - 70°C | Throttling: None - None - None - None - None - None - None - None
188 (206708 Gflops/s) - 186 (204509 Gflops/s) - 186 (204509 Gflops/s) - 187 (205608 Gflops/s) - 188 (206708 Gflops/s) - 185 (203409 Gflops/s) - 185 (203409 Gflops/s) - 186 (204509 Gflops/s) | Temperatures: 72°C - 69°C - 70°C - 73°C - 71°C - 71°C - 69°C - 70°C | Throttling: None - None - None - None - None - None - None - None
189 (207807 Gflops/s) - 186 (204509 Gflops/s) - 185 (203409 Gflops/s) - 186 (204509 Gflops/s) - 188 (206708 Gflops/s) - 185 (203409 Gflops/s) - 184 (202310 Gflops/s) - 186 (204509 Gflops/s) | Temperatures: 72°C - 69°C - 70°C - 73°C - 71°C - 70°C - 69°C - 70°C | Throttling: None - None - None - None - None - None - None - None
188 (206708 Gflops/s) - 186 (204509 Gflops/s) - 186 (204509 Gflops/s) - 187 (205608 Gflops/s) - 188 (206708 Gflops/s) - 184 (202310 Gflops/s) - 185 (203409 Gflops/s) - 186 (204509 Gflops/s) | Temperatures: 72°C - 69°C - 70°C - 73°C - 71°C - 70°C - 69°C - 70°C | Throttling: None - None - None - None - None - None - None - None
188 (206708 Gflops/s) - 185 (203409 Gflops/s) - 185 (203409 Gflops/s) - 186 (204509 Gflops/s) - 188 (206708 Gflops/s) - 185 (203409 Gflops/s) - 184 (202310 Gflops/s) - 186 (204509 Gflops/s) | Temperatures: 72°C - 69°C - 70°C - 73°C - 71°C - 70°C - 69°C - 70°C | Throttling: None - None - None - None - None - None - None - None
188 (206708 Gflops/s) - 186 (204509 Gflops/s) - 186 (204509 Gflops/s) - 187 (205608 Gflops/s) - 188 (206708 Gflops/s) - 185 (203409 Gflops/s) - 185 (203409 Gflops/s) - 186 (204509 Gflops/s) | Temperatures: 72°C - 69°C - 70°C - 73°C - 71°C - 70°C - 69°C - 70°C | Throttling: None - None - None - None - None - None - None - None
188 (206708 Gflops/s) - 186 (204509 Gflops/s) - 186 (204509 Gflops/s) - 186 (204509 Gflops/s) - 188 (206708 Gflops/s) - 185 (203409 Gflops/s) - 185 (203409 Gflops/s) - 186 (204509 Gflops/s) | Temperatures: 72°C - 69°C - 70°C - 73°C - 71°C - 70°C - 69°C - 70°C | Throttling: None - None - None - None - None - None - None - None
188 (206708 Gflops/s) - 186 (204509 Gflops/s) - 185 (203409 Gflops/s) - 187 (205608 Gflops/s) - 189 (207807 Gflops/s) - 185 (203409 Gflops/s) - 184 (202310 Gflops/s) - 186 (204509 Gflops/s) | Temperatures: 72°C - 69°C - 70°C - 73°C - 71°C - 70°C - 69°C - 70°C | Throttling: None - None - None - None - None - None - None - None
188 (206708 Gflops/s) - 186 (204509 Gflops/s) - 186 (204509 Gflops/s) - 186 (204509 Gflops/s) - 187 (205608 Gflops/s) - 184 (202310 Gflops/s) - 185 (203409 Gflops/s) - 186 (204509 Gflops/s) | Temperatures: 72°C - 69°C - 70°C - 73°C - 70°C - 70°C - 69°C - 70°C | Throttling: None - None - None - None - None - None - None - None
188 (206708 Gflops/s) - 185 (203409 Gflops/s) - 185 (203409 Gflops/s) - 186 (204509 Gflops/s) - 189 (207807 Gflops/s) - 185 (203409 Gflops/s) - 184 (202310 Gflops/s) - 186 (204509 Gflops/s) | Temperatures: 72°C - 69°C - 70°C - 73°C - 70°C - 70°C - 69°C - 70°C | Throttling: None - None - None - None - None - None - None - None
189 (207807 Gflops/s) - 186 (204509 Gflops/s) - 186 (204509 Gflops/s) - 187 (205608 Gflops/s) - 188 (206708 Gflops/s) - 185 (203409 Gflops/s) - 185 (203409 Gflops/s) - 186 (204509 Gflops/s) | Temperatures: 72°C - 69°C - 70°C - 73°C - 70°C - 70°C - 69°C - 70°C | Throttling: None - None - None - None - None - None - None - None
188 (206708 Gflops/s) - 186 (204509 Gflops/s) - 186 (204509 Gflops/s) - 186 (204509 Gflops/s) - 188 (206708 Gflops/s) - 185 (203409 Gflops/s) - 185 (203409 Gflops/s) - 186 (204509 Gflops/s) | Temperatures: 72°C - 69°C - 70°C - 73°C - 70°C - 70°C - 69°C - 70°C | Throttling: None - None - None - None - None - None - None - None
188 (206708 Gflops/s) - 186 (204509 Gflops/s) - 185 (203409 Gflops/s) - 187 (205608 Gflops/s) - 188 (206708 Gflops/s) - 184 (202310 Gflops/s) - 184 (202310 Gflops/s) - 186 (204509 Gflops/s) | Temperatures: 72°C - 69°C - 70°C - 73°C - 70°C - 70°C - 69°C - 70°C | Throttling: None - None - None - None - None - None - None - None
188 (206708 Gflops/s) - 186 (204509 Gflops/s) - 186 (204509 Gflops/s) - 187 (205608 Gflops/s) - 188 (206708 Gflops/s) - 185 (203409 Gflops/s) - 185 (203409 Gflops/s) - 186 (204509 Gflops/s) | Temperatures: 72°C - 69°C - 70°C - 73°C - 70°C - 70°C - 69°C - 70°C | Throttling: None - None - None - None - None - None - None - None
188 (206708 Gflops/s) - 186 (204509 Gflops/s) - 186 (204509 Gflops/s) - 186 (204509 Gflops/s) - 188 (206708 Gflops/s) - 185 (203409 Gflops/s) - 184 (202310 Gflops/s) - 185 (203409 Gflops/s) | Temperatures: 72°C - 69°C - 70°C - 73°C - 70°C - 70°C - 69°C - 69°C | Throttling: None - None - None - None - None - None - None - None
188 (206708 Gflops/s) - 186 (204509 Gflops/s) - 185 (203409 Gflops/s) - 187 (205608 Gflops/s) - 188 (206708 Gflops/s) - 185 (203409 Gflops/s) - 185 (203409 Gflops/s) - 186 (204509 Gflops/s) | Temperatures: 72°C - 69°C - 70°C - 73°C - 70°C - 70°C - 69°C - 70°C | Throttling: None - None - None - None - None - None - None - None
189 (207807 Gflops/s) - 185 (203409 Gflops/s) - 186 (204509 Gflops/s) - 186 (204509 Gflops/s) - 189 (207807 Gflops/s) - 185 (203409 Gflops/s) - 185 (203409 Gflops/s) - 186 (204509 Gflops/s) | Temperatures: 72°C - 69°C - 70°C - 73°C - 70°C - 70°C - 69°C - 69°C | Throttling: None - None - None - None - None - None - None - None
188 (206708 Gflops/s) - 186 (204509 Gflops/s) - 186 (204509 Gflops/s) - 187 (205608 Gflops/s) - 188 (206708 Gflops/s) - 185 (203409 Gflops/s) - 184 (202310 Gflops/s) - 186 (204509 Gflops/s) | Temperatures: 72°C - 69°C - 70°C - 73°C - 70°C - 70°C - 69°C - 69°C | Throttling: None - None - None - None - None - None - None - None
188 (206708 Gflops/s) - 186 (204509 Gflops/s) - 185 (203409 Gflops/s) - 186 (204509 Gflops/s) - 188 (206708 Gflops/s) - 184 (202310 Gflops/s) - 185 (203409 Gflops/s) - 186 (204509 Gflops/s) | Temperatures: 72°C - 69°C - 70°C - 73°C - 70°C - 70°C - 69°C - 69°C | Throttling: None - None - None - None - None - None - None - None
188 (206708 Gflops/s) - 186 (204509 Gflops/s) - 186 (204509 Gflops/s) - 187 (205608 Gflops/s) - 188 (206708 Gflops/s) - 185 (203409 Gflops/s) - 185 (203409 Gflops/s) - 186 (204509 Gflops/s) | Temperatures: 72°C - 69°C - 70°C - 73°C - 70°C - 70°C - 69°C - 69°C | Throttling: None - None - None - None - None - None - None - None
188 (206708 Gflops/s) - 186 (204509 Gflops/s) - 186 (204509 Gflops/s) - 186 (204509 Gflops/s) - 188 (206708 Gflops/s) - 185 (203409 Gflops/s) - 184 (202310 Gflops/s) - 186 (204509 Gflops/s) | Temperatures: 72°C - 69°C - 70°C - 73°C - 70°C - 70°C - 69°C - 69°C | Throttling: None - None - None - None - None - None - None - None
188 (206708 Gflops/s) - 186 (204509 Gflops/s) - 185 (203409 Gflops/s) - 187 (205608 Gflops/s) - 189 (207807 Gflops/s) - 185 (203409 Gflops/s) - 185 (203409 Gflops/s) - 186 (204509 Gflops/s) | Temperatures: 72°C - 69°C - 70°C - 73°C - 70°C - 70°C - 69°C - 69°C | Throttling: None - None - None - None - None - None - None - None
189 (207807 Gflops/s) - 186 (204509 Gflops/s) - 186 (204509 Gflops/s) - 186 (204509 Gflops/s) - 188 (206708 Gflops/s) - 185 (203409 Gflops/s) - 185 (203409 Gflops/s) - 186 (204509 Gflops/s) | Temperatures: 72°C - 69°C - 70°C - 73°C - 70°C - 70°C - 69°C - 69°C | Throttling: None - None - None - None - None - None - None - None
188 (206708 Gflops/s) - 186 (204509 Gflops/s) - 186 (204509 Gflops/s) - 187 (205608 Gflops/s) - 188 (206708 Gflops/s) - 184 (202310 Gflops/s) - 184 (202310 Gflops/s) - 187 (205608 Gflops/s) | Temperatures: 72°C - 69°C - 70°C - 73°C - 70°C - 70°C - 69°C - 69°C | Throttling: None - None - None - None - None - None - None - None
188 (206708 Gflops/s) - 186 (204509 Gflops/s) - 185 (203409 Gflops/s) - 187 (205608 Gflops/s) - 188 (206708 Gflops/s) - 185 (203409 Gflops/s) - 185 (203409 Gflops/s) - 186 (204509 Gflops/s) | Temperatures: 72°C - 69°C - 70°C - 73°C - 70°C - 70°C - 69°C - 69°C | Throttling: None - None - None - None - None - None - None - None
188 (206708 Gflops/s) - 185 (203409 Gflops/s) - 186 (204509 Gflops/s) - 186 (204509 Gflops/s) - 188 (206708 Gflops/s) - 185 (203409 Gflops/s) - 185 (203409 Gflops/s) - 186 (204509 Gflops/s) | Temperatures: 72°C - 69°C - 70°C - 73°C - 70°C - 70°C - 69°C - 69°C | Throttling: None - None - None - None - None - None - None - None
188 (206708 Gflops/s) - 186 (204509 Gflops/s) - 185 (203409 Gflops/s) - 187 (205608 Gflops/s) - 188 (206708 Gflops/s) - 185 (203409 Gflops/s) - 184 (202310 Gflops/s) - 185 (203409 Gflops/s) | Temperatures: 72°C - 69°C - 70°C - 73°C - 70°C - 70°C - 69°C - 69°C | Throttling: None - None - None - None - None - None - None - None
188 (206708 Gflops/s) - 186 (204509 Gflops/s) - 186 (204509 Gflops/s) - 186 (204509 Gflops/s) - 189 (207807 Gflops/s) - 185 (203409 Gflops/s) - 185 (203409 Gflops/s) - 186 (204509 Gflops/s) | Temperatures: 72°C - 69°C - 70°C - 73°C - 70°C - 70°C - 69°C - 69°C | Throttling: None - None - None - None - None - None - None - None
188 (206708 Gflops/s) - 186 (204509 Gflops/s) - 186 (204509 Gflops/s) - 187 (205608 Gflops/s) - 188 (206708 Gflops/s) - 184 (202310 Gflops/s) - 184 (202310 Gflops/s) - 186 (204509 Gflops/s) | Temperatures: 72°C - 69°C - 70°C - 73°C - 70°C - 70°C - 69°C - 69°C | Throttling: None - None - None - None - None - None - None - None
189 (207807 Gflops/s) - 186 (204509 Gflops/s) - 186 (204509 Gflops/s) - 186 (204509 Gflops/s) - 188 (206708 Gflops/s) - 185 (203409 Gflops/s) - 185 (203409 Gflops/s) - 186 (204509 Gflops/s) | Temperatures: 72°C - 69°C - 70°C - 73°C - 70°C - 70°C - 69°C - 69°C | Throttling: None - None - None - None - None - None - None - None
188 (206708 Gflops/s) - 186 (204509 Gflops/s) - 185 (203409 Gflops/s) - 187 (205608 Gflops/s) - 188 (206708 Gflops/s) - 185 (203409 Gflops/s) - 185 (203409 Gflops/s) - 186 (204509 Gflops/s) | Temperatures: 72°C - 69°C - 70°C - 73°C - 70°C - 70°C - 69°C - 69°C | Throttling: None - None - None - None - None - None - None - None
188 (206708 Gflops/s) - 186 (204509 Gflops/s) - 186 (204509 Gflops/s) - 186 (204509 Gflops/s) - 188 (206708 Gflops/s) - 185 (203409 Gflops/s) - 184 (202310 Gflops/s) - 186 (204509 Gflops/s) | Temperatures: 72°C - 69°C - 70°C - 73°C - 70°C - 70°C - 69°C - 69°C | Throttling: None - None - None - None - None - None - None - None
188 (206708 Gflops/s) - 186 (204509 Gflops/s) - 186 (204509 Gflops/s) - 187 (205608 Gflops/s) - 188 (206708 Gflops/s) - 185 (203409 Gflops/s) - 185 (203409 Gflops/s) - 186 (204509 Gflops/s) | Temperatures: 72°C - 69°C - 70°C - 73°C - 70°C - 70°C - 69°C - 69°C | Throttling: None - None - None - None - None - None - None - None
188 (206708 Gflops/s) - 185 (203409 Gflops/s) - 185 (203409 Gflops/s) - 187 (205608 Gflops/s) - 189 (207807 Gflops/s) - 184 (202310 Gflops/s) - 185 (203409 Gflops/s) - 186 (204509 Gflops/s) | Temperatures: 72°C - 69°C - 70°C - 73°C - 70°C - 70°C - 69°C - 69°C | Throttling: None - None - None - None - None - None - None - None
188 (206708 Gflops/s) - 186 (204509 Gflops/s) - 186 (204509 Gflops/s) - 186 (204509 Gflops/s) - 188 (206708 Gflops/s) - 185 (203409 Gflops/s) - 184 (202310 Gflops/s) - 187 (205608 Gflops/s) | Temperatures: 72°C - 69°C - 70°C - 73°C - 70°C - 70°C - 69°C - 69°C | Throttling: None - None - None - None - None - None - None - None
189 (207807 Gflops/s) - 186 (204509 Gflops/s) - 186 (204509 Gflops/s) - 187 (205608 Gflops/s) - 188 (206708 Gflops/s) - 185 (203409 Gflops/s) - 185 (203409 Gflops/s) - 186 (204509 Gflops/s) | Temperatures: 72°C - 69°C - 70°C - 73°C - 70°C - 70°C - 69°C - 69°C | Throttling: None - None - None - None - None - None - None - None
188 (206708 Gflops/s) - 186 (204509 Gflops/s) - 185 (203409 Gflops/s) - 186 (204509 Gflops/s) - 188 (206708 Gflops/s) - 185 (203409 Gflops/s) - 185 (203409 Gflops/s) - 186 (204509 Gflops/s) | Temperatures: 72°C - 69°C - 70°C - 73°C - 70°C - 70°C - 69°C - 69°C | Throttling: None - None - None - None - None - None - None - None
188 (206708 Gflops/s) - 186 (204509 Gflops/s) - 186 (204509 Gflops/s) - 187 (205608 Gflops/s) - 188 (206708 Gflops/s) - 185 (203409 Gflops/s) - 184 (202310 Gflops/s) - 186 (204509 Gflops/s) | Temperatures: 72°C - 69°C - 70°C - 73°C - 70°C - 70°C - 69°C - 69°C | Throttling: None - None - None - None - None - None - None - None
188 (206708 Gflops/s) - 186 (204509 Gflops/s) - 186 (204509 Gflops/s) - 186 (204509 Gflops/s) - 189 (207807 Gflops/s) - 185 (203409 Gflops/s) - 185 (203409 Gflops/s) - 186 (204509 Gflops/s) | Temperatures: 72°C - 69°C - 70°C - 73°C - 70°C - 70°C - 69°C - 69°C | Throttling: None - None - None - None - None - None - None - None
188 (206708 Gflops/s) - 186 (204509 Gflops/s) - 186 (204509 Gflops/s) - 187 (205608 Gflops/s) - 188 (206708 Gflops/s) - 184 (202310 Gflops/s) - 185 (203409 Gflops/s) - 186 (204509 Gflops/s) | Temperatures: 72°C - 69°C - 70°C - 73°C - 70°C - 70°C - 69°C - 69°C | Throttling: None - None - None - None - None - None - None - None
188 (206708 Gflops/s) - 186 (204509 Gflops/s) - 185 (203409 Gflops/s) - 187 (205608 Gflops/s) - 188 (206708 Gflops/s) - 185 (203409 Gflops/s) - 184 (202310 Gflops/s) - 186 (204509 Gflops/s) | Temperatures: 72°C - 69°C - 70°C - 73°C - 70°C - 70°C - 69°C - 69°C | Throttling: None - None - None - None - None - None - None - None
189 (207807 Gflops/s) - 186 (204509 Gflops/s) - 186 (204509 Gflops/s) - 186 (204509 Gflops/s) - 188 (206708 Gflops/s) - 185 (203409 Gflops/s) - 185 (203409 Gflops/s) - 186 (204509 Gflops/s) | Temperatures: 72°C - 69°C - 70°C - 73°C - 70°C - 70°C - 69°C - 69°C | Throttling: None - None - None - None - None - None - None - None
188 (206708 Gflops/s) - 185 (203409 Gflops/s) - 186 (204509 Gflops/s) - 187 (205608 Gflops/s) - 188 (206708 Gflops/s) - 185 (203409 Gflops/s) - 184 (202310 Gflops/s) - 185 (203409 Gflops/s) | Temperatures: 72°C - 69°C - 70°C - 73°C - 70°C - 70°C - 69°C - 69°C | Throttling: None - None - None - None - None - None - None - None
188 (206708 Gflops/s) - 186 (204509 Gflops/s) - 185 (203409 Gflops/s) - 186 (204509 Gflops/s) - 188 (206708 Gflops/s) - 185 (203409 Gflops/s) - 185 (203409 Gflops/s) - 187 (205608 Gflops/s) | Temperatures: 72°C - 69°C - 70°C - 73°C - 70°C - 70°C - 69°C - 69°C | Throttling: None - None - None - None - None - None - None - None
188 (206708 Gflops/s) - 186 (204509 Gflops/s) - 186 (204509 Gflops/s) - 187 (205608 Gflops/s) - 189 (207807 Gflops/s) - 184 (202310 Gflops/s) - 185 (203409 Gflops/s) - 186 (204509 Gflops/s) | Temperatures: 72°C - 69°C - 70°C - 73°C - 70°C - 70°C - 69°C - 69°C | Throttling: None - None - None - None - None - None - None - None
188 (206708 Gflops/s) - 186 (204509 Gflops/s) - 186 (204509 Gflops/s) - 186 (204509 Gflops/s) - 188 (206708 Gflops/s) - 185 (203409 Gflops/s) - 184 (202310 Gflops/s) - 186 (204509 Gflops/s) | Temperatures: 72°C - 69°C - 70°C - 73°C - 70°C - 70°C - 69°C - 69°C | Throttling: None - None - None - None - None - None - None - None
188 (206708 Gflops/s) - 186 (204509 Gflops/s) - 185 (203409 Gflops/s) - 187 (205608 Gflops/s) - 188 (206708 Gflops/s) - 185 (203409 Gflops/s) - 185 (203409 Gflops/s) - 186 (204509 Gflops/s) | Temperatures: 72°C - 69°C - 70°C - 73°C - 70°C - 70°C - 69°C - 69°C | Throttling: None - None - None - None - None - None - None - None
188 (206708 Gflops/s) - 186 (204509 Gflops/s) - 186 (204509 Gflops/s) - 187 (205608 Gflops/s) - 188 (206708 Gflops/s) - 185 (203409 Gflops/s) - 185 (203409 Gflops/s) - 186 (204509 Gflops/s) | Temperatures: 72°C - 69°C - 70°C - 73°C - 70°C - 70°C - 69°C - 69°C | Throttling: None - None - None - None - None - None - None - None
189 (207807 Gflops/s) - 186 (204509 Gflops/s) - 186 (204509 Gflops/s) - 186 (204509 Gflops/s) - 188 (206708 Gflops/s) - 185 (203409 Gflops/s) - 184 (202310 Gflops/s) - 186 (204509 Gflops/s) | Temperatures: 72°C - 69°C - 70°C - 73°C - 70°C - 70°C - 69°C - 69°C | Throttling: None - None - None - None - None - None - None - None
188 (206708 Gflops/s) - 186 (204509 Gflops/s) - 186 (204509 Gflops/s) - 187 (205608 Gflops/s) - 189 (207807 Gflops/s) - 185 (203409 Gflops/s) - 185 (203409 Gflops/s) - 186 (204509 Gflops/s) | Temperatures: 72°C - 69°C - 70°C - 73°C - 70°C - 70°C - 69°C - 69°C | Throttling: None - None - None - None - None - None - None - None
188 (206708 Gflops/s) - 186 (204509 Gflops/s) - 185 (203409 Gflops/s) - 186 (204509 Gflops/s) - 188 (206708 Gflops/s) - 184 (202310 Gflops/s) - 185 (203409 Gflops/s) - 186 (204509 Gflops/s) | Temperatures: 72°C - 69°C - 69°C - 73°C - 70°C - 70°C - 69°C - 69°C | Throttling: None - None - None - None - None - None - None - None
188 (206708 Gflops/s) - 186 (204509 Gflops/s) - 186 (204509 Gflops/s) - 187 (205608 Gflops/s) - 188 (206708 Gflops/s) - 185 (203409 Gflops/s) - 184 (202310 Gflops/s) - 186 (204509 Gflops/s) | Temperatures: 72°C - 69°C - 70°C - 73°C - 70°C - 70°C - 69°C - 69°C | Throttling: None - None - None - None - None - None - None - None
188 (206708 Gflops/s) - 186 (204509 Gflops/s) - 186 (204509 Gflops/s) - 186 (204509 Gflops/s) - 188 (206708 Gflops/s) - 185 (203409 Gflops/s) - 185 (203409 Gflops/s) - 186 (204509 Gflops/s) | Temperatures: 72°C - 69°C - 70°C - 73°C - 70°C - 70°C - 69°C - 69°C | Throttling: None - None - None - None - None - None - None - None
188 (206708 Gflops/s) - 186 (204509 Gflops/s) - 185 (203409 Gflops/s) - 187 (205608 Gflops/s) - 189 (207807 Gflops/s) - 185 (203409 Gflops/s) - 185 (203409 Gflops/s) - 186 (204509 Gflops/s) | Temperatures: 72°C - 69°C - 70°C - 73°C - 70°C - 70°C - 68°C - 69°C | Throttling: None - None - None - None - None - None - None - None
188 (206708 Gflops/s) - 185 (203409 Gflops/s) - 186 (204509 Gflops/s) - 187 (205608 Gflops/s) - 188 (206708 Gflops/s) - 185 (203409 Gflops/s) - 184 (202310 Gflops/s) - 186 (204509 Gflops/s) | Temperatures: 72°C - 69°C - 70°C - 73°C - 70°C - 70°C - 69°C - 69°C | Throttling: None - None - None - None - None - None - None - None
189 (207807 Gflops/s) - 186 (204509 Gflops/s) - 186 (204509 Gflops/s) - 186 (204509 Gflops/s) - 188 (206708 Gflops/s) - 185 (203409 Gflops/s) - 185 (203409 Gflops/s) - 186 (204509 Gflops/s) | Temperatures: 72°C - 69°C - 70°C - 73°C - 70°C - 70°C - 68°C - 69°C | Throttling: None - None - None - None - None - None - None - None
188 (206708 Gflops/s) - 186 (204509 Gflops/s) - 186 (204509 Gflops/s) - 187 (205608 Gflops/s) - 188 (206708 Gflops/s) - 184 (202310 Gflops/s) - 185 (203409 Gflops/s) - 186 (204509 Gflops/s) | Temperatures: 72°C - 69°C - 70°C - 73°C - 70°C - 70°C - 68°C - 69°C | Throttling: None - None - None - None - None - None - None - None
188 (206708 Gflops/s) - 186 (204509 Gflops/s) - 185 (203409 Gflops/s) - 186 (204509 Gflops/s) - 188 (206708 Gflops/s) - 185 (203409 Gflops/s) - 184 (202310 Gflops/s) - 186 (204509 Gflops/s) | Temperatures: 72°C - 69°C - 70°C - 73°C - 70°C - 70°C - 69°C - 69°C | Throttling: None - None - None - None - None - None - None - None
188 (206708 Gflops/s) - 186 (204509 Gflops/s) - 186 (204509 Gflops/s) - 187 (205608 Gflops/s) - 189 (207807 Gflops/s) - 185 (203409 Gflops/s) - 185 (203409 Gflops/s) - 186 (204509 Gflops/s) | Temperatures: 72°C - 69°C - 69°C - 73°C - 70°C - 70°C - 69°C - 69°C | Throttling: None - None - None - None - None - None - None - None
188 (206708 Gflops/s) - 186 (204509 Gflops/s) - 185 (203409 Gflops/s) - 186 (204509 Gflops/s) - 188 (206708 Gflops/s) - 185 (203409 Gflops/s) - 184 (202310 Gflops/s) - 186 (204509 Gflops/s) | Temperatures: 72°C - 69°C - 70°C - 73°C - 70°C - 70°C - 69°C - 69°C | Throttling: None - None - None - None - None - None - None - None
188 (206708 Gflops/s) - 186 (204509 Gflops/s) - 186 (204509 Gflops/s) - 187 (205608 Gflops/s) - 188 (206708 Gflops/s) - 185 (203409 Gflops/s) - 185 (203409 Gflops/s) - 186 (204509 Gflops/s) | Temperatures: 72°C - 69°C - 70°C - 73°C - 70°C - 70°C - 69°C - 69°C | Throttling: None - None - None - None - None - None - None - None
188 (206708 Gflops/s) - 186 (204509 Gflops/s) - 186 (204509 Gflops/s) - 187 (205608 Gflops/s) - 188 (206708 Gflops/s) - 184 (202310 Gflops/s) - 185 (203409 Gflops/s) - 186 (204509 Gflops/s) | Temperatures: 72°C - 69°C - 70°C - 73°C - 70°C - 70°C - 68°C - 69°C | Throttling: None - None - None - None - None - None - None - None
188 (206708 Gflops/s) - 186 (204509 Gflops/s) - 186 (204509 Gflops/s) - 186 (204509 Gflops/s) - 188 (206708 Gflops/s) - 185 (203409 Gflops/s) - 184 (202310 Gflops/s) - 186 (204509 Gflops/s) | Temperatures: 72°C - 69°C - 70°C - 73°C - 70°C - 70°C - 68°C - 69°C | Throttling: None - None - None - None - None - None - None - None
189 (207807 Gflops/s) - 186 (204509 Gflops/s) - 185 (203409 Gflops/s) - 187 (205608 Gflops/s) - 189 (207807 Gflops/s) - 185 (203409 Gflops/s) - 185 (203409 Gflops/s) - 186 (204509 Gflops/s) | Temperatures: 72°C - 69°C - 70°C - 73°C - 70°C - 70°C - 69°C - 69°C | Throttling: None - None - None - None - None - None - None - None
188 (206708 Gflops/s) - 186 (204509 Gflops/s) - 186 (204509 Gflops/s) - 186 (204509 Gflops/s) - 188 (206708 Gflops/s) - 185 (203409 Gflops/s) - 185 (203409 Gflops/s) - 186 (204509 Gflops/s) | Temperatures: 72°C - 69°C - 69°C - 73°C - 70°C - 70°C - 68°C - 69°C | Throttling: None - None - None - None - None - None - None - None
188 (206708 Gflops/s) - 185 (203409 Gflops/s) - 186 (204509 Gflops/s) - 187 (205608 Gflops/s) - 188 (206708 Gflops/s) - 185 (203409 Gflops/s) - 184 (202310 Gflops/s) - 186 (204509 Gflops/s) | Temperatures: 72°C - 69°C - 70°C - 73°C - 70°C - 70°C - 69°C - 69°C | Throttling: None - None - None - None - None - None - None - None
188 (206708 Gflops/s) - 186 (204509 Gflops/s) - 185 (203409 Gflops/s) - 187 (205608 Gflops/s) - 188 (206708 Gflops/s) - 185 (203409 Gflops/s) - 185 (203409 Gflops/s) - 186 (204509 Gflops/s) | Temperatures: 72°C - 68°C - 70°C - 73°C - 70°C - 70°C - 68°C - 69°C | Throttling: None - None - None - None - None - None - None - None
188 (206708 Gflops/s) - 186 (204509 Gflops/s) - 186 (204509 Gflops/s) - 186 (204509 Gflops/s) - 189 (207807 Gflops/s) - 185 (203409 Gflops/s) - 185 (203409 Gflops/s) - 186 (204509 Gflops/s) | Temperatures: 72°C - 69°C - 69°C - 73°C - 70°C - 70°C - 69°C - 69°C | Throttling: None - None - None - None - None - None - None - None
188 (206708 Gflops/s) - 186 (204509 Gflops/s) - 186 (204509 Gflops/s) - 187 (205608 Gflops/s) - 188 (206708 Gflops/s) - 184 (202310 Gflops/s) - 184 (202310 Gflops/s) - 186 (204509 Gflops/s) | Temperatures: 72°C - 69°C - 70°C - 73°C - 70°C - 70°C - 69°C - 69°C | Throttling: None - None - None - None - None - None - None - None
188 (206708 Gflops/s) - 186 (204509 Gflops/s) - 186 (204509 Gflops/s) - 186 (204509 Gflops/s) - 188 (206708 Gflops/s) - 185 (203409 Gflops/s) - 185 (203409 Gflops/s) - 186 (204509 Gflops/s) | Temperatures: 72°C - 69°C - 70°C - 73°C - 70°C - 70°C - 68°C - 69°C | Throttling: None - None - None - None - None - None - None - None
188 (206708 Gflops/s) - 186 (204509 Gflops/s) - 185 (203409 Gflops/s) - 187 (205608 Gflops/s) - 188 (206708 Gflops/s) - 185 (203409 Gflops/s) - 185 (203409 Gflops/s) - 186 (204509 Gflops/s) | Temperatures: 72°C - 69°C - 70°C - 73°C - 70°C - 70°C - 69°C - 69°C | Throttling: None - None - None - None - None - None - None - None
188 (206708 Gflops/s) - 186 (204509 Gflops/s) - 186 (204509 Gflops/s) - 187 (205608 Gflops/s) - 189 (207807 Gflops/s) - 185 (203409 Gflops/s) - 184 (202310 Gflops/s) - 186 (204509 Gflops/s) | Temperatures: 72°C - 69°C - 70°C - 73°C - 70°C - 70°C - 69°C - 69°C | Throttling: None - None - None - None - None - None - None - None
189 (207807 Gflops/s) - 186 (204509 Gflops/s) - 186 (204509 Gflops/s) - 186 (204509 Gflops/s) - 188 (206708 Gflops/s) - 185 (203409 Gflops/s) - 185 (203409 Gflops/s) - 186 (204509 Gflops/s) | Temperatures: 72°C - 69°C - 70°C - 73°C - 70°C - 70°C - 68°C - 69°C | Throttling: None - None - None - None - None - None - None - None
188 (206708 Gflops/s) - 186 (204509 Gflops/s) - 185 (203409 Gflops/s) - 187 (205608 Gflops/s) - 188 (206708 Gflops/s) - 185 (203409 Gflops/s) - 185 (203409 Gflops/s) - 186 (204509 Gflops/s) | Temperatures: 72°C - 69°C - 70°C - 73°C - 70°C - 70°C - 69°C - 69°C | Throttling: None - None - None - None - None - None - None - None
188 (206708 Gflops/s) - 186 (204509 Gflops/s) - 186 (204509 Gflops/s) - 186 (204509 Gflops/s) - 188 (206708 Gflops/s) - 184 (202310 Gflops/s) - 184 (202310 Gflops/s) - 186 (204509 Gflops/s) | Temperatures: 72°C - 69°C - 70°C - 73°C - 70°C - 70°C - 68°C - 69°C | Throttling: None - None - None - None - None - None - None - None
188 (206708 Gflops/s) - 186 (204509 Gflops/s) - 186 (204509 Gflops/s) - 187 (205608 Gflops/s) - 188 (206708 Gflops/s) - 185 (203409 Gflops/s) - 185 (203409 Gflops/s) - 186 (204509 Gflops/s) | Temperatures: 72°C - 69°C - 70°C - 73°C - 70°C - 70°C - 68°C - 69°C | Throttling: None - None - None - None - None - None - None - None
188 (206708 Gflops/s) - 186 (204509 Gflops/s) - 185 (203409 Gflops/s) - 186 (204509 Gflops/s) - 189 (207807 Gflops/s) - 185 (203409 Gflops/s) - 184 (202310 Gflops/s) - 186 (204509 Gflops/s) | Temperatures: 72°C - 69°C - 70°C - 73°C - 70°C - 70°C - 69°C - 69°C | Throttling: None - None - None - None - None - None - None - None
188 (206708 Gflops/s) - 185 (203409 Gflops/s) - 186 (204509 Gflops/s) - 187 (205608 Gflops/s) - 188 (206708 Gflops/s) - 185 (203409 Gflops/s) - 185 (203409 Gflops/s) - 186 (204509 Gflops/s) | Temperatures: 72°C - 69°C - 70°C - 73°C - 70°C - 70°C - 68°C - 69°C | Throttling: None - None - None - None - None - None - None - None
188 (206708 Gflops/s) - 186 (204509 Gflops/s) - 186 (204509 Gflops/s) - 187 (205608 Gflops/s) - 188 (206708 Gflops/s) - 184 (202310 Gflops/s) - 185 (203409 Gflops/s) - 186 (204509 Gflops/s) | Temperatures: 72°C - 69°C - 70°C - 73°C - 70°C - 70°C - 68°C - 69°C | Throttling: None - None - None - None - None - None - None - None
188 (206708 Gflops/s) - 186 (204509 Gflops/s) - 185 (203409 Gflops/s) - 186 (204509 Gflops/s) - 188 (206708 Gflops/s) - 185 (203409 Gflops/s) - 184 (202310 Gflops/s) - 186 (204509 Gflops/s) | Temperatures: 73°C - 69°C - 70°C - 73°C - 70°C - 70°C - 68°C - 69°C | Throttling: None - None - None - None - None - None - None - None
188 (206708 Gflops/s) - 186 (204509 Gflops/s) - 186 (204509 Gflops/s) - 187 (205608 Gflops/s) - 188 (206708 Gflops/s) - 185 (203409 Gflops/s) - 185 (203409 Gflops/s) - 186 (204509 Gflops/s) | Temperatures: 72°C - 69°C - 70°C - 73°C - 70°C - 70°C - 68°C - 69°C | Throttling: None - None - None - None - None - None - None - None
188 (206708 Gflops/s) - 186 (204509 Gflops/s) - 186 (204509 Gflops/s) - 186 (204509 Gflops/s) - 189 (207807 Gflops/s) - 185 (203409 Gflops/s) - 185 (203409 Gflops/s) - 186 (204509 Gflops/s) | Temperatures: 72°C - 69°C - 70°C - 73°C - 70°C - 70°C - 69°C - 69°C | Throttling: None - None - None - None - None - None - None - None
188 (206708 Gflops/s) - 186 (204509 Gflops/s) - 185 (203409 Gflops/s) - 187 (205608 Gflops/s) - 188 (206708 Gflops/s) - 185 (203409 Gflops/s) - 184 (202310 Gflops/s) - 186 (204509 Gflops/s) | Temperatures: 73°C - 69°C - 70°C - 73°C - 70°C - 70°C - 69°C - 69°C | Throttling: None - None - None - None - None - None - None - None
188 (206708 Gflops/s) - 186 (204509 Gflops/s) - 186 (204509 Gflops/s) - 186 (204509 Gflops/s) - 188 (206708 Gflops/s) - 185 (203409 Gflops/s) - 185 (203409 Gflops/s) - 187 (205608 Gflops/s) | Temperatures: 72°C - 69°C - 70°C - 73°C - 70°C - 70°C - 69°C - 69°C | Throttling: None - None - None - None - None - None - None - None
188 (206708 Gflops/s) - 186 (204509 Gflops/s) - 186 (204509 Gflops/s) - 187 (205608 Gflops/s) - 188 (206708 Gflops/s) - 184 (202310 Gflops/s) - 185 (203409 Gflops/s) - 186 (204509 Gflops/s) | Temperatures: 73°C - 69°C - 70°C - 73°C - 70°C - 70°C - 69°C - 69°C | Throttling: None - None - None - None - None - None - None - None
188 (206708 Gflops/s) - 186 (204509 Gflops/s) - 185 (203409 Gflops/s) - 187 (205608 Gflops/s) - 189 (207807 Gflops/s) - 185 (203409 Gflops/s) - 184 (202310 Gflops/s) - 186 (204509 Gflops/s) | Temperatures: 73°C - 69°C - 70°C - 73°C - 70°C - 70°C - 68°C - 69°C | Throttling: None - None - None - None - None - None - None - None
188 (206708 Gflops/s) - 186 (204509 Gflops/s) - 186 (204509 Gflops/s) - 186 (204509 Gflops/s) - 188 (206708 Gflops/s) - 185 (203409 Gflops/s) - 185 (203409 Gflops/s) - 186 (204509 Gflops/s) | Temperatures: 73°C - 69°C - 70°C - 73°C - 70°C - 70°C - 68°C - 69°C | Throttling: None - None - None - None - None - None - None - None
188 (206708 Gflops/s) - 186 (204509 Gflops/s) - 186 (204509 Gflops/s) - 187 (205608 Gflops/s) - 188 (206708 Gflops/s) - 185 (203409 Gflops/s) - 185 (203409 Gflops/s) - 186 (204509 Gflops/s) | Temperatures: 73°C - 69°C - 70°C - 73°C - 70°C - 70°C - 69°C - 69°C | Throttling: None - None - None - None - None - None - None - None
189 (207807 Gflops/s) - 186 (204509 Gflops/s) - 186 (204509 Gflops/s) - 186 (204509 Gflops/s) - 188 (206708 Gflops/s) - 185 (203409 Gflops/s) - 184 (202310 Gflops/s) - 186 (204509 Gflops/s) | Temperatures: 73°C - 69°C - 70°C - 73°C - 70°C - 70°C - 69°C - 69°C | Throttling: None - None - None - None - None - None - None - None
188 (206708 Gflops/s) - 186 (204509 Gflops/s) - 185 (203409 Gflops/s) - 187 (205608 Gflops/s) - 188 (206708 Gflops/s) - 185 (203409 Gflops/s) - 185 (203409 Gflops/s) - 186 (204509 Gflops/s) | Temperatures: 73°C - 69°C - 70°C - 73°C - 70°C - 70°C - 69°C - 69°C | Throttling: None - None - None - None - None - None - None - None
188 (206708 Gflops/s) - 186 (204509 Gflops/s) - 186 (204509 Gflops/s) - 186 (204509 Gflops/s) - 189 (207807 Gflops/s) - 184 (202310 Gflops/s) - 185 (203409 Gflops/s) - 186 (204509 Gflops/s) | Temperatures: 73°C - 69°C - 70°C - 73°C - 70°C - 70°C - 69°C - 69°C | Throttling: None - None - None - None - None - None - None - None
188 (206708 Gflops/s) - 185 (203409 Gflops/s) - 186 (204509 Gflops/s) - 187 (205608 Gflops/s) - 188 (206708 Gflops/s) - 185 (203409 Gflops/s) - 184 (202310 Gflops/s) - 186 (204509 Gflops/s) | Temperatures: 73°C - 69°C - 70°C - 73°C - 70°C - 70°C - 69°C - 69°C | Throttling: None - None - None - None - None - None - None - None
188 (206708 Gflops/s) - 186 (204509 Gflops/s) - 185 (203409 Gflops/s) - 187 (205608 Gflops/s) - 188 (206708 Gflops/s) - 185 (203409 Gflops/s) - 185 (203409 Gflops/s) - 186 (204509 Gflops/s) | Temperatures: 73°C - 69°C - 70°C - 73°C - 70°C - 70°C - 69°C - 69°C | Throttling: None - None - None - None - None - None - None - None
188 (206708 Gflops/s) - 186 (204509 Gflops/s) - 186 (204509 Gflops/s) - 186 (204509 Gflops/s) - 188 (206708 Gflops/s) - 185 (203409 Gflops/s) - 185 (203409 Gflops/s) - 186 (204509 Gflops/s) | Temperatures: 73°C - 69°C - 70°C - 73°C - 70°C - 70°C - 68°C - 69°C | Throttling: None - None - None - None - None - None - None - None
188 (206708 Gflops/s) - 186 (204509 Gflops/s) - 186 (204509 Gflops/s) - 187 (205608 Gflops/s) - 189 (207807 Gflops/s) - 185 (203409 Gflops/s) - 184 (202310 Gflops/s) - 186 (204509 Gflops/s) | Temperatures: 73°C - 69°C - 70°C - 73°C - 70°C - 70°C - 68°C - 69°C | Throttling: None - None - None - None - None - None - None - None
188 (206708 Gflops/s) - 186 (204509 Gflops/s) - 185 (203409 Gflops/s) - 186 (204509 Gflops/s) - 188 (206708 Gflops/s) - 184 (202310 Gflops/s) - 185 (203409 Gflops/s) - 186 (204509 Gflops/s) | Temperatures: 73°C - 69°C - 70°C - 73°C - 70°C - 70°C - 69°C - 69°C | Throttling: None - None - None - None - None - None - None - None
187 (205608 Gflops/s) - 186 (204509 Gflops/s) - 186 (204509 Gflops/s) - 187 (205608 Gflops/s) - 188 (206708 Gflops/s) - 185 (203409 Gflops/s) - 184 (202310 Gflops/s) - 186 (204509 Gflops/s) | Temperatures: 73°C - 69°C - 70°C - 73°C - 70°C - 70°C - 69°C - 69°C | Throttling: None - None - None - None - None - None - None - None
189 (207807 Gflops/s) - 186 (204509 Gflops/s) - 186 (204509 Gflops/s) - 186 (204509 Gflops/s) - 188 (206708 Gflops/s) - 185 (203409 Gflops/s) - 185 (203409 Gflops/s) - 186 (204509 Gflops/s) | Temperatures: 73°C - 69°C - 70°C - 73°C - 70°C - 70°C - 69°C - 69°C | Throttling: None - None - None - None - None - None - None - None
188 (206708 Gflops/s) - 186 (204509 Gflops/s) - 185 (203409 Gflops/s) - 187 (205608 Gflops/s) - 188 (206708 Gflops/s) - 185 (203409 Gflops/s) - 185 (203409 Gflops/s) - 186 (204509 Gflops/s) | Temperatures: 73°C - 69°C - 70°C - 73°C - 70°C - 70°C - 68°C - 69°C | Throttling: None - None - None - None - None - None - None - None
188 (206708 Gflops/s) - 186 (204509 Gflops/s) - 186 (204509 Gflops/s) - 186 (204509 Gflops/s) - 189 (207807 Gflops/s) - 185 (203409 Gflops/s) - 184 (202310 Gflops/s) - 186 (204509 Gflops/s) | Temperatures: 73°C - 69°C - 70°C - 73°C - 70°C - 70°C - 69°C - 69°C | Throttling: None - None - None - None - None - None - None - None
188 (206708 Gflops/s) - 186 (204509 Gflops/s) - 186 (204509 Gflops/s) - 187 (205608 Gflops/s) - 188 (206708 Gflops/s) - 184 (202310 Gflops/s) - 185 (203409 Gflops/s) - 186 (204509 Gflops/s) | Temperatures: 73°C - 69°C - 70°C - 73°C - 70°C - 70°C - 69°C - 69°C | Throttling: None - None - None - None - None - None - None - None
188 (206708 Gflops/s) - 186 (204509 Gflops/s) - 185 (203409 Gflops/s) - 186 (204509 Gflops/s) - 188 (206708 Gflops/s) - 185 (203409 Gflops/s) - 185 (203409 Gflops/s) - 186 (204509 Gflops/s) | Temperatures: 73°C - 69°C - 70°C - 73°C - 70°C - 70°C - 68°C - 69°C | Throttling: None - None - None - None - None - None - None - None
188 (206708 Gflops/s) - 186 (204509 Gflops/s) - 186 (204509 Gflops/s) - 187 (205608 Gflops/s) - 188 (206708 Gflops/s) - 185 (203409 Gflops/s) - 184 (202310 Gflops/s) - 186 (204509 Gflops/s) | Temperatures: 73°C - 69°C - 70°C - 73°C - 70°C - 70°C - 69°C - 69°C | Throttling: None - None - None - None - None - None - None - None
188 (206708 Gflops/s) - 185 (203409 Gflops/s) - 186 (204509 Gflops/s) - 186 (204509 Gflops/s) - 188 (206708 Gflops/s) - 185 (203409 Gflops/s) - 185 (203409 Gflops/s) - 186 (204509 Gflops/s) | Temperatures: 73°C - 69°C - 70°C - 73°C - 70°C - 70°C - 69°C - 69°C | Throttling: None - None - None - None - None - None - None - None
188 (206708 Gflops/s) - 186 (204509 Gflops/s) - 186 (204509 Gflops/s) - 187 (205608 Gflops/s) - 189 (207807 Gflops/s) - 185 (203409 Gflops/s) - 185 (203409 Gflops/s) - 186 (204509 Gflops/s) | Temperatures: 73°C - 69°C - 70°C - 73°C - 70°C - 70°C - 69°C - 69°C | Throttling: None - None - None - None - None - None - None - None
188 (206708 Gflops/s) - 186 (204509 Gflops/s) - 185 (203409 Gflops/s) - 186 (204509 Gflops/s) - 188 (206708 Gflops/s) - 185 (203409 Gflops/s) - 184 (202310 Gflops/s) - 187 (205608 Gflops/s) | Temperatures: 73°C - 69°C - 70°C - 73°C - 70°C - 70°C - 69°C - 69°C | Throttling: None - None - None - None - None - None - None - None
188 (206708 Gflops/s) - 186 (204509 Gflops/s) - 186 (204509 Gflops/s) - 187 (205608 Gflops/s) - 188 (206708 Gflops/s) - 184 (202310 Gflops/s) - 185 (203409 Gflops/s) - 186 (204509 Gflops/s) | Temperatures: 73°C - 69°C - 70°C - 73°C - 70°C - 70°C - 69°C - 69°C | Throttling: None - None - None - None - None - None - None - None
188 (206708 Gflops/s) - 186 (204509 Gflops/s) - 186 (204509 Gflops/s) - 186 (204509 Gflops/s) - 188 (206708 Gflops/s) - 185 (203409 Gflops/s) - 185 (203409 Gflops/s) - 186 (204509 Gflops/s) | Temperatures: 73°C - 69°C - 70°C - 73°C - 70°C - 70°C - 69°C - 69°C | Throttling: None - None - None - None - None - None - None - None
188 (206708 Gflops/s) - 186 (204509 Gflops/s) - 185 (203409 Gflops/s) - 187 (205608 Gflops/s) - 189 (207807 Gflops/s) - 185 (203409 Gflops/s) - 184 (202310 Gflops/s) - 186 (204509 Gflops/s) | Temperatures: 73°C - 69°C - 70°C - 73°C - 70°C - 70°C - 69°C - 69°C | Throttling: None - None - None - None - None - None - None - None
188 (206708 Gflops/s) - 186 (204509 Gflops/s) - 186 (204509 Gflops/s) - 186 (204509 Gflops/s) - 188 (206708 Gflops/s) - 185 (203409 Gflops/s) - 185 (203409 Gflops/s) - 186 (204509 Gflops/s) | Temperatures: 73°C - 69°C - 70°C - 73°C - 70°C - 70°C - 69°C - 69°C | Throttling: None - None - None - None - None - None - None - None
188 (206708 Gflops/s) - 186 (204509 Gflops/s) - 186 (204509 Gflops/s) - 187 (205608 Gflops/s) - 188 (206708 Gflops/s) - 185 (203409 Gflops/s) - 185 (203409 Gflops/s) - 186 (204509 Gflops/s) | Temperatures: 73°C - 69°C - 70°C - 73°C - 70°C - 70°C - 69°C - 69°C | Throttling: None - None - None - None - None - None - None - None
187 (205608 Gflops/s) - 186 (204509 Gflops/s) - 185 (203409 Gflops/s) - 186 (204509 Gflops/s) - 188 (206708 Gflops/s) - 184 (202310 Gflops/s) - 184 (202310 Gflops/s) - 186 (204509 Gflops/s) | Temperatures: 73°C - 69°C - 70°C - 73°C - 70°C - 70°C - 69°C - 69°C | Throttling: None - None - None - None - None - None - None - None
GPU #0: 207092 Gflops/s (min: 205608.67, max: 212205.74, dev: 1059.59)
         Temperature: 71.77°C (min: 54.00, max: 74.00)
         Throttling HW: false, Thermal SW: false, Thermal HW: false
GPU #1: 204345 Gflops/s (min: 203409.65, max: 208907.21, dev: 896.46)
         Temperature: 69.30°C (min: 53.00, max: 72.00)
         Throttling HW: false, Thermal SW: false, Thermal HW: false
GPU #2: 204066 Gflops/s (min: 202310.14, max: 208907.21, dev: 991.34)
         Temperature: 70.23°C (min: 54.00, max: 73.00)
         Throttling HW: false, Thermal SW: false, Thermal HW: false
GPU #3: 205057 Gflops/s (min: 203409.65, max: 210006.72, dev: 1013.39)
         Temperature: 73.21°C (min: 57.00, max: 76.00)
         Throttling HW: false, Thermal SW: false, Thermal HW: false
GPU #4: 206868 Gflops/s (min: 205608.67, max: 212205.74, dev: 1066.73)
         Temperature: 70.75°C (min: 54.00, max: 74.00)
         Throttling HW: false, Thermal SW: false, Thermal HW: false
GPU #5: 203261 Gflops/s (min: 202310.14, max: 207807.70, dev: 998.74)
         Temperature: 70.33°C (min: 53.00, max: 74.00)
         Throttling HW: false, Thermal SW: false, Thermal HW: false
GPU #6: 202962 Gflops/s (min: 201210.63, max: 207807.70, dev: 1008.18)
         Temperature: 69.11°C (min: 52.00, max: 72.00)
         Throttling HW: false, Thermal SW: false, Thermal HW: false
GPU #7: 204498 Gflops/s (min: 203409.65, max: 210006.72, dev: 1031.93)
         Temperature: 69.79°C (min: 53.00, max: 73.00)
         Throttling HW: false, Thermal SW: false, Thermal HW: false
All GPUs seem healthy
Freeing GPUs...
======== Run with bf16 ==========
Detected GPU #0: "NVIDIA RTX PRO 6000 Blackwell Server Edition" (314ccd15-8d36-ec51-47e6-f389eaf98757)
Detected GPU #1: "NVIDIA RTX PRO 6000 Blackwell Server Edition" (9b4f6e60-ad73-592b-1b44-e054f50061d9)
Detected GPU #2: "NVIDIA RTX PRO 6000 Blackwell Server Edition" (0307e837-fca6-8a26-1fb9-680e7c5dfd05)
Detected GPU #3: "NVIDIA RTX PRO 6000 Blackwell Server Edition" (095483a6-fc96-8a80-aae1-a5539d4da90f)
Detected GPU #4: "NVIDIA RTX PRO 6000 Blackwell Server Edition" (155d24b1-f6c7-dbb4-74a7-f27fe5ca750c)
Detected GPU #5: "NVIDIA RTX PRO 6000 Blackwell Server Edition" (4d27ac3b-672d-7b04-9fd8-ae1aa082479e)
Detected GPU #6: "NVIDIA RTX PRO 6000 Blackwell Server Edition" (f7baffa7-42f2-cf30-56ed-ab0c0a949869)
Detected GPU #7: "NVIDIA RTX PRO 6000 Blackwell Server Edition" (f56972bd-9d0d-97e9-7c93-9e27ee32fd43)
Using precision(s):  BF16 
GPU #0: Using 87018 MB
GPU #1: Using 87018 MB
GPU #2: Using 87018 MB
GPU #3: Using 87018 MB
GPU #4: Using 87018 MB
GPU #5: Using 87018 MB
GPU #6: Using 87018 MB
GPU #7: Using 87018 MB
Creating random matrices
Matrices created
1284 (1411772 Gflops/s) - 1281 (1408474 Gflops/s) - 1280 (1407374 Gflops/s) - 1281 (1408474 Gflops/s) - 1271 (1397479 Gflops/s) - 1244 (1367792 Gflops/s) - 1262 (1387583 Gflops/s) - 1258 (1383185 Gflops/s) | Temperatures: 68°C - 64°C - 66°C - 70°C - 65°C - 65°C - 64°C - 65°C | Throttling: None - None - None - None - None - None - None - None
387 (425510 Gflops/s) - 383 (421112 Gflops/s) - 383 (421112 Gflops/s) - 382 (420013 Gflops/s) - 388 (426610 Gflops/s) - 381 (418913 Gflops/s) - 381 (418913 Gflops/s) - 384 (422212 Gflops/s) | Temperatures: 69°C - 65°C - 66°C - 71°C - 66°C - 66°C - 65°C - 65°C | Throttling: None - None - None - None - None - None - None - None
388 (426610 Gflops/s) - 382 (420013 Gflops/s) - 383 (421112 Gflops/s) - 383 (421112 Gflops/s) - 389 (427710 Gflops/s) - 381 (418913 Gflops/s) - 380 (417814 Gflops/s) - 384 (422212 Gflops/s) | Temperatures: 70°C - 65°C - 67°C - 71°C - 67°C - 67°C - 65°C - 66°C | Throttling: None - None - None - None - None - None - None - None
387 (425510 Gflops/s) - 383 (421112 Gflops/s) - 382 (420013 Gflops/s) - 384 (422212 Gflops/s) - 388 (426610 Gflops/s) - 381 (418913 Gflops/s) - 380 (417814 Gflops/s) - 384 (422212 Gflops/s) | Temperatures: 70°C - 66°C - 67°C - 71°C - 67°C - 67°C - 65°C - 66°C | Throttling: None - None - None - None - None - None - None - None
387 (425510 Gflops/s) - 382 (420013 Gflops/s) - 382 (420013 Gflops/s) - 383 (421112 Gflops/s) - 388 (426610 Gflops/s) - 381 (418913 Gflops/s) - 380 (417814 Gflops/s) - 384 (422212 Gflops/s) | Temperatures: 70°C - 66°C - 67°C - 71°C - 68°C - 67°C - 66°C - 67°C | Throttling: None - None - None - None - None - None - None - None
387 (425510 Gflops/s) - 383 (421112 Gflops/s) - 382 (420013 Gflops/s) - 382 (420013 Gflops/s) - 389 (427710 Gflops/s) - 381 (418913 Gflops/s) - 379 (416714 Gflops/s) - 383 (421112 Gflops/s) | Temperatures: 70°C - 66°C - 68°C - 72°C - 68°C - 68°C - 66°C - 67°C | Throttling: None - None - None - None - None - None - None - None
387 (425510 Gflops/s) - 382 (420013 Gflops/s) - 382 (420013 Gflops/s) - 383 (421112 Gflops/s) - 388 (426610 Gflops/s) - 381 (418913 Gflops/s) - 380 (417814 Gflops/s) - 383 (421112 Gflops/s) | Temperatures: 71°C - 67°C - 68°C - 72°C - 68°C - 68°C - 66°C - 67°C | Throttling: None - None - None - None - None - None - None - None
387 (425510 Gflops/s) - 382 (420013 Gflops/s) - 382 (420013 Gflops/s) - 383 (421112 Gflops/s) - 388 (426610 Gflops/s) - 380 (417814 Gflops/s) - 379 (416714 Gflops/s) - 384 (422212 Gflops/s) | Temperatures: 71°C - 67°C - 68°C - 72°C - 68°C - 68°C - 67°C - 67°C | Throttling: None - None - None - None - None - None - None - None
387 (425510 Gflops/s) - 382 (420013 Gflops/s) - 382 (420013 Gflops/s) - 382 (420013 Gflops/s) - 389 (427710 Gflops/s) - 381 (418913 Gflops/s) - 380 (417814 Gflops/s) - 383 (421112 Gflops/s) | Temperatures: 71°C - 67°C - 68°C - 72°C - 69°C - 68°C - 67°C - 67°C | Throttling: None - None - None - None - None - None - None - None
387 (425510 Gflops/s) - 382 (420013 Gflops/s) - 382 (420013 Gflops/s) - 383 (421112 Gflops/s) - 388 (426610 Gflops/s) - 380 (417814 Gflops/s) - 379 (416714 Gflops/s) - 383 (421112 Gflops/s) | Temperatures: 71°C - 67°C - 68°C - 72°C - 69°C - 69°C - 67°C - 68°C | Throttling: None - None - None - None - None - None - None - None
386 (424411 Gflops/s) - 382 (420013 Gflops/s) - 382 (420013 Gflops/s) - 382 (420013 Gflops/s) - 388 (426610 Gflops/s) - 380 (417814 Gflops/s) - 379 (416714 Gflops/s) - 383 (421112 Gflops/s) | Temperatures: 71°C - 67°C - 68°C - 72°C - 69°C - 69°C - 67°C - 68°C | Throttling: None - None - None - None - None - None - None - None
387 (425510 Gflops/s) - 382 (420013 Gflops/s) - 381 (418913 Gflops/s) - 382 (420013 Gflops/s) - 388 (426610 Gflops/s) - 380 (417814 Gflops/s) - 380 (417814 Gflops/s) - 383 (421112 Gflops/s) | Temperatures: 72°C - 68°C - 69°C - 72°C - 69°C - 69°C - 67°C - 68°C | Throttling: None - None - None - None - None - None - None - None
386 (424411 Gflops/s) - 382 (420013 Gflops/s) - 382 (420013 Gflops/s) - 383 (421112 Gflops/s) - 386 (424411 Gflops/s) - 381 (418913 Gflops/s) - 379 (416714 Gflops/s) - 383 (421112 Gflops/s) | Temperatures: 72°C - 68°C - 69°C - 72°C - 69°C - 69°C - 67°C - 68°C | Throttling: None - None - None - None - None - None - None - None
386 (424411 Gflops/s) - 381 (418913 Gflops/s) - 381 (418913 Gflops/s) - 381 (418913 Gflops/s) - 387 (425510 Gflops/s) - 379 (416714 Gflops/s) - 378 (415615 Gflops/s) - 382 (420013 Gflops/s) | Temperatures: 72°C - 68°C - 69°C - 73°C - 69°C - 69°C - 68°C - 68°C | Throttling: None - None - None - None - None - None - None - None
387 (425510 Gflops/s) - 382 (420013 Gflops/s) - 381 (418913 Gflops/s) - 382 (420013 Gflops/s) - 386 (424411 Gflops/s) - 380 (417814 Gflops/s) - 379 (416714 Gflops/s) - 383 (421112 Gflops/s) | Temperatures: 72°C - 68°C - 69°C - 73°C - 69°C - 69°C - 68°C - 68°C | Throttling: None - None - None - None - None - None - None - None
386 (424411 Gflops/s) - 382 (420013 Gflops/s) - 381 (418913 Gflops/s) - 382 (420013 Gflops/s) - 386 (424411 Gflops/s) - 380 (417814 Gflops/s) - 379 (416714 Gflops/s) - 383 (421112 Gflops/s) | Temperatures: 72°C - 68°C - 69°C - 73°C - 70°C - 70°C - 68°C - 69°C | Throttling: None - None - None - None - None - None - None - None
386 (424411 Gflops/s) - 381 (418913 Gflops/s) - 382 (420013 Gflops/s) - 382 (420013 Gflops/s) - 387 (425510 Gflops/s) - 380 (417814 Gflops/s) - 379 (416714 Gflops/s) - 383 (421112 Gflops/s) | Temperatures: 72°C - 68°C - 69°C - 73°C - 70°C - 70°C - 68°C - 69°C | Throttling: None - None - None - None - None - None - None - None
386 (424411 Gflops/s) - 382 (420013 Gflops/s) - 381 (418913 Gflops/s) - 382 (420013 Gflops/s) - 386 (424411 Gflops/s) - 380 (417814 Gflops/s) - 379 (416714 Gflops/s) - 382 (420013 Gflops/s) | Temperatures: 72°C - 68°C - 69°C - 73°C - 70°C - 70°C - 68°C - 69°C | Throttling: None - None - None - None - None - None - None - None
386 (424411 Gflops/s) - 381 (418913 Gflops/s) - 381 (418913 Gflops/s) - 382 (420013 Gflops/s) - 386 (424411 Gflops/s) - 380 (417814 Gflops/s) - 378 (415615 Gflops/s) - 383 (421112 Gflops/s) | Temperatures: 73°C - 68°C - 69°C - 73°C - 70°C - 70°C - 68°C - 69°C | Throttling: None - None - None - None - None - None - None - None
386 (424411 Gflops/s) - 382 (420013 Gflops/s) - 381 (418913 Gflops/s) - 381 (418913 Gflops/s) - 386 (424411 Gflops/s) - 380 (417814 Gflops/s) - 379 (416714 Gflops/s) - 382 (420013 Gflops/s) | Temperatures: 73°C - 69°C - 70°C - 73°C - 70°C - 70°C - 68°C - 69°C | Throttling: None - None - None - None - None - None - None - None
386 (424411 Gflops/s) - 381 (418913 Gflops/s) - 381 (418913 Gflops/s) - 382 (420013 Gflops/s) - 387 (425510 Gflops/s) - 379 (416714 Gflops/s) - 379 (416714 Gflops/s) - 383 (421112 Gflops/s) | Temperatures: 73°C - 69°C - 70°C - 73°C - 70°C - 70°C - 68°C - 69°C | Throttling: None - None - None - None - None - None - None - None
386 (424411 Gflops/s) - 381 (418913 Gflops/s) - 381 (418913 Gflops/s) - 382 (420013 Gflops/s) - 386 (424411 Gflops/s) - 380 (417814 Gflops/s) - 378 (415615 Gflops/s) - 382 (420013 Gflops/s) | Temperatures: 73°C - 69°C - 70°C - 73°C - 70°C - 70°C - 68°C - 69°C | Throttling: None - None - None - None - None - None - None - None
386 (424411 Gflops/s) - 382 (420013 Gflops/s) - 381 (418913 Gflops/s) - 382 (420013 Gflops/s) - 386 (424411 Gflops/s) - 380 (417814 Gflops/s) - 379 (416714 Gflops/s) - 382 (420013 Gflops/s) | Temperatures: 73°C - 69°C - 70°C - 73°C - 70°C - 70°C - 68°C - 69°C | Throttling: None - None - None - None - None - None - None - None
386 (424411 Gflops/s) - 381 (418913 Gflops/s) - 381 (418913 Gflops/s) - 381 (418913 Gflops/s) - 386 (424411 Gflops/s) - 379 (416714 Gflops/s) - 378 (415615 Gflops/s) - 383 (421112 Gflops/s) | Temperatures: 73°C - 69°C - 70°C - 73°C - 70°C - 70°C - 68°C - 69°C | Throttling: None - None - None - None - None - None - None - None
386 (424411 Gflops/s) - 381 (418913 Gflops/s) - 381 (418913 Gflops/s) - 382 (420013 Gflops/s) - 386 (424411 Gflops/s) - 380 (417814 Gflops/s) - 379 (416714 Gflops/s) - 382 (420013 Gflops/s) | Temperatures: 73°C - 69°C - 70°C - 73°C - 70°C - 70°C - 68°C - 69°C | Throttling: None - None - None - None - None - None - None - None
386 (424411 Gflops/s) - 382 (420013 Gflops/s) - 380 (417814 Gflops/s) - 382 (420013 Gflops/s) - 386 (424411 Gflops/s) - 379 (416714 Gflops/s) - 378 (415615 Gflops/s) - 382 (420013 Gflops/s) | Temperatures: 73°C - 69°C - 70°C - 74°C - 70°C - 70°C - 69°C - 69°C | Throttling: None - None - None - None - None - None - None - None
386 (424411 Gflops/s) - 381 (418913 Gflops/s) - 381 (418913 Gflops/s) - 381 (418913 Gflops/s) - 386 (424411 Gflops/s) - 380 (417814 Gflops/s) - 379 (416714 Gflops/s) - 383 (421112 Gflops/s) | Temperatures: 73°C - 69°C - 70°C - 74°C - 70°C - 70°C - 69°C - 70°C | Throttling: None - None - None - None - None - None - None - None
385 (423311 Gflops/s) - 381 (418913 Gflops/s) - 381 (418913 Gflops/s) - 382 (420013 Gflops/s) - 386 (424411 Gflops/s) - 379 (416714 Gflops/s) - 378 (415615 Gflops/s) - 382 (420013 Gflops/s) | Temperatures: 73°C - 69°C - 70°C - 74°C - 70°C - 70°C - 69°C - 70°C | Throttling: None - None - None - None - None - None - None - None
386 (424411 Gflops/s) - 381 (418913 Gflops/s) - 380 (417814 Gflops/s) - 381 (418913 Gflops/s) - 386 (424411 Gflops/s) - 379 (416714 Gflops/s) - 378 (415615 Gflops/s) - 382 (420013 Gflops/s) | Temperatures: 73°C - 69°C - 70°C - 74°C - 70°C - 70°C - 69°C - 70°C | Throttling: None - None - None - None - None - None - None - None
385 (423311 Gflops/s) - 381 (418913 Gflops/s) - 381 (418913 Gflops/s) - 382 (420013 Gflops/s) - 386 (424411 Gflops/s) - 380 (417814 Gflops/s) - 378 (415615 Gflops/s) - 382 (420013 Gflops/s) | Temperatures: 73°C - 69°C - 70°C - 74°C - 71°C - 71°C - 69°C - 70°C | Throttling: None - None - None - None - None - None - None - None
386 (424411 Gflops/s) - 381 (418913 Gflops/s) - 381 (418913 Gflops/s) - 382 (420013 Gflops/s) - 386 (424411 Gflops/s) - 379 (416714 Gflops/s) - 379 (416714 Gflops/s) - 382 (420013 Gflops/s) | Temperatures: 73°C - 69°C - 70°C - 74°C - 71°C - 71°C - 69°C - 70°C | Throttling: None - None - None - None - None - None - None - None
386 (424411 Gflops/s) - 381 (418913 Gflops/s) - 380 (417814 Gflops/s) - 381 (418913 Gflops/s) - 386 (424411 Gflops/s) - 380 (417814 Gflops/s) - 378 (415615 Gflops/s) - 382 (420013 Gflops/s) | Temperatures: 73°C - 69°C - 70°C - 74°C - 71°C - 71°C - 69°C - 70°C | Throttling: None - None - None - None - None - None - None - None
386 (424411 Gflops/s) - 381 (418913 Gflops/s) - 381 (418913 Gflops/s) - 382 (420013 Gflops/s) - 386 (424411 Gflops/s) - 379 (416714 Gflops/s) - 378 (415615 Gflops/s) - 382 (420013 Gflops/s) | Temperatures: 73°C - 69°C - 70°C - 74°C - 71°C - 71°C - 69°C - 70°C | Throttling: None - None - None - None - None - None - None - None
385 (423311 Gflops/s) - 381 (418913 Gflops/s) - 381 (418913 Gflops/s) - 381 (418913 Gflops/s) - 385 (423311 Gflops/s) - 379 (416714 Gflops/s) - 378 (415615 Gflops/s) - 382 (420013 Gflops/s) | Temperatures: 73°C - 69°C - 70°C - 74°C - 71°C - 71°C - 69°C - 70°C | Throttling: None - None - None - None - None - None - None - None
386 (424411 Gflops/s) - 381 (418913 Gflops/s) - 380 (417814 Gflops/s) - 382 (420013 Gflops/s) - 386 (424411 Gflops/s) - 379 (416714 Gflops/s) - 378 (415615 Gflops/s) - 382 (420013 Gflops/s) | Temperatures: 73°C - 69°C - 70°C - 74°C - 71°C - 71°C - 69°C - 70°C | Throttling: None - None - None - None - None - None - None - None
385 (423311 Gflops/s) - 381 (418913 Gflops/s) - 381 (418913 Gflops/s) - 382 (420013 Gflops/s) - 386 (424411 Gflops/s) - 380 (417814 Gflops/s) - 379 (416714 Gflops/s) - 382 (420013 Gflops/s) | Temperatures: 73°C - 69°C - 70°C - 74°C - 71°C - 71°C - 69°C - 70°C | Throttling: None - None - None - None - None - None - None - None
386 (424411 Gflops/s) - 381 (418913 Gflops/s) - 380 (417814 Gflops/s) - 381 (418913 Gflops/s) - 386 (424411 Gflops/s) - 379 (416714 Gflops/s) - 378 (415615 Gflops/s) - 382 (420013 Gflops/s) | Temperatures: 73°C - 69°C - 70°C - 74°C - 71°C - 71°C - 69°C - 70°C | Throttling: None - None - None - None - None - None - None - None
386 (424411 Gflops/s) - 381 (418913 Gflops/s) - 381 (418913 Gflops/s) - 381 (418913 Gflops/s) - 386 (424411 Gflops/s) - 379 (416714 Gflops/s) - 378 (415615 Gflops/s) - 382 (420013 Gflops/s) | Temperatures: 73°C - 69°C - 70°C - 74°C - 71°C - 71°C - 69°C - 70°C | Throttling: None - None - None - None - None - None - None - None
385 (423311 Gflops/s) - 381 (418913 Gflops/s) - 381 (418913 Gflops/s) - 382 (420013 Gflops/s) - 386 (424411 Gflops/s) - 379 (416714 Gflops/s) - 378 (415615 Gflops/s) - 382 (420013 Gflops/s) | Temperatures: 73°C - 70°C - 70°C - 74°C - 71°C - 71°C - 69°C - 70°C | Throttling: None - None - None - None - None - None - None - None
386 (424411 Gflops/s) - 381 (418913 Gflops/s) - 380 (417814 Gflops/s) - 381 (418913 Gflops/s) - 386 (424411 Gflops/s) - 379 (416714 Gflops/s) - 378 (415615 Gflops/s) - 382 (420013 Gflops/s) | Temperatures: 73°C - 69°C - 70°C - 74°C - 71°C - 71°C - 69°C - 70°C | Throttling: None - None - None - None - None - None - None - None
385 (423311 Gflops/s) - 381 (418913 Gflops/s) - 381 (418913 Gflops/s) - 382 (420013 Gflops/s) - 385 (423311 Gflops/s) - 380 (417814 Gflops/s) - 378 (415615 Gflops/s) - 382 (420013 Gflops/s) | Temperatures: 73°C - 69°C - 70°C - 74°C - 71°C - 71°C - 69°C - 70°C | Throttling: None - None - None - None - None - None - None - None
386 (424411 Gflops/s) - 381 (418913 Gflops/s) - 380 (417814 Gflops/s) - 381 (418913 Gflops/s) - 386 (424411 Gflops/s) - 379 (416714 Gflops/s) - 378 (415615 Gflops/s) - 382 (420013 Gflops/s) | Temperatures: 73°C - 70°C - 70°C - 74°C - 71°C - 71°C - 69°C - 70°C | Throttling: None - None - None - None - None - None - None - None
386 (424411 Gflops/s) - 381 (418913 Gflops/s) - 381 (418913 Gflops/s) - 382 (420013 Gflops/s) - 386 (424411 Gflops/s) - 379 (416714 Gflops/s) - 378 (415615 Gflops/s) - 382 (420013 Gflops/s) | Temperatures: 73°C - 69°C - 70°C - 74°C - 71°C - 71°C - 69°C - 70°C | Throttling: None - None - None - None - None - None - None - None
385 (423311 Gflops/s) - 380 (417814 Gflops/s) - 380 (417814 Gflops/s) - 381 (418913 Gflops/s) - 385 (423311 Gflops/s) - 379 (416714 Gflops/s) - 378 (415615 Gflops/s) - 382 (420013 Gflops/s) | Temperatures: 73°C - 70°C - 71°C - 74°C - 71°C - 71°C - 69°C - 70°C | Throttling: None - None - None - None - None - None - None - None
385 (423311 Gflops/s) - 381 (418913 Gflops/s) - 380 (417814 Gflops/s) - 381 (418913 Gflops/s) - 386 (424411 Gflops/s) - 379 (416714 Gflops/s) - 378 (415615 Gflops/s) - 382 (420013 Gflops/s) | Temperatures: 74°C - 70°C - 71°C - 74°C - 71°C - 71°C - 69°C - 70°C | Throttling: None - None - None - None - None - None - None - None
386 (424411 Gflops/s) - 381 (418913 Gflops/s) - 381 (418913 Gflops/s) - 381 (418913 Gflops/s) - 386 (424411 Gflops/s) - 379 (416714 Gflops/s) - 378 (415615 Gflops/s) - 382 (420013 Gflops/s) | Temperatures: 74°C - 70°C - 71°C - 74°C - 71°C - 71°C - 69°C - 70°C | Throttling: None - None - None - None - None - None - None - None
385 (423311 Gflops/s) - 381 (418913 Gflops/s) - 380 (417814 Gflops/s) - 382 (420013 Gflops/s) - 386 (424411 Gflops/s) - 379 (416714 Gflops/s) - 378 (415615 Gflops/s) - 382 (420013 Gflops/s) | Temperatures: 74°C - 70°C - 71°C - 74°C - 71°C - 71°C - 69°C - 70°C | Throttling: None - None - None - None - None - None - None - None
386 (424411 Gflops/s) - 381 (418913 Gflops/s) - 381 (418913 Gflops/s) - 381 (418913 Gflops/s) - 385 (423311 Gflops/s) - 379 (416714 Gflops/s) - 378 (415615 Gflops/s) - 382 (420013 Gflops/s) | Temperatures: 74°C - 70°C - 71°C - 74°C - 71°C - 71°C - 69°C - 70°C | Throttling: None - None - None - None - None - None - None - None
385 (423311 Gflops/s) - 381 (418913 Gflops/s) - 380 (417814 Gflops/s) - 381 (418913 Gflops/s) - 386 (424411 Gflops/s) - 379 (416714 Gflops/s) - 378 (415615 Gflops/s) - 382 (420013 Gflops/s) | Temperatures: 74°C - 70°C - 71°C - 74°C - 71°C - 71°C - 69°C - 70°C | Throttling: None - None - None - None - None - None - None - None
386 (424411 Gflops/s) - 381 (418913 Gflops/s) - 381 (418913 Gflops/s) - 382 (420013 Gflops/s) - 386 (424411 Gflops/s) - 379 (416714 Gflops/s) - 378 (415615 Gflops/s) - 382 (420013 Gflops/s) | Temperatures: 74°C - 70°C - 71°C - 74°C - 71°C - 71°C - 69°C - 70°C | Throttling: None - None - None - None - None - None - None - None
385 (423311 Gflops/s) - 381 (418913 Gflops/s) - 380 (417814 Gflops/s) - 381 (418913 Gflops/s) - 386 (424411 Gflops/s) - 379 (416714 Gflops/s) - 378 (415615 Gflops/s) - 381 (418913 Gflops/s) | Temperatures: 74°C - 70°C - 71°C - 74°C - 71°C - 71°C - 69°C - 70°C | Throttling: None - None - None - None - None - None - None - None
386 (424411 Gflops/s) - 381 (418913 Gflops/s) - 380 (417814 Gflops/s) - 381 (418913 Gflops/s) - 385 (423311 Gflops/s) - 379 (416714 Gflops/s) - 378 (415615 Gflops/s) - 382 (420013 Gflops/s) | Temperatures: 74°C - 70°C - 71°C - 74°C - 71°C - 71°C - 69°C - 70°C | Throttling: None - None - None - None - None - None - None - None
385 (423311 Gflops/s) - 380 (417814 Gflops/s) - 381 (418913 Gflops/s) - 382 (420013 Gflops/s) - 386 (424411 Gflops/s) - 379 (416714 Gflops/s) - 378 (415615 Gflops/s) - 382 (420013 Gflops/s) | Temperatures: 74°C - 70°C - 71°C - 74°C - 71°C - 71°C - 69°C - 70°C | Throttling: None - None - None - None - None - None - None - None
386 (424411 Gflops/s) - 381 (418913 Gflops/s) - 380 (417814 Gflops/s) - 381 (418913 Gflops/s) - 386 (424411 Gflops/s) - 379 (416714 Gflops/s) - 378 (415615 Gflops/s) - 382 (420013 Gflops/s) | Temperatures: 74°C - 70°C - 71°C - 74°C - 71°C - 71°C - 69°C - 70°C | Throttling: None - None - None - None - None - None - None - None
385 (423311 Gflops/s) - 381 (418913 Gflops/s) - 381 (418913 Gflops/s) - 381 (418913 Gflops/s) - 386 (424411 Gflops/s) - 379 (416714 Gflops/s) - 378 (415615 Gflops/s) - 382 (420013 Gflops/s) | Temperatures: 74°C - 70°C - 71°C - 74°C - 71°C - 71°C - 69°C - 70°C | Throttling: None - None - None - None - None - None - None - None
386 (424411 Gflops/s) - 381 (418913 Gflops/s) - 380 (417814 Gflops/s) - 381 (418913 Gflops/s) - 385 (423311 Gflops/s) - 379 (416714 Gflops/s) - 378 (415615 Gflops/s) - 382 (420013 Gflops/s) | Temperatures: 74°C - 70°C - 71°C - 74°C - 71°C - 71°C - 69°C - 70°C | Throttling: None - None - None - None - None - None - None - None
385 (423311 Gflops/s) - 381 (418913 Gflops/s) - 380 (417814 Gflops/s) - 382 (420013 Gflops/s) - 386 (424411 Gflops/s) - 379 (416714 Gflops/s) - 378 (415615 Gflops/s) - 382 (420013 Gflops/s) | Temperatures: 74°C - 70°C - 71°C - 74°C - 71°C - 71°C - 69°C - 70°C | Throttling: None - None - None - None - None - None - None - None
385 (423311 Gflops/s) - 381 (418913 Gflops/s) - 381 (418913 Gflops/s) - 381 (418913 Gflops/s) - 386 (424411 Gflops/s) - 379 (416714 Gflops/s) - 378 (415615 Gflops/s) - 382 (420013 Gflops/s) | Temperatures: 74°C - 70°C - 71°C - 74°C - 71°C - 71°C - 69°C - 70°C | Throttling: None - None - None - None - None - None - None - None
385 (423311 Gflops/s) - 380 (417814 Gflops/s) - 380 (417814 Gflops/s) - 381 (418913 Gflops/s) - 385 (423311 Gflops/s) - 379 (416714 Gflops/s) - 378 (415615 Gflops/s) - 381 (418913 Gflops/s) | Temperatures: 74°C - 70°C - 71°C - 74°C - 71°C - 71°C - 69°C - 70°C | Throttling: None - None - None - None - None - None - None - None
386 (424411 Gflops/s) - 381 (418913 Gflops/s) - 380 (417814 Gflops/s) - 381 (418913 Gflops/s) - 386 (424411 Gflops/s) - 379 (416714 Gflops/s) - 378 (415615 Gflops/s) - 382 (420013 Gflops/s) | Temperatures: 74°C - 70°C - 71°C - 74°C - 71°C - 71°C - 69°C - 70°C | Throttling: None - None - None - None - None - None - None - None
385 (423311 Gflops/s) - 381 (418913 Gflops/s) - 380 (417814 Gflops/s) - 381 (418913 Gflops/s) - 386 (424411 Gflops/s) - 379 (416714 Gflops/s) - 378 (415615 Gflops/s) - 382 (420013 Gflops/s) | Temperatures: 74°C - 70°C - 71°C - 74°C - 71°C - 71°C - 69°C - 70°C | Throttling: None - None - None - None - None - None - None - None
386 (424411 Gflops/s) - 380 (417814 Gflops/s) - 381 (418913 Gflops/s) - 382 (420013 Gflops/s) - 385 (423311 Gflops/s) - 379 (416714 Gflops/s) - 378 (415615 Gflops/s) - 381 (418913 Gflops/s) | Temperatures: 74°C - 70°C - 71°C - 74°C - 71°C - 71°C - 69°C - 70°C | Throttling: None - None - None - None - None - None - None - None
385 (423311 Gflops/s) - 381 (418913 Gflops/s) - 380 (417814 Gflops/s) - 381 (418913 Gflops/s) - 386 (424411 Gflops/s) - 379 (416714 Gflops/s) - 378 (415615 Gflops/s) - 382 (420013 Gflops/s) | Temperatures: 74°C - 70°C - 71°C - 74°C - 71°C - 71°C - 69°C - 70°C | Throttling: None - None - None - None - None - None - None - None
385 (423311 Gflops/s) - 381 (418913 Gflops/s) - 380 (417814 Gflops/s) - 381 (418913 Gflops/s) - 386 (424411 Gflops/s) - 379 (416714 Gflops/s) - 378 (415615 Gflops/s) - 382 (420013 Gflops/s) | Temperatures: 74°C - 70°C - 71°C - 74°C - 71°C - 71°C - 69°C - 70°C | Throttling: None - None - None - None - None - None - None - None
386 (424411 Gflops/s) - 381 (418913 Gflops/s) - 381 (418913 Gflops/s) - 381 (418913 Gflops/s) - 386 (424411 Gflops/s) - 379 (416714 Gflops/s) - 378 (415615 Gflops/s) - 382 (420013 Gflops/s) | Temperatures: 74°C - 70°C - 71°C - 74°C - 71°C - 71°C - 69°C - 70°C | Throttling: None - None - None - None - None - None - None - None
385 (423311 Gflops/s) - 381 (418913 Gflops/s) - 380 (417814 Gflops/s) - 381 (418913 Gflops/s) - 385 (423311 Gflops/s) - 379 (416714 Gflops/s) - 378 (415615 Gflops/s) - 382 (420013 Gflops/s) | Temperatures: 74°C - 70°C - 71°C - 74°C - 71°C - 71°C - 69°C - 70°C | Throttling: None - None - None - None - None - None - None - None
386 (424411 Gflops/s) - 381 (418913 Gflops/s) - 380 (417814 Gflops/s) - 382 (420013 Gflops/s) - 386 (424411 Gflops/s) - 379 (416714 Gflops/s) - 378 (415615 Gflops/s) - 381 (418913 Gflops/s) | Temperatures: 74°C - 70°C - 71°C - 74°C - 71°C - 71°C - 69°C - 70°C | Throttling: None - None - None - None - None - None - None - None
385 (423311 Gflops/s) - 380 (417814 Gflops/s) - 381 (418913 Gflops/s) - 381 (418913 Gflops/s) - 386 (424411 Gflops/s) - 378 (415615 Gflops/s) - 378 (415615 Gflops/s) - 382 (420013 Gflops/s) | Temperatures: 74°C - 70°C - 71°C - 74°C - 71°C - 71°C - 69°C - 70°C | Throttling: None - None - None - None - None - None - None - None
385 (423311 Gflops/s) - 381 (418913 Gflops/s) - 380 (417814 Gflops/s) - 381 (418913 Gflops/s) - 385 (423311 Gflops/s) - 379 (416714 Gflops/s) - 378 (415615 Gflops/s) - 382 (420013 Gflops/s) | Temperatures: 74°C - 70°C - 71°C - 74°C - 71°C - 71°C - 69°C - 70°C | Throttling: None - None - None - None - None - None - None - None
386 (424411 Gflops/s) - 381 (418913 Gflops/s) - 380 (417814 Gflops/s) - 381 (418913 Gflops/s) - 386 (424411 Gflops/s) - 379 (416714 Gflops/s) - 378 (415615 Gflops/s) - 382 (420013 Gflops/s) | Temperatures: 74°C - 70°C - 71°C - 74°C - 71°C - 71°C - 69°C - 70°C | Throttling: None - None - None - None - None - None - None - None
385 (423311 Gflops/s) - 381 (418913 Gflops/s) - 381 (418913 Gflops/s) - 381 (418913 Gflops/s) - 386 (424411 Gflops/s) - 379 (416714 Gflops/s) - 378 (415615 Gflops/s) - 382 (420013 Gflops/s) | Temperatures: 74°C - 70°C - 71°C - 74°C - 71°C - 71°C - 69°C - 70°C | Throttling: None - None - None - None - None - None - None - None
386 (424411 Gflops/s) - 380 (417814 Gflops/s) - 380 (417814 Gflops/s) - 382 (420013 Gflops/s) - 385 (423311 Gflops/s) - 379 (416714 Gflops/s) - 378 (415615 Gflops/s) - 381 (418913 Gflops/s) | Temperatures: 74°C - 70°C - 71°C - 74°C - 71°C - 71°C - 69°C - 70°C | Throttling: None - None - None - None - None - None - None - None
385 (423311 Gflops/s) - 381 (418913 Gflops/s) - 380 (417814 Gflops/s) - 380 (417814 Gflops/s) - 386 (424411 Gflops/s) - 379 (416714 Gflops/s) - 377 (414515 Gflops/s) - 382 (420013 Gflops/s) | Temperatures: 74°C - 70°C - 71°C - 74°C - 71°C - 71°C - 69°C - 70°C | Throttling: None - None - None - None - None - None - None - None
385 (423311 Gflops/s) - 381 (418913 Gflops/s) - 380 (417814 Gflops/s) - 382 (420013 Gflops/s) - 385 (423311 Gflops/s) - 379 (416714 Gflops/s) - 378 (415615 Gflops/s) - 381 (418913 Gflops/s) | Temperatures: 74°C - 70°C - 71°C - 74°C - 71°C - 71°C - 69°C - 70°C | Throttling: None - None - None - None - None - None - None - None
385 (423311 Gflops/s) - 380 (417814 Gflops/s) - 380 (417814 Gflops/s) - 381 (418913 Gflops/s) - 386 (424411 Gflops/s) - 379 (416714 Gflops/s) - 378 (415615 Gflops/s) - 382 (420013 Gflops/s) | Temperatures: 74°C - 70°C - 71°C - 74°C - 71°C - 71°C - 69°C - 70°C | Throttling: None - None - None - None - None - None - None - None
386 (424411 Gflops/s) - 381 (418913 Gflops/s) - 381 (418913 Gflops/s) - 381 (418913 Gflops/s) - 386 (424411 Gflops/s) - 378 (415615 Gflops/s) - 378 (415615 Gflops/s) - 382 (420013 Gflops/s) | Temperatures: 74°C - 70°C - 71°C - 74°C - 71°C - 71°C - 69°C - 70°C | Throttling: None - None - None - None - None - None - None - None
385 (423311 Gflops/s) - 381 (418913 Gflops/s) - 380 (417814 Gflops/s) - 381 (418913 Gflops/s) - 385 (423311 Gflops/s) - 379 (416714 Gflops/s) - 378 (415615 Gflops/s) - 381 (418913 Gflops/s) | Temperatures: 74°C - 70°C - 71°C - 74°C - 71°C - 71°C - 69°C - 70°C | Throttling: None - None - None - None - None - None - None - None
385 (423311 Gflops/s) - 381 (418913 Gflops/s) - 380 (417814 Gflops/s) - 381 (418913 Gflops/s) - 386 (424411 Gflops/s) - 379 (416714 Gflops/s) - 378 (415615 Gflops/s) - 382 (420013 Gflops/s) | Temperatures: 74°C - 70°C - 71°C - 74°C - 71°C - 71°C - 69°C - 70°C | Throttling: None - None - None - None - None - None - None - None
386 (424411 Gflops/s) - 380 (417814 Gflops/s) - 381 (418913 Gflops/s) - 381 (418913 Gflops/s) - 386 (424411 Gflops/s) - 379 (416714 Gflops/s) - 378 (415615 Gflops/s) - 382 (420013 Gflops/s) | Temperatures: 74°C - 70°C - 71°C - 74°C - 71°C - 71°C - 69°C - 70°C | Throttling: None - None - None - None - None - None - None - None
385 (423311 Gflops/s) - 381 (418913 Gflops/s) - 380 (417814 Gflops/s) - 382 (420013 Gflops/s) - 385 (423311 Gflops/s) - 379 (416714 Gflops/s) - 378 (415615 Gflops/s) - 382 (420013 Gflops/s) | Temperatures: 74°C - 70°C - 71°C - 74°C - 71°C - 71°C - 69°C - 70°C | Throttling: None - None - None - None - None - None - None - None
385 (423311 Gflops/s) - 381 (418913 Gflops/s) - 380 (417814 Gflops/s) - 381 (418913 Gflops/s) - 386 (424411 Gflops/s) - 379 (416714 Gflops/s) - 378 (415615 Gflops/s) - 381 (418913 Gflops/s) | Temperatures: 74°C - 70°C - 71°C - 74°C - 71°C - 71°C - 69°C - 70°C | Throttling: None - None - None - None - None - None - None - None
385 (423311 Gflops/s) - 381 (418913 Gflops/s) - 381 (418913 Gflops/s) - 381 (418913 Gflops/s) - 386 (424411 Gflops/s) - 379 (416714 Gflops/s) - 378 (415615 Gflops/s) - 382 (420013 Gflops/s) | Temperatures: 74°C - 70°C - 71°C - 74°C - 71°C - 71°C - 69°C - 70°C | Throttling: None - None - None - None - None - None - None - None
386 (424411 Gflops/s) - 380 (417814 Gflops/s) - 380 (417814 Gflops/s) - 381 (418913 Gflops/s) - 385 (423311 Gflops/s) - 379 (416714 Gflops/s) - 378 (415615 Gflops/s) - 382 (420013 Gflops/s) | Temperatures: 74°C - 70°C - 71°C - 74°C - 71°C - 71°C - 69°C - 70°C | Throttling: None - None - None - None - None - None - None - None
385 (423311 Gflops/s) - 381 (418913 Gflops/s) - 380 (417814 Gflops/s) - 381 (418913 Gflops/s) - 386 (424411 Gflops/s) - 379 (416714 Gflops/s) - 378 (415615 Gflops/s) - 381 (418913 Gflops/s) | Temperatures: 74°C - 70°C - 71°C - 74°C - 71°C - 71°C - 69°C - 70°C | Throttling: None - None - None - None - None - None - None - None
385 (423311 Gflops/s) - 381 (418913 Gflops/s) - 380 (417814 Gflops/s) - 381 (418913 Gflops/s) - 386 (424411 Gflops/s) - 379 (416714 Gflops/s) - 378 (415615 Gflops/s) - 382 (420013 Gflops/s) | Temperatures: 74°C - 70°C - 71°C - 74°C - 71°C - 71°C - 69°C - 70°C | Throttling: None - None - None - None - None - None - None - None
386 (424411 Gflops/s) - 381 (418913 Gflops/s) - 381 (418913 Gflops/s) - 381 (418913 Gflops/s) - 385 (423311 Gflops/s) - 378 (415615 Gflops/s) - 378 (415615 Gflops/s) - 382 (420013 Gflops/s) | Temperatures: 74°C - 70°C - 71°C - 74°C - 71°C - 71°C - 69°C - 70°C | Throttling: None - None - None - None - None - None - None - None
385 (423311 Gflops/s) - 380 (417814 Gflops/s) - 379 (416714 Gflops/s) - 381 (418913 Gflops/s) - 386 (424411 Gflops/s) - 379 (416714 Gflops/s) - 378 (415615 Gflops/s) - 381 (418913 Gflops/s) | Temperatures: 74°C - 70°C - 71°C - 74°C - 71°C - 71°C - 69°C - 70°C | Throttling: None - None - None - None - None - None - None - None
385 (423311 Gflops/s) - 381 (418913 Gflops/s) - 381 (418913 Gflops/s) - 381 (418913 Gflops/s) - 385 (423311 Gflops/s) - 379 (416714 Gflops/s) - 378 (415615 Gflops/s) - 382 (420013 Gflops/s) | Temperatures: 74°C - 70°C - 71°C - 74°C - 71°C - 71°C - 70°C - 70°C | Throttling: None - None - None - None - None - None - None - None
385 (423311 Gflops/s) - 380 (417814 Gflops/s) - 380 (417814 Gflops/s) - 381 (418913 Gflops/s) - 386 (424411 Gflops/s) - 379 (416714 Gflops/s) - 378 (415615 Gflops/s) - 382 (420013 Gflops/s) | Temperatures: 74°C - 70°C - 71°C - 74°C - 71°C - 71°C - 69°C - 70°C | Throttling: None - None - None - None - None - None - None - None
386 (424411 Gflops/s) - 381 (418913 Gflops/s) - 380 (417814 Gflops/s) - 382 (420013 Gflops/s) - 386 (424411 Gflops/s) - 379 (416714 Gflops/s) - 378 (415615 Gflops/s) - 381 (418913 Gflops/s) | Temperatures: 74°C - 70°C - 71°C - 74°C - 71°C - 71°C - 70°C - 70°C | Throttling: None - None - None - None - None - None - None - None
385 (423311 Gflops/s) - 381 (418913 Gflops/s) - 380 (417814 Gflops/s) - 381 (418913 Gflops/s) - 385 (423311 Gflops/s) - 378 (415615 Gflops/s) - 378 (415615 Gflops/s) - 382 (420013 Gflops/s) | Temperatures: 74°C - 70°C - 71°C - 74°C - 71°C - 71°C - 70°C - 70°C | Throttling: None - None - None - None - None - None - None - None
385 (423311 Gflops/s) - 381 (418913 Gflops/s) - 381 (418913 Gflops/s) - 381 (418913 Gflops/s) - 386 (424411 Gflops/s) - 379 (416714 Gflops/s) - 378 (415615 Gflops/s) - 382 (420013 Gflops/s) | Temperatures: 74°C - 70°C - 71°C - 74°C - 71°C - 71°C - 70°C - 70°C | Throttling: None - None - None - None - None - None - None - None
386 (424411 Gflops/s) - 380 (417814 Gflops/s) - 380 (417814 Gflops/s) - 381 (418913 Gflops/s) - 385 (423311 Gflops/s) - 379 (416714 Gflops/s) - 378 (415615 Gflops/s) - 381 (418913 Gflops/s) | Temperatures: 74°C - 70°C - 71°C - 74°C - 71°C - 71°C - 70°C - 70°C | Throttling: None - None - None - None - None - None - None - None
385 (423311 Gflops/s) - 381 (418913 Gflops/s) - 380 (417814 Gflops/s) - 381 (418913 Gflops/s) - 386 (424411 Gflops/s) - 379 (416714 Gflops/s) - 378 (415615 Gflops/s) - 382 (420013 Gflops/s) | Temperatures: 74°C - 70°C - 71°C - 74°C - 71°C - 71°C - 70°C - 70°C | Throttling: None - None - None - None - None - None - None - None
386 (424411 Gflops/s) - 381 (418913 Gflops/s) - 381 (418913 Gflops/s) - 382 (420013 Gflops/s) - 386 (424411 Gflops/s) - 379 (416714 Gflops/s) - 378 (415615 Gflops/s) - 382 (420013 Gflops/s) | Temperatures: 74°C - 70°C - 71°C - 74°C - 71°C - 71°C - 70°C - 70°C | Throttling: None - None - None - None - None - None - None - None
385 (423311 Gflops/s) - 381 (418913 Gflops/s) - 380 (417814 Gflops/s) - 381 (418913 Gflops/s) - 385 (423311 Gflops/s) - 379 (416714 Gflops/s) - 378 (415615 Gflops/s) - 381 (418913 Gflops/s) | Temperatures: 74°C - 70°C - 71°C - 74°C - 71°C - 71°C - 70°C - 70°C | Throttling: None - None - None - None - None - None - None - None
385 (423311 Gflops/s) - 380 (417814 Gflops/s) - 380 (417814 Gflops/s) - 381 (418913 Gflops/s) - 386 (424411 Gflops/s) - 379 (416714 Gflops/s) - 378 (415615 Gflops/s) - 382 (420013 Gflops/s) | Temperatures: 74°C - 70°C - 71°C - 74°C - 71°C - 71°C - 70°C - 70°C | Throttling: None - None - None - None - None - None - None - None
386 (424411 Gflops/s) - 381 (418913 Gflops/s) - 380 (417814 Gflops/s) - 381 (418913 Gflops/s) - 386 (424411 Gflops/s) - 378 (415615 Gflops/s) - 378 (415615 Gflops/s) - 382 (420013 Gflops/s) | Temperatures: 74°C - 70°C - 71°C - 74°C - 71°C - 71°C - 70°C - 70°C | Throttling: None - None - None - None - None - None - None - None
385 (423311 Gflops/s) - 381 (418913 Gflops/s) - 381 (418913 Gflops/s) - 381 (418913 Gflops/s) - 385 (423311 Gflops/s) - 379 (416714 Gflops/s) - 378 (415615 Gflops/s) - 381 (418913 Gflops/s) | Temperatures: 74°C - 70°C - 71°C - 74°C - 71°C - 71°C - 70°C - 70°C | Throttling: None - None - None - None - None - None - None - None
385 (423311 Gflops/s) - 380 (417814 Gflops/s) - 380 (417814 Gflops/s) - 381 (418913 Gflops/s) - 386 (424411 Gflops/s) - 379 (416714 Gflops/s) - 378 (415615 Gflops/s) - 382 (420013 Gflops/s) | Temperatures: 74°C - 70°C - 71°C - 74°C - 71°C - 71°C - 70°C - 70°C | Throttling: None - None - None - None - None - None - None - None
385 (423311 Gflops/s) - 381 (418913 Gflops/s) - 380 (417814 Gflops/s) - 381 (418913 Gflops/s) - 385 (423311 Gflops/s) - 378 (415615 Gflops/s) - 377 (414515 Gflops/s) - 381 (418913 Gflops/s) | Temperatures: 74°C - 70°C - 71°C - 74°C - 71°C - 71°C - 70°C - 70°C | Throttling: None - None - None - None - None - None - None - None
386 (424411 Gflops/s) - 381 (418913 Gflops/s) - 380 (417814 Gflops/s) - 381 (418913 Gflops/s) - 386 (424411 Gflops/s) - 379 (416714 Gflops/s) - 379 (416714 Gflops/s) - 382 (420013 Gflops/s) | Temperatures: 74°C - 70°C - 71°C - 74°C - 71°C - 71°C - 70°C - 70°C | Throttling: None - None - None - None - None - None - None - None
385 (423311 Gflops/s) - 380 (417814 Gflops/s) - 380 (417814 Gflops/s) - 382 (420013 Gflops/s) - 385 (423311 Gflops/s) - 379 (416714 Gflops/s) - 377 (414515 Gflops/s) - 381 (418913 Gflops/s) | Temperatures: 74°C - 70°C - 71°C - 74°C - 71°C - 72°C - 70°C - 70°C | Throttling: None - None - None - None - None - None - None - None
386 (424411 Gflops/s) - 381 (418913 Gflops/s) - 380 (417814 Gflops/s) - 381 (418913 Gflops/s) - 386 (424411 Gflops/s) - 379 (416714 Gflops/s) - 378 (415615 Gflops/s) - 382 (420013 Gflops/s) | Temperatures: 74°C - 70°C - 71°C - 74°C - 71°C - 71°C - 70°C - 70°C | Throttling: None - None - None - None - None - None - None - None
385 (423311 Gflops/s) - 381 (418913 Gflops/s) - 381 (418913 Gflops/s) - 381 (418913 Gflops/s) - 385 (423311 Gflops/s) - 379 (416714 Gflops/s) - 379 (416714 Gflops/s) - 382 (420013 Gflops/s) | Temperatures: 74°C - 70°C - 71°C - 74°C - 71°C - 71°C - 70°C - 70°C | Throttling: None - None - None - None - None - None - None - None
385 (423311 Gflops/s) - 381 (418913 Gflops/s) - 380 (417814 Gflops/s) - 381 (418913 Gflops/s) - 386 (424411 Gflops/s) - 379 (416714 Gflops/s) - 377 (414515 Gflops/s) - 381 (418913 Gflops/s) | Temperatures: 74°C - 70°C - 71°C - 74°C - 71°C - 71°C - 70°C - 70°C | Throttling: None - None - None - None - None - None - None - None
386 (424411 Gflops/s) - 380 (417814 Gflops/s) - 380 (417814 Gflops/s) - 381 (418913 Gflops/s) - 386 (424411 Gflops/s) - 378 (415615 Gflops/s) - 378 (415615 Gflops/s) - 382 (420013 Gflops/s) | Temperatures: 74°C - 70°C - 71°C - 74°C - 71°C - 71°C - 70°C - 70°C | Throttling: None - None - None - None - None - None - None - None
385 (423311 Gflops/s) - 381 (418913 Gflops/s) - 380 (417814 Gflops/s) - 381 (418913 Gflops/s) - 385 (423311 Gflops/s) - 379 (416714 Gflops/s) - 378 (415615 Gflops/s) - 382 (420013 Gflops/s) | Temperatures: 74°C - 70°C - 71°C - 74°C - 71°C - 71°C - 70°C - 70°C | Throttling: None - None - None - None - None - None - None - None
385 (423311 Gflops/s) - 381 (418913 Gflops/s) - 380 (417814 Gflops/s) - 381 (418913 Gflops/s) - 386 (424411 Gflops/s) - 379 (416714 Gflops/s) - 378 (415615 Gflops/s) - 381 (418913 Gflops/s) | Temperatures: 74°C - 70°C - 71°C - 74°C - 71°C - 71°C - 70°C - 70°C | Throttling: None - None - None - None - None - None - None - None
386 (424411 Gflops/s) - 381 (418913 Gflops/s) - 381 (418913 Gflops/s) - 381 (418913 Gflops/s) - 385 (423311 Gflops/s) - 379 (416714 Gflops/s) - 378 (415615 Gflops/s) - 382 (420013 Gflops/s) | Temperatures: 74°C - 70°C - 71°C - 74°C - 71°C - 71°C - 70°C - 70°C | Throttling: None - None - None - None - None - None - None - None
385 (423311 Gflops/s) - 380 (417814 Gflops/s) - 380 (417814 Gflops/s) - 382 (420013 Gflops/s) - 386 (424411 Gflops/s) - 379 (416714 Gflops/s) - 378 (415615 Gflops/s) - 382 (420013 Gflops/s) | Temperatures: 74°C - 70°C - 71°C - 74°C - 71°C - 72°C - 70°C - 70°C | Throttling: None - None - None - None - None - None - None - None
386 (424411 Gflops/s) - 381 (418913 Gflops/s) - 380 (417814 Gflops/s) - 381 (418913 Gflops/s) - 386 (424411 Gflops/s) - 378 (415615 Gflops/s) - 378 (415615 Gflops/s) - 381 (418913 Gflops/s) | Temperatures: 74°C - 70°C - 71°C - 74°C - 71°C - 71°C - 70°C - 70°C | Throttling: None - None - None - None - None - None - None - None
385 (423311 Gflops/s) - 381 (418913 Gflops/s) - 380 (417814 Gflops/s) - 381 (418913 Gflops/s) - 385 (423311 Gflops/s) - 379 (416714 Gflops/s) - 378 (415615 Gflops/s) - 382 (420013 Gflops/s) | Temperatures: 74°C - 70°C - 71°C - 74°C - 71°C - 71°C - 70°C - 70°C | Throttling: None - None - None - None - None - None - None - None
385 (423311 Gflops/s) - 380 (417814 Gflops/s) - 381 (418913 Gflops/s) - 381 (418913 Gflops/s) - 386 (424411 Gflops/s) - 379 (416714 Gflops/s) - 378 (415615 Gflops/s) - 382 (420013 Gflops/s) | Temperatures: 74°C - 70°C - 71°C - 74°C - 71°C - 72°C - 70°C - 70°C | Throttling: None - None - None - None - None - None - None - None
386 (424411 Gflops/s) - 381 (418913 Gflops/s) - 380 (417814 Gflops/s) - 381 (418913 Gflops/s) - 385 (423311 Gflops/s) - 379 (416714 Gflops/s) - 378 (415615 Gflops/s) - 381 (418913 Gflops/s) | Temperatures: 74°C - 70°C - 71°C - 74°C - 71°C - 71°C - 70°C - 70°C | Throttling: None - None - None - None - None - None - None - None
384 (422212 Gflops/s) - 380 (417814 Gflops/s) - 380 (417814 Gflops/s) - 381 (418913 Gflops/s) - 385 (423311 Gflops/s) - 378 (415615 Gflops/s) - 378 (415615 Gflops/s) - 381 (418913 Gflops/s) | Temperatures: 74°C - 70°C - 71°C - 74°C - 71°C - 71°C - 70°C - 70°C | Throttling: None - None - None - None - None - None - None - None
386 (424411 Gflops/s) - 381 (418913 Gflops/s) - 380 (417814 Gflops/s) - 381 (418913 Gflops/s) - 386 (424411 Gflops/s) - 379 (416714 Gflops/s) - 378 (415615 Gflops/s) - 382 (420013 Gflops/s) | Temperatures: 74°C - 70°C - 71°C - 74°C - 71°C - 72°C - 70°C - 70°C | Throttling: None - None - None - None - None - None - None - None
385 (423311 Gflops/s) - 381 (418913 Gflops/s) - 380 (417814 Gflops/s) - 381 (418913 Gflops/s) - 386 (424411 Gflops/s) - 379 (416714 Gflops/s) - 378 (415615 Gflops/s) - 382 (420013 Gflops/s) | Temperatures: 74°C - 70°C - 71°C - 74°C - 71°C - 72°C - 70°C - 70°C | Throttling: None - None - None - None - None - None - None - None
385 (423311 Gflops/s) - 381 (418913 Gflops/s) - 380 (417814 Gflops/s) - 381 (418913 Gflops/s) - 385 (423311 Gflops/s) - 379 (416714 Gflops/s) - 378 (415615 Gflops/s) - 381 (418913 Gflops/s) | Temperatures: 74°C - 70°C - 71°C - 74°C - 71°C - 72°C - 70°C - 70°C | Throttling: None - None - None - None - None - None - None - None
386 (424411 Gflops/s) - 380 (417814 Gflops/s) - 380 (417814 Gflops/s) - 381 (418913 Gflops/s) - 386 (424411 Gflops/s) - 378 (415615 Gflops/s) - 378 (415615 Gflops/s) - 382 (420013 Gflops/s) | Temperatures: 74°C - 70°C - 71°C - 75°C - 71°C - 71°C - 70°C - 71°C | Throttling: None - None - None - None - None - None - None - None
385 (423311 Gflops/s) - 381 (418913 Gflops/s) - 381 (418913 Gflops/s) - 381 (418913 Gflops/s) - 385 (423311 Gflops/s) - 379 (416714 Gflops/s) - 378 (415615 Gflops/s) - 381 (418913 Gflops/s) | Temperatures: 74°C - 70°C - 71°C - 74°C - 71°C - 72°C - 70°C - 70°C | Throttling: None - None - None - None - None - None - None - None
385 (423311 Gflops/s) - 381 (418913 Gflops/s) - 380 (417814 Gflops/s) - 381 (418913 Gflops/s) - 386 (424411 Gflops/s) - 379 (416714 Gflops/s) - 378 (415615 Gflops/s) - 382 (420013 Gflops/s) | Temperatures: 74°C - 70°C - 71°C - 75°C - 71°C - 72°C - 70°C - 70°C | Throttling: None - None - None - None - None - None - None - None
386 (424411 Gflops/s) - 380 (417814 Gflops/s) - 380 (417814 Gflops/s) - 381 (418913 Gflops/s) - 386 (424411 Gflops/s) - 379 (416714 Gflops/s) - 378 (415615 Gflops/s) - 382 (420013 Gflops/s) | Temperatures: 74°C - 70°C - 71°C - 75°C - 71°C - 71°C - 70°C - 70°C | Throttling: None - None - None - None - None - None - None - None
385 (423311 Gflops/s) - 381 (418913 Gflops/s) - 380 (417814 Gflops/s) - 382 (420013 Gflops/s) - 385 (423311 Gflops/s) - 379 (416714 Gflops/s) - 378 (415615 Gflops/s) - 381 (418913 Gflops/s) | Temperatures: 74°C - 70°C - 71°C - 74°C - 71°C - 71°C - 70°C - 70°C | Throttling: None - None - None - None - None - None - None - None
385 (423311 Gflops/s) - 381 (418913 Gflops/s) - 380 (417814 Gflops/s) - 381 (418913 Gflops/s) - 386 (424411 Gflops/s) - 378 (415615 Gflops/s) - 378 (415615 Gflops/s) - 382 (420013 Gflops/s) | Temperatures: 74°C - 70°C - 71°C - 75°C - 71°C - 72°C - 70°C - 71°C | Throttling: None - None - None - None - None - None - None - None
385 (423311 Gflops/s) - 380 (417814 Gflops/s) - 381 (418913 Gflops/s) - 381 (418913 Gflops/s) - 385 (423311 Gflops/s) - 379 (416714 Gflops/s) - 378 (415615 Gflops/s) - 382 (420013 Gflops/s) | Temperatures: 74°C - 70°C - 71°C - 75°C - 71°C - 72°C - 70°C - 71°C | Throttling: None - None - None - None - None - None - None - None
386 (424411 Gflops/s) - 381 (418913 Gflops/s) - 380 (417814 Gflops/s) - 381 (418913 Gflops/s) - 386 (424411 Gflops/s) - 379 (416714 Gflops/s) - 378 (415615 Gflops/s) - 381 (418913 Gflops/s) | Temperatures: 74°C - 70°C - 71°C - 74°C - 71°C - 72°C - 70°C - 70°C | Throttling: None - None - None - None - None - None - None - None
385 (423311 Gflops/s) - 381 (418913 Gflops/s) - 380 (417814 Gflops/s) - 381 (418913 Gflops/s) - 385 (423311 Gflops/s) - 379 (416714 Gflops/s) - 378 (415615 Gflops/s) - 382 (420013 Gflops/s) | Temperatures: 74°C - 70°C - 71°C - 75°C - 71°C - 72°C - 70°C - 71°C | Throttling: None - None - None - None - None - None - None - None
385 (423311 Gflops/s) - 380 (417814 Gflops/s) - 380 (417814 Gflops/s) - 381 (418913 Gflops/s) - 386 (424411 Gflops/s) - 378 (415615 Gflops/s) - 378 (415615 Gflops/s) - 381 (418913 Gflops/s) | Temperatures: 74°C - 70°C - 71°C - 74°C - 71°C - 72°C - 70°C - 70°C | Throttling: None - None - None - None - None - None - None - None
385 (423311 Gflops/s) - 381 (418913 Gflops/s) - 380 (417814 Gflops/s) - 381 (418913 Gflops/s) - 385 (423311 Gflops/s) - 379 (416714 Gflops/s) - 378 (415615 Gflops/s) - 381 (418913 Gflops/s) | Temperatures: 74°C - 70°C - 71°C - 74°C - 71°C - 72°C - 70°C - 70°C | Throttling: None - None - None - None - None - None - None - None
385 (423311 Gflops/s) - 380 (417814 Gflops/s) - 380 (417814 Gflops/s) - 381 (418913 Gflops/s) - 386 (424411 Gflops/s) - 379 (416714 Gflops/s) - 378 (415615 Gflops/s) - 382 (420013 Gflops/s) | Temperatures: 74°C - 70°C - 71°C - 74°C - 71°C - 71°C - 70°C - 70°C | Throttling: None - None - None - None - None - None - None - None
386 (424411 Gflops/s) - 381 (418913 Gflops/s) - 381 (418913 Gflops/s) - 381 (418913 Gflops/s) - 385 (423311 Gflops/s) - 379 (416714 Gflops/s) - 378 (415615 Gflops/s) - 382 (420013 Gflops/s) | Temperatures: 74°C - 70°C - 71°C - 74°C - 71°C - 71°C - 70°C - 70°C | Throttling: None - None - None - None - None - None - None - None
385 (423311 Gflops/s) - 381 (418913 Gflops/s) - 380 (417814 Gflops/s) - 381 (418913 Gflops/s) - 386 (424411 Gflops/s) - 378 (415615 Gflops/s) - 378 (415615 Gflops/s) - 381 (418913 Gflops/s) | Temperatures: 74°C - 70°C - 71°C - 75°C - 71°C - 72°C - 70°C - 71°C | Throttling: None - None - None - None - None - None - None - None
385 (423311 Gflops/s) - 380 (417814 Gflops/s) - 380 (417814 Gflops/s) - 381 (418913 Gflops/s) - 385 (423311 Gflops/s) - 379 (416714 Gflops/s) - 378 (415615 Gflops/s) - 382 (420013 Gflops/s) | Temperatures: 74°C - 70°C - 71°C - 74°C - 71°C - 71°C - 70°C - 70°C | Throttling: None - None - None - None - None - None - None - None
386 (424411 Gflops/s) - 381 (418913 Gflops/s) - 380 (417814 Gflops/s) - 381 (418913 Gflops/s) - 386 (424411 Gflops/s) - 379 (416714 Gflops/s) - 377 (414515 Gflops/s) - 381 (418913 Gflops/s) | Temperatures: 74°C - 70°C - 71°C - 74°C - 71°C - 72°C - 70°C - 70°C | Throttling: None - None - None - None - None - None - None - None
385 (423311 Gflops/s) - 381 (418913 Gflops/s) - 381 (418913 Gflops/s) - 381 (418913 Gflops/s) - 385 (423311 Gflops/s) - 379 (416714 Gflops/s) - 379 (416714 Gflops/s) - 382 (420013 Gflops/s) | Temperatures: 74°C - 70°C - 71°C - 74°C - 71°C - 72°C - 70°C - 71°C | Throttling: None - None - None - None - None - None - None - None
385 (423311 Gflops/s) - 381 (418913 Gflops/s) - 380 (417814 Gflops/s) - 381 (418913 Gflops/s) - 386 (424411 Gflops/s) - 379 (416714 Gflops/s) - 377 (414515 Gflops/s) - 382 (420013 Gflops/s) | Temperatures: 74°C - 70°C - 71°C - 74°C - 71°C - 72°C - 70°C - 70°C | Throttling: None - None - None - None - None - None - None - None
385 (423311 Gflops/s) - 380 (417814 Gflops/s) - 380 (417814 Gflops/s) - 382 (420013 Gflops/s) - 386 (424411 Gflops/s) - 379 (416714 Gflops/s) - 378 (415615 Gflops/s) - 381 (418913 Gflops/s) | Temperatures: 74°C - 70°C - 71°C - 75°C - 71°C - 72°C - 70°C - 70°C | Throttling: None - None - None - None - None - None - None - None
386 (424411 Gflops/s) - 381 (418913 Gflops/s) - 380 (417814 Gflops/s) - 381 (418913 Gflops/s) - 385 (423311 Gflops/s) - 378 (415615 Gflops/s) - 378 (415615 Gflops/s) - 382 (420013 Gflops/s) | Temperatures: 74°C - 70°C - 71°C - 75°C - 71°C - 71°C - 70°C - 71°C | Throttling: None - None - None - None - None - None - None - None
385 (423311 Gflops/s) - 381 (418913 Gflops/s) - 380 (417814 Gflops/s) - 381 (418913 Gflops/s) - 386 (424411 Gflops/s) - 379 (416714 Gflops/s) - 378 (415615 Gflops/s) - 381 (418913 Gflops/s) | Temperatures: 74°C - 70°C - 71°C - 74°C - 71°C - 72°C - 70°C - 70°C | Throttling: None - None - None - None - None - None - None - None
385 (423311 Gflops/s) - 380 (417814 Gflops/s) - 381 (418913 Gflops/s) - 381 (418913 Gflops/s) - 385 (423311 Gflops/s) - 379 (416714 Gflops/s) - 378 (415615 Gflops/s) - 382 (420013 Gflops/s) | Temperatures: 74°C - 70°C - 71°C - 75°C - 71°C - 72°C - 70°C - 71°C | Throttling: None - None - None - None - None - None - None - None
386 (424411 Gflops/s) - 381 (418913 Gflops/s) - 380 (417814 Gflops/s) - 381 (418913 Gflops/s) - 386 (424411 Gflops/s) - 379 (416714 Gflops/s) - 378 (415615 Gflops/s) - 381 (418913 Gflops/s) | Temperatures: 74°C - 70°C - 71°C - 75°C - 71°C - 71°C - 70°C - 70°C | Throttling: None - None - None - None - None - None - None - None
385 (423311 Gflops/s) - 381 (418913 Gflops/s) - 380 (417814 Gflops/s) - 381 (418913 Gflops/s) - 385 (423311 Gflops/s) - 379 (416714 Gflops/s) - 378 (415615 Gflops/s) - 382 (420013 Gflops/s) | Temperatures: 74°C - 70°C - 71°C - 74°C - 71°C - 72°C - 70°C - 70°C | Throttling: None - None - None - None - None - None - None - None
385 (423311 Gflops/s) - 380 (417814 Gflops/s) - 380 (417814 Gflops/s) - 381 (418913 Gflops/s) - 386 (424411 Gflops/s) - 378 (415615 Gflops/s) - 378 (415615 Gflops/s) - 382 (420013 Gflops/s) | Temperatures: 74°C - 70°C - 71°C - 75°C - 71°C - 72°C - 70°C - 70°C | Throttling: None - None - None - None - None - None - None - None
385 (423311 Gflops/s) - 381 (418913 Gflops/s) - 380 (417814 Gflops/s) - 381 (418913 Gflops/s) - 385 (423311 Gflops/s) - 379 (416714 Gflops/s) - 378 (415615 Gflops/s) - 381 (418913 Gflops/s) | Temperatures: 74°C - 70°C - 71°C - 74°C - 71°C - 72°C - 70°C - 70°C | Throttling: None - None - None - None - None - None - None - None
385 (423311 Gflops/s) - 380 (417814 Gflops/s) - 380 (417814 Gflops/s) - 381 (418913 Gflops/s) - 385 (423311 Gflops/s) - 379 (416714 Gflops/s) - 378 (415615 Gflops/s) - 381 (418913 Gflops/s) | Temperatures: 74°C - 70°C - 71°C - 74°C - 71°C - 72°C - 70°C - 70°C | Throttling: None - None - None - None - None - None - None - None
386 (424411 Gflops/s) - 381 (418913 Gflops/s) - 380 (417814 Gflops/s) - 381 (418913 Gflops/s) - 386 (424411 Gflops/s) - 378 (415615 Gflops/s) - 378 (415615 Gflops/s) - 382 (420013 Gflops/s) | Temperatures: 74°C - 70°C - 71°C - 75°C - 71°C - 71°C - 70°C - 70°C | Throttling: None - None - None - None - None - None - None - None
385 (423311 Gflops/s) - 381 (418913 Gflops/s) - 380 (417814 Gflops/s) - 381 (418913 Gflops/s) - 385 (423311 Gflops/s) - 379 (416714 Gflops/s) - 378 (415615 Gflops/s) - 382 (420013 Gflops/s) | Temperatures: 74°C - 70°C - 71°C - 75°C - 71°C - 72°C - 70°C - 71°C | Throttling: None - None - None - None - None - None - None - None
385 (423311 Gflops/s) - 380 (417814 Gflops/s) - 381 (418913 Gflops/s) - 381 (418913 Gflops/s) - 386 (424411 Gflops/s) - 379 (416714 Gflops/s) - 378 (415615 Gflops/s) - 381 (418913 Gflops/s) | Temperatures: 74°C - 70°C - 71°C - 75°C - 71°C - 72°C - 70°C - 71°C | Throttling: None - None - None - None - None - None - None - None
386 (424411 Gflops/s) - 381 (418913 Gflops/s) - 380 (417814 Gflops/s) - 382 (420013 Gflops/s) - 385 (423311 Gflops/s) - 379 (416714 Gflops/s) - 378 (415615 Gflops/s) - 382 (420013 Gflops/s) | Temperatures: 74°C - 70°C - 71°C - 75°C - 71°C - 72°C - 70°C - 70°C | Throttling: None - None - None - None - None - None - None - None
385 (423311 Gflops/s) - 381 (418913 Gflops/s) - 380 (417814 Gflops/s) - 381 (418913 Gflops/s) - 386 (424411 Gflops/s) - 379 (416714 Gflops/s) - 378 (415615 Gflops/s) - 382 (420013 Gflops/s) | Temperatures: 74°C - 70°C - 71°C - 75°C - 71°C - 72°C - 70°C - 71°C | Throttling: None - None - None - None - None - None - None - None
385 (423311 Gflops/s) - 380 (417814 Gflops/s) - 380 (417814 Gflops/s) - 381 (418913 Gflops/s) - 385 (423311 Gflops/s) - 379 (416714 Gflops/s) - 378 (415615 Gflops/s) - 381 (418913 Gflops/s) | Temperatures: 74°C - 70°C - 71°C - 75°C - 71°C - 72°C - 70°C - 71°C | Throttling: None - None - None - None - None - None - None - None
385 (423311 Gflops/s) - 381 (418913 Gflops/s) - 380 (417814 Gflops/s) - 381 (418913 Gflops/s) - 386 (424411 Gflops/s) - 378 (415615 Gflops/s) - 378 (415615 Gflops/s) - 382 (420013 Gflops/s) | Temperatures: 74°C - 70°C - 71°C - 74°C - 71°C - 72°C - 70°C - 70°C | Throttling: None - None - None - None - None - None - None - None
386 (424411 Gflops/s) - 381 (418913 Gflops/s) - 381 (418913 Gflops/s) - 381 (418913 Gflops/s) - 386 (424411 Gflops/s) - 379 (416714 Gflops/s) - 378 (415615 Gflops/s) - 381 (418913 Gflops/s) | Temperatures: 74°C - 70°C - 71°C - 74°C - 71°C - 72°C - 70°C - 71°C | Throttling: None - None - None - None - None - None - None - None
385 (423311 Gflops/s) - 380 (417814 Gflops/s) - 380 (417814 Gflops/s) - 381 (418913 Gflops/s) - 385 (423311 Gflops/s) - 379 (416714 Gflops/s) - 378 (415615 Gflops/s) - 382 (420013 Gflops/s) | Temperatures: 74°C - 70°C - 71°C - 75°C - 71°C - 71°C - 70°C - 71°C | Throttling: None - None - None - None - None - None - None - None
385 (423311 Gflops/s) - 381 (418913 Gflops/s) - 380 (417814 Gflops/s) - 381 (418913 Gflops/s) - 386 (424411 Gflops/s) - 379 (416714 Gflops/s) - 378 (415615 Gflops/s) - 381 (418913 Gflops/s) | Temperatures: 74°C - 70°C - 71°C - 74°C - 71°C - 71°C - 70°C - 70°C | Throttling: None - None - None - None - None - None - None - None
386 (424411 Gflops/s) - 381 (418913 Gflops/s) - 380 (417814 Gflops/s) - 381 (418913 Gflops/s) - 385 (423311 Gflops/s) - 379 (416714 Gflops/s) - 378 (415615 Gflops/s) - 382 (420013 Gflops/s) | Temperatures: 74°C - 70°C - 71°C - 75°C - 71°C - 72°C - 70°C - 71°C | Throttling: None - None - None - None - None - None - None - None
384 (422212 Gflops/s) - 380 (417814 Gflops/s) - 380 (417814 Gflops/s) - 381 (418913 Gflops/s) - 385 (423311 Gflops/s) - 378 (415615 Gflops/s) - 378 (415615 Gflops/s) - 381 (418913 Gflops/s) | Temperatures: 74°C - 70°C - 71°C - 75°C - 71°C - 72°C - 70°C - 70°C | Throttling: None - None - None - None - None - None - None - None
386 (424411 Gflops/s) - 381 (418913 Gflops/s) - 380 (417814 Gflops/s) - 381 (418913 Gflops/s) - 386 (424411 Gflops/s) - 379 (416714 Gflops/s) - 378 (415615 Gflops/s) - 382 (420013 Gflops/s) | Temperatures: 74°C - 70°C - 71°C - 75°C - 71°C - 72°C - 70°C - 71°C | Throttling: None - None - None - None - None - None - None - None
385 (423311 Gflops/s) - 381 (418913 Gflops/s) - 380 (417814 Gflops/s) - 381 (418913 Gflops/s) - 385 (423311 Gflops/s) - 379 (416714 Gflops/s) - 377 (414515 Gflops/s) - 381 (418913 Gflops/s) | Temperatures: 74°C - 70°C - 71°C - 75°C - 71°C - 72°C - 70°C - 71°C | Throttling: None - None - None - None - None - None - None - None
385 (423311 Gflops/s) - 381 (418913 Gflops/s) - 380 (417814 Gflops/s) - 381 (418913 Gflops/s) - 386 (424411 Gflops/s) - 378 (415615 Gflops/s) - 378 (415615 Gflops/s) - 382 (420013 Gflops/s) | Temperatures: 74°C - 70°C - 71°C - 74°C - 71°C - 72°C - 70°C - 70°C | Throttling: None - None - None - None - None - None - None - None
385 (423311 Gflops/s) - 380 (417814 Gflops/s) - 380 (417814 Gflops/s) - 381 (418913 Gflops/s) - 385 (423311 Gflops/s) - 379 (416714 Gflops/s) - 379 (416714 Gflops/s) - 382 (420013 Gflops/s) | Temperatures: 74°C - 70°C - 71°C - 75°C - 71°C - 72°C - 70°C - 71°C | Throttling: None - None - None - None - None - None - None - None
386 (424411 Gflops/s) - 381 (418913 Gflops/s) - 381 (418913 Gflops/s) - 381 (418913 Gflops/s) - 386 (424411 Gflops/s) - 379 (416714 Gflops/s) - 377 (414515 Gflops/s) - 381 (418913 Gflops/s) | Temperatures: 74°C - 70°C - 71°C - 75°C - 71°C - 72°C - 70°C - 71°C | Throttling: None - None - None - None - None - None - None - None
385 (423311 Gflops/s) - 381 (418913 Gflops/s) - 380 (417814 Gflops/s) - 381 (418913 Gflops/s) - 386 (424411 Gflops/s) - 379 (416714 Gflops/s) - 378 (415615 Gflops/s) - 382 (420013 Gflops/s) | Temperatures: 74°C - 70°C - 71°C - 74°C - 71°C - 72°C - 70°C - 70°C | Throttling: None - None - None - None - None - None - None - None
385 (423311 Gflops/s) - 381 (418913 Gflops/s) - 380 (417814 Gflops/s) - 381 (418913 Gflops/s) - 385 (423311 Gflops/s) - 379 (416714 Gflops/s) - 378 (415615 Gflops/s) - 381 (418913 Gflops/s) | Temperatures: 74°C - 70°C - 71°C - 75°C - 71°C - 72°C - 70°C - 71°C | Throttling: None - None - None - None - None - None - None - None
385 (423311 Gflops/s) - 380 (417814 Gflops/s) - 380 (417814 Gflops/s) - 381 (418913 Gflops/s) - 386 (424411 Gflops/s) - 379 (416714 Gflops/s) - 378 (415615 Gflops/s) - 382 (420013 Gflops/s) | Temperatures: 74°C - 70°C - 71°C - 75°C - 71°C - 72°C - 70°C - 71°C | Throttling: None - None - None - None - None - None - None - None
386 (424411 Gflops/s) - 381 (418913 Gflops/s) - 380 (417814 Gflops/s) - 381 (418913 Gflops/s) - 385 (423311 Gflops/s) - 379 (416714 Gflops/s) - 378 (415615 Gflops/s) - 381 (418913 Gflops/s) | Temperatures: 74°C - 70°C - 71°C - 75°C - 71°C - 72°C - 70°C - 71°C | Throttling: None - None - None - None - None - None - None - None
385 (423311 Gflops/s) - 381 (418913 Gflops/s) - 380 (417814 Gflops/s) - 381 (418913 Gflops/s) - 386 (424411 Gflops/s) - 378 (415615 Gflops/s) - 378 (415615 Gflops/s) - 382 (420013 Gflops/s) | Temperatures: 74°C - 70°C - 71°C - 75°C - 71°C - 72°C - 70°C - 71°C | Throttling: None - None - None - None - None - None - None - None
385 (423311 Gflops/s) - 381 (418913 Gflops/s) - 381 (418913 Gflops/s) - 381 (418913 Gflops/s) - 385 (423311 Gflops/s) - 379 (416714 Gflops/s) - 378 (415615 Gflops/s) - 382 (420013 Gflops/s) | Temperatures: 74°C - 70°C - 71°C - 75°C - 71°C - 72°C - 70°C - 70°C | Throttling: None - None - None - None - None - None - None - None
385 (423311 Gflops/s) - 380 (417814 Gflops/s) - 380 (417814 Gflops/s) - 381 (418913 Gflops/s) - 386 (424411 Gflops/s) - 379 (416714 Gflops/s) - 378 (415615 Gflops/s) - 381 (418913 Gflops/s) | Temperatures: 74°C - 70°C - 71°C - 75°C - 71°C - 72°C - 70°C - 71°C | Throttling: None - None - None - None - None - None - None - None
386 (424411 Gflops/s) - 381 (418913 Gflops/s) - 380 (417814 Gflops/s) - 382 (420013 Gflops/s) - 386 (424411 Gflops/s) - 379 (416714 Gflops/s) - 378 (415615 Gflops/s) - 382 (420013 Gflops/s) | Temperatures: 74°C - 70°C - 71°C - 75°C - 71°C - 72°C - 70°C - 71°C | Throttling: None - None - None - None - None - None - None - None
385 (423311 Gflops/s) - 381 (418913 Gflops/s) - 380 (417814 Gflops/s) - 381 (418913 Gflops/s) - 385 (423311 Gflops/s) - 379 (416714 Gflops/s) - 378 (415615 Gflops/s) - 382 (420013 Gflops/s) | Temperatures: 74°C - 70°C - 71°C - 74°C - 71°C - 72°C - 70°C - 71°C | Throttling: None - None - None - None - None - None - None - None
385 (423311 Gflops/s) - 381 (418913 Gflops/s) - 380 (417814 Gflops/s) - 381 (418913 Gflops/s) - 386 (424411 Gflops/s) - 378 (415615 Gflops/s) - 378 (415615 Gflops/s) - 381 (418913 Gflops/s) | Temperatures: 74°C - 70°C - 71°C - 75°C - 71°C - 72°C - 70°C - 71°C | Throttling: None - None - None - None - None - None - None - None
385 (423311 Gflops/s) - 380 (417814 Gflops/s) - 380 (417814 Gflops/s) - 380 (417814 Gflops/s) - 385 (423311 Gflops/s) - 379 (416714 Gflops/s) - 378 (415615 Gflops/s) - 381 (418913 Gflops/s) | Temperatures: 74°C - 70°C - 71°C - 75°C - 71°C - 72°C - 70°C - 71°C | Throttling: None - None - None - None - None - None - None - None
385 (423311 Gflops/s) - 381 (418913 Gflops/s) - 380 (417814 Gflops/s) - 381 (418913 Gflops/s) - 385 (423311 Gflops/s) - 379 (416714 Gflops/s) - 378 (415615 Gflops/s) - 382 (420013 Gflops/s) | Temperatures: 74°C - 70°C - 71°C - 74°C - 71°C - 72°C - 70°C - 70°C | Throttling: None - None - None - None - None - None - None - None
385 (423311 Gflops/s) - 381 (418913 Gflops/s) - 380 (417814 Gflops/s) - 382 (420013 Gflops/s) - 386 (424411 Gflops/s) - 378 (415615 Gflops/s) - 378 (415615 Gflops/s) - 382 (420013 Gflops/s) | Temperatures: 74°C - 70°C - 71°C - 75°C - 71°C - 72°C - 70°C - 71°C | Throttling: None - None - None - None - None - None - None - None
386 (424411 Gflops/s) - 380 (417814 Gflops/s) - 381 (418913 Gflops/s) - 381 (418913 Gflops/s) - 385 (423311 Gflops/s) - 379 (416714 Gflops/s) - 378 (415615 Gflops/s) - 381 (418913 Gflops/s) | Temperatures: 74°C - 70°C - 71°C - 75°C - 71°C - 72°C - 70°C - 70°C | Throttling: None - None - None - None - None - None - None - None
385 (423311 Gflops/s) - 381 (418913 Gflops/s) - 380 (417814 Gflops/s) - 381 (418913 Gflops/s) - 386 (424411 Gflops/s) - 379 (416714 Gflops/s) - 378 (415615 Gflops/s) - 382 (420013 Gflops/s) | Temperatures: 74°C - 70°C - 71°C - 75°C - 71°C - 72°C - 70°C - 71°C | Throttling: None - None - None - None - None - None - None - None
385 (423311 Gflops/s) - 381 (418913 Gflops/s) - 380 (417814 Gflops/s) - 381 (418913 Gflops/s) - 385 (423311 Gflops/s) - 379 (416714 Gflops/s) - 378 (415615 Gflops/s) - 382 (420013 Gflops/s) | Temperatures: 74°C - 70°C - 71°C - 75°C - 71°C - 72°C - 70°C - 71°C | Throttling: None - None - None - None - None - None - None - None
386 (424411 Gflops/s) - 381 (418913 Gflops/s) - 380 (417814 Gflops/s) - 381 (418913 Gflops/s) - 386 (424411 Gflops/s) - 379 (416714 Gflops/s) - 378 (415615 Gflops/s) - 381 (418913 Gflops/s) | Temperatures: 74°C - 70°C - 71°C - 74°C - 71°C - 72°C - 70°C - 71°C | Throttling: None - None - None - None - None - None - None - None
385 (423311 Gflops/s) - 380 (417814 Gflops/s) - 380 (417814 Gflops/s) - 381 (418913 Gflops/s) - 386 (424411 Gflops/s) - 378 (415615 Gflops/s) - 378 (415615 Gflops/s) - 382 (420013 Gflops/s) | Temperatures: 74°C - 70°C - 71°C - 75°C - 71°C - 72°C - 70°C - 71°C | Throttling: None - None - None - None - None - None - None - None
385 (423311 Gflops/s) - 381 (418913 Gflops/s) - 380 (417814 Gflops/s) - 381 (418913 Gflops/s) - 385 (423311 Gflops/s) - 379 (416714 Gflops/s) - 378 (415615 Gflops/s) - 381 (418913 Gflops/s) | Temperatures: 74°C - 70°C - 71°C - 75°C - 71°C - 72°C - 70°C - 71°C | Throttling: None - None - None - None - None - None - None - None
385 (423311 Gflops/s) - 381 (418913 Gflops/s) - 380 (417814 Gflops/s) - 381 (418913 Gflops/s) - 386 (424411 Gflops/s) - 379 (416714 Gflops/s) - 378 (415615 Gflops/s) - 382 (420013 Gflops/s) | Temperatures: 74°C - 70°C - 71°C - 75°C - 71°C - 72°C - 70°C - 70°C | Throttling: None - None - None - None - None - None - None - None
386 (424411 Gflops/s) - 381 (418913 Gflops/s) - 380 (417814 Gflops/s) - 381 (418913 Gflops/s) - 385 (423311 Gflops/s) - 379 (416714 Gflops/s) - 378 (415615 Gflops/s) - 382 (420013 Gflops/s) | Temperatures: 74°C - 70°C - 71°C - 75°C - 71°C - 72°C - 70°C - 71°C | Throttling: None - None - None - None - None - None - None - None
385 (423311 Gflops/s) - 380 (417814 Gflops/s) - 381 (418913 Gflops/s) - 381 (418913 Gflops/s) - 386 (424411 Gflops/s) - 378 (415615 Gflops/s) - 378 (415615 Gflops/s) - 381 (418913 Gflops/s) | Temperatures: 74°C - 70°C - 71°C - 75°C - 71°C - 72°C - 70°C - 70°C | Throttling: None - None - None - None - None - None - None - None
385 (423311 Gflops/s) - 381 (418913 Gflops/s) - 380 (417814 Gflops/s) - 381 (418913 Gflops/s) - 385 (423311 Gflops/s) - 379 (416714 Gflops/s) - 378 (415615 Gflops/s) - 382 (420013 Gflops/s) | Temperatures: 74°C - 70°C - 71°C - 75°C - 71°C - 72°C - 70°C - 71°C | Throttling: None - None - None - None - None - None - None - None
386 (424411 Gflops/s) - 381 (418913 Gflops/s) - 380 (417814 Gflops/s) - 382 (420013 Gflops/s) - 386 (424411 Gflops/s) - 379 (416714 Gflops/s) - 378 (415615 Gflops/s) - 382 (420013 Gflops/s) | Temperatures: 74°C - 70°C - 71°C - 75°C - 71°C - 72°C - 70°C - 71°C | Throttling: None - None - None - None - None - None - None - None
385 (423311 Gflops/s) - 381 (418913 Gflops/s) - 380 (417814 Gflops/s) - 381 (418913 Gflops/s) - 385 (423311 Gflops/s) - 379 (416714 Gflops/s) - 378 (415615 Gflops/s) - 381 (418913 Gflops/s) | Temperatures: 74°C - 70°C - 71°C - 75°C - 71°C - 72°C - 70°C - 71°C | Throttling: None - None - None - None - None - None - None - None
385 (423311 Gflops/s) - 380 (417814 Gflops/s) - 380 (417814 Gflops/s) - 380 (417814 Gflops/s) - 385 (423311 Gflops/s) - 378 (415615 Gflops/s) - 377 (414515 Gflops/s) - 381 (418913 Gflops/s) | Temperatures: 74°C - 70°C - 71°C - 75°C - 71°C - 72°C - 70°C - 71°C | Throttling: None - None - None - None - None - None - None - None
385 (423311 Gflops/s) - 381 (418913 Gflops/s) - 380 (417814 Gflops/s) - 381 (418913 Gflops/s) - 386 (424411 Gflops/s) - 379 (416714 Gflops/s) - 378 (415615 Gflops/s) - 382 (420013 Gflops/s) | Temperatures: 74°C - 70°C - 71°C - 75°C - 71°C - 72°C - 70°C - 71°C | Throttling: None - None - None - None - None - None - None - None
385 (423311 Gflops/s) - 380 (417814 Gflops/s) - 380 (417814 Gflops/s) - 381 (418913 Gflops/s) - 385 (423311 Gflops/s) - 379 (416714 Gflops/s) - 378 (415615 Gflops/s) - 382 (420013 Gflops/s) | Temperatures: 74°C - 70°C - 71°C - 75°C - 71°C - 72°C - 70°C - 71°C | Throttling: None - None - None - None - None - None - None - None
386 (424411 Gflops/s) - 381 (418913 Gflops/s) - 380 (417814 Gflops/s) - 381 (418913 Gflops/s) - 386 (424411 Gflops/s) - 379 (416714 Gflops/s) - 378 (415615 Gflops/s) - 381 (418913 Gflops/s) | Temperatures: 74°C - 70°C - 71°C - 75°C - 71°C - 72°C - 70°C - 71°C | Throttling: None - None - None - None - None - None - None - None
385 (423311 Gflops/s) - 381 (418913 Gflops/s) - 380 (417814 Gflops/s) - 382 (420013 Gflops/s) - 385 (423311 Gflops/s) - 378 (415615 Gflops/s) - 378 (415615 Gflops/s) - 382 (420013 Gflops/s) | Temperatures: 74°C - 70°C - 71°C - 75°C - 71°C - 72°C - 70°C - 70°C | Throttling: None - None - None - None - None - None - None - None
385 (423311 Gflops/s) - 380 (417814 Gflops/s) - 381 (418913 Gflops/s) - 381 (418913 Gflops/s) - 386 (424411 Gflops/s) - 379 (416714 Gflops/s) - 378 (415615 Gflops/s) - 382 (420013 Gflops/s) | Temperatures: 74°C - 70°C - 71°C - 75°C - 71°C - 72°C - 70°C - 70°C | Throttling: None - None - None - None - None - None - None - None
385 (423311 Gflops/s) - 381 (418913 Gflops/s) - 380 (417814 Gflops/s) - 381 (418913 Gflops/s) - 386 (424411 Gflops/s) - 379 (416714 Gflops/s) - 378 (415615 Gflops/s) - 381 (418913 Gflops/s) | Temperatures: 74°C - 70°C - 71°C - 75°C - 71°C - 72°C - 70°C - 71°C | Throttling: None - None - None - None - None - None - None - None
386 (424411 Gflops/s) - 381 (418913 Gflops/s) - 380 (417814 Gflops/s) - 381 (418913 Gflops/s) - 385 (423311 Gflops/s) - 379 (416714 Gflops/s) - 378 (415615 Gflops/s) - 382 (420013 Gflops/s) | Temperatures: 74°C - 70°C - 71°C - 75°C - 71°C - 72°C - 70°C - 71°C | Throttling: None - None - None - None - None - None - None - None
385 (423311 Gflops/s) - 381 (418913 Gflops/s) - 380 (417814 Gflops/s) - 381 (418913 Gflops/s) - 386 (424411 Gflops/s) - 378 (415615 Gflops/s) - 378 (415615 Gflops/s) - 382 (420013 Gflops/s) | Temperatures: 74°C - 70°C - 71°C - 75°C - 71°C - 72°C - 70°C - 71°C | Throttling: None - None - None - None - None - None - None - None
385 (423311 Gflops/s) - 380 (417814 Gflops/s) - 380 (417814 Gflops/s) - 381 (418913 Gflops/s) - 385 (423311 Gflops/s) - 379 (416714 Gflops/s) - 378 (415615 Gflops/s) - 381 (418913 Gflops/s) | Temperatures: 74°C - 70°C - 71°C - 75°C - 71°C - 72°C - 70°C - 71°C | Throttling: None - None - None - None - None - None - None - None
385 (423311 Gflops/s) - 381 (418913 Gflops/s) - 380 (417814 Gflops/s) - 381 (418913 Gflops/s) - 386 (424411 Gflops/s) - 379 (416714 Gflops/s) - 378 (415615 Gflops/s) - 382 (420013 Gflops/s) | Temperatures: 74°C - 70°C - 71°C - 75°C - 71°C - 72°C - 70°C - 71°C | Throttling: None - None - None - None - None - None - None - None
386 (424411 Gflops/s) - 381 (418913 Gflops/s) - 380 (417814 Gflops/s) - 381 (418913 Gflops/s) - 385 (423311 Gflops/s) - 379 (416714 Gflops/s) - 378 (415615 Gflops/s) - 382 (420013 Gflops/s) | Temperatures: 74°C - 70°C - 71°C - 75°C - 71°C - 72°C - 70°C - 71°C | Throttling: None - None - None - None - None - None - None - None
385 (423311 Gflops/s) - 381 (418913 Gflops/s) - 381 (418913 Gflops/s) - 381 (418913 Gflops/s) - 386 (424411 Gflops/s) - 378 (415615 Gflops/s) - 378 (415615 Gflops/s) - 381 (418913 Gflops/s) | Temperatures: 74°C - 70°C - 71°C - 74°C - 71°C - 72°C - 70°C - 70°C | Throttling: None - None - None - None - None - None - None - None
385 (423311 Gflops/s) - 380 (417814 Gflops/s) - 380 (417814 Gflops/s) - 381 (418913 Gflops/s) - 385 (423311 Gflops/s) - 379 (416714 Gflops/s) - 378 (415615 Gflops/s) - 382 (420013 Gflops/s) | Temperatures: 74°C - 70°C - 71°C - 75°C - 71°C - 72°C - 70°C - 71°C | Throttling: None - None - None - None - None - None - None - None
385 (423311 Gflops/s) - 381 (418913 Gflops/s) - 379 (416714 Gflops/s) - 381 (418913 Gflops/s) - 385 (423311 Gflops/s) - 379 (416714 Gflops/s) - 377 (414515 Gflops/s) - 381 (418913 Gflops/s) | Temperatures: 74°C - 70°C - 71°C - 75°C - 71°C - 72°C - 70°C - 71°C | Throttling: None - None - None - None - None - None - None - None
385 (423311 Gflops/s) - 380 (417814 Gflops/s) - 381 (418913 Gflops/s) - 381 (418913 Gflops/s) - 386 (424411 Gflops/s) - 378 (415615 Gflops/s) - 378 (415615 Gflops/s) - 382 (420013 Gflops/s) | Temperatures: 74°C - 70°C - 71°C - 75°C - 71°C - 72°C - 70°C - 71°C | Throttling: None - None - None - None - None - None - None - None
386 (424411 Gflops/s) - 381 (418913 Gflops/s) - 380 (417814 Gflops/s) - 381 (418913 Gflops/s) - 385 (423311 Gflops/s) - 379 (416714 Gflops/s) - 378 (415615 Gflops/s) - 381 (418913 Gflops/s) | Temperatures: 74°C - 70°C - 71°C - 75°C - 71°C - 72°C - 70°C - 71°C | Throttling: None - None - None - None - None - None - None - None
385 (423311 Gflops/s) - 381 (418913 Gflops/s) - 380 (417814 Gflops/s) - 381 (418913 Gflops/s) - 386 (424411 Gflops/s) - 379 (416714 Gflops/s) - 378 (415615 Gflops/s) - 382 (420013 Gflops/s) | Temperatures: 74°C - 70°C - 71°C - 75°C - 71°C - 72°C - 70°C - 71°C | Throttling: None - None - None - None - None - None - None - None
385 (423311 Gflops/s) - 381 (418913 Gflops/s) - 380 (417814 Gflops/s) - 381 (418913 Gflops/s) - 385 (423311 Gflops/s) - 379 (416714 Gflops/s) - 378 (415615 Gflops/s) - 382 (420013 Gflops/s) | Temperatures: 74°C - 70°C - 71°C - 74°C - 71°C - 72°C - 70°C - 71°C | Throttling: None - None - None - None - None - None - None - None
386 (424411 Gflops/s) - 380 (417814 Gflops/s) - 380 (417814 Gflops/s) - 381 (418913 Gflops/s) - 386 (424411 Gflops/s) - 378 (415615 Gflops/s) - 378 (415615 Gflops/s) - 381 (418913 Gflops/s) | Temperatures: 74°C - 70°C - 71°C - 75°C - 71°C - 72°C - 70°C - 71°C | Throttling: None - None - None - None - None - None - None - None
385 (423311 Gflops/s) - 381 (418913 Gflops/s) - 380 (417814 Gflops/s) - 381 (418913 Gflops/s) - 386 (424411 Gflops/s) - 379 (416714 Gflops/s) - 378 (415615 Gflops/s) - 382 (420013 Gflops/s) | Temperatures: 74°C - 70°C - 71°C - 75°C - 71°C - 72°C - 70°C - 70°C | Throttling: None - None - None - None - None - None - None - None
385 (423311 Gflops/s) - 381 (418913 Gflops/s) - 381 (418913 Gflops/s) - 381 (418913 Gflops/s) - 385 (423311 Gflops/s) - 379 (416714 Gflops/s) - 378 (415615 Gflops/s) - 382 (420013 Gflops/s) | Temperatures: 74°C - 70°C - 71°C - 75°C - 71°C - 72°C - 70°C - 71°C | Throttling: None - None - None - None - None - None - None - None
385 (423311 Gflops/s) - 380 (417814 Gflops/s) - 380 (417814 Gflops/s) - 381 (418913 Gflops/s) - 386 (424411 Gflops/s) - 379 (416714 Gflops/s) - 378 (415615 Gflops/s) - 381 (418913 Gflops/s) | Temperatures: 74°C - 70°C - 71°C - 75°C - 71°C - 72°C - 70°C - 71°C | Throttling: None - None - None - None - None - None - None - None
386 (424411 Gflops/s) - 381 (418913 Gflops/s) - 380 (417814 Gflops/s) - 381 (418913 Gflops/s) - 385 (423311 Gflops/s) - 379 (416714 Gflops/s) - 378 (415615 Gflops/s) - 382 (420013 Gflops/s) | Temperatures: 74°C - 70°C - 71°C - 75°C - 71°C - 72°C - 70°C - 70°C | Throttling: None - None - None - None - None - None - None - None
385 (423311 Gflops/s) - 381 (418913 Gflops/s) - 380 (417814 Gflops/s) - 382 (420013 Gflops/s) - 386 (424411 Gflops/s) - 378 (415615 Gflops/s) - 378 (415615 Gflops/s) - 381 (418913 Gflops/s) | Temperatures: 74°C - 70°C - 71°C - 75°C - 71°C - 72°C - 70°C - 71°C | Throttling: None - None - None - None - None - None - None - None
385 (423311 Gflops/s) - 381 (418913 Gflops/s) - 380 (417814 Gflops/s) - 381 (418913 Gflops/s) - 385 (423311 Gflops/s) - 379 (416714 Gflops/s) - 378 (415615 Gflops/s) - 382 (420013 Gflops/s) | Temperatures: 74°C - 70°C - 71°C - 74°C - 71°C - 72°C - 70°C - 71°C | Throttling: None - None - None - None - None - None - None - None
385 (423311 Gflops/s) - 381 (418913 Gflops/s) - 380 (417814 Gflops/s) - 381 (418913 Gflops/s) - 386 (424411 Gflops/s) - 379 (416714 Gflops/s) - 378 (415615 Gflops/s) - 382 (420013 Gflops/s) | Temperatures: 74°C - 70°C - 71°C - 74°C - 71°C - 72°C - 70°C - 71°C | Throttling: None - None - None - None - None - None - None - None
386 (424411 Gflops/s) - 380 (417814 Gflops/s) - 381 (418913 Gflops/s) - 381 (418913 Gflops/s) - 385 (423311 Gflops/s) - 379 (416714 Gflops/s) - 378 (415615 Gflops/s) - 381 (418913 Gflops/s) | Temperatures: 74°C - 70°C - 71°C - 74°C - 71°C - 72°C - 70°C - 71°C | Throttling: None - None - None - None - None - None - None - None
385 (423311 Gflops/s) - 381 (418913 Gflops/s) - 379 (416714 Gflops/s) - 381 (418913 Gflops/s) - 386 (424411 Gflops/s) - 378 (415615 Gflops/s) - 377 (414515 Gflops/s) - 382 (420013 Gflops/s) | Temperatures: 74°C - 70°C - 71°C - 74°C - 71°C - 72°C - 70°C - 70°C | Throttling: None - None - None - None - None - None - None - None
385 (423311 Gflops/s) - 380 (417814 Gflops/s) - 381 (418913 Gflops/s) - 381 (418913 Gflops/s) - 385 (423311 Gflops/s) - 379 (416714 Gflops/s) - 378 (415615 Gflops/s) - 381 (418913 Gflops/s) | Temperatures: 74°C - 70°C - 71°C - 74°C - 71°C - 72°C - 70°C - 71°C | Throttling: None - None - None - None - None - None - None - None
385 (423311 Gflops/s) - 381 (418913 Gflops/s) - 380 (417814 Gflops/s) - 381 (418913 Gflops/s) - 386 (424411 Gflops/s) - 379 (416714 Gflops/s) - 378 (415615 Gflops/s) - 382 (420013 Gflops/s) | Temperatures: 74°C - 70°C - 71°C - 74°C - 71°C - 72°C - 70°C - 70°C | Throttling: None - None - None - None - None - None - None - None
386 (424411 Gflops/s) - 381 (418913 Gflops/s) - 380 (417814 Gflops/s) - 381 (418913 Gflops/s) - 385 (423311 Gflops/s) - 379 (416714 Gflops/s) - 378 (415615 Gflops/s) - 382 (420013 Gflops/s) | Temperatures: 74°C - 70°C - 71°C - 74°C - 71°C - 72°C - 70°C - 71°C | Throttling: None - None - None - None - None - None - None - None
385 (423311 Gflops/s) - 381 (418913 Gflops/s) - 380 (417814 Gflops/s) - 381 (418913 Gflops/s) - 386 (424411 Gflops/s) - 378 (415615 Gflops/s) - 378 (415615 Gflops/s) - 381 (418913 Gflops/s) | Temperatures: 74°C - 70°C - 71°C - 75°C - 71°C - 72°C - 70°C - 71°C | Throttling: None - None - None - None - None - None - None - None
385 (423311 Gflops/s) - 380 (417814 Gflops/s) - 380 (417814 Gflops/s) - 381 (418913 Gflops/s) - 385 (423311 Gflops/s) - 379 (416714 Gflops/s) - 378 (415615 Gflops/s) - 382 (420013 Gflops/s) | Temperatures: 74°C - 70°C - 71°C - 74°C - 71°C - 72°C - 70°C - 71°C | Throttling: None - None - None - None - None - None - None - None
386 (424411 Gflops/s) - 381 (418913 Gflops/s) - 380 (417814 Gflops/s) - 381 (418913 Gflops/s) - 386 (424411 Gflops/s) - 379 (416714 Gflops/s) - 378 (415615 Gflops/s) - 381 (418913 Gflops/s) | Temperatures: 74°C - 70°C - 71°C - 74°C - 71°C - 72°C - 70°C - 71°C | Throttling: None - None - None - None - None - None - None - None
385 (423311 Gflops/s) - 381 (418913 Gflops/s) - 381 (418913 Gflops/s) - 381 (418913 Gflops/s) - 386 (424411 Gflops/s) - 379 (416714 Gflops/s) - 378 (415615 Gflops/s) - 382 (420013 Gflops/s) | Temperatures: 74°C - 70°C - 71°C - 75°C - 71°C - 72°C - 70°C - 71°C | Throttling: None - None - None - None - None - None - None - None
385 (423311 Gflops/s) - 381 (418913 Gflops/s) - 380 (417814 Gflops/s) - 382 (420013 Gflops/s) - 385 (423311 Gflops/s) - 378 (415615 Gflops/s) - 378 (415615 Gflops/s) - 382 (420013 Gflops/s) | Temperatures: 74°C - 70°C - 71°C - 74°C - 71°C - 72°C - 70°C - 71°C | Throttling: None - None - None - None - None - None - None - None
386 (424411 Gflops/s) - 380 (417814 Gflops/s) - 380 (417814 Gflops/s) - 381 (418913 Gflops/s) - 386 (424411 Gflops/s) - 379 (416714 Gflops/s) - 378 (415615 Gflops/s) - 381 (418913 Gflops/s) | Temperatures: 74°C - 70°C - 71°C - 75°C - 71°C - 72°C - 70°C - 71°C | Throttling: None - None - None - None - None - None - None - None
385 (423311 Gflops/s) - 381 (418913 Gflops/s) - 380 (417814 Gflops/s) - 381 (418913 Gflops/s) - 385 (423311 Gflops/s) - 379 (416714 Gflops/s) - 378 (415615 Gflops/s) - 382 (420013 Gflops/s) | Temperatures: 74°C - 70°C - 71°C - 75°C - 71°C - 72°C - 70°C - 70°C | Throttling: None - None - None - None - None - None - None - None
385 (423311 Gflops/s) - 381 (418913 Gflops/s) - 380 (417814 Gflops/s) - 381 (418913 Gflops/s) - 386 (424411 Gflops/s) - 379 (416714 Gflops/s) - 378 (415615 Gflops/s) - 381 (418913 Gflops/s) | Temperatures: 74°C - 70°C - 71°C - 74°C - 71°C - 72°C - 70°C - 71°C | Throttling: None - None - None - None - None - None - None - None
386 (424411 Gflops/s) - 381 (418913 Gflops/s) - 380 (417814 Gflops/s) - 381 (418913 Gflops/s) - 385 (423311 Gflops/s) - 379 (416714 Gflops/s) - 378 (415615 Gflops/s) - 382 (420013 Gflops/s) | Temperatures: 74°C - 70°C - 71°C - 75°C - 71°C - 72°C - 70°C - 71°C | Throttling: None - None - None - None - None - None - None - None
385 (423311 Gflops/s) - 380 (417814 Gflops/s) - 381 (418913 Gflops/s) - 381 (418913 Gflops/s) - 386 (424411 Gflops/s) - 378 (415615 Gflops/s) - 378 (415615 Gflops/s) - 382 (420013 Gflops/s) | Temperatures: 74°C - 70°C - 71°C - 75°C - 71°C - 72°C - 70°C - 71°C | Throttling: None - None - None - None - None - None - None - None
385 (423311 Gflops/s) - 381 (418913 Gflops/s) - 380 (417814 Gflops/s) - 381 (418913 Gflops/s) - 385 (423311 Gflops/s) - 379 (416714 Gflops/s) - 378 (415615 Gflops/s) - 381 (418913 Gflops/s) | Temperatures: 74°C - 70°C - 71°C - 75°C - 71°C - 72°C - 70°C - 71°C | Throttling: None - None - None - None - None - None - None - None
385 (423311 Gflops/s) - 380 (417814 Gflops/s) - 380 (417814 Gflops/s) - 381 (418913 Gflops/s) - 385 (423311 Gflops/s) - 379 (416714 Gflops/s) - 378 (415615 Gflops/s) - 381 (418913 Gflops/s) | Temperatures: 74°C - 70°C - 71°C - 75°C - 71°C - 72°C - 70°C - 70°C | Throttling: None - None - None - None - None - None - None - None
385 (423311 Gflops/s) - 381 (418913 Gflops/s) - 380 (417814 Gflops/s) - 381 (418913 Gflops/s) - 386 (424411 Gflops/s) - 378 (415615 Gflops/s) - 378 (415615 Gflops/s) - 382 (420013 Gflops/s) | Temperatures: 74°C - 70°C - 71°C - 74°C - 71°C - 72°C - 70°C - 70°C | Throttling: None - None - None - None - None - None - None - None
386 (424411 Gflops/s) - 381 (418913 Gflops/s) - 380 (417814 Gflops/s) - 381 (418913 Gflops/s) - 386 (424411 Gflops/s) - 379 (416714 Gflops/s) - 378 (415615 Gflops/s) - 382 (420013 Gflops/s) | Temperatures: 74°C - 70°C - 71°C - 75°C - 71°C - 72°C - 70°C - 71°C | Throttling: None - None - None - None - None - None - None - None
385 (423311 Gflops/s) - 381 (418913 Gflops/s) - 380 (417814 Gflops/s) - 381 (418913 Gflops/s) - 385 (423311 Gflops/s) - 379 (416714 Gflops/s) - 378 (415615 Gflops/s) - 381 (418913 Gflops/s) | Temperatures: 74°C - 70°C - 71°C - 75°C - 71°C - 72°C - 70°C - 71°C | Throttling: None - None - None - None - None - None - None - None
385 (423311 Gflops/s) - 380 (417814 Gflops/s) - 380 (417814 Gflops/s) - 381 (418913 Gflops/s) - 386 (424411 Gflops/s) - 379 (416714 Gflops/s) - 378 (415615 Gflops/s) - 382 (420013 Gflops/s) | Temperatures: 74°C - 70°C - 71°C - 75°C - 71°C - 72°C - 70°C - 70°C | Throttling: None - None - None - None - None - None - None - None
386 (424411 Gflops/s) - 381 (418913 Gflops/s) - 381 (418913 Gflops/s) - 381 (418913 Gflops/s) - 385 (423311 Gflops/s) - 379 (416714 Gflops/s) - 378 (415615 Gflops/s) - 382 (420013 Gflops/s) | Temperatures: 74°C - 70°C - 71°C - 75°C - 71°C - 72°C - 70°C - 71°C | Throttling: None - None - None - None - None - None - None - None
385 (423311 Gflops/s) - 381 (418913 Gflops/s) - 380 (417814 Gflops/s) - 381 (418913 Gflops/s) - 386 (424411 Gflops/s) - 379 (416714 Gflops/s) - 378 (415615 Gflops/s) - 381 (418913 Gflops/s) | Temperatures: 74°C - 70°C - 71°C - 75°C - 71°C - 72°C - 70°C - 71°C | Throttling: None - None - None - None - None - None - None - None
385 (423311 Gflops/s) - 381 (418913 Gflops/s) - 380 (417814 Gflops/s) - 381 (418913 Gflops/s) - 385 (423311 Gflops/s) - 378 (415615 Gflops/s) - 378 (415615 Gflops/s) - 382 (420013 Gflops/s) | Temperatures: 74°C - 70°C - 71°C - 75°C - 71°C - 72°C - 70°C - 70°C | Throttling: None - None - None - None - None - None - None - None
385 (423311 Gflops/s) - 380 (417814 Gflops/s) - 380 (417814 Gflops/s) - 381 (418913 Gflops/s) - 386 (424411 Gflops/s) - 379 (416714 Gflops/s) - 378 (415615 Gflops/s) - 382 (420013 Gflops/s) | Temperatures: 74°C - 70°C - 71°C - 75°C - 71°C - 72°C - 70°C - 70°C | Throttling: None - None - None - None - None - None - None - None
386 (424411 Gflops/s) - 381 (418913 Gflops/s) - 380 (417814 Gflops/s) - 381 (418913 Gflops/s) - 385 (423311 Gflops/s) - 379 (416714 Gflops/s) - 377 (414515 Gflops/s) - 381 (418913 Gflops/s) | Temperatures: 74°C - 70°C - 71°C - 74°C - 71°C - 72°C - 70°C - 70°C | Throttling: None - None - None - None - None - None - None - None
385 (423311 Gflops/s) - 381 (418913 Gflops/s) - 380 (417814 Gflops/s) - 381 (418913 Gflops/s) - 386 (424411 Gflops/s) - 379 (416714 Gflops/s) - 378 (415615 Gflops/s) - 382 (420013 Gflops/s) | Temperatures: 74°C - 70°C - 71°C - 74°C - 71°C - 72°C - 70°C - 71°C | Throttling: None - None - None - None - None - None - None - None
385 (423311 Gflops/s) - 381 (418913 Gflops/s) - 380 (417814 Gflops/s) - 382 (420013 Gflops/s) - 385 (423311 Gflops/s) - 379 (416714 Gflops/s) - 378 (415615 Gflops/s) - 381 (418913 Gflops/s) | Temperatures: 74°C - 70°C - 71°C - 75°C - 71°C - 72°C - 70°C - 71°C | Throttling: None - None - None - None - None - None - None - None
386 (424411 Gflops/s) - 380 (417814 Gflops/s) - 381 (418913 Gflops/s) - 381 (418913 Gflops/s) - 386 (424411 Gflops/s) - 379 (416714 Gflops/s) - 378 (415615 Gflops/s) - 382 (420013 Gflops/s) | Temperatures: 74°C - 70°C - 71°C - 74°C - 71°C - 71°C - 70°C - 70°C | Throttling: None - None - None - None - None - None - None - None
385 (423311 Gflops/s) - 381 (418913 Gflops/s) - 380 (417814 Gflops/s) - 381 (418913 Gflops/s) - 385 (423311 Gflops/s) - 379 (416714 Gflops/s) - 378 (415615 Gflops/s) - 382 (420013 Gflops/s) | Temperatures: 74°C - 70°C - 71°C - 75°C - 71°C - 72°C - 70°C - 71°C | Throttling: None - None - None - None - None - None - None - None
385 (423311 Gflops/s) - 380 (417814 Gflops/s) - 380 (417814 Gflops/s) - 380 (417814 Gflops/s) - 386 (424411 Gflops/s) - 378 (415615 Gflops/s) - 378 (415615 Gflops/s) - 381 (418913 Gflops/s) | Temperatures: 74°C - 70°C - 71°C - 75°C - 71°C - 71°C - 70°C - 71°C | Throttling: None - None - None - None - None - None - None - None
385 (423311 Gflops/s) - 381 (418913 Gflops/s) - 380 (417814 Gflops/s) - 381 (418913 Gflops/s) - 385 (423311 Gflops/s) - 379 (416714 Gflops/s) - 378 (415615 Gflops/s) - 382 (420013 Gflops/s) | Temperatures: 74°C - 70°C - 71°C - 75°C - 71°C - 72°C - 70°C - 70°C | Throttling: None - None - None - None - None - None - None - None
385 (423311 Gflops/s) - 381 (418913 Gflops/s) - 380 (417814 Gflops/s) - 381 (418913 Gflops/s) - 386 (424411 Gflops/s) - 379 (416714 Gflops/s) - 378 (415615 Gflops/s) - 381 (418913 Gflops/s) | Temperatures: 74°C - 70°C - 71°C - 75°C - 71°C - 72°C - 70°C - 71°C | Throttling: None - None - None - None - None - None - None - None
385 (423311 Gflops/s) - 381 (418913 Gflops/s) - 380 (417814 Gflops/s) - 381 (418913 Gflops/s) - 385 (423311 Gflops/s) - 379 (416714 Gflops/s) - 378 (415615 Gflops/s) - 382 (420013 Gflops/s) | Temperatures: 74°C - 70°C - 71°C - 75°C - 71°C - 72°C - 70°C - 70°C | Throttling: None - None - None - None - None - None - None - None
386 (424411 Gflops/s) - 380 (417814 Gflops/s) - 380 (417814 Gflops/s) - 381 (418913 Gflops/s) - 386 (424411 Gflops/s) - 378 (415615 Gflops/s) - 378 (415615 Gflops/s) - 381 (418913 Gflops/s) | Temperatures: 74°C - 70°C - 71°C - 75°C - 71°C - 72°C - 70°C - 70°C | Throttling: None - None - None - None - None - None - None - None
385 (423311 Gflops/s) - 381 (418913 Gflops/s) - 380 (417814 Gflops/s) - 381 (418913 Gflops/s) - 385 (423311 Gflops/s) - 379 (416714 Gflops/s) - 378 (415615 Gflops/s) - 382 (420013 Gflops/s) | Temperatures: 74°C - 70°C - 71°C - 75°C - 71°C - 72°C - 70°C - 71°C | Throttling: None - None - None - None - None - None - None - None
385 (423311 Gflops/s) - 381 (418913 Gflops/s) - 380 (417814 Gflops/s) - 382 (420013 Gflops/s) - 386 (424411 Gflops/s) - 379 (416714 Gflops/s) - 378 (415615 Gflops/s) - 382 (420013 Gflops/s) | Temperatures: 74°C - 70°C - 71°C - 75°C - 71°C - 72°C - 70°C - 70°C | Throttling: None - None - None - None - None - None - None - None
385 (423311 Gflops/s) - 381 (418913 Gflops/s) - 381 (418913 Gflops/s) - 381 (418913 Gflops/s) - 385 (423311 Gflops/s) - 379 (416714 Gflops/s) - 378 (415615 Gflops/s) - 381 (418913 Gflops/s) | Temperatures: 74°C - 70°C - 71°C - 75°C - 71°C - 72°C - 70°C - 71°C | Throttling: None - None - None - None - None - None - None - None
385 (423311 Gflops/s) - 380 (417814 Gflops/s) - 380 (417814 Gflops/s) - 381 (418913 Gflops/s) - 386 (424411 Gflops/s) - 379 (416714 Gflops/s) - 378 (415615 Gflops/s) - 382 (420013 Gflops/s) | Temperatures: 74°C - 70°C - 71°C - 75°C - 71°C - 72°C - 70°C - 70°C | Throttling: None - None - None - None - None - None - None - None
385 (423311 Gflops/s) - 381 (418913 Gflops/s) - 380 (417814 Gflops/s) - 381 (418913 Gflops/s) - 385 (423311 Gflops/s) - 379 (416714 Gflops/s) - 378 (415615 Gflops/s) - 382 (420013 Gflops/s) | Temperatures: 74°C - 70°C - 71°C - 75°C - 71°C - 72°C - 70°C - 70°C | Throttling: None - None - None - None - None - None - None - None
386 (424411 Gflops/s) - 381 (418913 Gflops/s) - 380 (417814 Gflops/s) - 381 (418913 Gflops/s) - 386 (424411 Gflops/s) - 378 (415615 Gflops/s) - 378 (415615 Gflops/s) - 381 (418913 Gflops/s) | Temperatures: 74°C - 70°C - 71°C - 75°C - 71°C - 72°C - 70°C - 70°C | Throttling: None - None - None - None - None - None - None - None
385 (423311 Gflops/s) - 380 (417814 Gflops/s) - 380 (417814 Gflops/s) - 381 (418913 Gflops/s) - 385 (423311 Gflops/s) - 379 (416714 Gflops/s) - 378 (415615 Gflops/s) - 382 (420013 Gflops/s) | Temperatures: 74°C - 70°C - 71°C - 75°C - 71°C - 72°C - 70°C - 70°C | Throttling: None - None - None - None - None - None - None - None
385 (423311 Gflops/s) - 381 (418913 Gflops/s) - 380 (417814 Gflops/s) - 381 (418913 Gflops/s) - 386 (424411 Gflops/s) - 379 (416714 Gflops/s) - 378 (415615 Gflops/s) - 381 (418913 Gflops/s) | Temperatures: 74°C - 70°C - 71°C - 75°C - 71°C - 72°C - 70°C - 70°C | Throttling: None - None - None - None - None - None - None - None
385 (423311 Gflops/s) - 381 (418913 Gflops/s) - 381 (418913 Gflops/s) - 381 (418913 Gflops/s) - 385 (423311 Gflops/s) - 379 (416714 Gflops/s) - 378 (415615 Gflops/s) - 382 (420013 Gflops/s) | Temperatures: 74°C - 70°C - 71°C - 75°C - 71°C - 72°C - 70°C - 71°C | Throttling: None - None - None - None - None - None - None - None
385 (423311 Gflops/s) - 381 (418913 Gflops/s) - 380 (417814 Gflops/s) - 381 (418913 Gflops/s) - 386 (424411 Gflops/s) - 379 (416714 Gflops/s) - 378 (415615 Gflops/s) - 382 (420013 Gflops/s) | Temperatures: 74°C - 70°C - 71°C - 75°C - 71°C - 72°C - 70°C - 70°C | Throttling: None - None - None - None - None - None - None - None
385 (423311 Gflops/s) - 380 (417814 Gflops/s) - 379 (416714 Gflops/s) - 380 (417814 Gflops/s) - 385 (423311 Gflops/s) - 378 (415615 Gflops/s) - 377 (414515 Gflops/s) - 381 (418913 Gflops/s) | Temperatures: 74°C - 70°C - 71°C - 75°C - 71°C - 72°C - 70°C - 71°C | Throttling: None - None - None - None - None - None - None - None
385 (423311 Gflops/s) - 381 (418913 Gflops/s) - 381 (418913 Gflops/s) - 381 (418913 Gflops/s) - 386 (424411 Gflops/s) - 379 (416714 Gflops/s) - 378 (415615 Gflops/s) - 381 (418913 Gflops/s) | Temperatures: 74°C - 70°C - 71°C - 75°C - 71°C - 72°C - 70°C - 70°C | Throttling: None - None - None - None - None - None - None - None
385 (423311 Gflops/s) - 380 (417814 Gflops/s) - 380 (417814 Gflops/s) - 381 (418913 Gflops/s) - 385 (423311 Gflops/s) - 379 (416714 Gflops/s) - 378 (415615 Gflops/s) - 382 (420013 Gflops/s) | Temperatures: 74°C - 70°C - 71°C - 75°C - 71°C - 71°C - 70°C - 70°C | Throttling: None - None - None - None - None - None - None - None
386 (424411 Gflops/s) - 381 (418913 Gflops/s) - 380 (417814 Gflops/s) - 381 (418913 Gflops/s) - 386 (424411 Gflops/s) - 379 (416714 Gflops/s) - 378 (415615 Gflops/s) - 382 (420013 Gflops/s) | Temperatures: 74°C - 70°C - 71°C - 75°C - 71°C - 71°C - 70°C - 71°C | Throttling: None - None - None - None - None - None - None - None
385 (423311 Gflops/s) - 381 (418913 Gflops/s) - 380 (417814 Gflops/s) - 381 (418913 Gflops/s) - 385 (423311 Gflops/s) - 379 (416714 Gflops/s) - 378 (415615 Gflops/s) - 381 (418913 Gflops/s) | Temperatures: 74°C - 70°C - 71°C - 75°C - 71°C - 71°C - 70°C - 70°C | Throttling: None - None - None - None - None - None - None - None
385 (423311 Gflops/s) - 380 (417814 Gflops/s) - 380 (417814 Gflops/s) - 381 (418913 Gflops/s) - 386 (424411 Gflops/s) - 378 (415615 Gflops/s) - 378 (415615 Gflops/s) - 382 (420013 Gflops/s) | Temperatures: 74°C - 70°C - 71°C - 75°C - 71°C - 72°C - 70°C - 70°C | Throttling: None - None - None - None - None - None - None - None
385 (423311 Gflops/s) - 381 (418913 Gflops/s) - 381 (418913 Gflops/s) - 381 (418913 Gflops/s) - 385 (423311 Gflops/s) - 379 (416714 Gflops/s) - 378 (415615 Gflops/s) - 382 (420013 Gflops/s) | Temperatures: 74°C - 70°C - 71°C - 75°C - 71°C - 72°C - 70°C - 70°C | Throttling: None - None - None - None - None - None - None - None
385 (423311 Gflops/s) - 381 (418913 Gflops/s) - 380 (417814 Gflops/s) - 381 (418913 Gflops/s) - 386 (424411 Gflops/s) - 379 (416714 Gflops/s) - 378 (415615 Gflops/s) - 381 (418913 Gflops/s) | Temperatures: 74°C - 70°C - 71°C - 75°C - 71°C - 72°C - 70°C - 70°C | Throttling: None - None - None - None - None - None - None - None
385 (423311 Gflops/s) - 381 (418913 Gflops/s) - 380 (417814 Gflops/s) - 382 (420013 Gflops/s) - 385 (423311 Gflops/s) - 379 (416714 Gflops/s) - 378 (415615 Gflops/s) - 382 (420013 Gflops/s) | Temperatures: 74°C - 70°C - 71°C - 75°C - 71°C - 72°C - 70°C - 70°C | Throttling: None - None - None - None - None - None - None - None
386 (424411 Gflops/s) - 381 (418913 Gflops/s) - 380 (417814 Gflops/s) - 381 (418913 Gflops/s) - 386 (424411 Gflops/s) - 379 (416714 Gflops/s) - 378 (415615 Gflops/s) - 381 (418913 Gflops/s) | Temperatures: 74°C - 70°C - 71°C - 75°C - 71°C - 72°C - 70°C - 70°C | Throttling: None - None - None - None - None - None - None - None
385 (423311 Gflops/s) - 380 (417814 Gflops/s) - 380 (417814 Gflops/s) - 381 (418913 Gflops/s) - 385 (423311 Gflops/s) - 379 (416714 Gflops/s) - 378 (415615 Gflops/s) - 382 (420013 Gflops/s) | Temperatures: 74°C - 70°C - 71°C - 75°C - 71°C - 72°C - 70°C - 70°C | Throttling: None - None - None - None - None - None - None - None
385 (423311 Gflops/s) - 381 (418913 Gflops/s) - 380 (417814 Gflops/s) - 381 (418913 Gflops/s) - 386 (424411 Gflops/s) - 379 (416714 Gflops/s) - 378 (415615 Gflops/s) - 382 (420013 Gflops/s) | Temperatures: 74°C - 70°C - 71°C - 75°C - 71°C - 72°C - 70°C - 70°C | Throttling: None - None - None - None - None - None - None - None
385 (423311 Gflops/s) - 381 (418913 Gflops/s) - 380 (417814 Gflops/s) - 381 (418913 Gflops/s) - 385 (423311 Gflops/s) - 378 (415615 Gflops/s) - 378 (415615 Gflops/s) - 381 (418913 Gflops/s) | Temperatures: 74°C - 70°C - 71°C - 75°C - 71°C - 72°C - 70°C - 70°C | Throttling: None - None - None - None - None - None - None - None
385 (423311 Gflops/s) - 380 (417814 Gflops/s) - 381 (418913 Gflops/s) - 381 (418913 Gflops/s) - 386 (424411 Gflops/s) - 379 (416714 Gflops/s) - 378 (415615 Gflops/s) - 382 (420013 Gflops/s) | Temperatures: 74°C - 70°C - 71°C - 75°C - 71°C - 72°C - 70°C - 70°C | Throttling: None - None - None - None - None - None - None - None
385 (423311 Gflops/s) - 381 (418913 Gflops/s) - 380 (417814 Gflops/s) - 381 (418913 Gflops/s) - 386 (424411 Gflops/s) - 379 (416714 Gflops/s) - 378 (415615 Gflops/s) - 381 (418913 Gflops/s) | Temperatures: 74°C - 70°C - 71°C - 75°C - 71°C - 72°C - 70°C - 70°C | Throttling: None - None - None - None - None - None - None - None
385 (423311 Gflops/s) - 380 (417814 Gflops/s) - 379 (416714 Gflops/s) - 380 (417814 Gflops/s) - 385 (423311 Gflops/s) - 378 (415615 Gflops/s) - 378 (415615 Gflops/s) - 382 (420013 Gflops/s) | Temperatures: 74°C - 70°C - 71°C - 75°C - 71°C - 72°C - 70°C - 70°C | Throttling: None - None - None - None - None - None - None - None
385 (423311 Gflops/s) - 381 (418913 Gflops/s) - 381 (418913 Gflops/s) - 381 (418913 Gflops/s) - 385 (423311 Gflops/s) - 379 (416714 Gflops/s) - 378 (415615 Gflops/s) - 381 (418913 Gflops/s) | Temperatures: 74°C - 70°C - 71°C - 75°C - 71°C - 72°C - 70°C - 70°C | Throttling: None - None - None - None - None - None - None - None
385 (423311 Gflops/s) - 381 (418913 Gflops/s) - 380 (417814 Gflops/s) - 381 (418913 Gflops/s) - 386 (424411 Gflops/s) - 379 (416714 Gflops/s) - 378 (415615 Gflops/s) - 382 (420013 Gflops/s) | Temperatures: 74°C - 70°C - 71°C - 75°C - 71°C - 72°C - 70°C - 70°C | Throttling: None - None - None - None - None - None - None - None
385 (423311 Gflops/s) - 381 (418913 Gflops/s) - 380 (417814 Gflops/s) - 381 (418913 Gflops/s) - 385 (423311 Gflops/s) - 379 (416714 Gflops/s) - 378 (415615 Gflops/s) - 382 (420013 Gflops/s) | Temperatures: 74°C - 70°C - 71°C - 75°C - 71°C - 72°C - 70°C - 70°C | Throttling: None - None - None - None - None - None - None - None
385 (423311 Gflops/s) - 380 (417814 Gflops/s) - 380 (417814 Gflops/s) - 381 (418913 Gflops/s) - 386 (424411 Gflops/s) - 379 (416714 Gflops/s) - 378 (415615 Gflops/s) - 381 (418913 Gflops/s) | Temperatures: 74°C - 70°C - 71°C - 75°C - 71°C - 72°C - 70°C - 70°C | Throttling: None - None - None - None - None - None - None - None
386 (424411 Gflops/s) - 381 (418913 Gflops/s) - 380 (417814 Gflops/s) - 381 (418913 Gflops/s) - 385 (423311 Gflops/s) - 379 (416714 Gflops/s) - 378 (415615 Gflops/s) - 382 (420013 Gflops/s) | Temperatures: 74°C - 70°C - 71°C - 75°C - 71°C - 71°C - 70°C - 70°C | Throttling: None - None - None - None - None - None - None - None
385 (423311 Gflops/s) - 381 (418913 Gflops/s) - 380 (417814 Gflops/s) - 381 (418913 Gflops/s) - 386 (424411 Gflops/s) - 379 (416714 Gflops/s) - 378 (415615 Gflops/s) - 381 (418913 Gflops/s) | Temperatures: 74°C - 70°C - 71°C - 75°C - 71°C - 72°C - 70°C - 70°C | Throttling: None - None - None - None - None - None - None - None
385 (423311 Gflops/s) - 381 (418913 Gflops/s) - 380 (417814 Gflops/s) - 381 (418913 Gflops/s) - 386 (424411 Gflops/s) - 379 (416714 Gflops/s) - 378 (415615 Gflops/s) - 382 (420013 Gflops/s) | Temperatures: 74°C - 70°C - 71°C - 75°C - 71°C - 71°C - 70°C - 71°C | Throttling: None - None - None - None - None - None - None - None
385 (423311 Gflops/s) - 380 (417814 Gflops/s) - 381 (418913 Gflops/s) - 381 (418913 Gflops/s) - 385 (423311 Gflops/s) - 378 (415615 Gflops/s) - 378 (415615 Gflops/s) - 382 (420013 Gflops/s) | Temperatures: 74°C - 70°C - 71°C - 75°C - 71°C - 72°C - 70°C - 70°C | Throttling: None - None - None - None - None - None - None - None
385 (423311 Gflops/s) - 381 (418913 Gflops/s) - 380 (417814 Gflops/s) - 381 (418913 Gflops/s) - 386 (424411 Gflops/s) - 379 (416714 Gflops/s) - 378 (415615 Gflops/s) - 381 (418913 Gflops/s) | Temperatures: 74°C - 70°C - 71°C - 75°C - 71°C - 72°C - 70°C - 71°C | Throttling: None - None - None - None - None - None - None - None
385 (423311 Gflops/s) - 381 (418913 Gflops/s) - 380 (417814 Gflops/s) - 381 (418913 Gflops/s) - 385 (423311 Gflops/s) - 379 (416714 Gflops/s) - 378 (415615 Gflops/s) - 382 (420013 Gflops/s) | Temperatures: 75°C - 70°C - 71°C - 75°C - 71°C - 71°C - 70°C - 70°C | Throttling: None - None - None - None - None - None - None - None
385 (423311 Gflops/s) - 381 (418913 Gflops/s) - 380 (417814 Gflops/s) - 381 (418913 Gflops/s) - 386 (424411 Gflops/s) - 379 (416714 Gflops/s) - 378 (415615 Gflops/s) - 381 (418913 Gflops/s) | Temperatures: 74°C - 70°C - 71°C - 75°C - 71°C - 72°C - 70°C - 70°C | Throttling: None - None - None - None - None - None - None - None
385 (423311 Gflops/s) - 380 (417814 Gflops/s) - 380 (417814 Gflops/s) - 381 (418913 Gflops/s) - 385 (423311 Gflops/s) - 379 (416714 Gflops/s) - 378 (415615 Gflops/s) - 382 (420013 Gflops/s) | Temperatures: 75°C - 70°C - 71°C - 75°C - 71°C - 72°C - 70°C - 71°C | Throttling: None - None - None - None - None - None - None - None
385 (423311 Gflops/s) - 381 (418913 Gflops/s) - 380 (417814 Gflops/s) - 381 (418913 Gflops/s) - 386 (424411 Gflops/s) - 378 (415615 Gflops/s) - 378 (415615 Gflops/s) - 382 (420013 Gflops/s) | Temperatures: 74°C - 70°C - 71°C - 75°C - 71°C - 72°C - 70°C - 70°C | Throttling: None - None - None - None - None - None - None - None
385 (423311 Gflops/s) - 381 (418913 Gflops/s) - 380 (417814 Gflops/s) - 381 (418913 Gflops/s) - 385 (423311 Gflops/s) - 379 (416714 Gflops/s) - 378 (415615 Gflops/s) - 381 (418913 Gflops/s) | Temperatures: 74°C - 70°C - 71°C - 75°C - 71°C - 72°C - 70°C - 71°C | Throttling: None - None - None - None - None - None - None - None
385 (423311 Gflops/s) - 380 (417814 Gflops/s) - 380 (417814 Gflops/s) - 380 (417814 Gflops/s) - 385 (423311 Gflops/s) - 379 (416714 Gflops/s) - 377 (414515 Gflops/s) - 381 (418913 Gflops/s) | Temperatures: 75°C - 70°C - 71°C - 75°C - 71°C - 72°C - 70°C - 70°C | Throttling: None - None - None - None - None - None - None - None
385 (423311 Gflops/s) - 381 (418913 Gflops/s) - 380 (417814 Gflops/s) - 381 (418913 Gflops/s) - 386 (424411 Gflops/s) - 378 (415615 Gflops/s) - 378 (415615 Gflops/s) - 382 (420013 Gflops/s) | Temperatures: 74°C - 70°C - 71°C - 75°C - 71°C - 72°C - 70°C - 70°C | Throttling: None - None - None - None - None - None - None - None
385 (423311 Gflops/s) - 380 (417814 Gflops/s) - 380 (417814 Gflops/s) - 381 (418913 Gflops/s) - 385 (423311 Gflops/s) - 379 (416714 Gflops/s) - 378 (415615 Gflops/s) - 382 (420013 Gflops/s) | Temperatures: 75°C - 70°C - 71°C - 75°C - 71°C - 72°C - 70°C - 71°C | Throttling: None - None - None - None - None - None - None - None
385 (423311 Gflops/s) - 381 (418913 Gflops/s) - 381 (418913 Gflops/s) - 381 (418913 Gflops/s) - 386 (424411 Gflops/s) - 379 (416714 Gflops/s) - 378 (415615 Gflops/s) - 381 (418913 Gflops/s) | Temperatures: 75°C - 70°C - 71°C - 75°C - 71°C - 72°C - 70°C - 71°C | Throttling: None - None - None - None - None - None - None - None
385 (423311 Gflops/s) - 381 (418913 Gflops/s) - 380 (417814 Gflops/s) - 381 (418913 Gflops/s) - 385 (423311 Gflops/s) - 379 (416714 Gflops/s) - 378 (415615 Gflops/s) - 382 (420013 Gflops/s) | Temperatures: 74°C - 70°C - 71°C - 75°C - 71°C - 72°C - 70°C - 71°C | Throttling: None - None - None - None - None - None - None - None
385 (423311 Gflops/s) - 381 (418913 Gflops/s) - 380 (417814 Gflops/s) - 381 (418913 Gflops/s) - 386 (424411 Gflops/s) - 379 (416714 Gflops/s) - 378 (415615 Gflops/s) - 381 (418913 Gflops/s) | Temperatures: 75°C - 70°C - 71°C - 75°C - 71°C - 72°C - 70°C - 71°C | Throttling: None - None - None - None - None - None - None - None
385 (423311 Gflops/s) - 380 (417814 Gflops/s) - 380 (417814 Gflops/s) - 381 (418913 Gflops/s) - 385 (423311 Gflops/s) - 378 (415615 Gflops/s) - 378 (415615 Gflops/s) - 382 (420013 Gflops/s) | Temperatures: 75°C - 70°C - 71°C - 75°C - 71°C - 72°C - 70°C - 71°C | Throttling: None - None - None - None - None - None - None - None
386 (424411 Gflops/s) - 381 (418913 Gflops/s) - 380 (417814 Gflops/s) - 381 (418913 Gflops/s) - 386 (424411 Gflops/s) - 379 (416714 Gflops/s) - 378 (415615 Gflops/s) - 381 (418913 Gflops/s) | Temperatures: 75°C - 70°C - 71°C - 75°C - 71°C - 72°C - 70°C - 71°C | Throttling: None - None - None - None - None - None - None - None
385 (423311 Gflops/s) - 381 (418913 Gflops/s) - 179 (196812 Gflops/s) - 381 (418913 Gflops/s) - 385 (423311 Gflops/s) - 379 (416714 Gflops/s) - 187 (205608 Gflops/s) - 382 (420013 Gflops/s) | Temperatures: 75°C - 70°C - 71°C - 75°C - 71°C - 72°C - 70°C - 71°C | Throttling: None - None - None - None - None - None - None - None
GPU #0: 423701 Gflops/s (min: 422212.47, max: 425511.00, dev: 592.94)
         Temperature: 73.83°C (min: 70.00, max: 75.00)
         Throttling HW: false, Thermal SW: false, Thermal HW: false
GPU #1: 418697 Gflops/s (min: 417814.42, max: 421112.95, dev: 569.33)
         Temperature: 69.81°C (min: 66.00, max: 70.00)
         Throttling HW: false, Thermal SW: false, Thermal HW: false
GPU #2: 417377 Gflops/s (min: 196812.58, max: 420013.44, dev: 12921.20)
         Temperature: 70.80°C (min: 68.00, max: 71.00)
         Throttling HW: false, Thermal SW: false, Thermal HW: false
GPU #3: 419097 Gflops/s (min: 417814.42, max: 421112.95, dev: 509.17)
         Temperature: 74.38°C (min: 72.00, max: 75.00)
         Throttling HW: false, Thermal SW: false, Thermal HW: false
GPU #4: 424041 Gflops/s (min: 423311.98, max: 427710.02, dev: 720.06)
         Temperature: 70.87°C (min: 68.00, max: 71.00)
         Throttling HW: false, Thermal SW: false, Thermal HW: false
GPU #5: 416633 Gflops/s (min: 415615.40, max: 418913.93, dev: 575.80)
         Temperature: 71.44°C (min: 68.00, max: 72.00)
         Throttling HW: false, Thermal SW: false, Thermal HW: false
GPU #6: 414946 Gflops/s (min: 205608.67, max: 417814.42, dev: 12258.13)
         Temperature: 69.62°C (min: 66.00, max: 70.00)
         Throttling HW: false, Thermal SW: false, Thermal HW: false
GPU #7: 419714 Gflops/s (min: 418913.93, max: 422212.47, dev: 616.89)
         Temperature: 70.21°C (min: 67.00, max: 71.00)
         Throttling HW: false, Thermal SW: false, Thermal HW: false
All GPUs seem healthy
Freeing GPUs...
======== Run with fp8  ==========
Detected GPU #0: "NVIDIA RTX PRO 6000 Blackwell Server Edition" (314ccd15-8d36-ec51-47e6-f389eaf98757)
Detected GPU #1: "NVIDIA RTX PRO 6000 Blackwell Server Edition" (9b4f6e60-ad73-592b-1b44-e054f50061d9)
Detected GPU #2: "NVIDIA RTX PRO 6000 Blackwell Server Edition" (0307e837-fca6-8a26-1fb9-680e7c5dfd05)
Detected GPU #3: "NVIDIA RTX PRO 6000 Blackwell Server Edition" (095483a6-fc96-8a80-aae1-a5539d4da90f)
Detected GPU #4: "NVIDIA RTX PRO 6000 Blackwell Server Edition" (155d24b1-f6c7-dbb4-74a7-f27fe5ca750c)
Detected GPU #5: "NVIDIA RTX PRO 6000 Blackwell Server Edition" (4d27ac3b-672d-7b04-9fd8-ae1aa082479e)
Detected GPU #6: "NVIDIA RTX PRO 6000 Blackwell Server Edition" (f7baffa7-42f2-cf30-56ed-ab0c0a949869)
Detected GPU #7: "NVIDIA RTX PRO 6000 Blackwell Server Edition" (f56972bd-9d0d-97e9-7c93-9e27ee32fd43)
Using precision(s):   FP8
GPU #0: Using 87018 MB
GPU #1: Using 87018 MB
GPU #2: Using 87018 MB
GPU #3: Using 87018 MB
GPU #4: Using 87018 MB
GPU #5: Using 87018 MB
GPU #6: Using 87018 MB
GPU #7: Using 87018 MB
Creating random matrices
Matrices created
1180 (1297423 Gflops/s) - 1011 (1111606 Gflops/s) - 1082 (1189671 Gflops/s) - 989 (1087416 Gflops/s) - 1073 (1179775 Gflops/s) - 981 (1078620 Gflops/s) - 1050 (1154487 Gflops/s) - 995 (1094014 Gflops/s) | Temperatures: 66°C - 62°C - 62°C - 68°C - 63°C - 63°C - 61°C - 62°C | Throttling: None - None - None - None - None - None - None - None
802 (881808 Gflops/s) - 802 (881808 Gflops/s) - 801 (880708 Gflops/s) - 802 (881808 Gflops/s) - 802 (881808 Gflops/s) - 800 (879609 Gflops/s) - 801 (880708 Gflops/s) - 802 (881808 Gflops/s) | Temperatures: 67°C - 63°C - 63°C - 68°C - 64°C - 64°C - 62°C - 63°C | Throttling: None - None - None - None - None - None - None - None
803 (882907 Gflops/s) - 802 (881808 Gflops/s) - 803 (882907 Gflops/s) - 803 (882907 Gflops/s) - 803 (882907 Gflops/s) - 801 (880708 Gflops/s) - 802 (881808 Gflops/s) - 803 (882907 Gflops/s) | Temperatures: 67°C - 63°C - 64°C - 69°C - 64°C - 64°C - 62°C - 63°C | Throttling: None - None - None - None - None - None - None - None
803 (882907 Gflops/s) - 802 (881808 Gflops/s) - 802 (881808 Gflops/s) - 803 (882907 Gflops/s) - 803 (882907 Gflops/s) - 801 (880708 Gflops/s) - 802 (881808 Gflops/s) - 802 (881808 Gflops/s) | Temperatures: 67°C - 64°C - 64°C - 69°C - 64°C - 65°C - 63°C - 63°C | Throttling: None - None - None - None - None - None - None - None
803 (882907 Gflops/s) - 801 (880708 Gflops/s) - 802 (881808 Gflops/s) - 803 (882907 Gflops/s) - 802 (881808 Gflops/s) - 801 (880708 Gflops/s) - 802 (881808 Gflops/s) - 802 (881808 Gflops/s) | Temperatures: 68°C - 64°C - 64°C - 69°C - 64°C - 65°C - 63°C - 64°C | Throttling: None - None - None - None - None - None - None - None
803 (882907 Gflops/s) - 802 (881808 Gflops/s) - 802 (881808 Gflops/s) - 803 (882907 Gflops/s) - 803 (882907 Gflops/s) - 800 (879609 Gflops/s) - 803 (882907 Gflops/s) - 803 (882907 Gflops/s) | Temperatures: 68°C - 64°C - 64°C - 69°C - 65°C - 65°C - 63°C - 64°C | Throttling: None - None - None - None - None - None - None - None
802 (881808 Gflops/s) - 801 (880708 Gflops/s) - 802 (881808 Gflops/s) - 802 (881808 Gflops/s) - 802 (881808 Gflops/s) - 800 (879609 Gflops/s) - 801 (880708 Gflops/s) - 801 (880708 Gflops/s) | Temperatures: 68°C - 64°C - 65°C - 69°C - 65°C - 65°C - 63°C - 64°C | Throttling: None - None - None - None - None - None - None - None
802 (881808 Gflops/s) - 801 (880708 Gflops/s) - 802 (881808 Gflops/s) - 803 (882907 Gflops/s) - 803 (882907 Gflops/s) - 801 (880708 Gflops/s) - 802 (881808 Gflops/s) - 802 (881808 Gflops/s) | Temperatures: 68°C - 64°C - 65°C - 69°C - 65°C - 65°C - 64°C - 64°C | Throttling: None - None - None - None - None - None - None - None
803 (882907 Gflops/s) - 802 (881808 Gflops/s) - 802 (881808 Gflops/s) - 803 (882907 Gflops/s) - 802 (881808 Gflops/s) - 801 (880708 Gflops/s) - 802 (881808 Gflops/s) - 803 (882907 Gflops/s) | Temperatures: 68°C - 64°C - 65°C - 69°C - 65°C - 66°C - 64°C - 64°C | Throttling: None - None - None - None - None - None - None - None
803 (882907 Gflops/s) - 802 (881808 Gflops/s) - 802 (881808 Gflops/s) - 803 (882907 Gflops/s) - 803 (882907 Gflops/s) - 801 (880708 Gflops/s) - 802 (881808 Gflops/s) - 802 (881808 Gflops/s) | Temperatures: 68°C - 64°C - 65°C - 70°C - 65°C - 66°C - 64°C - 65°C | Throttling: None - None - None - None - None - None - None - None
802 (881808 Gflops/s) - 801 (880708 Gflops/s) - 802 (881808 Gflops/s) - 803 (882907 Gflops/s) - 803 (882907 Gflops/s) - 800 (879609 Gflops/s) - 802 (881808 Gflops/s) - 802 (881808 Gflops/s) | Temperatures: 68°C - 64°C - 65°C - 70°C - 65°C - 66°C - 64°C - 65°C | Throttling: None - None - None - None - None - None - None - None
802 (881808 Gflops/s) - 801 (880708 Gflops/s) - 801 (880708 Gflops/s) - 802 (881808 Gflops/s) - 802 (881808 Gflops/s) - 800 (879609 Gflops/s) - 800 (879609 Gflops/s) - 802 (881808 Gflops/s) | Temperatures: 68°C - 65°C - 65°C - 70°C - 65°C - 66°C - 64°C - 65°C | Throttling: None - None - None - None - None - None - None - None
803 (882907 Gflops/s) - 802 (881808 Gflops/s) - 802 (881808 Gflops/s) - 803 (882907 Gflops/s) - 802 (881808 Gflops/s) - 801 (880708 Gflops/s) - 801 (880708 Gflops/s) - 802 (881808 Gflops/s) | Temperatures: 68°C - 65°C - 65°C - 70°C - 65°C - 66°C - 64°C - 65°C | Throttling: None - None - None - None - None - None - None - None
803 (882907 Gflops/s) - 801 (880708 Gflops/s) - 803 (882907 Gflops/s) - 803 (882907 Gflops/s) - 803 (882907 Gflops/s) - 801 (880708 Gflops/s) - 802 (881808 Gflops/s) - 802 (881808 Gflops/s) | Temperatures: 68°C - 65°C - 65°C - 70°C - 65°C - 66°C - 64°C - 65°C | Throttling: None - None - None - None - None - None - None - None
802 (881808 Gflops/s) - 802 (881808 Gflops/s) - 802 (881808 Gflops/s) - 803 (882907 Gflops/s) - 803 (882907 Gflops/s) - 800 (879609 Gflops/s) - 801 (880708 Gflops/s) - 802 (881808 Gflops/s) | Temperatures: 68°C - 65°C - 66°C - 70°C - 65°C - 66°C - 65°C - 65°C | Throttling: None - None - None - None - None - None - None - None
803 (882907 Gflops/s) - 802 (881808 Gflops/s) - 802 (881808 Gflops/s) - 803 (882907 Gflops/s) - 802 (881808 Gflops/s) - 801 (880708 Gflops/s) - 801 (880708 Gflops/s) - 803 (882907 Gflops/s) | Temperatures: 69°C - 65°C - 66°C - 70°C - 65°C - 66°C - 65°C - 65°C | Throttling: None - None - None - None - None - None - None - None
803 (882907 Gflops/s) - 801 (880708 Gflops/s) - 802 (881808 Gflops/s) - 803 (882907 Gflops/s) - 803 (882907 Gflops/s) - 801 (880708 Gflops/s) - 801 (880708 Gflops/s) - 802 (881808 Gflops/s) | Temperatures: 69°C - 65°C - 66°C - 70°C - 65°C - 66°C - 65°C - 65°C | Throttling: None - None - None - None - None - None - None - None
802 (881808 Gflops/s) - 801 (880708 Gflops/s) - 801 (880708 Gflops/s) - 802 (881808 Gflops/s) - 802 (881808 Gflops/s) - 800 (879609 Gflops/s) - 801 (880708 Gflops/s) - 801 (880708 Gflops/s) | Temperatures: 69°C - 65°C - 66°C - 70°C - 65°C - 66°C - 65°C - 65°C | Throttling: None - None - None - None - None - None - None - None
802 (881808 Gflops/s) - 802 (881808 Gflops/s) - 802 (881808 Gflops/s) - 802 (881808 Gflops/s) - 802 (881808 Gflops/s) - 800 (879609 Gflops/s) - 801 (880708 Gflops/s) - 803 (882907 Gflops/s) | Temperatures: 69°C - 65°C - 66°C - 70°C - 66°C - 66°C - 65°C - 65°C | Throttling: None - None - None - None - None - None - None - None
803 (882907 Gflops/s) - 801 (880708 Gflops/s) - 802 (881808 Gflops/s) - 803 (882907 Gflops/s) - 803 (882907 Gflops/s) - 801 (880708 Gflops/s) - 801 (880708 Gflops/s) - 802 (881808 Gflops/s) | Temperatures: 69°C - 65°C - 66°C - 70°C - 66°C - 66°C - 65°C - 65°C | Throttling: None - None - None - None - None - None - None - None
803 (882907 Gflops/s) - 802 (881808 Gflops/s) - 802 (881808 Gflops/s) - 803 (882907 Gflops/s) - 803 (882907 Gflops/s) - 801 (880708 Gflops/s) - 802 (881808 Gflops/s) - 802 (881808 Gflops/s) | Temperatures: 69°C - 65°C - 66°C - 70°C - 66°C - 66°C - 65°C - 65°C | Throttling: None - None - None - None - None - None - None - None
803 (882907 Gflops/s) - 802 (881808 Gflops/s) - 803 (882907 Gflops/s) - 803 (882907 Gflops/s) - 802 (881808 Gflops/s) - 801 (880708 Gflops/s) - 801 (880708 Gflops/s) - 803 (882907 Gflops/s) | Temperatures: 69°C - 65°C - 66°C - 70°C - 66°C - 67°C - 65°C - 65°C | Throttling: None - None - None - None - None - None - None - None
802 (881808 Gflops/s) - 801 (880708 Gflops/s) - 801 (880708 Gflops/s) - 802 (881808 Gflops/s) - 802 (881808 Gflops/s) - 800 (879609 Gflops/s) - 800 (879609 Gflops/s) - 801 (880708 Gflops/s) | Temperatures: 69°C - 65°C - 66°C - 70°C - 66°C - 67°C - 65°C - 65°C | Throttling: None - None - None - None - None - None - None - None
802 (881808 Gflops/s) - 801 (880708 Gflops/s) - 802 (881808 Gflops/s) - 803 (882907 Gflops/s) - 803 (882907 Gflops/s) - 800 (879609 Gflops/s) - 802 (881808 Gflops/s) - 802 (881808 Gflops/s) | Temperatures: 69°C - 65°C - 66°C - 70°C - 66°C - 67°C - 65°C - 65°C | Throttling: None - None - None - None - None - None - None - None
803 (882907 Gflops/s) - 802 (881808 Gflops/s) - 802 (881808 Gflops/s) - 803 (882907 Gflops/s) - 803 (882907 Gflops/s) - 801 (880708 Gflops/s) - 801 (880708 Gflops/s) - 803 (882907 Gflops/s) | Temperatures: 69°C - 65°C - 66°C - 70°C - 66°C - 67°C - 65°C - 65°C | Throttling: None - None - None - None - None - None - None - None
803 (882907 Gflops/s) - 801 (880708 Gflops/s) - 802 (881808 Gflops/s) - 803 (882907 Gflops/s) - 802 (881808 Gflops/s) - 801 (880708 Gflops/s) - 801 (880708 Gflops/s) - 802 (881808 Gflops/s) | Temperatures: 69°C - 65°C - 66°C - 71°C - 66°C - 67°C - 65°C - 66°C | Throttling: None - None - None - None - None - None - None - None
802 (881808 Gflops/s) - 802 (881808 Gflops/s) - 802 (881808 Gflops/s) - 803 (882907 Gflops/s) - 803 (882907 Gflops/s) - 800 (879609 Gflops/s) - 801 (880708 Gflops/s) - 802 (881808 Gflops/s) | Temperatures: 69°C - 65°C - 66°C - 71°C - 66°C - 67°C - 65°C - 66°C | Throttling: None - None - None - None - None - None - None - None
803 (882907 Gflops/s) - 802 (881808 Gflops/s) - 802 (881808 Gflops/s) - 803 (882907 Gflops/s) - 803 (882907 Gflops/s) - 801 (880708 Gflops/s) - 802 (881808 Gflops/s) - 802 (881808 Gflops/s) | Temperatures: 69°C - 65°C - 66°C - 71°C - 66°C - 67°C - 65°C - 66°C | Throttling: None - None - None - None - None - None - None - None
803 (882907 Gflops/s) - 801 (880708 Gflops/s) - 802 (881808 Gflops/s) - 802 (881808 Gflops/s) - 802 (881808 Gflops/s) - 801 (880708 Gflops/s) - 801 (880708 Gflops/s) - 803 (882907 Gflops/s) | Temperatures: 69°C - 65°C - 66°C - 71°C - 66°C - 67°C - 65°C - 66°C | Throttling: None - None - None - None - None - None - None - None
802 (881808 Gflops/s) - 801 (880708 Gflops/s) - 802 (881808 Gflops/s) - 803 (882907 Gflops/s) - 802 (881808 Gflops/s) - 800 (879609 Gflops/s) - 800 (879609 Gflops/s) - 801 (880708 Gflops/s) | Temperatures: 69°C - 65°C - 66°C - 71°C - 66°C - 67°C - 65°C - 66°C | Throttling: None - None - None - None - None - None - None - None
802 (881808 Gflops/s) - 802 (881808 Gflops/s) - 802 (881808 Gflops/s) - 802 (881808 Gflops/s) - 803 (882907 Gflops/s) - 800 (879609 Gflops/s) - 801 (880708 Gflops/s) - 802 (881808 Gflops/s) | Temperatures: 69°C - 65°C - 67°C - 71°C - 66°C - 67°C - 65°C - 66°C | Throttling: None - None - None - None - None - None - None - None
803 (882907 Gflops/s) - 802 (881808 Gflops/s) - 802 (881808 Gflops/s) - 803 (882907 Gflops/s) - 803 (882907 Gflops/s) - 801 (880708 Gflops/s) - 802 (881808 Gflops/s) - 803 (882907 Gflops/s) | Temperatures: 69°C - 65°C - 67°C - 71°C - 66°C - 67°C - 65°C - 66°C | Throttling: None - None - None - None - None - None - None - None
803 (882907 Gflops/s) - 801 (880708 Gflops/s) - 802 (881808 Gflops/s) - 803 (882907 Gflops/s) - 802 (881808 Gflops/s) - 801 (880708 Gflops/s) - 801 (880708 Gflops/s) - 802 (881808 Gflops/s) | Temperatures: 69°C - 65°C - 67°C - 71°C - 66°C - 67°C - 65°C - 66°C | Throttling: None - None - None - None - None - None - None - None
803 (882907 Gflops/s) - 802 (881808 Gflops/s) - 802 (881808 Gflops/s) - 803 (882907 Gflops/s) - 803 (882907 Gflops/s) - 801 (880708 Gflops/s) - 801 (880708 Gflops/s) - 802 (881808 Gflops/s) | Temperatures: 69°C - 65°C - 67°C - 71°C - 66°C - 67°C - 65°C - 66°C | Throttling: None - None - None - None - None - None - None - None
801 (880708 Gflops/s) - 801 (880708 Gflops/s) - 802 (881808 Gflops/s) - 802 (881808 Gflops/s) - 802 (881808 Gflops/s) - 800 (879609 Gflops/s) - 801 (880708 Gflops/s) - 802 (881808 Gflops/s) | Temperatures: 69°C - 65°C - 67°C - 71°C - 66°C - 67°C - 65°C - 66°C | Throttling: None - None - None - None - None - None - None - None
803 (882907 Gflops/s) - 801 (880708 Gflops/s) - 802 (881808 Gflops/s) - 803 (882907 Gflops/s) - 803 (882907 Gflops/s) - 800 (879609 Gflops/s) - 801 (880708 Gflops/s) - 802 (881808 Gflops/s) | Temperatures: 69°C - 65°C - 67°C - 71°C - 66°C - 67°C - 65°C - 66°C | Throttling: None - None - None - None - None - None - None - None
803 (882907 Gflops/s) - 802 (881808 Gflops/s) - 802 (881808 Gflops/s) - 803 (882907 Gflops/s) - 802 (881808 Gflops/s) - 801 (880708 Gflops/s) - 801 (880708 Gflops/s) - 802 (881808 Gflops/s) | Temperatures: 69°C - 65°C - 67°C - 71°C - 66°C - 67°C - 65°C - 66°C | Throttling: None - None - None - None - None - None - None - None
802 (881808 Gflops/s) - 802 (881808 Gflops/s) - 802 (881808 Gflops/s) - 803 (882907 Gflops/s) - 803 (882907 Gflops/s) - 801 (880708 Gflops/s) - 801 (880708 Gflops/s) - 803 (882907 Gflops/s) | Temperatures: 69°C - 65°C - 67°C - 71°C - 66°C - 67°C - 65°C - 66°C | Throttling: None - None - None - None - None - None - None - None
803 (882907 Gflops/s) - 801 (880708 Gflops/s) - 802 (881808 Gflops/s) - 803 (882907 Gflops/s) - 803 (882907 Gflops/s) - 800 (879609 Gflops/s) - 801 (880708 Gflops/s) - 802 (881808 Gflops/s) | Temperatures: 69°C - 65°C - 67°C - 71°C - 66°C - 67°C - 65°C - 66°C | Throttling: None - None - None - None - None - None - None - None
803 (882907 Gflops/s) - 802 (881808 Gflops/s) - 802 (881808 Gflops/s) - 803 (882907 Gflops/s) - 802 (881808 Gflops/s) - 801 (880708 Gflops/s) - 802 (881808 Gflops/s) - 802 (881808 Gflops/s) | Temperatures: 69°C - 65°C - 67°C - 71°C - 66°C - 67°C - 65°C - 66°C | Throttling: None - None - None - None - None - None - None - None
802 (881808 Gflops/s) - 801 (880708 Gflops/s) - 802 (881808 Gflops/s) - 802 (881808 Gflops/s) - 802 (881808 Gflops/s) - 800 (879609 Gflops/s) - 800 (879609 Gflops/s) - 802 (881808 Gflops/s) | Temperatures: 69°C - 65°C - 67°C - 71°C - 66°C - 67°C - 65°C - 66°C | Throttling: None - None - None - None - None - None - None - None
803 (882907 Gflops/s) - 802 (881808 Gflops/s) - 802 (881808 Gflops/s) - 803 (882907 Gflops/s) - 803 (882907 Gflops/s) - 801 (880708 Gflops/s) - 801 (880708 Gflops/s) - 802 (881808 Gflops/s) | Temperatures: 69°C - 65°C - 67°C - 71°C - 66°C - 67°C - 65°C - 66°C | Throttling: None - None - None - None - None - None - None - None
802 (881808 Gflops/s) - 801 (880708 Gflops/s) - 802 (881808 Gflops/s) - 803 (882907 Gflops/s) - 803 (882907 Gflops/s) - 801 (880708 Gflops/s) - 802 (881808 Gflops/s) - 802 (881808 Gflops/s) | Temperatures: 69°C - 65°C - 67°C - 71°C - 66°C - 67°C - 66°C - 66°C | Throttling: None - None - None - None - None - None - None - None
803 (882907 Gflops/s) - 802 (881808 Gflops/s) - 802 (881808 Gflops/s) - 803 (882907 Gflops/s) - 802 (881808 Gflops/s) - 800 (879609 Gflops/s) - 801 (880708 Gflops/s) - 803 (882907 Gflops/s) | Temperatures: 69°C - 66°C - 67°C - 71°C - 66°C - 67°C - 66°C - 66°C | Throttling: None - None - None - None - None - None - None - None
803 (882907 Gflops/s) - 802 (881808 Gflops/s) - 802 (881808 Gflops/s) - 802 (881808 Gflops/s) - 803 (882907 Gflops/s) - 801 (880708 Gflops/s) - 801 (880708 Gflops/s) - 802 (881808 Gflops/s) | Temperatures: 69°C - 65°C - 67°C - 71°C - 66°C - 67°C - 66°C - 66°C | Throttling: None - None - None - None - None - None - None - None
802 (881808 Gflops/s) - 800 (879609 Gflops/s) - 801 (880708 Gflops/s) - 802 (881808 Gflops/s) - 802 (881808 Gflops/s) - 800 (879609 Gflops/s) - 800 (879609 Gflops/s) - 801 (880708 Gflops/s) | Temperatures: 69°C - 65°C - 67°C - 71°C - 66°C - 67°C - 66°C - 66°C | Throttling: None - None - None - None - None - None - None - None
802 (881808 Gflops/s) - 802 (881808 Gflops/s) - 802 (881808 Gflops/s) - 803 (882907 Gflops/s) - 803 (882907 Gflops/s) - 801 (880708 Gflops/s) - 802 (881808 Gflops/s) - 803 (882907 Gflops/s) | Temperatures: 69°C - 65°C - 67°C - 71°C - 66°C - 67°C - 66°C - 66°C | Throttling: None - None - None - None - None - None - None - None
803 (882907 Gflops/s) - 802 (881808 Gflops/s) - 803 (882907 Gflops/s) - 803 (882907 Gflops/s) - 802 (881808 Gflops/s) - 800 (879609 Gflops/s) - 801 (880708 Gflops/s) - 802 (881808 Gflops/s) | Temperatures: 69°C - 65°C - 67°C - 71°C - 66°C - 67°C - 66°C - 66°C | Throttling: None - None - None - None - None - None - None - None
803 (882907 Gflops/s) - 801 (880708 Gflops/s) - 802 (881808 Gflops/s) - 803 (882907 Gflops/s) - 803 (882907 Gflops/s) - 801 (880708 Gflops/s) - 801 (880708 Gflops/s) - 802 (881808 Gflops/s) | Temperatures: 69°C - 65°C - 67°C - 71°C - 66°C - 67°C - 66°C - 66°C | Throttling: None - None - None - None - None - None - None - None
803 (882907 Gflops/s) - 802 (881808 Gflops/s) - 802 (881808 Gflops/s) - 803 (882907 Gflops/s) - 803 (882907 Gflops/s) - 801 (880708 Gflops/s) - 801 (880708 Gflops/s) - 802 (881808 Gflops/s) | Temperatures: 69°C - 65°C - 67°C - 71°C - 66°C - 67°C - 66°C - 66°C | Throttling: None - None - None - None - None - None - None - None
802 (881808 Gflops/s) - 802 (881808 Gflops/s) - 802 (881808 Gflops/s) - 803 (882907 Gflops/s) - 802 (881808 Gflops/s) - 801 (880708 Gflops/s) - 802 (881808 Gflops/s) - 803 (882907 Gflops/s) | Temperatures: 69°C - 65°C - 67°C - 71°C - 66°C - 67°C - 66°C - 66°C | Throttling: None - None - None - None - None - None - None - None
802 (881808 Gflops/s) - 801 (880708 Gflops/s) - 801 (880708 Gflops/s) - 802 (881808 Gflops/s) - 802 (881808 Gflops/s) - 800 (879609 Gflops/s) - 800 (879609 Gflops/s) - 801 (880708 Gflops/s) | Temperatures: 69°C - 65°C - 67°C - 71°C - 66°C - 67°C - 66°C - 66°C | Throttling: None - None - None - None - None - None - None - None
803 (882907 Gflops/s) - 801 (880708 Gflops/s) - 802 (881808 Gflops/s) - 803 (882907 Gflops/s) - 803 (882907 Gflops/s) - 800 (879609 Gflops/s) - 801 (880708 Gflops/s) - 802 (881808 Gflops/s) | Temperatures: 69°C - 65°C - 67°C - 71°C - 66°C - 67°C - 66°C - 66°C | Throttling: None - None - None - None - None - None - None - None
803 (882907 Gflops/s) - 802 (881808 Gflops/s) - 802 (881808 Gflops/s) - 803 (882907 Gflops/s) - 803 (882907 Gflops/s) - 801 (880708 Gflops/s) - 801 (880708 Gflops/s) - 802 (881808 Gflops/s) | Temperatures: 69°C - 65°C - 67°C - 71°C - 66°C - 67°C - 66°C - 66°C | Throttling: None - None - None - None - None - None - None - None
802 (881808 Gflops/s) - 801 (880708 Gflops/s) - 803 (882907 Gflops/s) - 803 (882907 Gflops/s) - 802 (881808 Gflops/s) - 801 (880708 Gflops/s) - 802 (881808 Gflops/s) - 803 (882907 Gflops/s) | Temperatures: 69°C - 65°C - 67°C - 71°C - 66°C - 67°C - 66°C - 66°C | Throttling: None - None - None - None - None - None - None - None
803 (882907 Gflops/s) - 802 (881808 Gflops/s) - 802 (881808 Gflops/s) - 803 (882907 Gflops/s) - 803 (882907 Gflops/s) - 801 (880708 Gflops/s) - 801 (880708 Gflops/s) - 802 (881808 Gflops/s) | Temperatures: 69°C - 65°C - 67°C - 71°C - 66°C - 67°C - 66°C - 66°C | Throttling: None - None - None - None - None - None - None - None
802 (881808 Gflops/s) - 801 (880708 Gflops/s) - 801 (880708 Gflops/s) - 802 (881808 Gflops/s) - 802 (881808 Gflops/s) - 800 (879609 Gflops/s) - 800 (879609 Gflops/s) - 802 (881808 Gflops/s) | Temperatures: 69°C - 65°C - 67°C - 71°C - 66°C - 67°C - 66°C - 66°C | Throttling: None - None - None - None - None - None - None - None
803 (882907 Gflops/s) - 802 (881808 Gflops/s) - 802 (881808 Gflops/s) - 803 (882907 Gflops/s) - 803 (882907 Gflops/s) - 800 (879609 Gflops/s) - 802 (881808 Gflops/s) - 802 (881808 Gflops/s) | Temperatures: 69°C - 65°C - 67°C - 71°C - 66°C - 67°C - 66°C - 66°C | Throttling: None - None - None - None - None - None - None - None
803 (882907 Gflops/s) - 801 (880708 Gflops/s) - 802 (881808 Gflops/s) - 802 (881808 Gflops/s) - 802 (881808 Gflops/s) - 801 (880708 Gflops/s) - 801 (880708 Gflops/s) - 802 (881808 Gflops/s) | Temperatures: 69°C - 65°C - 67°C - 71°C - 66°C - 67°C - 66°C - 66°C | Throttling: None - None - None - None - None - None - None - None
802 (881808 Gflops/s) - 802 (881808 Gflops/s) - 802 (881808 Gflops/s) - 803 (882907 Gflops/s) - 803 (882907 Gflops/s) - 801 (880708 Gflops/s) - 801 (880708 Gflops/s) - 802 (881808 Gflops/s) | Temperatures: 69°C - 65°C - 67°C - 71°C - 66°C - 67°C - 66°C - 66°C | Throttling: None - None - None - None - None - None - None - None
803 (882907 Gflops/s) - 802 (881808 Gflops/s) - 802 (881808 Gflops/s) - 803 (882907 Gflops/s) - 803 (882907 Gflops/s) - 801 (880708 Gflops/s) - 801 (880708 Gflops/s) - 803 (882907 Gflops/s) | Temperatures: 69°C - 65°C - 67°C - 71°C - 66°C - 67°C - 66°C - 66°C | Throttling: None - None - None - None - None - None - None - None
803 (882907 Gflops/s) - 801 (880708 Gflops/s) - 803 (882907 Gflops/s) - 803 (882907 Gflops/s) - 802 (881808 Gflops/s) - 800 (879609 Gflops/s) - 801 (880708 Gflops/s) - 802 (881808 Gflops/s) | Temperatures: 69°C - 65°C - 67°C - 71°C - 66°C - 67°C - 66°C - 66°C | Throttling: None - None - None - None - None - None - None - None
802 (881808 Gflops/s) - 801 (880708 Gflops/s) - 801 (880708 Gflops/s) - 802 (881808 Gflops/s) - 802 (881808 Gflops/s) - 800 (879609 Gflops/s) - 801 (880708 Gflops/s) - 801 (880708 Gflops/s) | Temperatures: 69°C - 65°C - 67°C - 71°C - 66°C - 67°C - 66°C - 66°C | Throttling: None - None - None - None - None - None - None - None
802 (881808 Gflops/s) - 802 (881808 Gflops/s) - 802 (881808 Gflops/s) - 803 (882907 Gflops/s) - 803 (882907 Gflops/s) - 801 (880708 Gflops/s) - 801 (880708 Gflops/s) - 803 (882907 Gflops/s) | Temperatures: 69°C - 65°C - 67°C - 71°C - 66°C - 67°C - 66°C - 66°C | Throttling: None - None - None - None - None - None - None - None
803 (882907 Gflops/s) - 801 (880708 Gflops/s) - 802 (881808 Gflops/s) - 803 (882907 Gflops/s) - 803 (882907 Gflops/s) - 801 (880708 Gflops/s) - 801 (880708 Gflops/s) - 802 (881808 Gflops/s) | Temperatures: 69°C - 65°C - 67°C - 71°C - 66°C - 67°C - 66°C - 66°C | Throttling: None - None - None - None - None - None - None - None
803 (882907 Gflops/s) - 802 (881808 Gflops/s) - 802 (881808 Gflops/s) - 803 (882907 Gflops/s) - 802 (881808 Gflops/s) - 801 (880708 Gflops/s) - 801 (880708 Gflops/s) - 802 (881808 Gflops/s) | Temperatures: 69°C - 65°C - 67°C - 71°C - 66°C - 67°C - 66°C - 66°C | Throttling: None - None - None - None - None - None - None - None
803 (882907 Gflops/s) - 802 (881808 Gflops/s) - 802 (881808 Gflops/s) - 803 (882907 Gflops/s) - 803 (882907 Gflops/s) - 800 (879609 Gflops/s) - 802 (881808 Gflops/s) - 803 (882907 Gflops/s) | Temperatures: 69°C - 65°C - 67°C - 71°C - 66°C - 67°C - 66°C - 66°C | Throttling: None - None - None - None - None - None - None - None
801 (880708 Gflops/s) - 801 (880708 Gflops/s) - 802 (881808 Gflops/s) - 802 (881808 Gflops/s) - 802 (881808 Gflops/s) - 800 (879609 Gflops/s) - 800 (879609 Gflops/s) - 801 (880708 Gflops/s) | Temperatures: 69°C - 66°C - 67°C - 71°C - 66°C - 67°C - 66°C - 66°C | Throttling: None - None - None - None - None - None - None - None
803 (882907 Gflops/s) - 801 (880708 Gflops/s) - 802 (881808 Gflops/s) - 803 (882907 Gflops/s) - 803 (882907 Gflops/s) - 801 (880708 Gflops/s) - 801 (880708 Gflops/s) - 802 (881808 Gflops/s) | Temperatures: 69°C - 65°C - 67°C - 71°C - 66°C - 67°C - 66°C - 66°C | Throttling: None - None - None - None - None - None - None - None
803 (882907 Gflops/s) - 802 (881808 Gflops/s) - 802 (881808 Gflops/s) - 803 (882907 Gflops/s) - 802 (881808 Gflops/s) - 801 (880708 Gflops/s) - 801 (880708 Gflops/s) - 803 (882907 Gflops/s) | Temperatures: 69°C - 65°C - 67°C - 71°C - 66°C - 67°C - 66°C - 66°C | Throttling: None - None - None - None - None - None - None - None
803 (882907 Gflops/s) - 801 (880708 Gflops/s) - 802 (881808 Gflops/s) - 803 (882907 Gflops/s) - 803 (882907 Gflops/s) - 801 (880708 Gflops/s) - 802 (881808 Gflops/s) - 802 (881808 Gflops/s) | Temperatures: 69°C - 66°C - 67°C - 71°C - 66°C - 67°C - 66°C - 66°C | Throttling: None - None - None - None - None - None - None - None
802 (881808 Gflops/s) - 802 (881808 Gflops/s) - 802 (881808 Gflops/s) - 803 (882907 Gflops/s) - 803 (882907 Gflops/s) - 801 (880708 Gflops/s) - 801 (880708 Gflops/s) - 802 (881808 Gflops/s) | Temperatures: 69°C - 65°C - 67°C - 71°C - 66°C - 67°C - 66°C - 66°C | Throttling: None - None - None - None - None - None - None - None
802 (881808 Gflops/s) - 801 (880708 Gflops/s) - 801 (880708 Gflops/s) - 802 (881808 Gflops/s) - 802 (881808 Gflops/s) - 799 (878509 Gflops/s) - 800 (879609 Gflops/s) - 802 (881808 Gflops/s) | Temperatures: 69°C - 65°C - 67°C - 71°C - 66°C - 67°C - 66°C - 66°C | Throttling: None - None - None - None - None - None - None - None
803 (882907 Gflops/s) - 801 (880708 Gflops/s) - 802 (881808 Gflops/s) - 803 (882907 Gflops/s) - 802 (881808 Gflops/s) - 801 (880708 Gflops/s) - 801 (880708 Gflops/s) - 802 (881808 Gflops/s) | Temperatures: 69°C - 65°C - 67°C - 71°C - 66°C - 67°C - 66°C - 66°C | Throttling: None - None - None - None - None - None - None - None
803 (882907 Gflops/s) - 802 (881808 Gflops/s) - 803 (882907 Gflops/s) - 803 (882907 Gflops/s) - 803 (882907 Gflops/s) - 801 (880708 Gflops/s) - 802 (881808 Gflops/s) - 802 (881808 Gflops/s) | Temperatures: 69°C - 65°C - 67°C - 71°C - 66°C - 67°C - 66°C - 66°C | Throttling: None - None - None - None - None - None - None - None
802 (881808 Gflops/s) - 802 (881808 Gflops/s) - 802 (881808 Gflops/s) - 803 (882907 Gflops/s) - 803 (882907 Gflops/s) - 801 (880708 Gflops/s) - 801 (880708 Gflops/s) - 802 (881808 Gflops/s) | Temperatures: 69°C - 65°C - 67°C - 71°C - 66°C - 67°C - 66°C - 66°C | Throttling: None - None - None - None - None - None - None - None
803 (882907 Gflops/s) - 801 (880708 Gflops/s) - 802 (881808 Gflops/s) - 803 (882907 Gflops/s) - 802 (881808 Gflops/s) - 801 (880708 Gflops/s) - 801 (880708 Gflops/s) - 803 (882907 Gflops/s) | Temperatures: 69°C - 65°C - 67°C - 71°C - 66°C - 67°C - 66°C - 66°C | Throttling: None - None - None - None - None - None - None - None
803 (882907 Gflops/s) - 802 (881808 Gflops/s) - 802 (881808 Gflops/s) - 803 (882907 Gflops/s) - 803 (882907 Gflops/s) - 800 (879609 Gflops/s) - 801 (880708 Gflops/s) - 802 (881808 Gflops/s) | Temperatures: 69°C - 65°C - 67°C - 71°C - 66°C - 67°C - 66°C - 66°C | Throttling: None - None - None - None - None - None - None - None
802 (881808 Gflops/s) - 801 (880708 Gflops/s) - 801 (880708 Gflops/s) - 802 (881808 Gflops/s) - 802 (881808 Gflops/s) - 801 (880708 Gflops/s) - 801 (880708 Gflops/s) - 801 (880708 Gflops/s) | Temperatures: 69°C - 66°C - 67°C - 71°C - 66°C - 67°C - 66°C - 66°C | Throttling: None - None - None - None - None - None - None - None
802 (881808 Gflops/s) - 801 (880708 Gflops/s) - 802 (881808 Gflops/s) - 803 (882907 Gflops/s) - 803 (882907 Gflops/s) - 800 (879609 Gflops/s) - 801 (880708 Gflops/s) - 803 (882907 Gflops/s) | Temperatures: 69°C - 65°C - 67°C - 71°C - 66°C - 68°C - 66°C - 66°C | Throttling: None - None - None - None - None - None - None - None
803 (882907 Gflops/s) - 802 (881808 Gflops/s) - 802 (881808 Gflops/s) - 803 (882907 Gflops/s) - 802 (881808 Gflops/s) - 801 (880708 Gflops/s) - 801 (880708 Gflops/s) - 802 (881808 Gflops/s) | Temperatures: 69°C - 66°C - 67°C - 71°C - 66°C - 68°C - 66°C - 66°C | Throttling: None - None - None - None - None - None - None - None
803 (882907 Gflops/s) - 802 (881808 Gflops/s) - 802 (881808 Gflops/s) - 803 (882907 Gflops/s) - 803 (882907 Gflops/s) - 801 (880708 Gflops/s) - 801 (880708 Gflops/s) - 802 (881808 Gflops/s) | Temperatures: 69°C - 66°C - 67°C - 71°C - 66°C - 68°C - 66°C - 66°C | Throttling: None - None - None - None - None - None - None - None
802 (881808 Gflops/s) - 801 (880708 Gflops/s) - 802 (881808 Gflops/s) - 802 (881808 Gflops/s) - 802 (881808 Gflops/s) - 801 (880708 Gflops/s) - 802 (881808 Gflops/s) - 803 (882907 Gflops/s) | Temperatures: 69°C - 66°C - 67°C - 71°C - 66°C - 68°C - 67°C - 66°C | Throttling: None - None - None - None - None - None - None - None
803 (882907 Gflops/s) - 802 (881808 Gflops/s) - 803 (882907 Gflops/s) - 803 (882907 Gflops/s) - 803 (882907 Gflops/s) - 800 (879609 Gflops/s) - 801 (880708 Gflops/s) - 802 (881808 Gflops/s) | Temperatures: 69°C - 66°C - 67°C - 71°C - 67°C - 68°C - 67°C - 66°C | Throttling: None - None - None - None - None - None - None - None
802 (881808 Gflops/s) - 801 (880708 Gflops/s) - 801 (880708 Gflops/s) - 802 (881808 Gflops/s) - 802 (881808 Gflops/s) - 800 (879609 Gflops/s) - 800 (879609 Gflops/s) - 801 (880708 Gflops/s) | Temperatures: 69°C - 66°C - 67°C - 71°C - 67°C - 68°C - 67°C - 66°C | Throttling: None - None - None - None - None - None - None - None
803 (882907 Gflops/s) - 801 (880708 Gflops/s) - 802 (881808 Gflops/s) - 803 (882907 Gflops/s) - 803 (882907 Gflops/s) - 801 (880708 Gflops/s) - 801 (880708 Gflops/s) - 803 (882907 Gflops/s) | Temperatures: 69°C - 66°C - 67°C - 71°C - 67°C - 69°C - 67°C - 66°C | Throttling: None - None - None - None - None - None - None - None
802 (881808 Gflops/s) - 802 (881808 Gflops/s) - 802 (881808 Gflops/s) - 803 (882907 Gflops/s) - 802 (881808 Gflops/s) - 801 (880708 Gflops/s) - 802 (881808 Gflops/s) - 802 (881808 Gflops/s) | Temperatures: 69°C - 66°C - 67°C - 71°C - 67°C - 69°C - 67°C - 66°C | Throttling: None - None - None - None - None - None - None - None
803 (882907 Gflops/s) - 802 (881808 Gflops/s) - 802 (881808 Gflops/s) - 803 (882907 Gflops/s) - 803 (882907 Gflops/s) - 800 (879609 Gflops/s) - 801 (880708 Gflops/s) - 802 (881808 Gflops/s) | Temperatures: 68°C - 66°C - 67°C - 71°C - 67°C - 69°C - 67°C - 66°C | Throttling: None - None - None - None - None - None - None - None
803 (882907 Gflops/s) - 802 (881808 Gflops/s) - 802 (881808 Gflops/s) - 803 (882907 Gflops/s) - 803 (882907 Gflops/s) - 801 (880708 Gflops/s) - 801 (880708 Gflops/s) - 803 (882907 Gflops/s) | Temperatures: 68°C - 66°C - 67°C - 71°C - 67°C - 69°C - 68°C - 66°C | Throttling: None - None - None - None - None - None - None - None
802 (881808 Gflops/s) - 801 (880708 Gflops/s) - 802 (881808 Gflops/s) - 802 (881808 Gflops/s) - 802 (881808 Gflops/s) - 800 (879609 Gflops/s) - 801 (880708 Gflops/s) - 801 (880708 Gflops/s) | Temperatures: 68°C - 66°C - 67°C - 71°C - 67°C - 69°C - 68°C - 66°C | Throttling: None - None - None - None - None - None - None - None
803 (882907 Gflops/s) - 801 (880708 Gflops/s) - 802 (881808 Gflops/s) - 803 (882907 Gflops/s) - 802 (881808 Gflops/s) - 801 (880708 Gflops/s) - 801 (880708 Gflops/s) - 802 (881808 Gflops/s) | Temperatures: 68°C - 66°C - 67°C - 71°C - 67°C - 69°C - 68°C - 67°C | Throttling: None - None - None - None - None - None - None - None
802 (881808 Gflops/s) - 802 (881808 Gflops/s) - 802 (881808 Gflops/s) - 803 (882907 Gflops/s) - 803 (882907 Gflops/s) - 801 (880708 Gflops/s) - 801 (880708 Gflops/s) - 803 (882907 Gflops/s) | Temperatures: 68°C - 66°C - 67°C - 71°C - 67°C - 70°C - 68°C - 67°C | Throttling: None - None - None - None - None - None - None - None
803 (882907 Gflops/s) - 801 (880708 Gflops/s) - 802 (881808 Gflops/s) - 803 (882907 Gflops/s) - 803 (882907 Gflops/s) - 800 (879609 Gflops/s) - 801 (880708 Gflops/s) - 802 (881808 Gflops/s) | Temperatures: 68°C - 66°C - 67°C - 71°C - 67°C - 70°C - 68°C - 67°C | Throttling: None - None - None - None - None - None - None - None
803 (882907 Gflops/s) - 802 (881808 Gflops/s) - 802 (881808 Gflops/s) - 803 (882907 Gflops/s) - 802 (881808 Gflops/s) - 801 (880708 Gflops/s) - 801 (880708 Gflops/s) - 802 (881808 Gflops/s) | Temperatures: 68°C - 66°C - 67°C - 71°C - 67°C - 70°C - 68°C - 67°C | Throttling: None - None - None - None - None - None - None - None
802 (881808 Gflops/s) - 801 (880708 Gflops/s) - 802 (881808 Gflops/s) - 802 (881808 Gflops/s) - 802 (881808 Gflops/s) - 800 (879609 Gflops/s) - 801 (880708 Gflops/s) - 802 (881808 Gflops/s) | Temperatures: 68°C - 66°C - 67°C - 71°C - 68°C - 70°C - 69°C - 67°C | Throttling: None - None - None - None - None - None - None - None
802 (881808 Gflops/s) - 801 (880708 Gflops/s) - 802 (881808 Gflops/s) - 803 (882907 Gflops/s) - 803 (882907 Gflops/s) - 801 (880708 Gflops/s) - 801 (880708 Gflops/s) - 802 (881808 Gflops/s) | Temperatures: 68°C - 66°C - 67°C - 71°C - 68°C - 70°C - 69°C - 67°C | Throttling: None - None - None - None - None - None - None - None
803 (882907 Gflops/s) - 802 (881808 Gflops/s) - 802 (881808 Gflops/s) - 803 (882907 Gflops/s) - 802 (881808 Gflops/s) - 800 (879609 Gflops/s) - 801 (880708 Gflops/s) - 802 (881808 Gflops/s) | Temperatures: 68°C - 66°C - 67°C - 71°C - 68°C - 70°C - 69°C - 67°C | Throttling: None - None - None - None - None - None - None - None
803 (882907 Gflops/s) - 802 (881808 Gflops/s) - 802 (881808 Gflops/s) - 803 (882907 Gflops/s) - 803 (882907 Gflops/s) - 801 (880708 Gflops/s) - 801 (880708 Gflops/s) - 802 (881808 Gflops/s) | Temperatures: 68°C - 66°C - 67°C - 71°C - 68°C - 70°C - 69°C - 67°C | Throttling: None - None - None - None - None - None - None - None
802 (881808 Gflops/s) - 801 (880708 Gflops/s) - 802 (881808 Gflops/s) - 803 (882907 Gflops/s) - 803 (882907 Gflops/s) - 801 (880708 Gflops/s) - 801 (880708 Gflops/s) - 803 (882907 Gflops/s) | Temperatures: 68°C - 66°C - 67°C - 71°C - 68°C - 70°C - 69°C - 67°C | Throttling: None - None - None - None - None - None - None - None
803 (882907 Gflops/s) - 802 (881808 Gflops/s) - 802 (881808 Gflops/s) - 803 (882907 Gflops/s) - 802 (881808 Gflops/s) - 801 (880708 Gflops/s) - 802 (881808 Gflops/s) - 802 (881808 Gflops/s) | Temperatures: 68°C - 66°C - 67°C - 70°C - 68°C - 71°C - 69°C - 67°C | Throttling: None - None - None - None - None - None - None - None
802 (881808 Gflops/s) - 801 (880708 Gflops/s) - 802 (881808 Gflops/s) - 802 (881808 Gflops/s) - 802 (881808 Gflops/s) - 799 (878509 Gflops/s) - 800 (879609 Gflops/s) - 801 (880708 Gflops/s) | Temperatures: 68°C - 66°C - 67°C - 71°C - 68°C - 71°C - 69°C - 67°C | Throttling: None - None - None - None - None - None - None - None
803 (882907 Gflops/s) - 801 (880708 Gflops/s) - 802 (881808 Gflops/s) - 803 (882907 Gflops/s) - 803 (882907 Gflops/s) - 801 (880708 Gflops/s) - 801 (880708 Gflops/s) - 803 (882907 Gflops/s) | Temperatures: 68°C - 66°C - 67°C - 70°C - 68°C - 71°C - 69°C - 67°C | Throttling: None - None - None - None - None - None - None - None
803 (882907 Gflops/s) - 802 (881808 Gflops/s) - 802 (881808 Gflops/s) - 803 (882907 Gflops/s) - 803 (882907 Gflops/s) - 801 (880708 Gflops/s) - 801 (880708 Gflops/s) - 802 (881808 Gflops/s) | Temperatures: 68°C - 66°C - 67°C - 70°C - 68°C - 71°C - 69°C - 67°C | Throttling: None - None - None - None - None - None - None - None
802 (881808 Gflops/s) - 802 (881808 Gflops/s) - 802 (881808 Gflops/s) - 803 (882907 Gflops/s) - 802 (881808 Gflops/s) - 801 (880708 Gflops/s) - 802 (881808 Gflops/s) - 802 (881808 Gflops/s) | Temperatures: 68°C - 66°C - 67°C - 70°C - 68°C - 71°C - 69°C - 67°C | Throttling: None - None - None - None - None - None - None - None
803 (882907 Gflops/s) - 801 (880708 Gflops/s) - 802 (881808 Gflops/s) - 803 (882907 Gflops/s) - 803 (882907 Gflops/s) - 801 (880708 Gflops/s) - 801 (880708 Gflops/s) - 803 (882907 Gflops/s) | Temperatures: 68°C - 66°C - 67°C - 70°C - 68°C - 71°C - 69°C - 67°C | Throttling: None - None - None - None - None - None - None - None
802 (881808 Gflops/s) - 801 (880708 Gflops/s) - 801 (880708 Gflops/s) - 802 (881808 Gflops/s) - 802 (881808 Gflops/s) - 799 (878509 Gflops/s) - 800 (879609 Gflops/s) - 801 (880708 Gflops/s) | Temperatures: 68°C - 66°C - 67°C - 70°C - 68°C - 71°C - 70°C - 67°C | Throttling: None - None - None - None - None - None - None - None
803 (882907 Gflops/s) - 802 (881808 Gflops/s) - 802 (881808 Gflops/s) - 803 (882907 Gflops/s) - 802 (881808 Gflops/s) - 801 (880708 Gflops/s) - 801 (880708 Gflops/s) - 802 (881808 Gflops/s) | Temperatures: 68°C - 66°C - 67°C - 70°C - 68°C - 71°C - 70°C - 67°C | Throttling: None - None - None - None - None - None - None - None
802 (881808 Gflops/s) - 801 (880708 Gflops/s) - 803 (882907 Gflops/s) - 803 (882907 Gflops/s) - 803 (882907 Gflops/s) - 801 (880708 Gflops/s) - 801 (880708 Gflops/s) - 803 (882907 Gflops/s) | Temperatures: 68°C - 66°C - 67°C - 70°C - 68°C - 71°C - 70°C - 67°C | Throttling: None - None - None - None - None - None - None - None
803 (882907 Gflops/s) - 802 (881808 Gflops/s) - 802 (881808 Gflops/s) - 803 (882907 Gflops/s) - 803 (882907 Gflops/s) - 801 (880708 Gflops/s) - 802 (881808 Gflops/s) - 802 (881808 Gflops/s) | Temperatures: 68°C - 66°C - 67°C - 70°C - 68°C - 71°C - 70°C - 67°C | Throttling: None - None - None - None - None - None - None - None
803 (882907 Gflops/s) - 802 (881808 Gflops/s) - 802 (881808 Gflops/s) - 803 (882907 Gflops/s) - 802 (881808 Gflops/s) - 800 (879609 Gflops/s) - 801 (880708 Gflops/s) - 802 (881808 Gflops/s) | Temperatures: 68°C - 66°C - 67°C - 70°C - 68°C - 71°C - 70°C - 67°C | Throttling: None - None - None - None - None - None - None - None
802 (881808 Gflops/s) - 800 (879609 Gflops/s) - 801 (880708 Gflops/s) - 802 (881808 Gflops/s) - 802 (881808 Gflops/s) - 800 (879609 Gflops/s) - 800 (879609 Gflops/s) - 802 (881808 Gflops/s) | Temperatures: 68°C - 66°C - 67°C - 70°C - 68°C - 71°C - 70°C - 67°C | Throttling: None - None - None - None - None - None - None - None
802 (881808 Gflops/s) - 802 (881808 Gflops/s) - 802 (881808 Gflops/s) - 803 (882907 Gflops/s) - 803 (882907 Gflops/s) - 801 (880708 Gflops/s) - 801 (880708 Gflops/s) - 802 (881808 Gflops/s) | Temperatures: 68°C - 66°C - 67°C - 70°C - 69°C - 71°C - 70°C - 67°C | Throttling: None - None - None - None - None - None - None - None
803 (882907 Gflops/s) - 802 (881808 Gflops/s) - 802 (881808 Gflops/s) - 803 (882907 Gflops/s) - 802 (881808 Gflops/s) - 801 (880708 Gflops/s) - 801 (880708 Gflops/s) - 802 (881808 Gflops/s) | Temperatures: 68°C - 66°C - 67°C - 70°C - 69°C - 71°C - 70°C - 67°C | Throttling: None - None - None - None - None - None - None - None
803 (882907 Gflops/s) - 801 (880708 Gflops/s) - 802 (881808 Gflops/s) - 803 (882907 Gflops/s) - 803 (882907 Gflops/s) - 800 (879609 Gflops/s) - 802 (881808 Gflops/s) - 803 (882907 Gflops/s) | Temperatures: 68°C - 66°C - 67°C - 70°C - 68°C - 71°C - 70°C - 67°C | Throttling: None - None - None - None - None - None - None - None
802 (881808 Gflops/s) - 802 (881808 Gflops/s) - 803 (882907 Gflops/s) - 802 (881808 Gflops/s) - 803 (882907 Gflops/s) - 801 (880708 Gflops/s) - 801 (880708 Gflops/s) - 802 (881808 Gflops/s) | Temperatures: 68°C - 66°C - 67°C - 70°C - 68°C - 71°C - 69°C - 67°C | Throttling: None - None - None - None - None - None - None - None
802 (881808 Gflops/s) - 801 (880708 Gflops/s) - 801 (880708 Gflops/s) - 803 (882907 Gflops/s) - 802 (881808 Gflops/s) - 800 (879609 Gflops/s) - 800 (879609 Gflops/s) - 801 (880708 Gflops/s) | Temperatures: 68°C - 66°C - 67°C - 70°C - 68°C - 71°C - 69°C - 67°C | Throttling: None - None - None - None - None - None - None - None
803 (882907 Gflops/s) - 801 (880708 Gflops/s) - 802 (881808 Gflops/s) - 803 (882907 Gflops/s) - 802 (881808 Gflops/s) - 801 (880708 Gflops/s) - 801 (880708 Gflops/s) - 803 (882907 Gflops/s) | Temperatures: 68°C - 66°C - 67°C - 70°C - 68°C - 71°C - 69°C - 67°C | Throttling: None - None - None - None - None - None - None - None
803 (882907 Gflops/s) - 802 (881808 Gflops/s) - 802 (881808 Gflops/s) - 802 (881808 Gflops/s) - 803 (882907 Gflops/s) - 801 (880708 Gflops/s) - 801 (880708 Gflops/s) - 802 (881808 Gflops/s) | Temperatures: 68°C - 66°C - 67°C - 70°C - 68°C - 70°C - 69°C - 67°C | Throttling: None - None - None - None - None - None - None - None
803 (882907 Gflops/s) - 802 (881808 Gflops/s) - 802 (881808 Gflops/s) - 803 (882907 Gflops/s) - 802 (881808 Gflops/s) - 800 (879609 Gflops/s) - 802 (881808 Gflops/s) - 802 (881808 Gflops/s) | Temperatures: 68°C - 66°C - 67°C - 70°C - 68°C - 70°C - 69°C - 67°C | Throttling: None - None - None - None - None - None - None - None
802 (881808 Gflops/s) - 801 (880708 Gflops/s) - 803 (882907 Gflops/s) - 803 (882907 Gflops/s) - 803 (882907 Gflops/s) - 801 (880708 Gflops/s) - 801 (880708 Gflops/s) - 803 (882907 Gflops/s) | Temperatures: 68°C - 66°C - 67°C - 70°C - 68°C - 70°C - 69°C - 67°C | Throttling: None - None - None - None - None - None - None - None
803 (882907 Gflops/s) - 802 (881808 Gflops/s) - 802 (881808 Gflops/s) - 803 (882907 Gflops/s) - 803 (882907 Gflops/s) - 801 (880708 Gflops/s) - 801 (880708 Gflops/s) - 802 (881808 Gflops/s) | Temperatures: 68°C - 66°C - 67°C - 70°C - 68°C - 70°C - 69°C - 67°C | Throttling: None - None - None - None - None - None - None - None
802 (881808 Gflops/s) - 801 (880708 Gflops/s) - 801 (880708 Gflops/s) - 802 (881808 Gflops/s) - 801 (880708 Gflops/s) - 800 (879609 Gflops/s) - 800 (879609 Gflops/s) - 801 (880708 Gflops/s) | Temperatures: 68°C - 66°C - 67°C - 70°C - 68°C - 70°C - 69°C - 67°C | Throttling: None - None - None - None - None - None - None - None
803 (882907 Gflops/s) - 801 (880708 Gflops/s) - 802 (881808 Gflops/s) - 803 (882907 Gflops/s) - 803 (882907 Gflops/s) - 800 (879609 Gflops/s) - 801 (880708 Gflops/s) - 803 (882907 Gflops/s) | Temperatures: 68°C - 66°C - 67°C - 70°C - 68°C - 70°C - 68°C - 67°C | Throttling: None - None - None - None - None - None - None - None
802 (881808 Gflops/s) - 802 (881808 Gflops/s) - 802 (881808 Gflops/s) - 803 (882907 Gflops/s) - 803 (882907 Gflops/s) - 801 (880708 Gflops/s) - 801 (880708 Gflops/s) - 802 (881808 Gflops/s) | Temperatures: 68°C - 66°C - 67°C - 70°C - 68°C - 70°C - 68°C - 67°C | Throttling: None - None - None - None - None - None - None - None
803 (882907 Gflops/s) - 801 (880708 Gflops/s) - 802 (881808 Gflops/s) - 803 (882907 Gflops/s) - 802 (881808 Gflops/s) - 801 (880708 Gflops/s) - 802 (881808 Gflops/s) - 802 (881808 Gflops/s) | Temperatures: 68°C - 66°C - 67°C - 70°C - 68°C - 70°C - 68°C - 67°C | Throttling: None - None - None - None - None - None - None - None
803 (882907 Gflops/s) - 802 (881808 Gflops/s) - 802 (881808 Gflops/s) - 803 (882907 Gflops/s) - 803 (882907 Gflops/s) - 801 (880708 Gflops/s) - 801 (880708 Gflops/s) - 802 (881808 Gflops/s) | Temperatures: 68°C - 66°C - 67°C - 70°C - 67°C - 70°C - 68°C - 67°C | Throttling: None - None - None - None - None - None - None - None
802 (881808 Gflops/s) - 801 (880708 Gflops/s) - 802 (881808 Gflops/s) - 802 (881808 Gflops/s) - 802 (881808 Gflops/s) - 800 (879609 Gflops/s) - 800 (879609 Gflops/s) - 802 (881808 Gflops/s) | Temperatures: 68°C - 66°C - 67°C - 70°C - 67°C - 70°C - 68°C - 67°C | Throttling: None - None - None - None - None - None - None - None
802 (881808 Gflops/s) - 801 (880708 Gflops/s) - 802 (881808 Gflops/s) - 803 (882907 Gflops/s) - 802 (881808 Gflops/s) - 800 (879609 Gflops/s) - 801 (880708 Gflops/s) - 802 (881808 Gflops/s) | Temperatures: 68°C - 66°C - 67°C - 70°C - 67°C - 70°C - 68°C - 67°C | Throttling: None - None - None - None - None - None - None - None
803 (882907 Gflops/s) - 802 (881808 Gflops/s) - 802 (881808 Gflops/s) - 803 (882907 Gflops/s) - 803 (882907 Gflops/s) - 801 (880708 Gflops/s) - 802 (881808 Gflops/s) - 803 (882907 Gflops/s) | Temperatures: 68°C - 66°C - 67°C - 70°C - 67°C - 69°C - 68°C - 67°C | Throttling: None - None - None - None - None - None - None - None
803 (882907 Gflops/s) - 802 (881808 Gflops/s) - 802 (881808 Gflops/s) - 803 (882907 Gflops/s) - 803 (882907 Gflops/s) - 801 (880708 Gflops/s) - 801 (880708 Gflops/s) - 802 (881808 Gflops/s) | Temperatures: 68°C - 66°C - 67°C - 70°C - 67°C - 69°C - 68°C - 67°C | Throttling: None - None - None - None - None - None - None - None
803 (882907 Gflops/s) - 802 (881808 Gflops/s) - 802 (881808 Gflops/s) - 803 (882907 Gflops/s) - 803 (882907 Gflops/s) - 800 (879609 Gflops/s) - 801 (880708 Gflops/s) - 802 (881808 Gflops/s) | Temperatures: 68°C - 66°C - 67°C - 70°C - 67°C - 69°C - 68°C - 67°C | Throttling: None - None - None - None - None - None - None - None
801 (880708 Gflops/s) - 800 (879609 Gflops/s) - 802 (881808 Gflops/s) - 802 (881808 Gflops/s) - 801 (880708 Gflops/s) - 800 (879609 Gflops/s) - 801 (880708 Gflops/s) - 802 (881808 Gflops/s) | Temperatures: 68°C - 66°C - 67°C - 70°C - 67°C - 70°C - 68°C - 67°C | Throttling: None - None - None - None - None - None - None - None
803 (882907 Gflops/s) - 802 (881808 Gflops/s) - 802 (881808 Gflops/s) - 803 (882907 Gflops/s) - 803 (882907 Gflops/s) - 801 (880708 Gflops/s) - 801 (880708 Gflops/s) - 802 (881808 Gflops/s) | Temperatures: 68°C - 66°C - 67°C - 70°C - 67°C - 70°C - 68°C - 67°C | Throttling: None - None - None - None - None - None - None - None
803 (882907 Gflops/s) - 802 (881808 Gflops/s) - 802 (881808 Gflops/s) - 803 (882907 Gflops/s) - 803 (882907 Gflops/s) - 801 (880708 Gflops/s) - 801 (880708 Gflops/s) - 802 (881808 Gflops/s) | Temperatures: 68°C - 66°C - 67°C - 70°C - 67°C - 70°C - 68°C - 67°C | Throttling: None - None - None - None - None - None - None - None
803 (882907 Gflops/s) - 801 (880708 Gflops/s) - 802 (881808 Gflops/s) - 803 (882907 Gflops/s) - 802 (881808 Gflops/s) - 800 (879609 Gflops/s) - 801 (880708 Gflops/s) - 803 (882907 Gflops/s) | Temperatures: 68°C - 66°C - 67°C - 70°C - 67°C - 70°C - 68°C - 67°C | Throttling: None - None - None - None - None - None - None - None
802 (881808 Gflops/s) - 802 (881808 Gflops/s) - 802 (881808 Gflops/s) - 803 (882907 Gflops/s) - 803 (882907 Gflops/s) - 801 (880708 Gflops/s) - 801 (880708 Gflops/s) - 802 (881808 Gflops/s) | Temperatures: 69°C - 66°C - 67°C - 71°C - 67°C - 70°C - 68°C - 67°C | Throttling: None - None - None - None - None - None - None - None
802 (881808 Gflops/s) - 801 (880708 Gflops/s) - 802 (881808 Gflops/s) - 802 (881808 Gflops/s) - 802 (881808 Gflops/s) - 800 (879609 Gflops/s) - 801 (880708 Gflops/s) - 801 (880708 Gflops/s) | Temperatures: 69°C - 66°C - 67°C - 71°C - 67°C - 70°C - 68°C - 67°C | Throttling: None - None - None - None - None - None - None - None
803 (882907 Gflops/s) - 801 (880708 Gflops/s) - 802 (881808 Gflops/s) - 803 (882907 Gflops/s) - 802 (881808 Gflops/s) - 800 (879609 Gflops/s) - 801 (880708 Gflops/s) - 803 (882907 Gflops/s) | Temperatures: 69°C - 66°C - 67°C - 71°C - 67°C - 70°C - 68°C - 67°C | Throttling: None - None - None - None - None - None - None - None
803 (882907 Gflops/s) - 802 (881808 Gflops/s) - 802 (881808 Gflops/s) - 803 (882907 Gflops/s) - 803 (882907 Gflops/s) - 801 (880708 Gflops/s) - 801 (880708 Gflops/s) - 802 (881808 Gflops/s) | Temperatures: 69°C - 66°C - 67°C - 71°C - 67°C - 70°C - 68°C - 67°C | Throttling: None - None - None - None - None - None - None - None
803 (882907 Gflops/s) - 802 (881808 Gflops/s) - 802 (881808 Gflops/s) - 803 (882907 Gflops/s) - 803 (882907 Gflops/s) - 801 (880708 Gflops/s) - 801 (880708 Gflops/s) - 802 (881808 Gflops/s) | Temperatures: 69°C - 66°C - 67°C - 71°C - 67°C - 70°C - 68°C - 67°C | Throttling: None - None - None - None - None - None - None - None
802 (881808 Gflops/s) - 801 (880708 Gflops/s) - 802 (881808 Gflops/s) - 803 (882907 Gflops/s) - 802 (881808 Gflops/s) - 800 (879609 Gflops/s) - 802 (881808 Gflops/s) - 803 (882907 Gflops/s) | Temperatures: 69°C - 66°C - 67°C - 71°C - 67°C - 70°C - 68°C - 67°C | Throttling: None - None - None - None - None - None - None - None
802 (881808 Gflops/s) - 801 (880708 Gflops/s) - 801 (880708 Gflops/s) - 802 (881808 Gflops/s) - 802 (881808 Gflops/s) - 800 (879609 Gflops/s) - 800 (879609 Gflops/s) - 801 (880708 Gflops/s) | Temperatures: 69°C - 66°C - 67°C - 71°C - 67°C - 70°C - 68°C - 67°C | Throttling: None - None - None - None - None - None - None - None
803 (882907 Gflops/s) - 802 (881808 Gflops/s) - 802 (881808 Gflops/s) - 803 (882907 Gflops/s) - 803 (882907 Gflops/s) - 801 (880708 Gflops/s) - 801 (880708 Gflops/s) - 802 (881808 Gflops/s) | Temperatures: 69°C - 66°C - 67°C - 71°C - 67°C - 70°C - 68°C - 66°C | Throttling: None - None - None - None - None - None - None - None
803 (882907 Gflops/s) - 801 (880708 Gflops/s) - 803 (882907 Gflops/s) - 803 (882907 Gflops/s) - 803 (882907 Gflops/s) - 801 (880708 Gflops/s) - 802 (881808 Gflops/s) - 803 (882907 Gflops/s) | Temperatures: 69°C - 66°C - 67°C - 71°C - 67°C - 70°C - 68°C - 67°C | Throttling: None - None - None - None - None - None - None - None
802 (881808 Gflops/s) - 802 (881808 Gflops/s) - 802 (881808 Gflops/s) - 803 (882907 Gflops/s) - 802 (881808 Gflops/s) - 801 (880708 Gflops/s) - 801 (880708 Gflops/s) - 802 (881808 Gflops/s) | Temperatures: 69°C - 66°C - 67°C - 71°C - 67°C - 70°C - 68°C - 66°C | Throttling: None - None - None - None - None - None - None - None
803 (882907 Gflops/s) - 802 (881808 Gflops/s) - 802 (881808 Gflops/s) - 803 (882907 Gflops/s) - 803 (882907 Gflops/s) - 800 (879609 Gflops/s) - 801 (880708 Gflops/s) - 802 (881808 Gflops/s) | Temperatures: 69°C - 66°C - 67°C - 71°C - 67°C - 70°C - 68°C - 66°C | Throttling: None - None - None - None - None - None - None - None
803 (882907 Gflops/s) - 801 (880708 Gflops/s) - 802 (881808 Gflops/s) - 803 (882907 Gflops/s) - 803 (882907 Gflops/s) - 801 (880708 Gflops/s) - 801 (880708 Gflops/s) - 803 (882907 Gflops/s) | Temperatures: 69°C - 66°C - 67°C - 71°C - 67°C - 70°C - 68°C - 67°C | Throttling: None - None - None - None - None - None - None - None
802 (881808 Gflops/s) - 801 (880708 Gflops/s) - 801 (880708 Gflops/s) - 802 (881808 Gflops/s) - 802 (881808 Gflops/s) - 800 (879609 Gflops/s) - 800 (879609 Gflops/s) - 801 (880708 Gflops/s) | Temperatures: 69°C - 66°C - 67°C - 71°C - 67°C - 70°C - 68°C - 66°C | Throttling: None - None - None - None - None - None - None - None
802 (881808 Gflops/s) - 802 (881808 Gflops/s) - 802 (881808 Gflops/s) - 803 (882907 Gflops/s) - 802 (881808 Gflops/s) - 800 (879609 Gflops/s) - 802 (881808 Gflops/s) - 802 (881808 Gflops/s) | Temperatures: 69°C - 66°C - 67°C - 71°C - 67°C - 70°C - 68°C - 67°C | Throttling: None - None - None - None - None - None - None - None
803 (882907 Gflops/s) - 801 (880708 Gflops/s) - 802 (881808 Gflops/s) - 803 (882907 Gflops/s) - 803 (882907 Gflops/s) - 801 (880708 Gflops/s) - 801 (880708 Gflops/s) - 803 (882907 Gflops/s) | Temperatures: 69°C - 66°C - 67°C - 71°C - 67°C - 70°C - 68°C - 67°C | Throttling: None - None - None - None - None - None - None - None
803 (882907 Gflops/s) - 802 (881808 Gflops/s) - 802 (881808 Gflops/s) - 803 (882907 Gflops/s) - 802 (881808 Gflops/s) - 801 (880708 Gflops/s) - 801 (880708 Gflops/s) - 802 (881808 Gflops/s) | Temperatures: 69°C - 66°C - 67°C - 71°C - 67°C - 70°C - 68°C - 67°C | Throttling: None - None - None - None - None - None - None - None
802 (881808 Gflops/s) - 802 (881808 Gflops/s) - 803 (882907 Gflops/s) - 803 (882907 Gflops/s) - 803 (882907 Gflops/s) - 801 (880708 Gflops/s) - 801 (880708 Gflops/s) - 802 (881808 Gflops/s) | Temperatures: 69°C - 66°C - 67°C - 71°C - 67°C - 70°C - 68°C - 67°C | Throttling: None - None - None - None - None - None - None - None
802 (881808 Gflops/s) - 800 (879609 Gflops/s) - 801 (880708 Gflops/s) - 802 (881808 Gflops/s) - 802 (881808 Gflops/s) - 799 (878509 Gflops/s) - 801 (880708 Gflops/s) - 802 (881808 Gflops/s) | Temperatures: 69°C - 66°C - 67°C - 71°C - 67°C - 70°C - 68°C - 67°C | Throttling: None - None - None - None - None - None - None - None
803 (882907 Gflops/s) - 802 (881808 Gflops/s) - 802 (881808 Gflops/s) - 803 (882907 Gflops/s) - 803 (882907 Gflops/s) - 801 (880708 Gflops/s) - 801 (880708 Gflops/s) - 802 (881808 Gflops/s) | Temperatures: 69°C - 66°C - 67°C - 71°C - 67°C - 70°C - 68°C - 67°C | Throttling: None - None - None - None - None - None - None - None
803 (882907 Gflops/s) - 802 (881808 Gflops/s) - 802 (881808 Gflops/s) - 803 (882907 Gflops/s) - 802 (881808 Gflops/s) - 801 (880708 Gflops/s) - 801 (880708 Gflops/s) - 802 (881808 Gflops/s) | Temperatures: 69°C - 66°C - 67°C - 71°C - 67°C - 70°C - 68°C - 67°C | Throttling: None - None - None - None - None - None - None - None
803 (882907 Gflops/s) - 801 (880708 Gflops/s) - 802 (881808 Gflops/s) - 802 (881808 Gflops/s) - 803 (882907 Gflops/s) - 800 (879609 Gflops/s) - 801 (880708 Gflops/s) - 803 (882907 Gflops/s) | Temperatures: 69°C - 66°C - 67°C - 71°C - 67°C - 70°C - 68°C - 67°C | Throttling: None - None - None - None - None - None - None - None
802 (881808 Gflops/s) - 802 (881808 Gflops/s) - 802 (881808 Gflops/s) - 803 (882907 Gflops/s) - 802 (881808 Gflops/s) - 801 (880708 Gflops/s) - 801 (880708 Gflops/s) - 802 (881808 Gflops/s) | Temperatures: 69°C - 66°C - 67°C - 71°C - 67°C - 70°C - 68°C - 67°C | Throttling: None - None - None - None - None - None - None - None
802 (881808 Gflops/s) - 801 (880708 Gflops/s) - 802 (881808 Gflops/s) - 802 (881808 Gflops/s) - 802 (881808 Gflops/s) - 800 (879609 Gflops/s) - 800 (879609 Gflops/s) - 802 (881808 Gflops/s) | Temperatures: 69°C - 66°C - 67°C - 70°C - 67°C - 70°C - 68°C - 67°C | Throttling: None - None - None - None - None - None - None - None
803 (882907 Gflops/s) - 801 (880708 Gflops/s) - 802 (881808 Gflops/s) - 803 (882907 Gflops/s) - 803 (882907 Gflops/s) - 801 (880708 Gflops/s) - 802 (881808 Gflops/s) - 802 (881808 Gflops/s) | Temperatures: 69°C - 66°C - 67°C - 71°C - 67°C - 70°C - 68°C - 66°C | Throttling: None - None - None - None - None - None - None - None
803 (882907 Gflops/s) - 802 (881808 Gflops/s) - 802 (881808 Gflops/s) - 803 (882907 Gflops/s) - 803 (882907 Gflops/s) - 801 (880708 Gflops/s) - 801 (880708 Gflops/s) - 802 (881808 Gflops/s) | Temperatures: 69°C - 66°C - 67°C - 71°C - 67°C - 70°C - 68°C - 67°C | Throttling: None - None - None - None - None - None - None - None
802 (881808 Gflops/s) - 801 (880708 Gflops/s) - 802 (881808 Gflops/s) - 803 (882907 Gflops/s) - 802 (881808 Gflops/s) - 800 (879609 Gflops/s) - 801 (880708 Gflops/s) - 802 (881808 Gflops/s) | Temperatures: 69°C - 66°C - 67°C - 71°C - 67°C - 70°C - 68°C - 66°C | Throttling: None - None - None - None - None - None - None - None
803 (882907 Gflops/s) - 802 (881808 Gflops/s) - 802 (881808 Gflops/s) - 803 (882907 Gflops/s) - 803 (882907 Gflops/s) - 801 (880708 Gflops/s) - 801 (880708 Gflops/s) - 803 (882907 Gflops/s) | Temperatures: 69°C - 66°C - 67°C - 71°C - 67°C - 70°C - 68°C - 66°C | Throttling: None - None - None - None - None - None - None - None
803 (882907 Gflops/s) - 801 (880708 Gflops/s) - 802 (881808 Gflops/s) - 803 (882907 Gflops/s) - 802 (881808 Gflops/s) - 801 (880708 Gflops/s) - 801 (880708 Gflops/s) - 802 (881808 Gflops/s) | Temperatures: 69°C - 66°C - 67°C - 71°C - 67°C - 70°C - 68°C - 66°C | Throttling: None - None - None - None - None - None - None - None
802 (881808 Gflops/s) - 801 (880708 Gflops/s) - 802 (881808 Gflops/s) - 802 (881808 Gflops/s) - 802 (881808 Gflops/s) - 800 (879609 Gflops/s) - 801 (880708 Gflops/s) - 801 (880708 Gflops/s) | Temperatures: 69°C - 66°C - 67°C - 70°C - 67°C - 70°C - 68°C - 66°C | Throttling: None - None - None - None - None - None - None - None
802 (881808 Gflops/s) - 802 (881808 Gflops/s) - 802 (881808 Gflops/s) - 803 (882907 Gflops/s) - 803 (882907 Gflops/s) - 800 (879609 Gflops/s) - 801 (880708 Gflops/s) - 803 (882907 Gflops/s) | Temperatures: 69°C - 66°C - 67°C - 71°C - 67°C - 70°C - 68°C - 66°C | Throttling: None - None - None - None - None - None - None - None
803 (882907 Gflops/s) - 801 (880708 Gflops/s) - 802 (881808 Gflops/s) - 803 (882907 Gflops/s) - 803 (882907 Gflops/s) - 801 (880708 Gflops/s) - 801 (880708 Gflops/s) - 802 (881808 Gflops/s) | Temperatures: 69°C - 66°C - 67°C - 70°C - 67°C - 69°C - 67°C - 66°C | Throttling: None - None - None - None - None - None - None - None
803 (882907 Gflops/s) - 802 (881808 Gflops/s) - 802 (881808 Gflops/s) - 803 (882907 Gflops/s) - 802 (881808 Gflops/s) - 801 (880708 Gflops/s) - 801 (880708 Gflops/s) - 802 (881808 Gflops/s) | Temperatures: 69°C - 66°C - 67°C - 71°C - 67°C - 69°C - 67°C - 66°C | Throttling: None - None - None - None - None - None - None - None
802 (881808 Gflops/s) - 802 (881808 Gflops/s) - 802 (881808 Gflops/s) - 803 (882907 Gflops/s) - 803 (882907 Gflops/s) - 801 (880708 Gflops/s) - 802 (881808 Gflops/s) - 803 (882907 Gflops/s) | Temperatures: 69°C - 65°C - 67°C - 71°C - 67°C - 69°C - 67°C - 66°C | Throttling: None - None - None - None - None - None - None - None
802 (881808 Gflops/s) - 801 (880708 Gflops/s) - 801 (880708 Gflops/s) - 802 (881808 Gflops/s) - 802 (881808 Gflops/s) - 800 (879609 Gflops/s) - 800 (879609 Gflops/s) - 801 (880708 Gflops/s) | Temperatures: 69°C - 65°C - 67°C - 70°C - 67°C - 69°C - 67°C - 66°C | Throttling: None - None - None - None - None - None - None - None
803 (882907 Gflops/s) - 801 (880708 Gflops/s) - 802 (881808 Gflops/s) - 803 (882907 Gflops/s) - 802 (881808 Gflops/s) - 800 (879609 Gflops/s) - 801 (880708 Gflops/s) - 802 (881808 Gflops/s) | Temperatures: 69°C - 66°C - 67°C - 71°C - 67°C - 69°C - 67°C - 66°C | Throttling: None - None - None - None - None - None - None - None
803 (882907 Gflops/s) - 802 (881808 Gflops/s) - 802 (881808 Gflops/s) - 803 (882907 Gflops/s) - 803 (882907 Gflops/s) - 801 (880708 Gflops/s) - 801 (880708 Gflops/s) - 803 (882907 Gflops/s) | Temperatures: 69°C - 66°C - 67°C - 71°C - 67°C - 69°C - 67°C - 66°C | Throttling: None - None - None - None - None - None - None - None
802 (881808 Gflops/s) - 801 (880708 Gflops/s) - 803 (882907 Gflops/s) - 803 (882907 Gflops/s) - 803 (882907 Gflops/s) - 801 (880708 Gflops/s) - 802 (881808 Gflops/s) - 802 (881808 Gflops/s) | Temperatures: 69°C - 66°C - 67°C - 70°C - 67°C - 69°C - 67°C - 66°C | Throttling: None - None - None - None - None - None - None - None
803 (882907 Gflops/s) - 802 (881808 Gflops/s) - 802 (881808 Gflops/s) - 803 (882907 Gflops/s) - 803 (882907 Gflops/s) - 801 (880708 Gflops/s) - 801 (880708 Gflops/s) - 802 (881808 Gflops/s) | Temperatures: 69°C - 66°C - 67°C - 71°C - 67°C - 69°C - 67°C - 66°C | Throttling: None - None - None - None - None - None - None - None
802 (881808 Gflops/s) - 801 (880708 Gflops/s) - 801 (880708 Gflops/s) - 802 (881808 Gflops/s) - 801 (880708 Gflops/s) - 800 (879609 Gflops/s) - 801 (880708 Gflops/s) - 802 (881808 Gflops/s) | Temperatures: 69°C - 65°C - 67°C - 70°C - 67°C - 69°C - 67°C - 66°C | Throttling: None - None - None - None - None - None - None - None
803 (882907 Gflops/s) - 802 (881808 Gflops/s) - 802 (881808 Gflops/s) - 803 (882907 Gflops/s) - 803 (882907 Gflops/s) - 801 (880708 Gflops/s) - 801 (880708 Gflops/s) - 802 (881808 Gflops/s) | Temperatures: 68°C - 66°C - 67°C - 70°C - 67°C - 69°C - 67°C - 66°C | Throttling: None - None - None - None - None - None - None - None
803 (882907 Gflops/s) - 801 (880708 Gflops/s) - 802 (881808 Gflops/s) - 803 (882907 Gflops/s) - 803 (882907 Gflops/s) - 800 (879609 Gflops/s) - 801 (880708 Gflops/s) - 803 (882907 Gflops/s) | Temperatures: 68°C - 65°C - 67°C - 70°C - 67°C - 69°C - 67°C - 66°C | Throttling: None - None - None - None - None - None - None - None
802 (881808 Gflops/s) - 802 (881808 Gflops/s) - 803 (882907 Gflops/s) - 803 (882907 Gflops/s) - 802 (881808 Gflops/s) - 801 (880708 Gflops/s) - 801 (880708 Gflops/s) - 802 (881808 Gflops/s) | Temperatures: 69°C - 65°C - 67°C - 70°C - 67°C - 69°C - 67°C - 66°C | Throttling: None - None - None - None - None - None - None - None
803 (882907 Gflops/s) - 802 (881808 Gflops/s) - 802 (881808 Gflops/s) - 803 (882907 Gflops/s) - 803 (882907 Gflops/s) - 801 (880708 Gflops/s) - 801 (880708 Gflops/s) - 802 (881808 Gflops/s) | Temperatures: 68°C - 65°C - 67°C - 71°C - 67°C - 69°C - 67°C - 66°C | Throttling: None - None - None - None - None - None - None - None
802 (881808 Gflops/s) - 800 (879609 Gflops/s) - 801 (880708 Gflops/s) - 802 (881808 Gflops/s) - 802 (881808 Gflops/s) - 800 (879609 Gflops/s) - 801 (880708 Gflops/s) - 802 (881808 Gflops/s) | Temperatures: 69°C - 65°C - 67°C - 70°C - 67°C - 69°C - 67°C - 66°C | Throttling: None - None - None - None - None - None - None - None
803 (882907 Gflops/s) - 802 (881808 Gflops/s) - 802 (881808 Gflops/s) - 803 (882907 Gflops/s) - 803 (882907 Gflops/s) - 801 (880708 Gflops/s) - 801 (880708 Gflops/s) - 802 (881808 Gflops/s) | Temperatures: 68°C - 66°C - 67°C - 70°C - 67°C - 69°C - 67°C - 66°C | Throttling: None - None - None - None - None - None - None - None
802 (881808 Gflops/s) - 802 (881808 Gflops/s) - 802 (881808 Gflops/s) - 803 (882907 Gflops/s) - 802 (881808 Gflops/s) - 800 (879609 Gflops/s) - 801 (880708 Gflops/s) - 802 (881808 Gflops/s) | Temperatures: 68°C - 65°C - 67°C - 70°C - 67°C - 69°C - 67°C - 66°C | Throttling: None - None - None - None - None - None - None - None
803 (882907 Gflops/s) - 801 (880708 Gflops/s) - 802 (881808 Gflops/s) - 803 (882907 Gflops/s) - 803 (882907 Gflops/s) - 801 (880708 Gflops/s) - 801 (880708 Gflops/s) - 803 (882907 Gflops/s) | Temperatures: 68°C - 65°C - 67°C - 70°C - 67°C - 69°C - 67°C - 66°C | Throttling: None - None - None - None - None - None - None - None
803 (882907 Gflops/s) - 802 (881808 Gflops/s) - 802 (881808 Gflops/s) - 803 (882907 Gflops/s) - 803 (882907 Gflops/s) - 801 (880708 Gflops/s) - 801 (880708 Gflops/s) - 802 (881808 Gflops/s) | Temperatures: 68°C - 66°C - 67°C - 70°C - 67°C - 69°C - 67°C - 66°C | Throttling: None - None - None - None - None - None - None - None
802 (881808 Gflops/s) - 801 (880708 Gflops/s) - 802 (881808 Gflops/s) - 802 (881808 Gflops/s) - 801 (880708 Gflops/s) - 800 (879609 Gflops/s) - 801 (880708 Gflops/s) - 801 (880708 Gflops/s) | Temperatures: 68°C - 65°C - 67°C - 70°C - 67°C - 69°C - 67°C - 66°C | Throttling: None - None - None - None - None - None - None - None
802 (881808 Gflops/s) - 801 (880708 Gflops/s) - 802 (881808 Gflops/s) - 803 (882907 Gflops/s) - 803 (882907 Gflops/s) - 801 (880708 Gflops/s) - 801 (880708 Gflops/s) - 803 (882907 Gflops/s) | Temperatures: 68°C - 65°C - 67°C - 70°C - 67°C - 69°C - 67°C - 66°C | Throttling: None - None - None - None - None - None - None - None
803 (882907 Gflops/s) - 802 (881808 Gflops/s) - 802 (881808 Gflops/s) - 803 (882907 Gflops/s) - 803 (882907 Gflops/s) - 800 (879609 Gflops/s) - 801 (880708 Gflops/s) - 802 (881808 Gflops/s) | Temperatures: 68°C - 66°C - 67°C - 71°C - 67°C - 69°C - 67°C - 66°C | Throttling: None - None - None - None - None - None - None - None
803 (882907 Gflops/s) - 802 (881808 Gflops/s) - 802 (881808 Gflops/s) - 803 (882907 Gflops/s) - 802 (881808 Gflops/s) - 801 (880708 Gflops/s) - 801 (880708 Gflops/s) - 802 (881808 Gflops/s) | Temperatures: 68°C - 65°C - 67°C - 70°C - 67°C - 69°C - 67°C - 66°C | Throttling: None - None - None - None - None - None - None - None
803 (882907 Gflops/s) - 801 (880708 Gflops/s) - 802 (881808 Gflops/s) - 803 (882907 Gflops/s) - 803 (882907 Gflops/s) - 801 (880708 Gflops/s) - 802 (881808 Gflops/s) - 803 (882907 Gflops/s) | Temperatures: 68°C - 66°C - 67°C - 70°C - 67°C - 69°C - 67°C - 66°C | Throttling: None - None - None - None - None - None - None - None
801 (880708 Gflops/s) - 801 (880708 Gflops/s) - 801 (880708 Gflops/s) - 802 (881808 Gflops/s) - 802 (881808 Gflops/s) - 800 (879609 Gflops/s) - 800 (879609 Gflops/s) - 801 (880708 Gflops/s) | Temperatures: 68°C - 66°C - 67°C - 70°C - 67°C - 69°C - 67°C - 66°C | Throttling: None - None - None - None - None - None - None - None
803 (882907 Gflops/s) - 802 (881808 Gflops/s) - 802 (881808 Gflops/s) - 803 (882907 Gflops/s) - 803 (882907 Gflops/s) - 801 (880708 Gflops/s) - 801 (880708 Gflops/s) - 803 (882907 Gflops/s) | Temperatures: 68°C - 65°C - 67°C - 70°C - 67°C - 69°C - 67°C - 66°C | Throttling: None - None - None - None - None - None - None - None
803 (882907 Gflops/s) - 801 (880708 Gflops/s) - 803 (882907 Gflops/s) - 803 (882907 Gflops/s) - 802 (881808 Gflops/s) - 800 (879609 Gflops/s) - 802 (881808 Gflops/s) - 802 (881808 Gflops/s) | Temperatures: 68°C - 66°C - 67°C - 70°C - 67°C - 69°C - 67°C - 66°C | Throttling: None - None - None - None - None - None - None - None
802 (881808 Gflops/s) - 802 (881808 Gflops/s) - 802 (881808 Gflops/s) - 803 (882907 Gflops/s) - 803 (882907 Gflops/s) - 801 (880708 Gflops/s) - 801 (880708 Gflops/s) - 802 (881808 Gflops/s) | Temperatures: 68°C - 65°C - 67°C - 70°C - 67°C - 69°C - 67°C - 66°C | Throttling: None - None - None - None - None - None - None - None
803 (882907 Gflops/s) - 801 (880708 Gflops/s) - 802 (881808 Gflops/s) - 802 (881808 Gflops/s) - 803 (882907 Gflops/s) - 801 (880708 Gflops/s) - 801 (880708 Gflops/s) - 803 (882907 Gflops/s) | Temperatures: 68°C - 65°C - 67°C - 70°C - 67°C - 69°C - 67°C - 66°C | Throttling: None - None - None - None - None - None - None - None
803 (882907 Gflops/s) - 802 (881808 Gflops/s) - 802 (881808 Gflops/s) - 803 (882907 Gflops/s) - 802 (881808 Gflops/s) - 800 (879609 Gflops/s) - 801 (880708 Gflops/s) - 802 (881808 Gflops/s) | Temperatures: 68°C - 65°C - 67°C - 70°C - 67°C - 69°C - 67°C - 66°C | Throttling: None - None - None - None - None - None - None - None
802 (881808 Gflops/s) - 801 (880708 Gflops/s) - 801 (880708 Gflops/s) - 803 (882907 Gflops/s) - 802 (881808 Gflops/s) - 800 (879609 Gflops/s) - 800 (879609 Gflops/s) - 801 (880708 Gflops/s) | Temperatures: 68°C - 65°C - 67°C - 70°C - 67°C - 69°C - 67°C - 66°C | Throttling: None - None - None - None - None - None - None - None
802 (881808 Gflops/s) - 801 (880708 Gflops/s) - 802 (881808 Gflops/s) - 803 (882907 Gflops/s) - 803 (882907 Gflops/s) - 801 (880708 Gflops/s) - 802 (881808 Gflops/s) - 803 (882907 Gflops/s) | Temperatures: 68°C - 66°C - 67°C - 70°C - 67°C - 69°C - 67°C - 66°C | Throttling: None - None - None - None - None - None - None - None
803 (882907 Gflops/s) - 802 (881808 Gflops/s) - 802 (881808 Gflops/s) - 802 (881808 Gflops/s) - 802 (881808 Gflops/s) - 801 (880708 Gflops/s) - 801 (880708 Gflops/s) - 802 (881808 Gflops/s) | Temperatures: 68°C - 65°C - 67°C - 70°C - 67°C - 69°C - 67°C - 66°C | Throttling: None - None - None - None - None - None - None - None
803 (882907 Gflops/s) - 802 (881808 Gflops/s) - 802 (881808 Gflops/s) - 803 (882907 Gflops/s) - 803 (882907 Gflops/s) - 800 (879609 Gflops/s) - 801 (880708 Gflops/s) - 802 (881808 Gflops/s) | Temperatures: 68°C - 65°C - 67°C - 70°C - 67°C - 69°C - 67°C - 66°C | Throttling: None - None - None - None - None - None - None - None
803 (882907 Gflops/s) - 801 (880708 Gflops/s) - 802 (881808 Gflops/s) - 803 (882907 Gflops/s) - 803 (882907 Gflops/s) - 801 (880708 Gflops/s) - 801 (880708 Gflops/s) - 803 (882907 Gflops/s) | Temperatures: 68°C - 65°C - 67°C - 70°C - 67°C - 69°C - 67°C - 66°C | Throttling: None - None - None - None - None - None - None - None
802 (881808 Gflops/s) - 802 (881808 Gflops/s) - 802 (881808 Gflops/s) - 803 (882907 Gflops/s) - 802 (881808 Gflops/s) - 801 (880708 Gflops/s) - 801 (880708 Gflops/s) - 802 (881808 Gflops/s) | Temperatures: 68°C - 65°C - 67°C - 70°C - 67°C - 69°C - 67°C - 66°C | Throttling: None - None - None - None - None - None - None - None
802 (881808 Gflops/s) - 801 (880708 Gflops/s) - 802 (881808 Gflops/s) - 802 (881808 Gflops/s) - 802 (881808 Gflops/s) - 800 (879609 Gflops/s) - 801 (880708 Gflops/s) - 801 (880708 Gflops/s) | Temperatures: 68°C - 65°C - 67°C - 70°C - 67°C - 69°C - 67°C - 66°C | Throttling: None - None - None - None - None - None - None - None
803 (882907 Gflops/s) - 801 (880708 Gflops/s) - 802 (881808 Gflops/s) - 803 (882907 Gflops/s) - 803 (882907 Gflops/s) - 800 (879609 Gflops/s) - 801 (880708 Gflops/s) - 803 (882907 Gflops/s) | Temperatures: 68°C - 65°C - 67°C - 71°C - 67°C - 69°C - 67°C - 66°C | Throttling: None - None - None - None - None - None - None - None
802 (881808 Gflops/s) - 802 (881808 Gflops/s) - 802 (881808 Gflops/s) - 803 (882907 Gflops/s) - 802 (881808 Gflops/s) - 801 (880708 Gflops/s) - 801 (880708 Gflops/s) - 802 (881808 Gflops/s) | Temperatures: 68°C - 65°C - 67°C - 70°C - 66°C - 69°C - 67°C - 66°C | Throttling: None - None - None - None - None - None - None - None
803 (882907 Gflops/s) - 801 (880708 Gflops/s) - 802 (881808 Gflops/s) - 803 (882907 Gflops/s) - 803 (882907 Gflops/s) - 801 (880708 Gflops/s) - 801 (880708 Gflops/s) - 802 (881808 Gflops/s) | Temperatures: 68°C - 65°C - 67°C - 70°C - 66°C - 69°C - 67°C - 66°C | Throttling: None - None - None - None - None - None - None - None
803 (882907 Gflops/s) - 802 (881808 Gflops/s) - 802 (881808 Gflops/s) - 803 (882907 Gflops/s) - 803 (882907 Gflops/s) - 801 (880708 Gflops/s) - 802 (881808 Gflops/s) - 803 (882907 Gflops/s) | Temperatures: 68°C - 65°C - 67°C - 70°C - 66°C - 69°C - 67°C - 66°C | Throttling: None - None - None - None - None - None - None - None
802 (881808 Gflops/s) - 802 (881808 Gflops/s) - 802 (881808 Gflops/s) - 803 (882907 Gflops/s) - 802 (881808 Gflops/s) - 800 (879609 Gflops/s) - 801 (880708 Gflops/s) - 802 (881808 Gflops/s) | Temperatures: 68°C - 65°C - 67°C - 70°C - 66°C - 69°C - 67°C - 66°C | Throttling: None - None - None - None - None - None - None - None
802 (881808 Gflops/s) - 801 (880708 Gflops/s) - 801 (880708 Gflops/s) - 802 (881808 Gflops/s) - 802 (881808 Gflops/s) - 800 (879609 Gflops/s) - 800 (879609 Gflops/s) - 802 (881808 Gflops/s) | Temperatures: 68°C - 65°C - 67°C - 70°C - 66°C - 69°C - 67°C - 66°C | Throttling: None - None - None - None - None - None - None - None
803 (882907 Gflops/s) - 801 (880708 Gflops/s) - 802 (881808 Gflops/s) - 803 (882907 Gflops/s) - 803 (882907 Gflops/s) - 801 (880708 Gflops/s) - 801 (880708 Gflops/s) - 802 (881808 Gflops/s) | Temperatures: 68°C - 65°C - 67°C - 70°C - 66°C - 69°C - 67°C - 66°C | Throttling: None - None - None - None - None - None - None - None
803 (882907 Gflops/s) - 802 (881808 Gflops/s) - 803 (882907 Gflops/s) - 803 (882907 Gflops/s) - 802 (881808 Gflops/s) - 801 (880708 Gflops/s) - 802 (881808 Gflops/s) - 802 (881808 Gflops/s) | Temperatures: 68°C - 65°C - 67°C - 70°C - 66°C - 68°C - 67°C - 66°C | Throttling: None - None - None - None - None - None - None - None
802 (881808 Gflops/s) - 801 (880708 Gflops/s) - 802 (881808 Gflops/s) - 803 (882907 Gflops/s) - 803 (882907 Gflops/s) - 801 (880708 Gflops/s) - 801 (880708 Gflops/s) - 802 (881808 Gflops/s) | Temperatures: 68°C - 65°C - 67°C - 70°C - 66°C - 69°C - 67°C - 66°C | Throttling: None - None - None - None - None - None - None - None
803 (882907 Gflops/s) - 802 (881808 Gflops/s) - 802 (881808 Gflops/s) - 803 (882907 Gflops/s) - 803 (882907 Gflops/s) - 800 (879609 Gflops/s) - 801 (880708 Gflops/s) - 803 (882907 Gflops/s) | Temperatures: 68°C - 65°C - 67°C - 70°C - 66°C - 69°C - 67°C - 66°C | Throttling: None - None - None - None - None - None - None - None
803 (882907 Gflops/s) - 802 (881808 Gflops/s) - 802 (881808 Gflops/s) - 803 (882907 Gflops/s) - 802 (881808 Gflops/s) - 801 (880708 Gflops/s) - 801 (880708 Gflops/s) - 802 (881808 Gflops/s) | Temperatures: 68°C - 65°C - 67°C - 70°C - 66°C - 69°C - 67°C - 66°C | Throttling: None - None - None - None - None - None - None - None
802 (881808 Gflops/s) - 801 (880708 Gflops/s) - 801 (880708 Gflops/s) - 802 (881808 Gflops/s) - 802 (881808 Gflops/s) - 800 (879609 Gflops/s) - 801 (880708 Gflops/s) - 802 (881808 Gflops/s) | Temperatures: 68°C - 65°C - 67°C - 70°C - 66°C - 69°C - 67°C - 66°C | Throttling: None - None - None - None - None - None - None - None
802 (881808 Gflops/s) - 801 (880708 Gflops/s) - 802 (881808 Gflops/s) - 803 (882907 Gflops/s) - 803 (882907 Gflops/s) - 801 (880708 Gflops/s) - 801 (880708 Gflops/s) - 802 (881808 Gflops/s) | Temperatures: 68°C - 65°C - 67°C - 70°C - 66°C - 69°C - 67°C - 66°C | Throttling: None - None - None - None - None - None - None - None
803 (882907 Gflops/s) - 802 (881808 Gflops/s) - 802 (881808 Gflops/s) - 803 (882907 Gflops/s) - 803 (882907 Gflops/s) - 800 (879609 Gflops/s) - 801 (880708 Gflops/s) - 802 (881808 Gflops/s) | Temperatures: 68°C - 65°C - 67°C - 70°C - 67°C - 69°C - 67°C - 66°C | Throttling: None - None - None - None - None - None - None - None
803 (882907 Gflops/s) - 801 (880708 Gflops/s) - 802 (881808 Gflops/s) - 803 (882907 Gflops/s) - 802 (881808 Gflops/s) - 801 (880708 Gflops/s) - 801 (880708 Gflops/s) - 803 (882907 Gflops/s) | Temperatures: 68°C - 65°C - 67°C - 70°C - 66°C - 69°C - 67°C - 66°C | Throttling: None - None - None - None - None - None - None - None
802 (881808 Gflops/s) - 802 (881808 Gflops/s) - 803 (882907 Gflops/s) - 803 (882907 Gflops/s) - 803 (882907 Gflops/s) - 801 (880708 Gflops/s) - 801 (880708 Gflops/s) - 802 (881808 Gflops/s) | Temperatures: 68°C - 65°C - 67°C - 70°C - 66°C - 69°C - 67°C - 66°C | Throttling: None - None - None - None - None - None - None - None
802 (881808 Gflops/s) - 801 (880708 Gflops/s) - 801 (880708 Gflops/s) - 802 (881808 Gflops/s) - 802 (881808 Gflops/s) - 800 (879609 Gflops/s) - 801 (880708 Gflops/s) - 801 (880708 Gflops/s) | Temperatures: 68°C - 65°C - 67°C - 70°C - 66°C - 69°C - 67°C - 66°C | Throttling: None - None - None - None - None - None - None - None
803 (882907 Gflops/s) - 802 (881808 Gflops/s) - 802 (881808 Gflops/s) - 803 (882907 Gflops/s) - 802 (881808 Gflops/s) - 801 (880708 Gflops/s) - 801 (880708 Gflops/s) - 803 (882907 Gflops/s) | Temperatures: 68°C - 65°C - 67°C - 70°C - 66°C - 69°C - 67°C - 66°C | Throttling: None - None - None - None - None - None - None - None
803 (882907 Gflops/s) - 801 (880708 Gflops/s) - 802 (881808 Gflops/s) - 803 (882907 Gflops/s) - 803 (882907 Gflops/s) - 801 (880708 Gflops/s) - 801 (880708 Gflops/s) - 802 (881808 Gflops/s) | Temperatures: 68°C - 65°C - 67°C - 70°C - 66°C - 69°C - 67°C - 66°C | Throttling: None - None - None - None - None - None - None - None
802 (881808 Gflops/s) - 802 (881808 Gflops/s) - 802 (881808 Gflops/s) - 803 (882907 Gflops/s) - 803 (882907 Gflops/s) - 800 (879609 Gflops/s) - 801 (880708 Gflops/s) - 802 (881808 Gflops/s) | Temperatures: 68°C - 65°C - 67°C - 70°C - 66°C - 69°C - 67°C - 66°C | Throttling: None - None - None - None - None - None - None - None
803 (882907 Gflops/s) - 801 (880708 Gflops/s) - 802 (881808 Gflops/s) - 803 (882907 Gflops/s) - 802 (881808 Gflops/s) - 801 (880708 Gflops/s) - 802 (881808 Gflops/s) - 803 (882907 Gflops/s) | Temperatures: 68°C - 65°C - 67°C - 70°C - 66°C - 69°C - 67°C - 66°C | Throttling: None - None - None - None - None - None - None - None
802 (881808 Gflops/s) - 801 (880708 Gflops/s) - 801 (880708 Gflops/s) - 802 (881808 Gflops/s) - 802 (881808 Gflops/s) - 800 (879609 Gflops/s) - 800 (879609 Gflops/s) - 801 (880708 Gflops/s) | Temperatures: 68°C - 65°C - 67°C - 70°C - 66°C - 69°C - 67°C - 66°C | Throttling: None - None - None - None - None - None - None - None
802 (881808 Gflops/s) - 802 (881808 Gflops/s) - 803 (882907 Gflops/s) - 803 (882907 Gflops/s) - 803 (882907 Gflops/s) - 801 (880708 Gflops/s) - 801 (880708 Gflops/s) - 803 (882907 Gflops/s) | Temperatures: 68°C - 65°C - 67°C - 70°C - 66°C - 69°C - 67°C - 66°C | Throttling: None - None - None - None - None - None - None - None
803 (882907 Gflops/s) - 802 (881808 Gflops/s) - 802 (881808 Gflops/s) - 803 (882907 Gflops/s) - 803 (882907 Gflops/s) - 800 (879609 Gflops/s) - 801 (880708 Gflops/s) - 802 (881808 Gflops/s) | Temperatures: 68°C - 65°C - 67°C - 70°C - 66°C - 69°C - 67°C - 66°C | Throttling: None - None - None - None - None - None - None - None
803 (882907 Gflops/s) - 801 (880708 Gflops/s) - 802 (881808 Gflops/s) - 803 (882907 Gflops/s) - 802 (881808 Gflops/s) - 801 (880708 Gflops/s) - 802 (881808 Gflops/s) - 802 (881808 Gflops/s) | Temperatures: 68°C - 66°C - 67°C - 71°C - 67°C - 69°C - 67°C - 66°C | Throttling: None - None - None - None - None - None - None - None
802 (881808 Gflops/s) - 802 (881808 Gflops/s) - 802 (881808 Gflops/s) - 803 (882907 Gflops/s) - 803 (882907 Gflops/s) - 801 (880708 Gflops/s) - 801 (880708 Gflops/s) - 803 (882907 Gflops/s) | Temperatures: 68°C - 65°C - 67°C - 70°C - 67°C - 69°C - 67°C - 66°C | Throttling: None - None - None - None - None - None - None - None
803 (882907 Gflops/s) - 802 (881808 Gflops/s) - 802 (881808 Gflops/s) - 803 (882907 Gflops/s) - 802 (881808 Gflops/s) - 800 (879609 Gflops/s) - 801 (880708 Gflops/s) - 802 (881808 Gflops/s) | Temperatures: 68°C - 66°C - 67°C - 70°C - 67°C - 69°C - 67°C - 66°C | Throttling: None - None - None - None - None - None - None - None
802 (881808 Gflops/s) - 800 (879609 Gflops/s) - 801 (880708 Gflops/s) - 802 (881808 Gflops/s) - 802 (881808 Gflops/s) - 800 (879609 Gflops/s) - 800 (879609 Gflops/s) - 801 (880708 Gflops/s) | Temperatures: 68°C - 65°C - 67°C - 70°C - 67°C - 69°C - 67°C - 66°C | Throttling: None - None - None - None - None - None - None - None
802 (881808 Gflops/s) - 802 (881808 Gflops/s) - 802 (881808 Gflops/s) - 803 (882907 Gflops/s) - 803 (882907 Gflops/s) - 801 (880708 Gflops/s) - 801 (880708 Gflops/s) - 803 (882907 Gflops/s) | Temperatures: 68°C - 65°C - 67°C - 70°C - 67°C - 69°C - 67°C - 66°C | Throttling: None - None - None - None - None - None - None - None
803 (882907 Gflops/s) - 802 (881808 Gflops/s) - 802 (881808 Gflops/s) - 803 (882907 Gflops/s) - 803 (882907 Gflops/s) - 801 (880708 Gflops/s) - 802 (881808 Gflops/s) - 802 (881808 Gflops/s) | Temperatures: 68°C - 66°C - 67°C - 70°C - 67°C - 69°C - 67°C - 66°C | Throttling: None - None - None - None - None - None - None - None
803 (882907 Gflops/s) - 801 (880708 Gflops/s) - 802 (881808 Gflops/s) - 803 (882907 Gflops/s) - 802 (881808 Gflops/s) - 801 (880708 Gflops/s) - 801 (880708 Gflops/s) - 802 (881808 Gflops/s) | Temperatures: 68°C - 65°C - 67°C - 70°C - 67°C - 69°C - 67°C - 66°C | Throttling: None - None - None - None - None - None - None - None
802 (881808 Gflops/s) - 802 (881808 Gflops/s) - 802 (881808 Gflops/s) - 802 (881808 Gflops/s) - 803 (882907 Gflops/s) - 800 (879609 Gflops/s) - 801 (880708 Gflops/s) - 803 (882907 Gflops/s) | Temperatures: 68°C - 65°C - 67°C - 70°C - 67°C - 69°C - 67°C - 66°C | Throttling: None - None - None - None - None - None - None - None
803 (882907 Gflops/s) - 802 (881808 Gflops/s) - 802 (881808 Gflops/s) - 803 (882907 Gflops/s) - 803 (882907 Gflops/s) - 801 (880708 Gflops/s) - 801 (880708 Gflops/s) - 802 (881808 Gflops/s) | Temperatures: 68°C - 65°C - 67°C - 70°C - 67°C - 69°C - 67°C - 66°C | Throttling: None - None - None - None - None - None - None - None
802 (881808 Gflops/s) - 800 (879609 Gflops/s) - 802 (881808 Gflops/s) - 802 (881808 Gflops/s) - 801 (880708 Gflops/s) - 800 (879609 Gflops/s) - 801 (880708 Gflops/s) - 801 (880708 Gflops/s) | Temperatures: 68°C - 65°C - 67°C - 70°C - 67°C - 69°C - 67°C - 66°C | Throttling: None - None - None - None - None - None - None - None
803 (882907 Gflops/s) - 802 (881808 Gflops/s) - 802 (881808 Gflops/s) - 803 (882907 Gflops/s) - 803 (882907 Gflops/s) - 801 (880708 Gflops/s) - 801 (880708 Gflops/s) - 803 (882907 Gflops/s) | Temperatures: 68°C - 66°C - 67°C - 70°C - 67°C - 69°C - 67°C - 66°C | Throttling: None - None - None - None - None - None - None - None
802 (881808 Gflops/s) - 802 (881808 Gflops/s) - 802 (881808 Gflops/s) - 803 (882907 Gflops/s) - 803 (882907 Gflops/s) - 800 (879609 Gflops/s) - 801 (880708 Gflops/s) - 802 (881808 Gflops/s) | Temperatures: 68°C - 65°C - 67°C - 70°C - 67°C - 69°C - 67°C - 66°C | Throttling: None - None - None - None - None - None - None - None
803 (882907 Gflops/s) - 801 (880708 Gflops/s) - 802 (881808 Gflops/s) - 803 (882907 Gflops/s) - 802 (881808 Gflops/s) - 801 (880708 Gflops/s) - 801 (880708 Gflops/s) - 802 (881808 Gflops/s) | Temperatures: 68°C - 65°C - 67°C - 70°C - 67°C - 69°C - 67°C - 66°C | Throttling: None - None - None - None - None - None - None - None
803 (882907 Gflops/s) - 802 (881808 Gflops/s) - 802 (881808 Gflops/s) - 803 (882907 Gflops/s) - 803 (882907 Gflops/s) - 801 (880708 Gflops/s) - 802 (881808 Gflops/s) - 803 (882907 Gflops/s) | Temperatures: 68°C - 65°C - 67°C - 70°C - 67°C - 69°C - 67°C - 66°C | Throttling: None - None - None - None - None - None - None - None
802 (881808 Gflops/s) - 801 (880708 Gflops/s) - 802 (881808 Gflops/s) - 803 (882907 Gflops/s) - 803 (882907 Gflops/s) - 801 (880708 Gflops/s) - 801 (880708 Gflops/s) - 802 (881808 Gflops/s) | Temperatures: 68°C - 65°C - 67°C - 70°C - 67°C - 69°C - 67°C - 66°C | Throttling: None - None - None - None - None - None - None - None
802 (881808 Gflops/s) - 801 (880708 Gflops/s) - 801 (880708 Gflops/s) - 802 (881808 Gflops/s) - 802 (881808 Gflops/s) - 799 (878509 Gflops/s) - 800 (879609 Gflops/s) - 801 (880708 Gflops/s) | Temperatures: 68°C - 65°C - 67°C - 70°C - 67°C - 69°C - 67°C - 66°C | Throttling: None - None - None - None - None - None - None - None
803 (882907 Gflops/s) - 802 (881808 Gflops/s) - 802 (881808 Gflops/s) - 803 (882907 Gflops/s) - 802 (881808 Gflops/s) - 801 (880708 Gflops/s) - 802 (881808 Gflops/s) - 803 (882907 Gflops/s) | Temperatures: 68°C - 65°C - 67°C - 70°C - 67°C - 69°C - 67°C - 66°C | Throttling: None - None - None - None - None - None - None - None
803 (882907 Gflops/s) - 802 (881808 Gflops/s) - 802 (881808 Gflops/s) - 803 (882907 Gflops/s) - 803 (882907 Gflops/s) - 801 (880708 Gflops/s) - 801 (880708 Gflops/s) - 802 (881808 Gflops/s) | Temperatures: 68°C - 65°C - 67°C - 70°C - 66°C - 69°C - 67°C - 66°C | Throttling: None - None - None - None - None - None - None - None
802 (881808 Gflops/s) - 801 (880708 Gflops/s) - 803 (882907 Gflops/s) - 803 (882907 Gflops/s) - 802 (881808 Gflops/s) - 800 (879609 Gflops/s) - 801 (880708 Gflops/s) - 802 (881808 Gflops/s) | Temperatures: 68°C - 65°C - 67°C - 70°C - 67°C - 69°C - 67°C - 66°C | Throttling: None - None - None - None - None - None - None - None
803 (882907 Gflops/s) - 802 (881808 Gflops/s) - 802 (881808 Gflops/s) - 803 (882907 Gflops/s) - 803 (882907 Gflops/s) - 801 (880708 Gflops/s) - 801 (880708 Gflops/s) - 802 (881808 Gflops/s) | Temperatures: 68°C - 65°C - 67°C - 70°C - 66°C - 69°C - 67°C - 66°C | Throttling: None - None - None - None - None - None - None - None
802 (881808 Gflops/s) - 801 (880708 Gflops/s) - 801 (880708 Gflops/s) - 802 (881808 Gflops/s) - 802 (881808 Gflops/s) - 800 (879609 Gflops/s) - 801 (880708 Gflops/s) - 802 (881808 Gflops/s) | Temperatures: 68°C - 65°C - 67°C - 70°C - 66°C - 69°C - 67°C - 66°C | Throttling: None - None - None - None - None - None - None - None
802 (881808 Gflops/s) - 801 (880708 Gflops/s) - 802 (881808 Gflops/s) - 803 (882907 Gflops/s) - 803 (882907 Gflops/s) - 801 (880708 Gflops/s) - 801 (880708 Gflops/s) - 802 (881808 Gflops/s) | Temperatures: 68°C - 65°C - 67°C - 70°C - 66°C - 69°C - 67°C - 66°C | Throttling: None - None - None - None - None - None - None - None
803 (882907 Gflops/s) - 802 (881808 Gflops/s) - 802 (881808 Gflops/s) - 803 (882907 Gflops/s) - 802 (881808 Gflops/s) - 800 (879609 Gflops/s) - 801 (880708 Gflops/s) - 803 (882907 Gflops/s) | Temperatures: 68°C - 65°C - 67°C - 70°C - 66°C - 69°C - 67°C - 66°C | Throttling: None - None - None - None - None - None - None - None
803 (882907 Gflops/s) - 802 (881808 Gflops/s) - 802 (881808 Gflops/s) - 803 (882907 Gflops/s) - 803 (882907 Gflops/s) - 801 (880708 Gflops/s) - 801 (880708 Gflops/s) - 802 (881808 Gflops/s) | Temperatures: 68°C - 65°C - 67°C - 70°C - 66°C - 69°C - 67°C - 66°C | Throttling: None - None - None - None - None - None - None - None
802 (881808 Gflops/s) - 801 (880708 Gflops/s) - 802 (881808 Gflops/s) - 802 (881808 Gflops/s) - 803 (882907 Gflops/s) - 801 (880708 Gflops/s) - 802 (881808 Gflops/s) - 802 (881808 Gflops/s) | Temperatures: 68°C - 65°C - 67°C - 70°C - 66°C - 69°C - 67°C - 66°C | Throttling: None - None - None - None - None - None - None - None
803 (882907 Gflops/s) - 802 (881808 Gflops/s) - 802 (881808 Gflops/s) - 803 (882907 Gflops/s) - 802 (881808 Gflops/s) - 800 (879609 Gflops/s) - 801 (880708 Gflops/s) - 803 (882907 Gflops/s) | Temperatures: 68°C - 65°C - 67°C - 70°C - 66°C - 69°C - 67°C - 66°C | Throttling: None - None - None - None - None - None - None - None
802 (881808 Gflops/s) - 801 (880708 Gflops/s) - 802 (881808 Gflops/s) - 802 (881808 Gflops/s) - 802 (881808 Gflops/s) - 800 (879609 Gflops/s) - 800 (879609 Gflops/s) - 801 (880708 Gflops/s) | Temperatures: 68°C - 65°C - 67°C - 70°C - 66°C - 69°C - 67°C - 66°C | Throttling: None - None - None - None - None - None - None - None
803 (882907 Gflops/s) - 801 (880708 Gflops/s) - 802 (881808 Gflops/s) - 803 (882907 Gflops/s) - 803 (882907 Gflops/s) - 801 (880708 Gflops/s) - 801 (880708 Gflops/s) - 802 (881808 Gflops/s) | Temperatures: 68°C - 65°C - 67°C - 70°C - 66°C - 69°C - 67°C - 66°C | Throttling: None - None - None - None - None - None - None - None
802 (881808 Gflops/s) - 802 (881808 Gflops/s) - 802 (881808 Gflops/s) - 803 (882907 Gflops/s) - 802 (881808 Gflops/s) - 801 (880708 Gflops/s) - 802 (881808 Gflops/s) - 803 (882907 Gflops/s) | Temperatures: 68°C - 65°C - 67°C - 70°C - 66°C - 69°C - 67°C - 66°C | Throttling: None - None - None - None - None - None - None - None
803 (882907 Gflops/s) - 802 (881808 Gflops/s) - 802 (881808 Gflops/s) - 803 (882907 Gflops/s) - 803 (882907 Gflops/s) - 800 (879609 Gflops/s) - 801 (880708 Gflops/s) - 802 (881808 Gflops/s) | Temperatures: 68°C - 65°C - 67°C - 70°C - 66°C - 69°C - 67°C - 66°C | Throttling: None - None - None - None - None - None - None - None
803 (882907 Gflops/s) - 801 (880708 Gflops/s) - 802 (881808 Gflops/s) - 803 (882907 Gflops/s) - 803 (882907 Gflops/s) - 801 (880708 Gflops/s) - 801 (880708 Gflops/s) - 802 (881808 Gflops/s) | Temperatures: 68°C - 65°C - 67°C - 70°C - 66°C - 69°C - 67°C - 66°C | Throttling: None - None - None - None - None - None - None - None
802 (881808 Gflops/s) - 801 (880708 Gflops/s) - 801 (880708 Gflops/s) - 802 (881808 Gflops/s) - 802 (881808 Gflops/s) - 800 (879609 Gflops/s) - 801 (880708 Gflops/s) - 802 (881808 Gflops/s) | Temperatures: 68°C - 65°C - 67°C - 70°C - 66°C - 68°C - 67°C - 66°C | Throttling: None - None - None - None - None - None - None - None
802 (881808 Gflops/s) - 802 (881808 Gflops/s) - 802 (881808 Gflops/s) - 803 (882907 Gflops/s) - 802 (881808 Gflops/s) - 801 (880708 Gflops/s) - 801 (880708 Gflops/s) - 802 (881808 Gflops/s) | Temperatures: 68°C - 65°C - 67°C - 70°C - 66°C - 68°C - 67°C - 66°C | Throttling: None - None - None - None - None - None - None - None
803 (882907 Gflops/s) - 801 (880708 Gflops/s) - 802 (881808 Gflops/s) - 803 (882907 Gflops/s) - 803 (882907 Gflops/s) - 800 (879609 Gflops/s) - 801 (880708 Gflops/s) - 802 (881808 Gflops/s) | Temperatures: 68°C - 65°C - 67°C - 70°C - 66°C - 68°C - 67°C - 66°C | Throttling: None - None - None - None - None - None - None - None
803 (882907 Gflops/s) - 802 (881808 Gflops/s) - 802 (881808 Gflops/s) - 803 (882907 Gflops/s) - 803 (882907 Gflops/s) - 801 (880708 Gflops/s) - 801 (880708 Gflops/s) - 803 (882907 Gflops/s) | Temperatures: 68°C - 65°C - 67°C - 70°C - 66°C - 68°C - 67°C - 66°C | Throttling: None - None - None - None - None - None - None - None
803 (882907 Gflops/s) - 802 (881808 Gflops/s) - 802 (881808 Gflops/s) - 803 (882907 Gflops/s) - 802 (881808 Gflops/s) - 801 (880708 Gflops/s) - 801 (880708 Gflops/s) - 802 (881808 Gflops/s) | Temperatures: 68°C - 65°C - 67°C - 70°C - 66°C - 68°C - 67°C - 66°C | Throttling: None - None - None - None - None - None - None - None
802 (881808 Gflops/s) - 801 (880708 Gflops/s) - 802 (881808 Gflops/s) - 803 (882907 Gflops/s) - 803 (882907 Gflops/s) - 801 (880708 Gflops/s) - 802 (881808 Gflops/s) - 802 (881808 Gflops/s) | Temperatures: 68°C - 65°C - 67°C - 70°C - 66°C - 68°C - 67°C - 66°C | Throttling: None - None - None - None - None - None - None - None
802 (881808 Gflops/s) - 801 (880708 Gflops/s) - 802 (881808 Gflops/s) - 802 (881808 Gflops/s) - 802 (881808 Gflops/s) - 800 (879609 Gflops/s) - 800 (879609 Gflops/s) - 802 (881808 Gflops/s) | Temperatures: 68°C - 65°C - 67°C - 70°C - 66°C - 68°C - 67°C - 66°C | Throttling: None - None - None - None - None - None - None - None
803 (882907 Gflops/s) - 802 (881808 Gflops/s) - 802 (881808 Gflops/s) - 803 (882907 Gflops/s) - 803 (882907 Gflops/s) - 800 (879609 Gflops/s) - 801 (880708 Gflops/s) - 802 (881808 Gflops/s) | Temperatures: 68°C - 65°C - 67°C - 70°C - 66°C - 68°C - 67°C - 66°C | Throttling: None - None - None - None - None - None - None - None
802 (881808 Gflops/s) - 801 (880708 Gflops/s) - 802 (881808 Gflops/s) - 803 (882907 Gflops/s) - 802 (881808 Gflops/s) - 801 (880708 Gflops/s) - 801 (880708 Gflops/s) - 802 (881808 Gflops/s) | Temperatures: 68°C - 65°C - 67°C - 70°C - 66°C - 68°C - 67°C - 66°C | Throttling: None - None - None - None - None - None - None - None
803 (882907 Gflops/s) - 802 (881808 Gflops/s) - 802 (881808 Gflops/s) - 803 (882907 Gflops/s) - 803 (882907 Gflops/s) - 801 (880708 Gflops/s) - 802 (881808 Gflops/s) - 803 (882907 Gflops/s) | Temperatures: 68°C - 65°C - 67°C - 70°C - 66°C - 68°C - 67°C - 66°C | Throttling: None - None - None - None - None - None - None - None
803 (882907 Gflops/s) - 801 (880708 Gflops/s) - 802 (881808 Gflops/s) - 803 (882907 Gflops/s) - 803 (882907 Gflops/s) - 801 (880708 Gflops/s) - 801 (880708 Gflops/s) - 802 (881808 Gflops/s) | Temperatures: 68°C - 65°C - 67°C - 70°C - 66°C - 68°C - 67°C - 66°C | Throttling: None - None - None - None - None - None - None - None
802 (881808 Gflops/s) - 801 (880708 Gflops/s) - 801 (880708 Gflops/s) - 802 (881808 Gflops/s) - 802 (881808 Gflops/s) - 800 (879609 Gflops/s) - 800 (879609 Gflops/s) - 801 (880708 Gflops/s) | Temperatures: 68°C - 65°C - 67°C - 70°C - 66°C - 68°C - 67°C - 66°C | Throttling: None - None - None - None - None - None - None - None
802 (881808 Gflops/s) - 802 (881808 Gflops/s) - 802 (881808 Gflops/s) - 803 (882907 Gflops/s) - 802 (881808 Gflops/s) - 800 (879609 Gflops/s) - 801 (880708 Gflops/s) - 803 (882907 Gflops/s) | Temperatures: 68°C - 65°C - 67°C - 70°C - 66°C - 68°C - 67°C - 66°C | Throttling: None - None - None - None - None - None - None - None
803 (882907 Gflops/s) - 801 (880708 Gflops/s) - 802 (881808 Gflops/s) - 803 (882907 Gflops/s) - 803 (882907 Gflops/s) - 801 (880708 Gflops/s) - 802 (881808 Gflops/s) - 802 (881808 Gflops/s) | Temperatures: 68°C - 65°C - 67°C - 70°C - 66°C - 68°C - 67°C - 66°C | Throttling: None - None - None - None - None - None - None - None
803 (882907 Gflops/s) - 802 (881808 Gflops/s) - 803 (882907 Gflops/s) - 803 (882907 Gflops/s) - 803 (882907 Gflops/s) - 801 (880708 Gflops/s) - 801 (880708 Gflops/s) - 802 (881808 Gflops/s) | Temperatures: 68°C - 65°C - 67°C - 70°C - 66°C - 68°C - 66°C - 66°C | Throttling: None - None - None - None - None - None - None - None
803 (882907 Gflops/s) - 802 (881808 Gflops/s) - 802 (881808 Gflops/s) - 802 (881808 Gflops/s) - 802 (881808 Gflops/s) - 800 (879609 Gflops/s) - 801 (880708 Gflops/s) - 803 (882907 Gflops/s) | Temperatures: 68°C - 65°C - 67°C - 70°C - 66°C - 68°C - 66°C - 66°C | Throttling: None - None - None - None - None - None - None - None
802 (881808 Gflops/s) - 801 (880708 Gflops/s) - 802 (881808 Gflops/s) - 803 (882907 Gflops/s) - 803 (882907 Gflops/s) - 801 (880708 Gflops/s) - 801 (880708 Gflops/s) - 802 (881808 Gflops/s) | Temperatures: 68°C - 65°C - 67°C - 70°C - 66°C - 68°C - 66°C - 66°C | Throttling: None - None - None - None - None - None - None - None
802 (881808 Gflops/s) - 801 (880708 Gflops/s) - 801 (880708 Gflops/s) - 802 (881808 Gflops/s) - 802 (881808 Gflops/s) - 800 (879609 Gflops/s) - 801 (880708 Gflops/s) - 801 (880708 Gflops/s) | Temperatures: 68°C - 65°C - 67°C - 70°C - 66°C - 68°C - 66°C - 66°C | Throttling: None - None - None - None - None - None - None - None
803 (882907 Gflops/s) - 802 (881808 Gflops/s) - 802 (881808 Gflops/s) - 803 (882907 Gflops/s) - 803 (882907 Gflops/s) - 801 (880708 Gflops/s) - 801 (880708 Gflops/s) - 803 (882907 Gflops/s) | Temperatures: 69°C - 65°C - 67°C - 70°C - 66°C - 68°C - 66°C - 66°C | Throttling: None - None - None - None - None - None - None - None
803 (882907 Gflops/s) - 801 (880708 Gflops/s) - 802 (881808 Gflops/s) - 803 (882907 Gflops/s) - 803 (882907 Gflops/s) - 801 (880708 Gflops/s) - 801 (880708 Gflops/s) - 802 (881808 Gflops/s) | Temperatures: 69°C - 65°C - 67°C - 70°C - 66°C - 68°C - 66°C - 66°C | Throttling: None - None - None - None - None - None - None - None
802 (881808 Gflops/s) - 802 (881808 Gflops/s) - 802 (881808 Gflops/s) - 803 (882907 Gflops/s) - 802 (881808 Gflops/s) - 800 (879609 Gflops/s) - 801 (880708 Gflops/s) - 802 (881808 Gflops/s) | Temperatures: 69°C - 65°C - 67°C - 71°C - 66°C - 68°C - 66°C - 66°C | Throttling: None - None - None - None - None - None - None - None
803 (882907 Gflops/s) - 802 (881808 Gflops/s) - 802 (881808 Gflops/s) - 803 (882907 Gflops/s) - 803 (882907 Gflops/s) - 801 (880708 Gflops/s) - 801 (880708 Gflops/s) - 803 (882907 Gflops/s) | Temperatures: 69°C - 65°C - 67°C - 70°C - 66°C - 68°C - 66°C - 66°C | Throttling: None - None - None - None - None - None - None - None
802 (881808 Gflops/s) - 801 (880708 Gflops/s) - 802 (881808 Gflops/s) - 802 (881808 Gflops/s) - 802 (881808 Gflops/s) - 800 (879609 Gflops/s) - 801 (880708 Gflops/s) - 801 (880708 Gflops/s) | Temperatures: 69°C - 65°C - 67°C - 70°C - 66°C - 68°C - 66°C - 66°C | Throttling: None - None - None - None - None - None - None - None
802 (881808 Gflops/s) - 801 (880708 Gflops/s) - 802 (881808 Gflops/s) - 803 (882907 Gflops/s) - 802 (881808 Gflops/s) - 801 (880708 Gflops/s) - 801 (880708 Gflops/s) - 802 (881808 Gflops/s) | Temperatures: 69°C - 65°C - 67°C - 70°C - 66°C - 68°C - 66°C - 66°C | Throttling: None - None - None - None - None - None - None - None
803 (882907 Gflops/s) - 802 (881808 Gflops/s) - 802 (881808 Gflops/s) - 803 (882907 Gflops/s) - 803 (882907 Gflops/s) - 801 (880708 Gflops/s) - 801 (880708 Gflops/s) - 803 (882907 Gflops/s) | Temperatures: 69°C - 65°C - 67°C - 70°C - 66°C - 68°C - 66°C - 66°C | Throttling: None - None - None - None - None - None - None - None
803 (882907 Gflops/s) - 802 (881808 Gflops/s) - 802 (881808 Gflops/s) - 803 (882907 Gflops/s) - 803 (882907 Gflops/s) - 800 (879609 Gflops/s) - 801 (880708 Gflops/s) - 802 (881808 Gflops/s) | Temperatures: 68°C - 65°C - 67°C - 71°C - 66°C - 68°C - 66°C - 66°C | Throttling: None - None - None - None - None - None - None - None
802 (881808 Gflops/s) - 801 (880708 Gflops/s) - 802 (881808 Gflops/s) - 803 (882907 Gflops/s) - 802 (881808 Gflops/s) - 801 (880708 Gflops/s) - 801 (880708 Gflops/s) - 802 (881808 Gflops/s) | Temperatures: 69°C - 65°C - 67°C - 70°C - 66°C - 68°C - 66°C - 66°C | Throttling: None - None - None - None - None - None - None - None
803 (882907 Gflops/s) - 802 (881808 Gflops/s) - 802 (881808 Gflops/s) - 803 (882907 Gflops/s) - 803 (882907 Gflops/s) - 801 (880708 Gflops/s) - 802 (881808 Gflops/s) - 802 (881808 Gflops/s) | Temperatures: 69°C - 65°C - 67°C - 70°C - 66°C - 68°C - 66°C - 66°C | Throttling: None - None - None - None - None - None - None - None
802 (881808 Gflops/s) - 801 (880708 Gflops/s) - 801 (880708 Gflops/s) - 802 (881808 Gflops/s) - 802 (881808 Gflops/s) - 800 (879609 Gflops/s) - 800 (879609 Gflops/s) - 802 (881808 Gflops/s) | Temperatures: 69°C - 65°C - 67°C - 71°C - 66°C - 68°C - 66°C - 66°C | Throttling: None - None - None - None - None - None - None - None
803 (882907 Gflops/s) - 801 (880708 Gflops/s) - 802 (881808 Gflops/s) - 803 (882907 Gflops/s) - 803 (882907 Gflops/s) - 800 (879609 Gflops/s) - 801 (880708 Gflops/s) - 802 (881808 Gflops/s) | Temperatures: 69°C - 65°C - 67°C - 70°C - 66°C - 68°C - 66°C - 66°C | Throttling: None - None - None - None - None - None - None - None
803 (882907 Gflops/s) - 802 (881808 Gflops/s) - 803 (882907 Gflops/s) - 803 (882907 Gflops/s) - 802 (881808 Gflops/s) - 801 (880708 Gflops/s) - 802 (881808 Gflops/s) - 802 (881808 Gflops/s) | Temperatures: 68°C - 65°C - 67°C - 70°C - 66°C - 68°C - 66°C - 66°C | Throttling: None - None - None - None - None - None - None - None
802 (881808 Gflops/s) - 802 (881808 Gflops/s) - 802 (881808 Gflops/s) - 803 (882907 Gflops/s) - 803 (882907 Gflops/s) - 801 (880708 Gflops/s) - 801 (880708 Gflops/s) - 803 (882907 Gflops/s) | Temperatures: 68°C - 65°C - 67°C - 71°C - 66°C - 68°C - 66°C - 66°C | Throttling: None - None - None - None - None - None - None - None
803 (882907 Gflops/s) - 801 (880708 Gflops/s) - 802 (881808 Gflops/s) - 802 (881808 Gflops/s) - 803 (882907 Gflops/s) - 801 (880708 Gflops/s) - 801 (880708 Gflops/s) - 802 (881808 Gflops/s) | Temperatures: 69°C - 65°C - 67°C - 70°C - 66°C - 68°C - 66°C - 66°C | Throttling: None - None - None - None - None - None - None - None
803 (882907 Gflops/s) - 802 (881808 Gflops/s) - 802 (881808 Gflops/s) - 803 (882907 Gflops/s) - 802 (881808 Gflops/s) - 801 (880708 Gflops/s) - 801 (880708 Gflops/s) - 802 (881808 Gflops/s) | Temperatures: 68°C - 65°C - 67°C - 71°C - 66°C - 68°C - 66°C - 66°C | Throttling: None - None - None - None - None - None - None - None
801 (880708 Gflops/s) - 801 (880708 Gflops/s) - 801 (880708 Gflops/s) - 802 (881808 Gflops/s) - 802 (881808 Gflops/s) - 799 (878509 Gflops/s) - 800 (879609 Gflops/s) - 802 (881808 Gflops/s) | Temperatures: 68°C - 65°C - 67°C - 70°C - 66°C - 68°C - 66°C - 66°C | Throttling: None - None - None - None - None - None - None - None
803 (882907 Gflops/s) - 802 (881808 Gflops/s) - 802 (881808 Gflops/s) - 803 (882907 Gflops/s) - 803 (882907 Gflops/s) - 801 (880708 Gflops/s) - 802 (881808 Gflops/s) - 802 (881808 Gflops/s) | Temperatures: 68°C - 65°C - 67°C - 70°C - 66°C - 68°C - 66°C - 66°C | Throttling: None - None - None - None - None - None - None - None
803 (882907 Gflops/s) - 801 (880708 Gflops/s) - 802 (881808 Gflops/s) - 803 (882907 Gflops/s) - 802 (881808 Gflops/s) - 801 (880708 Gflops/s) - 801 (880708 Gflops/s) - 802 (881808 Gflops/s) | Temperatures: 68°C - 65°C - 67°C - 70°C - 66°C - 68°C - 66°C - 66°C | Throttling: None - None - None - None - None - None - None - None
802 (881808 Gflops/s) - 802 (881808 Gflops/s) - 802 (881808 Gflops/s) - 803 (882907 Gflops/s) - 803 (882907 Gflops/s) - 801 (880708 Gflops/s) - 801 (880708 Gflops/s) - 802 (881808 Gflops/s) | Temperatures: 68°C - 65°C - 67°C - 70°C - 66°C - 68°C - 66°C - 66°C | Throttling: None - None - None - None - None - None - None - None
803 (882907 Gflops/s) - 802 (881808 Gflops/s) - 803 (882907 Gflops/s) - 803 (882907 Gflops/s) - 803 (882907 Gflops/s) - 800 (879609 Gflops/s) - 801 (880708 Gflops/s) - 803 (882907 Gflops/s) | Temperatures: 68°C - 65°C - 67°C - 70°C - 66°C - 68°C - 66°C - 66°C | Throttling: None - None - None - None - None - None - None - None
803 (882907 Gflops/s) - 801 (880708 Gflops/s) - 802 (881808 Gflops/s) - 803 (882907 Gflops/s) - 802 (881808 Gflops/s) - 801 (880708 Gflops/s) - 801 (880708 Gflops/s) - 802 (881808 Gflops/s) | Temperatures: 68°C - 65°C - 67°C - 70°C - 66°C - 68°C - 66°C - 66°C | Throttling: None - None - None - None - None - None - None - None
801 (880708 Gflops/s) - 801 (880708 Gflops/s) - 801 (880708 Gflops/s) - 802 (881808 Gflops/s) - 802 (881808 Gflops/s) - 800 (879609 Gflops/s) - 801 (880708 Gflops/s) - 801 (880708 Gflops/s) | Temperatures: 68°C - 65°C - 67°C - 70°C - 66°C - 68°C - 66°C - 66°C | Throttling: None - None - None - None - None - None - None - None
803 (882907 Gflops/s) - 802 (881808 Gflops/s) - 802 (881808 Gflops/s) - 803 (882907 Gflops/s) - 803 (882907 Gflops/s) - 801 (880708 Gflops/s) - 801 (880708 Gflops/s) - 803 (882907 Gflops/s) | Temperatures: 68°C - 65°C - 67°C - 70°C - 66°C - 68°C - 66°C - 66°C | Throttling: None - None - None - None - None - None - None - None
796 (875211 Gflops/s) - 604 (664105 Gflops/s) - 395 (434307 Gflops/s) - 245 (269380 Gflops/s) - 802 (881808 Gflops/s) - 801 (880708 Gflops/s) - 686 (754264 Gflops/s) - 425 (467292 Gflops/s) | Temperatures: 68°C - 65°C - 67°C - 70°C - 66°C - 68°C - 66°C - 66°C | Throttling: None - None - None - None - None - None - None - None
GPU #0: 882392 Gflops/s (min: 875211.26, max: 882907.84, dev: 724.52)
         Temperature: 68.43°C (min: 68.00, max: 69.00)
         Throttling HW: false, Thermal SW: false, Thermal HW: false
GPU #1: 880507 Gflops/s (min: 664105.02, max: 881808.33, dev: 12678.08)
         Temperature: 65.34°C (min: 64.00, max: 66.00)
         Throttling HW: false, Thermal SW: false, Thermal HW: false
GPU #2: 880238 Gflops/s (min: 434307.09, max: 882907.84, dev: 26100.42)
         Temperature: 66.88°C (min: 64.00, max: 67.00)
         Throttling HW: false, Thermal SW: false, Thermal HW: false
GPU #3: 880574 Gflops/s (min: 269380.35, max: 882907.84, dev: 35770.15)
         Temperature: 70.38°C (min: 69.00, max: 71.00)
         Throttling HW: false, Thermal SW: false, Thermal HW: false
GPU #4: 882377 Gflops/s (min: 880708.81, max: 882907.84, dev: 586.66)
         Temperature: 66.54°C (min: 65.00, max: 69.00)
         Throttling HW: false, Thermal SW: false, Thermal HW: false
GPU #5: 880253 Gflops/s (min: 878509.79, max: 880708.81, dev: 586.52)
         Temperature: 68.56°C (min: 65.00, max: 71.00)
         Throttling HW: false, Thermal SW: false, Thermal HW: false
GPU #6: 880361 Gflops/s (min: 754264.98, max: 882907.84, dev: 7402.71)
         Temperature: 66.86°C (min: 63.00, max: 70.00)
         Throttling HW: false, Thermal SW: false, Thermal HW: false
GPU #7: 880559 Gflops/s (min: 467292.44, max: 882907.84, dev: 24193.40)
         Temperature: 66.14°C (min: 64.00, max: 67.00)
         Throttling HW: false, Thermal SW: false, Thermal HW: false
All GPUs seem healthy
Freeing GPUs...
