/usr/bin/singularity
apptainer version 1.4.5-1.el9
Number of GPUs =  8
======== Run with fp32 ==========
Detected GPU #0: "NVIDIA RTX PRO 6000 Blackwell Server Edition" (9a299fee-db69-a9b6-3314-2db243f996e4)
Detected GPU #1: "NVIDIA RTX PRO 6000 Blackwell Server Edition" (eda8ff43-ea41-e0b7-55da-0eadd18dee19)
Detected GPU #2: "NVIDIA RTX PRO 6000 Blackwell Server Edition" (0b38375a-e49c-def0-e9b2-49f987e1c4a8)
Detected GPU #3: "NVIDIA RTX PRO 6000 Blackwell Server Edition" (051cfb69-b363-e6f5-f9a7-0a65445750bd)
Detected GPU #4: "NVIDIA RTX PRO 6000 Blackwell Server Edition" (62b0561e-d6e9-44d3-8bcd-f92b9abdfa8e)
Detected GPU #5: "NVIDIA RTX PRO 6000 Blackwell Server Edition" (71db4d99-e9e3-366d-7be4-cae9424b5d44)
Detected GPU #6: "NVIDIA RTX PRO 6000 Blackwell Server Edition" (fd6477a1-497e-7c68-f7ee-15bc757b9714)
Detected GPU #7: "NVIDIA RTX PRO 6000 Blackwell Server Edition" (c20a3529-6b01-9dfa-3925-556a8c0ed8df)
Using precision(s): FP32  
GPU #0: Using 87018 MB
GPU #1: Using 87018 MB
GPU #2: Using 87018 MB
GPU #3: Using 87018 MB
GPU #4: Using 87018 MB
GPU #5: Using 87018 MB
GPU #6: Using 87018 MB
GPU #7: Using 87018 MB
Creating random matrices
Matrices created
1059 (1164382 Gflops/s) - 0 (0 Gflops/s) - 0 (0 Gflops/s) - 0 (0 Gflops/s) - 0 (0 Gflops/s) - 0 (0 Gflops/s) - 0 (0 Gflops/s) - 0 (0 Gflops/s) | Temperatures: 46°C - 32°C - 32°C - 32°C - 32°C - 32°C - 31°C - 32°C | Throttling: None - None - None - None - None - None - None - None
192 (211106 Gflops/s) - 1206 (1326011 Gflops/s) - 1178 (1295224 Gflops/s) - 1169 (1285329 Gflops/s) - 1157 (1272134 Gflops/s) - 1133 (1245746 Gflops/s) - 1150 (1264438 Gflops/s) - 1145 (1258940 Gflops/s) | Temperatures: 50°C - 47°C - 48°C - 48°C - 48°C - 47°C - 47°C - 48°C | Throttling: None - None - None - None - None - None - None - None
191 (210006 Gflops/s) - 192 (211106 Gflops/s) - 192 (211106 Gflops/s) - 193 (212205 Gflops/s) - 191 (210006 Gflops/s) - 190 (208907 Gflops/s) - 192 (211106 Gflops/s) - 190 (208907 Gflops/s) | Temperatures: 51°C - 49°C - 50°C - 49°C - 49°C - 49°C - 49°C - 50°C | Throttling: None - None - None - None - None - None - None - None
191 (210006 Gflops/s) - 191 (210006 Gflops/s) - 192 (211106 Gflops/s) - 192 (211106 Gflops/s) - 191 (210006 Gflops/s) - 190 (208907 Gflops/s) - 191 (210006 Gflops/s) - 190 (208907 Gflops/s) | Temperatures: 52°C - 50°C - 51°C - 51°C - 51°C - 50°C - 50°C - 52°C | Throttling: None - None - None - None - None - None - None - None
191 (210006 Gflops/s) - 192 (211106 Gflops/s) - 192 (211106 Gflops/s) - 193 (212205 Gflops/s) - 191 (210006 Gflops/s) - 190 (208907 Gflops/s) - 191 (210006 Gflops/s) - 190 (208907 Gflops/s) | Temperatures: 53°C - 51°C - 52°C - 52°C - 52°C - 52°C - 51°C - 53°C | Throttling: None - None - None - None - None - None - None - None
191 (210006 Gflops/s) - 191 (210006 Gflops/s) - 191 (210006 Gflops/s) - 192 (211106 Gflops/s) - 190 (208907 Gflops/s) - 190 (208907 Gflops/s) - 191 (210006 Gflops/s) - 190 (208907 Gflops/s) | Temperatures: 54°C - 52°C - 53°C - 53°C - 53°C - 53°C - 52°C - 54°C | Throttling: None - None - None - None - None - None - None - None
191 (210006 Gflops/s) - 191 (210006 Gflops/s) - 192 (211106 Gflops/s) - 192 (211106 Gflops/s) - 190 (208907 Gflops/s) - 189 (207807 Gflops/s) - 191 (210006 Gflops/s) - 190 (208907 Gflops/s) | Temperatures: 55°C - 53°C - 54°C - 54°C - 54°C - 54°C - 53°C - 55°C | Throttling: None - None - None - None - None - None - None - None
190 (208907 Gflops/s) - 191 (210006 Gflops/s) - 191 (210006 Gflops/s) - 192 (211106 Gflops/s) - 191 (210006 Gflops/s) - 190 (208907 Gflops/s) - 191 (210006 Gflops/s) - 189 (207807 Gflops/s) | Temperatures: 56°C - 54°C - 55°C - 55°C - 55°C - 55°C - 54°C - 56°C | Throttling: None - None - None - None - None - None - None - None
190 (208907 Gflops/s) - 191 (210006 Gflops/s) - 191 (210006 Gflops/s) - 191 (210006 Gflops/s) - 190 (208907 Gflops/s) - 189 (207807 Gflops/s) - 191 (210006 Gflops/s) - 190 (208907 Gflops/s) | Temperatures: 57°C - 55°C - 56°C - 56°C - 55°C - 56°C - 55°C - 57°C | Throttling: None - None - None - None - None - None - None - None
190 (208907 Gflops/s) - 190 (208907 Gflops/s) - 191 (210006 Gflops/s) - 192 (211106 Gflops/s) - 190 (208907 Gflops/s) - 189 (207807 Gflops/s) - 190 (208907 Gflops/s) - 189 (207807 Gflops/s) | Temperatures: 58°C - 56°C - 57°C - 57°C - 56°C - 57°C - 56°C - 58°C | Throttling: None - None - None - None - None - None - None - None
190 (208907 Gflops/s) - 191 (210006 Gflops/s) - 191 (210006 Gflops/s) - 191 (210006 Gflops/s) - 190 (208907 Gflops/s) - 189 (207807 Gflops/s) - 190 (208907 Gflops/s) - 189 (207807 Gflops/s) | Temperatures: 59°C - 57°C - 57°C - 57°C - 57°C - 57°C - 56°C - 58°C | Throttling: None - None - None - None - None - None - None - None
190 (208907 Gflops/s) - 190 (208907 Gflops/s) - 191 (210006 Gflops/s) - 191 (210006 Gflops/s) - 189 (207807 Gflops/s) - 188 (206708 Gflops/s) - 191 (210006 Gflops/s) - 189 (207807 Gflops/s) | Temperatures: 59°C - 58°C - 58°C - 58°C - 58°C - 58°C - 57°C - 59°C | Throttling: None - None - None - None - None - None - None - None
189 (207807 Gflops/s) - 190 (208907 Gflops/s) - 191 (210006 Gflops/s) - 191 (210006 Gflops/s) - 190 (208907 Gflops/s) - 189 (207807 Gflops/s) - 190 (208907 Gflops/s) - 188 (206708 Gflops/s) | Temperatures: 60°C - 58°C - 59°C - 59°C - 59°C - 59°C - 58°C - 60°C | Throttling: None - None - None - None - None - None - None - None
189 (207807 Gflops/s) - 190 (208907 Gflops/s) - 190 (208907 Gflops/s) - 191 (210006 Gflops/s) - 189 (207807 Gflops/s) - 188 (206708 Gflops/s) - 190 (208907 Gflops/s) - 189 (207807 Gflops/s) | Temperatures: 61°C - 59°C - 60°C - 59°C - 59°C - 60°C - 59°C - 61°C | Throttling: None - None - None - None - None - None - None - None
190 (208907 Gflops/s) - 190 (208907 Gflops/s) - 191 (210006 Gflops/s) - 190 (208907 Gflops/s) - 189 (207807 Gflops/s) - 188 (206708 Gflops/s) - 189 (207807 Gflops/s) - 188 (206708 Gflops/s) | Temperatures: 61°C - 60°C - 60°C - 60°C - 60°C - 60°C - 59°C - 61°C | Throttling: None - None - None - None - None - None - None - None
189 (207807 Gflops/s) - 190 (208907 Gflops/s) - 190 (208907 Gflops/s) - 191 (210006 Gflops/s) - 189 (207807 Gflops/s) - 188 (206708 Gflops/s) - 190 (208907 Gflops/s) - 188 (206708 Gflops/s) | Temperatures: 62°C - 60°C - 61°C - 61°C - 61°C - 61°C - 60°C - 62°C | Throttling: None - None - None - None - None - None - None - None
188 (206708 Gflops/s) - 189 (207807 Gflops/s) - 190 (208907 Gflops/s) - 190 (208907 Gflops/s) - 189 (207807 Gflops/s) - 188 (206708 Gflops/s) - 189 (207807 Gflops/s) - 188 (206708 Gflops/s) | Temperatures: 63°C - 61°C - 61°C - 61°C - 61°C - 61°C - 60°C - 63°C | Throttling: None - None - None - None - None - None - None - None
189 (207807 Gflops/s) - 190 (208907 Gflops/s) - 190 (208907 Gflops/s) - 190 (208907 Gflops/s) - 189 (207807 Gflops/s) - 188 (206708 Gflops/s) - 189 (207807 Gflops/s) - 188 (206708 Gflops/s) | Temperatures: 63°C - 62°C - 62°C - 62°C - 62°C - 62°C - 61°C - 63°C | Throttling: None - None - None - None - None - None - None - None
189 (207807 Gflops/s) - 189 (207807 Gflops/s) - 189 (207807 Gflops/s) - 190 (208907 Gflops/s) - 189 (207807 Gflops/s) - 188 (206708 Gflops/s) - 190 (208907 Gflops/s) - 188 (206708 Gflops/s) | Temperatures: 64°C - 62°C - 63°C - 63°C - 63°C - 63°C - 62°C - 64°C | Throttling: None - None - None - None - None - None - None - None
188 (206708 Gflops/s) - 190 (208907 Gflops/s) - 190 (208907 Gflops/s) - 190 (208907 Gflops/s) - 189 (207807 Gflops/s) - 187 (205608 Gflops/s) - 189 (207807 Gflops/s) - 188 (206708 Gflops/s) | Temperatures: 64°C - 63°C - 63°C - 63°C - 63°C - 63°C - 62°C - 65°C | Throttling: None - None - None - None - None - None - None - None
189 (207807 Gflops/s) - 189 (207807 Gflops/s) - 189 (207807 Gflops/s) - 190 (208907 Gflops/s) - 188 (206708 Gflops/s) - 188 (206708 Gflops/s) - 189 (207807 Gflops/s) - 188 (206708 Gflops/s) | Temperatures: 65°C - 63°C - 64°C - 64°C - 64°C - 64°C - 63°C - 65°C | Throttling: None - None - None - None - None - None - None - None
188 (206708 Gflops/s) - 189 (207807 Gflops/s) - 190 (208907 Gflops/s) - 189 (207807 Gflops/s) - 189 (207807 Gflops/s) - 187 (205608 Gflops/s) - 188 (206708 Gflops/s) - 187 (205608 Gflops/s) | Temperatures: 65°C - 64°C - 64°C - 64°C - 64°C - 64°C - 63°C - 66°C | Throttling: None - None - None - None - None - None - None - None
189 (207807 Gflops/s) - 189 (207807 Gflops/s) - 190 (208907 Gflops/s) - 190 (208907 Gflops/s) - 188 (206708 Gflops/s) - 188 (206708 Gflops/s) - 189 (207807 Gflops/s) - 187 (205608 Gflops/s) | Temperatures: 66°C - 64°C - 65°C - 65°C - 65°C - 65°C - 63°C - 66°C | Throttling: None - None - None - None - None - None - None - None
188 (206708 Gflops/s) - 188 (206708 Gflops/s) - 189 (207807 Gflops/s) - 190 (208907 Gflops/s) - 188 (206708 Gflops/s) - 187 (205608 Gflops/s) - 189 (207807 Gflops/s) - 188 (206708 Gflops/s) | Temperatures: 66°C - 65°C - 65°C - 65°C - 65°C - 65°C - 64°C - 66°C | Throttling: None - None - None - None - None - None - None - None
188 (206708 Gflops/s) - 189 (207807 Gflops/s) - 190 (208907 Gflops/s) - 189 (207807 Gflops/s) - 189 (207807 Gflops/s) - 187 (205608 Gflops/s) - 188 (206708 Gflops/s) - 187 (205608 Gflops/s) | Temperatures: 66°C - 65°C - 65°C - 65°C - 65°C - 65°C - 64°C - 67°C | Throttling: None - None - None - None - None - None - None - None
188 (206708 Gflops/s) - 189 (207807 Gflops/s) - 189 (207807 Gflops/s) - 190 (208907 Gflops/s) - 188 (206708 Gflops/s) - 187 (205608 Gflops/s) - 188 (206708 Gflops/s) - 187 (205608 Gflops/s) | Temperatures: 67°C - 65°C - 66°C - 66°C - 66°C - 66°C - 65°C - 67°C | Throttling: None - None - None - None - None - None - None - None
188 (206708 Gflops/s) - 188 (206708 Gflops/s) - 189 (207807 Gflops/s) - 189 (207807 Gflops/s) - 188 (206708 Gflops/s) - 187 (205608 Gflops/s) - 189 (207807 Gflops/s) - 187 (205608 Gflops/s) | Temperatures: 67°C - 66°C - 66°C - 66°C - 66°C - 66°C - 65°C - 68°C | Throttling: None - None - None - None - None - None - None - None
188 (206708 Gflops/s) - 189 (207807 Gflops/s) - 189 (207807 Gflops/s) - 189 (207807 Gflops/s) - 188 (206708 Gflops/s) - 187 (205608 Gflops/s) - 188 (206708 Gflops/s) - 187 (205608 Gflops/s) | Temperatures: 67°C - 66°C - 66°C - 66°C - 66°C - 67°C - 65°C - 68°C | Throttling: None - None - None - None - None - None - None - None
188 (206708 Gflops/s) - 188 (206708 Gflops/s) - 189 (207807 Gflops/s) - 189 (207807 Gflops/s) - 187 (205608 Gflops/s) - 186 (204509 Gflops/s) - 188 (206708 Gflops/s) - 187 (205608 Gflops/s) | Temperatures: 68°C - 66°C - 67°C - 67°C - 67°C - 67°C - 66°C - 68°C | Throttling: None - None - None - None - None - None - None - None
188 (206708 Gflops/s) - 188 (206708 Gflops/s) - 188 (206708 Gflops/s) - 190 (208907 Gflops/s) - 188 (206708 Gflops/s) - 187 (205608 Gflops/s) - 188 (206708 Gflops/s) - 187 (205608 Gflops/s) | Temperatures: 68°C - 67°C - 67°C - 67°C - 67°C - 67°C - 66°C - 69°C | Throttling: None - None - None - None - None - None - None - None
187 (205608 Gflops/s) - 188 (206708 Gflops/s) - 189 (207807 Gflops/s) - 188 (206708 Gflops/s) - 188 (206708 Gflops/s) - 186 (204509 Gflops/s) - 188 (206708 Gflops/s) - 186 (204509 Gflops/s) | Temperatures: 68°C - 67°C - 67°C - 67°C - 67°C - 68°C - 66°C - 69°C | Throttling: None - None - None - None - None - None - None - None
188 (206708 Gflops/s) - 188 (206708 Gflops/s) - 189 (207807 Gflops/s) - 189 (207807 Gflops/s) - 187 (205608 Gflops/s) - 186 (204509 Gflops/s) - 188 (206708 Gflops/s) - 187 (205608 Gflops/s) | Temperatures: 69°C - 67°C - 68°C - 68°C - 68°C - 68°C - 66°C - 69°C | Throttling: None - None - None - None - None - None - None - None
187 (205608 Gflops/s) - 188 (206708 Gflops/s) - 188 (206708 Gflops/s) - 189 (207807 Gflops/s) - 188 (206708 Gflops/s) - 187 (205608 Gflops/s) - 187 (205608 Gflops/s) - 186 (204509 Gflops/s) | Temperatures: 69°C - 67°C - 68°C - 68°C - 68°C - 68°C - 67°C - 69°C | Throttling: None - None - None - None - None - None - None - None
188 (206708 Gflops/s) - 188 (206708 Gflops/s) - 188 (206708 Gflops/s) - 189 (207807 Gflops/s) - 187 (205608 Gflops/s) - 186 (204509 Gflops/s) - 188 (206708 Gflops/s) - 187 (205608 Gflops/s) | Temperatures: 69°C - 68°C - 68°C - 68°C - 68°C - 68°C - 67°C - 70°C | Throttling: None - None - None - None - None - None - None - None
187 (205608 Gflops/s) - 188 (206708 Gflops/s) - 189 (207807 Gflops/s) - 189 (207807 Gflops/s) - 188 (206708 Gflops/s) - 186 (204509 Gflops/s) - 188 (206708 Gflops/s) - 186 (204509 Gflops/s) | Temperatures: 69°C - 68°C - 68°C - 68°C - 68°C - 69°C - 67°C - 70°C | Throttling: None - None - None - None - None - None - None - None
187 (205608 Gflops/s) - 188 (206708 Gflops/s) - 188 (206708 Gflops/s) - 189 (207807 Gflops/s) - 187 (205608 Gflops/s) - 186 (204509 Gflops/s) - 187 (205608 Gflops/s) - 186 (204509 Gflops/s) | Temperatures: 70°C - 68°C - 69°C - 69°C - 69°C - 69°C - 67°C - 70°C | Throttling: None - None - None - None - None - None - None - None
188 (206708 Gflops/s) - 188 (206708 Gflops/s) - 188 (206708 Gflops/s) - 188 (206708 Gflops/s) - 187 (205608 Gflops/s) - 186 (204509 Gflops/s) - 188 (206708 Gflops/s) - 186 (204509 Gflops/s) | Temperatures: 70°C - 68°C - 69°C - 69°C - 69°C - 69°C - 68°C - 70°C | Throttling: None - None - None - None - None - None - None - None
187 (205608 Gflops/s) - 187 (205608 Gflops/s) - 188 (206708 Gflops/s) - 189 (207807 Gflops/s) - 187 (205608 Gflops/s) - 186 (204509 Gflops/s) - 187 (205608 Gflops/s) - 187 (205608 Gflops/s) | Temperatures: 70°C - 69°C - 69°C - 69°C - 69°C - 69°C - 68°C - 71°C | Throttling: None - None - None - None - None - None - None - None
187 (205608 Gflops/s) - 188 (206708 Gflops/s) - 188 (206708 Gflops/s) - 189 (207807 Gflops/s) - 187 (205608 Gflops/s) - 186 (204509 Gflops/s) - 187 (205608 Gflops/s) - 186 (204509 Gflops/s) | Temperatures: 70°C - 69°C - 69°C - 69°C - 69°C - 69°C - 68°C - 71°C | Throttling: None - None - None - None - None - None - None - None
187 (205608 Gflops/s) - 188 (206708 Gflops/s) - 188 (206708 Gflops/s) - 188 (206708 Gflops/s) - 187 (205608 Gflops/s) - 185 (203409 Gflops/s) - 188 (206708 Gflops/s) - 186 (204509 Gflops/s) | Temperatures: 70°C - 69°C - 69°C - 69°C - 69°C - 69°C - 68°C - 71°C | Throttling: None - None - None - None - None - None - None - None
187 (205608 Gflops/s) - 187 (205608 Gflops/s) - 188 (206708 Gflops/s) - 189 (207807 Gflops/s) - 187 (205608 Gflops/s) - 186 (204509 Gflops/s) - 187 (205608 Gflops/s) - 186 (204509 Gflops/s) | Temperatures: 70°C - 69°C - 69°C - 69°C - 70°C - 70°C - 68°C - 71°C | Throttling: None - None - None - None - None - None - None - None
187 (205608 Gflops/s) - 188 (206708 Gflops/s) - 188 (206708 Gflops/s) - 188 (206708 Gflops/s) - 187 (205608 Gflops/s) - 185 (203409 Gflops/s) - 187 (205608 Gflops/s) - 186 (204509 Gflops/s) | Temperatures: 71°C - 69°C - 70°C - 70°C - 70°C - 70°C - 68°C - 71°C | Throttling: None - None - None - None - None - None - None - None
187 (205608 Gflops/s) - 187 (205608 Gflops/s) - 187 (205608 Gflops/s) - 188 (206708 Gflops/s) - 187 (205608 Gflops/s) - 186 (204509 Gflops/s) - 187 (205608 Gflops/s) - 186 (204509 Gflops/s) | Temperatures: 71°C - 69°C - 70°C - 70°C - 70°C - 70°C - 69°C - 71°C | Throttling: None - None - None - None - None - None - None - None
187 (205608 Gflops/s) - 188 (206708 Gflops/s) - 188 (206708 Gflops/s) - 189 (207807 Gflops/s) - 187 (205608 Gflops/s) - 185 (203409 Gflops/s) - 187 (205608 Gflops/s) - 186 (204509 Gflops/s) | Temperatures: 71°C - 69°C - 70°C - 70°C - 70°C - 70°C - 69°C - 72°C | Throttling: None - None - None - None - None - None - None - None
187 (205608 Gflops/s) - 187 (205608 Gflops/s) - 188 (206708 Gflops/s) - 188 (206708 Gflops/s) - 187 (205608 Gflops/s) - 186 (204509 Gflops/s) - 187 (205608 Gflops/s) - 186 (204509 Gflops/s) | Temperatures: 71°C - 70°C - 70°C - 70°C - 70°C - 70°C - 69°C - 72°C | Throttling: None - None - None - None - None - None - None - None
187 (205608 Gflops/s) - 188 (206708 Gflops/s) - 187 (205608 Gflops/s) - 188 (206708 Gflops/s) - 187 (205608 Gflops/s) - 185 (203409 Gflops/s) - 187 (205608 Gflops/s) - 185 (203409 Gflops/s) | Temperatures: 71°C - 70°C - 70°C - 70°C - 70°C - 70°C - 69°C - 72°C | Throttling: None - None - None - None - None - None - None - None
187 (205608 Gflops/s) - 187 (205608 Gflops/s) - 188 (206708 Gflops/s) - 188 (206708 Gflops/s) - 186 (204509 Gflops/s) - 185 (203409 Gflops/s) - 187 (205608 Gflops/s) - 186 (204509 Gflops/s) | Temperatures: 71°C - 70°C - 70°C - 70°C - 71°C - 71°C - 69°C - 72°C | Throttling: None - None - None - None - None - None - None - None
187 (205608 Gflops/s) - 187 (205608 Gflops/s) - 187 (205608 Gflops/s) - 189 (207807 Gflops/s) - 187 (205608 Gflops/s) - 186 (204509 Gflops/s) - 187 (205608 Gflops/s) - 186 (204509 Gflops/s) | Temperatures: 71°C - 70°C - 70°C - 70°C - 71°C - 71°C - 69°C - 72°C | Throttling: None - None - None - None - None - None - None - None
186 (204509 Gflops/s) - 188 (206708 Gflops/s) - 188 (206708 Gflops/s) - 188 (206708 Gflops/s) - 187 (205608 Gflops/s) - 185 (203409 Gflops/s) - 187 (205608 Gflops/s) - 186 (204509 Gflops/s) | Temperatures: 72°C - 70°C - 70°C - 71°C - 71°C - 71°C - 69°C - 72°C | Throttling: None - None - None - None - None - None - None - None
187 (205608 Gflops/s) - 187 (205608 Gflops/s) - 187 (205608 Gflops/s) - 188 (206708 Gflops/s) - 186 (204509 Gflops/s) - 185 (203409 Gflops/s) - 187 (205608 Gflops/s) - 185 (203409 Gflops/s) | Temperatures: 72°C - 70°C - 71°C - 71°C - 71°C - 71°C - 69°C - 72°C | Throttling: None - None - None - None - None - None - None - None
187 (205608 Gflops/s) - 187 (205608 Gflops/s) - 188 (206708 Gflops/s) - 188 (206708 Gflops/s) - 187 (205608 Gflops/s) - 185 (203409 Gflops/s) - 187 (205608 Gflops/s) - 186 (204509 Gflops/s) | Temperatures: 72°C - 70°C - 71°C - 71°C - 71°C - 71°C - 70°C - 72°C | Throttling: None - None - None - None - None - None - None - None
186 (204509 Gflops/s) - 187 (205608 Gflops/s) - 187 (205608 Gflops/s) - 188 (206708 Gflops/s) - 186 (204509 Gflops/s) - 185 (203409 Gflops/s) - 187 (205608 Gflops/s) - 186 (204509 Gflops/s) | Temperatures: 72°C - 70°C - 71°C - 71°C - 71°C - 71°C - 70°C - 73°C | Throttling: None - None - None - None - None - None - None - None
187 (205608 Gflops/s) - 187 (205608 Gflops/s) - 187 (205608 Gflops/s) - 188 (206708 Gflops/s) - 187 (205608 Gflops/s) - 185 (203409 Gflops/s) - 187 (205608 Gflops/s) - 185 (203409 Gflops/s) | Temperatures: 72°C - 71°C - 71°C - 71°C - 71°C - 71°C - 70°C - 73°C | Throttling: None - None - None - None - None - None - None - None
186 (204509 Gflops/s) - 188 (206708 Gflops/s) - 188 (206708 Gflops/s) - 188 (206708 Gflops/s) - 186 (204509 Gflops/s) - 185 (203409 Gflops/s) - 186 (204509 Gflops/s) - 186 (204509 Gflops/s) | Temperatures: 72°C - 71°C - 71°C - 71°C - 71°C - 71°C - 70°C - 73°C | Throttling: None - None - None - None - None - None - None - None
187 (205608 Gflops/s) - 187 (205608 Gflops/s) - 187 (205608 Gflops/s) - 188 (206708 Gflops/s) - 186 (204509 Gflops/s) - 185 (203409 Gflops/s) - 187 (205608 Gflops/s) - 186 (204509 Gflops/s) | Temperatures: 72°C - 71°C - 71°C - 71°C - 71°C - 72°C - 70°C - 73°C | Throttling: None - None - None - None - None - None - None - None
186 (204509 Gflops/s) - 187 (205608 Gflops/s) - 187 (205608 Gflops/s) - 188 (206708 Gflops/s) - 187 (205608 Gflops/s) - 185 (203409 Gflops/s) - 187 (205608 Gflops/s) - 186 (204509 Gflops/s) | Temperatures: 72°C - 71°C - 71°C - 71°C - 72°C - 72°C - 70°C - 73°C | Throttling: None - None - None - None - None - None - None - None
187 (205608 Gflops/s) - 187 (205608 Gflops/s) - 187 (205608 Gflops/s) - 188 (206708 Gflops/s) - 186 (204509 Gflops/s) - 185 (203409 Gflops/s) - 186 (204509 Gflops/s) - 186 (204509 Gflops/s) | Temperatures: 73°C - 71°C - 71°C - 71°C - 72°C - 72°C - 70°C - 73°C | Throttling: None - None - None - None - None - None - None - None
186 (204509 Gflops/s) - 187 (205608 Gflops/s) - 187 (205608 Gflops/s) - 188 (206708 Gflops/s) - 186 (204509 Gflops/s) - 185 (203409 Gflops/s) - 187 (205608 Gflops/s) - 186 (204509 Gflops/s) | Temperatures: 73°C - 71°C - 71°C - 72°C - 72°C - 72°C - 70°C - 73°C | Throttling: None - None - None - None - None - None - None - None
187 (205608 Gflops/s) - 187 (205608 Gflops/s) - 187 (205608 Gflops/s) - 188 (206708 Gflops/s) - 186 (204509 Gflops/s) - 185 (203409 Gflops/s) - 187 (205608 Gflops/s) - 186 (204509 Gflops/s) | Temperatures: 73°C - 71°C - 72°C - 72°C - 72°C - 72°C - 70°C - 73°C | Throttling: None - None - None - None - None - None - None - None
187 (205608 Gflops/s) - 187 (205608 Gflops/s) - 187 (205608 Gflops/s) - 187 (205608 Gflops/s) - 187 (205608 Gflops/s) - 184 (202310 Gflops/s) - 186 (204509 Gflops/s) - 186 (204509 Gflops/s) | Temperatures: 73°C - 71°C - 72°C - 72°C - 72°C - 72°C - 71°C - 74°C | Throttling: None - None - None - None - None - None - None - None
186 (204509 Gflops/s) - 187 (205608 Gflops/s) - 187 (205608 Gflops/s) - 188 (206708 Gflops/s) - 186 (204509 Gflops/s) - 185 (203409 Gflops/s) - 187 (205608 Gflops/s) - 185 (203409 Gflops/s) | Temperatures: 73°C - 71°C - 72°C - 72°C - 72°C - 72°C - 71°C - 74°C | Throttling: None - None - None - None - None - None - None - None
187 (205608 Gflops/s) - 187 (205608 Gflops/s) - 187 (205608 Gflops/s) - 188 (206708 Gflops/s) - 186 (204509 Gflops/s) - 185 (203409 Gflops/s) - 186 (204509 Gflops/s) - 186 (204509 Gflops/s) | Temperatures: 73°C - 71°C - 72°C - 72°C - 72°C - 72°C - 70°C - 74°C | Throttling: None - None - None - None - None - None - None - None
187 (205608 Gflops/s) - 187 (205608 Gflops/s) - 187 (205608 Gflops/s) - 188 (206708 Gflops/s) - 186 (204509 Gflops/s) - 185 (203409 Gflops/s) - 187 (205608 Gflops/s) - 186 (204509 Gflops/s) | Temperatures: 73°C - 71°C - 72°C - 72°C - 72°C - 72°C - 70°C - 74°C | Throttling: None - None - None - None - None - None - None - None
186 (204509 Gflops/s) - 187 (205608 Gflops/s) - 187 (205608 Gflops/s) - 187 (205608 Gflops/s) - 186 (204509 Gflops/s) - 184 (202310 Gflops/s) - 186 (204509 Gflops/s) - 185 (203409 Gflops/s) | Temperatures: 73°C - 71°C - 72°C - 72°C - 72°C - 72°C - 70°C - 74°C | Throttling: None - None - None - None - None - None - None - None
186 (204509 Gflops/s) - 187 (205608 Gflops/s) - 187 (205608 Gflops/s) - 188 (206708 Gflops/s) - 186 (204509 Gflops/s) - 185 (203409 Gflops/s) - 187 (205608 Gflops/s) - 186 (204509 Gflops/s) | Temperatures: 73°C - 71°C - 72°C - 72°C - 72°C - 72°C - 70°C - 74°C | Throttling: None - None - None - None - None - None - None - None
187 (205608 Gflops/s) - 187 (205608 Gflops/s) - 187 (205608 Gflops/s) - 188 (206708 Gflops/s) - 186 (204509 Gflops/s) - 184 (202310 Gflops/s) - 187 (205608 Gflops/s) - 186 (204509 Gflops/s) | Temperatures: 73°C - 71°C - 72°C - 72°C - 72°C - 72°C - 70°C - 74°C | Throttling: None - None - None - None - None - None - None - None
186 (204509 Gflops/s) - 187 (205608 Gflops/s) - 187 (205608 Gflops/s) - 187 (205608 Gflops/s) - 186 (204509 Gflops/s) - 185 (203409 Gflops/s) - 186 (204509 Gflops/s) - 185 (203409 Gflops/s) | Temperatures: 73°C - 71°C - 72°C - 72°C - 72°C - 72°C - 70°C - 74°C | Throttling: None - None - None - None - None - None - None - None
187 (205608 Gflops/s) - 187 (205608 Gflops/s) - 186 (204509 Gflops/s) - 188 (206708 Gflops/s) - 186 (204509 Gflops/s) - 184 (202310 Gflops/s) - 187 (205608 Gflops/s) - 186 (204509 Gflops/s) | Temperatures: 73°C - 71°C - 72°C - 72°C - 72°C - 73°C - 70°C - 74°C | Throttling: None - None - None - None - None - None - None - None
186 (204509 Gflops/s) - 187 (205608 Gflops/s) - 187 (205608 Gflops/s) - 187 (205608 Gflops/s) - 186 (204509 Gflops/s) - 185 (203409 Gflops/s) - 186 (204509 Gflops/s) - 186 (204509 Gflops/s) | Temperatures: 74°C - 71°C - 72°C - 72°C - 72°C - 73°C - 70°C - 74°C | Throttling: None - None - None - None - None - None - None - None
187 (205608 Gflops/s) - 187 (205608 Gflops/s) - 187 (205608 Gflops/s) - 188 (206708 Gflops/s) - 187 (205608 Gflops/s) - 184 (202310 Gflops/s) - 187 (205608 Gflops/s) - 185 (203409 Gflops/s) | Temperatures: 74°C - 71°C - 72°C - 72°C - 72°C - 73°C - 70°C - 74°C | Throttling: None - None - None - None - None - None - None - None
186 (204509 Gflops/s) - 187 (205608 Gflops/s) - 187 (205608 Gflops/s) - 188 (206708 Gflops/s) - 186 (204509 Gflops/s) - 185 (203409 Gflops/s) - 187 (205608 Gflops/s) - 186 (204509 Gflops/s) | Temperatures: 74°C - 71°C - 72°C - 72°C - 73°C - 73°C - 71°C - 74°C | Throttling: None - None - None - None - None - None - None - None
187 (205608 Gflops/s) - 187 (205608 Gflops/s) - 187 (205608 Gflops/s) - 187 (205608 Gflops/s) - 186 (204509 Gflops/s) - 184 (202310 Gflops/s) - 186 (204509 Gflops/s) - 186 (204509 Gflops/s) | Temperatures: 74°C - 71°C - 72°C - 72°C - 73°C - 73°C - 71°C - 74°C | Throttling: None - None - None - None - None - None - None - None
186 (204509 Gflops/s) - 187 (205608 Gflops/s) - 186 (204509 Gflops/s) - 188 (206708 Gflops/s) - 186 (204509 Gflops/s) - 185 (203409 Gflops/s) - 187 (205608 Gflops/s) - 185 (203409 Gflops/s) | Temperatures: 74°C - 72°C - 72°C - 72°C - 73°C - 73°C - 71°C - 74°C | Throttling: None - None - None - None - None - None - None - None
186 (204509 Gflops/s) - 186 (204509 Gflops/s) - 187 (205608 Gflops/s) - 187 (205608 Gflops/s) - 186 (204509 Gflops/s) - 184 (202310 Gflops/s) - 186 (204509 Gflops/s) - 186 (204509 Gflops/s) | Temperatures: 74°C - 72°C - 72°C - 73°C - 73°C - 73°C - 71°C - 74°C | Throttling: None - None - None - None - None - None - None - None
186 (204509 Gflops/s) - 187 (205608 Gflops/s) - 187 (205608 Gflops/s) - 188 (206708 Gflops/s) - 186 (204509 Gflops/s) - 185 (203409 Gflops/s) - 187 (205608 Gflops/s) - 185 (203409 Gflops/s) | Temperatures: 74°C - 72°C - 72°C - 73°C - 73°C - 73°C - 71°C - 74°C | Throttling: None - None - None - None - None - None - None - None
187 (205608 Gflops/s) - 187 (205608 Gflops/s) - 186 (204509 Gflops/s) - 187 (205608 Gflops/s) - 185 (203409 Gflops/s) - 184 (202310 Gflops/s) - 186 (204509 Gflops/s) - 186 (204509 Gflops/s) | Temperatures: 74°C - 72°C - 72°C - 73°C - 73°C - 73°C - 71°C - 74°C | Throttling: None - None - None - None - None - None - None - None
186 (204509 Gflops/s) - 187 (205608 Gflops/s) - 187 (205608 Gflops/s) - 187 (205608 Gflops/s) - 186 (204509 Gflops/s) - 184 (202310 Gflops/s) - 186 (204509 Gflops/s) - 185 (203409 Gflops/s) | Temperatures: 74°C - 72°C - 73°C - 73°C - 73°C - 73°C - 71°C - 74°C | Throttling: None - None - None - None - None - None - None - None
186 (204509 Gflops/s) - 187 (205608 Gflops/s) - 186 (204509 Gflops/s) - 188 (206708 Gflops/s) - 186 (204509 Gflops/s) - 184 (202310 Gflops/s) - 187 (205608 Gflops/s) - 186 (204509 Gflops/s) | Temperatures: 74°C - 72°C - 73°C - 73°C - 73°C - 73°C - 71°C - 75°C | Throttling: None - None - None - None - None - None - None - None
186 (204509 Gflops/s) - 186 (204509 Gflops/s) - 187 (205608 Gflops/s) - 187 (205608 Gflops/s) - 186 (204509 Gflops/s) - 185 (203409 Gflops/s) - 186 (204509 Gflops/s) - 185 (203409 Gflops/s) | Temperatures: 74°C - 72°C - 73°C - 73°C - 73°C - 73°C - 71°C - 75°C | Throttling: None - None - None - None - None - None - None - None
186 (204509 Gflops/s) - 187 (205608 Gflops/s) - 187 (205608 Gflops/s) - 187 (205608 Gflops/s) - 186 (204509 Gflops/s) - 184 (202310 Gflops/s) - 187 (205608 Gflops/s) - 186 (204509 Gflops/s) | Temperatures: 74°C - 72°C - 73°C - 73°C - 73°C - 73°C - 71°C - 75°C | Throttling: None - None - None - None - None - None - None - None
187 (205608 Gflops/s) - 187 (205608 Gflops/s) - 186 (204509 Gflops/s) - 188 (206708 Gflops/s) - 186 (204509 Gflops/s) - 184 (202310 Gflops/s) - 186 (204509 Gflops/s) - 185 (203409 Gflops/s) | Temperatures: 74°C - 72°C - 73°C - 73°C - 73°C - 73°C - 71°C - 75°C | Throttling: None - None - None - None - None - None - None - None
186 (204509 Gflops/s) - 187 (205608 Gflops/s) - 187 (205608 Gflops/s) - 187 (205608 Gflops/s) - 185 (203409 Gflops/s) - 185 (203409 Gflops/s) - 186 (204509 Gflops/s) - 185 (203409 Gflops/s) | Temperatures: 74°C - 72°C - 73°C - 73°C - 73°C - 73°C - 71°C - 75°C | Throttling: None - None - None - None - None - None - None - None
186 (204509 Gflops/s) - 187 (205608 Gflops/s) - 186 (204509 Gflops/s) - 188 (206708 Gflops/s) - 186 (204509 Gflops/s) - 184 (202310 Gflops/s) - 187 (205608 Gflops/s) - 186 (204509 Gflops/s) | Temperatures: 74°C - 72°C - 73°C - 73°C - 73°C - 73°C - 71°C - 75°C | Throttling: None - None - None - None - None - None - None - None
186 (204509 Gflops/s) - 186 (204509 Gflops/s) - 187 (205608 Gflops/s) - 187 (205608 Gflops/s) - 186 (204509 Gflops/s) - 185 (203409 Gflops/s) - 186 (204509 Gflops/s) - 185 (203409 Gflops/s) | Temperatures: 74°C - 72°C - 73°C - 73°C - 73°C - 73°C - 71°C - 75°C | Throttling: None - None - None - None - None - None - None - None
186 (204509 Gflops/s) - 187 (205608 Gflops/s) - 186 (204509 Gflops/s) - 187 (205608 Gflops/s) - 186 (204509 Gflops/s) - 184 (202310 Gflops/s) - 186 (204509 Gflops/s) - 186 (204509 Gflops/s) | Temperatures: 74°C - 72°C - 73°C - 73°C - 73°C - 73°C - 71°C - 75°C | Throttling: None - None - None - None - None - None - None - None
186 (204509 Gflops/s) - 187 (205608 Gflops/s) - 187 (205608 Gflops/s) - 188 (206708 Gflops/s) - 185 (203409 Gflops/s) - 184 (202310 Gflops/s) - 187 (205608 Gflops/s) - 185 (203409 Gflops/s) | Temperatures: 75°C - 72°C - 73°C - 73°C - 73°C - 73°C - 71°C - 75°C | Throttling: None - None - None - None - None - None - None - None
187 (205608 Gflops/s) - 187 (205608 Gflops/s) - 186 (204509 Gflops/s) - 187 (205608 Gflops/s) - 186 (204509 Gflops/s) - 185 (203409 Gflops/s) - 186 (204509 Gflops/s) - 186 (204509 Gflops/s) | Temperatures: 75°C - 72°C - 73°C - 73°C - 73°C - 74°C - 71°C - 75°C | Throttling: None - None - None - None - None - None - None - None
186 (204509 Gflops/s) - 186 (204509 Gflops/s) - 187 (205608 Gflops/s) - 188 (206708 Gflops/s) - 186 (204509 Gflops/s) - 184 (202310 Gflops/s) - 186 (204509 Gflops/s) - 185 (203409 Gflops/s) | Temperatures: 75°C - 72°C - 73°C - 73°C - 73°C - 73°C - 71°C - 75°C | Throttling: None - None - None - None - None - None - None - None
186 (204509 Gflops/s) - 187 (205608 Gflops/s) - 186 (204509 Gflops/s) - 187 (205608 Gflops/s) - 185 (203409 Gflops/s) - 184 (202310 Gflops/s) - 187 (205608 Gflops/s) - 185 (203409 Gflops/s) | Temperatures: 75°C - 72°C - 73°C - 73°C - 73°C - 74°C - 71°C - 75°C | Throttling: None - None - None - None - None - None - None - None
186 (204509 Gflops/s) - 187 (205608 Gflops/s) - 187 (205608 Gflops/s) - 188 (206708 Gflops/s) - 186 (204509 Gflops/s) - 184 (202310 Gflops/s) - 186 (204509 Gflops/s) - 186 (204509 Gflops/s) | Temperatures: 75°C - 72°C - 73°C - 73°C - 73°C - 74°C - 71°C - 75°C | Throttling: None - None - None - None - None - None - None - None
186 (204509 Gflops/s) - 186 (204509 Gflops/s) - 186 (204509 Gflops/s) - 187 (205608 Gflops/s) - 186 (204509 Gflops/s) - 185 (203409 Gflops/s) - 186 (204509 Gflops/s) - 185 (203409 Gflops/s) | Temperatures: 75°C - 72°C - 73°C - 73°C - 73°C - 74°C - 71°C - 75°C | Throttling: None - None - None - None - None - None - None - None
186 (204509 Gflops/s) - 187 (205608 Gflops/s) - 187 (205608 Gflops/s) - 188 (206708 Gflops/s) - 185 (203409 Gflops/s) - 184 (202310 Gflops/s) - 186 (204509 Gflops/s) - 185 (203409 Gflops/s) | Temperatures: 75°C - 72°C - 73°C - 73°C - 73°C - 74°C - 71°C - 75°C | Throttling: None - None - None - None - None - None - None - None
186 (204509 Gflops/s) - 187 (205608 Gflops/s) - 186 (204509 Gflops/s) - 187 (205608 Gflops/s) - 186 (204509 Gflops/s) - 184 (202310 Gflops/s) - 187 (205608 Gflops/s) - 186 (204509 Gflops/s) | Temperatures: 75°C - 72°C - 73°C - 73°C - 74°C - 74°C - 72°C - 75°C | Throttling: None - None - None - None - None - None - None - None
186 (204509 Gflops/s) - 187 (205608 Gflops/s) - 187 (205608 Gflops/s) - 188 (206708 Gflops/s) - 185 (203409 Gflops/s) - 184 (202310 Gflops/s) - 186 (204509 Gflops/s) - 185 (203409 Gflops/s) | Temperatures: 75°C - 72°C - 73°C - 73°C - 74°C - 74°C - 72°C - 75°C | Throttling: None - None - None - None - None - None - None - None
186 (204509 Gflops/s) - 186 (204509 Gflops/s) - 186 (204509 Gflops/s) - 187 (205608 Gflops/s) - 186 (204509 Gflops/s) - 185 (203409 Gflops/s) - 186 (204509 Gflops/s) - 185 (203409 Gflops/s) | Temperatures: 75°C - 72°C - 73°C - 73°C - 74°C - 74°C - 71°C - 75°C | Throttling: None - None - None - None - None - None - None - None
186 (204509 Gflops/s) - 187 (205608 Gflops/s) - 186 (204509 Gflops/s) - 188 (206708 Gflops/s) - 186 (204509 Gflops/s) - 184 (202310 Gflops/s) - 186 (204509 Gflops/s) - 186 (204509 Gflops/s) | Temperatures: 75°C - 72°C - 73°C - 73°C - 74°C - 74°C - 72°C - 75°C | Throttling: None - None - None - None - None - None - None - None
186 (204509 Gflops/s) - 187 (205608 Gflops/s) - 187 (205608 Gflops/s) - 187 (205608 Gflops/s) - 185 (203409 Gflops/s) - 184 (202310 Gflops/s) - 186 (204509 Gflops/s) - 185 (203409 Gflops/s) | Temperatures: 75°C - 72°C - 73°C - 73°C - 74°C - 74°C - 72°C - 75°C | Throttling: None - None - None - None - None - None - None - None
186 (204509 Gflops/s) - 186 (204509 Gflops/s) - 186 (204509 Gflops/s) - 188 (206708 Gflops/s) - 186 (204509 Gflops/s) - 184 (202310 Gflops/s) - 187 (205608 Gflops/s) - 185 (203409 Gflops/s) | Temperatures: 75°C - 72°C - 73°C - 73°C - 74°C - 74°C - 72°C - 75°C | Throttling: None - None - None - None - None - None - None - None
186 (204509 Gflops/s) - 187 (205608 Gflops/s) - 187 (205608 Gflops/s) - 187 (205608 Gflops/s) - 186 (204509 Gflops/s) - 184 (202310 Gflops/s) - 186 (204509 Gflops/s) - 186 (204509 Gflops/s) | Temperatures: 75°C - 72°C - 73°C - 73°C - 74°C - 74°C - 72°C - 75°C | Throttling: None - None - None - None - None - None - None - None
186 (204509 Gflops/s) - 187 (205608 Gflops/s) - 186 (204509 Gflops/s) - 188 (206708 Gflops/s) - 185 (203409 Gflops/s) - 185 (203409 Gflops/s) - 186 (204509 Gflops/s) - 185 (203409 Gflops/s) | Temperatures: 75°C - 72°C - 73°C - 73°C - 74°C - 74°C - 71°C - 75°C | Throttling: None - None - None - None - None - None - None - None
186 (204509 Gflops/s) - 186 (204509 Gflops/s) - 187 (205608 Gflops/s) - 187 (205608 Gflops/s) - 186 (204509 Gflops/s) - 184 (202310 Gflops/s) - 186 (204509 Gflops/s) - 185 (203409 Gflops/s) | Temperatures: 75°C - 72°C - 73°C - 73°C - 74°C - 74°C - 72°C - 75°C | Throttling: None - None - None - None - None - None - None - None
185 (203409 Gflops/s) - 187 (205608 Gflops/s) - 186 (204509 Gflops/s) - 187 (205608 Gflops/s) - 185 (203409 Gflops/s) - 184 (202310 Gflops/s) - 186 (204509 Gflops/s) - 186 (204509 Gflops/s) | Temperatures: 75°C - 72°C - 73°C - 73°C - 74°C - 74°C - 72°C - 75°C | Throttling: None - None - None - None - None - None - None - None
186 (204509 Gflops/s) - 186 (204509 Gflops/s) - 186 (204509 Gflops/s) - 188 (206708 Gflops/s) - 186 (204509 Gflops/s) - 184 (202310 Gflops/s) - 187 (205608 Gflops/s) - 185 (203409 Gflops/s) | Temperatures: 75°C - 72°C - 73°C - 73°C - 74°C - 74°C - 72°C - 75°C | Throttling: None - None - None - None - None - None - None - None
186 (204509 Gflops/s) - 187 (205608 Gflops/s) - 187 (205608 Gflops/s) - 187 (205608 Gflops/s) - 185 (203409 Gflops/s) - 184 (202310 Gflops/s) - 186 (204509 Gflops/s) - 185 (203409 Gflops/s) | Temperatures: 75°C - 72°C - 73°C - 73°C - 74°C - 74°C - 71°C - 75°C | Throttling: None - None - None - None - None - None - None - None
186 (204509 Gflops/s) - 187 (205608 Gflops/s) - 186 (204509 Gflops/s) - 188 (206708 Gflops/s) - 186 (204509 Gflops/s) - 184 (202310 Gflops/s) - 186 (204509 Gflops/s) - 186 (204509 Gflops/s) | Temperatures: 75°C - 72°C - 73°C - 73°C - 74°C - 74°C - 71°C - 75°C | Throttling: None - None - None - None - None - None - None - None
186 (204509 Gflops/s) - 187 (205608 Gflops/s) - 187 (205608 Gflops/s) - 187 (205608 Gflops/s) - 186 (204509 Gflops/s) - 185 (203409 Gflops/s) - 186 (204509 Gflops/s) - 185 (203409 Gflops/s) | Temperatures: 75°C - 72°C - 73°C - 73°C - 74°C - 74°C - 71°C - 75°C | Throttling: None - None - None - None - None - None - None - None
186 (204509 Gflops/s) - 186 (204509 Gflops/s) - 186 (204509 Gflops/s) - 188 (206708 Gflops/s) - 185 (203409 Gflops/s) - 184 (202310 Gflops/s) - 186 (204509 Gflops/s) - 185 (203409 Gflops/s) | Temperatures: 75°C - 72°C - 73°C - 73°C - 73°C - 74°C - 71°C - 75°C | Throttling: None - None - None - None - None - None - None - None
186 (204509 Gflops/s) - 187 (205608 Gflops/s) - 187 (205608 Gflops/s) - 187 (205608 Gflops/s) - 186 (204509 Gflops/s) - 184 (202310 Gflops/s) - 187 (205608 Gflops/s) - 186 (204509 Gflops/s) | Temperatures: 75°C - 72°C - 73°C - 73°C - 73°C - 74°C - 71°C - 75°C | Throttling: None - None - None - None - None - None - None - None
186 (204509 Gflops/s) - 187 (205608 Gflops/s) - 186 (204509 Gflops/s) - 188 (206708 Gflops/s) - 185 (203409 Gflops/s) - 184 (202310 Gflops/s) - 186 (204509 Gflops/s) - 185 (203409 Gflops/s) | Temperatures: 75°C - 72°C - 73°C - 73°C - 73°C - 74°C - 71°C - 75°C | Throttling: None - None - None - None - None - None - None - None
186 (204509 Gflops/s) - 186 (204509 Gflops/s) - 187 (205608 Gflops/s) - 187 (205608 Gflops/s) - 186 (204509 Gflops/s) - 185 (203409 Gflops/s) - 186 (204509 Gflops/s) - 185 (203409 Gflops/s) | Temperatures: 75°C - 72°C - 73°C - 73°C - 73°C - 74°C - 71°C - 75°C | Throttling: None - None - None - None - None - None - None - None
186 (204509 Gflops/s) - 187 (205608 Gflops/s) - 186 (204509 Gflops/s) - 188 (206708 Gflops/s) - 186 (204509 Gflops/s) - 184 (202310 Gflops/s) - 186 (204509 Gflops/s) - 186 (204509 Gflops/s) | Temperatures: 75°C - 72°C - 73°C - 73°C - 73°C - 74°C - 71°C - 75°C | Throttling: None - None - None - None - None - None - None - None
186 (204509 Gflops/s) - 187 (205608 Gflops/s) - 187 (205608 Gflops/s) - 187 (205608 Gflops/s) - 185 (203409 Gflops/s) - 184 (202310 Gflops/s) - 186 (204509 Gflops/s) - 185 (203409 Gflops/s) | Temperatures: 75°C - 72°C - 73°C - 73°C - 73°C - 74°C - 71°C - 75°C | Throttling: None - None - None - None - None - None - None - None
186 (204509 Gflops/s) - 186 (204509 Gflops/s) - 186 (204509 Gflops/s) - 187 (205608 Gflops/s) - 186 (204509 Gflops/s) - 184 (202310 Gflops/s) - 187 (205608 Gflops/s) - 185 (203409 Gflops/s) | Temperatures: 75°C - 72°C - 73°C - 73°C - 73°C - 74°C - 71°C - 75°C | Throttling: None - None - None - None - None - None - None - None
186 (204509 Gflops/s) - 187 (205608 Gflops/s) - 187 (205608 Gflops/s) - 188 (206708 Gflops/s) - 185 (203409 Gflops/s) - 184 (202310 Gflops/s) - 186 (204509 Gflops/s) - 186 (204509 Gflops/s) | Temperatures: 75°C - 72°C - 73°C - 73°C - 73°C - 74°C - 71°C - 75°C | Throttling: None - None - None - None - None - None - None - None
186 (204509 Gflops/s) - 187 (205608 Gflops/s) - 186 (204509 Gflops/s) - 187 (205608 Gflops/s) - 186 (204509 Gflops/s) - 185 (203409 Gflops/s) - 186 (204509 Gflops/s) - 185 (203409 Gflops/s) | Temperatures: 75°C - 72°C - 73°C - 73°C - 73°C - 73°C - 71°C - 75°C | Throttling: None - None - None - None - None - None - None - None
186 (204509 Gflops/s) - 186 (204509 Gflops/s) - 187 (205608 Gflops/s) - 188 (206708 Gflops/s) - 186 (204509 Gflops/s) - 184 (202310 Gflops/s) - 186 (204509 Gflops/s) - 185 (203409 Gflops/s) | Temperatures: 75°C - 72°C - 73°C - 73°C - 73°C - 73°C - 71°C - 75°C | Throttling: None - None - None - None - None - None - None - None
186 (204509 Gflops/s) - 187 (205608 Gflops/s) - 186 (204509 Gflops/s) - 187 (205608 Gflops/s) - 185 (203409 Gflops/s) - 184 (202310 Gflops/s) - 187 (205608 Gflops/s) - 186 (204509 Gflops/s) | Temperatures: 75°C - 72°C - 73°C - 73°C - 73°C - 73°C - 71°C - 75°C | Throttling: None - None - None - None - None - None - None - None
186 (204509 Gflops/s) - 187 (205608 Gflops/s) - 187 (205608 Gflops/s) - 188 (206708 Gflops/s) - 186 (204509 Gflops/s) - 184 (202310 Gflops/s) - 186 (204509 Gflops/s) - 185 (203409 Gflops/s) | Temperatures: 75°C - 72°C - 73°C - 73°C - 73°C - 73°C - 71°C - 75°C | Throttling: None - None - None - None - None - None - None - None
186 (204509 Gflops/s) - 187 (205608 Gflops/s) - 186 (204509 Gflops/s) - 188 (206708 Gflops/s) - 186 (204509 Gflops/s) - 185 (203409 Gflops/s) - 186 (204509 Gflops/s) - 186 (204509 Gflops/s) | Temperatures: 75°C - 72°C - 72°C - 73°C - 73°C - 73°C - 71°C - 75°C | Throttling: None - None - None - None - None - None - None - None
186 (204509 Gflops/s) - 187 (205608 Gflops/s) - 187 (205608 Gflops/s) - 187 (205608 Gflops/s) - 185 (203409 Gflops/s) - 184 (202310 Gflops/s) - 187 (205608 Gflops/s) - 185 (203409 Gflops/s) | Temperatures: 75°C - 72°C - 73°C - 73°C - 73°C - 73°C - 71°C - 75°C | Throttling: None - None - None - None - None - None - None - None
186 (204509 Gflops/s) - 186 (204509 Gflops/s) - 186 (204509 Gflops/s) - 188 (206708 Gflops/s) - 186 (204509 Gflops/s) - 184 (202310 Gflops/s) - 186 (204509 Gflops/s) - 185 (203409 Gflops/s) | Temperatures: 74°C - 72°C - 72°C - 73°C - 73°C - 73°C - 71°C - 75°C | Throttling: None - None - None - None - None - None - None - None
187 (205608 Gflops/s) - 187 (205608 Gflops/s) - 187 (205608 Gflops/s) - 187 (205608 Gflops/s) - 186 (204509 Gflops/s) - 185 (203409 Gflops/s) - 186 (204509 Gflops/s) - 186 (204509 Gflops/s) | Temperatures: 74°C - 72°C - 72°C - 73°C - 73°C - 73°C - 71°C - 75°C | Throttling: None - None - None - None - None - None - None - None
186 (204509 Gflops/s) - 187 (205608 Gflops/s) - 187 (205608 Gflops/s) - 188 (206708 Gflops/s) - 186 (204509 Gflops/s) - 184 (202310 Gflops/s) - 187 (205608 Gflops/s) - 185 (203409 Gflops/s) | Temperatures: 74°C - 72°C - 72°C - 73°C - 73°C - 73°C - 71°C - 74°C | Throttling: None - None - None - None - None - None - None - None
186 (204509 Gflops/s) - 187 (205608 Gflops/s) - 186 (204509 Gflops/s) - 187 (205608 Gflops/s) - 185 (203409 Gflops/s) - 184 (202310 Gflops/s) - 186 (204509 Gflops/s) - 186 (204509 Gflops/s) | Temperatures: 74°C - 72°C - 72°C - 73°C - 73°C - 73°C - 71°C - 74°C | Throttling: None - None - None - None - None - None - None - None
186 (204509 Gflops/s) - 186 (204509 Gflops/s) - 187 (205608 Gflops/s) - 188 (206708 Gflops/s) - 186 (204509 Gflops/s) - 184 (202310 Gflops/s) - 186 (204509 Gflops/s) - 185 (203409 Gflops/s) | Temperatures: 74°C - 71°C - 72°C - 73°C - 73°C - 73°C - 71°C - 74°C | Throttling: None - None - None - None - None - None - None - None
186 (204509 Gflops/s) - 187 (205608 Gflops/s) - 186 (204509 Gflops/s) - 188 (206708 Gflops/s) - 186 (204509 Gflops/s) - 185 (203409 Gflops/s) - 186 (204509 Gflops/s) - 185 (203409 Gflops/s) | Temperatures: 74°C - 71°C - 72°C - 73°C - 73°C - 73°C - 71°C - 74°C | Throttling: None - None - None - None - None - None - None - None
186 (204509 Gflops/s) - 187 (205608 Gflops/s) - 187 (205608 Gflops/s) - 187 (205608 Gflops/s) - 186 (204509 Gflops/s) - 184 (202310 Gflops/s) - 187 (205608 Gflops/s) - 186 (204509 Gflops/s) | Temperatures: 74°C - 71°C - 72°C - 73°C - 73°C - 73°C - 71°C - 74°C | Throttling: None - None - None - None - None - None - None - None
186 (204509 Gflops/s) - 187 (205608 Gflops/s) - 187 (205608 Gflops/s) - 188 (206708 Gflops/s) - 185 (203409 Gflops/s) - 184 (202310 Gflops/s) - 186 (204509 Gflops/s) - 185 (203409 Gflops/s) | Temperatures: 74°C - 71°C - 72°C - 73°C - 73°C - 73°C - 71°C - 74°C | Throttling: None - None - None - None - None - None - None - None
186 (204509 Gflops/s) - 187 (205608 Gflops/s) - 186 (204509 Gflops/s) - 187 (205608 Gflops/s) - 186 (204509 Gflops/s) - 185 (203409 Gflops/s) - 186 (204509 Gflops/s) - 186 (204509 Gflops/s) | Temperatures: 74°C - 71°C - 72°C - 73°C - 73°C - 73°C - 71°C - 74°C | Throttling: None - None - None - None - None - None - None - None
186 (204509 Gflops/s) - 187 (205608 Gflops/s) - 187 (205608 Gflops/s) - 188 (206708 Gflops/s) - 186 (204509 Gflops/s) - 184 (202310 Gflops/s) - 187 (205608 Gflops/s) - 185 (203409 Gflops/s) | Temperatures: 74°C - 71°C - 72°C - 73°C - 73°C - 73°C - 71°C - 74°C | Throttling: None - None - None - None - None - None - None - None
186 (204509 Gflops/s) - 186 (204509 Gflops/s) - 187 (205608 Gflops/s) - 188 (206708 Gflops/s) - 186 (204509 Gflops/s) - 185 (203409 Gflops/s) - 186 (204509 Gflops/s) - 186 (204509 Gflops/s) | Temperatures: 74°C - 71°C - 72°C - 72°C - 73°C - 73°C - 70°C - 74°C | Throttling: None - None - None - None - None - None - None - None
186 (204509 Gflops/s) - 187 (205608 Gflops/s) - 186 (204509 Gflops/s) - 188 (206708 Gflops/s) - 186 (204509 Gflops/s) - 184 (202310 Gflops/s) - 187 (205608 Gflops/s) - 185 (203409 Gflops/s) | Temperatures: 74°C - 71°C - 72°C - 72°C - 73°C - 73°C - 70°C - 74°C | Throttling: None - None - None - None - None - None - None - None
186 (204509 Gflops/s) - 187 (205608 Gflops/s) - 187 (205608 Gflops/s) - 187 (205608 Gflops/s) - 185 (203409 Gflops/s) - 185 (203409 Gflops/s) - 186 (204509 Gflops/s) - 186 (204509 Gflops/s) | Temperatures: 74°C - 71°C - 72°C - 72°C - 72°C - 73°C - 70°C - 74°C | Throttling: None - None - None - None - None - None - None - None
186 (204509 Gflops/s) - 187 (205608 Gflops/s) - 187 (205608 Gflops/s) - 188 (206708 Gflops/s) - 186 (204509 Gflops/s) - 184 (202310 Gflops/s) - 186 (204509 Gflops/s) - 185 (203409 Gflops/s) | Temperatures: 74°C - 71°C - 72°C - 72°C - 72°C - 73°C - 70°C - 74°C | Throttling: None - None - None - None - None - None - None - None
187 (205608 Gflops/s) - 187 (205608 Gflops/s) - 187 (205608 Gflops/s) - 188 (206708 Gflops/s) - 186 (204509 Gflops/s) - 184 (202310 Gflops/s) - 187 (205608 Gflops/s) - 186 (204509 Gflops/s) | Temperatures: 74°C - 71°C - 72°C - 72°C - 72°C - 73°C - 70°C - 74°C | Throttling: None - None - None - None - None - None - None - None
186 (204509 Gflops/s) - 187 (205608 Gflops/s) - 186 (204509 Gflops/s) - 187 (205608 Gflops/s) - 186 (204509 Gflops/s) - 185 (203409 Gflops/s) - 186 (204509 Gflops/s) - 185 (203409 Gflops/s) | Temperatures: 74°C - 71°C - 72°C - 72°C - 72°C - 73°C - 70°C - 74°C | Throttling: None - None - None - None - None - None - None - None
186 (204509 Gflops/s) - 187 (205608 Gflops/s) - 187 (205608 Gflops/s) - 188 (206708 Gflops/s) - 186 (204509 Gflops/s) - 184 (202310 Gflops/s) - 187 (205608 Gflops/s) - 186 (204509 Gflops/s) | Temperatures: 74°C - 71°C - 72°C - 72°C - 72°C - 73°C - 70°C - 74°C | Throttling: None - None - None - None - None - None - None - None
186 (204509 Gflops/s) - 186 (204509 Gflops/s) - 187 (205608 Gflops/s) - 188 (206708 Gflops/s) - 186 (204509 Gflops/s) - 185 (203409 Gflops/s) - 186 (204509 Gflops/s) - 185 (203409 Gflops/s) | Temperatures: 74°C - 71°C - 72°C - 72°C - 72°C - 73°C - 70°C - 74°C | Throttling: None - None - None - None - None - None - None - None
186 (204509 Gflops/s) - 187 (205608 Gflops/s) - 186 (204509 Gflops/s) - 187 (205608 Gflops/s) - 186 (204509 Gflops/s) - 184 (202310 Gflops/s) - 186 (204509 Gflops/s) - 186 (204509 Gflops/s) | Temperatures: 74°C - 71°C - 72°C - 72°C - 72°C - 73°C - 70°C - 74°C | Throttling: None - None - None - None - None - None - None - None
186 (204509 Gflops/s) - 187 (205608 Gflops/s) - 187 (205608 Gflops/s) - 188 (206708 Gflops/s) - 186 (204509 Gflops/s) - 185 (203409 Gflops/s) - 187 (205608 Gflops/s) - 185 (203409 Gflops/s) | Temperatures: 74°C - 71°C - 72°C - 72°C - 72°C - 73°C - 70°C - 74°C | Throttling: None - None - None - None - None - None - None - None
186 (204509 Gflops/s) - 187 (205608 Gflops/s) - 187 (205608 Gflops/s) - 187 (205608 Gflops/s) - 186 (204509 Gflops/s) - 184 (202310 Gflops/s) - 186 (204509 Gflops/s) - 186 (204509 Gflops/s) | Temperatures: 74°C - 71°C - 72°C - 72°C - 72°C - 73°C - 70°C - 74°C | Throttling: None - None - None - None - None - None - None - None
187 (205608 Gflops/s) - 187 (205608 Gflops/s) - 187 (205608 Gflops/s) - 187 (205608 Gflops/s) - 185 (203409 Gflops/s) - 184 (202310 Gflops/s) - 187 (205608 Gflops/s) - 185 (203409 Gflops/s) | Temperatures: 74°C - 71°C - 72°C - 72°C - 72°C - 73°C - 70°C - 74°C | Throttling: None - None - None - None - None - None - None - None
186 (204509 Gflops/s) - 187 (205608 Gflops/s) - 187 (205608 Gflops/s) - 188 (206708 Gflops/s) - 186 (204509 Gflops/s) - 185 (203409 Gflops/s) - 186 (204509 Gflops/s) - 186 (204509 Gflops/s) | Temperatures: 74°C - 71°C - 72°C - 72°C - 72°C - 73°C - 70°C - 74°C | Throttling: None - None - None - None - None - None - None - None
186 (204509 Gflops/s) - 187 (205608 Gflops/s) - 187 (205608 Gflops/s) - 187 (205608 Gflops/s) - 186 (204509 Gflops/s) - 184 (202310 Gflops/s) - 187 (205608 Gflops/s) - 186 (204509 Gflops/s) | Temperatures: 74°C - 71°C - 72°C - 72°C - 72°C - 73°C - 70°C - 74°C | Throttling: None - None - None - None - None - None - None - None
186 (204509 Gflops/s) - 187 (205608 Gflops/s) - 186 (204509 Gflops/s) - 188 (206708 Gflops/s) - 186 (204509 Gflops/s) - 185 (203409 Gflops/s) - 186 (204509 Gflops/s) - 185 (203409 Gflops/s) | Temperatures: 74°C - 71°C - 72°C - 72°C - 72°C - 73°C - 70°C - 74°C | Throttling: None - None - None - None - None - None - None - None
186 (204509 Gflops/s) - 187 (205608 Gflops/s) - 187 (205608 Gflops/s) - 188 (206708 Gflops/s) - 186 (204509 Gflops/s) - 185 (203409 Gflops/s) - 187 (205608 Gflops/s) - 186 (204509 Gflops/s) | Temperatures: 74°C - 71°C - 72°C - 72°C - 72°C - 72°C - 70°C - 74°C | Throttling: None - None - None - None - None - None - None - None
187 (205608 Gflops/s) - 187 (205608 Gflops/s) - 187 (205608 Gflops/s) - 187 (205608 Gflops/s) - 186 (204509 Gflops/s) - 184 (202310 Gflops/s) - 187 (205608 Gflops/s) - 185 (203409 Gflops/s) | Temperatures: 74°C - 71°C - 72°C - 72°C - 72°C - 72°C - 70°C - 74°C | Throttling: None - None - None - None - None - None - None - None
186 (204509 Gflops/s) - 187 (205608 Gflops/s) - 187 (205608 Gflops/s) - 188 (206708 Gflops/s) - 187 (205608 Gflops/s) - 185 (203409 Gflops/s) - 186 (204509 Gflops/s) - 186 (204509 Gflops/s) | Temperatures: 74°C - 71°C - 72°C - 72°C - 72°C - 72°C - 70°C - 74°C | Throttling: None - None - None - None - None - None - None - None
186 (204509 Gflops/s) - 186 (204509 Gflops/s) - 187 (205608 Gflops/s) - 187 (205608 Gflops/s) - 185 (203409 Gflops/s) - 184 (202310 Gflops/s) - 186 (204509 Gflops/s) - 185 (203409 Gflops/s) | Temperatures: 74°C - 71°C - 71°C - 72°C - 72°C - 72°C - 70°C - 74°C | Throttling: None - None - None - None - None - None - None - None
186 (204509 Gflops/s) - 187 (205608 Gflops/s) - 187 (205608 Gflops/s) - 188 (206708 Gflops/s) - 186 (204509 Gflops/s) - 184 (202310 Gflops/s) - 187 (205608 Gflops/s) - 186 (204509 Gflops/s) | Temperatures: 74°C - 71°C - 71°C - 72°C - 72°C - 72°C - 70°C - 74°C | Throttling: None - None - None - None - None - None - None - None
187 (205608 Gflops/s) - 187 (205608 Gflops/s) - 187 (205608 Gflops/s) - 187 (205608 Gflops/s) - 187 (205608 Gflops/s) - 185 (203409 Gflops/s) - 187 (205608 Gflops/s) - 185 (203409 Gflops/s) | Temperatures: 74°C - 71°C - 71°C - 72°C - 72°C - 72°C - 70°C - 73°C | Throttling: None - None - None - None - None - None - None - None
186 (204509 Gflops/s) - 187 (205608 Gflops/s) - 186 (204509 Gflops/s) - 188 (206708 Gflops/s) - 186 (204509 Gflops/s) - 184 (202310 Gflops/s) - 186 (204509 Gflops/s) - 186 (204509 Gflops/s) | Temperatures: 74°C - 71°C - 71°C - 72°C - 72°C - 72°C - 70°C - 73°C | Throttling: None - None - None - None - None - None - None - None
186 (204509 Gflops/s) - 187 (205608 Gflops/s) - 187 (205608 Gflops/s) - 187 (205608 Gflops/s) - 186 (204509 Gflops/s) - 185 (203409 Gflops/s) - 187 (205608 Gflops/s) - 186 (204509 Gflops/s) | Temperatures: 74°C - 70°C - 71°C - 72°C - 72°C - 72°C - 70°C - 73°C | Throttling: None - None - None - None - None - None - None - None
186 (204509 Gflops/s) - 187 (205608 Gflops/s) - 187 (205608 Gflops/s) - 188 (206708 Gflops/s) - 186 (204509 Gflops/s) - 184 (202310 Gflops/s) - 186 (204509 Gflops/s) - 185 (203409 Gflops/s) | Temperatures: 74°C - 71°C - 71°C - 72°C - 72°C - 72°C - 70°C - 73°C | Throttling: None - None - None - None - None - None - None - None
187 (205608 Gflops/s) - 187 (205608 Gflops/s) - 187 (205608 Gflops/s) - 187 (205608 Gflops/s) - 186 (204509 Gflops/s) - 185 (203409 Gflops/s) - 187 (205608 Gflops/s) - 186 (204509 Gflops/s) | Temperatures: 73°C - 70°C - 71°C - 72°C - 72°C - 72°C - 70°C - 73°C | Throttling: None - None - None - None - None - None - None - None
186 (204509 Gflops/s) - 187 (205608 Gflops/s) - 187 (205608 Gflops/s) - 188 (206708 Gflops/s) - 186 (204509 Gflops/s) - 184 (202310 Gflops/s) - 186 (204509 Gflops/s) - 186 (204509 Gflops/s) | Temperatures: 74°C - 70°C - 71°C - 72°C - 72°C - 72°C - 70°C - 73°C | Throttling: None - None - None - None - None - None - None - None
186 (204509 Gflops/s) - 187 (205608 Gflops/s) - 187 (205608 Gflops/s) - 188 (206708 Gflops/s) - 186 (204509 Gflops/s) - 185 (203409 Gflops/s) - 187 (205608 Gflops/s) - 185 (203409 Gflops/s) | Temperatures: 74°C - 70°C - 71°C - 72°C - 72°C - 72°C - 70°C - 73°C | Throttling: None - None - None - None - None - None - None - None
186 (204509 Gflops/s) - 187 (205608 Gflops/s) - 187 (205608 Gflops/s) - 187 (205608 Gflops/s) - 186 (204509 Gflops/s) - 184 (202310 Gflops/s) - 186 (204509 Gflops/s) - 186 (204509 Gflops/s) | Temperatures: 73°C - 70°C - 71°C - 72°C - 72°C - 72°C - 70°C - 73°C | Throttling: None - None - None - None - None - None - None - None
187 (205608 Gflops/s) - 187 (205608 Gflops/s) - 187 (205608 Gflops/s) - 188 (206708 Gflops/s) - 186 (204509 Gflops/s) - 185 (203409 Gflops/s) - 187 (205608 Gflops/s) - 186 (204509 Gflops/s) | Temperatures: 73°C - 70°C - 71°C - 72°C - 72°C - 72°C - 70°C - 73°C | Throttling: None - None - None - None - None - None - None - None
186 (204509 Gflops/s) - 187 (205608 Gflops/s) - 187 (205608 Gflops/s) - 188 (206708 Gflops/s) - 186 (204509 Gflops/s) - 184 (202310 Gflops/s) - 186 (204509 Gflops/s) - 186 (204509 Gflops/s) | Temperatures: 73°C - 70°C - 71°C - 72°C - 72°C - 72°C - 70°C - 73°C | Throttling: None - None - None - None - None - None - None - None
186 (204509 Gflops/s) - 187 (205608 Gflops/s) - 187 (205608 Gflops/s) - 187 (205608 Gflops/s) - 186 (204509 Gflops/s) - 185 (203409 Gflops/s) - 187 (205608 Gflops/s) - 185 (203409 Gflops/s) | Temperatures: 73°C - 70°C - 71°C - 72°C - 72°C - 72°C - 70°C - 73°C | Throttling: None - None - None - None - None - None - None - None
187 (205608 Gflops/s) - 187 (205608 Gflops/s) - 187 (205608 Gflops/s) - 188 (206708 Gflops/s) - 187 (205608 Gflops/s) - 184 (202310 Gflops/s) - 187 (205608 Gflops/s) - 186 (204509 Gflops/s) | Temperatures: 73°C - 70°C - 71°C - 72°C - 72°C - 72°C - 70°C - 73°C | Throttling: None - None - None - None - None - None - None - None
186 (204509 Gflops/s) - 187 (205608 Gflops/s) - 187 (205608 Gflops/s) - 187 (205608 Gflops/s) - 186 (204509 Gflops/s) - 184 (202310 Gflops/s) - 186 (204509 Gflops/s) - 185 (203409 Gflops/s) | Temperatures: 73°C - 70°C - 71°C - 72°C - 72°C - 72°C - 70°C - 73°C | Throttling: None - None - None - None - None - None - None - None
186 (204509 Gflops/s) - 187 (205608 Gflops/s) - 187 (205608 Gflops/s) - 188 (206708 Gflops/s) - 186 (204509 Gflops/s) - 185 (203409 Gflops/s) - 186 (204509 Gflops/s) - 186 (204509 Gflops/s) | Temperatures: 73°C - 70°C - 71°C - 72°C - 72°C - 72°C - 70°C - 73°C | Throttling: None - None - None - None - None - None - None - None
186 (204509 Gflops/s) - 187 (205608 Gflops/s) - 187 (205608 Gflops/s) - 187 (205608 Gflops/s) - 186 (204509 Gflops/s) - 184 (202310 Gflops/s) - 187 (205608 Gflops/s) - 186 (204509 Gflops/s) | Temperatures: 73°C - 70°C - 71°C - 72°C - 72°C - 72°C - 69°C - 73°C | Throttling: None - None - None - None - None - None - None - None
187 (205608 Gflops/s) - 187 (205608 Gflops/s) - 187 (205608 Gflops/s) - 188 (206708 Gflops/s) - 186 (204509 Gflops/s) - 185 (203409 Gflops/s) - 187 (205608 Gflops/s) - 186 (204509 Gflops/s) | Temperatures: 73°C - 70°C - 71°C - 71°C - 71°C - 72°C - 69°C - 73°C | Throttling: None - None - None - None - None - None - None - None
186 (204509 Gflops/s) - 187 (205608 Gflops/s) - 187 (205608 Gflops/s) - 188 (206708 Gflops/s) - 186 (204509 Gflops/s) - 184 (202310 Gflops/s) - 186 (204509 Gflops/s) - 185 (203409 Gflops/s) | Temperatures: 73°C - 70°C - 71°C - 71°C - 71°C - 72°C - 69°C - 73°C | Throttling: None - None - None - None - None - None - None - None
186 (204509 Gflops/s) - 187 (205608 Gflops/s) - 188 (206708 Gflops/s) - 187 (205608 Gflops/s) - 186 (204509 Gflops/s) - 185 (203409 Gflops/s) - 187 (205608 Gflops/s) - 186 (204509 Gflops/s) | Temperatures: 73°C - 70°C - 71°C - 71°C - 71°C - 72°C - 69°C - 73°C | Throttling: None - None - None - None - None - None - None - None
187 (205608 Gflops/s) - 187 (205608 Gflops/s) - 187 (205608 Gflops/s) - 188 (206708 Gflops/s) - 186 (204509 Gflops/s) - 184 (202310 Gflops/s) - 186 (204509 Gflops/s) - 186 (204509 Gflops/s) | Temperatures: 73°C - 70°C - 71°C - 71°C - 71°C - 72°C - 69°C - 73°C | Throttling: None - None - None - None - None - None - None - None
186 (204509 Gflops/s) - 187 (205608 Gflops/s) - 187 (205608 Gflops/s) - 188 (206708 Gflops/s) - 186 (204509 Gflops/s) - 185 (203409 Gflops/s) - 187 (205608 Gflops/s) - 185 (203409 Gflops/s) | Temperatures: 73°C - 70°C - 71°C - 71°C - 71°C - 72°C - 69°C - 73°C | Throttling: None - None - None - None - None - None - None - None
186 (204509 Gflops/s) - 187 (205608 Gflops/s) - 187 (205608 Gflops/s) - 188 (206708 Gflops/s) - 186 (204509 Gflops/s) - 185 (203409 Gflops/s) - 186 (204509 Gflops/s) - 186 (204509 Gflops/s) | Temperatures: 73°C - 70°C - 71°C - 71°C - 71°C - 72°C - 69°C - 73°C | Throttling: None - None - None - None - None - None - None - None
187 (205608 Gflops/s) - 187 (205608 Gflops/s) - 187 (205608 Gflops/s) - 187 (205608 Gflops/s) - 186 (204509 Gflops/s) - 184 (202310 Gflops/s) - 187 (205608 Gflops/s) - 186 (204509 Gflops/s) | Temperatures: 73°C - 70°C - 71°C - 71°C - 71°C - 72°C - 69°C - 73°C | Throttling: None - None - None - None - None - None - None - None
186 (204509 Gflops/s) - 188 (206708 Gflops/s) - 187 (205608 Gflops/s) - 188 (206708 Gflops/s) - 187 (205608 Gflops/s) - 185 (203409 Gflops/s) - 187 (205608 Gflops/s) - 186 (204509 Gflops/s) | Temperatures: 73°C - 70°C - 71°C - 71°C - 71°C - 72°C - 69°C - 73°C | Throttling: None - None - None - None - None - None - None - None
187 (205608 Gflops/s) - 187 (205608 Gflops/s) - 187 (205608 Gflops/s) - 188 (206708 Gflops/s) - 186 (204509 Gflops/s) - 184 (202310 Gflops/s) - 186 (204509 Gflops/s) - 186 (204509 Gflops/s) | Temperatures: 73°C - 70°C - 71°C - 71°C - 71°C - 72°C - 69°C - 73°C | Throttling: None - None - None - None - None - None - None - None
186 (204509 Gflops/s) - 186 (204509 Gflops/s) - 187 (205608 Gflops/s) - 187 (205608 Gflops/s) - 186 (204509 Gflops/s) - 185 (203409 Gflops/s) - 187 (205608 Gflops/s) - 185 (203409 Gflops/s) | Temperatures: 73°C - 70°C - 71°C - 71°C - 71°C - 72°C - 69°C - 73°C | Throttling: None - None - None - None - None - None - None - None
186 (204509 Gflops/s) - 188 (206708 Gflops/s) - 187 (205608 Gflops/s) - 188 (206708 Gflops/s) - 186 (204509 Gflops/s) - 184 (202310 Gflops/s) - 186 (204509 Gflops/s) - 186 (204509 Gflops/s) | Temperatures: 73°C - 70°C - 71°C - 71°C - 71°C - 72°C - 69°C - 73°C | Throttling: None - None - None - None - None - None - None - None
187 (205608 Gflops/s) - 187 (205608 Gflops/s) - 187 (205608 Gflops/s) - 188 (206708 Gflops/s) - 186 (204509 Gflops/s) - 185 (203409 Gflops/s) - 187 (205608 Gflops/s) - 186 (204509 Gflops/s) | Temperatures: 73°C - 70°C - 71°C - 71°C - 71°C - 72°C - 69°C - 73°C | Throttling: None - None - None - None - None - None - None - None
186 (204509 Gflops/s) - 187 (205608 Gflops/s) - 188 (206708 Gflops/s) - 188 (206708 Gflops/s) - 186 (204509 Gflops/s) - 184 (202310 Gflops/s) - 186 (204509 Gflops/s) - 186 (204509 Gflops/s) | Temperatures: 73°C - 70°C - 71°C - 71°C - 71°C - 72°C - 69°C - 73°C | Throttling: None - None - None - None - None - None - None - None
186 (204509 Gflops/s) - 187 (205608 Gflops/s) - 187 (205608 Gflops/s) - 187 (205608 Gflops/s) - 186 (204509 Gflops/s) - 185 (203409 Gflops/s) - 187 (205608 Gflops/s) - 185 (203409 Gflops/s) | Temperatures: 73°C - 70°C - 71°C - 71°C - 71°C - 72°C - 69°C - 73°C | Throttling: None - None - None - None - None - None - None - None
187 (205608 Gflops/s) - 187 (205608 Gflops/s) - 187 (205608 Gflops/s) - 188 (206708 Gflops/s) - 187 (205608 Gflops/s) - 184 (202310 Gflops/s) - 187 (205608 Gflops/s) - 186 (204509 Gflops/s) | Temperatures: 73°C - 70°C - 71°C - 71°C - 71°C - 72°C - 69°C - 73°C | Throttling: None - None - None - None - None - None - None - None
186 (204509 Gflops/s) - 187 (205608 Gflops/s) - 187 (205608 Gflops/s) - 188 (206708 Gflops/s) - 186 (204509 Gflops/s) - 185 (203409 Gflops/s) - 186 (204509 Gflops/s) - 186 (204509 Gflops/s) | Temperatures: 73°C - 70°C - 71°C - 71°C - 71°C - 72°C - 69°C - 73°C | Throttling: None - None - None - None - None - None - None - None
187 (205608 Gflops/s) - 187 (205608 Gflops/s) - 188 (206708 Gflops/s) - 188 (206708 Gflops/s) - 186 (204509 Gflops/s) - 185 (203409 Gflops/s) - 187 (205608 Gflops/s) - 186 (204509 Gflops/s) | Temperatures: 73°C - 70°C - 71°C - 71°C - 71°C - 72°C - 69°C - 73°C | Throttling: None - None - None - None - None - None - None - None
186 (204509 Gflops/s) - 187 (205608 Gflops/s) - 187 (205608 Gflops/s) - 188 (206708 Gflops/s) - 186 (204509 Gflops/s) - 184 (202310 Gflops/s) - 187 (205608 Gflops/s) - 186 (204509 Gflops/s) | Temperatures: 73°C - 70°C - 70°C - 71°C - 71°C - 72°C - 69°C - 73°C | Throttling: None - None - None - None - None - None - None - None
187 (205608 Gflops/s) - 188 (206708 Gflops/s) - 187 (205608 Gflops/s) - 187 (205608 Gflops/s) - 187 (205608 Gflops/s) - 185 (203409 Gflops/s) - 186 (204509 Gflops/s) - 186 (204509 Gflops/s) | Temperatures: 73°C - 70°C - 70°C - 71°C - 71°C - 72°C - 69°C - 73°C | Throttling: None - None - None - None - None - None - None - None
186 (204509 Gflops/s) - 187 (205608 Gflops/s) - 187 (205608 Gflops/s) - 188 (206708 Gflops/s) - 186 (204509 Gflops/s) - 184 (202310 Gflops/s) - 187 (205608 Gflops/s) - 185 (203409 Gflops/s) | Temperatures: 73°C - 70°C - 70°C - 71°C - 71°C - 72°C - 69°C - 73°C | Throttling: None - None - None - None - None - None - None - None
186 (204509 Gflops/s) - 187 (205608 Gflops/s) - 188 (206708 Gflops/s) - 188 (206708 Gflops/s) - 186 (204509 Gflops/s) - 185 (203409 Gflops/s) - 187 (205608 Gflops/s) - 186 (204509 Gflops/s) | Temperatures: 73°C - 70°C - 70°C - 71°C - 71°C - 72°C - 69°C - 73°C | Throttling: None - None - None - None - None - None - None - None
187 (205608 Gflops/s) - 187 (205608 Gflops/s) - 187 (205608 Gflops/s) - 188 (206708 Gflops/s) - 186 (204509 Gflops/s) - 184 (202310 Gflops/s) - 186 (204509 Gflops/s) - 186 (204509 Gflops/s) | Temperatures: 73°C - 70°C - 70°C - 71°C - 71°C - 72°C - 69°C - 72°C | Throttling: None - None - None - None - None - None - None - None
186 (204509 Gflops/s) - 187 (205608 Gflops/s) - 187 (205608 Gflops/s) - 187 (205608 Gflops/s) - 186 (204509 Gflops/s) - 185 (203409 Gflops/s) - 187 (205608 Gflops/s) - 186 (204509 Gflops/s) | Temperatures: 73°C - 70°C - 70°C - 71°C - 71°C - 72°C - 69°C - 72°C | Throttling: None - None - None - None - None - None - None - None
187 (205608 Gflops/s) - 187 (205608 Gflops/s) - 187 (205608 Gflops/s) - 188 (206708 Gflops/s) - 187 (205608 Gflops/s) - 185 (203409 Gflops/s) - 187 (205608 Gflops/s) - 186 (204509 Gflops/s) | Temperatures: 73°C - 70°C - 70°C - 71°C - 71°C - 72°C - 69°C - 72°C | Throttling: None - None - None - None - None - None - None - None
186 (204509 Gflops/s) - 187 (205608 Gflops/s) - 188 (206708 Gflops/s) - 188 (206708 Gflops/s) - 186 (204509 Gflops/s) - 184 (202310 Gflops/s) - 186 (204509 Gflops/s) - 186 (204509 Gflops/s) | Temperatures: 73°C - 70°C - 70°C - 71°C - 71°C - 72°C - 69°C - 72°C | Throttling: None - None - None - None - None - None - None - None
187 (205608 Gflops/s) - 188 (206708 Gflops/s) - 187 (205608 Gflops/s) - 188 (206708 Gflops/s) - 186 (204509 Gflops/s) - 185 (203409 Gflops/s) - 187 (205608 Gflops/s) - 185 (203409 Gflops/s) | Temperatures: 73°C - 70°C - 70°C - 71°C - 71°C - 72°C - 69°C - 73°C | Throttling: None - None - None - None - None - None - None - None
186 (204509 Gflops/s) - 187 (205608 Gflops/s) - 187 (205608 Gflops/s) - 188 (206708 Gflops/s) - 187 (205608 Gflops/s) - 185 (203409 Gflops/s) - 187 (205608 Gflops/s) - 186 (204509 Gflops/s) | Temperatures: 73°C - 70°C - 70°C - 71°C - 71°C - 72°C - 69°C - 72°C | Throttling: None - None - None - None - None - None - None - None
187 (205608 Gflops/s) - 187 (205608 Gflops/s) - 188 (206708 Gflops/s) - 188 (206708 Gflops/s) - 186 (204509 Gflops/s) - 184 (202310 Gflops/s) - 187 (205608 Gflops/s) - 186 (204509 Gflops/s) | Temperatures: 73°C - 70°C - 70°C - 71°C - 71°C - 72°C - 69°C - 72°C | Throttling: None - None - None - None - None - None - None - None
186 (204509 Gflops/s) - 187 (205608 Gflops/s) - 187 (205608 Gflops/s) - 188 (206708 Gflops/s) - 186 (204509 Gflops/s) - 185 (203409 Gflops/s) - 186 (204509 Gflops/s) - 186 (204509 Gflops/s) | Temperatures: 73°C - 70°C - 70°C - 71°C - 71°C - 72°C - 69°C - 72°C | Throttling: None - None - None - None - None - None - None - None
187 (205608 Gflops/s) - 187 (205608 Gflops/s) - 187 (205608 Gflops/s) - 187 (205608 Gflops/s) - 186 (204509 Gflops/s) - 185 (203409 Gflops/s) - 187 (205608 Gflops/s) - 186 (204509 Gflops/s) | Temperatures: 73°C - 70°C - 70°C - 71°C - 71°C - 72°C - 69°C - 72°C | Throttling: None - None - None - None - None - None - None - None
186 (204509 Gflops/s) - 188 (206708 Gflops/s) - 188 (206708 Gflops/s) - 188 (206708 Gflops/s) - 187 (205608 Gflops/s) - 184 (202310 Gflops/s) - 187 (205608 Gflops/s) - 186 (204509 Gflops/s) | Temperatures: 73°C - 70°C - 70°C - 71°C - 71°C - 72°C - 69°C - 72°C | Throttling: None - None - None - None - None - None - None - None
186 (204509 Gflops/s) - 187 (205608 Gflops/s) - 187 (205608 Gflops/s) - 188 (206708 Gflops/s) - 186 (204509 Gflops/s) - 185 (203409 Gflops/s) - 186 (204509 Gflops/s) - 185 (203409 Gflops/s) | Temperatures: 73°C - 70°C - 70°C - 71°C - 71°C - 72°C - 69°C - 72°C | Throttling: None - None - None - None - None - None - None - None
187 (205608 Gflops/s) - 187 (205608 Gflops/s) - 187 (205608 Gflops/s) - 188 (206708 Gflops/s) - 186 (204509 Gflops/s) - 184 (202310 Gflops/s) - 187 (205608 Gflops/s) - 186 (204509 Gflops/s) | Temperatures: 73°C - 70°C - 70°C - 71°C - 71°C - 72°C - 69°C - 72°C | Throttling: None - None - None - None - None - None - None - None
186 (204509 Gflops/s) - 187 (205608 Gflops/s) - 187 (205608 Gflops/s) - 188 (206708 Gflops/s) - 187 (205608 Gflops/s) - 185 (203409 Gflops/s) - 187 (205608 Gflops/s) - 186 (204509 Gflops/s) | Temperatures: 73°C - 70°C - 70°C - 71°C - 71°C - 72°C - 69°C - 73°C | Throttling: None - None - None - None - None - None - None - None
187 (205608 Gflops/s) - 187 (205608 Gflops/s) - 188 (206708 Gflops/s) - 188 (206708 Gflops/s) - 186 (204509 Gflops/s) - 184 (202310 Gflops/s) - 186 (204509 Gflops/s) - 186 (204509 Gflops/s) | Temperatures: 73°C - 70°C - 70°C - 71°C - 71°C - 72°C - 69°C - 72°C | Throttling: None - None - None - None - None - None - None - None
186 (204509 Gflops/s) - 187 (205608 Gflops/s) - 187 (205608 Gflops/s) - 187 (205608 Gflops/s) - 186 (204509 Gflops/s) - 185 (203409 Gflops/s) - 187 (205608 Gflops/s) - 186 (204509 Gflops/s) | Temperatures: 73°C - 70°C - 70°C - 71°C - 71°C - 72°C - 69°C - 72°C | Throttling: None - None - None - None - None - None - None - None
187 (205608 Gflops/s) - 188 (206708 Gflops/s) - 187 (205608 Gflops/s) - 188 (206708 Gflops/s) - 186 (204509 Gflops/s) - 185 (203409 Gflops/s) - 187 (205608 Gflops/s) - 186 (204509 Gflops/s) | Temperatures: 73°C - 70°C - 70°C - 71°C - 71°C - 72°C - 69°C - 72°C | Throttling: None - None - None - None - None - None - None - None
186 (204509 Gflops/s) - 187 (205608 Gflops/s) - 187 (205608 Gflops/s) - 188 (206708 Gflops/s) - 187 (205608 Gflops/s) - 184 (202310 Gflops/s) - 186 (204509 Gflops/s) - 186 (204509 Gflops/s) | Temperatures: 73°C - 70°C - 70°C - 71°C - 71°C - 72°C - 69°C - 72°C | Throttling: None - None - None - None - None - None - None - None
187 (205608 Gflops/s) - 187 (205608 Gflops/s) - 188 (206708 Gflops/s) - 188 (206708 Gflops/s) - 186 (204509 Gflops/s) - 185 (203409 Gflops/s) - 187 (205608 Gflops/s) - 186 (204509 Gflops/s) | Temperatures: 73°C - 70°C - 70°C - 71°C - 71°C - 72°C - 69°C - 73°C | Throttling: None - None - None - None - None - None - None - None
186 (204509 Gflops/s) - 187 (205608 Gflops/s) - 187 (205608 Gflops/s) - 188 (206708 Gflops/s) - 186 (204509 Gflops/s) - 185 (203409 Gflops/s) - 187 (205608 Gflops/s) - 185 (203409 Gflops/s) | Temperatures: 73°C - 70°C - 70°C - 71°C - 71°C - 72°C - 69°C - 73°C | Throttling: None - None - None - None - None - None - None - None
187 (205608 Gflops/s) - 187 (205608 Gflops/s) - 187 (205608 Gflops/s) - 188 (206708 Gflops/s) - 187 (205608 Gflops/s) - 184 (202310 Gflops/s) - 187 (205608 Gflops/s) - 186 (204509 Gflops/s) | Temperatures: 73°C - 70°C - 70°C - 71°C - 71°C - 72°C - 69°C - 73°C | Throttling: None - None - None - None - None - None - None - None
186 (204509 Gflops/s) - 188 (206708 Gflops/s) - 188 (206708 Gflops/s) - 187 (205608 Gflops/s) - 186 (204509 Gflops/s) - 185 (203409 Gflops/s) - 186 (204509 Gflops/s) - 186 (204509 Gflops/s) | Temperatures: 73°C - 70°C - 70°C - 71°C - 71°C - 72°C - 69°C - 73°C | Throttling: None - None - None - None - None - None - None - None
186 (204509 Gflops/s) - 187 (205608 Gflops/s) - 187 (205608 Gflops/s) - 188 (206708 Gflops/s) - 186 (204509 Gflops/s) - 184 (202310 Gflops/s) - 187 (205608 Gflops/s) - 186 (204509 Gflops/s) | Temperatures: 73°C - 70°C - 71°C - 71°C - 71°C - 72°C - 69°C - 73°C | Throttling: None - None - None - None - None - None - None - None
187 (205608 Gflops/s) - 187 (205608 Gflops/s) - 187 (205608 Gflops/s) - 188 (206708 Gflops/s) - 186 (204509 Gflops/s) - 185 (203409 Gflops/s) - 187 (205608 Gflops/s) - 186 (204509 Gflops/s) | Temperatures: 73°C - 70°C - 71°C - 71°C - 71°C - 72°C - 69°C - 73°C | Throttling: None - None - None - None - None - None - None - None
186 (204509 Gflops/s) - 187 (205608 Gflops/s) - 187 (205608 Gflops/s) - 188 (206708 Gflops/s) - 186 (204509 Gflops/s) - 184 (202310 Gflops/s) - 186 (204509 Gflops/s) - 186 (204509 Gflops/s) | Temperatures: 73°C - 70°C - 71°C - 71°C - 71°C - 72°C - 69°C - 73°C | Throttling: None - None - None - None - None - None - None - None
187 (205608 Gflops/s) - 187 (205608 Gflops/s) - 188 (206708 Gflops/s) - 188 (206708 Gflops/s) - 187 (205608 Gflops/s) - 185 (203409 Gflops/s) - 187 (205608 Gflops/s) - 185 (203409 Gflops/s) | Temperatures: 73°C - 70°C - 71°C - 71°C - 71°C - 72°C - 69°C - 73°C | Throttling: None - None - None - None - None - None - None - None
186 (204509 Gflops/s) - 187 (205608 Gflops/s) - 187 (205608 Gflops/s) - 187 (205608 Gflops/s) - 186 (204509 Gflops/s) - 185 (203409 Gflops/s) - 187 (205608 Gflops/s) - 186 (204509 Gflops/s) | Temperatures: 73°C - 70°C - 71°C - 71°C - 71°C - 72°C - 69°C - 73°C | Throttling: None - None - None - None - None - None - None - None
186 (204509 Gflops/s) - 187 (205608 Gflops/s) - 187 (205608 Gflops/s) - 188 (206708 Gflops/s) - 186 (204509 Gflops/s) - 184 (202310 Gflops/s) - 186 (204509 Gflops/s) - 186 (204509 Gflops/s) | Temperatures: 73°C - 70°C - 71°C - 71°C - 71°C - 72°C - 69°C - 73°C | Throttling: None - None - None - None - None - None - None - None
187 (205608 Gflops/s) - 188 (206708 Gflops/s) - 187 (205608 Gflops/s) - 188 (206708 Gflops/s) - 186 (204509 Gflops/s) - 185 (203409 Gflops/s) - 187 (205608 Gflops/s) - 186 (204509 Gflops/s) | Temperatures: 73°C - 70°C - 71°C - 71°C - 71°C - 72°C - 69°C - 73°C | Throttling: None - None - None - None - None - None - None - None
186 (204509 Gflops/s) - 187 (205608 Gflops/s) - 188 (206708 Gflops/s) - 188 (206708 Gflops/s) - 187 (205608 Gflops/s) - 184 (202310 Gflops/s) - 187 (205608 Gflops/s) - 186 (204509 Gflops/s) | Temperatures: 73°C - 70°C - 71°C - 71°C - 71°C - 72°C - 69°C - 73°C | Throttling: None - None - None - None - None - None - None - None
187 (205608 Gflops/s) - 187 (205608 Gflops/s) - 187 (205608 Gflops/s) - 188 (206708 Gflops/s) - 186 (204509 Gflops/s) - 185 (203409 Gflops/s) - 186 (204509 Gflops/s) - 186 (204509 Gflops/s) | Temperatures: 73°C - 70°C - 71°C - 71°C - 71°C - 72°C - 69°C - 73°C | Throttling: None - None - None - None - None - None - None - None
186 (204509 Gflops/s) - 187 (205608 Gflops/s) - 187 (205608 Gflops/s) - 187 (205608 Gflops/s) - 186 (204509 Gflops/s) - 184 (202310 Gflops/s) - 187 (205608 Gflops/s) - 185 (203409 Gflops/s) | Temperatures: 73°C - 70°C - 71°C - 71°C - 71°C - 72°C - 69°C - 73°C | Throttling: None - None - None - None - None - None - None - None
186 (204509 Gflops/s) - 187 (205608 Gflops/s) - 188 (206708 Gflops/s) - 188 (206708 Gflops/s) - 186 (204509 Gflops/s) - 185 (203409 Gflops/s) - 187 (205608 Gflops/s) - 186 (204509 Gflops/s) | Temperatures: 73°C - 70°C - 71°C - 71°C - 71°C - 72°C - 69°C - 73°C | Throttling: None - None - None - None - None - None - None - None
187 (205608 Gflops/s) - 187 (205608 Gflops/s) - 187 (205608 Gflops/s) - 188 (206708 Gflops/s) - 187 (205608 Gflops/s) - 184 (202310 Gflops/s) - 186 (204509 Gflops/s) - 186 (204509 Gflops/s) | Temperatures: 73°C - 70°C - 71°C - 71°C - 71°C - 72°C - 69°C - 73°C | Throttling: None - None - None - None - None - None - None - None
186 (204509 Gflops/s) - 187 (205608 Gflops/s) - 187 (205608 Gflops/s) - 188 (206708 Gflops/s) - 186 (204509 Gflops/s) - 185 (203409 Gflops/s) - 187 (205608 Gflops/s) - 186 (204509 Gflops/s) | Temperatures: 73°C - 70°C - 71°C - 71°C - 71°C - 72°C - 69°C - 73°C | Throttling: None - None - None - None - None - None - None - None
187 (205608 Gflops/s) - 188 (206708 Gflops/s) - 187 (205608 Gflops/s) - 188 (206708 Gflops/s) - 186 (204509 Gflops/s) - 185 (203409 Gflops/s) - 187 (205608 Gflops/s) - 186 (204509 Gflops/s) | Temperatures: 73°C - 70°C - 71°C - 71°C - 71°C - 72°C - 69°C - 73°C | Throttling: None - None - None - None - None - None - None - None
186 (204509 Gflops/s) - 187 (205608 Gflops/s) - 188 (206708 Gflops/s) - 187 (205608 Gflops/s) - 186 (204509 Gflops/s) - 184 (202310 Gflops/s) - 186 (204509 Gflops/s) - 186 (204509 Gflops/s) | Temperatures: 73°C - 70°C - 71°C - 71°C - 71°C - 72°C - 69°C - 73°C | Throttling: None - None - None - None - None - None - None - None
186 (204509 Gflops/s) - 187 (205608 Gflops/s) - 187 (205608 Gflops/s) - 188 (206708 Gflops/s) - 186 (204509 Gflops/s) - 185 (203409 Gflops/s) - 187 (205608 Gflops/s) - 185 (203409 Gflops/s) | Temperatures: 73°C - 70°C - 71°C - 71°C - 71°C - 72°C - 69°C - 73°C | Throttling: None - None - None - None - None - None - None - None
187 (205608 Gflops/s) - 187 (205608 Gflops/s) - 187 (205608 Gflops/s) - 188 (206708 Gflops/s) - 187 (205608 Gflops/s) - 184 (202310 Gflops/s) - 187 (205608 Gflops/s) - 186 (204509 Gflops/s) | Temperatures: 73°C - 70°C - 71°C - 71°C - 71°C - 72°C - 69°C - 73°C | Throttling: None - None - None - None - None - None - None - None
186 (204509 Gflops/s) - 187 (205608 Gflops/s) - 187 (205608 Gflops/s) - 188 (206708 Gflops/s) - 186 (204509 Gflops/s) - 185 (203409 Gflops/s) - 186 (204509 Gflops/s) - 186 (204509 Gflops/s) | Temperatures: 73°C - 70°C - 71°C - 71°C - 71°C - 72°C - 69°C - 73°C | Throttling: None - None - None - None - None - None - None - None
186 (204509 Gflops/s) - 187 (205608 Gflops/s) - 187 (205608 Gflops/s) - 187 (205608 Gflops/s) - 186 (204509 Gflops/s) - 184 (202310 Gflops/s) - 187 (205608 Gflops/s) - 186 (204509 Gflops/s) | Temperatures: 73°C - 70°C - 71°C - 71°C - 71°C - 72°C - 69°C - 73°C | Throttling: None - None - None - None - None - None - None - None
187 (205608 Gflops/s) - 187 (205608 Gflops/s) - 187 (205608 Gflops/s) - 188 (206708 Gflops/s) - 186 (204509 Gflops/s) - 185 (203409 Gflops/s) - 187 (205608 Gflops/s) - 186 (204509 Gflops/s) | Temperatures: 73°C - 70°C - 71°C - 71°C - 71°C - 72°C - 69°C - 73°C | Throttling: None - None - None - None - None - None - None - None
186 (204509 Gflops/s) - 187 (205608 Gflops/s) - 188 (206708 Gflops/s) - 188 (206708 Gflops/s) - 187 (205608 Gflops/s) - 184 (202310 Gflops/s) - 186 (204509 Gflops/s) - 185 (203409 Gflops/s) | Temperatures: 73°C - 70°C - 71°C - 71°C - 71°C - 72°C - 69°C - 73°C | Throttling: None - None - None - None - None - None - None - None
187 (205608 Gflops/s) - 187 (205608 Gflops/s) - 187 (205608 Gflops/s) - 188 (206708 Gflops/s) - 186 (204509 Gflops/s) - 185 (203409 Gflops/s) - 187 (205608 Gflops/s) - 186 (204509 Gflops/s) | Temperatures: 73°C - 70°C - 71°C - 71°C - 71°C - 72°C - 69°C - 73°C | Throttling: None - None - None - None - None - None - None - None
186 (204509 Gflops/s) - 188 (206708 Gflops/s) - 187 (205608 Gflops/s) - 187 (205608 Gflops/s) - 186 (204509 Gflops/s) - 184 (202310 Gflops/s) - 187 (205608 Gflops/s) - 186 (204509 Gflops/s) | Temperatures: 73°C - 70°C - 71°C - 71°C - 71°C - 72°C - 69°C - 73°C | Throttling: None - None - None - None - None - None - None - None
186 (204509 Gflops/s) - 187 (205608 Gflops/s) - 187 (205608 Gflops/s) - 188 (206708 Gflops/s) - 186 (204509 Gflops/s) - 185 (203409 Gflops/s) - 186 (204509 Gflops/s) - 186 (204509 Gflops/s) | Temperatures: 73°C - 70°C - 71°C - 71°C - 71°C - 72°C - 69°C - 73°C | Throttling: None - None - None - None - None - None - None - None
187 (205608 Gflops/s) - 187 (205608 Gflops/s) - 187 (205608 Gflops/s) - 188 (206708 Gflops/s) - 187 (205608 Gflops/s) - 184 (202310 Gflops/s) - 187 (205608 Gflops/s) - 186 (204509 Gflops/s) | Temperatures: 73°C - 70°C - 71°C - 71°C - 71°C - 72°C - 69°C - 73°C | Throttling: None - None - None - None - None - None - None - None
186 (204509 Gflops/s) - 187 (205608 Gflops/s) - 188 (206708 Gflops/s) - 188 (206708 Gflops/s) - 186 (204509 Gflops/s) - 185 (203409 Gflops/s) - 186 (204509 Gflops/s) - 186 (204509 Gflops/s) | Temperatures: 73°C - 70°C - 71°C - 71°C - 71°C - 72°C - 69°C - 73°C | Throttling: None - None - None - None - None - None - None - None
186 (204509 Gflops/s) - 187 (205608 Gflops/s) - 187 (205608 Gflops/s) - 187 (205608 Gflops/s) - 186 (204509 Gflops/s) - 184 (202310 Gflops/s) - 187 (205608 Gflops/s) - 185 (203409 Gflops/s) | Temperatures: 73°C - 70°C - 71°C - 71°C - 71°C - 72°C - 69°C - 73°C | Throttling: None - None - None - None - None - None - None - None
187 (205608 Gflops/s) - 187 (205608 Gflops/s) - 187 (205608 Gflops/s) - 188 (206708 Gflops/s) - 186 (204509 Gflops/s) - 185 (203409 Gflops/s) - 187 (205608 Gflops/s) - 186 (204509 Gflops/s) | Temperatures: 73°C - 70°C - 71°C - 71°C - 71°C - 72°C - 69°C - 73°C | Throttling: None - None - None - None - None - None - None - None
186 (204509 Gflops/s) - 187 (205608 Gflops/s) - 187 (205608 Gflops/s) - 188 (206708 Gflops/s) - 186 (204509 Gflops/s) - 184 (202310 Gflops/s) - 186 (204509 Gflops/s) - 186 (204509 Gflops/s) | Temperatures: 73°C - 70°C - 71°C - 71°C - 71°C - 72°C - 69°C - 73°C | Throttling: None - None - None - None - None - None - None - None
186 (204509 Gflops/s) - 187 (205608 Gflops/s) - 187 (205608 Gflops/s) - 188 (206708 Gflops/s) - 187 (205608 Gflops/s) - 185 (203409 Gflops/s) - 187 (205608 Gflops/s) - 186 (204509 Gflops/s) | Temperatures: 73°C - 70°C - 71°C - 71°C - 71°C - 72°C - 69°C - 73°C | Throttling: None - None - None - None - None - None - None - None
187 (205608 Gflops/s) - 187 (205608 Gflops/s) - 187 (205608 Gflops/s) - 187 (205608 Gflops/s) - 186 (204509 Gflops/s) - 184 (202310 Gflops/s) - 186 (204509 Gflops/s) - 185 (203409 Gflops/s) | Temperatures: 73°C - 70°C - 71°C - 71°C - 71°C - 72°C - 69°C - 73°C | Throttling: None - None - None - None - None - None - None - None
186 (204509 Gflops/s) - 188 (206708 Gflops/s) - 188 (206708 Gflops/s) - 188 (206708 Gflops/s) - 186 (204509 Gflops/s) - 185 (203409 Gflops/s) - 187 (205608 Gflops/s) - 186 (204509 Gflops/s) | Temperatures: 73°C - 70°C - 71°C - 71°C - 71°C - 72°C - 69°C - 73°C | Throttling: None - None - None - None - None - None - None - None
186 (204509 Gflops/s) - 187 (205608 Gflops/s) - 187 (205608 Gflops/s) - 188 (206708 Gflops/s) - 186 (204509 Gflops/s) - 184 (202310 Gflops/s) - 187 (205608 Gflops/s) - 186 (204509 Gflops/s) | Temperatures: 73°C - 70°C - 71°C - 71°C - 71°C - 72°C - 69°C - 73°C | Throttling: None - None - None - None - None - None - None - None
187 (205608 Gflops/s) - 187 (205608 Gflops/s) - 187 (205608 Gflops/s) - 188 (206708 Gflops/s) - 186 (204509 Gflops/s) - 185 (203409 Gflops/s) - 186 (204509 Gflops/s) - 186 (204509 Gflops/s) | Temperatures: 73°C - 70°C - 71°C - 71°C - 71°C - 72°C - 69°C - 73°C | Throttling: None - None - None - None - None - None - None - None
186 (204509 Gflops/s) - 187 (205608 Gflops/s) - 187 (205608 Gflops/s) - 187 (205608 Gflops/s) - 187 (205608 Gflops/s) - 184 (202310 Gflops/s) - 187 (205608 Gflops/s) - 186 (204509 Gflops/s) | Temperatures: 73°C - 70°C - 71°C - 71°C - 71°C - 72°C - 69°C - 73°C | Throttling: None - None - None - None - None - None - None - None
187 (205608 Gflops/s) - 187 (205608 Gflops/s) - 187 (205608 Gflops/s) - 188 (206708 Gflops/s) - 186 (204509 Gflops/s) - 185 (203409 Gflops/s) - 187 (205608 Gflops/s) - 185 (203409 Gflops/s) | Temperatures: 73°C - 70°C - 71°C - 71°C - 71°C - 72°C - 69°C - 73°C | Throttling: None - None - None - None - None - None - None - None
186 (204509 Gflops/s) - 187 (205608 Gflops/s) - 187 (205608 Gflops/s) - 188 (206708 Gflops/s) - 186 (204509 Gflops/s) - 184 (202310 Gflops/s) - 186 (204509 Gflops/s) - 186 (204509 Gflops/s) | Temperatures: 73°C - 70°C - 71°C - 71°C - 71°C - 72°C - 69°C - 73°C | Throttling: None - None - None - None - None - None - None - None
186 (204509 Gflops/s) - 187 (205608 Gflops/s) - 188 (206708 Gflops/s) - 188 (206708 Gflops/s) - 186 (204509 Gflops/s) - 185 (203409 Gflops/s) - 187 (205608 Gflops/s) - 186 (204509 Gflops/s) | Temperatures: 73°C - 70°C - 71°C - 71°C - 71°C - 72°C - 69°C - 73°C | Throttling: None - None - None - None - None - None - None - None
186 (204509 Gflops/s) - 187 (205608 Gflops/s) - 186 (204509 Gflops/s) - 187 (205608 Gflops/s) - 186 (204509 Gflops/s) - 184 (202310 Gflops/s) - 186 (204509 Gflops/s) - 186 (204509 Gflops/s) | Temperatures: 73°C - 70°C - 71°C - 71°C - 71°C - 72°C - 69°C - 73°C | Throttling: None - None - None - None - None - None - None - None
187 (205608 Gflops/s) - 187 (205608 Gflops/s) - 188 (206708 Gflops/s) - 188 (206708 Gflops/s) - 186 (204509 Gflops/s) - 185 (203409 Gflops/s) - 187 (205608 Gflops/s) - 186 (204509 Gflops/s) | Temperatures: 73°C - 70°C - 71°C - 71°C - 71°C - 72°C - 69°C - 73°C | Throttling: None - None - None - None - None - None - None - None
186 (204509 Gflops/s) - 188 (206708 Gflops/s) - 187 (205608 Gflops/s) - 188 (206708 Gflops/s) - 187 (205608 Gflops/s) - 184 (202310 Gflops/s) - 187 (205608 Gflops/s) - 185 (203409 Gflops/s) | Temperatures: 73°C - 70°C - 71°C - 71°C - 71°C - 72°C - 69°C - 73°C | Throttling: None - None - None - None - None - None - None - None
187 (205608 Gflops/s) - 187 (205608 Gflops/s) - 187 (205608 Gflops/s) - 187 (205608 Gflops/s) - 186 (204509 Gflops/s) - 185 (203409 Gflops/s) - 186 (204509 Gflops/s) - 186 (204509 Gflops/s) | Temperatures: 73°C - 70°C - 71°C - 71°C - 71°C - 72°C - 69°C - 73°C | Throttling: None - None - None - None - None - None - None - None
186 (204509 Gflops/s) - 187 (205608 Gflops/s) - 187 (205608 Gflops/s) - 188 (206708 Gflops/s) - 186 (204509 Gflops/s) - 184 (202310 Gflops/s) - 187 (205608 Gflops/s) - 186 (204509 Gflops/s) | Temperatures: 73°C - 70°C - 71°C - 71°C - 71°C - 72°C - 69°C - 73°C | Throttling: None - None - None - None - None - None - None - None
186 (204509 Gflops/s) - 187 (205608 Gflops/s) - 187 (205608 Gflops/s) - 188 (206708 Gflops/s) - 186 (204509 Gflops/s) - 185 (203409 Gflops/s) - 187 (205608 Gflops/s) - 186 (204509 Gflops/s) | Temperatures: 73°C - 70°C - 71°C - 71°C - 71°C - 72°C - 69°C - 73°C | Throttling: None - None - None - None - None - None - None - None
187 (205608 Gflops/s) - 187 (205608 Gflops/s) - 187 (205608 Gflops/s) - 188 (206708 Gflops/s) - 186 (204509 Gflops/s) - 184 (202310 Gflops/s) - 186 (204509 Gflops/s) - 186 (204509 Gflops/s) | Temperatures: 73°C - 70°C - 71°C - 71°C - 71°C - 72°C - 69°C - 73°C | Throttling: None - None - None - None - None - None - None - None
186 (204509 Gflops/s) - 187 (205608 Gflops/s) - 188 (206708 Gflops/s) - 187 (205608 Gflops/s) - 187 (205608 Gflops/s) - 185 (203409 Gflops/s) - 187 (205608 Gflops/s) - 186 (204509 Gflops/s) | Temperatures: 73°C - 70°C - 71°C - 71°C - 71°C - 72°C - 69°C - 73°C | Throttling: None - None - None - None - None - None - None - None
186 (204509 Gflops/s) - 187 (205608 Gflops/s) - 187 (205608 Gflops/s) - 188 (206708 Gflops/s) - 186 (204509 Gflops/s) - 184 (202310 Gflops/s) - 187 (205608 Gflops/s) - 185 (203409 Gflops/s) | Temperatures: 73°C - 70°C - 71°C - 71°C - 71°C - 72°C - 69°C - 73°C | Throttling: None - None - None - None - None - None - None - None
187 (205608 Gflops/s) - 187 (205608 Gflops/s) - 187 (205608 Gflops/s) - 188 (206708 Gflops/s) - 186 (204509 Gflops/s) - 185 (203409 Gflops/s) - 186 (204509 Gflops/s) - 186 (204509 Gflops/s) | Temperatures: 73°C - 70°C - 71°C - 71°C - 71°C - 72°C - 69°C - 73°C | Throttling: None - None - None - None - None - None - None - None
186 (204509 Gflops/s) - 187 (205608 Gflops/s) - 187 (205608 Gflops/s) - 187 (205608 Gflops/s) - 186 (204509 Gflops/s) - 184 (202310 Gflops/s) - 187 (205608 Gflops/s) - 186 (204509 Gflops/s) | Temperatures: 73°C - 70°C - 71°C - 71°C - 71°C - 72°C - 69°C - 73°C | Throttling: None - None - None - None - None - None - None - None
186 (204509 Gflops/s) - 188 (206708 Gflops/s) - 187 (205608 Gflops/s) - 188 (206708 Gflops/s) - 187 (205608 Gflops/s) - 185 (203409 Gflops/s) - 186 (204509 Gflops/s) - 186 (204509 Gflops/s) | Temperatures: 73°C - 70°C - 71°C - 71°C - 71°C - 72°C - 69°C - 73°C | Throttling: None - None - None - None - None - None - None - None
186 (204509 Gflops/s) - 187 (205608 Gflops/s) - 187 (205608 Gflops/s) - 188 (206708 Gflops/s) - 186 (204509 Gflops/s) - 184 (202310 Gflops/s) - 187 (205608 Gflops/s) - 186 (204509 Gflops/s) | Temperatures: 73°C - 70°C - 71°C - 71°C - 71°C - 72°C - 69°C - 73°C | Throttling: None - None - None - None - None - None - None - None
187 (205608 Gflops/s) - 187 (205608 Gflops/s) - 187 (205608 Gflops/s) - 187 (205608 Gflops/s) - 186 (204509 Gflops/s) - 184 (202310 Gflops/s) - 187 (205608 Gflops/s) - 185 (203409 Gflops/s) | Temperatures: 73°C - 70°C - 71°C - 71°C - 71°C - 72°C - 69°C - 73°C | Throttling: None - None - None - None - None - None - None - None
186 (204509 Gflops/s) - 187 (205608 Gflops/s) - 187 (205608 Gflops/s) - 188 (206708 Gflops/s) - 186 (204509 Gflops/s) - 185 (203409 Gflops/s) - 186 (204509 Gflops/s) - 186 (204509 Gflops/s) | Temperatures: 73°C - 70°C - 71°C - 71°C - 71°C - 72°C - 69°C - 73°C | Throttling: None - None - None - None - None - None - None - None
187 (205608 Gflops/s) - 187 (205608 Gflops/s) - 188 (206708 Gflops/s) - 188 (206708 Gflops/s) - 186 (204509 Gflops/s) - 184 (202310 Gflops/s) - 187 (205608 Gflops/s) - 186 (204509 Gflops/s) | Temperatures: 73°C - 70°C - 71°C - 71°C - 71°C - 72°C - 69°C - 73°C | Throttling: None - None - None - None - None - None - None - None
186 (204509 Gflops/s) - 187 (205608 Gflops/s) - 187 (205608 Gflops/s) - 188 (206708 Gflops/s) - 187 (205608 Gflops/s) - 185 (203409 Gflops/s) - 186 (204509 Gflops/s) - 186 (204509 Gflops/s) | Temperatures: 73°C - 70°C - 71°C - 71°C - 71°C - 72°C - 69°C - 73°C | Throttling: None - None - None - None - None - None - None - None
186 (204509 Gflops/s) - 187 (205608 Gflops/s) - 187 (205608 Gflops/s) - 187 (205608 Gflops/s) - 186 (204509 Gflops/s) - 184 (202310 Gflops/s) - 187 (205608 Gflops/s) - 186 (204509 Gflops/s) | Temperatures: 73°C - 70°C - 71°C - 71°C - 71°C - 72°C - 69°C - 73°C | Throttling: None - None - None - None - None - None - None - None
187 (205608 Gflops/s) - 187 (205608 Gflops/s) - 187 (205608 Gflops/s) - 188 (206708 Gflops/s) - 186 (204509 Gflops/s) - 185 (203409 Gflops/s) - 187 (205608 Gflops/s) - 186 (204509 Gflops/s) | Temperatures: 73°C - 70°C - 71°C - 71°C - 71°C - 72°C - 69°C - 73°C | Throttling: None - None - None - None - None - None - None - None
186 (204509 Gflops/s) - 187 (205608 Gflops/s) - 187 (205608 Gflops/s) - 188 (206708 Gflops/s) - 186 (204509 Gflops/s) - 184 (202310 Gflops/s) - 186 (204509 Gflops/s) - 185 (203409 Gflops/s) | Temperatures: 73°C - 70°C - 71°C - 71°C - 71°C - 72°C - 69°C - 73°C | Throttling: None - None - None - None - None - None - None - None
186 (204509 Gflops/s) - 188 (206708 Gflops/s) - 187 (205608 Gflops/s) - 188 (206708 Gflops/s) - 186 (204509 Gflops/s) - 185 (203409 Gflops/s) - 187 (205608 Gflops/s) - 186 (204509 Gflops/s) | Temperatures: 73°C - 70°C - 71°C - 71°C - 71°C - 72°C - 69°C - 73°C | Throttling: None - None - None - None - None - None - None - None
187 (205608 Gflops/s) - 187 (205608 Gflops/s) - 188 (206708 Gflops/s) - 187 (205608 Gflops/s) - 187 (205608 Gflops/s) - 184 (202310 Gflops/s) - 187 (205608 Gflops/s) - 186 (204509 Gflops/s) | Temperatures: 73°C - 70°C - 71°C - 71°C - 71°C - 72°C - 69°C - 73°C | Throttling: None - None - None - None - None - None - None - None
186 (204509 Gflops/s) - 187 (205608 Gflops/s) - 187 (205608 Gflops/s) - 188 (206708 Gflops/s) - 186 (204509 Gflops/s) - 185 (203409 Gflops/s) - 186 (204509 Gflops/s) - 186 (204509 Gflops/s) | Temperatures: 73°C - 70°C - 71°C - 71°C - 71°C - 72°C - 69°C - 73°C | Throttling: None - None - None - None - None - None - None - None
187 (205608 Gflops/s) - 187 (205608 Gflops/s) - 187 (205608 Gflops/s) - 188 (206708 Gflops/s) - 186 (204509 Gflops/s) - 184 (202310 Gflops/s) - 187 (205608 Gflops/s) - 186 (204509 Gflops/s) | Temperatures: 73°C - 70°C - 71°C - 71°C - 71°C - 72°C - 69°C - 73°C | Throttling: None - None - None - None - None - None - None - None
186 (204509 Gflops/s) - 187 (205608 Gflops/s) - 187 (205608 Gflops/s) - 188 (206708 Gflops/s) - 186 (204509 Gflops/s) - 184 (202310 Gflops/s) - 187 (205608 Gflops/s) - 186 (204509 Gflops/s) | Temperatures: 73°C - 70°C - 71°C - 71°C - 71°C - 72°C - 69°C - 73°C | Throttling: None - None - None - None - None - None - None - None
186 (204509 Gflops/s) - 187 (205608 Gflops/s) - 187 (205608 Gflops/s) - 187 (205608 Gflops/s) - 187 (205608 Gflops/s) - 185 (203409 Gflops/s) - 186 (204509 Gflops/s) - 185 (203409 Gflops/s) | Temperatures: 73°C - 70°C - 71°C - 71°C - 71°C - 72°C - 69°C - 73°C | Throttling: None - None - None - None - None - None - None - None
187 (205608 Gflops/s) - 187 (205608 Gflops/s) - 187 (205608 Gflops/s) - 188 (206708 Gflops/s) - 186 (204509 Gflops/s) - 184 (202310 Gflops/s) - 187 (205608 Gflops/s) - 186 (204509 Gflops/s) | Temperatures: 73°C - 70°C - 71°C - 71°C - 71°C - 72°C - 69°C - 73°C | Throttling: None - None - None - None - None - None - None - None
186 (204509 Gflops/s) - 187 (205608 Gflops/s) - 187 (205608 Gflops/s) - 188 (206708 Gflops/s) - 186 (204509 Gflops/s) - 184 (202310 Gflops/s) - 186 (204509 Gflops/s) - 186 (204509 Gflops/s) | Temperatures: 73°C - 70°C - 71°C - 71°C - 71°C - 72°C - 69°C - 73°C | Throttling: None - None - None - None - None - None - None - None
186 (204509 Gflops/s) - 187 (205608 Gflops/s) - 188 (206708 Gflops/s) - 187 (205608 Gflops/s) - 186 (204509 Gflops/s) - 185 (203409 Gflops/s) - 187 (205608 Gflops/s) - 186 (204509 Gflops/s) | Temperatures: 73°C - 70°C - 71°C - 71°C - 71°C - 72°C - 69°C - 73°C | Throttling: None - None - None - None - None - None - None - None
187 (205608 Gflops/s) - 188 (206708 Gflops/s) - 187 (205608 Gflops/s) - 188 (206708 Gflops/s) - 186 (204509 Gflops/s) - 184 (202310 Gflops/s) - 187 (205608 Gflops/s) - 186 (204509 Gflops/s) | Temperatures: 73°C - 70°C - 71°C - 71°C - 71°C - 72°C - 69°C - 73°C | Throttling: None - None - None - None - None - None - None - None
186 (204509 Gflops/s) - 187 (205608 Gflops/s) - 187 (205608 Gflops/s) - 188 (206708 Gflops/s) - 187 (205608 Gflops/s) - 185 (203409 Gflops/s) - 186 (204509 Gflops/s) - 185 (203409 Gflops/s) | Temperatures: 73°C - 70°C - 71°C - 71°C - 71°C - 72°C - 69°C - 73°C | Throttling: None - None - None - None - None - None - None - None
186 (204509 Gflops/s) - 187 (205608 Gflops/s) - 187 (205608 Gflops/s) - 188 (206708 Gflops/s) - 186 (204509 Gflops/s) - 184 (202310 Gflops/s) - 187 (205608 Gflops/s) - 186 (204509 Gflops/s) | Temperatures: 73°C - 70°C - 71°C - 71°C - 71°C - 72°C - 69°C - 73°C | Throttling: None - None - None - None - None - None - None - None
187 (205608 Gflops/s) - 187 (205608 Gflops/s) - 187 (205608 Gflops/s) - 187 (205608 Gflops/s) - 186 (204509 Gflops/s) - 185 (203409 Gflops/s) - 186 (204509 Gflops/s) - 186 (204509 Gflops/s) | Temperatures: 73°C - 70°C - 71°C - 71°C - 71°C - 72°C - 69°C - 73°C | Throttling: None - None - None - None - None - None - None - None
186 (204509 Gflops/s) - 187 (205608 Gflops/s) - 187 (205608 Gflops/s) - 188 (206708 Gflops/s) - 186 (204509 Gflops/s) - 184 (202310 Gflops/s) - 187 (205608 Gflops/s) - 186 (204509 Gflops/s) | Temperatures: 73°C - 70°C - 71°C - 71°C - 71°C - 72°C - 69°C - 73°C | Throttling: None - None - None - None - None - None - None - None
186 (204509 Gflops/s) - 187 (205608 Gflops/s) - 188 (206708 Gflops/s) - 188 (206708 Gflops/s) - 186 (204509 Gflops/s) - 185 (203409 Gflops/s) - 187 (205608 Gflops/s) - 186 (204509 Gflops/s) | Temperatures: 73°C - 70°C - 71°C - 71°C - 71°C - 72°C - 69°C - 73°C | Throttling: None - None - None - None - None - None - None - None
187 (205608 Gflops/s) - 187 (205608 Gflops/s) - 187 (205608 Gflops/s) - 188 (206708 Gflops/s) - 187 (205608 Gflops/s) - 184 (202310 Gflops/s) - 186 (204509 Gflops/s) - 186 (204509 Gflops/s) | Temperatures: 73°C - 70°C - 71°C - 71°C - 71°C - 72°C - 69°C - 73°C | Throttling: None - None - None - None - None - None - None - None
186 (204509 Gflops/s) - 187 (205608 Gflops/s) - 187 (205608 Gflops/s) - 187 (205608 Gflops/s) - 186 (204509 Gflops/s) - 184 (202310 Gflops/s) - 187 (205608 Gflops/s) - 185 (203409 Gflops/s) | Temperatures: 73°C - 70°C - 71°C - 71°C - 71°C - 72°C - 69°C - 73°C | Throttling: None - None - None - None - None - None - None - None
187 (205608 Gflops/s) - 187 (205608 Gflops/s) - 187 (205608 Gflops/s) - 188 (206708 Gflops/s) - 186 (204509 Gflops/s) - 185 (203409 Gflops/s) - 186 (204509 Gflops/s) - 186 (204509 Gflops/s) | Temperatures: 73°C - 70°C - 71°C - 71°C - 71°C - 72°C - 69°C - 73°C | Throttling: None - None - None - None - None - None - None - None
186 (204509 Gflops/s) - 188 (206708 Gflops/s) - 187 (205608 Gflops/s) - 188 (206708 Gflops/s) - 186 (204509 Gflops/s) - 184 (202310 Gflops/s) - 187 (205608 Gflops/s) - 186 (204509 Gflops/s) | Temperatures: 73°C - 70°C - 71°C - 71°C - 71°C - 72°C - 69°C - 73°C | Throttling: None - None - None - None - None - None - None - None
186 (204509 Gflops/s) - 187 (205608 Gflops/s) - 187 (205608 Gflops/s) - 188 (206708 Gflops/s) - 186 (204509 Gflops/s) - 184 (202310 Gflops/s) - 186 (204509 Gflops/s) - 186 (204509 Gflops/s) | Temperatures: 73°C - 70°C - 71°C - 71°C - 71°C - 72°C - 69°C - 73°C | Throttling: None - None - None - None - None - None - None - None
186 (204509 Gflops/s) - 187 (205608 Gflops/s) - 187 (205608 Gflops/s) - 187 (205608 Gflops/s) - 186 (204509 Gflops/s) - 185 (203409 Gflops/s) - 187 (205608 Gflops/s) - 186 (204509 Gflops/s) | Temperatures: 73°C - 70°C - 71°C - 71°C - 71°C - 72°C - 69°C - 73°C | Throttling: None - None - None - None - None - None - None - None
187 (205608 Gflops/s) - 187 (205608 Gflops/s) - 188 (206708 Gflops/s) - 188 (206708 Gflops/s) - 186 (204509 Gflops/s) - 184 (202310 Gflops/s) - 187 (205608 Gflops/s) - 185 (203409 Gflops/s) | Temperatures: 73°C - 70°C - 71°C - 71°C - 71°C - 72°C - 69°C - 73°C | Throttling: None - None - None - None - None - None - None - None
186 (204509 Gflops/s) - 187 (205608 Gflops/s) - 187 (205608 Gflops/s) - 188 (206708 Gflops/s) - 187 (205608 Gflops/s) - 185 (203409 Gflops/s) - 186 (204509 Gflops/s) - 186 (204509 Gflops/s) | Temperatures: 73°C - 70°C - 71°C - 71°C - 71°C - 72°C - 69°C - 73°C | Throttling: None - None - None - None - None - None - None - None
187 (205608 Gflops/s) - 187 (205608 Gflops/s) - 187 (205608 Gflops/s) - 188 (206708 Gflops/s) - 186 (204509 Gflops/s) - 184 (202310 Gflops/s) - 187 (205608 Gflops/s) - 186 (204509 Gflops/s) | Temperatures: 73°C - 70°C - 71°C - 71°C - 71°C - 72°C - 69°C - 73°C | Throttling: None - None - None - None - None - None - None - None
186 (204509 Gflops/s) - 187 (205608 Gflops/s) - 187 (205608 Gflops/s) - 187 (205608 Gflops/s) - 186 (204509 Gflops/s) - 185 (203409 Gflops/s) - 187 (205608 Gflops/s) - 186 (204509 Gflops/s) | Temperatures: 73°C - 70°C - 71°C - 71°C - 71°C - 72°C - 69°C - 73°C | Throttling: None - None - None - None - None - None - None - None
186 (204509 Gflops/s) - 187 (205608 Gflops/s) - 187 (205608 Gflops/s) - 188 (206708 Gflops/s) - 186 (204509 Gflops/s) - 184 (202310 Gflops/s) - 186 (204509 Gflops/s) - 186 (204509 Gflops/s) | Temperatures: 73°C - 70°C - 71°C - 71°C - 71°C - 72°C - 69°C - 73°C | Throttling: None - None - None - None - None - None - None - None
187 (205608 Gflops/s) - 187 (205608 Gflops/s) - 187 (205608 Gflops/s) - 188 (206708 Gflops/s) - 186 (204509 Gflops/s) - 184 (202310 Gflops/s) - 187 (205608 Gflops/s) - 185 (203409 Gflops/s) | Temperatures: 73°C - 70°C - 71°C - 71°C - 71°C - 72°C - 69°C - 73°C | Throttling: None - None - None - None - None - None - None - None
186 (204509 Gflops/s) - 187 (205608 Gflops/s) - 188 (206708 Gflops/s) - 188 (206708 Gflops/s) - 187 (205608 Gflops/s) - 185 (203409 Gflops/s) - 187 (205608 Gflops/s) - 186 (204509 Gflops/s) | Temperatures: 73°C - 70°C - 71°C - 71°C - 71°C - 72°C - 69°C - 73°C | Throttling: None - None - None - None - None - None - None - None
187 (205608 Gflops/s) - 188 (206708 Gflops/s) - 187 (205608 Gflops/s) - 187 (205608 Gflops/s) - 186 (204509 Gflops/s) - 184 (202310 Gflops/s) - 186 (204509 Gflops/s) - 186 (204509 Gflops/s) | Temperatures: 73°C - 70°C - 71°C - 71°C - 71°C - 72°C - 69°C - 73°C | Throttling: None - None - None - None - None - None - None - None
186 (204509 Gflops/s) - 187 (205608 Gflops/s) - 187 (205608 Gflops/s) - 188 (206708 Gflops/s) - 186 (204509 Gflops/s) - 185 (203409 Gflops/s) - 187 (205608 Gflops/s) - 186 (204509 Gflops/s) | Temperatures: 73°C - 70°C - 71°C - 71°C - 71°C - 72°C - 69°C - 73°C | Throttling: None - None - None - None - None - None - None - None
186 (204509 Gflops/s) - 187 (205608 Gflops/s) - 187 (205608 Gflops/s) - 188 (206708 Gflops/s) - 186 (204509 Gflops/s) - 184 (202310 Gflops/s) - 186 (204509 Gflops/s) - 186 (204509 Gflops/s) | Temperatures: 73°C - 70°C - 71°C - 71°C - 71°C - 72°C - 69°C - 73°C | Throttling: None - None - None - None - None - None - None - None
187 (205608 Gflops/s) - 187 (205608 Gflops/s) - 187 (205608 Gflops/s) - 187 (205608 Gflops/s) - 186 (204509 Gflops/s) - 184 (202310 Gflops/s) - 187 (205608 Gflops/s) - 185 (203409 Gflops/s) | Temperatures: 73°C - 70°C - 71°C - 71°C - 71°C - 72°C - 69°C - 73°C | Throttling: None - None - None - None - None - None - None - None
186 (204509 Gflops/s) - 187 (205608 Gflops/s) - 187 (205608 Gflops/s) - 188 (206708 Gflops/s) - 187 (205608 Gflops/s) - 185 (203409 Gflops/s) - 186 (204509 Gflops/s) - 186 (204509 Gflops/s) | Temperatures: 73°C - 70°C - 71°C - 71°C - 71°C - 72°C - 69°C - 73°C | Throttling: None - None - None - None - None - None - None - None
186 (204509 Gflops/s) - 187 (205608 Gflops/s) - 187 (205608 Gflops/s) - 188 (206708 Gflops/s) - 186 (204509 Gflops/s) - 184 (202310 Gflops/s) - 187 (205608 Gflops/s) - 186 (204509 Gflops/s) | Temperatures: 73°C - 70°C - 71°C - 71°C - 71°C - 72°C - 69°C - 73°C | Throttling: None - None - None - None - None - None - None - None
187 (205608 Gflops/s) - 118 (129742 Gflops/s) - 133 (146235 Gflops/s) - 188 (206708 Gflops/s) - 92 (101155 Gflops/s) - 184 (202310 Gflops/s) - 187 (205608 Gflops/s) - 186 (204509 Gflops/s) | Temperatures: 73°C - 70°C - 71°C - 71°C - 71°C - 73°C - 69°C - 73°C | Throttling: None - None - None - None - None - None - None - None
GPU #0: 205147 Gflops/s (min: 203409.65, max: 210006.72, dev: 1021.74)
         Temperature: 72.32°C (min: 54.00, max: 75.00)
         Throttling HW: false, Thermal SW: false, Thermal HW: false
GPU #1: 205635 Gflops/s (min: 129742.37, max: 210006.72, dev: 4533.78)
         Temperature: 69.66°C (min: 52.00, max: 72.00)
         Throttling HW: false, Thermal SW: false, Thermal HW: false
GPU #2: 205735 Gflops/s (min: 146235.05, max: 211106.23, dev: 3657.97)
         Temperature: 70.43°C (min: 53.00, max: 73.00)
         Throttling HW: false, Thermal SW: false, Thermal HW: false
GPU #3: 206660 Gflops/s (min: 205608.67, max: 211106.23, dev: 1022.84)
         Temperature: 70.62°C (min: 53.00, max: 73.00)
         Throttling HW: false, Thermal SW: false, Thermal HW: false
GPU #4: 204569 Gflops/s (min: 101155.07, max: 210006.72, dev: 6136.96)
         Temperature: 70.69°C (min: 53.00, max: 74.00)
         Throttling HW: false, Thermal SW: false, Thermal HW: false
GPU #5: 203238 Gflops/s (min: 202310.14, max: 208907.21, dev: 1261.20)
         Temperature: 71.28°C (min: 53.00, max: 74.00)
         Throttling HW: false, Thermal SW: false, Thermal HW: false
GPU #6: 205422 Gflops/s (min: 204509.16, max: 210006.72, dev: 1083.55)
         Temperature: 68.82°C (min: 52.00, max: 72.00)
         Throttling HW: false, Thermal SW: false, Thermal HW: false
GPU #7: 204412 Gflops/s (min: 203409.65, max: 208907.21, dev: 950.49)
         Temperature: 72.38°C (min: 54.00, max: 75.00)
         Throttling HW: false, Thermal SW: false, Thermal HW: false
All GPUs seem healthy
Freeing GPUs...
======== Run with bf16 ==========
Detected GPU #0: "NVIDIA RTX PRO 6000 Blackwell Server Edition" (9a299fee-db69-a9b6-3314-2db243f996e4)
Detected GPU #1: "NVIDIA RTX PRO 6000 Blackwell Server Edition" (eda8ff43-ea41-e0b7-55da-0eadd18dee19)
Detected GPU #2: "NVIDIA RTX PRO 6000 Blackwell Server Edition" (0b38375a-e49c-def0-e9b2-49f987e1c4a8)
Detected GPU #3: "NVIDIA RTX PRO 6000 Blackwell Server Edition" (051cfb69-b363-e6f5-f9a7-0a65445750bd)
Detected GPU #4: "NVIDIA RTX PRO 6000 Blackwell Server Edition" (62b0561e-d6e9-44d3-8bcd-f92b9abdfa8e)
Detected GPU #5: "NVIDIA RTX PRO 6000 Blackwell Server Edition" (71db4d99-e9e3-366d-7be4-cae9424b5d44)
Detected GPU #6: "NVIDIA RTX PRO 6000 Blackwell Server Edition" (fd6477a1-497e-7c68-f7ee-15bc757b9714)
Detected GPU #7: "NVIDIA RTX PRO 6000 Blackwell Server Edition" (c20a3529-6b01-9dfa-3925-556a8c0ed8df)
Using precision(s):  BF16 
GPU #0: Using 87018 MB
GPU #1: Using 87018 MB
GPU #2: Using 87018 MB
GPU #3: Using 87018 MB
GPU #4: Using 87018 MB
GPU #5: Using 87018 MB
GPU #6: Using 87018 MB
GPU #7: Using 87018 MB
Creating random matrices
Matrices created
1339 (1472246 Gflops/s) - 1289 (1417270 Gflops/s) - 1247 (1371090 Gflops/s) - 1226 (1348001 Gflops/s) - 1226 (1348001 Gflops/s) - 1230 (1352399 Gflops/s) - 1214 (1334807 Gflops/s) - 1215 (1335906 Gflops/s) | Temperatures: 69°C - 65°C - 66°C - 67°C - 66°C - 68°C - 65°C - 68°C | Throttling: None - None - None - None - None - None - None - None
383 (421112 Gflops/s) - 386 (424411 Gflops/s) - 386 (424411 Gflops/s) - 386 (424411 Gflops/s) - 384 (422212 Gflops/s) - 380 (417814 Gflops/s) - 385 (423311 Gflops/s) - 382 (420013 Gflops/s) | Temperatures: 70°C - 66°C - 66°C - 67°C - 67°C - 69°C - 66°C - 69°C | Throttling: None - None - None - None - None - None - None - None
384 (422212 Gflops/s) - 386 (424411 Gflops/s) - 386 (424411 Gflops/s) - 387 (425510 Gflops/s) - 384 (422212 Gflops/s) - 380 (417814 Gflops/s) - 385 (423311 Gflops/s) - 382 (420013 Gflops/s) | Temperatures: 70°C - 66°C - 67°C - 68°C - 67°C - 69°C - 67°C - 69°C | Throttling: None - None - None - None - None - None - None - None
383 (421112 Gflops/s) - 386 (424411 Gflops/s) - 386 (424411 Gflops/s) - 386 (424411 Gflops/s) - 384 (422212 Gflops/s) - 380 (417814 Gflops/s) - 384 (422212 Gflops/s) - 382 (420013 Gflops/s) | Temperatures: 70°C - 67°C - 67°C - 68°C - 68°C - 69°C - 67°C - 70°C | Throttling: None - None - None - None - None - None - None - None
383 (421112 Gflops/s) - 385 (423311 Gflops/s) - 386 (424411 Gflops/s) - 385 (423311 Gflops/s) - 383 (421112 Gflops/s) - 380 (417814 Gflops/s) - 385 (423311 Gflops/s) - 382 (420013 Gflops/s) | Temperatures: 71°C - 67°C - 68°C - 69°C - 68°C - 70°C - 67°C - 70°C | Throttling: None - None - None - None - None - None - None - None
383 (421112 Gflops/s) - 386 (424411 Gflops/s) - 386 (424411 Gflops/s) - 386 (424411 Gflops/s) - 383 (421112 Gflops/s) - 380 (417814 Gflops/s) - 384 (422212 Gflops/s) - 381 (418913 Gflops/s) | Temperatures: 71°C - 68°C - 68°C - 69°C - 68°C - 70°C - 68°C - 70°C | Throttling: None - None - None - None - None - None - None - None
383 (421112 Gflops/s) - 385 (423311 Gflops/s) - 385 (423311 Gflops/s) - 385 (423311 Gflops/s) - 383 (421112 Gflops/s) - 379 (416714 Gflops/s) - 384 (422212 Gflops/s) - 381 (418913 Gflops/s) | Temperatures: 71°C - 68°C - 68°C - 69°C - 69°C - 70°C - 68°C - 71°C | Throttling: None - None - None - None - None - None - None - None
383 (421112 Gflops/s) - 385 (423311 Gflops/s) - 385 (423311 Gflops/s) - 386 (424411 Gflops/s) - 383 (421112 Gflops/s) - 380 (417814 Gflops/s) - 384 (422212 Gflops/s) - 382 (420013 Gflops/s) | Temperatures: 71°C - 68°C - 69°C - 69°C - 69°C - 71°C - 68°C - 71°C | Throttling: None - None - None - None - None - None - None - None
382 (420013 Gflops/s) - 385 (423311 Gflops/s) - 385 (423311 Gflops/s) - 384 (422212 Gflops/s) - 383 (421112 Gflops/s) - 379 (416714 Gflops/s) - 384 (422212 Gflops/s) - 381 (418913 Gflops/s) | Temperatures: 71°C - 68°C - 69°C - 70°C - 69°C - 71°C - 68°C - 71°C | Throttling: None - None - None - None - None - None - None - None
383 (421112 Gflops/s) - 385 (423311 Gflops/s) - 385 (423311 Gflops/s) - 386 (424411 Gflops/s) - 383 (421112 Gflops/s) - 379 (416714 Gflops/s) - 384 (422212 Gflops/s) - 381 (418913 Gflops/s) | Temperatures: 72°C - 69°C - 69°C - 70°C - 69°C - 71°C - 68°C - 71°C | Throttling: None - None - None - None - None - None - None - None
382 (420013 Gflops/s) - 385 (423311 Gflops/s) - 385 (423311 Gflops/s) - 385 (423311 Gflops/s) - 382 (420013 Gflops/s) - 379 (416714 Gflops/s) - 384 (422212 Gflops/s) - 381 (418913 Gflops/s) | Temperatures: 72°C - 69°C - 69°C - 70°C - 70°C - 71°C - 69°C - 71°C | Throttling: None - None - None - None - None - None - None - None
383 (421112 Gflops/s) - 385 (423311 Gflops/s) - 385 (423311 Gflops/s) - 384 (422212 Gflops/s) - 383 (421112 Gflops/s) - 379 (416714 Gflops/s) - 384 (422212 Gflops/s) - 381 (418913 Gflops/s) | Temperatures: 72°C - 69°C - 69°C - 70°C - 70°C - 71°C - 69°C - 72°C | Throttling: None - None - None - None - None - None - None - None
382 (420013 Gflops/s) - 384 (422212 Gflops/s) - 385 (423311 Gflops/s) - 385 (423311 Gflops/s) - 383 (421112 Gflops/s) - 379 (416714 Gflops/s) - 383 (421112 Gflops/s) - 381 (418913 Gflops/s) | Temperatures: 72°C - 69°C - 70°C - 70°C - 70°C - 72°C - 69°C - 72°C | Throttling: None - None - None - None - None - None - None - None
382 (420013 Gflops/s) - 385 (423311 Gflops/s) - 385 (423311 Gflops/s) - 385 (423311 Gflops/s) - 382 (420013 Gflops/s) - 379 (416714 Gflops/s) - 384 (422212 Gflops/s) - 381 (418913 Gflops/s) | Temperatures: 72°C - 69°C - 70°C - 70°C - 70°C - 72°C - 69°C - 72°C | Throttling: None - None - None - None - None - None - None - None
383 (421112 Gflops/s) - 385 (423311 Gflops/s) - 385 (423311 Gflops/s) - 385 (423311 Gflops/s) - 382 (420013 Gflops/s) - 379 (416714 Gflops/s) - 384 (422212 Gflops/s) - 381 (418913 Gflops/s) | Temperatures: 72°C - 69°C - 70°C - 71°C - 70°C - 72°C - 69°C - 72°C | Throttling: None - None - None - None - None - None - None - None
382 (420013 Gflops/s) - 384 (422212 Gflops/s) - 385 (423311 Gflops/s) - 384 (422212 Gflops/s) - 383 (421112 Gflops/s) - 379 (416714 Gflops/s) - 383 (421112 Gflops/s) - 380 (417814 Gflops/s) | Temperatures: 72°C - 69°C - 70°C - 71°C - 70°C - 72°C - 69°C - 72°C | Throttling: None - None - None - None - None - None - None - None
382 (420013 Gflops/s) - 384 (422212 Gflops/s) - 384 (422212 Gflops/s) - 385 (423311 Gflops/s) - 382 (420013 Gflops/s) - 379 (416714 Gflops/s) - 384 (422212 Gflops/s) - 381 (418913 Gflops/s) | Temperatures: 73°C - 70°C - 70°C - 71°C - 70°C - 72°C - 69°C - 72°C | Throttling: None - None - None - None - None - None - None - None
382 (420013 Gflops/s) - 385 (423311 Gflops/s) - 385 (423311 Gflops/s) - 384 (422212 Gflops/s) - 382 (420013 Gflops/s) - 378 (415615 Gflops/s) - 383 (421112 Gflops/s) - 381 (418913 Gflops/s) | Temperatures: 73°C - 70°C - 70°C - 71°C - 71°C - 72°C - 69°C - 72°C | Throttling: None - None - None - None - None - None - None - None
382 (420013 Gflops/s) - 384 (422212 Gflops/s) - 384 (422212 Gflops/s) - 385 (423311 Gflops/s) - 382 (420013 Gflops/s) - 379 (416714 Gflops/s) - 384 (422212 Gflops/s) - 380 (417814 Gflops/s) | Temperatures: 73°C - 70°C - 70°C - 71°C - 71°C - 72°C - 69°C - 72°C | Throttling: None - None - None - None - None - None - None - None
382 (420013 Gflops/s) - 385 (423311 Gflops/s) - 385 (423311 Gflops/s) - 384 (422212 Gflops/s) - 382 (420013 Gflops/s) - 379 (416714 Gflops/s) - 383 (421112 Gflops/s) - 381 (418913 Gflops/s) | Temperatures: 73°C - 70°C - 70°C - 71°C - 71°C - 72°C - 70°C - 72°C | Throttling: None - None - None - None - None - None - None - None
381 (418913 Gflops/s) - 384 (422212 Gflops/s) - 384 (422212 Gflops/s) - 384 (422212 Gflops/s) - 382 (420013 Gflops/s) - 378 (415615 Gflops/s) - 383 (421112 Gflops/s) - 380 (417814 Gflops/s) | Temperatures: 73°C - 70°C - 70°C - 71°C - 71°C - 72°C - 70°C - 72°C | Throttling: None - None - None - None - None - None - None - None
382 (420013 Gflops/s) - 384 (422212 Gflops/s) - 385 (423311 Gflops/s) - 385 (423311 Gflops/s) - 382 (420013 Gflops/s) - 379 (416714 Gflops/s) - 384 (422212 Gflops/s) - 381 (418913 Gflops/s) | Temperatures: 73°C - 70°C - 71°C - 71°C - 71°C - 72°C - 70°C - 72°C | Throttling: None - None - None - None - None - None - None - None
382 (420013 Gflops/s) - 384 (422212 Gflops/s) - 384 (422212 Gflops/s) - 384 (422212 Gflops/s) - 382 (420013 Gflops/s) - 378 (415615 Gflops/s) - 382 (420013 Gflops/s) - 380 (417814 Gflops/s) | Temperatures: 73°C - 70°C - 71°C - 71°C - 71°C - 72°C - 70°C - 73°C | Throttling: None - None - None - None - None - None - None - None
382 (420013 Gflops/s) - 384 (422212 Gflops/s) - 384 (422212 Gflops/s) - 384 (422212 Gflops/s) - 382 (420013 Gflops/s) - 379 (416714 Gflops/s) - 384 (422212 Gflops/s) - 381 (418913 Gflops/s) | Temperatures: 73°C - 70°C - 71°C - 71°C - 71°C - 72°C - 70°C - 73°C | Throttling: None - None - None - None - None - None - None - None
382 (420013 Gflops/s) - 384 (422212 Gflops/s) - 384 (422212 Gflops/s) - 384 (422212 Gflops/s) - 382 (420013 Gflops/s) - 378 (415615 Gflops/s) - 383 (421112 Gflops/s) - 380 (417814 Gflops/s) | Temperatures: 73°C - 70°C - 71°C - 71°C - 71°C - 73°C - 70°C - 73°C | Throttling: None - None - None - None - None - None - None - None
382 (420013 Gflops/s) - 384 (422212 Gflops/s) - 384 (422212 Gflops/s) - 384 (422212 Gflops/s) - 382 (420013 Gflops/s) - 379 (416714 Gflops/s) - 383 (421112 Gflops/s) - 381 (418913 Gflops/s) | Temperatures: 73°C - 70°C - 71°C - 71°C - 71°C - 73°C - 70°C - 73°C | Throttling: None - None - None - None - None - None - None - None
382 (420013 Gflops/s) - 384 (422212 Gflops/s) - 385 (423311 Gflops/s) - 384 (422212 Gflops/s) - 381 (418913 Gflops/s) - 378 (415615 Gflops/s) - 383 (421112 Gflops/s) - 380 (417814 Gflops/s) | Temperatures: 73°C - 70°C - 71°C - 71°C - 71°C - 73°C - 70°C - 73°C | Throttling: None - None - None - None - None - None - None - None
382 (420013 Gflops/s) - 384 (422212 Gflops/s) - 384 (422212 Gflops/s) - 384 (422212 Gflops/s) - 382 (420013 Gflops/s) - 379 (416714 Gflops/s) - 383 (421112 Gflops/s) - 381 (418913 Gflops/s) | Temperatures: 73°C - 70°C - 71°C - 72°C - 71°C - 73°C - 70°C - 73°C | Throttling: None - None - None - None - None - None - None - None
381 (418913 Gflops/s) - 384 (422212 Gflops/s) - 384 (422212 Gflops/s) - 384 (422212 Gflops/s) - 382 (420013 Gflops/s) - 378 (415615 Gflops/s) - 384 (422212 Gflops/s) - 380 (417814 Gflops/s) | Temperatures: 73°C - 70°C - 71°C - 72°C - 71°C - 73°C - 70°C - 73°C | Throttling: None - None - None - None - None - None - None - None
382 (420013 Gflops/s) - 384 (422212 Gflops/s) - 384 (422212 Gflops/s) - 384 (422212 Gflops/s) - 382 (420013 Gflops/s) - 378 (415615 Gflops/s) - 383 (421112 Gflops/s) - 380 (417814 Gflops/s) | Temperatures: 73°C - 70°C - 71°C - 72°C - 71°C - 73°C - 70°C - 73°C | Throttling: None - None - None - None - None - None - None - None
382 (420013 Gflops/s) - 384 (422212 Gflops/s) - 384 (422212 Gflops/s) - 384 (422212 Gflops/s) - 381 (418913 Gflops/s) - 379 (416714 Gflops/s) - 383 (421112 Gflops/s) - 381 (418913 Gflops/s) | Temperatures: 73°C - 71°C - 71°C - 72°C - 71°C - 73°C - 70°C - 73°C | Throttling: None - None - None - None - None - None - None - None
382 (420013 Gflops/s) - 384 (422212 Gflops/s) - 384 (422212 Gflops/s) - 384 (422212 Gflops/s) - 382 (420013 Gflops/s) - 378 (415615 Gflops/s) - 383 (421112 Gflops/s) - 380 (417814 Gflops/s) | Temperatures: 73°C - 71°C - 71°C - 72°C - 71°C - 73°C - 70°C - 73°C | Throttling: None - None - None - None - None - None - None - None
381 (418913 Gflops/s) - 384 (422212 Gflops/s) - 384 (422212 Gflops/s) - 384 (422212 Gflops/s) - 382 (420013 Gflops/s) - 378 (415615 Gflops/s) - 383 (421112 Gflops/s) - 380 (417814 Gflops/s) | Temperatures: 73°C - 71°C - 71°C - 72°C - 72°C - 73°C - 70°C - 73°C | Throttling: None - None - None - None - None - None - None - None
382 (420013 Gflops/s) - 384 (422212 Gflops/s) - 384 (422212 Gflops/s) - 384 (422212 Gflops/s) - 381 (418913 Gflops/s) - 379 (416714 Gflops/s) - 382 (420013 Gflops/s) - 381 (418913 Gflops/s) | Temperatures: 73°C - 71°C - 71°C - 72°C - 72°C - 73°C - 70°C - 73°C | Throttling: None - None - None - None - None - None - None - None
382 (420013 Gflops/s) - 384 (422212 Gflops/s) - 384 (422212 Gflops/s) - 384 (422212 Gflops/s) - 382 (420013 Gflops/s) - 378 (415615 Gflops/s) - 383 (421112 Gflops/s) - 381 (418913 Gflops/s) | Temperatures: 73°C - 71°C - 71°C - 72°C - 72°C - 73°C - 70°C - 73°C | Throttling: None - None - None - None - None - None - None - None
382 (420013 Gflops/s) - 384 (422212 Gflops/s) - 384 (422212 Gflops/s) - 384 (422212 Gflops/s) - 382 (420013 Gflops/s) - 378 (415615 Gflops/s) - 383 (421112 Gflops/s) - 381 (418913 Gflops/s) | Temperatures: 73°C - 71°C - 71°C - 72°C - 72°C - 73°C - 70°C - 73°C | Throttling: None - None - None - None - None - None - None - None
381 (418913 Gflops/s) - 383 (421112 Gflops/s) - 384 (422212 Gflops/s) - 384 (422212 Gflops/s) - 381 (418913 Gflops/s) - 378 (415615 Gflops/s) - 383 (421112 Gflops/s) - 381 (418913 Gflops/s) | Temperatures: 73°C - 71°C - 71°C - 72°C - 72°C - 73°C - 70°C - 73°C | Throttling: None - None - None - None - None - None - None - None
382 (420013 Gflops/s) - 384 (422212 Gflops/s) - 384 (422212 Gflops/s) - 384 (422212 Gflops/s) - 382 (420013 Gflops/s) - 378 (415615 Gflops/s) - 383 (421112 Gflops/s) - 381 (418913 Gflops/s) | Temperatures: 73°C - 71°C - 71°C - 72°C - 72°C - 73°C - 70°C - 73°C | Throttling: None - None - None - None - None - None - None - None
381 (418913 Gflops/s) - 384 (422212 Gflops/s) - 384 (422212 Gflops/s) - 384 (422212 Gflops/s) - 381 (418913 Gflops/s) - 379 (416714 Gflops/s) - 383 (421112 Gflops/s) - 381 (418913 Gflops/s) | Temperatures: 73°C - 71°C - 71°C - 72°C - 72°C - 73°C - 70°C - 73°C | Throttling: None - None - None - None - None - None - None - None
382 (420013 Gflops/s) - 383 (421112 Gflops/s) - 384 (422212 Gflops/s) - 383 (421112 Gflops/s) - 382 (420013 Gflops/s) - 378 (415615 Gflops/s) - 383 (421112 Gflops/s) - 380 (417814 Gflops/s) | Temperatures: 73°C - 71°C - 71°C - 72°C - 72°C - 73°C - 70°C - 73°C | Throttling: None - None - None - None - None - None - None - None
382 (420013 Gflops/s) - 384 (422212 Gflops/s) - 384 (422212 Gflops/s) - 384 (422212 Gflops/s) - 382 (420013 Gflops/s) - 378 (415615 Gflops/s) - 383 (421112 Gflops/s) - 381 (418913 Gflops/s) | Temperatures: 73°C - 71°C - 71°C - 72°C - 72°C - 73°C - 70°C - 73°C | Throttling: None - None - None - None - None - None - None - None
381 (418913 Gflops/s) - 384 (422212 Gflops/s) - 384 (422212 Gflops/s) - 384 (422212 Gflops/s) - 381 (418913 Gflops/s) - 378 (415615 Gflops/s) - 382 (420013 Gflops/s) - 381 (418913 Gflops/s) | Temperatures: 73°C - 71°C - 71°C - 72°C - 72°C - 73°C - 70°C - 73°C | Throttling: None - None - None - None - None - None - None - None
382 (420013 Gflops/s) - 384 (422212 Gflops/s) - 384 (422212 Gflops/s) - 384 (422212 Gflops/s) - 381 (418913 Gflops/s) - 379 (416714 Gflops/s) - 383 (421112 Gflops/s) - 381 (418913 Gflops/s) | Temperatures: 73°C - 71°C - 71°C - 72°C - 72°C - 73°C - 70°C - 73°C | Throttling: None - None - None - None - None - None - None - None
382 (420013 Gflops/s) - 383 (421112 Gflops/s) - 384 (422212 Gflops/s) - 384 (422212 Gflops/s) - 382 (420013 Gflops/s) - 378 (415615 Gflops/s) - 383 (421112 Gflops/s) - 381 (418913 Gflops/s) | Temperatures: 73°C - 71°C - 71°C - 72°C - 72°C - 73°C - 70°C - 73°C | Throttling: None - None - None - None - None - None - None - None
381 (418913 Gflops/s) - 384 (422212 Gflops/s) - 383 (421112 Gflops/s) - 384 (422212 Gflops/s) - 381 (418913 Gflops/s) - 378 (415615 Gflops/s) - 383 (421112 Gflops/s) - 381 (418913 Gflops/s) | Temperatures: 74°C - 71°C - 71°C - 72°C - 72°C - 73°C - 70°C - 73°C | Throttling: None - None - None - None - None - None - None - None
382 (420013 Gflops/s) - 384 (422212 Gflops/s) - 384 (422212 Gflops/s) - 384 (422212 Gflops/s) - 382 (420013 Gflops/s) - 378 (415615 Gflops/s) - 383 (421112 Gflops/s) - 380 (417814 Gflops/s) | Temperatures: 74°C - 71°C - 71°C - 72°C - 72°C - 73°C - 70°C - 73°C | Throttling: None - None - None - None - None - None - None - None
382 (420013 Gflops/s) - 384 (422212 Gflops/s) - 384 (422212 Gflops/s) - 383 (421112 Gflops/s) - 381 (418913 Gflops/s) - 378 (415615 Gflops/s) - 382 (420013 Gflops/s) - 381 (418913 Gflops/s) | Temperatures: 74°C - 71°C - 71°C - 72°C - 72°C - 73°C - 70°C - 73°C | Throttling: None - None - None - None - None - None - None - None
381 (418913 Gflops/s) - 383 (421112 Gflops/s) - 384 (422212 Gflops/s) - 384 (422212 Gflops/s) - 382 (420013 Gflops/s) - 378 (415615 Gflops/s) - 383 (421112 Gflops/s) - 381 (418913 Gflops/s) | Temperatures: 74°C - 71°C - 71°C - 72°C - 72°C - 73°C - 70°C - 73°C | Throttling: None - None - None - None - None - None - None - None
382 (420013 Gflops/s) - 384 (422212 Gflops/s) - 384 (422212 Gflops/s) - 384 (422212 Gflops/s) - 381 (418913 Gflops/s) - 378 (415615 Gflops/s) - 383 (421112 Gflops/s) - 381 (418913 Gflops/s) | Temperatures: 74°C - 71°C - 71°C - 72°C - 72°C - 73°C - 70°C - 73°C | Throttling: None - None - None - None - None - None - None - None
381 (418913 Gflops/s) - 383 (421112 Gflops/s) - 384 (422212 Gflops/s) - 384 (422212 Gflops/s) - 382 (420013 Gflops/s) - 378 (415615 Gflops/s) - 383 (421112 Gflops/s) - 381 (418913 Gflops/s) | Temperatures: 74°C - 71°C - 72°C - 72°C - 72°C - 73°C - 70°C - 73°C | Throttling: None - None - None - None - None - None - None - None
382 (420013 Gflops/s) - 384 (422212 Gflops/s) - 383 (421112 Gflops/s) - 383 (421112 Gflops/s) - 381 (418913 Gflops/s) - 378 (415615 Gflops/s) - 382 (420013 Gflops/s) - 380 (417814 Gflops/s) | Temperatures: 74°C - 71°C - 72°C - 72°C - 72°C - 73°C - 71°C - 73°C | Throttling: None - None - None - None - None - None - None - None
381 (418913 Gflops/s) - 383 (421112 Gflops/s) - 384 (422212 Gflops/s) - 384 (422212 Gflops/s) - 381 (418913 Gflops/s) - 378 (415615 Gflops/s) - 383 (421112 Gflops/s) - 381 (418913 Gflops/s) | Temperatures: 74°C - 71°C - 72°C - 72°C - 72°C - 73°C - 71°C - 73°C | Throttling: None - None - None - None - None - None - None - None
382 (420013 Gflops/s) - 384 (422212 Gflops/s) - 384 (422212 Gflops/s) - 384 (422212 Gflops/s) - 382 (420013 Gflops/s) - 378 (415615 Gflops/s) - 383 (421112 Gflops/s) - 380 (417814 Gflops/s) | Temperatures: 74°C - 71°C - 72°C - 72°C - 72°C - 73°C - 71°C - 73°C | Throttling: None - None - None - None - None - None - None - None
381 (418913 Gflops/s) - 384 (422212 Gflops/s) - 384 (422212 Gflops/s) - 383 (421112 Gflops/s) - 381 (418913 Gflops/s) - 378 (415615 Gflops/s) - 382 (420013 Gflops/s) - 381 (418913 Gflops/s) | Temperatures: 74°C - 71°C - 72°C - 72°C - 72°C - 73°C - 71°C - 73°C | Throttling: None - None - None - None - None - None - None - None
382 (420013 Gflops/s) - 383 (421112 Gflops/s) - 384 (422212 Gflops/s) - 384 (422212 Gflops/s) - 381 (418913 Gflops/s) - 378 (415615 Gflops/s) - 383 (421112 Gflops/s) - 381 (418913 Gflops/s) | Temperatures: 74°C - 71°C - 72°C - 72°C - 72°C - 73°C - 71°C - 73°C | Throttling: None - None - None - None - None - None - None - None
381 (418913 Gflops/s) - 384 (422212 Gflops/s) - 383 (421112 Gflops/s) - 384 (422212 Gflops/s) - 382 (420013 Gflops/s) - 378 (415615 Gflops/s) - 383 (421112 Gflops/s) - 381 (418913 Gflops/s) | Temperatures: 74°C - 71°C - 72°C - 72°C - 72°C - 73°C - 71°C - 73°C | Throttling: None - None - None - None - None - None - None - None
382 (420013 Gflops/s) - 383 (421112 Gflops/s) - 384 (422212 Gflops/s) - 383 (421112 Gflops/s) - 381 (418913 Gflops/s) - 379 (416714 Gflops/s) - 382 (420013 Gflops/s) - 380 (417814 Gflops/s) | Temperatures: 74°C - 71°C - 72°C - 72°C - 72°C - 73°C - 71°C - 73°C | Throttling: None - None - None - None - None - None - None - None
381 (418913 Gflops/s) - 384 (422212 Gflops/s) - 384 (422212 Gflops/s) - 384 (422212 Gflops/s) - 381 (418913 Gflops/s) - 378 (415615 Gflops/s) - 383 (421112 Gflops/s) - 381 (418913 Gflops/s) | Temperatures: 74°C - 71°C - 72°C - 72°C - 72°C - 73°C - 71°C - 74°C | Throttling: None - None - None - None - None - None - None - None
382 (420013 Gflops/s) - 383 (421112 Gflops/s) - 384 (422212 Gflops/s) - 384 (422212 Gflops/s) - 382 (420013 Gflops/s) - 378 (415615 Gflops/s) - 383 (421112 Gflops/s) - 381 (418913 Gflops/s) | Temperatures: 74°C - 71°C - 72°C - 72°C - 72°C - 73°C - 71°C - 74°C | Throttling: None - None - None - None - None - None - None - None
381 (418913 Gflops/s) - 384 (422212 Gflops/s) - 383 (421112 Gflops/s) - 383 (421112 Gflops/s) - 381 (418913 Gflops/s) - 378 (415615 Gflops/s) - 382 (420013 Gflops/s) - 380 (417814 Gflops/s) | Temperatures: 74°C - 71°C - 72°C - 72°C - 72°C - 73°C - 71°C - 74°C | Throttling: None - None - None - None - None - None - None - None
381 (418913 Gflops/s) - 383 (421112 Gflops/s) - 384 (422212 Gflops/s) - 384 (422212 Gflops/s) - 381 (418913 Gflops/s) - 378 (415615 Gflops/s) - 383 (421112 Gflops/s) - 381 (418913 Gflops/s) | Temperatures: 74°C - 71°C - 72°C - 72°C - 72°C - 73°C - 71°C - 74°C | Throttling: None - None - None - None - None - None - None - None
382 (420013 Gflops/s) - 384 (422212 Gflops/s) - 384 (422212 Gflops/s) - 384 (422212 Gflops/s) - 382 (420013 Gflops/s) - 378 (415615 Gflops/s) - 382 (420013 Gflops/s) - 381 (418913 Gflops/s) | Temperatures: 74°C - 71°C - 72°C - 72°C - 72°C - 73°C - 71°C - 74°C | Throttling: None - None - None - None - None - None - None - None
381 (418913 Gflops/s) - 383 (421112 Gflops/s) - 383 (421112 Gflops/s) - 383 (421112 Gflops/s) - 381 (418913 Gflops/s) - 378 (415615 Gflops/s) - 383 (421112 Gflops/s) - 380 (417814 Gflops/s) | Temperatures: 74°C - 71°C - 72°C - 72°C - 72°C - 73°C - 71°C - 74°C | Throttling: None - None - None - None - None - None - None - None
382 (420013 Gflops/s) - 383 (421112 Gflops/s) - 384 (422212 Gflops/s) - 384 (422212 Gflops/s) - 381 (418913 Gflops/s) - 378 (415615 Gflops/s) - 383 (421112 Gflops/s) - 381 (418913 Gflops/s) | Temperatures: 74°C - 71°C - 72°C - 72°C - 72°C - 73°C - 71°C - 74°C | Throttling: None - None - None - None - None - None - None - None
381 (418913 Gflops/s) - 384 (422212 Gflops/s) - 383 (421112 Gflops/s) - 383 (421112 Gflops/s) - 381 (418913 Gflops/s) - 377 (414515 Gflops/s) - 382 (420013 Gflops/s) - 380 (417814 Gflops/s) | Temperatures: 74°C - 71°C - 72°C - 72°C - 72°C - 73°C - 71°C - 74°C | Throttling: None - None - None - None - None - None - None - None
381 (418913 Gflops/s) - 383 (421112 Gflops/s) - 384 (422212 Gflops/s) - 384 (422212 Gflops/s) - 381 (418913 Gflops/s) - 378 (415615 Gflops/s) - 382 (420013 Gflops/s) - 381 (418913 Gflops/s) | Temperatures: 74°C - 71°C - 72°C - 72°C - 72°C - 74°C - 71°C - 74°C | Throttling: None - None - None - None - None - None - None - None
381 (418913 Gflops/s) - 383 (421112 Gflops/s) - 384 (422212 Gflops/s) - 383 (421112 Gflops/s) - 382 (420013 Gflops/s) - 378 (415615 Gflops/s) - 383 (421112 Gflops/s) - 380 (417814 Gflops/s) | Temperatures: 74°C - 71°C - 72°C - 72°C - 72°C - 73°C - 71°C - 74°C | Throttling: None - None - None - None - None - None - None - None
382 (420013 Gflops/s) - 384 (422212 Gflops/s) - 383 (421112 Gflops/s) - 384 (422212 Gflops/s) - 381 (418913 Gflops/s) - 378 (415615 Gflops/s) - 382 (420013 Gflops/s) - 381 (418913 Gflops/s) | Temperatures: 74°C - 71°C - 72°C - 72°C - 72°C - 74°C - 71°C - 74°C | Throttling: None - None - None - None - None - None - None - None
381 (418913 Gflops/s) - 383 (421112 Gflops/s) - 384 (422212 Gflops/s) - 384 (422212 Gflops/s) - 381 (418913 Gflops/s) - 378 (415615 Gflops/s) - 383 (421112 Gflops/s) - 380 (417814 Gflops/s) | Temperatures: 74°C - 71°C - 72°C - 72°C - 72°C - 74°C - 71°C - 74°C | Throttling: None - None - None - None - None - None - None - None
381 (418913 Gflops/s) - 384 (422212 Gflops/s) - 383 (421112 Gflops/s) - 383 (421112 Gflops/s) - 381 (418913 Gflops/s) - 378 (415615 Gflops/s) - 382 (420013 Gflops/s) - 381 (418913 Gflops/s) | Temperatures: 74°C - 71°C - 72°C - 72°C - 72°C - 74°C - 71°C - 74°C | Throttling: None - None - None - None - None - None - None - None
382 (420013 Gflops/s) - 383 (421112 Gflops/s) - 384 (422212 Gflops/s) - 384 (422212 Gflops/s) - 382 (420013 Gflops/s) - 377 (414515 Gflops/s) - 383 (421112 Gflops/s) - 381 (418913 Gflops/s) | Temperatures: 74°C - 71°C - 72°C - 72°C - 72°C - 74°C - 71°C - 74°C | Throttling: None - None - None - None - None - None - None - None
381 (418913 Gflops/s) - 383 (421112 Gflops/s) - 384 (422212 Gflops/s) - 383 (421112 Gflops/s) - 381 (418913 Gflops/s) - 378 (415615 Gflops/s) - 383 (421112 Gflops/s) - 380 (417814 Gflops/s) | Temperatures: 74°C - 71°C - 72°C - 72°C - 72°C - 74°C - 71°C - 74°C | Throttling: None - None - None - None - None - None - None - None
381 (418913 Gflops/s) - 384 (422212 Gflops/s) - 383 (421112 Gflops/s) - 384 (422212 Gflops/s) - 381 (418913 Gflops/s) - 378 (415615 Gflops/s) - 382 (420013 Gflops/s) - 381 (418913 Gflops/s) | Temperatures: 74°C - 71°C - 72°C - 72°C - 72°C - 74°C - 71°C - 74°C | Throttling: None - None - None - None - None - None - None - None
382 (420013 Gflops/s) - 383 (421112 Gflops/s) - 384 (422212 Gflops/s) - 383 (421112 Gflops/s) - 381 (418913 Gflops/s) - 378 (415615 Gflops/s) - 383 (421112 Gflops/s) - 381 (418913 Gflops/s) | Temperatures: 74°C - 71°C - 72°C - 72°C - 72°C - 74°C - 71°C - 74°C | Throttling: None - None - None - None - None - None - None - None
381 (418913 Gflops/s) - 384 (422212 Gflops/s) - 384 (422212 Gflops/s) - 384 (422212 Gflops/s) - 382 (420013 Gflops/s) - 378 (415615 Gflops/s) - 382 (420013 Gflops/s) - 380 (417814 Gflops/s) | Temperatures: 74°C - 71°C - 72°C - 72°C - 72°C - 74°C - 71°C - 74°C | Throttling: None - None - None - None - None - None - None - None
381 (418913 Gflops/s) - 383 (421112 Gflops/s) - 383 (421112 Gflops/s) - 384 (422212 Gflops/s) - 381 (418913 Gflops/s) - 378 (415615 Gflops/s) - 383 (421112 Gflops/s) - 381 (418913 Gflops/s) | Temperatures: 74°C - 71°C - 72°C - 72°C - 72°C - 74°C - 71°C - 74°C | Throttling: None - None - None - None - None - None - None - None
382 (420013 Gflops/s) - 383 (421112 Gflops/s) - 384 (422212 Gflops/s) - 383 (421112 Gflops/s) - 381 (418913 Gflops/s) - 377 (414515 Gflops/s) - 382 (420013 Gflops/s) - 380 (417814 Gflops/s) | Temperatures: 74°C - 71°C - 72°C - 72°C - 72°C - 74°C - 71°C - 74°C | Throttling: None - None - None - None - None - None - None - None
381 (418913 Gflops/s) - 384 (422212 Gflops/s) - 383 (421112 Gflops/s) - 384 (422212 Gflops/s) - 381 (418913 Gflops/s) - 378 (415615 Gflops/s) - 383 (421112 Gflops/s) - 381 (418913 Gflops/s) | Temperatures: 74°C - 71°C - 72°C - 72°C - 72°C - 74°C - 71°C - 74°C | Throttling: None - None - None - None - None - None - None - None
381 (418913 Gflops/s) - 383 (421112 Gflops/s) - 384 (422212 Gflops/s) - 383 (421112 Gflops/s) - 381 (418913 Gflops/s) - 378 (415615 Gflops/s) - 382 (420013 Gflops/s) - 380 (417814 Gflops/s) | Temperatures: 74°C - 71°C - 72°C - 72°C - 72°C - 74°C - 71°C - 74°C | Throttling: None - None - None - None - None - None - None - None
381 (418913 Gflops/s) - 383 (421112 Gflops/s) - 383 (421112 Gflops/s) - 383 (421112 Gflops/s) - 381 (418913 Gflops/s) - 377 (414515 Gflops/s) - 382 (420013 Gflops/s) - 380 (417814 Gflops/s) | Temperatures: 74°C - 71°C - 72°C - 72°C - 72°C - 74°C - 71°C - 74°C | Throttling: None - None - None - None - None - None - None - None
381 (418913 Gflops/s) - 384 (422212 Gflops/s) - 384 (422212 Gflops/s) - 384 (422212 Gflops/s) - 382 (420013 Gflops/s) - 378 (415615 Gflops/s) - 383 (421112 Gflops/s) - 381 (418913 Gflops/s) | Temperatures: 74°C - 71°C - 72°C - 72°C - 72°C - 74°C - 71°C - 74°C | Throttling: None - None - None - None - None - None - None - None
382 (420013 Gflops/s) - 383 (421112 Gflops/s) - 383 (421112 Gflops/s) - 383 (421112 Gflops/s) - 381 (418913 Gflops/s) - 378 (415615 Gflops/s) - 382 (420013 Gflops/s) - 380 (417814 Gflops/s) | Temperatures: 74°C - 71°C - 72°C - 72°C - 72°C - 74°C - 71°C - 74°C | Throttling: None - None - None - None - None - None - None - None
381 (418913 Gflops/s) - 383 (421112 Gflops/s) - 384 (422212 Gflops/s) - 384 (422212 Gflops/s) - 381 (418913 Gflops/s) - 378 (415615 Gflops/s) - 383 (421112 Gflops/s) - 381 (418913 Gflops/s) | Temperatures: 74°C - 71°C - 72°C - 72°C - 72°C - 74°C - 71°C - 74°C | Throttling: None - None - None - None - None - None - None - None
381 (418913 Gflops/s) - 384 (422212 Gflops/s) - 383 (421112 Gflops/s) - 383 (421112 Gflops/s) - 381 (418913 Gflops/s) - 378 (415615 Gflops/s) - 382 (420013 Gflops/s) - 380 (417814 Gflops/s) | Temperatures: 74°C - 71°C - 72°C - 72°C - 72°C - 74°C - 71°C - 74°C | Throttling: None - None - None - None - None - None - None - None
382 (420013 Gflops/s) - 383 (421112 Gflops/s) - 384 (422212 Gflops/s) - 384 (422212 Gflops/s) - 381 (418913 Gflops/s) - 377 (414515 Gflops/s) - 382 (420013 Gflops/s) - 381 (418913 Gflops/s) | Temperatures: 74°C - 71°C - 72°C - 72°C - 72°C - 74°C - 71°C - 74°C | Throttling: None - None - None - None - None - None - None - None
381 (418913 Gflops/s) - 383 (421112 Gflops/s) - 384 (422212 Gflops/s) - 383 (421112 Gflops/s) - 382 (420013 Gflops/s) - 378 (415615 Gflops/s) - 383 (421112 Gflops/s) - 380 (417814 Gflops/s) | Temperatures: 74°C - 71°C - 72°C - 72°C - 72°C - 74°C - 71°C - 74°C | Throttling: None - None - None - None - None - None - None - None
381 (418913 Gflops/s) - 384 (422212 Gflops/s) - 383 (421112 Gflops/s) - 384 (422212 Gflops/s) - 381 (418913 Gflops/s) - 378 (415615 Gflops/s) - 382 (420013 Gflops/s) - 381 (418913 Gflops/s) | Temperatures: 74°C - 71°C - 72°C - 72°C - 72°C - 74°C - 71°C - 74°C | Throttling: None - None - None - None - None - None - None - None
382 (420013 Gflops/s) - 383 (421112 Gflops/s) - 384 (422212 Gflops/s) - 383 (421112 Gflops/s) - 381 (418913 Gflops/s) - 378 (415615 Gflops/s) - 383 (421112 Gflops/s) - 381 (418913 Gflops/s) | Temperatures: 74°C - 71°C - 72°C - 72°C - 72°C - 74°C - 71°C - 74°C | Throttling: None - None - None - None - None - None - None - None
381 (418913 Gflops/s) - 383 (421112 Gflops/s) - 383 (421112 Gflops/s) - 384 (422212 Gflops/s) - 381 (418913 Gflops/s) - 378 (415615 Gflops/s) - 382 (420013 Gflops/s) - 380 (417814 Gflops/s) | Temperatures: 74°C - 71°C - 72°C - 72°C - 72°C - 74°C - 71°C - 74°C | Throttling: None - None - None - None - None - None - None - None
381 (418913 Gflops/s) - 384 (422212 Gflops/s) - 384 (422212 Gflops/s) - 383 (421112 Gflops/s) - 381 (418913 Gflops/s) - 377 (414515 Gflops/s) - 383 (421112 Gflops/s) - 381 (418913 Gflops/s) | Temperatures: 74°C - 71°C - 72°C - 72°C - 72°C - 74°C - 71°C - 74°C | Throttling: None - None - None - None - None - None - None - None
381 (418913 Gflops/s) - 383 (421112 Gflops/s) - 383 (421112 Gflops/s) - 384 (422212 Gflops/s) - 382 (420013 Gflops/s) - 378 (415615 Gflops/s) - 382 (420013 Gflops/s) - 380 (417814 Gflops/s) | Temperatures: 74°C - 71°C - 72°C - 72°C - 72°C - 74°C - 71°C - 74°C | Throttling: None - None - None - None - None - None - None - None
382 (420013 Gflops/s) - 383 (421112 Gflops/s) - 384 (422212 Gflops/s) - 383 (421112 Gflops/s) - 381 (418913 Gflops/s) - 378 (415615 Gflops/s) - 383 (421112 Gflops/s) - 381 (418913 Gflops/s) | Temperatures: 74°C - 71°C - 72°C - 72°C - 72°C - 74°C - 71°C - 74°C | Throttling: None - None - None - None - None - None - None - None
381 (418913 Gflops/s) - 383 (421112 Gflops/s) - 383 (421112 Gflops/s) - 383 (421112 Gflops/s) - 381 (418913 Gflops/s) - 377 (414515 Gflops/s) - 382 (420013 Gflops/s) - 380 (417814 Gflops/s) | Temperatures: 74°C - 71°C - 72°C - 72°C - 72°C - 74°C - 71°C - 74°C | Throttling: None - None - None - None - None - None - None - None
381 (418913 Gflops/s) - 384 (422212 Gflops/s) - 384 (422212 Gflops/s) - 384 (422212 Gflops/s) - 381 (418913 Gflops/s) - 378 (415615 Gflops/s) - 382 (420013 Gflops/s) - 380 (417814 Gflops/s) | Temperatures: 74°C - 71°C - 72°C - 72°C - 72°C - 74°C - 71°C - 74°C | Throttling: None - None - None - None - None - None - None - None
381 (418913 Gflops/s) - 383 (421112 Gflops/s) - 383 (421112 Gflops/s) - 383 (421112 Gflops/s) - 381 (418913 Gflops/s) - 378 (415615 Gflops/s) - 383 (421112 Gflops/s) - 381 (418913 Gflops/s) | Temperatures: 74°C - 71°C - 72°C - 72°C - 72°C - 74°C - 71°C - 74°C | Throttling: None - None - None - None - None - None - None - None
381 (418913 Gflops/s) - 384 (422212 Gflops/s) - 384 (422212 Gflops/s) - 384 (422212 Gflops/s) - 381 (418913 Gflops/s) - 378 (415615 Gflops/s) - 382 (420013 Gflops/s) - 380 (417814 Gflops/s) | Temperatures: 74°C - 71°C - 72°C - 72°C - 72°C - 74°C - 71°C - 74°C | Throttling: None - None - None - None - None - None - None - None
382 (420013 Gflops/s) - 383 (421112 Gflops/s) - 383 (421112 Gflops/s) - 383 (421112 Gflops/s) - 381 (418913 Gflops/s) - 378 (415615 Gflops/s) - 383 (421112 Gflops/s) - 381 (418913 Gflops/s) | Temperatures: 74°C - 71°C - 72°C - 72°C - 72°C - 74°C - 71°C - 74°C | Throttling: None - None - None - None - None - None - None - None
381 (418913 Gflops/s) - 383 (421112 Gflops/s) - 384 (422212 Gflops/s) - 384 (422212 Gflops/s) - 381 (418913 Gflops/s) - 377 (414515 Gflops/s) - 383 (421112 Gflops/s) - 380 (417814 Gflops/s) | Temperatures: 74°C - 71°C - 72°C - 72°C - 72°C - 74°C - 71°C - 74°C | Throttling: None - None - None - None - None - None - None - None
381 (418913 Gflops/s) - 384 (422212 Gflops/s) - 383 (421112 Gflops/s) - 383 (421112 Gflops/s) - 382 (420013 Gflops/s) - 378 (415615 Gflops/s) - 382 (420013 Gflops/s) - 381 (418913 Gflops/s) | Temperatures: 74°C - 72°C - 72°C - 73°C - 72°C - 74°C - 71°C - 74°C | Throttling: None - None - None - None - None - None - None - None
381 (418913 Gflops/s) - 383 (421112 Gflops/s) - 384 (422212 Gflops/s) - 384 (422212 Gflops/s) - 381 (418913 Gflops/s) - 378 (415615 Gflops/s) - 383 (421112 Gflops/s) - 380 (417814 Gflops/s) | Temperatures: 74°C - 71°C - 72°C - 72°C - 72°C - 74°C - 71°C - 74°C | Throttling: None - None - None - None - None - None - None - None
381 (418913 Gflops/s) - 383 (421112 Gflops/s) - 383 (421112 Gflops/s) - 383 (421112 Gflops/s) - 381 (418913 Gflops/s) - 378 (415615 Gflops/s) - 382 (420013 Gflops/s) - 381 (418913 Gflops/s) | Temperatures: 74°C - 72°C - 72°C - 73°C - 72°C - 74°C - 71°C - 74°C | Throttling: None - None - None - None - None - None - None - None
382 (420013 Gflops/s) - 383 (421112 Gflops/s) - 384 (422212 Gflops/s) - 383 (421112 Gflops/s) - 381 (418913 Gflops/s) - 378 (415615 Gflops/s) - 383 (421112 Gflops/s) - 380 (417814 Gflops/s) | Temperatures: 74°C - 71°C - 72°C - 73°C - 72°C - 74°C - 71°C - 74°C | Throttling: None - None - None - None - None - None - None - None
381 (418913 Gflops/s) - 384 (422212 Gflops/s) - 383 (421112 Gflops/s) - 384 (422212 Gflops/s) - 381 (418913 Gflops/s) - 377 (414515 Gflops/s) - 382 (420013 Gflops/s) - 381 (418913 Gflops/s) | Temperatures: 74°C - 71°C - 72°C - 73°C - 72°C - 74°C - 71°C - 74°C | Throttling: None - None - None - None - None - None - None - None
381 (418913 Gflops/s) - 383 (421112 Gflops/s) - 383 (421112 Gflops/s) - 383 (421112 Gflops/s) - 381 (418913 Gflops/s) - 378 (415615 Gflops/s) - 383 (421112 Gflops/s) - 380 (417814 Gflops/s) | Temperatures: 74°C - 72°C - 72°C - 73°C - 72°C - 74°C - 71°C - 74°C | Throttling: None - None - None - None - None - None - None - None
381 (418913 Gflops/s) - 383 (421112 Gflops/s) - 384 (422212 Gflops/s) - 383 (421112 Gflops/s) - 381 (418913 Gflops/s) - 378 (415615 Gflops/s) - 382 (420013 Gflops/s) - 380 (417814 Gflops/s) | Temperatures: 74°C - 71°C - 72°C - 72°C - 72°C - 74°C - 71°C - 74°C | Throttling: None - None - None - None - None - None - None - None
381 (418913 Gflops/s) - 383 (421112 Gflops/s) - 383 (421112 Gflops/s) - 384 (422212 Gflops/s) - 381 (418913 Gflops/s) - 377 (414515 Gflops/s) - 382 (420013 Gflops/s) - 381 (418913 Gflops/s) | Temperatures: 74°C - 71°C - 72°C - 73°C - 72°C - 74°C - 71°C - 74°C | Throttling: None - None - None - None - None - None - None - None
381 (418913 Gflops/s) - 384 (422212 Gflops/s) - 383 (421112 Gflops/s) - 383 (421112 Gflops/s) - 382 (420013 Gflops/s) - 378 (415615 Gflops/s) - 383 (421112 Gflops/s) - 380 (417814 Gflops/s) | Temperatures: 74°C - 72°C - 72°C - 73°C - 72°C - 74°C - 71°C - 74°C | Throttling: None - None - None - None - None - None - None - None
381 (418913 Gflops/s) - 383 (421112 Gflops/s) - 384 (422212 Gflops/s) - 384 (422212 Gflops/s) - 381 (418913 Gflops/s) - 378 (415615 Gflops/s) - 382 (420013 Gflops/s) - 381 (418913 Gflops/s) | Temperatures: 74°C - 71°C - 72°C - 73°C - 72°C - 74°C - 71°C - 74°C | Throttling: None - None - None - None - None - None - None - None
381 (418913 Gflops/s) - 383 (421112 Gflops/s) - 383 (421112 Gflops/s) - 383 (421112 Gflops/s) - 381 (418913 Gflops/s) - 378 (415615 Gflops/s) - 383 (421112 Gflops/s) - 380 (417814 Gflops/s) | Temperatures: 74°C - 72°C - 72°C - 73°C - 72°C - 74°C - 71°C - 74°C | Throttling: None - None - None - None - None - None - None - None
382 (420013 Gflops/s) - 383 (421112 Gflops/s) - 384 (422212 Gflops/s) - 383 (421112 Gflops/s) - 381 (418913 Gflops/s) - 377 (414515 Gflops/s) - 382 (420013 Gflops/s) - 381 (418913 Gflops/s) | Temperatures: 74°C - 72°C - 72°C - 73°C - 72°C - 74°C - 71°C - 74°C | Throttling: None - None - None - None - None - None - None - None
381 (418913 Gflops/s) - 384 (422212 Gflops/s) - 383 (421112 Gflops/s) - 384 (422212 Gflops/s) - 381 (418913 Gflops/s) - 378 (415615 Gflops/s) - 383 (421112 Gflops/s) - 380 (417814 Gflops/s) | Temperatures: 74°C - 72°C - 72°C - 73°C - 72°C - 74°C - 71°C - 74°C | Throttling: None - None - None - None - None - None - None - None
381 (418913 Gflops/s) - 383 (421112 Gflops/s) - 384 (422212 Gflops/s) - 383 (421112 Gflops/s) - 381 (418913 Gflops/s) - 378 (415615 Gflops/s) - 382 (420013 Gflops/s) - 381 (418913 Gflops/s) | Temperatures: 74°C - 72°C - 72°C - 73°C - 72°C - 74°C - 71°C - 74°C | Throttling: None - None - None - None - None - None - None - None
381 (418913 Gflops/s) - 383 (421112 Gflops/s) - 383 (421112 Gflops/s) - 384 (422212 Gflops/s) - 382 (420013 Gflops/s) - 378 (415615 Gflops/s) - 383 (421112 Gflops/s) - 380 (417814 Gflops/s) | Temperatures: 74°C - 71°C - 72°C - 73°C - 72°C - 74°C - 71°C - 74°C | Throttling: None - None - None - None - None - None - None - None
381 (418913 Gflops/s) - 383 (421112 Gflops/s) - 384 (422212 Gflops/s) - 383 (421112 Gflops/s) - 381 (418913 Gflops/s) - 377 (414515 Gflops/s) - 382 (420013 Gflops/s) - 381 (418913 Gflops/s) | Temperatures: 74°C - 72°C - 72°C - 73°C - 72°C - 74°C - 71°C - 74°C | Throttling: None - None - None - None - None - None - None - None
382 (420013 Gflops/s) - 384 (422212 Gflops/s) - 383 (421112 Gflops/s) - 384 (422212 Gflops/s) - 381 (418913 Gflops/s) - 378 (415615 Gflops/s) - 383 (421112 Gflops/s) - 380 (417814 Gflops/s) | Temperatures: 74°C - 72°C - 72°C - 73°C - 72°C - 74°C - 71°C - 74°C | Throttling: None - None - None - None - None - None - None - None
381 (418913 Gflops/s) - 383 (421112 Gflops/s) - 384 (422212 Gflops/s) - 383 (421112 Gflops/s) - 381 (418913 Gflops/s) - 378 (415615 Gflops/s) - 382 (420013 Gflops/s) - 381 (418913 Gflops/s) | Temperatures: 74°C - 71°C - 72°C - 73°C - 72°C - 74°C - 71°C - 74°C | Throttling: None - None - None - None - None - None - None - None
381 (418913 Gflops/s) - 383 (421112 Gflops/s) - 383 (421112 Gflops/s) - 383 (421112 Gflops/s) - 381 (418913 Gflops/s) - 378 (415615 Gflops/s) - 383 (421112 Gflops/s) - 380 (417814 Gflops/s) | Temperatures: 74°C - 72°C - 72°C - 73°C - 72°C - 74°C - 71°C - 74°C | Throttling: None - None - None - None - None - None - None - None
381 (418913 Gflops/s) - 384 (422212 Gflops/s) - 383 (421112 Gflops/s) - 384 (422212 Gflops/s) - 381 (418913 Gflops/s) - 377 (414515 Gflops/s) - 382 (420013 Gflops/s) - 381 (418913 Gflops/s) | Temperatures: 74°C - 72°C - 72°C - 73°C - 72°C - 74°C - 71°C - 74°C | Throttling: None - None - None - None - None - None - None - None
381 (418913 Gflops/s) - 383 (421112 Gflops/s) - 384 (422212 Gflops/s) - 383 (421112 Gflops/s) - 381 (418913 Gflops/s) - 378 (415615 Gflops/s) - 382 (420013 Gflops/s) - 380 (417814 Gflops/s) | Temperatures: 74°C - 71°C - 72°C - 73°C - 72°C - 74°C - 71°C - 74°C | Throttling: None - None - None - None - None - None - None - None
381 (418913 Gflops/s) - 383 (421112 Gflops/s) - 383 (421112 Gflops/s) - 383 (421112 Gflops/s) - 381 (418913 Gflops/s) - 378 (415615 Gflops/s) - 383 (421112 Gflops/s) - 380 (417814 Gflops/s) | Temperatures: 74°C - 72°C - 72°C - 73°C - 72°C - 74°C - 71°C - 74°C | Throttling: None - None - None - None - None - None - None - None
381 (418913 Gflops/s) - 383 (421112 Gflops/s) - 383 (421112 Gflops/s) - 384 (422212 Gflops/s) - 381 (418913 Gflops/s) - 377 (414515 Gflops/s) - 382 (420013 Gflops/s) - 381 (418913 Gflops/s) | Temperatures: 74°C - 71°C - 72°C - 72°C - 72°C - 74°C - 71°C - 74°C | Throttling: None - None - None - None - None - None - None - None
381 (418913 Gflops/s) - 383 (421112 Gflops/s) - 384 (422212 Gflops/s) - 383 (421112 Gflops/s) - 382 (420013 Gflops/s) - 378 (415615 Gflops/s) - 383 (421112 Gflops/s) - 380 (417814 Gflops/s) | Temperatures: 74°C - 71°C - 72°C - 73°C - 72°C - 74°C - 71°C - 74°C | Throttling: None - None - None - None - None - None - None - None
381 (418913 Gflops/s) - 384 (422212 Gflops/s) - 383 (421112 Gflops/s) - 384 (422212 Gflops/s) - 381 (418913 Gflops/s) - 378 (415615 Gflops/s) - 383 (421112 Gflops/s) - 381 (418913 Gflops/s) | Temperatures: 74°C - 72°C - 72°C - 73°C - 72°C - 74°C - 71°C - 74°C | Throttling: None - None - None - None - None - None - None - None
382 (420013 Gflops/s) - 383 (421112 Gflops/s) - 384 (422212 Gflops/s) - 383 (421112 Gflops/s) - 381 (418913 Gflops/s) - 378 (415615 Gflops/s) - 382 (420013 Gflops/s) - 380 (417814 Gflops/s) | Temperatures: 74°C - 71°C - 72°C - 73°C - 72°C - 74°C - 71°C - 74°C | Throttling: None - None - None - None - None - None - None - None
381 (418913 Gflops/s) - 383 (421112 Gflops/s) - 383 (421112 Gflops/s) - 383 (421112 Gflops/s) - 381 (418913 Gflops/s) - 377 (414515 Gflops/s) - 383 (421112 Gflops/s) - 381 (418913 Gflops/s) | Temperatures: 74°C - 72°C - 72°C - 73°C - 72°C - 74°C - 71°C - 74°C | Throttling: None - None - None - None - None - None - None - None
381 (418913 Gflops/s) - 384 (422212 Gflops/s) - 384 (422212 Gflops/s) - 384 (422212 Gflops/s) - 381 (418913 Gflops/s) - 378 (415615 Gflops/s) - 382 (420013 Gflops/s) - 380 (417814 Gflops/s) | Temperatures: 74°C - 72°C - 72°C - 73°C - 72°C - 74°C - 71°C - 74°C | Throttling: None - None - None - None - None - None - None - None
381 (418913 Gflops/s) - 383 (421112 Gflops/s) - 383 (421112 Gflops/s) - 383 (421112 Gflops/s) - 381 (418913 Gflops/s) - 378 (415615 Gflops/s) - 383 (421112 Gflops/s) - 381 (418913 Gflops/s) | Temperatures: 74°C - 71°C - 72°C - 72°C - 72°C - 74°C - 71°C - 74°C | Throttling: None - None - None - None - None - None - None - None
381 (418913 Gflops/s) - 383 (421112 Gflops/s) - 384 (422212 Gflops/s) - 384 (422212 Gflops/s) - 382 (420013 Gflops/s) - 378 (415615 Gflops/s) - 382 (420013 Gflops/s) - 380 (417814 Gflops/s) | Temperatures: 74°C - 71°C - 72°C - 73°C - 72°C - 74°C - 71°C - 74°C | Throttling: None - None - None - None - None - None - None - None
381 (418913 Gflops/s) - 384 (422212 Gflops/s) - 383 (421112 Gflops/s) - 383 (421112 Gflops/s) - 381 (418913 Gflops/s) - 378 (415615 Gflops/s) - 383 (421112 Gflops/s) - 381 (418913 Gflops/s) | Temperatures: 74°C - 71°C - 72°C - 72°C - 72°C - 74°C - 71°C - 74°C | Throttling: None - None - None - None - None - None - None - None
382 (420013 Gflops/s) - 383 (421112 Gflops/s) - 384 (422212 Gflops/s) - 383 (421112 Gflops/s) - 381 (418913 Gflops/s) - 377 (414515 Gflops/s) - 382 (420013 Gflops/s) - 380 (417814 Gflops/s) | Temperatures: 74°C - 71°C - 72°C - 73°C - 72°C - 74°C - 71°C - 74°C | Throttling: None - None - None - None - None - None - None - None
381 (418913 Gflops/s) - 383 (421112 Gflops/s) - 383 (421112 Gflops/s) - 384 (422212 Gflops/s) - 381 (418913 Gflops/s) - 378 (415615 Gflops/s) - 383 (421112 Gflops/s) - 381 (418913 Gflops/s) | Temperatures: 74°C - 71°C - 72°C - 73°C - 72°C - 74°C - 71°C - 74°C | Throttling: None - None - None - None - None - None - None - None
381 (418913 Gflops/s) - 383 (421112 Gflops/s) - 384 (422212 Gflops/s) - 383 (421112 Gflops/s) - 381 (418913 Gflops/s) - 378 (415615 Gflops/s) - 382 (420013 Gflops/s) - 380 (417814 Gflops/s) | Temperatures: 74°C - 71°C - 72°C - 72°C - 72°C - 74°C - 71°C - 74°C | Throttling: None - None - None - None - None - None - None - None
381 (418913 Gflops/s) - 384 (422212 Gflops/s) - 383 (421112 Gflops/s) - 384 (422212 Gflops/s) - 381 (418913 Gflops/s) - 378 (415615 Gflops/s) - 383 (421112 Gflops/s) - 381 (418913 Gflops/s) | Temperatures: 74°C - 72°C - 72°C - 73°C - 72°C - 74°C - 71°C - 74°C | Throttling: None - None - None - None - None - None - None - None
381 (418913 Gflops/s) - 383 (421112 Gflops/s) - 383 (421112 Gflops/s) - 383 (421112 Gflops/s) - 381 (418913 Gflops/s) - 377 (414515 Gflops/s) - 382 (420013 Gflops/s) - 380 (417814 Gflops/s) | Temperatures: 74°C - 71°C - 72°C - 72°C - 72°C - 74°C - 71°C - 74°C | Throttling: None - None - None - None - None - None - None - None
381 (418913 Gflops/s) - 383 (421112 Gflops/s) - 384 (422212 Gflops/s) - 383 (421112 Gflops/s) - 381 (418913 Gflops/s) - 378 (415615 Gflops/s) - 382 (420013 Gflops/s) - 380 (417814 Gflops/s) | Temperatures: 74°C - 71°C - 72°C - 72°C - 72°C - 74°C - 71°C - 74°C | Throttling: None - None - None - None - None - None - None - None
381 (418913 Gflops/s) - 383 (421112 Gflops/s) - 383 (421112 Gflops/s) - 384 (422212 Gflops/s) - 381 (418913 Gflops/s) - 378 (415615 Gflops/s) - 383 (421112 Gflops/s) - 381 (418913 Gflops/s) | Temperatures: 74°C - 72°C - 72°C - 73°C - 72°C - 74°C - 71°C - 74°C | Throttling: None - None - None - None - None - None - None - None
381 (418913 Gflops/s) - 384 (422212 Gflops/s) - 384 (422212 Gflops/s) - 383 (421112 Gflops/s) - 381 (418913 Gflops/s) - 378 (415615 Gflops/s) - 382 (420013 Gflops/s) - 380 (417814 Gflops/s) | Temperatures: 74°C - 71°C - 72°C - 72°C - 72°C - 74°C - 71°C - 74°C | Throttling: None - None - None - None - None - None - None - None
381 (418913 Gflops/s) - 383 (421112 Gflops/s) - 383 (421112 Gflops/s) - 384 (422212 Gflops/s) - 382 (420013 Gflops/s) - 377 (414515 Gflops/s) - 383 (421112 Gflops/s) - 381 (418913 Gflops/s) | Temperatures: 74°C - 71°C - 72°C - 72°C - 72°C - 74°C - 71°C - 74°C | Throttling: None - None - None - None - None - None - None - None
382 (420013 Gflops/s) - 383 (421112 Gflops/s) - 384 (422212 Gflops/s) - 383 (421112 Gflops/s) - 381 (418913 Gflops/s) - 378 (415615 Gflops/s) - 382 (420013 Gflops/s) - 380 (417814 Gflops/s) | Temperatures: 74°C - 72°C - 72°C - 73°C - 72°C - 74°C - 71°C - 74°C | Throttling: None - None - None - None - None - None - None - None
381 (418913 Gflops/s) - 384 (422212 Gflops/s) - 383 (421112 Gflops/s) - 384 (422212 Gflops/s) - 381 (418913 Gflops/s) - 378 (415615 Gflops/s) - 383 (421112 Gflops/s) - 381 (418913 Gflops/s) | Temperatures: 74°C - 72°C - 72°C - 73°C - 72°C - 74°C - 71°C - 74°C | Throttling: None - None - None - None - None - None - None - None
381 (418913 Gflops/s) - 383 (421112 Gflops/s) - 384 (422212 Gflops/s) - 383 (421112 Gflops/s) - 381 (418913 Gflops/s) - 378 (415615 Gflops/s) - 382 (420013 Gflops/s) - 380 (417814 Gflops/s) | Temperatures: 74°C - 72°C - 72°C - 73°C - 72°C - 74°C - 71°C - 74°C | Throttling: None - None - None - None - None - None - None - None
381 (418913 Gflops/s) - 383 (421112 Gflops/s) - 383 (421112 Gflops/s) - 383 (421112 Gflops/s) - 381 (418913 Gflops/s) - 377 (414515 Gflops/s) - 382 (420013 Gflops/s) - 381 (418913 Gflops/s) | Temperatures: 74°C - 72°C - 72°C - 73°C - 72°C - 74°C - 71°C - 74°C | Throttling: None - None - None - None - None - None - None - None
381 (418913 Gflops/s) - 383 (421112 Gflops/s) - 383 (421112 Gflops/s) - 384 (422212 Gflops/s) - 381 (418913 Gflops/s) - 378 (415615 Gflops/s) - 383 (421112 Gflops/s) - 380 (417814 Gflops/s) | Temperatures: 74°C - 71°C - 72°C - 73°C - 72°C - 74°C - 71°C - 74°C | Throttling: None - None - None - None - None - None - None - None
381 (418913 Gflops/s) - 383 (421112 Gflops/s) - 384 (422212 Gflops/s) - 383 (421112 Gflops/s) - 381 (418913 Gflops/s) - 378 (415615 Gflops/s) - 382 (420013 Gflops/s) - 381 (418913 Gflops/s) | Temperatures: 74°C - 72°C - 72°C - 73°C - 73°C - 74°C - 71°C - 74°C | Throttling: None - None - None - None - None - None - None - None
381 (418913 Gflops/s) - 384 (422212 Gflops/s) - 383 (421112 Gflops/s) - 383 (421112 Gflops/s) - 381 (418913 Gflops/s) - 377 (414515 Gflops/s) - 383 (421112 Gflops/s) - 380 (417814 Gflops/s) | Temperatures: 74°C - 72°C - 72°C - 73°C - 73°C - 74°C - 71°C - 74°C | Throttling: None - None - None - None - None - None - None - None
381 (418913 Gflops/s) - 383 (421112 Gflops/s) - 384 (422212 Gflops/s) - 384 (422212 Gflops/s) - 381 (418913 Gflops/s) - 378 (415615 Gflops/s) - 382 (420013 Gflops/s) - 381 (418913 Gflops/s) | Temperatures: 74°C - 71°C - 72°C - 73°C - 72°C - 74°C - 71°C - 74°C | Throttling: None - None - None - None - None - None - None - None
381 (418913 Gflops/s) - 383 (421112 Gflops/s) - 383 (421112 Gflops/s) - 383 (421112 Gflops/s) - 381 (418913 Gflops/s) - 378 (415615 Gflops/s) - 383 (421112 Gflops/s) - 380 (417814 Gflops/s) | Temperatures: 74°C - 72°C - 72°C - 73°C - 73°C - 74°C - 71°C - 74°C | Throttling: None - None - None - None - None - None - None - None
382 (420013 Gflops/s) - 384 (422212 Gflops/s) - 383 (421112 Gflops/s) - 384 (422212 Gflops/s) - 382 (420013 Gflops/s) - 378 (415615 Gflops/s) - 382 (420013 Gflops/s) - 381 (418913 Gflops/s) | Temperatures: 74°C - 72°C - 72°C - 73°C - 72°C - 74°C - 71°C - 74°C | Throttling: None - None - None - None - None - None - None - None
381 (418913 Gflops/s) - 383 (421112 Gflops/s) - 384 (422212 Gflops/s) - 383 (421112 Gflops/s) - 381 (418913 Gflops/s) - 377 (414515 Gflops/s) - 382 (420013 Gflops/s) - 380 (417814 Gflops/s) | Temperatures: 74°C - 72°C - 72°C - 73°C - 72°C - 74°C - 71°C - 74°C | Throttling: None - None - None - None - None - None - None - None
381 (418913 Gflops/s) - 383 (421112 Gflops/s) - 383 (421112 Gflops/s) - 384 (422212 Gflops/s) - 381 (418913 Gflops/s) - 378 (415615 Gflops/s) - 383 (421112 Gflops/s) - 381 (418913 Gflops/s) | Temperatures: 74°C - 71°C - 72°C - 73°C - 73°C - 74°C - 71°C - 74°C | Throttling: None - None - None - None - None - None - None - None
381 (418913 Gflops/s) - 383 (421112 Gflops/s) - 384 (422212 Gflops/s) - 383 (421112 Gflops/s) - 381 (418913 Gflops/s) - 378 (415615 Gflops/s) - 382 (420013 Gflops/s) - 380 (417814 Gflops/s) | Temperatures: 74°C - 71°C - 72°C - 73°C - 72°C - 74°C - 71°C - 74°C | Throttling: None - None - None - None - None - None - None - None
381 (418913 Gflops/s) - 384 (422212 Gflops/s) - 383 (421112 Gflops/s) - 383 (421112 Gflops/s) - 381 (418913 Gflops/s) - 378 (415615 Gflops/s) - 383 (421112 Gflops/s) - 380 (417814 Gflops/s) | Temperatures: 74°C - 72°C - 72°C - 73°C - 72°C - 74°C - 71°C - 74°C | Throttling: None - None - None - None - None - None - None - None
382 (420013 Gflops/s) - 383 (421112 Gflops/s) - 384 (422212 Gflops/s) - 384 (422212 Gflops/s) - 381 (418913 Gflops/s) - 377 (414515 Gflops/s) - 382 (420013 Gflops/s) - 381 (418913 Gflops/s) | Temperatures: 74°C - 72°C - 72°C - 72°C - 72°C - 74°C - 71°C - 74°C | Throttling: None - None - None - None - None - None - None - None
381 (418913 Gflops/s) - 383 (421112 Gflops/s) - 383 (421112 Gflops/s) - 383 (421112 Gflops/s) - 381 (418913 Gflops/s) - 378 (415615 Gflops/s) - 383 (421112 Gflops/s) - 380 (417814 Gflops/s) | Temperatures: 74°C - 72°C - 72°C - 73°C - 73°C - 74°C - 71°C - 74°C | Throttling: None - None - None - None - None - None - None - None
381 (418913 Gflops/s) - 383 (421112 Gflops/s) - 383 (421112 Gflops/s) - 383 (421112 Gflops/s) - 381 (418913 Gflops/s) - 377 (414515 Gflops/s) - 382 (420013 Gflops/s) - 380 (417814 Gflops/s) | Temperatures: 74°C - 72°C - 72°C - 73°C - 73°C - 74°C - 71°C - 74°C | Throttling: None - None - None - None - None - None - None - None
381 (418913 Gflops/s) - 383 (421112 Gflops/s) - 384 (422212 Gflops/s) - 384 (422212 Gflops/s) - 381 (418913 Gflops/s) - 378 (415615 Gflops/s) - 382 (420013 Gflops/s) - 381 (418913 Gflops/s) | Temperatures: 74°C - 72°C - 72°C - 72°C - 73°C - 74°C - 71°C - 74°C | Throttling: None - None - None - None - None - None - None - None
381 (418913 Gflops/s) - 384 (422212 Gflops/s) - 383 (421112 Gflops/s) - 383 (421112 Gflops/s) - 381 (418913 Gflops/s) - 378 (415615 Gflops/s) - 383 (421112 Gflops/s) - 380 (417814 Gflops/s) | Temperatures: 74°C - 72°C - 72°C - 73°C - 73°C - 74°C - 71°C - 74°C | Throttling: None - None - None - None - None - None - None - None
381 (418913 Gflops/s) - 383 (421112 Gflops/s) - 384 (422212 Gflops/s) - 384 (422212 Gflops/s) - 381 (418913 Gflops/s) - 378 (415615 Gflops/s) - 382 (420013 Gflops/s) - 381 (418913 Gflops/s) | Temperatures: 74°C - 72°C - 72°C - 72°C - 73°C - 74°C - 71°C - 74°C | Throttling: None - None - None - None - None - None - None - None
381 (418913 Gflops/s) - 383 (421112 Gflops/s) - 383 (421112 Gflops/s) - 383 (421112 Gflops/s) - 381 (418913 Gflops/s) - 377 (414515 Gflops/s) - 383 (421112 Gflops/s) - 380 (417814 Gflops/s) | Temperatures: 74°C - 72°C - 72°C - 72°C - 73°C - 74°C - 71°C - 74°C | Throttling: None - None - None - None - None - None - None - None
382 (420013 Gflops/s) - 384 (422212 Gflops/s) - 383 (421112 Gflops/s) - 384 (422212 Gflops/s) - 381 (418913 Gflops/s) - 378 (415615 Gflops/s) - 382 (420013 Gflops/s) - 381 (418913 Gflops/s) | Temperatures: 74°C - 72°C - 72°C - 73°C - 73°C - 74°C - 71°C - 74°C | Throttling: None - None - None - None - None - None - None - None
381 (418913 Gflops/s) - 383 (421112 Gflops/s) - 384 (422212 Gflops/s) - 383 (421112 Gflops/s) - 382 (420013 Gflops/s) - 378 (415615 Gflops/s) - 382 (420013 Gflops/s) - 380 (417814 Gflops/s) | Temperatures: 74°C - 72°C - 72°C - 72°C - 73°C - 74°C - 71°C - 74°C | Throttling: None - None - None - None - None - None - None - None
381 (418913 Gflops/s) - 383 (421112 Gflops/s) - 383 (421112 Gflops/s) - 383 (421112 Gflops/s) - 381 (418913 Gflops/s) - 377 (414515 Gflops/s) - 383 (421112 Gflops/s) - 381 (418913 Gflops/s) | Temperatures: 74°C - 72°C - 72°C - 73°C - 73°C - 74°C - 71°C - 74°C | Throttling: None - None - None - None - None - None - None - None
381 (418913 Gflops/s) - 383 (421112 Gflops/s) - 384 (422212 Gflops/s) - 384 (422212 Gflops/s) - 381 (418913 Gflops/s) - 378 (415615 Gflops/s) - 382 (420013 Gflops/s) - 380 (417814 Gflops/s) | Temperatures: 74°C - 72°C - 72°C - 73°C - 73°C - 74°C - 71°C - 74°C | Throttling: None - None - None - None - None - None - None - None
381 (418913 Gflops/s) - 384 (422212 Gflops/s) - 383 (421112 Gflops/s) - 383 (421112 Gflops/s) - 381 (418913 Gflops/s) - 378 (415615 Gflops/s) - 383 (421112 Gflops/s) - 380 (417814 Gflops/s) | Temperatures: 74°C - 72°C - 72°C - 73°C - 73°C - 74°C - 71°C - 74°C | Throttling: None - None - None - None - None - None - None - None
381 (418913 Gflops/s) - 383 (421112 Gflops/s) - 383 (421112 Gflops/s) - 384 (422212 Gflops/s) - 381 (418913 Gflops/s) - 378 (415615 Gflops/s) - 382 (420013 Gflops/s) - 381 (418913 Gflops/s) | Temperatures: 74°C - 72°C - 72°C - 73°C - 73°C - 74°C - 71°C - 74°C | Throttling: None - None - None - None - None - None - None - None
381 (418913 Gflops/s) - 384 (422212 Gflops/s) - 384 (422212 Gflops/s) - 383 (421112 Gflops/s) - 381 (418913 Gflops/s) - 377 (414515 Gflops/s) - 382 (420013 Gflops/s) - 380 (417814 Gflops/s) | Temperatures: 74°C - 72°C - 72°C - 73°C - 73°C - 74°C - 71°C - 74°C | Throttling: None - None - None - None - None - None - None - None
381 (418913 Gflops/s) - 383 (421112 Gflops/s) - 383 (421112 Gflops/s) - 384 (422212 Gflops/s) - 381 (418913 Gflops/s) - 378 (415615 Gflops/s) - 383 (421112 Gflops/s) - 381 (418913 Gflops/s) | Temperatures: 74°C - 72°C - 72°C - 73°C - 73°C - 74°C - 71°C - 74°C | Throttling: None - None - None - None - None - None - None - None
382 (420013 Gflops/s) - 383 (421112 Gflops/s) - 384 (422212 Gflops/s) - 383 (421112 Gflops/s) - 381 (418913 Gflops/s) - 378 (415615 Gflops/s) - 382 (420013 Gflops/s) - 380 (417814 Gflops/s) | Temperatures: 74°C - 72°C - 72°C - 73°C - 73°C - 74°C - 71°C - 74°C | Throttling: None - None - None - None - None - None - None - None
381 (418913 Gflops/s) - 384 (422212 Gflops/s) - 383 (421112 Gflops/s) - 383 (421112 Gflops/s) - 381 (418913 Gflops/s) - 377 (414515 Gflops/s) - 382 (420013 Gflops/s) - 380 (417814 Gflops/s) | Temperatures: 74°C - 72°C - 72°C - 73°C - 73°C - 74°C - 71°C - 74°C | Throttling: None - None - None - None - None - None - None - None
380 (417814 Gflops/s) - 382 (420013 Gflops/s) - 383 (421112 Gflops/s) - 383 (421112 Gflops/s) - 381 (418913 Gflops/s) - 378 (415615 Gflops/s) - 382 (420013 Gflops/s) - 381 (418913 Gflops/s) | Temperatures: 74°C - 72°C - 72°C - 73°C - 73°C - 74°C - 71°C - 74°C | Throttling: None - None - None - None - None - None - None - None
382 (420013 Gflops/s) - 384 (422212 Gflops/s) - 383 (421112 Gflops/s) - 384 (422212 Gflops/s) - 381 (418913 Gflops/s) - 377 (414515 Gflops/s) - 383 (421112 Gflops/s) - 380 (417814 Gflops/s) | Temperatures: 74°C - 72°C - 72°C - 73°C - 73°C - 74°C - 71°C - 74°C | Throttling: None - None - None - None - None - None - None - None
381 (418913 Gflops/s) - 383 (421112 Gflops/s) - 384 (422212 Gflops/s) - 383 (421112 Gflops/s) - 381 (418913 Gflops/s) - 378 (415615 Gflops/s) - 382 (420013 Gflops/s) - 380 (417814 Gflops/s) | Temperatures: 74°C - 72°C - 72°C - 73°C - 73°C - 74°C - 71°C - 74°C | Throttling: None - None - None - None - None - None - None - None
381 (418913 Gflops/s) - 384 (422212 Gflops/s) - 383 (421112 Gflops/s) - 384 (422212 Gflops/s) - 381 (418913 Gflops/s) - 378 (415615 Gflops/s) - 383 (421112 Gflops/s) - 381 (418913 Gflops/s) | Temperatures: 74°C - 72°C - 72°C - 73°C - 73°C - 74°C - 71°C - 74°C | Throttling: None - None - None - None - None - None - None - None
381 (418913 Gflops/s) - 383 (421112 Gflops/s) - 384 (422212 Gflops/s) - 383 (421112 Gflops/s) - 381 (418913 Gflops/s) - 377 (414515 Gflops/s) - 382 (420013 Gflops/s) - 380 (417814 Gflops/s) | Temperatures: 74°C - 72°C - 72°C - 73°C - 73°C - 74°C - 71°C - 74°C | Throttling: None - None - None - None - None - None - None - None
381 (418913 Gflops/s) - 383 (421112 Gflops/s) - 383 (421112 Gflops/s) - 384 (422212 Gflops/s) - 381 (418913 Gflops/s) - 378 (415615 Gflops/s) - 382 (420013 Gflops/s) - 381 (418913 Gflops/s) | Temperatures: 74°C - 72°C - 72°C - 73°C - 73°C - 74°C - 71°C - 74°C | Throttling: None - None - None - None - None - None - None - None
381 (418913 Gflops/s) - 384 (422212 Gflops/s) - 384 (422212 Gflops/s) - 383 (421112 Gflops/s) - 381 (418913 Gflops/s) - 378 (415615 Gflops/s) - 383 (421112 Gflops/s) - 380 (417814 Gflops/s) | Temperatures: 74°C - 72°C - 72°C - 73°C - 73°C - 74°C - 71°C - 74°C | Throttling: None - None - None - None - None - None - None - None
382 (420013 Gflops/s) - 383 (421112 Gflops/s) - 383 (421112 Gflops/s) - 383 (421112 Gflops/s) - 381 (418913 Gflops/s) - 378 (415615 Gflops/s) - 382 (420013 Gflops/s) - 381 (418913 Gflops/s) | Temperatures: 74°C - 72°C - 72°C - 73°C - 73°C - 74°C - 71°C - 74°C | Throttling: None - None - None - None - None - None - None - None
381 (418913 Gflops/s) - 383 (421112 Gflops/s) - 383 (421112 Gflops/s) - 384 (422212 Gflops/s) - 381 (418913 Gflops/s) - 377 (414515 Gflops/s) - 382 (420013 Gflops/s) - 380 (417814 Gflops/s) | Temperatures: 74°C - 72°C - 72°C - 73°C - 73°C - 74°C - 71°C - 74°C | Throttling: None - None - None - None - None - None - None - None
381 (418913 Gflops/s) - 384 (422212 Gflops/s) - 384 (422212 Gflops/s) - 383 (421112 Gflops/s) - 382 (420013 Gflops/s) - 378 (415615 Gflops/s) - 383 (421112 Gflops/s) - 381 (418913 Gflops/s) | Temperatures: 74°C - 72°C - 72°C - 73°C - 73°C - 74°C - 71°C - 74°C | Throttling: None - None - None - None - None - None - None - None
381 (418913 Gflops/s) - 383 (421112 Gflops/s) - 383 (421112 Gflops/s) - 384 (422212 Gflops/s) - 381 (418913 Gflops/s) - 378 (415615 Gflops/s) - 382 (420013 Gflops/s) - 380 (417814 Gflops/s) | Temperatures: 74°C - 72°C - 72°C - 73°C - 73°C - 74°C - 71°C - 74°C | Throttling: None - None - None - None - None - None - None - None
381 (418913 Gflops/s) - 383 (421112 Gflops/s) - 384 (422212 Gflops/s) - 383 (421112 Gflops/s) - 381 (418913 Gflops/s) - 377 (414515 Gflops/s) - 383 (421112 Gflops/s) - 381 (418913 Gflops/s) | Temperatures: 74°C - 72°C - 72°C - 73°C - 73°C - 74°C - 71°C - 74°C | Throttling: None - None - None - None - None - None - None - None
381 (418913 Gflops/s) - 384 (422212 Gflops/s) - 383 (421112 Gflops/s) - 383 (421112 Gflops/s) - 381 (418913 Gflops/s) - 378 (415615 Gflops/s) - 382 (420013 Gflops/s) - 380 (417814 Gflops/s) | Temperatures: 74°C - 72°C - 72°C - 73°C - 73°C - 74°C - 71°C - 74°C | Throttling: None - None - None - None - None - None - None - None
381 (418913 Gflops/s) - 383 (421112 Gflops/s) - 383 (421112 Gflops/s) - 384 (422212 Gflops/s) - 381 (418913 Gflops/s) - 377 (414515 Gflops/s) - 382 (420013 Gflops/s) - 381 (418913 Gflops/s) | Temperatures: 74°C - 72°C - 72°C - 73°C - 73°C - 74°C - 71°C - 74°C | Throttling: None - None - None - None - None - None - None - None
381 (418913 Gflops/s) - 383 (421112 Gflops/s) - 383 (421112 Gflops/s) - 383 (421112 Gflops/s) - 380 (417814 Gflops/s) - 378 (415615 Gflops/s) - 382 (420013 Gflops/s) - 380 (417814 Gflops/s) | Temperatures: 74°C - 72°C - 72°C - 73°C - 73°C - 74°C - 71°C - 74°C | Throttling: None - None - None - None - None - None - None - None
381 (418913 Gflops/s) - 383 (421112 Gflops/s) - 384 (422212 Gflops/s) - 383 (421112 Gflops/s) - 381 (418913 Gflops/s) - 377 (414515 Gflops/s) - 383 (421112 Gflops/s) - 380 (417814 Gflops/s) | Temperatures: 74°C - 72°C - 72°C - 73°C - 73°C - 74°C - 71°C - 74°C | Throttling: None - None - None - None - None - None - None - None
381 (418913 Gflops/s) - 383 (421112 Gflops/s) - 383 (421112 Gflops/s) - 384 (422212 Gflops/s) - 381 (418913 Gflops/s) - 378 (415615 Gflops/s) - 382 (420013 Gflops/s) - 380 (417814 Gflops/s) | Temperatures: 74°C - 72°C - 72°C - 73°C - 73°C - 74°C - 71°C - 74°C | Throttling: None - None - None - None - None - None - None - None
381 (418913 Gflops/s) - 384 (422212 Gflops/s) - 383 (421112 Gflops/s) - 383 (421112 Gflops/s) - 382 (420013 Gflops/s) - 378 (415615 Gflops/s) - 382 (420013 Gflops/s) - 381 (418913 Gflops/s) | Temperatures: 74°C - 72°C - 72°C - 73°C - 73°C - 74°C - 71°C - 74°C | Throttling: None - None - None - None - None - None - None - None
382 (420013 Gflops/s) - 383 (421112 Gflops/s) - 384 (422212 Gflops/s) - 383 (421112 Gflops/s) - 381 (418913 Gflops/s) - 377 (414515 Gflops/s) - 382 (420013 Gflops/s) - 380 (417814 Gflops/s) | Temperatures: 74°C - 72°C - 72°C - 73°C - 73°C - 74°C - 71°C - 74°C | Throttling: None - None - None - None - None - None - None - None
381 (418913 Gflops/s) - 383 (421112 Gflops/s) - 383 (421112 Gflops/s) - 384 (422212 Gflops/s) - 381 (418913 Gflops/s) - 378 (415615 Gflops/s) - 383 (421112 Gflops/s) - 381 (418913 Gflops/s) | Temperatures: 74°C - 72°C - 72°C - 73°C - 73°C - 74°C - 71°C - 74°C | Throttling: None - None - None - None - None - None - None - None
381 (418913 Gflops/s) - 384 (422212 Gflops/s) - 384 (422212 Gflops/s) - 383 (421112 Gflops/s) - 381 (418913 Gflops/s) - 377 (414515 Gflops/s) - 382 (420013 Gflops/s) - 380 (417814 Gflops/s) | Temperatures: 74°C - 72°C - 72°C - 73°C - 73°C - 74°C - 71°C - 74°C | Throttling: None - None - None - None - None - None - None - None
381 (418913 Gflops/s) - 383 (421112 Gflops/s) - 383 (421112 Gflops/s) - 384 (422212 Gflops/s) - 381 (418913 Gflops/s) - 378 (415615 Gflops/s) - 382 (420013 Gflops/s) - 381 (418913 Gflops/s) | Temperatures: 74°C - 72°C - 72°C - 73°C - 73°C - 74°C - 71°C - 74°C | Throttling: None - None - None - None - None - None - None - None
381 (418913 Gflops/s) - 383 (421112 Gflops/s) - 383 (421112 Gflops/s) - 384 (422212 Gflops/s) - 381 (418913 Gflops/s) - 378 (415615 Gflops/s) - 383 (421112 Gflops/s) - 380 (417814 Gflops/s) | Temperatures: 74°C - 72°C - 72°C - 73°C - 73°C - 74°C - 71°C - 74°C | Throttling: None - None - None - None - None - None - None - None
381 (418913 Gflops/s) - 383 (421112 Gflops/s) - 384 (422212 Gflops/s) - 384 (422212 Gflops/s) - 381 (418913 Gflops/s) - 377 (414515 Gflops/s) - 382 (420013 Gflops/s) - 380 (417814 Gflops/s) | Temperatures: 74°C - 72°C - 72°C - 73°C - 73°C - 74°C - 71°C - 74°C | Throttling: None - None - None - None - None - None - None - None
381 (418913 Gflops/s) - 384 (422212 Gflops/s) - 383 (421112 Gflops/s) - 384 (422212 Gflops/s) - 381 (418913 Gflops/s) - 378 (415615 Gflops/s) - 382 (420013 Gflops/s) - 381 (418913 Gflops/s) | Temperatures: 74°C - 72°C - 72°C - 73°C - 73°C - 74°C - 71°C - 74°C | Throttling: None - None - None - None - None - None - None - None
381 (418913 Gflops/s) - 383 (421112 Gflops/s) - 383 (421112 Gflops/s) - 384 (422212 Gflops/s) - 381 (418913 Gflops/s) - 377 (414515 Gflops/s) - 382 (420013 Gflops/s) - 380 (417814 Gflops/s) | Temperatures: 74°C - 72°C - 72°C - 73°C - 73°C - 74°C - 71°C - 74°C | Throttling: None - None - None - None - None - None - None - None
381 (418913 Gflops/s) - 383 (421112 Gflops/s) - 384 (422212 Gflops/s) - 384 (422212 Gflops/s) - 381 (418913 Gflops/s) - 378 (415615 Gflops/s) - 383 (421112 Gflops/s) - 380 (417814 Gflops/s) | Temperatures: 74°C - 72°C - 72°C - 73°C - 73°C - 74°C - 71°C - 74°C | Throttling: None - None - None - None - None - None - None - None
381 (418913 Gflops/s) - 383 (421112 Gflops/s) - 383 (421112 Gflops/s) - 384 (422212 Gflops/s) - 381 (418913 Gflops/s) - 377 (414515 Gflops/s) - 382 (420013 Gflops/s) - 381 (418913 Gflops/s) | Temperatures: 74°C - 72°C - 72°C - 73°C - 73°C - 74°C - 71°C - 74°C | Throttling: None - None - None - None - None - None - None - None
381 (418913 Gflops/s) - 383 (421112 Gflops/s) - 383 (421112 Gflops/s) - 384 (422212 Gflops/s) - 380 (417814 Gflops/s) - 377 (414515 Gflops/s) - 382 (420013 Gflops/s) - 380 (417814 Gflops/s) | Temperatures: 74°C - 72°C - 72°C - 73°C - 73°C - 74°C - 71°C - 74°C | Throttling: None - None - None - None - None - None - None - None
381 (418913 Gflops/s) - 384 (422212 Gflops/s) - 383 (421112 Gflops/s) - 384 (422212 Gflops/s) - 381 (418913 Gflops/s) - 378 (415615 Gflops/s) - 382 (420013 Gflops/s) - 380 (417814 Gflops/s) | Temperatures: 74°C - 72°C - 72°C - 73°C - 73°C - 74°C - 71°C - 74°C | Throttling: None - None - None - None - None - None - None - None
381 (418913 Gflops/s) - 383 (421112 Gflops/s) - 384 (422212 Gflops/s) - 384 (422212 Gflops/s) - 381 (418913 Gflops/s) - 378 (415615 Gflops/s) - 382 (420013 Gflops/s) - 380 (417814 Gflops/s) | Temperatures: 75°C - 72°C - 72°C - 73°C - 73°C - 74°C - 71°C - 74°C | Throttling: None - None - None - None - None - None - None - None
381 (418913 Gflops/s) - 383 (421112 Gflops/s) - 383 (421112 Gflops/s) - 384 (422212 Gflops/s) - 381 (418913 Gflops/s) - 377 (414515 Gflops/s) - 383 (421112 Gflops/s) - 381 (418913 Gflops/s) | Temperatures: 75°C - 72°C - 72°C - 73°C - 73°C - 74°C - 71°C - 74°C | Throttling: None - None - None - None - None - None - None - None
381 (418913 Gflops/s) - 383 (421112 Gflops/s) - 383 (421112 Gflops/s) - 384 (422212 Gflops/s) - 381 (418913 Gflops/s) - 378 (415615 Gflops/s) - 382 (420013 Gflops/s) - 380 (417814 Gflops/s) | Temperatures: 74°C - 72°C - 72°C - 73°C - 73°C - 74°C - 71°C - 74°C | Throttling: None - None - None - None - None - None - None - None
381 (418913 Gflops/s) - 384 (422212 Gflops/s) - 383 (421112 Gflops/s) - 384 (422212 Gflops/s) - 381 (418913 Gflops/s) - 377 (414515 Gflops/s) - 382 (420013 Gflops/s) - 381 (418913 Gflops/s) | Temperatures: 75°C - 72°C - 72°C - 73°C - 73°C - 74°C - 71°C - 74°C | Throttling: None - None - None - None - None - None - None - None
381 (418913 Gflops/s) - 383 (421112 Gflops/s) - 384 (422212 Gflops/s) - 384 (422212 Gflops/s) - 381 (418913 Gflops/s) - 378 (415615 Gflops/s) - 382 (420013 Gflops/s) - 380 (417814 Gflops/s) | Temperatures: 74°C - 72°C - 72°C - 73°C - 73°C - 74°C - 71°C - 74°C | Throttling: None - None - None - None - None - None - None - None
381 (418913 Gflops/s) - 383 (421112 Gflops/s) - 383 (421112 Gflops/s) - 384 (422212 Gflops/s) - 381 (418913 Gflops/s) - 377 (414515 Gflops/s) - 383 (421112 Gflops/s) - 380 (417814 Gflops/s) | Temperatures: 75°C - 72°C - 72°C - 73°C - 73°C - 74°C - 71°C - 74°C | Throttling: None - None - None - None - None - None - None - None
381 (418913 Gflops/s) - 383 (421112 Gflops/s) - 383 (421112 Gflops/s) - 384 (422212 Gflops/s) - 381 (418913 Gflops/s) - 378 (415615 Gflops/s) - 382 (420013 Gflops/s) - 381 (418913 Gflops/s) | Temperatures: 75°C - 72°C - 72°C - 73°C - 73°C - 74°C - 71°C - 74°C | Throttling: None - None - None - None - None - None - None - None
381 (418913 Gflops/s) - 383 (421112 Gflops/s) - 384 (422212 Gflops/s) - 384 (422212 Gflops/s) - 381 (418913 Gflops/s) - 377 (414515 Gflops/s) - 382 (420013 Gflops/s) - 380 (417814 Gflops/s) | Temperatures: 75°C - 72°C - 72°C - 73°C - 73°C - 74°C - 71°C - 74°C | Throttling: None - None - None - None - None - None - None - None
381 (418913 Gflops/s) - 384 (422212 Gflops/s) - 383 (421112 Gflops/s) - 384 (422212 Gflops/s) - 381 (418913 Gflops/s) - 378 (415615 Gflops/s) - 383 (421112 Gflops/s) - 380 (417814 Gflops/s) | Temperatures: 75°C - 72°C - 72°C - 73°C - 73°C - 74°C - 71°C - 74°C | Throttling: None - None - None - None - None - None - None - None
381 (418913 Gflops/s) - 383 (421112 Gflops/s) - 383 (421112 Gflops/s) - 384 (422212 Gflops/s) - 381 (418913 Gflops/s) - 377 (414515 Gflops/s) - 382 (420013 Gflops/s) - 380 (417814 Gflops/s) | Temperatures: 75°C - 72°C - 72°C - 73°C - 73°C - 74°C - 71°C - 74°C | Throttling: None - None - None - None - None - None - None - None
381 (418913 Gflops/s) - 383 (421112 Gflops/s) - 383 (421112 Gflops/s) - 384 (422212 Gflops/s) - 381 (418913 Gflops/s) - 378 (415615 Gflops/s) - 382 (420013 Gflops/s) - 381 (418913 Gflops/s) | Temperatures: 75°C - 72°C - 72°C - 73°C - 73°C - 74°C - 71°C - 74°C | Throttling: None - None - None - None - None - None - None - None
381 (418913 Gflops/s) - 383 (421112 Gflops/s) - 384 (422212 Gflops/s) - 384 (422212 Gflops/s) - 381 (418913 Gflops/s) - 378 (415615 Gflops/s) - 382 (420013 Gflops/s) - 380 (417814 Gflops/s) | Temperatures: 75°C - 72°C - 72°C - 73°C - 73°C - 74°C - 71°C - 74°C | Throttling: None - None - None - None - None - None - None - None
381 (418913 Gflops/s) - 383 (421112 Gflops/s) - 383 (421112 Gflops/s) - 383 (421112 Gflops/s) - 381 (418913 Gflops/s) - 377 (414515 Gflops/s) - 382 (420013 Gflops/s) - 380 (417814 Gflops/s) | Temperatures: 75°C - 72°C - 72°C - 73°C - 73°C - 74°C - 71°C - 74°C | Throttling: None - None - None - None - None - None - None - None
381 (418913 Gflops/s) - 383 (421112 Gflops/s) - 383 (421112 Gflops/s) - 384 (422212 Gflops/s) - 381 (418913 Gflops/s) - 377 (414515 Gflops/s) - 382 (420013 Gflops/s) - 380 (417814 Gflops/s) | Temperatures: 75°C - 72°C - 72°C - 73°C - 73°C - 74°C - 71°C - 74°C | Throttling: None - None - None - None - None - None - None - None
381 (418913 Gflops/s) - 384 (422212 Gflops/s) - 383 (421112 Gflops/s) - 384 (422212 Gflops/s) - 381 (418913 Gflops/s) - 378 (415615 Gflops/s) - 383 (421112 Gflops/s) - 381 (418913 Gflops/s) | Temperatures: 75°C - 72°C - 72°C - 73°C - 73°C - 74°C - 71°C - 74°C | Throttling: None - None - None - None - None - None - None - None
381 (418913 Gflops/s) - 383 (421112 Gflops/s) - 383 (421112 Gflops/s) - 384 (422212 Gflops/s) - 381 (418913 Gflops/s) - 377 (414515 Gflops/s) - 382 (420013 Gflops/s) - 380 (417814 Gflops/s) | Temperatures: 75°C - 72°C - 72°C - 73°C - 73°C - 74°C - 71°C - 74°C | Throttling: None - None - None - None - None - None - None - None
381 (418913 Gflops/s) - 383 (421112 Gflops/s) - 384 (422212 Gflops/s) - 384 (422212 Gflops/s) - 381 (418913 Gflops/s) - 378 (415615 Gflops/s) - 382 (420013 Gflops/s) - 380 (417814 Gflops/s) | Temperatures: 75°C - 72°C - 72°C - 73°C - 73°C - 74°C - 71°C - 74°C | Throttling: None - None - None - None - None - None - None - None
381 (418913 Gflops/s) - 383 (421112 Gflops/s) - 383 (421112 Gflops/s) - 384 (422212 Gflops/s) - 381 (418913 Gflops/s) - 377 (414515 Gflops/s) - 383 (421112 Gflops/s) - 381 (418913 Gflops/s) | Temperatures: 75°C - 72°C - 72°C - 73°C - 73°C - 74°C - 71°C - 74°C | Throttling: None - None - None - None - None - None - None - None
381 (418913 Gflops/s) - 383 (421112 Gflops/s) - 383 (421112 Gflops/s) - 384 (422212 Gflops/s) - 381 (418913 Gflops/s) - 378 (415615 Gflops/s) - 382 (420013 Gflops/s) - 380 (417814 Gflops/s) | Temperatures: 75°C - 72°C - 72°C - 73°C - 73°C - 74°C - 71°C - 74°C | Throttling: None - None - None - None - None - None - None - None
381 (418913 Gflops/s) - 384 (422212 Gflops/s) - 384 (422212 Gflops/s) - 384 (422212 Gflops/s) - 381 (418913 Gflops/s) - 378 (415615 Gflops/s) - 382 (420013 Gflops/s) - 381 (418913 Gflops/s) | Temperatures: 74°C - 72°C - 72°C - 73°C - 73°C - 74°C - 71°C - 74°C | Throttling: None - None - None - None - None - None - None - None
381 (418913 Gflops/s) - 383 (421112 Gflops/s) - 383 (421112 Gflops/s) - 384 (422212 Gflops/s) - 381 (418913 Gflops/s) - 377 (414515 Gflops/s) - 382 (420013 Gflops/s) - 380 (417814 Gflops/s) | Temperatures: 74°C - 72°C - 72°C - 73°C - 73°C - 74°C - 71°C - 74°C | Throttling: None - None - None - None - None - None - None - None
381 (418913 Gflops/s) - 383 (421112 Gflops/s) - 383 (421112 Gflops/s) - 384 (422212 Gflops/s) - 381 (418913 Gflops/s) - 378 (415615 Gflops/s) - 382 (420013 Gflops/s) - 380 (417814 Gflops/s) | Temperatures: 74°C - 72°C - 72°C - 73°C - 73°C - 74°C - 71°C - 74°C | Throttling: None - None - None - None - None - None - None - None
381 (418913 Gflops/s) - 383 (421112 Gflops/s) - 384 (422212 Gflops/s) - 385 (423311 Gflops/s) - 381 (418913 Gflops/s) - 377 (414515 Gflops/s) - 383 (421112 Gflops/s) - 381 (418913 Gflops/s) | Temperatures: 74°C - 72°C - 72°C - 73°C - 73°C - 74°C - 71°C - 74°C | Throttling: None - None - None - None - None - None - None - None
381 (418913 Gflops/s) - 384 (422212 Gflops/s) - 383 (421112 Gflops/s) - 384 (422212 Gflops/s) - 381 (418913 Gflops/s) - 378 (415615 Gflops/s) - 382 (420013 Gflops/s) - 380 (417814 Gflops/s) | Temperatures: 74°C - 72°C - 72°C - 73°C - 73°C - 74°C - 71°C - 74°C | Throttling: None - None - None - None - None - None - None - None
381 (418913 Gflops/s) - 383 (421112 Gflops/s) - 383 (421112 Gflops/s) - 384 (422212 Gflops/s) - 381 (418913 Gflops/s) - 377 (414515 Gflops/s) - 382 (420013 Gflops/s) - 380 (417814 Gflops/s) | Temperatures: 74°C - 72°C - 72°C - 73°C - 73°C - 74°C - 71°C - 74°C | Throttling: None - None - None - None - None - None - None - None
382 (420013 Gflops/s) - 383 (421112 Gflops/s) - 384 (422212 Gflops/s) - 384 (422212 Gflops/s) - 381 (418913 Gflops/s) - 378 (415615 Gflops/s) - 383 (421112 Gflops/s) - 381 (418913 Gflops/s) | Temperatures: 74°C - 72°C - 72°C - 73°C - 73°C - 74°C - 71°C - 74°C | Throttling: None - None - None - None - None - None - None - None
380 (417814 Gflops/s) - 383 (421112 Gflops/s) - 382 (420013 Gflops/s) - 383 (421112 Gflops/s) - 381 (418913 Gflops/s) - 377 (414515 Gflops/s) - 381 (418913 Gflops/s) - 380 (417814 Gflops/s) | Temperatures: 74°C - 72°C - 72°C - 73°C - 73°C - 74°C - 71°C - 74°C | Throttling: None - None - None - None - None - None - None - None
381 (418913 Gflops/s) - 383 (421112 Gflops/s) - 384 (422212 Gflops/s) - 384 (422212 Gflops/s) - 381 (418913 Gflops/s) - 377 (414515 Gflops/s) - 383 (421112 Gflops/s) - 380 (417814 Gflops/s) | Temperatures: 74°C - 72°C - 72°C - 73°C - 73°C - 74°C - 71°C - 74°C | Throttling: None - None - None - None - None - None - None - None
381 (418913 Gflops/s) - 383 (421112 Gflops/s) - 383 (421112 Gflops/s) - 384 (422212 Gflops/s) - 381 (418913 Gflops/s) - 378 (415615 Gflops/s) - 382 (420013 Gflops/s) - 380 (417814 Gflops/s) | Temperatures: 74°C - 72°C - 72°C - 73°C - 73°C - 74°C - 71°C - 74°C | Throttling: None - None - None - None - None - None - None - None
382 (420013 Gflops/s) - 384 (422212 Gflops/s) - 384 (422212 Gflops/s) - 384 (422212 Gflops/s) - 381 (418913 Gflops/s) - 377 (414515 Gflops/s) - 382 (420013 Gflops/s) - 381 (418913 Gflops/s) | Temperatures: 74°C - 72°C - 72°C - 73°C - 73°C - 74°C - 71°C - 74°C | Throttling: None - None - None - None - None - None - None - None
381 (418913 Gflops/s) - 383 (421112 Gflops/s) - 383 (421112 Gflops/s) - 384 (422212 Gflops/s) - 381 (418913 Gflops/s) - 378 (415615 Gflops/s) - 383 (421112 Gflops/s) - 380 (417814 Gflops/s) | Temperatures: 74°C - 72°C - 72°C - 73°C - 73°C - 74°C - 71°C - 74°C | Throttling: None - None - None - None - None - None - None - None
381 (418913 Gflops/s) - 383 (421112 Gflops/s) - 383 (421112 Gflops/s) - 384 (422212 Gflops/s) - 381 (418913 Gflops/s) - 377 (414515 Gflops/s) - 382 (420013 Gflops/s) - 380 (417814 Gflops/s) | Temperatures: 74°C - 72°C - 72°C - 73°C - 73°C - 74°C - 71°C - 74°C | Throttling: None - None - None - None - None - None - None - None
381 (418913 Gflops/s) - 383 (421112 Gflops/s) - 384 (422212 Gflops/s) - 384 (422212 Gflops/s) - 381 (418913 Gflops/s) - 378 (415615 Gflops/s) - 382 (420013 Gflops/s) - 381 (418913 Gflops/s) | Temperatures: 74°C - 72°C - 72°C - 73°C - 73°C - 74°C - 71°C - 74°C | Throttling: None - None - None - None - None - None - None - None
381 (418913 Gflops/s) - 384 (422212 Gflops/s) - 383 (421112 Gflops/s) - 385 (423311 Gflops/s) - 381 (418913 Gflops/s) - 378 (415615 Gflops/s) - 382 (420013 Gflops/s) - 380 (417814 Gflops/s) | Temperatures: 74°C - 72°C - 72°C - 73°C - 73°C - 74°C - 71°C - 74°C | Throttling: None - None - None - None - None - None - None - None
381 (418913 Gflops/s) - 383 (421112 Gflops/s) - 383 (421112 Gflops/s) - 384 (422212 Gflops/s) - 381 (418913 Gflops/s) - 377 (414515 Gflops/s) - 383 (421112 Gflops/s) - 381 (418913 Gflops/s) | Temperatures: 74°C - 72°C - 72°C - 73°C - 73°C - 74°C - 71°C - 74°C | Throttling: None - None - None - None - None - None - None - None
381 (418913 Gflops/s) - 383 (421112 Gflops/s) - 384 (422212 Gflops/s) - 384 (422212 Gflops/s) - 381 (418913 Gflops/s) - 378 (415615 Gflops/s) - 382 (420013 Gflops/s) - 380 (417814 Gflops/s) | Temperatures: 74°C - 72°C - 72°C - 73°C - 73°C - 74°C - 71°C - 74°C | Throttling: None - None - None - None - None - None - None - None
382 (420013 Gflops/s) - 384 (422212 Gflops/s) - 383 (421112 Gflops/s) - 384 (422212 Gflops/s) - 381 (418913 Gflops/s) - 377 (414515 Gflops/s) - 382 (420013 Gflops/s) - 380 (417814 Gflops/s) | Temperatures: 74°C - 72°C - 72°C - 73°C - 73°C - 74°C - 71°C - 74°C | Throttling: None - None - None - None - None - None - None - None
381 (418913 Gflops/s) - 383 (421112 Gflops/s) - 384 (422212 Gflops/s) - 384 (422212 Gflops/s) - 381 (418913 Gflops/s) - 378 (415615 Gflops/s) - 382 (420013 Gflops/s) - 381 (418913 Gflops/s) | Temperatures: 74°C - 72°C - 72°C - 73°C - 73°C - 74°C - 71°C - 74°C | Throttling: None - None - None - None - None - None - None - None
381 (418913 Gflops/s) - 383 (421112 Gflops/s) - 383 (421112 Gflops/s) - 384 (422212 Gflops/s) - 381 (418913 Gflops/s) - 377 (414515 Gflops/s) - 383 (421112 Gflops/s) - 380 (417814 Gflops/s) | Temperatures: 74°C - 72°C - 72°C - 73°C - 73°C - 74°C - 71°C - 74°C | Throttling: None - None - None - None - None - None - None - None
381 (418913 Gflops/s) - 383 (421112 Gflops/s) - 383 (421112 Gflops/s) - 384 (422212 Gflops/s) - 381 (418913 Gflops/s) - 377 (414515 Gflops/s) - 382 (420013 Gflops/s) - 380 (417814 Gflops/s) | Temperatures: 74°C - 72°C - 72°C - 73°C - 73°C - 74°C - 71°C - 74°C | Throttling: None - None - None - None - None - None - None - None
381 (418913 Gflops/s) - 384 (422212 Gflops/s) - 384 (422212 Gflops/s) - 384 (422212 Gflops/s) - 381 (418913 Gflops/s) - 378 (415615 Gflops/s) - 382 (420013 Gflops/s) - 381 (418913 Gflops/s) | Temperatures: 74°C - 72°C - 72°C - 73°C - 73°C - 74°C - 71°C - 74°C | Throttling: None - None - None - None - None - None - None - None
381 (418913 Gflops/s) - 383 (421112 Gflops/s) - 383 (421112 Gflops/s) - 384 (422212 Gflops/s) - 381 (418913 Gflops/s) - 377 (414515 Gflops/s) - 382 (420013 Gflops/s) - 380 (417814 Gflops/s) | Temperatures: 74°C - 72°C - 72°C - 73°C - 73°C - 74°C - 71°C - 74°C | Throttling: None - None - None - None - None - None - None - None
381 (418913 Gflops/s) - 383 (421112 Gflops/s) - 383 (421112 Gflops/s) - 384 (422212 Gflops/s) - 381 (418913 Gflops/s) - 378 (415615 Gflops/s) - 383 (421112 Gflops/s) - 380 (417814 Gflops/s) | Temperatures: 74°C - 72°C - 72°C - 73°C - 73°C - 74°C - 71°C - 74°C | Throttling: None - None - None - None - None - None - None - None
381 (418913 Gflops/s) - 383 (421112 Gflops/s) - 384 (422212 Gflops/s) - 384 (422212 Gflops/s) - 381 (418913 Gflops/s) - 378 (415615 Gflops/s) - 382 (420013 Gflops/s) - 381 (418913 Gflops/s) | Temperatures: 74°C - 72°C - 72°C - 73°C - 73°C - 74°C - 71°C - 74°C | Throttling: None - None - None - None - None - None - None - None
381 (418913 Gflops/s) - 384 (422212 Gflops/s) - 383 (421112 Gflops/s) - 384 (422212 Gflops/s) - 382 (420013 Gflops/s) - 377 (414515 Gflops/s) - 382 (420013 Gflops/s) - 380 (417814 Gflops/s) | Temperatures: 74°C - 72°C - 72°C - 73°C - 73°C - 74°C - 71°C - 74°C | Throttling: None - None - None - None - None - None - None - None
381 (418913 Gflops/s) - 383 (421112 Gflops/s) - 384 (422212 Gflops/s) - 384 (422212 Gflops/s) - 381 (418913 Gflops/s) - 378 (415615 Gflops/s) - 383 (421112 Gflops/s) - 381 (418913 Gflops/s) | Temperatures: 74°C - 72°C - 72°C - 73°C - 73°C - 74°C - 71°C - 74°C | Throttling: None - None - None - None - None - None - None - None
381 (418913 Gflops/s) - 383 (421112 Gflops/s) - 383 (421112 Gflops/s) - 385 (423311 Gflops/s) - 381 (418913 Gflops/s) - 377 (414515 Gflops/s) - 382 (420013 Gflops/s) - 380 (417814 Gflops/s) | Temperatures: 74°C - 72°C - 72°C - 73°C - 73°C - 74°C - 71°C - 74°C | Throttling: None - None - None - None - None - None - None - None
382 (420013 Gflops/s) - 384 (422212 Gflops/s) - 384 (422212 Gflops/s) - 384 (422212 Gflops/s) - 381 (418913 Gflops/s) - 378 (415615 Gflops/s) - 382 (420013 Gflops/s) - 381 (418913 Gflops/s) | Temperatures: 74°C - 72°C - 72°C - 73°C - 73°C - 74°C - 71°C - 74°C | Throttling: None - None - None - None - None - None - None - None
380 (417814 Gflops/s) - 383 (421112 Gflops/s) - 383 (421112 Gflops/s) - 384 (422212 Gflops/s) - 381 (418913 Gflops/s) - 377 (414515 Gflops/s) - 382 (420013 Gflops/s) - 380 (417814 Gflops/s) | Temperatures: 74°C - 72°C - 72°C - 73°C - 73°C - 74°C - 71°C - 74°C | Throttling: None - None - None - None - None - None - None - None
382 (420013 Gflops/s) - 383 (421112 Gflops/s) - 383 (421112 Gflops/s) - 384 (422212 Gflops/s) - 381 (418913 Gflops/s) - 378 (415615 Gflops/s) - 383 (421112 Gflops/s) - 380 (417814 Gflops/s) | Temperatures: 74°C - 72°C - 72°C - 73°C - 72°C - 74°C - 71°C - 74°C | Throttling: None - None - None - None - None - None - None - None
381 (418913 Gflops/s) - 383 (421112 Gflops/s) - 384 (422212 Gflops/s) - 384 (422212 Gflops/s) - 381 (418913 Gflops/s) - 378 (415615 Gflops/s) - 382 (420013 Gflops/s) - 381 (418913 Gflops/s) | Temperatures: 74°C - 72°C - 72°C - 73°C - 73°C - 74°C - 71°C - 74°C | Throttling: None - None - None - None - None - None - None - None
381 (418913 Gflops/s) - 384 (422212 Gflops/s) - 383 (421112 Gflops/s) - 384 (422212 Gflops/s) - 381 (418913 Gflops/s) - 377 (414515 Gflops/s) - 382 (420013 Gflops/s) - 380 (417814 Gflops/s) | Temperatures: 74°C - 72°C - 72°C - 73°C - 73°C - 74°C - 71°C - 74°C | Throttling: None - None - None - None - None - None - None - None
381 (418913 Gflops/s) - 383 (421112 Gflops/s) - 384 (422212 Gflops/s) - 384 (422212 Gflops/s) - 381 (418913 Gflops/s) - 378 (415615 Gflops/s) - 383 (421112 Gflops/s) - 381 (418913 Gflops/s) | Temperatures: 74°C - 72°C - 72°C - 73°C - 72°C - 74°C - 71°C - 74°C | Throttling: None - None - None - None - None - None - None - None
381 (418913 Gflops/s) - 383 (421112 Gflops/s) - 383 (421112 Gflops/s) - 384 (422212 Gflops/s) - 381 (418913 Gflops/s) - 377 (414515 Gflops/s) - 382 (420013 Gflops/s) - 380 (417814 Gflops/s) | Temperatures: 74°C - 72°C - 72°C - 73°C - 73°C - 74°C - 71°C - 74°C | Throttling: None - None - None - None - None - None - None - None
381 (418913 Gflops/s) - 384 (422212 Gflops/s) - 383 (421112 Gflops/s) - 384 (422212 Gflops/s) - 381 (418913 Gflops/s) - 378 (415615 Gflops/s) - 382 (420013 Gflops/s) - 381 (418913 Gflops/s) | Temperatures: 74°C - 72°C - 72°C - 73°C - 73°C - 74°C - 71°C - 74°C | Throttling: None - None - None - None - None - None - None - None
381 (418913 Gflops/s) - 383 (421112 Gflops/s) - 384 (422212 Gflops/s) - 385 (423311 Gflops/s) - 381 (418913 Gflops/s) - 378 (415615 Gflops/s) - 383 (421112 Gflops/s) - 380 (417814 Gflops/s) | Temperatures: 74°C - 72°C - 72°C - 72°C - 72°C - 74°C - 71°C - 74°C | Throttling: None - None - None - None - None - None - None - None
382 (420013 Gflops/s) - 384 (422212 Gflops/s) - 383 (421112 Gflops/s) - 384 (422212 Gflops/s) - 382 (420013 Gflops/s) - 377 (414515 Gflops/s) - 382 (420013 Gflops/s) - 381 (418913 Gflops/s) | Temperatures: 74°C - 71°C - 72°C - 72°C - 72°C - 74°C - 71°C - 74°C | Throttling: None - None - None - None - None - None - None - None
381 (418913 Gflops/s) - 383 (421112 Gflops/s) - 384 (422212 Gflops/s) - 384 (422212 Gflops/s) - 381 (418913 Gflops/s) - 378 (415615 Gflops/s) - 383 (421112 Gflops/s) - 380 (417814 Gflops/s) | Temperatures: 74°C - 71°C - 72°C - 72°C - 72°C - 74°C - 71°C - 74°C | Throttling: None - None - None - None - None - None - None - None
381 (418913 Gflops/s) - 383 (421112 Gflops/s) - 383 (421112 Gflops/s) - 384 (422212 Gflops/s) - 381 (418913 Gflops/s) - 378 (415615 Gflops/s) - 382 (420013 Gflops/s) - 381 (418913 Gflops/s) | Temperatures: 74°C - 71°C - 72°C - 72°C - 72°C - 74°C - 71°C - 74°C | Throttling: None - None - None - None - None - None - None - None
381 (418913 Gflops/s) - 384 (422212 Gflops/s) - 384 (422212 Gflops/s) - 384 (422212 Gflops/s) - 381 (418913 Gflops/s) - 377 (414515 Gflops/s) - 382 (420013 Gflops/s) - 380 (417814 Gflops/s) | Temperatures: 74°C - 71°C - 72°C - 72°C - 72°C - 74°C - 71°C - 74°C | Throttling: None - None - None - None - None - None - None - None
382 (420013 Gflops/s) - 383 (421112 Gflops/s) - 383 (421112 Gflops/s) - 384 (422212 Gflops/s) - 381 (418913 Gflops/s) - 378 (415615 Gflops/s) - 383 (421112 Gflops/s) - 381 (418913 Gflops/s) | Temperatures: 74°C - 71°C - 72°C - 72°C - 72°C - 74°C - 71°C - 74°C | Throttling: None - None - None - None - None - None - None - None
381 (418913 Gflops/s) - 383 (421112 Gflops/s) - 384 (422212 Gflops/s) - 385 (423311 Gflops/s) - 381 (418913 Gflops/s) - 378 (415615 Gflops/s) - 382 (420013 Gflops/s) - 380 (417814 Gflops/s) | Temperatures: 74°C - 71°C - 72°C - 72°C - 72°C - 74°C - 71°C - 74°C | Throttling: None - None - None - None - None - None - None - None
381 (418913 Gflops/s) - 383 (421112 Gflops/s) - 383 (421112 Gflops/s) - 383 (421112 Gflops/s) - 381 (418913 Gflops/s) - 377 (414515 Gflops/s) - 382 (420013 Gflops/s) - 380 (417814 Gflops/s) | Temperatures: 74°C - 71°C - 72°C - 72°C - 72°C - 74°C - 71°C - 74°C | Throttling: None - None - None - None - None - None - None - None
381 (418913 Gflops/s) - 384 (422212 Gflops/s) - 383 (421112 Gflops/s) - 385 (423311 Gflops/s) - 381 (418913 Gflops/s) - 378 (415615 Gflops/s) - 383 (421112 Gflops/s) - 381 (418913 Gflops/s) | Temperatures: 74°C - 71°C - 72°C - 72°C - 72°C - 74°C - 71°C - 74°C | Throttling: None - None - None - None - None - None - None - None
381 (418913 Gflops/s) - 383 (421112 Gflops/s) - 384 (422212 Gflops/s) - 384 (422212 Gflops/s) - 381 (418913 Gflops/s) - 378 (415615 Gflops/s) - 382 (420013 Gflops/s) - 380 (417814 Gflops/s) | Temperatures: 74°C - 71°C - 72°C - 72°C - 72°C - 74°C - 71°C - 74°C | Throttling: None - None - None - None - None - None - None - None
382 (420013 Gflops/s) - 383 (421112 Gflops/s) - 383 (421112 Gflops/s) - 384 (422212 Gflops/s) - 381 (418913 Gflops/s) - 377 (414515 Gflops/s) - 382 (420013 Gflops/s) - 381 (418913 Gflops/s) | Temperatures: 74°C - 71°C - 72°C - 72°C - 72°C - 74°C - 71°C - 74°C | Throttling: None - None - None - None - None - None - None - None
381 (418913 Gflops/s) - 384 (422212 Gflops/s) - 384 (422212 Gflops/s) - 384 (422212 Gflops/s) - 382 (420013 Gflops/s) - 378 (415615 Gflops/s) - 383 (421112 Gflops/s) - 380 (417814 Gflops/s) | Temperatures: 74°C - 71°C - 72°C - 72°C - 72°C - 74°C - 71°C - 74°C | Throttling: None - None - None - None - None - None - None - None
381 (418913 Gflops/s) - 383 (421112 Gflops/s) - 383 (421112 Gflops/s) - 385 (423311 Gflops/s) - 381 (418913 Gflops/s) - 378 (415615 Gflops/s) - 382 (420013 Gflops/s) - 381 (418913 Gflops/s) | Temperatures: 74°C - 71°C - 72°C - 72°C - 72°C - 74°C - 71°C - 74°C | Throttling: None - None - None - None - None - None - None - None
382 (420013 Gflops/s) - 384 (422212 Gflops/s) - 384 (422212 Gflops/s) - 384 (422212 Gflops/s) - 381 (418913 Gflops/s) - 377 (414515 Gflops/s) - 383 (421112 Gflops/s) - 380 (417814 Gflops/s) | Temperatures: 74°C - 71°C - 72°C - 72°C - 72°C - 74°C - 71°C - 74°C | Throttling: None - None - None - None - None - None - None - None
381 (418913 Gflops/s) - 383 (421112 Gflops/s) - 384 (422212 Gflops/s) - 384 (422212 Gflops/s) - 381 (418913 Gflops/s) - 378 (415615 Gflops/s) - 382 (420013 Gflops/s) - 381 (418913 Gflops/s) | Temperatures: 74°C - 71°C - 72°C - 72°C - 72°C - 74°C - 71°C - 74°C | Throttling: None - None - None - None - None - None - None - None
381 (418913 Gflops/s) - 383 (421112 Gflops/s) - 383 (421112 Gflops/s) - 384 (422212 Gflops/s) - 381 (418913 Gflops/s) - 378 (415615 Gflops/s) - 383 (421112 Gflops/s) - 380 (417814 Gflops/s) | Temperatures: 74°C - 71°C - 72°C - 72°C - 72°C - 74°C - 71°C - 74°C | Throttling: None - None - None - None - None - None - None - None
381 (418913 Gflops/s) - 384 (422212 Gflops/s) - 384 (422212 Gflops/s) - 385 (423311 Gflops/s) - 382 (420013 Gflops/s) - 377 (414515 Gflops/s) - 382 (420013 Gflops/s) - 381 (418913 Gflops/s) | Temperatures: 74°C - 71°C - 72°C - 72°C - 72°C - 74°C - 71°C - 74°C | Throttling: None - None - None - None - None - None - None - None
382 (420013 Gflops/s) - 383 (421112 Gflops/s) - 383 (421112 Gflops/s) - 384 (422212 Gflops/s) - 381 (418913 Gflops/s) - 378 (415615 Gflops/s) - 383 (421112 Gflops/s) - 380 (417814 Gflops/s) | Temperatures: 74°C - 71°C - 72°C - 72°C - 72°C - 74°C - 71°C - 74°C | Throttling: None - None - None - None - None - None - None - None
381 (418913 Gflops/s) - 384 (422212 Gflops/s) - 384 (422212 Gflops/s) - 384 (422212 Gflops/s) - 381 (418913 Gflops/s) - 378 (415615 Gflops/s) - 382 (420013 Gflops/s) - 381 (418913 Gflops/s) | Temperatures: 74°C - 71°C - 72°C - 72°C - 72°C - 74°C - 71°C - 74°C | Throttling: None - None - None - None - None - None - None - None
381 (418913 Gflops/s) - 383 (421112 Gflops/s) - 383 (421112 Gflops/s) - 384 (422212 Gflops/s) - 381 (418913 Gflops/s) - 377 (414515 Gflops/s) - 382 (420013 Gflops/s) - 380 (417814 Gflops/s) | Temperatures: 74°C - 71°C - 72°C - 72°C - 72°C - 74°C - 71°C - 74°C | Throttling: None - None - None - None - None - None - None - None
381 (418913 Gflops/s) - 383 (421112 Gflops/s) - 384 (422212 Gflops/s) - 385 (423311 Gflops/s) - 381 (418913 Gflops/s) - 378 (415615 Gflops/s) - 383 (421112 Gflops/s) - 381 (418913 Gflops/s) | Temperatures: 74°C - 71°C - 72°C - 72°C - 72°C - 74°C - 71°C - 74°C | Throttling: None - None - None - None - None - None - None - None
381 (418913 Gflops/s) - 383 (421112 Gflops/s) - 383 (421112 Gflops/s) - 383 (421112 Gflops/s) - 381 (418913 Gflops/s) - 378 (415615 Gflops/s) - 382 (420013 Gflops/s) - 380 (417814 Gflops/s) | Temperatures: 74°C - 71°C - 72°C - 72°C - 72°C - 74°C - 71°C - 74°C | Throttling: None - None - None - None - None - None - None - None
381 (418913 Gflops/s) - 384 (422212 Gflops/s) - 384 (422212 Gflops/s) - 385 (423311 Gflops/s) - 381 (418913 Gflops/s) - 377 (414515 Gflops/s) - 382 (420013 Gflops/s) - 380 (417814 Gflops/s) | Temperatures: 74°C - 71°C - 72°C - 72°C - 72°C - 74°C - 71°C - 74°C | Throttling: None - None - None - None - None - None - None - None
381 (418913 Gflops/s) - 383 (421112 Gflops/s) - 384 (422212 Gflops/s) - 384 (422212 Gflops/s) - 382 (420013 Gflops/s) - 378 (415615 Gflops/s) - 383 (421112 Gflops/s) - 381 (418913 Gflops/s) | Temperatures: 75°C - 71°C - 72°C - 73°C - 72°C - 74°C - 71°C - 74°C | Throttling: None - None - None - None - None - None - None - None
381 (418913 Gflops/s) - 384 (422212 Gflops/s) - 383 (421112 Gflops/s) - 384 (422212 Gflops/s) - 381 (418913 Gflops/s) - 378 (415615 Gflops/s) - 382 (420013 Gflops/s) - 380 (417814 Gflops/s) | Temperatures: 75°C - 71°C - 72°C - 73°C - 72°C - 74°C - 71°C - 74°C | Throttling: None - None - None - None - None - None - None - None
381 (418913 Gflops/s) - 383 (421112 Gflops/s) - 384 (422212 Gflops/s) - 384 (422212 Gflops/s) - 381 (418913 Gflops/s) - 378 (415615 Gflops/s) - 383 (421112 Gflops/s) - 381 (418913 Gflops/s) | Temperatures: 75°C - 71°C - 72°C - 73°C - 72°C - 73°C - 71°C - 74°C | Throttling: None - None - None - None - None - None - None - None
381 (418913 Gflops/s) - 384 (422212 Gflops/s) - 383 (421112 Gflops/s) - 384 (422212 Gflops/s) - 381 (418913 Gflops/s) - 378 (415615 Gflops/s) - 383 (421112 Gflops/s) - 381 (418913 Gflops/s) | Temperatures: 75°C - 71°C - 72°C - 73°C - 72°C - 73°C - 71°C - 74°C | Throttling: None - None - None - None - None - None - None - None
381 (418913 Gflops/s) - 384 (422212 Gflops/s) - 384 (422212 Gflops/s) - 385 (423311 Gflops/s) - 382 (420013 Gflops/s) - 378 (415615 Gflops/s) - 382 (420013 Gflops/s) - 380 (417814 Gflops/s) | Temperatures: 75°C - 71°C - 72°C - 73°C - 72°C - 73°C - 71°C - 74°C | Throttling: None - None - None - None - None - None - None - None
381 (418913 Gflops/s) - 383 (421112 Gflops/s) - 384 (422212 Gflops/s) - 384 (422212 Gflops/s) - 381 (418913 Gflops/s) - 378 (415615 Gflops/s) - 383 (421112 Gflops/s) - 381 (418913 Gflops/s) | Temperatures: 75°C - 71°C - 72°C - 73°C - 72°C - 73°C - 71°C - 74°C | Throttling: None - None - None - None - None - None - None - None
380 (417814 Gflops/s) - 384 (422212 Gflops/s) - 383 (421112 Gflops/s) - 384 (422212 Gflops/s) - 381 (418913 Gflops/s) - 378 (415615 Gflops/s) - 382 (420013 Gflops/s) - 381 (418913 Gflops/s) | Temperatures: 75°C - 71°C - 72°C - 73°C - 72°C - 73°C - 71°C - 74°C | Throttling: None - None - None - None - None - None - None - None
381 (418913 Gflops/s) - 383 (421112 Gflops/s) - 384 (422212 Gflops/s) - 384 (422212 Gflops/s) - 381 (418913 Gflops/s) - 378 (415615 Gflops/s) - 383 (421112 Gflops/s) - 380 (417814 Gflops/s) | Temperatures: 75°C - 71°C - 72°C - 73°C - 72°C - 73°C - 71°C - 74°C | Throttling: None - None - None - None - None - None - None - None
381 (418913 Gflops/s) - 384 (422212 Gflops/s) - 383 (421112 Gflops/s) - 384 (422212 Gflops/s) - 382 (420013 Gflops/s) - 378 (415615 Gflops/s) - 382 (420013 Gflops/s) - 381 (418913 Gflops/s) | Temperatures: 75°C - 71°C - 72°C - 73°C - 72°C - 73°C - 71°C - 73°C | Throttling: None - None - None - None - None - None - None - None
380 (417814 Gflops/s) - 383 (421112 Gflops/s) - 384 (422212 Gflops/s) - 384 (422212 Gflops/s) - 381 (418913 Gflops/s) - 378 (415615 Gflops/s) - 383 (421112 Gflops/s) - 380 (417814 Gflops/s) | Temperatures: 75°C - 71°C - 72°C - 73°C - 72°C - 73°C - 71°C - 74°C | Throttling: None - None - None - None - None - None - None - None
381 (418913 Gflops/s) - 384 (422212 Gflops/s) - 383 (421112 Gflops/s) - 384 (422212 Gflops/s) - 381 (418913 Gflops/s) - 378 (415615 Gflops/s) - 383 (421112 Gflops/s) - 381 (418913 Gflops/s) | Temperatures: 75°C - 71°C - 72°C - 73°C - 72°C - 73°C - 71°C - 73°C | Throttling: None - None - None - None - None - None - None - None
380 (417814 Gflops/s) - 383 (421112 Gflops/s) - 383 (421112 Gflops/s) - 383 (421112 Gflops/s) - 381 (418913 Gflops/s) - 377 (414515 Gflops/s) - 382 (420013 Gflops/s) - 380 (417814 Gflops/s) | Temperatures: 76°C - 71°C - 72°C - 73°C - 72°C - 73°C - 70°C - 73°C | Throttling: None - None - None - None - None - None - None - None
381 (418913 Gflops/s) - 384 (422212 Gflops/s) - 384 (422212 Gflops/s) - 384 (422212 Gflops/s) - 382 (420013 Gflops/s) - 379 (416714 Gflops/s) - 382 (420013 Gflops/s) - 381 (418913 Gflops/s) | Temperatures: 76°C - 71°C - 72°C - 73°C - 72°C - 73°C - 71°C - 73°C | Throttling: None - None - None - None - None - None - None - None
380 (417814 Gflops/s) - 383 (421112 Gflops/s) - 384 (422212 Gflops/s) - 384 (422212 Gflops/s) - 381 (418913 Gflops/s) - 378 (415615 Gflops/s) - 383 (421112 Gflops/s) - 381 (418913 Gflops/s) | Temperatures: 76°C - 71°C - 72°C - 73°C - 72°C - 73°C - 71°C - 73°C | Throttling: None - None - None - None - None - None - None - None
381 (418913 Gflops/s) - 384 (422212 Gflops/s) - 383 (421112 Gflops/s) - 384 (422212 Gflops/s) - 381 (418913 Gflops/s) - 378 (415615 Gflops/s) - 383 (421112 Gflops/s) - 380 (417814 Gflops/s) | Temperatures: 76°C - 71°C - 72°C - 73°C - 72°C - 73°C - 70°C - 73°C | Throttling: None - None - None - None - None - None - None - None
380 (417814 Gflops/s) - 383 (421112 Gflops/s) - 384 (422212 Gflops/s) - 384 (422212 Gflops/s) - 382 (420013 Gflops/s) - 378 (415615 Gflops/s) - 382 (420013 Gflops/s) - 381 (418913 Gflops/s) | Temperatures: 76°C - 71°C - 72°C - 73°C - 72°C - 73°C - 71°C - 73°C | Throttling: None - None - None - None - None - None - None - None
380 (417814 Gflops/s) - 384 (422212 Gflops/s) - 383 (421112 Gflops/s) - 384 (422212 Gflops/s) - 381 (418913 Gflops/s) - 378 (415615 Gflops/s) - 383 (421112 Gflops/s) - 381 (418913 Gflops/s) | Temperatures: 76°C - 71°C - 72°C - 73°C - 72°C - 73°C - 70°C - 73°C | Throttling: None - None - None - None - None - None - None - None
381 (418913 Gflops/s) - 383 (421112 Gflops/s) - 384 (422212 Gflops/s) - 384 (422212 Gflops/s) - 381 (418913 Gflops/s) - 378 (415615 Gflops/s) - 383 (421112 Gflops/s) - 381 (418913 Gflops/s) | Temperatures: 76°C - 71°C - 72°C - 73°C - 72°C - 73°C - 71°C - 73°C | Throttling: None - None - None - None - None - None - None - None
380 (417814 Gflops/s) - 384 (422212 Gflops/s) - 383 (421112 Gflops/s) - 384 (422212 Gflops/s) - 382 (420013 Gflops/s) - 378 (415615 Gflops/s) - 382 (420013 Gflops/s) - 380 (417814 Gflops/s) | Temperatures: 76°C - 71°C - 72°C - 73°C - 72°C - 73°C - 71°C - 73°C | Throttling: None - None - None - None - None - None - None - None
380 (417814 Gflops/s) - 384 (422212 Gflops/s) - 384 (422212 Gflops/s) - 384 (422212 Gflops/s) - 381 (418913 Gflops/s) - 378 (415615 Gflops/s) - 383 (421112 Gflops/s) - 381 (418913 Gflops/s) | Temperatures: 76°C - 71°C - 72°C - 73°C - 72°C - 73°C - 70°C - 73°C | Throttling: None - None - None - None - None - None - None - None
380 (417814 Gflops/s) - 383 (421112 Gflops/s) - 383 (421112 Gflops/s) - 383 (421112 Gflops/s) - 381 (418913 Gflops/s) - 379 (416714 Gflops/s) - 383 (421112 Gflops/s) - 381 (418913 Gflops/s) | Temperatures: 76°C - 71°C - 72°C - 73°C - 72°C - 73°C - 71°C - 73°C | Throttling: None - None - None - None - None - None - None - None
380 (417814 Gflops/s) - 384 (422212 Gflops/s) - 383 (421112 Gflops/s) - 384 (422212 Gflops/s) - 382 (420013 Gflops/s) - 279 (306763 Gflops/s) - 255 (280375 Gflops/s) - 182 (200111 Gflops/s) | Temperatures: 76°C - 71°C - 72°C - 73°C - 72°C - 73°C - 71°C - 73°C | Throttling: None - None - None - None - None - None - None - None
GPU #0: 419168 Gflops/s (min: 417814.42, max: 421112.95, dev: 610.30)
         Temperature: 73.99°C (min: 71.00, max: 76.00)
         Throttling HW: false, Thermal SW: false, Thermal HW: false
GPU #1: 421607 Gflops/s (min: 420013.44, max: 424411.49, dev: 644.70)
         Temperature: 71.31°C (min: 68.00, max: 72.00)
         Throttling HW: false, Thermal SW: false, Thermal HW: false
GPU #2: 421749 Gflops/s (min: 420013.44, max: 424411.49, dev: 666.62)
         Temperature: 71.77°C (min: 68.00, max: 72.00)
         Throttling HW: false, Thermal SW: false, Thermal HW: false
GPU #3: 421984 Gflops/s (min: 421112.95, max: 424411.49, dev: 656.14)
         Temperature: 72.44°C (min: 69.00, max: 73.00)
         Throttling HW: false, Thermal SW: false, Thermal HW: false
GPU #4: 419183 Gflops/s (min: 417814.42, max: 421112.95, dev: 553.93)
         Temperature: 72.20°C (min: 68.00, max: 73.00)
         Throttling HW: false, Thermal SW: false, Thermal HW: false
GPU #5: 415069 Gflops/s (min: 306763.74, max: 417814.42, dev: 6369.72)
         Temperature: 73.63°C (min: 70.00, max: 74.00)
         Throttling HW: false, Thermal SW: false, Thermal HW: false
GPU #6: 420122 Gflops/s (min: 280375.47, max: 422212.47, dev: 8203.92)
         Temperature: 70.77°C (min: 68.00, max: 71.00)
         Throttling HW: false, Thermal SW: false, Thermal HW: false
GPU #7: 417627 Gflops/s (min: 200111.12, max: 420013.44, dev: 12741.29)
         Temperature: 73.70°C (min: 70.00, max: 74.00)
         Throttling HW: false, Thermal SW: false, Thermal HW: false
All GPUs seem healthy
Freeing GPUs...
======== Run with fp8  ==========
Detected GPU #0: "NVIDIA RTX PRO 6000 Blackwell Server Edition" (9a299fee-db69-a9b6-3314-2db243f996e4)
Detected GPU #1: "NVIDIA RTX PRO 6000 Blackwell Server Edition" (eda8ff43-ea41-e0b7-55da-0eadd18dee19)
Detected GPU #2: "NVIDIA RTX PRO 6000 Blackwell Server Edition" (0b38375a-e49c-def0-e9b2-49f987e1c4a8)
Detected GPU #3: "NVIDIA RTX PRO 6000 Blackwell Server Edition" (051cfb69-b363-e6f5-f9a7-0a65445750bd)
Detected GPU #4: "NVIDIA RTX PRO 6000 Blackwell Server Edition" (62b0561e-d6e9-44d3-8bcd-f92b9abdfa8e)
Detected GPU #5: "NVIDIA RTX PRO 6000 Blackwell Server Edition" (71db4d99-e9e3-366d-7be4-cae9424b5d44)
Detected GPU #6: "NVIDIA RTX PRO 6000 Blackwell Server Edition" (fd6477a1-497e-7c68-f7ee-15bc757b9714)
Detected GPU #7: "NVIDIA RTX PRO 6000 Blackwell Server Edition" (c20a3529-6b01-9dfa-3925-556a8c0ed8df)
Using precision(s):   FP8
GPU #0: Using 87018 MB
GPU #1: Using 87018 MB
GPU #2: Using 87018 MB
GPU #3: Using 87018 MB
GPU #4: Using 87018 MB
GPU #5: Using 87018 MB
GPU #6: Using 87018 MB
GPU #7: Using 87018 MB
Creating random matrices
Matrices created
1042 (1145691 Gflops/s) - 1020 (1121501 Gflops/s) - 988 (1086317 Gflops/s) - 953 (1047834 Gflops/s) - 896 (985162 Gflops/s) - 914 (1004953 Gflops/s) - 922 (1013749 Gflops/s) - 914 (1004953 Gflops/s) | Temperatures: 69°C - 63°C - 63°C - 65°C - 63°C - 64°C - 61°C - 64°C | Throttling: None - None - None - None - None - None - None - None
804 (884007 Gflops/s) - 803 (882907 Gflops/s) - 804 (884007 Gflops/s) - 803 (882907 Gflops/s) - 803 (882907 Gflops/s) - 804 (884007 Gflops/s) - 802 (881808 Gflops/s) - 803 (882907 Gflops/s) | Temperatures: 69°C - 63°C - 64°C - 66°C - 64°C - 65°C - 62°C - 65°C | Throttling: None - None - None - None - None - None - None - None
802 (881808 Gflops/s) - 802 (881808 Gflops/s) - 803 (882907 Gflops/s) - 802 (881808 Gflops/s) - 802 (881808 Gflops/s) - 802 (881808 Gflops/s) - 801 (880708 Gflops/s) - 802 (881808 Gflops/s) | Temperatures: 70°C - 64°C - 65°C - 66°C - 65°C - 65°C - 63°C - 65°C | Throttling: None - None - None - None - None - None - None - None
802 (881808 Gflops/s) - 803 (882907 Gflops/s) - 804 (884007 Gflops/s) - 803 (882907 Gflops/s) - 803 (882907 Gflops/s) - 803 (882907 Gflops/s) - 802 (881808 Gflops/s) - 802 (881808 Gflops/s) | Temperatures: 70°C - 64°C - 65°C - 66°C - 65°C - 66°C - 63°C - 66°C | Throttling: None - None - None - None - None - None - None - None
803 (882907 Gflops/s) - 802 (881808 Gflops/s) - 803 (882907 Gflops/s) - 803 (882907 Gflops/s) - 802 (881808 Gflops/s) - 803 (882907 Gflops/s) - 802 (881808 Gflops/s) - 803 (882907 Gflops/s) | Temperatures: 70°C - 64°C - 65°C - 66°C - 65°C - 66°C - 63°C - 66°C | Throttling: None - None - None - None - None - None - None - None
803 (882907 Gflops/s) - 802 (881808 Gflops/s) - 804 (884007 Gflops/s) - 803 (882907 Gflops/s) - 803 (882907 Gflops/s) - 803 (882907 Gflops/s) - 802 (881808 Gflops/s) - 802 (881808 Gflops/s) | Temperatures: 70°C - 64°C - 66°C - 66°C - 66°C - 66°C - 63°C - 66°C | Throttling: None - None - None - None - None - None - None - None
802 (881808 Gflops/s) - 802 (881808 Gflops/s) - 803 (882907 Gflops/s) - 802 (881808 Gflops/s) - 802 (881808 Gflops/s) - 802 (881808 Gflops/s) - 801 (880708 Gflops/s) - 802 (881808 Gflops/s) | Temperatures: 70°C - 65°C - 66°C - 67°C - 66°C - 66°C - 64°C - 67°C | Throttling: None - None - None - None - None - None - None - None
803 (882907 Gflops/s) - 803 (882907 Gflops/s) - 803 (882907 Gflops/s) - 803 (882907 Gflops/s) - 803 (882907 Gflops/s) - 803 (882907 Gflops/s) - 802 (881808 Gflops/s) - 802 (881808 Gflops/s) | Temperatures: 70°C - 65°C - 66°C - 67°C - 66°C - 66°C - 64°C - 67°C | Throttling: None - None - None - None - None - None - None - None
803 (882907 Gflops/s) - 802 (881808 Gflops/s) - 804 (884007 Gflops/s) - 803 (882907 Gflops/s) - 802 (881808 Gflops/s) - 803 (882907 Gflops/s) - 802 (881808 Gflops/s) - 802 (881808 Gflops/s) | Temperatures: 70°C - 65°C - 66°C - 67°C - 66°C - 67°C - 64°C - 67°C | Throttling: None - None - None - None - None - None - None - None
802 (881808 Gflops/s) - 803 (882907 Gflops/s) - 803 (882907 Gflops/s) - 802 (881808 Gflops/s) - 803 (882907 Gflops/s) - 802 (881808 Gflops/s) - 802 (881808 Gflops/s) - 803 (882907 Gflops/s) | Temperatures: 71°C - 65°C - 66°C - 67°C - 66°C - 67°C - 64°C - 67°C | Throttling: None - None - None - None - None - None - None - None
803 (882907 Gflops/s) - 802 (881808 Gflops/s) - 804 (884007 Gflops/s) - 803 (882907 Gflops/s) - 803 (882907 Gflops/s) - 803 (882907 Gflops/s) - 801 (880708 Gflops/s) - 802 (881808 Gflops/s) | Temperatures: 71°C - 65°C - 66°C - 67°C - 66°C - 67°C - 64°C - 67°C | Throttling: None - None - None - None - None - None - None - None
802 (881808 Gflops/s) - 802 (881808 Gflops/s) - 803 (882907 Gflops/s) - 802 (881808 Gflops/s) - 802 (881808 Gflops/s) - 802 (881808 Gflops/s) - 801 (880708 Gflops/s) - 802 (881808 Gflops/s) | Temperatures: 71°C - 65°C - 66°C - 67°C - 66°C - 67°C - 64°C - 67°C | Throttling: None - None - None - None - None - None - None - None
803 (882907 Gflops/s) - 802 (881808 Gflops/s) - 803 (882907 Gflops/s) - 803 (882907 Gflops/s) - 802 (881808 Gflops/s) - 803 (882907 Gflops/s) - 802 (881808 Gflops/s) - 802 (881808 Gflops/s) | Temperatures: 71°C - 65°C - 66°C - 67°C - 67°C - 67°C - 65°C - 68°C | Throttling: None - None - None - None - None - None - None - None
803 (882907 Gflops/s) - 803 (882907 Gflops/s) - 804 (884007 Gflops/s) - 803 (882907 Gflops/s) - 803 (882907 Gflops/s) - 803 (882907 Gflops/s) - 802 (881808 Gflops/s) - 802 (881808 Gflops/s) | Temperatures: 71°C - 65°C - 67°C - 67°C - 67°C - 67°C - 65°C - 68°C | Throttling: None - None - None - None - None - None - None - None
803 (882907 Gflops/s) - 802 (881808 Gflops/s) - 804 (884007 Gflops/s) - 803 (882907 Gflops/s) - 803 (882907 Gflops/s) - 803 (882907 Gflops/s) - 802 (881808 Gflops/s) - 802 (881808 Gflops/s) | Temperatures: 71°C - 66°C - 67°C - 67°C - 67°C - 68°C - 65°C - 68°C | Throttling: None - None - None - None - None - None - None - None
803 (882907 Gflops/s) - 802 (881808 Gflops/s) - 803 (882907 Gflops/s) - 803 (882907 Gflops/s) - 803 (882907 Gflops/s) - 803 (882907 Gflops/s) - 801 (880708 Gflops/s) - 803 (882907 Gflops/s) | Temperatures: 71°C - 66°C - 67°C - 67°C - 67°C - 68°C - 65°C - 68°C | Throttling: None - None - None - None - None - None - None - None
802 (881808 Gflops/s) - 803 (882907 Gflops/s) - 804 (884007 Gflops/s) - 802 (881808 Gflops/s) - 802 (881808 Gflops/s) - 803 (882907 Gflops/s) - 802 (881808 Gflops/s) - 802 (881808 Gflops/s) | Temperatures: 71°C - 66°C - 67°C - 67°C - 67°C - 68°C - 65°C - 68°C | Throttling: None - None - None - None - None - None - None - None
802 (881808 Gflops/s) - 801 (880708 Gflops/s) - 802 (881808 Gflops/s) - 802 (881808 Gflops/s) - 802 (881808 Gflops/s) - 802 (881808 Gflops/s) - 801 (880708 Gflops/s) - 802 (881808 Gflops/s) | Temperatures: 71°C - 66°C - 67°C - 68°C - 67°C - 68°C - 65°C - 68°C | Throttling: None - None - None - None - None - None - None - None
803 (882907 Gflops/s) - 803 (882907 Gflops/s) - 804 (884007 Gflops/s) - 803 (882907 Gflops/s) - 803 (882907 Gflops/s) - 803 (882907 Gflops/s) - 802 (881808 Gflops/s) - 802 (881808 Gflops/s) | Temperatures: 71°C - 66°C - 67°C - 68°C - 67°C - 68°C - 65°C - 68°C | Throttling: None - None - None - None - None - None - None - None
803 (882907 Gflops/s) - 802 (881808 Gflops/s) - 804 (884007 Gflops/s) - 803 (882907 Gflops/s) - 803 (882907 Gflops/s) - 803 (882907 Gflops/s) - 801 (880708 Gflops/s) - 802 (881808 Gflops/s) | Temperatures: 71°C - 66°C - 67°C - 68°C - 67°C - 68°C - 65°C - 68°C | Throttling: None - None - None - None - None - None - None - None
803 (882907 Gflops/s) - 803 (882907 Gflops/s) - 803 (882907 Gflops/s) - 803 (882907 Gflops/s) - 802 (881808 Gflops/s) - 803 (882907 Gflops/s) - 802 (881808 Gflops/s) - 802 (881808 Gflops/s) | Temperatures: 71°C - 66°C - 67°C - 68°C - 67°C - 68°C - 65°C - 68°C | Throttling: None - None - None - None - None - None - None - None
803 (882907 Gflops/s) - 802 (881808 Gflops/s) - 804 (884007 Gflops/s) - 803 (882907 Gflops/s) - 803 (882907 Gflops/s) - 802 (881808 Gflops/s) - 802 (881808 Gflops/s) - 803 (882907 Gflops/s) | Temperatures: 71°C - 66°C - 67°C - 68°C - 67°C - 68°C - 65°C - 68°C | Throttling: None - None - None - None - None - None - None - None
802 (881808 Gflops/s) - 802 (881808 Gflops/s) - 803 (882907 Gflops/s) - 802 (881808 Gflops/s) - 802 (881808 Gflops/s) - 803 (882907 Gflops/s) - 801 (880708 Gflops/s) - 801 (880708 Gflops/s) | Temperatures: 71°C - 66°C - 67°C - 68°C - 67°C - 69°C - 65°C - 69°C | Throttling: None - None - None - None - None - None - None - None
802 (881808 Gflops/s) - 802 (881808 Gflops/s) - 803 (882907 Gflops/s) - 803 (882907 Gflops/s) - 803 (882907 Gflops/s) - 802 (881808 Gflops/s) - 802 (881808 Gflops/s) - 803 (882907 Gflops/s) | Temperatures: 71°C - 66°C - 67°C - 68°C - 67°C - 69°C - 65°C - 69°C | Throttling: None - None - None - None - None - None - None - None
803 (882907 Gflops/s) - 803 (882907 Gflops/s) - 804 (884007 Gflops/s) - 803 (882907 Gflops/s) - 802 (881808 Gflops/s) - 803 (882907 Gflops/s) - 801 (880708 Gflops/s) - 802 (881808 Gflops/s) | Temperatures: 71°C - 66°C - 67°C - 68°C - 67°C - 69°C - 65°C - 69°C | Throttling: None - None - None - None - None - None - None - None
803 (882907 Gflops/s) - 802 (881808 Gflops/s) - 803 (882907 Gflops/s) - 802 (881808 Gflops/s) - 803 (882907 Gflops/s) - 803 (882907 Gflops/s) - 802 (881808 Gflops/s) - 802 (881808 Gflops/s) | Temperatures: 71°C - 66°C - 67°C - 68°C - 67°C - 69°C - 66°C - 69°C | Throttling: None - None - None - None - None - None - None - None
803 (882907 Gflops/s) - 803 (882907 Gflops/s) - 804 (884007 Gflops/s) - 803 (882907 Gflops/s) - 803 (882907 Gflops/s) - 803 (882907 Gflops/s) - 802 (881808 Gflops/s) - 803 (882907 Gflops/s) | Temperatures: 71°C - 66°C - 67°C - 68°C - 68°C - 69°C - 66°C - 69°C | Throttling: None - None - None - None - None - None - None - None
803 (882907 Gflops/s) - 802 (881808 Gflops/s) - 804 (884007 Gflops/s) - 803 (882907 Gflops/s) - 802 (881808 Gflops/s) - 803 (882907 Gflops/s) - 801 (880708 Gflops/s) - 802 (881808 Gflops/s) | Temperatures: 71°C - 66°C - 67°C - 68°C - 68°C - 69°C - 66°C - 69°C | Throttling: None - None - None - None - None - None - None - None
801 (880708 Gflops/s) - 802 (881808 Gflops/s) - 802 (881808 Gflops/s) - 802 (881808 Gflops/s) - 802 (881808 Gflops/s) - 802 (881808 Gflops/s) - 801 (880708 Gflops/s) - 801 (880708 Gflops/s) | Temperatures: 71°C - 66°C - 67°C - 68°C - 68°C - 69°C - 66°C - 69°C | Throttling: None - None - None - None - None - None - None - None
803 (882907 Gflops/s) - 802 (881808 Gflops/s) - 804 (884007 Gflops/s) - 803 (882907 Gflops/s) - 803 (882907 Gflops/s) - 803 (882907 Gflops/s) - 802 (881808 Gflops/s) - 803 (882907 Gflops/s) | Temperatures: 71°C - 66°C - 67°C - 68°C - 68°C - 69°C - 66°C - 69°C | Throttling: None - None - None - None - None - None - None - None
803 (882907 Gflops/s) - 803 (882907 Gflops/s) - 803 (882907 Gflops/s) - 803 (882907 Gflops/s) - 803 (882907 Gflops/s) - 803 (882907 Gflops/s) - 802 (881808 Gflops/s) - 802 (881808 Gflops/s) | Temperatures: 71°C - 66°C - 67°C - 68°C - 68°C - 69°C - 66°C - 69°C | Throttling: None - None - None - None - None - None - None - None
803 (882907 Gflops/s) - 802 (881808 Gflops/s) - 804 (884007 Gflops/s) - 803 (882907 Gflops/s) - 803 (882907 Gflops/s) - 803 (882907 Gflops/s) - 801 (880708 Gflops/s) - 802 (881808 Gflops/s) | Temperatures: 71°C - 66°C - 67°C - 68°C - 68°C - 69°C - 66°C - 69°C | Throttling: None - None - None - None - None - None - None - None
803 (882907 Gflops/s) - 803 (882907 Gflops/s) - 804 (884007 Gflops/s) - 802 (881808 Gflops/s) - 802 (881808 Gflops/s) - 803 (882907 Gflops/s) - 802 (881808 Gflops/s) - 803 (882907 Gflops/s) | Temperatures: 71°C - 66°C - 67°C - 68°C - 68°C - 69°C - 66°C - 69°C | Throttling: None - None - None - None - None - None - None - None
803 (882907 Gflops/s) - 802 (881808 Gflops/s) - 803 (882907 Gflops/s) - 803 (882907 Gflops/s) - 803 (882907 Gflops/s) - 802 (881808 Gflops/s) - 802 (881808 Gflops/s) - 802 (881808 Gflops/s) | Temperatures: 71°C - 66°C - 67°C - 68°C - 68°C - 69°C - 66°C - 69°C | Throttling: None - None - None - None - None - None - None - None
802 (881808 Gflops/s) - 802 (881808 Gflops/s) - 803 (882907 Gflops/s) - 802 (881808 Gflops/s) - 802 (881808 Gflops/s) - 802 (881808 Gflops/s) - 801 (880708 Gflops/s) - 802 (881808 Gflops/s) | Temperatures: 71°C - 66°C - 67°C - 68°C - 68°C - 69°C - 66°C - 69°C | Throttling: None - None - None - None - None - None - None - None
802 (881808 Gflops/s) - 802 (881808 Gflops/s) - 804 (884007 Gflops/s) - 803 (882907 Gflops/s) - 803 (882907 Gflops/s) - 803 (882907 Gflops/s) - 802 (881808 Gflops/s) - 802 (881808 Gflops/s) | Temperatures: 71°C - 66°C - 67°C - 68°C - 68°C - 69°C - 66°C - 69°C | Throttling: None - None - None - None - None - None - None - None
803 (882907 Gflops/s) - 803 (882907 Gflops/s) - 803 (882907 Gflops/s) - 803 (882907 Gflops/s) - 802 (881808 Gflops/s) - 803 (882907 Gflops/s) - 801 (880708 Gflops/s) - 802 (881808 Gflops/s) | Temperatures: 71°C - 66°C - 67°C - 68°C - 68°C - 69°C - 66°C - 69°C | Throttling: None - None - None - None - None - None - None - None
803 (882907 Gflops/s) - 802 (881808 Gflops/s) - 804 (884007 Gflops/s) - 803 (882907 Gflops/s) - 803 (882907 Gflops/s) - 803 (882907 Gflops/s) - 802 (881808 Gflops/s) - 802 (881808 Gflops/s) | Temperatures: 71°C - 67°C - 68°C - 68°C - 68°C - 69°C - 66°C - 69°C | Throttling: None - None - None - None - None - None - None - None
803 (882907 Gflops/s) - 803 (882907 Gflops/s) - 803 (882907 Gflops/s) - 803 (882907 Gflops/s) - 803 (882907 Gflops/s) - 803 (882907 Gflops/s) - 802 (881808 Gflops/s) - 803 (882907 Gflops/s) | Temperatures: 71°C - 67°C - 68°C - 68°C - 68°C - 69°C - 66°C - 69°C | Throttling: None - None - None - None - None - None - None - None
802 (881808 Gflops/s) - 801 (880708 Gflops/s) - 803 (882907 Gflops/s) - 802 (881808 Gflops/s) - 802 (881808 Gflops/s) - 802 (881808 Gflops/s) - 801 (880708 Gflops/s) - 801 (880708 Gflops/s) | Temperatures: 71°C - 67°C - 68°C - 68°C - 68°C - 69°C - 66°C - 69°C | Throttling: None - None - None - None - None - None - None - None
803 (882907 Gflops/s) - 803 (882907 Gflops/s) - 804 (884007 Gflops/s) - 803 (882907 Gflops/s) - 802 (881808 Gflops/s) - 803 (882907 Gflops/s) - 801 (880708 Gflops/s) - 803 (882907 Gflops/s) | Temperatures: 71°C - 67°C - 68°C - 68°C - 68°C - 69°C - 66°C - 69°C | Throttling: None - None - None - None - None - None - None - None
802 (881808 Gflops/s) - 802 (881808 Gflops/s) - 803 (882907 Gflops/s) - 802 (881808 Gflops/s) - 803 (882907 Gflops/s) - 802 (881808 Gflops/s) - 802 (881808 Gflops/s) - 802 (881808 Gflops/s) | Temperatures: 71°C - 67°C - 68°C - 68°C - 68°C - 69°C - 66°C - 69°C | Throttling: None - None - None - None - None - None - None - None
803 (882907 Gflops/s) - 803 (882907 Gflops/s) - 804 (884007 Gflops/s) - 803 (882907 Gflops/s) - 803 (882907 Gflops/s) - 803 (882907 Gflops/s) - 802 (881808 Gflops/s) - 802 (881808 Gflops/s) | Temperatures: 71°C - 67°C - 68°C - 68°C - 68°C - 69°C - 66°C - 69°C | Throttling: None - None - None - None - None - None - None - None
803 (882907 Gflops/s) - 802 (881808 Gflops/s) - 803 (882907 Gflops/s) - 803 (882907 Gflops/s) - 803 (882907 Gflops/s) - 803 (882907 Gflops/s) - 802 (881808 Gflops/s) - 803 (882907 Gflops/s) | Temperatures: 71°C - 67°C - 68°C - 68°C - 68°C - 70°C - 66°C - 69°C | Throttling: None - None - None - None - None - None - None - None
803 (882907 Gflops/s) - 803 (882907 Gflops/s) - 804 (884007 Gflops/s) - 803 (882907 Gflops/s) - 802 (881808 Gflops/s) - 803 (882907 Gflops/s) - 801 (880708 Gflops/s) - 802 (881808 Gflops/s) | Temperatures: 71°C - 67°C - 68°C - 68°C - 68°C - 70°C - 66°C - 69°C | Throttling: None - None - None - None - None - None - None - None
802 (881808 Gflops/s) - 801 (880708 Gflops/s) - 803 (882907 Gflops/s) - 802 (881808 Gflops/s) - 802 (881808 Gflops/s) - 802 (881808 Gflops/s) - 801 (880708 Gflops/s) - 801 (880708 Gflops/s) | Temperatures: 71°C - 67°C - 68°C - 68°C - 68°C - 70°C - 66°C - 69°C | Throttling: None - None - None - None - None - None - None - None
803 (882907 Gflops/s) - 803 (882907 Gflops/s) - 803 (882907 Gflops/s) - 803 (882907 Gflops/s) - 803 (882907 Gflops/s) - 803 (882907 Gflops/s) - 802 (881808 Gflops/s) - 803 (882907 Gflops/s) | Temperatures: 72°C - 67°C - 68°C - 68°C - 68°C - 70°C - 66°C - 69°C | Throttling: None - None - None - None - None - None - None - None
802 (881808 Gflops/s) - 802 (881808 Gflops/s) - 804 (884007 Gflops/s) - 803 (882907 Gflops/s) - 803 (882907 Gflops/s) - 803 (882907 Gflops/s) - 802 (881808 Gflops/s) - 802 (881808 Gflops/s) | Temperatures: 72°C - 67°C - 68°C - 68°C - 68°C - 70°C - 66°C - 69°C | Throttling: None - None - None - None - None - None - None - None
803 (882907 Gflops/s) - 803 (882907 Gflops/s) - 804 (884007 Gflops/s) - 803 (882907 Gflops/s) - 802 (881808 Gflops/s) - 803 (882907 Gflops/s) - 801 (880708 Gflops/s) - 802 (881808 Gflops/s) | Temperatures: 72°C - 67°C - 68°C - 68°C - 68°C - 70°C - 66°C - 70°C | Throttling: None - None - None - None - None - None - None - None
803 (882907 Gflops/s) - 802 (881808 Gflops/s) - 803 (882907 Gflops/s) - 803 (882907 Gflops/s) - 803 (882907 Gflops/s) - 803 (882907 Gflops/s) - 802 (881808 Gflops/s) - 802 (881808 Gflops/s) | Temperatures: 72°C - 67°C - 68°C - 68°C - 68°C - 70°C - 66°C - 70°C | Throttling: None - None - None - None - None - None - None - None
803 (882907 Gflops/s) - 802 (881808 Gflops/s) - 804 (884007 Gflops/s) - 802 (881808 Gflops/s) - 803 (882907 Gflops/s) - 803 (882907 Gflops/s) - 802 (881808 Gflops/s) - 803 (882907 Gflops/s) | Temperatures: 72°C - 67°C - 68°C - 68°C - 68°C - 70°C - 66°C - 69°C | Throttling: None - None - None - None - None - None - None - None
802 (881808 Gflops/s) - 802 (881808 Gflops/s) - 803 (882907 Gflops/s) - 803 (882907 Gflops/s) - 802 (881808 Gflops/s) - 802 (881808 Gflops/s) - 801 (880708 Gflops/s) - 801 (880708 Gflops/s) | Temperatures: 72°C - 67°C - 68°C - 68°C - 68°C - 70°C - 66°C - 69°C | Throttling: None - None - None - None - None - None - None - None
803 (882907 Gflops/s) - 802 (881808 Gflops/s) - 803 (882907 Gflops/s) - 802 (881808 Gflops/s) - 802 (881808 Gflops/s) - 803 (882907 Gflops/s) - 801 (880708 Gflops/s) - 802 (881808 Gflops/s) | Temperatures: 72°C - 67°C - 68°C - 68°C - 68°C - 70°C - 66°C - 69°C | Throttling: None - None - None - None - None - None - None - None
803 (882907 Gflops/s) - 803 (882907 Gflops/s) - 804 (884007 Gflops/s) - 803 (882907 Gflops/s) - 803 (882907 Gflops/s) - 802 (881808 Gflops/s) - 802 (881808 Gflops/s) - 803 (882907 Gflops/s) | Temperatures: 72°C - 67°C - 68°C - 68°C - 68°C - 70°C - 66°C - 69°C | Throttling: None - None - None - None - None - None - None - None
802 (881808 Gflops/s) - 802 (881808 Gflops/s) - 803 (882907 Gflops/s) - 803 (882907 Gflops/s) - 803 (882907 Gflops/s) - 803 (882907 Gflops/s) - 802 (881808 Gflops/s) - 802 (881808 Gflops/s) | Temperatures: 72°C - 67°C - 68°C - 68°C - 68°C - 70°C - 66°C - 69°C | Throttling: None - None - None - None - None - None - None - None
803 (882907 Gflops/s) - 803 (882907 Gflops/s) - 804 (884007 Gflops/s) - 803 (882907 Gflops/s) - 802 (881808 Gflops/s) - 803 (882907 Gflops/s) - 801 (880708 Gflops/s) - 802 (881808 Gflops/s) | Temperatures: 72°C - 67°C - 68°C - 68°C - 68°C - 70°C - 66°C - 69°C | Throttling: None - None - None - None - None - None - None - None
802 (881808 Gflops/s) - 801 (880708 Gflops/s) - 803 (882907 Gflops/s) - 802 (881808 Gflops/s) - 802 (881808 Gflops/s) - 802 (881808 Gflops/s) - 801 (880708 Gflops/s) - 802 (881808 Gflops/s) | Temperatures: 72°C - 67°C - 68°C - 68°C - 68°C - 70°C - 66°C - 69°C | Throttling: None - None - None - None - None - None - None - None
803 (882907 Gflops/s) - 803 (882907 Gflops/s) - 803 (882907 Gflops/s) - 803 (882907 Gflops/s) - 803 (882907 Gflops/s) - 803 (882907 Gflops/s) - 802 (881808 Gflops/s) - 802 (881808 Gflops/s) | Temperatures: 72°C - 67°C - 68°C - 68°C - 68°C - 70°C - 66°C - 69°C | Throttling: None - None - None - None - None - None - None - None
803 (882907 Gflops/s) - 802 (881808 Gflops/s) - 804 (884007 Gflops/s) - 802 (881808 Gflops/s) - 803 (882907 Gflops/s) - 803 (882907 Gflops/s) - 802 (881808 Gflops/s) - 802 (881808 Gflops/s) | Temperatures: 72°C - 67°C - 68°C - 68°C - 68°C - 70°C - 66°C - 69°C | Throttling: None - None - None - None - None - None - None - None
803 (882907 Gflops/s) - 802 (881808 Gflops/s) - 803 (882907 Gflops/s) - 803 (882907 Gflops/s) - 802 (881808 Gflops/s) - 803 (882907 Gflops/s) - 802 (881808 Gflops/s) - 803 (882907 Gflops/s) | Temperatures: 72°C - 67°C - 68°C - 68°C - 68°C - 70°C - 66°C - 69°C | Throttling: None - None - None - None - None - None - None - None
802 (881808 Gflops/s) - 803 (882907 Gflops/s) - 804 (884007 Gflops/s) - 803 (882907 Gflops/s) - 803 (882907 Gflops/s) - 802 (881808 Gflops/s) - 801 (880708 Gflops/s) - 802 (881808 Gflops/s) | Temperatures: 72°C - 67°C - 68°C - 68°C - 68°C - 70°C - 66°C - 69°C | Throttling: None - None - None - None - None - None - None - None
803 (882907 Gflops/s) - 802 (881808 Gflops/s) - 803 (882907 Gflops/s) - 803 (882907 Gflops/s) - 803 (882907 Gflops/s) - 803 (882907 Gflops/s) - 802 (881808 Gflops/s) - 802 (881808 Gflops/s) | Temperatures: 72°C - 67°C - 68°C - 68°C - 68°C - 70°C - 66°C - 69°C | Throttling: None - None - None - None - None - None - None - None
802 (881808 Gflops/s) - 802 (881808 Gflops/s) - 803 (882907 Gflops/s) - 802 (881808 Gflops/s) - 802 (881808 Gflops/s) - 802 (881808 Gflops/s) - 801 (880708 Gflops/s) - 802 (881808 Gflops/s) | Temperatures: 72°C - 67°C - 68°C - 68°C - 68°C - 70°C - 66°C - 69°C | Throttling: None - None - None - None - None - None - None - None
803 (882907 Gflops/s) - 802 (881808 Gflops/s) - 804 (884007 Gflops/s) - 803 (882907 Gflops/s) - 802 (881808 Gflops/s) - 803 (882907 Gflops/s) - 802 (881808 Gflops/s) - 802 (881808 Gflops/s) | Temperatures: 72°C - 67°C - 68°C - 68°C - 68°C - 70°C - 66°C - 69°C | Throttling: None - None - None - None - None - None - None - None
803 (882907 Gflops/s) - 803 (882907 Gflops/s) - 803 (882907 Gflops/s) - 803 (882907 Gflops/s) - 803 (882907 Gflops/s) - 803 (882907 Gflops/s) - 801 (880708 Gflops/s) - 802 (881808 Gflops/s) | Temperatures: 71°C - 67°C - 68°C - 68°C - 68°C - 70°C - 66°C - 69°C | Throttling: None - None - None - None - None - None - None - None
803 (882907 Gflops/s) - 802 (881808 Gflops/s) - 804 (884007 Gflops/s) - 803 (882907 Gflops/s) - 803 (882907 Gflops/s) - 803 (882907 Gflops/s) - 802 (881808 Gflops/s) - 803 (882907 Gflops/s) | Temperatures: 72°C - 67°C - 68°C - 68°C - 68°C - 70°C - 66°C - 69°C | Throttling: None - None - None - None - None - None - None - None
802 (881808 Gflops/s) - 803 (882907 Gflops/s) - 804 (884007 Gflops/s) - 803 (882907 Gflops/s) - 803 (882907 Gflops/s) - 803 (882907 Gflops/s) - 802 (881808 Gflops/s) - 802 (881808 Gflops/s) | Temperatures: 71°C - 67°C - 68°C - 68°C - 68°C - 70°C - 66°C - 69°C | Throttling: None - None - None - None - None - None - None - None
803 (882907 Gflops/s) - 802 (881808 Gflops/s) - 803 (882907 Gflops/s) - 802 (881808 Gflops/s) - 802 (881808 Gflops/s) - 803 (882907 Gflops/s) - 802 (881808 Gflops/s) - 802 (881808 Gflops/s) | Temperatures: 71°C - 67°C - 68°C - 68°C - 68°C - 70°C - 66°C - 69°C | Throttling: None - None - None - None - None - None - None - None
802 (881808 Gflops/s) - 802 (881808 Gflops/s) - 803 (882907 Gflops/s) - 802 (881808 Gflops/s) - 802 (881808 Gflops/s) - 802 (881808 Gflops/s) - 800 (879609 Gflops/s) - 802 (881808 Gflops/s) | Temperatures: 71°C - 67°C - 68°C - 68°C - 68°C - 70°C - 66°C - 69°C | Throttling: None - None - None - None - None - None - None - None
803 (882907 Gflops/s) - 802 (881808 Gflops/s) - 804 (884007 Gflops/s) - 803 (882907 Gflops/s) - 803 (882907 Gflops/s) - 803 (882907 Gflops/s) - 802 (881808 Gflops/s) - 802 (881808 Gflops/s) | Temperatures: 71°C - 67°C - 68°C - 68°C - 68°C - 70°C - 66°C - 69°C | Throttling: None - None - None - None - None - None - None - None
803 (882907 Gflops/s) - 803 (882907 Gflops/s) - 803 (882907 Gflops/s) - 803 (882907 Gflops/s) - 803 (882907 Gflops/s) - 803 (882907 Gflops/s) - 802 (881808 Gflops/s) - 802 (881808 Gflops/s) | Temperatures: 72°C - 67°C - 68°C - 68°C - 68°C - 70°C - 66°C - 69°C | Throttling: None - None - None - None - None - None - None - None
802 (881808 Gflops/s) - 802 (881808 Gflops/s) - 804 (884007 Gflops/s) - 803 (882907 Gflops/s) - 802 (881808 Gflops/s) - 802 (881808 Gflops/s) - 801 (880708 Gflops/s) - 803 (882907 Gflops/s) | Temperatures: 72°C - 67°C - 68°C - 68°C - 68°C - 70°C - 66°C - 69°C | Throttling: None - None - None - None - None - None - None - None
803 (882907 Gflops/s) - 803 (882907 Gflops/s) - 803 (882907 Gflops/s) - 803 (882907 Gflops/s) - 803 (882907 Gflops/s) - 803 (882907 Gflops/s) - 802 (881808 Gflops/s) - 802 (881808 Gflops/s) | Temperatures: 72°C - 67°C - 68°C - 68°C - 68°C - 70°C - 66°C - 69°C | Throttling: None - None - None - None - None - None - None - None
803 (882907 Gflops/s) - 802 (881808 Gflops/s) - 804 (884007 Gflops/s) - 803 (882907 Gflops/s) - 803 (882907 Gflops/s) - 803 (882907 Gflops/s) - 802 (881808 Gflops/s) - 802 (881808 Gflops/s) | Temperatures: 72°C - 67°C - 68°C - 68°C - 68°C - 70°C - 66°C - 69°C | Throttling: None - None - None - None - None - None - None - None
802 (881808 Gflops/s) - 802 (881808 Gflops/s) - 803 (882907 Gflops/s) - 802 (881808 Gflops/s) - 802 (881808 Gflops/s) - 802 (881808 Gflops/s) - 801 (880708 Gflops/s) - 802 (881808 Gflops/s) | Temperatures: 72°C - 67°C - 68°C - 68°C - 68°C - 70°C - 66°C - 69°C | Throttling: None - None - None - None - None - None - None - None
803 (882907 Gflops/s) - 802 (881808 Gflops/s) - 803 (882907 Gflops/s) - 803 (882907 Gflops/s) - 802 (881808 Gflops/s) - 803 (882907 Gflops/s) - 801 (880708 Gflops/s) - 802 (881808 Gflops/s) | Temperatures: 72°C - 67°C - 68°C - 68°C - 68°C - 70°C - 66°C - 69°C | Throttling: None - None - None - None - None - None - None - None
803 (882907 Gflops/s) - 803 (882907 Gflops/s) - 804 (884007 Gflops/s) - 802 (881808 Gflops/s) - 803 (882907 Gflops/s) - 803 (882907 Gflops/s) - 802 (881808 Gflops/s) - 802 (881808 Gflops/s) | Temperatures: 72°C - 67°C - 68°C - 68°C - 68°C - 70°C - 66°C - 69°C | Throttling: None - None - None - None - None - None - None - None
802 (881808 Gflops/s) - 802 (881808 Gflops/s) - 804 (884007 Gflops/s) - 803 (882907 Gflops/s) - 803 (882907 Gflops/s) - 803 (882907 Gflops/s) - 802 (881808 Gflops/s) - 802 (881808 Gflops/s) | Temperatures: 71°C - 67°C - 68°C - 68°C - 68°C - 70°C - 66°C - 69°C | Throttling: None - None - None - None - None - None - None - None
803 (882907 Gflops/s) - 802 (881808 Gflops/s) - 803 (882907 Gflops/s) - 803 (882907 Gflops/s) - 802 (881808 Gflops/s) - 803 (882907 Gflops/s) - 802 (881808 Gflops/s) - 803 (882907 Gflops/s) | Temperatures: 71°C - 67°C - 68°C - 68°C - 68°C - 70°C - 66°C - 69°C | Throttling: None - None - None - None - None - None - None - None
802 (881808 Gflops/s) - 802 (881808 Gflops/s) - 803 (882907 Gflops/s) - 802 (881808 Gflops/s) - 802 (881808 Gflops/s) - 802 (881808 Gflops/s) - 800 (879609 Gflops/s) - 801 (880708 Gflops/s) | Temperatures: 71°C - 67°C - 67°C - 68°C - 68°C - 70°C - 66°C - 69°C | Throttling: None - None - None - None - None - None - None - None
803 (882907 Gflops/s) - 803 (882907 Gflops/s) - 803 (882907 Gflops/s) - 803 (882907 Gflops/s) - 803 (882907 Gflops/s) - 803 (882907 Gflops/s) - 802 (881808 Gflops/s) - 803 (882907 Gflops/s) | Temperatures: 71°C - 66°C - 68°C - 68°C - 68°C - 70°C - 66°C - 69°C | Throttling: None - None - None - None - None - None - None - None
803 (882907 Gflops/s) - 802 (881808 Gflops/s) - 804 (884007 Gflops/s) - 803 (882907 Gflops/s) - 803 (882907 Gflops/s) - 803 (882907 Gflops/s) - 802 (881808 Gflops/s) - 802 (881808 Gflops/s) | Temperatures: 71°C - 66°C - 67°C - 68°C - 68°C - 70°C - 66°C - 69°C | Throttling: None - None - None - None - None - None - None - None
803 (882907 Gflops/s) - 802 (881808 Gflops/s) - 804 (884007 Gflops/s) - 803 (882907 Gflops/s) - 802 (881808 Gflops/s) - 802 (881808 Gflops/s) - 802 (881808 Gflops/s) - 802 (881808 Gflops/s) | Temperatures: 71°C - 66°C - 67°C - 68°C - 68°C - 70°C - 66°C - 69°C | Throttling: None - None - None - None - None - None - None - None
803 (882907 Gflops/s) - 803 (882907 Gflops/s) - 803 (882907 Gflops/s) - 803 (882907 Gflops/s) - 803 (882907 Gflops/s) - 803 (882907 Gflops/s) - 801 (880708 Gflops/s) - 802 (881808 Gflops/s) | Temperatures: 71°C - 66°C - 67°C - 68°C - 68°C - 70°C - 66°C - 69°C | Throttling: None - None - None - None - None - None - None - None
802 (881808 Gflops/s) - 802 (881808 Gflops/s) - 804 (884007 Gflops/s) - 802 (881808 Gflops/s) - 803 (882907 Gflops/s) - 803 (882907 Gflops/s) - 802 (881808 Gflops/s) - 803 (882907 Gflops/s) | Temperatures: 71°C - 66°C - 67°C - 68°C - 68°C - 70°C - 66°C - 69°C | Throttling: None - None - None - None - None - None - None - None
802 (881808 Gflops/s) - 802 (881808 Gflops/s) - 802 (881808 Gflops/s) - 802 (881808 Gflops/s) - 802 (881808 Gflops/s) - 802 (881808 Gflops/s) - 801 (880708 Gflops/s) - 801 (880708 Gflops/s) | Temperatures: 71°C - 66°C - 67°C - 67°C - 68°C - 70°C - 66°C - 69°C | Throttling: None - None - None - None - None - None - None - None
803 (882907 Gflops/s) - 802 (881808 Gflops/s) - 804 (884007 Gflops/s) - 803 (882907 Gflops/s) - 802 (881808 Gflops/s) - 803 (882907 Gflops/s) - 802 (881808 Gflops/s) - 802 (881808 Gflops/s) | Temperatures: 71°C - 66°C - 67°C - 67°C - 68°C - 70°C - 66°C - 69°C | Throttling: None - None - None - None - None - None - None - None
803 (882907 Gflops/s) - 803 (882907 Gflops/s) - 804 (884007 Gflops/s) - 803 (882907 Gflops/s) - 803 (882907 Gflops/s) - 803 (882907 Gflops/s) - 801 (880708 Gflops/s) - 803 (882907 Gflops/s) | Temperatures: 71°C - 66°C - 67°C - 67°C - 68°C - 70°C - 66°C - 69°C | Throttling: None - None - None - None - None - None - None - None
803 (882907 Gflops/s) - 802 (881808 Gflops/s) - 803 (882907 Gflops/s) - 803 (882907 Gflops/s) - 803 (882907 Gflops/s) - 803 (882907 Gflops/s) - 802 (881808 Gflops/s) - 802 (881808 Gflops/s) | Temperatures: 71°C - 66°C - 67°C - 67°C - 68°C - 70°C - 66°C - 69°C | Throttling: None - None - None - None - None - None - None - None
803 (882907 Gflops/s) - 803 (882907 Gflops/s) - 804 (884007 Gflops/s) - 803 (882907 Gflops/s) - 803 (882907 Gflops/s) - 803 (882907 Gflops/s) - 802 (881808 Gflops/s) - 802 (881808 Gflops/s) | Temperatures: 71°C - 66°C - 67°C - 67°C - 68°C - 70°C - 66°C - 69°C | Throttling: None - None - None - None - None - None - None - None
802 (881808 Gflops/s) - 801 (880708 Gflops/s) - 803 (882907 Gflops/s) - 802 (881808 Gflops/s) - 801 (880708 Gflops/s) - 802 (881808 Gflops/s) - 801 (880708 Gflops/s) - 802 (881808 Gflops/s) | Temperatures: 71°C - 66°C - 67°C - 67°C - 68°C - 70°C - 66°C - 69°C | Throttling: None - None - None - None - None - None - None - None
802 (881808 Gflops/s) - 803 (882907 Gflops/s) - 803 (882907 Gflops/s) - 803 (882907 Gflops/s) - 803 (882907 Gflops/s) - 803 (882907 Gflops/s) - 801 (880708 Gflops/s) - 802 (881808 Gflops/s) | Temperatures: 71°C - 66°C - 67°C - 67°C - 68°C - 70°C - 66°C - 69°C | Throttling: None - None - None - None - None - None - None - None
803 (882907 Gflops/s) - 802 (881808 Gflops/s) - 804 (884007 Gflops/s) - 803 (882907 Gflops/s) - 803 (882907 Gflops/s) - 803 (882907 Gflops/s) - 802 (881808 Gflops/s) - 802 (881808 Gflops/s) | Temperatures: 71°C - 66°C - 67°C - 67°C - 68°C - 70°C - 66°C - 69°C | Throttling: None - None - None - None - None - None - None - None
803 (882907 Gflops/s) - 803 (882907 Gflops/s) - 803 (882907 Gflops/s) - 802 (881808 Gflops/s) - 803 (882907 Gflops/s) - 803 (882907 Gflops/s) - 802 (881808 Gflops/s) - 803 (882907 Gflops/s) | Temperatures: 71°C - 66°C - 67°C - 67°C - 68°C - 70°C - 66°C - 69°C | Throttling: None - None - None - None - None - None - None - None
803 (882907 Gflops/s) - 802 (881808 Gflops/s) - 804 (884007 Gflops/s) - 803 (882907 Gflops/s) - 802 (881808 Gflops/s) - 803 (882907 Gflops/s) - 801 (880708 Gflops/s) - 802 (881808 Gflops/s) | Temperatures: 71°C - 66°C - 67°C - 67°C - 68°C - 70°C - 66°C - 69°C | Throttling: None - None - None - None - None - None - None - None
803 (882907 Gflops/s) - 803 (882907 Gflops/s) - 803 (882907 Gflops/s) - 803 (882907 Gflops/s) - 803 (882907 Gflops/s) - 802 (881808 Gflops/s) - 802 (881808 Gflops/s) - 802 (881808 Gflops/s) | Temperatures: 71°C - 66°C - 67°C - 67°C - 68°C - 70°C - 66°C - 69°C | Throttling: None - None - None - None - None - None - None - None
802 (881808 Gflops/s) - 801 (880708 Gflops/s) - 803 (882907 Gflops/s) - 802 (881808 Gflops/s) - 802 (881808 Gflops/s) - 803 (882907 Gflops/s) - 801 (880708 Gflops/s) - 802 (881808 Gflops/s) | Temperatures: 71°C - 66°C - 67°C - 67°C - 68°C - 70°C - 66°C - 69°C | Throttling: None - None - None - None - None - None - None - None
802 (881808 Gflops/s) - 803 (882907 Gflops/s) - 804 (884007 Gflops/s) - 803 (882907 Gflops/s) - 803 (882907 Gflops/s) - 802 (881808 Gflops/s) - 802 (881808 Gflops/s) - 802 (881808 Gflops/s) | Temperatures: 71°C - 66°C - 67°C - 67°C - 68°C - 70°C - 66°C - 69°C | Throttling: None - None - None - None - None - None - None - None
803 (882907 Gflops/s) - 802 (881808 Gflops/s) - 803 (882907 Gflops/s) - 803 (882907 Gflops/s) - 802 (881808 Gflops/s) - 803 (882907 Gflops/s) - 802 (881808 Gflops/s) - 802 (881808 Gflops/s) | Temperatures: 71°C - 66°C - 67°C - 67°C - 68°C - 70°C - 66°C - 69°C | Throttling: None - None - None - None - None - None - None - None
803 (882907 Gflops/s) - 803 (882907 Gflops/s) - 804 (884007 Gflops/s) - 803 (882907 Gflops/s) - 803 (882907 Gflops/s) - 803 (882907 Gflops/s) - 801 (880708 Gflops/s) - 803 (882907 Gflops/s) | Temperatures: 71°C - 66°C - 67°C - 67°C - 68°C - 70°C - 66°C - 69°C | Throttling: None - None - None - None - None - None - None - None
803 (882907 Gflops/s) - 802 (881808 Gflops/s) - 804 (884007 Gflops/s) - 802 (881808 Gflops/s) - 803 (882907 Gflops/s) - 803 (882907 Gflops/s) - 802 (881808 Gflops/s) - 802 (881808 Gflops/s) | Temperatures: 71°C - 66°C - 67°C - 67°C - 68°C - 70°C - 66°C - 69°C | Throttling: None - None - None - None - None - None - None - None
803 (882907 Gflops/s) - 803 (882907 Gflops/s) - 803 (882907 Gflops/s) - 803 (882907 Gflops/s) - 802 (881808 Gflops/s) - 803 (882907 Gflops/s) - 802 (881808 Gflops/s) - 802 (881808 Gflops/s) | Temperatures: 71°C - 66°C - 67°C - 67°C - 68°C - 70°C - 66°C - 69°C | Throttling: None - None - None - None - None - None - None - None
802 (881808 Gflops/s) - 801 (880708 Gflops/s) - 803 (882907 Gflops/s) - 802 (881808 Gflops/s) - 802 (881808 Gflops/s) - 802 (881808 Gflops/s) - 801 (880708 Gflops/s) - 802 (881808 Gflops/s) | Temperatures: 71°C - 66°C - 67°C - 67°C - 68°C - 70°C - 66°C - 69°C | Throttling: None - None - None - None - None - None - None - None
802 (881808 Gflops/s) - 803 (882907 Gflops/s) - 804 (884007 Gflops/s) - 803 (882907 Gflops/s) - 803 (882907 Gflops/s) - 803 (882907 Gflops/s) - 801 (880708 Gflops/s) - 802 (881808 Gflops/s) | Temperatures: 71°C - 66°C - 67°C - 67°C - 68°C - 70°C - 66°C - 69°C | Throttling: None - None - None - None - None - None - None - None
803 (882907 Gflops/s) - 802 (881808 Gflops/s) - 803 (882907 Gflops/s) - 803 (882907 Gflops/s) - 803 (882907 Gflops/s) - 803 (882907 Gflops/s) - 802 (881808 Gflops/s) - 803 (882907 Gflops/s) | Temperatures: 71°C - 66°C - 67°C - 67°C - 68°C - 70°C - 66°C - 69°C | Throttling: None - None - None - None - None - None - None - None
803 (882907 Gflops/s) - 803 (882907 Gflops/s) - 804 (884007 Gflops/s) - 803 (882907 Gflops/s) - 803 (882907 Gflops/s) - 803 (882907 Gflops/s) - 802 (881808 Gflops/s) - 802 (881808 Gflops/s) | Temperatures: 71°C - 66°C - 67°C - 67°C - 68°C - 70°C - 66°C - 69°C | Throttling: None - None - None - None - None - None - None - None
803 (882907 Gflops/s) - 802 (881808 Gflops/s) - 803 (882907 Gflops/s) - 803 (882907 Gflops/s) - 802 (881808 Gflops/s) - 803 (882907 Gflops/s) - 802 (881808 Gflops/s) - 802 (881808 Gflops/s) | Temperatures: 71°C - 66°C - 67°C - 67°C - 68°C - 70°C - 66°C - 69°C | Throttling: None - None - None - None - None - None - None - None
802 (881808 Gflops/s) - 802 (881808 Gflops/s) - 803 (882907 Gflops/s) - 802 (881808 Gflops/s) - 802 (881808 Gflops/s) - 802 (881808 Gflops/s) - 801 (880708 Gflops/s) - 802 (881808 Gflops/s) | Temperatures: 71°C - 66°C - 67°C - 67°C - 68°C - 70°C - 66°C - 69°C | Throttling: None - None - None - None - None - None - None - None
803 (882907 Gflops/s) - 802 (881808 Gflops/s) - 804 (884007 Gflops/s) - 803 (882907 Gflops/s) - 803 (882907 Gflops/s) - 803 (882907 Gflops/s) - 801 (880708 Gflops/s) - 802 (881808 Gflops/s) | Temperatures: 71°C - 66°C - 67°C - 67°C - 68°C - 70°C - 66°C - 69°C | Throttling: None - None - None - None - None - None - None - None
802 (881808 Gflops/s) - 803 (882907 Gflops/s) - 803 (882907 Gflops/s) - 802 (881808 Gflops/s) - 803 (882907 Gflops/s) - 803 (882907 Gflops/s) - 802 (881808 Gflops/s) - 802 (881808 Gflops/s) | Temperatures: 71°C - 66°C - 67°C - 67°C - 68°C - 70°C - 66°C - 69°C | Throttling: None - None - None - None - None - None - None - None
803 (882907 Gflops/s) - 802 (881808 Gflops/s) - 804 (884007 Gflops/s) - 803 (882907 Gflops/s) - 803 (882907 Gflops/s) - 803 (882907 Gflops/s) - 802 (881808 Gflops/s) - 802 (881808 Gflops/s) | Temperatures: 71°C - 66°C - 67°C - 67°C - 68°C - 70°C - 66°C - 69°C | Throttling: None - None - None - None - None - None - None - None
803 (882907 Gflops/s) - 802 (881808 Gflops/s) - 803 (882907 Gflops/s) - 803 (882907 Gflops/s) - 802 (881808 Gflops/s) - 803 (882907 Gflops/s) - 801 (880708 Gflops/s) - 803 (882907 Gflops/s) | Temperatures: 71°C - 66°C - 67°C - 67°C - 68°C - 70°C - 66°C - 69°C | Throttling: None - None - None - None - None - None - None - None
803 (882907 Gflops/s) - 803 (882907 Gflops/s) - 804 (884007 Gflops/s) - 803 (882907 Gflops/s) - 803 (882907 Gflops/s) - 802 (881808 Gflops/s) - 802 (881808 Gflops/s) - 802 (881808 Gflops/s) | Temperatures: 71°C - 66°C - 67°C - 67°C - 68°C - 70°C - 66°C - 69°C | Throttling: None - None - None - None - None - None - None - None
802 (881808 Gflops/s) - 802 (881808 Gflops/s) - 803 (882907 Gflops/s) - 802 (881808 Gflops/s) - 802 (881808 Gflops/s) - 802 (881808 Gflops/s) - 801 (880708 Gflops/s) - 801 (880708 Gflops/s) | Temperatures: 71°C - 66°C - 67°C - 67°C - 68°C - 70°C - 66°C - 69°C | Throttling: None - None - None - None - None - None - None - None
803 (882907 Gflops/s) - 802 (881808 Gflops/s) - 803 (882907 Gflops/s) - 803 (882907 Gflops/s) - 803 (882907 Gflops/s) - 803 (882907 Gflops/s) - 802 (881808 Gflops/s) - 803 (882907 Gflops/s) | Temperatures: 71°C - 66°C - 67°C - 67°C - 68°C - 70°C - 66°C - 69°C | Throttling: None - None - None - None - None - None - None - None
802 (881808 Gflops/s) - 802 (881808 Gflops/s) - 804 (884007 Gflops/s) - 803 (882907 Gflops/s) - 802 (881808 Gflops/s) - 803 (882907 Gflops/s) - 801 (880708 Gflops/s) - 802 (881808 Gflops/s) | Temperatures: 71°C - 66°C - 67°C - 67°C - 68°C - 70°C - 66°C - 69°C | Throttling: None - None - None - None - None - None - None - None
803 (882907 Gflops/s) - 803 (882907 Gflops/s) - 803 (882907 Gflops/s) - 802 (881808 Gflops/s) - 803 (882907 Gflops/s) - 803 (882907 Gflops/s) - 802 (881808 Gflops/s) - 802 (881808 Gflops/s) | Temperatures: 71°C - 66°C - 67°C - 67°C - 68°C - 70°C - 66°C - 69°C | Throttling: None - None - None - None - None - None - None - None
803 (882907 Gflops/s) - 802 (881808 Gflops/s) - 804 (884007 Gflops/s) - 803 (882907 Gflops/s) - 803 (882907 Gflops/s) - 803 (882907 Gflops/s) - 802 (881808 Gflops/s) - 803 (882907 Gflops/s) | Temperatures: 71°C - 66°C - 67°C - 67°C - 68°C - 70°C - 66°C - 69°C | Throttling: None - None - None - None - None - None - None - None
802 (881808 Gflops/s) - 802 (881808 Gflops/s) - 803 (882907 Gflops/s) - 802 (881808 Gflops/s) - 802 (881808 Gflops/s) - 802 (881808 Gflops/s) - 801 (880708 Gflops/s) - 801 (880708 Gflops/s) | Temperatures: 71°C - 66°C - 67°C - 67°C - 68°C - 70°C - 66°C - 69°C | Throttling: None - None - None - None - None - None - None - None
803 (882907 Gflops/s) - 802 (881808 Gflops/s) - 803 (882907 Gflops/s) - 803 (882907 Gflops/s) - 803 (882907 Gflops/s) - 803 (882907 Gflops/s) - 802 (881808 Gflops/s) - 802 (881808 Gflops/s) | Temperatures: 71°C - 66°C - 67°C - 67°C - 68°C - 70°C - 66°C - 69°C | Throttling: None - None - None - None - None - None - None - None
803 (882907 Gflops/s) - 803 (882907 Gflops/s) - 804 (884007 Gflops/s) - 803 (882907 Gflops/s) - 802 (881808 Gflops/s) - 803 (882907 Gflops/s) - 801 (880708 Gflops/s) - 803 (882907 Gflops/s) | Temperatures: 71°C - 66°C - 67°C - 67°C - 67°C - 70°C - 66°C - 69°C | Throttling: None - None - None - None - None - None - None - None
802 (881808 Gflops/s) - 802 (881808 Gflops/s) - 803 (882907 Gflops/s) - 803 (882907 Gflops/s) - 803 (882907 Gflops/s) - 803 (882907 Gflops/s) - 802 (881808 Gflops/s) - 802 (881808 Gflops/s) | Temperatures: 71°C - 66°C - 67°C - 67°C - 68°C - 70°C - 66°C - 69°C | Throttling: None - None - None - None - None - None - None - None
803 (882907 Gflops/s) - 803 (882907 Gflops/s) - 804 (884007 Gflops/s) - 803 (882907 Gflops/s) - 803 (882907 Gflops/s) - 803 (882907 Gflops/s) - 802 (881808 Gflops/s) - 802 (881808 Gflops/s) | Temperatures: 71°C - 66°C - 67°C - 67°C - 68°C - 70°C - 66°C - 69°C | Throttling: None - None - None - None - None - None - None - None
803 (882907 Gflops/s) - 802 (881808 Gflops/s) - 803 (882907 Gflops/s) - 803 (882907 Gflops/s) - 802 (881808 Gflops/s) - 803 (882907 Gflops/s) - 801 (880708 Gflops/s) - 803 (882907 Gflops/s) | Temperatures: 71°C - 66°C - 67°C - 67°C - 67°C - 70°C - 66°C - 69°C | Throttling: None - None - None - None - None - None - None - None
802 (881808 Gflops/s) - 802 (881808 Gflops/s) - 803 (882907 Gflops/s) - 802 (881808 Gflops/s) - 802 (881808 Gflops/s) - 802 (881808 Gflops/s) - 801 (880708 Gflops/s) - 801 (880708 Gflops/s) | Temperatures: 71°C - 66°C - 67°C - 67°C - 68°C - 70°C - 66°C - 69°C | Throttling: None - None - None - None - None - None - None - None
803 (882907 Gflops/s) - 802 (881808 Gflops/s) - 804 (884007 Gflops/s) - 803 (882907 Gflops/s) - 803 (882907 Gflops/s) - 803 (882907 Gflops/s) - 802 (881808 Gflops/s) - 802 (881808 Gflops/s) | Temperatures: 71°C - 66°C - 67°C - 67°C - 67°C - 70°C - 66°C - 69°C | Throttling: None - None - None - None - None - None - None - None
803 (882907 Gflops/s) - 803 (882907 Gflops/s) - 803 (882907 Gflops/s) - 803 (882907 Gflops/s) - 803 (882907 Gflops/s) - 803 (882907 Gflops/s) - 802 (881808 Gflops/s) - 803 (882907 Gflops/s) | Temperatures: 71°C - 66°C - 67°C - 67°C - 67°C - 69°C - 66°C - 69°C | Throttling: None - None - None - None - None - None - None - None
802 (881808 Gflops/s) - 802 (881808 Gflops/s) - 804 (884007 Gflops/s) - 802 (881808 Gflops/s) - 802 (881808 Gflops/s) - 803 (882907 Gflops/s) - 801 (880708 Gflops/s) - 802 (881808 Gflops/s) | Temperatures: 71°C - 66°C - 67°C - 67°C - 67°C - 69°C - 66°C - 69°C | Throttling: None - None - None - None - None - None - None - None
803 (882907 Gflops/s) - 803 (882907 Gflops/s) - 804 (884007 Gflops/s) - 803 (882907 Gflops/s) - 803 (882907 Gflops/s) - 802 (881808 Gflops/s) - 802 (881808 Gflops/s) - 802 (881808 Gflops/s) | Temperatures: 71°C - 66°C - 67°C - 67°C - 67°C - 69°C - 66°C - 69°C | Throttling: None - None - None - None - None - None - None - None
803 (882907 Gflops/s) - 802 (881808 Gflops/s) - 803 (882907 Gflops/s) - 803 (882907 Gflops/s) - 803 (882907 Gflops/s) - 803 (882907 Gflops/s) - 802 (881808 Gflops/s) - 802 (881808 Gflops/s) | Temperatures: 71°C - 66°C - 67°C - 68°C - 67°C - 69°C - 66°C - 69°C | Throttling: None - None - None - None - None - None - None - None
802 (881808 Gflops/s) - 802 (881808 Gflops/s) - 803 (882907 Gflops/s) - 802 (881808 Gflops/s) - 802 (881808 Gflops/s) - 803 (882907 Gflops/s) - 801 (880708 Gflops/s) - 802 (881808 Gflops/s) | Temperatures: 71°C - 66°C - 67°C - 67°C - 67°C - 69°C - 66°C - 69°C | Throttling: None - None - None - None - None - None - None - None
803 (882907 Gflops/s) - 802 (881808 Gflops/s) - 804 (884007 Gflops/s) - 803 (882907 Gflops/s) - 802 (881808 Gflops/s) - 803 (882907 Gflops/s) - 802 (881808 Gflops/s) - 802 (881808 Gflops/s) | Temperatures: 71°C - 66°C - 67°C - 67°C - 67°C - 69°C - 66°C - 69°C | Throttling: None - None - None - None - None - None - None - None
803 (882907 Gflops/s) - 803 (882907 Gflops/s) - 803 (882907 Gflops/s) - 803 (882907 Gflops/s) - 803 (882907 Gflops/s) - 802 (881808 Gflops/s) - 801 (880708 Gflops/s) - 802 (881808 Gflops/s) | Temperatures: 71°C - 66°C - 67°C - 68°C - 67°C - 69°C - 66°C - 69°C | Throttling: None - None - None - None - None - None - None - None
802 (881808 Gflops/s) - 802 (881808 Gflops/s) - 804 (884007 Gflops/s) - 803 (882907 Gflops/s) - 803 (882907 Gflops/s) - 803 (882907 Gflops/s) - 802 (881808 Gflops/s) - 803 (882907 Gflops/s) | Temperatures: 71°C - 66°C - 67°C - 67°C - 67°C - 69°C - 66°C - 69°C | Throttling: None - None - None - None - None - None - None - None
803 (882907 Gflops/s) - 802 (881808 Gflops/s) - 803 (882907 Gflops/s) - 803 (882907 Gflops/s) - 802 (881808 Gflops/s) - 803 (882907 Gflops/s) - 802 (881808 Gflops/s) - 802 (881808 Gflops/s) | Temperatures: 71°C - 66°C - 67°C - 67°C - 67°C - 69°C - 66°C - 69°C | Throttling: None - None - None - None - None - None - None - None
802 (881808 Gflops/s) - 802 (881808 Gflops/s) - 803 (882907 Gflops/s) - 802 (881808 Gflops/s) - 802 (881808 Gflops/s) - 802 (881808 Gflops/s) - 801 (880708 Gflops/s) - 802 (881808 Gflops/s) | Temperatures: 71°C - 66°C - 67°C - 67°C - 67°C - 69°C - 66°C - 69°C | Throttling: None - None - None - None - None - None - None - None
803 (882907 Gflops/s) - 802 (881808 Gflops/s) - 804 (884007 Gflops/s) - 803 (882907 Gflops/s) - 803 (882907 Gflops/s) - 803 (882907 Gflops/s) - 802 (881808 Gflops/s) - 802 (881808 Gflops/s) | Temperatures: 71°C - 66°C - 67°C - 67°C - 67°C - 69°C - 66°C - 69°C | Throttling: None - None - None - None - None - None - None - None
803 (882907 Gflops/s) - 803 (882907 Gflops/s) - 803 (882907 Gflops/s) - 802 (881808 Gflops/s) - 803 (882907 Gflops/s) - 803 (882907 Gflops/s) - 801 (880708 Gflops/s) - 802 (881808 Gflops/s) | Temperatures: 71°C - 66°C - 67°C - 68°C - 67°C - 69°C - 66°C - 69°C | Throttling: None - None - None - None - None - None - None - None
803 (882907 Gflops/s) - 802 (881808 Gflops/s) - 804 (884007 Gflops/s) - 803 (882907 Gflops/s) - 802 (881808 Gflops/s) - 803 (882907 Gflops/s) - 802 (881808 Gflops/s) - 802 (881808 Gflops/s) | Temperatures: 71°C - 66°C - 67°C - 68°C - 67°C - 69°C - 66°C - 69°C | Throttling: None - None - None - None - None - None - None - None
802 (881808 Gflops/s) - 803 (882907 Gflops/s) - 803 (882907 Gflops/s) - 803 (882907 Gflops/s) - 803 (882907 Gflops/s) - 803 (882907 Gflops/s) - 802 (881808 Gflops/s) - 803 (882907 Gflops/s) | Temperatures: 71°C - 66°C - 67°C - 68°C - 67°C - 69°C - 65°C - 69°C | Throttling: None - None - None - None - None - None - None - None
803 (882907 Gflops/s) - 802 (881808 Gflops/s) - 804 (884007 Gflops/s) - 803 (882907 Gflops/s) - 803 (882907 Gflops/s) - 803 (882907 Gflops/s) - 801 (880708 Gflops/s) - 802 (881808 Gflops/s) | Temperatures: 71°C - 66°C - 67°C - 68°C - 67°C - 69°C - 66°C - 69°C | Throttling: None - None - None - None - None - None - None - None
803 (882907 Gflops/s) - 802 (881808 Gflops/s) - 803 (882907 Gflops/s) - 803 (882907 Gflops/s) - 802 (881808 Gflops/s) - 802 (881808 Gflops/s) - 802 (881808 Gflops/s) - 802 (881808 Gflops/s) | Temperatures: 71°C - 66°C - 67°C - 68°C - 67°C - 69°C - 65°C - 69°C | Throttling: None - None - None - None - None - None - None - None
802 (881808 Gflops/s) - 802 (881808 Gflops/s) - 803 (882907 Gflops/s) - 802 (881808 Gflops/s) - 802 (881808 Gflops/s) - 802 (881808 Gflops/s) - 801 (880708 Gflops/s) - 802 (881808 Gflops/s) | Temperatures: 71°C - 66°C - 67°C - 68°C - 67°C - 69°C - 65°C - 69°C | Throttling: None - None - None - None - None - None - None - None
803 (882907 Gflops/s) - 802 (881808 Gflops/s) - 803 (882907 Gflops/s) - 803 (882907 Gflops/s) - 803 (882907 Gflops/s) - 803 (882907 Gflops/s) - 802 (881808 Gflops/s) - 802 (881808 Gflops/s) | Temperatures: 71°C - 66°C - 67°C - 68°C - 67°C - 69°C - 66°C - 69°C | Throttling: None - None - None - None - None - None - None - None
802 (881808 Gflops/s) - 803 (882907 Gflops/s) - 804 (884007 Gflops/s) - 803 (882907 Gflops/s) - 803 (882907 Gflops/s) - 803 (882907 Gflops/s) - 801 (880708 Gflops/s) - 802 (881808 Gflops/s) | Temperatures: 71°C - 66°C - 67°C - 68°C - 67°C - 69°C - 65°C - 69°C | Throttling: None - None - None - None - None - None - None - None
803 (882907 Gflops/s) - 802 (881808 Gflops/s) - 804 (884007 Gflops/s) - 802 (881808 Gflops/s) - 803 (882907 Gflops/s) - 803 (882907 Gflops/s) - 802 (881808 Gflops/s) - 802 (881808 Gflops/s) | Temperatures: 71°C - 66°C - 67°C - 68°C - 67°C - 69°C - 66°C - 69°C | Throttling: None - None - None - None - None - None - None - None
803 (882907 Gflops/s) - 803 (882907 Gflops/s) - 803 (882907 Gflops/s) - 803 (882907 Gflops/s) - 802 (881808 Gflops/s) - 803 (882907 Gflops/s) - 802 (881808 Gflops/s) - 803 (882907 Gflops/s) | Temperatures: 71°C - 66°C - 67°C - 68°C - 67°C - 69°C - 65°C - 69°C | Throttling: None - None - None - None - None - None - None - None
803 (882907 Gflops/s) - 802 (881808 Gflops/s) - 804 (884007 Gflops/s) - 803 (882907 Gflops/s) - 803 (882907 Gflops/s) - 803 (882907 Gflops/s) - 801 (880708 Gflops/s) - 802 (881808 Gflops/s) | Temperatures: 71°C - 66°C - 67°C - 68°C - 67°C - 69°C - 65°C - 69°C | Throttling: None - None - None - None - None - None - None - None
802 (881808 Gflops/s) - 802 (881808 Gflops/s) - 802 (881808 Gflops/s) - 802 (881808 Gflops/s) - 802 (881808 Gflops/s) - 802 (881808 Gflops/s) - 801 (880708 Gflops/s) - 802 (881808 Gflops/s) | Temperatures: 71°C - 66°C - 67°C - 68°C - 67°C - 69°C - 65°C - 69°C | Throttling: None - None - None - None - None - None - None - None
803 (882907 Gflops/s) - 802 (881808 Gflops/s) - 804 (884007 Gflops/s) - 803 (882907 Gflops/s) - 803 (882907 Gflops/s) - 803 (882907 Gflops/s) - 802 (881808 Gflops/s) - 802 (881808 Gflops/s) | Temperatures: 71°C - 66°C - 67°C - 67°C - 67°C - 69°C - 65°C - 69°C | Throttling: None - None - None - None - None - None - None - None
802 (881808 Gflops/s) - 803 (882907 Gflops/s) - 804 (884007 Gflops/s) - 803 (882907 Gflops/s) - 802 (881808 Gflops/s) - 802 (881808 Gflops/s) - 802 (881808 Gflops/s) - 802 (881808 Gflops/s) | Temperatures: 71°C - 66°C - 67°C - 67°C - 67°C - 69°C - 65°C - 69°C | Throttling: None - None - None - None - None - None - None - None
803 (882907 Gflops/s) - 802 (881808 Gflops/s) - 803 (882907 Gflops/s) - 803 (882907 Gflops/s) - 803 (882907 Gflops/s) - 803 (882907 Gflops/s) - 801 (880708 Gflops/s) - 803 (882907 Gflops/s) | Temperatures: 71°C - 66°C - 67°C - 67°C - 67°C - 69°C - 65°C - 69°C | Throttling: None - None - None - None - None - None - None - None
803 (882907 Gflops/s) - 803 (882907 Gflops/s) - 804 (884007 Gflops/s) - 803 (882907 Gflops/s) - 803 (882907 Gflops/s) - 803 (882907 Gflops/s) - 802 (881808 Gflops/s) - 802 (881808 Gflops/s) | Temperatures: 71°C - 66°C - 67°C - 67°C - 67°C - 69°C - 65°C - 69°C | Throttling: None - None - None - None - None - None - None - None
803 (882907 Gflops/s) - 802 (881808 Gflops/s) - 803 (882907 Gflops/s) - 803 (882907 Gflops/s) - 802 (881808 Gflops/s) - 803 (882907 Gflops/s) - 802 (881808 Gflops/s) - 802 (881808 Gflops/s) | Temperatures: 71°C - 66°C - 67°C - 67°C - 67°C - 69°C - 65°C - 69°C | Throttling: None - None - None - None - None - None - None - None
802 (881808 Gflops/s) - 802 (881808 Gflops/s) - 803 (882907 Gflops/s) - 802 (881808 Gflops/s) - 802 (881808 Gflops/s) - 802 (881808 Gflops/s) - 801 (880708 Gflops/s) - 802 (881808 Gflops/s) | Temperatures: 71°C - 66°C - 67°C - 67°C - 67°C - 69°C - 65°C - 69°C | Throttling: None - None - None - None - None - None - None - None
802 (881808 Gflops/s) - 802 (881808 Gflops/s) - 804 (884007 Gflops/s) - 802 (881808 Gflops/s) - 803 (882907 Gflops/s) - 803 (882907 Gflops/s) - 801 (880708 Gflops/s) - 802 (881808 Gflops/s) | Temperatures: 71°C - 66°C - 67°C - 67°C - 67°C - 69°C - 65°C - 69°C | Throttling: None - None - None - None - None - None - None - None
803 (882907 Gflops/s) - 803 (882907 Gflops/s) - 803 (882907 Gflops/s) - 803 (882907 Gflops/s) - 803 (882907 Gflops/s) - 803 (882907 Gflops/s) - 802 (881808 Gflops/s) - 802 (881808 Gflops/s) | Temperatures: 71°C - 66°C - 67°C - 67°C - 67°C - 69°C - 65°C - 69°C | Throttling: None - None - None - None - None - None - None - None
803 (882907 Gflops/s) - 802 (881808 Gflops/s) - 804 (884007 Gflops/s) - 803 (882907 Gflops/s) - 803 (882907 Gflops/s) - 803 (882907 Gflops/s) - 802 (881808 Gflops/s) - 803 (882907 Gflops/s) | Temperatures: 71°C - 66°C - 67°C - 67°C - 67°C - 69°C - 65°C - 69°C | Throttling: None - None - None - None - None - None - None - None
803 (882907 Gflops/s) - 803 (882907 Gflops/s) - 804 (884007 Gflops/s) - 803 (882907 Gflops/s) - 802 (881808 Gflops/s) - 803 (882907 Gflops/s) - 801 (880708 Gflops/s) - 802 (881808 Gflops/s) | Temperatures: 71°C - 66°C - 67°C - 67°C - 67°C - 69°C - 65°C - 69°C | Throttling: None - None - None - None - None - None - None - None
802 (881808 Gflops/s) - 801 (880708 Gflops/s) - 802 (881808 Gflops/s) - 802 (881808 Gflops/s) - 802 (881808 Gflops/s) - 802 (881808 Gflops/s) - 801 (880708 Gflops/s) - 801 (880708 Gflops/s) | Temperatures: 71°C - 66°C - 67°C - 67°C - 67°C - 69°C - 65°C - 69°C | Throttling: None - None - None - None - None - None - None - None
803 (882907 Gflops/s) - 803 (882907 Gflops/s) - 804 (884007 Gflops/s) - 803 (882907 Gflops/s) - 803 (882907 Gflops/s) - 803 (882907 Gflops/s) - 802 (881808 Gflops/s) - 803 (882907 Gflops/s) | Temperatures: 71°C - 66°C - 67°C - 67°C - 67°C - 69°C - 65°C - 69°C | Throttling: None - None - None - None - None - None - None - None
802 (881808 Gflops/s) - 802 (881808 Gflops/s) - 804 (884007 Gflops/s) - 803 (882907 Gflops/s) - 802 (881808 Gflops/s) - 803 (882907 Gflops/s) - 802 (881808 Gflops/s) - 802 (881808 Gflops/s) | Temperatures: 71°C - 66°C - 67°C - 67°C - 67°C - 69°C - 65°C - 69°C | Throttling: None - None - None - None - None - None - None - None
803 (882907 Gflops/s) - 803 (882907 Gflops/s) - 803 (882907 Gflops/s) - 803 (882907 Gflops/s) - 803 (882907 Gflops/s) - 803 (882907 Gflops/s) - 801 (880708 Gflops/s) - 802 (881808 Gflops/s) | Temperatures: 71°C - 66°C - 67°C - 67°C - 67°C - 69°C - 65°C - 69°C | Throttling: None - None - None - None - None - None - None - None
803 (882907 Gflops/s) - 802 (881808 Gflops/s) - 804 (884007 Gflops/s) - 803 (882907 Gflops/s) - 803 (882907 Gflops/s) - 803 (882907 Gflops/s) - 802 (881808 Gflops/s) - 803 (882907 Gflops/s) | Temperatures: 71°C - 66°C - 67°C - 67°C - 67°C - 69°C - 65°C - 69°C | Throttling: None - None - None - None - None - None - None - None
803 (882907 Gflops/s) - 802 (881808 Gflops/s) - 803 (882907 Gflops/s) - 803 (882907 Gflops/s) - 803 (882907 Gflops/s) - 802 (881808 Gflops/s) - 802 (881808 Gflops/s) - 802 (881808 Gflops/s) | Temperatures: 71°C - 66°C - 67°C - 67°C - 67°C - 69°C - 66°C - 69°C | Throttling: None - None - None - None - None - None - None - None
802 (881808 Gflops/s) - 802 (881808 Gflops/s) - 803 (882907 Gflops/s) - 802 (881808 Gflops/s) - 801 (880708 Gflops/s) - 803 (882907 Gflops/s) - 801 (880708 Gflops/s) - 801 (880708 Gflops/s) | Temperatures: 71°C - 66°C - 67°C - 67°C - 67°C - 69°C - 65°C - 69°C | Throttling: None - None - None - None - None - None - None - None
803 (882907 Gflops/s) - 803 (882907 Gflops/s) - 804 (884007 Gflops/s) - 803 (882907 Gflops/s) - 803 (882907 Gflops/s) - 802 (881808 Gflops/s) - 801 (880708 Gflops/s) - 803 (882907 Gflops/s) | Temperatures: 71°C - 66°C - 67°C - 67°C - 67°C - 69°C - 66°C - 69°C | Throttling: None - None - None - None - None - None - None - None
802 (881808 Gflops/s) - 802 (881808 Gflops/s) - 803 (882907 Gflops/s) - 802 (881808 Gflops/s) - 803 (882907 Gflops/s) - 803 (882907 Gflops/s) - 802 (881808 Gflops/s) - 802 (881808 Gflops/s) | Temperatures: 71°C - 66°C - 67°C - 67°C - 67°C - 69°C - 66°C - 69°C | Throttling: None - None - None - None - None - None - None - None
803 (882907 Gflops/s) - 802 (881808 Gflops/s) - 804 (884007 Gflops/s) - 803 (882907 Gflops/s) - 803 (882907 Gflops/s) - 803 (882907 Gflops/s) - 802 (881808 Gflops/s) - 802 (881808 Gflops/s) | Temperatures: 71°C - 66°C - 67°C - 67°C - 67°C - 69°C - 66°C - 69°C | Throttling: None - None - None - None - None - None - None - None
803 (882907 Gflops/s) - 803 (882907 Gflops/s) - 803 (882907 Gflops/s) - 803 (882907 Gflops/s) - 802 (881808 Gflops/s) - 803 (882907 Gflops/s) - 801 (880708 Gflops/s) - 803 (882907 Gflops/s) | Temperatures: 71°C - 66°C - 67°C - 67°C - 67°C - 69°C - 66°C - 69°C | Throttling: None - None - None - None - None - None - None - None
802 (881808 Gflops/s) - 802 (881808 Gflops/s) - 803 (882907 Gflops/s) - 802 (881808 Gflops/s) - 802 (881808 Gflops/s) - 802 (881808 Gflops/s) - 801 (880708 Gflops/s) - 801 (880708 Gflops/s) | Temperatures: 71°C - 66°C - 67°C - 67°C - 67°C - 69°C - 66°C - 69°C | Throttling: None - None - None - None - None - None - None - None
803 (882907 Gflops/s) - 802 (881808 Gflops/s) - 804 (884007 Gflops/s) - 803 (882907 Gflops/s) - 803 (882907 Gflops/s) - 803 (882907 Gflops/s) - 802 (881808 Gflops/s) - 802 (881808 Gflops/s) | Temperatures: 71°C - 66°C - 67°C - 67°C - 67°C - 69°C - 66°C - 69°C | Throttling: None - None - None - None - None - None - None - None
803 (882907 Gflops/s) - 803 (882907 Gflops/s) - 803 (882907 Gflops/s) - 803 (882907 Gflops/s) - 803 (882907 Gflops/s) - 803 (882907 Gflops/s) - 802 (881808 Gflops/s) - 803 (882907 Gflops/s) | Temperatures: 71°C - 66°C - 67°C - 67°C - 67°C - 69°C - 66°C - 69°C | Throttling: None - None - None - None - None - None - None - None
802 (881808 Gflops/s) - 802 (881808 Gflops/s) - 804 (884007 Gflops/s) - 803 (882907 Gflops/s) - 802 (881808 Gflops/s) - 803 (882907 Gflops/s) - 801 (880708 Gflops/s) - 802 (881808 Gflops/s) | Temperatures: 70°C - 66°C - 67°C - 67°C - 67°C - 69°C - 66°C - 69°C | Throttling: None - None - None - None - None - None - None - None
803 (882907 Gflops/s) - 802 (881808 Gflops/s) - 803 (882907 Gflops/s) - 803 (882907 Gflops/s) - 803 (882907 Gflops/s) - 803 (882907 Gflops/s) - 802 (881808 Gflops/s) - 802 (881808 Gflops/s) | Temperatures: 70°C - 66°C - 67°C - 67°C - 67°C - 69°C - 66°C - 69°C | Throttling: None - None - None - None - None - None - None - None
803 (882907 Gflops/s) - 803 (882907 Gflops/s) - 804 (884007 Gflops/s) - 803 (882907 Gflops/s) - 803 (882907 Gflops/s) - 802 (881808 Gflops/s) - 802 (881808 Gflops/s) - 803 (882907 Gflops/s) | Temperatures: 70°C - 66°C - 67°C - 67°C - 67°C - 69°C - 66°C - 69°C | Throttling: None - None - None - None - None - None - None - None
802 (881808 Gflops/s) - 802 (881808 Gflops/s) - 803 (882907 Gflops/s) - 802 (881808 Gflops/s) - 802 (881808 Gflops/s) - 802 (881808 Gflops/s) - 801 (880708 Gflops/s) - 801 (880708 Gflops/s) | Temperatures: 70°C - 66°C - 67°C - 67°C - 67°C - 69°C - 66°C - 69°C | Throttling: None - None - None - None - None - None - None - None
803 (882907 Gflops/s) - 802 (881808 Gflops/s) - 803 (882907 Gflops/s) - 802 (881808 Gflops/s) - 802 (881808 Gflops/s) - 803 (882907 Gflops/s) - 801 (880708 Gflops/s) - 802 (881808 Gflops/s) | Temperatures: 71°C - 66°C - 67°C - 67°C - 67°C - 69°C - 66°C - 69°C | Throttling: None - None - None - None - None - None - None - None
803 (882907 Gflops/s) - 802 (881808 Gflops/s) - 804 (884007 Gflops/s) - 803 (882907 Gflops/s) - 803 (882907 Gflops/s) - 803 (882907 Gflops/s) - 802 (881808 Gflops/s) - 803 (882907 Gflops/s) | Temperatures: 71°C - 66°C - 67°C - 67°C - 67°C - 69°C - 66°C - 69°C | Throttling: None - None - None - None - None - None - None - None
802 (881808 Gflops/s) - 803 (882907 Gflops/s) - 803 (882907 Gflops/s) - 803 (882907 Gflops/s) - 803 (882907 Gflops/s) - 803 (882907 Gflops/s) - 802 (881808 Gflops/s) - 802 (881808 Gflops/s) | Temperatures: 71°C - 66°C - 67°C - 67°C - 67°C - 69°C - 66°C - 69°C | Throttling: None - None - None - None - None - None - None - None
803 (882907 Gflops/s) - 802 (881808 Gflops/s) - 804 (884007 Gflops/s) - 803 (882907 Gflops/s) - 803 (882907 Gflops/s) - 803 (882907 Gflops/s) - 801 (880708 Gflops/s) - 802 (881808 Gflops/s) | Temperatures: 71°C - 66°C - 67°C - 67°C - 67°C - 69°C - 66°C - 69°C | Throttling: None - None - None - None - None - None - None - None
803 (882907 Gflops/s) - 803 (882907 Gflops/s) - 804 (884007 Gflops/s) - 803 (882907 Gflops/s) - 802 (881808 Gflops/s) - 803 (882907 Gflops/s) - 802 (881808 Gflops/s) - 802 (881808 Gflops/s) | Temperatures: 71°C - 66°C - 67°C - 67°C - 67°C - 69°C - 66°C - 69°C | Throttling: None - None - None - None - None - None - None - None
802 (881808 Gflops/s) - 802 (881808 Gflops/s) - 802 (881808 Gflops/s) - 802 (881808 Gflops/s) - 802 (881808 Gflops/s) - 802 (881808 Gflops/s) - 801 (880708 Gflops/s) - 802 (881808 Gflops/s) | Temperatures: 71°C - 66°C - 67°C - 67°C - 67°C - 69°C - 66°C - 69°C | Throttling: None - None - None - None - None - None - None - None
803 (882907 Gflops/s) - 802 (881808 Gflops/s) - 804 (884007 Gflops/s) - 803 (882907 Gflops/s) - 803 (882907 Gflops/s) - 803 (882907 Gflops/s) - 802 (881808 Gflops/s) - 802 (881808 Gflops/s) | Temperatures: 71°C - 66°C - 67°C - 67°C - 67°C - 69°C - 66°C - 69°C | Throttling: None - None - None - None - None - None - None - None
803 (882907 Gflops/s) - 803 (882907 Gflops/s) - 803 (882907 Gflops/s) - 802 (881808 Gflops/s) - 803 (882907 Gflops/s) - 803 (882907 Gflops/s) - 802 (881808 Gflops/s) - 802 (881808 Gflops/s) | Temperatures: 71°C - 66°C - 67°C - 67°C - 67°C - 69°C - 66°C - 69°C | Throttling: None - None - None - None - None - None - None - None
802 (881808 Gflops/s) - 802 (881808 Gflops/s) - 804 (884007 Gflops/s) - 803 (882907 Gflops/s) - 802 (881808 Gflops/s) - 802 (881808 Gflops/s) - 801 (880708 Gflops/s) - 803 (882907 Gflops/s) | Temperatures: 71°C - 66°C - 67°C - 67°C - 67°C - 69°C - 66°C - 69°C | Throttling: None - None - None - None - None - None - None - None
803 (882907 Gflops/s) - 803 (882907 Gflops/s) - 804 (884007 Gflops/s) - 803 (882907 Gflops/s) - 803 (882907 Gflops/s) - 803 (882907 Gflops/s) - 802 (881808 Gflops/s) - 802 (881808 Gflops/s) | Temperatures: 71°C - 66°C - 67°C - 67°C - 67°C - 69°C - 66°C - 69°C | Throttling: None - None - None - None - None - None - None - None
803 (882907 Gflops/s) - 802 (881808 Gflops/s) - 803 (882907 Gflops/s) - 803 (882907 Gflops/s) - 803 (882907 Gflops/s) - 803 (882907 Gflops/s) - 802 (881808 Gflops/s) - 802 (881808 Gflops/s) | Temperatures: 71°C - 66°C - 67°C - 67°C - 67°C - 69°C - 66°C - 69°C | Throttling: None - None - None - None - None - None - None - None
802 (881808 Gflops/s) - 802 (881808 Gflops/s) - 803 (882907 Gflops/s) - 802 (881808 Gflops/s) - 802 (881808 Gflops/s) - 802 (881808 Gflops/s) - 801 (880708 Gflops/s) - 802 (881808 Gflops/s) | Temperatures: 71°C - 66°C - 67°C - 67°C - 67°C - 69°C - 66°C - 69°C | Throttling: None - None - None - None - None - None - None - None
803 (882907 Gflops/s) - 802 (881808 Gflops/s) - 804 (884007 Gflops/s) - 803 (882907 Gflops/s) - 802 (881808 Gflops/s) - 803 (882907 Gflops/s) - 801 (880708 Gflops/s) - 802 (881808 Gflops/s) | Temperatures: 71°C - 66°C - 67°C - 67°C - 67°C - 69°C - 66°C - 69°C | Throttling: None - None - None - None - None - None - None - None
803 (882907 Gflops/s) - 803 (882907 Gflops/s) - 803 (882907 Gflops/s) - 803 (882907 Gflops/s) - 803 (882907 Gflops/s) - 803 (882907 Gflops/s) - 802 (881808 Gflops/s) - 802 (881808 Gflops/s) | Temperatures: 71°C - 66°C - 67°C - 67°C - 67°C - 69°C - 66°C - 69°C | Throttling: None - None - None - None - None - None - None - None
802 (881808 Gflops/s) - 802 (881808 Gflops/s) - 804 (884007 Gflops/s) - 803 (882907 Gflops/s) - 803 (882907 Gflops/s) - 803 (882907 Gflops/s) - 802 (881808 Gflops/s) - 803 (882907 Gflops/s) | Temperatures: 71°C - 66°C - 67°C - 67°C - 67°C - 69°C - 66°C - 69°C | Throttling: None - None - None - None - None - None - None - None
803 (882907 Gflops/s) - 802 (881808 Gflops/s) - 803 (882907 Gflops/s) - 802 (881808 Gflops/s) - 803 (882907 Gflops/s) - 803 (882907 Gflops/s) - 802 (881808 Gflops/s) - 802 (881808 Gflops/s) | Temperatures: 71°C - 66°C - 67°C - 67°C - 67°C - 70°C - 66°C - 69°C | Throttling: None - None - None - None - None - None - None - None
802 (881808 Gflops/s) - 802 (881808 Gflops/s) - 803 (882907 Gflops/s) - 802 (881808 Gflops/s) - 802 (881808 Gflops/s) - 802 (881808 Gflops/s) - 800 (879609 Gflops/s) - 801 (880708 Gflops/s) | Temperatures: 71°C - 66°C - 67°C - 67°C - 67°C - 70°C - 66°C - 69°C | Throttling: None - None - None - None - None - None - None - None
803 (882907 Gflops/s) - 803 (882907 Gflops/s) - 804 (884007 Gflops/s) - 803 (882907 Gflops/s) - 802 (881808 Gflops/s) - 803 (882907 Gflops/s) - 802 (881808 Gflops/s) - 803 (882907 Gflops/s) | Temperatures: 71°C - 66°C - 67°C - 67°C - 67°C - 70°C - 66°C - 69°C | Throttling: None - None - None - None - None - None - None - None
803 (882907 Gflops/s) - 802 (881808 Gflops/s) - 803 (882907 Gflops/s) - 803 (882907 Gflops/s) - 803 (882907 Gflops/s) - 803 (882907 Gflops/s) - 802 (881808 Gflops/s) - 802 (881808 Gflops/s) | Temperatures: 71°C - 66°C - 67°C - 67°C - 67°C - 70°C - 66°C - 69°C | Throttling: None - None - None - None - None - None - None - None
802 (881808 Gflops/s) - 802 (881808 Gflops/s) - 804 (884007 Gflops/s) - 803 (882907 Gflops/s) - 803 (882907 Gflops/s) - 802 (881808 Gflops/s) - 802 (881808 Gflops/s) - 802 (881808 Gflops/s) | Temperatures: 71°C - 66°C - 67°C - 67°C - 67°C - 70°C - 66°C - 69°C | Throttling: None - None - None - None - None - None - None - None
803 (882907 Gflops/s) - 803 (882907 Gflops/s) - 803 (882907 Gflops/s) - 803 (882907 Gflops/s) - 802 (881808 Gflops/s) - 803 (882907 Gflops/s) - 801 (880708 Gflops/s) - 803 (882907 Gflops/s) | Temperatures: 71°C - 66°C - 67°C - 67°C - 67°C - 70°C - 66°C - 69°C | Throttling: None - None - None - None - None - None - None - None
803 (882907 Gflops/s) - 802 (881808 Gflops/s) - 804 (884007 Gflops/s) - 802 (881808 Gflops/s) - 803 (882907 Gflops/s) - 803 (882907 Gflops/s) - 802 (881808 Gflops/s) - 802 (881808 Gflops/s) | Temperatures: 71°C - 66°C - 67°C - 67°C - 67°C - 70°C - 66°C - 69°C | Throttling: None - None - None - None - None - None - None - None
802 (881808 Gflops/s) - 802 (881808 Gflops/s) - 803 (882907 Gflops/s) - 803 (882907 Gflops/s) - 802 (881808 Gflops/s) - 802 (881808 Gflops/s) - 801 (880708 Gflops/s) - 802 (881808 Gflops/s) | Temperatures: 71°C - 66°C - 67°C - 67°C - 67°C - 70°C - 66°C - 69°C | Throttling: None - None - None - None - None - None - None - None
803 (882907 Gflops/s) - 802 (881808 Gflops/s) - 803 (882907 Gflops/s) - 802 (881808 Gflops/s) - 803 (882907 Gflops/s) - 803 (882907 Gflops/s) - 802 (881808 Gflops/s) - 802 (881808 Gflops/s) | Temperatures: 71°C - 66°C - 67°C - 67°C - 67°C - 70°C - 66°C - 69°C | Throttling: None - None - None - None - None - None - None - None
803 (882907 Gflops/s) - 803 (882907 Gflops/s) - 804 (884007 Gflops/s) - 803 (882907 Gflops/s) - 802 (881808 Gflops/s) - 803 (882907 Gflops/s) - 802 (881808 Gflops/s) - 802 (881808 Gflops/s) | Temperatures: 71°C - 66°C - 67°C - 67°C - 67°C - 70°C - 66°C - 69°C | Throttling: None - None - None - None - None - None - None - None
802 (881808 Gflops/s) - 802 (881808 Gflops/s) - 803 (882907 Gflops/s) - 803 (882907 Gflops/s) - 803 (882907 Gflops/s) - 803 (882907 Gflops/s) - 801 (880708 Gflops/s) - 802 (881808 Gflops/s) | Temperatures: 71°C - 66°C - 67°C - 67°C - 67°C - 70°C - 66°C - 69°C | Throttling: None - None - None - None - None - None - None - None
803 (882907 Gflops/s) - 803 (882907 Gflops/s) - 804 (884007 Gflops/s) - 803 (882907 Gflops/s) - 803 (882907 Gflops/s) - 803 (882907 Gflops/s) - 802 (881808 Gflops/s) - 803 (882907 Gflops/s) | Temperatures: 71°C - 66°C - 67°C - 67°C - 67°C - 70°C - 66°C - 69°C | Throttling: None - None - None - None - None - None - None - None
803 (882907 Gflops/s) - 802 (881808 Gflops/s) - 803 (882907 Gflops/s) - 803 (882907 Gflops/s) - 802 (881808 Gflops/s) - 803 (882907 Gflops/s) - 802 (881808 Gflops/s) - 802 (881808 Gflops/s) | Temperatures: 71°C - 66°C - 67°C - 67°C - 68°C - 70°C - 66°C - 69°C | Throttling: None - None - None - None - None - None - None - None
802 (881808 Gflops/s) - 802 (881808 Gflops/s) - 803 (882907 Gflops/s) - 802 (881808 Gflops/s) - 802 (881808 Gflops/s) - 802 (881808 Gflops/s) - 801 (880708 Gflops/s) - 801 (880708 Gflops/s) | Temperatures: 71°C - 66°C - 67°C - 67°C - 68°C - 70°C - 66°C - 69°C | Throttling: None - None - None - None - None - None - None - None
803 (882907 Gflops/s) - 802 (881808 Gflops/s) - 804 (884007 Gflops/s) - 803 (882907 Gflops/s) - 803 (882907 Gflops/s) - 802 (881808 Gflops/s) - 801 (880708 Gflops/s) - 803 (882907 Gflops/s) | Temperatures: 71°C - 66°C - 67°C - 67°C - 68°C - 70°C - 66°C - 69°C | Throttling: None - None - None - None - None - None - None - None
803 (882907 Gflops/s) - 803 (882907 Gflops/s) - 803 (882907 Gflops/s) - 802 (881808 Gflops/s) - 803 (882907 Gflops/s) - 803 (882907 Gflops/s) - 802 (881808 Gflops/s) - 802 (881808 Gflops/s) | Temperatures: 71°C - 66°C - 67°C - 67°C - 68°C - 70°C - 66°C - 69°C | Throttling: None - None - None - None - None - None - None - None
803 (882907 Gflops/s) - 802 (881808 Gflops/s) - 804 (884007 Gflops/s) - 803 (882907 Gflops/s) - 803 (882907 Gflops/s) - 803 (882907 Gflops/s) - 802 (881808 Gflops/s) - 802 (881808 Gflops/s) | Temperatures: 71°C - 66°C - 67°C - 67°C - 68°C - 70°C - 66°C - 69°C | Throttling: None - None - None - None - None - None - None - None
802 (881808 Gflops/s) - 803 (882907 Gflops/s) - 803 (882907 Gflops/s) - 803 (882907 Gflops/s) - 802 (881808 Gflops/s) - 803 (882907 Gflops/s) - 801 (880708 Gflops/s) - 803 (882907 Gflops/s) | Temperatures: 71°C - 66°C - 67°C - 67°C - 68°C - 70°C - 66°C - 69°C | Throttling: None - None - None - None - None - None - None - None
803 (882907 Gflops/s) - 802 (881808 Gflops/s) - 804 (884007 Gflops/s) - 803 (882907 Gflops/s) - 803 (882907 Gflops/s) - 803 (882907 Gflops/s) - 802 (881808 Gflops/s) - 802 (881808 Gflops/s) | Temperatures: 71°C - 66°C - 67°C - 67°C - 68°C - 70°C - 66°C - 69°C | Throttling: None - None - None - None - None - None - None - None
802 (881808 Gflops/s) - 802 (881808 Gflops/s) - 803 (882907 Gflops/s) - 802 (881808 Gflops/s) - 802 (881808 Gflops/s) - 802 (881808 Gflops/s) - 801 (880708 Gflops/s) - 801 (880708 Gflops/s) | Temperatures: 71°C - 66°C - 67°C - 67°C - 68°C - 70°C - 66°C - 69°C | Throttling: None - None - None - None - None - None - None - None
803 (882907 Gflops/s) - 802 (881808 Gflops/s) - 803 (882907 Gflops/s) - 803 (882907 Gflops/s) - 802 (881808 Gflops/s) - 803 (882907 Gflops/s) - 802 (881808 Gflops/s) - 802 (881808 Gflops/s) | Temperatures: 71°C - 66°C - 67°C - 67°C - 68°C - 70°C - 66°C - 69°C | Throttling: None - None - None - None - None - None - None - None
803 (882907 Gflops/s) - 802 (881808 Gflops/s) - 804 (884007 Gflops/s) - 803 (882907 Gflops/s) - 803 (882907 Gflops/s) - 803 (882907 Gflops/s) - 801 (880708 Gflops/s) - 803 (882907 Gflops/s) | Temperatures: 71°C - 66°C - 67°C - 67°C - 68°C - 70°C - 66°C - 69°C | Throttling: None - None - None - None - None - None - None - None
803 (882907 Gflops/s) - 803 (882907 Gflops/s) - 803 (882907 Gflops/s) - 803 (882907 Gflops/s) - 803 (882907 Gflops/s) - 803 (882907 Gflops/s) - 802 (881808 Gflops/s) - 802 (881808 Gflops/s) | Temperatures: 71°C - 66°C - 67°C - 67°C - 68°C - 70°C - 66°C - 69°C | Throttling: None - None - None - None - None - None - None - None
802 (881808 Gflops/s) - 802 (881808 Gflops/s) - 804 (884007 Gflops/s) - 802 (881808 Gflops/s) - 803 (882907 Gflops/s) - 803 (882907 Gflops/s) - 802 (881808 Gflops/s) - 803 (882907 Gflops/s) | Temperatures: 71°C - 66°C - 67°C - 67°C - 68°C - 70°C - 66°C - 69°C | Throttling: None - None - None - None - None - None - None - None
802 (881808 Gflops/s) - 802 (881808 Gflops/s) - 803 (882907 Gflops/s) - 802 (881808 Gflops/s) - 802 (881808 Gflops/s) - 802 (881808 Gflops/s) - 801 (880708 Gflops/s) - 801 (880708 Gflops/s) | Temperatures: 71°C - 66°C - 67°C - 67°C - 68°C - 70°C - 66°C - 69°C | Throttling: None - None - None - None - None - None - None - None
803 (882907 Gflops/s) - 802 (881808 Gflops/s) - 803 (882907 Gflops/s) - 803 (882907 Gflops/s) - 802 (881808 Gflops/s) - 803 (882907 Gflops/s) - 801 (880708 Gflops/s) - 802 (881808 Gflops/s) | Temperatures: 71°C - 66°C - 67°C - 67°C - 68°C - 70°C - 66°C - 69°C | Throttling: None - None - None - None - None - None - None - None
803 (882907 Gflops/s) - 803 (882907 Gflops/s) - 804 (884007 Gflops/s) - 803 (882907 Gflops/s) - 803 (882907 Gflops/s) - 803 (882907 Gflops/s) - 802 (881808 Gflops/s) - 803 (882907 Gflops/s) | Temperatures: 71°C - 66°C - 67°C - 67°C - 68°C - 70°C - 66°C - 69°C | Throttling: None - None - None - None - None - None - None - None
803 (882907 Gflops/s) - 802 (881808 Gflops/s) - 803 (882907 Gflops/s) - 803 (882907 Gflops/s) - 803 (882907 Gflops/s) - 802 (881808 Gflops/s) - 802 (881808 Gflops/s) - 802 (881808 Gflops/s) | Temperatures: 71°C - 66°C - 67°C - 67°C - 68°C - 70°C - 66°C - 69°C | Throttling: None - None - None - None - None - None - None - None
803 (882907 Gflops/s) - 803 (882907 Gflops/s) - 804 (884007 Gflops/s) - 803 (882907 Gflops/s) - 802 (881808 Gflops/s) - 803 (882907 Gflops/s) - 801 (880708 Gflops/s) - 802 (881808 Gflops/s) | Temperatures: 71°C - 66°C - 67°C - 67°C - 68°C - 70°C - 66°C - 69°C | Throttling: None - None - None - None - None - None - None - None
802 (881808 Gflops/s) - 802 (881808 Gflops/s) - 804 (884007 Gflops/s) - 803 (882907 Gflops/s) - 803 (882907 Gflops/s) - 803 (882907 Gflops/s) - 802 (881808 Gflops/s) - 803 (882907 Gflops/s) | Temperatures: 71°C - 66°C - 67°C - 67°C - 68°C - 70°C - 66°C - 69°C | Throttling: None - None - None - None - None - None - None - None
803 (882907 Gflops/s) - 802 (881808 Gflops/s) - 803 (882907 Gflops/s) - 802 (881808 Gflops/s) - 802 (881808 Gflops/s) - 803 (882907 Gflops/s) - 801 (880708 Gflops/s) - 801 (880708 Gflops/s) | Temperatures: 71°C - 66°C - 67°C - 67°C - 68°C - 70°C - 66°C - 69°C | Throttling: None - None - None - None - None - None - None - None
803 (882907 Gflops/s) - 802 (881808 Gflops/s) - 803 (882907 Gflops/s) - 803 (882907 Gflops/s) - 803 (882907 Gflops/s) - 803 (882907 Gflops/s) - 802 (881808 Gflops/s) - 803 (882907 Gflops/s) | Temperatures: 71°C - 66°C - 67°C - 67°C - 68°C - 70°C - 66°C - 69°C | Throttling: None - None - None - None - None - None - None - None
802 (881808 Gflops/s) - 803 (882907 Gflops/s) - 804 (884007 Gflops/s) - 803 (882907 Gflops/s) - 803 (882907 Gflops/s) - 803 (882907 Gflops/s) - 802 (881808 Gflops/s) - 802 (881808 Gflops/s) | Temperatures: 71°C - 66°C - 67°C - 67°C - 68°C - 70°C - 66°C - 69°C | Throttling: None - None - None - None - None - None - None - None
802 (881808 Gflops/s) - 801 (880708 Gflops/s) - 803 (882907 Gflops/s) - 802 (881808 Gflops/s) - 802 (881808 Gflops/s) - 802 (881808 Gflops/s) - 801 (880708 Gflops/s) - 801 (880708 Gflops/s) | Temperatures: 71°C - 66°C - 67°C - 67°C - 68°C - 70°C - 66°C - 69°C | Throttling: None - None - None - None - None - None - None - None
803 (882907 Gflops/s) - 803 (882907 Gflops/s) - 803 (882907 Gflops/s) - 803 (882907 Gflops/s) - 803 (882907 Gflops/s) - 803 (882907 Gflops/s) - 802 (881808 Gflops/s) - 803 (882907 Gflops/s) | Temperatures: 71°C - 66°C - 67°C - 67°C - 68°C - 70°C - 66°C - 69°C | Throttling: None - None - None - None - None - None - None - None
803 (882907 Gflops/s) - 802 (881808 Gflops/s) - 804 (884007 Gflops/s) - 803 (882907 Gflops/s) - 802 (881808 Gflops/s) - 803 (882907 Gflops/s) - 801 (880708 Gflops/s) - 802 (881808 Gflops/s) | Temperatures: 71°C - 66°C - 67°C - 67°C - 68°C - 70°C - 66°C - 69°C | Throttling: None - None - None - None - None - None - None - None
803 (882907 Gflops/s) - 803 (882907 Gflops/s) - 803 (882907 Gflops/s) - 803 (882907 Gflops/s) - 803 (882907 Gflops/s) - 802 (881808 Gflops/s) - 802 (881808 Gflops/s) - 802 (881808 Gflops/s) | Temperatures: 71°C - 66°C - 67°C - 67°C - 68°C - 70°C - 66°C - 69°C | Throttling: None - None - None - None - None - None - None - None
803 (882907 Gflops/s) - 802 (881808 Gflops/s) - 804 (884007 Gflops/s) - 802 (881808 Gflops/s) - 803 (882907 Gflops/s) - 803 (882907 Gflops/s) - 802 (881808 Gflops/s) - 803 (882907 Gflops/s) | Temperatures: 71°C - 66°C - 67°C - 67°C - 68°C - 70°C - 66°C - 69°C | Throttling: None - None - None - None - None - None - None - None
802 (881808 Gflops/s) - 802 (881808 Gflops/s) - 803 (882907 Gflops/s) - 802 (881808 Gflops/s) - 802 (881808 Gflops/s) - 802 (881808 Gflops/s) - 801 (880708 Gflops/s) - 801 (880708 Gflops/s) | Temperatures: 71°C - 66°C - 67°C - 67°C - 68°C - 70°C - 66°C - 69°C | Throttling: None - None - None - None - None - None - None - None
802 (881808 Gflops/s) - 802 (881808 Gflops/s) - 803 (882907 Gflops/s) - 803 (882907 Gflops/s) - 802 (881808 Gflops/s) - 803 (882907 Gflops/s) - 801 (880708 Gflops/s) - 802 (881808 Gflops/s) | Temperatures: 71°C - 66°C - 67°C - 67°C - 68°C - 70°C - 66°C - 69°C | Throttling: None - None - None - None - None - None - None - None
803 (882907 Gflops/s) - 803 (882907 Gflops/s) - 804 (884007 Gflops/s) - 803 (882907 Gflops/s) - 803 (882907 Gflops/s) - 803 (882907 Gflops/s) - 802 (881808 Gflops/s) - 803 (882907 Gflops/s) | Temperatures: 71°C - 66°C - 67°C - 67°C - 68°C - 70°C - 66°C - 69°C | Throttling: None - None - None - None - None - None - None - None
803 (882907 Gflops/s) - 802 (881808 Gflops/s) - 804 (884007 Gflops/s) - 803 (882907 Gflops/s) - 803 (882907 Gflops/s) - 803 (882907 Gflops/s) - 802 (881808 Gflops/s) - 802 (881808 Gflops/s) | Temperatures: 71°C - 66°C - 67°C - 67°C - 68°C - 70°C - 66°C - 69°C | Throttling: None - None - None - None - None - None - None - None
803 (882907 Gflops/s) - 803 (882907 Gflops/s) - 803 (882907 Gflops/s) - 803 (882907 Gflops/s) - 803 (882907 Gflops/s) - 803 (882907 Gflops/s) - 801 (880708 Gflops/s) - 802 (881808 Gflops/s) | Temperatures: 71°C - 66°C - 67°C - 67°C - 68°C - 70°C - 66°C - 69°C | Throttling: None - None - None - None - None - None - None - None
802 (881808 Gflops/s) - 801 (880708 Gflops/s) - 803 (882907 Gflops/s) - 802 (881808 Gflops/s) - 801 (880708 Gflops/s) - 802 (881808 Gflops/s) - 801 (880708 Gflops/s) - 802 (881808 Gflops/s) | Temperatures: 71°C - 66°C - 67°C - 67°C - 68°C - 70°C - 66°C - 69°C | Throttling: None - None - None - None - None - None - None - None
803 (882907 Gflops/s) - 803 (882907 Gflops/s) - 804 (884007 Gflops/s) - 803 (882907 Gflops/s) - 803 (882907 Gflops/s) - 803 (882907 Gflops/s) - 802 (881808 Gflops/s) - 802 (881808 Gflops/s) | Temperatures: 71°C - 66°C - 67°C - 67°C - 68°C - 70°C - 66°C - 69°C | Throttling: None - None - None - None - None - None - None - None
802 (881808 Gflops/s) - 802 (881808 Gflops/s) - 803 (882907 Gflops/s) - 803 (882907 Gflops/s) - 803 (882907 Gflops/s) - 803 (882907 Gflops/s) - 802 (881808 Gflops/s) - 802 (881808 Gflops/s) | Temperatures: 71°C - 66°C - 67°C - 67°C - 68°C - 70°C - 66°C - 69°C | Throttling: None - None - None - None - None - None - None - None
803 (882907 Gflops/s) - 803 (882907 Gflops/s) - 804 (884007 Gflops/s) - 803 (882907 Gflops/s) - 803 (882907 Gflops/s) - 803 (882907 Gflops/s) - 801 (880708 Gflops/s) - 803 (882907 Gflops/s) | Temperatures: 71°C - 66°C - 67°C - 67°C - 68°C - 70°C - 66°C - 69°C | Throttling: None - None - None - None - None - None - None - None
803 (882907 Gflops/s) - 802 (881808 Gflops/s) - 803 (882907 Gflops/s) - 802 (881808 Gflops/s) - 802 (881808 Gflops/s) - 803 (882907 Gflops/s) - 802 (881808 Gflops/s) - 802 (881808 Gflops/s) | Temperatures: 71°C - 66°C - 67°C - 67°C - 68°C - 70°C - 66°C - 69°C | Throttling: None - None - None - None - None - None - None - None
803 (882907 Gflops/s) - 802 (881808 Gflops/s) - 804 (884007 Gflops/s) - 803 (882907 Gflops/s) - 803 (882907 Gflops/s) - 803 (882907 Gflops/s) - 802 (881808 Gflops/s) - 802 (881808 Gflops/s) | Temperatures: 71°C - 66°C - 67°C - 67°C - 68°C - 70°C - 66°C - 69°C | Throttling: None - None - None - None - None - None - None - None
802 (881808 Gflops/s) - 802 (881808 Gflops/s) - 803 (882907 Gflops/s) - 802 (881808 Gflops/s) - 802 (881808 Gflops/s) - 802 (881808 Gflops/s) - 801 (880708 Gflops/s) - 802 (881808 Gflops/s) | Temperatures: 71°C - 66°C - 67°C - 67°C - 68°C - 70°C - 66°C - 69°C | Throttling: None - None - None - None - None - None - None - None
803 (882907 Gflops/s) - 803 (882907 Gflops/s) - 803 (882907 Gflops/s) - 803 (882907 Gflops/s) - 803 (882907 Gflops/s) - 803 (882907 Gflops/s) - 801 (880708 Gflops/s) - 802 (881808 Gflops/s) | Temperatures: 71°C - 66°C - 67°C - 67°C - 68°C - 70°C - 66°C - 69°C | Throttling: None - None - None - None - None - None - None - None
802 (881808 Gflops/s) - 802 (881808 Gflops/s) - 804 (884007 Gflops/s) - 803 (882907 Gflops/s) - 802 (881808 Gflops/s) - 802 (881808 Gflops/s) - 802 (881808 Gflops/s) - 802 (881808 Gflops/s) | Temperatures: 71°C - 66°C - 67°C - 67°C - 68°C - 70°C - 66°C - 69°C | Throttling: None - None - None - None - None - None - None - None
803 (882907 Gflops/s) - 803 (882907 Gflops/s) - 803 (882907 Gflops/s) - 803 (882907 Gflops/s) - 803 (882907 Gflops/s) - 803 (882907 Gflops/s) - 802 (881808 Gflops/s) - 803 (882907 Gflops/s) | Temperatures: 71°C - 66°C - 67°C - 68°C - 68°C - 70°C - 66°C - 69°C | Throttling: None - None - None - None - None - None - None - None
803 (882907 Gflops/s) - 802 (881808 Gflops/s) - 804 (884007 Gflops/s) - 803 (882907 Gflops/s) - 803 (882907 Gflops/s) - 803 (882907 Gflops/s) - 802 (881808 Gflops/s) - 802 (881808 Gflops/s) | Temperatures: 71°C - 67°C - 68°C - 68°C - 68°C - 70°C - 66°C - 69°C | Throttling: None - None - None - None - None - None - None - None
802 (881808 Gflops/s) - 802 (881808 Gflops/s) - 803 (882907 Gflops/s) - 802 (881808 Gflops/s) - 802 (881808 Gflops/s) - 802 (881808 Gflops/s) - 800 (879609 Gflops/s) - 801 (880708 Gflops/s) | Temperatures: 71°C - 67°C - 68°C - 68°C - 68°C - 70°C - 66°C - 69°C | Throttling: None - None - None - None - None - None - None - None
803 (882907 Gflops/s) - 802 (881808 Gflops/s) - 803 (882907 Gflops/s) - 803 (882907 Gflops/s) - 803 (882907 Gflops/s) - 803 (882907 Gflops/s) - 802 (881808 Gflops/s) - 803 (882907 Gflops/s) | Temperatures: 71°C - 67°C - 68°C - 68°C - 68°C - 70°C - 66°C - 69°C | Throttling: None - None - None - None - None - None - None - None
803 (882907 Gflops/s) - 803 (882907 Gflops/s) - 804 (884007 Gflops/s) - 803 (882907 Gflops/s) - 802 (881808 Gflops/s) - 803 (882907 Gflops/s) - 802 (881808 Gflops/s) - 802 (881808 Gflops/s) | Temperatures: 71°C - 67°C - 68°C - 68°C - 68°C - 70°C - 66°C - 70°C | Throttling: None - None - None - None - None - None - None - None
802 (881808 Gflops/s) - 802 (881808 Gflops/s) - 803 (882907 Gflops/s) - 803 (882907 Gflops/s) - 803 (882907 Gflops/s) - 803 (882907 Gflops/s) - 802 (881808 Gflops/s) - 802 (881808 Gflops/s) | Temperatures: 72°C - 67°C - 68°C - 68°C - 68°C - 70°C - 66°C - 70°C | Throttling: None - None - None - None - None - None - None - None
803 (882907 Gflops/s) - 802 (881808 Gflops/s) - 804 (884007 Gflops/s) - 802 (881808 Gflops/s) - 803 (882907 Gflops/s) - 803 (882907 Gflops/s) - 801 (880708 Gflops/s) - 802 (881808 Gflops/s) | Temperatures: 72°C - 67°C - 68°C - 68°C - 68°C - 70°C - 66°C - 70°C | Throttling: None - None - None - None - None - None - None - None
803 (882907 Gflops/s) - 803 (882907 Gflops/s) - 803 (882907 Gflops/s) - 803 (882907 Gflops/s) - 802 (881808 Gflops/s) - 803 (882907 Gflops/s) - 802 (881808 Gflops/s) - 803 (882907 Gflops/s) | Temperatures: 72°C - 67°C - 68°C - 68°C - 68°C - 70°C - 66°C - 70°C | Throttling: None - None - None - None - None - None - None - None
802 (881808 Gflops/s) - 801 (880708 Gflops/s) - 803 (882907 Gflops/s) - 802 (881808 Gflops/s) - 802 (881808 Gflops/s) - 802 (881808 Gflops/s) - 801 (880708 Gflops/s) - 801 (880708 Gflops/s) | Temperatures: 72°C - 67°C - 68°C - 68°C - 68°C - 70°C - 66°C - 70°C | Throttling: None - None - None - None - None - None - None - None
803 (882907 Gflops/s) - 803 (882907 Gflops/s) - 804 (884007 Gflops/s) - 803 (882907 Gflops/s) - 803 (882907 Gflops/s) - 803 (882907 Gflops/s) - 802 (881808 Gflops/s) - 802 (881808 Gflops/s) | Temperatures: 72°C - 67°C - 68°C - 68°C - 68°C - 70°C - 66°C - 70°C | Throttling: None - None - None - None - None - None - None - None
803 (882907 Gflops/s) - 802 (881808 Gflops/s) - 803 (882907 Gflops/s) - 803 (882907 Gflops/s) - 803 (882907 Gflops/s) - 803 (882907 Gflops/s) - 801 (880708 Gflops/s) - 803 (882907 Gflops/s) | Temperatures: 72°C - 67°C - 68°C - 68°C - 68°C - 70°C - 66°C - 70°C | Throttling: None - None - None - None - None - None - None - None
802 (881808 Gflops/s) - 803 (882907 Gflops/s) - 804 (884007 Gflops/s) - 803 (882907 Gflops/s) - 802 (881808 Gflops/s) - 803 (882907 Gflops/s) - 802 (881808 Gflops/s) - 802 (881808 Gflops/s) | Temperatures: 72°C - 67°C - 68°C - 68°C - 68°C - 70°C - 66°C - 70°C | Throttling: None - None - None - None - None - None - None - None
803 (882907 Gflops/s) - 802 (881808 Gflops/s) - 803 (882907 Gflops/s) - 803 (882907 Gflops/s) - 803 (882907 Gflops/s) - 803 (882907 Gflops/s) - 802 (881808 Gflops/s) - 802 (881808 Gflops/s) | Temperatures: 72°C - 67°C - 68°C - 68°C - 68°C - 70°C - 66°C - 70°C | Throttling: None - None - None - None - None - None - None - None
803 (882907 Gflops/s) - 803 (882907 Gflops/s) - 804 (884007 Gflops/s) - 803 (882907 Gflops/s) - 803 (882907 Gflops/s) - 802 (881808 Gflops/s) - 801 (880708 Gflops/s) - 802 (881808 Gflops/s) | Temperatures: 72°C - 67°C - 68°C - 68°C - 68°C - 70°C - 66°C - 70°C | Throttling: None - None - None - None - None - None - None - None
802 (881808 Gflops/s) - 801 (880708 Gflops/s) - 803 (882907 Gflops/s) - 802 (881808 Gflops/s) - 802 (881808 Gflops/s) - 802 (881808 Gflops/s) - 801 (880708 Gflops/s) - 802 (881808 Gflops/s) | Temperatures: 72°C - 67°C - 68°C - 68°C - 68°C - 70°C - 66°C - 70°C | Throttling: None - None - None - None - None - None - None - None
803 (882907 Gflops/s) - 803 (882907 Gflops/s) - 803 (882907 Gflops/s) - 802 (881808 Gflops/s) - 803 (882907 Gflops/s) - 803 (882907 Gflops/s) - 802 (881808 Gflops/s) - 802 (881808 Gflops/s) | Temperatures: 72°C - 67°C - 68°C - 68°C - 68°C - 70°C - 66°C - 70°C | Throttling: None - None - None - None - None - None - None - None
803 (882907 Gflops/s) - 802 (881808 Gflops/s) - 804 (884007 Gflops/s) - 803 (882907 Gflops/s) - 802 (881808 Gflops/s) - 803 (882907 Gflops/s) - 802 (881808 Gflops/s) - 802 (881808 Gflops/s) | Temperatures: 72°C - 67°C - 68°C - 68°C - 68°C - 70°C - 66°C - 70°C | Throttling: None - None - None - None - None - None - None - None
802 (881808 Gflops/s) - 803 (882907 Gflops/s) - 803 (882907 Gflops/s) - 803 (882907 Gflops/s) - 803 (882907 Gflops/s) - 803 (882907 Gflops/s) - 801 (880708 Gflops/s) - 803 (882907 Gflops/s) | Temperatures: 72°C - 67°C - 68°C - 68°C - 68°C - 70°C - 66°C - 70°C | Throttling: None - None - None - None - None - None - None - None
803 (882907 Gflops/s) - 802 (881808 Gflops/s) - 804 (884007 Gflops/s) - 803 (882907 Gflops/s) - 803 (882907 Gflops/s) - 803 (882907 Gflops/s) - 802 (881808 Gflops/s) - 802 (881808 Gflops/s) | Temperatures: 72°C - 67°C - 68°C - 68°C - 68°C - 70°C - 66°C - 70°C | Throttling: None - None - None - None - None - None - None - None
803 (882907 Gflops/s) - 802 (881808 Gflops/s) - 804 (884007 Gflops/s) - 803 (882907 Gflops/s) - 802 (881808 Gflops/s) - 803 (882907 Gflops/s) - 802 (881808 Gflops/s) - 802 (881808 Gflops/s) | Temperatures: 72°C - 67°C - 68°C - 68°C - 68°C - 70°C - 66°C - 70°C | Throttling: None - None - None - None - None - None - None - None
802 (881808 Gflops/s) - 802 (881808 Gflops/s) - 802 (881808 Gflops/s) - 802 (881808 Gflops/s) - 802 (881808 Gflops/s) - 802 (881808 Gflops/s) - 801 (880708 Gflops/s) - 802 (881808 Gflops/s) | Temperatures: 72°C - 67°C - 68°C - 68°C - 68°C - 70°C - 66°C - 70°C | Throttling: None - None - None - None - None - None - None - None
803 (882907 Gflops/s) - 803 (882907 Gflops/s) - 804 (884007 Gflops/s) - 803 (882907 Gflops/s) - 803 (882907 Gflops/s) - 803 (882907 Gflops/s) - 801 (880708 Gflops/s) - 802 (881808 Gflops/s) | Temperatures: 72°C - 67°C - 68°C - 68°C - 68°C - 70°C - 66°C - 70°C | Throttling: None - None - None - None - None - None - None - None
803 (882907 Gflops/s) - 802 (881808 Gflops/s) - 804 (884007 Gflops/s) - 803 (882907 Gflops/s) - 803 (882907 Gflops/s) - 803 (882907 Gflops/s) - 802 (881808 Gflops/s) - 802 (881808 Gflops/s) | Temperatures: 72°C - 67°C - 68°C - 68°C - 68°C - 70°C - 66°C - 70°C | Throttling: None - None - None - None - None - None - None - None
803 (882907 Gflops/s) - 803 (882907 Gflops/s) - 803 (882907 Gflops/s) - 803 (882907 Gflops/s) - 803 (882907 Gflops/s) - 803 (882907 Gflops/s) - 802 (881808 Gflops/s) - 803 (882907 Gflops/s) | Temperatures: 72°C - 67°C - 68°C - 68°C - 68°C - 70°C - 66°C - 70°C | Throttling: None - None - None - None - None - None - None - None
802 (881808 Gflops/s) - 802 (881808 Gflops/s) - 804 (884007 Gflops/s) - 802 (881808 Gflops/s) - 802 (881808 Gflops/s) - 803 (882907 Gflops/s) - 801 (880708 Gflops/s) - 802 (881808 Gflops/s) | Temperatures: 72°C - 67°C - 68°C - 68°C - 68°C - 70°C - 66°C - 70°C | Throttling: None - None - None - None - None - None - None - None
802 (881808 Gflops/s) - 802 (881808 Gflops/s) - 802 (881808 Gflops/s) - 803 (882907 Gflops/s) - 802 (881808 Gflops/s) - 802 (881808 Gflops/s) - 801 (880708 Gflops/s) - 801 (880708 Gflops/s) | Temperatures: 72°C - 67°C - 68°C - 68°C - 68°C - 70°C - 66°C - 70°C | Throttling: None - None - None - None - None - None - None - None
803 (882907 Gflops/s) - 802 (881808 Gflops/s) - 804 (884007 Gflops/s) - 802 (881808 Gflops/s) - 803 (882907 Gflops/s) - 803 (882907 Gflops/s) - 802 (881808 Gflops/s) - 803 (882907 Gflops/s) | Temperatures: 72°C - 67°C - 68°C - 68°C - 68°C - 70°C - 66°C - 70°C | Throttling: None - None - None - None - None - None - None - None
803 (882907 Gflops/s) - 802 (881808 Gflops/s) - 804 (884007 Gflops/s) - 803 (882907 Gflops/s) - 802 (881808 Gflops/s) - 803 (882907 Gflops/s) - 802 (881808 Gflops/s) - 802 (881808 Gflops/s) | Temperatures: 72°C - 67°C - 68°C - 68°C - 68°C - 70°C - 66°C - 70°C | Throttling: None - None - None - None - None - None - None - None
803 (882907 Gflops/s) - 803 (882907 Gflops/s) - 803 (882907 Gflops/s) - 803 (882907 Gflops/s) - 803 (882907 Gflops/s) - 803 (882907 Gflops/s) - 801 (880708 Gflops/s) - 802 (881808 Gflops/s) | Temperatures: 72°C - 67°C - 68°C - 68°C - 68°C - 70°C - 66°C - 70°C | Throttling: None - None - None - None - None - None - None - None
802 (881808 Gflops/s) - 802 (881808 Gflops/s) - 804 (884007 Gflops/s) - 803 (882907 Gflops/s) - 803 (882907 Gflops/s) - 803 (882907 Gflops/s) - 802 (881808 Gflops/s) - 802 (881808 Gflops/s) | Temperatures: 72°C - 67°C - 68°C - 68°C - 68°C - 70°C - 67°C - 70°C | Throttling: None - None - None - None - None - None - None - None
802 (881808 Gflops/s) - 802 (881808 Gflops/s) - 802 (881808 Gflops/s) - 802 (881808 Gflops/s) - 802 (881808 Gflops/s) - 802 (881808 Gflops/s) - 801 (880708 Gflops/s) - 802 (881808 Gflops/s) | Temperatures: 72°C - 67°C - 68°C - 68°C - 68°C - 70°C - 66°C - 70°C | Throttling: None - None - None - None - None - None - None - None
803 (882907 Gflops/s) - 802 (881808 Gflops/s) - 804 (884007 Gflops/s) - 803 (882907 Gflops/s) - 803 (882907 Gflops/s) - 803 (882907 Gflops/s) - 802 (881808 Gflops/s) - 802 (881808 Gflops/s) | Temperatures: 72°C - 67°C - 68°C - 68°C - 68°C - 70°C - 66°C - 70°C | Throttling: None - None - None - None - None - None - None - None
803 (882907 Gflops/s) - 803 (882907 Gflops/s) - 804 (884007 Gflops/s) - 803 (882907 Gflops/s) - 802 (881808 Gflops/s) - 803 (882907 Gflops/s) - 801 (880708 Gflops/s) - 802 (881808 Gflops/s) | Temperatures: 72°C - 67°C - 68°C - 68°C - 68°C - 70°C - 67°C - 70°C | Throttling: None - None - None - None - None - None - None - None
803 (882907 Gflops/s) - 802 (881808 Gflops/s) - 803 (882907 Gflops/s) - 803 (882907 Gflops/s) - 803 (882907 Gflops/s) - 803 (882907 Gflops/s) - 802 (881808 Gflops/s) - 803 (882907 Gflops/s) | Temperatures: 72°C - 67°C - 68°C - 68°C - 68°C - 70°C - 66°C - 70°C | Throttling: None - None - None - None - None - None - None - None
803 (882907 Gflops/s) - 803 (882907 Gflops/s) - 804 (884007 Gflops/s) - 803 (882907 Gflops/s) - 803 (882907 Gflops/s) - 802 (881808 Gflops/s) - 802 (881808 Gflops/s) - 802 (881808 Gflops/s) | Temperatures: 72°C - 67°C - 68°C - 68°C - 68°C - 70°C - 66°C - 70°C | Throttling: None - None - None - None - None - None - None - None
802 (881808 Gflops/s) - 802 (881808 Gflops/s) - 803 (882907 Gflops/s) - 803 (882907 Gflops/s) - 802 (881808 Gflops/s) - 803 (882907 Gflops/s) - 802 (881808 Gflops/s) - 802 (881808 Gflops/s) | Temperatures: 72°C - 67°C - 68°C - 68°C - 68°C - 70°C - 66°C - 70°C | Throttling: None - None - None - None - None - None - None - None
802 (881808 Gflops/s) - 802 (881808 Gflops/s) - 803 (882907 Gflops/s) - 802 (881808 Gflops/s) - 802 (881808 Gflops/s) - 803 (882907 Gflops/s) - 801 (880708 Gflops/s) - 802 (881808 Gflops/s) | Temperatures: 72°C - 67°C - 68°C - 68°C - 68°C - 70°C - 66°C - 70°C | Throttling: None - None - None - None - None - None - None - None
803 (882907 Gflops/s) - 802 (881808 Gflops/s) - 804 (884007 Gflops/s) - 803 (882907 Gflops/s) - 803 (882907 Gflops/s) - 802 (881808 Gflops/s) - 801 (880708 Gflops/s) - 802 (881808 Gflops/s) | Temperatures: 72°C - 67°C - 68°C - 68°C - 68°C - 70°C - 67°C - 70°C | Throttling: None - None - None - None - None - None - None - None
803 (882907 Gflops/s) - 803 (882907 Gflops/s) - 803 (882907 Gflops/s) - 802 (881808 Gflops/s) - 803 (882907 Gflops/s) - 803 (882907 Gflops/s) - 802 (881808 Gflops/s) - 803 (882907 Gflops/s) | Temperatures: 72°C - 67°C - 68°C - 68°C - 68°C - 70°C - 66°C - 70°C | Throttling: None - None - None - None - None - None - None - None
803 (882907 Gflops/s) - 802 (881808 Gflops/s) - 804 (884007 Gflops/s) - 803 (882907 Gflops/s) - 802 (881808 Gflops/s) - 803 (882907 Gflops/s) - 802 (881808 Gflops/s) - 802 (881808 Gflops/s) | Temperatures: 72°C - 67°C - 68°C - 68°C - 68°C - 70°C - 67°C - 70°C | Throttling: None - None - None - None - None - None - None - None
802 (881808 Gflops/s) - 803 (882907 Gflops/s) - 803 (882907 Gflops/s) - 803 (882907 Gflops/s) - 803 (882907 Gflops/s) - 803 (882907 Gflops/s) - 801 (880708 Gflops/s) - 802 (881808 Gflops/s) | Temperatures: 72°C - 67°C - 68°C - 68°C - 68°C - 70°C - 67°C - 70°C | Throttling: None - None - None - None - None - None - None - None
803 (882907 Gflops/s) - 802 (881808 Gflops/s) - 804 (884007 Gflops/s) - 803 (882907 Gflops/s) - 803 (882907 Gflops/s) - 803 (882907 Gflops/s) - 802 (881808 Gflops/s) - 803 (882907 Gflops/s) | Temperatures: 72°C - 67°C - 68°C - 68°C - 68°C - 70°C - 66°C - 70°C | Throttling: None - None - None - None - None - None - None - None
802 (881808 Gflops/s) - 802 (881808 Gflops/s) - 803 (882907 Gflops/s) - 802 (881808 Gflops/s) - 802 (881808 Gflops/s) - 802 (881808 Gflops/s) - 801 (880708 Gflops/s) - 801 (880708 Gflops/s) | Temperatures: 72°C - 67°C - 68°C - 68°C - 68°C - 70°C - 67°C - 70°C | Throttling: None - None - None - None - None - None - None - None
803 (882907 Gflops/s) - 802 (881808 Gflops/s) - 803 (882907 Gflops/s) - 803 (882907 Gflops/s) - 802 (881808 Gflops/s) - 803 (882907 Gflops/s) - 802 (881808 Gflops/s) - 802 (881808 Gflops/s) | Temperatures: 72°C - 67°C - 68°C - 68°C - 68°C - 70°C - 67°C - 70°C | Throttling: None - None - None - None - None - None - None - None
803 (882907 Gflops/s) - 803 (882907 Gflops/s) - 804 (884007 Gflops/s) - 803 (882907 Gflops/s) - 803 (882907 Gflops/s) - 803 (882907 Gflops/s) - 801 (880708 Gflops/s) - 803 (882907 Gflops/s) | Temperatures: 72°C - 67°C - 68°C - 68°C - 68°C - 70°C - 67°C - 70°C | Throttling: None - None - None - None - None - None - None - None
803 (882907 Gflops/s) - 802 (881808 Gflops/s) - 803 (882907 Gflops/s) - 803 (882907 Gflops/s) - 803 (882907 Gflops/s) - 803 (882907 Gflops/s) - 802 (881808 Gflops/s) - 802 (881808 Gflops/s) | Temperatures: 72°C - 67°C - 68°C - 68°C - 68°C - 70°C - 67°C - 70°C | Throttling: None - None - None - None - None - None - None - None
802 (881808 Gflops/s) - 802 (881808 Gflops/s) - 804 (884007 Gflops/s) - 803 (882907 Gflops/s) - 802 (881808 Gflops/s) - 803 (882907 Gflops/s) - 802 (881808 Gflops/s) - 802 (881808 Gflops/s) | Temperatures: 72°C - 67°C - 68°C - 68°C - 68°C - 70°C - 67°C - 70°C | Throttling: None - None - None - None - None - None - None - None
803 (882907 Gflops/s) - 803 (882907 Gflops/s) - 803 (882907 Gflops/s) - 803 (882907 Gflops/s) - 803 (882907 Gflops/s) - 803 (882907 Gflops/s) - 801 (880708 Gflops/s) - 802 (881808 Gflops/s) | Temperatures: 72°C - 67°C - 68°C - 68°C - 68°C - 70°C - 67°C - 70°C | Throttling: None - None - None - None - None - None - None - None
802 (881808 Gflops/s) - 801 (880708 Gflops/s) - 803 (882907 Gflops/s) - 802 (881808 Gflops/s) - 802 (881808 Gflops/s) - 802 (881808 Gflops/s) - 801 (880708 Gflops/s) - 801 (880708 Gflops/s) | Temperatures: 72°C - 67°C - 68°C - 68°C - 68°C - 70°C - 67°C - 70°C | Throttling: None - None - None - None - None - None - None - None
803 (882907 Gflops/s) - 803 (882907 Gflops/s) - 804 (884007 Gflops/s) - 803 (882907 Gflops/s) - 803 (882907 Gflops/s) - 803 (882907 Gflops/s) - 802 (881808 Gflops/s) - 803 (882907 Gflops/s) | Temperatures: 72°C - 67°C - 68°C - 68°C - 68°C - 70°C - 67°C - 70°C | Throttling: None - None - None - None - None - None - None - None
803 (882907 Gflops/s) - 802 (881808 Gflops/s) - 803 (882907 Gflops/s) - 803 (882907 Gflops/s) - 802 (881808 Gflops/s) - 802 (881808 Gflops/s) - 801 (880708 Gflops/s) - 802 (881808 Gflops/s) | Temperatures: 72°C - 67°C - 68°C - 68°C - 68°C - 70°C - 67°C - 70°C | Throttling: None - None - None - None - None - None - None - None
802 (881808 Gflops/s) - 803 (882907 Gflops/s) - 804 (884007 Gflops/s) - 803 (882907 Gflops/s) - 803 (882907 Gflops/s) - 803 (882907 Gflops/s) - 802 (881808 Gflops/s) - 802 (881808 Gflops/s) | Temperatures: 72°C - 67°C - 68°C - 68°C - 68°C - 70°C - 67°C - 70°C | Throttling: None - None - None - None - None - None - None - None
803 (882907 Gflops/s) - 802 (881808 Gflops/s) - 803 (882907 Gflops/s) - 802 (881808 Gflops/s) - 803 (882907 Gflops/s) - 803 (882907 Gflops/s) - 802 (881808 Gflops/s) - 803 (882907 Gflops/s) | Temperatures: 72°C - 67°C - 68°C - 68°C - 68°C - 70°C - 67°C - 70°C | Throttling: None - None - None - None - None - None - None - None
803 (882907 Gflops/s) - 803 (882907 Gflops/s) - 804 (884007 Gflops/s) - 803 (882907 Gflops/s) - 802 (881808 Gflops/s) - 803 (882907 Gflops/s) - 802 (881808 Gflops/s) - 802 (881808 Gflops/s) | Temperatures: 72°C - 67°C - 68°C - 68°C - 68°C - 70°C - 67°C - 70°C | Throttling: None - None - None - None - None - None - None - None
802 (881808 Gflops/s) - 353 (388127 Gflops/s) - 727 (799344 Gflops/s) - 299 (328753 Gflops/s) - 399 (438705 Gflops/s) - 328 (360639 Gflops/s) - 668 (734473 Gflops/s) - 504 (554153 Gflops/s) | Temperatures: 72°C - 67°C - 68°C - 68°C - 68°C - 70°C - 67°C - 70°C | Throttling: None - None - None - None - None - None - None - None
GPU #0: 882530 Gflops/s (min: 880708.81, max: 882907.84, dev: 530.87)
         Temperature: 71.23°C (min: 70.00, max: 72.00)
         Throttling HW: false, Thermal SW: false, Thermal HW: false
GPU #1: 880462 Gflops/s (min: 388127.60, max: 882907.84, dev: 28817.82)
         Temperature: 66.30°C (min: 64.00, max: 67.00)
         Throttling HW: false, Thermal SW: false, Thermal HW: false
GPU #2: 883099 Gflops/s (min: 799344.95, max: 884007.35, dev: 4939.00)
         Temperature: 67.30°C (min: 66.00, max: 68.00)
         Throttling HW: false, Thermal SW: false, Thermal HW: false
GPU #3: 880709 Gflops/s (min: 328753.98, max: 882907.84, dev: 32304.35)
         Temperature: 67.46°C (min: 66.00, max: 68.00)
         Throttling HW: false, Thermal SW: false, Thermal HW: false
GPU #4: 880926 Gflops/s (min: 438705.14, max: 882907.84, dev: 25885.05)
         Temperature: 67.63°C (min: 66.00, max: 68.00)
         Throttling HW: false, Thermal SW: false, Thermal HW: false
GPU #5: 880851 Gflops/s (min: 360639.81, max: 882907.84, dev: 30446.66)
         Temperature: 69.55°C (min: 66.00, max: 70.00)
         Throttling HW: false, Thermal SW: false, Thermal HW: false
GPU #6: 880840 Gflops/s (min: 734473.77, max: 881808.33, dev: 8584.54)
         Temperature: 65.89°C (min: 63.00, max: 67.00)
         Throttling HW: false, Thermal SW: false, Thermal HW: false
GPU #7: 880858 Gflops/s (min: 554153.86, max: 882907.84, dev: 19128.47)
         Temperature: 69.10°C (min: 66.00, max: 70.00)
         Throttling HW: false, Thermal SW: false, Thermal HW: false
All GPUs seem healthy
Freeing GPUs...
