/usr/bin/singularity
apptainer version 1.4.5-1.el9
Number of GPUs =  8
======== Run with fp32 ==========
Detected GPU #0: "NVIDIA B200" (15c6907a-3257-6d1b-9205-14cab7beb197)
Detected GPU #1: "NVIDIA B200" (c5cbff28-cb09-5f76-7a3d-0398f1096ade)
Detected GPU #2: "NVIDIA B200" (deefc4c7-5feb-477f-2413-7c400bbc55ac)
Detected GPU #3: "NVIDIA B200" (c1c2412e-0ed4-051f-4228-31c148755569)
Detected GPU #4: "NVIDIA B200" (e73041b1-9357-0d9b-baea-a1971d9a3b82)
Detected GPU #5: "NVIDIA B200" (beb74990-ef7a-90c9-2cfc-e112f092313a)
Detected GPU #6: "NVIDIA B200" (9e9441ed-0bb7-acfd-2a5a-0c93ff5fda4d)
Detected GPU #7: "NVIDIA B200" (6277efc9-d675-75a8-6a5e-7a78d765f287)
Using precision(s): FP32  
GPU #0: Using 163800 MB
GPU #1: Using 163800 MB
GPU #2: Using 163800 MB
GPU #3: Using 163800 MB
GPU #4: Using 163800 MB
GPU #5: Using 163800 MB
GPU #6: Using 163800 MB
GPU #7: Using 163800 MB
Creating random matrices
Matrices created
818 (899400 Gflops/s) - 38 (41781 Gflops/s) - 0 (0 Gflops/s) - 0 (0 Gflops/s) - 0 (0 Gflops/s) - 0 (0 Gflops/s) - 0 (0 Gflops/s) - 0 (0 Gflops/s) | Temperatures: 50°C - 42°C - 43°C - 42°C - 42°C - 41°C - 43°C - 42°C | Throttling: None - None - None - None - None - None - None - None
715 (786150 Gflops/s) - 1428 (1570102 Gflops/s) - 1300 (1429365 Gflops/s) - 1077 (1184174 Gflops/s) - 1172 (1288627 Gflops/s) - 1108 (1218258 Gflops/s) - 1130 (1242448 Gflops/s) - 1040 (1143492 Gflops/s) | Temperatures: 57°C - 58°C - 59°C - 55°C - 56°C - 54°C - 57°C - 56°C | Throttling: None - None - None - None - None - None - None - None
708 (778454 Gflops/s) - 708 (778454 Gflops/s) - 714 (785051 Gflops/s) - 709 (779553 Gflops/s) - 702 (771857 Gflops/s) - 702 (771857 Gflops/s) - 708 (778454 Gflops/s) - 706 (776255 Gflops/s) | Temperatures: 60°C - 60°C - 63°C - 60°C - 60°C - 59°C - 62°C - 61°C | Throttling: None - None - None - None - None - None - None - None
707 (777354 Gflops/s) - 707 (777354 Gflops/s) - 712 (782852 Gflops/s) - 707 (777354 Gflops/s) - 701 (770757 Gflops/s) - 704 (774056 Gflops/s) - 708 (778454 Gflops/s) - 706 (776255 Gflops/s) | Temperatures: 61°C - 62°C - 65°C - 63°C - 61°C - 61°C - 64°C - 63°C | Throttling: None - None - None - None - None - None - None - None
706 (776255 Gflops/s) - 705 (775155 Gflops/s) - 712 (782852 Gflops/s) - 705 (775155 Gflops/s) - 699 (768558 Gflops/s) - 699 (768558 Gflops/s) - 707 (777354 Gflops/s) - 705 (775155 Gflops/s) | Temperatures: 62°C - 63°C - 66°C - 64°C - 62°C - 62°C - 66°C - 65°C | Throttling: None - None - None - None - None - None - None - None
705 (775155 Gflops/s) - 705 (775155 Gflops/s) - 713 (783951 Gflops/s) - 704 (774056 Gflops/s) - 700 (769658 Gflops/s) - 700 (769658 Gflops/s) - 709 (779553 Gflops/s) - 707 (777354 Gflops/s) | Temperatures: 62°C - 63°C - 67°C - 65°C - 63°C - 63°C - 67°C - 66°C | Throttling: None - None - None - None - None - None - None - None
705 (775155 Gflops/s) - 705 (775155 Gflops/s) - 710 (780653 Gflops/s) - 705 (775155 Gflops/s) - 698 (767459 Gflops/s) - 701 (770757 Gflops/s) - 707 (777354 Gflops/s) - 708 (778454 Gflops/s) | Temperatures: 63°C - 64°C - 68°C - 66°C - 64°C - 63°C - 67°C - 66°C | Throttling: None - None - None - None - None - None - None - None
704 (774056 Gflops/s) - 705 (775155 Gflops/s) - 710 (780653 Gflops/s) - 706 (776255 Gflops/s) - 698 (767459 Gflops/s) - 698 (767459 Gflops/s) - 707 (777354 Gflops/s) - 707 (777354 Gflops/s) | Temperatures: 63°C - 64°C - 68°C - 66°C - 64°C - 64°C - 68°C - 67°C | Throttling: None - None - None - None - None - None - None - None
703 (772956 Gflops/s) - 704 (774056 Gflops/s) - 710 (780653 Gflops/s) - 707 (777354 Gflops/s) - 698 (767459 Gflops/s) - 699 (768558 Gflops/s) - 720 (791648 Gflops/s) - 706 (776255 Gflops/s) | Temperatures: 63°C - 64°C - 69°C - 67°C - 64°C - 64°C - 69°C - 67°C | Throttling: None - None - None - None - None - None - None - None
704 (774056 Gflops/s) - 704 (774056 Gflops/s) - 709 (779553 Gflops/s) - 709 (779553 Gflops/s) - 697 (766359 Gflops/s) - 699 (768558 Gflops/s) - 693 (761961 Gflops/s) - 705 (775155 Gflops/s) | Temperatures: 63°C - 64°C - 69°C - 67°C - 64°C - 64°C - 69°C - 68°C | Throttling: None - None - None - None - None - None - None - None
703 (772956 Gflops/s) - 703 (772956 Gflops/s) - 709 (779553 Gflops/s) - 706 (776255 Gflops/s) - 697 (766359 Gflops/s) - 699 (768558 Gflops/s) - 705 (775155 Gflops/s) - 706 (776255 Gflops/s) | Temperatures: 63°C - 64°C - 70°C - 67°C - 65°C - 65°C - 70°C - 68°C | Throttling: None - None - None - None - None - None - None - None
702 (771857 Gflops/s) - 701 (770757 Gflops/s) - 707 (777354 Gflops/s) - 705 (775155 Gflops/s) - 696 (765260 Gflops/s) - 698 (767459 Gflops/s) - 705 (775155 Gflops/s) - 703 (772956 Gflops/s) | Temperatures: 64°C - 65°C - 70°C - 68°C - 65°C - 65°C - 70°C - 68°C | Throttling: None - None - None - None - None - None - None - None
704 (774056 Gflops/s) - 703 (772956 Gflops/s) - 709 (779553 Gflops/s) - 707 (777354 Gflops/s) - 698 (767459 Gflops/s) - 699 (768558 Gflops/s) - 705 (775155 Gflops/s) - 703 (772956 Gflops/s) | Temperatures: 64°C - 65°C - 70°C - 68°C - 65°C - 65°C - 70°C - 69°C | Throttling: None - None - None - None - None - None - None - None
703 (772956 Gflops/s) - 702 (771857 Gflops/s) - 708 (778454 Gflops/s) - 707 (777354 Gflops/s) - 701 (770757 Gflops/s) - 699 (768558 Gflops/s) - 704 (774056 Gflops/s) - 704 (774056 Gflops/s) | Temperatures: 64°C - 65°C - 71°C - 68°C - 65°C - 65°C - 71°C - 69°C | Throttling: None - None - None - None - None - None - None - None
703 (772956 Gflops/s) - 707 (777354 Gflops/s) - 708 (778454 Gflops/s) - 704 (774056 Gflops/s) - 701 (770757 Gflops/s) - 701 (770757 Gflops/s) - 705 (775155 Gflops/s) - 703 (772956 Gflops/s) | Temperatures: 64°C - 65°C - 71°C - 68°C - 65°C - 65°C - 71°C - 69°C | Throttling: None - None - None - None - None - None - None - None
703 (772956 Gflops/s) - 707 (777354 Gflops/s) - 708 (778454 Gflops/s) - 704 (774056 Gflops/s) - 702 (771857 Gflops/s) - 702 (771857 Gflops/s) - 703 (772956 Gflops/s) - 702 (771857 Gflops/s) | Temperatures: 64°C - 65°C - 71°C - 68°C - 66°C - 65°C - 71°C - 69°C | Throttling: None - None - None - None - None - None - None - None
703 (772956 Gflops/s) - 708 (778454 Gflops/s) - 708 (778454 Gflops/s) - 703 (772956 Gflops/s) - 700 (769658 Gflops/s) - 702 (771857 Gflops/s) - 704 (774056 Gflops/s) - 702 (771857 Gflops/s) | Temperatures: 64°C - 65°C - 71°C - 68°C - 66°C - 65°C - 71°C - 69°C | Throttling: None - None - None - None - None - None - None - None
703 (772956 Gflops/s) - 706 (776255 Gflops/s) - 708 (778454 Gflops/s) - 706 (776255 Gflops/s) - 702 (771857 Gflops/s) - 701 (770757 Gflops/s) - 703 (772956 Gflops/s) - 702 (771857 Gflops/s) | Temperatures: 64°C - 66°C - 72°C - 69°C - 66°C - 65°C - 71°C - 70°C | Throttling: None - None - None - None - None - None - None - None
703 (772956 Gflops/s) - 706 (776255 Gflops/s) - 708 (778454 Gflops/s) - 706 (776255 Gflops/s) - 701 (770757 Gflops/s) - 702 (771857 Gflops/s) - 703 (772956 Gflops/s) - 702 (771857 Gflops/s) | Temperatures: 65°C - 66°C - 72°C - 69°C - 66°C - 66°C - 72°C - 70°C | Throttling: None - None - None - None - None - None - None - None
703 (772956 Gflops/s) - 705 (775155 Gflops/s) - 707 (777354 Gflops/s) - 703 (772956 Gflops/s) - 701 (770757 Gflops/s) - 703 (772956 Gflops/s) - 703 (772956 Gflops/s) - 701 (770757 Gflops/s) | Temperatures: 65°C - 66°C - 72°C - 69°C - 66°C - 66°C - 72°C - 70°C | Throttling: None - None - None - None - None - None - None - None
703 (772956 Gflops/s) - 706 (776255 Gflops/s) - 707 (777354 Gflops/s) - 703 (772956 Gflops/s) - 714 (785051 Gflops/s) - 699 (768558 Gflops/s) - 703 (772956 Gflops/s) - 702 (771857 Gflops/s) | Temperatures: 65°C - 66°C - 72°C - 69°C - 66°C - 66°C - 72°C - 70°C | Throttling: None - None - None - None - None - None - None - None
703 (772956 Gflops/s) - 706 (776255 Gflops/s) - 708 (778454 Gflops/s) - 702 (771857 Gflops/s) - 686 (754264 Gflops/s) - 701 (770757 Gflops/s) - 708 (778454 Gflops/s) - 701 (770757 Gflops/s) | Temperatures: 65°C - 66°C - 72°C - 69°C - 66°C - 66°C - 72°C - 70°C | Throttling: None - None - None - None - None - None - None - None
705 (775155 Gflops/s) - 705 (775155 Gflops/s) - 707 (777354 Gflops/s) - 704 (774056 Gflops/s) - 700 (769658 Gflops/s) - 701 (770757 Gflops/s) - 696 (765260 Gflops/s) - 701 (770757 Gflops/s) | Temperatures: 65°C - 66°C - 73°C - 70°C - 67°C - 66°C - 72°C - 71°C | Throttling: None - None - None - None - None - None - None - None
707 (777354 Gflops/s) - 706 (776255 Gflops/s) - 706 (776255 Gflops/s) - 704 (774056 Gflops/s) - 700 (769658 Gflops/s) - 701 (770757 Gflops/s) - 702 (771857 Gflops/s) - 701 (770757 Gflops/s) | Temperatures: 66°C - 67°C - 73°C - 70°C - 67°C - 67°C - 73°C - 71°C | Throttling: None - None - None - None - None - None - None - None
708 (778454 Gflops/s) - 705 (775155 Gflops/s) - 706 (776255 Gflops/s) - 702 (771857 Gflops/s) - 699 (768558 Gflops/s) - 700 (769658 Gflops/s) - 701 (770757 Gflops/s) - 700 (769658 Gflops/s) | Temperatures: 66°C - 67°C - 73°C - 70°C - 67°C - 67°C - 73°C - 71°C | Throttling: None - None - None - None - None - None - None - None
707 (777354 Gflops/s) - 704 (774056 Gflops/s) - 706 (776255 Gflops/s) - 702 (771857 Gflops/s) - 699 (768558 Gflops/s) - 700 (769658 Gflops/s) - 701 (770757 Gflops/s) - 699 (768558 Gflops/s) | Temperatures: 66°C - 67°C - 73°C - 70°C - 67°C - 67°C - 73°C - 71°C | Throttling: None - None - None - None - None - None - None - None
705 (775155 Gflops/s) - 704 (774056 Gflops/s) - 704 (774056 Gflops/s) - 700 (769658 Gflops/s) - 698 (767459 Gflops/s) - 699 (768558 Gflops/s) - 700 (769658 Gflops/s) - 699 (768558 Gflops/s) | Temperatures: 66°C - 67°C - 73°C - 71°C - 68°C - 67°C - 73°C - 71°C | Throttling: None - None - None - None - None - None - None - None
707 (777354 Gflops/s) - 719 (790548 Gflops/s) - 705 (775155 Gflops/s) - 703 (772956 Gflops/s) - 699 (768558 Gflops/s) - 699 (768558 Gflops/s) - 701 (770757 Gflops/s) - 700 (769658 Gflops/s) | Temperatures: 66°C - 67°C - 74°C - 71°C - 68°C - 67°C - 74°C - 72°C | Throttling: None - None - None - None - None - None - None - None
706 (776255 Gflops/s) - 691 (759762 Gflops/s) - 704 (774056 Gflops/s) - 703 (772956 Gflops/s) - 698 (767459 Gflops/s) - 698 (767459 Gflops/s) - 700 (769658 Gflops/s) - 698 (767459 Gflops/s) | Temperatures: 67°C - 68°C - 74°C - 71°C - 68°C - 68°C - 74°C - 72°C | Throttling: None - None - None - None - None - None - None - None
706 (776255 Gflops/s) - 705 (775155 Gflops/s) - 704 (774056 Gflops/s) - 700 (769658 Gflops/s) - 699 (768558 Gflops/s) - 699 (768558 Gflops/s) - 700 (769658 Gflops/s) - 699 (768558 Gflops/s) | Temperatures: 67°C - 68°C - 74°C - 71°C - 68°C - 68°C - 74°C - 72°C | Throttling: None - None - None - None - None - None - None - None
706 (776255 Gflops/s) - 704 (774056 Gflops/s) - 704 (774056 Gflops/s) - 701 (770757 Gflops/s) - 698 (767459 Gflops/s) - 698 (767459 Gflops/s) - 699 (768558 Gflops/s) - 699 (768558 Gflops/s) | Temperatures: 67°C - 68°C - 74°C - 71°C - 68°C - 68°C - 74°C - 72°C | Throttling: None - None - None - None - None - None - None - None
706 (776255 Gflops/s) - 703 (772956 Gflops/s) - 702 (771857 Gflops/s) - 700 (769658 Gflops/s) - 697 (766359 Gflops/s) - 699 (768558 Gflops/s) - 699 (768558 Gflops/s) - 698 (767459 Gflops/s) | Temperatures: 67°C - 68°C - 74°C - 72°C - 69°C - 68°C - 74°C - 72°C | Throttling: None - None - None - None - None - None - None - None
705 (775155 Gflops/s) - 704 (774056 Gflops/s) - 703 (772956 Gflops/s) - 701 (770757 Gflops/s) - 709 (779553 Gflops/s) - 697 (766359 Gflops/s) - 699 (768558 Gflops/s) - 698 (767459 Gflops/s) | Temperatures: 67°C - 68°C - 74°C - 72°C - 69°C - 68°C - 75°C - 73°C | Throttling: None - None - None - None - None - None - None - None
704 (774056 Gflops/s) - 704 (774056 Gflops/s) - 702 (771857 Gflops/s) - 717 (788349 Gflops/s) - 686 (754264 Gflops/s) - 698 (767459 Gflops/s) - 701 (770757 Gflops/s) - 696 (765260 Gflops/s) | Temperatures: 68°C - 69°C - 75°C - 72°C - 69°C - 69°C - 75°C - 73°C | Throttling: None - None - None - None - None - None - None - None
704 (774056 Gflops/s) - 703 (772956 Gflops/s) - 705 (775155 Gflops/s) - 682 (749866 Gflops/s) - 696 (765260 Gflops/s) - 697 (766359 Gflops/s) - 702 (771857 Gflops/s) - 696 (765260 Gflops/s) | Temperatures: 68°C - 69°C - 75°C - 72°C - 69°C - 69°C - 75°C - 73°C | Throttling: None - None - None - None - None - None - None - None
704 (774056 Gflops/s) - 704 (774056 Gflops/s) - 707 (777354 Gflops/s) - 700 (769658 Gflops/s) - 696 (765260 Gflops/s) - 697 (766359 Gflops/s) - 702 (771857 Gflops/s) - 696 (765260 Gflops/s) | Temperatures: 68°C - 69°C - 75°C - 72°C - 69°C - 69°C - 75°C - 73°C | Throttling: None - None - None - None - None - None - None - None
705 (775155 Gflops/s) - 703 (772956 Gflops/s) - 706 (776255 Gflops/s) - 699 (768558 Gflops/s) - 697 (766359 Gflops/s) - 697 (766359 Gflops/s) - 703 (772956 Gflops/s) - 696 (765260 Gflops/s) | Temperatures: 68°C - 69°C - 75°C - 72°C - 69°C - 69°C - 75°C - 73°C | Throttling: None - None - None - None - None - None - None - None
704 (774056 Gflops/s) - 703 (772956 Gflops/s) - 705 (775155 Gflops/s) - 699 (768558 Gflops/s) - 696 (765260 Gflops/s) - 697 (766359 Gflops/s) - 701 (770757 Gflops/s) - 696 (765260 Gflops/s) | Temperatures: 68°C - 69°C - 75°C - 73°C - 70°C - 69°C - 75°C - 73°C | Throttling: None - None - None - None - None - None - None - None
703 (772956 Gflops/s) - 703 (772956 Gflops/s) - 706 (776255 Gflops/s) - 700 (769658 Gflops/s) - 696 (765260 Gflops/s) - 697 (766359 Gflops/s) - 702 (771857 Gflops/s) - 696 (765260 Gflops/s) | Temperatures: 68°C - 69°C - 76°C - 73°C - 70°C - 69°C - 76°C - 73°C | Throttling: None - None - None - None - None - None - None - None
704 (774056 Gflops/s) - 703 (772956 Gflops/s) - 705 (775155 Gflops/s) - 699 (768558 Gflops/s) - 696 (765260 Gflops/s) - 697 (766359 Gflops/s) - 701 (770757 Gflops/s) - 696 (765260 Gflops/s) | Temperatures: 68°C - 69°C - 76°C - 73°C - 70°C - 69°C - 76°C - 74°C | Throttling: None - None - None - None - None - None - None - None
704 (774056 Gflops/s) - 714 (785051 Gflops/s) - 705 (775155 Gflops/s) - 699 (768558 Gflops/s) - 697 (766359 Gflops/s) - 697 (766359 Gflops/s) - 703 (772956 Gflops/s) - 695 (764160 Gflops/s) | Temperatures: 68°C - 70°C - 76°C - 73°C - 70°C - 69°C - 76°C - 74°C | Throttling: None - None - None - None - None - None - None - None
707 (777354 Gflops/s) - 692 (760862 Gflops/s) - 705 (775155 Gflops/s) - 699 (768558 Gflops/s) - 696 (765260 Gflops/s) - 696 (765260 Gflops/s) - 700 (769658 Gflops/s) - 694 (763061 Gflops/s) | Temperatures: 68°C - 70°C - 76°C - 73°C - 70°C - 69°C - 76°C - 74°C | Throttling: None - None - None - None - None - None - None - None
700 (769658 Gflops/s) - 702 (771857 Gflops/s) - 705 (775155 Gflops/s) - 698 (767459 Gflops/s) - 695 (764160 Gflops/s) - 697 (766359 Gflops/s) - 701 (770757 Gflops/s) - 695 (764160 Gflops/s) | Temperatures: 68°C - 70°C - 76°C - 73°C - 70°C - 69°C - 76°C - 74°C | Throttling: None - None - None - None - None - None - None - None
702 (771857 Gflops/s) - 702 (771857 Gflops/s) - 704 (774056 Gflops/s) - 698 (767459 Gflops/s) - 696 (765260 Gflops/s) - 703 (772956 Gflops/s) - 701 (770757 Gflops/s) - 711 (781752 Gflops/s) | Temperatures: 68°C - 70°C - 76°C - 73°C - 70°C - 69°C - 76°C - 74°C | Throttling: None - None - None - None - None - None - None - None
704 (774056 Gflops/s) - 702 (771857 Gflops/s) - 705 (775155 Gflops/s) - 699 (768558 Gflops/s) - 696 (765260 Gflops/s) - 690 (758663 Gflops/s) - 701 (770757 Gflops/s) - 679 (746568 Gflops/s) | Temperatures: 69°C - 70°C - 76°C - 73°C - 70°C - 69°C - 76°C - 74°C | Throttling: None - None - None - None - None - None - None - None
703 (772956 Gflops/s) - 702 (771857 Gflops/s) - 705 (775155 Gflops/s) - 710 (780653 Gflops/s) - 695 (764160 Gflops/s) - 697 (766359 Gflops/s) - 701 (770757 Gflops/s) - 694 (763061 Gflops/s) | Temperatures: 68°C - 70°C - 76°C - 73°C - 70°C - 69°C - 76°C - 74°C | Throttling: None - None - None - None - None - None - None - None
703 (772956 Gflops/s) - 703 (772956 Gflops/s) - 704 (774056 Gflops/s) - 687 (755364 Gflops/s) - 696 (765260 Gflops/s) - 696 (765260 Gflops/s) - 709 (779553 Gflops/s) - 695 (764160 Gflops/s) | Temperatures: 68°C - 70°C - 76°C - 73°C - 70°C - 69°C - 76°C - 74°C | Throttling: None - None - None - None - None - None - None - None
704 (774056 Gflops/s) - 702 (771857 Gflops/s) - 704 (774056 Gflops/s) - 698 (767459 Gflops/s) - 696 (765260 Gflops/s) - 696 (765260 Gflops/s) - 692 (760862 Gflops/s) - 694 (763061 Gflops/s) | Temperatures: 68°C - 70°C - 76°C - 73°C - 70°C - 69°C - 76°C - 74°C | Throttling: None - None - None - None - None - None - None - None
703 (772956 Gflops/s) - 702 (771857 Gflops/s) - 705 (775155 Gflops/s) - 698 (767459 Gflops/s) - 696 (765260 Gflops/s) - 696 (765260 Gflops/s) - 700 (769658 Gflops/s) - 693 (761961 Gflops/s) | Temperatures: 68°C - 70°C - 76°C - 73°C - 70°C - 69°C - 76°C - 74°C | Throttling: None - None - None - None - None - None - None - None
703 (772956 Gflops/s) - 702 (771857 Gflops/s) - 703 (772956 Gflops/s) - 693 (761961 Gflops/s) - 695 (764160 Gflops/s) - 696 (765260 Gflops/s) - 699 (768558 Gflops/s) - 693 (761961 Gflops/s) | Temperatures: 68°C - 70°C - 76°C - 73°C - 70°C - 69°C - 76°C - 74°C | Throttling: None - None - None - None - None - None - None - None
703 (772956 Gflops/s) - 702 (771857 Gflops/s) - 704 (774056 Gflops/s) - 693 (761961 Gflops/s) - 695 (764160 Gflops/s) - 697 (766359 Gflops/s) - 700 (769658 Gflops/s) - 694 (763061 Gflops/s) | Temperatures: 68°C - 69°C - 76°C - 73°C - 70°C - 69°C - 76°C - 74°C | Throttling: None - None - None - None - None - None - None - None
703 (772956 Gflops/s) - 702 (771857 Gflops/s) - 703 (772956 Gflops/s) - 693 (761961 Gflops/s) - 696 (765260 Gflops/s) - 696 (765260 Gflops/s) - 701 (770757 Gflops/s) - 693 (761961 Gflops/s) | Temperatures: 68°C - 69°C - 76°C - 73°C - 70°C - 69°C - 76°C - 74°C | Throttling: None - None - None - None - None - None - None - None
703 (772956 Gflops/s) - 703 (772956 Gflops/s) - 714 (785051 Gflops/s) - 693 (761961 Gflops/s) - 695 (764160 Gflops/s) - 697 (766359 Gflops/s) - 700 (769658 Gflops/s) - 695 (764160 Gflops/s) | Temperatures: 68°C - 69°C - 76°C - 73°C - 70°C - 69°C - 76°C - 74°C | Throttling: None - None - None - None - None - None - None - None
703 (772956 Gflops/s) - 703 (772956 Gflops/s) - 694 (763061 Gflops/s) - 693 (761961 Gflops/s) - 696 (765260 Gflops/s) - 696 (765260 Gflops/s) - 700 (769658 Gflops/s) - 693 (761961 Gflops/s) | Temperatures: 68°C - 69°C - 76°C - 73°C - 70°C - 69°C - 76°C - 74°C | Throttling: None - None - None - None - None - None - None - None
710 (780653 Gflops/s) - 702 (771857 Gflops/s) - 704 (774056 Gflops/s) - 695 (764160 Gflops/s) - 696 (765260 Gflops/s) - 697 (766359 Gflops/s) - 700 (769658 Gflops/s) - 697 (766359 Gflops/s) | Temperatures: 68°C - 69°C - 76°C - 73°C - 70°C - 69°C - 76°C - 74°C | Throttling: None - None - None - None - None - None - None - None
697 (766359 Gflops/s) - 703 (772956 Gflops/s) - 704 (774056 Gflops/s) - 694 (763061 Gflops/s) - 703 (772956 Gflops/s) - 696 (765260 Gflops/s) - 700 (769658 Gflops/s) - 690 (758663 Gflops/s) | Temperatures: 68°C - 69°C - 76°C - 73°C - 70°C - 69°C - 76°C - 74°C | Throttling: None - None - None - None - None - None - None - None
703 (772956 Gflops/s) - 702 (771857 Gflops/s) - 704 (774056 Gflops/s) - 692 (760862 Gflops/s) - 688 (756463 Gflops/s) - 697 (766359 Gflops/s) - 699 (768558 Gflops/s) - 693 (761961 Gflops/s) | Temperatures: 68°C - 69°C - 76°C - 73°C - 70°C - 69°C - 77°C - 74°C | Throttling: None - None - None - None - None - None - None - None
703 (772956 Gflops/s) - 703 (772956 Gflops/s) - 703 (772956 Gflops/s) - 693 (761961 Gflops/s) - 696 (765260 Gflops/s) - 695 (764160 Gflops/s) - 699 (768558 Gflops/s) - 694 (763061 Gflops/s) | Temperatures: 68°C - 69°C - 76°C - 73°C - 70°C - 69°C - 76°C - 74°C | Throttling: None - None - None - None - None - None - None - None
704 (774056 Gflops/s) - 702 (771857 Gflops/s) - 704 (774056 Gflops/s) - 695 (764160 Gflops/s) - 696 (765260 Gflops/s) - 697 (766359 Gflops/s) - 700 (769658 Gflops/s) - 693 (761961 Gflops/s) | Temperatures: 68°C - 69°C - 76°C - 73°C - 70°C - 69°C - 76°C - 74°C | Throttling: None - None - None - None - None - None - None - None
703 (772956 Gflops/s) - 703 (772956 Gflops/s) - 705 (775155 Gflops/s) - 694 (763061 Gflops/s) - 696 (765260 Gflops/s) - 697 (766359 Gflops/s) - 701 (770757 Gflops/s) - 694 (763061 Gflops/s) | Temperatures: 68°C - 69°C - 76°C - 73°C - 70°C - 69°C - 76°C - 74°C | Throttling: None - None - None - None - None - None - None - None
704 (774056 Gflops/s) - 702 (771857 Gflops/s) - 703 (772956 Gflops/s) - 694 (763061 Gflops/s) - 696 (765260 Gflops/s) - 696 (765260 Gflops/s) - 700 (769658 Gflops/s) - 694 (763061 Gflops/s) | Temperatures: 68°C - 69°C - 76°C - 73°C - 70°C - 69°C - 77°C - 74°C | Throttling: None - None - None - None - None - None - None - None
703 (772956 Gflops/s) - 703 (772956 Gflops/s) - 704 (774056 Gflops/s) - 694 (763061 Gflops/s) - 696 (765260 Gflops/s) - 696 (765260 Gflops/s) - 700 (769658 Gflops/s) - 693 (761961 Gflops/s) | Temperatures: 68°C - 69°C - 76°C - 73°C - 70°C - 69°C - 76°C - 74°C | Throttling: None - None - None - None - None - None - None - None
703 (772956 Gflops/s) - 702 (771857 Gflops/s) - 703 (772956 Gflops/s) - 697 (766359 Gflops/s) - 697 (766359 Gflops/s) - 697 (766359 Gflops/s) - 699 (768558 Gflops/s) - 693 (761961 Gflops/s) | Temperatures: 68°C - 69°C - 76°C - 73°C - 70°C - 69°C - 76°C - 74°C | Throttling: None - None - None - None - None - None - None - None
703 (772956 Gflops/s) - 703 (772956 Gflops/s) - 704 (774056 Gflops/s) - 697 (766359 Gflops/s) - 697 (766359 Gflops/s) - 696 (765260 Gflops/s) - 701 (770757 Gflops/s) - 694 (763061 Gflops/s) | Temperatures: 68°C - 69°C - 76°C - 73°C - 70°C - 69°C - 76°C - 74°C | Throttling: None - None - None - None - None - None - None - None
704 (774056 Gflops/s) - 703 (772956 Gflops/s) - 703 (772956 Gflops/s) - 697 (766359 Gflops/s) - 696 (765260 Gflops/s) - 696 (765260 Gflops/s) - 698 (767459 Gflops/s) - 693 (761961 Gflops/s) | Temperatures: 68°C - 69°C - 76°C - 73°C - 69°C - 69°C - 76°C - 74°C | Throttling: None - None - None - None - None - None - None - None
704 (774056 Gflops/s) - 702 (771857 Gflops/s) - 709 (779553 Gflops/s) - 697 (766359 Gflops/s) - 696 (765260 Gflops/s) - 698 (767459 Gflops/s) - 700 (769658 Gflops/s) - 693 (761961 Gflops/s) | Temperatures: 68°C - 69°C - 76°C - 73°C - 69°C - 69°C - 76°C - 74°C | Throttling: None - None - None - None - None - None - None - None
704 (774056 Gflops/s) - 703 (772956 Gflops/s) - 699 (768558 Gflops/s) - 698 (767459 Gflops/s) - 696 (765260 Gflops/s) - 696 (765260 Gflops/s) - 700 (769658 Gflops/s) - 693 (761961 Gflops/s) | Temperatures: 68°C - 69°C - 76°C - 73°C - 69°C - 69°C - 76°C - 74°C | Throttling: None - None - None - None - None - None - None - None
709 (779553 Gflops/s) - 703 (772956 Gflops/s) - 705 (775155 Gflops/s) - 698 (767459 Gflops/s) - 697 (766359 Gflops/s) - 697 (766359 Gflops/s) - 700 (769658 Gflops/s) - 694 (763061 Gflops/s) | Temperatures: 67°C - 69°C - 76°C - 73°C - 69°C - 69°C - 76°C - 74°C | Throttling: None - None - None - None - None - None - None - None
700 (769658 Gflops/s) - 703 (772956 Gflops/s) - 703 (772956 Gflops/s) - 698 (767459 Gflops/s) - 697 (766359 Gflops/s) - 697 (766359 Gflops/s) - 700 (769658 Gflops/s) - 693 (761961 Gflops/s) | Temperatures: 68°C - 69°C - 76°C - 73°C - 69°C - 69°C - 76°C - 74°C | Throttling: None - None - None - None - None - None - None - None
703 (772956 Gflops/s) - 703 (772956 Gflops/s) - 705 (775155 Gflops/s) - 699 (768558 Gflops/s) - 697 (766359 Gflops/s) - 697 (766359 Gflops/s) - 699 (768558 Gflops/s) - 694 (763061 Gflops/s) | Temperatures: 67°C - 69°C - 76°C - 73°C - 69°C - 68°C - 76°C - 74°C | Throttling: None - None - None - None - None - None - None - None
705 (775155 Gflops/s) - 703 (772956 Gflops/s) - 704 (774056 Gflops/s) - 698 (767459 Gflops/s) - 698 (767459 Gflops/s) - 697 (766359 Gflops/s) - 701 (770757 Gflops/s) - 694 (763061 Gflops/s) | Temperatures: 67°C - 69°C - 76°C - 73°C - 69°C - 68°C - 76°C - 74°C | Throttling: None - None - None - None - None - None - None - None
705 (775155 Gflops/s) - 702 (771857 Gflops/s) - 704 (774056 Gflops/s) - 699 (768558 Gflops/s) - 697 (766359 Gflops/s) - 697 (766359 Gflops/s) - 700 (769658 Gflops/s) - 693 (761961 Gflops/s) | Temperatures: 67°C - 68°C - 76°C - 73°C - 69°C - 68°C - 76°C - 73°C | Throttling: None - None - None - None - None - None - None - None
703 (772956 Gflops/s) - 703 (772956 Gflops/s) - 704 (774056 Gflops/s) - 698 (767459 Gflops/s) - 697 (766359 Gflops/s) - 696 (765260 Gflops/s) - 700 (769658 Gflops/s) - 694 (763061 Gflops/s) | Temperatures: 67°C - 68°C - 76°C - 73°C - 69°C - 68°C - 76°C - 73°C | Throttling: None - None - None - None - None - None - None - None
705 (775155 Gflops/s) - 703 (772956 Gflops/s) - 705 (775155 Gflops/s) - 698 (767459 Gflops/s) - 698 (767459 Gflops/s) - 697 (766359 Gflops/s) - 700 (769658 Gflops/s) - 693 (761961 Gflops/s) | Temperatures: 67°C - 68°C - 76°C - 73°C - 69°C - 68°C - 76°C - 73°C | Throttling: None - None - None - None - None - None - None - None
705 (775155 Gflops/s) - 703 (772956 Gflops/s) - 704 (774056 Gflops/s) - 698 (767459 Gflops/s) - 698 (767459 Gflops/s) - 697 (766359 Gflops/s) - 699 (768558 Gflops/s) - 694 (763061 Gflops/s) | Temperatures: 67°C - 68°C - 76°C - 73°C - 69°C - 68°C - 76°C - 73°C | Throttling: None - None - None - None - None - None - None - None
704 (774056 Gflops/s) - 703 (772956 Gflops/s) - 705 (775155 Gflops/s) - 698 (767459 Gflops/s) - 698 (767459 Gflops/s) - 697 (766359 Gflops/s) - 701 (770757 Gflops/s) - 693 (761961 Gflops/s) | Temperatures: 67°C - 68°C - 76°C - 73°C - 69°C - 68°C - 76°C - 73°C | Throttling: None - None - None - None - None - None - None - None
705 (775155 Gflops/s) - 703 (772956 Gflops/s) - 705 (775155 Gflops/s) - 699 (768558 Gflops/s) - 698 (767459 Gflops/s) - 697 (766359 Gflops/s) - 700 (769658 Gflops/s) - 694 (763061 Gflops/s) | Temperatures: 67°C - 68°C - 76°C - 72°C - 69°C - 68°C - 76°C - 73°C | Throttling: None - None - None - None - None - None - None - None
704 (774056 Gflops/s) - 703 (772956 Gflops/s) - 704 (774056 Gflops/s) - 698 (767459 Gflops/s) - 697 (766359 Gflops/s) - 697 (766359 Gflops/s) - 700 (769658 Gflops/s) - 694 (763061 Gflops/s) | Temperatures: 67°C - 68°C - 76°C - 72°C - 69°C - 68°C - 76°C - 73°C | Throttling: None - None - None - None - None - None - None - None
705 (775155 Gflops/s) - 703 (772956 Gflops/s) - 705 (775155 Gflops/s) - 699 (768558 Gflops/s) - 699 (768558 Gflops/s) - 707 (777354 Gflops/s) - 700 (769658 Gflops/s) - 694 (763061 Gflops/s) | Temperatures: 67°C - 68°C - 76°C - 72°C - 69°C - 68°C - 76°C - 73°C | Throttling: None - None - None - None - None - None - None - None
704 (774056 Gflops/s) - 703 (772956 Gflops/s) - 704 (774056 Gflops/s) - 698 (767459 Gflops/s) - 697 (766359 Gflops/s) - 687 (755364 Gflops/s) - 700 (769658 Gflops/s) - 694 (763061 Gflops/s) | Temperatures: 67°C - 68°C - 76°C - 72°C - 69°C - 68°C - 76°C - 73°C | Throttling: None - None - None - None - None - None - None - None
704 (774056 Gflops/s) - 703 (772956 Gflops/s) - 705 (775155 Gflops/s) - 699 (768558 Gflops/s) - 698 (767459 Gflops/s) - 697 (766359 Gflops/s) - 701 (770757 Gflops/s) - 694 (763061 Gflops/s) | Temperatures: 67°C - 68°C - 76°C - 72°C - 69°C - 68°C - 76°C - 73°C | Throttling: None - None - None - None - None - None - None - None
704 (774056 Gflops/s) - 703 (772956 Gflops/s) - 705 (775155 Gflops/s) - 699 (768558 Gflops/s) - 699 (768558 Gflops/s) - 697 (766359 Gflops/s) - 699 (768558 Gflops/s) - 693 (761961 Gflops/s) | Temperatures: 67°C - 68°C - 75°C - 72°C - 69°C - 68°C - 76°C - 73°C | Throttling: None - None - None - None - None - None - None - None
705 (775155 Gflops/s) - 704 (774056 Gflops/s) - 705 (775155 Gflops/s) - 699 (768558 Gflops/s) - 698 (767459 Gflops/s) - 698 (767459 Gflops/s) - 701 (770757 Gflops/s) - 696 (765260 Gflops/s) | Temperatures: 67°C - 68°C - 75°C - 72°C - 69°C - 68°C - 76°C - 73°C | Throttling: None - None - None - None - None - None - None - None
704 (774056 Gflops/s) - 703 (772956 Gflops/s) - 705 (775155 Gflops/s) - 699 (768558 Gflops/s) - 698 (767459 Gflops/s) - 697 (766359 Gflops/s) - 718 (789449 Gflops/s) - 694 (763061 Gflops/s) | Temperatures: 67°C - 68°C - 75°C - 72°C - 68°C - 68°C - 76°C - 73°C | Throttling: None - None - None - None - None - None - None - None
705 (775155 Gflops/s) - 704 (774056 Gflops/s) - 705 (775155 Gflops/s) - 699 (768558 Gflops/s) - 699 (768558 Gflops/s) - 697 (766359 Gflops/s) - 683 (750966 Gflops/s) - 694 (763061 Gflops/s) | Temperatures: 67°C - 68°C - 75°C - 72°C - 68°C - 68°C - 76°C - 73°C | Throttling: None - None - None - None - None - None - None - None
705 (775155 Gflops/s) - 703 (772956 Gflops/s) - 705 (775155 Gflops/s) - 699 (768558 Gflops/s) - 698 (767459 Gflops/s) - 697 (766359 Gflops/s) - 699 (768558 Gflops/s) - 695 (764160 Gflops/s) | Temperatures: 67°C - 68°C - 75°C - 72°C - 68°C - 68°C - 76°C - 73°C | Throttling: None - None - None - None - None - None - None - None
704 (774056 Gflops/s) - 703 (772956 Gflops/s) - 704 (774056 Gflops/s) - 698 (767459 Gflops/s) - 698 (767459 Gflops/s) - 697 (766359 Gflops/s) - 699 (768558 Gflops/s) - 693 (761961 Gflops/s) | Temperatures: 67°C - 68°C - 75°C - 72°C - 68°C - 68°C - 75°C - 73°C | Throttling: None - None - None - None - None - None - None - None
705 (775155 Gflops/s) - 703 (772956 Gflops/s) - 705 (775155 Gflops/s) - 699 (768558 Gflops/s) - 698 (767459 Gflops/s) - 697 (766359 Gflops/s) - 701 (770757 Gflops/s) - 694 (763061 Gflops/s) | Temperatures: 67°C - 68°C - 75°C - 72°C - 68°C - 68°C - 76°C - 73°C | Throttling: None - None - None - None - None - None - None - None
705 (775155 Gflops/s) - 704 (774056 Gflops/s) - 705 (775155 Gflops/s) - 699 (768558 Gflops/s) - 699 (768558 Gflops/s) - 698 (767459 Gflops/s) - 700 (769658 Gflops/s) - 695 (764160 Gflops/s) | Temperatures: 67°C - 68°C - 75°C - 72°C - 68°C - 68°C - 75°C - 73°C | Throttling: None - None - None - None - None - None - None - None
704 (774056 Gflops/s) - 703 (772956 Gflops/s) - 705 (775155 Gflops/s) - 699 (768558 Gflops/s) - 698 (767459 Gflops/s) - 697 (766359 Gflops/s) - 701 (770757 Gflops/s) - 694 (763061 Gflops/s) | Temperatures: 67°C - 68°C - 75°C - 72°C - 68°C - 68°C - 76°C - 73°C | Throttling: None - None - None - None - None - None - None - None
705 (775155 Gflops/s) - 704 (774056 Gflops/s) - 705 (775155 Gflops/s) - 699 (768558 Gflops/s) - 699 (768558 Gflops/s) - 697 (766359 Gflops/s) - 699 (768558 Gflops/s) - 694 (763061 Gflops/s) | Temperatures: 67°C - 68°C - 75°C - 72°C - 68°C - 68°C - 75°C - 73°C | Throttling: None - None - None - None - None - None - None - None
705 (775155 Gflops/s) - 703 (772956 Gflops/s) - 705 (775155 Gflops/s) - 698 (767459 Gflops/s) - 697 (766359 Gflops/s) - 698 (767459 Gflops/s) - 700 (769658 Gflops/s) - 695 (764160 Gflops/s) | Temperatures: 67°C - 68°C - 75°C - 72°C - 68°C - 68°C - 75°C - 73°C | Throttling: None - None - None - None - None - None - None - None
705 (775155 Gflops/s) - 703 (772956 Gflops/s) - 705 (775155 Gflops/s) - 699 (768558 Gflops/s) - 699 (768558 Gflops/s) - 697 (766359 Gflops/s) - 701 (770757 Gflops/s) - 694 (763061 Gflops/s) | Temperatures: 67°C - 68°C - 75°C - 72°C - 68°C - 68°C - 75°C - 73°C | Throttling: None - None - None - None - None - None - None - None
705 (775155 Gflops/s) - 704 (774056 Gflops/s) - 705 (775155 Gflops/s) - 699 (768558 Gflops/s) - 698 (767459 Gflops/s) - 698 (767459 Gflops/s) - 700 (769658 Gflops/s) - 695 (764160 Gflops/s) | Temperatures: 67°C - 68°C - 75°C - 72°C - 68°C - 68°C - 75°C - 73°C | Throttling: None - None - None - None - None - None - None - None
705 (775155 Gflops/s) - 703 (772956 Gflops/s) - 704 (774056 Gflops/s) - 698 (767459 Gflops/s) - 698 (767459 Gflops/s) - 696 (765260 Gflops/s) - 699 (768558 Gflops/s) - 694 (763061 Gflops/s) | Temperatures: 67°C - 68°C - 75°C - 72°C - 68°C - 68°C - 75°C - 73°C | Throttling: None - None - None - None - None - None - None - None
705 (775155 Gflops/s) - 704 (774056 Gflops/s) - 705 (775155 Gflops/s) - 700 (769658 Gflops/s) - 698 (767459 Gflops/s) - 698 (767459 Gflops/s) - 700 (769658 Gflops/s) - 695 (764160 Gflops/s) | Temperatures: 67°C - 68°C - 75°C - 72°C - 68°C - 68°C - 75°C - 73°C | Throttling: None - None - None - None - None - None - None - None
705 (775155 Gflops/s) - 703 (772956 Gflops/s) - 704 (774056 Gflops/s) - 699 (768558 Gflops/s) - 698 (767459 Gflops/s) - 697 (766359 Gflops/s) - 701 (770757 Gflops/s) - 695 (764160 Gflops/s) | Temperatures: 67°C - 68°C - 75°C - 72°C - 68°C - 68°C - 75°C - 73°C | Throttling: None - None - None - None - None - None - None - None
705 (775155 Gflops/s) - 704 (774056 Gflops/s) - 706 (776255 Gflops/s) - 699 (768558 Gflops/s) - 698 (767459 Gflops/s) - 697 (766359 Gflops/s) - 701 (770757 Gflops/s) - 694 (763061 Gflops/s) | Temperatures: 67°C - 68°C - 75°C - 72°C - 68°C - 68°C - 75°C - 73°C | Throttling: None - None - None - None - None - None - None - None
704 (774056 Gflops/s) - 703 (772956 Gflops/s) - 705 (775155 Gflops/s) - 699 (768558 Gflops/s) - 698 (767459 Gflops/s) - 697 (766359 Gflops/s) - 700 (769658 Gflops/s) - 695 (764160 Gflops/s) | Temperatures: 66°C - 68°C - 75°C - 72°C - 68°C - 68°C - 75°C - 73°C | Throttling: None - None - None - None - None - None - None - None
705 (775155 Gflops/s) - 704 (774056 Gflops/s) - 704 (774056 Gflops/s) - 699 (768558 Gflops/s) - 698 (767459 Gflops/s) - 698 (767459 Gflops/s) - 700 (769658 Gflops/s) - 694 (763061 Gflops/s) | Temperatures: 66°C - 68°C - 75°C - 72°C - 68°C - 68°C - 75°C - 73°C | Throttling: None - None - None - None - None - None - None - None
706 (776255 Gflops/s) - 704 (774056 Gflops/s) - 706 (776255 Gflops/s) - 699 (768558 Gflops/s) - 698 (767459 Gflops/s) - 697 (766359 Gflops/s) - 700 (769658 Gflops/s) - 694 (763061 Gflops/s) | Temperatures: 67°C - 68°C - 75°C - 72°C - 68°C - 68°C - 75°C - 73°C | Throttling: None - None - None - None - None - None - None - None
705 (775155 Gflops/s) - 703 (772956 Gflops/s) - 704 (774056 Gflops/s) - 699 (768558 Gflops/s) - 699 (768558 Gflops/s) - 697 (766359 Gflops/s) - 701 (770757 Gflops/s) - 694 (763061 Gflops/s) | Temperatures: 66°C - 68°C - 75°C - 72°C - 68°C - 68°C - 75°C - 73°C | Throttling: None - None - None - None - None - None - None - None
705 (775155 Gflops/s) - 703 (772956 Gflops/s) - 705 (775155 Gflops/s) - 699 (768558 Gflops/s) - 697 (766359 Gflops/s) - 697 (766359 Gflops/s) - 701 (770757 Gflops/s) - 694 (763061 Gflops/s) | Temperatures: 66°C - 68°C - 75°C - 72°C - 68°C - 68°C - 75°C - 73°C | Throttling: None - None - None - None - None - None - None - None
706 (776255 Gflops/s) - 704 (774056 Gflops/s) - 705 (775155 Gflops/s) - 700 (769658 Gflops/s) - 698 (767459 Gflops/s) - 697 (766359 Gflops/s) - 699 (768558 Gflops/s) - 694 (763061 Gflops/s) | Temperatures: 66°C - 68°C - 75°C - 72°C - 68°C - 67°C - 75°C - 73°C | Throttling: None - None - None - None - None - None - None - None
705 (775155 Gflops/s) - 704 (774056 Gflops/s) - 705 (775155 Gflops/s) - 710 (780653 Gflops/s) - 698 (767459 Gflops/s) - 697 (766359 Gflops/s) - 701 (770757 Gflops/s) - 694 (763061 Gflops/s) | Temperatures: 66°C - 68°C - 75°C - 72°C - 68°C - 67°C - 75°C - 73°C | Throttling: None - None - None - None - None - None - None - None
706 (776255 Gflops/s) - 704 (774056 Gflops/s) - 716 (787250 Gflops/s) - 688 (756463 Gflops/s) - 699 (768558 Gflops/s) - 697 (766359 Gflops/s) - 700 (769658 Gflops/s) - 695 (764160 Gflops/s) | Temperatures: 67°C - 68°C - 75°C - 72°C - 68°C - 67°C - 75°C - 73°C | Throttling: None - None - None - None - None - None - None - None
704 (774056 Gflops/s) - 703 (772956 Gflops/s) - 694 (763061 Gflops/s) - 700 (769658 Gflops/s) - 698 (767459 Gflops/s) - 698 (767459 Gflops/s) - 700 (769658 Gflops/s) - 695 (764160 Gflops/s) | Temperatures: 66°C - 68°C - 75°C - 72°C - 68°C - 67°C - 75°C - 73°C | Throttling: None - None - None - None - None - None - None - None
715 (786150 Gflops/s) - 704 (774056 Gflops/s) - 703 (772956 Gflops/s) - 698 (767459 Gflops/s) - 698 (767459 Gflops/s) - 697 (766359 Gflops/s) - 701 (770757 Gflops/s) - 694 (763061 Gflops/s) | Temperatures: 66°C - 68°C - 75°C - 72°C - 68°C - 67°C - 75°C - 73°C | Throttling: None - None - None - None - None - None - None - None
697 (766359 Gflops/s) - 704 (774056 Gflops/s) - 705 (775155 Gflops/s) - 698 (767459 Gflops/s) - 698 (767459 Gflops/s) - 697 (766359 Gflops/s) - 699 (768558 Gflops/s) - 695 (764160 Gflops/s) | Temperatures: 66°C - 68°C - 75°C - 72°C - 68°C - 67°C - 75°C - 73°C | Throttling: None - None - None - None - None - None - None - None
705 (775155 Gflops/s) - 703 (772956 Gflops/s) - 704 (774056 Gflops/s) - 699 (768558 Gflops/s) - 698 (767459 Gflops/s) - 697 (766359 Gflops/s) - 700 (769658 Gflops/s) - 694 (763061 Gflops/s) | Temperatures: 66°C - 68°C - 75°C - 72°C - 68°C - 67°C - 75°C - 73°C | Throttling: None - None - None - None - None - None - None - None
705 (775155 Gflops/s) - 703 (772956 Gflops/s) - 704 (774056 Gflops/s) - 698 (767459 Gflops/s) - 699 (768558 Gflops/s) - 697 (766359 Gflops/s) - 700 (769658 Gflops/s) - 697 (766359 Gflops/s) | Temperatures: 66°C - 68°C - 75°C - 72°C - 68°C - 67°C - 75°C - 73°C | Throttling: None - None - None - None - None - None - None - None
705 (775155 Gflops/s) - 704 (774056 Gflops/s) - 705 (775155 Gflops/s) - 699 (768558 Gflops/s) - 698 (767459 Gflops/s) - 697 (766359 Gflops/s) - 701 (770757 Gflops/s) - 692 (760862 Gflops/s) | Temperatures: 66°C - 68°C - 75°C - 72°C - 68°C - 67°C - 75°C - 73°C | Throttling: None - None - None - None - None - None - None - None
706 (776255 Gflops/s) - 704 (774056 Gflops/s) - 704 (774056 Gflops/s) - 698 (767459 Gflops/s) - 699 (768558 Gflops/s) - 698 (767459 Gflops/s) - 699 (768558 Gflops/s) - 695 (764160 Gflops/s) | Temperatures: 66°C - 68°C - 75°C - 72°C - 68°C - 67°C - 75°C - 73°C | Throttling: None - None - None - None - None - None - None - None
705 (775155 Gflops/s) - 704 (774056 Gflops/s) - 705 (775155 Gflops/s) - 699 (768558 Gflops/s) - 698 (767459 Gflops/s) - 697 (766359 Gflops/s) - 701 (770757 Gflops/s) - 695 (764160 Gflops/s) | Temperatures: 66°C - 68°C - 75°C - 72°C - 68°C - 67°C - 75°C - 73°C | Throttling: None - None - None - None - None - None - None - None
706 (776255 Gflops/s) - 704 (774056 Gflops/s) - 704 (774056 Gflops/s) - 699 (768558 Gflops/s) - 699 (768558 Gflops/s) - 698 (767459 Gflops/s) - 700 (769658 Gflops/s) - 694 (763061 Gflops/s) | Temperatures: 66°C - 68°C - 75°C - 72°C - 68°C - 67°C - 75°C - 73°C | Throttling: None - None - None - None - None - None - None - None
705 (775155 Gflops/s) - 704 (774056 Gflops/s) - 705 (775155 Gflops/s) - 699 (768558 Gflops/s) - 699 (768558 Gflops/s) - 697 (766359 Gflops/s) - 701 (770757 Gflops/s) - 695 (764160 Gflops/s) | Temperatures: 66°C - 68°C - 75°C - 72°C - 68°C - 67°C - 75°C - 73°C | Throttling: None - None - None - None - None - None - None - None
705 (775155 Gflops/s) - 704 (774056 Gflops/s) - 705 (775155 Gflops/s) - 707 (777354 Gflops/s) - 698 (767459 Gflops/s) - 698 (767459 Gflops/s) - 700 (769658 Gflops/s) - 695 (764160 Gflops/s) | Temperatures: 66°C - 68°C - 75°C - 72°C - 68°C - 67°C - 75°C - 73°C | Throttling: None - None - None - None - None - None - None - None
705 (775155 Gflops/s) - 703 (772956 Gflops/s) - 704 (774056 Gflops/s) - 690 (758663 Gflops/s) - 698 (767459 Gflops/s) - 696 (765260 Gflops/s) - 700 (769658 Gflops/s) - 694 (763061 Gflops/s) | Temperatures: 66°C - 68°C - 75°C - 72°C - 68°C - 67°C - 75°C - 73°C | Throttling: None - None - None - None - None - None - None - None
705 (775155 Gflops/s) - 704 (774056 Gflops/s) - 705 (775155 Gflops/s) - 698 (767459 Gflops/s) - 698 (767459 Gflops/s) - 697 (766359 Gflops/s) - 700 (769658 Gflops/s) - 695 (764160 Gflops/s) | Temperatures: 66°C - 68°C - 75°C - 72°C - 68°C - 67°C - 75°C - 73°C | Throttling: None - None - None - None - None - None - None - None
706 (776255 Gflops/s) - 703 (772956 Gflops/s) - 704 (774056 Gflops/s) - 699 (768558 Gflops/s) - 698 (767459 Gflops/s) - 697 (766359 Gflops/s) - 701 (770757 Gflops/s) - 694 (763061 Gflops/s) | Temperatures: 66°C - 68°C - 75°C - 72°C - 68°C - 67°C - 75°C - 73°C | Throttling: None - None - None - None - None - None - None - None
704 (774056 Gflops/s) - 704 (774056 Gflops/s) - 704 (774056 Gflops/s) - 698 (767459 Gflops/s) - 699 (768558 Gflops/s) - 698 (767459 Gflops/s) - 701 (770757 Gflops/s) - 695 (764160 Gflops/s) | Temperatures: 66°C - 68°C - 75°C - 72°C - 68°C - 67°C - 75°C - 73°C | Throttling: None - None - None - None - None - None - None - None
705 (775155 Gflops/s) - 704 (774056 Gflops/s) - 704 (774056 Gflops/s) - 699 (768558 Gflops/s) - 699 (768558 Gflops/s) - 698 (767459 Gflops/s) - 701 (770757 Gflops/s) - 694 (763061 Gflops/s) | Temperatures: 66°C - 67°C - 75°C - 72°C - 68°C - 67°C - 75°C - 72°C | Throttling: None - None - None - None - None - None - None - None
706 (776255 Gflops/s) - 703 (772956 Gflops/s) - 705 (775155 Gflops/s) - 699 (768558 Gflops/s) - 699 (768558 Gflops/s) - 697 (766359 Gflops/s) - 701 (770757 Gflops/s) - 695 (764160 Gflops/s) | Temperatures: 66°C - 67°C - 75°C - 72°C - 68°C - 67°C - 75°C - 72°C | Throttling: None - None - None - None - None - None - None - None
705 (775155 Gflops/s) - 704 (774056 Gflops/s) - 704 (774056 Gflops/s) - 699 (768558 Gflops/s) - 698 (767459 Gflops/s) - 697 (766359 Gflops/s) - 700 (769658 Gflops/s) - 694 (763061 Gflops/s) | Temperatures: 66°C - 67°C - 75°C - 72°C - 68°C - 67°C - 75°C - 72°C | Throttling: None - None - None - None - None - None - None - None
705 (775155 Gflops/s) - 703 (772956 Gflops/s) - 704 (774056 Gflops/s) - 697 (766359 Gflops/s) - 698 (767459 Gflops/s) - 697 (766359 Gflops/s) - 700 (769658 Gflops/s) - 694 (763061 Gflops/s) | Temperatures: 66°C - 67°C - 75°C - 72°C - 68°C - 67°C - 75°C - 73°C | Throttling: None - None - None - None - None - None - None - None
706 (776255 Gflops/s) - 704 (774056 Gflops/s) - 704 (774056 Gflops/s) - 699 (768558 Gflops/s) - 699 (768558 Gflops/s) - 704 (774056 Gflops/s) - 701 (770757 Gflops/s) - 695 (764160 Gflops/s) | Temperatures: 66°C - 67°C - 75°C - 72°C - 68°C - 67°C - 75°C - 72°C | Throttling: None - None - None - None - None - None - None - None
705 (775155 Gflops/s) - 704 (774056 Gflops/s) - 705 (775155 Gflops/s) - 698 (767459 Gflops/s) - 698 (767459 Gflops/s) - 690 (758663 Gflops/s) - 701 (770757 Gflops/s) - 696 (765260 Gflops/s) | Temperatures: 66°C - 67°C - 75°C - 72°C - 68°C - 67°C - 75°C - 73°C | Throttling: None - None - None - None - None - None - None - None
704 (774056 Gflops/s) - 703 (772956 Gflops/s) - 704 (774056 Gflops/s) - 699 (768558 Gflops/s) - 699 (768558 Gflops/s) - 697 (766359 Gflops/s) - 702 (771857 Gflops/s) - 694 (763061 Gflops/s) | Temperatures: 66°C - 67°C - 75°C - 72°C - 68°C - 67°C - 75°C - 73°C | Throttling: None - None - None - None - None - None - None - None
706 (776255 Gflops/s) - 704 (774056 Gflops/s) - 704 (774056 Gflops/s) - 707 (777354 Gflops/s) - 698 (767459 Gflops/s) - 698 (767459 Gflops/s) - 701 (770757 Gflops/s) - 695 (764160 Gflops/s) | Temperatures: 66°C - 67°C - 75°C - 72°C - 68°C - 67°C - 75°C - 72°C | Throttling: None - None - None - None - None - None - None - None
705 (775155 Gflops/s) - 703 (772956 Gflops/s) - 706 (776255 Gflops/s) - 691 (759762 Gflops/s) - 699 (768558 Gflops/s) - 697 (766359 Gflops/s) - 701 (770757 Gflops/s) - 694 (763061 Gflops/s) | Temperatures: 66°C - 67°C - 75°C - 72°C - 68°C - 67°C - 75°C - 72°C | Throttling: None - None - None - None - None - None - None - None
706 (776255 Gflops/s) - 704 (774056 Gflops/s) - 704 (774056 Gflops/s) - 698 (767459 Gflops/s) - 697 (766359 Gflops/s) - 697 (766359 Gflops/s) - 700 (769658 Gflops/s) - 696 (765260 Gflops/s) | Temperatures: 66°C - 67°C - 75°C - 72°C - 68°C - 67°C - 75°C - 73°C | Throttling: None - None - None - None - None - None - None - None
705 (775155 Gflops/s) - 704 (774056 Gflops/s) - 705 (775155 Gflops/s) - 699 (768558 Gflops/s) - 699 (768558 Gflops/s) - 698 (767459 Gflops/s) - 701 (770757 Gflops/s) - 694 (763061 Gflops/s) | Temperatures: 66°C - 68°C - 75°C - 72°C - 68°C - 67°C - 75°C - 72°C | Throttling: None - None - None - None - None - None - None - None
705 (775155 Gflops/s) - 703 (772956 Gflops/s) - 703 (772956 Gflops/s) - 697 (766359 Gflops/s) - 698 (767459 Gflops/s) - 696 (765260 Gflops/s) - 700 (769658 Gflops/s) - 695 (764160 Gflops/s) | Temperatures: 66°C - 67°C - 75°C - 72°C - 68°C - 67°C - 75°C - 72°C | Throttling: None - None - None - None - None - None - None - None
706 (776255 Gflops/s) - 704 (774056 Gflops/s) - 705 (775155 Gflops/s) - 699 (768558 Gflops/s) - 699 (768558 Gflops/s) - 698 (767459 Gflops/s) - 701 (770757 Gflops/s) - 695 (764160 Gflops/s) | Temperatures: 66°C - 67°C - 75°C - 72°C - 68°C - 67°C - 75°C - 73°C | Throttling: None - None - None - None - None - None - None - None
704 (774056 Gflops/s) - 703 (772956 Gflops/s) - 705 (775155 Gflops/s) - 697 (766359 Gflops/s) - 698 (767459 Gflops/s) - 697 (766359 Gflops/s) - 701 (770757 Gflops/s) - 695 (764160 Gflops/s) | Temperatures: 66°C - 67°C - 75°C - 72°C - 68°C - 67°C - 75°C - 73°C | Throttling: None - None - None - None - None - None - None - None
705 (775155 Gflops/s) - 704 (774056 Gflops/s) - 704 (774056 Gflops/s) - 699 (768558 Gflops/s) - 699 (768558 Gflops/s) - 697 (766359 Gflops/s) - 700 (769658 Gflops/s) - 694 (763061 Gflops/s) | Temperatures: 66°C - 67°C - 75°C - 72°C - 68°C - 67°C - 75°C - 73°C | Throttling: None - None - None - None - None - None - None - None
706 (776255 Gflops/s) - 703 (772956 Gflops/s) - 705 (775155 Gflops/s) - 698 (767459 Gflops/s) - 698 (767459 Gflops/s) - 698 (767459 Gflops/s) - 701 (770757 Gflops/s) - 695 (764160 Gflops/s) | Temperatures: 66°C - 67°C - 75°C - 72°C - 68°C - 67°C - 75°C - 72°C | Throttling: None - None - None - None - None - None - None - None
705 (775155 Gflops/s) - 704 (774056 Gflops/s) - 706 (776255 Gflops/s) - 699 (768558 Gflops/s) - 699 (768558 Gflops/s) - 697 (766359 Gflops/s) - 700 (769658 Gflops/s) - 695 (764160 Gflops/s) | Temperatures: 66°C - 67°C - 75°C - 72°C - 68°C - 67°C - 75°C - 73°C | Throttling: None - None - None - None - None - None - None - None
705 (775155 Gflops/s) - 703 (772956 Gflops/s) - 704 (774056 Gflops/s) - 699 (768558 Gflops/s) - 699 (768558 Gflops/s) - 697 (766359 Gflops/s) - 701 (770757 Gflops/s) - 695 (764160 Gflops/s) | Temperatures: 66°C - 67°C - 75°C - 72°C - 68°C - 67°C - 75°C - 72°C | Throttling: None - None - None - None - None - None - None - None
704 (774056 Gflops/s) - 703 (772956 Gflops/s) - 704 (774056 Gflops/s) - 698 (767459 Gflops/s) - 698 (767459 Gflops/s) - 697 (766359 Gflops/s) - 701 (770757 Gflops/s) - 694 (763061 Gflops/s) | Temperatures: 66°C - 67°C - 75°C - 72°C - 68°C - 67°C - 75°C - 72°C | Throttling: None - None - None - None - None - None - None - None
706 (776255 Gflops/s) - 704 (774056 Gflops/s) - 705 (775155 Gflops/s) - 708 (778454 Gflops/s) - 699 (768558 Gflops/s) - 697 (766359 Gflops/s) - 701 (770757 Gflops/s) - 696 (765260 Gflops/s) | Temperatures: 66°C - 67°C - 75°C - 72°C - 68°C - 67°C - 75°C - 72°C | Throttling: None - None - None - None - None - None - None - None
705 (775155 Gflops/s) - 703 (772956 Gflops/s) - 705 (775155 Gflops/s) - 689 (757563 Gflops/s) - 699 (768558 Gflops/s) - 698 (767459 Gflops/s) - 700 (769658 Gflops/s) - 695 (764160 Gflops/s) | Temperatures: 66°C - 67°C - 75°C - 72°C - 68°C - 67°C - 75°C - 72°C | Throttling: None - None - None - None - None - None - None - None
705 (775155 Gflops/s) - 704 (774056 Gflops/s) - 705 (775155 Gflops/s) - 698 (767459 Gflops/s) - 698 (767459 Gflops/s) - 698 (767459 Gflops/s) - 701 (770757 Gflops/s) - 694 (763061 Gflops/s) | Temperatures: 66°C - 67°C - 75°C - 72°C - 68°C - 67°C - 75°C - 72°C | Throttling: None - None - None - None - None - None - None - None
706 (776255 Gflops/s) - 704 (774056 Gflops/s) - 704 (774056 Gflops/s) - 699 (768558 Gflops/s) - 699 (768558 Gflops/s) - 697 (766359 Gflops/s) - 701 (770757 Gflops/s) - 695 (764160 Gflops/s) | Temperatures: 66°C - 67°C - 75°C - 72°C - 68°C - 67°C - 75°C - 72°C | Throttling: None - None - None - None - None - None - None - None
705 (775155 Gflops/s) - 703 (772956 Gflops/s) - 705 (775155 Gflops/s) - 698 (767459 Gflops/s) - 699 (768558 Gflops/s) - 698 (767459 Gflops/s) - 701 (770757 Gflops/s) - 699 (768558 Gflops/s) | Temperatures: 66°C - 67°C - 75°C - 72°C - 68°C - 67°C - 75°C - 72°C | Throttling: None - None - None - None - None - None - None - None
705 (775155 Gflops/s) - 704 (774056 Gflops/s) - 705 (775155 Gflops/s) - 700 (769658 Gflops/s) - 698 (767459 Gflops/s) - 697 (766359 Gflops/s) - 700 (769658 Gflops/s) - 690 (758663 Gflops/s) | Temperatures: 66°C - 67°C - 75°C - 72°C - 68°C - 67°C - 75°C - 72°C | Throttling: None - None - None - None - None - None - None - None
705 (775155 Gflops/s) - 703 (772956 Gflops/s) - 704 (774056 Gflops/s) - 699 (768558 Gflops/s) - 699 (768558 Gflops/s) - 697 (766359 Gflops/s) - 701 (770757 Gflops/s) - 695 (764160 Gflops/s) | Temperatures: 66°C - 67°C - 75°C - 72°C - 68°C - 67°C - 75°C - 72°C | Throttling: None - None - None - None - None - None - None - None
706 (776255 Gflops/s) - 703 (772956 Gflops/s) - 705 (775155 Gflops/s) - 697 (766359 Gflops/s) - 698 (767459 Gflops/s) - 697 (766359 Gflops/s) - 700 (769658 Gflops/s) - 694 (763061 Gflops/s) | Temperatures: 66°C - 67°C - 75°C - 72°C - 68°C - 67°C - 75°C - 72°C | Throttling: None - None - None - None - None - None - None - None
706 (776255 Gflops/s) - 704 (774056 Gflops/s) - 705 (775155 Gflops/s) - 699 (768558 Gflops/s) - 698 (767459 Gflops/s) - 698 (767459 Gflops/s) - 700 (769658 Gflops/s) - 696 (765260 Gflops/s) | Temperatures: 66°C - 67°C - 75°C - 72°C - 68°C - 67°C - 75°C - 72°C | Throttling: None - None - None - None - None - None - None - None
705 (775155 Gflops/s) - 704 (774056 Gflops/s) - 705 (775155 Gflops/s) - 699 (768558 Gflops/s) - 700 (769658 Gflops/s) - 697 (766359 Gflops/s) - 701 (770757 Gflops/s) - 695 (764160 Gflops/s) | Temperatures: 66°C - 67°C - 75°C - 72°C - 68°C - 67°C - 75°C - 72°C | Throttling: None - None - None - None - None - None - None - None
705 (775155 Gflops/s) - 703 (772956 Gflops/s) - 705 (775155 Gflops/s) - 699 (768558 Gflops/s) - 698 (767459 Gflops/s) - 698 (767459 Gflops/s) - 701 (770757 Gflops/s) - 695 (764160 Gflops/s) | Temperatures: 66°C - 67°C - 75°C - 72°C - 68°C - 67°C - 75°C - 72°C | Throttling: None - None - None - None - None - None - None - None
707 (777354 Gflops/s) - 704 (774056 Gflops/s) - 705 (775155 Gflops/s) - 699 (768558 Gflops/s) - 699 (768558 Gflops/s) - 697 (766359 Gflops/s) - 701 (770757 Gflops/s) - 695 (764160 Gflops/s) | Temperatures: 66°C - 67°C - 75°C - 72°C - 68°C - 67°C - 75°C - 72°C | Throttling: None - None - None - None - None - None - None - None
705 (775155 Gflops/s) - 703 (772956 Gflops/s) - 704 (774056 Gflops/s) - 706 (776255 Gflops/s) - 698 (767459 Gflops/s) - 697 (766359 Gflops/s) - 700 (769658 Gflops/s) - 693 (761961 Gflops/s) | Temperatures: 66°C - 67°C - 75°C - 72°C - 67°C - 67°C - 75°C - 72°C | Throttling: None - None - None - None - None - None - None - None
705 (775155 Gflops/s) - 704 (774056 Gflops/s) - 704 (774056 Gflops/s) - 691 (759762 Gflops/s) - 699 (768558 Gflops/s) - 697 (766359 Gflops/s) - 699 (768558 Gflops/s) - 694 (763061 Gflops/s) | Temperatures: 66°C - 67°C - 75°C - 72°C - 68°C - 67°C - 75°C - 72°C | Throttling: None - None - None - None - None - None - None - None
705 (775155 Gflops/s) - 704 (774056 Gflops/s) - 705 (775155 Gflops/s) - 699 (768558 Gflops/s) - 699 (768558 Gflops/s) - 698 (767459 Gflops/s) - 701 (770757 Gflops/s) - 695 (764160 Gflops/s) | Temperatures: 66°C - 67°C - 75°C - 72°C - 68°C - 67°C - 75°C - 72°C | Throttling: None - None - None - None - None - None - None - None
706 (776255 Gflops/s) - 704 (774056 Gflops/s) - 705 (775155 Gflops/s) - 699 (768558 Gflops/s) - 699 (768558 Gflops/s) - 697 (766359 Gflops/s) - 700 (769658 Gflops/s) - 694 (763061 Gflops/s) | Temperatures: 66°C - 67°C - 75°C - 72°C - 68°C - 67°C - 75°C - 72°C | Throttling: None - None - None - None - None - None - None - None
705 (775155 Gflops/s) - 704 (774056 Gflops/s) - 705 (775155 Gflops/s) - 698 (767459 Gflops/s) - 699 (768558 Gflops/s) - 698 (767459 Gflops/s) - 701 (770757 Gflops/s) - 695 (764160 Gflops/s) | Temperatures: 66°C - 67°C - 75°C - 71°C - 68°C - 67°C - 75°C - 72°C | Throttling: None - None - None - None - None - None - None - None
706 (776255 Gflops/s) - 703 (772956 Gflops/s) - 705 (775155 Gflops/s) - 700 (769658 Gflops/s) - 699 (768558 Gflops/s) - 698 (767459 Gflops/s) - 703 (772956 Gflops/s) - 694 (763061 Gflops/s) | Temperatures: 66°C - 67°C - 75°C - 71°C - 68°C - 67°C - 75°C - 72°C | Throttling: None - None - None - None - None - None - None - None
704 (774056 Gflops/s) - 704 (774056 Gflops/s) - 712 (782852 Gflops/s) - 699 (768558 Gflops/s) - 699 (768558 Gflops/s) - 697 (766359 Gflops/s) - 699 (768558 Gflops/s) - 695 (764160 Gflops/s) | Temperatures: 66°C - 67°C - 75°C - 72°C - 68°C - 67°C - 75°C - 72°C | Throttling: None - None - None - None - None - None - None - None
705 (775155 Gflops/s) - 703 (772956 Gflops/s) - 696 (765260 Gflops/s) - 698 (767459 Gflops/s) - 699 (768558 Gflops/s) - 697 (766359 Gflops/s) - 700 (769658 Gflops/s) - 695 (764160 Gflops/s) | Temperatures: 66°C - 67°C - 75°C - 72°C - 68°C - 67°C - 75°C - 72°C | Throttling: None - None - None - None - None - None - None - None
705 (775155 Gflops/s) - 704 (774056 Gflops/s) - 706 (776255 Gflops/s) - 699 (768558 Gflops/s) - 699 (768558 Gflops/s) - 698 (767459 Gflops/s) - 701 (770757 Gflops/s) - 695 (764160 Gflops/s) | Temperatures: 66°C - 67°C - 75°C - 71°C - 68°C - 67°C - 75°C - 72°C | Throttling: None - None - None - None - None - None - None - None
706 (776255 Gflops/s) - 704 (774056 Gflops/s) - 705 (775155 Gflops/s) - 698 (767459 Gflops/s) - 698 (767459 Gflops/s) - 698 (767459 Gflops/s) - 702 (771857 Gflops/s) - 694 (763061 Gflops/s) | Temperatures: 66°C - 67°C - 75°C - 71°C - 68°C - 67°C - 75°C - 72°C | Throttling: None - None - None - None - None - None - None - None
705 (775155 Gflops/s) - 704 (774056 Gflops/s) - 705 (775155 Gflops/s) - 699 (768558 Gflops/s) - 699 (768558 Gflops/s) - 697 (766359 Gflops/s) - 702 (771857 Gflops/s) - 695 (764160 Gflops/s) | Temperatures: 66°C - 67°C - 75°C - 71°C - 68°C - 67°C - 75°C - 72°C | Throttling: None - None - None - None - None - None - None - None
705 (775155 Gflops/s) - 704 (774056 Gflops/s) - 705 (775155 Gflops/s) - 699 (768558 Gflops/s) - 699 (768558 Gflops/s) - 698 (767459 Gflops/s) - 701 (770757 Gflops/s) - 696 (765260 Gflops/s) | Temperatures: 66°C - 67°C - 75°C - 72°C - 68°C - 67°C - 75°C - 72°C | Throttling: None - None - None - None - None - None - None - None
706 (776255 Gflops/s) - 704 (774056 Gflops/s) - 705 (775155 Gflops/s) - 703 (772956 Gflops/s) - 700 (769658 Gflops/s) - 698 (767459 Gflops/s) - 701 (770757 Gflops/s) - 696 (765260 Gflops/s) | Temperatures: 66°C - 67°C - 75°C - 72°C - 68°C - 67°C - 75°C - 72°C | Throttling: None - None - None - None - None - None - None - None
705 (775155 Gflops/s) - 703 (772956 Gflops/s) - 705 (775155 Gflops/s) - 694 (763061 Gflops/s) - 699 (768558 Gflops/s) - 698 (767459 Gflops/s) - 701 (770757 Gflops/s) - 695 (764160 Gflops/s) | Temperatures: 66°C - 67°C - 75°C - 71°C - 68°C - 67°C - 75°C - 72°C | Throttling: None - None - None - None - None - None - None - None
705 (775155 Gflops/s) - 703 (772956 Gflops/s) - 703 (772956 Gflops/s) - 699 (768558 Gflops/s) - 698 (767459 Gflops/s) - 696 (765260 Gflops/s) - 700 (769658 Gflops/s) - 695 (764160 Gflops/s) | Temperatures: 66°C - 67°C - 75°C - 71°C - 68°C - 67°C - 75°C - 72°C | Throttling: None - None - None - None - None - None - None - None
706 (776255 Gflops/s) - 704 (774056 Gflops/s) - 705 (775155 Gflops/s) - 698 (767459 Gflops/s) - 699 (768558 Gflops/s) - 698 (767459 Gflops/s) - 701 (770757 Gflops/s) - 695 (764160 Gflops/s) | Temperatures: 66°C - 67°C - 75°C - 71°C - 68°C - 67°C - 75°C - 72°C | Throttling: None - None - None - None - None - None - None - None
705 (775155 Gflops/s) - 704 (774056 Gflops/s) - 705 (775155 Gflops/s) - 699 (768558 Gflops/s) - 699 (768558 Gflops/s) - 697 (766359 Gflops/s) - 700 (769658 Gflops/s) - 695 (764160 Gflops/s) | Temperatures: 66°C - 67°C - 75°C - 72°C - 68°C - 67°C - 75°C - 72°C | Throttling: None - None - None - None - None - None - None - None
705 (775155 Gflops/s) - 704 (774056 Gflops/s) - 705 (775155 Gflops/s) - 699 (768558 Gflops/s) - 699 (768558 Gflops/s) - 698 (767459 Gflops/s) - 702 (771857 Gflops/s) - 695 (764160 Gflops/s) | Temperatures: 66°C - 67°C - 75°C - 71°C - 68°C - 67°C - 75°C - 72°C | Throttling: None - None - None - None - None - None - None - None
706 (776255 Gflops/s) - 704 (774056 Gflops/s) - 704 (774056 Gflops/s) - 698 (767459 Gflops/s) - 699 (768558 Gflops/s) - 698 (767459 Gflops/s) - 701 (770757 Gflops/s) - 695 (764160 Gflops/s) | Temperatures: 66°C - 67°C - 75°C - 71°C - 68°C - 67°C - 75°C - 72°C | Throttling: None - None - None - None - None - None - None - None
706 (776255 Gflops/s) - 704 (774056 Gflops/s) - 705 (775155 Gflops/s) - 699 (768558 Gflops/s) - 699 (768558 Gflops/s) - 697 (766359 Gflops/s) - 701 (770757 Gflops/s) - 695 (764160 Gflops/s) | Temperatures: 66°C - 67°C - 75°C - 71°C - 68°C - 67°C - 75°C - 72°C | Throttling: None - None - None - None - None - None - None - None
706 (776255 Gflops/s) - 704 (774056 Gflops/s) - 705 (775155 Gflops/s) - 699 (768558 Gflops/s) - 698 (767459 Gflops/s) - 698 (767459 Gflops/s) - 701 (770757 Gflops/s) - 696 (765260 Gflops/s) | Temperatures: 66°C - 67°C - 75°C - 72°C - 68°C - 67°C - 75°C - 72°C | Throttling: None - None - None - None - None - None - None - None
705 (775155 Gflops/s) - 703 (772956 Gflops/s) - 705 (775155 Gflops/s) - 698 (767459 Gflops/s) - 699 (768558 Gflops/s) - 698 (767459 Gflops/s) - 701 (770757 Gflops/s) - 695 (764160 Gflops/s) | Temperatures: 66°C - 67°C - 75°C - 71°C - 68°C - 67°C - 75°C - 72°C | Throttling: None - None - None - None - None - None - None - None
705 (775155 Gflops/s) - 704 (774056 Gflops/s) - 705 (775155 Gflops/s) - 698 (767459 Gflops/s) - 699 (768558 Gflops/s) - 697 (766359 Gflops/s) - 700 (769658 Gflops/s) - 693 (761961 Gflops/s) | Temperatures: 66°C - 67°C - 75°C - 71°C - 68°C - 67°C - 75°C - 72°C | Throttling: None - None - None - None - None - None - None - None
705 (775155 Gflops/s) - 704 (774056 Gflops/s) - 704 (774056 Gflops/s) - 698 (767459 Gflops/s) - 698 (767459 Gflops/s) - 697 (766359 Gflops/s) - 700 (769658 Gflops/s) - 695 (764160 Gflops/s) | Temperatures: 66°C - 67°C - 75°C - 71°C - 68°C - 67°C - 75°C - 72°C | Throttling: None - None - None - None - None - None - None - None
705 (775155 Gflops/s) - 703 (772956 Gflops/s) - 705 (775155 Gflops/s) - 703 (772956 Gflops/s) - 700 (769658 Gflops/s) - 698 (767459 Gflops/s) - 701 (770757 Gflops/s) - 694 (763061 Gflops/s) | Temperatures: 66°C - 67°C - 75°C - 71°C - 68°C - 67°C - 75°C - 72°C | Throttling: None - None - None - None - None - None - None - None
705 (775155 Gflops/s) - 704 (774056 Gflops/s) - 705 (775155 Gflops/s) - 695 (764160 Gflops/s) - 699 (768558 Gflops/s) - 697 (766359 Gflops/s) - 701 (770757 Gflops/s) - 696 (765260 Gflops/s) | Temperatures: 66°C - 67°C - 75°C - 72°C - 68°C - 67°C - 75°C - 72°C | Throttling: None - None - None - None - None - None - None - None
705 (775155 Gflops/s) - 704 (774056 Gflops/s) - 705 (775155 Gflops/s) - 699 (768558 Gflops/s) - 698 (767459 Gflops/s) - 698 (767459 Gflops/s) - 702 (771857 Gflops/s) - 697 (766359 Gflops/s) | Temperatures: 66°C - 67°C - 75°C - 71°C - 68°C - 67°C - 75°C - 72°C | Throttling: None - None - None - None - None - None - None - None
706 (776255 Gflops/s) - 704 (774056 Gflops/s) - 705 (775155 Gflops/s) - 698 (767459 Gflops/s) - 700 (769658 Gflops/s) - 699 (768558 Gflops/s) - 701 (770757 Gflops/s) - 692 (760862 Gflops/s) | Temperatures: 66°C - 67°C - 75°C - 71°C - 68°C - 67°C - 75°C - 72°C | Throttling: None - None - None - None - None - None - None - None
706 (776255 Gflops/s) - 704 (774056 Gflops/s) - 705 (775155 Gflops/s) - 699 (768558 Gflops/s) - 699 (768558 Gflops/s) - 698 (767459 Gflops/s) - 700 (769658 Gflops/s) - 695 (764160 Gflops/s) | Temperatures: 66°C - 67°C - 75°C - 71°C - 68°C - 67°C - 75°C - 72°C | Throttling: None - None - None - None - None - None - None - None
704 (774056 Gflops/s) - 703 (772956 Gflops/s) - 704 (774056 Gflops/s) - 699 (768558 Gflops/s) - 698 (767459 Gflops/s) - 697 (766359 Gflops/s) - 700 (769658 Gflops/s) - 694 (763061 Gflops/s) | Temperatures: 66°C - 67°C - 75°C - 71°C - 68°C - 67°C - 75°C - 72°C | Throttling: None - None - None - None - None - None - None - None
705 (775155 Gflops/s) - 704 (774056 Gflops/s) - 706 (776255 Gflops/s) - 698 (767459 Gflops/s) - 699 (768558 Gflops/s) - 698 (767459 Gflops/s) - 707 (777354 Gflops/s) - 695 (764160 Gflops/s) | Temperatures: 66°C - 67°C - 75°C - 71°C - 68°C - 67°C - 75°C - 72°C | Throttling: None - None - None - None - None - None - None - None
705 (775155 Gflops/s) - 703 (772956 Gflops/s) - 705 (775155 Gflops/s) - 700 (769658 Gflops/s) - 698 (767459 Gflops/s) - 698 (767459 Gflops/s) - 695 (764160 Gflops/s) - 696 (765260 Gflops/s) | Temperatures: 66°C - 67°C - 75°C - 71°C - 68°C - 67°C - 75°C - 72°C | Throttling: None - None - None - None - None - None - None - None
706 (776255 Gflops/s) - 704 (774056 Gflops/s) - 705 (775155 Gflops/s) - 698 (767459 Gflops/s) - 699 (768558 Gflops/s) - 702 (771857 Gflops/s) - 701 (770757 Gflops/s) - 694 (763061 Gflops/s) | Temperatures: 66°C - 67°C - 75°C - 72°C - 68°C - 67°C - 75°C - 72°C | Throttling: None - None - None - None - None - None - None - None
705 (775155 Gflops/s) - 704 (774056 Gflops/s) - 705 (775155 Gflops/s) - 699 (768558 Gflops/s) - 699 (768558 Gflops/s) - 694 (763061 Gflops/s) - 701 (770757 Gflops/s) - 695 (764160 Gflops/s) | Temperatures: 66°C - 67°C - 75°C - 72°C - 68°C - 67°C - 75°C - 72°C | Throttling: None - None - None - None - None - None - None - None
705 (775155 Gflops/s) - 704 (774056 Gflops/s) - 705 (775155 Gflops/s) - 699 (768558 Gflops/s) - 699 (768558 Gflops/s) - 697 (766359 Gflops/s) - 701 (770757 Gflops/s) - 695 (764160 Gflops/s) | Temperatures: 66°C - 67°C - 75°C - 71°C - 68°C - 67°C - 75°C - 72°C | Throttling: None - None - None - None - None - None - None - None
706 (776255 Gflops/s) - 703 (772956 Gflops/s) - 704 (774056 Gflops/s) - 698 (767459 Gflops/s) - 700 (769658 Gflops/s) - 698 (767459 Gflops/s) - 701 (770757 Gflops/s) - 694 (763061 Gflops/s) | Temperatures: 66°C - 67°C - 75°C - 71°C - 68°C - 67°C - 75°C - 72°C | Throttling: None - None - None - None - None - None - None - None
704 (774056 Gflops/s) - 704 (774056 Gflops/s) - 705 (775155 Gflops/s) - 700 (769658 Gflops/s) - 698 (767459 Gflops/s) - 697 (766359 Gflops/s) - 700 (769658 Gflops/s) - 694 (763061 Gflops/s) | Temperatures: 66°C - 67°C - 75°C - 71°C - 68°C - 67°C - 75°C - 72°C | Throttling: None - None - None - None - None - None - None - None
706 (776255 Gflops/s) - 703 (772956 Gflops/s) - 705 (775155 Gflops/s) - 696 (765260 Gflops/s) - 699 (768558 Gflops/s) - 697 (766359 Gflops/s) - 701 (770757 Gflops/s) - 695 (764160 Gflops/s) | Temperatures: 66°C - 67°C - 75°C - 71°C - 68°C - 67°C - 75°C - 72°C | Throttling: None - None - None - None - None - None - None - None
705 (775155 Gflops/s) - 704 (774056 Gflops/s) - 704 (774056 Gflops/s) - 699 (768558 Gflops/s) - 699 (768558 Gflops/s) - 698 (767459 Gflops/s) - 701 (770757 Gflops/s) - 694 (763061 Gflops/s) | Temperatures: 66°C - 67°C - 75°C - 72°C - 68°C - 67°C - 75°C - 72°C | Throttling: None - None - None - None - None - None - None - None
706 (776255 Gflops/s) - 704 (774056 Gflops/s) - 705 (775155 Gflops/s) - 698 (767459 Gflops/s) - 699 (768558 Gflops/s) - 698 (767459 Gflops/s) - 700 (769658 Gflops/s) - 695 (764160 Gflops/s) | Temperatures: 66°C - 67°C - 75°C - 72°C - 68°C - 67°C - 75°C - 72°C | Throttling: None - None - None - None - None - None - None - None
705 (775155 Gflops/s) - 704 (774056 Gflops/s) - 704 (774056 Gflops/s) - 698 (767459 Gflops/s) - 700 (769658 Gflops/s) - 697 (766359 Gflops/s) - 701 (770757 Gflops/s) - 694 (763061 Gflops/s) | Temperatures: 66°C - 67°C - 75°C - 72°C - 68°C - 67°C - 75°C - 72°C | Throttling: None - None - None - None - None - None - None - None
705 (775155 Gflops/s) - 704 (774056 Gflops/s) - 705 (775155 Gflops/s) - 699 (768558 Gflops/s) - 698 (767459 Gflops/s) - 698 (767459 Gflops/s) - 701 (770757 Gflops/s) - 695 (764160 Gflops/s) | Temperatures: 66°C - 67°C - 75°C - 71°C - 68°C - 67°C - 75°C - 72°C | Throttling: None - None - None - None - None - None - None - None
705 (775155 Gflops/s) - 703 (772956 Gflops/s) - 705 (775155 Gflops/s) - 698 (767459 Gflops/s) - 700 (769658 Gflops/s) - 698 (767459 Gflops/s) - 701 (770757 Gflops/s) - 695 (764160 Gflops/s) | Temperatures: 66°C - 67°C - 75°C - 71°C - 68°C - 67°C - 75°C - 72°C | Throttling: None - None - None - None - None - None - None - None
705 (775155 Gflops/s) - 703 (772956 Gflops/s) - 704 (774056 Gflops/s) - 698 (767459 Gflops/s) - 697 (766359 Gflops/s) - 697 (766359 Gflops/s) - 701 (770757 Gflops/s) - 693 (761961 Gflops/s) | Temperatures: 66°C - 67°C - 75°C - 71°C - 67°C - 67°C - 75°C - 72°C | Throttling: None - None - None - None - None - None - None - None
705 (775155 Gflops/s) - 720 (791648 Gflops/s) - 704 (774056 Gflops/s) - 698 (767459 Gflops/s) - 699 (768558 Gflops/s) - 713 (783951 Gflops/s) - 700 (769658 Gflops/s) - 696 (765260 Gflops/s) | Temperatures: 66°C - 67°C - 75°C - 71°C - 68°C - 67°C - 75°C - 72°C | Throttling: None - None - None - None - None - None - None - None
706 (776255 Gflops/s) - 688 (756463 Gflops/s) - 705 (775155 Gflops/s) - 698 (767459 Gflops/s) - 699 (768558 Gflops/s) - 682 (749866 Gflops/s) - 700 (769658 Gflops/s) - 695 (764160 Gflops/s) | Temperatures: 66°C - 67°C - 75°C - 71°C - 68°C - 67°C - 75°C - 72°C | Throttling: None - None - None - None - None - None - None - None
705 (775155 Gflops/s) - 703 (772956 Gflops/s) - 716 (787250 Gflops/s) - 699 (768558 Gflops/s) - 699 (768558 Gflops/s) - 698 (767459 Gflops/s) - 702 (771857 Gflops/s) - 695 (764160 Gflops/s) | Temperatures: 66°C - 67°C - 75°C - 71°C - 68°C - 67°C - 75°C - 72°C | Throttling: None - None - None - None - None - None - None - None
706 (776255 Gflops/s) - 704 (774056 Gflops/s) - 693 (761961 Gflops/s) - 698 (767459 Gflops/s) - 699 (768558 Gflops/s) - 698 (767459 Gflops/s) - 701 (770757 Gflops/s) - 695 (764160 Gflops/s) | Temperatures: 66°C - 67°C - 75°C - 71°C - 68°C - 67°C - 75°C - 72°C | Throttling: None - None - None - None - None - None - None - None
705 (775155 Gflops/s) - 704 (774056 Gflops/s) - 705 (775155 Gflops/s) - 703 (772956 Gflops/s) - 699 (768558 Gflops/s) - 697 (766359 Gflops/s) - 701 (770757 Gflops/s) - 694 (763061 Gflops/s) | Temperatures: 66°C - 67°C - 75°C - 71°C - 68°C - 67°C - 75°C - 72°C | Throttling: None - None - None - None - None - None - None - None
713 (783951 Gflops/s) - 704 (774056 Gflops/s) - 704 (774056 Gflops/s) - 695 (764160 Gflops/s) - 700 (769658 Gflops/s) - 698 (767459 Gflops/s) - 702 (771857 Gflops/s) - 695 (764160 Gflops/s) | Temperatures: 66°C - 67°C - 75°C - 71°C - 68°C - 67°C - 75°C - 72°C | Throttling: None - None - None - None - None - None - None - None
698 (767459 Gflops/s) - 704 (774056 Gflops/s) - 705 (775155 Gflops/s) - 699 (768558 Gflops/s) - 699 (768558 Gflops/s) - 698 (767459 Gflops/s) - 701 (770757 Gflops/s) - 694 (763061 Gflops/s) | Temperatures: 66°C - 67°C - 75°C - 72°C - 68°C - 67°C - 75°C - 72°C | Throttling: None - None - None - None - None - None - None - None
705 (775155 Gflops/s) - 703 (772956 Gflops/s) - 704 (774056 Gflops/s) - 697 (766359 Gflops/s) - 698 (767459 Gflops/s) - 697 (766359 Gflops/s) - 700 (769658 Gflops/s) - 694 (763061 Gflops/s) | Temperatures: 66°C - 67°C - 75°C - 71°C - 68°C - 67°C - 75°C - 72°C | Throttling: None - None - None - None - None - None - None - None
705 (775155 Gflops/s) - 703 (772956 Gflops/s) - 705 (775155 Gflops/s) - 699 (768558 Gflops/s) - 699 (768558 Gflops/s) - 698 (767459 Gflops/s) - 700 (769658 Gflops/s) - 694 (763061 Gflops/s) | Temperatures: 66°C - 67°C - 75°C - 72°C - 68°C - 67°C - 75°C - 72°C | Throttling: None - None - None - None - None - None - None - None
706 (776255 Gflops/s) - 704 (774056 Gflops/s) - 705 (775155 Gflops/s) - 699 (768558 Gflops/s) - 699 (768558 Gflops/s) - 698 (767459 Gflops/s) - 701 (770757 Gflops/s) - 694 (763061 Gflops/s) | Temperatures: 66°C - 67°C - 75°C - 71°C - 68°C - 67°C - 75°C - 72°C | Throttling: None - None - None - None - None - None - None - None
705 (775155 Gflops/s) - 704 (774056 Gflops/s) - 705 (775155 Gflops/s) - 699 (768558 Gflops/s) - 699 (768558 Gflops/s) - 698 (767459 Gflops/s) - 700 (769658 Gflops/s) - 696 (765260 Gflops/s) | Temperatures: 66°C - 67°C - 75°C - 71°C - 67°C - 67°C - 75°C - 72°C | Throttling: None - None - None - None - None - None - None - None
706 (776255 Gflops/s) - 704 (774056 Gflops/s) - 704 (774056 Gflops/s) - 699 (768558 Gflops/s) - 699 (768558 Gflops/s) - 698 (767459 Gflops/s) - 713 (783951 Gflops/s) - 694 (763061 Gflops/s) | Temperatures: 66°C - 67°C - 75°C - 71°C - 68°C - 67°C - 75°C - 72°C | Throttling: None - None - None - None - None - None - None - None
706 (776255 Gflops/s) - 703 (772956 Gflops/s) - 705 (775155 Gflops/s) - 698 (767459 Gflops/s) - 700 (769658 Gflops/s) - 697 (766359 Gflops/s) - 689 (757563 Gflops/s) - 695 (764160 Gflops/s) | Temperatures: 66°C - 67°C - 75°C - 71°C - 68°C - 67°C - 75°C - 72°C | Throttling: None - None - None - None - None - None - None - None
705 (775155 Gflops/s) - 716 (787250 Gflops/s) - 705 (775155 Gflops/s) - 698 (767459 Gflops/s) - 698 (767459 Gflops/s) - 698 (767459 Gflops/s) - 702 (771857 Gflops/s) - 694 (763061 Gflops/s) | Temperatures: 66°C - 67°C - 74°C - 71°C - 68°C - 67°C - 75°C - 72°C | Throttling: None - None - None - None - None - None - None - None
706 (776255 Gflops/s) - 692 (760862 Gflops/s) - 705 (775155 Gflops/s) - 699 (768558 Gflops/s) - 699 (768558 Gflops/s) - 698 (767459 Gflops/s) - 701 (770757 Gflops/s) - 694 (763061 Gflops/s) | Temperatures: 66°C - 67°C - 75°C - 71°C - 68°C - 67°C - 75°C - 72°C | Throttling: None - None - None - None - None - None - None - None
704 (774056 Gflops/s) - 703 (772956 Gflops/s) - 705 (775155 Gflops/s) - 698 (767459 Gflops/s) - 697 (766359 Gflops/s) - 697 (766359 Gflops/s) - 701 (770757 Gflops/s) - 694 (763061 Gflops/s) | Temperatures: 66°C - 67°C - 75°C - 71°C - 68°C - 67°C - 75°C - 72°C | Throttling: None - None - None - None - None - None - None - None
705 (775155 Gflops/s) - 704 (774056 Gflops/s) - 704 (774056 Gflops/s) - 702 (771857 Gflops/s) - 699 (768558 Gflops/s) - 697 (766359 Gflops/s) - 701 (770757 Gflops/s) - 704 (774056 Gflops/s) | Temperatures: 66°C - 67°C - 75°C - 71°C - 67°C - 67°C - 75°C - 72°C | Throttling: None - None - None - None - None - None - None - None
706 (776255 Gflops/s) - 704 (774056 Gflops/s) - 705 (775155 Gflops/s) - 695 (764160 Gflops/s) - 699 (768558 Gflops/s) - 698 (767459 Gflops/s) - 700 (769658 Gflops/s) - 686 (754264 Gflops/s) | Temperatures: 66°C - 67°C - 75°C - 71°C - 68°C - 67°C - 75°C - 72°C | Throttling: None - None - None - None - None - None - None - None
705 (775155 Gflops/s) - 704 (774056 Gflops/s) - 705 (775155 Gflops/s) - 699 (768558 Gflops/s) - 699 (768558 Gflops/s) - 698 (767459 Gflops/s) - 700 (769658 Gflops/s) - 695 (764160 Gflops/s) | Temperatures: 66°C - 67°C - 75°C - 71°C - 68°C - 67°C - 75°C - 72°C | Throttling: None - None - None - None - None - None - None - None
705 (775155 Gflops/s) - 704 (774056 Gflops/s) - 705 (775155 Gflops/s) - 699 (768558 Gflops/s) - 699 (768558 Gflops/s) - 698 (767459 Gflops/s) - 701 (770757 Gflops/s) - 695 (764160 Gflops/s) | Temperatures: 66°C - 67°C - 75°C - 71°C - 68°C - 67°C - 75°C - 72°C | Throttling: None - None - None - None - None - None - None - None
706 (776255 Gflops/s) - 704 (774056 Gflops/s) - 705 (775155 Gflops/s) - 699 (768558 Gflops/s) - 700 (769658 Gflops/s) - 697 (766359 Gflops/s) - 700 (769658 Gflops/s) - 694 (763061 Gflops/s) | Temperatures: 66°C - 67°C - 75°C - 71°C - 68°C - 67°C - 75°C - 72°C | Throttling: None - None - None - None - None - None - None - None
705 (775155 Gflops/s) - 704 (774056 Gflops/s) - 705 (775155 Gflops/s) - 699 (768558 Gflops/s) - 698 (767459 Gflops/s) - 698 (767459 Gflops/s) - 701 (770757 Gflops/s) - 695 (764160 Gflops/s) | Temperatures: 66°C - 67°C - 75°C - 71°C - 67°C - 67°C - 75°C - 72°C | Throttling: None - None - None - None - None - None - None - None
705 (775155 Gflops/s) - 703 (772956 Gflops/s) - 704 (774056 Gflops/s) - 698 (767459 Gflops/s) - 698 (767459 Gflops/s) - 697 (766359 Gflops/s) - 701 (770757 Gflops/s) - 694 (763061 Gflops/s) | Temperatures: 66°C - 67°C - 75°C - 71°C - 67°C - 67°C - 75°C - 72°C | Throttling: None - None - None - None - None - None - None - None
705 (775155 Gflops/s) - 704 (774056 Gflops/s) - 704 (774056 Gflops/s) - 700 (769658 Gflops/s) - 700 (769658 Gflops/s) - 698 (767459 Gflops/s) - 701 (770757 Gflops/s) - 695 (764160 Gflops/s) | Temperatures: 66°C - 67°C - 74°C - 71°C - 67°C - 67°C - 75°C - 72°C | Throttling: None - None - None - None - None - None - None - None
706 (776255 Gflops/s) - 704 (774056 Gflops/s) - 705 (775155 Gflops/s) - 699 (768558 Gflops/s) - 699 (768558 Gflops/s) - 698 (767459 Gflops/s) - 702 (771857 Gflops/s) - 695 (764160 Gflops/s) | Temperatures: 65°C - 67°C - 74°C - 71°C - 67°C - 67°C - 75°C - 72°C | Throttling: None - None - None - None - None - None - None - None
706 (776255 Gflops/s) - 704 (774056 Gflops/s) - 705 (775155 Gflops/s) - 700 (769658 Gflops/s) - 699 (768558 Gflops/s) - 698 (767459 Gflops/s) - 701 (770757 Gflops/s) - 696 (765260 Gflops/s) | Temperatures: 65°C - 67°C - 74°C - 71°C - 67°C - 66°C - 75°C - 72°C | Throttling: None - None - None - None - None - None - None - None
705 (775155 Gflops/s) - 710 (780653 Gflops/s) - 706 (776255 Gflops/s) - 700 (769658 Gflops/s) - 700 (769658 Gflops/s) - 699 (768558 Gflops/s) - 701 (770757 Gflops/s) - 695 (764160 Gflops/s) | Temperatures: 65°C - 67°C - 74°C - 71°C - 67°C - 66°C - 74°C - 72°C | Throttling: None - None - None - None - None - None - None - None
706 (776255 Gflops/s) - 698 (767459 Gflops/s) - 704 (774056 Gflops/s) - 699 (768558 Gflops/s) - 699 (768558 Gflops/s) - 698 (767459 Gflops/s) - 701 (770757 Gflops/s) - 696 (765260 Gflops/s) | Temperatures: 65°C - 66°C - 74°C - 71°C - 67°C - 66°C - 74°C - 72°C | Throttling: None - None - None - None - None - None - None - None
707 (777354 Gflops/s) - 704 (774056 Gflops/s) - 705 (775155 Gflops/s) - 701 (770757 Gflops/s) - 699 (768558 Gflops/s) - 698 (767459 Gflops/s) - 701 (770757 Gflops/s) - 696 (765260 Gflops/s) | Temperatures: 65°C - 66°C - 74°C - 71°C - 67°C - 66°C - 74°C - 72°C | Throttling: None - None - None - None - None - None - None - None
707 (777354 Gflops/s) - 704 (774056 Gflops/s) - 705 (775155 Gflops/s) - 699 (768558 Gflops/s) - 700 (769658 Gflops/s) - 699 (768558 Gflops/s) - 701 (770757 Gflops/s) - 695 (764160 Gflops/s) | Temperatures: 65°C - 66°C - 74°C - 71°C - 67°C - 66°C - 74°C - 72°C | Throttling: None - None - None - None - None - None - None - None
705 (775155 Gflops/s) - 704 (774056 Gflops/s) - 705 (775155 Gflops/s) - 699 (768558 Gflops/s) - 698 (767459 Gflops/s) - 698 (767459 Gflops/s) - 699 (768558 Gflops/s) - 695 (764160 Gflops/s) | Temperatures: 65°C - 66°C - 74°C - 71°C - 67°C - 66°C - 74°C - 72°C | Throttling: None - None - None - None - None - None - None - None
707 (777354 Gflops/s) - 704 (774056 Gflops/s) - 705 (775155 Gflops/s) - 700 (769658 Gflops/s) - 700 (769658 Gflops/s) - 699 (768558 Gflops/s) - 702 (771857 Gflops/s) - 696 (765260 Gflops/s) | Temperatures: 65°C - 66°C - 74°C - 71°C - 67°C - 66°C - 74°C - 72°C | Throttling: None - None - None - None - None - None - None - None
713 (783951 Gflops/s) - 704 (774056 Gflops/s) - 704 (774056 Gflops/s) - 700 (769658 Gflops/s) - 699 (768558 Gflops/s) - 699 (768558 Gflops/s) - 701 (770757 Gflops/s) - 696 (765260 Gflops/s) | Temperatures: 65°C - 66°C - 74°C - 71°C - 67°C - 66°C - 74°C - 72°C | Throttling: None - None - None - None - None - None - None - None
700 (769658 Gflops/s) - 705 (775155 Gflops/s) - 702 (771857 Gflops/s) - 700 (769658 Gflops/s) - 700 (769658 Gflops/s) - 699 (768558 Gflops/s) - 702 (771857 Gflops/s) - 696 (765260 Gflops/s) | Temperatures: 65°C - 66°C - 74°C - 71°C - 67°C - 66°C - 74°C - 72°C | Throttling: None - None - None - None - None - None - None - None
706 (776255 Gflops/s) - 704 (774056 Gflops/s) - 702 (771857 Gflops/s) - 701 (770757 Gflops/s) - 700 (769658 Gflops/s) - 698 (767459 Gflops/s) - 700 (769658 Gflops/s) - 695 (764160 Gflops/s) | Temperatures: 65°C - 66°C - 74°C - 71°C - 67°C - 66°C - 74°C - 72°C | Throttling: None - None - None - None - None - None - None - None
707 (777354 Gflops/s) - 704 (774056 Gflops/s) - 702 (771857 Gflops/s) - 700 (769658 Gflops/s) - 700 (769658 Gflops/s) - 699 (768558 Gflops/s) - 702 (771857 Gflops/s) - 695 (764160 Gflops/s) | Temperatures: 65°C - 66°C - 74°C - 71°C - 67°C - 66°C - 74°C - 71°C | Throttling: None - None - None - None - None - None - None - None
707 (777354 Gflops/s) - 705 (775155 Gflops/s) - 703 (772956 Gflops/s) - 700 (769658 Gflops/s) - 700 (769658 Gflops/s) - 698 (767459 Gflops/s) - 715 (786150 Gflops/s) - 696 (765260 Gflops/s) | Temperatures: 65°C - 66°C - 74°C - 71°C - 67°C - 66°C - 74°C - 71°C | Throttling: None - None - None - None - None - None - None - None
706 (776255 Gflops/s) - 703 (772956 Gflops/s) - 701 (770757 Gflops/s) - 699 (768558 Gflops/s) - 699 (768558 Gflops/s) - 698 (767459 Gflops/s) - 684 (752065 Gflops/s) - 695 (764160 Gflops/s) | Temperatures: 65°C - 66°C - 74°C - 71°C - 67°C - 66°C - 74°C - 71°C | Throttling: None - None - None - None - None - None - None - None
707 (777354 Gflops/s) - 704 (774056 Gflops/s) - 702 (771857 Gflops/s) - 700 (769658 Gflops/s) - 700 (769658 Gflops/s) - 699 (768558 Gflops/s) - 700 (769658 Gflops/s) - 696 (765260 Gflops/s) | Temperatures: 65°C - 66°C - 74°C - 71°C - 67°C - 66°C - 74°C - 71°C | Throttling: None - None - None - None - None - None - None - None
706 (776255 Gflops/s) - 705 (775155 Gflops/s) - 703 (772956 Gflops/s) - 699 (768558 Gflops/s) - 713 (783951 Gflops/s) - 698 (767459 Gflops/s) - 700 (769658 Gflops/s) - 696 (765260 Gflops/s) | Temperatures: 65°C - 66°C - 74°C - 71°C - 67°C - 66°C - 74°C - 71°C | Throttling: None - None - None - None - None - None - None - None
707 (777354 Gflops/s) - 704 (774056 Gflops/s) - 702 (771857 Gflops/s) - 700 (769658 Gflops/s) - 688 (756463 Gflops/s) - 699 (768558 Gflops/s) - 698 (767459 Gflops/s) - 696 (765260 Gflops/s) | Temperatures: 65°C - 66°C - 74°C - 71°C - 67°C - 66°C - 74°C - 71°C | Throttling: None - None - None - None - None - None - None - None
705 (775155 Gflops/s) - 704 (774056 Gflops/s) - 702 (771857 Gflops/s) - 700 (769658 Gflops/s) - 700 (769658 Gflops/s) - 699 (768558 Gflops/s) - 698 (767459 Gflops/s) - 696 (765260 Gflops/s) | Temperatures: 65°C - 66°C - 74°C - 71°C - 67°C - 66°C - 74°C - 71°C | Throttling: None - None - None - None - None - None - None - None
708 (778454 Gflops/s) - 704 (774056 Gflops/s) - 703 (772956 Gflops/s) - 699 (768558 Gflops/s) - 700 (769658 Gflops/s) - 699 (768558 Gflops/s) - 698 (767459 Gflops/s) - 695 (764160 Gflops/s) | Temperatures: 65°C - 66°C - 74°C - 71°C - 67°C - 66°C - 74°C - 71°C | Throttling: None - None - None - None - None - None - None - None
706 (776255 Gflops/s) - 705 (775155 Gflops/s) - 702 (771857 Gflops/s) - 700 (769658 Gflops/s) - 700 (769658 Gflops/s) - 699 (768558 Gflops/s) - 697 (766359 Gflops/s) - 695 (764160 Gflops/s) | Temperatures: 65°C - 66°C - 74°C - 70°C - 67°C - 66°C - 74°C - 71°C | Throttling: None - None - None - None - None - None - None - None
706 (776255 Gflops/s) - 703 (772956 Gflops/s) - 702 (771857 Gflops/s) - 698 (767459 Gflops/s) - 699 (768558 Gflops/s) - 698 (767459 Gflops/s) - 698 (767459 Gflops/s) - 696 (765260 Gflops/s) | Temperatures: 65°C - 66°C - 74°C - 70°C - 66°C - 66°C - 74°C - 71°C | Throttling: None - None - None - None - None - None - None - None
707 (777354 Gflops/s) - 705 (775155 Gflops/s) - 702 (771857 Gflops/s) - 700 (769658 Gflops/s) - 701 (770757 Gflops/s) - 700 (769658 Gflops/s) - 698 (767459 Gflops/s) - 696 (765260 Gflops/s) | Temperatures: 65°C - 66°C - 74°C - 70°C - 66°C - 66°C - 74°C - 71°C | Throttling: None - None - None - None - None - None - None - None
706 (776255 Gflops/s) - 704 (774056 Gflops/s) - 703 (772956 Gflops/s) - 700 (769658 Gflops/s) - 700 (769658 Gflops/s) - 699 (768558 Gflops/s) - 697 (766359 Gflops/s) - 696 (765260 Gflops/s) | Temperatures: 64°C - 66°C - 74°C - 70°C - 66°C - 66°C - 74°C - 71°C | Throttling: None - None - None - None - None - None - None - None
704 (774056 Gflops/s) - 705 (775155 Gflops/s) - 702 (771857 Gflops/s) - 700 (769658 Gflops/s) - 700 (769658 Gflops/s) - 699 (768558 Gflops/s) - 698 (767459 Gflops/s) - 697 (766359 Gflops/s) | Temperatures: 65°C - 66°C - 74°C - 70°C - 66°C - 66°C - 74°C - 71°C | Throttling: None - None - None - None - None - None - None - None
704 (774056 Gflops/s) - 704 (774056 Gflops/s) - 703 (772956 Gflops/s) - 701 (770757 Gflops/s) - 700 (769658 Gflops/s) - 700 (769658 Gflops/s) - 697 (766359 Gflops/s) - 696 (765260 Gflops/s) | Temperatures: 65°C - 66°C - 74°C - 70°C - 66°C - 66°C - 74°C - 71°C | Throttling: None - None - None - None - None - None - None - None
704 (774056 Gflops/s) - 704 (774056 Gflops/s) - 703 (772956 Gflops/s) - 700 (769658 Gflops/s) - 700 (769658 Gflops/s) - 699 (768558 Gflops/s) - 699 (768558 Gflops/s) - 696 (765260 Gflops/s) | Temperatures: 65°C - 66°C - 74°C - 70°C - 66°C - 66°C - 74°C - 71°C | Throttling: None - None - None - None - None - None - None - None
705 (775155 Gflops/s) - 704 (774056 Gflops/s) - 702 (771857 Gflops/s) - 700 (769658 Gflops/s) - 700 (769658 Gflops/s) - 699 (768558 Gflops/s) - 698 (767459 Gflops/s) - 696 (765260 Gflops/s) | Temperatures: 65°C - 66°C - 74°C - 70°C - 66°C - 66°C - 74°C - 71°C | Throttling: None - None - None - None - None - None - None - None
704 (774056 Gflops/s) - 704 (774056 Gflops/s) - 703 (772956 Gflops/s) - 702 (771857 Gflops/s) - 700 (769658 Gflops/s) - 699 (768558 Gflops/s) - 698 (767459 Gflops/s) - 696 (765260 Gflops/s) | Temperatures: 65°C - 66°C - 74°C - 70°C - 66°C - 66°C - 74°C - 71°C | Throttling: None - None - None - None - None - None - None - None
704 (774056 Gflops/s) - 704 (774056 Gflops/s) - 702 (771857 Gflops/s) - 700 (769658 Gflops/s) - 700 (769658 Gflops/s) - 698 (767459 Gflops/s) - 698 (767459 Gflops/s) - 695 (764160 Gflops/s) | Temperatures: 65°C - 66°C - 74°C - 70°C - 66°C - 66°C - 74°C - 71°C | Throttling: None - None - None - None - None - None - None - None
705 (775155 Gflops/s) - 704 (774056 Gflops/s) - 703 (772956 Gflops/s) - 701 (770757 Gflops/s) - 700 (769658 Gflops/s) - 700 (769658 Gflops/s) - 698 (767459 Gflops/s) - 696 (765260 Gflops/s) | Temperatures: 65°C - 66°C - 74°C - 70°C - 66°C - 66°C - 74°C - 71°C | Throttling: None - None - None - None - None - None - None - None
704 (774056 Gflops/s) - 704 (774056 Gflops/s) - 702 (771857 Gflops/s) - 700 (769658 Gflops/s) - 699 (768558 Gflops/s) - 700 (769658 Gflops/s) - 698 (767459 Gflops/s) - 696 (765260 Gflops/s) | Temperatures: 65°C - 66°C - 74°C - 70°C - 66°C - 66°C - 74°C - 71°C | Throttling: None - None - None - None - None - None - None - None
705 (775155 Gflops/s) - 704 (774056 Gflops/s) - 704 (774056 Gflops/s) - 701 (770757 Gflops/s) - 700 (769658 Gflops/s) - 698 (767459 Gflops/s) - 698 (767459 Gflops/s) - 696 (765260 Gflops/s) | Temperatures: 65°C - 66°C - 73°C - 70°C - 66°C - 66°C - 74°C - 71°C | Throttling: None - None - None - None - None - None - None - None
704 (774056 Gflops/s) - 705 (775155 Gflops/s) - 703 (772956 Gflops/s) - 702 (771857 Gflops/s) - 700 (769658 Gflops/s) - 699 (768558 Gflops/s) - 699 (768558 Gflops/s) - 698 (767459 Gflops/s) | Temperatures: 65°C - 66°C - 73°C - 70°C - 66°C - 66°C - 74°C - 71°C | Throttling: None - None - None - None - None - None - None - None
705 (775155 Gflops/s) - 704 (774056 Gflops/s) - 703 (772956 Gflops/s) - 700 (769658 Gflops/s) - 700 (769658 Gflops/s) - 700 (769658 Gflops/s) - 697 (766359 Gflops/s) - 695 (764160 Gflops/s) | Temperatures: 65°C - 66°C - 73°C - 70°C - 66°C - 66°C - 74°C - 71°C | Throttling: None - None - None - None - None - None - None - None
700 (769658 Gflops/s) - 704 (774056 Gflops/s) - 702 (771857 Gflops/s) - 702 (771857 Gflops/s) - 701 (770757 Gflops/s) - 700 (769658 Gflops/s) - 699 (768558 Gflops/s) - 697 (766359 Gflops/s) | Temperatures: 64°C - 66°C - 73°C - 70°C - 66°C - 66°C - 74°C - 71°C | Throttling: None - None - None - None - None - None - None - None
702 (771857 Gflops/s) - 704 (774056 Gflops/s) - 703 (772956 Gflops/s) - 700 (769658 Gflops/s) - 699 (768558 Gflops/s) - 699 (768558 Gflops/s) - 697 (766359 Gflops/s) - 696 (765260 Gflops/s) | Temperatures: 64°C - 66°C - 73°C - 70°C - 66°C - 66°C - 74°C - 71°C | Throttling: None - None - None - None - None - None - None - None
699 (768558 Gflops/s) - 704 (774056 Gflops/s) - 702 (771857 Gflops/s) - 700 (769658 Gflops/s) - 700 (769658 Gflops/s) - 698 (767459 Gflops/s) - 698 (767459 Gflops/s) - 696 (765260 Gflops/s) | Temperatures: 64°C - 66°C - 73°C - 70°C - 66°C - 66°C - 74°C - 71°C | Throttling: None - None - None - None - None - None - None - None
701 (770757 Gflops/s) - 704 (774056 Gflops/s) - 703 (772956 Gflops/s) - 702 (771857 Gflops/s) - 700 (769658 Gflops/s) - 700 (769658 Gflops/s) - 698 (767459 Gflops/s) - 697 (766359 Gflops/s) | Temperatures: 64°C - 66°C - 73°C - 70°C - 66°C - 66°C - 74°C - 71°C | Throttling: None - None - None - None - None - None - None - None
701 (770757 Gflops/s) - 705 (775155 Gflops/s) - 703 (772956 Gflops/s) - 702 (771857 Gflops/s) - 700 (769658 Gflops/s) - 699 (768558 Gflops/s) - 698 (767459 Gflops/s) - 708 (778454 Gflops/s) | Temperatures: 64°C - 66°C - 73°C - 70°C - 66°C - 66°C - 74°C - 71°C | Throttling: None - None - None - None - None - None - None - None
701 (770757 Gflops/s) - 704 (774056 Gflops/s) - 703 (772956 Gflops/s) - 700 (769658 Gflops/s) - 700 (769658 Gflops/s) - 699 (768558 Gflops/s) - 699 (768558 Gflops/s) - 686 (754264 Gflops/s) | Temperatures: 64°C - 66°C - 73°C - 70°C - 66°C - 66°C - 74°C - 71°C | Throttling: None - None - None - None - None - None - None - None
700 (769658 Gflops/s) - 704 (774056 Gflops/s) - 703 (772956 Gflops/s) - 702 (771857 Gflops/s) - 700 (769658 Gflops/s) - 699 (768558 Gflops/s) - 698 (767459 Gflops/s) - 696 (765260 Gflops/s) | Temperatures: 64°C - 66°C - 73°C - 70°C - 66°C - 66°C - 73°C - 71°C | Throttling: None - None - None - None - None - None - None - None
701 (770757 Gflops/s) - 705 (775155 Gflops/s) - 703 (772956 Gflops/s) - 700 (769658 Gflops/s) - 700 (769658 Gflops/s) - 699 (768558 Gflops/s) - 698 (767459 Gflops/s) - 697 (766359 Gflops/s) | Temperatures: 64°C - 66°C - 73°C - 70°C - 66°C - 66°C - 73°C - 71°C | Throttling: None - None - None - None - None - None - None - None
701 (770757 Gflops/s) - 705 (775155 Gflops/s) - 703 (772956 Gflops/s) - 701 (770757 Gflops/s) - 700 (769658 Gflops/s) - 700 (769658 Gflops/s) - 698 (767459 Gflops/s) - 697 (766359 Gflops/s) | Temperatures: 64°C - 66°C - 73°C - 70°C - 66°C - 66°C - 74°C - 71°C | Throttling: None - None - None - None - None - None - None - None
700 (769658 Gflops/s) - 703 (772956 Gflops/s) - 703 (772956 Gflops/s) - 700 (769658 Gflops/s) - 700 (769658 Gflops/s) - 698 (767459 Gflops/s) - 698 (767459 Gflops/s) - 696 (765260 Gflops/s) | Temperatures: 64°C - 66°C - 73°C - 70°C - 66°C - 66°C - 73°C - 71°C | Throttling: None - None - None - None - None - None - None - None
701 (770757 Gflops/s) - 705 (775155 Gflops/s) - 703 (772956 Gflops/s) - 702 (771857 Gflops/s) - 700 (769658 Gflops/s) - 700 (769658 Gflops/s) - 698 (767459 Gflops/s) - 697 (766359 Gflops/s) | Temperatures: 64°C - 66°C - 73°C - 70°C - 66°C - 66°C - 73°C - 71°C | Throttling: None - None - None - None - None - None - None - None
700 (769658 Gflops/s) - 704 (774056 Gflops/s) - 702 (771857 Gflops/s) - 701 (770757 Gflops/s) - 700 (769658 Gflops/s) - 699 (768558 Gflops/s) - 698 (767459 Gflops/s) - 697 (766359 Gflops/s) | Temperatures: 64°C - 66°C - 73°C - 70°C - 66°C - 66°C - 74°C - 71°C | Throttling: None - None - None - None - None - None - None - None
701 (770757 Gflops/s) - 705 (775155 Gflops/s) - 703 (772956 Gflops/s) - 700 (769658 Gflops/s) - 700 (769658 Gflops/s) - 700 (769658 Gflops/s) - 698 (767459 Gflops/s) - 697 (766359 Gflops/s) | Temperatures: 64°C - 66°C - 73°C - 70°C - 66°C - 66°C - 74°C - 71°C | Throttling: None - None - None - None - None - None - None - None
701 (770757 Gflops/s) - 704 (774056 Gflops/s) - 703 (772956 Gflops/s) - 701 (770757 Gflops/s) - 700 (769658 Gflops/s) - 699 (768558 Gflops/s) - 698 (767459 Gflops/s) - 697 (766359 Gflops/s) | Temperatures: 64°C - 66°C - 73°C - 70°C - 66°C - 66°C - 73°C - 71°C | Throttling: None - None - None - None - None - None - None - None
701 (770757 Gflops/s) - 704 (774056 Gflops/s) - 703 (772956 Gflops/s) - 702 (771857 Gflops/s) - 701 (770757 Gflops/s) - 713 (783951 Gflops/s) - 699 (768558 Gflops/s) - 697 (766359 Gflops/s) | Temperatures: 64°C - 66°C - 73°C - 70°C - 66°C - 66°C - 73°C - 71°C | Throttling: None - None - None - None - None - None - None - None
701 (770757 Gflops/s) - 705 (775155 Gflops/s) - 704 (774056 Gflops/s) - 702 (771857 Gflops/s) - 699 (768558 Gflops/s) - 686 (754264 Gflops/s) - 699 (768558 Gflops/s) - 698 (767459 Gflops/s) | Temperatures: 64°C - 66°C - 73°C - 70°C - 66°C - 66°C - 74°C - 71°C | Throttling: None - None - None - None - None - None - None - None
701 (770757 Gflops/s) - 704 (774056 Gflops/s) - 702 (771857 Gflops/s) - 700 (769658 Gflops/s) - 700 (769658 Gflops/s) - 699 (768558 Gflops/s) - 698 (767459 Gflops/s) - 696 (765260 Gflops/s) | Temperatures: 64°C - 66°C - 73°C - 70°C - 66°C - 66°C - 73°C - 71°C | Throttling: None - None - None - None - None - None - None - None
702 (771857 Gflops/s) - 704 (774056 Gflops/s) - 702 (771857 Gflops/s) - 700 (769658 Gflops/s) - 700 (769658 Gflops/s) - 700 (769658 Gflops/s) - 698 (767459 Gflops/s) - 697 (766359 Gflops/s) | Temperatures: 64°C - 66°C - 73°C - 70°C - 66°C - 66°C - 73°C - 71°C | Throttling: None - None - None - None - None - None - None - None
701 (770757 Gflops/s) - 706 (776255 Gflops/s) - 704 (774056 Gflops/s) - 702 (771857 Gflops/s) - 700 (769658 Gflops/s) - 699 (768558 Gflops/s) - 698 (767459 Gflops/s) - 696 (765260 Gflops/s) | Temperatures: 64°C - 66°C - 73°C - 70°C - 66°C - 65°C - 73°C - 71°C | Throttling: None - None - None - None - None - None - None - None
701 (770757 Gflops/s) - 704 (774056 Gflops/s) - 703 (772956 Gflops/s) - 701 (770757 Gflops/s) - 700 (769658 Gflops/s) - 700 (769658 Gflops/s) - 699 (768558 Gflops/s) - 697 (766359 Gflops/s) | Temperatures: 64°C - 66°C - 73°C - 70°C - 66°C - 66°C - 73°C - 71°C | Throttling: None - None - None - None - None - None - None - None
701 (770757 Gflops/s) - 705 (775155 Gflops/s) - 703 (772956 Gflops/s) - 702 (771857 Gflops/s) - 701 (770757 Gflops/s) - 699 (768558 Gflops/s) - 698 (767459 Gflops/s) - 697 (766359 Gflops/s) | Temperatures: 64°C - 66°C - 73°C - 70°C - 66°C - 65°C - 73°C - 71°C | Throttling: None - None - None - None - None - None - None - None
701 (770757 Gflops/s) - 704 (774056 Gflops/s) - 703 (772956 Gflops/s) - 701 (770757 Gflops/s) - 700 (769658 Gflops/s) - 700 (769658 Gflops/s) - 698 (767459 Gflops/s) - 697 (766359 Gflops/s) | Temperatures: 64°C - 66°C - 73°C - 70°C - 66°C - 65°C - 73°C - 71°C | Throttling: None - None - None - None - None - None - None - None
701 (770757 Gflops/s) - 704 (774056 Gflops/s) - 709 (779553 Gflops/s) - 702 (771857 Gflops/s) - 700 (769658 Gflops/s) - 699 (768558 Gflops/s) - 699 (768558 Gflops/s) - 697 (766359 Gflops/s) | Temperatures: 64°C - 66°C - 73°C - 70°C - 66°C - 65°C - 73°C - 71°C | Throttling: None - None - None - None - None - None - None - None
701 (770757 Gflops/s) - 705 (775155 Gflops/s) - 696 (765260 Gflops/s) - 701 (770757 Gflops/s) - 701 (770757 Gflops/s) - 699 (768558 Gflops/s) - 698 (767459 Gflops/s) - 697 (766359 Gflops/s) | Temperatures: 64°C - 66°C - 73°C - 70°C - 66°C - 65°C - 73°C - 71°C | Throttling: None - None - None - None - None - None - None - None
701 (770757 Gflops/s) - 704 (774056 Gflops/s) - 702 (771857 Gflops/s) - 700 (769658 Gflops/s) - 699 (768558 Gflops/s) - 699 (768558 Gflops/s) - 698 (767459 Gflops/s) - 697 (766359 Gflops/s) | Temperatures: 64°C - 66°C - 73°C - 70°C - 66°C - 66°C - 73°C - 71°C | Throttling: None - None - None - None - None - None - None - None
701 (770757 Gflops/s) - 704 (774056 Gflops/s) - 703 (772956 Gflops/s) - 702 (771857 Gflops/s) - 700 (769658 Gflops/s) - 699 (768558 Gflops/s) - 698 (767459 Gflops/s) - 697 (766359 Gflops/s) | Temperatures: 64°C - 66°C - 73°C - 70°C - 66°C - 65°C - 73°C - 71°C | Throttling: None - None - None - None - None - None - None - None
701 (770757 Gflops/s) - 705 (775155 Gflops/s) - 704 (774056 Gflops/s) - 701 (770757 Gflops/s) - 700 (769658 Gflops/s) - 703 (772956 Gflops/s) - 699 (768558 Gflops/s) - 698 (767459 Gflops/s) | Temperatures: 64°C - 66°C - 73°C - 70°C - 66°C - 65°C - 73°C - 71°C | Throttling: None - None - None - None - None - None - None - None
702 (771857 Gflops/s) - 704 (774056 Gflops/s) - 703 (772956 Gflops/s) - 702 (771857 Gflops/s) - 700 (769658 Gflops/s) - 696 (765260 Gflops/s) - 698 (767459 Gflops/s) - 697 (766359 Gflops/s) | Temperatures: 64°C - 66°C - 73°C - 70°C - 66°C - 65°C - 73°C - 71°C | Throttling: None - None - None - None - None - None - None - None
701 (770757 Gflops/s) - 705 (775155 Gflops/s) - 703 (772956 Gflops/s) - 701 (770757 Gflops/s) - 700 (769658 Gflops/s) - 700 (769658 Gflops/s) - 699 (768558 Gflops/s) - 697 (766359 Gflops/s) | Temperatures: 64°C - 66°C - 73°C - 70°C - 66°C - 65°C - 73°C - 71°C | Throttling: None - None - None - None - None - None - None - None
700 (769658 Gflops/s) - 704 (774056 Gflops/s) - 704 (774056 Gflops/s) - 701 (770757 Gflops/s) - 701 (770757 Gflops/s) - 700 (769658 Gflops/s) - 698 (767459 Gflops/s) - 698 (767459 Gflops/s) | Temperatures: 64°C - 66°C - 73°C - 70°C - 66°C - 65°C - 73°C - 71°C | Throttling: None - None - None - None - None - None - None - None
702 (771857 Gflops/s) - 704 (774056 Gflops/s) - 703 (772956 Gflops/s) - 701 (770757 Gflops/s) - 701 (770757 Gflops/s) - 699 (768558 Gflops/s) - 698 (767459 Gflops/s) - 697 (766359 Gflops/s) | Temperatures: 64°C - 66°C - 73°C - 70°C - 66°C - 65°C - 73°C - 71°C | Throttling: None - None - None - None - None - None - None - None
700 (769658 Gflops/s) - 704 (774056 Gflops/s) - 702 (771857 Gflops/s) - 700 (769658 Gflops/s) - 698 (767459 Gflops/s) - 699 (768558 Gflops/s) - 699 (768558 Gflops/s) - 696 (765260 Gflops/s) | Temperatures: 64°C - 66°C - 73°C - 70°C - 66°C - 65°C - 73°C - 71°C | Throttling: None - None - None - None - None - None - None - None
701 (770757 Gflops/s) - 705 (775155 Gflops/s) - 704 (774056 Gflops/s) - 702 (771857 Gflops/s) - 700 (769658 Gflops/s) - 700 (769658 Gflops/s) - 699 (768558 Gflops/s) - 697 (766359 Gflops/s) | Temperatures: 64°C - 66°C - 73°C - 70°C - 66°C - 66°C - 73°C - 71°C | Throttling: None - None - None - None - None - None - None - None
702 (771857 Gflops/s) - 704 (774056 Gflops/s) - 704 (774056 Gflops/s) - 702 (771857 Gflops/s) - 700 (769658 Gflops/s) - 700 (769658 Gflops/s) - 698 (767459 Gflops/s) - 697 (766359 Gflops/s) | Temperatures: 64°C - 66°C - 73°C - 70°C - 66°C - 66°C - 73°C - 71°C | Throttling: None - None - None - None - None - None - None - None
701 (770757 Gflops/s) - 711 (781752 Gflops/s) - 703 (772956 Gflops/s) - 701 (770757 Gflops/s) - 700 (769658 Gflops/s) - 699 (768558 Gflops/s) - 699 (768558 Gflops/s) - 697 (766359 Gflops/s) | Temperatures: 64°C - 66°C - 73°C - 70°C - 66°C - 66°C - 73°C - 71°C | Throttling: None - None - None - None - None - None - None - None
700 (769658 Gflops/s) - 698 (767459 Gflops/s) - 713 (783951 Gflops/s) - 701 (770757 Gflops/s) - 700 (769658 Gflops/s) - 699 (768558 Gflops/s) - 698 (767459 Gflops/s) - 698 (767459 Gflops/s) | Temperatures: 64°C - 66°C - 73°C - 70°C - 66°C - 66°C - 73°C - 71°C | Throttling: None - None - None - None - None - None - None - None
701 (770757 Gflops/s) - 704 (774056 Gflops/s) - 693 (761961 Gflops/s) - 700 (769658 Gflops/s) - 700 (769658 Gflops/s) - 699 (768558 Gflops/s) - 698 (767459 Gflops/s) - 697 (766359 Gflops/s) | Temperatures: 65°C - 66°C - 73°C - 70°C - 66°C - 66°C - 73°C - 71°C | Throttling: None - None - None - None - None - None - None - None
701 (770757 Gflops/s) - 705 (775155 Gflops/s) - 704 (774056 Gflops/s) - 701 (770757 Gflops/s) - 700 (769658 Gflops/s) - 699 (768558 Gflops/s) - 698 (767459 Gflops/s) - 696 (765260 Gflops/s) | Temperatures: 65°C - 66°C - 73°C - 70°C - 66°C - 66°C - 74°C - 71°C | Throttling: None - None - None - None - None - None - None - None
701 (770757 Gflops/s) - 704 (774056 Gflops/s) - 702 (771857 Gflops/s) - 701 (770757 Gflops/s) - 700 (769658 Gflops/s) - 700 (769658 Gflops/s) - 699 (768558 Gflops/s) - 697 (766359 Gflops/s) | Temperatures: 65°C - 66°C - 73°C - 70°C - 67°C - 66°C - 74°C - 71°C | Throttling: None - None - None - None - None - None - None - None
700 (769658 Gflops/s) - 703 (772956 Gflops/s) - 702 (771857 Gflops/s) - 700 (769658 Gflops/s) - 700 (769658 Gflops/s) - 698 (767459 Gflops/s) - 698 (767459 Gflops/s) - 699 (768558 Gflops/s) | Temperatures: 65°C - 66°C - 73°C - 70°C - 67°C - 66°C - 74°C - 71°C | Throttling: None - None - None - None - None - None - None - None
700 (769658 Gflops/s) - 705 (775155 Gflops/s) - 703 (772956 Gflops/s) - 701 (770757 Gflops/s) - 699 (768558 Gflops/s) - 699 (768558 Gflops/s) - 698 (767459 Gflops/s) - 694 (763061 Gflops/s) | Temperatures: 65°C - 66°C - 74°C - 70°C - 67°C - 66°C - 74°C - 71°C | Throttling: None - None - None - None - None - None - None - None
701 (770757 Gflops/s) - 704 (774056 Gflops/s) - 702 (771857 Gflops/s) - 701 (770757 Gflops/s) - 700 (769658 Gflops/s) - 699 (768558 Gflops/s) - 699 (768558 Gflops/s) - 696 (765260 Gflops/s) | Temperatures: 65°C - 66°C - 74°C - 70°C - 67°C - 66°C - 74°C - 71°C | Throttling: None - None - None - None - None - None - None - None
701 (770757 Gflops/s) - 704 (774056 Gflops/s) - 702 (771857 Gflops/s) - 700 (769658 Gflops/s) - 700 (769658 Gflops/s) - 699 (768558 Gflops/s) - 698 (767459 Gflops/s) - 696 (765260 Gflops/s) | Temperatures: 65°C - 66°C - 74°C - 70°C - 67°C - 66°C - 74°C - 71°C | Throttling: None - None - None - None - None - None - None - None
699 (768558 Gflops/s) - 704 (774056 Gflops/s) - 703 (772956 Gflops/s) - 700 (769658 Gflops/s) - 700 (769658 Gflops/s) - 699 (768558 Gflops/s) - 698 (767459 Gflops/s) - 696 (765260 Gflops/s) | Temperatures: 65°C - 66°C - 74°C - 71°C - 67°C - 66°C - 74°C - 71°C | Throttling: None - None - None - None - None - None - None - None
701 (770757 Gflops/s) - 425 (467292 Gflops/s) - 383 (421112 Gflops/s) - 701 (770757 Gflops/s) - 700 (769658 Gflops/s) - 581 (638816 Gflops/s) - 498 (547556 Gflops/s) - 664 (730075 Gflops/s) | Temperatures: 65°C - 66°C - 74°C - 70°C - 67°C - 66°C - 74°C - 71°C | Throttling: None - None - None - None - None - None - None - None
GPU #0: 774367 Gflops/s (min: 766359.60, max: 786150.81, dev: 2460.74)
         Temperature: 65.84°C (min: 62.00, max: 69.00)
         Throttling HW: false, Thermal SW: false, Thermal HW: false
GPU #1: 772740 Gflops/s (min: 467292.44, max: 791648.37, dev: 18084.23)
         Temperature: 67.10°C (min: 63.00, max: 70.00)
         Throttling HW: false, Thermal SW: false, Thermal HW: false
GPU #2: 773293 Gflops/s (min: 421112.95, max: 787250.33, dev: 20795.45)
         Temperature: 74.40°C (min: 67.00, max: 76.00)
         Throttling HW: false, Thermal SW: false, Thermal HW: false
GPU #3: 769007 Gflops/s (min: 749866.93, max: 788349.84, dev: 3712.83)
         Temperature: 71.20°C (min: 65.00, max: 73.00)
         Throttling HW: false, Thermal SW: false, Thermal HW: false
GPU #4: 768181 Gflops/s (min: 754264.98, max: 785051.30, dev: 2606.28)
         Temperature: 67.62°C (min: 63.00, max: 70.00)
         Throttling HW: false, Thermal SW: false, Thermal HW: false
GPU #5: 766988 Gflops/s (min: 638816.26, max: 783951.79, dev: 7965.55)
         Temperature: 66.94°C (min: 63.00, max: 69.00)
         Throttling HW: false, Thermal SW: false, Thermal HW: false
GPU #6: 769221 Gflops/s (min: 547556.79, max: 791648.37, dev: 13424.85)
         Temperature: 74.49°C (min: 67.00, max: 77.00)
         Throttling HW: false, Thermal SW: false, Thermal HW: false
GPU #7: 764815 Gflops/s (min: 730075.72, max: 781752.77, dev: 3982.95)
         Temperature: 71.99°C (min: 66.00, max: 74.00)
         Throttling HW: false, Thermal SW: false, Thermal HW: false
All GPUs seem healthy
Freeing GPUs...
======== Run with bf16 ==========
Detected GPU #0: "NVIDIA B200" (15c6907a-3257-6d1b-9205-14cab7beb197)
Detected GPU #1: "NVIDIA B200" (c5cbff28-cb09-5f76-7a3d-0398f1096ade)
Detected GPU #2: "NVIDIA B200" (deefc4c7-5feb-477f-2413-7c400bbc55ac)
Detected GPU #3: "NVIDIA B200" (c1c2412e-0ed4-051f-4228-31c148755569)
Detected GPU #4: "NVIDIA B200" (e73041b1-9357-0d9b-baea-a1971d9a3b82)
Detected GPU #5: "NVIDIA B200" (beb74990-ef7a-90c9-2cfc-e112f092313a)
Detected GPU #6: "NVIDIA B200" (9e9441ed-0bb7-acfd-2a5a-0c93ff5fda4d)
Detected GPU #7: "NVIDIA B200" (6277efc9-d675-75a8-6a5e-7a78d765f287)
Using precision(s):  BF16 
GPU #0: Using 163800 MB
GPU #1: Using 163800 MB
GPU #2: Using 163800 MB
GPU #3: Using 163800 MB
GPU #4: Using 163800 MB
GPU #5: Using 163800 MB
GPU #6: Using 163800 MB
GPU #7: Using 163800 MB
Creating random matrices
Matrices created
2182 (2399134 Gflops/s) - 1879 (2065982 Gflops/s) - 1789 (1967026 Gflops/s) - 1810 (1990116 Gflops/s) - 1733 (1905453 Gflops/s) - 1674 (1840582 Gflops/s) - 1669 (1835084 Gflops/s) - 1713 (1883463 Gflops/s) | Temperatures: 58°C - 59°C - 63°C - 60°C - 59°C - 57°C - 62°C - 60°C | Throttling: None - None - None - None - None - None - None - None
1378 (1515127 Gflops/s) - 1367 (1503032 Gflops/s) - 1381 (1518425 Gflops/s) - 1369 (1505231 Gflops/s) - 1371 (1507430 Gflops/s) - 1349 (1483241 Gflops/s) - 1362 (1497534 Gflops/s) - 1361 (1496435 Gflops/s) | Temperatures: 61°C - 62°C - 66°C - 63°C - 62°C - 61°C - 65°C - 64°C | Throttling: None - None - None - None - None - None - None - None
1377 (1514027 Gflops/s) - 1370 (1506330 Gflops/s) - 1387 (1525022 Gflops/s) - 1363 (1498634 Gflops/s) - 1364 (1499733 Gflops/s) - 1356 (1490937 Gflops/s) - 1380 (1517326 Gflops/s) - 1366 (1501932 Gflops/s) | Temperatures: 63°C - 63°C - 68°C - 65°C - 63°C - 63°C - 68°C - 66°C | Throttling: None - None - None - None - None - None - None - None
1375 (1511828 Gflops/s) - 1369 (1505231 Gflops/s) - 1386 (1523923 Gflops/s) - 1364 (1499733 Gflops/s) - 1364 (1499733 Gflops/s) - 1353 (1487639 Gflops/s) - 1377 (1514027 Gflops/s) - 1368 (1504131 Gflops/s) | Temperatures: 63°C - 64°C - 69°C - 66°C - 64°C - 64°C - 69°C - 67°C | Throttling: None - None - None - None - None - None - None - None
1367 (1503032 Gflops/s) - 1367 (1503032 Gflops/s) - 1383 (1520624 Gflops/s) - 1368 (1504131 Gflops/s) - 1359 (1494236 Gflops/s) - 1353 (1487639 Gflops/s) - 1373 (1509629 Gflops/s) - 1365 (1500833 Gflops/s) | Temperatures: 64°C - 65°C - 70°C - 67°C - 65°C - 64°C - 70°C - 68°C | Throttling: None - None - None - None - None - None - None - None
1370 (1506330 Gflops/s) - 1366 (1501932 Gflops/s) - 1379 (1516226 Gflops/s) - 1365 (1500833 Gflops/s) - 1361 (1496435 Gflops/s) - 1356 (1490937 Gflops/s) - 1374 (1510728 Gflops/s) - 1365 (1500833 Gflops/s) | Temperatures: 64°C - 65°C - 71°C - 68°C - 65°C - 65°C - 71°C - 69°C | Throttling: None - None - None - None - None - None - None - None
1364 (1499733 Gflops/s) - 1366 (1501932 Gflops/s) - 1378 (1515127 Gflops/s) - 1365 (1500833 Gflops/s) - 1366 (1501932 Gflops/s) - 1355 (1489838 Gflops/s) - 1372 (1508529 Gflops/s) - 1362 (1497534 Gflops/s) | Temperatures: 64°C - 65°C - 71°C - 68°C - 66°C - 65°C - 71°C - 69°C | Throttling: None - None - None - None - None - None - None - None
1366 (1501932 Gflops/s) - 1374 (1510728 Gflops/s) - 1380 (1517326 Gflops/s) - 1364 (1499733 Gflops/s) - 1363 (1498634 Gflops/s) - 1357 (1492037 Gflops/s) - 1370 (1506330 Gflops/s) - 1362 (1497534 Gflops/s) | Temperatures: 64°C - 65°C - 72°C - 69°C - 66°C - 65°C - 71°C - 70°C | Throttling: None - None - None - None - None - None - None - None
1366 (1501932 Gflops/s) - 1374 (1510728 Gflops/s) - 1378 (1515127 Gflops/s) - 1363 (1498634 Gflops/s) - 1366 (1501932 Gflops/s) - 1358 (1493136 Gflops/s) - 1367 (1503032 Gflops/s) - 1362 (1497534 Gflops/s) | Temperatures: 64°C - 66°C - 72°C - 69°C - 66°C - 65°C - 72°C - 70°C | Throttling: None - None - None - None - None - None - None - None
1365 (1500833 Gflops/s) - 1373 (1509629 Gflops/s) - 1377 (1514027 Gflops/s) - 1364 (1499733 Gflops/s) - 1362 (1497534 Gflops/s) - 1356 (1490937 Gflops/s) - 1369 (1505231 Gflops/s) - 1360 (1495335 Gflops/s) | Temperatures: 64°C - 66°C - 72°C - 69°C - 66°C - 65°C - 72°C - 70°C | Throttling: None - None - None - None - None - None - None - None
1370 (1506330 Gflops/s) - 1374 (1510728 Gflops/s) - 1377 (1514027 Gflops/s) - 1362 (1497534 Gflops/s) - 1361 (1496435 Gflops/s) - 1354 (1488738 Gflops/s) - 1362 (1497534 Gflops/s) - 1358 (1493136 Gflops/s) | Temperatures: 64°C - 66°C - 72°C - 69°C - 66°C - 65°C - 72°C - 70°C | Throttling: None - None - None - None - None - None - None - None
1372 (1508529 Gflops/s) - 1373 (1509629 Gflops/s) - 1378 (1515127 Gflops/s) - 1363 (1498634 Gflops/s) - 1364 (1499733 Gflops/s) - 1357 (1492037 Gflops/s) - 1366 (1501932 Gflops/s) - 1361 (1496435 Gflops/s) | Temperatures: 64°C - 66°C - 73°C - 69°C - 66°C - 65°C - 72°C - 70°C | Throttling: None - None - None - None - None - None - None - None
1370 (1506330 Gflops/s) - 1373 (1509629 Gflops/s) - 1376 (1512927 Gflops/s) - 1364 (1499733 Gflops/s) - 1366 (1501932 Gflops/s) - 1356 (1490937 Gflops/s) - 1364 (1499733 Gflops/s) - 1362 (1497534 Gflops/s) | Temperatures: 64°C - 66°C - 73°C - 69°C - 66°C - 65°C - 72°C - 70°C | Throttling: None - None - None - None - None - None - None - None
1370 (1506330 Gflops/s) - 1375 (1511828 Gflops/s) - 1374 (1510728 Gflops/s) - 1363 (1498634 Gflops/s) - 1365 (1500833 Gflops/s) - 1356 (1490937 Gflops/s) - 1362 (1497534 Gflops/s) - 1359 (1494236 Gflops/s) | Temperatures: 64°C - 66°C - 72°C - 69°C - 66°C - 65°C - 72°C - 70°C | Throttling: None - None - None - None - None - None - None - None
1369 (1505231 Gflops/s) - 1372 (1508529 Gflops/s) - 1376 (1512927 Gflops/s) - 1361 (1496435 Gflops/s) - 1363 (1498634 Gflops/s) - 1355 (1489838 Gflops/s) - 1361 (1496435 Gflops/s) - 1358 (1493136 Gflops/s) | Temperatures: 64°C - 65°C - 73°C - 69°C - 66°C - 65°C - 73°C - 70°C | Throttling: None - None - None - None - None - None - None - None
1372 (1508529 Gflops/s) - 1374 (1510728 Gflops/s) - 1376 (1512927 Gflops/s) - 1362 (1497534 Gflops/s) - 1365 (1500833 Gflops/s) - 1356 (1490937 Gflops/s) - 1359 (1494236 Gflops/s) - 1359 (1494236 Gflops/s) | Temperatures: 64°C - 65°C - 73°C - 69°C - 66°C - 65°C - 72°C - 70°C | Throttling: None - None - None - None - None - None - None - None
1371 (1507430 Gflops/s) - 1374 (1510728 Gflops/s) - 1376 (1512927 Gflops/s) - 1362 (1497534 Gflops/s) - 1363 (1498634 Gflops/s) - 1356 (1490937 Gflops/s) - 1363 (1498634 Gflops/s) - 1358 (1493136 Gflops/s) | Temperatures: 64°C - 65°C - 73°C - 69°C - 66°C - 65°C - 73°C - 70°C | Throttling: None - None - None - None - None - None - None - None
1371 (1507430 Gflops/s) - 1375 (1511828 Gflops/s) - 1375 (1511828 Gflops/s) - 1363 (1498634 Gflops/s) - 1364 (1499733 Gflops/s) - 1356 (1490937 Gflops/s) - 1361 (1496435 Gflops/s) - 1359 (1494236 Gflops/s) | Temperatures: 64°C - 65°C - 73°C - 69°C - 66°C - 65°C - 72°C - 70°C | Throttling: None - None - None - None - None - None - None - None
1369 (1505231 Gflops/s) - 1372 (1508529 Gflops/s) - 1374 (1510728 Gflops/s) - 1360 (1495335 Gflops/s) - 1364 (1499733 Gflops/s) - 1355 (1489838 Gflops/s) - 1363 (1498634 Gflops/s) - 1359 (1494236 Gflops/s) | Temperatures: 64°C - 65°C - 73°C - 69°C - 66°C - 65°C - 73°C - 70°C | Throttling: None - None - None - None - None - None - None - None
1371 (1507430 Gflops/s) - 1374 (1510728 Gflops/s) - 1375 (1511828 Gflops/s) - 1362 (1497534 Gflops/s) - 1364 (1499733 Gflops/s) - 1356 (1490937 Gflops/s) - 1362 (1497534 Gflops/s) - 1359 (1494236 Gflops/s) | Temperatures: 64°C - 65°C - 73°C - 69°C - 66°C - 65°C - 73°C - 70°C | Throttling: None - None - None - None - None - None - None - None
1372 (1508529 Gflops/s) - 1374 (1510728 Gflops/s) - 1374 (1510728 Gflops/s) - 1362 (1497534 Gflops/s) - 1364 (1499733 Gflops/s) - 1356 (1490937 Gflops/s) - 1360 (1495335 Gflops/s) - 1358 (1493136 Gflops/s) | Temperatures: 64°C - 65°C - 73°C - 69°C - 66°C - 65°C - 73°C - 70°C | Throttling: None - None - None - None - None - None - None - None
1370 (1506330 Gflops/s) - 1375 (1511828 Gflops/s) - 1375 (1511828 Gflops/s) - 1362 (1497534 Gflops/s) - 1362 (1497534 Gflops/s) - 1356 (1490937 Gflops/s) - 1361 (1496435 Gflops/s) - 1358 (1493136 Gflops/s) | Temperatures: 64°C - 66°C - 73°C - 70°C - 66°C - 65°C - 73°C - 70°C | Throttling: None - None - None - None - None - None - None - None
1370 (1506330 Gflops/s) - 1374 (1510728 Gflops/s) - 1375 (1511828 Gflops/s) - 1361 (1496435 Gflops/s) - 1363 (1498634 Gflops/s) - 1356 (1490937 Gflops/s) - 1361 (1496435 Gflops/s) - 1357 (1492037 Gflops/s) | Temperatures: 64°C - 65°C - 73°C - 69°C - 66°C - 65°C - 73°C - 70°C | Throttling: None - None - None - None - None - None - None - None
1369 (1505231 Gflops/s) - 1373 (1509629 Gflops/s) - 1371 (1507430 Gflops/s) - 1359 (1494236 Gflops/s) - 1359 (1494236 Gflops/s) - 1355 (1489838 Gflops/s) - 1359 (1494236 Gflops/s) - 1357 (1492037 Gflops/s) | Temperatures: 64°C - 66°C - 73°C - 70°C - 66°C - 65°C - 73°C - 70°C | Throttling: None - None - None - None - None - None - None - None
1370 (1506330 Gflops/s) - 1374 (1510728 Gflops/s) - 1374 (1510728 Gflops/s) - 1361 (1496435 Gflops/s) - 1362 (1497534 Gflops/s) - 1356 (1490937 Gflops/s) - 1358 (1493136 Gflops/s) - 1358 (1493136 Gflops/s) | Temperatures: 64°C - 66°C - 73°C - 70°C - 66°C - 65°C - 73°C - 70°C | Throttling: None - None - None - None - None - None - None - None
1371 (1507430 Gflops/s) - 1374 (1510728 Gflops/s) - 1375 (1511828 Gflops/s) - 1360 (1495335 Gflops/s) - 1361 (1496435 Gflops/s) - 1356 (1490937 Gflops/s) - 1358 (1493136 Gflops/s) - 1357 (1492037 Gflops/s) | Temperatures: 64°C - 66°C - 73°C - 70°C - 66°C - 65°C - 73°C - 71°C | Throttling: None - None - None - None - None - None - None - None
1371 (1507430 Gflops/s) - 1373 (1509629 Gflops/s) - 1372 (1508529 Gflops/s) - 1361 (1496435 Gflops/s) - 1364 (1499733 Gflops/s) - 1356 (1490937 Gflops/s) - 1359 (1494236 Gflops/s) - 1356 (1490937 Gflops/s) | Temperatures: 65°C - 66°C - 73°C - 70°C - 66°C - 65°C - 73°C - 71°C | Throttling: None - None - None - None - None - None - None - None
1368 (1504131 Gflops/s) - 1373 (1509629 Gflops/s) - 1372 (1508529 Gflops/s) - 1358 (1493136 Gflops/s) - 1360 (1495335 Gflops/s) - 1355 (1489838 Gflops/s) - 1358 (1493136 Gflops/s) - 1354 (1488738 Gflops/s) | Temperatures: 65°C - 66°C - 73°C - 70°C - 66°C - 66°C - 73°C - 71°C | Throttling: None - None - None - None - None - None - None - None
1370 (1506330 Gflops/s) - 1373 (1509629 Gflops/s) - 1374 (1510728 Gflops/s) - 1360 (1495335 Gflops/s) - 1362 (1497534 Gflops/s) - 1356 (1490937 Gflops/s) - 1357 (1492037 Gflops/s) - 1357 (1492037 Gflops/s) | Temperatures: 65°C - 66°C - 73°C - 70°C - 67°C - 66°C - 73°C - 71°C | Throttling: None - None - None - None - None - None - None - None
1370 (1506330 Gflops/s) - 1374 (1510728 Gflops/s) - 1374 (1510728 Gflops/s) - 1359 (1494236 Gflops/s) - 1362 (1497534 Gflops/s) - 1356 (1490937 Gflops/s) - 1360 (1495335 Gflops/s) - 1355 (1489838 Gflops/s) | Temperatures: 65°C - 66°C - 73°C - 70°C - 66°C - 66°C - 73°C - 71°C | Throttling: None - None - None - None - None - None - None - None
1369 (1505231 Gflops/s) - 1373 (1509629 Gflops/s) - 1373 (1509629 Gflops/s) - 1360 (1495335 Gflops/s) - 1358 (1493136 Gflops/s) - 1356 (1490937 Gflops/s) - 1357 (1492037 Gflops/s) - 1354 (1488738 Gflops/s) | Temperatures: 65°C - 66°C - 73°C - 70°C - 66°C - 66°C - 73°C - 71°C | Throttling: None - None - None - None - None - None - None - None
1368 (1504131 Gflops/s) - 1373 (1509629 Gflops/s) - 1372 (1508529 Gflops/s) - 1358 (1493136 Gflops/s) - 1364 (1499733 Gflops/s) - 1355 (1489838 Gflops/s) - 1356 (1490937 Gflops/s) - 1354 (1488738 Gflops/s) | Temperatures: 65°C - 66°C - 73°C - 70°C - 67°C - 66°C - 73°C - 71°C | Throttling: None - None - None - None - None - None - None - None
1368 (1504131 Gflops/s) - 1372 (1508529 Gflops/s) - 1372 (1508529 Gflops/s) - 1360 (1495335 Gflops/s) - 1362 (1497534 Gflops/s) - 1356 (1490937 Gflops/s) - 1357 (1492037 Gflops/s) - 1355 (1489838 Gflops/s) | Temperatures: 65°C - 66°C - 74°C - 70°C - 67°C - 66°C - 73°C - 71°C | Throttling: None - None - None - None - None - None - None - None
1369 (1505231 Gflops/s) - 1374 (1510728 Gflops/s) - 1373 (1509629 Gflops/s) - 1360 (1495335 Gflops/s) - 1361 (1496435 Gflops/s) - 1356 (1490937 Gflops/s) - 1356 (1490937 Gflops/s) - 1354 (1488738 Gflops/s) | Temperatures: 65°C - 66°C - 73°C - 70°C - 67°C - 66°C - 73°C - 71°C | Throttling: None - None - None - None - None - None - None - None
1369 (1505231 Gflops/s) - 1373 (1509629 Gflops/s) - 1375 (1511828 Gflops/s) - 1359 (1494236 Gflops/s) - 1361 (1496435 Gflops/s) - 1356 (1490937 Gflops/s) - 1356 (1490937 Gflops/s) - 1355 (1489838 Gflops/s) | Temperatures: 65°C - 66°C - 74°C - 70°C - 67°C - 66°C - 73°C - 71°C | Throttling: None - None - None - None - None - None - None - None
1373 (1509629 Gflops/s) - 1372 (1508529 Gflops/s) - 1371 (1507430 Gflops/s) - 1359 (1494236 Gflops/s) - 1361 (1496435 Gflops/s) - 1356 (1490937 Gflops/s) - 1356 (1490937 Gflops/s) - 1354 (1488738 Gflops/s) | Temperatures: 65°C - 66°C - 74°C - 70°C - 67°C - 66°C - 73°C - 71°C | Throttling: None - None - None - None - None - None - None - None
1372 (1508529 Gflops/s) - 1373 (1509629 Gflops/s) - 1370 (1506330 Gflops/s) - 1357 (1492037 Gflops/s) - 1360 (1495335 Gflops/s) - 1355 (1489838 Gflops/s) - 1355 (1489838 Gflops/s) - 1353 (1487639 Gflops/s) | Temperatures: 65°C - 66°C - 74°C - 70°C - 67°C - 66°C - 74°C - 71°C | Throttling: None - None - None - None - None - None - None - None
1373 (1509629 Gflops/s) - 1373 (1509629 Gflops/s) - 1371 (1507430 Gflops/s) - 1360 (1495335 Gflops/s) - 1361 (1496435 Gflops/s) - 1356 (1490937 Gflops/s) - 1356 (1490937 Gflops/s) - 1354 (1488738 Gflops/s) | Temperatures: 65°C - 66°C - 74°C - 70°C - 67°C - 66°C - 74°C - 71°C | Throttling: None - None - None - None - None - None - None - None
1372 (1508529 Gflops/s) - 1371 (1507430 Gflops/s) - 1373 (1509629 Gflops/s) - 1359 (1494236 Gflops/s) - 1358 (1493136 Gflops/s) - 1357 (1492037 Gflops/s) - 1356 (1490937 Gflops/s) - 1354 (1488738 Gflops/s) | Temperatures: 65°C - 67°C - 74°C - 70°C - 67°C - 66°C - 74°C - 71°C | Throttling: None - None - None - None - None - None - None - None
1373 (1509629 Gflops/s) - 1371 (1507430 Gflops/s) - 1372 (1508529 Gflops/s) - 1358 (1493136 Gflops/s) - 1357 (1492037 Gflops/s) - 1355 (1489838 Gflops/s) - 1356 (1490937 Gflops/s) - 1352 (1486539 Gflops/s) | Temperatures: 65°C - 66°C - 74°C - 71°C - 67°C - 66°C - 74°C - 71°C | Throttling: None - None - None - None - None - None - None - None
1371 (1507430 Gflops/s) - 1372 (1508529 Gflops/s) - 1370 (1506330 Gflops/s) - 1357 (1492037 Gflops/s) - 1359 (1494236 Gflops/s) - 1355 (1489838 Gflops/s) - 1354 (1488738 Gflops/s) - 1353 (1487639 Gflops/s) | Temperatures: 65°C - 67°C - 74°C - 71°C - 67°C - 66°C - 74°C - 71°C | Throttling: None - None - None - None - None - None - None - None
1372 (1508529 Gflops/s) - 1373 (1509629 Gflops/s) - 1373 (1509629 Gflops/s) - 1358 (1493136 Gflops/s) - 1359 (1494236 Gflops/s) - 1356 (1490937 Gflops/s) - 1356 (1490937 Gflops/s) - 1353 (1487639 Gflops/s) | Temperatures: 65°C - 67°C - 74°C - 71°C - 67°C - 66°C - 74°C - 71°C | Throttling: None - None - None - None - None - None - None - None
1373 (1509629 Gflops/s) - 1374 (1510728 Gflops/s) - 1372 (1508529 Gflops/s) - 1358 (1493136 Gflops/s) - 1360 (1495335 Gflops/s) - 1356 (1490937 Gflops/s) - 1356 (1490937 Gflops/s) - 1353 (1487639 Gflops/s) | Temperatures: 65°C - 67°C - 74°C - 70°C - 67°C - 66°C - 74°C - 71°C | Throttling: None - None - None - None - None - None - None - None
1373 (1509629 Gflops/s) - 1372 (1508529 Gflops/s) - 1370 (1506330 Gflops/s) - 1357 (1492037 Gflops/s) - 1360 (1495335 Gflops/s) - 1356 (1490937 Gflops/s) - 1356 (1490937 Gflops/s) - 1354 (1488738 Gflops/s) | Temperatures: 65°C - 67°C - 74°C - 71°C - 67°C - 66°C - 74°C - 71°C | Throttling: None - None - None - None - None - None - None - None
1372 (1508529 Gflops/s) - 1370 (1506330 Gflops/s) - 1370 (1506330 Gflops/s) - 1357 (1492037 Gflops/s) - 1359 (1494236 Gflops/s) - 1355 (1489838 Gflops/s) - 1355 (1489838 Gflops/s) - 1353 (1487639 Gflops/s) | Temperatures: 65°C - 67°C - 74°C - 71°C - 67°C - 66°C - 74°C - 71°C | Throttling: None - None - None - None - None - None - None - None
1373 (1509629 Gflops/s) - 1371 (1507430 Gflops/s) - 1371 (1507430 Gflops/s) - 1359 (1494236 Gflops/s) - 1359 (1494236 Gflops/s) - 1356 (1490937 Gflops/s) - 1356 (1490937 Gflops/s) - 1353 (1487639 Gflops/s) | Temperatures: 65°C - 67°C - 74°C - 71°C - 67°C - 66°C - 74°C - 71°C | Throttling: None - None - None - None - None - None - None - None
1373 (1509629 Gflops/s) - 1374 (1510728 Gflops/s) - 1371 (1507430 Gflops/s) - 1357 (1492037 Gflops/s) - 1357 (1492037 Gflops/s) - 1356 (1490937 Gflops/s) - 1355 (1489838 Gflops/s) - 1354 (1488738 Gflops/s) | Temperatures: 65°C - 67°C - 74°C - 71°C - 67°C - 66°C - 74°C - 71°C | Throttling: None - None - None - None - None - None - None - None
1372 (1508529 Gflops/s) - 1372 (1508529 Gflops/s) - 1371 (1507430 Gflops/s) - 1359 (1494236 Gflops/s) - 1359 (1494236 Gflops/s) - 1356 (1490937 Gflops/s) - 1356 (1490937 Gflops/s) - 1354 (1488738 Gflops/s) | Temperatures: 65°C - 67°C - 74°C - 71°C - 67°C - 66°C - 74°C - 71°C | Throttling: None - None - None - None - None - None - None - None
1373 (1509629 Gflops/s) - 1373 (1509629 Gflops/s) - 1372 (1508529 Gflops/s) - 1357 (1492037 Gflops/s) - 1361 (1496435 Gflops/s) - 1356 (1490937 Gflops/s) - 1356 (1490937 Gflops/s) - 1354 (1488738 Gflops/s) | Temperatures: 65°C - 67°C - 74°C - 71°C - 67°C - 66°C - 74°C - 71°C | Throttling: None - None - None - None - None - None - None - None
1371 (1507430 Gflops/s) - 1373 (1509629 Gflops/s) - 1371 (1507430 Gflops/s) - 1357 (1492037 Gflops/s) - 1355 (1489838 Gflops/s) - 1355 (1489838 Gflops/s) - 1355 (1489838 Gflops/s) - 1353 (1487639 Gflops/s) | Temperatures: 65°C - 67°C - 74°C - 71°C - 67°C - 66°C - 74°C - 72°C | Throttling: None - None - None - None - None - None - None - None
1374 (1510728 Gflops/s) - 1373 (1509629 Gflops/s) - 1372 (1508529 Gflops/s) - 1359 (1494236 Gflops/s) - 1359 (1494236 Gflops/s) - 1356 (1490937 Gflops/s) - 1356 (1490937 Gflops/s) - 1354 (1488738 Gflops/s) | Temperatures: 66°C - 67°C - 74°C - 71°C - 67°C - 67°C - 74°C - 72°C | Throttling: None - None - None - None - None - None - None - None
1374 (1510728 Gflops/s) - 1372 (1508529 Gflops/s) - 1370 (1506330 Gflops/s) - 1357 (1492037 Gflops/s) - 1359 (1494236 Gflops/s) - 1355 (1489838 Gflops/s) - 1356 (1490937 Gflops/s) - 1354 (1488738 Gflops/s) | Temperatures: 66°C - 67°C - 74°C - 71°C - 67°C - 66°C - 74°C - 72°C | Throttling: None - None - None - None - None - None - None - None
1373 (1509629 Gflops/s) - 1373 (1509629 Gflops/s) - 1371 (1507430 Gflops/s) - 1358 (1493136 Gflops/s) - 1357 (1492037 Gflops/s) - 1355 (1489838 Gflops/s) - 1356 (1490937 Gflops/s) - 1354 (1488738 Gflops/s) | Temperatures: 65°C - 67°C - 74°C - 71°C - 67°C - 67°C - 74°C - 72°C | Throttling: None - None - None - None - None - None - None - None
1372 (1508529 Gflops/s) - 1371 (1507430 Gflops/s) - 1370 (1506330 Gflops/s) - 1356 (1490937 Gflops/s) - 1359 (1494236 Gflops/s) - 1355 (1489838 Gflops/s) - 1355 (1489838 Gflops/s) - 1352 (1486539 Gflops/s) | Temperatures: 65°C - 67°C - 74°C - 71°C - 67°C - 66°C - 74°C - 72°C | Throttling: None - None - None - None - None - None - None - None
1373 (1509629 Gflops/s) - 1371 (1507430 Gflops/s) - 1371 (1507430 Gflops/s) - 1357 (1492037 Gflops/s) - 1360 (1495335 Gflops/s) - 1356 (1490937 Gflops/s) - 1356 (1490937 Gflops/s) - 1353 (1487639 Gflops/s) | Temperatures: 66°C - 67°C - 74°C - 71°C - 67°C - 66°C - 74°C - 72°C | Throttling: None - None - None - None - None - None - None - None
1373 (1509629 Gflops/s) - 1372 (1508529 Gflops/s) - 1371 (1507430 Gflops/s) - 1357 (1492037 Gflops/s) - 1358 (1493136 Gflops/s) - 1356 (1490937 Gflops/s) - 1355 (1489838 Gflops/s) - 1353 (1487639 Gflops/s) | Temperatures: 65°C - 67°C - 74°C - 71°C - 67°C - 67°C - 74°C - 72°C | Throttling: None - None - None - None - None - None - None - None
1373 (1509629 Gflops/s) - 1373 (1509629 Gflops/s) - 1371 (1507430 Gflops/s) - 1357 (1492037 Gflops/s) - 1358 (1493136 Gflops/s) - 1356 (1490937 Gflops/s) - 1355 (1489838 Gflops/s) - 1354 (1488738 Gflops/s) | Temperatures: 66°C - 67°C - 74°C - 71°C - 67°C - 67°C - 74°C - 72°C | Throttling: None - None - None - None - None - None - None - None
1373 (1509629 Gflops/s) - 1373 (1509629 Gflops/s) - 1371 (1507430 Gflops/s) - 1356 (1490937 Gflops/s) - 1357 (1492037 Gflops/s) - 1355 (1489838 Gflops/s) - 1354 (1488738 Gflops/s) - 1352 (1486539 Gflops/s) | Temperatures: 66°C - 67°C - 74°C - 71°C - 67°C - 67°C - 74°C - 72°C | Throttling: None - None - None - None - None - None - None - None
1373 (1509629 Gflops/s) - 1373 (1509629 Gflops/s) - 1371 (1507430 Gflops/s) - 1356 (1490937 Gflops/s) - 1358 (1493136 Gflops/s) - 1356 (1490937 Gflops/s) - 1355 (1489838 Gflops/s) - 1353 (1487639 Gflops/s) | Temperatures: 66°C - 67°C - 74°C - 71°C - 67°C - 67°C - 74°C - 72°C | Throttling: None - None - None - None - None - None - None - None
1373 (1509629 Gflops/s) - 1374 (1510728 Gflops/s) - 1370 (1506330 Gflops/s) - 1357 (1492037 Gflops/s) - 1357 (1492037 Gflops/s) - 1356 (1490937 Gflops/s) - 1355 (1489838 Gflops/s) - 1353 (1487639 Gflops/s) | Temperatures: 66°C - 67°C - 74°C - 71°C - 68°C - 67°C - 74°C - 72°C | Throttling: None - None - None - None - None - None - None - None
1374 (1510728 Gflops/s) - 1373 (1509629 Gflops/s) - 1369 (1505231 Gflops/s) - 1356 (1490937 Gflops/s) - 1358 (1493136 Gflops/s) - 1355 (1489838 Gflops/s) - 1356 (1490937 Gflops/s) - 1354 (1488738 Gflops/s) | Temperatures: 66°C - 67°C - 74°C - 71°C - 67°C - 67°C - 74°C - 72°C | Throttling: None - None - None - None - None - None - None - None
1372 (1508529 Gflops/s) - 1371 (1507430 Gflops/s) - 1372 (1508529 Gflops/s) - 1357 (1492037 Gflops/s) - 1357 (1492037 Gflops/s) - 1355 (1489838 Gflops/s) - 1355 (1489838 Gflops/s) - 1353 (1487639 Gflops/s) | Temperatures: 66°C - 67°C - 74°C - 71°C - 67°C - 67°C - 74°C - 72°C | Throttling: None - None - None - None - None - None - None - None
1373 (1509629 Gflops/s) - 1370 (1506330 Gflops/s) - 1369 (1505231 Gflops/s) - 1355 (1489838 Gflops/s) - 1360 (1495335 Gflops/s) - 1354 (1488738 Gflops/s) - 1354 (1488738 Gflops/s) - 1352 (1486539 Gflops/s) | Temperatures: 66°C - 67°C - 74°C - 71°C - 67°C - 67°C - 74°C - 72°C | Throttling: None - None - None - None - None - None - None - None
1373 (1509629 Gflops/s) - 1374 (1510728 Gflops/s) - 1370 (1506330 Gflops/s) - 1357 (1492037 Gflops/s) - 1359 (1494236 Gflops/s) - 1357 (1492037 Gflops/s) - 1355 (1489838 Gflops/s) - 1353 (1487639 Gflops/s) | Temperatures: 66°C - 67°C - 74°C - 71°C - 67°C - 67°C - 74°C - 72°C | Throttling: None - None - None - None - None - None - None - None
1372 (1508529 Gflops/s) - 1373 (1509629 Gflops/s) - 1370 (1506330 Gflops/s) - 1356 (1490937 Gflops/s) - 1358 (1493136 Gflops/s) - 1356 (1490937 Gflops/s) - 1354 (1488738 Gflops/s) - 1353 (1487639 Gflops/s) | Temperatures: 66°C - 67°C - 75°C - 71°C - 67°C - 67°C - 74°C - 72°C | Throttling: None - None - None - None - None - None - None - None
1372 (1508529 Gflops/s) - 1373 (1509629 Gflops/s) - 1369 (1505231 Gflops/s) - 1357 (1492037 Gflops/s) - 1355 (1489838 Gflops/s) - 1356 (1490937 Gflops/s) - 1357 (1492037 Gflops/s) - 1353 (1487639 Gflops/s) | Temperatures: 66°C - 67°C - 74°C - 71°C - 67°C - 67°C - 74°C - 72°C | Throttling: None - None - None - None - None - None - None - None
1371 (1507430 Gflops/s) - 1370 (1506330 Gflops/s) - 1368 (1504131 Gflops/s) - 1356 (1490937 Gflops/s) - 1355 (1489838 Gflops/s) - 1354 (1488738 Gflops/s) - 1354 (1488738 Gflops/s) - 1353 (1487639 Gflops/s) | Temperatures: 66°C - 67°C - 75°C - 71°C - 67°C - 67°C - 74°C - 72°C | Throttling: None - None - None - None - None - None - None - None
1374 (1510728 Gflops/s) - 1374 (1510728 Gflops/s) - 1370 (1506330 Gflops/s) - 1356 (1490937 Gflops/s) - 1355 (1489838 Gflops/s) - 1357 (1492037 Gflops/s) - 1355 (1489838 Gflops/s) - 1354 (1488738 Gflops/s) | Temperatures: 66°C - 67°C - 74°C - 71°C - 67°C - 67°C - 74°C - 72°C | Throttling: None - None - None - None - None - None - None - None
1373 (1509629 Gflops/s) - 1370 (1506330 Gflops/s) - 1369 (1505231 Gflops/s) - 1357 (1492037 Gflops/s) - 1356 (1490937 Gflops/s) - 1356 (1490937 Gflops/s) - 1355 (1489838 Gflops/s) - 1354 (1488738 Gflops/s) | Temperatures: 66°C - 67°C - 75°C - 71°C - 67°C - 67°C - 74°C - 72°C | Throttling: None - None - None - None - None - None - None - None
1372 (1508529 Gflops/s) - 1370 (1506330 Gflops/s) - 1370 (1506330 Gflops/s) - 1357 (1492037 Gflops/s) - 1356 (1490937 Gflops/s) - 1356 (1490937 Gflops/s) - 1356 (1490937 Gflops/s) - 1353 (1487639 Gflops/s) | Temperatures: 66°C - 67°C - 75°C - 71°C - 67°C - 67°C - 74°C - 72°C | Throttling: None - None - None - None - None - None - None - None
1372 (1508529 Gflops/s) - 1371 (1507430 Gflops/s) - 1369 (1505231 Gflops/s) - 1355 (1489838 Gflops/s) - 1357 (1492037 Gflops/s) - 1353 (1487639 Gflops/s) - 1353 (1487639 Gflops/s) - 1352 (1486539 Gflops/s) | Temperatures: 66°C - 67°C - 75°C - 71°C - 67°C - 67°C - 74°C - 72°C | Throttling: None - None - None - None - None - None - None - None
1372 (1508529 Gflops/s) - 1373 (1509629 Gflops/s) - 1371 (1507430 Gflops/s) - 1358 (1493136 Gflops/s) - 1353 (1487639 Gflops/s) - 1355 (1489838 Gflops/s) - 1356 (1490937 Gflops/s) - 1353 (1487639 Gflops/s) | Temperatures: 66°C - 67°C - 74°C - 71°C - 67°C - 67°C - 74°C - 72°C | Throttling: None - None - None - None - None - None - None - None
1372 (1508529 Gflops/s) - 1372 (1508529 Gflops/s) - 1368 (1504131 Gflops/s) - 1356 (1490937 Gflops/s) - 1356 (1490937 Gflops/s) - 1355 (1489838 Gflops/s) - 1355 (1489838 Gflops/s) - 1353 (1487639 Gflops/s) | Temperatures: 66°C - 67°C - 74°C - 71°C - 67°C - 67°C - 74°C - 72°C | Throttling: None - None - None - None - None - None - None - None
1374 (1510728 Gflops/s) - 1374 (1510728 Gflops/s) - 1367 (1503032 Gflops/s) - 1356 (1490937 Gflops/s) - 1353 (1487639 Gflops/s) - 1356 (1490937 Gflops/s) - 1354 (1488738 Gflops/s) - 1353 (1487639 Gflops/s) | Temperatures: 66°C - 67°C - 74°C - 71°C - 67°C - 67°C - 74°C - 72°C | Throttling: None - None - None - None - None - None - None - None
1370 (1506330 Gflops/s) - 1372 (1508529 Gflops/s) - 1365 (1500833 Gflops/s) - 1354 (1488738 Gflops/s) - 1356 (1490937 Gflops/s) - 1352 (1486539 Gflops/s) - 1355 (1489838 Gflops/s) - 1352 (1486539 Gflops/s) | Temperatures: 66°C - 67°C - 74°C - 71°C - 67°C - 67°C - 75°C - 72°C | Throttling: None - None - None - None - None - None - None - None
1372 (1508529 Gflops/s) - 1371 (1507430 Gflops/s) - 1367 (1503032 Gflops/s) - 1357 (1492037 Gflops/s) - 1356 (1490937 Gflops/s) - 1357 (1492037 Gflops/s) - 1353 (1487639 Gflops/s) - 1353 (1487639 Gflops/s) | Temperatures: 66°C - 67°C - 74°C - 71°C - 67°C - 67°C - 75°C - 72°C | Throttling: None - None - None - None - None - None - None - None
1371 (1507430 Gflops/s) - 1371 (1507430 Gflops/s) - 1367 (1503032 Gflops/s) - 1356 (1490937 Gflops/s) - 1360 (1495335 Gflops/s) - 1355 (1489838 Gflops/s) - 1354 (1488738 Gflops/s) - 1354 (1488738 Gflops/s) | Temperatures: 66°C - 67°C - 74°C - 71°C - 68°C - 67°C - 75°C - 72°C | Throttling: None - None - None - None - None - None - None - None
1373 (1509629 Gflops/s) - 1370 (1506330 Gflops/s) - 1367 (1503032 Gflops/s) - 1356 (1490937 Gflops/s) - 1357 (1492037 Gflops/s) - 1356 (1490937 Gflops/s) - 1353 (1487639 Gflops/s) - 1353 (1487639 Gflops/s) | Temperatures: 66°C - 67°C - 74°C - 71°C - 67°C - 67°C - 74°C - 72°C | Throttling: None - None - None - None - None - None - None - None
1373 (1509629 Gflops/s) - 1369 (1505231 Gflops/s) - 1367 (1503032 Gflops/s) - 1355 (1489838 Gflops/s) - 1357 (1492037 Gflops/s) - 1356 (1490937 Gflops/s) - 1354 (1488738 Gflops/s) - 1353 (1487639 Gflops/s) | Temperatures: 66°C - 67°C - 74°C - 71°C - 68°C - 67°C - 74°C - 72°C | Throttling: None - None - None - None - None - None - None - None
1371 (1507430 Gflops/s) - 1372 (1508529 Gflops/s) - 1365 (1500833 Gflops/s) - 1354 (1488738 Gflops/s) - 1353 (1487639 Gflops/s) - 1355 (1489838 Gflops/s) - 1353 (1487639 Gflops/s) - 1351 (1485440 Gflops/s) | Temperatures: 66°C - 67°C - 74°C - 71°C - 67°C - 67°C - 74°C - 72°C | Throttling: None - None - None - None - None - None - None - None
1372 (1508529 Gflops/s) - 1371 (1507430 Gflops/s) - 1366 (1501932 Gflops/s) - 1356 (1490937 Gflops/s) - 1358 (1493136 Gflops/s) - 1355 (1489838 Gflops/s) - 1353 (1487639 Gflops/s) - 1354 (1488738 Gflops/s) | Temperatures: 66°C - 67°C - 74°C - 71°C - 68°C - 67°C - 74°C - 72°C | Throttling: None - None - None - None - None - None - None - None
1371 (1507430 Gflops/s) - 1372 (1508529 Gflops/s) - 1367 (1503032 Gflops/s) - 1356 (1490937 Gflops/s) - 1356 (1490937 Gflops/s) - 1356 (1490937 Gflops/s) - 1353 (1487639 Gflops/s) - 1352 (1486539 Gflops/s) | Temperatures: 66°C - 67°C - 74°C - 71°C - 67°C - 67°C - 75°C - 72°C | Throttling: None - None - None - None - None - None - None - None
1373 (1509629 Gflops/s) - 1374 (1510728 Gflops/s) - 1366 (1501932 Gflops/s) - 1356 (1490937 Gflops/s) - 1358 (1493136 Gflops/s) - 1356 (1490937 Gflops/s) - 1353 (1487639 Gflops/s) - 1352 (1486539 Gflops/s) | Temperatures: 66°C - 67°C - 74°C - 71°C - 68°C - 67°C - 74°C - 72°C | Throttling: None - None - None - None - None - None - None - None
1370 (1506330 Gflops/s) - 1370 (1506330 Gflops/s) - 1365 (1500833 Gflops/s) - 1353 (1487639 Gflops/s) - 1357 (1492037 Gflops/s) - 1355 (1489838 Gflops/s) - 1352 (1486539 Gflops/s) - 1351 (1485440 Gflops/s) | Temperatures: 66°C - 67°C - 75°C - 71°C - 67°C - 67°C - 75°C - 72°C | Throttling: None - None - None - None - None - None - None - None
1372 (1508529 Gflops/s) - 1373 (1509629 Gflops/s) - 1366 (1501932 Gflops/s) - 1356 (1490937 Gflops/s) - 1357 (1492037 Gflops/s) - 1355 (1489838 Gflops/s) - 1353 (1487639 Gflops/s) - 1353 (1487639 Gflops/s) | Temperatures: 66°C - 67°C - 74°C - 71°C - 67°C - 67°C - 74°C - 72°C | Throttling: None - None - None - None - None - None - None - None
1372 (1508529 Gflops/s) - 1370 (1506330 Gflops/s) - 1366 (1501932 Gflops/s) - 1355 (1489838 Gflops/s) - 1356 (1490937 Gflops/s) - 1355 (1489838 Gflops/s) - 1353 (1487639 Gflops/s) - 1352 (1486539 Gflops/s) | Temperatures: 66°C - 67°C - 75°C - 71°C - 68°C - 67°C - 74°C - 72°C | Throttling: None - None - None - None - None - None - None - None
1372 (1508529 Gflops/s) - 1374 (1510728 Gflops/s) - 1367 (1503032 Gflops/s) - 1355 (1489838 Gflops/s) - 1354 (1488738 Gflops/s) - 1355 (1489838 Gflops/s) - 1354 (1488738 Gflops/s) - 1352 (1486539 Gflops/s) | Temperatures: 66°C - 67°C - 75°C - 71°C - 67°C - 67°C - 75°C - 72°C | Throttling: None - None - None - None - None - None - None - None
1371 (1507430 Gflops/s) - 1371 (1507430 Gflops/s) - 1365 (1500833 Gflops/s) - 1355 (1489838 Gflops/s) - 1359 (1494236 Gflops/s) - 1353 (1487639 Gflops/s) - 1353 (1487639 Gflops/s) - 1351 (1485440 Gflops/s) | Temperatures: 66°C - 67°C - 75°C - 71°C - 68°C - 67°C - 75°C - 72°C | Throttling: None - None - None - None - None - None - None - None
1373 (1509629 Gflops/s) - 1370 (1506330 Gflops/s) - 1366 (1501932 Gflops/s) - 1356 (1490937 Gflops/s) - 1357 (1492037 Gflops/s) - 1355 (1489838 Gflops/s) - 1354 (1488738 Gflops/s) - 1353 (1487639 Gflops/s) | Temperatures: 66°C - 67°C - 75°C - 71°C - 68°C - 67°C - 75°C - 72°C | Throttling: None - None - None - None - None - None - None - None
1373 (1509629 Gflops/s) - 1374 (1510728 Gflops/s) - 1366 (1501932 Gflops/s) - 1355 (1489838 Gflops/s) - 1354 (1488738 Gflops/s) - 1355 (1489838 Gflops/s) - 1353 (1487639 Gflops/s) - 1352 (1486539 Gflops/s) | Temperatures: 66°C - 67°C - 75°C - 72°C - 68°C - 67°C - 74°C - 72°C | Throttling: None - None - None - None - None - None - None - None
1371 (1507430 Gflops/s) - 1370 (1506330 Gflops/s) - 1366 (1501932 Gflops/s) - 1356 (1490937 Gflops/s) - 1357 (1492037 Gflops/s) - 1356 (1490937 Gflops/s) - 1353 (1487639 Gflops/s) - 1353 (1487639 Gflops/s) | Temperatures: 66°C - 67°C - 75°C - 72°C - 68°C - 67°C - 75°C - 72°C | Throttling: None - None - None - None - None - None - None - None
1372 (1508529 Gflops/s) - 1372 (1508529 Gflops/s) - 1367 (1503032 Gflops/s) - 1355 (1489838 Gflops/s) - 1354 (1488738 Gflops/s) - 1355 (1489838 Gflops/s) - 1355 (1489838 Gflops/s) - 1352 (1486539 Gflops/s) | Temperatures: 66°C - 67°C - 75°C - 71°C - 68°C - 67°C - 75°C - 72°C | Throttling: None - None - None - None - None - None - None - None
1371 (1507430 Gflops/s) - 1369 (1505231 Gflops/s) - 1364 (1499733 Gflops/s) - 1354 (1488738 Gflops/s) - 1353 (1487639 Gflops/s) - 1352 (1486539 Gflops/s) - 1353 (1487639 Gflops/s) - 1351 (1485440 Gflops/s) | Temperatures: 66°C - 67°C - 75°C - 71°C - 68°C - 67°C - 75°C - 72°C | Throttling: None - None - None - None - None - None - None - None
1372 (1508529 Gflops/s) - 1369 (1505231 Gflops/s) - 1366 (1501932 Gflops/s) - 1356 (1490937 Gflops/s) - 1360 (1495335 Gflops/s) - 1355 (1489838 Gflops/s) - 1353 (1487639 Gflops/s) - 1351 (1485440 Gflops/s) | Temperatures: 66°C - 67°C - 75°C - 72°C - 68°C - 67°C - 75°C - 72°C | Throttling: None - None - None - None - None - None - None - None
1372 (1508529 Gflops/s) - 1373 (1509629 Gflops/s) - 1367 (1503032 Gflops/s) - 1357 (1492037 Gflops/s) - 1352 (1486539 Gflops/s) - 1355 (1489838 Gflops/s) - 1352 (1486539 Gflops/s) - 1352 (1486539 Gflops/s) | Temperatures: 66°C - 68°C - 75°C - 71°C - 68°C - 67°C - 75°C - 72°C | Throttling: None - None - None - None - None - None - None - None
1373 (1509629 Gflops/s) - 1368 (1504131 Gflops/s) - 1366 (1501932 Gflops/s) - 1356 (1490937 Gflops/s) - 1359 (1494236 Gflops/s) - 1355 (1489838 Gflops/s) - 1353 (1487639 Gflops/s) - 1352 (1486539 Gflops/s) | Temperatures: 66°C - 67°C - 75°C - 72°C - 68°C - 67°C - 75°C - 72°C | Throttling: None - None - None - None - None - None - None - None
1369 (1505231 Gflops/s) - 1372 (1508529 Gflops/s) - 1365 (1500833 Gflops/s) - 1355 (1489838 Gflops/s) - 1356 (1490937 Gflops/s) - 1355 (1489838 Gflops/s) - 1352 (1486539 Gflops/s) - 1351 (1485440 Gflops/s) | Temperatures: 66°C - 67°C - 75°C - 72°C - 68°C - 67°C - 75°C - 72°C | Throttling: None - None - None - None - None - None - None - None
1372 (1508529 Gflops/s) - 1372 (1508529 Gflops/s) - 1368 (1504131 Gflops/s) - 1355 (1489838 Gflops/s) - 1356 (1490937 Gflops/s) - 1353 (1487639 Gflops/s) - 1355 (1489838 Gflops/s) - 1352 (1486539 Gflops/s) | Temperatures: 66°C - 67°C - 75°C - 72°C - 68°C - 67°C - 75°C - 72°C | Throttling: None - None - None - None - None - None - None - None
1373 (1509629 Gflops/s) - 1371 (1507430 Gflops/s) - 1367 (1503032 Gflops/s) - 1356 (1490937 Gflops/s) - 1354 (1488738 Gflops/s) - 1355 (1489838 Gflops/s) - 1354 (1488738 Gflops/s) - 1352 (1486539 Gflops/s) | Temperatures: 66°C - 67°C - 75°C - 71°C - 68°C - 67°C - 75°C - 72°C | Throttling: None - None - None - None - None - None - None - None
1372 (1508529 Gflops/s) - 1372 (1508529 Gflops/s) - 1367 (1503032 Gflops/s) - 1356 (1490937 Gflops/s) - 1356 (1490937 Gflops/s) - 1356 (1490937 Gflops/s) - 1354 (1488738 Gflops/s) - 1351 (1485440 Gflops/s) | Temperatures: 66°C - 67°C - 75°C - 72°C - 68°C - 67°C - 75°C - 72°C | Throttling: None - None - None - None - None - None - None - None
1371 (1507430 Gflops/s) - 1372 (1508529 Gflops/s) - 1365 (1500833 Gflops/s) - 1354 (1488738 Gflops/s) - 1354 (1488738 Gflops/s) - 1354 (1488738 Gflops/s) - 1352 (1486539 Gflops/s) - 1351 (1485440 Gflops/s) | Temperatures: 66°C - 67°C - 75°C - 72°C - 68°C - 67°C - 75°C - 72°C | Throttling: None - None - None - None - None - None - None - None
1372 (1508529 Gflops/s) - 1370 (1506330 Gflops/s) - 1367 (1503032 Gflops/s) - 1356 (1490937 Gflops/s) - 1355 (1489838 Gflops/s) - 1355 (1489838 Gflops/s) - 1352 (1486539 Gflops/s) - 1352 (1486539 Gflops/s) | Temperatures: 66°C - 67°C - 75°C - 71°C - 68°C - 67°C - 75°C - 72°C | Throttling: None - None - None - None - None - None - None - None
1372 (1508529 Gflops/s) - 1373 (1509629 Gflops/s) - 1367 (1503032 Gflops/s) - 1355 (1489838 Gflops/s) - 1358 (1493136 Gflops/s) - 1356 (1490937 Gflops/s) - 1354 (1488738 Gflops/s) - 1352 (1486539 Gflops/s) | Temperatures: 66°C - 67°C - 75°C - 71°C - 68°C - 67°C - 75°C - 72°C | Throttling: None - None - None - None - None - None - None - None
1373 (1509629 Gflops/s) - 1371 (1507430 Gflops/s) - 1367 (1503032 Gflops/s) - 1356 (1490937 Gflops/s) - 1360 (1495335 Gflops/s) - 1356 (1490937 Gflops/s) - 1353 (1487639 Gflops/s) - 1352 (1486539 Gflops/s) | Temperatures: 66°C - 67°C - 74°C - 71°C - 68°C - 67°C - 75°C - 72°C | Throttling: None - None - None - None - None - None - None - None
1372 (1508529 Gflops/s) - 1371 (1507430 Gflops/s) - 1366 (1501932 Gflops/s) - 1356 (1490937 Gflops/s) - 1357 (1492037 Gflops/s) - 1356 (1490937 Gflops/s) - 1355 (1489838 Gflops/s) - 1352 (1486539 Gflops/s) | Temperatures: 66°C - 67°C - 74°C - 71°C - 67°C - 67°C - 75°C - 72°C | Throttling: None - None - None - None - None - None - None - None
1371 (1507430 Gflops/s) - 1373 (1509629 Gflops/s) - 1366 (1501932 Gflops/s) - 1355 (1489838 Gflops/s) - 1351 (1485440 Gflops/s) - 1354 (1488738 Gflops/s) - 1351 (1485440 Gflops/s) - 1351 (1485440 Gflops/s) | Temperatures: 66°C - 67°C - 75°C - 71°C - 67°C - 67°C - 74°C - 72°C | Throttling: None - None - None - None - None - None - None - None
1372 (1508529 Gflops/s) - 1372 (1508529 Gflops/s) - 1366 (1501932 Gflops/s) - 1355 (1489838 Gflops/s) - 1359 (1494236 Gflops/s) - 1355 (1489838 Gflops/s) - 1353 (1487639 Gflops/s) - 1352 (1486539 Gflops/s) | Temperatures: 66°C - 67°C - 75°C - 71°C - 67°C - 67°C - 75°C - 72°C | Throttling: None - None - None - None - None - None - None - None
1373 (1509629 Gflops/s) - 1374 (1510728 Gflops/s) - 1367 (1503032 Gflops/s) - 1355 (1489838 Gflops/s) - 1360 (1495335 Gflops/s) - 1355 (1489838 Gflops/s) - 1354 (1488738 Gflops/s) - 1352 (1486539 Gflops/s) | Temperatures: 66°C - 67°C - 74°C - 71°C - 67°C - 67°C - 74°C - 72°C | Throttling: None - None - None - None - None - None - None - None
1372 (1508529 Gflops/s) - 1372 (1508529 Gflops/s) - 1367 (1503032 Gflops/s) - 1356 (1490937 Gflops/s) - 1362 (1497534 Gflops/s) - 1356 (1490937 Gflops/s) - 1352 (1486539 Gflops/s) - 1352 (1486539 Gflops/s) | Temperatures: 66°C - 67°C - 74°C - 71°C - 68°C - 67°C - 74°C - 72°C | Throttling: None - None - None - None - None - None - None - None
1371 (1507430 Gflops/s) - 1371 (1507430 Gflops/s) - 1366 (1501932 Gflops/s) - 1355 (1489838 Gflops/s) - 1354 (1488738 Gflops/s) - 1354 (1488738 Gflops/s) - 1352 (1486539 Gflops/s) - 1351 (1485440 Gflops/s) | Temperatures: 66°C - 67°C - 74°C - 71°C - 68°C - 67°C - 75°C - 72°C | Throttling: None - None - None - None - None - None - None - None
1374 (1510728 Gflops/s) - 1371 (1507430 Gflops/s) - 1368 (1504131 Gflops/s) - 1356 (1490937 Gflops/s) - 1355 (1489838 Gflops/s) - 1356 (1490937 Gflops/s) - 1353 (1487639 Gflops/s) - 1352 (1486539 Gflops/s) | Temperatures: 66°C - 67°C - 74°C - 71°C - 67°C - 67°C - 74°C - 72°C | Throttling: None - None - None - None - None - None - None - None
1373 (1509629 Gflops/s) - 1370 (1506330 Gflops/s) - 1368 (1504131 Gflops/s) - 1356 (1490937 Gflops/s) - 1357 (1492037 Gflops/s) - 1355 (1489838 Gflops/s) - 1354 (1488738 Gflops/s) - 1353 (1487639 Gflops/s) | Temperatures: 66°C - 67°C - 74°C - 71°C - 67°C - 67°C - 74°C - 72°C | Throttling: None - None - None - None - None - None - None - None
1372 (1508529 Gflops/s) - 1373 (1509629 Gflops/s) - 1366 (1501932 Gflops/s) - 1357 (1492037 Gflops/s) - 1358 (1493136 Gflops/s) - 1355 (1489838 Gflops/s) - 1353 (1487639 Gflops/s) - 1352 (1486539 Gflops/s) | Temperatures: 66°C - 67°C - 74°C - 71°C - 67°C - 67°C - 75°C - 72°C | Throttling: None - None - None - None - None - None - None - None
1371 (1507430 Gflops/s) - 1371 (1507430 Gflops/s) - 1367 (1503032 Gflops/s) - 1354 (1488738 Gflops/s) - 1355 (1489838 Gflops/s) - 1354 (1488738 Gflops/s) - 1352 (1486539 Gflops/s) - 1351 (1485440 Gflops/s) | Temperatures: 66°C - 67°C - 74°C - 71°C - 67°C - 67°C - 74°C - 72°C | Throttling: None - None - None - None - None - None - None - None
1373 (1509629 Gflops/s) - 1371 (1507430 Gflops/s) - 1367 (1503032 Gflops/s) - 1356 (1490937 Gflops/s) - 1361 (1496435 Gflops/s) - 1355 (1489838 Gflops/s) - 1353 (1487639 Gflops/s) - 1352 (1486539 Gflops/s) | Temperatures: 66°C - 67°C - 74°C - 71°C - 67°C - 67°C - 74°C - 72°C | Throttling: None - None - None - None - None - None - None - None
1373 (1509629 Gflops/s) - 1371 (1507430 Gflops/s) - 1367 (1503032 Gflops/s) - 1356 (1490937 Gflops/s) - 1355 (1489838 Gflops/s) - 1355 (1489838 Gflops/s) - 1355 (1489838 Gflops/s) - 1352 (1486539 Gflops/s) | Temperatures: 66°C - 67°C - 74°C - 71°C - 67°C - 67°C - 74°C - 72°C | Throttling: None - None - None - None - None - None - None - None
1373 (1509629 Gflops/s) - 1373 (1509629 Gflops/s) - 1367 (1503032 Gflops/s) - 1356 (1490937 Gflops/s) - 1360 (1495335 Gflops/s) - 1356 (1490937 Gflops/s) - 1354 (1488738 Gflops/s) - 1352 (1486539 Gflops/s) | Temperatures: 66°C - 67°C - 74°C - 71°C - 68°C - 67°C - 74°C - 72°C | Throttling: None - None - None - None - None - None - None - None
1372 (1508529 Gflops/s) - 1371 (1507430 Gflops/s) - 1368 (1504131 Gflops/s) - 1356 (1490937 Gflops/s) - 1357 (1492037 Gflops/s) - 1356 (1490937 Gflops/s) - 1353 (1487639 Gflops/s) - 1352 (1486539 Gflops/s) | Temperatures: 66°C - 67°C - 74°C - 71°C - 67°C - 67°C - 74°C - 72°C | Throttling: None - None - None - None - None - None - None - None
1371 (1507430 Gflops/s) - 1371 (1507430 Gflops/s) - 1364 (1499733 Gflops/s) - 1355 (1489838 Gflops/s) - 1355 (1489838 Gflops/s) - 1354 (1488738 Gflops/s) - 1352 (1486539 Gflops/s) - 1351 (1485440 Gflops/s) | Temperatures: 66°C - 67°C - 74°C - 71°C - 67°C - 67°C - 74°C - 72°C | Throttling: None - None - None - None - None - None - None - None
1372 (1508529 Gflops/s) - 1370 (1506330 Gflops/s) - 1367 (1503032 Gflops/s) - 1356 (1490937 Gflops/s) - 1358 (1493136 Gflops/s) - 1356 (1490937 Gflops/s) - 1353 (1487639 Gflops/s) - 1352 (1486539 Gflops/s) | Temperatures: 66°C - 67°C - 74°C - 71°C - 68°C - 67°C - 74°C - 72°C | Throttling: None - None - None - None - None - None - None - None
1373 (1509629 Gflops/s) - 1374 (1510728 Gflops/s) - 1367 (1503032 Gflops/s) - 1356 (1490937 Gflops/s) - 1358 (1493136 Gflops/s) - 1356 (1490937 Gflops/s) - 1352 (1486539 Gflops/s) - 1352 (1486539 Gflops/s) | Temperatures: 66°C - 67°C - 74°C - 71°C - 68°C - 67°C - 74°C - 72°C | Throttling: None - None - None - None - None - None - None - None
1373 (1509629 Gflops/s) - 1372 (1508529 Gflops/s) - 1366 (1501932 Gflops/s) - 1356 (1490937 Gflops/s) - 1357 (1492037 Gflops/s) - 1355 (1489838 Gflops/s) - 1354 (1488738 Gflops/s) - 1352 (1486539 Gflops/s) | Temperatures: 66°C - 67°C - 74°C - 71°C - 67°C - 67°C - 74°C - 72°C | Throttling: None - None - None - None - None - None - None - None
1370 (1506330 Gflops/s) - 1370 (1506330 Gflops/s) - 1366 (1501932 Gflops/s) - 1356 (1490937 Gflops/s) - 1357 (1492037 Gflops/s) - 1353 (1487639 Gflops/s) - 1352 (1486539 Gflops/s) - 1350 (1484340 Gflops/s) | Temperatures: 66°C - 67°C - 74°C - 71°C - 67°C - 67°C - 74°C - 72°C | Throttling: None - None - None - None - None - None - None - None
1372 (1508529 Gflops/s) - 1372 (1508529 Gflops/s) - 1366 (1501932 Gflops/s) - 1355 (1489838 Gflops/s) - 1357 (1492037 Gflops/s) - 1355 (1489838 Gflops/s) - 1352 (1486539 Gflops/s) - 1352 (1486539 Gflops/s) | Temperatures: 66°C - 67°C - 74°C - 71°C - 67°C - 67°C - 74°C - 72°C | Throttling: None - None - None - None - None - None - None - None
1372 (1508529 Gflops/s) - 1371 (1507430 Gflops/s) - 1367 (1503032 Gflops/s) - 1356 (1490937 Gflops/s) - 1356 (1490937 Gflops/s) - 1356 (1490937 Gflops/s) - 1352 (1486539 Gflops/s) - 1351 (1485440 Gflops/s) | Temperatures: 66°C - 67°C - 74°C - 71°C - 67°C - 67°C - 74°C - 72°C | Throttling: None - None - None - None - None - None - None - None
1372 (1508529 Gflops/s) - 1371 (1507430 Gflops/s) - 1367 (1503032 Gflops/s) - 1355 (1489838 Gflops/s) - 1357 (1492037 Gflops/s) - 1355 (1489838 Gflops/s) - 1354 (1488738 Gflops/s) - 1352 (1486539 Gflops/s) | Temperatures: 66°C - 67°C - 74°C - 71°C - 67°C - 67°C - 74°C - 72°C | Throttling: None - None - None - None - None - None - None - None
1371 (1507430 Gflops/s) - 1370 (1506330 Gflops/s) - 1366 (1501932 Gflops/s) - 1356 (1490937 Gflops/s) - 1360 (1495335 Gflops/s) - 1356 (1490937 Gflops/s) - 1353 (1487639 Gflops/s) - 1352 (1486539 Gflops/s) | Temperatures: 66°C - 67°C - 74°C - 71°C - 67°C - 67°C - 74°C - 72°C | Throttling: None - None - None - None - None - None - None - None
1373 (1509629 Gflops/s) - 1373 (1509629 Gflops/s) - 1366 (1501932 Gflops/s) - 1355 (1489838 Gflops/s) - 1361 (1496435 Gflops/s) - 1356 (1490937 Gflops/s) - 1353 (1487639 Gflops/s) - 1351 (1485440 Gflops/s) | Temperatures: 66°C - 67°C - 74°C - 71°C - 68°C - 67°C - 74°C - 72°C | Throttling: None - None - None - None - None - None - None - None
1370 (1506330 Gflops/s) - 1371 (1507430 Gflops/s) - 1365 (1500833 Gflops/s) - 1355 (1489838 Gflops/s) - 1357 (1492037 Gflops/s) - 1353 (1487639 Gflops/s) - 1353 (1487639 Gflops/s) - 1350 (1484340 Gflops/s) | Temperatures: 66°C - 67°C - 74°C - 71°C - 67°C - 67°C - 74°C - 72°C | Throttling: None - None - None - None - None - None - None - None
1373 (1509629 Gflops/s) - 1374 (1510728 Gflops/s) - 1367 (1503032 Gflops/s) - 1356 (1490937 Gflops/s) - 1357 (1492037 Gflops/s) - 1356 (1490937 Gflops/s) - 1352 (1486539 Gflops/s) - 1352 (1486539 Gflops/s) | Temperatures: 66°C - 67°C - 74°C - 71°C - 67°C - 67°C - 74°C - 72°C | Throttling: None - None - None - None - None - None - None - None
1372 (1508529 Gflops/s) - 1371 (1507430 Gflops/s) - 1367 (1503032 Gflops/s) - 1356 (1490937 Gflops/s) - 1357 (1492037 Gflops/s) - 1355 (1489838 Gflops/s) - 1352 (1486539 Gflops/s) - 1352 (1486539 Gflops/s) | Temperatures: 66°C - 67°C - 74°C - 71°C - 67°C - 67°C - 74°C - 72°C | Throttling: None - None - None - None - None - None - None - None
1372 (1508529 Gflops/s) - 1371 (1507430 Gflops/s) - 1367 (1503032 Gflops/s) - 1356 (1490937 Gflops/s) - 1356 (1490937 Gflops/s) - 1356 (1490937 Gflops/s) - 1354 (1488738 Gflops/s) - 1352 (1486539 Gflops/s) | Temperatures: 66°C - 67°C - 74°C - 71°C - 67°C - 67°C - 74°C - 72°C | Throttling: None - None - None - None - None - None - None - None
1370 (1506330 Gflops/s) - 1372 (1508529 Gflops/s) - 1366 (1501932 Gflops/s) - 1356 (1490937 Gflops/s) - 1359 (1494236 Gflops/s) - 1354 (1488738 Gflops/s) - 1351 (1485440 Gflops/s) - 1350 (1484340 Gflops/s) | Temperatures: 66°C - 67°C - 74°C - 71°C - 67°C - 67°C - 74°C - 72°C | Throttling: None - None - None - None - None - None - None - None
1372 (1508529 Gflops/s) - 1371 (1507430 Gflops/s) - 1366 (1501932 Gflops/s) - 1357 (1492037 Gflops/s) - 1356 (1490937 Gflops/s) - 1356 (1490937 Gflops/s) - 1355 (1489838 Gflops/s) - 1352 (1486539 Gflops/s) | Temperatures: 66°C - 67°C - 74°C - 71°C - 67°C - 67°C - 74°C - 72°C | Throttling: None - None - None - None - None - None - None - None
1372 (1508529 Gflops/s) - 1371 (1507430 Gflops/s) - 1366 (1501932 Gflops/s) - 1356 (1490937 Gflops/s) - 1358 (1493136 Gflops/s) - 1356 (1490937 Gflops/s) - 1353 (1487639 Gflops/s) - 1352 (1486539 Gflops/s) | Temperatures: 66°C - 67°C - 74°C - 71°C - 67°C - 67°C - 74°C - 72°C | Throttling: None - None - None - None - None - None - None - None
1372 (1508529 Gflops/s) - 1373 (1509629 Gflops/s) - 1367 (1503032 Gflops/s) - 1357 (1492037 Gflops/s) - 1354 (1488738 Gflops/s) - 1355 (1489838 Gflops/s) - 1353 (1487639 Gflops/s) - 1351 (1485440 Gflops/s) | Temperatures: 65°C - 67°C - 74°C - 71°C - 68°C - 67°C - 74°C - 72°C | Throttling: None - None - None - None - None - None - None - None
1371 (1507430 Gflops/s) - 1372 (1508529 Gflops/s) - 1365 (1500833 Gflops/s) - 1355 (1489838 Gflops/s) - 1354 (1488738 Gflops/s) - 1355 (1489838 Gflops/s) - 1353 (1487639 Gflops/s) - 1350 (1484340 Gflops/s) | Temperatures: 65°C - 67°C - 74°C - 71°C - 67°C - 67°C - 74°C - 72°C | Throttling: None - None - None - None - None - None - None - None
1372 (1508529 Gflops/s) - 1372 (1508529 Gflops/s) - 1367 (1503032 Gflops/s) - 1357 (1492037 Gflops/s) - 1358 (1493136 Gflops/s) - 1356 (1490937 Gflops/s) - 1354 (1488738 Gflops/s) - 1352 (1486539 Gflops/s) | Temperatures: 65°C - 67°C - 74°C - 71°C - 68°C - 67°C - 74°C - 72°C | Throttling: None - None - None - None - None - None - None - None
1373 (1509629 Gflops/s) - 1372 (1508529 Gflops/s) - 1367 (1503032 Gflops/s) - 1356 (1490937 Gflops/s) - 1356 (1490937 Gflops/s) - 1355 (1489838 Gflops/s) - 1353 (1487639 Gflops/s) - 1351 (1485440 Gflops/s) | Temperatures: 65°C - 67°C - 74°C - 71°C - 67°C - 67°C - 74°C - 72°C | Throttling: None - None - None - None - None - None - None - None
1372 (1508529 Gflops/s) - 1374 (1510728 Gflops/s) - 1367 (1503032 Gflops/s) - 1356 (1490937 Gflops/s) - 1358 (1493136 Gflops/s) - 1355 (1489838 Gflops/s) - 1353 (1487639 Gflops/s) - 1351 (1485440 Gflops/s) | Temperatures: 66°C - 67°C - 74°C - 71°C - 67°C - 67°C - 74°C - 72°C | Throttling: None - None - None - None - None - None - None - None
1371 (1507430 Gflops/s) - 1373 (1509629 Gflops/s) - 1366 (1501932 Gflops/s) - 1356 (1490937 Gflops/s) - 1356 (1490937 Gflops/s) - 1354 (1488738 Gflops/s) - 1353 (1487639 Gflops/s) - 1351 (1485440 Gflops/s) | Temperatures: 66°C - 67°C - 74°C - 71°C - 67°C - 67°C - 74°C - 72°C | Throttling: None - None - None - None - None - None - None - None
1374 (1510728 Gflops/s) - 1374 (1510728 Gflops/s) - 1367 (1503032 Gflops/s) - 1356 (1490937 Gflops/s) - 1359 (1494236 Gflops/s) - 1356 (1490937 Gflops/s) - 1354 (1488738 Gflops/s) - 1351 (1485440 Gflops/s) | Temperatures: 65°C - 67°C - 74°C - 71°C - 67°C - 67°C - 74°C - 72°C | Throttling: None - None - None - None - None - None - None - None
1372 (1508529 Gflops/s) - 1372 (1508529 Gflops/s) - 1367 (1503032 Gflops/s) - 1357 (1492037 Gflops/s) - 1358 (1493136 Gflops/s) - 1356 (1490937 Gflops/s) - 1354 (1488738 Gflops/s) - 1352 (1486539 Gflops/s) | Temperatures: 66°C - 67°C - 74°C - 71°C - 67°C - 67°C - 74°C - 72°C | Throttling: None - None - None - None - None - None - None - None
1372 (1508529 Gflops/s) - 1372 (1508529 Gflops/s) - 1370 (1506330 Gflops/s) - 1356 (1490937 Gflops/s) - 1355 (1489838 Gflops/s) - 1356 (1490937 Gflops/s) - 1353 (1487639 Gflops/s) - 1351 (1485440 Gflops/s) | Temperatures: 65°C - 67°C - 74°C - 71°C - 67°C - 67°C - 74°C - 72°C | Throttling: None - None - None - None - None - None - None - None
1374 (1510728 Gflops/s) - 1372 (1508529 Gflops/s) - 1375 (1511828 Gflops/s) - 1356 (1490937 Gflops/s) - 1360 (1495335 Gflops/s) - 1355 (1489838 Gflops/s) - 1354 (1488738 Gflops/s) - 1352 (1486539 Gflops/s) | Temperatures: 65°C - 67°C - 75°C - 71°C - 67°C - 67°C - 74°C - 72°C | Throttling: None - None - None - None - None - None - None - None
1371 (1507430 Gflops/s) - 1372 (1508529 Gflops/s) - 1359 (1494236 Gflops/s) - 1355 (1489838 Gflops/s) - 1356 (1490937 Gflops/s) - 1354 (1488738 Gflops/s) - 1353 (1487639 Gflops/s) - 1350 (1484340 Gflops/s) | Temperatures: 65°C - 67°C - 74°C - 71°C - 67°C - 67°C - 74°C - 72°C | Throttling: None - None - None - None - None - None - None - None
1374 (1510728 Gflops/s) - 1372 (1508529 Gflops/s) - 1372 (1508529 Gflops/s) - 1356 (1490937 Gflops/s) - 1358 (1493136 Gflops/s) - 1355 (1489838 Gflops/s) - 1353 (1487639 Gflops/s) - 1351 (1485440 Gflops/s) | Temperatures: 65°C - 67°C - 75°C - 71°C - 67°C - 67°C - 74°C - 72°C | Throttling: None - None - None - None - None - None - None - None
1373 (1509629 Gflops/s) - 1372 (1508529 Gflops/s) - 1370 (1506330 Gflops/s) - 1357 (1492037 Gflops/s) - 1356 (1490937 Gflops/s) - 1356 (1490937 Gflops/s) - 1354 (1488738 Gflops/s) - 1351 (1485440 Gflops/s) | Temperatures: 66°C - 67°C - 75°C - 71°C - 67°C - 67°C - 74°C - 72°C | Throttling: None - None - None - None - None - None - None - None
1372 (1508529 Gflops/s) - 1372 (1508529 Gflops/s) - 1369 (1505231 Gflops/s) - 1356 (1490937 Gflops/s) - 1361 (1496435 Gflops/s) - 1356 (1490937 Gflops/s) - 1352 (1486539 Gflops/s) - 1352 (1486539 Gflops/s) | Temperatures: 66°C - 67°C - 75°C - 71°C - 67°C - 67°C - 74°C - 72°C | Throttling: None - None - None - None - None - None - None - None
1372 (1508529 Gflops/s) - 1369 (1505231 Gflops/s) - 1367 (1503032 Gflops/s) - 1355 (1489838 Gflops/s) - 1357 (1492037 Gflops/s) - 1355 (1489838 Gflops/s) - 1352 (1486539 Gflops/s) - 1350 (1484340 Gflops/s) | Temperatures: 65°C - 67°C - 74°C - 71°C - 67°C - 67°C - 74°C - 72°C | Throttling: None - None - None - None - None - None - None - None
1373 (1509629 Gflops/s) - 1373 (1509629 Gflops/s) - 1367 (1503032 Gflops/s) - 1356 (1490937 Gflops/s) - 1355 (1489838 Gflops/s) - 1356 (1490937 Gflops/s) - 1354 (1488738 Gflops/s) - 1352 (1486539 Gflops/s) | Temperatures: 65°C - 67°C - 74°C - 71°C - 67°C - 67°C - 74°C - 72°C | Throttling: None - None - None - None - None - None - None - None
1372 (1508529 Gflops/s) - 1372 (1508529 Gflops/s) - 1369 (1505231 Gflops/s) - 1357 (1492037 Gflops/s) - 1359 (1494236 Gflops/s) - 1356 (1490937 Gflops/s) - 1353 (1487639 Gflops/s) - 1352 (1486539 Gflops/s) | Temperatures: 66°C - 67°C - 74°C - 71°C - 67°C - 67°C - 74°C - 72°C | Throttling: None - None - None - None - None - None - None - None
1372 (1508529 Gflops/s) - 1373 (1509629 Gflops/s) - 1370 (1506330 Gflops/s) - 1356 (1490937 Gflops/s) - 1358 (1493136 Gflops/s) - 1356 (1490937 Gflops/s) - 1355 (1489838 Gflops/s) - 1352 (1486539 Gflops/s) | Temperatures: 66°C - 67°C - 75°C - 71°C - 67°C - 67°C - 74°C - 72°C | Throttling: None - None - None - None - None - None - None - None
1372 (1508529 Gflops/s) - 1370 (1506330 Gflops/s) - 1368 (1504131 Gflops/s) - 1355 (1489838 Gflops/s) - 1354 (1488738 Gflops/s) - 1354 (1488738 Gflops/s) - 1351 (1485440 Gflops/s) - 1351 (1485440 Gflops/s) | Temperatures: 66°C - 67°C - 75°C - 71°C - 67°C - 67°C - 74°C - 72°C | Throttling: None - None - None - None - None - None - None - None
1373 (1509629 Gflops/s) - 1373 (1509629 Gflops/s) - 1373 (1509629 Gflops/s) - 1357 (1492037 Gflops/s) - 1358 (1493136 Gflops/s) - 1355 (1489838 Gflops/s) - 1353 (1487639 Gflops/s) - 1351 (1485440 Gflops/s) | Temperatures: 65°C - 67°C - 75°C - 71°C - 67°C - 66°C - 74°C - 72°C | Throttling: None - None - None - None - None - None - None - None
1372 (1508529 Gflops/s) - 1370 (1506330 Gflops/s) - 1370 (1506330 Gflops/s) - 1357 (1492037 Gflops/s) - 1357 (1492037 Gflops/s) - 1357 (1492037 Gflops/s) - 1354 (1488738 Gflops/s) - 1352 (1486539 Gflops/s) | Temperatures: 66°C - 67°C - 75°C - 71°C - 67°C - 67°C - 74°C - 72°C | Throttling: None - None - None - None - None - None - None - None
1374 (1510728 Gflops/s) - 1372 (1508529 Gflops/s) - 1369 (1505231 Gflops/s) - 1356 (1490937 Gflops/s) - 1354 (1488738 Gflops/s) - 1356 (1490937 Gflops/s) - 1354 (1488738 Gflops/s) - 1352 (1486539 Gflops/s) | Temperatures: 65°C - 67°C - 75°C - 71°C - 67°C - 67°C - 74°C - 72°C | Throttling: None - None - None - None - None - None - None - None
1372 (1508529 Gflops/s) - 1370 (1506330 Gflops/s) - 1368 (1504131 Gflops/s) - 1356 (1490937 Gflops/s) - 1355 (1489838 Gflops/s) - 1354 (1488738 Gflops/s) - 1352 (1486539 Gflops/s) - 1350 (1484340 Gflops/s) | Temperatures: 65°C - 67°C - 75°C - 71°C - 67°C - 67°C - 74°C - 72°C | Throttling: None - None - None - None - None - None - None - None
1373 (1509629 Gflops/s) - 1372 (1508529 Gflops/s) - 1370 (1506330 Gflops/s) - 1356 (1490937 Gflops/s) - 1360 (1495335 Gflops/s) - 1356 (1490937 Gflops/s) - 1355 (1489838 Gflops/s) - 1352 (1486539 Gflops/s) | Temperatures: 66°C - 67°C - 75°C - 71°C - 67°C - 67°C - 74°C - 72°C | Throttling: None - None - None - None - None - None - None - None
1373 (1509629 Gflops/s) - 1373 (1509629 Gflops/s) - 1370 (1506330 Gflops/s) - 1357 (1492037 Gflops/s) - 1355 (1489838 Gflops/s) - 1356 (1490937 Gflops/s) - 1355 (1489838 Gflops/s) - 1351 (1485440 Gflops/s) | Temperatures: 66°C - 67°C - 74°C - 71°C - 67°C - 67°C - 74°C - 72°C | Throttling: None - None - None - None - None - None - None - None
1374 (1510728 Gflops/s) - 1372 (1508529 Gflops/s) - 1369 (1505231 Gflops/s) - 1357 (1492037 Gflops/s) - 1357 (1492037 Gflops/s) - 1355 (1489838 Gflops/s) - 1354 (1488738 Gflops/s) - 1352 (1486539 Gflops/s) | Temperatures: 65°C - 67°C - 75°C - 71°C - 67°C - 66°C - 74°C - 72°C | Throttling: None - None - None - None - None - None - None - None
1373 (1509629 Gflops/s) - 1373 (1509629 Gflops/s) - 1368 (1504131 Gflops/s) - 1357 (1492037 Gflops/s) - 1355 (1489838 Gflops/s) - 1355 (1489838 Gflops/s) - 1354 (1488738 Gflops/s) - 1352 (1486539 Gflops/s) | Temperatures: 66°C - 67°C - 74°C - 71°C - 67°C - 67°C - 74°C - 72°C | Throttling: None - None - None - None - None - None - None - None
1372 (1508529 Gflops/s) - 1369 (1505231 Gflops/s) - 1367 (1503032 Gflops/s) - 1355 (1489838 Gflops/s) - 1357 (1492037 Gflops/s) - 1355 (1489838 Gflops/s) - 1353 (1487639 Gflops/s) - 1351 (1485440 Gflops/s) | Temperatures: 65°C - 67°C - 74°C - 71°C - 67°C - 66°C - 74°C - 72°C | Throttling: None - None - None - None - None - None - None - None
1372 (1508529 Gflops/s) - 1372 (1508529 Gflops/s) - 1372 (1508529 Gflops/s) - 1356 (1490937 Gflops/s) - 1358 (1493136 Gflops/s) - 1355 (1489838 Gflops/s) - 1354 (1488738 Gflops/s) - 1352 (1486539 Gflops/s) | Temperatures: 65°C - 67°C - 74°C - 71°C - 67°C - 66°C - 74°C - 72°C | Throttling: None - None - None - None - None - None - None - None
1372 (1508529 Gflops/s) - 1373 (1509629 Gflops/s) - 1369 (1505231 Gflops/s) - 1356 (1490937 Gflops/s) - 1355 (1489838 Gflops/s) - 1355 (1489838 Gflops/s) - 1353 (1487639 Gflops/s) - 1352 (1486539 Gflops/s) | Temperatures: 65°C - 67°C - 74°C - 71°C - 67°C - 66°C - 74°C - 72°C | Throttling: None - None - None - None - None - None - None - None
1374 (1510728 Gflops/s) - 1371 (1507430 Gflops/s) - 1370 (1506330 Gflops/s) - 1356 (1490937 Gflops/s) - 1357 (1492037 Gflops/s) - 1355 (1489838 Gflops/s) - 1353 (1487639 Gflops/s) - 1352 (1486539 Gflops/s) | Temperatures: 66°C - 67°C - 74°C - 71°C - 67°C - 66°C - 74°C - 72°C | Throttling: None - None - None - None - None - None - None - None
1371 (1507430 Gflops/s) - 1371 (1507430 Gflops/s) - 1369 (1505231 Gflops/s) - 1356 (1490937 Gflops/s) - 1357 (1492037 Gflops/s) - 1354 (1488738 Gflops/s) - 1354 (1488738 Gflops/s) - 1350 (1484340 Gflops/s) | Temperatures: 65°C - 67°C - 75°C - 71°C - 67°C - 67°C - 74°C - 72°C | Throttling: None - None - None - None - None - None - None - None
1372 (1508529 Gflops/s) - 1373 (1509629 Gflops/s) - 1371 (1507430 Gflops/s) - 1356 (1490937 Gflops/s) - 1358 (1493136 Gflops/s) - 1355 (1489838 Gflops/s) - 1354 (1488738 Gflops/s) - 1353 (1487639 Gflops/s) | Temperatures: 65°C - 67°C - 74°C - 71°C - 67°C - 66°C - 74°C - 72°C | Throttling: None - None - None - None - None - None - None - None
1372 (1508529 Gflops/s) - 1373 (1509629 Gflops/s) - 1370 (1506330 Gflops/s) - 1356 (1490937 Gflops/s) - 1357 (1492037 Gflops/s) - 1355 (1489838 Gflops/s) - 1355 (1489838 Gflops/s) - 1352 (1486539 Gflops/s) | Temperatures: 65°C - 67°C - 74°C - 71°C - 67°C - 66°C - 74°C - 72°C | Throttling: None - None - None - None - None - None - None - None
1373 (1509629 Gflops/s) - 1373 (1509629 Gflops/s) - 1368 (1504131 Gflops/s) - 1357 (1492037 Gflops/s) - 1356 (1490937 Gflops/s) - 1357 (1492037 Gflops/s) - 1353 (1487639 Gflops/s) - 1352 (1486539 Gflops/s) | Temperatures: 65°C - 67°C - 74°C - 71°C - 67°C - 67°C - 74°C - 72°C | Throttling: None - None - None - None - None - None - None - None
1372 (1508529 Gflops/s) - 1370 (1506330 Gflops/s) - 1367 (1503032 Gflops/s) - 1355 (1489838 Gflops/s) - 1353 (1487639 Gflops/s) - 1353 (1487639 Gflops/s) - 1352 (1486539 Gflops/s) - 1350 (1484340 Gflops/s) | Temperatures: 65°C - 67°C - 74°C - 71°C - 67°C - 66°C - 74°C - 72°C | Throttling: None - None - None - None - None - None - None - None
1372 (1508529 Gflops/s) - 1373 (1509629 Gflops/s) - 1369 (1505231 Gflops/s) - 1357 (1492037 Gflops/s) - 1357 (1492037 Gflops/s) - 1356 (1490937 Gflops/s) - 1354 (1488738 Gflops/s) - 1352 (1486539 Gflops/s) | Temperatures: 65°C - 67°C - 75°C - 71°C - 67°C - 66°C - 74°C - 72°C | Throttling: None - None - None - None - None - None - None - None
1374 (1510728 Gflops/s) - 1373 (1509629 Gflops/s) - 1371 (1507430 Gflops/s) - 1358 (1493136 Gflops/s) - 1357 (1492037 Gflops/s) - 1356 (1490937 Gflops/s) - 1355 (1489838 Gflops/s) - 1353 (1487639 Gflops/s) | Temperatures: 65°C - 67°C - 74°C - 71°C - 67°C - 67°C - 74°C - 72°C | Throttling: None - None - None - None - None - None - None - None
1372 (1508529 Gflops/s) - 1372 (1508529 Gflops/s) - 1369 (1505231 Gflops/s) - 1357 (1492037 Gflops/s) - 1359 (1494236 Gflops/s) - 1357 (1492037 Gflops/s) - 1353 (1487639 Gflops/s) - 1351 (1485440 Gflops/s) | Temperatures: 65°C - 67°C - 74°C - 71°C - 67°C - 67°C - 74°C - 72°C | Throttling: None - None - None - None - None - None - None - None
1373 (1509629 Gflops/s) - 1369 (1505231 Gflops/s) - 1368 (1504131 Gflops/s) - 1355 (1489838 Gflops/s) - 1358 (1493136 Gflops/s) - 1353 (1487639 Gflops/s) - 1355 (1489838 Gflops/s) - 1351 (1485440 Gflops/s) | Temperatures: 65°C - 67°C - 74°C - 71°C - 67°C - 66°C - 74°C - 72°C | Throttling: None - None - None - None - None - None - None - None
1373 (1509629 Gflops/s) - 1373 (1509629 Gflops/s) - 1371 (1507430 Gflops/s) - 1358 (1493136 Gflops/s) - 1359 (1494236 Gflops/s) - 1355 (1489838 Gflops/s) - 1354 (1488738 Gflops/s) - 1352 (1486539 Gflops/s) | Temperatures: 65°C - 67°C - 74°C - 71°C - 67°C - 66°C - 74°C - 72°C | Throttling: None - None - None - None - None - None - None - None
1373 (1509629 Gflops/s) - 1374 (1510728 Gflops/s) - 1370 (1506330 Gflops/s) - 1356 (1490937 Gflops/s) - 1359 (1494236 Gflops/s) - 1355 (1489838 Gflops/s) - 1354 (1488738 Gflops/s) - 1352 (1486539 Gflops/s) | Temperatures: 65°C - 67°C - 74°C - 71°C - 67°C - 66°C - 74°C - 72°C | Throttling: None - None - None - None - None - None - None - None
1374 (1510728 Gflops/s) - 1374 (1510728 Gflops/s) - 1370 (1506330 Gflops/s) - 1357 (1492037 Gflops/s) - 1357 (1492037 Gflops/s) - 1356 (1490937 Gflops/s) - 1355 (1489838 Gflops/s) - 1351 (1485440 Gflops/s) | Temperatures: 65°C - 67°C - 74°C - 71°C - 67°C - 66°C - 74°C - 72°C | Throttling: None - None - None - None - None - None - None - None
1374 (1510728 Gflops/s) - 1374 (1510728 Gflops/s) - 1369 (1505231 Gflops/s) - 1358 (1493136 Gflops/s) - 1358 (1493136 Gflops/s) - 1356 (1490937 Gflops/s) - 1355 (1489838 Gflops/s) - 1352 (1486539 Gflops/s) | Temperatures: 65°C - 67°C - 74°C - 71°C - 67°C - 66°C - 74°C - 72°C | Throttling: None - None - None - None - None - None - None - None
1372 (1508529 Gflops/s) - 1372 (1508529 Gflops/s) - 1370 (1506330 Gflops/s) - 1355 (1489838 Gflops/s) - 1354 (1488738 Gflops/s) - 1353 (1487639 Gflops/s) - 1353 (1487639 Gflops/s) - 1351 (1485440 Gflops/s) | Temperatures: 65°C - 67°C - 74°C - 71°C - 67°C - 66°C - 74°C - 72°C | Throttling: None - None - None - None - None - None - None - None
1372 (1508529 Gflops/s) - 1371 (1507430 Gflops/s) - 1370 (1506330 Gflops/s) - 1356 (1490937 Gflops/s) - 1356 (1490937 Gflops/s) - 1355 (1489838 Gflops/s) - 1356 (1490937 Gflops/s) - 1352 (1486539 Gflops/s) | Temperatures: 65°C - 67°C - 74°C - 71°C - 67°C - 66°C - 74°C - 72°C | Throttling: None - None - None - None - None - None - None - None
1373 (1509629 Gflops/s) - 1372 (1508529 Gflops/s) - 1370 (1506330 Gflops/s) - 1357 (1492037 Gflops/s) - 1359 (1494236 Gflops/s) - 1357 (1492037 Gflops/s) - 1353 (1487639 Gflops/s) - 1351 (1485440 Gflops/s) | Temperatures: 65°C - 67°C - 74°C - 71°C - 67°C - 66°C - 74°C - 72°C | Throttling: None - None - None - None - None - None - None - None
1372 (1508529 Gflops/s) - 1372 (1508529 Gflops/s) - 1369 (1505231 Gflops/s) - 1357 (1492037 Gflops/s) - 1358 (1493136 Gflops/s) - 1356 (1490937 Gflops/s) - 1354 (1488738 Gflops/s) - 1351 (1485440 Gflops/s) | Temperatures: 65°C - 67°C - 74°C - 71°C - 67°C - 67°C - 74°C - 72°C | Throttling: None - None - None - None - None - None - None - None
1372 (1508529 Gflops/s) - 1371 (1507430 Gflops/s) - 1367 (1503032 Gflops/s) - 1354 (1488738 Gflops/s) - 1353 (1487639 Gflops/s) - 1353 (1487639 Gflops/s) - 1354 (1488738 Gflops/s) - 1350 (1484340 Gflops/s) | Temperatures: 66°C - 67°C - 74°C - 71°C - 67°C - 67°C - 74°C - 72°C | Throttling: None - None - None - None - None - None - None - None
1372 (1508529 Gflops/s) - 1370 (1506330 Gflops/s) - 1371 (1507430 Gflops/s) - 1356 (1490937 Gflops/s) - 1363 (1498634 Gflops/s) - 1356 (1490937 Gflops/s) - 1353 (1487639 Gflops/s) - 1352 (1486539 Gflops/s) | Temperatures: 66°C - 67°C - 74°C - 71°C - 68°C - 67°C - 74°C - 72°C | Throttling: None - None - None - None - None - None - None - None
1373 (1509629 Gflops/s) - 1373 (1509629 Gflops/s) - 1369 (1505231 Gflops/s) - 1356 (1490937 Gflops/s) - 1355 (1489838 Gflops/s) - 1355 (1489838 Gflops/s) - 1354 (1488738 Gflops/s) - 1352 (1486539 Gflops/s) | Temperatures: 66°C - 67°C - 74°C - 71°C - 67°C - 67°C - 74°C - 72°C | Throttling: None - None - None - None - None - None - None - None
1373 (1509629 Gflops/s) - 1371 (1507430 Gflops/s) - 1370 (1506330 Gflops/s) - 1356 (1490937 Gflops/s) - 1358 (1493136 Gflops/s) - 1356 (1490937 Gflops/s) - 1354 (1488738 Gflops/s) - 1351 (1485440 Gflops/s) | Temperatures: 66°C - 67°C - 74°C - 71°C - 68°C - 67°C - 74°C - 72°C | Throttling: None - None - None - None - None - None - None - None
1372 (1508529 Gflops/s) - 1371 (1507430 Gflops/s) - 1369 (1505231 Gflops/s) - 1355 (1489838 Gflops/s) - 1354 (1488738 Gflops/s) - 1354 (1488738 Gflops/s) - 1352 (1486539 Gflops/s) - 1351 (1485440 Gflops/s) | Temperatures: 65°C - 67°C - 75°C - 71°C - 67°C - 67°C - 74°C - 72°C | Throttling: None - None - None - None - None - None - None - None
1372 (1508529 Gflops/s) - 1372 (1508529 Gflops/s) - 1369 (1505231 Gflops/s) - 1357 (1492037 Gflops/s) - 1363 (1498634 Gflops/s) - 1356 (1490937 Gflops/s) - 1353 (1487639 Gflops/s) - 1351 (1485440 Gflops/s) | Temperatures: 66°C - 67°C - 75°C - 71°C - 68°C - 67°C - 74°C - 72°C | Throttling: None - None - None - None - None - None - None - None
1371 (1507430 Gflops/s) - 1373 (1509629 Gflops/s) - 1369 (1505231 Gflops/s) - 1357 (1492037 Gflops/s) - 1356 (1490937 Gflops/s) - 1355 (1489838 Gflops/s) - 1354 (1488738 Gflops/s) - 1352 (1486539 Gflops/s) | Temperatures: 65°C - 67°C - 75°C - 71°C - 67°C - 67°C - 74°C - 72°C | Throttling: None - None - None - None - None - None - None - None
1372 (1508529 Gflops/s) - 1373 (1509629 Gflops/s) - 1371 (1507430 Gflops/s) - 1357 (1492037 Gflops/s) - 1362 (1497534 Gflops/s) - 1356 (1490937 Gflops/s) - 1354 (1488738 Gflops/s) - 1352 (1486539 Gflops/s) | Temperatures: 66°C - 67°C - 75°C - 71°C - 67°C - 67°C - 74°C - 72°C | Throttling: None - None - None - None - None - None - None - None
1373 (1509629 Gflops/s) - 1371 (1507430 Gflops/s) - 1370 (1506330 Gflops/s) - 1356 (1490937 Gflops/s) - 1360 (1495335 Gflops/s) - 1356 (1490937 Gflops/s) - 1355 (1489838 Gflops/s) - 1351 (1485440 Gflops/s) | Temperatures: 65°C - 67°C - 74°C - 71°C - 67°C - 67°C - 74°C - 72°C | Throttling: None - None - None - None - None - None - None - None
1370 (1506330 Gflops/s) - 1370 (1506330 Gflops/s) - 1367 (1503032 Gflops/s) - 1355 (1489838 Gflops/s) - 1356 (1490937 Gflops/s) - 1353 (1487639 Gflops/s) - 1351 (1485440 Gflops/s) - 1350 (1484340 Gflops/s) | Temperatures: 66°C - 67°C - 74°C - 71°C - 67°C - 67°C - 74°C - 72°C | Throttling: None - None - None - None - None - None - None - None
1374 (1510728 Gflops/s) - 1371 (1507430 Gflops/s) - 1368 (1504131 Gflops/s) - 1356 (1490937 Gflops/s) - 1356 (1490937 Gflops/s) - 1356 (1490937 Gflops/s) - 1354 (1488738 Gflops/s) - 1352 (1486539 Gflops/s) | Temperatures: 66°C - 67°C - 75°C - 71°C - 67°C - 67°C - 74°C - 72°C | Throttling: None - None - None - None - None - None - None - None
1373 (1509629 Gflops/s) - 1374 (1510728 Gflops/s) - 1370 (1506330 Gflops/s) - 1357 (1492037 Gflops/s) - 1363 (1498634 Gflops/s) - 1355 (1489838 Gflops/s) - 1354 (1488738 Gflops/s) - 1352 (1486539 Gflops/s) | Temperatures: 65°C - 67°C - 75°C - 71°C - 67°C - 67°C - 74°C - 72°C | Throttling: None - None - None - None - None - None - None - None
1373 (1509629 Gflops/s) - 1373 (1509629 Gflops/s) - 1370 (1506330 Gflops/s) - 1357 (1492037 Gflops/s) - 1355 (1489838 Gflops/s) - 1356 (1490937 Gflops/s) - 1354 (1488738 Gflops/s) - 1352 (1486539 Gflops/s) | Temperatures: 66°C - 67°C - 74°C - 71°C - 67°C - 66°C - 74°C - 72°C | Throttling: None - None - None - None - None - None - None - None
1372 (1508529 Gflops/s) - 1369 (1505231 Gflops/s) - 1367 (1503032 Gflops/s) - 1355 (1489838 Gflops/s) - 1355 (1489838 Gflops/s) - 1354 (1488738 Gflops/s) - 1352 (1486539 Gflops/s) - 1351 (1485440 Gflops/s) | Temperatures: 65°C - 67°C - 74°C - 71°C - 67°C - 66°C - 74°C - 72°C | Throttling: None - None - None - None - None - None - None - None
1372 (1508529 Gflops/s) - 1372 (1508529 Gflops/s) - 1371 (1507430 Gflops/s) - 1356 (1490937 Gflops/s) - 1359 (1494236 Gflops/s) - 1355 (1489838 Gflops/s) - 1353 (1487639 Gflops/s) - 1351 (1485440 Gflops/s) | Temperatures: 65°C - 67°C - 74°C - 71°C - 67°C - 66°C - 74°C - 72°C | Throttling: None - None - None - None - None - None - None - None
1373 (1509629 Gflops/s) - 1370 (1506330 Gflops/s) - 1368 (1504131 Gflops/s) - 1357 (1492037 Gflops/s) - 1355 (1489838 Gflops/s) - 1355 (1489838 Gflops/s) - 1353 (1487639 Gflops/s) - 1352 (1486539 Gflops/s) | Temperatures: 65°C - 67°C - 74°C - 71°C - 67°C - 67°C - 74°C - 72°C | Throttling: None - None - None - None - None - None - None - None
1372 (1508529 Gflops/s) - 1372 (1508529 Gflops/s) - 1370 (1506330 Gflops/s) - 1357 (1492037 Gflops/s) - 1359 (1494236 Gflops/s) - 1355 (1489838 Gflops/s) - 1355 (1489838 Gflops/s) - 1351 (1485440 Gflops/s) | Temperatures: 65°C - 67°C - 74°C - 71°C - 67°C - 66°C - 74°C - 72°C | Throttling: None - None - None - None - None - None - None - None
1373 (1509629 Gflops/s) - 1371 (1507430 Gflops/s) - 1368 (1504131 Gflops/s) - 1355 (1489838 Gflops/s) - 1358 (1493136 Gflops/s) - 1355 (1489838 Gflops/s) - 1352 (1486539 Gflops/s) - 1351 (1485440 Gflops/s) | Temperatures: 65°C - 67°C - 74°C - 71°C - 67°C - 66°C - 74°C - 72°C | Throttling: None - None - None - None - None - None - None - None
1372 (1508529 Gflops/s) - 1373 (1509629 Gflops/s) - 1368 (1504131 Gflops/s) - 1357 (1492037 Gflops/s) - 1354 (1488738 Gflops/s) - 1355 (1489838 Gflops/s) - 1355 (1489838 Gflops/s) - 1352 (1486539 Gflops/s) | Temperatures: 65°C - 67°C - 74°C - 71°C - 67°C - 66°C - 74°C - 72°C | Throttling: None - None - None - None - None - None - None - None
1374 (1510728 Gflops/s) - 1372 (1508529 Gflops/s) - 1371 (1507430 Gflops/s) - 1357 (1492037 Gflops/s) - 1355 (1489838 Gflops/s) - 1356 (1490937 Gflops/s) - 1354 (1488738 Gflops/s) - 1352 (1486539 Gflops/s) | Temperatures: 65°C - 67°C - 74°C - 71°C - 67°C - 67°C - 74°C - 72°C | Throttling: None - None - None - None - None - None - None - None
1372 (1508529 Gflops/s) - 1374 (1510728 Gflops/s) - 1371 (1507430 Gflops/s) - 1357 (1492037 Gflops/s) - 1360 (1495335 Gflops/s) - 1356 (1490937 Gflops/s) - 1354 (1488738 Gflops/s) - 1352 (1486539 Gflops/s) | Temperatures: 65°C - 67°C - 74°C - 71°C - 67°C - 66°C - 74°C - 72°C | Throttling: None - None - None - None - None - None - None - None
1372 (1508529 Gflops/s) - 1373 (1509629 Gflops/s) - 1368 (1504131 Gflops/s) - 1357 (1492037 Gflops/s) - 1355 (1489838 Gflops/s) - 1355 (1489838 Gflops/s) - 1355 (1489838 Gflops/s) - 1352 (1486539 Gflops/s) | Temperatures: 65°C - 67°C - 74°C - 71°C - 67°C - 67°C - 74°C - 72°C | Throttling: None - None - None - None - None - None - None - None
1372 (1508529 Gflops/s) - 1370 (1506330 Gflops/s) - 1369 (1505231 Gflops/s) - 1356 (1490937 Gflops/s) - 1360 (1495335 Gflops/s) - 1353 (1487639 Gflops/s) - 1353 (1487639 Gflops/s) - 1352 (1486539 Gflops/s) | Temperatures: 65°C - 67°C - 74°C - 71°C - 67°C - 67°C - 74°C - 72°C | Throttling: None - None - None - None - None - None - None - None
1372 (1508529 Gflops/s) - 1371 (1507430 Gflops/s) - 1369 (1505231 Gflops/s) - 1357 (1492037 Gflops/s) - 1357 (1492037 Gflops/s) - 1357 (1492037 Gflops/s) - 1355 (1489838 Gflops/s) - 1352 (1486539 Gflops/s) | Temperatures: 65°C - 67°C - 74°C - 71°C - 67°C - 66°C - 74°C - 72°C | Throttling: None - None - None - None - None - None - None - None
1373 (1509629 Gflops/s) - 1371 (1507430 Gflops/s) - 1368 (1504131 Gflops/s) - 1357 (1492037 Gflops/s) - 1356 (1490937 Gflops/s) - 1354 (1488738 Gflops/s) - 1354 (1488738 Gflops/s) - 1352 (1486539 Gflops/s) | Temperatures: 65°C - 67°C - 74°C - 71°C - 67°C - 66°C - 74°C - 72°C | Throttling: None - None - None - None - None - None - None - None
1374 (1510728 Gflops/s) - 1373 (1509629 Gflops/s) - 1371 (1507430 Gflops/s) - 1357 (1492037 Gflops/s) - 1358 (1493136 Gflops/s) - 1356 (1490937 Gflops/s) - 1354 (1488738 Gflops/s) - 1353 (1487639 Gflops/s) | Temperatures: 65°C - 67°C - 74°C - 71°C - 67°C - 67°C - 74°C - 72°C | Throttling: None - None - None - None - None - None - None - None
1371 (1507430 Gflops/s) - 1371 (1507430 Gflops/s) - 1368 (1504131 Gflops/s) - 1355 (1489838 Gflops/s) - 1360 (1495335 Gflops/s) - 1353 (1487639 Gflops/s) - 1353 (1487639 Gflops/s) - 1351 (1485440 Gflops/s) | Temperatures: 65°C - 67°C - 74°C - 71°C - 67°C - 66°C - 74°C - 72°C | Throttling: None - None - None - None - None - None - None - None
1373 (1509629 Gflops/s) - 1369 (1505231 Gflops/s) - 1369 (1505231 Gflops/s) - 1357 (1492037 Gflops/s) - 1358 (1493136 Gflops/s) - 1356 (1490937 Gflops/s) - 1354 (1488738 Gflops/s) - 1352 (1486539 Gflops/s) | Temperatures: 65°C - 67°C - 74°C - 71°C - 67°C - 67°C - 74°C - 72°C | Throttling: None - None - None - None - None - None - None - None
1372 (1508529 Gflops/s) - 1372 (1508529 Gflops/s) - 1369 (1505231 Gflops/s) - 1357 (1492037 Gflops/s) - 1355 (1489838 Gflops/s) - 1355 (1489838 Gflops/s) - 1356 (1490937 Gflops/s) - 1352 (1486539 Gflops/s) | Temperatures: 65°C - 67°C - 74°C - 71°C - 67°C - 67°C - 74°C - 72°C | Throttling: None - None - None - None - None - None - None - None
1373 (1509629 Gflops/s) - 1372 (1508529 Gflops/s) - 1369 (1505231 Gflops/s) - 1356 (1490937 Gflops/s) - 1356 (1490937 Gflops/s) - 1356 (1490937 Gflops/s) - 1353 (1487639 Gflops/s) - 1353 (1487639 Gflops/s) | Temperatures: 65°C - 67°C - 74°C - 71°C - 67°C - 67°C - 74°C - 72°C | Throttling: None - None - None - None - None - None - None - None
1370 (1506330 Gflops/s) - 1370 (1506330 Gflops/s) - 1368 (1504131 Gflops/s) - 1356 (1490937 Gflops/s) - 1357 (1492037 Gflops/s) - 1355 (1489838 Gflops/s) - 1352 (1486539 Gflops/s) - 1351 (1485440 Gflops/s) | Temperatures: 65°C - 67°C - 74°C - 71°C - 67°C - 66°C - 74°C - 72°C | Throttling: None - None - None - None - None - None - None - None
1374 (1510728 Gflops/s) - 1371 (1507430 Gflops/s) - 1369 (1505231 Gflops/s) - 1356 (1490937 Gflops/s) - 1357 (1492037 Gflops/s) - 1355 (1489838 Gflops/s) - 1356 (1490937 Gflops/s) - 1353 (1487639 Gflops/s) | Temperatures: 65°C - 67°C - 74°C - 71°C - 67°C - 66°C - 74°C - 72°C | Throttling: None - None - None - None - None - None - None - None
1374 (1510728 Gflops/s) - 1372 (1508529 Gflops/s) - 1370 (1506330 Gflops/s) - 1357 (1492037 Gflops/s) - 1358 (1493136 Gflops/s) - 1356 (1490937 Gflops/s) - 1354 (1488738 Gflops/s) - 1352 (1486539 Gflops/s) | Temperatures: 65°C - 67°C - 74°C - 71°C - 67°C - 66°C - 74°C - 72°C | Throttling: None - None - None - None - None - None - None - None
1373 (1509629 Gflops/s) - 1373 (1509629 Gflops/s) - 1369 (1505231 Gflops/s) - 1356 (1490937 Gflops/s) - 1355 (1489838 Gflops/s) - 1356 (1490937 Gflops/s) - 1354 (1488738 Gflops/s) - 1353 (1487639 Gflops/s) | Temperatures: 65°C - 67°C - 74°C - 71°C - 67°C - 66°C - 74°C - 72°C | Throttling: None - None - None - None - None - None - None - None
1372 (1508529 Gflops/s) - 1372 (1508529 Gflops/s) - 1366 (1501932 Gflops/s) - 1356 (1490937 Gflops/s) - 1355 (1489838 Gflops/s) - 1354 (1488738 Gflops/s) - 1353 (1487639 Gflops/s) - 1351 (1485440 Gflops/s) | Temperatures: 65°C - 67°C - 74°C - 71°C - 67°C - 66°C - 74°C - 72°C | Throttling: None - None - None - None - None - None - None - None
1374 (1510728 Gflops/s) - 1372 (1508529 Gflops/s) - 1372 (1508529 Gflops/s) - 1358 (1493136 Gflops/s) - 1362 (1497534 Gflops/s) - 1356 (1490937 Gflops/s) - 1356 (1490937 Gflops/s) - 1352 (1486539 Gflops/s) | Temperatures: 65°C - 67°C - 74°C - 71°C - 67°C - 67°C - 74°C - 72°C | Throttling: None - None - None - None - None - None - None - None
1372 (1508529 Gflops/s) - 1371 (1507430 Gflops/s) - 1368 (1504131 Gflops/s) - 1356 (1490937 Gflops/s) - 1361 (1496435 Gflops/s) - 1355 (1489838 Gflops/s) - 1352 (1486539 Gflops/s) - 1352 (1486539 Gflops/s) | Temperatures: 65°C - 67°C - 74°C - 71°C - 67°C - 66°C - 74°C - 72°C | Throttling: None - None - None - None - None - None - None - None
1373 (1509629 Gflops/s) - 1371 (1507430 Gflops/s) - 1370 (1506330 Gflops/s) - 1357 (1492037 Gflops/s) - 1357 (1492037 Gflops/s) - 1356 (1490937 Gflops/s) - 1354 (1488738 Gflops/s) - 1352 (1486539 Gflops/s) | Temperatures: 65°C - 67°C - 74°C - 71°C - 67°C - 67°C - 74°C - 72°C | Throttling: None - None - None - None - None - None - None - None
1374 (1510728 Gflops/s) - 1373 (1509629 Gflops/s) - 1372 (1508529 Gflops/s) - 1357 (1492037 Gflops/s) - 1360 (1495335 Gflops/s) - 1355 (1489838 Gflops/s) - 1354 (1488738 Gflops/s) - 1352 (1486539 Gflops/s) | Temperatures: 65°C - 67°C - 74°C - 71°C - 67°C - 66°C - 74°C - 72°C | Throttling: None - None - None - None - None - None - None - None
1372 (1508529 Gflops/s) - 1371 (1507430 Gflops/s) - 1368 (1504131 Gflops/s) - 1355 (1489838 Gflops/s) - 1360 (1495335 Gflops/s) - 1354 (1488738 Gflops/s) - 1352 (1486539 Gflops/s) - 1352 (1486539 Gflops/s) | Temperatures: 65°C - 67°C - 74°C - 71°C - 67°C - 66°C - 74°C - 72°C | Throttling: None - None - None - None - None - None - None - None
1373 (1509629 Gflops/s) - 1372 (1508529 Gflops/s) - 1369 (1505231 Gflops/s) - 1357 (1492037 Gflops/s) - 1358 (1493136 Gflops/s) - 1355 (1489838 Gflops/s) - 1354 (1488738 Gflops/s) - 1353 (1487639 Gflops/s) | Temperatures: 65°C - 67°C - 74°C - 71°C - 67°C - 66°C - 74°C - 72°C | Throttling: None - None - None - None - None - None - None - None
1373 (1509629 Gflops/s) - 1372 (1508529 Gflops/s) - 1370 (1506330 Gflops/s) - 1356 (1490937 Gflops/s) - 1359 (1494236 Gflops/s) - 1356 (1490937 Gflops/s) - 1354 (1488738 Gflops/s) - 1353 (1487639 Gflops/s) | Temperatures: 65°C - 67°C - 74°C - 71°C - 67°C - 66°C - 74°C - 72°C | Throttling: None - None - None - None - None - None - None - None
1374 (1510728 Gflops/s) - 1369 (1505231 Gflops/s) - 1368 (1504131 Gflops/s) - 1357 (1492037 Gflops/s) - 1359 (1494236 Gflops/s) - 1356 (1490937 Gflops/s) - 1354 (1488738 Gflops/s) - 1353 (1487639 Gflops/s) | Temperatures: 65°C - 67°C - 74°C - 71°C - 67°C - 66°C - 74°C - 72°C | Throttling: None - None - None - None - None - None - None - None
1371 (1507430 Gflops/s) - 1368 (1504131 Gflops/s) - 1369 (1505231 Gflops/s) - 1356 (1490937 Gflops/s) - 1358 (1493136 Gflops/s) - 1355 (1489838 Gflops/s) - 1351 (1485440 Gflops/s) - 1352 (1486539 Gflops/s) | Temperatures: 65°C - 67°C - 74°C - 71°C - 67°C - 66°C - 74°C - 72°C | Throttling: None - None - None - None - None - None - None - None
1373 (1509629 Gflops/s) - 1373 (1509629 Gflops/s) - 1371 (1507430 Gflops/s) - 1357 (1492037 Gflops/s) - 1359 (1494236 Gflops/s) - 1356 (1490937 Gflops/s) - 1355 (1489838 Gflops/s) - 1353 (1487639 Gflops/s) | Temperatures: 65°C - 67°C - 74°C - 71°C - 67°C - 66°C - 74°C - 72°C | Throttling: None - None - None - None - None - None - None - None
1374 (1510728 Gflops/s) - 1371 (1507430 Gflops/s) - 1370 (1506330 Gflops/s) - 1357 (1492037 Gflops/s) - 1361 (1496435 Gflops/s) - 1355 (1489838 Gflops/s) - 1354 (1488738 Gflops/s) - 1353 (1487639 Gflops/s) | Temperatures: 65°C - 67°C - 74°C - 71°C - 67°C - 66°C - 74°C - 72°C | Throttling: None - None - None - None - None - None - None - None
1372 (1508529 Gflops/s) - 1374 (1510728 Gflops/s) - 1368 (1504131 Gflops/s) - 1357 (1492037 Gflops/s) - 1356 (1490937 Gflops/s) - 1356 (1490937 Gflops/s) - 1355 (1489838 Gflops/s) - 1352 (1486539 Gflops/s) | Temperatures: 65°C - 67°C - 74°C - 71°C - 67°C - 66°C - 74°C - 72°C | Throttling: None - None - None - None - None - None - None - None
1371 (1507430 Gflops/s) - 1372 (1508529 Gflops/s) - 1367 (1503032 Gflops/s) - 1356 (1490937 Gflops/s) - 1358 (1493136 Gflops/s) - 1355 (1489838 Gflops/s) - 1353 (1487639 Gflops/s) - 1352 (1486539 Gflops/s) | Temperatures: 65°C - 67°C - 74°C - 71°C - 67°C - 67°C - 74°C - 72°C | Throttling: None - None - None - None - None - None - None - None
1373 (1509629 Gflops/s) - 1371 (1507430 Gflops/s) - 1370 (1506330 Gflops/s) - 1356 (1490937 Gflops/s) - 1366 (1501932 Gflops/s) - 1355 (1489838 Gflops/s) - 1354 (1488738 Gflops/s) - 1353 (1487639 Gflops/s) | Temperatures: 65°C - 67°C - 74°C - 71°C - 67°C - 66°C - 74°C - 72°C | Throttling: None - None - None - None - None - None - None - None
1373 (1509629 Gflops/s) - 1373 (1509629 Gflops/s) - 1371 (1507430 Gflops/s) - 1357 (1492037 Gflops/s) - 1358 (1493136 Gflops/s) - 1355 (1489838 Gflops/s) - 1353 (1487639 Gflops/s) - 1352 (1486539 Gflops/s) | Temperatures: 65°C - 67°C - 74°C - 71°C - 67°C - 66°C - 74°C - 72°C | Throttling: None - None - None - None - None - None - None - None
1373 (1509629 Gflops/s) - 1371 (1507430 Gflops/s) - 1370 (1506330 Gflops/s) - 1357 (1492037 Gflops/s) - 1360 (1495335 Gflops/s) - 1356 (1490937 Gflops/s) - 1355 (1489838 Gflops/s) - 1353 (1487639 Gflops/s) | Temperatures: 65°C - 67°C - 74°C - 71°C - 67°C - 66°C - 74°C - 72°C | Throttling: None - None - None - None - None - None - None - None
1371 (1507430 Gflops/s) - 1371 (1507430 Gflops/s) - 1368 (1504131 Gflops/s) - 1355 (1489838 Gflops/s) - 1357 (1492037 Gflops/s) - 1355 (1489838 Gflops/s) - 1352 (1486539 Gflops/s) - 1351 (1485440 Gflops/s) | Temperatures: 65°C - 67°C - 74°C - 71°C - 67°C - 67°C - 74°C - 72°C | Throttling: None - None - None - None - None - None - None - None
1373 (1509629 Gflops/s) - 1374 (1510728 Gflops/s) - 1368 (1504131 Gflops/s) - 1356 (1490937 Gflops/s) - 1357 (1492037 Gflops/s) - 1355 (1489838 Gflops/s) - 1355 (1489838 Gflops/s) - 1352 (1486539 Gflops/s) | Temperatures: 65°C - 67°C - 74°C - 71°C - 67°C - 66°C - 74°C - 72°C | Throttling: None - None - None - None - None - None - None - None
1373 (1509629 Gflops/s) - 1372 (1508529 Gflops/s) - 1369 (1505231 Gflops/s) - 1357 (1492037 Gflops/s) - 1357 (1492037 Gflops/s) - 1356 (1490937 Gflops/s) - 1354 (1488738 Gflops/s) - 1352 (1486539 Gflops/s) | Temperatures: 65°C - 67°C - 74°C - 71°C - 67°C - 66°C - 74°C - 72°C | Throttling: None - None - None - None - None - None - None - None
1373 (1509629 Gflops/s) - 1374 (1510728 Gflops/s) - 1369 (1505231 Gflops/s) - 1356 (1490937 Gflops/s) - 1358 (1493136 Gflops/s) - 1355 (1489838 Gflops/s) - 1354 (1488738 Gflops/s) - 1353 (1487639 Gflops/s) | Temperatures: 65°C - 67°C - 74°C - 71°C - 67°C - 66°C - 74°C - 72°C | Throttling: None - None - None - None - None - None - None - None
1372 (1508529 Gflops/s) - 1374 (1510728 Gflops/s) - 1370 (1506330 Gflops/s) - 1357 (1492037 Gflops/s) - 1360 (1495335 Gflops/s) - 1355 (1489838 Gflops/s) - 1354 (1488738 Gflops/s) - 1352 (1486539 Gflops/s) | Temperatures: 65°C - 67°C - 74°C - 71°C - 67°C - 67°C - 74°C - 72°C | Throttling: None - None - None - None - None - None - None - None
1372 (1508529 Gflops/s) - 1369 (1505231 Gflops/s) - 1368 (1504131 Gflops/s) - 1355 (1489838 Gflops/s) - 1362 (1497534 Gflops/s) - 1355 (1489838 Gflops/s) - 1353 (1487639 Gflops/s) - 1352 (1486539 Gflops/s) | Temperatures: 65°C - 67°C - 74°C - 71°C - 67°C - 66°C - 74°C - 72°C | Throttling: None - None - None - None - None - None - None - None
1374 (1510728 Gflops/s) - 1373 (1509629 Gflops/s) - 1368 (1504131 Gflops/s) - 1356 (1490937 Gflops/s) - 1358 (1493136 Gflops/s) - 1356 (1490937 Gflops/s) - 1353 (1487639 Gflops/s) - 1352 (1486539 Gflops/s) | Temperatures: 65°C - 67°C - 74°C - 71°C - 67°C - 66°C - 74°C - 72°C | Throttling: None - None - None - None - None - None - None - None
1372 (1508529 Gflops/s) - 1371 (1507430 Gflops/s) - 1369 (1505231 Gflops/s) - 1358 (1493136 Gflops/s) - 1355 (1489838 Gflops/s) - 1355 (1489838 Gflops/s) - 1354 (1488738 Gflops/s) - 1352 (1486539 Gflops/s) | Temperatures: 65°C - 67°C - 74°C - 71°C - 67°C - 66°C - 74°C - 72°C | Throttling: None - None - None - None - None - None - None - None
1373 (1509629 Gflops/s) - 1372 (1508529 Gflops/s) - 1369 (1505231 Gflops/s) - 1357 (1492037 Gflops/s) - 1359 (1494236 Gflops/s) - 1356 (1490937 Gflops/s) - 1353 (1487639 Gflops/s) - 1353 (1487639 Gflops/s) | Temperatures: 65°C - 67°C - 74°C - 71°C - 67°C - 67°C - 74°C - 72°C | Throttling: None - None - None - None - None - None - None - None
1372 (1508529 Gflops/s) - 1369 (1505231 Gflops/s) - 1369 (1505231 Gflops/s) - 1355 (1489838 Gflops/s) - 1353 (1487639 Gflops/s) - 1354 (1488738 Gflops/s) - 1353 (1487639 Gflops/s) - 1351 (1485440 Gflops/s) | Temperatures: 65°C - 67°C - 74°C - 71°C - 67°C - 66°C - 74°C - 72°C | Throttling: None - None - None - None - None - None - None - None
1374 (1510728 Gflops/s) - 1372 (1508529 Gflops/s) - 1370 (1506330 Gflops/s) - 1358 (1493136 Gflops/s) - 1359 (1494236 Gflops/s) - 1355 (1489838 Gflops/s) - 1355 (1489838 Gflops/s) - 1352 (1486539 Gflops/s) | Temperatures: 65°C - 67°C - 74°C - 71°C - 67°C - 66°C - 74°C - 72°C | Throttling: None - None - None - None - None - None - None - None
1373 (1509629 Gflops/s) - 1373 (1509629 Gflops/s) - 1371 (1507430 Gflops/s) - 1357 (1492037 Gflops/s) - 1359 (1494236 Gflops/s) - 1356 (1490937 Gflops/s) - 1353 (1487639 Gflops/s) - 1354 (1488738 Gflops/s) | Temperatures: 65°C - 67°C - 74°C - 71°C - 67°C - 66°C - 74°C - 72°C | Throttling: None - None - None - None - None - None - None - None
1373 (1509629 Gflops/s) - 1371 (1507430 Gflops/s) - 1369 (1505231 Gflops/s) - 1356 (1490937 Gflops/s) - 1359 (1494236 Gflops/s) - 1356 (1490937 Gflops/s) - 1355 (1489838 Gflops/s) - 1353 (1487639 Gflops/s) | Temperatures: 65°C - 67°C - 74°C - 71°C - 67°C - 66°C - 74°C - 72°C | Throttling: None - None - None - None - None - None - None - None
1372 (1508529 Gflops/s) - 1371 (1507430 Gflops/s) - 1368 (1504131 Gflops/s) - 1355 (1489838 Gflops/s) - 1358 (1493136 Gflops/s) - 1354 (1488738 Gflops/s) - 1351 (1485440 Gflops/s) - 1351 (1485440 Gflops/s) | Temperatures: 65°C - 67°C - 74°C - 71°C - 67°C - 66°C - 74°C - 72°C | Throttling: None - None - None - None - None - None - None - None
1374 (1510728 Gflops/s) - 1373 (1509629 Gflops/s) - 1368 (1504131 Gflops/s) - 1358 (1493136 Gflops/s) - 1358 (1493136 Gflops/s) - 1356 (1490937 Gflops/s) - 1354 (1488738 Gflops/s) - 1353 (1487639 Gflops/s) | Temperatures: 65°C - 67°C - 74°C - 71°C - 67°C - 66°C - 74°C - 72°C | Throttling: None - None - None - None - None - None - None - None
1373 (1509629 Gflops/s) - 1373 (1509629 Gflops/s) - 1370 (1506330 Gflops/s) - 1356 (1490937 Gflops/s) - 1358 (1493136 Gflops/s) - 1355 (1489838 Gflops/s) - 1354 (1488738 Gflops/s) - 1354 (1488738 Gflops/s) | Temperatures: 65°C - 67°C - 74°C - 71°C - 67°C - 66°C - 74°C - 72°C | Throttling: None - None - None - None - None - None - None - None
1374 (1510728 Gflops/s) - 1371 (1507430 Gflops/s) - 1373 (1509629 Gflops/s) - 1356 (1490937 Gflops/s) - 1359 (1494236 Gflops/s) - 1356 (1490937 Gflops/s) - 1355 (1489838 Gflops/s) - 1353 (1487639 Gflops/s) | Temperatures: 65°C - 67°C - 74°C - 71°C - 67°C - 66°C - 74°C - 72°C | Throttling: None - None - None - None - None - None - None - None
1372 (1508529 Gflops/s) - 1371 (1507430 Gflops/s) - 1371 (1507430 Gflops/s) - 1358 (1493136 Gflops/s) - 1359 (1494236 Gflops/s) - 1356 (1490937 Gflops/s) - 1355 (1489838 Gflops/s) - 1352 (1486539 Gflops/s) | Temperatures: 65°C - 67°C - 74°C - 71°C - 67°C - 66°C - 74°C - 72°C | Throttling: None - None - None - None - None - None - None - None
1372 (1508529 Gflops/s) - 1370 (1506330 Gflops/s) - 1368 (1504131 Gflops/s) - 1354 (1488738 Gflops/s) - 1359 (1494236 Gflops/s) - 1355 (1489838 Gflops/s) - 1352 (1486539 Gflops/s) - 1351 (1485440 Gflops/s) | Temperatures: 65°C - 67°C - 74°C - 71°C - 67°C - 66°C - 74°C - 72°C | Throttling: None - None - None - None - None - None - None - None
1373 (1509629 Gflops/s) - 1374 (1510728 Gflops/s) - 1370 (1506330 Gflops/s) - 1357 (1492037 Gflops/s) - 1359 (1494236 Gflops/s) - 1356 (1490937 Gflops/s) - 1354 (1488738 Gflops/s) - 1353 (1487639 Gflops/s) | Temperatures: 65°C - 67°C - 74°C - 71°C - 67°C - 66°C - 74°C - 72°C | Throttling: None - None - None - None - None - None - None - None
1374 (1510728 Gflops/s) - 1372 (1508529 Gflops/s) - 1370 (1506330 Gflops/s) - 1357 (1492037 Gflops/s) - 1357 (1492037 Gflops/s) - 1356 (1490937 Gflops/s) - 1354 (1488738 Gflops/s) - 1353 (1487639 Gflops/s) | Temperatures: 65°C - 67°C - 74°C - 71°C - 67°C - 66°C - 74°C - 72°C | Throttling: None - None - None - None - None - None - None - None
1372 (1508529 Gflops/s) - 1374 (1510728 Gflops/s) - 1369 (1505231 Gflops/s) - 1357 (1492037 Gflops/s) - 1359 (1494236 Gflops/s) - 1355 (1489838 Gflops/s) - 1356 (1490937 Gflops/s) - 1353 (1487639 Gflops/s) | Temperatures: 65°C - 67°C - 74°C - 71°C - 67°C - 66°C - 74°C - 72°C | Throttling: None - None - None - None - None - None - None - None
1373 (1509629 Gflops/s) - 1371 (1507430 Gflops/s) - 1370 (1506330 Gflops/s) - 1356 (1490937 Gflops/s) - 1359 (1494236 Gflops/s) - 1354 (1488738 Gflops/s) - 1355 (1489838 Gflops/s) - 1352 (1486539 Gflops/s) | Temperatures: 65°C - 67°C - 74°C - 71°C - 67°C - 66°C - 74°C - 72°C | Throttling: None - None - None - None - None - None - None - None
1374 (1510728 Gflops/s) - 1372 (1508529 Gflops/s) - 1371 (1507430 Gflops/s) - 1357 (1492037 Gflops/s) - 1356 (1490937 Gflops/s) - 1355 (1489838 Gflops/s) - 1355 (1489838 Gflops/s) - 1353 (1487639 Gflops/s) | Temperatures: 65°C - 67°C - 74°C - 71°C - 67°C - 66°C - 74°C - 72°C | Throttling: None - None - None - None - None - None - None - None
1374 (1510728 Gflops/s) - 1371 (1507430 Gflops/s) - 1368 (1504131 Gflops/s) - 1357 (1492037 Gflops/s) - 1357 (1492037 Gflops/s) - 1356 (1490937 Gflops/s) - 1354 (1488738 Gflops/s) - 1353 (1487639 Gflops/s) | Temperatures: 65°C - 67°C - 74°C - 71°C - 67°C - 66°C - 74°C - 72°C | Throttling: None - None - None - None - None - None - None - None
1374 (1510728 Gflops/s) - 1371 (1507430 Gflops/s) - 1372 (1508529 Gflops/s) - 1358 (1493136 Gflops/s) - 1359 (1494236 Gflops/s) - 1357 (1492037 Gflops/s) - 1355 (1489838 Gflops/s) - 1353 (1487639 Gflops/s) | Temperatures: 65°C - 67°C - 74°C - 71°C - 67°C - 66°C - 74°C - 72°C | Throttling: None - None - None - None - None - None - None - None
1372 (1508529 Gflops/s) - 1370 (1506330 Gflops/s) - 1368 (1504131 Gflops/s) - 1355 (1489838 Gflops/s) - 1356 (1490937 Gflops/s) - 1354 (1488738 Gflops/s) - 1353 (1487639 Gflops/s) - 1351 (1485440 Gflops/s) | Temperatures: 65°C - 67°C - 74°C - 71°C - 67°C - 66°C - 74°C - 72°C | Throttling: None - None - None - None - None - None - None - None
1374 (1510728 Gflops/s) - 1375 (1511828 Gflops/s) - 1369 (1505231 Gflops/s) - 1357 (1492037 Gflops/s) - 1356 (1490937 Gflops/s) - 1356 (1490937 Gflops/s) - 1354 (1488738 Gflops/s) - 1354 (1488738 Gflops/s) | Temperatures: 65°C - 67°C - 74°C - 71°C - 67°C - 66°C - 74°C - 72°C | Throttling: None - None - None - None - None - None - None - None
1374 (1510728 Gflops/s) - 1372 (1508529 Gflops/s) - 1370 (1506330 Gflops/s) - 1357 (1492037 Gflops/s) - 1361 (1496435 Gflops/s) - 1356 (1490937 Gflops/s) - 1354 (1488738 Gflops/s) - 1353 (1487639 Gflops/s) | Temperatures: 65°C - 67°C - 74°C - 71°C - 67°C - 66°C - 74°C - 72°C | Throttling: None - None - None - None - None - None - None - None
1373 (1509629 Gflops/s) - 1373 (1509629 Gflops/s) - 1370 (1506330 Gflops/s) - 1357 (1492037 Gflops/s) - 1359 (1494236 Gflops/s) - 1355 (1489838 Gflops/s) - 1354 (1488738 Gflops/s) - 1353 (1487639 Gflops/s) | Temperatures: 65°C - 67°C - 74°C - 71°C - 67°C - 66°C - 74°C - 72°C | Throttling: None - None - None - None - None - None - None - None
1371 (1507430 Gflops/s) - 1370 (1506330 Gflops/s) - 1367 (1503032 Gflops/s) - 1356 (1490937 Gflops/s) - 1355 (1489838 Gflops/s) - 1354 (1488738 Gflops/s) - 1353 (1487639 Gflops/s) - 1352 (1486539 Gflops/s) | Temperatures: 65°C - 67°C - 74°C - 71°C - 67°C - 66°C - 74°C - 72°C | Throttling: None - None - None - None - None - None - None - None
1374 (1510728 Gflops/s) - 1374 (1510728 Gflops/s) - 1370 (1506330 Gflops/s) - 1356 (1490937 Gflops/s) - 1366 (1501932 Gflops/s) - 1356 (1490937 Gflops/s) - 1354 (1488738 Gflops/s) - 1353 (1487639 Gflops/s) | Temperatures: 65°C - 67°C - 74°C - 71°C - 67°C - 66°C - 74°C - 72°C | Throttling: None - None - None - None - None - None - None - None
1372 (1508529 Gflops/s) - 1375 (1511828 Gflops/s) - 1370 (1506330 Gflops/s) - 1357 (1492037 Gflops/s) - 1361 (1496435 Gflops/s) - 1355 (1489838 Gflops/s) - 1355 (1489838 Gflops/s) - 1353 (1487639 Gflops/s) | Temperatures: 65°C - 67°C - 74°C - 71°C - 67°C - 66°C - 74°C - 72°C | Throttling: None - None - None - None - None - None - None - None
1375 (1511828 Gflops/s) - 1370 (1506330 Gflops/s) - 1370 (1506330 Gflops/s) - 1357 (1492037 Gflops/s) - 1362 (1497534 Gflops/s) - 1354 (1488738 Gflops/s) - 1354 (1488738 Gflops/s) - 1352 (1486539 Gflops/s) | Temperatures: 65°C - 67°C - 74°C - 71°C - 67°C - 66°C - 74°C - 72°C | Throttling: None - None - None - None - None - None - None - None
1373 (1509629 Gflops/s) - 1372 (1508529 Gflops/s) - 1370 (1506330 Gflops/s) - 1356 (1490937 Gflops/s) - 1360 (1495335 Gflops/s) - 1355 (1489838 Gflops/s) - 1355 (1489838 Gflops/s) - 1353 (1487639 Gflops/s) | Temperatures: 65°C - 67°C - 74°C - 71°C - 67°C - 66°C - 74°C - 72°C | Throttling: None - None - None - None - None - None - None - None
1372 (1508529 Gflops/s) - 1371 (1507430 Gflops/s) - 1367 (1503032 Gflops/s) - 1355 (1489838 Gflops/s) - 1361 (1496435 Gflops/s) - 1354 (1488738 Gflops/s) - 1354 (1488738 Gflops/s) - 1351 (1485440 Gflops/s) | Temperatures: 65°C - 67°C - 74°C - 71°C - 67°C - 66°C - 74°C - 72°C | Throttling: None - None - None - None - None - None - None - None
1373 (1509629 Gflops/s) - 1373 (1509629 Gflops/s) - 1371 (1507430 Gflops/s) - 1356 (1490937 Gflops/s) - 1360 (1495335 Gflops/s) - 1355 (1489838 Gflops/s) - 1354 (1488738 Gflops/s) - 1353 (1487639 Gflops/s) | Temperatures: 65°C - 67°C - 74°C - 71°C - 67°C - 66°C - 74°C - 72°C | Throttling: None - None - None - None - None - None - None - None
1373 (1509629 Gflops/s) - 1371 (1507430 Gflops/s) - 1370 (1506330 Gflops/s) - 1357 (1492037 Gflops/s) - 1359 (1494236 Gflops/s) - 1356 (1490937 Gflops/s) - 1355 (1489838 Gflops/s) - 1353 (1487639 Gflops/s) | Temperatures: 65°C - 67°C - 74°C - 71°C - 67°C - 66°C - 74°C - 72°C | Throttling: None - None - None - None - None - None - None - None
1374 (1510728 Gflops/s) - 1373 (1509629 Gflops/s) - 1369 (1505231 Gflops/s) - 1356 (1490937 Gflops/s) - 1359 (1494236 Gflops/s) - 1356 (1490937 Gflops/s) - 1354 (1488738 Gflops/s) - 1353 (1487639 Gflops/s) | Temperatures: 65°C - 67°C - 74°C - 71°C - 67°C - 66°C - 74°C - 72°C | Throttling: None - None - None - None - None - None - None - None
1373 (1509629 Gflops/s) - 1371 (1507430 Gflops/s) - 1369 (1505231 Gflops/s) - 1355 (1489838 Gflops/s) - 1361 (1496435 Gflops/s) - 1355 (1489838 Gflops/s) - 1355 (1489838 Gflops/s) - 1352 (1486539 Gflops/s) | Temperatures: 65°C - 67°C - 74°C - 71°C - 67°C - 66°C - 74°C - 72°C | Throttling: None - None - None - None - None - None - None - None
1374 (1510728 Gflops/s) - 1371 (1507430 Gflops/s) - 1372 (1508529 Gflops/s) - 1356 (1490937 Gflops/s) - 1364 (1499733 Gflops/s) - 1356 (1490937 Gflops/s) - 1353 (1487639 Gflops/s) - 1352 (1486539 Gflops/s) | Temperatures: 65°C - 67°C - 74°C - 71°C - 67°C - 66°C - 74°C - 72°C | Throttling: None - None - None - None - None - None - None - None
1372 (1508529 Gflops/s) - 1372 (1508529 Gflops/s) - 1370 (1506330 Gflops/s) - 1357 (1492037 Gflops/s) - 1357 (1492037 Gflops/s) - 1355 (1489838 Gflops/s) - 1355 (1489838 Gflops/s) - 1353 (1487639 Gflops/s) | Temperatures: 65°C - 67°C - 74°C - 71°C - 67°C - 66°C - 74°C - 72°C | Throttling: None - None - None - None - None - None - None - None
1374 (1510728 Gflops/s) - 1372 (1508529 Gflops/s) - 1371 (1507430 Gflops/s) - 1356 (1490937 Gflops/s) - 1358 (1493136 Gflops/s) - 1356 (1490937 Gflops/s) - 1354 (1488738 Gflops/s) - 1353 (1487639 Gflops/s) | Temperatures: 65°C - 67°C - 74°C - 71°C - 67°C - 66°C - 74°C - 72°C | Throttling: None - None - None - None - None - None - None - None
1373 (1509629 Gflops/s) - 1372 (1508529 Gflops/s) - 1368 (1504131 Gflops/s) - 1357 (1492037 Gflops/s) - 1359 (1494236 Gflops/s) - 1356 (1490937 Gflops/s) - 1355 (1489838 Gflops/s) - 1352 (1486539 Gflops/s) | Temperatures: 65°C - 67°C - 74°C - 71°C - 67°C - 66°C - 74°C - 72°C | Throttling: None - None - None - None - None - None - None - None
1373 (1509629 Gflops/s) - 1373 (1509629 Gflops/s) - 1367 (1503032 Gflops/s) - 1356 (1490937 Gflops/s) - 1361 (1496435 Gflops/s) - 1355 (1489838 Gflops/s) - 1355 (1489838 Gflops/s) - 1352 (1486539 Gflops/s) | Temperatures: 65°C - 67°C - 74°C - 71°C - 67°C - 66°C - 74°C - 72°C | Throttling: None - None - None - None - None - None - None - None
1374 (1510728 Gflops/s) - 1371 (1507430 Gflops/s) - 1371 (1507430 Gflops/s) - 1358 (1493136 Gflops/s) - 1358 (1493136 Gflops/s) - 1356 (1490937 Gflops/s) - 1356 (1490937 Gflops/s) - 1352 (1486539 Gflops/s) | Temperatures: 65°C - 67°C - 74°C - 71°C - 67°C - 66°C - 74°C - 72°C | Throttling: None - None - None - None - None - None - None - None
1374 (1510728 Gflops/s) - 1371 (1507430 Gflops/s) - 1370 (1506330 Gflops/s) - 1357 (1492037 Gflops/s) - 1360 (1495335 Gflops/s) - 1356 (1490937 Gflops/s) - 1355 (1489838 Gflops/s) - 1352 (1486539 Gflops/s) | Temperatures: 65°C - 66°C - 74°C - 71°C - 67°C - 66°C - 74°C - 72°C | Throttling: None - None - None - None - None - None - None - None
1374 (1510728 Gflops/s) - 1373 (1509629 Gflops/s) - 1368 (1504131 Gflops/s) - 1356 (1490937 Gflops/s) - 1362 (1497534 Gflops/s) - 1355 (1489838 Gflops/s) - 1354 (1488738 Gflops/s) - 1353 (1487639 Gflops/s) | Temperatures: 65°C - 67°C - 74°C - 71°C - 67°C - 66°C - 74°C - 72°C | Throttling: None - None - None - None - None - None - None - None
1371 (1507430 Gflops/s) - 1373 (1509629 Gflops/s) - 1369 (1505231 Gflops/s) - 1355 (1489838 Gflops/s) - 1358 (1493136 Gflops/s) - 1354 (1488738 Gflops/s) - 1356 (1490937 Gflops/s) - 1351 (1485440 Gflops/s) | Temperatures: 65°C - 67°C - 74°C - 71°C - 67°C - 66°C - 74°C - 72°C | Throttling: None - None - None - None - None - None - None - None
1373 (1509629 Gflops/s) - 1371 (1507430 Gflops/s) - 1371 (1507430 Gflops/s) - 1357 (1492037 Gflops/s) - 1357 (1492037 Gflops/s) - 1355 (1489838 Gflops/s) - 1355 (1489838 Gflops/s) - 1352 (1486539 Gflops/s) | Temperatures: 65°C - 67°C - 74°C - 71°C - 67°C - 66°C - 74°C - 72°C | Throttling: None - None - None - None - None - None - None - None
1373 (1509629 Gflops/s) - 1374 (1510728 Gflops/s) - 1368 (1504131 Gflops/s) - 1358 (1493136 Gflops/s) - 1355 (1489838 Gflops/s) - 1356 (1490937 Gflops/s) - 1356 (1490937 Gflops/s) - 1353 (1487639 Gflops/s) | Temperatures: 65°C - 67°C - 74°C - 71°C - 67°C - 66°C - 74°C - 72°C | Throttling: None - None - None - None - None - None - None - None
1373 (1509629 Gflops/s) - 1372 (1508529 Gflops/s) - 1369 (1505231 Gflops/s) - 1356 (1490937 Gflops/s) - 1362 (1497534 Gflops/s) - 1355 (1489838 Gflops/s) - 1355 (1489838 Gflops/s) - 1353 (1487639 Gflops/s) | Temperatures: 65°C - 67°C - 74°C - 71°C - 67°C - 66°C - 74°C - 72°C | Throttling: None - None - None - None - None - None - None - None
1372 (1508529 Gflops/s) - 1372 (1508529 Gflops/s) - 1368 (1504131 Gflops/s) - 1356 (1490937 Gflops/s) - 1357 (1492037 Gflops/s) - 1355 (1489838 Gflops/s) - 1354 (1488738 Gflops/s) - 1351 (1485440 Gflops/s) | Temperatures: 65°C - 67°C - 74°C - 71°C - 67°C - 66°C - 74°C - 72°C | Throttling: None - None - None - None - None - None - None - None
1375 (1511828 Gflops/s) - 1373 (1509629 Gflops/s) - 1372 (1508529 Gflops/s) - 1357 (1492037 Gflops/s) - 1360 (1495335 Gflops/s) - 1356 (1490937 Gflops/s) - 1356 (1490937 Gflops/s) - 1353 (1487639 Gflops/s) | Temperatures: 65°C - 67°C - 74°C - 71°C - 67°C - 66°C - 74°C - 72°C | Throttling: None - None - None - None - None - None - None - None
1373 (1509629 Gflops/s) - 1372 (1508529 Gflops/s) - 1369 (1505231 Gflops/s) - 1357 (1492037 Gflops/s) - 1360 (1495335 Gflops/s) - 1356 (1490937 Gflops/s) - 1355 (1489838 Gflops/s) - 1352 (1486539 Gflops/s) | Temperatures: 65°C - 67°C - 74°C - 71°C - 67°C - 66°C - 74°C - 72°C | Throttling: None - None - None - None - None - None - None - None
1374 (1510728 Gflops/s) - 1375 (1511828 Gflops/s) - 1371 (1507430 Gflops/s) - 1357 (1492037 Gflops/s) - 1359 (1494236 Gflops/s) - 1356 (1490937 Gflops/s) - 1354 (1488738 Gflops/s) - 1353 (1487639 Gflops/s) | Temperatures: 65°C - 67°C - 74°C - 71°C - 67°C - 66°C - 74°C - 72°C | Throttling: None - None - None - None - None - None - None - None
1373 (1509629 Gflops/s) - 1373 (1509629 Gflops/s) - 1369 (1505231 Gflops/s) - 1357 (1492037 Gflops/s) - 1357 (1492037 Gflops/s) - 1356 (1490937 Gflops/s) - 1357 (1492037 Gflops/s) - 1352 (1486539 Gflops/s) | Temperatures: 65°C - 67°C - 74°C - 71°C - 67°C - 66°C - 74°C - 72°C | Throttling: None - None - None - None - None - None - None - None
1372 (1508529 Gflops/s) - 1371 (1507430 Gflops/s) - 1370 (1506330 Gflops/s) - 1356 (1490937 Gflops/s) - 1356 (1490937 Gflops/s) - 1355 (1489838 Gflops/s) - 1353 (1487639 Gflops/s) - 1352 (1486539 Gflops/s) | Temperatures: 65°C - 67°C - 74°C - 71°C - 67°C - 66°C - 74°C - 72°C | Throttling: None - None - None - None - None - None - None - None
1375 (1511828 Gflops/s) - 1372 (1508529 Gflops/s) - 1369 (1505231 Gflops/s) - 1356 (1490937 Gflops/s) - 1361 (1496435 Gflops/s) - 1356 (1490937 Gflops/s) - 1355 (1489838 Gflops/s) - 1353 (1487639 Gflops/s) | Temperatures: 65°C - 67°C - 74°C - 71°C - 67°C - 66°C - 74°C - 72°C | Throttling: None - None - None - None - None - None - None - None
1374 (1510728 Gflops/s) - 1371 (1507430 Gflops/s) - 1369 (1505231 Gflops/s) - 1357 (1492037 Gflops/s) - 1362 (1497534 Gflops/s) - 1355 (1489838 Gflops/s) - 1355 (1489838 Gflops/s) - 1352 (1486539 Gflops/s) | Temperatures: 65°C - 66°C - 74°C - 71°C - 67°C - 66°C - 74°C - 72°C | Throttling: None - None - None - None - None - None - None - None
1373 (1509629 Gflops/s) - 1371 (1507430 Gflops/s) - 1371 (1507430 Gflops/s) - 1358 (1493136 Gflops/s) - 1363 (1498634 Gflops/s) - 1356 (1490937 Gflops/s) - 1355 (1489838 Gflops/s) - 1353 (1487639 Gflops/s) | Temperatures: 65°C - 67°C - 74°C - 71°C - 67°C - 66°C - 74°C - 72°C | Throttling: None - None - None - None - None - None - None - None
1372 (1508529 Gflops/s) - 1370 (1506330 Gflops/s) - 1366 (1501932 Gflops/s) - 1355 (1489838 Gflops/s) - 1354 (1488738 Gflops/s) - 1355 (1489838 Gflops/s) - 1352 (1486539 Gflops/s) - 1351 (1485440 Gflops/s) | Temperatures: 65°C - 67°C - 74°C - 71°C - 67°C - 66°C - 74°C - 72°C | Throttling: None - None - None - None - None - None - None - None
1373 (1509629 Gflops/s) - 1373 (1509629 Gflops/s) - 1367 (1503032 Gflops/s) - 1358 (1493136 Gflops/s) - 1360 (1495335 Gflops/s) - 1357 (1492037 Gflops/s) - 1353 (1487639 Gflops/s) - 1352 (1486539 Gflops/s) | Temperatures: 65°C - 67°C - 74°C - 71°C - 67°C - 66°C - 74°C - 72°C | Throttling: None - None - None - None - None - None - None - None
1374 (1510728 Gflops/s) - 676 (743269 Gflops/s) - 1369 (1505231 Gflops/s) - 1338 (1471146 Gflops/s) - 1019 (1120402 Gflops/s) - 687 (755364 Gflops/s) - 796 (875211 Gflops/s) - 1352 (1486539 Gflops/s) | Temperatures: 65°C - 66°C - 74°C - 71°C - 67°C - 66°C - 74°C - 72°C | Throttling: None - None - None - None - None - None - None - None
GPU #0: 1508763 Gflops/s (min: 1499733.86, max: 1511828.49, dev: 1664.11)
         Temperature: 65.28°C (min: 64.00, max: 66.00)
         Throttling HW: false, Thermal SW: false, Thermal HW: false
GPU #1: 1505873 Gflops/s (min: 743269.86, max: 1511828.49, dev: 44735.05)
         Temperature: 66.84°C (min: 65.00, max: 68.00)
         Throttling HW: false, Thermal SW: false, Thermal HW: false
GPU #2: 1505614 Gflops/s (min: 1494236.30, max: 1517326.05, dev: 3086.16)
         Temperature: 74.03°C (min: 71.00, max: 75.00)
         Throttling HW: false, Thermal SW: false, Thermal HW: false
GPU #3: 1491790 Gflops/s (min: 1471146.56, max: 1500833.37, dev: 2446.03)
         Temperature: 70.84°C (min: 68.00, max: 72.00)
         Throttling HW: false, Thermal SW: false, Thermal HW: false
GPU #4: 1492101 Gflops/s (min: 1120402.35, max: 1501932.88, dev: 22009.43)
         Temperature: 67.03°C (min: 65.00, max: 68.00)
         Throttling HW: false, Thermal SW: false, Thermal HW: false
GPU #5: 1487707 Gflops/s (min: 755364.49, max: 1493136.79, dev: 42942.36)
         Temperature: 66.40°C (min: 65.00, max: 67.00)
         Throttling HW: false, Thermal SW: false, Thermal HW: false
GPU #6: 1487422 Gflops/s (min: 875211.26, max: 1510728.98, dev: 36041.54)
         Temperature: 73.94°C (min: 71.00, max: 75.00)
         Throttling HW: false, Thermal SW: false, Thermal HW: false
GPU #7: 1487343 Gflops/s (min: 1484340.70, max: 1500833.37, dev: 2422.70)
         Temperature: 71.77°C (min: 69.00, max: 72.00)
         Throttling HW: false, Thermal SW: false, Thermal HW: false
All GPUs seem healthy
Freeing GPUs...
======== Run with fp8  ==========
Detected GPU #0: "NVIDIA B200" (15c6907a-3257-6d1b-9205-14cab7beb197)
Detected GPU #1: "NVIDIA B200" (c5cbff28-cb09-5f76-7a3d-0398f1096ade)
Detected GPU #2: "NVIDIA B200" (deefc4c7-5feb-477f-2413-7c400bbc55ac)
Detected GPU #3: "NVIDIA B200" (c1c2412e-0ed4-051f-4228-31c148755569)
Detected GPU #4: "NVIDIA B200" (e73041b1-9357-0d9b-baea-a1971d9a3b82)
Detected GPU #5: "NVIDIA B200" (beb74990-ef7a-90c9-2cfc-e112f092313a)
Detected GPU #6: "NVIDIA B200" (9e9441ed-0bb7-acfd-2a5a-0c93ff5fda4d)
Detected GPU #7: "NVIDIA B200" (6277efc9-d675-75a8-6a5e-7a78d765f287)
Using precision(s):   FP8
GPU #0: Using 163800 MB
GPU #1: Using 163800 MB
GPU #2: Using 163800 MB
GPU #3: Using 163800 MB
GPU #4: Using 163800 MB
GPU #5: Using 163800 MB
GPU #6: Using 163800 MB
GPU #7: Using 163800 MB
Creating random matrices
Matrices created
2486 (2733385 Gflops/s) - 1955 (2149545 Gflops/s) - 1952 (2146246 Gflops/s) - 2187 (2404631 Gflops/s) - 1846 (2029698 Gflops/s) - 1767 (1942837 Gflops/s) - 1813 (1993414 Gflops/s) - 1730 (1902155 Gflops/s) | Temperatures: 56°C - 55°C - 60°C - 58°C - 55°C - 55°C - 60°C - 59°C | Throttling: None - None - None - None - None - None - None - None
3778 (4153954 Gflops/s) - 3771 (4146258 Gflops/s) - 3780 (4156153 Gflops/s) - 3778 (4153954 Gflops/s) - 3768 (4142959 Gflops/s) - 3768 (4142959 Gflops/s) - 3768 (4142959 Gflops/s) - 3770 (4145158 Gflops/s) | Temperatures: 60°C - 60°C - 65°C - 63°C - 60°C - 60°C - 64°C - 63°C | Throttling: None - None - None - None - None - None - None - None
3768 (4142959 Gflops/s) - 3769 (4144059 Gflops/s) - 3775 (4150656 Gflops/s) - 3763 (4137462 Gflops/s) - 3762 (4136362 Gflops/s) - 3761 (4135263 Gflops/s) - 3752 (4125367 Gflops/s) - 3758 (4131964 Gflops/s) | Temperatures: 61°C - 62°C - 67°C - 65°C - 62°C - 62°C - 67°C - 65°C | Throttling: None - None - None - None - None - None - None - None
3765 (4139661 Gflops/s) - 3769 (4144059 Gflops/s) - 3769 (4144059 Gflops/s) - 3756 (4129765 Gflops/s) - 3758 (4131964 Gflops/s) - 3758 (4131964 Gflops/s) - 3745 (4117671 Gflops/s) - 3751 (4124268 Gflops/s) | Temperatures: 62°C - 63°C - 69°C - 66°C - 63°C - 63°C - 68°C - 67°C | Throttling: None - None - None - None - None - None - None - None
3762 (4136362 Gflops/s) - 3769 (4144059 Gflops/s) - 3761 (4135263 Gflops/s) - 3753 (4126467 Gflops/s) - 3756 (4129765 Gflops/s) - 3757 (4130865 Gflops/s) - 3736 (4107775 Gflops/s) - 3751 (4124268 Gflops/s) | Temperatures: 63°C - 64°C - 69°C - 67°C - 64°C - 64°C - 69°C - 68°C | Throttling: None - None - None - None - None - None - None - None
3764 (4138561 Gflops/s) - 3771 (4146258 Gflops/s) - 3763 (4137462 Gflops/s) - 3746 (4118770 Gflops/s) - 3758 (4131964 Gflops/s) - 3758 (4131964 Gflops/s) - 3736 (4107775 Gflops/s) - 3749 (4122069 Gflops/s) | Temperatures: 63°C - 64°C - 70°C - 67°C - 64°C - 64°C - 70°C - 68°C | Throttling: None - None - None - None - None - None - None - None
3759 (4133064 Gflops/s) - 3767 (4141860 Gflops/s) - 3759 (4133064 Gflops/s) - 3744 (4116571 Gflops/s) - 3752 (4125367 Gflops/s) - 3751 (4124268 Gflops/s) - 3730 (4101178 Gflops/s) - 3743 (4115472 Gflops/s) | Temperatures: 63°C - 64°C - 70°C - 68°C - 65°C - 64°C - 70°C - 68°C | Throttling: None - None - None - None - None - None - None - None
3757 (4130865 Gflops/s) - 3767 (4141860 Gflops/s) - 3753 (4126467 Gflops/s) - 3739 (4111073 Gflops/s) - 3752 (4125367 Gflops/s) - 3750 (4123168 Gflops/s) - 3730 (4101178 Gflops/s) - 3745 (4117671 Gflops/s) | Temperatures: 63°C - 65°C - 71°C - 68°C - 65°C - 65°C - 71°C - 69°C | Throttling: None - None - None - None - None - None - None - None
3757 (4130865 Gflops/s) - 3766 (4140760 Gflops/s) - 3751 (4124268 Gflops/s) - 3721 (4091282 Gflops/s) - 3751 (4124268 Gflops/s) - 3747 (4119870 Gflops/s) - 3727 (4097879 Gflops/s) - 3745 (4117671 Gflops/s) | Temperatures: 63°C - 65°C - 71°C - 68°C - 65°C - 65°C - 71°C - 69°C | Throttling: None - None - None - None - None - None - None - None
3756 (4129765 Gflops/s) - 3765 (4139661 Gflops/s) - 3747 (4119870 Gflops/s) - 3732 (4103377 Gflops/s) - 3752 (4125367 Gflops/s) - 3745 (4117671 Gflops/s) - 3730 (4101178 Gflops/s) - 3744 (4116571 Gflops/s) | Temperatures: 63°C - 65°C - 71°C - 68°C - 65°C - 65°C - 71°C - 69°C | Throttling: None - None - None - None - None - None - None - None
3756 (4129765 Gflops/s) - 3765 (4139661 Gflops/s) - 3749 (4122069 Gflops/s) - 3746 (4118770 Gflops/s) - 3750 (4123168 Gflops/s) - 3743 (4115472 Gflops/s) - 3726 (4096780 Gflops/s) - 3744 (4116571 Gflops/s) | Temperatures: 63°C - 65°C - 71°C - 69°C - 65°C - 65°C - 72°C - 69°C | Throttling: None - None - None - None - None - None - None - None
3757 (4130865 Gflops/s) - 3767 (4141860 Gflops/s) - 3744 (4116571 Gflops/s) - 3750 (4123168 Gflops/s) - 3751 (4124268 Gflops/s) - 3742 (4114372 Gflops/s) - 3721 (4091282 Gflops/s) - 3741 (4113272 Gflops/s) | Temperatures: 63°C - 65°C - 71°C - 69°C - 65°C - 65°C - 71°C - 69°C | Throttling: None - None - None - None - None - None - None - None
3757 (4130865 Gflops/s) - 3765 (4139661 Gflops/s) - 3747 (4119870 Gflops/s) - 3748 (4120969 Gflops/s) - 3750 (4123168 Gflops/s) - 3740 (4112173 Gflops/s) - 3721 (4091282 Gflops/s) - 3741 (4113272 Gflops/s) | Temperatures: 63°C - 65°C - 72°C - 69°C - 65°C - 65°C - 71°C - 69°C | Throttling: None - None - None - None - None - None - None - None
3760 (4134163 Gflops/s) - 3768 (4142959 Gflops/s) - 3749 (4122069 Gflops/s) - 3731 (4102277 Gflops/s) - 3754 (4127566 Gflops/s) - 3745 (4117671 Gflops/s) - 3729 (4100078 Gflops/s) - 3744 (4116571 Gflops/s) | Temperatures: 63°C - 64°C - 72°C - 69°C - 65°C - 65°C - 72°C - 69°C | Throttling: None - None - None - None - None - None - None - None
3758 (4131964 Gflops/s) - 3766 (4140760 Gflops/s) - 3743 (4115472 Gflops/s) - 3723 (4093481 Gflops/s) - 3751 (4124268 Gflops/s) - 3744 (4116571 Gflops/s) - 3725 (4095680 Gflops/s) - 3746 (4118770 Gflops/s) | Temperatures: 63°C - 64°C - 71°C - 69°C - 65°C - 64°C - 72°C - 70°C | Throttling: None - None - None - None - None - None - None - None
3757 (4130865 Gflops/s) - 3765 (4139661 Gflops/s) - 3745 (4117671 Gflops/s) - 3721 (4091282 Gflops/s) - 3751 (4124268 Gflops/s) - 3741 (4113272 Gflops/s) - 3724 (4094581 Gflops/s) - 3740 (4112173 Gflops/s) | Temperatures: 63°C - 64°C - 72°C - 69°C - 65°C - 64°C - 72°C - 70°C | Throttling: None - None - None - None - None - None - None - None
3757 (4130865 Gflops/s) - 3767 (4141860 Gflops/s) - 3746 (4118770 Gflops/s) - 3722 (4092382 Gflops/s) - 3751 (4124268 Gflops/s) - 3746 (4118770 Gflops/s) - 3724 (4094581 Gflops/s) - 3741 (4113272 Gflops/s) | Temperatures: 63°C - 64°C - 72°C - 69°C - 65°C - 64°C - 72°C - 70°C | Throttling: None - None - None - None - None - None - None - None
3757 (4130865 Gflops/s) - 3767 (4141860 Gflops/s) - 3742 (4114372 Gflops/s) - 3729 (4100078 Gflops/s) - 3751 (4124268 Gflops/s) - 3743 (4115472 Gflops/s) - 3722 (4092382 Gflops/s) - 3741 (4113272 Gflops/s) | Temperatures: 63°C - 64°C - 72°C - 69°C - 65°C - 64°C - 72°C - 69°C | Throttling: None - None - None - None - None - None - None - None
3758 (4131964 Gflops/s) - 3764 (4138561 Gflops/s) - 3746 (4118770 Gflops/s) - 3714 (4083586 Gflops/s) - 3752 (4125367 Gflops/s) - 3745 (4117671 Gflops/s) - 3723 (4093481 Gflops/s) - 3738 (4109974 Gflops/s) | Temperatures: 63°C - 64°C - 72°C - 68°C - 65°C - 64°C - 72°C - 70°C | Throttling: None - None - None - None - None - None - None - None
3757 (4130865 Gflops/s) - 3765 (4139661 Gflops/s) - 3742 (4114372 Gflops/s) - 3727 (4097879 Gflops/s) - 3751 (4124268 Gflops/s) - 3742 (4114372 Gflops/s) - 3728 (4098979 Gflops/s) - 3739 (4111073 Gflops/s) | Temperatures: 63°C - 64°C - 72°C - 69°C - 65°C - 64°C - 72°C - 69°C | Throttling: None - None - None - None - None - None - None - None
3757 (4130865 Gflops/s) - 3765 (4139661 Gflops/s) - 3742 (4114372 Gflops/s) - 3726 (4096780 Gflops/s) - 3752 (4125367 Gflops/s) - 3743 (4115472 Gflops/s) - 3720 (4090183 Gflops/s) - 3739 (4111073 Gflops/s) | Temperatures: 63°C - 64°C - 72°C - 69°C - 65°C - 64°C - 72°C - 69°C | Throttling: None - None - None - None - None - None - None - None
3761 (4135263 Gflops/s) - 3769 (4144059 Gflops/s) - 3746 (4118770 Gflops/s) - 3718 (4087984 Gflops/s) - 3755 (4128666 Gflops/s) - 3747 (4119870 Gflops/s) - 3724 (4094581 Gflops/s) - 3743 (4115472 Gflops/s) | Temperatures: 63°C - 64°C - 72°C - 69°C - 65°C - 64°C - 72°C - 70°C | Throttling: None - None - None - None - None - None - None - None
3757 (4130865 Gflops/s) - 3766 (4140760 Gflops/s) - 3743 (4115472 Gflops/s) - 3724 (4094581 Gflops/s) - 3751 (4124268 Gflops/s) - 3743 (4115472 Gflops/s) - 3725 (4095680 Gflops/s) - 3739 (4111073 Gflops/s) | Temperatures: 63°C - 64°C - 72°C - 69°C - 65°C - 64°C - 72°C - 70°C | Throttling: None - None - None - None - None - None - None - None
3756 (4129765 Gflops/s) - 3764 (4138561 Gflops/s) - 3745 (4117671 Gflops/s) - 3716 (4085785 Gflops/s) - 3752 (4125367 Gflops/s) - 3741 (4113272 Gflops/s) - 3722 (4092382 Gflops/s) - 3734 (4105576 Gflops/s) | Temperatures: 63°C - 64°C - 72°C - 69°C - 65°C - 64°C - 72°C - 70°C | Throttling: None - None - None - None - None - None - None - None
3756 (4129765 Gflops/s) - 3765 (4139661 Gflops/s) - 3739 (4111073 Gflops/s) - 3723 (4093481 Gflops/s) - 3751 (4124268 Gflops/s) - 3738 (4109974 Gflops/s) - 3722 (4092382 Gflops/s) - 3737 (4108874 Gflops/s) | Temperatures: 63°C - 65°C - 72°C - 69°C - 65°C - 64°C - 72°C - 70°C | Throttling: None - None - None - None - None - None - None - None
3756 (4129765 Gflops/s) - 3765 (4139661 Gflops/s) - 3743 (4115472 Gflops/s) - 3712 (4081387 Gflops/s) - 3751 (4124268 Gflops/s) - 3737 (4108874 Gflops/s) - 3724 (4094581 Gflops/s) - 3735 (4106675 Gflops/s) | Temperatures: 63°C - 65°C - 72°C - 69°C - 65°C - 65°C - 72°C - 70°C | Throttling: None - None - None - None - None - None - None - None
3756 (4129765 Gflops/s) - 3763 (4137462 Gflops/s) - 3744 (4116571 Gflops/s) - 3720 (4090183 Gflops/s) - 3749 (4122069 Gflops/s) - 3738 (4109974 Gflops/s) - 3718 (4087984 Gflops/s) - 3740 (4112173 Gflops/s) | Temperatures: 63°C - 65°C - 72°C - 69°C - 65°C - 65°C - 72°C - 70°C | Throttling: None - None - None - None - None - None - None - None
3759 (4133064 Gflops/s) - 3769 (4144059 Gflops/s) - 3745 (4117671 Gflops/s) - 3721 (4091282 Gflops/s) - 3754 (4127566 Gflops/s) - 3741 (4113272 Gflops/s) - 3726 (4096780 Gflops/s) - 3742 (4114372 Gflops/s) | Temperatures: 63°C - 65°C - 72°C - 69°C - 65°C - 65°C - 72°C - 70°C | Throttling: None - None - None - None - None - None - None - None
3756 (4129765 Gflops/s) - 3764 (4138561 Gflops/s) - 3741 (4113272 Gflops/s) - 3725 (4095680 Gflops/s) - 3751 (4124268 Gflops/s) - 3737 (4108874 Gflops/s) - 3727 (4097879 Gflops/s) - 3737 (4108874 Gflops/s) | Temperatures: 63°C - 65°C - 72°C - 69°C - 65°C - 65°C - 72°C - 70°C | Throttling: None - None - None - None - None - None - None - None
3755 (4128666 Gflops/s) - 3764 (4138561 Gflops/s) - 3739 (4111073 Gflops/s) - 3720 (4090183 Gflops/s) - 3750 (4123168 Gflops/s) - 3734 (4105576 Gflops/s) - 3720 (4090183 Gflops/s) - 3736 (4107775 Gflops/s) | Temperatures: 63°C - 65°C - 72°C - 69°C - 65°C - 65°C - 72°C - 70°C | Throttling: None - None - None - None - None - None - None - None
3756 (4129765 Gflops/s) - 3762 (4136362 Gflops/s) - 3739 (4111073 Gflops/s) - 3718 (4087984 Gflops/s) - 3750 (4123168 Gflops/s) - 3737 (4108874 Gflops/s) - 3723 (4093481 Gflops/s) - 3737 (4108874 Gflops/s) | Temperatures: 64°C - 65°C - 72°C - 69°C - 65°C - 65°C - 72°C - 70°C | Throttling: None - None - None - None - None - None - None - None
3755 (4128666 Gflops/s) - 3763 (4137462 Gflops/s) - 3740 (4112173 Gflops/s) - 3721 (4091282 Gflops/s) - 3750 (4123168 Gflops/s) - 3730 (4101178 Gflops/s) - 3722 (4092382 Gflops/s) - 3733 (4104476 Gflops/s) | Temperatures: 64°C - 65°C - 72°C - 69°C - 65°C - 65°C - 72°C - 70°C | Throttling: None - None - None - None - None - None - None - None
3755 (4128666 Gflops/s) - 3762 (4136362 Gflops/s) - 3738 (4109974 Gflops/s) - 3720 (4090183 Gflops/s) - 3748 (4120969 Gflops/s) - 3732 (4103377 Gflops/s) - 3731 (4102277 Gflops/s) - 3736 (4107775 Gflops/s) | Temperatures: 64°C - 65°C - 72°C - 69°C - 65°C - 65°C - 72°C - 70°C | Throttling: None - None - None - None - None - None - None - None
3755 (4128666 Gflops/s) - 3762 (4136362 Gflops/s) - 3740 (4112173 Gflops/s) - 3723 (4093481 Gflops/s) - 3750 (4123168 Gflops/s) - 3731 (4102277 Gflops/s) - 3725 (4095680 Gflops/s) - 3737 (4108874 Gflops/s) | Temperatures: 64°C - 65°C - 72°C - 69°C - 65°C - 65°C - 72°C - 70°C | Throttling: None - None - None - None - None - None - None - None
3759 (4133064 Gflops/s) - 3766 (4140760 Gflops/s) - 3745 (4117671 Gflops/s) - 3728 (4098979 Gflops/s) - 3751 (4124268 Gflops/s) - 3733 (4104476 Gflops/s) - 3728 (4098979 Gflops/s) - 3738 (4109974 Gflops/s) | Temperatures: 64°C - 65°C - 72°C - 69°C - 65°C - 65°C - 73°C - 70°C | Throttling: None - None - None - None - None - None - None - None
3755 (4128666 Gflops/s) - 3763 (4137462 Gflops/s) - 3738 (4109974 Gflops/s) - 3750 (4123168 Gflops/s) - 3745 (4117671 Gflops/s) - 3731 (4102277 Gflops/s) - 3724 (4094581 Gflops/s) - 3733 (4104476 Gflops/s) | Temperatures: 64°C - 65°C - 72°C - 69°C - 65°C - 65°C - 73°C - 70°C | Throttling: None - None - None - None - None - None - None - None
3756 (4129765 Gflops/s) - 3763 (4137462 Gflops/s) - 3739 (4111073 Gflops/s) - 3750 (4123168 Gflops/s) - 3745 (4117671 Gflops/s) - 3729 (4100078 Gflops/s) - 3724 (4094581 Gflops/s) - 3732 (4103377 Gflops/s) | Temperatures: 64°C - 65°C - 72°C - 70°C - 65°C - 65°C - 73°C - 70°C | Throttling: None - None - None - None - None - None - None - None
3754 (4127566 Gflops/s) - 3763 (4137462 Gflops/s) - 3737 (4108874 Gflops/s) - 3749 (4122069 Gflops/s) - 3746 (4118770 Gflops/s) - 3730 (4101178 Gflops/s) - 3722 (4092382 Gflops/s) - 3734 (4105576 Gflops/s) | Temperatures: 64°C - 65°C - 72°C - 70°C - 65°C - 65°C - 73°C - 70°C | Throttling: None - None - None - None - None - None - None - None
3756 (4129765 Gflops/s) - 3761 (4135263 Gflops/s) - 3736 (4107775 Gflops/s) - 3752 (4125367 Gflops/s) - 3745 (4117671 Gflops/s) - 3728 (4098979 Gflops/s) - 3720 (4090183 Gflops/s) - 3735 (4106675 Gflops/s) | Temperatures: 64°C - 65°C - 72°C - 70°C - 65°C - 65°C - 73°C - 70°C | Throttling: None - None - None - None - None - None - None - None
3755 (4128666 Gflops/s) - 3760 (4134163 Gflops/s) - 3738 (4109974 Gflops/s) - 3751 (4124268 Gflops/s) - 3745 (4117671 Gflops/s) - 3728 (4098979 Gflops/s) - 3723 (4093481 Gflops/s) - 3731 (4102277 Gflops/s) | Temperatures: 64°C - 65°C - 72°C - 69°C - 66°C - 65°C - 73°C - 70°C | Throttling: None - None - None - None - None - None - None - None
3755 (4128666 Gflops/s) - 3763 (4137462 Gflops/s) - 3737 (4108874 Gflops/s) - 3751 (4124268 Gflops/s) - 3744 (4116571 Gflops/s) - 3729 (4100078 Gflops/s) - 3723 (4093481 Gflops/s) - 3732 (4103377 Gflops/s) | Temperatures: 64°C - 65°C - 72°C - 70°C - 66°C - 65°C - 73°C - 70°C | Throttling: None - None - None - None - None - None - None - None
3758 (4131964 Gflops/s) - 3766 (4140760 Gflops/s) - 3740 (4112173 Gflops/s) - 3749 (4122069 Gflops/s) - 3749 (4122069 Gflops/s) - 3732 (4103377 Gflops/s) - 3726 (4096780 Gflops/s) - 3736 (4107775 Gflops/s) | Temperatures: 64°C - 65°C - 72°C - 70°C - 66°C - 65°C - 73°C - 70°C | Throttling: None - None - None - None - None - None - None - None
3755 (4128666 Gflops/s) - 3761 (4135263 Gflops/s) - 3734 (4105576 Gflops/s) - 3753 (4126467 Gflops/s) - 3743 (4115472 Gflops/s) - 3727 (4097879 Gflops/s) - 3730 (4101178 Gflops/s) - 3736 (4107775 Gflops/s) | Temperatures: 64°C - 65°C - 72°C - 70°C - 66°C - 65°C - 73°C - 70°C | Throttling: None - None - None - None - None - None - None - None
3754 (4127566 Gflops/s) - 3762 (4136362 Gflops/s) - 3736 (4107775 Gflops/s) - 3751 (4124268 Gflops/s) - 3744 (4116571 Gflops/s) - 3729 (4100078 Gflops/s) - 3719 (4089083 Gflops/s) - 3734 (4105576 Gflops/s) | Temperatures: 64°C - 65°C - 72°C - 70°C - 66°C - 65°C - 73°C - 70°C | Throttling: None - None - None - None - None - None - None - None
3754 (4127566 Gflops/s) - 3762 (4136362 Gflops/s) - 3736 (4107775 Gflops/s) - 3751 (4124268 Gflops/s) - 3743 (4115472 Gflops/s) - 3728 (4098979 Gflops/s) - 3723 (4093481 Gflops/s) - 3729 (4100078 Gflops/s) | Temperatures: 64°C - 65°C - 73°C - 70°C - 66°C - 65°C - 73°C - 70°C | Throttling: None - None - None - None - None - None - None - None
3753 (4126467 Gflops/s) - 3760 (4134163 Gflops/s) - 3734 (4105576 Gflops/s) - 3747 (4119870 Gflops/s) - 3742 (4114372 Gflops/s) - 3727 (4097879 Gflops/s) - 3719 (4089083 Gflops/s) - 3725 (4095680 Gflops/s) | Temperatures: 64°C - 65°C - 73°C - 70°C - 66°C - 65°C - 73°C - 71°C | Throttling: None - None - None - None - None - None - None - None
3754 (4127566 Gflops/s) - 3762 (4136362 Gflops/s) - 3733 (4104476 Gflops/s) - 3745 (4117671 Gflops/s) - 3743 (4115472 Gflops/s) - 3727 (4097879 Gflops/s) - 3722 (4092382 Gflops/s) - 3732 (4103377 Gflops/s) | Temperatures: 64°C - 65°C - 73°C - 70°C - 66°C - 65°C - 73°C - 70°C | Throttling: None - None - None - None - None - None - None - None
3759 (4133064 Gflops/s) - 3764 (4138561 Gflops/s) - 3737 (4108874 Gflops/s) - 3756 (4129765 Gflops/s) - 3746 (4118770 Gflops/s) - 3730 (4101178 Gflops/s) - 3733 (4104476 Gflops/s) - 3735 (4106675 Gflops/s) | Temperatures: 64°C - 65°C - 73°C - 70°C - 66°C - 65°C - 73°C - 71°C | Throttling: None - None - None - None - None - None - None - None
3752 (4125367 Gflops/s) - 3760 (4134163 Gflops/s) - 3738 (4109974 Gflops/s) - 3724 (4094581 Gflops/s) - 3742 (4114372 Gflops/s) - 3726 (4096780 Gflops/s) - 3723 (4093481 Gflops/s) - 3734 (4105576 Gflops/s) | Temperatures: 64°C - 66°C - 73°C - 70°C - 66°C - 65°C - 73°C - 71°C | Throttling: None - None - None - None - None - None - None - None
3755 (4128666 Gflops/s) - 3759 (4133064 Gflops/s) - 3733 (4104476 Gflops/s) - 3712 (4081387 Gflops/s) - 3742 (4114372 Gflops/s) - 3726 (4096780 Gflops/s) - 3717 (4086884 Gflops/s) - 3733 (4104476 Gflops/s) | Temperatures: 64°C - 66°C - 73°C - 70°C - 66°C - 66°C - 73°C - 71°C | Throttling: None - None - None - None - None - None - None - None
3752 (4125367 Gflops/s) - 3758 (4131964 Gflops/s) - 3734 (4105576 Gflops/s) - 3714 (4083586 Gflops/s) - 3741 (4113272 Gflops/s) - 3726 (4096780 Gflops/s) - 3722 (4092382 Gflops/s) - 3724 (4094581 Gflops/s) | Temperatures: 64°C - 66°C - 73°C - 70°C - 66°C - 66°C - 73°C - 71°C | Throttling: None - None - None - None - None - None - None - None
3751 (4124268 Gflops/s) - 3758 (4131964 Gflops/s) - 3734 (4105576 Gflops/s) - 3717 (4086884 Gflops/s) - 3740 (4112173 Gflops/s) - 3727 (4097879 Gflops/s) - 3718 (4087984 Gflops/s) - 3730 (4101178 Gflops/s) | Temperatures: 64°C - 66°C - 73°C - 70°C - 66°C - 66°C - 73°C - 71°C | Throttling: None - None - None - None - None - None - None - None
3752 (4125367 Gflops/s) - 3759 (4133064 Gflops/s) - 3735 (4106675 Gflops/s) - 3719 (4089083 Gflops/s) - 3742 (4114372 Gflops/s) - 3728 (4098979 Gflops/s) - 3719 (4089083 Gflops/s) - 3725 (4095680 Gflops/s) | Temperatures: 64°C - 66°C - 73°C - 70°C - 66°C - 66°C - 73°C - 71°C | Throttling: None - None - None - None - None - None - None - None
3750 (4123168 Gflops/s) - 3759 (4133064 Gflops/s) - 3735 (4106675 Gflops/s) - 3713 (4082486 Gflops/s) - 3740 (4112173 Gflops/s) - 3725 (4095680 Gflops/s) - 3718 (4087984 Gflops/s) - 3734 (4105576 Gflops/s) | Temperatures: 64°C - 66°C - 73°C - 70°C - 66°C - 66°C - 73°C - 71°C | Throttling: None - None - None - None - None - None - None - None
3752 (4125367 Gflops/s) - 3758 (4131964 Gflops/s) - 3733 (4104476 Gflops/s) - 3713 (4082486 Gflops/s) - 3740 (4112173 Gflops/s) - 3726 (4096780 Gflops/s) - 3723 (4093481 Gflops/s) - 3727 (4097879 Gflops/s) | Temperatures: 64°C - 66°C - 73°C - 70°C - 66°C - 66°C - 73°C - 71°C | Throttling: None - None - None - None - None - None - None - None
3752 (4125367 Gflops/s) - 3761 (4135263 Gflops/s) - 3736 (4107775 Gflops/s) - 3722 (4092382 Gflops/s) - 3744 (4116571 Gflops/s) - 3729 (4100078 Gflops/s) - 3723 (4093481 Gflops/s) - 3729 (4100078 Gflops/s) | Temperatures: 64°C - 66°C - 73°C - 70°C - 66°C - 66°C - 73°C - 71°C | Throttling: None - None - None - None - None - None - None - None
3749 (4122069 Gflops/s) - 3757 (4130865 Gflops/s) - 3732 (4103377 Gflops/s) - 3717 (4086884 Gflops/s) - 3740 (4112173 Gflops/s) - 3725 (4095680 Gflops/s) - 3717 (4086884 Gflops/s) - 3729 (4100078 Gflops/s) | Temperatures: 64°C - 66°C - 73°C - 70°C - 66°C - 66°C - 73°C - 71°C | Throttling: None - None - None - None - None - None - None - None
3748 (4120969 Gflops/s) - 3758 (4131964 Gflops/s) - 3736 (4107775 Gflops/s) - 3715 (4084685 Gflops/s) - 3741 (4113272 Gflops/s) - 3726 (4096780 Gflops/s) - 3717 (4086884 Gflops/s) - 3723 (4093481 Gflops/s) | Temperatures: 65°C - 66°C - 73°C - 70°C - 66°C - 66°C - 73°C - 71°C | Throttling: None - None - None - None - None - None - None - None
3749 (4122069 Gflops/s) - 3755 (4128666 Gflops/s) - 3732 (4103377 Gflops/s) - 3719 (4089083 Gflops/s) - 3738 (4109974 Gflops/s) - 3725 (4095680 Gflops/s) - 3720 (4090183 Gflops/s) - 3728 (4098979 Gflops/s) | Temperatures: 65°C - 66°C - 73°C - 70°C - 66°C - 66°C - 73°C - 71°C | Throttling: None - None - None - None - None - None - None - None
3749 (4122069 Gflops/s) - 3756 (4129765 Gflops/s) - 3736 (4107775 Gflops/s) - 3714 (4083586 Gflops/s) - 3739 (4111073 Gflops/s) - 3726 (4096780 Gflops/s) - 3717 (4086884 Gflops/s) - 3727 (4097879 Gflops/s) | Temperatures: 65°C - 66°C - 73°C - 70°C - 66°C - 66°C - 73°C - 71°C | Throttling: None - None - None - None - None - None - None - None
3749 (4122069 Gflops/s) - 3758 (4131964 Gflops/s) - 3732 (4103377 Gflops/s) - 3719 (4089083 Gflops/s) - 3740 (4112173 Gflops/s) - 3725 (4095680 Gflops/s) - 3715 (4084685 Gflops/s) - 3722 (4092382 Gflops/s) | Temperatures: 65°C - 66°C - 73°C - 70°C - 66°C - 66°C - 73°C - 71°C | Throttling: None - None - None - None - None - None - None - None
3749 (4122069 Gflops/s) - 3755 (4128666 Gflops/s) - 3729 (4100078 Gflops/s) - 3733 (4104476 Gflops/s) - 3738 (4109974 Gflops/s) - 3725 (4095680 Gflops/s) - 3715 (4084685 Gflops/s) - 3725 (4095680 Gflops/s) | Temperatures: 65°C - 66°C - 73°C - 70°C - 66°C - 66°C - 73°C - 71°C | Throttling: None - None - None - None - None - None - None - None
3753 (4126467 Gflops/s) - 3759 (4133064 Gflops/s) - 3735 (4106675 Gflops/s) - 3745 (4117671 Gflops/s) - 3742 (4114372 Gflops/s) - 3729 (4100078 Gflops/s) - 3720 (4090183 Gflops/s) - 3725 (4095680 Gflops/s) | Temperatures: 65°C - 66°C - 73°C - 70°C - 66°C - 66°C - 73°C - 71°C | Throttling: None - None - None - None - None - None - None - None
3750 (4123168 Gflops/s) - 3753 (4126467 Gflops/s) - 3730 (4101178 Gflops/s) - 3743 (4115472 Gflops/s) - 3739 (4111073 Gflops/s) - 3725 (4095680 Gflops/s) - 3722 (4092382 Gflops/s) - 3725 (4095680 Gflops/s) | Temperatures: 65°C - 66°C - 73°C - 70°C - 66°C - 66°C - 74°C - 71°C | Throttling: None - None - None - None - None - None - None - None
3751 (4124268 Gflops/s) - 3758 (4131964 Gflops/s) - 3732 (4103377 Gflops/s) - 3742 (4114372 Gflops/s) - 3741 (4113272 Gflops/s) - 3725 (4095680 Gflops/s) - 3713 (4082486 Gflops/s) - 3724 (4094581 Gflops/s) | Temperatures: 65°C - 66°C - 73°C - 70°C - 66°C - 66°C - 73°C - 71°C | Throttling: None - None - None - None - None - None - None - None
3745 (4117671 Gflops/s) - 3757 (4130865 Gflops/s) - 3731 (4102277 Gflops/s) - 3743 (4115472 Gflops/s) - 3739 (4111073 Gflops/s) - 3724 (4094581 Gflops/s) - 3713 (4082486 Gflops/s) - 3727 (4097879 Gflops/s) | Temperatures: 65°C - 66°C - 73°C - 70°C - 66°C - 66°C - 74°C - 71°C | Throttling: None - None - None - None - None - None - None - None
3750 (4123168 Gflops/s) - 3754 (4127566 Gflops/s) - 3730 (4101178 Gflops/s) - 3744 (4116571 Gflops/s) - 3737 (4108874 Gflops/s) - 3725 (4095680 Gflops/s) - 3712 (4081387 Gflops/s) - 3723 (4093481 Gflops/s) | Temperatures: 65°C - 66°C - 73°C - 70°C - 67°C - 66°C - 74°C - 71°C | Throttling: None - None - None - None - None - None - None - None
3749 (4122069 Gflops/s) - 3756 (4129765 Gflops/s) - 3730 (4101178 Gflops/s) - 3736 (4107775 Gflops/s) - 3738 (4109974 Gflops/s) - 3725 (4095680 Gflops/s) - 3709 (4078088 Gflops/s) - 3728 (4098979 Gflops/s) | Temperatures: 65°C - 66°C - 73°C - 70°C - 66°C - 66°C - 73°C - 71°C | Throttling: None - None - None - None - None - None - None - None
3744 (4116571 Gflops/s) - 3758 (4131964 Gflops/s) - 3733 (4104476 Gflops/s) - 3745 (4117671 Gflops/s) - 3736 (4107775 Gflops/s) - 3725 (4095680 Gflops/s) - 3710 (4079188 Gflops/s) - 3723 (4093481 Gflops/s) | Temperatures: 65°C - 66°C - 74°C - 71°C - 67°C - 66°C - 74°C - 71°C | Throttling: None - None - None - None - None - None - None - None
3741 (4113272 Gflops/s) - 3756 (4129765 Gflops/s) - 3729 (4100078 Gflops/s) - 3741 (4113272 Gflops/s) - 3736 (4107775 Gflops/s) - 3725 (4095680 Gflops/s) - 3713 (4082486 Gflops/s) - 3721 (4091282 Gflops/s) | Temperatures: 65°C - 66°C - 73°C - 71°C - 67°C - 66°C - 74°C - 71°C | Throttling: None - None - None - None - None - None - None - None
3743 (4115472 Gflops/s) - 3760 (4134163 Gflops/s) - 3734 (4105576 Gflops/s) - 3736 (4107775 Gflops/s) - 3740 (4112173 Gflops/s) - 3729 (4100078 Gflops/s) - 3715 (4084685 Gflops/s) - 3731 (4102277 Gflops/s) | Temperatures: 65°C - 66°C - 73°C - 70°C - 67°C - 66°C - 74°C - 71°C | Throttling: None - None - None - None - None - None - None - None
3747 (4119870 Gflops/s) - 3754 (4127566 Gflops/s) - 3731 (4102277 Gflops/s) - 3725 (4095680 Gflops/s) - 3737 (4108874 Gflops/s) - 3724 (4094581 Gflops/s) - 3713 (4082486 Gflops/s) - 3720 (4090183 Gflops/s) | Temperatures: 65°C - 66°C - 73°C - 70°C - 67°C - 66°C - 74°C - 71°C | Throttling: None - None - None - None - None - None - None - None
3745 (4117671 Gflops/s) - 3753 (4126467 Gflops/s) - 3730 (4101178 Gflops/s) - 3748 (4120969 Gflops/s) - 3737 (4108874 Gflops/s) - 3725 (4095680 Gflops/s) - 3711 (4080287 Gflops/s) - 3726 (4096780 Gflops/s) | Temperatures: 65°C - 66°C - 73°C - 71°C - 67°C - 66°C - 74°C - 71°C | Throttling: None - None - None - None - None - None - None - None
3740 (4112173 Gflops/s) - 3754 (4127566 Gflops/s) - 3728 (4098979 Gflops/s) - 3736 (4107775 Gflops/s) - 3738 (4109974 Gflops/s) - 3723 (4093481 Gflops/s) - 3713 (4082486 Gflops/s) - 3716 (4085785 Gflops/s) | Temperatures: 65°C - 66°C - 73°C - 71°C - 67°C - 66°C - 74°C - 71°C | Throttling: None - None - None - None - None - None - None - None
3745 (4117671 Gflops/s) - 3754 (4127566 Gflops/s) - 3729 (4100078 Gflops/s) - 3743 (4115472 Gflops/s) - 3738 (4109974 Gflops/s) - 3724 (4094581 Gflops/s) - 3713 (4082486 Gflops/s) - 3728 (4098979 Gflops/s) | Temperatures: 65°C - 66°C - 73°C - 71°C - 67°C - 66°C - 74°C - 71°C | Throttling: None - None - None - None - None - None - None - None
3743 (4115472 Gflops/s) - 3756 (4129765 Gflops/s) - 3730 (4101178 Gflops/s) - 3723 (4093481 Gflops/s) - 3738 (4109974 Gflops/s) - 3727 (4097879 Gflops/s) - 3710 (4079188 Gflops/s) - 3722 (4092382 Gflops/s) | Temperatures: 65°C - 66°C - 74°C - 71°C - 67°C - 66°C - 74°C - 71°C | Throttling: None - None - None - None - None - None - None - None
3743 (4115472 Gflops/s) - 3755 (4128666 Gflops/s) - 3731 (4102277 Gflops/s) - 3730 (4101178 Gflops/s) - 3735 (4106675 Gflops/s) - 3736 (4107775 Gflops/s) - 3708 (4076989 Gflops/s) - 3723 (4093481 Gflops/s) | Temperatures: 65°C - 66°C - 74°C - 71°C - 67°C - 66°C - 74°C - 71°C | Throttling: None - None - None - None - None - None - None - None
3739 (4111073 Gflops/s) - 3754 (4127566 Gflops/s) - 3728 (4098979 Gflops/s) - 3740 (4112173 Gflops/s) - 3738 (4109974 Gflops/s) - 3731 (4102277 Gflops/s) - 3707 (4075889 Gflops/s) - 3724 (4094581 Gflops/s) | Temperatures: 65°C - 66°C - 74°C - 71°C - 67°C - 66°C - 74°C - 71°C | Throttling: None - None - None - None - None - None - None - None
3748 (4120969 Gflops/s) - 3757 (4130865 Gflops/s) - 3734 (4105576 Gflops/s) - 3738 (4109974 Gflops/s) - 3741 (4113272 Gflops/s) - 3736 (4107775 Gflops/s) - 3712 (4081387 Gflops/s) - 3726 (4096780 Gflops/s) | Temperatures: 65°C - 66°C - 74°C - 71°C - 67°C - 66°C - 74°C - 72°C | Throttling: None - None - None - None - None - None - None - None
3744 (4116571 Gflops/s) - 3756 (4129765 Gflops/s) - 3730 (4101178 Gflops/s) - 3714 (4083586 Gflops/s) - 3737 (4108874 Gflops/s) - 3732 (4103377 Gflops/s) - 3711 (4080287 Gflops/s) - 3725 (4095680 Gflops/s) | Temperatures: 65°C - 66°C - 74°C - 71°C - 67°C - 66°C - 74°C - 71°C | Throttling: None - None - None - None - None - None - None - None
3744 (4116571 Gflops/s) - 3755 (4128666 Gflops/s) - 3730 (4101178 Gflops/s) - 3710 (4079188 Gflops/s) - 3735 (4106675 Gflops/s) - 3732 (4103377 Gflops/s) - 3718 (4087984 Gflops/s) - 3725 (4095680 Gflops/s) | Temperatures: 65°C - 66°C - 74°C - 71°C - 67°C - 66°C - 74°C - 72°C | Throttling: None - None - None - None - None - None - None - None
3740 (4112173 Gflops/s) - 3754 (4127566 Gflops/s) - 3728 (4098979 Gflops/s) - 3711 (4080287 Gflops/s) - 3736 (4107775 Gflops/s) - 3731 (4102277 Gflops/s) - 3704 (4072591 Gflops/s) - 3723 (4093481 Gflops/s) | Temperatures: 65°C - 66°C - 74°C - 71°C - 67°C - 66°C - 74°C - 72°C | Throttling: None - None - None - None - None - None - None - None
3742 (4114372 Gflops/s) - 3756 (4129765 Gflops/s) - 3727 (4097879 Gflops/s) - 3708 (4076989 Gflops/s) - 3735 (4106675 Gflops/s) - 3732 (4103377 Gflops/s) - 3705 (4073690 Gflops/s) - 3720 (4090183 Gflops/s) | Temperatures: 65°C - 66°C - 74°C - 71°C - 67°C - 66°C - 74°C - 71°C | Throttling: None - None - None - None - None - None - None - None
3740 (4112173 Gflops/s) - 3753 (4126467 Gflops/s) - 3731 (4102277 Gflops/s) - 3711 (4080287 Gflops/s) - 3737 (4108874 Gflops/s) - 3731 (4102277 Gflops/s) - 3711 (4080287 Gflops/s) - 3722 (4092382 Gflops/s) | Temperatures: 65°C - 66°C - 74°C - 71°C - 67°C - 66°C - 74°C - 72°C | Throttling: None - None - None - None - None - None - None - None
3741 (4113272 Gflops/s) - 3753 (4126467 Gflops/s) - 3728 (4098979 Gflops/s) - 3711 (4080287 Gflops/s) - 3738 (4109974 Gflops/s) - 3731 (4102277 Gflops/s) - 3710 (4079188 Gflops/s) - 3725 (4095680 Gflops/s) | Temperatures: 65°C - 66°C - 74°C - 71°C - 67°C - 66°C - 74°C - 71°C | Throttling: None - None - None - None - None - None - None - None
3737 (4108874 Gflops/s) - 3753 (4126467 Gflops/s) - 3730 (4101178 Gflops/s) - 3712 (4081387 Gflops/s) - 3735 (4106675 Gflops/s) - 3731 (4102277 Gflops/s) - 3709 (4078088 Gflops/s) - 3718 (4087984 Gflops/s) | Temperatures: 65°C - 66°C - 74°C - 71°C - 67°C - 66°C - 74°C - 71°C | Throttling: None - None - None - None - None - None - None - None
3743 (4115472 Gflops/s) - 3755 (4128666 Gflops/s) - 3734 (4105576 Gflops/s) - 3714 (4083586 Gflops/s) - 3741 (4113272 Gflops/s) - 3736 (4107775 Gflops/s) - 3714 (4083586 Gflops/s) - 3728 (4098979 Gflops/s) | Temperatures: 65°C - 66°C - 74°C - 71°C - 67°C - 66°C - 74°C - 72°C | Throttling: None - None - None - None - None - None - None - None
3742 (4114372 Gflops/s) - 3753 (4126467 Gflops/s) - 3727 (4097879 Gflops/s) - 3710 (4079188 Gflops/s) - 3734 (4105576 Gflops/s) - 3730 (4101178 Gflops/s) - 3712 (4081387 Gflops/s) - 3719 (4089083 Gflops/s) | Temperatures: 65°C - 66°C - 74°C - 71°C - 67°C - 66°C - 74°C - 72°C | Throttling: None - None - None - None - None - None - None - None
3745 (4117671 Gflops/s) - 3755 (4128666 Gflops/s) - 3728 (4098979 Gflops/s) - 3710 (4079188 Gflops/s) - 3737 (4108874 Gflops/s) - 3732 (4103377 Gflops/s) - 3703 (4071491 Gflops/s) - 3719 (4089083 Gflops/s) | Temperatures: 65°C - 67°C - 74°C - 71°C - 67°C - 67°C - 74°C - 72°C | Throttling: None - None - None - None - None - None - None - None
3741 (4113272 Gflops/s) - 3755 (4128666 Gflops/s) - 3729 (4100078 Gflops/s) - 3703 (4071491 Gflops/s) - 3737 (4108874 Gflops/s) - 3730 (4101178 Gflops/s) - 3702 (4070392 Gflops/s) - 3718 (4087984 Gflops/s) | Temperatures: 65°C - 67°C - 74°C - 71°C - 67°C - 66°C - 74°C - 72°C | Throttling: None - None - None - None - None - None - None - None
3733 (4104476 Gflops/s) - 3752 (4125367 Gflops/s) - 3727 (4097879 Gflops/s) - 3710 (4079188 Gflops/s) - 3733 (4104476 Gflops/s) - 3731 (4102277 Gflops/s) - 3708 (4076989 Gflops/s) - 3719 (4089083 Gflops/s) | Temperatures: 65°C - 67°C - 74°C - 71°C - 67°C - 66°C - 74°C - 72°C | Throttling: None - None - None - None - None - None - None - None
3736 (4107775 Gflops/s) - 3754 (4127566 Gflops/s) - 3725 (4095680 Gflops/s) - 3717 (4086884 Gflops/s) - 3734 (4105576 Gflops/s) - 3728 (4098979 Gflops/s) - 3705 (4073690 Gflops/s) - 3726 (4096780 Gflops/s) | Temperatures: 65°C - 67°C - 74°C - 71°C - 67°C - 67°C - 74°C - 72°C | Throttling: None - None - None - None - None - None - None - None
3741 (4113272 Gflops/s) - 3753 (4126467 Gflops/s) - 3727 (4097879 Gflops/s) - 3706 (4074790 Gflops/s) - 3735 (4106675 Gflops/s) - 3730 (4101178 Gflops/s) - 3710 (4079188 Gflops/s) - 3718 (4087984 Gflops/s) | Temperatures: 65°C - 67°C - 74°C - 71°C - 67°C - 67°C - 74°C - 72°C | Throttling: None - None - None - None - None - None - None - None
3739 (4111073 Gflops/s) - 3755 (4128666 Gflops/s) - 3730 (4101178 Gflops/s) - 3711 (4080287 Gflops/s) - 3739 (4111073 Gflops/s) - 3734 (4105576 Gflops/s) - 3710 (4079188 Gflops/s) - 3725 (4095680 Gflops/s) | Temperatures: 65°C - 67°C - 74°C - 71°C - 67°C - 67°C - 74°C - 72°C | Throttling: None - None - None - None - None - None - None - None
3732 (4103377 Gflops/s) - 3753 (4126467 Gflops/s) - 3729 (4100078 Gflops/s) - 3701 (4069292 Gflops/s) - 3735 (4106675 Gflops/s) - 3730 (4101178 Gflops/s) - 3705 (4073690 Gflops/s) - 3722 (4092382 Gflops/s) | Temperatures: 65°C - 67°C - 74°C - 71°C - 67°C - 67°C - 74°C - 72°C | Throttling: None - None - None - None - None - None - None - None
3738 (4109974 Gflops/s) - 3752 (4125367 Gflops/s) - 3728 (4098979 Gflops/s) - 3707 (4075889 Gflops/s) - 3736 (4107775 Gflops/s) - 3730 (4101178 Gflops/s) - 3709 (4078088 Gflops/s) - 3717 (4086884 Gflops/s) | Temperatures: 65°C - 67°C - 74°C - 71°C - 67°C - 67°C - 74°C - 72°C | Throttling: None - None - None - None - None - None - None - None
3736 (4107775 Gflops/s) - 3751 (4124268 Gflops/s) - 3726 (4096780 Gflops/s) - 3706 (4074790 Gflops/s) - 3733 (4104476 Gflops/s) - 3730 (4101178 Gflops/s) - 3705 (4073690 Gflops/s) - 3722 (4092382 Gflops/s) | Temperatures: 65°C - 67°C - 74°C - 71°C - 67°C - 67°C - 74°C - 72°C | Throttling: None - None - None - None - None - None - None - None
3734 (4105576 Gflops/s) - 3751 (4124268 Gflops/s) - 3730 (4101178 Gflops/s) - 3709 (4078088 Gflops/s) - 3734 (4105576 Gflops/s) - 3731 (4102277 Gflops/s) - 3706 (4074790 Gflops/s) - 3723 (4093481 Gflops/s) | Temperatures: 65°C - 67°C - 74°C - 71°C - 67°C - 67°C - 74°C - 72°C | Throttling: None - None - None - None - None - None - None - None
3737 (4108874 Gflops/s) - 3751 (4124268 Gflops/s) - 3726 (4096780 Gflops/s) - 3714 (4083586 Gflops/s) - 3733 (4104476 Gflops/s) - 3729 (4100078 Gflops/s) - 3702 (4070392 Gflops/s) - 3716 (4085785 Gflops/s) | Temperatures: 65°C - 67°C - 74°C - 71°C - 67°C - 67°C - 74°C - 72°C | Throttling: None - None - None - None - None - None - None - None
3741 (4113272 Gflops/s) - 3753 (4126467 Gflops/s) - 3730 (4101178 Gflops/s) - 3710 (4079188 Gflops/s) - 3737 (4108874 Gflops/s) - 3733 (4104476 Gflops/s) - 3712 (4081387 Gflops/s) - 3725 (4095680 Gflops/s) | Temperatures: 65°C - 67°C - 74°C - 71°C - 67°C - 67°C - 74°C - 72°C | Throttling: None - None - None - None - None - None - None - None
3736 (4107775 Gflops/s) - 3750 (4123168 Gflops/s) - 3725 (4095680 Gflops/s) - 3715 (4084685 Gflops/s) - 3732 (4103377 Gflops/s) - 3730 (4101178 Gflops/s) - 3705 (4073690 Gflops/s) - 3722 (4092382 Gflops/s) | Temperatures: 65°C - 67°C - 74°C - 71°C - 67°C - 67°C - 74°C - 72°C | Throttling: None - None - None - None - None - None - None - None
3734 (4105576 Gflops/s) - 3754 (4127566 Gflops/s) - 3726 (4096780 Gflops/s) - 3707 (4075889 Gflops/s) - 3734 (4105576 Gflops/s) - 3727 (4097879 Gflops/s) - 3706 (4074790 Gflops/s) - 3718 (4087984 Gflops/s) | Temperatures: 65°C - 67°C - 74°C - 71°C - 67°C - 67°C - 74°C - 72°C | Throttling: None - None - None - None - None - None - None - None
3734 (4105576 Gflops/s) - 3750 (4123168 Gflops/s) - 3727 (4097879 Gflops/s) - 3712 (4081387 Gflops/s) - 3734 (4105576 Gflops/s) - 3730 (4101178 Gflops/s) - 3705 (4073690 Gflops/s) - 3717 (4086884 Gflops/s) | Temperatures: 65°C - 67°C - 74°C - 71°C - 67°C - 67°C - 74°C - 72°C | Throttling: None - None - None - None - None - None - None - None
3739 (4111073 Gflops/s) - 3750 (4123168 Gflops/s) - 3726 (4096780 Gflops/s) - 3710 (4079188 Gflops/s) - 3734 (4105576 Gflops/s) - 3729 (4100078 Gflops/s) - 3703 (4071491 Gflops/s) - 3723 (4093481 Gflops/s) | Temperatures: 66°C - 67°C - 74°C - 71°C - 67°C - 67°C - 74°C - 72°C | Throttling: None - None - None - None - None - None - None - None
3735 (4106675 Gflops/s) - 3751 (4124268 Gflops/s) - 3726 (4096780 Gflops/s) - 3727 (4097879 Gflops/s) - 3733 (4104476 Gflops/s) - 3729 (4100078 Gflops/s) - 3703 (4071491 Gflops/s) - 3720 (4090183 Gflops/s) | Temperatures: 66°C - 67°C - 74°C - 71°C - 67°C - 67°C - 74°C - 72°C | Throttling: None - None - None - None - None - None - None - None
3739 (4111073 Gflops/s) - 3752 (4125367 Gflops/s) - 3725 (4095680 Gflops/s) - 3722 (4092382 Gflops/s) - 3733 (4104476 Gflops/s) - 3729 (4100078 Gflops/s) - 3704 (4072591 Gflops/s) - 3720 (4090183 Gflops/s) | Temperatures: 66°C - 67°C - 74°C - 71°C - 67°C - 67°C - 74°C - 72°C | Throttling: None - None - None - None - None - None - None - None
3742 (4114372 Gflops/s) - 3751 (4124268 Gflops/s) - 3728 (4098979 Gflops/s) - 3725 (4095680 Gflops/s) - 3737 (4108874 Gflops/s) - 3733 (4104476 Gflops/s) - 3711 (4080287 Gflops/s) - 3720 (4090183 Gflops/s) | Temperatures: 66°C - 67°C - 74°C - 71°C - 67°C - 67°C - 74°C - 72°C | Throttling: None - None - None - None - None - None - None - None
3732 (4103377 Gflops/s) - 3747 (4119870 Gflops/s) - 3728 (4098979 Gflops/s) - 3723 (4093481 Gflops/s) - 3731 (4102277 Gflops/s) - 3727 (4097879 Gflops/s) - 3699 (4067093 Gflops/s) - 3719 (4089083 Gflops/s) | Temperatures: 66°C - 67°C - 74°C - 71°C - 67°C - 67°C - 74°C - 72°C | Throttling: None - None - None - None - None - None - None - None
3735 (4106675 Gflops/s) - 3752 (4125367 Gflops/s) - 3731 (4102277 Gflops/s) - 3720 (4090183 Gflops/s) - 3735 (4106675 Gflops/s) - 3727 (4097879 Gflops/s) - 3711 (4080287 Gflops/s) - 3718 (4087984 Gflops/s) | Temperatures: 66°C - 67°C - 74°C - 71°C - 67°C - 67°C - 75°C - 72°C | Throttling: None - None - None - None - None - None - None - None
3735 (4106675 Gflops/s) - 3749 (4122069 Gflops/s) - 3723 (4093481 Gflops/s) - 3715 (4084685 Gflops/s) - 3735 (4106675 Gflops/s) - 3728 (4098979 Gflops/s) - 3709 (4078088 Gflops/s) - 3721 (4091282 Gflops/s) | Temperatures: 65°C - 67°C - 74°C - 71°C - 67°C - 67°C - 74°C - 72°C | Throttling: None - None - None - None - None - None - None - None
3737 (4108874 Gflops/s) - 3753 (4126467 Gflops/s) - 3725 (4095680 Gflops/s) - 3732 (4103377 Gflops/s) - 3735 (4106675 Gflops/s) - 3730 (4101178 Gflops/s) - 3701 (4069292 Gflops/s) - 3721 (4091282 Gflops/s) | Temperatures: 65°C - 67°C - 74°C - 71°C - 67°C - 67°C - 74°C - 72°C | Throttling: None - None - None - None - None - None - None - None
3736 (4107775 Gflops/s) - 3750 (4123168 Gflops/s) - 3728 (4098979 Gflops/s) - 3719 (4089083 Gflops/s) - 3733 (4104476 Gflops/s) - 3728 (4098979 Gflops/s) - 3700 (4068193 Gflops/s) - 3720 (4090183 Gflops/s) | Temperatures: 65°C - 67°C - 74°C - 71°C - 67°C - 67°C - 74°C - 72°C | Throttling: None - None - None - None - None - None - None - None
3737 (4108874 Gflops/s) - 3754 (4127566 Gflops/s) - 3727 (4097879 Gflops/s) - 3726 (4096780 Gflops/s) - 3733 (4104476 Gflops/s) - 3731 (4102277 Gflops/s) - 3702 (4070392 Gflops/s) - 3726 (4096780 Gflops/s) | Temperatures: 65°C - 67°C - 74°C - 71°C - 67°C - 67°C - 74°C - 72°C | Throttling: None - None - None - None - None - None - None - None
3736 (4107775 Gflops/s) - 3751 (4124268 Gflops/s) - 3729 (4100078 Gflops/s) - 3730 (4101178 Gflops/s) - 3731 (4102277 Gflops/s) - 3728 (4098979 Gflops/s) - 3707 (4075889 Gflops/s) - 3719 (4089083 Gflops/s) | Temperatures: 65°C - 67°C - 74°C - 71°C - 67°C - 67°C - 74°C - 72°C | Throttling: None - None - None - None - None - None - None - None
3739 (4111073 Gflops/s) - 3755 (4128666 Gflops/s) - 3733 (4104476 Gflops/s) - 3712 (4081387 Gflops/s) - 3736 (4107775 Gflops/s) - 3732 (4103377 Gflops/s) - 3710 (4079188 Gflops/s) - 3724 (4094581 Gflops/s) | Temperatures: 65°C - 67°C - 74°C - 71°C - 67°C - 67°C - 74°C - 72°C | Throttling: None - None - None - None - None - None - None - None
3736 (4107775 Gflops/s) - 3751 (4124268 Gflops/s) - 3728 (4098979 Gflops/s) - 3732 (4103377 Gflops/s) - 3735 (4106675 Gflops/s) - 3730 (4101178 Gflops/s) - 3708 (4076989 Gflops/s) - 3714 (4083586 Gflops/s) | Temperatures: 65°C - 67°C - 74°C - 71°C - 67°C - 67°C - 74°C - 72°C | Throttling: None - None - None - None - None - None - None - None
3739 (4111073 Gflops/s) - 3754 (4127566 Gflops/s) - 3725 (4095680 Gflops/s) - 3721 (4091282 Gflops/s) - 3734 (4105576 Gflops/s) - 3730 (4101178 Gflops/s) - 3705 (4073690 Gflops/s) - 3724 (4094581 Gflops/s) | Temperatures: 65°C - 67°C - 74°C - 71°C - 67°C - 67°C - 74°C - 72°C | Throttling: None - None - None - None - None - None - None - None
3734 (4105576 Gflops/s) - 3752 (4125367 Gflops/s) - 3727 (4097879 Gflops/s) - 3724 (4094581 Gflops/s) - 3733 (4104476 Gflops/s) - 3729 (4100078 Gflops/s) - 3707 (4075889 Gflops/s) - 3714 (4083586 Gflops/s) | Temperatures: 65°C - 67°C - 74°C - 71°C - 67°C - 67°C - 74°C - 72°C | Throttling: None - None - None - None - None - None - None - None
3736 (4107775 Gflops/s) - 3752 (4125367 Gflops/s) - 3727 (4097879 Gflops/s) - 3736 (4107775 Gflops/s) - 3735 (4106675 Gflops/s) - 3731 (4102277 Gflops/s) - 3704 (4072591 Gflops/s) - 3722 (4092382 Gflops/s) | Temperatures: 65°C - 67°C - 74°C - 71°C - 67°C - 67°C - 74°C - 72°C | Throttling: None - None - None - None - None - None - None - None
3731 (4102277 Gflops/s) - 3751 (4124268 Gflops/s) - 3725 (4095680 Gflops/s) - 3724 (4094581 Gflops/s) - 3735 (4106675 Gflops/s) - 3729 (4100078 Gflops/s) - 3703 (4071491 Gflops/s) - 3721 (4091282 Gflops/s) | Temperatures: 65°C - 67°C - 74°C - 71°C - 67°C - 67°C - 74°C - 72°C | Throttling: None - None - None - None - None - None - None - None
3739 (4111073 Gflops/s) - 3755 (4128666 Gflops/s) - 3724 (4094581 Gflops/s) - 3733 (4104476 Gflops/s) - 3737 (4108874 Gflops/s) - 3729 (4100078 Gflops/s) - 3707 (4075889 Gflops/s) - 3719 (4089083 Gflops/s) | Temperatures: 65°C - 67°C - 74°C - 71°C - 67°C - 67°C - 74°C - 72°C | Throttling: None - None - None - None - None - None - None - None
3736 (4107775 Gflops/s) - 3751 (4124268 Gflops/s) - 3731 (4102277 Gflops/s) - 3731 (4102277 Gflops/s) - 3737 (4108874 Gflops/s) - 3730 (4101178 Gflops/s) - 3702 (4070392 Gflops/s) - 3717 (4086884 Gflops/s) | Temperatures: 65°C - 67°C - 74°C - 71°C - 67°C - 67°C - 74°C - 72°C | Throttling: None - None - None - None - None - None - None - None
3738 (4109974 Gflops/s) - 3755 (4128666 Gflops/s) - 3734 (4105576 Gflops/s) - 3732 (4103377 Gflops/s) - 3738 (4109974 Gflops/s) - 3733 (4104476 Gflops/s) - 3705 (4073690 Gflops/s) - 3719 (4089083 Gflops/s) | Temperatures: 65°C - 67°C - 74°C - 71°C - 67°C - 67°C - 74°C - 72°C | Throttling: None - None - None - None - None - None - None - None
3736 (4107775 Gflops/s) - 3752 (4125367 Gflops/s) - 3724 (4094581 Gflops/s) - 3731 (4102277 Gflops/s) - 3734 (4105576 Gflops/s) - 3730 (4101178 Gflops/s) - 3708 (4076989 Gflops/s) - 3719 (4089083 Gflops/s) | Temperatures: 65°C - 67°C - 74°C - 71°C - 67°C - 67°C - 74°C - 72°C | Throttling: None - None - None - None - None - None - None - None
3739 (4111073 Gflops/s) - 3754 (4127566 Gflops/s) - 3726 (4096780 Gflops/s) - 3724 (4094581 Gflops/s) - 3736 (4107775 Gflops/s) - 3731 (4102277 Gflops/s) - 3704 (4072591 Gflops/s) - 3717 (4086884 Gflops/s) | Temperatures: 65°C - 67°C - 74°C - 71°C - 67°C - 67°C - 74°C - 72°C | Throttling: None - None - None - None - None - None - None - None
3739 (4111073 Gflops/s) - 3752 (4125367 Gflops/s) - 3731 (4102277 Gflops/s) - 3723 (4093481 Gflops/s) - 3734 (4105576 Gflops/s) - 3729 (4100078 Gflops/s) - 3707 (4075889 Gflops/s) - 3726 (4096780 Gflops/s) | Temperatures: 65°C - 67°C - 74°C - 71°C - 67°C - 66°C - 74°C - 72°C | Throttling: None - None - None - None - None - None - None - None
3736 (4107775 Gflops/s) - 3754 (4127566 Gflops/s) - 3724 (4094581 Gflops/s) - 3739 (4111073 Gflops/s) - 3733 (4104476 Gflops/s) - 3731 (4102277 Gflops/s) - 3705 (4073690 Gflops/s) - 3721 (4091282 Gflops/s) | Temperatures: 65°C - 67°C - 74°C - 71°C - 67°C - 66°C - 74°C - 72°C | Throttling: None - None - None - None - None - None - None - None
3739 (4111073 Gflops/s) - 3753 (4126467 Gflops/s) - 3727 (4097879 Gflops/s) - 3728 (4098979 Gflops/s) - 3733 (4104476 Gflops/s) - 3729 (4100078 Gflops/s) - 3706 (4074790 Gflops/s) - 3721 (4091282 Gflops/s) | Temperatures: 65°C - 67°C - 74°C - 71°C - 67°C - 67°C - 74°C - 72°C | Throttling: None - None - None - None - None - None - None - None
3738 (4109974 Gflops/s) - 3752 (4125367 Gflops/s) - 3726 (4096780 Gflops/s) - 3738 (4109974 Gflops/s) - 3734 (4105576 Gflops/s) - 3732 (4103377 Gflops/s) - 3704 (4072591 Gflops/s) - 3728 (4098979 Gflops/s) | Temperatures: 65°C - 67°C - 74°C - 71°C - 67°C - 67°C - 74°C - 72°C | Throttling: None - None - None - None - None - None - None - None
3739 (4111073 Gflops/s) - 3757 (4130865 Gflops/s) - 3731 (4102277 Gflops/s) - 3740 (4112173 Gflops/s) - 3740 (4112173 Gflops/s) - 3734 (4105576 Gflops/s) - 3709 (4078088 Gflops/s) - 3720 (4090183 Gflops/s) | Temperatures: 65°C - 67°C - 74°C - 71°C - 67°C - 66°C - 74°C - 72°C | Throttling: None - None - None - None - None - None - None - None
3734 (4105576 Gflops/s) - 3753 (4126467 Gflops/s) - 3725 (4095680 Gflops/s) - 3727 (4097879 Gflops/s) - 3736 (4107775 Gflops/s) - 3730 (4101178 Gflops/s) - 3706 (4074790 Gflops/s) - 3718 (4087984 Gflops/s) | Temperatures: 65°C - 67°C - 74°C - 71°C - 67°C - 67°C - 74°C - 72°C | Throttling: None - None - None - None - None - None - None - None
3740 (4112173 Gflops/s) - 3753 (4126467 Gflops/s) - 3728 (4098979 Gflops/s) - 3730 (4101178 Gflops/s) - 3735 (4106675 Gflops/s) - 3731 (4102277 Gflops/s) - 3701 (4069292 Gflops/s) - 3719 (4089083 Gflops/s) | Temperatures: 65°C - 67°C - 74°C - 71°C - 67°C - 67°C - 74°C - 72°C | Throttling: None - None - None - None - None - None - None - None
3736 (4107775 Gflops/s) - 3755 (4128666 Gflops/s) - 3728 (4098979 Gflops/s) - 3722 (4092382 Gflops/s) - 3734 (4105576 Gflops/s) - 3730 (4101178 Gflops/s) - 3711 (4080287 Gflops/s) - 3721 (4091282 Gflops/s) | Temperatures: 65°C - 67°C - 74°C - 71°C - 67°C - 66°C - 74°C - 72°C | Throttling: None - None - None - None - None - None - None - None
3740 (4112173 Gflops/s) - 3751 (4124268 Gflops/s) - 3727 (4097879 Gflops/s) - 3731 (4102277 Gflops/s) - 3732 (4103377 Gflops/s) - 3730 (4101178 Gflops/s) - 3706 (4074790 Gflops/s) - 3721 (4091282 Gflops/s) | Temperatures: 65°C - 67°C - 74°C - 71°C - 67°C - 67°C - 74°C - 72°C | Throttling: None - None - None - None - None - None - None - None
3738 (4109974 Gflops/s) - 3754 (4127566 Gflops/s) - 3726 (4096780 Gflops/s) - 3734 (4105576 Gflops/s) - 3736 (4107775 Gflops/s) - 3728 (4098979 Gflops/s) - 3699 (4067093 Gflops/s) - 3722 (4092382 Gflops/s) | Temperatures: 65°C - 67°C - 74°C - 71°C - 67°C - 66°C - 74°C - 72°C | Throttling: None - None - None - None - None - None - None - None
3738 (4109974 Gflops/s) - 3754 (4127566 Gflops/s) - 3725 (4095680 Gflops/s) - 3738 (4109974 Gflops/s) - 3736 (4107775 Gflops/s) - 3730 (4101178 Gflops/s) - 3706 (4074790 Gflops/s) - 3720 (4090183 Gflops/s) | Temperatures: 65°C - 67°C - 74°C - 71°C - 67°C - 66°C - 74°C - 72°C | Throttling: None - None - None - None - None - None - None - None
3742 (4114372 Gflops/s) - 3757 (4130865 Gflops/s) - 3731 (4102277 Gflops/s) - 3724 (4094581 Gflops/s) - 3741 (4113272 Gflops/s) - 3734 (4105576 Gflops/s) - 3710 (4079188 Gflops/s) - 3720 (4090183 Gflops/s) | Temperatures: 65°C - 67°C - 74°C - 71°C - 67°C - 66°C - 74°C - 72°C | Throttling: None - None - None - None - None - None - None - None
3736 (4107775 Gflops/s) - 3753 (4126467 Gflops/s) - 3725 (4095680 Gflops/s) - 3729 (4100078 Gflops/s) - 3734 (4105576 Gflops/s) - 3731 (4102277 Gflops/s) - 3711 (4080287 Gflops/s) - 3723 (4093481 Gflops/s) | Temperatures: 65°C - 67°C - 74°C - 71°C - 67°C - 67°C - 74°C - 72°C | Throttling: None - None - None - None - None - None - None - None
3738 (4109974 Gflops/s) - 3754 (4127566 Gflops/s) - 3726 (4096780 Gflops/s) - 3735 (4106675 Gflops/s) - 3736 (4107775 Gflops/s) - 3729 (4100078 Gflops/s) - 3708 (4076989 Gflops/s) - 3721 (4091282 Gflops/s) | Temperatures: 65°C - 67°C - 74°C - 71°C - 67°C - 66°C - 74°C - 72°C | Throttling: None - None - None - None - None - None - None - None
3738 (4109974 Gflops/s) - 3755 (4128666 Gflops/s) - 3726 (4096780 Gflops/s) - 3722 (4092382 Gflops/s) - 3738 (4109974 Gflops/s) - 3731 (4102277 Gflops/s) - 3701 (4069292 Gflops/s) - 3721 (4091282 Gflops/s) | Temperatures: 65°C - 67°C - 74°C - 71°C - 67°C - 66°C - 74°C - 72°C | Throttling: None - None - None - None - None - None - None - None
3737 (4108874 Gflops/s) - 3755 (4128666 Gflops/s) - 3725 (4095680 Gflops/s) - 3737 (4108874 Gflops/s) - 3733 (4104476 Gflops/s) - 3731 (4102277 Gflops/s) - 3704 (4072591 Gflops/s) - 3721 (4091282 Gflops/s) | Temperatures: 65°C - 67°C - 74°C - 71°C - 67°C - 66°C - 74°C - 72°C | Throttling: None - None - None - None - None - None - None - None
3739 (4111073 Gflops/s) - 3754 (4127566 Gflops/s) - 3729 (4100078 Gflops/s) - 3723 (4093481 Gflops/s) - 3734 (4105576 Gflops/s) - 3731 (4102277 Gflops/s) - 3701 (4069292 Gflops/s) - 3721 (4091282 Gflops/s) | Temperatures: 65°C - 66°C - 74°C - 71°C - 67°C - 66°C - 74°C - 72°C | Throttling: None - None - None - None - None - None - None - None
3740 (4112173 Gflops/s) - 3753 (4126467 Gflops/s) - 3726 (4096780 Gflops/s) - 3737 (4108874 Gflops/s) - 3736 (4107775 Gflops/s) - 3730 (4101178 Gflops/s) - 3704 (4072591 Gflops/s) - 3719 (4089083 Gflops/s) | Temperatures: 65°C - 66°C - 74°C - 71°C - 67°C - 66°C - 74°C - 72°C | Throttling: None - None - None - None - None - None - None - None
3740 (4112173 Gflops/s) - 3753 (4126467 Gflops/s) - 3726 (4096780 Gflops/s) - 3718 (4087984 Gflops/s) - 3732 (4103377 Gflops/s) - 3731 (4102277 Gflops/s) - 3708 (4076989 Gflops/s) - 3720 (4090183 Gflops/s) | Temperatures: 65°C - 66°C - 74°C - 71°C - 67°C - 66°C - 74°C - 72°C | Throttling: None - None - None - None - None - None - None - None
3740 (4112173 Gflops/s) - 3754 (4127566 Gflops/s) - 3732 (4103377 Gflops/s) - 3726 (4096780 Gflops/s) - 3738 (4109974 Gflops/s) - 3733 (4104476 Gflops/s) - 3711 (4080287 Gflops/s) - 3724 (4094581 Gflops/s) | Temperatures: 65°C - 66°C - 74°C - 71°C - 67°C - 66°C - 74°C - 72°C | Throttling: None - None - None - None - None - None - None - None
3739 (4111073 Gflops/s) - 3754 (4127566 Gflops/s) - 3728 (4098979 Gflops/s) - 3733 (4104476 Gflops/s) - 3735 (4106675 Gflops/s) - 3730 (4101178 Gflops/s) - 3708 (4076989 Gflops/s) - 3722 (4092382 Gflops/s) | Temperatures: 65°C - 67°C - 74°C - 71°C - 67°C - 66°C - 74°C - 72°C | Throttling: None - None - None - None - None - None - None - None
3740 (4112173 Gflops/s) - 3750 (4123168 Gflops/s) - 3726 (4096780 Gflops/s) - 3735 (4106675 Gflops/s) - 3735 (4106675 Gflops/s) - 3731 (4102277 Gflops/s) - 3702 (4070392 Gflops/s) - 3719 (4089083 Gflops/s) | Temperatures: 65°C - 66°C - 74°C - 71°C - 67°C - 66°C - 74°C - 72°C | Throttling: None - None - None - None - None - None - None - None
3737 (4108874 Gflops/s) - 3749 (4122069 Gflops/s) - 3728 (4098979 Gflops/s) - 3731 (4102277 Gflops/s) - 3736 (4107775 Gflops/s) - 3732 (4103377 Gflops/s) - 3702 (4070392 Gflops/s) - 3716 (4085785 Gflops/s) | Temperatures: 65°C - 66°C - 74°C - 71°C - 67°C - 66°C - 74°C - 72°C | Throttling: None - None - None - None - None - None - None - None
3738 (4109974 Gflops/s) - 3754 (4127566 Gflops/s) - 3727 (4097879 Gflops/s) - 3731 (4102277 Gflops/s) - 3737 (4108874 Gflops/s) - 3731 (4102277 Gflops/s) - 3704 (4072591 Gflops/s) - 3718 (4087984 Gflops/s) | Temperatures: 65°C - 66°C - 74°C - 71°C - 67°C - 66°C - 74°C - 72°C | Throttling: None - None - None - None - None - None - None - None
3738 (4109974 Gflops/s) - 3752 (4125367 Gflops/s) - 3727 (4097879 Gflops/s) - 3727 (4097879 Gflops/s) - 3736 (4107775 Gflops/s) - 3732 (4103377 Gflops/s) - 3707 (4075889 Gflops/s) - 3718 (4087984 Gflops/s) | Temperatures: 65°C - 66°C - 74°C - 71°C - 67°C - 66°C - 74°C - 71°C | Throttling: None - None - None - None - None - None - None - None
3734 (4105576 Gflops/s) - 3755 (4128666 Gflops/s) - 3728 (4098979 Gflops/s) - 3727 (4097879 Gflops/s) - 3736 (4107775 Gflops/s) - 3732 (4103377 Gflops/s) - 3704 (4072591 Gflops/s) - 3719 (4089083 Gflops/s) | Temperatures: 65°C - 66°C - 74°C - 71°C - 67°C - 66°C - 74°C - 71°C | Throttling: None - None - None - None - None - None - None - None
3737 (4108874 Gflops/s) - 3755 (4128666 Gflops/s) - 3728 (4098979 Gflops/s) - 3726 (4096780 Gflops/s) - 3739 (4111073 Gflops/s) - 3732 (4103377 Gflops/s) - 3705 (4073690 Gflops/s) - 3720 (4090183 Gflops/s) | Temperatures: 65°C - 66°C - 74°C - 71°C - 67°C - 66°C - 74°C - 71°C | Throttling: None - None - None - None - None - None - None - None
3741 (4113272 Gflops/s) - 3753 (4126467 Gflops/s) - 3729 (4100078 Gflops/s) - 3736 (4107775 Gflops/s) - 3737 (4108874 Gflops/s) - 3733 (4104476 Gflops/s) - 3708 (4076989 Gflops/s) - 3723 (4093481 Gflops/s) | Temperatures: 65°C - 66°C - 74°C - 71°C - 67°C - 66°C - 74°C - 72°C | Throttling: None - None - None - None - None - None - None - None
3747 (4119870 Gflops/s) - 3756 (4129765 Gflops/s) - 3732 (4103377 Gflops/s) - 3743 (4115472 Gflops/s) - 3743 (4115472 Gflops/s) - 3737 (4108874 Gflops/s) - 3712 (4081387 Gflops/s) - 3723 (4093481 Gflops/s) | Temperatures: 65°C - 66°C - 74°C - 71°C - 66°C - 66°C - 74°C - 71°C | Throttling: None - None - None - None - None - None - None - None
3740 (4112173 Gflops/s) - 3757 (4130865 Gflops/s) - 3729 (4100078 Gflops/s) - 3744 (4116571 Gflops/s) - 3738 (4109974 Gflops/s) - 3733 (4104476 Gflops/s) - 3711 (4080287 Gflops/s) - 3724 (4094581 Gflops/s) | Temperatures: 64°C - 66°C - 74°C - 71°C - 66°C - 66°C - 74°C - 71°C | Throttling: None - None - None - None - None - None - None - None
3744 (4116571 Gflops/s) - 3754 (4127566 Gflops/s) - 3729 (4100078 Gflops/s) - 3738 (4109974 Gflops/s) - 3740 (4112173 Gflops/s) - 3732 (4103377 Gflops/s) - 3710 (4079188 Gflops/s) - 3723 (4093481 Gflops/s) | Temperatures: 64°C - 66°C - 74°C - 71°C - 66°C - 66°C - 74°C - 71°C | Throttling: None - None - None - None - None - None - None - None
3740 (4112173 Gflops/s) - 3759 (4133064 Gflops/s) - 3728 (4098979 Gflops/s) - 3742 (4114372 Gflops/s) - 3740 (4112173 Gflops/s) - 3732 (4103377 Gflops/s) - 3708 (4076989 Gflops/s) - 3726 (4096780 Gflops/s) | Temperatures: 64°C - 66°C - 74°C - 71°C - 66°C - 66°C - 74°C - 71°C | Throttling: None - None - None - None - None - None - None - None
3741 (4113272 Gflops/s) - 3755 (4128666 Gflops/s) - 3730 (4101178 Gflops/s) - 3740 (4112173 Gflops/s) - 3741 (4113272 Gflops/s) - 3734 (4105576 Gflops/s) - 3709 (4078088 Gflops/s) - 3723 (4093481 Gflops/s) | Temperatures: 64°C - 66°C - 73°C - 71°C - 66°C - 66°C - 74°C - 71°C | Throttling: None - None - None - None - None - None - None - None
3745 (4117671 Gflops/s) - 3755 (4128666 Gflops/s) - 3729 (4100078 Gflops/s) - 3728 (4098979 Gflops/s) - 3740 (4112173 Gflops/s) - 3733 (4104476 Gflops/s) - 3710 (4079188 Gflops/s) - 3720 (4090183 Gflops/s) | Temperatures: 64°C - 66°C - 73°C - 70°C - 66°C - 66°C - 74°C - 71°C | Throttling: None - None - None - None - None - None - None - None
3750 (4123168 Gflops/s) - 3756 (4129765 Gflops/s) - 3728 (4098979 Gflops/s) - 3741 (4113272 Gflops/s) - 3740 (4112173 Gflops/s) - 3733 (4104476 Gflops/s) - 3709 (4078088 Gflops/s) - 3722 (4092382 Gflops/s) | Temperatures: 64°C - 66°C - 73°C - 70°C - 66°C - 66°C - 73°C - 71°C | Throttling: None - None - None - None - None - None - None - None
3748 (4120969 Gflops/s) - 3763 (4137462 Gflops/s) - 3733 (4104476 Gflops/s) - 3739 (4111073 Gflops/s) - 3744 (4116571 Gflops/s) - 3738 (4109974 Gflops/s) - 3711 (4080287 Gflops/s) - 3732 (4103377 Gflops/s) | Temperatures: 64°C - 66°C - 74°C - 70°C - 66°C - 66°C - 74°C - 71°C | Throttling: None - None - None - None - None - None - None - None
3745 (4117671 Gflops/s) - 3756 (4129765 Gflops/s) - 3731 (4102277 Gflops/s) - 3744 (4116571 Gflops/s) - 3740 (4112173 Gflops/s) - 3733 (4104476 Gflops/s) - 3714 (4083586 Gflops/s) - 3728 (4098979 Gflops/s) | Temperatures: 64°C - 66°C - 73°C - 70°C - 66°C - 66°C - 74°C - 71°C | Throttling: None - None - None - None - None - None - None - None
3747 (4119870 Gflops/s) - 3758 (4131964 Gflops/s) - 3730 (4101178 Gflops/s) - 3743 (4115472 Gflops/s) - 3742 (4114372 Gflops/s) - 3733 (4104476 Gflops/s) - 3716 (4085785 Gflops/s) - 3721 (4091282 Gflops/s) | Temperatures: 64°C - 66°C - 73°C - 70°C - 66°C - 66°C - 74°C - 71°C | Throttling: None - None - None - None - None - None - None - None
3748 (4120969 Gflops/s) - 3757 (4130865 Gflops/s) - 3735 (4106675 Gflops/s) - 3744 (4116571 Gflops/s) - 3741 (4113272 Gflops/s) - 3735 (4106675 Gflops/s) - 3711 (4080287 Gflops/s) - 3725 (4095680 Gflops/s) | Temperatures: 64°C - 66°C - 73°C - 70°C - 66°C - 66°C - 74°C - 71°C | Throttling: None - None - None - None - None - None - None - None
3751 (4124268 Gflops/s) - 3755 (4128666 Gflops/s) - 3731 (4102277 Gflops/s) - 3741 (4113272 Gflops/s) - 3741 (4113272 Gflops/s) - 3735 (4106675 Gflops/s) - 3711 (4080287 Gflops/s) - 3722 (4092382 Gflops/s) | Temperatures: 64°C - 66°C - 73°C - 70°C - 66°C - 65°C - 73°C - 71°C | Throttling: None - None - None - None - None - None - None - None
3751 (4124268 Gflops/s) - 3758 (4131964 Gflops/s) - 3732 (4103377 Gflops/s) - 3747 (4119870 Gflops/s) - 3741 (4113272 Gflops/s) - 3734 (4105576 Gflops/s) - 3716 (4085785 Gflops/s) - 3729 (4100078 Gflops/s) | Temperatures: 64°C - 66°C - 73°C - 70°C - 66°C - 66°C - 74°C - 71°C | Throttling: None - None - None - None - None - None - None - None
3746 (4118770 Gflops/s) - 3757 (4130865 Gflops/s) - 3730 (4101178 Gflops/s) - 3741 (4113272 Gflops/s) - 3740 (4112173 Gflops/s) - 3734 (4105576 Gflops/s) - 3712 (4081387 Gflops/s) - 3721 (4091282 Gflops/s) | Temperatures: 64°C - 66°C - 73°C - 70°C - 66°C - 66°C - 73°C - 71°C | Throttling: None - None - None - None - None - None - None - None
3746 (4118770 Gflops/s) - 3757 (4130865 Gflops/s) - 3733 (4104476 Gflops/s) - 3733 (4104476 Gflops/s) - 3739 (4111073 Gflops/s) - 3735 (4106675 Gflops/s) - 3712 (4081387 Gflops/s) - 3725 (4095680 Gflops/s) | Temperatures: 64°C - 66°C - 73°C - 70°C - 66°C - 66°C - 73°C - 71°C | Throttling: None - None - None - None - None - None - None - None
3747 (4119870 Gflops/s) - 3759 (4133064 Gflops/s) - 3730 (4101178 Gflops/s) - 3745 (4117671 Gflops/s) - 3741 (4113272 Gflops/s) - 3735 (4106675 Gflops/s) - 3713 (4082486 Gflops/s) - 3723 (4093481 Gflops/s) | Temperatures: 64°C - 66°C - 73°C - 70°C - 66°C - 65°C - 73°C - 71°C | Throttling: None - None - None - None - None - None - None - None
3752 (4125367 Gflops/s) - 3758 (4131964 Gflops/s) - 3731 (4102277 Gflops/s) - 3743 (4115472 Gflops/s) - 3742 (4114372 Gflops/s) - 3735 (4106675 Gflops/s) - 3716 (4085785 Gflops/s) - 3728 (4098979 Gflops/s) | Temperatures: 64°C - 65°C - 73°C - 70°C - 66°C - 66°C - 73°C - 71°C | Throttling: None - None - None - None - None - None - None - None
3748 (4120969 Gflops/s) - 3764 (4138561 Gflops/s) - 3735 (4106675 Gflops/s) - 3751 (4124268 Gflops/s) - 3746 (4118770 Gflops/s) - 3737 (4108874 Gflops/s) - 3723 (4093481 Gflops/s) - 3727 (4097879 Gflops/s) | Temperatures: 64°C - 65°C - 73°C - 70°C - 66°C - 65°C - 73°C - 71°C | Throttling: None - None - None - None - None - None - None - None
3749 (4122069 Gflops/s) - 3759 (4133064 Gflops/s) - 3730 (4101178 Gflops/s) - 3746 (4118770 Gflops/s) - 3741 (4113272 Gflops/s) - 3734 (4105576 Gflops/s) - 3713 (4082486 Gflops/s) - 3725 (4095680 Gflops/s) | Temperatures: 64°C - 65°C - 73°C - 70°C - 66°C - 65°C - 73°C - 71°C | Throttling: None - None - None - None - None - None - None - None
3751 (4124268 Gflops/s) - 3760 (4134163 Gflops/s) - 3734 (4105576 Gflops/s) - 3746 (4118770 Gflops/s) - 3743 (4115472 Gflops/s) - 3734 (4105576 Gflops/s) - 3712 (4081387 Gflops/s) - 3727 (4097879 Gflops/s) | Temperatures: 64°C - 65°C - 73°C - 70°C - 66°C - 65°C - 73°C - 71°C | Throttling: None - None - None - None - None - None - None - None
3747 (4119870 Gflops/s) - 3758 (4131964 Gflops/s) - 3730 (4101178 Gflops/s) - 3743 (4115472 Gflops/s) - 3740 (4112173 Gflops/s) - 3734 (4105576 Gflops/s) - 3715 (4084685 Gflops/s) - 3726 (4096780 Gflops/s) | Temperatures: 64°C - 65°C - 73°C - 70°C - 66°C - 65°C - 73°C - 71°C | Throttling: None - None - None - None - None - None - None - None
3748 (4120969 Gflops/s) - 3761 (4135263 Gflops/s) - 3730 (4101178 Gflops/s) - 3741 (4113272 Gflops/s) - 3742 (4114372 Gflops/s) - 3734 (4105576 Gflops/s) - 3714 (4083586 Gflops/s) - 3728 (4098979 Gflops/s) | Temperatures: 64°C - 65°C - 73°C - 70°C - 66°C - 65°C - 73°C - 71°C | Throttling: None - None - None - None - None - None - None - None
3743 (4115472 Gflops/s) - 3759 (4133064 Gflops/s) - 3729 (4100078 Gflops/s) - 3739 (4111073 Gflops/s) - 3742 (4114372 Gflops/s) - 3734 (4105576 Gflops/s) - 3711 (4080287 Gflops/s) - 3728 (4098979 Gflops/s) | Temperatures: 64°C - 65°C - 73°C - 70°C - 66°C - 65°C - 73°C - 71°C | Throttling: None - None - None - None - None - None - None - None
3756 (4129765 Gflops/s) - 3759 (4133064 Gflops/s) - 3730 (4101178 Gflops/s) - 3742 (4114372 Gflops/s) - 3744 (4116571 Gflops/s) - 3735 (4106675 Gflops/s) - 3719 (4089083 Gflops/s) - 3725 (4095680 Gflops/s) | Temperatures: 64°C - 65°C - 73°C - 70°C - 66°C - 65°C - 73°C - 71°C | Throttling: None - None - None - None - None - None - None - None
3749 (4122069 Gflops/s) - 3759 (4133064 Gflops/s) - 3733 (4104476 Gflops/s) - 3746 (4118770 Gflops/s) - 3743 (4115472 Gflops/s) - 3734 (4105576 Gflops/s) - 3712 (4081387 Gflops/s) - 3727 (4097879 Gflops/s) | Temperatures: 64°C - 65°C - 73°C - 70°C - 66°C - 65°C - 73°C - 71°C | Throttling: None - None - None - None - None - None - None - None
3757 (4130865 Gflops/s) - 3763 (4137462 Gflops/s) - 3734 (4105576 Gflops/s) - 3749 (4122069 Gflops/s) - 3745 (4117671 Gflops/s) - 3737 (4108874 Gflops/s) - 3722 (4092382 Gflops/s) - 3737 (4108874 Gflops/s) | Temperatures: 64°C - 65°C - 73°C - 70°C - 66°C - 65°C - 73°C - 71°C | Throttling: None - None - None - None - None - None - None - None
3753 (4126467 Gflops/s) - 3758 (4131964 Gflops/s) - 3731 (4102277 Gflops/s) - 3747 (4119870 Gflops/s) - 3743 (4115472 Gflops/s) - 3738 (4109974 Gflops/s) - 3712 (4081387 Gflops/s) - 3727 (4097879 Gflops/s) | Temperatures: 64°C - 65°C - 73°C - 70°C - 66°C - 65°C - 73°C - 71°C | Throttling: None - None - None - None - None - None - None - None
3750 (4123168 Gflops/s) - 3759 (4133064 Gflops/s) - 3732 (4103377 Gflops/s) - 3748 (4120969 Gflops/s) - 3744 (4116571 Gflops/s) - 3738 (4109974 Gflops/s) - 3712 (4081387 Gflops/s) - 3728 (4098979 Gflops/s) | Temperatures: 64°C - 65°C - 73°C - 70°C - 66°C - 65°C - 73°C - 71°C | Throttling: None - None - None - None - None - None - None - None
3755 (4128666 Gflops/s) - 3760 (4134163 Gflops/s) - 3733 (4104476 Gflops/s) - 3746 (4118770 Gflops/s) - 3743 (4115472 Gflops/s) - 3737 (4108874 Gflops/s) - 3715 (4084685 Gflops/s) - 3727 (4097879 Gflops/s) | Temperatures: 64°C - 65°C - 73°C - 70°C - 66°C - 65°C - 73°C - 71°C | Throttling: None - None - None - None - None - None - None - None
3754 (4127566 Gflops/s) - 3759 (4133064 Gflops/s) - 3731 (4102277 Gflops/s) - 3744 (4116571 Gflops/s) - 3744 (4116571 Gflops/s) - 3739 (4111073 Gflops/s) - 3717 (4086884 Gflops/s) - 3723 (4093481 Gflops/s) | Temperatures: 64°C - 65°C - 73°C - 70°C - 66°C - 65°C - 73°C - 71°C | Throttling: None - None - None - None - None - None - None - None
3753 (4126467 Gflops/s) - 3760 (4134163 Gflops/s) - 3731 (4102277 Gflops/s) - 3743 (4115472 Gflops/s) - 3741 (4113272 Gflops/s) - 3739 (4111073 Gflops/s) - 3724 (4094581 Gflops/s) - 3731 (4102277 Gflops/s) | Temperatures: 64°C - 65°C - 73°C - 70°C - 66°C - 65°C - 73°C - 71°C | Throttling: None - None - None - None - None - None - None - None
3750 (4123168 Gflops/s) - 3762 (4136362 Gflops/s) - 3731 (4102277 Gflops/s) - 3746 (4118770 Gflops/s) - 3744 (4116571 Gflops/s) - 3737 (4108874 Gflops/s) - 3713 (4082486 Gflops/s) - 3730 (4101178 Gflops/s) | Temperatures: 64°C - 65°C - 73°C - 70°C - 66°C - 65°C - 73°C - 71°C | Throttling: None - None - None - None - None - None - None - None
3755 (4128666 Gflops/s) - 3759 (4133064 Gflops/s) - 3732 (4103377 Gflops/s) - 3743 (4115472 Gflops/s) - 3744 (4116571 Gflops/s) - 3729 (4100078 Gflops/s) - 3720 (4090183 Gflops/s) - 3731 (4102277 Gflops/s) | Temperatures: 64°C - 65°C - 73°C - 70°C - 66°C - 65°C - 73°C - 71°C | Throttling: None - None - None - None - None - None - None - None
3758 (4131964 Gflops/s) - 3763 (4137462 Gflops/s) - 3735 (4106675 Gflops/s) - 3751 (4124268 Gflops/s) - 3744 (4116571 Gflops/s) - 3731 (4102277 Gflops/s) - 3722 (4092382 Gflops/s) - 3726 (4096780 Gflops/s) | Temperatures: 64°C - 65°C - 73°C - 70°C - 66°C - 65°C - 73°C - 71°C | Throttling: None - None - None - None - None - None - None - None
3755 (4128666 Gflops/s) - 3761 (4135263 Gflops/s) - 3733 (4104476 Gflops/s) - 3745 (4117671 Gflops/s) - 3744 (4116571 Gflops/s) - 3727 (4097879 Gflops/s) - 3721 (4091282 Gflops/s) - 3722 (4092382 Gflops/s) | Temperatures: 64°C - 65°C - 73°C - 70°C - 66°C - 65°C - 73°C - 71°C | Throttling: None - None - None - None - None - None - None - None
3755 (4128666 Gflops/s) - 3759 (4133064 Gflops/s) - 3731 (4102277 Gflops/s) - 3745 (4117671 Gflops/s) - 3742 (4114372 Gflops/s) - 3727 (4097879 Gflops/s) - 3717 (4086884 Gflops/s) - 3729 (4100078 Gflops/s) | Temperatures: 64°C - 65°C - 73°C - 70°C - 66°C - 65°C - 73°C - 70°C | Throttling: None - None - None - None - None - None - None - None
3755 (4128666 Gflops/s) - 3760 (4134163 Gflops/s) - 3734 (4105576 Gflops/s) - 3750 (4123168 Gflops/s) - 3743 (4115472 Gflops/s) - 3727 (4097879 Gflops/s) - 3722 (4092382 Gflops/s) - 3731 (4102277 Gflops/s) | Temperatures: 64°C - 65°C - 73°C - 70°C - 66°C - 65°C - 73°C - 71°C | Throttling: None - None - None - None - None - None - None - None
3755 (4128666 Gflops/s) - 3760 (4134163 Gflops/s) - 3731 (4102277 Gflops/s) - 3742 (4114372 Gflops/s) - 3744 (4116571 Gflops/s) - 3727 (4097879 Gflops/s) - 3725 (4095680 Gflops/s) - 3727 (4097879 Gflops/s) | Temperatures: 64°C - 65°C - 73°C - 70°C - 66°C - 65°C - 73°C - 71°C | Throttling: None - None - None - None - None - None - None - None
3753 (4126467 Gflops/s) - 3761 (4135263 Gflops/s) - 3733 (4104476 Gflops/s) - 3745 (4117671 Gflops/s) - 3742 (4114372 Gflops/s) - 3726 (4096780 Gflops/s) - 3718 (4087984 Gflops/s) - 3726 (4096780 Gflops/s) | Temperatures: 64°C - 65°C - 73°C - 70°C - 66°C - 65°C - 73°C - 70°C | Throttling: None - None - None - None - None - None - None - None
3757 (4130865 Gflops/s) - 3764 (4138561 Gflops/s) - 3738 (4109974 Gflops/s) - 3750 (4123168 Gflops/s) - 3743 (4115472 Gflops/s) - 3731 (4102277 Gflops/s) - 3725 (4095680 Gflops/s) - 3729 (4100078 Gflops/s) | Temperatures: 64°C - 65°C - 73°C - 70°C - 66°C - 65°C - 73°C - 71°C | Throttling: None - None - None - None - None - None - None - None
3754 (4127566 Gflops/s) - 3759 (4133064 Gflops/s) - 3733 (4104476 Gflops/s) - 3736 (4107775 Gflops/s) - 3742 (4114372 Gflops/s) - 3726 (4096780 Gflops/s) - 3720 (4090183 Gflops/s) - 3724 (4094581 Gflops/s) | Temperatures: 64°C - 65°C - 73°C - 70°C - 66°C - 65°C - 73°C - 70°C | Throttling: None - None - None - None - None - None - None - None
3756 (4129765 Gflops/s) - 3758 (4131964 Gflops/s) - 3733 (4104476 Gflops/s) - 3745 (4117671 Gflops/s) - 3743 (4115472 Gflops/s) - 3728 (4098979 Gflops/s) - 3721 (4091282 Gflops/s) - 3726 (4096780 Gflops/s) | Temperatures: 64°C - 65°C - 73°C - 70°C - 66°C - 65°C - 73°C - 71°C | Throttling: None - None - None - None - None - None - None - None
3753 (4126467 Gflops/s) - 3760 (4134163 Gflops/s) - 3733 (4104476 Gflops/s) - 3745 (4117671 Gflops/s) - 3742 (4114372 Gflops/s) - 3726 (4096780 Gflops/s) - 3718 (4087984 Gflops/s) - 3723 (4093481 Gflops/s) | Temperatures: 64°C - 65°C - 73°C - 70°C - 66°C - 65°C - 73°C - 71°C | Throttling: None - None - None - None - None - None - None - None
3751 (4124268 Gflops/s) - 3761 (4135263 Gflops/s) - 3732 (4103377 Gflops/s) - 3748 (4120969 Gflops/s) - 3743 (4115472 Gflops/s) - 3726 (4096780 Gflops/s) - 3716 (4085785 Gflops/s) - 3728 (4098979 Gflops/s) | Temperatures: 64°C - 65°C - 73°C - 70°C - 66°C - 65°C - 73°C - 71°C | Throttling: None - None - None - None - None - None - None - None
3753 (4126467 Gflops/s) - 3760 (4134163 Gflops/s) - 3732 (4103377 Gflops/s) - 3734 (4105576 Gflops/s) - 3741 (4113272 Gflops/s) - 3726 (4096780 Gflops/s) - 3714 (4083586 Gflops/s) - 3725 (4095680 Gflops/s) | Temperatures: 64°C - 65°C - 73°C - 70°C - 66°C - 65°C - 73°C - 71°C | Throttling: None - None - None - None - None - None - None - None
3754 (4127566 Gflops/s) - 3759 (4133064 Gflops/s) - 3734 (4105576 Gflops/s) - 3749 (4122069 Gflops/s) - 3744 (4116571 Gflops/s) - 3726 (4096780 Gflops/s) - 3716 (4085785 Gflops/s) - 3733 (4104476 Gflops/s) | Temperatures: 64°C - 65°C - 73°C - 70°C - 66°C - 65°C - 73°C - 71°C | Throttling: None - None - None - None - None - None - None - None
3756 (4129765 Gflops/s) - 3763 (4137462 Gflops/s) - 3737 (4108874 Gflops/s) - 3750 (4123168 Gflops/s) - 3745 (4117671 Gflops/s) - 3731 (4102277 Gflops/s) - 3719 (4089083 Gflops/s) - 3729 (4100078 Gflops/s) | Temperatures: 64°C - 65°C - 73°C - 70°C - 66°C - 65°C - 73°C - 70°C | Throttling: None - None - None - None - None - None - None - None
3754 (4127566 Gflops/s) - 3760 (4134163 Gflops/s) - 3732 (4103377 Gflops/s) - 3743 (4115472 Gflops/s) - 3742 (4114372 Gflops/s) - 3726 (4096780 Gflops/s) - 3719 (4089083 Gflops/s) - 3728 (4098979 Gflops/s) | Temperatures: 64°C - 65°C - 73°C - 70°C - 66°C - 65°C - 73°C - 71°C | Throttling: None - None - None - None - None - None - None - None
3755 (4128666 Gflops/s) - 3759 (4133064 Gflops/s) - 3730 (4101178 Gflops/s) - 3746 (4118770 Gflops/s) - 3739 (4111073 Gflops/s) - 3727 (4097879 Gflops/s) - 3721 (4091282 Gflops/s) - 3728 (4098979 Gflops/s) | Temperatures: 64°C - 65°C - 73°C - 70°C - 66°C - 65°C - 73°C - 71°C | Throttling: None - None - None - None - None - None - None - None
3753 (4126467 Gflops/s) - 3758 (4131964 Gflops/s) - 3730 (4101178 Gflops/s) - 3746 (4118770 Gflops/s) - 3743 (4115472 Gflops/s) - 3726 (4096780 Gflops/s) - 3712 (4081387 Gflops/s) - 3730 (4101178 Gflops/s) | Temperatures: 64°C - 65°C - 73°C - 70°C - 66°C - 65°C - 73°C - 71°C | Throttling: None - None - None - None - None - None - None - None
3753 (4126467 Gflops/s) - 3760 (4134163 Gflops/s) - 3730 (4101178 Gflops/s) - 3727 (4097879 Gflops/s) - 3742 (4114372 Gflops/s) - 3727 (4097879 Gflops/s) - 3713 (4082486 Gflops/s) - 3730 (4101178 Gflops/s) | Temperatures: 64°C - 65°C - 73°C - 70°C - 66°C - 65°C - 73°C - 71°C | Throttling: None - None - None - None - None - None - None - None
3753 (4126467 Gflops/s) - 3759 (4133064 Gflops/s) - 3730 (4101178 Gflops/s) - 3745 (4117671 Gflops/s) - 3741 (4113272 Gflops/s) - 3728 (4098979 Gflops/s) - 3719 (4089083 Gflops/s) - 3725 (4095680 Gflops/s) | Temperatures: 64°C - 65°C - 73°C - 70°C - 66°C - 65°C - 73°C - 71°C | Throttling: None - None - None - None - None - None - None - None
3755 (4128666 Gflops/s) - 3758 (4131964 Gflops/s) - 3731 (4102277 Gflops/s) - 3746 (4118770 Gflops/s) - 3742 (4114372 Gflops/s) - 3726 (4096780 Gflops/s) - 3717 (4086884 Gflops/s) - 3731 (4102277 Gflops/s) | Temperatures: 64°C - 65°C - 73°C - 70°C - 66°C - 65°C - 73°C - 71°C | Throttling: None - None - None - None - None - None - None - None
3754 (4127566 Gflops/s) - 3761 (4135263 Gflops/s) - 3732 (4103377 Gflops/s) - 3747 (4119870 Gflops/s) - 3743 (4115472 Gflops/s) - 3729 (4100078 Gflops/s) - 3715 (4084685 Gflops/s) - 3727 (4097879 Gflops/s) | Temperatures: 64°C - 65°C - 73°C - 70°C - 66°C - 65°C - 73°C - 71°C | Throttling: None - None - None - None - None - None - None - None
3755 (4128666 Gflops/s) - 3763 (4137462 Gflops/s) - 3735 (4106675 Gflops/s) - 3750 (4123168 Gflops/s) - 3744 (4116571 Gflops/s) - 3731 (4102277 Gflops/s) - 3717 (4086884 Gflops/s) - 3728 (4098979 Gflops/s) | Temperatures: 64°C - 65°C - 73°C - 70°C - 66°C - 65°C - 73°C - 70°C | Throttling: None - None - None - None - None - None - None - None
3753 (4126467 Gflops/s) - 3760 (4134163 Gflops/s) - 3734 (4105576 Gflops/s) - 3746 (4118770 Gflops/s) - 3742 (4114372 Gflops/s) - 3727 (4097879 Gflops/s) - 3718 (4087984 Gflops/s) - 3726 (4096780 Gflops/s) | Temperatures: 64°C - 65°C - 73°C - 70°C - 66°C - 65°C - 73°C - 71°C | Throttling: None - None - None - None - None - None - None - None
3754 (4127566 Gflops/s) - 3758 (4131964 Gflops/s) - 3734 (4105576 Gflops/s) - 3748 (4120969 Gflops/s) - 3743 (4115472 Gflops/s) - 3726 (4096780 Gflops/s) - 3715 (4084685 Gflops/s) - 3728 (4098979 Gflops/s) | Temperatures: 64°C - 65°C - 73°C - 70°C - 66°C - 65°C - 73°C - 71°C | Throttling: None - None - None - None - None - None - None - None
3753 (4126467 Gflops/s) - 3759 (4133064 Gflops/s) - 3733 (4104476 Gflops/s) - 3749 (4122069 Gflops/s) - 3742 (4114372 Gflops/s) - 3727 (4097879 Gflops/s) - 3715 (4084685 Gflops/s) - 3726 (4096780 Gflops/s) | Temperatures: 64°C - 65°C - 73°C - 70°C - 66°C - 65°C - 73°C - 71°C | Throttling: None - None - None - None - None - None - None - None
3754 (4127566 Gflops/s) - 3760 (4134163 Gflops/s) - 3733 (4104476 Gflops/s) - 3743 (4115472 Gflops/s) - 3744 (4116571 Gflops/s) - 3727 (4097879 Gflops/s) - 3715 (4084685 Gflops/s) - 3729 (4100078 Gflops/s) | Temperatures: 64°C - 65°C - 73°C - 70°C - 66°C - 65°C - 73°C - 71°C | Throttling: None - None - None - None - None - None - None - None
3751 (4124268 Gflops/s) - 3759 (4133064 Gflops/s) - 3734 (4105576 Gflops/s) - 3741 (4113272 Gflops/s) - 3742 (4114372 Gflops/s) - 3727 (4097879 Gflops/s) - 3721 (4091282 Gflops/s) - 3728 (4098979 Gflops/s) | Temperatures: 64°C - 65°C - 73°C - 70°C - 66°C - 65°C - 73°C - 71°C | Throttling: None - None - None - None - None - None - None - None
3753 (4126467 Gflops/s) - 3761 (4135263 Gflops/s) - 3732 (4103377 Gflops/s) - 3746 (4118770 Gflops/s) - 3744 (4116571 Gflops/s) - 3728 (4098979 Gflops/s) - 3720 (4090183 Gflops/s) - 3723 (4093481 Gflops/s) | Temperatures: 64°C - 65°C - 73°C - 70°C - 66°C - 65°C - 73°C - 71°C | Throttling: None - None - None - None - None - None - None - None
3752 (4125367 Gflops/s) - 3761 (4135263 Gflops/s) - 3732 (4103377 Gflops/s) - 3746 (4118770 Gflops/s) - 3743 (4115472 Gflops/s) - 3726 (4096780 Gflops/s) - 3717 (4086884 Gflops/s) - 3728 (4098979 Gflops/s) | Temperatures: 64°C - 65°C - 73°C - 70°C - 66°C - 65°C - 73°C - 71°C | Throttling: None - None - None - None - None - None - None - None
3757 (4130865 Gflops/s) - 3763 (4137462 Gflops/s) - 3736 (4107775 Gflops/s) - 3749 (4122069 Gflops/s) - 3746 (4118770 Gflops/s) - 3731 (4102277 Gflops/s) - 3720 (4090183 Gflops/s) - 3733 (4104476 Gflops/s) | Temperatures: 64°C - 65°C - 73°C - 70°C - 66°C - 65°C - 73°C - 71°C | Throttling: None - None - None - None - None - None - None - None
3753 (4126467 Gflops/s) - 3758 (4131964 Gflops/s) - 3734 (4105576 Gflops/s) - 3745 (4117671 Gflops/s) - 3744 (4116571 Gflops/s) - 3727 (4097879 Gflops/s) - 3709 (4078088 Gflops/s) - 3726 (4096780 Gflops/s) | Temperatures: 64°C - 65°C - 73°C - 70°C - 66°C - 65°C - 73°C - 71°C | Throttling: None - None - None - None - None - None - None - None
3755 (4128666 Gflops/s) - 3757 (4130865 Gflops/s) - 3733 (4104476 Gflops/s) - 3750 (4123168 Gflops/s) - 3743 (4115472 Gflops/s) - 3727 (4097879 Gflops/s) - 3720 (4090183 Gflops/s) - 3726 (4096780 Gflops/s) | Temperatures: 64°C - 65°C - 73°C - 70°C - 66°C - 65°C - 73°C - 71°C | Throttling: None - None - None - None - None - None - None - None
3752 (4125367 Gflops/s) - 3761 (4135263 Gflops/s) - 3732 (4103377 Gflops/s) - 3743 (4115472 Gflops/s) - 3745 (4117671 Gflops/s) - 3727 (4097879 Gflops/s) - 3715 (4084685 Gflops/s) - 3730 (4101178 Gflops/s) | Temperatures: 64°C - 65°C - 73°C - 70°C - 66°C - 65°C - 73°C - 71°C | Throttling: None - None - None - None - None - None - None - None
3754 (4127566 Gflops/s) - 3761 (4135263 Gflops/s) - 3732 (4103377 Gflops/s) - 3746 (4118770 Gflops/s) - 3743 (4115472 Gflops/s) - 3727 (4097879 Gflops/s) - 3718 (4087984 Gflops/s) - 3726 (4096780 Gflops/s) | Temperatures: 64°C - 65°C - 73°C - 70°C - 66°C - 65°C - 73°C - 71°C | Throttling: None - None - None - None - None - None - None - None
3753 (4126467 Gflops/s) - 3760 (4134163 Gflops/s) - 3732 (4103377 Gflops/s) - 3745 (4117671 Gflops/s) - 3744 (4116571 Gflops/s) - 3727 (4097879 Gflops/s) - 3715 (4084685 Gflops/s) - 3727 (4097879 Gflops/s) | Temperatures: 64°C - 65°C - 73°C - 70°C - 66°C - 65°C - 73°C - 71°C | Throttling: None - None - None - None - None - None - None - None
3755 (4128666 Gflops/s) - 3759 (4133064 Gflops/s) - 3734 (4105576 Gflops/s) - 3736 (4107775 Gflops/s) - 3742 (4114372 Gflops/s) - 3725 (4095680 Gflops/s) - 3717 (4086884 Gflops/s) - 3722 (4092382 Gflops/s) | Temperatures: 64°C - 65°C - 73°C - 70°C - 66°C - 65°C - 73°C - 70°C | Throttling: None - None - None - None - None - None - None - None
3754 (4127566 Gflops/s) - 3760 (4134163 Gflops/s) - 3734 (4105576 Gflops/s) - 3745 (4117671 Gflops/s) - 3742 (4114372 Gflops/s) - 3727 (4097879 Gflops/s) - 3710 (4079188 Gflops/s) - 3734 (4105576 Gflops/s) | Temperatures: 64°C - 65°C - 73°C - 70°C - 66°C - 65°C - 73°C - 71°C | Throttling: None - None - None - None - None - None - None - None
3755 (4128666 Gflops/s) - 3763 (4137462 Gflops/s) - 3737 (4108874 Gflops/s) - 3743 (4115472 Gflops/s) - 3747 (4119870 Gflops/s) - 3731 (4102277 Gflops/s) - 3721 (4091282 Gflops/s) - 3731 (4102277 Gflops/s) | Temperatures: 64°C - 65°C - 73°C - 70°C - 66°C - 65°C - 73°C - 71°C | Throttling: None - None - None - None - None - None - None - None
3756 (4129765 Gflops/s) - 3759 (4133064 Gflops/s) - 3733 (4104476 Gflops/s) - 3745 (4117671 Gflops/s) - 3743 (4115472 Gflops/s) - 3727 (4097879 Gflops/s) - 3719 (4089083 Gflops/s) - 3726 (4096780 Gflops/s) | Temperatures: 64°C - 65°C - 73°C - 70°C - 66°C - 65°C - 73°C - 71°C | Throttling: None - None - None - None - None - None - None - None
3753 (4126467 Gflops/s) - 3760 (4134163 Gflops/s) - 3732 (4103377 Gflops/s) - 3747 (4119870 Gflops/s) - 3744 (4116571 Gflops/s) - 3727 (4097879 Gflops/s) - 3727 (4097879 Gflops/s) - 3727 (4097879 Gflops/s) | Temperatures: 64°C - 65°C - 73°C - 70°C - 66°C - 65°C - 73°C - 71°C | Throttling: None - None - None - None - None - None - None - None
3753 (4126467 Gflops/s) - 3761 (4135263 Gflops/s) - 3735 (4106675 Gflops/s) - 3738 (4109974 Gflops/s) - 3742 (4114372 Gflops/s) - 3726 (4096780 Gflops/s) - 3716 (4085785 Gflops/s) - 3726 (4096780 Gflops/s) | Temperatures: 64°C - 65°C - 73°C - 70°C - 66°C - 65°C - 73°C - 71°C | Throttling: None - None - None - None - None - None - None - None
3752 (4125367 Gflops/s) - 3759 (4133064 Gflops/s) - 3735 (4106675 Gflops/s) - 3747 (4119870 Gflops/s) - 3743 (4115472 Gflops/s) - 3725 (4095680 Gflops/s) - 3720 (4090183 Gflops/s) - 3725 (4095680 Gflops/s) | Temperatures: 64°C - 65°C - 73°C - 70°C - 66°C - 65°C - 73°C - 71°C | Throttling: None - None - None - None - None - None - None - None
3754 (4127566 Gflops/s) - 3759 (4133064 Gflops/s) - 3732 (4103377 Gflops/s) - 3750 (4123168 Gflops/s) - 3743 (4115472 Gflops/s) - 3726 (4096780 Gflops/s) - 3715 (4084685 Gflops/s) - 3726 (4096780 Gflops/s) | Temperatures: 64°C - 66°C - 73°C - 70°C - 66°C - 65°C - 73°C - 71°C | Throttling: None - None - None - None - None - None - None - None
3753 (4126467 Gflops/s) - 3758 (4131964 Gflops/s) - 3735 (4106675 Gflops/s) - 3746 (4118770 Gflops/s) - 3742 (4114372 Gflops/s) - 3727 (4097879 Gflops/s) - 3714 (4083586 Gflops/s) - 3726 (4096780 Gflops/s) | Temperatures: 64°C - 66°C - 73°C - 70°C - 66°C - 65°C - 73°C - 71°C | Throttling: None - None - None - None - None - None - None - None
3756 (4129765 Gflops/s) - 3762 (4136362 Gflops/s) - 3737 (4108874 Gflops/s) - 3749 (4122069 Gflops/s) - 3744 (4116571 Gflops/s) - 3729 (4100078 Gflops/s) - 3721 (4091282 Gflops/s) - 3730 (4101178 Gflops/s) | Temperatures: 64°C - 66°C - 73°C - 70°C - 66°C - 65°C - 73°C - 71°C | Throttling: None - None - None - None - None - None - None - None
3751 (4124268 Gflops/s) - 3758 (4131964 Gflops/s) - 3730 (4101178 Gflops/s) - 3746 (4118770 Gflops/s) - 3742 (4114372 Gflops/s) - 3725 (4095680 Gflops/s) - 3715 (4084685 Gflops/s) - 3723 (4093481 Gflops/s) | Temperatures: 64°C - 66°C - 73°C - 70°C - 66°C - 66°C - 73°C - 71°C | Throttling: None - None - None - None - None - None - None - None
3752 (4125367 Gflops/s) - 3757 (4130865 Gflops/s) - 3730 (4101178 Gflops/s) - 3743 (4115472 Gflops/s) - 3741 (4113272 Gflops/s) - 3726 (4096780 Gflops/s) - 3710 (4079188 Gflops/s) - 3728 (4098979 Gflops/s) | Temperatures: 65°C - 66°C - 73°C - 70°C - 66°C - 66°C - 73°C - 71°C | Throttling: None - None - None - None - None - None - None - None
3752 (4125367 Gflops/s) - 3758 (4131964 Gflops/s) - 3732 (4103377 Gflops/s) - 3731 (4102277 Gflops/s) - 3741 (4113272 Gflops/s) - 3725 (4095680 Gflops/s) - 3721 (4091282 Gflops/s) - 3728 (4098979 Gflops/s) | Temperatures: 65°C - 66°C - 73°C - 70°C - 66°C - 66°C - 74°C - 71°C | Throttling: None - None - None - None - None - None - None - None
3748 (4120969 Gflops/s) - 3754 (4127566 Gflops/s) - 3729 (4100078 Gflops/s) - 3739 (4111073 Gflops/s) - 3740 (4112173 Gflops/s) - 3724 (4094581 Gflops/s) - 3713 (4082486 Gflops/s) - 3722 (4092382 Gflops/s) | Temperatures: 65°C - 66°C - 73°C - 70°C - 66°C - 66°C - 73°C - 71°C | Throttling: None - None - None - None - None - None - None - None
3751 (4124268 Gflops/s) - 3757 (4130865 Gflops/s) - 3727 (4097879 Gflops/s) - 3741 (4113272 Gflops/s) - 3738 (4109974 Gflops/s) - 3725 (4095680 Gflops/s) - 3716 (4085785 Gflops/s) - 3724 (4094581 Gflops/s) | Temperatures: 65°C - 66°C - 73°C - 70°C - 66°C - 66°C - 74°C - 71°C | Throttling: None - None - None - None - None - None - None - None
3749 (4122069 Gflops/s) - 3756 (4129765 Gflops/s) - 3733 (4104476 Gflops/s) - 3743 (4115472 Gflops/s) - 3741 (4113272 Gflops/s) - 3724 (4094581 Gflops/s) - 3714 (4083586 Gflops/s) - 3726 (4096780 Gflops/s) | Temperatures: 65°C - 66°C - 73°C - 71°C - 66°C - 66°C - 74°C - 71°C | Throttling: None - None - None - None - None - None - None - None
3746 (4118770 Gflops/s) - 3753 (4126467 Gflops/s) - 3731 (4102277 Gflops/s) - 3744 (4116571 Gflops/s) - 3739 (4111073 Gflops/s) - 3723 (4093481 Gflops/s) - 3713 (4082486 Gflops/s) - 3729 (4100078 Gflops/s) | Temperatures: 65°C - 66°C - 73°C - 70°C - 67°C - 66°C - 74°C - 71°C | Throttling: None - None - None - None - None - None - None - None
3746 (4118770 Gflops/s) - 3759 (4133064 Gflops/s) - 3733 (4104476 Gflops/s) - 3748 (4120969 Gflops/s) - 3745 (4117671 Gflops/s) - 3728 (4098979 Gflops/s) - 3718 (4087984 Gflops/s) - 3728 (4098979 Gflops/s) | Temperatures: 65°C - 66°C - 73°C - 71°C - 67°C - 66°C - 74°C - 71°C | Throttling: None - None - None - None - None - None - None - None
3741 (4113272 Gflops/s) - 3753 (4126467 Gflops/s) - 3728 (4098979 Gflops/s) - 3738 (4109974 Gflops/s) - 3738 (4109974 Gflops/s) - 3725 (4095680 Gflops/s) - 3710 (4079188 Gflops/s) - 3721 (4091282 Gflops/s) | Temperatures: 65°C - 66°C - 73°C - 71°C - 66°C - 66°C - 74°C - 71°C | Throttling: None - None - None - None - None - None - None - None
3740 (4112173 Gflops/s) - 3753 (4126467 Gflops/s) - 3727 (4097879 Gflops/s) - 3746 (4118770 Gflops/s) - 3740 (4112173 Gflops/s) - 3725 (4095680 Gflops/s) - 3718 (4087984 Gflops/s) - 3724 (4094581 Gflops/s) | Temperatures: 65°C - 66°C - 74°C - 71°C - 67°C - 66°C - 74°C - 71°C | Throttling: None - None - None - None - None - None - None - None
3743 (4115472 Gflops/s) - 3753 (4126467 Gflops/s) - 3731 (4102277 Gflops/s) - 3729 (4100078 Gflops/s) - 3738 (4109974 Gflops/s) - 3724 (4094581 Gflops/s) - 3717 (4086884 Gflops/s) - 3729 (4100078 Gflops/s) | Temperatures: 65°C - 66°C - 73°C - 71°C - 67°C - 66°C - 74°C - 71°C | Throttling: None - None - None - None - None - None - None - None
3745 (4117671 Gflops/s) - 3754 (4127566 Gflops/s) - 3729 (4100078 Gflops/s) - 3742 (4114372 Gflops/s) - 3738 (4109974 Gflops/s) - 3724 (4094581 Gflops/s) - 3704 (4072591 Gflops/s) - 3721 (4091282 Gflops/s) | Temperatures: 65°C - 66°C - 74°C - 71°C - 67°C - 66°C - 74°C - 71°C | Throttling: None - None - None - None - None - None - None - None
3741 (4113272 Gflops/s) - 3756 (4129765 Gflops/s) - 3732 (4103377 Gflops/s) - 3722 (4092382 Gflops/s) - 3737 (4108874 Gflops/s) - 3723 (4093481 Gflops/s) - 3707 (4075889 Gflops/s) - 3718 (4087984 Gflops/s) | Temperatures: 65°C - 66°C - 74°C - 71°C - 67°C - 66°C - 74°C - 71°C | Throttling: None - None - None - None - None - None - None - None
3737 (4108874 Gflops/s) - 3754 (4127566 Gflops/s) - 3732 (4103377 Gflops/s) - 3736 (4107775 Gflops/s) - 3739 (4111073 Gflops/s) - 3725 (4095680 Gflops/s) - 3710 (4079188 Gflops/s) - 3721 (4091282 Gflops/s) | Temperatures: 65°C - 66°C - 74°C - 71°C - 67°C - 66°C - 74°C - 71°C | Throttling: None - None - None - None - None - None - None - None
3738 (4109974 Gflops/s) - 3755 (4128666 Gflops/s) - 3728 (4098979 Gflops/s) - 3739 (4111073 Gflops/s) - 3737 (4108874 Gflops/s) - 3723 (4093481 Gflops/s) - 3710 (4079188 Gflops/s) - 3719 (4089083 Gflops/s) | Temperatures: 65°C - 66°C - 74°C - 71°C - 67°C - 66°C - 74°C - 71°C | Throttling: None - None - None - None - None - None - None - None
3746 (4118770 Gflops/s) - 3760 (4134163 Gflops/s) - 3732 (4103377 Gflops/s) - 3731 (4102277 Gflops/s) - 3740 (4112173 Gflops/s) - 3731 (4102277 Gflops/s) - 3709 (4078088 Gflops/s) - 3727 (4097879 Gflops/s) | Temperatures: 65°C - 66°C - 74°C - 71°C - 67°C - 66°C - 74°C - 71°C | Throttling: None - None - None - None - None - None - None - None
3737 (4108874 Gflops/s) - 3756 (4129765 Gflops/s) - 3727 (4097879 Gflops/s) - 3713 (4082486 Gflops/s) - 3738 (4109974 Gflops/s) - 3732 (4103377 Gflops/s) - 3711 (4080287 Gflops/s) - 3720 (4090183 Gflops/s) | Temperatures: 65°C - 66°C - 74°C - 71°C - 67°C - 66°C - 74°C - 71°C | Throttling: None - None - None - None - None - None - None - None
3737 (4108874 Gflops/s) - 3756 (4129765 Gflops/s) - 3729 (4100078 Gflops/s) - 3713 (4082486 Gflops/s) - 3740 (4112173 Gflops/s) - 3733 (4104476 Gflops/s) - 3713 (4082486 Gflops/s) - 3723 (4093481 Gflops/s) | Temperatures: 65°C - 66°C - 74°C - 71°C - 67°C - 66°C - 74°C - 71°C | Throttling: None - None - None - None - None - None - None - None
3740 (4112173 Gflops/s) - 3757 (4130865 Gflops/s) - 3729 (4100078 Gflops/s) - 3717 (4086884 Gflops/s) - 3737 (4108874 Gflops/s) - 3731 (4102277 Gflops/s) - 3708 (4076989 Gflops/s) - 3721 (4091282 Gflops/s) | Temperatures: 65°C - 66°C - 74°C - 71°C - 67°C - 66°C - 74°C - 72°C | Throttling: None - None - None - None - None - None - None - None
3743 (4115472 Gflops/s) - 3754 (4127566 Gflops/s) - 3730 (4101178 Gflops/s) - 3707 (4075889 Gflops/s) - 3737 (4108874 Gflops/s) - 3732 (4103377 Gflops/s) - 3711 (4080287 Gflops/s) - 3721 (4091282 Gflops/s) | Temperatures: 65°C - 66°C - 74°C - 71°C - 67°C - 66°C - 74°C - 72°C | Throttling: None - None - None - None - None - None - None - None
3741 (4113272 Gflops/s) - 3752 (4125367 Gflops/s) - 3728 (4098979 Gflops/s) - 3713 (4082486 Gflops/s) - 3736 (4107775 Gflops/s) - 3732 (4103377 Gflops/s) - 3709 (4078088 Gflops/s) - 3724 (4094581 Gflops/s) | Temperatures: 65°C - 66°C - 74°C - 71°C - 67°C - 66°C - 74°C - 71°C | Throttling: None - None - None - None - None - None - None - None
3742 (4114372 Gflops/s) - 3758 (4131964 Gflops/s) - 3732 (4103377 Gflops/s) - 3722 (4092382 Gflops/s) - 3739 (4111073 Gflops/s) - 3735 (4106675 Gflops/s) - 3712 (4081387 Gflops/s) - 3725 (4095680 Gflops/s) | Temperatures: 65°C - 66°C - 74°C - 71°C - 67°C - 66°C - 74°C - 72°C | Throttling: None - None - None - None - None - None - None - None
3743 (4115472 Gflops/s) - 3753 (4126467 Gflops/s) - 3730 (4101178 Gflops/s) - 3714 (4083586 Gflops/s) - 3737 (4108874 Gflops/s) - 3731 (4102277 Gflops/s) - 3705 (4073690 Gflops/s) - 3723 (4093481 Gflops/s) | Temperatures: 65°C - 66°C - 74°C - 71°C - 67°C - 66°C - 74°C - 71°C | Throttling: None - None - None - None - None - None - None - None
3744 (4116571 Gflops/s) - 3756 (4129765 Gflops/s) - 3726 (4096780 Gflops/s) - 3710 (4079188 Gflops/s) - 3733 (4104476 Gflops/s) - 3731 (4102277 Gflops/s) - 3710 (4079188 Gflops/s) - 3718 (4087984 Gflops/s) | Temperatures: 65°C - 66°C - 74°C - 71°C - 67°C - 66°C - 74°C - 71°C | Throttling: None - None - None - None - None - None - None - None
3742 (4114372 Gflops/s) - 3751 (4124268 Gflops/s) - 3724 (4094581 Gflops/s) - 3712 (4081387 Gflops/s) - 3735 (4106675 Gflops/s) - 3730 (4101178 Gflops/s) - 3707 (4075889 Gflops/s) - 3721 (4091282 Gflops/s) | Temperatures: 65°C - 66°C - 74°C - 71°C - 67°C - 66°C - 74°C - 72°C | Throttling: None - None - None - None - None - None - None - None
3743 (4115472 Gflops/s) - 3754 (4127566 Gflops/s) - 3728 (4098979 Gflops/s) - 3712 (4081387 Gflops/s) - 3738 (4109974 Gflops/s) - 3731 (4102277 Gflops/s) - 3711 (4080287 Gflops/s) - 3716 (4085785 Gflops/s) | Temperatures: 65°C - 66°C - 74°C - 71°C - 67°C - 66°C - 74°C - 72°C | Throttling: None - None - None - None - None - None - None - None
3737 (4108874 Gflops/s) - 3754 (4127566 Gflops/s) - 3727 (4097879 Gflops/s) - 3709 (4078088 Gflops/s) - 3734 (4105576 Gflops/s) - 3730 (4101178 Gflops/s) - 3710 (4079188 Gflops/s) - 3726 (4096780 Gflops/s) | Temperatures: 65°C - 66°C - 74°C - 71°C - 67°C - 66°C - 74°C - 72°C | Throttling: None - None - None - None - None - None - None - None
3746 (4118770 Gflops/s) - 3756 (4129765 Gflops/s) - 3732 (4103377 Gflops/s) - 3714 (4083586 Gflops/s) - 3739 (4111073 Gflops/s) - 3735 (4106675 Gflops/s) - 3712 (4081387 Gflops/s) - 3717 (4086884 Gflops/s) | Temperatures: 65°C - 67°C - 74°C - 71°C - 67°C - 66°C - 74°C - 72°C | Throttling: None - None - None - None - None - None - None - None
3737 (4108874 Gflops/s) - 3750 (4123168 Gflops/s) - 3728 (4098979 Gflops/s) - 3707 (4075889 Gflops/s) - 3734 (4105576 Gflops/s) - 3730 (4101178 Gflops/s) - 3711 (4080287 Gflops/s) - 3722 (4092382 Gflops/s) | Temperatures: 65°C - 66°C - 74°C - 71°C - 67°C - 66°C - 74°C - 72°C | Throttling: None - None - None - None - None - None - None - None
3746 (4118770 Gflops/s) - 3753 (4126467 Gflops/s) - 3730 (4101178 Gflops/s) - 3706 (4074790 Gflops/s) - 3735 (4106675 Gflops/s) - 3730 (4101178 Gflops/s) - 3709 (4078088 Gflops/s) - 3722 (4092382 Gflops/s) | Temperatures: 65°C - 67°C - 74°C - 71°C - 67°C - 66°C - 74°C - 72°C | Throttling: None - None - None - None - None - None - None - None
3741 (4113272 Gflops/s) - 3749 (4122069 Gflops/s) - 3725 (4095680 Gflops/s) - 3712 (4081387 Gflops/s) - 3735 (4106675 Gflops/s) - 3732 (4103377 Gflops/s) - 3701 (4069292 Gflops/s) - 3717 (4086884 Gflops/s) | Temperatures: 65°C - 67°C - 74°C - 71°C - 67°C - 66°C - 74°C - 72°C | Throttling: None - None - None - None - None - None - None - None
3734 (4105576 Gflops/s) - 3754 (4127566 Gflops/s) - 3728 (4098979 Gflops/s) - 3711 (4080287 Gflops/s) - 3738 (4109974 Gflops/s) - 3731 (4102277 Gflops/s) - 3714 (4083586 Gflops/s) - 3720 (4090183 Gflops/s) | Temperatures: 65°C - 67°C - 74°C - 71°C - 67°C - 66°C - 74°C - 72°C | Throttling: None - None - None - None - None - None - None - None
3739 (4111073 Gflops/s) - 3751 (4124268 Gflops/s) - 3726 (4096780 Gflops/s) - 3708 (4076989 Gflops/s) - 3736 (4107775 Gflops/s) - 3730 (4101178 Gflops/s) - 3706 (4074790 Gflops/s) - 3718 (4087984 Gflops/s) | Temperatures: 65°C - 67°C - 74°C - 71°C - 67°C - 66°C - 74°C - 72°C | Throttling: None - None - None - None - None - None - None - None
3736 (4107775 Gflops/s) - 3752 (4125367 Gflops/s) - 3725 (4095680 Gflops/s) - 3709 (4078088 Gflops/s) - 3735 (4106675 Gflops/s) - 3730 (4101178 Gflops/s) - 3714 (4083586 Gflops/s) - 3723 (4093481 Gflops/s) | Temperatures: 65°C - 67°C - 74°C - 71°C - 67°C - 67°C - 74°C - 72°C | Throttling: None - None - None - None - None - None - None - None
3737 (4108874 Gflops/s) - 3752 (4125367 Gflops/s) - 3727 (4097879 Gflops/s) - 3712 (4081387 Gflops/s) - 3737 (4108874 Gflops/s) - 3730 (4101178 Gflops/s) - 3709 (4078088 Gflops/s) - 3721 (4091282 Gflops/s) | Temperatures: 65°C - 67°C - 74°C - 71°C - 67°C - 67°C - 74°C - 72°C | Throttling: None - None - None - None - None - None - None - None
3741 (4113272 Gflops/s) - 3755 (4128666 Gflops/s) - 3729 (4100078 Gflops/s) - 3713 (4082486 Gflops/s) - 3741 (4113272 Gflops/s) - 3734 (4105576 Gflops/s) - 3711 (4080287 Gflops/s) - 3727 (4097879 Gflops/s) | Temperatures: 65°C - 67°C - 74°C - 71°C - 67°C - 67°C - 74°C - 72°C | Throttling: None - None - None - None - None - None - None - None
3737 (4108874 Gflops/s) - 3752 (4125367 Gflops/s) - 3725 (4095680 Gflops/s) - 3709 (4078088 Gflops/s) - 3733 (4104476 Gflops/s) - 3731 (4102277 Gflops/s) - 3704 (4072591 Gflops/s) - 3718 (4087984 Gflops/s) | Temperatures: 65°C - 67°C - 74°C - 71°C - 67°C - 67°C - 74°C - 72°C | Throttling: None - None - None - None - None - None - None - None
3737 (4108874 Gflops/s) - 3754 (4127566 Gflops/s) - 3724 (4094581 Gflops/s) - 3709 (4078088 Gflops/s) - 3737 (4108874 Gflops/s) - 3729 (4100078 Gflops/s) - 3709 (4078088 Gflops/s) - 3719 (4089083 Gflops/s) | Temperatures: 65°C - 67°C - 74°C - 71°C - 67°C - 67°C - 74°C - 72°C | Throttling: None - None - None - None - None - None - None - None
3737 (4108874 Gflops/s) - 3751 (4124268 Gflops/s) - 3729 (4100078 Gflops/s) - 3709 (4078088 Gflops/s) - 3736 (4107775 Gflops/s) - 3729 (4100078 Gflops/s) - 3707 (4075889 Gflops/s) - 3721 (4091282 Gflops/s) | Temperatures: 65°C - 67°C - 74°C - 71°C - 67°C - 67°C - 74°C - 72°C | Throttling: None - None - None - None - None - None - None - None
3739 (4111073 Gflops/s) - 3751 (4124268 Gflops/s) - 3725 (4095680 Gflops/s) - 3707 (4075889 Gflops/s) - 3736 (4107775 Gflops/s) - 3730 (4101178 Gflops/s) - 3704 (4072591 Gflops/s) - 3719 (4089083 Gflops/s) | Temperatures: 65°C - 67°C - 74°C - 71°C - 67°C - 67°C - 74°C - 72°C | Throttling: None - None - None - None - None - None - None - None
3739 (4111073 Gflops/s) - 3753 (4126467 Gflops/s) - 3726 (4096780 Gflops/s) - 3712 (4081387 Gflops/s) - 3737 (4108874 Gflops/s) - 3730 (4101178 Gflops/s) - 3707 (4075889 Gflops/s) - 3721 (4091282 Gflops/s) | Temperatures: 65°C - 67°C - 74°C - 71°C - 67°C - 67°C - 74°C - 72°C | Throttling: None - None - None - None - None - None - None - None
3734 (4105576 Gflops/s) - 3752 (4125367 Gflops/s) - 3725 (4095680 Gflops/s) - 3709 (4078088 Gflops/s) - 3732 (4103377 Gflops/s) - 3730 (4101178 Gflops/s) - 3705 (4073690 Gflops/s) - 3723 (4093481 Gflops/s) | Temperatures: 65°C - 67°C - 74°C - 71°C - 67°C - 67°C - 74°C - 72°C | Throttling: None - None - None - None - None - None - None - None
3738 (4109974 Gflops/s) - 3756 (4129765 Gflops/s) - 3728 (4098979 Gflops/s) - 3711 (4080287 Gflops/s) - 3738 (4109974 Gflops/s) - 3734 (4105576 Gflops/s) - 3706 (4074790 Gflops/s) - 3725 (4095680 Gflops/s) | Temperatures: 65°C - 67°C - 74°C - 71°C - 67°C - 67°C - 74°C - 72°C | Throttling: None - None - None - None - None - None - None - None
3739 (4111073 Gflops/s) - 3750 (4123168 Gflops/s) - 3726 (4096780 Gflops/s) - 3713 (4082486 Gflops/s) - 3737 (4108874 Gflops/s) - 3731 (4102277 Gflops/s) - 3705 (4073690 Gflops/s) - 3720 (4090183 Gflops/s) | Temperatures: 65°C - 67°C - 74°C - 71°C - 67°C - 67°C - 74°C - 72°C | Throttling: None - None - None - None - None - None - None - None
3731 (4102277 Gflops/s) - 3749 (4122069 Gflops/s) - 3726 (4096780 Gflops/s) - 3708 (4076989 Gflops/s) - 3736 (4107775 Gflops/s) - 3728 (4098979 Gflops/s) - 3708 (4076989 Gflops/s) - 3720 (4090183 Gflops/s) | Temperatures: 65°C - 67°C - 74°C - 71°C - 67°C - 67°C - 74°C - 72°C | Throttling: None - None - None - None - None - None - None - None
3737 (4108874 Gflops/s) - 3748 (4120969 Gflops/s) - 3728 (4098979 Gflops/s) - 3709 (4078088 Gflops/s) - 3736 (4107775 Gflops/s) - 3732 (4103377 Gflops/s) - 3711 (4080287 Gflops/s) - 3726 (4096780 Gflops/s) | Temperatures: 65°C - 67°C - 74°C - 71°C - 67°C - 67°C - 74°C - 72°C | Throttling: None - None - None - None - None - None - None - None
3737 (4108874 Gflops/s) - 3752 (4125367 Gflops/s) - 3729 (4100078 Gflops/s) - 3707 (4075889 Gflops/s) - 3734 (4105576 Gflops/s) - 3729 (4100078 Gflops/s) - 3704 (4072591 Gflops/s) - 3720 (4090183 Gflops/s) | Temperatures: 65°C - 67°C - 74°C - 71°C - 67°C - 67°C - 74°C - 72°C | Throttling: None - None - None - None - None - None - None - None
3737 (4108874 Gflops/s) - 3752 (4125367 Gflops/s) - 3727 (4097879 Gflops/s) - 3714 (4083586 Gflops/s) - 3734 (4105576 Gflops/s) - 3729 (4100078 Gflops/s) - 3705 (4073690 Gflops/s) - 3725 (4095680 Gflops/s) | Temperatures: 65°C - 67°C - 74°C - 71°C - 67°C - 67°C - 74°C - 72°C | Throttling: None - None - None - None - None - None - None - None
3737 (4108874 Gflops/s) - 3750 (4123168 Gflops/s) - 3724 (4094581 Gflops/s) - 3714 (4083586 Gflops/s) - 3736 (4107775 Gflops/s) - 3730 (4101178 Gflops/s) - 3710 (4079188 Gflops/s) - 3719 (4089083 Gflops/s) | Temperatures: 65°C - 67°C - 74°C - 71°C - 67°C - 67°C - 74°C - 72°C | Throttling: None - None - None - None - None - None - None - None
3739 (4111073 Gflops/s) - 3753 (4126467 Gflops/s) - 3726 (4096780 Gflops/s) - 3704 (4072591 Gflops/s) - 3735 (4106675 Gflops/s) - 3729 (4100078 Gflops/s) - 3704 (4072591 Gflops/s) - 3715 (4084685 Gflops/s) | Temperatures: 65°C - 67°C - 74°C - 71°C - 67°C - 67°C - 74°C - 72°C | Throttling: None - None - None - None - None - None - None - None
3742 (4114372 Gflops/s) - 3754 (4127566 Gflops/s) - 3731 (4102277 Gflops/s) - 3710 (4079188 Gflops/s) - 3739 (4111073 Gflops/s) - 3734 (4105576 Gflops/s) - 3704 (4072591 Gflops/s) - 3724 (4094581 Gflops/s) | Temperatures: 65°C - 67°C - 74°C - 71°C - 67°C - 67°C - 74°C - 72°C | Throttling: None - None - None - None - None - None - None - None
3734 (4105576 Gflops/s) - 3753 (4126467 Gflops/s) - 3728 (4098979 Gflops/s) - 3711 (4080287 Gflops/s) - 3736 (4107775 Gflops/s) - 3730 (4101178 Gflops/s) - 3706 (4074790 Gflops/s) - 3721 (4091282 Gflops/s) | Temperatures: 65°C - 67°C - 74°C - 71°C - 67°C - 67°C - 74°C - 72°C | Throttling: None - None - None - None - None - None - None - None
3737 (4108874 Gflops/s) - 3748 (4120969 Gflops/s) - 3726 (4096780 Gflops/s) - 3717 (4086884 Gflops/s) - 3735 (4106675 Gflops/s) - 3732 (4103377 Gflops/s) - 3708 (4076989 Gflops/s) - 3721 (4091282 Gflops/s) | Temperatures: 65°C - 66°C - 74°C - 71°C - 67°C - 67°C - 74°C - 72°C | Throttling: None - None - None - None - None - None - None - None
3738 (4109974 Gflops/s) - 3754 (4127566 Gflops/s) - 3727 (4097879 Gflops/s) - 3705 (4073690 Gflops/s) - 3736 (4107775 Gflops/s) - 3731 (4102277 Gflops/s) - 3708 (4076989 Gflops/s) - 3719 (4089083 Gflops/s) | Temperatures: 65°C - 67°C - 74°C - 71°C - 67°C - 67°C - 74°C - 72°C | Throttling: None - None - None - None - None - None - None - None
3736 (4107775 Gflops/s) - 3753 (4126467 Gflops/s) - 3726 (4096780 Gflops/s) - 3710 (4079188 Gflops/s) - 3734 (4105576 Gflops/s) - 3731 (4102277 Gflops/s) - 3706 (4074790 Gflops/s) - 3721 (4091282 Gflops/s) | Temperatures: 65°C - 66°C - 74°C - 71°C - 67°C - 66°C - 74°C - 72°C | Throttling: None - None - None - None - None - None - None - None
3739 (4111073 Gflops/s) - 3752 (4125367 Gflops/s) - 3723 (4093481 Gflops/s) - 3710 (4079188 Gflops/s) - 3737 (4108874 Gflops/s) - 3731 (4102277 Gflops/s) - 3702 (4070392 Gflops/s) - 3723 (4093481 Gflops/s) | Temperatures: 65°C - 67°C - 74°C - 71°C - 67°C - 67°C - 74°C - 72°C | Throttling: None - None - None - None - None - None - None - None
3739 (4111073 Gflops/s) - 3749 (4122069 Gflops/s) - 3728 (4098979 Gflops/s) - 3705 (4073690 Gflops/s) - 3735 (4106675 Gflops/s) - 3730 (4101178 Gflops/s) - 3705 (4073690 Gflops/s) - 3720 (4090183 Gflops/s) | Temperatures: 65°C - 66°C - 74°C - 71°C - 67°C - 66°C - 74°C - 72°C | Throttling: None - None - None - None - None - None - None - None
3741 (4113272 Gflops/s) - 3758 (4131964 Gflops/s) - 3728 (4098979 Gflops/s) - 3714 (4083586 Gflops/s) - 3740 (4112173 Gflops/s) - 3734 (4105576 Gflops/s) - 3708 (4076989 Gflops/s) - 3720 (4090183 Gflops/s) | Temperatures: 65°C - 66°C - 74°C - 71°C - 67°C - 66°C - 74°C - 72°C | Throttling: None - None - None - None - None - None - None - None
3738 (4109974 Gflops/s) - 3749 (4122069 Gflops/s) - 3725 (4095680 Gflops/s) - 3706 (4074790 Gflops/s) - 3735 (4106675 Gflops/s) - 3730 (4101178 Gflops/s) - 3705 (4073690 Gflops/s) - 3722 (4092382 Gflops/s) | Temperatures: 65°C - 66°C - 74°C - 71°C - 67°C - 66°C - 74°C - 72°C | Throttling: None - None - None - None - None - None - None - None
3735 (4106675 Gflops/s) - 3754 (4127566 Gflops/s) - 3732 (4103377 Gflops/s) - 3710 (4079188 Gflops/s) - 3735 (4106675 Gflops/s) - 3730 (4101178 Gflops/s) - 3703 (4071491 Gflops/s) - 3722 (4092382 Gflops/s) | Temperatures: 65°C - 67°C - 74°C - 71°C - 67°C - 66°C - 74°C - 72°C | Throttling: None - None - None - None - None - None - None - None
3740 (4112173 Gflops/s) - 3753 (4126467 Gflops/s) - 3729 (4100078 Gflops/s) - 3716 (4085785 Gflops/s) - 3736 (4107775 Gflops/s) - 3730 (4101178 Gflops/s) - 3708 (4076989 Gflops/s) - 3720 (4090183 Gflops/s) | Temperatures: 65°C - 67°C - 74°C - 71°C - 67°C - 66°C - 74°C - 72°C | Throttling: None - None - None - None - None - None - None - None
3741 (4113272 Gflops/s) - 3752 (4125367 Gflops/s) - 3728 (4098979 Gflops/s) - 3714 (4083586 Gflops/s) - 3736 (4107775 Gflops/s) - 3730 (4101178 Gflops/s) - 3707 (4075889 Gflops/s) - 3718 (4087984 Gflops/s) | Temperatures: 65°C - 67°C - 74°C - 71°C - 67°C - 66°C - 74°C - 72°C | Throttling: None - None - None - None - None - None - None - None
3741 (4113272 Gflops/s) - 3753 (4126467 Gflops/s) - 3725 (4095680 Gflops/s) - 3706 (4074790 Gflops/s) - 3735 (4106675 Gflops/s) - 3731 (4102277 Gflops/s) - 3702 (4070392 Gflops/s) - 3721 (4091282 Gflops/s) | Temperatures: 65°C - 67°C - 74°C - 71°C - 67°C - 66°C - 74°C - 72°C | Throttling: None - None - None - None - None - None - None - None
3740 (4112173 Gflops/s) - 3756 (4129765 Gflops/s) - 3730 (4101178 Gflops/s) - 3714 (4083586 Gflops/s) - 3737 (4108874 Gflops/s) - 3731 (4102277 Gflops/s) - 3708 (4076989 Gflops/s) - 3721 (4091282 Gflops/s) | Temperatures: 65°C - 67°C - 74°C - 71°C - 67°C - 66°C - 74°C - 72°C | Throttling: None - None - None - None - None - None - None - None
3737 (4108874 Gflops/s) - 3752 (4125367 Gflops/s) - 3729 (4100078 Gflops/s) - 3716 (4085785 Gflops/s) - 3736 (4107775 Gflops/s) - 3730 (4101178 Gflops/s) - 3704 (4072591 Gflops/s) - 3727 (4097879 Gflops/s) | Temperatures: 65°C - 67°C - 74°C - 71°C - 67°C - 66°C - 74°C - 72°C | Throttling: None - None - None - None - None - None - None - None
3741 (4113272 Gflops/s) - 3757 (4130865 Gflops/s) - 3731 (4102277 Gflops/s) - 3712 (4081387 Gflops/s) - 3738 (4109974 Gflops/s) - 3735 (4106675 Gflops/s) - 3714 (4083586 Gflops/s) - 3721 (4091282 Gflops/s) | Temperatures: 65°C - 66°C - 74°C - 71°C - 67°C - 66°C - 74°C - 72°C | Throttling: None - None - None - None - None - None - None - None
2152 (2366149 Gflops/s) - 2049 (2252899 Gflops/s) - 1747 (1920846 Gflops/s) - 2185 (2402432 Gflops/s) - 1992 (2190227 Gflops/s) - 2190 (2407930 Gflops/s) - 2271 (2496990 Gflops/s) - 1220 (1341404 Gflops/s) | Temperatures: 56°C - 57°C - 64°C - 62°C - 56°C - 58°C - 65°C - 60°C | Throttling: None - None - None - None - None - None - None - None
GPU #0: 4112793 Gflops/s (min: 2366149.02, max: 4138561.77, dev: 102759.28)
         Temperature: 64.46°C (min: 56.00, max: 66.00)
         Throttling HW: false, Thermal SW: false, Thermal HW: false
GPU #1: 4124351 Gflops/s (min: 2252899.33, max: 4146258.35, dev: 109826.80)
         Temperature: 65.87°C (min: 57.00, max: 67.00)
         Throttling HW: false, Thermal SW: false, Thermal HW: false
GPU #2: 4095583 Gflops/s (min: 1920846.81, max: 4137462.26, dev: 127650.35)
         Temperature: 73.28°C (min: 64.00, max: 74.00)
         Throttling HW: false, Thermal SW: false, Thermal HW: false
GPU #3: 4094833 Gflops/s (min: 2402432.91, max: 4129765.67, dev: 100539.42)
         Temperature: 70.34°C (min: 62.00, max: 71.00)
         Throttling HW: false, Thermal SW: false, Thermal HW: false
GPU #4: 4105719 Gflops/s (min: 2190227.16, max: 4131964.70, dev: 112437.67)
         Temperature: 66.34°C (min: 56.00, max: 67.00)
         Throttling HW: false, Thermal SW: false, Thermal HW: false
GPU #5: 4096431 Gflops/s (min: 2407930.46, max: 4131964.70, dev: 99144.00)
         Temperature: 65.78°C (min: 58.00, max: 67.00)
         Throttling HW: false, Thermal SW: false, Thermal HW: false
GPU #6: 4077252 Gflops/s (min: 2496990.91, max: 4107775.44, dev: 92999.96)
         Temperature: 73.40°C (min: 65.00, max: 75.00)
         Throttling HW: false, Thermal SW: false, Thermal HW: false
GPU #7: 4087039 Gflops/s (min: 1341404.19, max: 4122069.09, dev: 161117.49)
         Temperature: 71.14°C (min: 60.00, max: 72.00)
         Throttling HW: false, Thermal SW: false, Thermal HW: false
All GPUs seem healthy
Freeing GPUs...
