/usr/bin/singularity
apptainer version 1.4.5-1.el9
Number of GPUs =  8
======== Run with fp32 ==========
Detected GPU #0: "NVIDIA B200" (2861462f-807f-3e78-3c3c-8473e16940de)
Detected GPU #1: "NVIDIA B200" (3d312f74-f893-7d32-2da5-52b532b49a0e)
Detected GPU #2: "NVIDIA B200" (243b3d15-dd99-4124-e0cc-1f664e3bf24f)
Detected GPU #3: "NVIDIA B200" (81604de4-3f98-dfbd-2be8-3ad6bfc07fee)
Detected GPU #4: "NVIDIA B200" (66c5a725-98c6-2c4e-0f19-b68cd05924d6)
Detected GPU #5: "NVIDIA B200" (1b169a21-0850-bdb2-e666-b51397d2b1a8)
Detected GPU #6: "NVIDIA B200" (ae06b4ff-3d48-eddd-c40a-12bd68bcc1e0)
Detected GPU #7: "NVIDIA B200" (0d0b6887-183f-1e23-0498-eeb58e03e022)
Using precision(s): FP32  
GPU #0: Using 163800 MB
GPU #1: Using 163800 MB
GPU #2: Using 163800 MB
GPU #3: Using 163800 MB
GPU #4: Using 163800 MB
GPU #5: Using 163800 MB
GPU #6: Using 163800 MB
GPU #7: Using 163800 MB
Creating random matrices
Matrices created
900 (989560 Gflops/s) - 0 (0 Gflops/s) - 0 (0 Gflops/s) - 0 (0 Gflops/s) - 0 (0 Gflops/s) - 0 (0 Gflops/s) - 0 (0 Gflops/s) - 0 (0 Gflops/s) | Temperatures: 51°C - 41°C - 43°C - 43°C - 42°C - 41°C - 43°C - 43°C | Throttling: None - None - None - None - None - None - None - None
712 (782852 Gflops/s) - 1239 (1362294 Gflops/s) - 1236 (1358996 Gflops/s) - 1146 (1260040 Gflops/s) - 1033 (1135795 Gflops/s) - 1008 (1108307 Gflops/s) - 1029 (1131397 Gflops/s) - 995 (1094014 Gflops/s) | Temperatures: 58°C - 56°C - 57°C - 57°C - 53°C - 53°C - 55°C - 54°C | Throttling: None - None - None - None - None - None - None - None
703 (772956 Gflops/s) - 709 (779553 Gflops/s) - 705 (775155 Gflops/s) - 703 (772956 Gflops/s) - 703 (772956 Gflops/s) - 713 (783951 Gflops/s) - 703 (772956 Gflops/s) - 713 (783951 Gflops/s) | Temperatures: 60°C - 59°C - 61°C - 61°C - 58°C - 59°C - 61°C - 60°C | Throttling: None - None - None - None - None - None - None - None
704 (774056 Gflops/s) - 706 (776255 Gflops/s) - 705 (775155 Gflops/s) - 705 (775155 Gflops/s) - 702 (771857 Gflops/s) - 713 (783951 Gflops/s) - 704 (774056 Gflops/s) - 711 (781752 Gflops/s) | Temperatures: 61°C - 61°C - 64°C - 64°C - 60°C - 61°C - 64°C - 63°C | Throttling: None - None - None - None - None - None - None - None
702 (771857 Gflops/s) - 706 (776255 Gflops/s) - 702 (771857 Gflops/s) - 705 (775155 Gflops/s) - 703 (772956 Gflops/s) - 711 (781752 Gflops/s) - 702 (771857 Gflops/s) - 711 (781752 Gflops/s) | Temperatures: 62°C - 62°C - 65°C - 65°C - 62°C - 62°C - 65°C - 64°C | Throttling: None - None - None - None - None - None - None - None
702 (771857 Gflops/s) - 706 (776255 Gflops/s) - 700 (769658 Gflops/s) - 705 (775155 Gflops/s) - 699 (768558 Gflops/s) - 709 (779553 Gflops/s) - 705 (775155 Gflops/s) - 711 (781752 Gflops/s) | Temperatures: 62°C - 63°C - 66°C - 66°C - 62°C - 63°C - 66°C - 65°C | Throttling: None - None - None - None - None - None - None - None
702 (771857 Gflops/s) - 704 (774056 Gflops/s) - 700 (769658 Gflops/s) - 705 (775155 Gflops/s) - 702 (771857 Gflops/s) - 718 (789449 Gflops/s) - 703 (772956 Gflops/s) - 709 (779553 Gflops/s) | Temperatures: 63°C - 63°C - 66°C - 67°C - 63°C - 63°C - 67°C - 66°C | Throttling: None - None - None - None - None - None - None - None
701 (770757 Gflops/s) - 704 (774056 Gflops/s) - 699 (768558 Gflops/s) - 704 (774056 Gflops/s) - 699 (768558 Gflops/s) - 697 (766359 Gflops/s) - 701 (770757 Gflops/s) - 711 (781752 Gflops/s) | Temperatures: 63°C - 64°C - 67°C - 67°C - 63°C - 63°C - 68°C - 67°C | Throttling: None - None - None - None - None - None - None - None
701 (770757 Gflops/s) - 705 (775155 Gflops/s) - 700 (769658 Gflops/s) - 704 (774056 Gflops/s) - 701 (770757 Gflops/s) - 708 (778454 Gflops/s) - 702 (771857 Gflops/s) - 711 (781752 Gflops/s) | Temperatures: 63°C - 64°C - 68°C - 68°C - 64°C - 64°C - 68°C - 67°C | Throttling: None - None - None - None - None - None - None - None
700 (769658 Gflops/s) - 703 (772956 Gflops/s) - 711 (781752 Gflops/s) - 704 (774056 Gflops/s) - 699 (768558 Gflops/s) - 710 (780653 Gflops/s) - 702 (771857 Gflops/s) - 709 (779553 Gflops/s) | Temperatures: 64°C - 64°C - 68°C - 68°C - 64°C - 64°C - 69°C - 68°C | Throttling: None - None - None - None - None - None - None - None
702 (771857 Gflops/s) - 703 (772956 Gflops/s) - 688 (756463 Gflops/s) - 704 (774056 Gflops/s) - 699 (768558 Gflops/s) - 711 (781752 Gflops/s) - 700 (769658 Gflops/s) - 710 (780653 Gflops/s) | Temperatures: 64°C - 64°C - 68°C - 69°C - 64°C - 64°C - 69°C - 68°C | Throttling: None - None - None - None - None - None - None - None
700 (769658 Gflops/s) - 703 (772956 Gflops/s) - 700 (769658 Gflops/s) - 702 (771857 Gflops/s) - 699 (768558 Gflops/s) - 711 (781752 Gflops/s) - 699 (768558 Gflops/s) - 709 (779553 Gflops/s) | Temperatures: 64°C - 65°C - 69°C - 69°C - 64°C - 64°C - 69°C - 68°C | Throttling: None - None - None - None - None - None - None - None
701 (770757 Gflops/s) - 704 (774056 Gflops/s) - 699 (768558 Gflops/s) - 702 (771857 Gflops/s) - 697 (766359 Gflops/s) - 710 (780653 Gflops/s) - 699 (768558 Gflops/s) - 709 (779553 Gflops/s) | Temperatures: 64°C - 65°C - 69°C - 69°C - 65°C - 64°C - 70°C - 68°C | Throttling: None - None - None - None - None - None - None - None
699 (768558 Gflops/s) - 703 (772956 Gflops/s) - 698 (767459 Gflops/s) - 702 (771857 Gflops/s) - 697 (766359 Gflops/s) - 708 (778454 Gflops/s) - 698 (767459 Gflops/s) - 707 (777354 Gflops/s) | Temperatures: 64°C - 65°C - 69°C - 70°C - 65°C - 65°C - 70°C - 69°C | Throttling: None - None - None - None - None - None - None - None
698 (767459 Gflops/s) - 703 (772956 Gflops/s) - 699 (768558 Gflops/s) - 702 (771857 Gflops/s) - 697 (766359 Gflops/s) - 710 (780653 Gflops/s) - 699 (768558 Gflops/s) - 707 (777354 Gflops/s) | Temperatures: 64°C - 65°C - 69°C - 70°C - 65°C - 65°C - 70°C - 69°C | Throttling: None - None - None - None - None - None - None - None
703 (772956 Gflops/s) - 704 (774056 Gflops/s) - 700 (769658 Gflops/s) - 702 (771857 Gflops/s) - 697 (766359 Gflops/s) - 710 (780653 Gflops/s) - 699 (768558 Gflops/s) - 707 (777354 Gflops/s) | Temperatures: 64°C - 65°C - 70°C - 70°C - 65°C - 65°C - 70°C - 69°C | Throttling: None - None - None - None - None - None - None - None
698 (767459 Gflops/s) - 702 (771857 Gflops/s) - 697 (766359 Gflops/s) - 701 (770757 Gflops/s) - 694 (763061 Gflops/s) - 709 (779553 Gflops/s) - 698 (767459 Gflops/s) - 707 (777354 Gflops/s) | Temperatures: 64°C - 65°C - 70°C - 70°C - 65°C - 65°C - 71°C - 69°C | Throttling: None - None - None - None - None - None - None - None
699 (768558 Gflops/s) - 702 (771857 Gflops/s) - 698 (767459 Gflops/s) - 701 (770757 Gflops/s) - 697 (766359 Gflops/s) - 710 (780653 Gflops/s) - 698 (767459 Gflops/s) - 707 (777354 Gflops/s) | Temperatures: 65°C - 65°C - 70°C - 70°C - 65°C - 65°C - 71°C - 69°C | Throttling: None - None - None - None - None - None - None - None
699 (768558 Gflops/s) - 705 (775155 Gflops/s) - 696 (765260 Gflops/s) - 702 (771857 Gflops/s) - 697 (766359 Gflops/s) - 709 (779553 Gflops/s) - 713 (783951 Gflops/s) - 707 (777354 Gflops/s) | Temperatures: 65°C - 66°C - 70°C - 70°C - 65°C - 65°C - 71°C - 70°C | Throttling: None - None - None - None - None - None - None - None
699 (768558 Gflops/s) - 705 (775155 Gflops/s) - 696 (765260 Gflops/s) - 699 (768558 Gflops/s) - 694 (763061 Gflops/s) - 709 (779553 Gflops/s) - 681 (748767 Gflops/s) - 704 (774056 Gflops/s) | Temperatures: 65°C - 66°C - 70°C - 71°C - 65°C - 65°C - 71°C - 70°C | Throttling: None - None - None - None - None - None - None - None
700 (769658 Gflops/s) - 704 (774056 Gflops/s) - 696 (765260 Gflops/s) - 701 (770757 Gflops/s) - 694 (763061 Gflops/s) - 708 (778454 Gflops/s) - 697 (766359 Gflops/s) - 719 (790548 Gflops/s) | Temperatures: 65°C - 66°C - 70°C - 71°C - 66°C - 66°C - 71°C - 70°C | Throttling: None - None - None - None - None - None - None - None
702 (771857 Gflops/s) - 705 (775155 Gflops/s) - 697 (766359 Gflops/s) - 699 (768558 Gflops/s) - 693 (761961 Gflops/s) - 710 (780653 Gflops/s) - 697 (766359 Gflops/s) - 691 (759762 Gflops/s) | Temperatures: 65°C - 66°C - 71°C - 71°C - 66°C - 66°C - 72°C - 70°C | Throttling: None - None - None - None - None - None - None - None
701 (770757 Gflops/s) - 704 (774056 Gflops/s) - 696 (765260 Gflops/s) - 700 (769658 Gflops/s) - 691 (759762 Gflops/s) - 709 (779553 Gflops/s) - 697 (766359 Gflops/s) - 705 (775155 Gflops/s) | Temperatures: 65°C - 66°C - 71°C - 71°C - 66°C - 66°C - 72°C - 70°C | Throttling: None - None - None - None - None - None - None - None
702 (771857 Gflops/s) - 705 (775155 Gflops/s) - 695 (764160 Gflops/s) - 699 (768558 Gflops/s) - 691 (759762 Gflops/s) - 707 (777354 Gflops/s) - 698 (767459 Gflops/s) - 705 (775155 Gflops/s) | Temperatures: 66°C - 67°C - 71°C - 71°C - 66°C - 66°C - 72°C - 71°C | Throttling: None - None - None - None - None - None - None - None
700 (769658 Gflops/s) - 704 (774056 Gflops/s) - 696 (765260 Gflops/s) - 699 (768558 Gflops/s) - 692 (760862 Gflops/s) - 709 (779553 Gflops/s) - 696 (765260 Gflops/s) - 705 (775155 Gflops/s) | Temperatures: 66°C - 67°C - 71°C - 72°C - 66°C - 66°C - 72°C - 71°C | Throttling: None - None - None - None - None - None - None - None
700 (769658 Gflops/s) - 702 (771857 Gflops/s) - 693 (761961 Gflops/s) - 699 (768558 Gflops/s) - 692 (760862 Gflops/s) - 706 (776255 Gflops/s) - 695 (764160 Gflops/s) - 703 (772956 Gflops/s) | Temperatures: 66°C - 67°C - 72°C - 72°C - 66°C - 67°C - 72°C - 71°C | Throttling: None - None - None - None - None - None - None - None
701 (770757 Gflops/s) - 703 (772956 Gflops/s) - 695 (764160 Gflops/s) - 699 (768558 Gflops/s) - 692 (760862 Gflops/s) - 707 (777354 Gflops/s) - 696 (765260 Gflops/s) - 705 (775155 Gflops/s) | Temperatures: 66°C - 67°C - 72°C - 72°C - 67°C - 67°C - 73°C - 71°C | Throttling: None - None - None - None - None - None - None - None
701 (770757 Gflops/s) - 704 (774056 Gflops/s) - 694 (763061 Gflops/s) - 698 (767459 Gflops/s) - 691 (759762 Gflops/s) - 706 (776255 Gflops/s) - 696 (765260 Gflops/s) - 704 (774056 Gflops/s) | Temperatures: 67°C - 68°C - 72°C - 72°C - 67°C - 67°C - 73°C - 72°C | Throttling: None - None - None - None - None - None - None - None
701 (770757 Gflops/s) - 702 (771857 Gflops/s) - 694 (763061 Gflops/s) - 699 (768558 Gflops/s) - 690 (758663 Gflops/s) - 706 (776255 Gflops/s) - 695 (764160 Gflops/s) - 705 (775155 Gflops/s) | Temperatures: 67°C - 68°C - 72°C - 73°C - 67°C - 67°C - 73°C - 72°C | Throttling: None - None - None - None - None - None - None - None
700 (769658 Gflops/s) - 703 (772956 Gflops/s) - 694 (763061 Gflops/s) - 698 (767459 Gflops/s) - 690 (758663 Gflops/s) - 706 (776255 Gflops/s) - 695 (764160 Gflops/s) - 703 (772956 Gflops/s) | Temperatures: 67°C - 68°C - 72°C - 73°C - 68°C - 67°C - 73°C - 72°C | Throttling: None - None - None - None - None - None - None - None
700 (769658 Gflops/s) - 702 (771857 Gflops/s) - 693 (761961 Gflops/s) - 697 (766359 Gflops/s) - 687 (755364 Gflops/s) - 705 (775155 Gflops/s) - 694 (763061 Gflops/s) - 703 (772956 Gflops/s) | Temperatures: 67°C - 68°C - 73°C - 73°C - 67°C - 67°C - 74°C - 72°C | Throttling: None - None - None - None - None - None - None - None
699 (768558 Gflops/s) - 703 (772956 Gflops/s) - 693 (761961 Gflops/s) - 697 (766359 Gflops/s) - 689 (757563 Gflops/s) - 705 (775155 Gflops/s) - 694 (763061 Gflops/s) - 704 (774056 Gflops/s) | Temperatures: 67°C - 68°C - 73°C - 73°C - 68°C - 68°C - 74°C - 72°C | Throttling: None - None - None - None - None - None - None - None
701 (770757 Gflops/s) - 702 (771857 Gflops/s) - 695 (764160 Gflops/s) - 698 (767459 Gflops/s) - 688 (756463 Gflops/s) - 706 (776255 Gflops/s) - 694 (763061 Gflops/s) - 703 (772956 Gflops/s) | Temperatures: 68°C - 69°C - 73°C - 73°C - 68°C - 68°C - 74°C - 73°C | Throttling: None - None - None - None - None - None - None - None
700 (769658 Gflops/s) - 703 (772956 Gflops/s) - 690 (758663 Gflops/s) - 697 (766359 Gflops/s) - 688 (756463 Gflops/s) - 705 (775155 Gflops/s) - 695 (764160 Gflops/s) - 712 (782852 Gflops/s) | Temperatures: 68°C - 69°C - 73°C - 73°C - 68°C - 68°C - 74°C - 73°C | Throttling: None - None - None - None - None - None - None - None
699 (768558 Gflops/s) - 700 (769658 Gflops/s) - 692 (760862 Gflops/s) - 698 (767459 Gflops/s) - 688 (756463 Gflops/s) - 705 (775155 Gflops/s) - 694 (763061 Gflops/s) - 691 (759762 Gflops/s) | Temperatures: 68°C - 69°C - 73°C - 74°C - 68°C - 68°C - 74°C - 73°C | Throttling: None - None - None - None - None - None - None - None
699 (768558 Gflops/s) - 702 (771857 Gflops/s) - 692 (760862 Gflops/s) - 696 (765260 Gflops/s) - 688 (756463 Gflops/s) - 703 (772956 Gflops/s) - 693 (761961 Gflops/s) - 702 (771857 Gflops/s) | Temperatures: 68°C - 69°C - 74°C - 74°C - 68°C - 68°C - 75°C - 73°C | Throttling: None - None - None - None - None - None - None - None
698 (767459 Gflops/s) - 700 (769658 Gflops/s) - 691 (759762 Gflops/s) - 695 (764160 Gflops/s) - 688 (756463 Gflops/s) - 703 (772956 Gflops/s) - 693 (761961 Gflops/s) - 702 (771857 Gflops/s) | Temperatures: 68°C - 69°C - 74°C - 74°C - 69°C - 68°C - 75°C - 73°C | Throttling: None - None - None - None - None - None - None - None
700 (769658 Gflops/s) - 701 (770757 Gflops/s) - 692 (760862 Gflops/s) - 696 (765260 Gflops/s) - 687 (755364 Gflops/s) - 704 (774056 Gflops/s) - 693 (761961 Gflops/s) - 701 (770757 Gflops/s) | Temperatures: 68°C - 69°C - 74°C - 74°C - 69°C - 69°C - 75°C - 73°C | Throttling: None - None - None - None - None - None - None - None
698 (767459 Gflops/s) - 701 (770757 Gflops/s) - 690 (758663 Gflops/s) - 698 (767459 Gflops/s) - 687 (755364 Gflops/s) - 703 (772956 Gflops/s) - 696 (765260 Gflops/s) - 699 (768558 Gflops/s) | Temperatures: 68°C - 69°C - 74°C - 74°C - 69°C - 69°C - 75°C - 73°C | Throttling: None - None - None - None - None - None - None - None
699 (768558 Gflops/s) - 700 (769658 Gflops/s) - 691 (759762 Gflops/s) - 699 (768558 Gflops/s) - 688 (756463 Gflops/s) - 703 (772956 Gflops/s) - 695 (764160 Gflops/s) - 698 (767459 Gflops/s) | Temperatures: 68°C - 70°C - 74°C - 75°C - 69°C - 69°C - 75°C - 73°C | Throttling: None - None - None - None - None - None - None - None
699 (768558 Gflops/s) - 701 (770757 Gflops/s) - 690 (758663 Gflops/s) - 700 (769658 Gflops/s) - 687 (755364 Gflops/s) - 703 (772956 Gflops/s) - 695 (764160 Gflops/s) - 700 (769658 Gflops/s) | Temperatures: 68°C - 69°C - 74°C - 75°C - 69°C - 69°C - 75°C - 73°C | Throttling: None - None - None - None - None - None - None - None
699 (768558 Gflops/s) - 698 (767459 Gflops/s) - 690 (758663 Gflops/s) - 700 (769658 Gflops/s) - 687 (755364 Gflops/s) - 702 (771857 Gflops/s) - 695 (764160 Gflops/s) - 701 (770757 Gflops/s) | Temperatures: 69°C - 70°C - 74°C - 75°C - 69°C - 69°C - 75°C - 74°C | Throttling: None - None - None - None - None - None - None - None
698 (767459 Gflops/s) - 700 (769658 Gflops/s) - 689 (757563 Gflops/s) - 699 (768558 Gflops/s) - 686 (754264 Gflops/s) - 702 (771857 Gflops/s) - 695 (764160 Gflops/s) - 700 (769658 Gflops/s) | Temperatures: 69°C - 70°C - 75°C - 75°C - 69°C - 69°C - 76°C - 74°C | Throttling: None - None - None - None - None - None - None - None
698 (767459 Gflops/s) - 699 (768558 Gflops/s) - 690 (758663 Gflops/s) - 699 (768558 Gflops/s) - 687 (755364 Gflops/s) - 702 (771857 Gflops/s) - 696 (765260 Gflops/s) - 699 (768558 Gflops/s) | Temperatures: 69°C - 70°C - 75°C - 75°C - 69°C - 69°C - 76°C - 74°C | Throttling: None - None - None - None - None - None - None - None
699 (768558 Gflops/s) - 701 (770757 Gflops/s) - 690 (758663 Gflops/s) - 699 (768558 Gflops/s) - 687 (755364 Gflops/s) - 703 (772956 Gflops/s) - 697 (766359 Gflops/s) - 699 (768558 Gflops/s) | Temperatures: 69°C - 70°C - 75°C - 75°C - 69°C - 69°C - 76°C - 74°C | Throttling: None - None - None - None - None - None - None - None
698 (767459 Gflops/s) - 699 (768558 Gflops/s) - 689 (757563 Gflops/s) - 699 (768558 Gflops/s) - 687 (755364 Gflops/s) - 703 (772956 Gflops/s) - 697 (766359 Gflops/s) - 700 (769658 Gflops/s) | Temperatures: 69°C - 70°C - 75°C - 75°C - 69°C - 69°C - 76°C - 74°C | Throttling: None - None - None - None - None - None - None - None
699 (768558 Gflops/s) - 701 (770757 Gflops/s) - 693 (761961 Gflops/s) - 699 (768558 Gflops/s) - 687 (755364 Gflops/s) - 702 (771857 Gflops/s) - 696 (765260 Gflops/s) - 701 (770757 Gflops/s) | Temperatures: 69°C - 70°C - 75°C - 75°C - 69°C - 69°C - 76°C - 74°C | Throttling: None - None - None - None - None - None - None - None
698 (767459 Gflops/s) - 700 (769658 Gflops/s) - 693 (761961 Gflops/s) - 699 (768558 Gflops/s) - 686 (754264 Gflops/s) - 711 (781752 Gflops/s) - 697 (766359 Gflops/s) - 699 (768558 Gflops/s) | Temperatures: 69°C - 70°C - 75°C - 75°C - 69°C - 69°C - 76°C - 74°C | Throttling: None - None - None - None - None - None - None - None
698 (767459 Gflops/s) - 697 (766359 Gflops/s) - 693 (761961 Gflops/s) - 698 (767459 Gflops/s) - 686 (754264 Gflops/s) - 691 (759762 Gflops/s) - 695 (764160 Gflops/s) - 697 (766359 Gflops/s) | Temperatures: 69°C - 70°C - 75°C - 75°C - 69°C - 69°C - 76°C - 74°C | Throttling: None - None - None - None - None - None - None - None
698 (767459 Gflops/s) - 699 (768558 Gflops/s) - 692 (760862 Gflops/s) - 699 (768558 Gflops/s) - 687 (755364 Gflops/s) - 701 (770757 Gflops/s) - 697 (766359 Gflops/s) - 699 (768558 Gflops/s) | Temperatures: 69°C - 70°C - 75°C - 75°C - 69°C - 69°C - 76°C - 74°C | Throttling: None - None - None - None - None - None - None - None
699 (768558 Gflops/s) - 701 (770757 Gflops/s) - 694 (763061 Gflops/s) - 698 (767459 Gflops/s) - 687 (755364 Gflops/s) - 702 (771857 Gflops/s) - 696 (765260 Gflops/s) - 699 (768558 Gflops/s) | Temperatures: 69°C - 70°C - 75°C - 75°C - 69°C - 69°C - 76°C - 74°C | Throttling: None - None - None - None - None - None - None - None
698 (767459 Gflops/s) - 699 (768558 Gflops/s) - 693 (761961 Gflops/s) - 699 (768558 Gflops/s) - 687 (755364 Gflops/s) - 701 (770757 Gflops/s) - 696 (765260 Gflops/s) - 698 (767459 Gflops/s) | Temperatures: 68°C - 69°C - 75°C - 75°C - 69°C - 69°C - 76°C - 74°C | Throttling: None - None - None - None - None - None - None - None
699 (768558 Gflops/s) - 699 (768558 Gflops/s) - 693 (761961 Gflops/s) - 699 (768558 Gflops/s) - 687 (755364 Gflops/s) - 702 (771857 Gflops/s) - 696 (765260 Gflops/s) - 698 (767459 Gflops/s) | Temperatures: 68°C - 69°C - 75°C - 75°C - 69°C - 69°C - 76°C - 74°C | Throttling: None - None - None - None - None - None - None - None
699 (768558 Gflops/s) - 699 (768558 Gflops/s) - 693 (761961 Gflops/s) - 699 (768558 Gflops/s) - 687 (755364 Gflops/s) - 702 (771857 Gflops/s) - 696 (765260 Gflops/s) - 700 (769658 Gflops/s) | Temperatures: 68°C - 69°C - 75°C - 75°C - 69°C - 69°C - 76°C - 74°C | Throttling: None - None - None - None - None - None - None - None
697 (766359 Gflops/s) - 699 (768558 Gflops/s) - 693 (761961 Gflops/s) - 698 (767459 Gflops/s) - 686 (754264 Gflops/s) - 700 (769658 Gflops/s) - 696 (765260 Gflops/s) - 699 (768558 Gflops/s) | Temperatures: 68°C - 69°C - 75°C - 75°C - 69°C - 69°C - 76°C - 74°C | Throttling: None - None - None - None - None - None - None - None
699 (768558 Gflops/s) - 701 (770757 Gflops/s) - 692 (760862 Gflops/s) - 699 (768558 Gflops/s) - 687 (755364 Gflops/s) - 702 (771857 Gflops/s) - 696 (765260 Gflops/s) - 699 (768558 Gflops/s) | Temperatures: 68°C - 70°C - 75°C - 75°C - 69°C - 69°C - 76°C - 74°C | Throttling: None - None - None - None - None - None - None - None
698 (767459 Gflops/s) - 699 (768558 Gflops/s) - 693 (761961 Gflops/s) - 699 (768558 Gflops/s) - 687 (755364 Gflops/s) - 701 (770757 Gflops/s) - 696 (765260 Gflops/s) - 699 (768558 Gflops/s) | Temperatures: 68°C - 70°C - 75°C - 75°C - 69°C - 69°C - 76°C - 74°C | Throttling: None - None - None - None - None - None - None - None
699 (768558 Gflops/s) - 700 (769658 Gflops/s) - 693 (761961 Gflops/s) - 698 (767459 Gflops/s) - 687 (755364 Gflops/s) - 703 (772956 Gflops/s) - 696 (765260 Gflops/s) - 698 (767459 Gflops/s) | Temperatures: 68°C - 69°C - 75°C - 75°C - 69°C - 69°C - 76°C - 74°C | Throttling: None - None - None - None - None - None - None - None
698 (767459 Gflops/s) - 700 (769658 Gflops/s) - 693 (761961 Gflops/s) - 699 (768558 Gflops/s) - 687 (755364 Gflops/s) - 701 (770757 Gflops/s) - 696 (765260 Gflops/s) - 700 (769658 Gflops/s) | Temperatures: 68°C - 70°C - 75°C - 75°C - 69°C - 69°C - 76°C - 74°C | Throttling: None - None - None - None - None - None - None - None
698 (767459 Gflops/s) - 698 (767459 Gflops/s) - 692 (760862 Gflops/s) - 698 (767459 Gflops/s) - 696 (765260 Gflops/s) - 701 (770757 Gflops/s) - 695 (764160 Gflops/s) - 697 (766359 Gflops/s) | Temperatures: 68°C - 69°C - 75°C - 75°C - 69°C - 69°C - 76°C - 74°C | Throttling: None - None - None - None - None - None - None - None
698 (767459 Gflops/s) - 716 (787250 Gflops/s) - 693 (761961 Gflops/s) - 699 (768558 Gflops/s) - 677 (744369 Gflops/s) - 702 (771857 Gflops/s) - 696 (765260 Gflops/s) - 699 (768558 Gflops/s) | Temperatures: 68°C - 69°C - 75°C - 75°C - 69°C - 69°C - 76°C - 74°C | Throttling: None - None - None - None - None - None - None - None
699 (768558 Gflops/s) - 683 (750966 Gflops/s) - 693 (761961 Gflops/s) - 699 (768558 Gflops/s) - 686 (754264 Gflops/s) - 702 (771857 Gflops/s) - 696 (765260 Gflops/s) - 698 (767459 Gflops/s) | Temperatures: 68°C - 69°C - 75°C - 75°C - 69°C - 68°C - 76°C - 74°C | Throttling: None - None - None - None - None - None - None - None
699 (768558 Gflops/s) - 700 (769658 Gflops/s) - 692 (760862 Gflops/s) - 699 (768558 Gflops/s) - 687 (755364 Gflops/s) - 703 (772956 Gflops/s) - 696 (765260 Gflops/s) - 698 (767459 Gflops/s) | Temperatures: 68°C - 69°C - 75°C - 75°C - 69°C - 68°C - 76°C - 74°C | Throttling: None - None - None - None - None - None - None - None
698 (767459 Gflops/s) - 699 (768558 Gflops/s) - 693 (761961 Gflops/s) - 698 (767459 Gflops/s) - 687 (755364 Gflops/s) - 701 (770757 Gflops/s) - 696 (765260 Gflops/s) - 698 (767459 Gflops/s) | Temperatures: 68°C - 69°C - 75°C - 75°C - 69°C - 69°C - 76°C - 74°C | Throttling: None - None - None - None - None - None - None - None
699 (768558 Gflops/s) - 700 (769658 Gflops/s) - 693 (761961 Gflops/s) - 699 (768558 Gflops/s) - 687 (755364 Gflops/s) - 701 (770757 Gflops/s) - 695 (764160 Gflops/s) - 699 (768558 Gflops/s) | Temperatures: 68°C - 69°C - 75°C - 75°C - 69°C - 69°C - 76°C - 74°C | Throttling: None - None - None - None - None - None - None - None
698 (767459 Gflops/s) - 699 (768558 Gflops/s) - 693 (761961 Gflops/s) - 699 (768558 Gflops/s) - 687 (755364 Gflops/s) - 703 (772956 Gflops/s) - 696 (765260 Gflops/s) - 700 (769658 Gflops/s) | Temperatures: 68°C - 69°C - 75°C - 75°C - 69°C - 68°C - 76°C - 74°C | Throttling: None - None - None - None - None - None - None - None
698 (767459 Gflops/s) - 700 (769658 Gflops/s) - 692 (760862 Gflops/s) - 698 (767459 Gflops/s) - 686 (754264 Gflops/s) - 702 (771857 Gflops/s) - 695 (764160 Gflops/s) - 697 (766359 Gflops/s) | Temperatures: 68°C - 69°C - 75°C - 75°C - 69°C - 68°C - 76°C - 74°C | Throttling: None - None - None - None - None - None - None - None
699 (768558 Gflops/s) - 699 (768558 Gflops/s) - 693 (761961 Gflops/s) - 699 (768558 Gflops/s) - 687 (755364 Gflops/s) - 702 (771857 Gflops/s) - 696 (765260 Gflops/s) - 699 (768558 Gflops/s) | Temperatures: 68°C - 69°C - 75°C - 75°C - 69°C - 68°C - 76°C - 74°C | Throttling: None - None - None - None - None - None - None - None
698 (767459 Gflops/s) - 699 (768558 Gflops/s) - 693 (761961 Gflops/s) - 699 (768558 Gflops/s) - 686 (754264 Gflops/s) - 703 (772956 Gflops/s) - 696 (765260 Gflops/s) - 699 (768558 Gflops/s) | Temperatures: 68°C - 69°C - 75°C - 75°C - 69°C - 68°C - 76°C - 74°C | Throttling: None - None - None - None - None - None - None - None
698 (767459 Gflops/s) - 699 (768558 Gflops/s) - 692 (760862 Gflops/s) - 698 (767459 Gflops/s) - 688 (756463 Gflops/s) - 702 (771857 Gflops/s) - 695 (764160 Gflops/s) - 699 (768558 Gflops/s) | Temperatures: 68°C - 69°C - 75°C - 75°C - 68°C - 68°C - 76°C - 74°C | Throttling: None - None - None - None - None - None - None - None
699 (768558 Gflops/s) - 701 (770757 Gflops/s) - 694 (763061 Gflops/s) - 699 (768558 Gflops/s) - 686 (754264 Gflops/s) - 703 (772956 Gflops/s) - 696 (765260 Gflops/s) - 699 (768558 Gflops/s) | Temperatures: 68°C - 69°C - 74°C - 75°C - 68°C - 68°C - 76°C - 74°C | Throttling: None - None - None - None - None - None - None - None
699 (768558 Gflops/s) - 700 (769658 Gflops/s) - 693 (761961 Gflops/s) - 699 (768558 Gflops/s) - 687 (755364 Gflops/s) - 702 (771857 Gflops/s) - 696 (765260 Gflops/s) - 699 (768558 Gflops/s) | Temperatures: 67°C - 69°C - 74°C - 74°C - 68°C - 68°C - 76°C - 74°C | Throttling: None - None - None - None - None - None - None - None
700 (769658 Gflops/s) - 703 (772956 Gflops/s) - 693 (761961 Gflops/s) - 699 (768558 Gflops/s) - 687 (755364 Gflops/s) - 701 (770757 Gflops/s) - 696 (765260 Gflops/s) - 699 (768558 Gflops/s) | Temperatures: 67°C - 69°C - 74°C - 74°C - 68°C - 68°C - 76°C - 73°C | Throttling: None - None - None - None - None - None - None - None
698 (767459 Gflops/s) - 696 (765260 Gflops/s) - 694 (763061 Gflops/s) - 699 (768558 Gflops/s) - 687 (755364 Gflops/s) - 703 (772956 Gflops/s) - 695 (764160 Gflops/s) - 700 (769658 Gflops/s) | Temperatures: 67°C - 68°C - 74°C - 74°C - 68°C - 68°C - 76°C - 73°C | Throttling: None - None - None - None - None - None - None - None
699 (768558 Gflops/s) - 700 (769658 Gflops/s) - 692 (760862 Gflops/s) - 698 (767459 Gflops/s) - 687 (755364 Gflops/s) - 702 (771857 Gflops/s) - 696 (765260 Gflops/s) - 699 (768558 Gflops/s) | Temperatures: 67°C - 69°C - 74°C - 74°C - 68°C - 68°C - 76°C - 73°C | Throttling: None - None - None - None - None - None - None - None
699 (768558 Gflops/s) - 701 (770757 Gflops/s) - 695 (764160 Gflops/s) - 700 (769658 Gflops/s) - 687 (755364 Gflops/s) - 703 (772956 Gflops/s) - 696 (765260 Gflops/s) - 701 (770757 Gflops/s) | Temperatures: 67°C - 68°C - 74°C - 74°C - 68°C - 68°C - 75°C - 73°C | Throttling: None - None - None - None - None - None - None - None
699 (768558 Gflops/s) - 700 (769658 Gflops/s) - 693 (761961 Gflops/s) - 699 (768558 Gflops/s) - 687 (755364 Gflops/s) - 703 (772956 Gflops/s) - 696 (765260 Gflops/s) - 699 (768558 Gflops/s) | Temperatures: 67°C - 68°C - 74°C - 74°C - 68°C - 67°C - 75°C - 73°C | Throttling: None - None - None - None - None - None - None - None
700 (769658 Gflops/s) - 701 (770757 Gflops/s) - 694 (763061 Gflops/s) - 699 (768558 Gflops/s) - 687 (755364 Gflops/s) - 703 (772956 Gflops/s) - 696 (765260 Gflops/s) - 700 (769658 Gflops/s) | Temperatures: 67°C - 68°C - 74°C - 74°C - 68°C - 67°C - 75°C - 73°C | Throttling: None - None - None - None - None - None - None - None
699 (768558 Gflops/s) - 700 (769658 Gflops/s) - 694 (763061 Gflops/s) - 700 (769658 Gflops/s) - 688 (756463 Gflops/s) - 703 (772956 Gflops/s) - 696 (765260 Gflops/s) - 700 (769658 Gflops/s) | Temperatures: 67°C - 68°C - 74°C - 74°C - 68°C - 68°C - 75°C - 73°C | Throttling: None - None - None - None - None - None - None - None
699 (768558 Gflops/s) - 700 (769658 Gflops/s) - 692 (760862 Gflops/s) - 698 (767459 Gflops/s) - 687 (755364 Gflops/s) - 703 (772956 Gflops/s) - 696 (765260 Gflops/s) - 700 (769658 Gflops/s) | Temperatures: 67°C - 68°C - 74°C - 74°C - 68°C - 67°C - 75°C - 73°C | Throttling: None - None - None - None - None - None - None - None
699 (768558 Gflops/s) - 701 (770757 Gflops/s) - 690 (758663 Gflops/s) - 699 (768558 Gflops/s) - 687 (755364 Gflops/s) - 702 (771857 Gflops/s) - 696 (765260 Gflops/s) - 700 (769658 Gflops/s) | Temperatures: 67°C - 68°C - 74°C - 74°C - 68°C - 68°C - 75°C - 73°C | Throttling: None - None - None - None - None - None - None - None
700 (769658 Gflops/s) - 701 (770757 Gflops/s) - 690 (758663 Gflops/s) - 699 (768558 Gflops/s) - 688 (756463 Gflops/s) - 703 (772956 Gflops/s) - 696 (765260 Gflops/s) - 699 (768558 Gflops/s) | Temperatures: 67°C - 68°C - 74°C - 74°C - 68°C - 68°C - 75°C - 73°C | Throttling: None - None - None - None - None - None - None - None
699 (768558 Gflops/s) - 700 (769658 Gflops/s) - 689 (757563 Gflops/s) - 700 (769658 Gflops/s) - 688 (756463 Gflops/s) - 704 (774056 Gflops/s) - 696 (765260 Gflops/s) - 699 (768558 Gflops/s) | Temperatures: 67°C - 68°C - 74°C - 74°C - 68°C - 67°C - 75°C - 73°C | Throttling: None - None - None - None - None - None - None - None
699 (768558 Gflops/s) - 700 (769658 Gflops/s) - 690 (758663 Gflops/s) - 699 (768558 Gflops/s) - 686 (754264 Gflops/s) - 703 (772956 Gflops/s) - 697 (766359 Gflops/s) - 700 (769658 Gflops/s) | Temperatures: 67°C - 68°C - 74°C - 74°C - 68°C - 68°C - 75°C - 73°C | Throttling: None - None - None - None - None - None - None - None
699 (768558 Gflops/s) - 701 (770757 Gflops/s) - 690 (758663 Gflops/s) - 699 (768558 Gflops/s) - 688 (756463 Gflops/s) - 704 (774056 Gflops/s) - 696 (765260 Gflops/s) - 699 (768558 Gflops/s) | Temperatures: 67°C - 68°C - 74°C - 74°C - 68°C - 67°C - 75°C - 73°C | Throttling: None - None - None - None - None - None - None - None
699 (768558 Gflops/s) - 700 (769658 Gflops/s) - 688 (756463 Gflops/s) - 699 (768558 Gflops/s) - 686 (754264 Gflops/s) - 702 (771857 Gflops/s) - 696 (765260 Gflops/s) - 700 (769658 Gflops/s) | Temperatures: 67°C - 68°C - 74°C - 74°C - 68°C - 67°C - 75°C - 73°C | Throttling: None - None - None - None - None - None - None - None
699 (768558 Gflops/s) - 702 (771857 Gflops/s) - 691 (759762 Gflops/s) - 699 (768558 Gflops/s) - 687 (755364 Gflops/s) - 703 (772956 Gflops/s) - 696 (765260 Gflops/s) - 699 (768558 Gflops/s) | Temperatures: 67°C - 68°C - 74°C - 74°C - 68°C - 67°C - 75°C - 73°C | Throttling: None - None - None - None - None - None - None - None
699 (768558 Gflops/s) - 700 (769658 Gflops/s) - 690 (758663 Gflops/s) - 699 (768558 Gflops/s) - 688 (756463 Gflops/s) - 704 (774056 Gflops/s) - 696 (765260 Gflops/s) - 699 (768558 Gflops/s) | Temperatures: 67°C - 68°C - 74°C - 74°C - 68°C - 68°C - 75°C - 73°C | Throttling: None - None - None - None - None - None - None - None
699 (768558 Gflops/s) - 701 (770757 Gflops/s) - 690 (758663 Gflops/s) - 699 (768558 Gflops/s) - 686 (754264 Gflops/s) - 704 (774056 Gflops/s) - 696 (765260 Gflops/s) - 699 (768558 Gflops/s) | Temperatures: 67°C - 68°C - 74°C - 74°C - 68°C - 67°C - 75°C - 73°C | Throttling: None - None - None - None - None - None - None - None
700 (769658 Gflops/s) - 700 (769658 Gflops/s) - 690 (758663 Gflops/s) - 700 (769658 Gflops/s) - 688 (756463 Gflops/s) - 703 (772956 Gflops/s) - 696 (765260 Gflops/s) - 699 (768558 Gflops/s) | Temperatures: 67°C - 68°C - 74°C - 74°C - 68°C - 67°C - 75°C - 73°C | Throttling: None - None - None - None - None - None - None - None
699 (768558 Gflops/s) - 701 (770757 Gflops/s) - 690 (758663 Gflops/s) - 699 (768558 Gflops/s) - 688 (756463 Gflops/s) - 703 (772956 Gflops/s) - 697 (766359 Gflops/s) - 700 (769658 Gflops/s) | Temperatures: 67°C - 68°C - 74°C - 74°C - 68°C - 67°C - 75°C - 73°C | Throttling: None - None - None - None - None - None - None - None
699 (768558 Gflops/s) - 701 (770757 Gflops/s) - 690 (758663 Gflops/s) - 699 (768558 Gflops/s) - 687 (755364 Gflops/s) - 704 (774056 Gflops/s) - 696 (765260 Gflops/s) - 700 (769658 Gflops/s) | Temperatures: 67°C - 68°C - 74°C - 74°C - 68°C - 67°C - 75°C - 73°C | Throttling: None - None - None - None - None - None - None - None
699 (768558 Gflops/s) - 700 (769658 Gflops/s) - 688 (756463 Gflops/s) - 699 (768558 Gflops/s) - 687 (755364 Gflops/s) - 701 (770757 Gflops/s) - 695 (764160 Gflops/s) - 699 (768558 Gflops/s) | Temperatures: 67°C - 68°C - 74°C - 74°C - 68°C - 67°C - 75°C - 73°C | Throttling: None - None - None - None - None - None - None - None
699 (768558 Gflops/s) - 701 (770757 Gflops/s) - 690 (758663 Gflops/s) - 699 (768558 Gflops/s) - 687 (755364 Gflops/s) - 703 (772956 Gflops/s) - 696 (765260 Gflops/s) - 700 (769658 Gflops/s) | Temperatures: 67°C - 68°C - 74°C - 74°C - 68°C - 67°C - 75°C - 73°C | Throttling: None - None - None - None - None - None - None - None
699 (768558 Gflops/s) - 701 (770757 Gflops/s) - 690 (758663 Gflops/s) - 700 (769658 Gflops/s) - 688 (756463 Gflops/s) - 705 (775155 Gflops/s) - 697 (766359 Gflops/s) - 700 (769658 Gflops/s) | Temperatures: 67°C - 68°C - 74°C - 74°C - 67°C - 67°C - 75°C - 73°C | Throttling: None - None - None - None - None - None - None - None
700 (769658 Gflops/s) - 701 (770757 Gflops/s) - 690 (758663 Gflops/s) - 699 (768558 Gflops/s) - 688 (756463 Gflops/s) - 703 (772956 Gflops/s) - 696 (765260 Gflops/s) - 700 (769658 Gflops/s) | Temperatures: 67°C - 68°C - 74°C - 74°C - 67°C - 67°C - 75°C - 73°C | Throttling: None - None - None - None - None - None - None - None
699 (768558 Gflops/s) - 700 (769658 Gflops/s) - 691 (759762 Gflops/s) - 699 (768558 Gflops/s) - 687 (755364 Gflops/s) - 703 (772956 Gflops/s) - 696 (765260 Gflops/s) - 699 (768558 Gflops/s) | Temperatures: 67°C - 68°C - 74°C - 74°C - 67°C - 67°C - 75°C - 73°C | Throttling: None - None - None - None - None - None - None - None
699 (768558 Gflops/s) - 717 (788349 Gflops/s) - 694 (763061 Gflops/s) - 699 (768558 Gflops/s) - 688 (756463 Gflops/s) - 703 (772956 Gflops/s) - 696 (765260 Gflops/s) - 698 (767459 Gflops/s) | Temperatures: 67°C - 68°C - 74°C - 74°C - 67°C - 67°C - 75°C - 73°C | Throttling: None - None - None - None - None - None - None - None
699 (768558 Gflops/s) - 685 (753165 Gflops/s) - 685 (753165 Gflops/s) - 700 (769658 Gflops/s) - 687 (755364 Gflops/s) - 704 (774056 Gflops/s) - 696 (765260 Gflops/s) - 701 (770757 Gflops/s) | Temperatures: 67°C - 68°C - 74°C - 74°C - 67°C - 67°C - 75°C - 73°C | Throttling: None - None - None - None - None - None - None - None
700 (769658 Gflops/s) - 700 (769658 Gflops/s) - 691 (759762 Gflops/s) - 699 (768558 Gflops/s) - 689 (757563 Gflops/s) - 704 (774056 Gflops/s) - 697 (766359 Gflops/s) - 700 (769658 Gflops/s) | Temperatures: 67°C - 68°C - 74°C - 74°C - 67°C - 67°C - 75°C - 73°C | Throttling: None - None - None - None - None - None - None - None
713 (783951 Gflops/s) - 700 (769658 Gflops/s) - 689 (757563 Gflops/s) - 698 (767459 Gflops/s) - 687 (755364 Gflops/s) - 702 (771857 Gflops/s) - 697 (766359 Gflops/s) - 699 (768558 Gflops/s) | Temperatures: 67°C - 68°C - 74°C - 74°C - 67°C - 67°C - 75°C - 73°C | Throttling: None - None - None - None - None - None - None - None
685 (753165 Gflops/s) - 702 (771857 Gflops/s) - 690 (758663 Gflops/s) - 700 (769658 Gflops/s) - 688 (756463 Gflops/s) - 703 (772956 Gflops/s) - 695 (764160 Gflops/s) - 700 (769658 Gflops/s) | Temperatures: 67°C - 68°C - 74°C - 74°C - 68°C - 67°C - 75°C - 73°C | Throttling: None - None - None - None - None - None - None - None
699 (768558 Gflops/s) - 701 (770757 Gflops/s) - 690 (758663 Gflops/s) - 700 (769658 Gflops/s) - 687 (755364 Gflops/s) - 704 (774056 Gflops/s) - 697 (766359 Gflops/s) - 700 (769658 Gflops/s) | Temperatures: 67°C - 68°C - 74°C - 74°C - 67°C - 67°C - 75°C - 73°C | Throttling: None - None - None - None - None - None - None - None
700 (769658 Gflops/s) - 702 (771857 Gflops/s) - 690 (758663 Gflops/s) - 699 (768558 Gflops/s) - 688 (756463 Gflops/s) - 703 (772956 Gflops/s) - 696 (765260 Gflops/s) - 699 (768558 Gflops/s) | Temperatures: 67°C - 68°C - 74°C - 74°C - 67°C - 67°C - 75°C - 73°C | Throttling: None - None - None - None - None - None - None - None
699 (768558 Gflops/s) - 700 (769658 Gflops/s) - 691 (759762 Gflops/s) - 699 (768558 Gflops/s) - 688 (756463 Gflops/s) - 705 (775155 Gflops/s) - 696 (765260 Gflops/s) - 699 (768558 Gflops/s) | Temperatures: 67°C - 68°C - 74°C - 74°C - 67°C - 67°C - 75°C - 73°C | Throttling: None - None - None - None - None - None - None - None
700 (769658 Gflops/s) - 701 (770757 Gflops/s) - 690 (758663 Gflops/s) - 699 (768558 Gflops/s) - 688 (756463 Gflops/s) - 703 (772956 Gflops/s) - 696 (765260 Gflops/s) - 700 (769658 Gflops/s) | Temperatures: 67°C - 68°C - 74°C - 74°C - 67°C - 67°C - 75°C - 73°C | Throttling: None - None - None - None - None - None - None - None
699 (768558 Gflops/s) - 699 (768558 Gflops/s) - 689 (757563 Gflops/s) - 698 (767459 Gflops/s) - 686 (754264 Gflops/s) - 703 (772956 Gflops/s) - 695 (764160 Gflops/s) - 710 (780653 Gflops/s) | Temperatures: 67°C - 68°C - 74°C - 74°C - 67°C - 67°C - 75°C - 73°C | Throttling: None - None - None - None - None - None - None - None
699 (768558 Gflops/s) - 700 (769658 Gflops/s) - 691 (759762 Gflops/s) - 700 (769658 Gflops/s) - 688 (756463 Gflops/s) - 703 (772956 Gflops/s) - 696 (765260 Gflops/s) - 688 (756463 Gflops/s) | Temperatures: 67°C - 68°C - 74°C - 74°C - 67°C - 67°C - 75°C - 73°C | Throttling: None - None - None - None - None - None - None - None
701 (770757 Gflops/s) - 700 (769658 Gflops/s) - 690 (758663 Gflops/s) - 699 (768558 Gflops/s) - 688 (756463 Gflops/s) - 705 (775155 Gflops/s) - 694 (763061 Gflops/s) - 700 (769658 Gflops/s) | Temperatures: 67°C - 68°C - 74°C - 74°C - 67°C - 67°C - 75°C - 73°C | Throttling: None - None - None - None - None - None - None - None
699 (768558 Gflops/s) - 701 (770757 Gflops/s) - 690 (758663 Gflops/s) - 700 (769658 Gflops/s) - 687 (755364 Gflops/s) - 704 (774056 Gflops/s) - 695 (764160 Gflops/s) - 700 (769658 Gflops/s) | Temperatures: 67°C - 68°C - 74°C - 74°C - 67°C - 67°C - 75°C - 73°C | Throttling: None - None - None - None - None - None - None - None
699 (768558 Gflops/s) - 701 (770757 Gflops/s) - 690 (758663 Gflops/s) - 700 (769658 Gflops/s) - 701 (770757 Gflops/s) - 703 (772956 Gflops/s) - 709 (779553 Gflops/s) - 698 (767459 Gflops/s) | Temperatures: 67°C - 68°C - 74°C - 74°C - 67°C - 67°C - 75°C - 73°C | Throttling: None - None - None - None - None - None - None - None
699 (768558 Gflops/s) - 701 (770757 Gflops/s) - 690 (758663 Gflops/s) - 699 (768558 Gflops/s) - 675 (742170 Gflops/s) - 705 (775155 Gflops/s) - 680 (747667 Gflops/s) - 700 (769658 Gflops/s) | Temperatures: 67°C - 68°C - 74°C - 74°C - 67°C - 67°C - 75°C - 73°C | Throttling: None - None - None - None - None - None - None - None
703 (772956 Gflops/s) - 699 (768558 Gflops/s) - 690 (758663 Gflops/s) - 699 (768558 Gflops/s) - 688 (756463 Gflops/s) - 704 (774056 Gflops/s) - 694 (763061 Gflops/s) - 698 (767459 Gflops/s) | Temperatures: 66°C - 68°C - 74°C - 74°C - 67°C - 67°C - 75°C - 73°C | Throttling: None - None - None - None - None - None - None - None
696 (765260 Gflops/s) - 701 (770757 Gflops/s) - 691 (759762 Gflops/s) - 699 (768558 Gflops/s) - 688 (756463 Gflops/s) - 704 (774056 Gflops/s) - 695 (764160 Gflops/s) - 699 (768558 Gflops/s) | Temperatures: 67°C - 68°C - 74°C - 74°C - 67°C - 67°C - 75°C - 73°C | Throttling: None - None - None - None - None - None - None - None
699 (768558 Gflops/s) - 700 (769658 Gflops/s) - 689 (757563 Gflops/s) - 699 (768558 Gflops/s) - 687 (755364 Gflops/s) - 705 (775155 Gflops/s) - 694 (763061 Gflops/s) - 699 (768558 Gflops/s) | Temperatures: 67°C - 68°C - 74°C - 74°C - 67°C - 67°C - 75°C - 73°C | Throttling: None - None - None - None - None - None - None - None
699 (768558 Gflops/s) - 701 (770757 Gflops/s) - 691 (759762 Gflops/s) - 699 (768558 Gflops/s) - 688 (756463 Gflops/s) - 704 (774056 Gflops/s) - 694 (763061 Gflops/s) - 700 (769658 Gflops/s) | Temperatures: 67°C - 68°C - 74°C - 74°C - 67°C - 67°C - 75°C - 73°C | Throttling: None - None - None - None - None - None - None - None
700 (769658 Gflops/s) - 700 (769658 Gflops/s) - 690 (758663 Gflops/s) - 701 (770757 Gflops/s) - 688 (756463 Gflops/s) - 704 (774056 Gflops/s) - 694 (763061 Gflops/s) - 700 (769658 Gflops/s) | Temperatures: 67°C - 68°C - 74°C - 74°C - 67°C - 67°C - 75°C - 73°C | Throttling: None - None - None - None - None - None - None - None
699 (768558 Gflops/s) - 701 (770757 Gflops/s) - 691 (759762 Gflops/s) - 710 (780653 Gflops/s) - 688 (756463 Gflops/s) - 704 (774056 Gflops/s) - 695 (764160 Gflops/s) - 699 (768558 Gflops/s) | Temperatures: 67°C - 68°C - 74°C - 74°C - 67°C - 67°C - 75°C - 73°C | Throttling: None - None - None - None - None - None - None - None
699 (768558 Gflops/s) - 700 (769658 Gflops/s) - 689 (757563 Gflops/s) - 688 (756463 Gflops/s) - 688 (756463 Gflops/s) - 704 (774056 Gflops/s) - 694 (763061 Gflops/s) - 701 (770757 Gflops/s) | Temperatures: 66°C - 68°C - 74°C - 74°C - 67°C - 67°C - 75°C - 73°C | Throttling: None - None - None - None - None - None - None - None
700 (769658 Gflops/s) - 700 (769658 Gflops/s) - 690 (758663 Gflops/s) - 700 (769658 Gflops/s) - 688 (756463 Gflops/s) - 704 (774056 Gflops/s) - 695 (764160 Gflops/s) - 698 (767459 Gflops/s) | Temperatures: 66°C - 68°C - 74°C - 74°C - 67°C - 67°C - 75°C - 73°C | Throttling: None - None - None - None - None - None - None - None
699 (768558 Gflops/s) - 700 (769658 Gflops/s) - 690 (758663 Gflops/s) - 700 (769658 Gflops/s) - 688 (756463 Gflops/s) - 704 (774056 Gflops/s) - 694 (763061 Gflops/s) - 699 (768558 Gflops/s) | Temperatures: 66°C - 68°C - 74°C - 74°C - 67°C - 67°C - 75°C - 73°C | Throttling: None - None - None - None - None - None - None - None
698 (767459 Gflops/s) - 701 (770757 Gflops/s) - 690 (758663 Gflops/s) - 699 (768558 Gflops/s) - 688 (756463 Gflops/s) - 703 (772956 Gflops/s) - 694 (763061 Gflops/s) - 699 (768558 Gflops/s) | Temperatures: 66°C - 68°C - 73°C - 74°C - 67°C - 67°C - 75°C - 73°C | Throttling: None - None - None - None - None - None - None - None
700 (769658 Gflops/s) - 701 (770757 Gflops/s) - 690 (758663 Gflops/s) - 700 (769658 Gflops/s) - 689 (757563 Gflops/s) - 703 (772956 Gflops/s) - 695 (764160 Gflops/s) - 700 (769658 Gflops/s) | Temperatures: 67°C - 68°C - 73°C - 74°C - 67°C - 67°C - 75°C - 73°C | Throttling: None - None - None - None - None - None - None - None
699 (768558 Gflops/s) - 701 (770757 Gflops/s) - 690 (758663 Gflops/s) - 700 (769658 Gflops/s) - 688 (756463 Gflops/s) - 704 (774056 Gflops/s) - 695 (764160 Gflops/s) - 699 (768558 Gflops/s) | Temperatures: 66°C - 68°C - 74°C - 74°C - 67°C - 67°C - 75°C - 73°C | Throttling: None - None - None - None - None - None - None - None
699 (768558 Gflops/s) - 700 (769658 Gflops/s) - 691 (759762 Gflops/s) - 700 (769658 Gflops/s) - 688 (756463 Gflops/s) - 704 (774056 Gflops/s) - 694 (763061 Gflops/s) - 700 (769658 Gflops/s) | Temperatures: 66°C - 68°C - 74°C - 74°C - 67°C - 67°C - 75°C - 73°C | Throttling: None - None - None - None - None - None - None - None
700 (769658 Gflops/s) - 700 (769658 Gflops/s) - 690 (758663 Gflops/s) - 700 (769658 Gflops/s) - 688 (756463 Gflops/s) - 703 (772956 Gflops/s) - 695 (764160 Gflops/s) - 699 (768558 Gflops/s) | Temperatures: 66°C - 68°C - 74°C - 74°C - 67°C - 67°C - 75°C - 73°C | Throttling: None - None - None - None - None - None - None - None
699 (768558 Gflops/s) - 700 (769658 Gflops/s) - 690 (758663 Gflops/s) - 699 (768558 Gflops/s) - 687 (755364 Gflops/s) - 705 (775155 Gflops/s) - 694 (763061 Gflops/s) - 700 (769658 Gflops/s) | Temperatures: 66°C - 68°C - 73°C - 73°C - 67°C - 67°C - 75°C - 73°C | Throttling: None - None - None - None - None - None - None - None
698 (767459 Gflops/s) - 701 (770757 Gflops/s) - 690 (758663 Gflops/s) - 699 (768558 Gflops/s) - 688 (756463 Gflops/s) - 703 (772956 Gflops/s) - 694 (763061 Gflops/s) - 699 (768558 Gflops/s) | Temperatures: 66°C - 68°C - 73°C - 74°C - 67°C - 67°C - 75°C - 73°C | Throttling: None - None - None - None - None - None - None - None
700 (769658 Gflops/s) - 699 (768558 Gflops/s) - 691 (759762 Gflops/s) - 699 (768558 Gflops/s) - 687 (755364 Gflops/s) - 704 (774056 Gflops/s) - 694 (763061 Gflops/s) - 700 (769658 Gflops/s) | Temperatures: 66°C - 68°C - 74°C - 74°C - 67°C - 67°C - 75°C - 73°C | Throttling: None - None - None - None - None - None - None - None
699 (768558 Gflops/s) - 701 (770757 Gflops/s) - 690 (758663 Gflops/s) - 700 (769658 Gflops/s) - 687 (755364 Gflops/s) - 705 (775155 Gflops/s) - 695 (764160 Gflops/s) - 699 (768558 Gflops/s) | Temperatures: 66°C - 68°C - 74°C - 73°C - 67°C - 67°C - 75°C - 73°C | Throttling: None - None - None - None - None - None - None - None
699 (768558 Gflops/s) - 703 (772956 Gflops/s) - 691 (759762 Gflops/s) - 700 (769658 Gflops/s) - 688 (756463 Gflops/s) - 704 (774056 Gflops/s) - 695 (764160 Gflops/s) - 699 (768558 Gflops/s) | Temperatures: 66°C - 68°C - 73°C - 73°C - 67°C - 67°C - 75°C - 73°C | Throttling: None - None - None - None - None - None - None - None
700 (769658 Gflops/s) - 700 (769658 Gflops/s) - 691 (759762 Gflops/s) - 700 (769658 Gflops/s) - 688 (756463 Gflops/s) - 704 (774056 Gflops/s) - 694 (763061 Gflops/s) - 699 (768558 Gflops/s) | Temperatures: 66°C - 68°C - 73°C - 73°C - 67°C - 67°C - 75°C - 73°C | Throttling: None - None - None - None - None - None - None - None
700 (769658 Gflops/s) - 700 (769658 Gflops/s) - 690 (758663 Gflops/s) - 700 (769658 Gflops/s) - 687 (755364 Gflops/s) - 705 (775155 Gflops/s) - 695 (764160 Gflops/s) - 699 (768558 Gflops/s) | Temperatures: 66°C - 67°C - 73°C - 73°C - 67°C - 67°C - 75°C - 73°C | Throttling: None - None - None - None - None - None - None - None
699 (768558 Gflops/s) - 702 (771857 Gflops/s) - 690 (758663 Gflops/s) - 700 (769658 Gflops/s) - 688 (756463 Gflops/s) - 703 (772956 Gflops/s) - 695 (764160 Gflops/s) - 699 (768558 Gflops/s) | Temperatures: 66°C - 68°C - 73°C - 73°C - 67°C - 67°C - 75°C - 73°C | Throttling: None - None - None - None - None - None - None - None
699 (768558 Gflops/s) - 704 (774056 Gflops/s) - 690 (758663 Gflops/s) - 698 (767459 Gflops/s) - 687 (755364 Gflops/s) - 703 (772956 Gflops/s) - 694 (763061 Gflops/s) - 699 (768558 Gflops/s) | Temperatures: 66°C - 68°C - 73°C - 73°C - 67°C - 67°C - 75°C - 73°C | Throttling: None - None - None - None - None - None - None - None
700 (769658 Gflops/s) - 697 (766359 Gflops/s) - 690 (758663 Gflops/s) - 700 (769658 Gflops/s) - 688 (756463 Gflops/s) - 705 (775155 Gflops/s) - 694 (763061 Gflops/s) - 700 (769658 Gflops/s) | Temperatures: 66°C - 68°C - 73°C - 74°C - 67°C - 67°C - 75°C - 73°C | Throttling: None - None - None - None - None - None - None - None
699 (768558 Gflops/s) - 701 (770757 Gflops/s) - 690 (758663 Gflops/s) - 700 (769658 Gflops/s) - 688 (756463 Gflops/s) - 705 (775155 Gflops/s) - 695 (764160 Gflops/s) - 699 (768558 Gflops/s) | Temperatures: 66°C - 68°C - 73°C - 74°C - 67°C - 67°C - 75°C - 73°C | Throttling: None - None - None - None - None - None - None - None
699 (768558 Gflops/s) - 701 (770757 Gflops/s) - 690 (758663 Gflops/s) - 699 (768558 Gflops/s) - 687 (755364 Gflops/s) - 704 (774056 Gflops/s) - 694 (763061 Gflops/s) - 700 (769658 Gflops/s) | Temperatures: 66°C - 68°C - 73°C - 73°C - 67°C - 67°C - 75°C - 73°C | Throttling: None - None - None - None - None - None - None - None
700 (769658 Gflops/s) - 700 (769658 Gflops/s) - 690 (758663 Gflops/s) - 700 (769658 Gflops/s) - 687 (755364 Gflops/s) - 705 (775155 Gflops/s) - 695 (764160 Gflops/s) - 699 (768558 Gflops/s) | Temperatures: 66°C - 68°C - 73°C - 73°C - 67°C - 67°C - 75°C - 73°C | Throttling: None - None - None - None - None - None - None - None
699 (768558 Gflops/s) - 701 (770757 Gflops/s) - 691 (759762 Gflops/s) - 700 (769658 Gflops/s) - 687 (755364 Gflops/s) - 704 (774056 Gflops/s) - 694 (763061 Gflops/s) - 699 (768558 Gflops/s) | Temperatures: 66°C - 68°C - 74°C - 73°C - 67°C - 67°C - 75°C - 73°C | Throttling: None - None - None - None - None - None - None - None
699 (768558 Gflops/s) - 702 (771857 Gflops/s) - 690 (758663 Gflops/s) - 699 (768558 Gflops/s) - 688 (756463 Gflops/s) - 703 (772956 Gflops/s) - 695 (764160 Gflops/s) - 699 (768558 Gflops/s) | Temperatures: 66°C - 68°C - 73°C - 73°C - 67°C - 67°C - 75°C - 73°C | Throttling: None - None - None - None - None - None - None - None
699 (768558 Gflops/s) - 701 (770757 Gflops/s) - 690 (758663 Gflops/s) - 699 (768558 Gflops/s) - 688 (756463 Gflops/s) - 705 (775155 Gflops/s) - 694 (763061 Gflops/s) - 699 (768558 Gflops/s) | Temperatures: 66°C - 68°C - 73°C - 73°C - 67°C - 67°C - 75°C - 72°C | Throttling: None - None - None - None - None - None - None - None
699 (768558 Gflops/s) - 701 (770757 Gflops/s) - 690 (758663 Gflops/s) - 700 (769658 Gflops/s) - 688 (756463 Gflops/s) - 704 (774056 Gflops/s) - 694 (763061 Gflops/s) - 700 (769658 Gflops/s) | Temperatures: 66°C - 68°C - 73°C - 73°C - 67°C - 67°C - 75°C - 73°C | Throttling: None - None - None - None - None - None - None - None
699 (768558 Gflops/s) - 700 (769658 Gflops/s) - 691 (759762 Gflops/s) - 700 (769658 Gflops/s) - 689 (757563 Gflops/s) - 704 (774056 Gflops/s) - 695 (764160 Gflops/s) - 699 (768558 Gflops/s) | Temperatures: 66°C - 68°C - 73°C - 73°C - 67°C - 67°C - 75°C - 73°C | Throttling: None - None - None - None - None - None - None - None
700 (769658 Gflops/s) - 701 (770757 Gflops/s) - 691 (759762 Gflops/s) - 700 (769658 Gflops/s) - 687 (755364 Gflops/s) - 704 (774056 Gflops/s) - 694 (763061 Gflops/s) - 699 (768558 Gflops/s) | Temperatures: 66°C - 67°C - 73°C - 73°C - 67°C - 67°C - 75°C - 73°C | Throttling: None - None - None - None - None - None - None - None
700 (769658 Gflops/s) - 701 (770757 Gflops/s) - 691 (759762 Gflops/s) - 700 (769658 Gflops/s) - 688 (756463 Gflops/s) - 704 (774056 Gflops/s) - 694 (763061 Gflops/s) - 700 (769658 Gflops/s) | Temperatures: 66°C - 67°C - 73°C - 73°C - 67°C - 67°C - 74°C - 73°C | Throttling: None - None - None - None - None - None - None - None
699 (768558 Gflops/s) - 701 (770757 Gflops/s) - 691 (759762 Gflops/s) - 700 (769658 Gflops/s) - 689 (757563 Gflops/s) - 704 (774056 Gflops/s) - 695 (764160 Gflops/s) - 700 (769658 Gflops/s) | Temperatures: 66°C - 67°C - 73°C - 73°C - 67°C - 67°C - 75°C - 73°C | Throttling: None - None - None - None - None - None - None - None
699 (768558 Gflops/s) - 700 (769658 Gflops/s) - 690 (758663 Gflops/s) - 699 (768558 Gflops/s) - 687 (755364 Gflops/s) - 704 (774056 Gflops/s) - 694 (763061 Gflops/s) - 699 (768558 Gflops/s) | Temperatures: 66°C - 67°C - 73°C - 73°C - 67°C - 67°C - 74°C - 73°C | Throttling: None - None - None - None - None - None - None - None
699 (768558 Gflops/s) - 700 (769658 Gflops/s) - 690 (758663 Gflops/s) - 695 (764160 Gflops/s) - 688 (756463 Gflops/s) - 704 (774056 Gflops/s) - 694 (763061 Gflops/s) - 699 (768558 Gflops/s) | Temperatures: 66°C - 68°C - 73°C - 73°C - 67°C - 67°C - 74°C - 72°C | Throttling: None - None - None - None - None - None - None - None
700 (769658 Gflops/s) - 700 (769658 Gflops/s) - 690 (758663 Gflops/s) - 696 (765260 Gflops/s) - 688 (756463 Gflops/s) - 703 (772956 Gflops/s) - 694 (763061 Gflops/s) - 699 (768558 Gflops/s) | Temperatures: 66°C - 68°C - 73°C - 73°C - 67°C - 66°C - 75°C - 73°C | Throttling: None - None - None - None - None - None - None - None
699 (768558 Gflops/s) - 700 (769658 Gflops/s) - 690 (758663 Gflops/s) - 695 (764160 Gflops/s) - 688 (756463 Gflops/s) - 705 (775155 Gflops/s) - 695 (764160 Gflops/s) - 700 (769658 Gflops/s) | Temperatures: 66°C - 67°C - 73°C - 73°C - 67°C - 67°C - 74°C - 72°C | Throttling: None - None - None - None - None - None - None - None
700 (769658 Gflops/s) - 701 (770757 Gflops/s) - 691 (759762 Gflops/s) - 695 (764160 Gflops/s) - 695 (764160 Gflops/s) - 703 (772956 Gflops/s) - 695 (764160 Gflops/s) - 700 (769658 Gflops/s) | Temperatures: 66°C - 67°C - 73°C - 73°C - 67°C - 67°C - 75°C - 73°C | Throttling: None - None - None - None - None - None - None - None
699 (768558 Gflops/s) - 702 (771857 Gflops/s) - 690 (758663 Gflops/s) - 696 (765260 Gflops/s) - 682 (749866 Gflops/s) - 704 (774056 Gflops/s) - 695 (764160 Gflops/s) - 700 (769658 Gflops/s) | Temperatures: 66°C - 67°C - 73°C - 73°C - 67°C - 67°C - 74°C - 72°C | Throttling: None - None - None - None - None - None - None - None
700 (769658 Gflops/s) - 701 (770757 Gflops/s) - 691 (759762 Gflops/s) - 695 (764160 Gflops/s) - 688 (756463 Gflops/s) - 704 (774056 Gflops/s) - 695 (764160 Gflops/s) - 699 (768558 Gflops/s) | Temperatures: 66°C - 67°C - 73°C - 73°C - 67°C - 67°C - 74°C - 73°C | Throttling: None - None - None - None - None - None - None - None
700 (769658 Gflops/s) - 700 (769658 Gflops/s) - 691 (759762 Gflops/s) - 696 (765260 Gflops/s) - 687 (755364 Gflops/s) - 705 (775155 Gflops/s) - 694 (763061 Gflops/s) - 700 (769658 Gflops/s) | Temperatures: 66°C - 67°C - 73°C - 73°C - 67°C - 67°C - 74°C - 72°C | Throttling: None - None - None - None - None - None - None - None
698 (767459 Gflops/s) - 700 (769658 Gflops/s) - 690 (758663 Gflops/s) - 694 (763061 Gflops/s) - 688 (756463 Gflops/s) - 703 (772956 Gflops/s) - 701 (770757 Gflops/s) - 698 (767459 Gflops/s) | Temperatures: 66°C - 67°C - 73°C - 73°C - 67°C - 67°C - 74°C - 72°C | Throttling: None - None - None - None - None - None - None - None
700 (769658 Gflops/s) - 701 (770757 Gflops/s) - 691 (759762 Gflops/s) - 696 (765260 Gflops/s) - 688 (756463 Gflops/s) - 705 (775155 Gflops/s) - 687 (755364 Gflops/s) - 700 (769658 Gflops/s) | Temperatures: 66°C - 67°C - 73°C - 73°C - 67°C - 67°C - 75°C - 73°C | Throttling: None - None - None - None - None - None - None - None
699 (768558 Gflops/s) - 701 (770757 Gflops/s) - 690 (758663 Gflops/s) - 696 (765260 Gflops/s) - 688 (756463 Gflops/s) - 705 (775155 Gflops/s) - 695 (764160 Gflops/s) - 699 (768558 Gflops/s) | Temperatures: 66°C - 67°C - 73°C - 73°C - 67°C - 67°C - 75°C - 72°C | Throttling: None - None - None - None - None - None - None - None
699 (768558 Gflops/s) - 702 (771857 Gflops/s) - 691 (759762 Gflops/s) - 695 (764160 Gflops/s) - 687 (755364 Gflops/s) - 703 (772956 Gflops/s) - 695 (764160 Gflops/s) - 700 (769658 Gflops/s) | Temperatures: 66°C - 67°C - 73°C - 73°C - 67°C - 66°C - 74°C - 72°C | Throttling: None - None - None - None - None - None - None - None
699 (768558 Gflops/s) - 711 (781752 Gflops/s) - 691 (759762 Gflops/s) - 695 (764160 Gflops/s) - 689 (757563 Gflops/s) - 705 (775155 Gflops/s) - 695 (764160 Gflops/s) - 699 (768558 Gflops/s) | Temperatures: 66°C - 67°C - 73°C - 73°C - 67°C - 67°C - 75°C - 73°C | Throttling: None - None - None - None - None - None - None - None
700 (769658 Gflops/s) - 691 (759762 Gflops/s) - 691 (759762 Gflops/s) - 696 (765260 Gflops/s) - 688 (756463 Gflops/s) - 705 (775155 Gflops/s) - 694 (763061 Gflops/s) - 699 (768558 Gflops/s) | Temperatures: 66°C - 67°C - 73°C - 73°C - 67°C - 67°C - 74°C - 72°C | Throttling: None - None - None - None - None - None - None - None
699 (768558 Gflops/s) - 701 (770757 Gflops/s) - 690 (758663 Gflops/s) - 695 (764160 Gflops/s) - 689 (757563 Gflops/s) - 704 (774056 Gflops/s) - 694 (763061 Gflops/s) - 700 (769658 Gflops/s) | Temperatures: 66°C - 67°C - 73°C - 73°C - 67°C - 67°C - 74°C - 72°C | Throttling: None - None - None - None - None - None - None - None
700 (769658 Gflops/s) - 700 (769658 Gflops/s) - 692 (760862 Gflops/s) - 696 (765260 Gflops/s) - 688 (756463 Gflops/s) - 704 (774056 Gflops/s) - 695 (764160 Gflops/s) - 699 (768558 Gflops/s) | Temperatures: 66°C - 67°C - 73°C - 73°C - 67°C - 67°C - 74°C - 72°C | Throttling: None - None - None - None - None - None - None - None
699 (768558 Gflops/s) - 701 (770757 Gflops/s) - 690 (758663 Gflops/s) - 694 (763061 Gflops/s) - 687 (755364 Gflops/s) - 705 (775155 Gflops/s) - 694 (763061 Gflops/s) - 699 (768558 Gflops/s) | Temperatures: 66°C - 67°C - 73°C - 73°C - 67°C - 67°C - 74°C - 72°C | Throttling: None - None - None - None - None - None - None - None
699 (768558 Gflops/s) - 702 (771857 Gflops/s) - 691 (759762 Gflops/s) - 696 (765260 Gflops/s) - 687 (755364 Gflops/s) - 704 (774056 Gflops/s) - 693 (761961 Gflops/s) - 699 (768558 Gflops/s) | Temperatures: 66°C - 67°C - 73°C - 73°C - 67°C - 67°C - 74°C - 72°C | Throttling: None - None - None - None - None - None - None - None
700 (769658 Gflops/s) - 701 (770757 Gflops/s) - 691 (759762 Gflops/s) - 695 (764160 Gflops/s) - 689 (757563 Gflops/s) - 704 (774056 Gflops/s) - 692 (760862 Gflops/s) - 700 (769658 Gflops/s) | Temperatures: 66°C - 67°C - 73°C - 73°C - 67°C - 67°C - 74°C - 72°C | Throttling: None - None - None - None - None - None - None - None
699 (768558 Gflops/s) - 701 (770757 Gflops/s) - 690 (758663 Gflops/s) - 695 (764160 Gflops/s) - 688 (756463 Gflops/s) - 705 (775155 Gflops/s) - 693 (761961 Gflops/s) - 699 (768558 Gflops/s) | Temperatures: 66°C - 67°C - 73°C - 73°C - 67°C - 66°C - 74°C - 72°C | Throttling: None - None - None - None - None - None - None - None
700 (769658 Gflops/s) - 700 (769658 Gflops/s) - 692 (760862 Gflops/s) - 696 (765260 Gflops/s) - 688 (756463 Gflops/s) - 705 (775155 Gflops/s) - 692 (760862 Gflops/s) - 700 (769658 Gflops/s) | Temperatures: 66°C - 67°C - 73°C - 73°C - 67°C - 66°C - 74°C - 72°C | Throttling: None - None - None - None - None - None - None - None
699 (768558 Gflops/s) - 701 (770757 Gflops/s) - 690 (758663 Gflops/s) - 695 (764160 Gflops/s) - 687 (755364 Gflops/s) - 705 (775155 Gflops/s) - 693 (761961 Gflops/s) - 699 (768558 Gflops/s) | Temperatures: 66°C - 67°C - 73°C - 73°C - 67°C - 66°C - 74°C - 72°C | Throttling: None - None - None - None - None - None - None - None
700 (769658 Gflops/s) - 700 (769658 Gflops/s) - 691 (759762 Gflops/s) - 696 (765260 Gflops/s) - 689 (757563 Gflops/s) - 703 (772956 Gflops/s) - 693 (761961 Gflops/s) - 699 (768558 Gflops/s) | Temperatures: 66°C - 67°C - 73°C - 73°C - 67°C - 67°C - 74°C - 72°C | Throttling: None - None - None - None - None - None - None - None
700 (769658 Gflops/s) - 701 (770757 Gflops/s) - 691 (759762 Gflops/s) - 695 (764160 Gflops/s) - 687 (755364 Gflops/s) - 705 (775155 Gflops/s) - 692 (760862 Gflops/s) - 699 (768558 Gflops/s) | Temperatures: 66°C - 67°C - 73°C - 73°C - 67°C - 66°C - 74°C - 72°C | Throttling: None - None - None - None - None - None - None - None
699 (768558 Gflops/s) - 701 (770757 Gflops/s) - 691 (759762 Gflops/s) - 695 (764160 Gflops/s) - 688 (756463 Gflops/s) - 704 (774056 Gflops/s) - 693 (761961 Gflops/s) - 700 (769658 Gflops/s) | Temperatures: 66°C - 67°C - 73°C - 73°C - 67°C - 66°C - 74°C - 72°C | Throttling: None - None - None - None - None - None - None - None
700 (769658 Gflops/s) - 702 (771857 Gflops/s) - 690 (758663 Gflops/s) - 696 (765260 Gflops/s) - 688 (756463 Gflops/s) - 704 (774056 Gflops/s) - 693 (761961 Gflops/s) - 699 (768558 Gflops/s) | Temperatures: 66°C - 67°C - 73°C - 73°C - 67°C - 66°C - 74°C - 72°C | Throttling: None - None - None - None - None - None - None - None
715 (786150 Gflops/s) - 700 (769658 Gflops/s) - 690 (758663 Gflops/s) - 694 (763061 Gflops/s) - 689 (757563 Gflops/s) - 703 (772956 Gflops/s) - 692 (760862 Gflops/s) - 699 (768558 Gflops/s) | Temperatures: 66°C - 67°C - 73°C - 73°C - 67°C - 66°C - 74°C - 72°C | Throttling: None - None - None - None - None - None - None - None
683 (750966 Gflops/s) - 702 (771857 Gflops/s) - 691 (759762 Gflops/s) - 696 (765260 Gflops/s) - 688 (756463 Gflops/s) - 704 (774056 Gflops/s) - 693 (761961 Gflops/s) - 699 (768558 Gflops/s) | Temperatures: 66°C - 67°C - 73°C - 73°C - 67°C - 67°C - 74°C - 72°C | Throttling: None - None - None - None - None - None - None - None
699 (768558 Gflops/s) - 700 (769658 Gflops/s) - 690 (758663 Gflops/s) - 695 (764160 Gflops/s) - 688 (756463 Gflops/s) - 704 (774056 Gflops/s) - 692 (760862 Gflops/s) - 700 (769658 Gflops/s) | Temperatures: 66°C - 67°C - 73°C - 73°C - 67°C - 66°C - 74°C - 72°C | Throttling: None - None - None - None - None - None - None - None
700 (769658 Gflops/s) - 700 (769658 Gflops/s) - 691 (759762 Gflops/s) - 701 (770757 Gflops/s) - 689 (757563 Gflops/s) - 704 (774056 Gflops/s) - 692 (760862 Gflops/s) - 699 (768558 Gflops/s) | Temperatures: 66°C - 67°C - 73°C - 73°C - 67°C - 66°C - 74°C - 72°C | Throttling: None - None - None - None - None - None - None - None
699 (768558 Gflops/s) - 701 (770757 Gflops/s) - 690 (758663 Gflops/s) - 691 (759762 Gflops/s) - 688 (756463 Gflops/s) - 712 (782852 Gflops/s) - 693 (761961 Gflops/s) - 699 (768558 Gflops/s) | Temperatures: 66°C - 67°C - 73°C - 73°C - 67°C - 67°C - 74°C - 72°C | Throttling: None - None - None - None - None - None - None - None
700 (769658 Gflops/s) - 700 (769658 Gflops/s) - 691 (759762 Gflops/s) - 695 (764160 Gflops/s) - 688 (756463 Gflops/s) - 696 (765260 Gflops/s) - 693 (761961 Gflops/s) - 699 (768558 Gflops/s) | Temperatures: 66°C - 67°C - 73°C - 73°C - 67°C - 67°C - 74°C - 72°C | Throttling: None - None - None - None - None - None - None - None
699 (768558 Gflops/s) - 702 (771857 Gflops/s) - 691 (759762 Gflops/s) - 695 (764160 Gflops/s) - 689 (757563 Gflops/s) - 703 (772956 Gflops/s) - 692 (760862 Gflops/s) - 714 (785051 Gflops/s) | Temperatures: 66°C - 67°C - 73°C - 73°C - 67°C - 67°C - 74°C - 72°C | Throttling: None - None - None - None - None - None - None - None
699 (768558 Gflops/s) - 700 (769658 Gflops/s) - 689 (757563 Gflops/s) - 695 (764160 Gflops/s) - 687 (755364 Gflops/s) - 704 (774056 Gflops/s) - 692 (760862 Gflops/s) - 683 (750966 Gflops/s) | Temperatures: 66°C - 67°C - 73°C - 73°C - 67°C - 66°C - 74°C - 72°C | Throttling: None - None - None - None - None - None - None - None
699 (768558 Gflops/s) - 702 (771857 Gflops/s) - 691 (759762 Gflops/s) - 695 (764160 Gflops/s) - 688 (756463 Gflops/s) - 704 (774056 Gflops/s) - 693 (761961 Gflops/s) - 699 (768558 Gflops/s) | Temperatures: 66°C - 67°C - 73°C - 73°C - 67°C - 67°C - 74°C - 73°C | Throttling: None - None - None - None - None - None - None - None
700 (769658 Gflops/s) - 700 (769658 Gflops/s) - 691 (759762 Gflops/s) - 696 (765260 Gflops/s) - 702 (771857 Gflops/s) - 705 (775155 Gflops/s) - 693 (761961 Gflops/s) - 700 (769658 Gflops/s) | Temperatures: 66°C - 67°C - 73°C - 73°C - 67°C - 67°C - 74°C - 72°C | Throttling: None - None - None - None - None - None - None - None
699 (768558 Gflops/s) - 701 (770757 Gflops/s) - 691 (759762 Gflops/s) - 696 (765260 Gflops/s) - 675 (742170 Gflops/s) - 704 (774056 Gflops/s) - 692 (760862 Gflops/s) - 699 (768558 Gflops/s) | Temperatures: 66°C - 67°C - 73°C - 73°C - 67°C - 66°C - 74°C - 72°C | Throttling: None - None - None - None - None - None - None - None
699 (768558 Gflops/s) - 716 (787250 Gflops/s) - 691 (759762 Gflops/s) - 695 (764160 Gflops/s) - 688 (756463 Gflops/s) - 704 (774056 Gflops/s) - 693 (761961 Gflops/s) - 699 (768558 Gflops/s) | Temperatures: 66°C - 67°C - 73°C - 73°C - 67°C - 67°C - 74°C - 72°C | Throttling: None - None - None - None - None - None - None - None
706 (776255 Gflops/s) - 686 (754264 Gflops/s) - 691 (759762 Gflops/s) - 696 (765260 Gflops/s) - 688 (756463 Gflops/s) - 704 (774056 Gflops/s) - 693 (761961 Gflops/s) - 699 (768558 Gflops/s) | Temperatures: 66°C - 67°C - 73°C - 73°C - 67°C - 67°C - 74°C - 72°C | Throttling: None - None - None - None - None - None - None - None
693 (761961 Gflops/s) - 700 (769658 Gflops/s) - 690 (758663 Gflops/s) - 695 (764160 Gflops/s) - 689 (757563 Gflops/s) - 704 (774056 Gflops/s) - 692 (760862 Gflops/s) - 700 (769658 Gflops/s) | Temperatures: 66°C - 67°C - 73°C - 73°C - 67°C - 67°C - 74°C - 72°C | Throttling: None - None - None - None - None - None - None - None
699 (768558 Gflops/s) - 702 (771857 Gflops/s) - 689 (757563 Gflops/s) - 695 (764160 Gflops/s) - 687 (755364 Gflops/s) - 704 (774056 Gflops/s) - 692 (760862 Gflops/s) - 697 (766359 Gflops/s) | Temperatures: 66°C - 67°C - 73°C - 73°C - 67°C - 67°C - 74°C - 72°C | Throttling: None - None - None - None - None - None - None - None
700 (769658 Gflops/s) - 699 (768558 Gflops/s) - 691 (759762 Gflops/s) - 695 (764160 Gflops/s) - 689 (757563 Gflops/s) - 704 (774056 Gflops/s) - 693 (761961 Gflops/s) - 700 (769658 Gflops/s) | Temperatures: 66°C - 67°C - 73°C - 73°C - 67°C - 67°C - 74°C - 72°C | Throttling: None - None - None - None - None - None - None - None
700 (769658 Gflops/s) - 701 (770757 Gflops/s) - 690 (758663 Gflops/s) - 696 (765260 Gflops/s) - 687 (755364 Gflops/s) - 704 (774056 Gflops/s) - 693 (761961 Gflops/s) - 699 (768558 Gflops/s) | Temperatures: 66°C - 67°C - 73°C - 73°C - 67°C - 66°C - 74°C - 73°C | Throttling: None - None - None - None - None - None - None - None
699 (768558 Gflops/s) - 701 (770757 Gflops/s) - 690 (758663 Gflops/s) - 695 (764160 Gflops/s) - 688 (756463 Gflops/s) - 704 (774056 Gflops/s) - 692 (760862 Gflops/s) - 700 (769658 Gflops/s) | Temperatures: 66°C - 67°C - 73°C - 73°C - 67°C - 66°C - 74°C - 72°C | Throttling: None - None - None - None - None - None - None - None
700 (769658 Gflops/s) - 701 (770757 Gflops/s) - 692 (760862 Gflops/s) - 695 (764160 Gflops/s) - 689 (757563 Gflops/s) - 703 (772956 Gflops/s) - 692 (760862 Gflops/s) - 707 (777354 Gflops/s) | Temperatures: 66°C - 67°C - 73°C - 73°C - 67°C - 67°C - 74°C - 73°C | Throttling: None - None - None - None - None - None - None - None
699 (768558 Gflops/s) - 700 (769658 Gflops/s) - 691 (759762 Gflops/s) - 696 (765260 Gflops/s) - 688 (756463 Gflops/s) - 704 (774056 Gflops/s) - 693 (761961 Gflops/s) - 691 (759762 Gflops/s) | Temperatures: 66°C - 67°C - 73°C - 73°C - 67°C - 67°C - 74°C - 72°C | Throttling: None - None - None - None - None - None - None - None
700 (769658 Gflops/s) - 702 (771857 Gflops/s) - 691 (759762 Gflops/s) - 695 (764160 Gflops/s) - 688 (756463 Gflops/s) - 705 (775155 Gflops/s) - 692 (760862 Gflops/s) - 699 (768558 Gflops/s) | Temperatures: 66°C - 68°C - 73°C - 73°C - 67°C - 67°C - 74°C - 73°C | Throttling: None - None - None - None - None - None - None - None
699 (768558 Gflops/s) - 699 (768558 Gflops/s) - 690 (758663 Gflops/s) - 695 (764160 Gflops/s) - 687 (755364 Gflops/s) - 703 (772956 Gflops/s) - 692 (760862 Gflops/s) - 698 (767459 Gflops/s) | Temperatures: 66°C - 67°C - 73°C - 73°C - 67°C - 67°C - 74°C - 73°C | Throttling: None - None - None - None - None - None - None - None
699 (768558 Gflops/s) - 702 (771857 Gflops/s) - 690 (758663 Gflops/s) - 695 (764160 Gflops/s) - 690 (758663 Gflops/s) - 704 (774056 Gflops/s) - 692 (760862 Gflops/s) - 699 (768558 Gflops/s) | Temperatures: 66°C - 67°C - 73°C - 73°C - 67°C - 66°C - 74°C - 72°C | Throttling: None - None - None - None - None - None - None - None
700 (769658 Gflops/s) - 701 (770757 Gflops/s) - 691 (759762 Gflops/s) - 696 (765260 Gflops/s) - 689 (757563 Gflops/s) - 703 (772956 Gflops/s) - 693 (761961 Gflops/s) - 699 (768558 Gflops/s) | Temperatures: 66°C - 67°C - 73°C - 73°C - 67°C - 66°C - 74°C - 72°C | Throttling: None - None - None - None - None - None - None - None
699 (768558 Gflops/s) - 702 (771857 Gflops/s) - 690 (758663 Gflops/s) - 695 (764160 Gflops/s) - 688 (756463 Gflops/s) - 704 (774056 Gflops/s) - 693 (761961 Gflops/s) - 698 (767459 Gflops/s) | Temperatures: 66°C - 67°C - 73°C - 73°C - 67°C - 67°C - 74°C - 72°C | Throttling: None - None - None - None - None - None - None - None
700 (769658 Gflops/s) - 701 (770757 Gflops/s) - 691 (759762 Gflops/s) - 695 (764160 Gflops/s) - 688 (756463 Gflops/s) - 705 (775155 Gflops/s) - 693 (761961 Gflops/s) - 700 (769658 Gflops/s) | Temperatures: 66°C - 67°C - 73°C - 73°C - 67°C - 66°C - 74°C - 72°C | Throttling: None - None - None - None - None - None - None - None
699 (768558 Gflops/s) - 702 (771857 Gflops/s) - 691 (759762 Gflops/s) - 710 (780653 Gflops/s) - 687 (755364 Gflops/s) - 704 (774056 Gflops/s) - 692 (760862 Gflops/s) - 699 (768558 Gflops/s) | Temperatures: 66°C - 67°C - 73°C - 73°C - 67°C - 67°C - 74°C - 72°C | Throttling: None - None - None - None - None - None - None - None
699 (768558 Gflops/s) - 701 (770757 Gflops/s) - 690 (758663 Gflops/s) - 681 (748767 Gflops/s) - 688 (756463 Gflops/s) - 703 (772956 Gflops/s) - 693 (761961 Gflops/s) - 699 (768558 Gflops/s) | Temperatures: 66°C - 67°C - 73°C - 73°C - 67°C - 66°C - 74°C - 72°C | Throttling: None - None - None - None - None - None - None - None
699 (768558 Gflops/s) - 699 (768558 Gflops/s) - 689 (757563 Gflops/s) - 694 (763061 Gflops/s) - 687 (755364 Gflops/s) - 705 (775155 Gflops/s) - 691 (759762 Gflops/s) - 699 (768558 Gflops/s) | Temperatures: 66°C - 67°C - 73°C - 73°C - 67°C - 66°C - 74°C - 72°C | Throttling: None - None - None - None - None - None - None - None
700 (769658 Gflops/s) - 701 (770757 Gflops/s) - 692 (760862 Gflops/s) - 696 (765260 Gflops/s) - 689 (757563 Gflops/s) - 704 (774056 Gflops/s) - 693 (761961 Gflops/s) - 700 (769658 Gflops/s) | Temperatures: 66°C - 67°C - 73°C - 73°C - 67°C - 67°C - 74°C - 72°C | Throttling: None - None - None - None - None - None - None - None
699 (768558 Gflops/s) - 701 (770757 Gflops/s) - 690 (758663 Gflops/s) - 695 (764160 Gflops/s) - 688 (756463 Gflops/s) - 704 (774056 Gflops/s) - 692 (760862 Gflops/s) - 701 (770757 Gflops/s) | Temperatures: 66°C - 67°C - 73°C - 73°C - 67°C - 66°C - 74°C - 72°C | Throttling: None - None - None - None - None - None - None - None
699 (768558 Gflops/s) - 701 (770757 Gflops/s) - 690 (758663 Gflops/s) - 696 (765260 Gflops/s) - 688 (756463 Gflops/s) - 705 (775155 Gflops/s) - 693 (761961 Gflops/s) - 697 (766359 Gflops/s) | Temperatures: 66°C - 67°C - 73°C - 73°C - 67°C - 66°C - 74°C - 72°C | Throttling: None - None - None - None - None - None - None - None
699 (768558 Gflops/s) - 701 (770757 Gflops/s) - 690 (758663 Gflops/s) - 695 (764160 Gflops/s) - 689 (757563 Gflops/s) - 704 (774056 Gflops/s) - 693 (761961 Gflops/s) - 700 (769658 Gflops/s) | Temperatures: 66°C - 67°C - 73°C - 73°C - 67°C - 67°C - 74°C - 72°C | Throttling: None - None - None - None - None - None - None - None
699 (768558 Gflops/s) - 701 (770757 Gflops/s) - 691 (759762 Gflops/s) - 695 (764160 Gflops/s) - 687 (755364 Gflops/s) - 704 (774056 Gflops/s) - 693 (761961 Gflops/s) - 698 (767459 Gflops/s) | Temperatures: 66°C - 67°C - 73°C - 73°C - 67°C - 67°C - 74°C - 72°C | Throttling: None - None - None - None - None - None - None - None
699 (768558 Gflops/s) - 701 (770757 Gflops/s) - 689 (757563 Gflops/s) - 695 (764160 Gflops/s) - 687 (755364 Gflops/s) - 703 (772956 Gflops/s) - 692 (760862 Gflops/s) - 699 (768558 Gflops/s) | Temperatures: 66°C - 67°C - 73°C - 73°C - 67°C - 66°C - 74°C - 72°C | Throttling: None - None - None - None - None - None - None - None
699 (768558 Gflops/s) - 700 (769658 Gflops/s) - 691 (759762 Gflops/s) - 695 (764160 Gflops/s) - 688 (756463 Gflops/s) - 705 (775155 Gflops/s) - 692 (760862 Gflops/s) - 700 (769658 Gflops/s) | Temperatures: 66°C - 67°C - 73°C - 73°C - 67°C - 66°C - 74°C - 72°C | Throttling: None - None - None - None - None - None - None - None
700 (769658 Gflops/s) - 701 (770757 Gflops/s) - 690 (758663 Gflops/s) - 696 (765260 Gflops/s) - 687 (755364 Gflops/s) - 703 (772956 Gflops/s) - 693 (761961 Gflops/s) - 699 (768558 Gflops/s) | Temperatures: 66°C - 67°C - 73°C - 73°C - 67°C - 66°C - 74°C - 72°C | Throttling: None - None - None - None - None - None - None - None
700 (769658 Gflops/s) - 700 (769658 Gflops/s) - 691 (759762 Gflops/s) - 695 (764160 Gflops/s) - 688 (756463 Gflops/s) - 706 (776255 Gflops/s) - 695 (764160 Gflops/s) - 699 (768558 Gflops/s) | Temperatures: 66°C - 67°C - 73°C - 73°C - 67°C - 66°C - 74°C - 72°C | Throttling: None - None - None - None - None - None - None - None
699 (768558 Gflops/s) - 700 (769658 Gflops/s) - 690 (758663 Gflops/s) - 696 (765260 Gflops/s) - 687 (755364 Gflops/s) - 703 (772956 Gflops/s) - 690 (758663 Gflops/s) - 700 (769658 Gflops/s) | Temperatures: 66°C - 67°C - 73°C - 73°C - 67°C - 66°C - 74°C - 72°C | Throttling: None - None - None - None - None - None - None - None
699 (768558 Gflops/s) - 702 (771857 Gflops/s) - 691 (759762 Gflops/s) - 695 (764160 Gflops/s) - 690 (758663 Gflops/s) - 704 (774056 Gflops/s) - 693 (761961 Gflops/s) - 700 (769658 Gflops/s) | Temperatures: 66°C - 67°C - 73°C - 73°C - 67°C - 67°C - 74°C - 72°C | Throttling: None - None - None - None - None - None - None - None
700 (769658 Gflops/s) - 700 (769658 Gflops/s) - 691 (759762 Gflops/s) - 696 (765260 Gflops/s) - 688 (756463 Gflops/s) - 705 (775155 Gflops/s) - 692 (760862 Gflops/s) - 700 (769658 Gflops/s) | Temperatures: 66°C - 67°C - 73°C - 73°C - 67°C - 67°C - 74°C - 72°C | Throttling: None - None - None - None - None - None - None - None
698 (767459 Gflops/s) - 702 (771857 Gflops/s) - 690 (758663 Gflops/s) - 695 (764160 Gflops/s) - 687 (755364 Gflops/s) - 705 (775155 Gflops/s) - 692 (760862 Gflops/s) - 698 (767459 Gflops/s) | Temperatures: 66°C - 67°C - 73°C - 73°C - 67°C - 67°C - 74°C - 72°C | Throttling: None - None - None - None - None - None - None - None
700 (769658 Gflops/s) - 700 (769658 Gflops/s) - 690 (758663 Gflops/s) - 695 (764160 Gflops/s) - 689 (757563 Gflops/s) - 703 (772956 Gflops/s) - 693 (761961 Gflops/s) - 700 (769658 Gflops/s) | Temperatures: 66°C - 67°C - 73°C - 73°C - 67°C - 67°C - 74°C - 72°C | Throttling: None - None - None - None - None - None - None - None
699 (768558 Gflops/s) - 702 (771857 Gflops/s) - 691 (759762 Gflops/s) - 696 (765260 Gflops/s) - 688 (756463 Gflops/s) - 705 (775155 Gflops/s) - 692 (760862 Gflops/s) - 699 (768558 Gflops/s) | Temperatures: 66°C - 67°C - 73°C - 73°C - 67°C - 66°C - 74°C - 72°C | Throttling: None - None - None - None - None - None - None - None
699 (768558 Gflops/s) - 702 (771857 Gflops/s) - 691 (759762 Gflops/s) - 695 (764160 Gflops/s) - 688 (756463 Gflops/s) - 704 (774056 Gflops/s) - 693 (761961 Gflops/s) - 700 (769658 Gflops/s) | Temperatures: 66°C - 67°C - 73°C - 73°C - 67°C - 66°C - 74°C - 72°C | Throttling: None - None - None - None - None - None - None - None
700 (769658 Gflops/s) - 701 (770757 Gflops/s) - 690 (758663 Gflops/s) - 695 (764160 Gflops/s) - 688 (756463 Gflops/s) - 706 (776255 Gflops/s) - 693 (761961 Gflops/s) - 699 (768558 Gflops/s) | Temperatures: 66°C - 67°C - 73°C - 73°C - 67°C - 66°C - 74°C - 72°C | Throttling: None - None - None - None - None - None - None - None
699 (768558 Gflops/s) - 701 (770757 Gflops/s) - 690 (758663 Gflops/s) - 696 (765260 Gflops/s) - 688 (756463 Gflops/s) - 704 (774056 Gflops/s) - 693 (761961 Gflops/s) - 699 (768558 Gflops/s) | Temperatures: 66°C - 67°C - 73°C - 73°C - 66°C - 66°C - 74°C - 72°C | Throttling: None - None - None - None - None - None - None - None
699 (768558 Gflops/s) - 701 (770757 Gflops/s) - 692 (760862 Gflops/s) - 696 (765260 Gflops/s) - 686 (754264 Gflops/s) - 704 (774056 Gflops/s) - 693 (761961 Gflops/s) - 700 (769658 Gflops/s) | Temperatures: 66°C - 67°C - 73°C - 73°C - 66°C - 66°C - 74°C - 72°C | Throttling: None - None - None - None - None - None - None - None
699 (768558 Gflops/s) - 701 (770757 Gflops/s) - 690 (758663 Gflops/s) - 694 (763061 Gflops/s) - 687 (755364 Gflops/s) - 704 (774056 Gflops/s) - 696 (765260 Gflops/s) - 699 (768558 Gflops/s) | Temperatures: 66°C - 67°C - 73°C - 73°C - 66°C - 66°C - 74°C - 72°C | Throttling: None - None - None - None - None - None - None - None
699 (768558 Gflops/s) - 701 (770757 Gflops/s) - 692 (760862 Gflops/s) - 696 (765260 Gflops/s) - 689 (757563 Gflops/s) - 704 (774056 Gflops/s) - 687 (755364 Gflops/s) - 700 (769658 Gflops/s) | Temperatures: 66°C - 67°C - 73°C - 73°C - 66°C - 66°C - 74°C - 72°C | Throttling: None - None - None - None - None - None - None - None
700 (769658 Gflops/s) - 701 (770757 Gflops/s) - 691 (759762 Gflops/s) - 695 (764160 Gflops/s) - 689 (757563 Gflops/s) - 705 (775155 Gflops/s) - 693 (761961 Gflops/s) - 700 (769658 Gflops/s) | Temperatures: 66°C - 67°C - 73°C - 73°C - 66°C - 66°C - 74°C - 72°C | Throttling: None - None - None - None - None - None - None - None
700 (769658 Gflops/s) - 702 (771857 Gflops/s) - 691 (759762 Gflops/s) - 697 (766359 Gflops/s) - 689 (757563 Gflops/s) - 705 (775155 Gflops/s) - 693 (761961 Gflops/s) - 701 (770757 Gflops/s) | Temperatures: 65°C - 67°C - 73°C - 73°C - 66°C - 66°C - 74°C - 72°C | Throttling: None - None - None - None - None - None - None - None
701 (770757 Gflops/s) - 700 (769658 Gflops/s) - 690 (758663 Gflops/s) - 696 (765260 Gflops/s) - 688 (756463 Gflops/s) - 705 (775155 Gflops/s) - 693 (761961 Gflops/s) - 700 (769658 Gflops/s) | Temperatures: 65°C - 67°C - 73°C - 73°C - 66°C - 66°C - 74°C - 72°C | Throttling: None - None - None - None - None - None - None - None
700 (769658 Gflops/s) - 702 (771857 Gflops/s) - 691 (759762 Gflops/s) - 695 (764160 Gflops/s) - 687 (755364 Gflops/s) - 704 (774056 Gflops/s) - 692 (760862 Gflops/s) - 700 (769658 Gflops/s) | Temperatures: 65°C - 67°C - 73°C - 73°C - 66°C - 66°C - 74°C - 72°C | Throttling: None - None - None - None - None - None - None - None
700 (769658 Gflops/s) - 702 (771857 Gflops/s) - 691 (759762 Gflops/s) - 697 (766359 Gflops/s) - 690 (758663 Gflops/s) - 704 (774056 Gflops/s) - 693 (761961 Gflops/s) - 700 (769658 Gflops/s) | Temperatures: 65°C - 67°C - 73°C - 73°C - 66°C - 66°C - 74°C - 72°C | Throttling: None - None - None - None - None - None - None - None
700 (769658 Gflops/s) - 700 (769658 Gflops/s) - 691 (759762 Gflops/s) - 695 (764160 Gflops/s) - 688 (756463 Gflops/s) - 704 (774056 Gflops/s) - 693 (761961 Gflops/s) - 699 (768558 Gflops/s) | Temperatures: 65°C - 67°C - 73°C - 72°C - 66°C - 66°C - 74°C - 72°C | Throttling: None - None - None - None - None - None - None - None
699 (768558 Gflops/s) - 702 (771857 Gflops/s) - 691 (759762 Gflops/s) - 696 (765260 Gflops/s) - 687 (755364 Gflops/s) - 705 (775155 Gflops/s) - 692 (760862 Gflops/s) - 701 (770757 Gflops/s) | Temperatures: 65°C - 67°C - 72°C - 72°C - 66°C - 66°C - 74°C - 72°C | Throttling: None - None - None - None - None - None - None - None
701 (770757 Gflops/s) - 702 (771857 Gflops/s) - 691 (759762 Gflops/s) - 697 (766359 Gflops/s) - 689 (757563 Gflops/s) - 706 (776255 Gflops/s) - 693 (761961 Gflops/s) - 699 (768558 Gflops/s) | Temperatures: 65°C - 66°C - 72°C - 72°C - 66°C - 66°C - 74°C - 71°C | Throttling: None - None - None - None - None - None - None - None
700 (769658 Gflops/s) - 700 (769658 Gflops/s) - 691 (759762 Gflops/s) - 696 (765260 Gflops/s) - 691 (759762 Gflops/s) - 705 (775155 Gflops/s) - 694 (763061 Gflops/s) - 701 (770757 Gflops/s) | Temperatures: 65°C - 66°C - 73°C - 72°C - 66°C - 66°C - 74°C - 72°C | Throttling: None - None - None - None - None - None - None - None
699 (768558 Gflops/s) - 702 (771857 Gflops/s) - 692 (760862 Gflops/s) - 696 (765260 Gflops/s) - 690 (758663 Gflops/s) - 706 (776255 Gflops/s) - 697 (766359 Gflops/s) - 700 (769658 Gflops/s) | Temperatures: 65°C - 66°C - 73°C - 72°C - 66°C - 66°C - 74°C - 71°C | Throttling: None - None - None - None - None - None - None - None
700 (769658 Gflops/s) - 701 (770757 Gflops/s) - 692 (760862 Gflops/s) - 697 (766359 Gflops/s) - 689 (757563 Gflops/s) - 705 (775155 Gflops/s) - 689 (757563 Gflops/s) - 700 (769658 Gflops/s) | Temperatures: 65°C - 66°C - 72°C - 72°C - 66°C - 65°C - 74°C - 72°C | Throttling: None - None - None - None - None - None - None - None
700 (769658 Gflops/s) - 701 (770757 Gflops/s) - 692 (760862 Gflops/s) - 696 (765260 Gflops/s) - 688 (756463 Gflops/s) - 705 (775155 Gflops/s) - 693 (761961 Gflops/s) - 700 (769658 Gflops/s) | Temperatures: 65°C - 66°C - 72°C - 72°C - 66°C - 65°C - 73°C - 72°C | Throttling: None - None - None - None - None - None - None - None
700 (769658 Gflops/s) - 701 (770757 Gflops/s) - 691 (759762 Gflops/s) - 696 (765260 Gflops/s) - 688 (756463 Gflops/s) - 704 (774056 Gflops/s) - 692 (760862 Gflops/s) - 699 (768558 Gflops/s) | Temperatures: 65°C - 66°C - 72°C - 72°C - 66°C - 66°C - 73°C - 72°C | Throttling: None - None - None - None - None - None - None - None
699 (768558 Gflops/s) - 703 (772956 Gflops/s) - 693 (761961 Gflops/s) - 696 (765260 Gflops/s) - 689 (757563 Gflops/s) - 705 (775155 Gflops/s) - 693 (761961 Gflops/s) - 701 (770757 Gflops/s) | Temperatures: 65°C - 66°C - 72°C - 72°C - 66°C - 66°C - 73°C - 72°C | Throttling: None - None - None - None - None - None - None - None
700 (769658 Gflops/s) - 701 (770757 Gflops/s) - 691 (759762 Gflops/s) - 696 (765260 Gflops/s) - 688 (756463 Gflops/s) - 704 (774056 Gflops/s) - 693 (761961 Gflops/s) - 701 (770757 Gflops/s) | Temperatures: 65°C - 66°C - 72°C - 72°C - 66°C - 65°C - 73°C - 71°C | Throttling: None - None - None - None - None - None - None - None
700 (769658 Gflops/s) - 702 (771857 Gflops/s) - 692 (760862 Gflops/s) - 697 (766359 Gflops/s) - 688 (756463 Gflops/s) - 705 (775155 Gflops/s) - 693 (761961 Gflops/s) - 701 (770757 Gflops/s) | Temperatures: 65°C - 66°C - 72°C - 72°C - 66°C - 65°C - 73°C - 71°C | Throttling: None - None - None - None - None - None - None - None
699 (768558 Gflops/s) - 702 (771857 Gflops/s) - 691 (759762 Gflops/s) - 697 (766359 Gflops/s) - 690 (758663 Gflops/s) - 706 (776255 Gflops/s) - 694 (763061 Gflops/s) - 700 (769658 Gflops/s) | Temperatures: 65°C - 66°C - 72°C - 72°C - 66°C - 65°C - 73°C - 71°C | Throttling: None - None - None - None - None - None - None - None
700 (769658 Gflops/s) - 702 (771857 Gflops/s) - 692 (760862 Gflops/s) - 696 (765260 Gflops/s) - 689 (757563 Gflops/s) - 705 (775155 Gflops/s) - 693 (761961 Gflops/s) - 701 (770757 Gflops/s) | Temperatures: 65°C - 66°C - 72°C - 72°C - 66°C - 65°C - 73°C - 71°C | Throttling: None - None - None - None - None - None - None - None
700 (769658 Gflops/s) - 701 (770757 Gflops/s) - 693 (761961 Gflops/s) - 697 (766359 Gflops/s) - 689 (757563 Gflops/s) - 704 (774056 Gflops/s) - 693 (761961 Gflops/s) - 701 (770757 Gflops/s) | Temperatures: 65°C - 66°C - 72°C - 72°C - 66°C - 65°C - 73°C - 71°C | Throttling: None - None - None - None - None - None - None - None
699 (768558 Gflops/s) - 702 (771857 Gflops/s) - 691 (759762 Gflops/s) - 696 (765260 Gflops/s) - 688 (756463 Gflops/s) - 705 (775155 Gflops/s) - 693 (761961 Gflops/s) - 700 (769658 Gflops/s) | Temperatures: 65°C - 66°C - 72°C - 72°C - 66°C - 65°C - 73°C - 71°C | Throttling: None - None - None - None - None - None - None - None
700 (769658 Gflops/s) - 702 (771857 Gflops/s) - 693 (761961 Gflops/s) - 697 (766359 Gflops/s) - 691 (759762 Gflops/s) - 709 (779553 Gflops/s) - 694 (763061 Gflops/s) - 700 (769658 Gflops/s) | Temperatures: 65°C - 66°C - 72°C - 72°C - 65°C - 65°C - 73°C - 71°C | Throttling: None - None - None - None - None - None - None - None
699 (768558 Gflops/s) - 702 (771857 Gflops/s) - 692 (760862 Gflops/s) - 696 (765260 Gflops/s) - 701 (770757 Gflops/s) - 700 (769658 Gflops/s) - 692 (760862 Gflops/s) - 701 (770757 Gflops/s) | Temperatures: 65°C - 66°C - 72°C - 72°C - 66°C - 65°C - 73°C - 71°C | Throttling: None - None - None - None - None - None - None - None
700 (769658 Gflops/s) - 702 (771857 Gflops/s) - 692 (760862 Gflops/s) - 709 (779553 Gflops/s) - 679 (746568 Gflops/s) - 705 (775155 Gflops/s) - 693 (761961 Gflops/s) - 701 (770757 Gflops/s) | Temperatures: 65°C - 66°C - 72°C - 72°C - 66°C - 65°C - 73°C - 71°C | Throttling: None - None - None - None - None - None - None - None
708 (778454 Gflops/s) - 702 (771857 Gflops/s) - 692 (760862 Gflops/s) - 684 (752065 Gflops/s) - 689 (757563 Gflops/s) - 706 (776255 Gflops/s) - 693 (761961 Gflops/s) - 700 (769658 Gflops/s) | Temperatures: 65°C - 66°C - 72°C - 72°C - 65°C - 65°C - 73°C - 71°C | Throttling: None - None - None - None - None - None - None - None
691 (759762 Gflops/s) - 703 (772956 Gflops/s) - 692 (760862 Gflops/s) - 696 (765260 Gflops/s) - 689 (757563 Gflops/s) - 705 (775155 Gflops/s) - 693 (761961 Gflops/s) - 702 (771857 Gflops/s) | Temperatures: 65°C - 66°C - 72°C - 72°C - 65°C - 65°C - 73°C - 71°C | Throttling: None - None - None - None - None - None - None - None
701 (770757 Gflops/s) - 702 (771857 Gflops/s) - 692 (760862 Gflops/s) - 697 (766359 Gflops/s) - 689 (757563 Gflops/s) - 706 (776255 Gflops/s) - 693 (761961 Gflops/s) - 701 (770757 Gflops/s) | Temperatures: 65°C - 66°C - 72°C - 72°C - 66°C - 65°C - 73°C - 71°C | Throttling: None - None - None - None - None - None - None - None
700 (769658 Gflops/s) - 700 (769658 Gflops/s) - 691 (759762 Gflops/s) - 695 (764160 Gflops/s) - 688 (756463 Gflops/s) - 704 (774056 Gflops/s) - 693 (761961 Gflops/s) - 700 (769658 Gflops/s) | Temperatures: 65°C - 66°C - 72°C - 72°C - 65°C - 65°C - 73°C - 71°C | Throttling: None - None - None - None - None - None - None - None
700 (769658 Gflops/s) - 701 (770757 Gflops/s) - 693 (761961 Gflops/s) - 697 (766359 Gflops/s) - 689 (757563 Gflops/s) - 705 (775155 Gflops/s) - 693 (761961 Gflops/s) - 701 (770757 Gflops/s) | Temperatures: 65°C - 66°C - 72°C - 72°C - 65°C - 65°C - 73°C - 71°C | Throttling: None - None - None - None - None - None - None - None
699 (768558 Gflops/s) - 704 (774056 Gflops/s) - 693 (761961 Gflops/s) - 697 (766359 Gflops/s) - 688 (756463 Gflops/s) - 706 (776255 Gflops/s) - 694 (763061 Gflops/s) - 701 (770757 Gflops/s) | Temperatures: 65°C - 66°C - 72°C - 72°C - 66°C - 65°C - 73°C - 71°C | Throttling: None - None - None - None - None - None - None - None
700 (769658 Gflops/s) - 701 (770757 Gflops/s) - 691 (759762 Gflops/s) - 697 (766359 Gflops/s) - 689 (757563 Gflops/s) - 706 (776255 Gflops/s) - 693 (761961 Gflops/s) - 701 (770757 Gflops/s) | Temperatures: 65°C - 66°C - 72°C - 72°C - 65°C - 65°C - 73°C - 71°C | Throttling: None - None - None - None - None - None - None - None
700 (769658 Gflops/s) - 702 (771857 Gflops/s) - 693 (761961 Gflops/s) - 696 (765260 Gflops/s) - 690 (758663 Gflops/s) - 706 (776255 Gflops/s) - 693 (761961 Gflops/s) - 700 (769658 Gflops/s) | Temperatures: 65°C - 66°C - 72°C - 72°C - 65°C - 65°C - 73°C - 71°C | Throttling: None - None - None - None - None - None - None - None
700 (769658 Gflops/s) - 701 (770757 Gflops/s) - 692 (760862 Gflops/s) - 697 (766359 Gflops/s) - 689 (757563 Gflops/s) - 704 (774056 Gflops/s) - 694 (763061 Gflops/s) - 701 (770757 Gflops/s) | Temperatures: 65°C - 66°C - 72°C - 72°C - 65°C - 65°C - 73°C - 71°C | Throttling: None - None - None - None - None - None - None - None
700 (769658 Gflops/s) - 702 (771857 Gflops/s) - 691 (759762 Gflops/s) - 697 (766359 Gflops/s) - 689 (757563 Gflops/s) - 705 (775155 Gflops/s) - 692 (760862 Gflops/s) - 701 (770757 Gflops/s) | Temperatures: 65°C - 66°C - 72°C - 72°C - 65°C - 65°C - 73°C - 71°C | Throttling: None - None - None - None - None - None - None - None
700 (769658 Gflops/s) - 703 (772956 Gflops/s) - 693 (761961 Gflops/s) - 696 (765260 Gflops/s) - 690 (758663 Gflops/s) - 705 (775155 Gflops/s) - 694 (763061 Gflops/s) - 701 (770757 Gflops/s) | Temperatures: 65°C - 66°C - 72°C - 72°C - 66°C - 65°C - 73°C - 71°C | Throttling: None - None - None - None - None - None - None - None
700 (769658 Gflops/s) - 702 (771857 Gflops/s) - 692 (760862 Gflops/s) - 697 (766359 Gflops/s) - 689 (757563 Gflops/s) - 706 (776255 Gflops/s) - 694 (763061 Gflops/s) - 701 (770757 Gflops/s) | Temperatures: 65°C - 66°C - 72°C - 72°C - 65°C - 65°C - 73°C - 71°C | Throttling: None - None - None - None - None - None - None - None
700 (769658 Gflops/s) - 703 (772956 Gflops/s) - 693 (761961 Gflops/s) - 697 (766359 Gflops/s) - 692 (760862 Gflops/s) - 705 (775155 Gflops/s) - 693 (761961 Gflops/s) - 701 (770757 Gflops/s) | Temperatures: 65°C - 66°C - 72°C - 72°C - 65°C - 65°C - 73°C - 71°C | Throttling: None - None - None - None - None - None - None - None
701 (770757 Gflops/s) - 702 (771857 Gflops/s) - 693 (761961 Gflops/s) - 698 (767459 Gflops/s) - 689 (757563 Gflops/s) - 707 (777354 Gflops/s) - 694 (763061 Gflops/s) - 701 (770757 Gflops/s) | Temperatures: 65°C - 66°C - 72°C - 72°C - 65°C - 65°C - 73°C - 71°C | Throttling: None - None - None - None - None - None - None - None
700 (769658 Gflops/s) - 702 (771857 Gflops/s) - 693 (761961 Gflops/s) - 697 (766359 Gflops/s) - 690 (758663 Gflops/s) - 707 (777354 Gflops/s) - 693 (761961 Gflops/s) - 701 (770757 Gflops/s) | Temperatures: 65°C - 66°C - 72°C - 72°C - 65°C - 65°C - 73°C - 71°C | Throttling: None - None - None - None - None - None - None - None
700 (769658 Gflops/s) - 702 (771857 Gflops/s) - 692 (760862 Gflops/s) - 697 (766359 Gflops/s) - 691 (759762 Gflops/s) - 706 (776255 Gflops/s) - 694 (763061 Gflops/s) - 701 (770757 Gflops/s) | Temperatures: 65°C - 66°C - 72°C - 72°C - 65°C - 65°C - 73°C - 71°C | Throttling: None - None - None - None - None - None - None - None
700 (769658 Gflops/s) - 703 (772956 Gflops/s) - 692 (760862 Gflops/s) - 696 (765260 Gflops/s) - 688 (756463 Gflops/s) - 706 (776255 Gflops/s) - 693 (761961 Gflops/s) - 700 (769658 Gflops/s) | Temperatures: 65°C - 66°C - 72°C - 72°C - 65°C - 65°C - 73°C - 71°C | Throttling: None - None - None - None - None - None - None - None
700 (769658 Gflops/s) - 702 (771857 Gflops/s) - 692 (760862 Gflops/s) - 698 (767459 Gflops/s) - 690 (758663 Gflops/s) - 708 (778454 Gflops/s) - 694 (763061 Gflops/s) - 701 (770757 Gflops/s) | Temperatures: 65°C - 66°C - 72°C - 72°C - 65°C - 65°C - 73°C - 71°C | Throttling: None - None - None - None - None - None - None - None
700 (769658 Gflops/s) - 701 (770757 Gflops/s) - 693 (761961 Gflops/s) - 696 (765260 Gflops/s) - 691 (759762 Gflops/s) - 706 (776255 Gflops/s) - 693 (761961 Gflops/s) - 700 (769658 Gflops/s) | Temperatures: 65°C - 66°C - 72°C - 72°C - 66°C - 65°C - 73°C - 71°C | Throttling: None - None - None - None - None - None - None - None
699 (768558 Gflops/s) - 703 (772956 Gflops/s) - 691 (759762 Gflops/s) - 698 (767459 Gflops/s) - 700 (769658 Gflops/s) - 708 (778454 Gflops/s) - 694 (763061 Gflops/s) - 702 (771857 Gflops/s) | Temperatures: 65°C - 66°C - 72°C - 72°C - 65°C - 65°C - 73°C - 71°C | Throttling: None - None - None - None - None - None - None - None
696 (765260 Gflops/s) - 702 (771857 Gflops/s) - 693 (761961 Gflops/s) - 697 (766359 Gflops/s) - 679 (746568 Gflops/s) - 706 (776255 Gflops/s) - 694 (763061 Gflops/s) - 701 (770757 Gflops/s) | Temperatures: 65°C - 66°C - 72°C - 72°C - 65°C - 65°C - 73°C - 71°C | Throttling: None - None - None - None - None - None - None - None
697 (766359 Gflops/s) - 702 (771857 Gflops/s) - 691 (759762 Gflops/s) - 697 (766359 Gflops/s) - 691 (759762 Gflops/s) - 707 (777354 Gflops/s) - 694 (763061 Gflops/s) - 701 (770757 Gflops/s) | Temperatures: 65°C - 66°C - 72°C - 72°C - 65°C - 65°C - 73°C - 71°C | Throttling: None - None - None - None - None - None - None - None
697 (766359 Gflops/s) - 702 (771857 Gflops/s) - 693 (761961 Gflops/s) - 697 (766359 Gflops/s) - 690 (758663 Gflops/s) - 708 (778454 Gflops/s) - 693 (761961 Gflops/s) - 700 (769658 Gflops/s) | Temperatures: 65°C - 66°C - 72°C - 72°C - 65°C - 65°C - 73°C - 71°C | Throttling: None - None - None - None - None - None - None - None
696 (765260 Gflops/s) - 702 (771857 Gflops/s) - 691 (759762 Gflops/s) - 697 (766359 Gflops/s) - 689 (757563 Gflops/s) - 705 (775155 Gflops/s) - 693 (761961 Gflops/s) - 699 (768558 Gflops/s) | Temperatures: 65°C - 66°C - 72°C - 72°C - 65°C - 65°C - 73°C - 71°C | Throttling: None - None - None - None - None - None - None - None
696 (765260 Gflops/s) - 702 (771857 Gflops/s) - 693 (761961 Gflops/s) - 697 (766359 Gflops/s) - 691 (759762 Gflops/s) - 707 (777354 Gflops/s) - 694 (763061 Gflops/s) - 702 (771857 Gflops/s) | Temperatures: 64°C - 66°C - 72°C - 72°C - 65°C - 65°C - 73°C - 71°C | Throttling: None - None - None - None - None - None - None - None
697 (766359 Gflops/s) - 703 (772956 Gflops/s) - 693 (761961 Gflops/s) - 698 (767459 Gflops/s) - 691 (759762 Gflops/s) - 706 (776255 Gflops/s) - 693 (761961 Gflops/s) - 701 (770757 Gflops/s) | Temperatures: 65°C - 66°C - 72°C - 72°C - 65°C - 65°C - 73°C - 71°C | Throttling: None - None - None - None - None - None - None - None
696 (765260 Gflops/s) - 714 (785051 Gflops/s) - 692 (760862 Gflops/s) - 697 (766359 Gflops/s) - 689 (757563 Gflops/s) - 708 (778454 Gflops/s) - 694 (763061 Gflops/s) - 701 (770757 Gflops/s) | Temperatures: 64°C - 66°C - 72°C - 72°C - 65°C - 65°C - 73°C - 71°C | Throttling: None - None - None - None - None - None - None - None
696 (765260 Gflops/s) - 690 (758663 Gflops/s) - 693 (761961 Gflops/s) - 697 (766359 Gflops/s) - 691 (759762 Gflops/s) - 707 (777354 Gflops/s) - 694 (763061 Gflops/s) - 702 (771857 Gflops/s) | Temperatures: 65°C - 66°C - 72°C - 72°C - 65°C - 65°C - 73°C - 71°C | Throttling: None - None - None - None - None - None - None - None
697 (766359 Gflops/s) - 703 (772956 Gflops/s) - 691 (759762 Gflops/s) - 697 (766359 Gflops/s) - 688 (756463 Gflops/s) - 706 (776255 Gflops/s) - 694 (763061 Gflops/s) - 701 (770757 Gflops/s) | Temperatures: 64°C - 66°C - 72°C - 72°C - 65°C - 65°C - 73°C - 71°C | Throttling: None - None - None - None - None - None - None - None
696 (765260 Gflops/s) - 702 (771857 Gflops/s) - 693 (761961 Gflops/s) - 697 (766359 Gflops/s) - 690 (758663 Gflops/s) - 706 (776255 Gflops/s) - 694 (763061 Gflops/s) - 702 (771857 Gflops/s) | Temperatures: 64°C - 66°C - 72°C - 72°C - 65°C - 65°C - 73°C - 71°C | Throttling: None - None - None - None - None - None - None - None
696 (765260 Gflops/s) - 702 (771857 Gflops/s) - 691 (759762 Gflops/s) - 697 (766359 Gflops/s) - 690 (758663 Gflops/s) - 705 (775155 Gflops/s) - 693 (761961 Gflops/s) - 701 (770757 Gflops/s) | Temperatures: 65°C - 66°C - 72°C - 72°C - 65°C - 65°C - 73°C - 71°C | Throttling: None - None - None - None - None - None - None - None
697 (766359 Gflops/s) - 702 (771857 Gflops/s) - 692 (760862 Gflops/s) - 697 (766359 Gflops/s) - 690 (758663 Gflops/s) - 707 (777354 Gflops/s) - 693 (761961 Gflops/s) - 702 (771857 Gflops/s) | Temperatures: 65°C - 66°C - 72°C - 72°C - 65°C - 65°C - 73°C - 71°C | Throttling: None - None - None - None - None - None - None - None
696 (765260 Gflops/s) - 702 (771857 Gflops/s) - 692 (760862 Gflops/s) - 697 (766359 Gflops/s) - 691 (759762 Gflops/s) - 706 (776255 Gflops/s) - 693 (761961 Gflops/s) - 701 (770757 Gflops/s) | Temperatures: 64°C - 66°C - 72°C - 72°C - 65°C - 65°C - 73°C - 71°C | Throttling: None - None - None - None - None - None - None - None
697 (766359 Gflops/s) - 702 (771857 Gflops/s) - 692 (760862 Gflops/s) - 698 (767459 Gflops/s) - 691 (759762 Gflops/s) - 707 (777354 Gflops/s) - 694 (763061 Gflops/s) - 701 (770757 Gflops/s) | Temperatures: 64°C - 66°C - 72°C - 72°C - 65°C - 65°C - 73°C - 71°C | Throttling: None - None - None - None - None - None - None - None
696 (765260 Gflops/s) - 702 (771857 Gflops/s) - 693 (761961 Gflops/s) - 701 (770757 Gflops/s) - 689 (757563 Gflops/s) - 706 (776255 Gflops/s) - 694 (763061 Gflops/s) - 701 (770757 Gflops/s) | Temperatures: 64°C - 66°C - 72°C - 72°C - 65°C - 65°C - 73°C - 71°C | Throttling: None - None - None - None - None - None - None - None
696 (765260 Gflops/s) - 702 (771857 Gflops/s) - 693 (761961 Gflops/s) - 693 (761961 Gflops/s) - 690 (758663 Gflops/s) - 707 (777354 Gflops/s) - 694 (763061 Gflops/s) - 701 (770757 Gflops/s) | Temperatures: 64°C - 66°C - 72°C - 72°C - 65°C - 65°C - 73°C - 71°C | Throttling: None - None - None - None - None - None - None - None
713 (783951 Gflops/s) - 702 (771857 Gflops/s) - 692 (760862 Gflops/s) - 698 (767459 Gflops/s) - 692 (760862 Gflops/s) - 705 (775155 Gflops/s) - 694 (763061 Gflops/s) - 702 (771857 Gflops/s) | Temperatures: 64°C - 66°C - 72°C - 72°C - 65°C - 65°C - 73°C - 71°C | Throttling: None - None - None - None - None - None - None - None
681 (748767 Gflops/s) - 702 (771857 Gflops/s) - 692 (760862 Gflops/s) - 698 (767459 Gflops/s) - 689 (757563 Gflops/s) - 707 (777354 Gflops/s) - 694 (763061 Gflops/s) - 700 (769658 Gflops/s) | Temperatures: 64°C - 66°C - 72°C - 72°C - 65°C - 65°C - 73°C - 71°C | Throttling: None - None - None - None - None - None - None - None
696 (765260 Gflops/s) - 702 (771857 Gflops/s) - 693 (761961 Gflops/s) - 696 (765260 Gflops/s) - 689 (757563 Gflops/s) - 718 (789449 Gflops/s) - 692 (760862 Gflops/s) - 701 (770757 Gflops/s) | Temperatures: 64°C - 66°C - 72°C - 72°C - 65°C - 65°C - 73°C - 71°C | Throttling: None - None - None - None - None - None - None - None
696 (765260 Gflops/s) - 701 (770757 Gflops/s) - 692 (760862 Gflops/s) - 697 (766359 Gflops/s) - 692 (760862 Gflops/s) - 695 (764160 Gflops/s) - 694 (763061 Gflops/s) - 701 (770757 Gflops/s) | Temperatures: 64°C - 66°C - 72°C - 72°C - 65°C - 65°C - 73°C - 71°C | Throttling: None - None - None - None - None - None - None - None
697 (766359 Gflops/s) - 702 (771857 Gflops/s) - 692 (760862 Gflops/s) - 698 (767459 Gflops/s) - 690 (758663 Gflops/s) - 707 (777354 Gflops/s) - 693 (761961 Gflops/s) - 700 (769658 Gflops/s) | Temperatures: 64°C - 66°C - 72°C - 72°C - 65°C - 65°C - 73°C - 71°C | Throttling: None - None - None - None - None - None - None - None
697 (766359 Gflops/s) - 702 (771857 Gflops/s) - 692 (760862 Gflops/s) - 697 (766359 Gflops/s) - 691 (759762 Gflops/s) - 707 (777354 Gflops/s) - 694 (763061 Gflops/s) - 702 (771857 Gflops/s) | Temperatures: 65°C - 66°C - 72°C - 72°C - 65°C - 65°C - 73°C - 71°C | Throttling: None - None - None - None - None - None - None - None
696 (765260 Gflops/s) - 702 (771857 Gflops/s) - 692 (760862 Gflops/s) - 697 (766359 Gflops/s) - 690 (758663 Gflops/s) - 708 (778454 Gflops/s) - 693 (761961 Gflops/s) - 701 (770757 Gflops/s) | Temperatures: 65°C - 66°C - 72°C - 72°C - 65°C - 65°C - 73°C - 71°C | Throttling: None - None - None - None - None - None - None - None
697 (766359 Gflops/s) - 702 (771857 Gflops/s) - 693 (761961 Gflops/s) - 697 (766359 Gflops/s) - 690 (758663 Gflops/s) - 707 (777354 Gflops/s) - 694 (763061 Gflops/s) - 701 (770757 Gflops/s) | Temperatures: 65°C - 66°C - 72°C - 72°C - 65°C - 65°C - 73°C - 71°C | Throttling: None - None - None - None - None - None - None - None
697 (766359 Gflops/s) - 703 (772956 Gflops/s) - 693 (761961 Gflops/s) - 698 (767459 Gflops/s) - 689 (757563 Gflops/s) - 707 (777354 Gflops/s) - 693 (761961 Gflops/s) - 701 (770757 Gflops/s) | Temperatures: 65°C - 66°C - 72°C - 72°C - 65°C - 65°C - 73°C - 71°C | Throttling: None - None - None - None - None - None - None - None
695 (764160 Gflops/s) - 701 (770757 Gflops/s) - 692 (760862 Gflops/s) - 696 (765260 Gflops/s) - 689 (757563 Gflops/s) - 705 (775155 Gflops/s) - 693 (761961 Gflops/s) - 700 (769658 Gflops/s) | Temperatures: 65°C - 66°C - 72°C - 72°C - 66°C - 65°C - 73°C - 71°C | Throttling: None - None - None - None - None - None - None - None
696 (765260 Gflops/s) - 702 (771857 Gflops/s) - 692 (760862 Gflops/s) - 697 (766359 Gflops/s) - 692 (760862 Gflops/s) - 706 (776255 Gflops/s) - 693 (761961 Gflops/s) - 700 (769658 Gflops/s) | Temperatures: 65°C - 66°C - 72°C - 72°C - 66°C - 65°C - 73°C - 71°C | Throttling: None - None - None - None - None - None - None - None
697 (766359 Gflops/s) - 702 (771857 Gflops/s) - 693 (761961 Gflops/s) - 697 (766359 Gflops/s) - 690 (758663 Gflops/s) - 707 (777354 Gflops/s) - 693 (761961 Gflops/s) - 701 (770757 Gflops/s) | Temperatures: 65°C - 66°C - 72°C - 72°C - 66°C - 66°C - 73°C - 71°C | Throttling: None - None - None - None - None - None - None - None
696 (765260 Gflops/s) - 702 (771857 Gflops/s) - 692 (760862 Gflops/s) - 697 (766359 Gflops/s) - 689 (757563 Gflops/s) - 706 (776255 Gflops/s) - 693 (761961 Gflops/s) - 701 (770757 Gflops/s) | Temperatures: 65°C - 66°C - 72°C - 72°C - 66°C - 66°C - 73°C - 71°C | Throttling: None - None - None - None - None - None - None - None
696 (765260 Gflops/s) - 703 (772956 Gflops/s) - 692 (760862 Gflops/s) - 697 (766359 Gflops/s) - 691 (759762 Gflops/s) - 707 (777354 Gflops/s) - 694 (763061 Gflops/s) - 700 (769658 Gflops/s) | Temperatures: 65°C - 66°C - 72°C - 72°C - 66°C - 66°C - 73°C - 71°C | Throttling: None - None - None - None - None - None - None - None
695 (764160 Gflops/s) - 701 (770757 Gflops/s) - 693 (761961 Gflops/s) - 697 (766359 Gflops/s) - 689 (757563 Gflops/s) - 706 (776255 Gflops/s) - 693 (761961 Gflops/s) - 701 (770757 Gflops/s) | Temperatures: 65°C - 66°C - 72°C - 72°C - 66°C - 66°C - 73°C - 71°C | Throttling: None - None - None - None - None - None - None - None
696 (765260 Gflops/s) - 702 (771857 Gflops/s) - 693 (761961 Gflops/s) - 697 (766359 Gflops/s) - 689 (757563 Gflops/s) - 707 (777354 Gflops/s) - 693 (761961 Gflops/s) - 700 (769658 Gflops/s) | Temperatures: 65°C - 66°C - 72°C - 72°C - 66°C - 66°C - 73°C - 72°C | Throttling: None - None - None - None - None - None - None - None
388 (426610 Gflops/s) - 701 (770757 Gflops/s) - 369 (405719 Gflops/s) - 618 (679498 Gflops/s) - 689 (757563 Gflops/s) - 629 (691592 Gflops/s) - 418 (459595 Gflops/s) - 603 (663005 Gflops/s) | Temperatures: 65°C - 66°C - 72°C - 72°C - 66°C - 66°C - 73°C - 71°C | Throttling: None - None - None - None - None - None - None - None
GPU #0: 767470 Gflops/s (min: 426610.51, max: 786150.81, dev: 20166.56)
         Temperature: 66.06°C (min: 62.00, max: 69.00)
         Throttling HW: false, Thermal SW: false, Thermal HW: false
GPU #1: 770933 Gflops/s (min: 750966.44, max: 788349.84, dev: 3250.96)
         Temperature: 67.23°C (min: 63.00, max: 70.00)
         Throttling HW: false, Thermal SW: false, Thermal HW: false
GPU #2: 759336 Gflops/s (min: 405719.79, max: 781752.77, dev: 20863.92)
         Temperature: 72.90°C (min: 66.00, max: 75.00)
         Throttling HW: false, Thermal SW: false, Thermal HW: false
GPU #3: 766816 Gflops/s (min: 679498.19, max: 780653.26, dev: 5980.81)
         Temperature: 72.95°C (min: 66.00, max: 75.00)
         Throttling HW: false, Thermal SW: false, Thermal HW: false
GPU #4: 757313 Gflops/s (min: 742170.35, max: 771857.16, dev: 3723.22)
         Temperature: 66.76°C (min: 62.00, max: 69.00)
         Throttling HW: false, Thermal SW: false, Thermal HW: false
GPU #5: 774389 Gflops/s (min: 691592.81, max: 789449.35, dev: 5619.68)
         Temperature: 66.53°C (min: 63.00, max: 69.00)
         Throttling HW: false, Thermal SW: false, Thermal HW: false
GPU #6: 762504 Gflops/s (min: 459595.86, max: 783951.79, dev: 17984.36)
         Temperature: 73.99°C (min: 66.00, max: 76.00)
         Throttling HW: false, Thermal SW: false, Thermal HW: false
GPU #7: 769681 Gflops/s (min: 663005.51, max: 790548.86, dev: 7186.16)
         Temperature: 72.09°C (min: 65.00, max: 74.00)
         Throttling HW: false, Thermal SW: false, Thermal HW: false
All GPUs seem healthy
Freeing GPUs...
======== Run with bf16 ==========
Detected GPU #0: "NVIDIA B200" (2861462f-807f-3e78-3c3c-8473e16940de)
Detected GPU #1: "NVIDIA B200" (3d312f74-f893-7d32-2da5-52b532b49a0e)
Detected GPU #2: "NVIDIA B200" (243b3d15-dd99-4124-e0cc-1f664e3bf24f)
Detected GPU #3: "NVIDIA B200" (81604de4-3f98-dfbd-2be8-3ad6bfc07fee)
Detected GPU #4: "NVIDIA B200" (66c5a725-98c6-2c4e-0f19-b68cd05924d6)
Detected GPU #5: "NVIDIA B200" (1b169a21-0850-bdb2-e666-b51397d2b1a8)
Detected GPU #6: "NVIDIA B200" (ae06b4ff-3d48-eddd-c40a-12bd68bcc1e0)
Detected GPU #7: "NVIDIA B200" (0d0b6887-183f-1e23-0498-eeb58e03e022)
Using precision(s):  BF16 
GPU #0: Using 163800 MB
GPU #1: Using 163800 MB
GPU #2: Using 163800 MB
GPU #3: Using 163800 MB
GPU #4: Using 163800 MB
GPU #5: Using 163800 MB
GPU #6: Using 163800 MB
GPU #7: Using 163800 MB
Creating random matrices
Matrices created
2154 (2368348 Gflops/s) - 1936 (2128654 Gflops/s) - 1748 (1921946 Gflops/s) - 1812 (1992315 Gflops/s) - 1662 (1827388 Gflops/s) - 1481 (1628376 Gflops/s) - 1614 (1774611 Gflops/s) - 1612 (1772412 Gflops/s) | Temperatures: 58°C - 58°C - 62°C - 62°C - 58°C - 57°C - 62°C - 61°C | Throttling: None - None - None - None - None - None - None - None
1370 (1506330 Gflops/s) - 1366 (1501932 Gflops/s) - 1359 (1494236 Gflops/s) - 1360 (1495335 Gflops/s) - 1365 (1500833 Gflops/s) - 1386 (1523923 Gflops/s) - 1366 (1501932 Gflops/s) - 1378 (1515127 Gflops/s) | Temperatures: 61°C - 62°C - 65°C - 65°C - 61°C - 61°C - 65°C - 64°C | Throttling: None - None - None - None - None - None - None - None
1371 (1507430 Gflops/s) - 1369 (1505231 Gflops/s) - 1363 (1498634 Gflops/s) - 1371 (1507430 Gflops/s) - 1364 (1499733 Gflops/s) - 1382 (1519525 Gflops/s) - 1369 (1505231 Gflops/s) - 1379 (1516226 Gflops/s) | Temperatures: 63°C - 63°C - 67°C - 67°C - 63°C - 62°C - 67°C - 66°C | Throttling: None - None - None - None - None - None - None - None
1369 (1505231 Gflops/s) - 1365 (1500833 Gflops/s) - 1359 (1494236 Gflops/s) - 1370 (1506330 Gflops/s) - 1362 (1497534 Gflops/s) - 1382 (1519525 Gflops/s) - 1368 (1504131 Gflops/s) - 1376 (1512927 Gflops/s) | Temperatures: 64°C - 64°C - 68°C - 68°C - 64°C - 64°C - 69°C - 67°C | Throttling: None - None - None - None - None - None - None - None
1368 (1504131 Gflops/s) - 1366 (1501932 Gflops/s) - 1360 (1495335 Gflops/s) - 1367 (1503032 Gflops/s) - 1360 (1495335 Gflops/s) - 1377 (1514027 Gflops/s) - 1367 (1503032 Gflops/s) - 1376 (1512927 Gflops/s) | Temperatures: 64°C - 65°C - 69°C - 69°C - 64°C - 64°C - 70°C - 68°C | Throttling: None - None - None - None - None - None - None - None
1363 (1498634 Gflops/s) - 1365 (1500833 Gflops/s) - 1357 (1492037 Gflops/s) - 1366 (1501932 Gflops/s) - 1362 (1497534 Gflops/s) - 1376 (1512927 Gflops/s) - 1365 (1500833 Gflops/s) - 1373 (1509629 Gflops/s) | Temperatures: 64°C - 65°C - 69°C - 70°C - 65°C - 65°C - 70°C - 69°C | Throttling: None - None - None - None - None - None - None - None
1352 (1486539 Gflops/s) - 1368 (1504131 Gflops/s) - 1353 (1487639 Gflops/s) - 1364 (1499733 Gflops/s) - 1359 (1494236 Gflops/s) - 1377 (1514027 Gflops/s) - 1362 (1497534 Gflops/s) - 1370 (1506330 Gflops/s) | Temperatures: 64°C - 65°C - 70°C - 70°C - 65°C - 65°C - 71°C - 69°C | Throttling: None - None - None - None - None - None - None - None
1353 (1487639 Gflops/s) - 1369 (1505231 Gflops/s) - 1355 (1489838 Gflops/s) - 1364 (1499733 Gflops/s) - 1360 (1495335 Gflops/s) - 1377 (1514027 Gflops/s) - 1362 (1497534 Gflops/s) - 1371 (1507430 Gflops/s) | Temperatures: 65°C - 65°C - 70°C - 70°C - 65°C - 65°C - 71°C - 70°C | Throttling: None - None - None - None - None - None - None - None
1353 (1487639 Gflops/s) - 1367 (1503032 Gflops/s) - 1354 (1488738 Gflops/s) - 1362 (1497534 Gflops/s) - 1359 (1494236 Gflops/s) - 1378 (1515127 Gflops/s) - 1361 (1496435 Gflops/s) - 1367 (1503032 Gflops/s) | Temperatures: 64°C - 66°C - 70°C - 71°C - 65°C - 65°C - 72°C - 70°C | Throttling: None - None - None - None - None - None - None - None
1352 (1486539 Gflops/s) - 1367 (1503032 Gflops/s) - 1354 (1488738 Gflops/s) - 1362 (1497534 Gflops/s) - 1365 (1500833 Gflops/s) - 1377 (1514027 Gflops/s) - 1361 (1496435 Gflops/s) - 1367 (1503032 Gflops/s) | Temperatures: 65°C - 66°C - 71°C - 71°C - 66°C - 65°C - 72°C - 70°C | Throttling: None - None - None - None - None - None - None - None
1351 (1485440 Gflops/s) - 1366 (1501932 Gflops/s) - 1353 (1487639 Gflops/s) - 1362 (1497534 Gflops/s) - 1365 (1500833 Gflops/s) - 1374 (1510728 Gflops/s) - 1359 (1494236 Gflops/s) - 1364 (1499733 Gflops/s) | Temperatures: 65°C - 66°C - 71°C - 71°C - 66°C - 65°C - 72°C - 70°C | Throttling: None - None - None - None - None - None - None - None
1350 (1484340 Gflops/s) - 1367 (1503032 Gflops/s) - 1354 (1488738 Gflops/s) - 1361 (1496435 Gflops/s) - 1367 (1503032 Gflops/s) - 1376 (1512927 Gflops/s) - 1360 (1495335 Gflops/s) - 1368 (1504131 Gflops/s) | Temperatures: 64°C - 66°C - 71°C - 71°C - 66°C - 65°C - 72°C - 70°C | Throttling: None - None - None - None - None - None - None - None
1352 (1486539 Gflops/s) - 1367 (1503032 Gflops/s) - 1352 (1486539 Gflops/s) - 1362 (1497534 Gflops/s) - 1366 (1501932 Gflops/s) - 1376 (1512927 Gflops/s) - 1360 (1495335 Gflops/s) - 1365 (1500833 Gflops/s) | Temperatures: 65°C - 66°C - 71°C - 71°C - 66°C - 65°C - 72°C - 70°C | Throttling: None - None - None - None - None - None - None - None
1349 (1483241 Gflops/s) - 1367 (1503032 Gflops/s) - 1352 (1486539 Gflops/s) - 1361 (1496435 Gflops/s) - 1367 (1503032 Gflops/s) - 1375 (1511828 Gflops/s) - 1360 (1495335 Gflops/s) - 1363 (1498634 Gflops/s) | Temperatures: 64°C - 66°C - 71°C - 71°C - 66°C - 65°C - 72°C - 70°C | Throttling: None - None - None - None - None - None - None - None
1350 (1484340 Gflops/s) - 1367 (1503032 Gflops/s) - 1352 (1486539 Gflops/s) - 1361 (1496435 Gflops/s) - 1366 (1501932 Gflops/s) - 1376 (1512927 Gflops/s) - 1360 (1495335 Gflops/s) - 1363 (1498634 Gflops/s) | Temperatures: 64°C - 66°C - 71°C - 71°C - 66°C - 65°C - 72°C - 70°C | Throttling: None - None - None - None - None - None - None - None
1349 (1483241 Gflops/s) - 1366 (1501932 Gflops/s) - 1351 (1485440 Gflops/s) - 1360 (1495335 Gflops/s) - 1365 (1500833 Gflops/s) - 1373 (1509629 Gflops/s) - 1358 (1493136 Gflops/s) - 1362 (1497534 Gflops/s) | Temperatures: 64°C - 66°C - 71°C - 71°C - 65°C - 65°C - 72°C - 70°C | Throttling: None - None - None - None - None - None - None - None
1353 (1487639 Gflops/s) - 1366 (1501932 Gflops/s) - 1350 (1484340 Gflops/s) - 1361 (1496435 Gflops/s) - 1367 (1503032 Gflops/s) - 1376 (1512927 Gflops/s) - 1359 (1494236 Gflops/s) - 1363 (1498634 Gflops/s) | Temperatures: 64°C - 66°C - 71°C - 71°C - 65°C - 65°C - 72°C - 70°C | Throttling: None - None - None - None - None - None - None - None
1350 (1484340 Gflops/s) - 1366 (1501932 Gflops/s) - 1351 (1485440 Gflops/s) - 1361 (1496435 Gflops/s) - 1366 (1501932 Gflops/s) - 1375 (1511828 Gflops/s) - 1359 (1494236 Gflops/s) - 1363 (1498634 Gflops/s) | Temperatures: 64°C - 65°C - 71°C - 71°C - 65°C - 65°C - 72°C - 70°C | Throttling: None - None - None - None - None - None - None - None
1351 (1485440 Gflops/s) - 1367 (1503032 Gflops/s) - 1352 (1486539 Gflops/s) - 1362 (1497534 Gflops/s) - 1367 (1503032 Gflops/s) - 1375 (1511828 Gflops/s) - 1359 (1494236 Gflops/s) - 1364 (1499733 Gflops/s) | Temperatures: 64°C - 65°C - 71°C - 71°C - 65°C - 65°C - 72°C - 70°C | Throttling: None - None - None - None - None - None - None - None
1349 (1483241 Gflops/s) - 1366 (1501932 Gflops/s) - 1349 (1483241 Gflops/s) - 1359 (1494236 Gflops/s) - 1365 (1500833 Gflops/s) - 1373 (1509629 Gflops/s) - 1358 (1493136 Gflops/s) - 1362 (1497534 Gflops/s) | Temperatures: 64°C - 66°C - 71°C - 71°C - 65°C - 65°C - 72°C - 70°C | Throttling: None - None - None - None - None - None - None - None
1351 (1485440 Gflops/s) - 1367 (1503032 Gflops/s) - 1349 (1483241 Gflops/s) - 1361 (1496435 Gflops/s) - 1367 (1503032 Gflops/s) - 1376 (1512927 Gflops/s) - 1359 (1494236 Gflops/s) - 1363 (1498634 Gflops/s) | Temperatures: 64°C - 66°C - 71°C - 71°C - 65°C - 65°C - 72°C - 70°C | Throttling: None - None - None - None - None - None - None - None
1349 (1483241 Gflops/s) - 1366 (1501932 Gflops/s) - 1348 (1482141 Gflops/s) - 1360 (1495335 Gflops/s) - 1366 (1501932 Gflops/s) - 1376 (1512927 Gflops/s) - 1358 (1493136 Gflops/s) - 1363 (1498634 Gflops/s) | Temperatures: 64°C - 66°C - 71°C - 71°C - 65°C - 65°C - 72°C - 70°C | Throttling: None - None - None - None - None - None - None - None
1350 (1484340 Gflops/s) - 1366 (1501932 Gflops/s) - 1349 (1483241 Gflops/s) - 1361 (1496435 Gflops/s) - 1367 (1503032 Gflops/s) - 1375 (1511828 Gflops/s) - 1359 (1494236 Gflops/s) - 1363 (1498634 Gflops/s) | Temperatures: 64°C - 66°C - 71°C - 71°C - 65°C - 65°C - 73°C - 70°C | Throttling: None - None - None - None - None - None - None - None
1350 (1484340 Gflops/s) - 1365 (1500833 Gflops/s) - 1347 (1481042 Gflops/s) - 1359 (1494236 Gflops/s) - 1365 (1500833 Gflops/s) - 1375 (1511828 Gflops/s) - 1357 (1492037 Gflops/s) - 1362 (1497534 Gflops/s) | Temperatures: 65°C - 66°C - 71°C - 71°C - 66°C - 65°C - 73°C - 71°C | Throttling: None - None - None - None - None - None - None - None
1351 (1485440 Gflops/s) - 1366 (1501932 Gflops/s) - 1352 (1486539 Gflops/s) - 1360 (1495335 Gflops/s) - 1366 (1501932 Gflops/s) - 1374 (1510728 Gflops/s) - 1358 (1493136 Gflops/s) - 1363 (1498634 Gflops/s) | Temperatures: 64°C - 66°C - 71°C - 71°C - 66°C - 65°C - 73°C - 71°C | Throttling: None - None - None - None - None - None - None - None
1350 (1484340 Gflops/s) - 1366 (1501932 Gflops/s) - 1348 (1482141 Gflops/s) - 1359 (1494236 Gflops/s) - 1367 (1503032 Gflops/s) - 1375 (1511828 Gflops/s) - 1357 (1492037 Gflops/s) - 1362 (1497534 Gflops/s) | Temperatures: 65°C - 66°C - 71°C - 72°C - 66°C - 65°C - 73°C - 71°C | Throttling: None - None - None - None - None - None - None - None
1349 (1483241 Gflops/s) - 1366 (1501932 Gflops/s) - 1349 (1483241 Gflops/s) - 1360 (1495335 Gflops/s) - 1366 (1501932 Gflops/s) - 1376 (1512927 Gflops/s) - 1358 (1493136 Gflops/s) - 1363 (1498634 Gflops/s) | Temperatures: 64°C - 66°C - 71°C - 71°C - 66°C - 65°C - 73°C - 71°C | Throttling: None - None - None - None - None - None - None - None
1350 (1484340 Gflops/s) - 1364 (1499733 Gflops/s) - 1347 (1481042 Gflops/s) - 1358 (1493136 Gflops/s) - 1366 (1501932 Gflops/s) - 1372 (1508529 Gflops/s) - 1355 (1489838 Gflops/s) - 1362 (1497534 Gflops/s) | Temperatures: 65°C - 66°C - 72°C - 72°C - 66°C - 65°C - 73°C - 71°C | Throttling: None - None - None - None - None - None - None - None
1350 (1484340 Gflops/s) - 1366 (1501932 Gflops/s) - 1348 (1482141 Gflops/s) - 1360 (1495335 Gflops/s) - 1366 (1501932 Gflops/s) - 1375 (1511828 Gflops/s) - 1357 (1492037 Gflops/s) - 1362 (1497534 Gflops/s) | Temperatures: 65°C - 66°C - 72°C - 72°C - 66°C - 66°C - 73°C - 71°C | Throttling: None - None - None - None - None - None - None - None
1350 (1484340 Gflops/s) - 1365 (1500833 Gflops/s) - 1348 (1482141 Gflops/s) - 1359 (1494236 Gflops/s) - 1367 (1503032 Gflops/s) - 1374 (1510728 Gflops/s) - 1357 (1492037 Gflops/s) - 1363 (1498634 Gflops/s) | Temperatures: 65°C - 66°C - 72°C - 72°C - 66°C - 66°C - 73°C - 71°C | Throttling: None - None - None - None - None - None - None - None
1348 (1482141 Gflops/s) - 1366 (1501932 Gflops/s) - 1348 (1482141 Gflops/s) - 1359 (1494236 Gflops/s) - 1362 (1497534 Gflops/s) - 1376 (1512927 Gflops/s) - 1358 (1493136 Gflops/s) - 1362 (1497534 Gflops/s) | Temperatures: 65°C - 66°C - 72°C - 72°C - 66°C - 66°C - 73°C - 71°C | Throttling: None - None - None - None - None - None - None - None
1349 (1483241 Gflops/s) - 1365 (1500833 Gflops/s) - 1348 (1482141 Gflops/s) - 1358 (1493136 Gflops/s) - 1367 (1503032 Gflops/s) - 1379 (1516226 Gflops/s) - 1356 (1490937 Gflops/s) - 1363 (1498634 Gflops/s) | Temperatures: 65°C - 66°C - 72°C - 72°C - 66°C - 66°C - 73°C - 71°C | Throttling: None - None - None - None - None - None - None - None
1350 (1484340 Gflops/s) - 1364 (1499733 Gflops/s) - 1346 (1479942 Gflops/s) - 1357 (1492037 Gflops/s) - 1361 (1496435 Gflops/s) - 1379 (1516226 Gflops/s) - 1356 (1490937 Gflops/s) - 1361 (1496435 Gflops/s) | Temperatures: 65°C - 66°C - 72°C - 72°C - 66°C - 66°C - 73°C - 71°C | Throttling: None - None - None - None - None - None - None - None
1348 (1482141 Gflops/s) - 1365 (1500833 Gflops/s) - 1348 (1482141 Gflops/s) - 1358 (1493136 Gflops/s) - 1363 (1498634 Gflops/s) - 1379 (1516226 Gflops/s) - 1357 (1492037 Gflops/s) - 1362 (1497534 Gflops/s) | Temperatures: 65°C - 66°C - 72°C - 72°C - 66°C - 66°C - 73°C - 71°C | Throttling: None - None - None - None - None - None - None - None
1347 (1481042 Gflops/s) - 1364 (1499733 Gflops/s) - 1348 (1482141 Gflops/s) - 1359 (1494236 Gflops/s) - 1360 (1495335 Gflops/s) - 1379 (1516226 Gflops/s) - 1356 (1490937 Gflops/s) - 1362 (1497534 Gflops/s) | Temperatures: 65°C - 66°C - 72°C - 72°C - 66°C - 66°C - 73°C - 71°C | Throttling: None - None - None - None - None - None - None - None
1349 (1483241 Gflops/s) - 1365 (1500833 Gflops/s) - 1347 (1481042 Gflops/s) - 1359 (1494236 Gflops/s) - 1362 (1497534 Gflops/s) - 1378 (1515127 Gflops/s) - 1356 (1490937 Gflops/s) - 1362 (1497534 Gflops/s) | Temperatures: 65°C - 66°C - 72°C - 72°C - 66°C - 66°C - 73°C - 71°C | Throttling: None - None - None - None - None - None - None - None
1349 (1483241 Gflops/s) - 1362 (1497534 Gflops/s) - 1345 (1478843 Gflops/s) - 1356 (1490937 Gflops/s) - 1361 (1496435 Gflops/s) - 1377 (1514027 Gflops/s) - 1355 (1489838 Gflops/s) - 1360 (1495335 Gflops/s) | Temperatures: 65°C - 66°C - 72°C - 72°C - 66°C - 66°C - 73°C - 71°C | Throttling: None - None - None - None - None - None - None - None
1347 (1481042 Gflops/s) - 1365 (1500833 Gflops/s) - 1348 (1482141 Gflops/s) - 1358 (1493136 Gflops/s) - 1361 (1496435 Gflops/s) - 1379 (1516226 Gflops/s) - 1356 (1490937 Gflops/s) - 1362 (1497534 Gflops/s) | Temperatures: 65°C - 67°C - 72°C - 72°C - 66°C - 66°C - 73°C - 71°C | Throttling: None - None - None - None - None - None - None - None
1348 (1482141 Gflops/s) - 1364 (1499733 Gflops/s) - 1347 (1481042 Gflops/s) - 1359 (1494236 Gflops/s) - 1363 (1498634 Gflops/s) - 1379 (1516226 Gflops/s) - 1357 (1492037 Gflops/s) - 1362 (1497534 Gflops/s) | Temperatures: 65°C - 66°C - 72°C - 72°C - 66°C - 66°C - 73°C - 71°C | Throttling: None - None - None - None - None - None - None - None
1348 (1482141 Gflops/s) - 1364 (1499733 Gflops/s) - 1348 (1482141 Gflops/s) - 1358 (1493136 Gflops/s) - 1358 (1493136 Gflops/s) - 1379 (1516226 Gflops/s) - 1355 (1489838 Gflops/s) - 1362 (1497534 Gflops/s) | Temperatures: 65°C - 67°C - 72°C - 72°C - 66°C - 66°C - 73°C - 71°C | Throttling: None - None - None - None - None - None - None - None
1348 (1482141 Gflops/s) - 1363 (1498634 Gflops/s) - 1345 (1478843 Gflops/s) - 1357 (1492037 Gflops/s) - 1361 (1496435 Gflops/s) - 1377 (1514027 Gflops/s) - 1355 (1489838 Gflops/s) - 1360 (1495335 Gflops/s) | Temperatures: 65°C - 67°C - 72°C - 72°C - 66°C - 66°C - 74°C - 71°C | Throttling: None - None - None - None - None - None - None - None
1348 (1482141 Gflops/s) - 1364 (1499733 Gflops/s) - 1347 (1481042 Gflops/s) - 1358 (1493136 Gflops/s) - 1358 (1493136 Gflops/s) - 1377 (1514027 Gflops/s) - 1356 (1490937 Gflops/s) - 1361 (1496435 Gflops/s) | Temperatures: 65°C - 67°C - 72°C - 72°C - 66°C - 66°C - 74°C - 72°C | Throttling: None - None - None - None - None - None - None - None
1347 (1481042 Gflops/s) - 1363 (1498634 Gflops/s) - 1347 (1481042 Gflops/s) - 1358 (1493136 Gflops/s) - 1359 (1494236 Gflops/s) - 1378 (1515127 Gflops/s) - 1356 (1490937 Gflops/s) - 1361 (1496435 Gflops/s) | Temperatures: 65°C - 67°C - 72°C - 72°C - 66°C - 66°C - 74°C - 72°C | Throttling: None - None - None - None - None - None - None - None
1350 (1484340 Gflops/s) - 1365 (1500833 Gflops/s) - 1348 (1482141 Gflops/s) - 1358 (1493136 Gflops/s) - 1362 (1497534 Gflops/s) - 1379 (1516226 Gflops/s) - 1355 (1489838 Gflops/s) - 1362 (1497534 Gflops/s) | Temperatures: 65°C - 67°C - 72°C - 72°C - 66°C - 66°C - 74°C - 72°C | Throttling: None - None - None - None - None - None - None - None
1347 (1481042 Gflops/s) - 1362 (1497534 Gflops/s) - 1347 (1481042 Gflops/s) - 1358 (1493136 Gflops/s) - 1358 (1493136 Gflops/s) - 1379 (1516226 Gflops/s) - 1355 (1489838 Gflops/s) - 1361 (1496435 Gflops/s) | Temperatures: 65°C - 67°C - 72°C - 72°C - 66°C - 66°C - 74°C - 72°C | Throttling: None - None - None - None - None - None - None - None
1364 (1499733 Gflops/s) - 1362 (1497534 Gflops/s) - 1346 (1479942 Gflops/s) - 1357 (1492037 Gflops/s) - 1361 (1496435 Gflops/s) - 1377 (1514027 Gflops/s) - 1354 (1488738 Gflops/s) - 1360 (1495335 Gflops/s) | Temperatures: 65°C - 67°C - 72°C - 72°C - 67°C - 66°C - 74°C - 72°C | Throttling: None - None - None - None - None - None - None - None
1369 (1505231 Gflops/s) - 1364 (1499733 Gflops/s) - 1347 (1481042 Gflops/s) - 1356 (1490937 Gflops/s) - 1359 (1494236 Gflops/s) - 1378 (1515127 Gflops/s) - 1354 (1488738 Gflops/s) - 1361 (1496435 Gflops/s) | Temperatures: 66°C - 67°C - 72°C - 72°C - 66°C - 66°C - 74°C - 72°C | Throttling: None - None - None - None - None - None - None - None
1369 (1505231 Gflops/s) - 1364 (1499733 Gflops/s) - 1345 (1478843 Gflops/s) - 1358 (1493136 Gflops/s) - 1361 (1496435 Gflops/s) - 1379 (1516226 Gflops/s) - 1354 (1488738 Gflops/s) - 1360 (1495335 Gflops/s) | Temperatures: 66°C - 67°C - 72°C - 73°C - 67°C - 66°C - 74°C - 72°C | Throttling: None - None - None - None - None - None - None - None
1369 (1505231 Gflops/s) - 1365 (1500833 Gflops/s) - 1346 (1479942 Gflops/s) - 1358 (1493136 Gflops/s) - 1357 (1492037 Gflops/s) - 1378 (1515127 Gflops/s) - 1352 (1486539 Gflops/s) - 1361 (1496435 Gflops/s) | Temperatures: 66°C - 67°C - 72°C - 72°C - 66°C - 66°C - 74°C - 72°C | Throttling: None - None - None - None - None - None - None - None
1366 (1501932 Gflops/s) - 1362 (1497534 Gflops/s) - 1345 (1478843 Gflops/s) - 1356 (1490937 Gflops/s) - 1362 (1497534 Gflops/s) - 1378 (1515127 Gflops/s) - 1353 (1487639 Gflops/s) - 1360 (1495335 Gflops/s) | Temperatures: 66°C - 67°C - 72°C - 73°C - 67°C - 66°C - 74°C - 72°C | Throttling: None - None - None - None - None - None - None - None
1367 (1503032 Gflops/s) - 1364 (1499733 Gflops/s) - 1346 (1479942 Gflops/s) - 1359 (1494236 Gflops/s) - 1362 (1497534 Gflops/s) - 1379 (1516226 Gflops/s) - 1356 (1490937 Gflops/s) - 1361 (1496435 Gflops/s) | Temperatures: 66°C - 67°C - 73°C - 73°C - 66°C - 66°C - 74°C - 72°C | Throttling: None - None - None - None - None - None - None - None
1367 (1503032 Gflops/s) - 1364 (1499733 Gflops/s) - 1348 (1482141 Gflops/s) - 1357 (1492037 Gflops/s) - 1362 (1497534 Gflops/s) - 1377 (1514027 Gflops/s) - 1355 (1489838 Gflops/s) - 1360 (1495335 Gflops/s) | Temperatures: 66°C - 67°C - 73°C - 73°C - 67°C - 66°C - 74°C - 72°C | Throttling: None - None - None - None - None - None - None - None
1367 (1503032 Gflops/s) - 1364 (1499733 Gflops/s) - 1346 (1479942 Gflops/s) - 1357 (1492037 Gflops/s) - 1357 (1492037 Gflops/s) - 1379 (1516226 Gflops/s) - 1355 (1489838 Gflops/s) - 1360 (1495335 Gflops/s) | Temperatures: 66°C - 67°C - 73°C - 73°C - 66°C - 66°C - 74°C - 72°C | Throttling: None - None - None - None - None - None - None - None
1365 (1500833 Gflops/s) - 1362 (1497534 Gflops/s) - 1346 (1479942 Gflops/s) - 1357 (1492037 Gflops/s) - 1359 (1494236 Gflops/s) - 1376 (1512927 Gflops/s) - 1354 (1488738 Gflops/s) - 1359 (1494236 Gflops/s) | Temperatures: 66°C - 67°C - 73°C - 73°C - 67°C - 66°C - 74°C - 72°C | Throttling: None - None - None - None - None - None - None - None
1367 (1503032 Gflops/s) - 1364 (1499733 Gflops/s) - 1344 (1477743 Gflops/s) - 1357 (1492037 Gflops/s) - 1361 (1496435 Gflops/s) - 1379 (1516226 Gflops/s) - 1354 (1488738 Gflops/s) - 1360 (1495335 Gflops/s) | Temperatures: 66°C - 67°C - 73°C - 73°C - 67°C - 66°C - 74°C - 72°C | Throttling: None - None - None - None - None - None - None - None
1367 (1503032 Gflops/s) - 1363 (1498634 Gflops/s) - 1348 (1482141 Gflops/s) - 1358 (1493136 Gflops/s) - 1358 (1493136 Gflops/s) - 1377 (1514027 Gflops/s) - 1356 (1490937 Gflops/s) - 1361 (1496435 Gflops/s) | Temperatures: 66°C - 67°C - 73°C - 73°C - 67°C - 66°C - 74°C - 72°C | Throttling: None - None - None - None - None - None - None - None
1365 (1500833 Gflops/s) - 1363 (1498634 Gflops/s) - 1344 (1477743 Gflops/s) - 1356 (1490937 Gflops/s) - 1359 (1494236 Gflops/s) - 1376 (1512927 Gflops/s) - 1352 (1486539 Gflops/s) - 1359 (1494236 Gflops/s) | Temperatures: 66°C - 67°C - 73°C - 73°C - 67°C - 66°C - 74°C - 72°C | Throttling: None - None - None - None - None - None - None - None
1367 (1503032 Gflops/s) - 1363 (1498634 Gflops/s) - 1347 (1481042 Gflops/s) - 1358 (1493136 Gflops/s) - 1359 (1494236 Gflops/s) - 1380 (1517326 Gflops/s) - 1354 (1488738 Gflops/s) - 1360 (1495335 Gflops/s) | Temperatures: 66°C - 67°C - 73°C - 73°C - 67°C - 67°C - 74°C - 72°C | Throttling: None - None - None - None - None - None - None - None
1367 (1503032 Gflops/s) - 1364 (1499733 Gflops/s) - 1345 (1478843 Gflops/s) - 1357 (1492037 Gflops/s) - 1357 (1492037 Gflops/s) - 1378 (1515127 Gflops/s) - 1354 (1488738 Gflops/s) - 1359 (1494236 Gflops/s) | Temperatures: 66°C - 67°C - 73°C - 73°C - 67°C - 66°C - 74°C - 72°C | Throttling: None - None - None - None - None - None - None - None
1368 (1504131 Gflops/s) - 1362 (1497534 Gflops/s) - 1346 (1479942 Gflops/s) - 1357 (1492037 Gflops/s) - 1360 (1495335 Gflops/s) - 1379 (1516226 Gflops/s) - 1355 (1489838 Gflops/s) - 1360 (1495335 Gflops/s) | Temperatures: 66°C - 67°C - 73°C - 73°C - 67°C - 66°C - 74°C - 72°C | Throttling: None - None - None - None - None - None - None - None
1365 (1500833 Gflops/s) - 1362 (1497534 Gflops/s) - 1344 (1477743 Gflops/s) - 1357 (1492037 Gflops/s) - 1358 (1493136 Gflops/s) - 1377 (1514027 Gflops/s) - 1353 (1487639 Gflops/s) - 1358 (1493136 Gflops/s) | Temperatures: 66°C - 67°C - 73°C - 73°C - 67°C - 67°C - 74°C - 72°C | Throttling: None - None - None - None - None - None - None - None
1367 (1503032 Gflops/s) - 1363 (1498634 Gflops/s) - 1347 (1481042 Gflops/s) - 1357 (1492037 Gflops/s) - 1357 (1492037 Gflops/s) - 1377 (1514027 Gflops/s) - 1354 (1488738 Gflops/s) - 1360 (1495335 Gflops/s) | Temperatures: 66°C - 67°C - 73°C - 73°C - 67°C - 66°C - 74°C - 72°C | Throttling: None - None - None - None - None - None - None - None
1367 (1503032 Gflops/s) - 1364 (1499733 Gflops/s) - 1346 (1479942 Gflops/s) - 1357 (1492037 Gflops/s) - 1362 (1497534 Gflops/s) - 1379 (1516226 Gflops/s) - 1352 (1486539 Gflops/s) - 1360 (1495335 Gflops/s) | Temperatures: 66°C - 67°C - 73°C - 73°C - 67°C - 67°C - 74°C - 72°C | Throttling: None - None - None - None - None - None - None - None
1365 (1500833 Gflops/s) - 1362 (1497534 Gflops/s) - 1344 (1477743 Gflops/s) - 1355 (1489838 Gflops/s) - 1355 (1489838 Gflops/s) - 1378 (1515127 Gflops/s) - 1352 (1486539 Gflops/s) - 1358 (1493136 Gflops/s) | Temperatures: 66°C - 67°C - 73°C - 73°C - 67°C - 67°C - 74°C - 72°C | Throttling: None - None - None - None - None - None - None - None
1367 (1503032 Gflops/s) - 1363 (1498634 Gflops/s) - 1345 (1478843 Gflops/s) - 1358 (1493136 Gflops/s) - 1360 (1495335 Gflops/s) - 1379 (1516226 Gflops/s) - 1353 (1487639 Gflops/s) - 1359 (1494236 Gflops/s) | Temperatures: 66°C - 67°C - 73°C - 73°C - 67°C - 67°C - 74°C - 72°C | Throttling: None - None - None - None - None - None - None - None
1367 (1503032 Gflops/s) - 1364 (1499733 Gflops/s) - 1345 (1478843 Gflops/s) - 1356 (1490937 Gflops/s) - 1354 (1488738 Gflops/s) - 1379 (1516226 Gflops/s) - 1353 (1487639 Gflops/s) - 1359 (1494236 Gflops/s) | Temperatures: 66°C - 67°C - 73°C - 73°C - 67°C - 66°C - 74°C - 72°C | Throttling: None - None - None - None - None - None - None - None
1366 (1501932 Gflops/s) - 1363 (1498634 Gflops/s) - 1346 (1479942 Gflops/s) - 1358 (1493136 Gflops/s) - 1360 (1495335 Gflops/s) - 1378 (1515127 Gflops/s) - 1352 (1486539 Gflops/s) - 1360 (1495335 Gflops/s) | Temperatures: 66°C - 67°C - 73°C - 73°C - 67°C - 67°C - 74°C - 72°C | Throttling: None - None - None - None - None - None - None - None
1366 (1501932 Gflops/s) - 1362 (1497534 Gflops/s) - 1344 (1477743 Gflops/s) - 1355 (1489838 Gflops/s) - 1358 (1493136 Gflops/s) - 1377 (1514027 Gflops/s) - 1352 (1486539 Gflops/s) - 1358 (1493136 Gflops/s) | Temperatures: 66°C - 67°C - 73°C - 73°C - 67°C - 67°C - 74°C - 72°C | Throttling: None - None - None - None - None - None - None - None
1366 (1501932 Gflops/s) - 1363 (1498634 Gflops/s) - 1345 (1478843 Gflops/s) - 1357 (1492037 Gflops/s) - 1355 (1489838 Gflops/s) - 1378 (1515127 Gflops/s) - 1353 (1487639 Gflops/s) - 1359 (1494236 Gflops/s) | Temperatures: 66°C - 67°C - 73°C - 73°C - 67°C - 66°C - 74°C - 72°C | Throttling: None - None - None - None - None - None - None - None
1367 (1503032 Gflops/s) - 1363 (1498634 Gflops/s) - 1346 (1479942 Gflops/s) - 1357 (1492037 Gflops/s) - 1360 (1495335 Gflops/s) - 1378 (1515127 Gflops/s) - 1353 (1487639 Gflops/s) - 1360 (1495335 Gflops/s) | Temperatures: 66°C - 67°C - 73°C - 73°C - 67°C - 67°C - 74°C - 72°C | Throttling: None - None - None - None - None - None - None - None
1366 (1501932 Gflops/s) - 1364 (1499733 Gflops/s) - 1346 (1479942 Gflops/s) - 1356 (1490937 Gflops/s) - 1357 (1492037 Gflops/s) - 1378 (1515127 Gflops/s) - 1353 (1487639 Gflops/s) - 1358 (1493136 Gflops/s) | Temperatures: 66°C - 67°C - 73°C - 73°C - 67°C - 67°C - 74°C - 72°C | Throttling: None - None - None - None - None - None - None - None
1366 (1501932 Gflops/s) - 1360 (1495335 Gflops/s) - 1343 (1476644 Gflops/s) - 1355 (1489838 Gflops/s) - 1360 (1495335 Gflops/s) - 1378 (1515127 Gflops/s) - 1352 (1486539 Gflops/s) - 1358 (1493136 Gflops/s) | Temperatures: 66°C - 67°C - 73°C - 73°C - 67°C - 67°C - 74°C - 72°C | Throttling: None - None - None - None - None - None - None - None
1367 (1503032 Gflops/s) - 1364 (1499733 Gflops/s) - 1344 (1477743 Gflops/s) - 1358 (1493136 Gflops/s) - 1356 (1490937 Gflops/s) - 1377 (1514027 Gflops/s) - 1353 (1487639 Gflops/s) - 1358 (1493136 Gflops/s) | Temperatures: 66°C - 67°C - 73°C - 73°C - 67°C - 67°C - 74°C - 72°C | Throttling: None - None - None - None - None - None - None - None
1366 (1501932 Gflops/s) - 1362 (1497534 Gflops/s) - 1346 (1479942 Gflops/s) - 1356 (1490937 Gflops/s) - 1359 (1494236 Gflops/s) - 1379 (1516226 Gflops/s) - 1352 (1486539 Gflops/s) - 1359 (1494236 Gflops/s) | Temperatures: 66°C - 67°C - 73°C - 73°C - 67°C - 67°C - 74°C - 72°C | Throttling: None - None - None - None - None - None - None - None
1365 (1500833 Gflops/s) - 1361 (1496435 Gflops/s) - 1343 (1476644 Gflops/s) - 1355 (1489838 Gflops/s) - 1355 (1489838 Gflops/s) - 1378 (1515127 Gflops/s) - 1350 (1484340 Gflops/s) - 1358 (1493136 Gflops/s) | Temperatures: 66°C - 67°C - 73°C - 73°C - 67°C - 67°C - 74°C - 72°C | Throttling: None - None - None - None - None - None - None - None
1366 (1501932 Gflops/s) - 1363 (1498634 Gflops/s) - 1345 (1478843 Gflops/s) - 1356 (1490937 Gflops/s) - 1360 (1495335 Gflops/s) - 1378 (1515127 Gflops/s) - 1354 (1488738 Gflops/s) - 1360 (1495335 Gflops/s) | Temperatures: 66°C - 67°C - 73°C - 73°C - 67°C - 67°C - 74°C - 72°C | Throttling: None - None - None - None - None - None - None - None
1366 (1501932 Gflops/s) - 1362 (1497534 Gflops/s) - 1346 (1479942 Gflops/s) - 1355 (1489838 Gflops/s) - 1360 (1495335 Gflops/s) - 1377 (1514027 Gflops/s) - 1351 (1485440 Gflops/s) - 1359 (1494236 Gflops/s) | Temperatures: 66°C - 67°C - 73°C - 73°C - 67°C - 67°C - 74°C - 72°C | Throttling: None - None - None - None - None - None - None - None
1367 (1503032 Gflops/s) - 1363 (1498634 Gflops/s) - 1344 (1477743 Gflops/s) - 1355 (1489838 Gflops/s) - 1357 (1492037 Gflops/s) - 1377 (1514027 Gflops/s) - 1353 (1487639 Gflops/s) - 1359 (1494236 Gflops/s) | Temperatures: 66°C - 67°C - 73°C - 73°C - 67°C - 67°C - 74°C - 72°C | Throttling: None - None - None - None - None - None - None - None
1364 (1499733 Gflops/s) - 1362 (1497534 Gflops/s) - 1341 (1474445 Gflops/s) - 1354 (1488738 Gflops/s) - 1354 (1488738 Gflops/s) - 1376 (1512927 Gflops/s) - 1352 (1486539 Gflops/s) - 1359 (1494236 Gflops/s) | Temperatures: 66°C - 67°C - 73°C - 73°C - 67°C - 67°C - 74°C - 72°C | Throttling: None - None - None - None - None - None - None - None
1367 (1503032 Gflops/s) - 1363 (1498634 Gflops/s) - 1345 (1478843 Gflops/s) - 1356 (1490937 Gflops/s) - 1358 (1493136 Gflops/s) - 1380 (1517326 Gflops/s) - 1353 (1487639 Gflops/s) - 1360 (1495335 Gflops/s) | Temperatures: 66°C - 67°C - 73°C - 73°C - 67°C - 67°C - 74°C - 72°C | Throttling: None - None - None - None - None - None - None - None
1365 (1500833 Gflops/s) - 1362 (1497534 Gflops/s) - 1344 (1477743 Gflops/s) - 1356 (1490937 Gflops/s) - 1358 (1493136 Gflops/s) - 1377 (1514027 Gflops/s) - 1352 (1486539 Gflops/s) - 1359 (1494236 Gflops/s) | Temperatures: 66°C - 67°C - 73°C - 73°C - 67°C - 67°C - 74°C - 72°C | Throttling: None - None - None - None - None - None - None - None
1365 (1500833 Gflops/s) - 1362 (1497534 Gflops/s) - 1341 (1474445 Gflops/s) - 1355 (1489838 Gflops/s) - 1354 (1488738 Gflops/s) - 1376 (1512927 Gflops/s) - 1351 (1485440 Gflops/s) - 1358 (1493136 Gflops/s) | Temperatures: 66°C - 67°C - 73°C - 73°C - 67°C - 67°C - 74°C - 72°C | Throttling: None - None - None - None - None - None - None - None
1366 (1501932 Gflops/s) - 1362 (1497534 Gflops/s) - 1339 (1472246 Gflops/s) - 1355 (1489838 Gflops/s) - 1355 (1489838 Gflops/s) - 1378 (1515127 Gflops/s) - 1350 (1484340 Gflops/s) - 1360 (1495335 Gflops/s) | Temperatures: 66°C - 67°C - 73°C - 73°C - 67°C - 67°C - 74°C - 72°C | Throttling: None - None - None - None - None - None - None - None
1366 (1501932 Gflops/s) - 1363 (1498634 Gflops/s) - 1345 (1478843 Gflops/s) - 1355 (1489838 Gflops/s) - 1359 (1494236 Gflops/s) - 1378 (1515127 Gflops/s) - 1351 (1485440 Gflops/s) - 1359 (1494236 Gflops/s) | Temperatures: 66°C - 67°C - 73°C - 73°C - 67°C - 67°C - 74°C - 72°C | Throttling: None - None - None - None - None - None - None - None
1366 (1501932 Gflops/s) - 1362 (1497534 Gflops/s) - 1344 (1477743 Gflops/s) - 1356 (1490937 Gflops/s) - 1355 (1489838 Gflops/s) - 1377 (1514027 Gflops/s) - 1352 (1486539 Gflops/s) - 1359 (1494236 Gflops/s) | Temperatures: 66°C - 67°C - 73°C - 73°C - 67°C - 67°C - 74°C - 72°C | Throttling: None - None - None - None - None - None - None - None
1365 (1500833 Gflops/s) - 1362 (1497534 Gflops/s) - 1342 (1475544 Gflops/s) - 1354 (1488738 Gflops/s) - 1352 (1486539 Gflops/s) - 1376 (1512927 Gflops/s) - 1352 (1486539 Gflops/s) - 1359 (1494236 Gflops/s) | Temperatures: 66°C - 67°C - 73°C - 73°C - 67°C - 67°C - 74°C - 72°C | Throttling: None - None - None - None - None - None - None - None
1366 (1501932 Gflops/s) - 1362 (1497534 Gflops/s) - 1343 (1476644 Gflops/s) - 1356 (1490937 Gflops/s) - 1356 (1490937 Gflops/s) - 1378 (1515127 Gflops/s) - 1352 (1486539 Gflops/s) - 1359 (1494236 Gflops/s) | Temperatures: 66°C - 67°C - 73°C - 73°C - 67°C - 67°C - 74°C - 72°C | Throttling: None - None - None - None - None - None - None - None
1366 (1501932 Gflops/s) - 1362 (1497534 Gflops/s) - 1342 (1475544 Gflops/s) - 1355 (1489838 Gflops/s) - 1361 (1496435 Gflops/s) - 1377 (1514027 Gflops/s) - 1351 (1485440 Gflops/s) - 1359 (1494236 Gflops/s) | Temperatures: 66°C - 67°C - 73°C - 73°C - 67°C - 67°C - 74°C - 72°C | Throttling: None - None - None - None - None - None - None - None
1366 (1501932 Gflops/s) - 1362 (1497534 Gflops/s) - 1343 (1476644 Gflops/s) - 1356 (1490937 Gflops/s) - 1355 (1489838 Gflops/s) - 1378 (1515127 Gflops/s) - 1351 (1485440 Gflops/s) - 1359 (1494236 Gflops/s) | Temperatures: 66°C - 67°C - 73°C - 73°C - 67°C - 67°C - 74°C - 72°C | Throttling: None - None - None - None - None - None - None - None
1365 (1500833 Gflops/s) - 1361 (1496435 Gflops/s) - 1343 (1476644 Gflops/s) - 1355 (1489838 Gflops/s) - 1357 (1492037 Gflops/s) - 1377 (1514027 Gflops/s) - 1350 (1484340 Gflops/s) - 1358 (1493136 Gflops/s) | Temperatures: 66°C - 67°C - 73°C - 73°C - 67°C - 67°C - 74°C - 72°C | Throttling: None - None - None - None - None - None - None - None
1365 (1500833 Gflops/s) - 1363 (1498634 Gflops/s) - 1343 (1476644 Gflops/s) - 1355 (1489838 Gflops/s) - 1352 (1486539 Gflops/s) - 1377 (1514027 Gflops/s) - 1352 (1486539 Gflops/s) - 1358 (1493136 Gflops/s) | Temperatures: 66°C - 67°C - 73°C - 73°C - 67°C - 67°C - 75°C - 72°C | Throttling: None - None - None - None - None - None - None - None
1366 (1501932 Gflops/s) - 1362 (1497534 Gflops/s) - 1343 (1476644 Gflops/s) - 1356 (1490937 Gflops/s) - 1359 (1494236 Gflops/s) - 1378 (1515127 Gflops/s) - 1350 (1484340 Gflops/s) - 1359 (1494236 Gflops/s) | Temperatures: 66°C - 67°C - 73°C - 73°C - 67°C - 67°C - 74°C - 72°C | Throttling: None - None - None - None - None - None - None - None
1365 (1500833 Gflops/s) - 1361 (1496435 Gflops/s) - 1341 (1474445 Gflops/s) - 1355 (1489838 Gflops/s) - 1354 (1488738 Gflops/s) - 1375 (1511828 Gflops/s) - 1351 (1485440 Gflops/s) - 1357 (1492037 Gflops/s) | Temperatures: 66°C - 67°C - 73°C - 73°C - 67°C - 67°C - 74°C - 72°C | Throttling: None - None - None - None - None - None - None - None
1366 (1501932 Gflops/s) - 1362 (1497534 Gflops/s) - 1342 (1475544 Gflops/s) - 1355 (1489838 Gflops/s) - 1356 (1490937 Gflops/s) - 1378 (1515127 Gflops/s) - 1352 (1486539 Gflops/s) - 1359 (1494236 Gflops/s) | Temperatures: 66°C - 67°C - 73°C - 73°C - 67°C - 67°C - 74°C - 72°C | Throttling: None - None - None - None - None - None - None - None
1366 (1501932 Gflops/s) - 1362 (1497534 Gflops/s) - 1343 (1476644 Gflops/s) - 1356 (1490937 Gflops/s) - 1359 (1494236 Gflops/s) - 1377 (1514027 Gflops/s) - 1351 (1485440 Gflops/s) - 1358 (1493136 Gflops/s) | Temperatures: 66°C - 67°C - 73°C - 73°C - 67°C - 67°C - 75°C - 72°C | Throttling: None - None - None - None - None - None - None - None
1367 (1503032 Gflops/s) - 1362 (1497534 Gflops/s) - 1344 (1477743 Gflops/s) - 1356 (1490937 Gflops/s) - 1352 (1486539 Gflops/s) - 1376 (1512927 Gflops/s) - 1351 (1485440 Gflops/s) - 1359 (1494236 Gflops/s) | Temperatures: 66°C - 68°C - 73°C - 73°C - 67°C - 67°C - 75°C - 73°C | Throttling: None - None - None - None - None - None - None - None
1365 (1500833 Gflops/s) - 1361 (1496435 Gflops/s) - 1342 (1475544 Gflops/s) - 1353 (1487639 Gflops/s) - 1358 (1493136 Gflops/s) - 1376 (1512927 Gflops/s) - 1349 (1483241 Gflops/s) - 1357 (1492037 Gflops/s) | Temperatures: 66°C - 68°C - 73°C - 73°C - 67°C - 67°C - 75°C - 73°C | Throttling: None - None - None - None - None - None - None - None
1367 (1503032 Gflops/s) - 1363 (1498634 Gflops/s) - 1343 (1476644 Gflops/s) - 1355 (1489838 Gflops/s) - 1355 (1489838 Gflops/s) - 1378 (1515127 Gflops/s) - 1353 (1487639 Gflops/s) - 1358 (1493136 Gflops/s) | Temperatures: 66°C - 68°C - 73°C - 73°C - 67°C - 67°C - 75°C - 73°C | Throttling: None - None - None - None - None - None - None - None
1367 (1503032 Gflops/s) - 1361 (1496435 Gflops/s) - 1340 (1473345 Gflops/s) - 1355 (1489838 Gflops/s) - 1354 (1488738 Gflops/s) - 1376 (1512927 Gflops/s) - 1351 (1485440 Gflops/s) - 1359 (1494236 Gflops/s) | Temperatures: 66°C - 67°C - 73°C - 73°C - 67°C - 67°C - 74°C - 73°C | Throttling: None - None - None - None - None - None - None - None
1366 (1501932 Gflops/s) - 1363 (1498634 Gflops/s) - 1344 (1477743 Gflops/s) - 1355 (1489838 Gflops/s) - 1354 (1488738 Gflops/s) - 1378 (1515127 Gflops/s) - 1351 (1485440 Gflops/s) - 1359 (1494236 Gflops/s) | Temperatures: 66°C - 67°C - 73°C - 73°C - 67°C - 67°C - 75°C - 72°C | Throttling: None - None - None - None - None - None - None - None
1367 (1503032 Gflops/s) - 1362 (1497534 Gflops/s) - 1342 (1475544 Gflops/s) - 1356 (1490937 Gflops/s) - 1355 (1489838 Gflops/s) - 1377 (1514027 Gflops/s) - 1350 (1484340 Gflops/s) - 1358 (1493136 Gflops/s) | Temperatures: 66°C - 67°C - 73°C - 73°C - 67°C - 67°C - 75°C - 72°C | Throttling: None - None - None - None - None - None - None - None
1366 (1501932 Gflops/s) - 1361 (1496435 Gflops/s) - 1342 (1475544 Gflops/s) - 1355 (1489838 Gflops/s) - 1355 (1489838 Gflops/s) - 1376 (1512927 Gflops/s) - 1350 (1484340 Gflops/s) - 1358 (1493136 Gflops/s) | Temperatures: 66°C - 67°C - 73°C - 73°C - 67°C - 67°C - 75°C - 72°C | Throttling: None - None - None - None - None - None - None - None
1368 (1504131 Gflops/s) - 1363 (1498634 Gflops/s) - 1344 (1477743 Gflops/s) - 1355 (1489838 Gflops/s) - 1352 (1486539 Gflops/s) - 1378 (1515127 Gflops/s) - 1351 (1485440 Gflops/s) - 1358 (1493136 Gflops/s) | Temperatures: 66°C - 67°C - 73°C - 73°C - 67°C - 67°C - 75°C - 72°C | Throttling: None - None - None - None - None - None - None - None
1368 (1504131 Gflops/s) - 1362 (1497534 Gflops/s) - 1343 (1476644 Gflops/s) - 1355 (1489838 Gflops/s) - 1361 (1496435 Gflops/s) - 1377 (1514027 Gflops/s) - 1353 (1487639 Gflops/s) - 1359 (1494236 Gflops/s) | Temperatures: 66°C - 67°C - 73°C - 73°C - 67°C - 67°C - 75°C - 72°C | Throttling: None - None - None - None - None - None - None - None
1367 (1503032 Gflops/s) - 1364 (1499733 Gflops/s) - 1343 (1476644 Gflops/s) - 1356 (1490937 Gflops/s) - 1357 (1492037 Gflops/s) - 1378 (1515127 Gflops/s) - 1350 (1484340 Gflops/s) - 1359 (1494236 Gflops/s) | Temperatures: 66°C - 67°C - 73°C - 73°C - 67°C - 67°C - 75°C - 72°C | Throttling: None - None - None - None - None - None - None - None
1367 (1503032 Gflops/s) - 1361 (1496435 Gflops/s) - 1341 (1474445 Gflops/s) - 1353 (1487639 Gflops/s) - 1352 (1486539 Gflops/s) - 1377 (1514027 Gflops/s) - 1349 (1483241 Gflops/s) - 1357 (1492037 Gflops/s) | Temperatures: 66°C - 67°C - 73°C - 73°C - 67°C - 67°C - 74°C - 72°C | Throttling: None - None - None - None - None - None - None - None
1366 (1501932 Gflops/s) - 1362 (1497534 Gflops/s) - 1343 (1476644 Gflops/s) - 1355 (1489838 Gflops/s) - 1359 (1494236 Gflops/s) - 1378 (1515127 Gflops/s) - 1351 (1485440 Gflops/s) - 1359 (1494236 Gflops/s) | Temperatures: 66°C - 67°C - 73°C - 73°C - 67°C - 66°C - 75°C - 72°C | Throttling: None - None - None - None - None - None - None - None
1367 (1503032 Gflops/s) - 1363 (1498634 Gflops/s) - 1344 (1477743 Gflops/s) - 1356 (1490937 Gflops/s) - 1358 (1493136 Gflops/s) - 1378 (1515127 Gflops/s) - 1351 (1485440 Gflops/s) - 1359 (1494236 Gflops/s) | Temperatures: 66°C - 67°C - 73°C - 73°C - 67°C - 67°C - 74°C - 72°C | Throttling: None - None - None - None - None - None - None - None
1367 (1503032 Gflops/s) - 1362 (1497534 Gflops/s) - 1343 (1476644 Gflops/s) - 1356 (1490937 Gflops/s) - 1355 (1489838 Gflops/s) - 1377 (1514027 Gflops/s) - 1352 (1486539 Gflops/s) - 1359 (1494236 Gflops/s) | Temperatures: 66°C - 67°C - 73°C - 73°C - 67°C - 66°C - 74°C - 72°C | Throttling: None - None - None - None - None - None - None - None
1366 (1501932 Gflops/s) - 1362 (1497534 Gflops/s) - 1341 (1474445 Gflops/s) - 1353 (1487639 Gflops/s) - 1357 (1492037 Gflops/s) - 1375 (1511828 Gflops/s) - 1350 (1484340 Gflops/s) - 1357 (1492037 Gflops/s) | Temperatures: 66°C - 67°C - 73°C - 73°C - 67°C - 66°C - 74°C - 72°C | Throttling: None - None - None - None - None - None - None - None
1368 (1504131 Gflops/s) - 1362 (1497534 Gflops/s) - 1345 (1478843 Gflops/s) - 1356 (1490937 Gflops/s) - 1358 (1493136 Gflops/s) - 1378 (1515127 Gflops/s) - 1351 (1485440 Gflops/s) - 1359 (1494236 Gflops/s) | Temperatures: 66°C - 67°C - 73°C - 73°C - 67°C - 66°C - 74°C - 72°C | Throttling: None - None - None - None - None - None - None - None
1368 (1504131 Gflops/s) - 1363 (1498634 Gflops/s) - 1344 (1477743 Gflops/s) - 1355 (1489838 Gflops/s) - 1356 (1490937 Gflops/s) - 1378 (1515127 Gflops/s) - 1351 (1485440 Gflops/s) - 1359 (1494236 Gflops/s) | Temperatures: 66°C - 67°C - 73°C - 73°C - 67°C - 67°C - 74°C - 72°C | Throttling: None - None - None - None - None - None - None - None
1367 (1503032 Gflops/s) - 1363 (1498634 Gflops/s) - 1346 (1479942 Gflops/s) - 1356 (1490937 Gflops/s) - 1354 (1488738 Gflops/s) - 1377 (1514027 Gflops/s) - 1351 (1485440 Gflops/s) - 1359 (1494236 Gflops/s) | Temperatures: 66°C - 67°C - 73°C - 73°C - 67°C - 67°C - 74°C - 72°C | Throttling: None - None - None - None - None - None - None - None
1366 (1501932 Gflops/s) - 1361 (1496435 Gflops/s) - 1342 (1475544 Gflops/s) - 1354 (1488738 Gflops/s) - 1358 (1493136 Gflops/s) - 1377 (1514027 Gflops/s) - 1349 (1483241 Gflops/s) - 1358 (1493136 Gflops/s) | Temperatures: 66°C - 67°C - 73°C - 73°C - 67°C - 67°C - 74°C - 72°C | Throttling: None - None - None - None - None - None - None - None
1367 (1503032 Gflops/s) - 1362 (1497534 Gflops/s) - 1342 (1475544 Gflops/s) - 1356 (1490937 Gflops/s) - 1355 (1489838 Gflops/s) - 1378 (1515127 Gflops/s) - 1353 (1487639 Gflops/s) - 1359 (1494236 Gflops/s) | Temperatures: 66°C - 67°C - 73°C - 73°C - 67°C - 67°C - 74°C - 72°C | Throttling: None - None - None - None - None - None - None - None
1366 (1501932 Gflops/s) - 1363 (1498634 Gflops/s) - 1343 (1476644 Gflops/s) - 1357 (1492037 Gflops/s) - 1355 (1489838 Gflops/s) - 1377 (1514027 Gflops/s) - 1351 (1485440 Gflops/s) - 1359 (1494236 Gflops/s) | Temperatures: 66°C - 67°C - 73°C - 73°C - 67°C - 66°C - 74°C - 72°C | Throttling: None - None - None - None - None - None - None - None
1368 (1504131 Gflops/s) - 1363 (1498634 Gflops/s) - 1342 (1475544 Gflops/s) - 1355 (1489838 Gflops/s) - 1359 (1494236 Gflops/s) - 1378 (1515127 Gflops/s) - 1353 (1487639 Gflops/s) - 1359 (1494236 Gflops/s) | Temperatures: 66°C - 67°C - 73°C - 73°C - 67°C - 67°C - 74°C - 72°C | Throttling: None - None - None - None - None - None - None - None
1366 (1501932 Gflops/s) - 1361 (1496435 Gflops/s) - 1341 (1474445 Gflops/s) - 1354 (1488738 Gflops/s) - 1355 (1489838 Gflops/s) - 1376 (1512927 Gflops/s) - 1352 (1486539 Gflops/s) - 1358 (1493136 Gflops/s) | Temperatures: 66°C - 67°C - 73°C - 73°C - 67°C - 67°C - 74°C - 72°C | Throttling: None - None - None - None - None - None - None - None
1367 (1503032 Gflops/s) - 1363 (1498634 Gflops/s) - 1342 (1475544 Gflops/s) - 1356 (1490937 Gflops/s) - 1358 (1493136 Gflops/s) - 1378 (1515127 Gflops/s) - 1350 (1484340 Gflops/s) - 1358 (1493136 Gflops/s) | Temperatures: 66°C - 67°C - 73°C - 73°C - 67°C - 67°C - 74°C - 72°C | Throttling: None - None - None - None - None - None - None - None
1368 (1504131 Gflops/s) - 1362 (1497534 Gflops/s) - 1344 (1477743 Gflops/s) - 1355 (1489838 Gflops/s) - 1354 (1488738 Gflops/s) - 1378 (1515127 Gflops/s) - 1353 (1487639 Gflops/s) - 1359 (1494236 Gflops/s) | Temperatures: 66°C - 67°C - 73°C - 73°C - 67°C - 66°C - 74°C - 72°C | Throttling: None - None - None - None - None - None - None - None
1368 (1504131 Gflops/s) - 1363 (1498634 Gflops/s) - 1343 (1476644 Gflops/s) - 1356 (1490937 Gflops/s) - 1358 (1493136 Gflops/s) - 1378 (1515127 Gflops/s) - 1351 (1485440 Gflops/s) - 1358 (1493136 Gflops/s) | Temperatures: 66°C - 67°C - 73°C - 73°C - 67°C - 67°C - 74°C - 72°C | Throttling: None - None - None - None - None - None - None - None
1365 (1500833 Gflops/s) - 1361 (1496435 Gflops/s) - 1341 (1474445 Gflops/s) - 1353 (1487639 Gflops/s) - 1355 (1489838 Gflops/s) - 1377 (1514027 Gflops/s) - 1351 (1485440 Gflops/s) - 1358 (1493136 Gflops/s) | Temperatures: 66°C - 67°C - 73°C - 73°C - 67°C - 67°C - 74°C - 72°C | Throttling: None - None - None - None - None - None - None - None
1366 (1501932 Gflops/s) - 1363 (1498634 Gflops/s) - 1343 (1476644 Gflops/s) - 1356 (1490937 Gflops/s) - 1358 (1493136 Gflops/s) - 1378 (1515127 Gflops/s) - 1353 (1487639 Gflops/s) - 1358 (1493136 Gflops/s) | Temperatures: 66°C - 67°C - 73°C - 73°C - 67°C - 67°C - 74°C - 72°C | Throttling: None - None - None - None - None - None - None - None
1366 (1501932 Gflops/s) - 1363 (1498634 Gflops/s) - 1342 (1475544 Gflops/s) - 1355 (1489838 Gflops/s) - 1352 (1486539 Gflops/s) - 1378 (1515127 Gflops/s) - 1351 (1485440 Gflops/s) - 1360 (1495335 Gflops/s) | Temperatures: 66°C - 67°C - 73°C - 73°C - 67°C - 67°C - 74°C - 72°C | Throttling: None - None - None - None - None - None - None - None
1366 (1501932 Gflops/s) - 1361 (1496435 Gflops/s) - 1344 (1477743 Gflops/s) - 1354 (1488738 Gflops/s) - 1354 (1488738 Gflops/s) - 1377 (1514027 Gflops/s) - 1351 (1485440 Gflops/s) - 1357 (1492037 Gflops/s) | Temperatures: 66°C - 67°C - 73°C - 73°C - 67°C - 67°C - 74°C - 72°C | Throttling: None - None - None - None - None - None - None - None
1367 (1503032 Gflops/s) - 1362 (1497534 Gflops/s) - 1343 (1476644 Gflops/s) - 1355 (1489838 Gflops/s) - 1361 (1496435 Gflops/s) - 1378 (1515127 Gflops/s) - 1350 (1484340 Gflops/s) - 1360 (1495335 Gflops/s) | Temperatures: 66°C - 67°C - 73°C - 73°C - 67°C - 67°C - 74°C - 72°C | Throttling: None - None - None - None - None - None - None - None
1366 (1501932 Gflops/s) - 1364 (1499733 Gflops/s) - 1343 (1476644 Gflops/s) - 1356 (1490937 Gflops/s) - 1355 (1489838 Gflops/s) - 1378 (1515127 Gflops/s) - 1351 (1485440 Gflops/s) - 1358 (1493136 Gflops/s) | Temperatures: 66°C - 67°C - 73°C - 73°C - 67°C - 66°C - 74°C - 72°C | Throttling: None - None - None - None - None - None - None - None
1367 (1503032 Gflops/s) - 1362 (1497534 Gflops/s) - 1343 (1476644 Gflops/s) - 1356 (1490937 Gflops/s) - 1357 (1492037 Gflops/s) - 1377 (1514027 Gflops/s) - 1352 (1486539 Gflops/s) - 1358 (1493136 Gflops/s) | Temperatures: 66°C - 67°C - 73°C - 73°C - 67°C - 67°C - 74°C - 72°C | Throttling: None - None - None - None - None - None - None - None
1365 (1500833 Gflops/s) - 1361 (1496435 Gflops/s) - 1341 (1474445 Gflops/s) - 1354 (1488738 Gflops/s) - 1359 (1494236 Gflops/s) - 1377 (1514027 Gflops/s) - 1351 (1485440 Gflops/s) - 1357 (1492037 Gflops/s) | Temperatures: 66°C - 67°C - 73°C - 73°C - 67°C - 66°C - 74°C - 72°C | Throttling: None - None - None - None - None - None - None - None
1368 (1504131 Gflops/s) - 1362 (1497534 Gflops/s) - 1343 (1476644 Gflops/s) - 1355 (1489838 Gflops/s) - 1355 (1489838 Gflops/s) - 1377 (1514027 Gflops/s) - 1352 (1486539 Gflops/s) - 1359 (1494236 Gflops/s) | Temperatures: 66°C - 67°C - 73°C - 73°C - 67°C - 67°C - 74°C - 72°C | Throttling: None - None - None - None - None - None - None - None
1368 (1504131 Gflops/s) - 1363 (1498634 Gflops/s) - 1344 (1477743 Gflops/s) - 1356 (1490937 Gflops/s) - 1359 (1494236 Gflops/s) - 1378 (1515127 Gflops/s) - 1352 (1486539 Gflops/s) - 1359 (1494236 Gflops/s) | Temperatures: 66°C - 67°C - 73°C - 73°C - 67°C - 67°C - 74°C - 72°C | Throttling: None - None - None - None - None - None - None - None
1367 (1503032 Gflops/s) - 1363 (1498634 Gflops/s) - 1343 (1476644 Gflops/s) - 1357 (1492037 Gflops/s) - 1356 (1490937 Gflops/s) - 1377 (1514027 Gflops/s) - 1352 (1486539 Gflops/s) - 1359 (1494236 Gflops/s) | Temperatures: 66°C - 67°C - 73°C - 73°C - 67°C - 66°C - 74°C - 72°C | Throttling: None - None - None - None - None - None - None - None
1366 (1501932 Gflops/s) - 1362 (1497534 Gflops/s) - 1341 (1474445 Gflops/s) - 1354 (1488738 Gflops/s) - 1356 (1490937 Gflops/s) - 1377 (1514027 Gflops/s) - 1350 (1484340 Gflops/s) - 1356 (1490937 Gflops/s) | Temperatures: 66°C - 67°C - 73°C - 73°C - 67°C - 67°C - 74°C - 72°C | Throttling: None - None - None - None - None - None - None - None
1366 (1501932 Gflops/s) - 1363 (1498634 Gflops/s) - 1344 (1477743 Gflops/s) - 1356 (1490937 Gflops/s) - 1359 (1494236 Gflops/s) - 1377 (1514027 Gflops/s) - 1351 (1485440 Gflops/s) - 1359 (1494236 Gflops/s) | Temperatures: 66°C - 67°C - 73°C - 73°C - 67°C - 67°C - 74°C - 72°C | Throttling: None - None - None - None - None - None - None - None
1366 (1501932 Gflops/s) - 1363 (1498634 Gflops/s) - 1343 (1476644 Gflops/s) - 1356 (1490937 Gflops/s) - 1356 (1490937 Gflops/s) - 1378 (1515127 Gflops/s) - 1352 (1486539 Gflops/s) - 1359 (1494236 Gflops/s) | Temperatures: 66°C - 67°C - 73°C - 73°C - 67°C - 66°C - 74°C - 72°C | Throttling: None - None - None - None - None - None - None - None
1367 (1503032 Gflops/s) - 1363 (1498634 Gflops/s) - 1343 (1476644 Gflops/s) - 1355 (1489838 Gflops/s) - 1360 (1495335 Gflops/s) - 1378 (1515127 Gflops/s) - 1351 (1485440 Gflops/s) - 1361 (1496435 Gflops/s) | Temperatures: 66°C - 67°C - 73°C - 73°C - 67°C - 67°C - 74°C - 72°C | Throttling: None - None - None - None - None - None - None - None
1366 (1501932 Gflops/s) - 1362 (1497534 Gflops/s) - 1344 (1477743 Gflops/s) - 1355 (1489838 Gflops/s) - 1356 (1490937 Gflops/s) - 1376 (1512927 Gflops/s) - 1350 (1484340 Gflops/s) - 1358 (1493136 Gflops/s) | Temperatures: 66°C - 67°C - 73°C - 73°C - 67°C - 67°C - 74°C - 72°C | Throttling: None - None - None - None - None - None - None - None
1366 (1501932 Gflops/s) - 1363 (1498634 Gflops/s) - 1344 (1477743 Gflops/s) - 1356 (1490937 Gflops/s) - 1357 (1492037 Gflops/s) - 1378 (1515127 Gflops/s) - 1352 (1486539 Gflops/s) - 1358 (1493136 Gflops/s) | Temperatures: 66°C - 67°C - 73°C - 73°C - 67°C - 67°C - 74°C - 72°C | Throttling: None - None - None - None - None - None - None - None
1367 (1503032 Gflops/s) - 1363 (1498634 Gflops/s) - 1342 (1475544 Gflops/s) - 1356 (1490937 Gflops/s) - 1358 (1493136 Gflops/s) - 1379 (1516226 Gflops/s) - 1352 (1486539 Gflops/s) - 1358 (1493136 Gflops/s) | Temperatures: 66°C - 67°C - 73°C - 73°C - 67°C - 67°C - 74°C - 72°C | Throttling: None - None - None - None - None - None - None - None
1367 (1503032 Gflops/s) - 1362 (1497534 Gflops/s) - 1342 (1475544 Gflops/s) - 1357 (1492037 Gflops/s) - 1356 (1490937 Gflops/s) - 1377 (1514027 Gflops/s) - 1353 (1487639 Gflops/s) - 1358 (1493136 Gflops/s) | Temperatures: 66°C - 67°C - 73°C - 73°C - 67°C - 66°C - 74°C - 72°C | Throttling: None - None - None - None - None - None - None - None
1366 (1501932 Gflops/s) - 1362 (1497534 Gflops/s) - 1342 (1475544 Gflops/s) - 1355 (1489838 Gflops/s) - 1358 (1493136 Gflops/s) - 1377 (1514027 Gflops/s) - 1350 (1484340 Gflops/s) - 1358 (1493136 Gflops/s) | Temperatures: 66°C - 67°C - 73°C - 73°C - 67°C - 66°C - 74°C - 72°C | Throttling: None - None - None - None - None - None - None - None
1368 (1504131 Gflops/s) - 1363 (1498634 Gflops/s) - 1345 (1478843 Gflops/s) - 1357 (1492037 Gflops/s) - 1354 (1488738 Gflops/s) - 1379 (1516226 Gflops/s) - 1350 (1484340 Gflops/s) - 1355 (1489838 Gflops/s) | Temperatures: 66°C - 67°C - 73°C - 73°C - 67°C - 67°C - 74°C - 72°C | Throttling: None - None - None - None - None - None - None - None
1366 (1501932 Gflops/s) - 1364 (1499733 Gflops/s) - 1344 (1477743 Gflops/s) - 1356 (1490937 Gflops/s) - 1358 (1493136 Gflops/s) - 1378 (1515127 Gflops/s) - 1354 (1488738 Gflops/s) - 1360 (1495335 Gflops/s) | Temperatures: 66°C - 67°C - 73°C - 73°C - 67°C - 66°C - 74°C - 72°C | Throttling: None - None - None - None - None - None - None - None
1368 (1504131 Gflops/s) - 1363 (1498634 Gflops/s) - 1345 (1478843 Gflops/s) - 1357 (1492037 Gflops/s) - 1359 (1494236 Gflops/s) - 1379 (1516226 Gflops/s) - 1350 (1484340 Gflops/s) - 1358 (1493136 Gflops/s) | Temperatures: 66°C - 67°C - 73°C - 73°C - 67°C - 66°C - 74°C - 72°C | Throttling: None - None - None - None - None - None - None - None
1368 (1504131 Gflops/s) - 1363 (1498634 Gflops/s) - 1343 (1476644 Gflops/s) - 1356 (1490937 Gflops/s) - 1356 (1490937 Gflops/s) - 1379 (1516226 Gflops/s) - 1352 (1486539 Gflops/s) - 1360 (1495335 Gflops/s) | Temperatures: 66°C - 67°C - 73°C - 73°C - 67°C - 66°C - 74°C - 72°C | Throttling: None - None - None - None - None - None - None - None
1366 (1501932 Gflops/s) - 1361 (1496435 Gflops/s) - 1342 (1475544 Gflops/s) - 1355 (1489838 Gflops/s) - 1356 (1490937 Gflops/s) - 1377 (1514027 Gflops/s) - 1350 (1484340 Gflops/s) - 1356 (1490937 Gflops/s) | Temperatures: 66°C - 67°C - 73°C - 73°C - 67°C - 66°C - 74°C - 72°C | Throttling: None - None - None - None - None - None - None - None
1368 (1504131 Gflops/s) - 1363 (1498634 Gflops/s) - 1342 (1475544 Gflops/s) - 1356 (1490937 Gflops/s) - 1357 (1492037 Gflops/s) - 1378 (1515127 Gflops/s) - 1353 (1487639 Gflops/s) - 1360 (1495335 Gflops/s) | Temperatures: 66°C - 67°C - 73°C - 73°C - 67°C - 66°C - 74°C - 72°C | Throttling: None - None - None - None - None - None - None - None
1367 (1503032 Gflops/s) - 1363 (1498634 Gflops/s) - 1345 (1478843 Gflops/s) - 1356 (1490937 Gflops/s) - 1356 (1490937 Gflops/s) - 1377 (1514027 Gflops/s) - 1352 (1486539 Gflops/s) - 1360 (1495335 Gflops/s) | Temperatures: 66°C - 67°C - 73°C - 73°C - 67°C - 66°C - 74°C - 72°C | Throttling: None - None - None - None - None - None - None - None
1366 (1501932 Gflops/s) - 1362 (1497534 Gflops/s) - 1342 (1475544 Gflops/s) - 1355 (1489838 Gflops/s) - 1362 (1497534 Gflops/s) - 1377 (1514027 Gflops/s) - 1351 (1485440 Gflops/s) - 1358 (1493136 Gflops/s) | Temperatures: 66°C - 67°C - 73°C - 73°C - 67°C - 66°C - 74°C - 72°C | Throttling: None - None - None - None - None - None - None - None
1367 (1503032 Gflops/s) - 1364 (1499733 Gflops/s) - 1341 (1474445 Gflops/s) - 1355 (1489838 Gflops/s) - 1355 (1489838 Gflops/s) - 1378 (1515127 Gflops/s) - 1353 (1487639 Gflops/s) - 1359 (1494236 Gflops/s) | Temperatures: 66°C - 67°C - 73°C - 73°C - 67°C - 66°C - 74°C - 72°C | Throttling: None - None - None - None - None - None - None - None
1368 (1504131 Gflops/s) - 1362 (1497534 Gflops/s) - 1343 (1476644 Gflops/s) - 1356 (1490937 Gflops/s) - 1358 (1493136 Gflops/s) - 1379 (1516226 Gflops/s) - 1353 (1487639 Gflops/s) - 1359 (1494236 Gflops/s) | Temperatures: 66°C - 67°C - 73°C - 73°C - 67°C - 66°C - 74°C - 72°C | Throttling: None - None - None - None - None - None - None - None
1367 (1503032 Gflops/s) - 1364 (1499733 Gflops/s) - 1343 (1476644 Gflops/s) - 1355 (1489838 Gflops/s) - 1359 (1494236 Gflops/s) - 1378 (1515127 Gflops/s) - 1353 (1487639 Gflops/s) - 1359 (1494236 Gflops/s) | Temperatures: 66°C - 67°C - 73°C - 73°C - 67°C - 66°C - 74°C - 72°C | Throttling: None - None - None - None - None - None - None - None
1366 (1501932 Gflops/s) - 1362 (1497534 Gflops/s) - 1342 (1475544 Gflops/s) - 1355 (1489838 Gflops/s) - 1357 (1492037 Gflops/s) - 1377 (1514027 Gflops/s) - 1351 (1485440 Gflops/s) - 1358 (1493136 Gflops/s) | Temperatures: 66°C - 67°C - 73°C - 73°C - 67°C - 66°C - 74°C - 72°C | Throttling: None - None - None - None - None - None - None - None
1367 (1503032 Gflops/s) - 1364 (1499733 Gflops/s) - 1342 (1475544 Gflops/s) - 1354 (1488738 Gflops/s) - 1358 (1493136 Gflops/s) - 1378 (1515127 Gflops/s) - 1354 (1488738 Gflops/s) - 1359 (1494236 Gflops/s) | Temperatures: 66°C - 67°C - 73°C - 73°C - 67°C - 66°C - 74°C - 72°C | Throttling: None - None - None - None - None - None - None - None
1367 (1503032 Gflops/s) - 1363 (1498634 Gflops/s) - 1343 (1476644 Gflops/s) - 1357 (1492037 Gflops/s) - 1358 (1493136 Gflops/s) - 1379 (1516226 Gflops/s) - 1352 (1486539 Gflops/s) - 1358 (1493136 Gflops/s) | Temperatures: 66°C - 67°C - 73°C - 73°C - 67°C - 66°C - 74°C - 72°C | Throttling: None - None - None - None - None - None - None - None
1366 (1501932 Gflops/s) - 1363 (1498634 Gflops/s) - 1342 (1475544 Gflops/s) - 1355 (1489838 Gflops/s) - 1357 (1492037 Gflops/s) - 1378 (1515127 Gflops/s) - 1351 (1485440 Gflops/s) - 1360 (1495335 Gflops/s) | Temperatures: 66°C - 67°C - 73°C - 73°C - 67°C - 66°C - 74°C - 72°C | Throttling: None - None - None - None - None - None - None - None
1365 (1500833 Gflops/s) - 1362 (1497534 Gflops/s) - 1341 (1474445 Gflops/s) - 1354 (1488738 Gflops/s) - 1358 (1493136 Gflops/s) - 1376 (1512927 Gflops/s) - 1351 (1485440 Gflops/s) - 1359 (1494236 Gflops/s) | Temperatures: 66°C - 67°C - 73°C - 73°C - 67°C - 66°C - 74°C - 72°C | Throttling: None - None - None - None - None - None - None - None
1366 (1501932 Gflops/s) - 1362 (1497534 Gflops/s) - 1343 (1476644 Gflops/s) - 1356 (1490937 Gflops/s) - 1358 (1493136 Gflops/s) - 1379 (1516226 Gflops/s) - 1353 (1487639 Gflops/s) - 1359 (1494236 Gflops/s) | Temperatures: 66°C - 67°C - 73°C - 73°C - 67°C - 66°C - 74°C - 72°C | Throttling: None - None - None - None - None - None - None - None
1366 (1501932 Gflops/s) - 1363 (1498634 Gflops/s) - 1342 (1475544 Gflops/s) - 1355 (1489838 Gflops/s) - 1356 (1490937 Gflops/s) - 1379 (1516226 Gflops/s) - 1352 (1486539 Gflops/s) - 1359 (1494236 Gflops/s) | Temperatures: 66°C - 67°C - 73°C - 73°C - 67°C - 66°C - 74°C - 72°C | Throttling: None - None - None - None - None - None - None - None
1366 (1501932 Gflops/s) - 1364 (1499733 Gflops/s) - 1342 (1475544 Gflops/s) - 1357 (1492037 Gflops/s) - 1361 (1496435 Gflops/s) - 1379 (1516226 Gflops/s) - 1353 (1487639 Gflops/s) - 1360 (1495335 Gflops/s) | Temperatures: 66°C - 67°C - 73°C - 73°C - 67°C - 66°C - 74°C - 72°C | Throttling: None - None - None - None - None - None - None - None
1364 (1499733 Gflops/s) - 1362 (1497534 Gflops/s) - 1342 (1475544 Gflops/s) - 1354 (1488738 Gflops/s) - 1354 (1488738 Gflops/s) - 1377 (1514027 Gflops/s) - 1351 (1485440 Gflops/s) - 1358 (1493136 Gflops/s) | Temperatures: 66°C - 67°C - 73°C - 73°C - 67°C - 66°C - 74°C - 72°C | Throttling: None - None - None - None - None - None - None - None
1366 (1501932 Gflops/s) - 1364 (1499733 Gflops/s) - 1343 (1476644 Gflops/s) - 1358 (1493136 Gflops/s) - 1361 (1496435 Gflops/s) - 1378 (1515127 Gflops/s) - 1353 (1487639 Gflops/s) - 1359 (1494236 Gflops/s) | Temperatures: 66°C - 67°C - 73°C - 73°C - 67°C - 66°C - 74°C - 72°C | Throttling: None - None - None - None - None - None - None - None
1366 (1501932 Gflops/s) - 1363 (1498634 Gflops/s) - 1343 (1476644 Gflops/s) - 1356 (1490937 Gflops/s) - 1355 (1489838 Gflops/s) - 1378 (1515127 Gflops/s) - 1351 (1485440 Gflops/s) - 1359 (1494236 Gflops/s) | Temperatures: 66°C - 67°C - 73°C - 73°C - 66°C - 66°C - 74°C - 72°C | Throttling: None - None - None - None - None - None - None - None
1367 (1503032 Gflops/s) - 1364 (1499733 Gflops/s) - 1345 (1478843 Gflops/s) - 1357 (1492037 Gflops/s) - 1358 (1493136 Gflops/s) - 1378 (1515127 Gflops/s) - 1353 (1487639 Gflops/s) - 1359 (1494236 Gflops/s) | Temperatures: 66°C - 67°C - 73°C - 73°C - 67°C - 66°C - 74°C - 72°C | Throttling: None - None - None - None - None - None - None - None
1367 (1503032 Gflops/s) - 1363 (1498634 Gflops/s) - 1343 (1476644 Gflops/s) - 1356 (1490937 Gflops/s) - 1359 (1494236 Gflops/s) - 1379 (1516226 Gflops/s) - 1352 (1486539 Gflops/s) - 1358 (1493136 Gflops/s) | Temperatures: 66°C - 67°C - 73°C - 73°C - 67°C - 66°C - 74°C - 72°C | Throttling: None - None - None - None - None - None - None - None
1366 (1501932 Gflops/s) - 1362 (1497534 Gflops/s) - 1343 (1476644 Gflops/s) - 1354 (1488738 Gflops/s) - 1356 (1490937 Gflops/s) - 1377 (1514027 Gflops/s) - 1351 (1485440 Gflops/s) - 1358 (1493136 Gflops/s) | Temperatures: 66°C - 67°C - 73°C - 73°C - 67°C - 66°C - 74°C - 72°C | Throttling: None - None - None - None - None - None - None - None
1367 (1503032 Gflops/s) - 1362 (1497534 Gflops/s) - 1343 (1476644 Gflops/s) - 1356 (1490937 Gflops/s) - 1358 (1493136 Gflops/s) - 1378 (1515127 Gflops/s) - 1354 (1488738 Gflops/s) - 1360 (1495335 Gflops/s) | Temperatures: 66°C - 67°C - 73°C - 73°C - 67°C - 66°C - 74°C - 72°C | Throttling: None - None - None - None - None - None - None - None
1367 (1503032 Gflops/s) - 1364 (1499733 Gflops/s) - 1343 (1476644 Gflops/s) - 1355 (1489838 Gflops/s) - 1357 (1492037 Gflops/s) - 1377 (1514027 Gflops/s) - 1352 (1486539 Gflops/s) - 1359 (1494236 Gflops/s) | Temperatures: 66°C - 67°C - 73°C - 73°C - 67°C - 66°C - 74°C - 72°C | Throttling: None - None - None - None - None - None - None - None
1367 (1503032 Gflops/s) - 1362 (1497534 Gflops/s) - 1344 (1477743 Gflops/s) - 1356 (1490937 Gflops/s) - 1360 (1495335 Gflops/s) - 1378 (1515127 Gflops/s) - 1352 (1486539 Gflops/s) - 1359 (1494236 Gflops/s) | Temperatures: 66°C - 67°C - 73°C - 73°C - 67°C - 66°C - 74°C - 72°C | Throttling: None - None - None - None - None - None - None - None
1366 (1501932 Gflops/s) - 1361 (1496435 Gflops/s) - 1342 (1475544 Gflops/s) - 1355 (1489838 Gflops/s) - 1356 (1490937 Gflops/s) - 1377 (1514027 Gflops/s) - 1353 (1487639 Gflops/s) - 1358 (1493136 Gflops/s) | Temperatures: 66°C - 67°C - 73°C - 73°C - 67°C - 66°C - 74°C - 72°C | Throttling: None - None - None - None - None - None - None - None
1366 (1501932 Gflops/s) - 1362 (1497534 Gflops/s) - 1343 (1476644 Gflops/s) - 1356 (1490937 Gflops/s) - 1361 (1496435 Gflops/s) - 1377 (1514027 Gflops/s) - 1352 (1486539 Gflops/s) - 1360 (1495335 Gflops/s) | Temperatures: 66°C - 67°C - 73°C - 73°C - 67°C - 66°C - 74°C - 72°C | Throttling: None - None - None - None - None - None - None - None
1367 (1503032 Gflops/s) - 1363 (1498634 Gflops/s) - 1342 (1475544 Gflops/s) - 1356 (1490937 Gflops/s) - 1359 (1494236 Gflops/s) - 1379 (1516226 Gflops/s) - 1351 (1485440 Gflops/s) - 1358 (1493136 Gflops/s) | Temperatures: 66°C - 67°C - 73°C - 73°C - 66°C - 66°C - 74°C - 72°C | Throttling: None - None - None - None - None - None - None - None
1366 (1501932 Gflops/s) - 1363 (1498634 Gflops/s) - 1343 (1476644 Gflops/s) - 1356 (1490937 Gflops/s) - 1358 (1493136 Gflops/s) - 1378 (1515127 Gflops/s) - 1352 (1486539 Gflops/s) - 1359 (1494236 Gflops/s) | Temperatures: 66°C - 67°C - 73°C - 73°C - 66°C - 66°C - 74°C - 72°C | Throttling: None - None - None - None - None - None - None - None
1366 (1501932 Gflops/s) - 1361 (1496435 Gflops/s) - 1343 (1476644 Gflops/s) - 1355 (1489838 Gflops/s) - 1357 (1492037 Gflops/s) - 1378 (1515127 Gflops/s) - 1352 (1486539 Gflops/s) - 1359 (1494236 Gflops/s) | Temperatures: 66°C - 67°C - 73°C - 73°C - 67°C - 66°C - 74°C - 72°C | Throttling: None - None - None - None - None - None - None - None
1367 (1503032 Gflops/s) - 1363 (1498634 Gflops/s) - 1343 (1476644 Gflops/s) - 1356 (1490937 Gflops/s) - 1356 (1490937 Gflops/s) - 1378 (1515127 Gflops/s) - 1350 (1484340 Gflops/s) - 1359 (1494236 Gflops/s) | Temperatures: 66°C - 67°C - 73°C - 73°C - 66°C - 66°C - 74°C - 72°C | Throttling: None - None - None - None - None - None - None - None
1366 (1501932 Gflops/s) - 1362 (1497534 Gflops/s) - 1343 (1476644 Gflops/s) - 1357 (1492037 Gflops/s) - 1357 (1492037 Gflops/s) - 1378 (1515127 Gflops/s) - 1355 (1489838 Gflops/s) - 1360 (1495335 Gflops/s) | Temperatures: 66°C - 67°C - 73°C - 73°C - 66°C - 66°C - 74°C - 72°C | Throttling: None - None - None - None - None - None - None - None
1366 (1501932 Gflops/s) - 1364 (1499733 Gflops/s) - 1345 (1478843 Gflops/s) - 1355 (1489838 Gflops/s) - 1357 (1492037 Gflops/s) - 1379 (1516226 Gflops/s) - 1352 (1486539 Gflops/s) - 1360 (1495335 Gflops/s) | Temperatures: 66°C - 67°C - 73°C - 73°C - 67°C - 66°C - 74°C - 72°C | Throttling: None - None - None - None - None - None - None - None
1368 (1504131 Gflops/s) - 1363 (1498634 Gflops/s) - 1342 (1475544 Gflops/s) - 1357 (1492037 Gflops/s) - 1358 (1493136 Gflops/s) - 1378 (1515127 Gflops/s) - 1353 (1487639 Gflops/s) - 1359 (1494236 Gflops/s) | Temperatures: 66°C - 67°C - 73°C - 72°C - 67°C - 66°C - 74°C - 72°C | Throttling: None - None - None - None - None - None - None - None
1365 (1500833 Gflops/s) - 1363 (1498634 Gflops/s) - 1343 (1476644 Gflops/s) - 1356 (1490937 Gflops/s) - 1360 (1495335 Gflops/s) - 1378 (1515127 Gflops/s) - 1351 (1485440 Gflops/s) - 1358 (1493136 Gflops/s) | Temperatures: 66°C - 67°C - 73°C - 73°C - 67°C - 66°C - 74°C - 72°C | Throttling: None - None - None - None - None - None - None - None
1367 (1503032 Gflops/s) - 1363 (1498634 Gflops/s) - 1344 (1477743 Gflops/s) - 1357 (1492037 Gflops/s) - 1356 (1490937 Gflops/s) - 1379 (1516226 Gflops/s) - 1353 (1487639 Gflops/s) - 1360 (1495335 Gflops/s) | Temperatures: 66°C - 67°C - 73°C - 72°C - 66°C - 66°C - 74°C - 72°C | Throttling: None - None - None - None - None - None - None - None
1367 (1503032 Gflops/s) - 1363 (1498634 Gflops/s) - 1341 (1474445 Gflops/s) - 1357 (1492037 Gflops/s) - 1359 (1494236 Gflops/s) - 1379 (1516226 Gflops/s) - 1353 (1487639 Gflops/s) - 1359 (1494236 Gflops/s) | Temperatures: 66°C - 67°C - 73°C - 73°C - 67°C - 66°C - 74°C - 72°C | Throttling: None - None - None - None - None - None - None - None
1367 (1503032 Gflops/s) - 1364 (1499733 Gflops/s) - 1343 (1476644 Gflops/s) - 1357 (1492037 Gflops/s) - 1360 (1495335 Gflops/s) - 1379 (1516226 Gflops/s) - 1353 (1487639 Gflops/s) - 1360 (1495335 Gflops/s) | Temperatures: 66°C - 67°C - 73°C - 73°C - 67°C - 66°C - 74°C - 72°C | Throttling: None - None - None - None - None - None - None - None
1365 (1500833 Gflops/s) - 1362 (1497534 Gflops/s) - 1343 (1476644 Gflops/s) - 1355 (1489838 Gflops/s) - 1356 (1490937 Gflops/s) - 1377 (1514027 Gflops/s) - 1351 (1485440 Gflops/s) - 1358 (1493136 Gflops/s) | Temperatures: 66°C - 67°C - 73°C - 73°C - 67°C - 66°C - 74°C - 72°C | Throttling: None - None - None - None - None - None - None - None
1366 (1501932 Gflops/s) - 1363 (1498634 Gflops/s) - 1343 (1476644 Gflops/s) - 1356 (1490937 Gflops/s) - 1358 (1493136 Gflops/s) - 1378 (1515127 Gflops/s) - 1354 (1488738 Gflops/s) - 1359 (1494236 Gflops/s) | Temperatures: 66°C - 67°C - 73°C - 73°C - 67°C - 66°C - 74°C - 72°C | Throttling: None - None - None - None - None - None - None - None
1366 (1501932 Gflops/s) - 1363 (1498634 Gflops/s) - 1344 (1477743 Gflops/s) - 1357 (1492037 Gflops/s) - 1357 (1492037 Gflops/s) - 1378 (1515127 Gflops/s) - 1352 (1486539 Gflops/s) - 1360 (1495335 Gflops/s) | Temperatures: 66°C - 67°C - 73°C - 73°C - 67°C - 66°C - 74°C - 72°C | Throttling: None - None - None - None - None - None - None - None
1366 (1501932 Gflops/s) - 1363 (1498634 Gflops/s) - 1342 (1475544 Gflops/s) - 1356 (1490937 Gflops/s) - 1359 (1494236 Gflops/s) - 1379 (1516226 Gflops/s) - 1351 (1485440 Gflops/s) - 1359 (1494236 Gflops/s) | Temperatures: 66°C - 67°C - 73°C - 73°C - 67°C - 66°C - 74°C - 72°C | Throttling: None - None - None - None - None - None - None - None
1365 (1500833 Gflops/s) - 1362 (1497534 Gflops/s) - 1343 (1476644 Gflops/s) - 1356 (1490937 Gflops/s) - 1356 (1490937 Gflops/s) - 1376 (1512927 Gflops/s) - 1351 (1485440 Gflops/s) - 1357 (1492037 Gflops/s) | Temperatures: 66°C - 67°C - 73°C - 73°C - 67°C - 66°C - 74°C - 72°C | Throttling: None - None - None - None - None - None - None - None
1366 (1501932 Gflops/s) - 1364 (1499733 Gflops/s) - 1342 (1475544 Gflops/s) - 1356 (1490937 Gflops/s) - 1357 (1492037 Gflops/s) - 1378 (1515127 Gflops/s) - 1353 (1487639 Gflops/s) - 1359 (1494236 Gflops/s) | Temperatures: 66°C - 67°C - 73°C - 73°C - 67°C - 66°C - 74°C - 72°C | Throttling: None - None - None - None - None - None - None - None
1367 (1503032 Gflops/s) - 1363 (1498634 Gflops/s) - 1343 (1476644 Gflops/s) - 1356 (1490937 Gflops/s) - 1361 (1496435 Gflops/s) - 1378 (1515127 Gflops/s) - 1354 (1488738 Gflops/s) - 1359 (1494236 Gflops/s) | Temperatures: 66°C - 67°C - 73°C - 73°C - 67°C - 67°C - 74°C - 72°C | Throttling: None - None - None - None - None - None - None - None
1366 (1501932 Gflops/s) - 1362 (1497534 Gflops/s) - 1341 (1474445 Gflops/s) - 1357 (1492037 Gflops/s) - 1357 (1492037 Gflops/s) - 1378 (1515127 Gflops/s) - 1352 (1486539 Gflops/s) - 1358 (1493136 Gflops/s) | Temperatures: 66°C - 67°C - 73°C - 73°C - 67°C - 67°C - 74°C - 72°C | Throttling: None - None - None - None - None - None - None - None
1366 (1501932 Gflops/s) - 1363 (1498634 Gflops/s) - 1344 (1477743 Gflops/s) - 1356 (1490937 Gflops/s) - 1354 (1488738 Gflops/s) - 1378 (1515127 Gflops/s) - 1353 (1487639 Gflops/s) - 1359 (1494236 Gflops/s) | Temperatures: 66°C - 67°C - 73°C - 73°C - 67°C - 66°C - 74°C - 72°C | Throttling: None - None - None - None - None - None - None - None
1365 (1500833 Gflops/s) - 1362 (1497534 Gflops/s) - 1341 (1474445 Gflops/s) - 1354 (1488738 Gflops/s) - 1359 (1494236 Gflops/s) - 1377 (1514027 Gflops/s) - 1351 (1485440 Gflops/s) - 1357 (1492037 Gflops/s) | Temperatures: 66°C - 67°C - 73°C - 73°C - 67°C - 66°C - 74°C - 72°C | Throttling: None - None - None - None - None - None - None - None
1366 (1501932 Gflops/s) - 1363 (1498634 Gflops/s) - 1343 (1476644 Gflops/s) - 1357 (1492037 Gflops/s) - 1357 (1492037 Gflops/s) - 1378 (1515127 Gflops/s) - 1352 (1486539 Gflops/s) - 1359 (1494236 Gflops/s) | Temperatures: 66°C - 67°C - 73°C - 73°C - 67°C - 66°C - 74°C - 72°C | Throttling: None - None - None - None - None - None - None - None
1365 (1500833 Gflops/s) - 1362 (1497534 Gflops/s) - 1344 (1477743 Gflops/s) - 1357 (1492037 Gflops/s) - 1356 (1490937 Gflops/s) - 1380 (1517326 Gflops/s) - 1353 (1487639 Gflops/s) - 1359 (1494236 Gflops/s) | Temperatures: 66°C - 67°C - 73°C - 73°C - 67°C - 66°C - 74°C - 72°C | Throttling: None - None - None - None - None - None - None - None
1367 (1503032 Gflops/s) - 1364 (1499733 Gflops/s) - 1343 (1476644 Gflops/s) - 1356 (1490937 Gflops/s) - 1362 (1497534 Gflops/s) - 1378 (1515127 Gflops/s) - 1354 (1488738 Gflops/s) - 1359 (1494236 Gflops/s) | Temperatures: 66°C - 67°C - 73°C - 73°C - 67°C - 66°C - 74°C - 72°C | Throttling: None - None - None - None - None - None - None - None
1365 (1500833 Gflops/s) - 1361 (1496435 Gflops/s) - 1341 (1474445 Gflops/s) - 1355 (1489838 Gflops/s) - 1357 (1492037 Gflops/s) - 1378 (1515127 Gflops/s) - 1352 (1486539 Gflops/s) - 1358 (1493136 Gflops/s) | Temperatures: 66°C - 67°C - 73°C - 73°C - 67°C - 66°C - 74°C - 72°C | Throttling: None - None - None - None - None - None - None - None
1366 (1501932 Gflops/s) - 1364 (1499733 Gflops/s) - 1343 (1476644 Gflops/s) - 1356 (1490937 Gflops/s) - 1357 (1492037 Gflops/s) - 1377 (1514027 Gflops/s) - 1351 (1485440 Gflops/s) - 1360 (1495335 Gflops/s) | Temperatures: 66°C - 67°C - 73°C - 73°C - 66°C - 66°C - 74°C - 72°C | Throttling: None - None - None - None - None - None - None - None
1366 (1501932 Gflops/s) - 1363 (1498634 Gflops/s) - 1343 (1476644 Gflops/s) - 1357 (1492037 Gflops/s) - 1359 (1494236 Gflops/s) - 1379 (1516226 Gflops/s) - 1353 (1487639 Gflops/s) - 1358 (1493136 Gflops/s) | Temperatures: 66°C - 67°C - 73°C - 73°C - 67°C - 66°C - 74°C - 72°C | Throttling: None - None - None - None - None - None - None - None
1366 (1501932 Gflops/s) - 1363 (1498634 Gflops/s) - 1343 (1476644 Gflops/s) - 1356 (1490937 Gflops/s) - 1356 (1490937 Gflops/s) - 1378 (1515127 Gflops/s) - 1353 (1487639 Gflops/s) - 1360 (1495335 Gflops/s) | Temperatures: 66°C - 67°C - 73°C - 73°C - 67°C - 66°C - 74°C - 72°C | Throttling: None - None - None - None - None - None - None - None
1366 (1501932 Gflops/s) - 1363 (1498634 Gflops/s) - 1344 (1477743 Gflops/s) - 1356 (1490937 Gflops/s) - 1356 (1490937 Gflops/s) - 1378 (1515127 Gflops/s) - 1352 (1486539 Gflops/s) - 1359 (1494236 Gflops/s) | Temperatures: 66°C - 67°C - 73°C - 73°C - 66°C - 66°C - 74°C - 72°C | Throttling: None - None - None - None - None - None - None - None
1365 (1500833 Gflops/s) - 1361 (1496435 Gflops/s) - 1343 (1476644 Gflops/s) - 1355 (1489838 Gflops/s) - 1358 (1493136 Gflops/s) - 1378 (1515127 Gflops/s) - 1353 (1487639 Gflops/s) - 1358 (1493136 Gflops/s) | Temperatures: 66°C - 67°C - 73°C - 73°C - 67°C - 66°C - 74°C - 72°C | Throttling: None - None - None - None - None - None - None - None
1366 (1501932 Gflops/s) - 1364 (1499733 Gflops/s) - 1345 (1478843 Gflops/s) - 1356 (1490937 Gflops/s) - 1357 (1492037 Gflops/s) - 1378 (1515127 Gflops/s) - 1351 (1485440 Gflops/s) - 1359 (1494236 Gflops/s) | Temperatures: 66°C - 67°C - 73°C - 73°C - 66°C - 66°C - 74°C - 72°C | Throttling: None - None - None - None - None - None - None - None
1367 (1503032 Gflops/s) - 1363 (1498634 Gflops/s) - 1345 (1478843 Gflops/s) - 1356 (1490937 Gflops/s) - 1358 (1493136 Gflops/s) - 1377 (1514027 Gflops/s) - 1353 (1487639 Gflops/s) - 1359 (1494236 Gflops/s) | Temperatures: 66°C - 67°C - 73°C - 73°C - 67°C - 66°C - 74°C - 72°C | Throttling: None - None - None - None - None - None - None - None
1367 (1503032 Gflops/s) - 1363 (1498634 Gflops/s) - 1343 (1476644 Gflops/s) - 1356 (1490937 Gflops/s) - 1355 (1489838 Gflops/s) - 1378 (1515127 Gflops/s) - 1352 (1486539 Gflops/s) - 1360 (1495335 Gflops/s) | Temperatures: 66°C - 67°C - 73°C - 73°C - 66°C - 66°C - 74°C - 72°C | Throttling: None - None - None - None - None - None - None - None
1366 (1501932 Gflops/s) - 1361 (1496435 Gflops/s) - 1341 (1474445 Gflops/s) - 1355 (1489838 Gflops/s) - 1359 (1494236 Gflops/s) - 1376 (1512927 Gflops/s) - 1351 (1485440 Gflops/s) - 1357 (1492037 Gflops/s) | Temperatures: 66°C - 67°C - 73°C - 73°C - 67°C - 66°C - 74°C - 72°C | Throttling: None - None - None - None - None - None - None - None
1366 (1501932 Gflops/s) - 1363 (1498634 Gflops/s) - 1343 (1476644 Gflops/s) - 1356 (1490937 Gflops/s) - 1357 (1492037 Gflops/s) - 1378 (1515127 Gflops/s) - 1353 (1487639 Gflops/s) - 1359 (1494236 Gflops/s) | Temperatures: 66°C - 67°C - 73°C - 73°C - 67°C - 66°C - 74°C - 72°C | Throttling: None - None - None - None - None - None - None - None
1367 (1503032 Gflops/s) - 1363 (1498634 Gflops/s) - 1343 (1476644 Gflops/s) - 1356 (1490937 Gflops/s) - 1359 (1494236 Gflops/s) - 1379 (1516226 Gflops/s) - 1353 (1487639 Gflops/s) - 1359 (1494236 Gflops/s) | Temperatures: 66°C - 67°C - 73°C - 73°C - 67°C - 66°C - 74°C - 72°C | Throttling: None - None - None - None - None - None - None - None
1366 (1501932 Gflops/s) - 1363 (1498634 Gflops/s) - 1342 (1475544 Gflops/s) - 1356 (1490937 Gflops/s) - 1356 (1490937 Gflops/s) - 1378 (1515127 Gflops/s) - 1353 (1487639 Gflops/s) - 1359 (1494236 Gflops/s) | Temperatures: 66°C - 67°C - 73°C - 73°C - 67°C - 66°C - 74°C - 72°C | Throttling: None - None - None - None - None - None - None - None
1365 (1500833 Gflops/s) - 1362 (1497534 Gflops/s) - 1342 (1475544 Gflops/s) - 1355 (1489838 Gflops/s) - 1358 (1493136 Gflops/s) - 1377 (1514027 Gflops/s) - 1351 (1485440 Gflops/s) - 1358 (1493136 Gflops/s) | Temperatures: 66°C - 67°C - 73°C - 73°C - 67°C - 66°C - 74°C - 72°C | Throttling: None - None - None - None - None - None - None - None
1366 (1501932 Gflops/s) - 1364 (1499733 Gflops/s) - 1342 (1475544 Gflops/s) - 1355 (1489838 Gflops/s) - 1360 (1495335 Gflops/s) - 1377 (1514027 Gflops/s) - 1352 (1486539 Gflops/s) - 1359 (1494236 Gflops/s) | Temperatures: 66°C - 67°C - 73°C - 73°C - 67°C - 66°C - 74°C - 72°C | Throttling: None - None - None - None - None - None - None - None
1367 (1503032 Gflops/s) - 1363 (1498634 Gflops/s) - 1344 (1477743 Gflops/s) - 1357 (1492037 Gflops/s) - 1357 (1492037 Gflops/s) - 1378 (1515127 Gflops/s) - 1353 (1487639 Gflops/s) - 1359 (1494236 Gflops/s) | Temperatures: 66°C - 67°C - 73°C - 73°C - 67°C - 66°C - 74°C - 72°C | Throttling: None - None - None - None - None - None - None - None
1368 (1504131 Gflops/s) - 1363 (1498634 Gflops/s) - 1341 (1474445 Gflops/s) - 1357 (1492037 Gflops/s) - 1360 (1495335 Gflops/s) - 1379 (1516226 Gflops/s) - 1352 (1486539 Gflops/s) - 1359 (1494236 Gflops/s) | Temperatures: 66°C - 67°C - 73°C - 73°C - 67°C - 66°C - 74°C - 72°C | Throttling: None - None - None - None - None - None - None - None
1364 (1499733 Gflops/s) - 1361 (1496435 Gflops/s) - 1343 (1476644 Gflops/s) - 1354 (1488738 Gflops/s) - 1359 (1494236 Gflops/s) - 1376 (1512927 Gflops/s) - 1351 (1485440 Gflops/s) - 1358 (1493136 Gflops/s) | Temperatures: 66°C - 67°C - 73°C - 73°C - 67°C - 66°C - 74°C - 72°C | Throttling: None - None - None - None - None - None - None - None
1368 (1504131 Gflops/s) - 1365 (1500833 Gflops/s) - 1342 (1475544 Gflops/s) - 1357 (1492037 Gflops/s) - 1356 (1490937 Gflops/s) - 1378 (1515127 Gflops/s) - 1353 (1487639 Gflops/s) - 1360 (1495335 Gflops/s) | Temperatures: 66°C - 67°C - 73°C - 73°C - 66°C - 66°C - 74°C - 72°C | Throttling: None - None - None - None - None - None - None - None
1366 (1501932 Gflops/s) - 1363 (1498634 Gflops/s) - 1344 (1477743 Gflops/s) - 1357 (1492037 Gflops/s) - 1361 (1496435 Gflops/s) - 1379 (1516226 Gflops/s) - 1353 (1487639 Gflops/s) - 1359 (1494236 Gflops/s) | Temperatures: 66°C - 67°C - 73°C - 73°C - 67°C - 66°C - 74°C - 72°C | Throttling: None - None - None - None - None - None - None - None
1367 (1503032 Gflops/s) - 1363 (1498634 Gflops/s) - 1344 (1477743 Gflops/s) - 1356 (1490937 Gflops/s) - 1358 (1493136 Gflops/s) - 1379 (1516226 Gflops/s) - 1353 (1487639 Gflops/s) - 1359 (1494236 Gflops/s) | Temperatures: 66°C - 67°C - 73°C - 73°C - 66°C - 66°C - 74°C - 72°C | Throttling: None - None - None - None - None - None - None - None
1365 (1500833 Gflops/s) - 1362 (1497534 Gflops/s) - 1341 (1474445 Gflops/s) - 1355 (1489838 Gflops/s) - 1360 (1495335 Gflops/s) - 1376 (1512927 Gflops/s) - 1350 (1484340 Gflops/s) - 1359 (1494236 Gflops/s) | Temperatures: 66°C - 67°C - 73°C - 73°C - 67°C - 66°C - 74°C - 72°C | Throttling: None - None - None - None - None - None - None - None
1367 (1503032 Gflops/s) - 1364 (1499733 Gflops/s) - 1344 (1477743 Gflops/s) - 1357 (1492037 Gflops/s) - 1355 (1489838 Gflops/s) - 1378 (1515127 Gflops/s) - 1352 (1486539 Gflops/s) - 1359 (1494236 Gflops/s) | Temperatures: 66°C - 67°C - 73°C - 73°C - 67°C - 66°C - 74°C - 72°C | Throttling: None - None - None - None - None - None - None - None
1368 (1504131 Gflops/s) - 1363 (1498634 Gflops/s) - 1344 (1477743 Gflops/s) - 1356 (1490937 Gflops/s) - 1357 (1492037 Gflops/s) - 1378 (1515127 Gflops/s) - 1352 (1486539 Gflops/s) - 1360 (1495335 Gflops/s) | Temperatures: 66°C - 67°C - 73°C - 73°C - 66°C - 66°C - 74°C - 72°C | Throttling: None - None - None - None - None - None - None - None
1366 (1501932 Gflops/s) - 1361 (1496435 Gflops/s) - 1343 (1476644 Gflops/s) - 1356 (1490937 Gflops/s) - 1358 (1493136 Gflops/s) - 1377 (1514027 Gflops/s) - 1351 (1485440 Gflops/s) - 1358 (1493136 Gflops/s) | Temperatures: 66°C - 67°C - 73°C - 73°C - 67°C - 66°C - 74°C - 72°C | Throttling: None - None - None - None - None - None - None - None
1367 (1503032 Gflops/s) - 1363 (1498634 Gflops/s) - 1341 (1474445 Gflops/s) - 1356 (1490937 Gflops/s) - 1358 (1493136 Gflops/s) - 1378 (1515127 Gflops/s) - 1354 (1488738 Gflops/s) - 1361 (1496435 Gflops/s) | Temperatures: 66°C - 67°C - 73°C - 73°C - 67°C - 66°C - 74°C - 72°C | Throttling: None - None - None - None - None - None - None - None
1366 (1501932 Gflops/s) - 1364 (1499733 Gflops/s) - 1344 (1477743 Gflops/s) - 1357 (1492037 Gflops/s) - 1358 (1493136 Gflops/s) - 1379 (1516226 Gflops/s) - 1352 (1486539 Gflops/s) - 1360 (1495335 Gflops/s) | Temperatures: 66°C - 67°C - 73°C - 73°C - 67°C - 66°C - 74°C - 72°C | Throttling: None - None - None - None - None - None - None - None
1367 (1503032 Gflops/s) - 1363 (1498634 Gflops/s) - 1342 (1475544 Gflops/s) - 1355 (1489838 Gflops/s) - 1359 (1494236 Gflops/s) - 1379 (1516226 Gflops/s) - 1352 (1486539 Gflops/s) - 1359 (1494236 Gflops/s) | Temperatures: 66°C - 67°C - 73°C - 73°C - 67°C - 66°C - 74°C - 72°C | Throttling: None - None - None - None - None - None - None - None
1366 (1501932 Gflops/s) - 1362 (1497534 Gflops/s) - 1342 (1475544 Gflops/s) - 1355 (1489838 Gflops/s) - 1356 (1490937 Gflops/s) - 1378 (1515127 Gflops/s) - 1351 (1485440 Gflops/s) - 1359 (1494236 Gflops/s) | Temperatures: 66°C - 67°C - 73°C - 73°C - 66°C - 66°C - 74°C - 72°C | Throttling: None - None - None - None - None - None - None - None
1367 (1503032 Gflops/s) - 1363 (1498634 Gflops/s) - 1343 (1476644 Gflops/s) - 1357 (1492037 Gflops/s) - 1361 (1496435 Gflops/s) - 1378 (1515127 Gflops/s) - 1353 (1487639 Gflops/s) - 1359 (1494236 Gflops/s) | Temperatures: 66°C - 67°C - 73°C - 73°C - 67°C - 66°C - 74°C - 72°C | Throttling: None - None - None - None - None - None - None - None
1367 (1503032 Gflops/s) - 1363 (1498634 Gflops/s) - 1342 (1475544 Gflops/s) - 1355 (1489838 Gflops/s) - 1359 (1494236 Gflops/s) - 1378 (1515127 Gflops/s) - 1352 (1486539 Gflops/s) - 1360 (1495335 Gflops/s) | Temperatures: 66°C - 67°C - 73°C - 73°C - 67°C - 66°C - 74°C - 72°C | Throttling: None - None - None - None - None - None - None - None
1367 (1503032 Gflops/s) - 1363 (1498634 Gflops/s) - 1346 (1479942 Gflops/s) - 1357 (1492037 Gflops/s) - 1356 (1490937 Gflops/s) - 1380 (1517326 Gflops/s) - 1353 (1487639 Gflops/s) - 1359 (1494236 Gflops/s) | Temperatures: 66°C - 67°C - 73°C - 73°C - 66°C - 66°C - 74°C - 72°C | Throttling: None - None - None - None - None - None - None - None
1365 (1500833 Gflops/s) - 1362 (1497534 Gflops/s) - 1342 (1475544 Gflops/s) - 1355 (1489838 Gflops/s) - 1359 (1494236 Gflops/s) - 1378 (1515127 Gflops/s) - 1350 (1484340 Gflops/s) - 1358 (1493136 Gflops/s) | Temperatures: 66°C - 67°C - 73°C - 73°C - 67°C - 66°C - 74°C - 72°C | Throttling: None - None - None - None - None - None - None - None
1367 (1503032 Gflops/s) - 1364 (1499733 Gflops/s) - 1342 (1475544 Gflops/s) - 1355 (1489838 Gflops/s) - 1358 (1493136 Gflops/s) - 1378 (1515127 Gflops/s) - 1352 (1486539 Gflops/s) - 1360 (1495335 Gflops/s) | Temperatures: 66°C - 67°C - 73°C - 73°C - 67°C - 66°C - 74°C - 72°C | Throttling: None - None - None - None - None - None - None - None
1368 (1504131 Gflops/s) - 1364 (1499733 Gflops/s) - 1346 (1479942 Gflops/s) - 1357 (1492037 Gflops/s) - 1358 (1493136 Gflops/s) - 1379 (1516226 Gflops/s) - 1351 (1485440 Gflops/s) - 1360 (1495335 Gflops/s) | Temperatures: 66°C - 67°C - 73°C - 73°C - 66°C - 66°C - 74°C - 72°C | Throttling: None - None - None - None - None - None - None - None
1365 (1500833 Gflops/s) - 1362 (1497534 Gflops/s) - 1342 (1475544 Gflops/s) - 1355 (1489838 Gflops/s) - 1358 (1493136 Gflops/s) - 1376 (1512927 Gflops/s) - 1351 (1485440 Gflops/s) - 1358 (1493136 Gflops/s) | Temperatures: 66°C - 67°C - 73°C - 73°C - 67°C - 66°C - 74°C - 72°C | Throttling: None - None - None - None - None - None - None - None
1367 (1503032 Gflops/s) - 1363 (1498634 Gflops/s) - 1345 (1478843 Gflops/s) - 1356 (1490937 Gflops/s) - 1357 (1492037 Gflops/s) - 1379 (1516226 Gflops/s) - 1352 (1486539 Gflops/s) - 1359 (1494236 Gflops/s) | Temperatures: 66°C - 67°C - 73°C - 73°C - 66°C - 66°C - 74°C - 72°C | Throttling: None - None - None - None - None - None - None - None
1367 (1503032 Gflops/s) - 1363 (1498634 Gflops/s) - 1345 (1478843 Gflops/s) - 1356 (1490937 Gflops/s) - 1359 (1494236 Gflops/s) - 1379 (1516226 Gflops/s) - 1353 (1487639 Gflops/s) - 1360 (1495335 Gflops/s) | Temperatures: 66°C - 67°C - 73°C - 73°C - 67°C - 66°C - 74°C - 72°C | Throttling: None - None - None - None - None - None - None - None
1368 (1504131 Gflops/s) - 1362 (1497534 Gflops/s) - 1343 (1476644 Gflops/s) - 1356 (1490937 Gflops/s) - 1359 (1494236 Gflops/s) - 1378 (1515127 Gflops/s) - 1353 (1487639 Gflops/s) - 1360 (1495335 Gflops/s) | Temperatures: 66°C - 67°C - 73°C - 73°C - 67°C - 66°C - 74°C - 72°C | Throttling: None - None - None - None - None - None - None - None
1366 (1501932 Gflops/s) - 1362 (1497534 Gflops/s) - 1342 (1475544 Gflops/s) - 1355 (1489838 Gflops/s) - 1356 (1490937 Gflops/s) - 1377 (1514027 Gflops/s) - 1351 (1485440 Gflops/s) - 1358 (1493136 Gflops/s) | Temperatures: 66°C - 67°C - 73°C - 73°C - 67°C - 66°C - 74°C - 72°C | Throttling: None - None - None - None - None - None - None - None
1367 (1503032 Gflops/s) - 1365 (1500833 Gflops/s) - 1345 (1478843 Gflops/s) - 1358 (1493136 Gflops/s) - 1360 (1495335 Gflops/s) - 1378 (1515127 Gflops/s) - 1355 (1489838 Gflops/s) - 1360 (1495335 Gflops/s) | Temperatures: 66°C - 67°C - 73°C - 73°C - 67°C - 66°C - 74°C - 72°C | Throttling: None - None - None - None - None - None - None - None
1367 (1503032 Gflops/s) - 1363 (1498634 Gflops/s) - 1345 (1478843 Gflops/s) - 1355 (1489838 Gflops/s) - 1358 (1493136 Gflops/s) - 1379 (1516226 Gflops/s) - 1352 (1486539 Gflops/s) - 1360 (1495335 Gflops/s) | Temperatures: 66°C - 67°C - 73°C - 73°C - 66°C - 66°C - 74°C - 72°C | Throttling: None - None - None - None - None - None - None - None
1367 (1503032 Gflops/s) - 1362 (1497534 Gflops/s) - 1345 (1478843 Gflops/s) - 1356 (1490937 Gflops/s) - 1362 (1497534 Gflops/s) - 1377 (1514027 Gflops/s) - 1352 (1486539 Gflops/s) - 1360 (1495335 Gflops/s) | Temperatures: 66°C - 67°C - 73°C - 73°C - 67°C - 66°C - 74°C - 72°C | Throttling: None - None - None - None - None - None - None - None
1365 (1500833 Gflops/s) - 1363 (1498634 Gflops/s) - 1342 (1475544 Gflops/s) - 1356 (1490937 Gflops/s) - 1355 (1489838 Gflops/s) - 1377 (1514027 Gflops/s) - 1351 (1485440 Gflops/s) - 1358 (1493136 Gflops/s) | Temperatures: 66°C - 67°C - 73°C - 73°C - 67°C - 66°C - 74°C - 72°C | Throttling: None - None - None - None - None - None - None - None
1368 (1504131 Gflops/s) - 1363 (1498634 Gflops/s) - 1344 (1477743 Gflops/s) - 1356 (1490937 Gflops/s) - 1360 (1495335 Gflops/s) - 1378 (1515127 Gflops/s) - 1354 (1488738 Gflops/s) - 1360 (1495335 Gflops/s) | Temperatures: 66°C - 67°C - 73°C - 73°C - 67°C - 66°C - 74°C - 72°C | Throttling: None - None - None - None - None - None - None - None
1366 (1501932 Gflops/s) - 1364 (1499733 Gflops/s) - 1345 (1478843 Gflops/s) - 1356 (1490937 Gflops/s) - 1362 (1497534 Gflops/s) - 1379 (1516226 Gflops/s) - 1352 (1486539 Gflops/s) - 1361 (1496435 Gflops/s) | Temperatures: 66°C - 67°C - 73°C - 73°C - 67°C - 66°C - 74°C - 72°C | Throttling: None - None - None - None - None - None - None - None
1366 (1501932 Gflops/s) - 1362 (1497534 Gflops/s) - 1342 (1475544 Gflops/s) - 1355 (1489838 Gflops/s) - 1356 (1490937 Gflops/s) - 1377 (1514027 Gflops/s) - 1350 (1484340 Gflops/s) - 1358 (1493136 Gflops/s) | Temperatures: 66°C - 67°C - 73°C - 73°C - 67°C - 66°C - 74°C - 72°C | Throttling: None - None - None - None - None - None - None - None
1368 (1504131 Gflops/s) - 1364 (1499733 Gflops/s) - 1342 (1475544 Gflops/s) - 1357 (1492037 Gflops/s) - 1361 (1496435 Gflops/s) - 1378 (1515127 Gflops/s) - 1352 (1486539 Gflops/s) - 1359 (1494236 Gflops/s) | Temperatures: 66°C - 67°C - 73°C - 73°C - 67°C - 66°C - 74°C - 72°C | Throttling: None - None - None - None - None - None - None - None
1367 (1503032 Gflops/s) - 1363 (1498634 Gflops/s) - 1345 (1478843 Gflops/s) - 1355 (1489838 Gflops/s) - 1360 (1495335 Gflops/s) - 1379 (1516226 Gflops/s) - 1353 (1487639 Gflops/s) - 1360 (1495335 Gflops/s) | Temperatures: 66°C - 67°C - 73°C - 73°C - 66°C - 66°C - 74°C - 72°C | Throttling: None - None - None - None - None - None - None - None
1367 (1503032 Gflops/s) - 1364 (1499733 Gflops/s) - 1344 (1477743 Gflops/s) - 1356 (1490937 Gflops/s) - 1357 (1492037 Gflops/s) - 1378 (1515127 Gflops/s) - 1353 (1487639 Gflops/s) - 1358 (1493136 Gflops/s) | Temperatures: 66°C - 67°C - 73°C - 73°C - 66°C - 66°C - 74°C - 72°C | Throttling: None - None - None - None - None - None - None - None
1366 (1501932 Gflops/s) - 1361 (1496435 Gflops/s) - 1342 (1475544 Gflops/s) - 1355 (1489838 Gflops/s) - 1361 (1496435 Gflops/s) - 1377 (1514027 Gflops/s) - 1351 (1485440 Gflops/s) - 1359 (1494236 Gflops/s) | Temperatures: 66°C - 67°C - 73°C - 73°C - 67°C - 66°C - 74°C - 72°C | Throttling: None - None - None - None - None - None - None - None
1368 (1504131 Gflops/s) - 1363 (1498634 Gflops/s) - 1345 (1478843 Gflops/s) - 1356 (1490937 Gflops/s) - 1357 (1492037 Gflops/s) - 1380 (1517326 Gflops/s) - 1352 (1486539 Gflops/s) - 1359 (1494236 Gflops/s) | Temperatures: 66°C - 67°C - 73°C - 73°C - 66°C - 66°C - 74°C - 72°C | Throttling: None - None - None - None - None - None - None - None
1367 (1503032 Gflops/s) - 1363 (1498634 Gflops/s) - 1342 (1475544 Gflops/s) - 1356 (1490937 Gflops/s) - 1359 (1494236 Gflops/s) - 1378 (1515127 Gflops/s) - 1352 (1486539 Gflops/s) - 1359 (1494236 Gflops/s) | Temperatures: 66°C - 67°C - 73°C - 73°C - 67°C - 66°C - 74°C - 72°C | Throttling: None - None - None - None - None - None - None - None
1367 (1503032 Gflops/s) - 1364 (1499733 Gflops/s) - 1343 (1476644 Gflops/s) - 1355 (1489838 Gflops/s) - 1361 (1496435 Gflops/s) - 1379 (1516226 Gflops/s) - 1353 (1487639 Gflops/s) - 1360 (1495335 Gflops/s) | Temperatures: 66°C - 67°C - 73°C - 73°C - 67°C - 66°C - 74°C - 72°C | Throttling: None - None - None - None - None - None - None - None
1366 (1501932 Gflops/s) - 1363 (1498634 Gflops/s) - 1342 (1475544 Gflops/s) - 1356 (1490937 Gflops/s) - 1357 (1492037 Gflops/s) - 1378 (1515127 Gflops/s) - 1352 (1486539 Gflops/s) - 1357 (1492037 Gflops/s) | Temperatures: 66°C - 67°C - 73°C - 73°C - 66°C - 66°C - 74°C - 72°C | Throttling: None - None - None - None - None - None - None - None
1367 (1503032 Gflops/s) - 1362 (1497534 Gflops/s) - 1345 (1478843 Gflops/s) - 1356 (1490937 Gflops/s) - 1364 (1499733 Gflops/s) - 1378 (1515127 Gflops/s) - 1353 (1487639 Gflops/s) - 1360 (1495335 Gflops/s) | Temperatures: 66°C - 67°C - 73°C - 73°C - 67°C - 66°C - 74°C - 72°C | Throttling: None - None - None - None - None - None - None - None
1368 (1504131 Gflops/s) - 1363 (1498634 Gflops/s) - 1343 (1476644 Gflops/s) - 1357 (1492037 Gflops/s) - 1358 (1493136 Gflops/s) - 1378 (1515127 Gflops/s) - 1354 (1488738 Gflops/s) - 1359 (1494236 Gflops/s) | Temperatures: 66°C - 67°C - 73°C - 73°C - 66°C - 66°C - 74°C - 72°C | Throttling: None - None - None - None - None - None - None - None
1367 (1503032 Gflops/s) - 1363 (1498634 Gflops/s) - 1343 (1476644 Gflops/s) - 1356 (1490937 Gflops/s) - 1361 (1496435 Gflops/s) - 1379 (1516226 Gflops/s) - 1352 (1486539 Gflops/s) - 1359 (1494236 Gflops/s) | Temperatures: 66°C - 67°C - 73°C - 73°C - 67°C - 66°C - 74°C - 72°C | Throttling: None - None - None - None - None - None - None - None
1366 (1501932 Gflops/s) - 1362 (1497534 Gflops/s) - 1342 (1475544 Gflops/s) - 1355 (1489838 Gflops/s) - 1361 (1496435 Gflops/s) - 1376 (1512927 Gflops/s) - 1352 (1486539 Gflops/s) - 1358 (1493136 Gflops/s) | Temperatures: 66°C - 67°C - 73°C - 73°C - 67°C - 66°C - 74°C - 72°C | Throttling: None - None - None - None - None - None - None - None
1367 (1503032 Gflops/s) - 1364 (1499733 Gflops/s) - 1344 (1477743 Gflops/s) - 1355 (1489838 Gflops/s) - 1358 (1493136 Gflops/s) - 1378 (1515127 Gflops/s) - 1351 (1485440 Gflops/s) - 1359 (1494236 Gflops/s) | Temperatures: 65°C - 67°C - 73°C - 73°C - 66°C - 66°C - 74°C - 72°C | Throttling: None - None - None - None - None - None - None - None
1366 (1501932 Gflops/s) - 1363 (1498634 Gflops/s) - 1344 (1477743 Gflops/s) - 1356 (1490937 Gflops/s) - 1361 (1496435 Gflops/s) - 1378 (1515127 Gflops/s) - 1355 (1489838 Gflops/s) - 1359 (1494236 Gflops/s) | Temperatures: 65°C - 67°C - 73°C - 73°C - 67°C - 66°C - 74°C - 72°C | Throttling: None - None - None - None - None - None - None - None
1367 (1503032 Gflops/s) - 1362 (1497534 Gflops/s) - 1341 (1474445 Gflops/s) - 1355 (1489838 Gflops/s) - 1359 (1494236 Gflops/s) - 1377 (1514027 Gflops/s) - 1351 (1485440 Gflops/s) - 1359 (1494236 Gflops/s) | Temperatures: 65°C - 67°C - 73°C - 73°C - 67°C - 66°C - 74°C - 72°C | Throttling: None - None - None - None - None - None - None - None
1367 (1503032 Gflops/s) - 1362 (1497534 Gflops/s) - 1344 (1477743 Gflops/s) - 1356 (1490937 Gflops/s) - 1360 (1495335 Gflops/s) - 1379 (1516226 Gflops/s) - 1351 (1485440 Gflops/s) - 1360 (1495335 Gflops/s) | Temperatures: 65°C - 67°C - 73°C - 73°C - 67°C - 66°C - 74°C - 72°C | Throttling: None - None - None - None - None - None - None - None
1367 (1503032 Gflops/s) - 1364 (1499733 Gflops/s) - 1345 (1478843 Gflops/s) - 1356 (1490937 Gflops/s) - 1361 (1496435 Gflops/s) - 1379 (1516226 Gflops/s) - 1353 (1487639 Gflops/s) - 1359 (1494236 Gflops/s) | Temperatures: 66°C - 67°C - 73°C - 73°C - 66°C - 66°C - 74°C - 72°C | Throttling: None - None - None - None - None - None - None - None
1367 (1503032 Gflops/s) - 1362 (1497534 Gflops/s) - 1344 (1477743 Gflops/s) - 1356 (1490937 Gflops/s) - 1363 (1498634 Gflops/s) - 1379 (1516226 Gflops/s) - 1353 (1487639 Gflops/s) - 1359 (1494236 Gflops/s) | Temperatures: 65°C - 67°C - 73°C - 73°C - 67°C - 66°C - 74°C - 72°C | Throttling: None - None - None - None - None - None - None - None
1366 (1501932 Gflops/s) - 1363 (1498634 Gflops/s) - 1342 (1475544 Gflops/s) - 1354 (1488738 Gflops/s) - 1357 (1492037 Gflops/s) - 1377 (1514027 Gflops/s) - 1351 (1485440 Gflops/s) - 1358 (1493136 Gflops/s) | Temperatures: 65°C - 67°C - 73°C - 72°C - 66°C - 66°C - 74°C - 72°C | Throttling: None - None - None - None - None - None - None - None
1366 (1501932 Gflops/s) - 1364 (1499733 Gflops/s) - 1344 (1477743 Gflops/s) - 1357 (1492037 Gflops/s) - 1362 (1497534 Gflops/s) - 1379 (1516226 Gflops/s) - 1353 (1487639 Gflops/s) - 1360 (1495335 Gflops/s) | Temperatures: 66°C - 67°C - 73°C - 73°C - 67°C - 66°C - 74°C - 72°C | Throttling: None - None - None - None - None - None - None - None
1367 (1503032 Gflops/s) - 1363 (1498634 Gflops/s) - 1345 (1478843 Gflops/s) - 1356 (1490937 Gflops/s) - 1360 (1495335 Gflops/s) - 1378 (1515127 Gflops/s) - 1352 (1486539 Gflops/s) - 1359 (1494236 Gflops/s) | Temperatures: 66°C - 67°C - 73°C - 73°C - 66°C - 66°C - 74°C - 72°C | Throttling: None - None - None - None - None - None - None - None
1366 (1501932 Gflops/s) - 1364 (1499733 Gflops/s) - 1346 (1479942 Gflops/s) - 1356 (1490937 Gflops/s) - 1359 (1494236 Gflops/s) - 1379 (1516226 Gflops/s) - 1352 (1486539 Gflops/s) - 1359 (1494236 Gflops/s) | Temperatures: 65°C - 67°C - 73°C - 73°C - 66°C - 66°C - 74°C - 72°C | Throttling: None - None - None - None - None - None - None - None
1366 (1501932 Gflops/s) - 1363 (1498634 Gflops/s) - 1342 (1475544 Gflops/s) - 1355 (1489838 Gflops/s) - 1358 (1493136 Gflops/s) - 1377 (1514027 Gflops/s) - 1351 (1485440 Gflops/s) - 1358 (1493136 Gflops/s) | Temperatures: 65°C - 67°C - 73°C - 73°C - 66°C - 66°C - 74°C - 72°C | Throttling: None - None - None - None - None - None - None - None
1366 (1501932 Gflops/s) - 1363 (1498634 Gflops/s) - 1345 (1478843 Gflops/s) - 1356 (1490937 Gflops/s) - 1363 (1498634 Gflops/s) - 1380 (1517326 Gflops/s) - 1354 (1488738 Gflops/s) - 1359 (1494236 Gflops/s) | Temperatures: 65°C - 67°C - 73°C - 73°C - 67°C - 66°C - 74°C - 72°C | Throttling: None - None - None - None - None - None - None - None
1366 (1501932 Gflops/s) - 1363 (1498634 Gflops/s) - 1344 (1477743 Gflops/s) - 1356 (1490937 Gflops/s) - 1358 (1493136 Gflops/s) - 1379 (1516226 Gflops/s) - 1353 (1487639 Gflops/s) - 1359 (1494236 Gflops/s) | Temperatures: 65°C - 67°C - 73°C - 73°C - 67°C - 66°C - 74°C - 72°C | Throttling: None - None - None - None - None - None - None - None
1366 (1501932 Gflops/s) - 1362 (1497534 Gflops/s) - 1344 (1477743 Gflops/s) - 1354 (1488738 Gflops/s) - 1359 (1494236 Gflops/s) - 1377 (1514027 Gflops/s) - 1352 (1486539 Gflops/s) - 1358 (1493136 Gflops/s) | Temperatures: 65°C - 67°C - 73°C - 72°C - 66°C - 66°C - 74°C - 72°C | Throttling: None - None - None - None - None - None - None - None
1367 (1503032 Gflops/s) - 1364 (1499733 Gflops/s) - 1344 (1477743 Gflops/s) - 1356 (1490937 Gflops/s) - 1358 (1493136 Gflops/s) - 1380 (1517326 Gflops/s) - 1353 (1487639 Gflops/s) - 1358 (1493136 Gflops/s) | Temperatures: 65°C - 67°C - 73°C - 73°C - 66°C - 66°C - 74°C - 72°C | Throttling: None - None - None - None - None - None - None - None
1367 (1503032 Gflops/s) - 1364 (1499733 Gflops/s) - 1345 (1478843 Gflops/s) - 1357 (1492037 Gflops/s) - 1362 (1497534 Gflops/s) - 1378 (1515127 Gflops/s) - 1352 (1486539 Gflops/s) - 1359 (1494236 Gflops/s) | Temperatures: 65°C - 67°C - 73°C - 73°C - 66°C - 66°C - 74°C - 72°C | Throttling: None - None - None - None - None - None - None - None
1366 (1501932 Gflops/s) - 1363 (1498634 Gflops/s) - 1345 (1478843 Gflops/s) - 1356 (1490937 Gflops/s) - 1359 (1494236 Gflops/s) - 1380 (1517326 Gflops/s) - 1354 (1488738 Gflops/s) - 1359 (1494236 Gflops/s) | Temperatures: 65°C - 67°C - 73°C - 73°C - 66°C - 66°C - 74°C - 72°C | Throttling: None - None - None - None - None - None - None - None
1366 (1501932 Gflops/s) - 1362 (1497534 Gflops/s) - 1343 (1476644 Gflops/s) - 1356 (1490937 Gflops/s) - 1360 (1495335 Gflops/s) - 1377 (1514027 Gflops/s) - 1351 (1485440 Gflops/s) - 1358 (1493136 Gflops/s) | Temperatures: 65°C - 67°C - 73°C - 73°C - 66°C - 66°C - 74°C - 72°C | Throttling: None - None - None - None - None - None - None - None
1369 (1505231 Gflops/s) - 1364 (1499733 Gflops/s) - 1346 (1479942 Gflops/s) - 1356 (1490937 Gflops/s) - 1361 (1496435 Gflops/s) - 1379 (1516226 Gflops/s) - 1353 (1487639 Gflops/s) - 1359 (1494236 Gflops/s) | Temperatures: 65°C - 67°C - 73°C - 73°C - 66°C - 66°C - 74°C - 72°C | Throttling: None - None - None - None - None - None - None - None
1366 (1501932 Gflops/s) - 1364 (1499733 Gflops/s) - 1345 (1478843 Gflops/s) - 1357 (1492037 Gflops/s) - 1357 (1492037 Gflops/s) - 1380 (1517326 Gflops/s) - 1353 (1487639 Gflops/s) - 1360 (1495335 Gflops/s) | Temperatures: 65°C - 67°C - 73°C - 72°C - 66°C - 66°C - 74°C - 72°C | Throttling: None - None - None - None - None - None - None - None
1367 (1503032 Gflops/s) - 1363 (1498634 Gflops/s) - 1344 (1477743 Gflops/s) - 1356 (1490937 Gflops/s) - 1361 (1496435 Gflops/s) - 1379 (1516226 Gflops/s) - 1353 (1487639 Gflops/s) - 1359 (1494236 Gflops/s) | Temperatures: 65°C - 67°C - 73°C - 73°C - 66°C - 66°C - 74°C - 72°C | Throttling: None - None - None - None - None - None - None - None
1367 (1503032 Gflops/s) - 1361 (1496435 Gflops/s) - 1344 (1477743 Gflops/s) - 1355 (1489838 Gflops/s) - 1358 (1493136 Gflops/s) - 1377 (1514027 Gflops/s) - 1352 (1486539 Gflops/s) - 1359 (1494236 Gflops/s) | Temperatures: 65°C - 67°C - 73°C - 73°C - 66°C - 66°C - 74°C - 72°C | Throttling: None - None - None - None - None - None - None - None
1367 (1503032 Gflops/s) - 1364 (1499733 Gflops/s) - 1344 (1477743 Gflops/s) - 1356 (1490937 Gflops/s) - 1360 (1495335 Gflops/s) - 1379 (1516226 Gflops/s) - 1354 (1488738 Gflops/s) - 1360 (1495335 Gflops/s) | Temperatures: 65°C - 67°C - 73°C - 73°C - 66°C - 66°C - 74°C - 72°C | Throttling: None - None - None - None - None - None - None - None
1368 (1504131 Gflops/s) - 1363 (1498634 Gflops/s) - 1345 (1478843 Gflops/s) - 1357 (1492037 Gflops/s) - 1361 (1496435 Gflops/s) - 1379 (1516226 Gflops/s) - 1354 (1488738 Gflops/s) - 1360 (1495335 Gflops/s) | Temperatures: 65°C - 67°C - 73°C - 73°C - 66°C - 66°C - 74°C - 72°C | Throttling: None - None - None - None - None - None - None - None
1367 (1503032 Gflops/s) - 1364 (1499733 Gflops/s) - 1344 (1477743 Gflops/s) - 1357 (1492037 Gflops/s) - 1362 (1497534 Gflops/s) - 1380 (1517326 Gflops/s) - 1354 (1488738 Gflops/s) - 1359 (1494236 Gflops/s) | Temperatures: 65°C - 67°C - 73°C - 73°C - 66°C - 66°C - 74°C - 72°C | Throttling: None - None - None - None - None - None - None - None
1368 (1504131 Gflops/s) - 1363 (1498634 Gflops/s) - 1344 (1477743 Gflops/s) - 1355 (1489838 Gflops/s) - 1358 (1493136 Gflops/s) - 1378 (1515127 Gflops/s) - 1351 (1485440 Gflops/s) - 1359 (1494236 Gflops/s) | Temperatures: 65°C - 67°C - 73°C - 73°C - 66°C - 66°C - 74°C - 72°C | Throttling: None - None - None - None - None - None - None - None
1367 (1503032 Gflops/s) - 1363 (1498634 Gflops/s) - 1345 (1478843 Gflops/s) - 1357 (1492037 Gflops/s) - 1361 (1496435 Gflops/s) - 1380 (1517326 Gflops/s) - 1354 (1488738 Gflops/s) - 1359 (1494236 Gflops/s) | Temperatures: 66°C - 67°C - 73°C - 73°C - 66°C - 66°C - 74°C - 72°C | Throttling: None - None - None - None - None - None - None - None
1367 (1503032 Gflops/s) - 1363 (1498634 Gflops/s) - 1347 (1481042 Gflops/s) - 1356 (1490937 Gflops/s) - 1359 (1494236 Gflops/s) - 1379 (1516226 Gflops/s) - 1354 (1488738 Gflops/s) - 1359 (1494236 Gflops/s) | Temperatures: 65°C - 67°C - 73°C - 72°C - 66°C - 66°C - 74°C - 72°C | Throttling: None - None - None - None - None - None - None - None
1366 (1501932 Gflops/s) - 1362 (1497534 Gflops/s) - 1343 (1476644 Gflops/s) - 1356 (1490937 Gflops/s) - 1359 (1494236 Gflops/s) - 1378 (1515127 Gflops/s) - 1352 (1486539 Gflops/s) - 1359 (1494236 Gflops/s) | Temperatures: 65°C - 67°C - 73°C - 73°C - 66°C - 66°C - 74°C - 72°C | Throttling: None - None - None - None - None - None - None - None
1369 (1505231 Gflops/s) - 1364 (1499733 Gflops/s) - 1344 (1477743 Gflops/s) - 1356 (1490937 Gflops/s) - 1360 (1495335 Gflops/s) - 1380 (1517326 Gflops/s) - 1355 (1489838 Gflops/s) - 1360 (1495335 Gflops/s) | Temperatures: 65°C - 67°C - 73°C - 73°C - 66°C - 66°C - 74°C - 72°C | Throttling: None - None - None - None - None - None - None - None
1368 (1504131 Gflops/s) - 1364 (1499733 Gflops/s) - 1345 (1478843 Gflops/s) - 1357 (1492037 Gflops/s) - 1362 (1497534 Gflops/s) - 1379 (1516226 Gflops/s) - 1354 (1488738 Gflops/s) - 1360 (1495335 Gflops/s) | Temperatures: 65°C - 67°C - 73°C - 73°C - 66°C - 66°C - 74°C - 72°C | Throttling: None - None - None - None - None - None - None - None
1367 (1503032 Gflops/s) - 1363 (1498634 Gflops/s) - 1345 (1478843 Gflops/s) - 1357 (1492037 Gflops/s) - 1361 (1496435 Gflops/s) - 1379 (1516226 Gflops/s) - 1352 (1486539 Gflops/s) - 1360 (1495335 Gflops/s) | Temperatures: 65°C - 67°C - 73°C - 72°C - 66°C - 66°C - 74°C - 72°C | Throttling: None - None - None - None - None - None - None - None
1368 (1504131 Gflops/s) - 1362 (1497534 Gflops/s) - 1343 (1476644 Gflops/s) - 1354 (1488738 Gflops/s) - 1358 (1493136 Gflops/s) - 1377 (1514027 Gflops/s) - 1353 (1487639 Gflops/s) - 1358 (1493136 Gflops/s) | Temperatures: 65°C - 67°C - 73°C - 72°C - 66°C - 66°C - 74°C - 72°C | Throttling: None - None - None - None - None - None - None - None
1367 (1503032 Gflops/s) - 1364 (1499733 Gflops/s) - 1343 (1476644 Gflops/s) - 1357 (1492037 Gflops/s) - 1358 (1493136 Gflops/s) - 1379 (1516226 Gflops/s) - 1353 (1487639 Gflops/s) - 1359 (1494236 Gflops/s) | Temperatures: 65°C - 67°C - 73°C - 73°C - 66°C - 66°C - 74°C - 72°C | Throttling: None - None - None - None - None - None - None - None
1367 (1503032 Gflops/s) - 1363 (1498634 Gflops/s) - 1344 (1477743 Gflops/s) - 1357 (1492037 Gflops/s) - 1359 (1494236 Gflops/s) - 1379 (1516226 Gflops/s) - 1355 (1489838 Gflops/s) - 1360 (1495335 Gflops/s) | Temperatures: 65°C - 67°C - 72°C - 72°C - 66°C - 66°C - 74°C - 72°C | Throttling: None - None - None - None - None - None - None - None
1366 (1501932 Gflops/s) - 1364 (1499733 Gflops/s) - 1343 (1476644 Gflops/s) - 1356 (1490937 Gflops/s) - 1361 (1496435 Gflops/s) - 1378 (1515127 Gflops/s) - 1352 (1486539 Gflops/s) - 1359 (1494236 Gflops/s) | Temperatures: 65°C - 67°C - 73°C - 72°C - 66°C - 66°C - 74°C - 72°C | Throttling: None - None - None - None - None - None - None - None
1367 (1503032 Gflops/s) - 1364 (1499733 Gflops/s) - 1343 (1476644 Gflops/s) - 1357 (1492037 Gflops/s) - 1362 (1497534 Gflops/s) - 1379 (1516226 Gflops/s) - 1354 (1488738 Gflops/s) - 1360 (1495335 Gflops/s) | Temperatures: 65°C - 67°C - 73°C - 73°C - 66°C - 66°C - 74°C - 72°C | Throttling: None - None - None - None - None - None - None - None
1367 (1503032 Gflops/s) - 1364 (1499733 Gflops/s) - 1344 (1477743 Gflops/s) - 1357 (1492037 Gflops/s) - 1360 (1495335 Gflops/s) - 1379 (1516226 Gflops/s) - 1353 (1487639 Gflops/s) - 1360 (1495335 Gflops/s) | Temperatures: 65°C - 67°C - 73°C - 73°C - 66°C - 66°C - 74°C - 72°C | Throttling: None - None - None - None - None - None - None - None
1366 (1501932 Gflops/s) - 1364 (1499733 Gflops/s) - 1345 (1478843 Gflops/s) - 1357 (1492037 Gflops/s) - 1360 (1495335 Gflops/s) - 1378 (1515127 Gflops/s) - 1354 (1488738 Gflops/s) - 1359 (1494236 Gflops/s) | Temperatures: 65°C - 67°C - 72°C - 73°C - 66°C - 66°C - 74°C - 72°C | Throttling: None - None - None - None - None - None - None - None
1366 (1501932 Gflops/s) - 1363 (1498634 Gflops/s) - 1345 (1478843 Gflops/s) - 1355 (1489838 Gflops/s) - 1358 (1493136 Gflops/s) - 1378 (1515127 Gflops/s) - 1352 (1486539 Gflops/s) - 1360 (1495335 Gflops/s) | Temperatures: 66°C - 67°C - 73°C - 73°C - 66°C - 66°C - 74°C - 72°C | Throttling: None - None - None - None - None - None - None - None
1367 (1503032 Gflops/s) - 1363 (1498634 Gflops/s) - 1344 (1477743 Gflops/s) - 1357 (1492037 Gflops/s) - 1362 (1497534 Gflops/s) - 1379 (1516226 Gflops/s) - 1354 (1488738 Gflops/s) - 1359 (1494236 Gflops/s) | Temperatures: 65°C - 67°C - 73°C - 73°C - 66°C - 66°C - 74°C - 72°C | Throttling: None - None - None - None - None - None - None - None
1367 (1503032 Gflops/s) - 1363 (1498634 Gflops/s) - 1346 (1479942 Gflops/s) - 1357 (1492037 Gflops/s) - 1360 (1495335 Gflops/s) - 1379 (1516226 Gflops/s) - 1353 (1487639 Gflops/s) - 1361 (1496435 Gflops/s) | Temperatures: 65°C - 67°C - 73°C - 73°C - 66°C - 66°C - 74°C - 72°C | Throttling: None - None - None - None - None - None - None - None
1368 (1504131 Gflops/s) - 1364 (1499733 Gflops/s) - 1346 (1479942 Gflops/s) - 1356 (1490937 Gflops/s) - 1357 (1492037 Gflops/s) - 1379 (1516226 Gflops/s) - 1354 (1488738 Gflops/s) - 1360 (1495335 Gflops/s) | Temperatures: 65°C - 67°C - 73°C - 73°C - 66°C - 66°C - 74°C - 72°C | Throttling: None - None - None - None - None - None - None - None
1365 (1500833 Gflops/s) - 647 (711384 Gflops/s) - 1256 (1380986 Gflops/s) - 1356 (1490937 Gflops/s) - 939 (1032441 Gflops/s) - 615 (676199 Gflops/s) - 1351 (1485440 Gflops/s) - 698 (767459 Gflops/s) | Temperatures: 65°C - 66°C - 73°C - 73°C - 66°C - 66°C - 74°C - 72°C | Throttling: None - None - None - None - None - None - None - None
GPU #0: 1500027 Gflops/s (min: 1481042.16, max: 1505231.42, dev: 6415.47)
         Temperature: 65.67°C (min: 64.00, max: 66.00)
         Throttling HW: false, Thermal SW: false, Thermal HW: false
GPU #1: 1496101 Gflops/s (min: 711384.02, max: 1505231.42, dev: 46026.10)
         Temperature: 66.88°C (min: 65.00, max: 68.00)
         Throttling HW: false, Thermal SW: false, Thermal HW: false
GPU #2: 1477732 Gflops/s (min: 1380986.60, max: 1492037.28, dev: 6420.55)
         Temperature: 72.75°C (min: 69.00, max: 73.00)
         Throttling HW: false, Thermal SW: false, Thermal HW: false
GPU #3: 1491392 Gflops/s (min: 1487639.23, max: 1501932.88, dev: 2025.59)
         Temperature: 72.74°C (min: 70.00, max: 73.00)
         Throttling HW: false, Thermal SW: false, Thermal HW: false
GPU #4: 1492394 Gflops/s (min: 1032441.42, max: 1503032.40, dev: 27184.14)
         Temperature: 66.60°C (min: 65.00, max: 67.00)
         Throttling HW: false, Thermal SW: false, Thermal HW: false
GPU #5: 1511956 Gflops/s (min: 676199.65, max: 1517326.05, dev: 49013.02)
         Temperature: 66.16°C (min: 65.00, max: 67.00)
         Throttling HW: false, Thermal SW: false, Thermal HW: false
GPU #6: 1487613 Gflops/s (min: 1483241.19, max: 1500833.37, dev: 2719.88)
         Temperature: 73.85°C (min: 70.00, max: 75.00)
         Throttling HW: false, Thermal SW: false, Thermal HW: false
GPU #7: 1492364 Gflops/s (min: 767459.12, max: 1509629.46, dev: 42553.42)
         Temperature: 71.82°C (min: 69.00, max: 73.00)
         Throttling HW: false, Thermal SW: false, Thermal HW: false
All GPUs seem healthy
Freeing GPUs...
======== Run with fp8  ==========
Detected GPU #0: "NVIDIA B200" (2861462f-807f-3e78-3c3c-8473e16940de)
Detected GPU #1: "NVIDIA B200" (3d312f74-f893-7d32-2da5-52b532b49a0e)
Detected GPU #2: "NVIDIA B200" (243b3d15-dd99-4124-e0cc-1f664e3bf24f)
Detected GPU #3: "NVIDIA B200" (81604de4-3f98-dfbd-2be8-3ad6bfc07fee)
Detected GPU #4: "NVIDIA B200" (66c5a725-98c6-2c4e-0f19-b68cd05924d6)
Detected GPU #5: "NVIDIA B200" (1b169a21-0850-bdb2-e666-b51397d2b1a8)
Detected GPU #6: "NVIDIA B200" (ae06b4ff-3d48-eddd-c40a-12bd68bcc1e0)
Detected GPU #7: "NVIDIA B200" (0d0b6887-183f-1e23-0498-eeb58e03e022)
Using precision(s):   FP8
GPU #0: Using 163800 MB
GPU #1: Using 163800 MB
GPU #2: Using 163800 MB
GPU #3: Using 163800 MB
GPU #4: Using 163800 MB
GPU #5: Using 163800 MB
GPU #6: Using 163800 MB
GPU #7: Using 163800 MB
Creating random matrices
Matrices created
2587 (2844436 Gflops/s) - 2062 (2267192 Gflops/s) - 2629 (2890616 Gflops/s) - 2002 (2201222 Gflops/s) - 2344 (2577255 Gflops/s) - 2488 (2735584 Gflops/s) - 2315 (2545369 Gflops/s) - 1919 (2109962 Gflops/s) | Temperatures: 56°C - 55°C - 60°C - 58°C - 56°C - 57°C - 60°C - 58°C | Throttling: None - None - None - None - None - None - None - None
3769 (4144059 Gflops/s) - 3779 (4155054 Gflops/s) - 3760 (4134163 Gflops/s) - 3771 (4146258 Gflops/s) - 3752 (4125367 Gflops/s) - 3777 (4152855 Gflops/s) - 3762 (4136362 Gflops/s) - 3778 (4153954 Gflops/s) | Temperatures: 60°C - 60°C - 65°C - 64°C - 60°C - 60°C - 65°C - 63°C | Throttling: None - None - None - None - None - None - None - None
3767 (4141860 Gflops/s) - 3773 (4148457 Gflops/s) - 3743 (4115472 Gflops/s) - 3761 (4135263 Gflops/s) - 3736 (4107775 Gflops/s) - 3773 (4148457 Gflops/s) - 3755 (4128666 Gflops/s) - 3772 (4147357 Gflops/s) | Temperatures: 61°C - 62°C - 66°C - 66°C - 62°C - 62°C - 67°C - 66°C | Throttling: None - None - None - None - None - None - None - None
3767 (4141860 Gflops/s) - 3768 (4142959 Gflops/s) - 3728 (4098979 Gflops/s) - 3742 (4114372 Gflops/s) - 3730 (4101178 Gflops/s) - 3774 (4149556 Gflops/s) - 3754 (4127566 Gflops/s) - 3773 (4148457 Gflops/s) | Temperatures: 62°C - 63°C - 68°C - 67°C - 63°C - 63°C - 68°C - 67°C | Throttling: None - None - None - None - None - None - None - None
3766 (4140760 Gflops/s) - 3764 (4138561 Gflops/s) - 3722 (4092382 Gflops/s) - 3735 (4106675 Gflops/s) - 3726 (4096780 Gflops/s) - 3774 (4149556 Gflops/s) - 3749 (4122069 Gflops/s) - 3760 (4134163 Gflops/s) | Temperatures: 63°C - 64°C - 68°C - 68°C - 63°C - 63°C - 69°C - 68°C | Throttling: None - None - None - None - None - None - None - None
3767 (4141860 Gflops/s) - 3762 (4136362 Gflops/s) - 3718 (4087984 Gflops/s) - 3749 (4122069 Gflops/s) - 3726 (4096780 Gflops/s) - 3770 (4145158 Gflops/s) - 3753 (4126467 Gflops/s) - 3760 (4134163 Gflops/s) | Temperatures: 63°C - 64°C - 69°C - 69°C - 64°C - 64°C - 70°C - 68°C | Throttling: None - None - None - None - None - None - None - None
3769 (4144059 Gflops/s) - 3766 (4140760 Gflops/s) - 3714 (4083586 Gflops/s) - 3749 (4122069 Gflops/s) - 3729 (4100078 Gflops/s) - 3768 (4142959 Gflops/s) - 3739 (4111073 Gflops/s) - 3759 (4133064 Gflops/s) | Temperatures: 64°C - 65°C - 69°C - 69°C - 64°C - 64°C - 70°C - 69°C | Throttling: None - None - None - None - None - None - None - None
3766 (4140760 Gflops/s) - 3755 (4128666 Gflops/s) - 3709 (4078088 Gflops/s) - 3737 (4108874 Gflops/s) - 3724 (4094581 Gflops/s) - 3764 (4138561 Gflops/s) - 3742 (4114372 Gflops/s) - 3756 (4129765 Gflops/s) | Temperatures: 64°C - 65°C - 70°C - 70°C - 64°C - 64°C - 71°C - 69°C | Throttling: None - None - None - None - None - None - None - None
3766 (4140760 Gflops/s) - 3759 (4133064 Gflops/s) - 3707 (4075889 Gflops/s) - 3734 (4105576 Gflops/s) - 3722 (4092382 Gflops/s) - 3763 (4137462 Gflops/s) - 3736 (4107775 Gflops/s) - 3753 (4126467 Gflops/s) | Temperatures: 64°C - 65°C - 70°C - 70°C - 64°C - 64°C - 71°C - 69°C | Throttling: None - None - None - None - None - None - None - None
3763 (4137462 Gflops/s) - 3754 (4127566 Gflops/s) - 3707 (4075889 Gflops/s) - 3744 (4116571 Gflops/s) - 3725 (4095680 Gflops/s) - 3764 (4138561 Gflops/s) - 3725 (4095680 Gflops/s) - 3753 (4126467 Gflops/s) | Temperatures: 64°C - 65°C - 70°C - 70°C - 64°C - 64°C - 71°C - 70°C | Throttling: None - None - None - None - None - None - None - None
3767 (4141860 Gflops/s) - 3754 (4127566 Gflops/s) - 3705 (4073690 Gflops/s) - 3742 (4114372 Gflops/s) - 3723 (4093481 Gflops/s) - 3764 (4138561 Gflops/s) - 3730 (4101178 Gflops/s) - 3745 (4117671 Gflops/s) | Temperatures: 64°C - 65°C - 70°C - 70°C - 64°C - 64°C - 71°C - 69°C | Throttling: None - None - None - None - None - None - None - None
3760 (4134163 Gflops/s) - 3758 (4131964 Gflops/s) - 3706 (4074790 Gflops/s) - 3740 (4112173 Gflops/s) - 3723 (4093481 Gflops/s) - 3764 (4138561 Gflops/s) - 3735 (4106675 Gflops/s) - 3745 (4117671 Gflops/s) | Temperatures: 64°C - 65°C - 70°C - 70°C - 64°C - 64°C - 71°C - 70°C | Throttling: None - None - None - None - None - None - None - None
3764 (4138561 Gflops/s) - 3756 (4129765 Gflops/s) - 3706 (4074790 Gflops/s) - 3741 (4113272 Gflops/s) - 3724 (4094581 Gflops/s) - 3764 (4138561 Gflops/s) - 3727 (4097879 Gflops/s) - 3742 (4114372 Gflops/s) | Temperatures: 64°C - 65°C - 70°C - 70°C - 64°C - 64°C - 71°C - 70°C | Throttling: None - None - None - None - None - None - None - None
3762 (4136362 Gflops/s) - 3758 (4131964 Gflops/s) - 3705 (4073690 Gflops/s) - 3741 (4113272 Gflops/s) - 3724 (4094581 Gflops/s) - 3764 (4138561 Gflops/s) - 3725 (4095680 Gflops/s) - 3749 (4122069 Gflops/s) | Temperatures: 64°C - 65°C - 70°C - 70°C - 64°C - 64°C - 71°C - 70°C | Throttling: None - None - None - None - None - None - None - None
3764 (4138561 Gflops/s) - 3757 (4130865 Gflops/s) - 3706 (4074790 Gflops/s) - 3744 (4116571 Gflops/s) - 3723 (4093481 Gflops/s) - 3763 (4137462 Gflops/s) - 3729 (4100078 Gflops/s) - 3747 (4119870 Gflops/s) | Temperatures: 64°C - 65°C - 70°C - 71°C - 64°C - 64°C - 71°C - 70°C | Throttling: None - None - None - None - None - None - None - None
3766 (4140760 Gflops/s) - 3757 (4130865 Gflops/s) - 3707 (4075889 Gflops/s) - 3741 (4113272 Gflops/s) - 3723 (4093481 Gflops/s) - 3764 (4138561 Gflops/s) - 3724 (4094581 Gflops/s) - 3749 (4122069 Gflops/s) | Temperatures: 64°C - 65°C - 70°C - 70°C - 64°C - 64°C - 71°C - 70°C | Throttling: None - None - None - None - None - None - None - None
3762 (4136362 Gflops/s) - 3755 (4128666 Gflops/s) - 3705 (4073690 Gflops/s) - 3739 (4111073 Gflops/s) - 3723 (4093481 Gflops/s) - 3764 (4138561 Gflops/s) - 3731 (4102277 Gflops/s) - 3736 (4107775 Gflops/s) | Temperatures: 63°C - 65°C - 70°C - 70°C - 64°C - 64°C - 71°C - 69°C | Throttling: None - None - None - None - None - None - None - None
3764 (4138561 Gflops/s) - 3758 (4131964 Gflops/s) - 3705 (4073690 Gflops/s) - 3741 (4113272 Gflops/s) - 3724 (4094581 Gflops/s) - 3764 (4138561 Gflops/s) - 3734 (4105576 Gflops/s) - 3753 (4126467 Gflops/s) | Temperatures: 63°C - 65°C - 70°C - 70°C - 64°C - 64°C - 71°C - 70°C | Throttling: None - None - None - None - None - None - None - None
3766 (4140760 Gflops/s) - 3758 (4131964 Gflops/s) - 3705 (4073690 Gflops/s) - 3734 (4105576 Gflops/s) - 3723 (4093481 Gflops/s) - 3763 (4137462 Gflops/s) - 3720 (4090183 Gflops/s) - 3749 (4122069 Gflops/s) | Temperatures: 63°C - 64°C - 70°C - 70°C - 64°C - 64°C - 71°C - 70°C | Throttling: None - None - None - None - None - None - None - None
3764 (4138561 Gflops/s) - 3758 (4131964 Gflops/s) - 3705 (4073690 Gflops/s) - 3735 (4106675 Gflops/s) - 3724 (4094581 Gflops/s) - 3764 (4138561 Gflops/s) - 3722 (4092382 Gflops/s) - 3747 (4119870 Gflops/s) | Temperatures: 63°C - 64°C - 70°C - 71°C - 64°C - 64°C - 71°C - 70°C | Throttling: None - None - None - None - None - None - None - None
3764 (4138561 Gflops/s) - 3756 (4129765 Gflops/s) - 3705 (4073690 Gflops/s) - 3735 (4106675 Gflops/s) - 3723 (4093481 Gflops/s) - 3764 (4138561 Gflops/s) - 3727 (4097879 Gflops/s) - 3745 (4117671 Gflops/s) | Temperatures: 63°C - 64°C - 70°C - 70°C - 64°C - 64°C - 71°C - 70°C | Throttling: None - None - None - None - None - None - None - None
3766 (4140760 Gflops/s) - 3756 (4129765 Gflops/s) - 3706 (4074790 Gflops/s) - 3737 (4108874 Gflops/s) - 3723 (4093481 Gflops/s) - 3764 (4138561 Gflops/s) - 3735 (4106675 Gflops/s) - 3750 (4123168 Gflops/s) | Temperatures: 63°C - 64°C - 70°C - 71°C - 64°C - 64°C - 72°C - 70°C | Throttling: None - None - None - None - None - None - None - None
3764 (4138561 Gflops/s) - 3758 (4131964 Gflops/s) - 3705 (4073690 Gflops/s) - 3740 (4112173 Gflops/s) - 3724 (4094581 Gflops/s) - 3764 (4138561 Gflops/s) - 3730 (4101178 Gflops/s) - 3738 (4109974 Gflops/s) | Temperatures: 63°C - 64°C - 70°C - 70°C - 64°C - 64°C - 71°C - 70°C | Throttling: None - None - None - None - None - None - None - None
3765 (4139661 Gflops/s) - 3758 (4131964 Gflops/s) - 3705 (4073690 Gflops/s) - 3731 (4102277 Gflops/s) - 3723 (4093481 Gflops/s) - 3765 (4139661 Gflops/s) - 3724 (4094581 Gflops/s) - 3748 (4120969 Gflops/s) | Temperatures: 64°C - 65°C - 70°C - 70°C - 64°C - 64°C - 71°C - 70°C | Throttling: None - None - None - None - None - None - None - None
3763 (4137462 Gflops/s) - 3756 (4129765 Gflops/s) - 3704 (4072591 Gflops/s) - 3733 (4104476 Gflops/s) - 3724 (4094581 Gflops/s) - 3763 (4137462 Gflops/s) - 3719 (4089083 Gflops/s) - 3734 (4105576 Gflops/s) | Temperatures: 64°C - 65°C - 70°C - 70°C - 64°C - 64°C - 71°C - 70°C | Throttling: None - None - None - None - None - None - None - None
3763 (4137462 Gflops/s) - 3758 (4131964 Gflops/s) - 3704 (4072591 Gflops/s) - 3738 (4109974 Gflops/s) - 3723 (4093481 Gflops/s) - 3764 (4138561 Gflops/s) - 3724 (4094581 Gflops/s) - 3749 (4122069 Gflops/s) | Temperatures: 64°C - 65°C - 70°C - 71°C - 64°C - 64°C - 71°C - 70°C | Throttling: None - None - None - None - None - None - None - None
3761 (4135263 Gflops/s) - 3757 (4130865 Gflops/s) - 3705 (4073690 Gflops/s) - 3744 (4116571 Gflops/s) - 3725 (4095680 Gflops/s) - 3763 (4137462 Gflops/s) - 3723 (4093481 Gflops/s) - 3741 (4113272 Gflops/s) | Temperatures: 64°C - 65°C - 70°C - 71°C - 64°C - 64°C - 72°C - 70°C | Throttling: None - None - None - None - None - None - None - None
3762 (4136362 Gflops/s) - 3756 (4129765 Gflops/s) - 3705 (4073690 Gflops/s) - 3740 (4112173 Gflops/s) - 3723 (4093481 Gflops/s) - 3763 (4137462 Gflops/s) - 3718 (4087984 Gflops/s) - 3741 (4113272 Gflops/s) | Temperatures: 64°C - 65°C - 71°C - 71°C - 64°C - 64°C - 71°C - 70°C | Throttling: None - None - None - None - None - None - None - None
3763 (4137462 Gflops/s) - 3753 (4126467 Gflops/s) - 3705 (4073690 Gflops/s) - 3731 (4102277 Gflops/s) - 3723 (4093481 Gflops/s) - 3764 (4138561 Gflops/s) - 3735 (4106675 Gflops/s) - 3743 (4115472 Gflops/s) | Temperatures: 64°C - 65°C - 71°C - 71°C - 64°C - 64°C - 72°C - 70°C | Throttling: None - None - None - None - None - None - None - None
3761 (4135263 Gflops/s) - 3750 (4123168 Gflops/s) - 3703 (4071491 Gflops/s) - 3742 (4114372 Gflops/s) - 3723 (4093481 Gflops/s) - 3764 (4138561 Gflops/s) - 3721 (4091282 Gflops/s) - 3741 (4113272 Gflops/s) | Temperatures: 64°C - 65°C - 71°C - 71°C - 64°C - 64°C - 72°C - 70°C | Throttling: None - None - None - None - None - None - None - None
3757 (4130865 Gflops/s) - 3750 (4123168 Gflops/s) - 3703 (4071491 Gflops/s) - 3732 (4103377 Gflops/s) - 3722 (4092382 Gflops/s) - 3763 (4137462 Gflops/s) - 3713 (4082486 Gflops/s) - 3739 (4111073 Gflops/s) | Temperatures: 64°C - 65°C - 71°C - 71°C - 64°C - 64°C - 72°C - 70°C | Throttling: None - None - None - None - None - None - None - None
3764 (4138561 Gflops/s) - 3752 (4125367 Gflops/s) - 3705 (4073690 Gflops/s) - 3734 (4105576 Gflops/s) - 3722 (4092382 Gflops/s) - 3764 (4138561 Gflops/s) - 3724 (4094581 Gflops/s) - 3740 (4112173 Gflops/s) | Temperatures: 64°C - 65°C - 71°C - 71°C - 65°C - 64°C - 72°C - 70°C | Throttling: None - None - None - None - None - None - None - None
3761 (4135263 Gflops/s) - 3751 (4124268 Gflops/s) - 3700 (4068193 Gflops/s) - 3732 (4103377 Gflops/s) - 3723 (4093481 Gflops/s) - 3764 (4138561 Gflops/s) - 3722 (4092382 Gflops/s) - 3739 (4111073 Gflops/s) | Temperatures: 64°C - 65°C - 71°C - 71°C - 65°C - 64°C - 72°C - 70°C | Throttling: None - None - None - None - None - None - None - None
3760 (4134163 Gflops/s) - 3751 (4124268 Gflops/s) - 3705 (4073690 Gflops/s) - 3739 (4111073 Gflops/s) - 3724 (4094581 Gflops/s) - 3763 (4137462 Gflops/s) - 3723 (4093481 Gflops/s) - 3744 (4116571 Gflops/s) | Temperatures: 64°C - 65°C - 71°C - 71°C - 65°C - 64°C - 72°C - 70°C | Throttling: None - None - None - None - None - None - None - None
3761 (4135263 Gflops/s) - 3749 (4122069 Gflops/s) - 3703 (4071491 Gflops/s) - 3728 (4098979 Gflops/s) - 3723 (4093481 Gflops/s) - 3764 (4138561 Gflops/s) - 3724 (4094581 Gflops/s) - 3737 (4108874 Gflops/s) | Temperatures: 64°C - 65°C - 71°C - 71°C - 65°C - 64°C - 72°C - 70°C | Throttling: None - None - None - None - None - None - None - None
3760 (4134163 Gflops/s) - 3750 (4123168 Gflops/s) - 3702 (4070392 Gflops/s) - 3728 (4098979 Gflops/s) - 3724 (4094581 Gflops/s) - 3764 (4138561 Gflops/s) - 3726 (4096780 Gflops/s) - 3716 (4085785 Gflops/s) | Temperatures: 64°C - 65°C - 71°C - 71°C - 65°C - 64°C - 72°C - 70°C | Throttling: None - None - None - None - None - None - None - None
3758 (4131964 Gflops/s) - 3751 (4124268 Gflops/s) - 3702 (4070392 Gflops/s) - 3740 (4112173 Gflops/s) - 3723 (4093481 Gflops/s) - 3764 (4138561 Gflops/s) - 3717 (4086884 Gflops/s) - 3736 (4107775 Gflops/s) | Temperatures: 64°C - 65°C - 71°C - 71°C - 65°C - 65°C - 72°C - 70°C | Throttling: None - None - None - None - None - None - None - None
3760 (4134163 Gflops/s) - 3750 (4123168 Gflops/s) - 3701 (4069292 Gflops/s) - 3727 (4097879 Gflops/s) - 3722 (4092382 Gflops/s) - 3763 (4137462 Gflops/s) - 3713 (4082486 Gflops/s) - 3732 (4103377 Gflops/s) | Temperatures: 64°C - 65°C - 71°C - 71°C - 65°C - 65°C - 72°C - 70°C | Throttling: None - None - None - None - None - None - None - None
3761 (4135263 Gflops/s) - 3751 (4124268 Gflops/s) - 3701 (4069292 Gflops/s) - 3733 (4104476 Gflops/s) - 3722 (4092382 Gflops/s) - 3763 (4137462 Gflops/s) - 3721 (4091282 Gflops/s) - 3731 (4102277 Gflops/s) | Temperatures: 64°C - 65°C - 71°C - 71°C - 65°C - 65°C - 72°C - 70°C | Throttling: None - None - None - None - None - None - None - None
3762 (4136362 Gflops/s) - 3751 (4124268 Gflops/s) - 3701 (4069292 Gflops/s) - 3738 (4109974 Gflops/s) - 3721 (4091282 Gflops/s) - 3764 (4138561 Gflops/s) - 3722 (4092382 Gflops/s) - 3736 (4107775 Gflops/s) | Temperatures: 64°C - 65°C - 71°C - 71°C - 65°C - 65°C - 72°C - 70°C | Throttling: None - None - None - None - None - None - None - None
3763 (4137462 Gflops/s) - 3749 (4122069 Gflops/s) - 3701 (4069292 Gflops/s) - 3728 (4098979 Gflops/s) - 3722 (4092382 Gflops/s) - 3763 (4137462 Gflops/s) - 3725 (4095680 Gflops/s) - 3738 (4109974 Gflops/s) | Temperatures: 64°C - 65°C - 71°C - 71°C - 65°C - 65°C - 72°C - 70°C | Throttling: None - None - None - None - None - None - None - None
3761 (4135263 Gflops/s) - 3750 (4123168 Gflops/s) - 3701 (4069292 Gflops/s) - 3736 (4107775 Gflops/s) - 3721 (4091282 Gflops/s) - 3764 (4138561 Gflops/s) - 3711 (4080287 Gflops/s) - 3722 (4092382 Gflops/s) | Temperatures: 64°C - 65°C - 71°C - 71°C - 65°C - 65°C - 72°C - 70°C | Throttling: None - None - None - None - None - None - None - None
3762 (4136362 Gflops/s) - 3750 (4123168 Gflops/s) - 3698 (4065993 Gflops/s) - 3737 (4108874 Gflops/s) - 3720 (4090183 Gflops/s) - 3763 (4137462 Gflops/s) - 3720 (4090183 Gflops/s) - 3744 (4116571 Gflops/s) | Temperatures: 64°C - 65°C - 71°C - 71°C - 65°C - 65°C - 72°C - 70°C | Throttling: None - None - None - None - None - None - None - None
3762 (4136362 Gflops/s) - 3752 (4125367 Gflops/s) - 3703 (4071491 Gflops/s) - 3735 (4106675 Gflops/s) - 3729 (4100078 Gflops/s) - 3767 (4141860 Gflops/s) - 3723 (4093481 Gflops/s) - 3740 (4112173 Gflops/s) | Temperatures: 64°C - 65°C - 71°C - 71°C - 65°C - 65°C - 72°C - 71°C | Throttling: None - None - None - None - None - None - None - None
3753 (4126467 Gflops/s) - 3744 (4116571 Gflops/s) - 3696 (4063794 Gflops/s) - 3731 (4102277 Gflops/s) - 3700 (4068193 Gflops/s) - 3760 (4134163 Gflops/s) - 3717 (4086884 Gflops/s) - 3737 (4108874 Gflops/s) | Temperatures: 64°C - 65°C - 71°C - 71°C - 65°C - 65°C - 72°C - 71°C | Throttling: None - None - None - None - None - None - None - None
3761 (4135263 Gflops/s) - 3755 (4128666 Gflops/s) - 3704 (4072591 Gflops/s) - 3739 (4111073 Gflops/s) - 3721 (4091282 Gflops/s) - 3767 (4141860 Gflops/s) - 3724 (4094581 Gflops/s) - 3741 (4113272 Gflops/s) | Temperatures: 64°C - 65°C - 71°C - 71°C - 65°C - 65°C - 72°C - 70°C | Throttling: None - None - None - None - None - None - None - None
3756 (4129765 Gflops/s) - 3749 (4122069 Gflops/s) - 3700 (4068193 Gflops/s) - 3733 (4104476 Gflops/s) - 3719 (4089083 Gflops/s) - 3763 (4137462 Gflops/s) - 3725 (4095680 Gflops/s) - 3745 (4117671 Gflops/s) | Temperatures: 64°C - 65°C - 71°C - 71°C - 65°C - 65°C - 72°C - 71°C | Throttling: None - None - None - None - None - None - None - None
3760 (4134163 Gflops/s) - 3750 (4123168 Gflops/s) - 3699 (4067093 Gflops/s) - 3732 (4103377 Gflops/s) - 3708 (4076989 Gflops/s) - 3764 (4138561 Gflops/s) - 3710 (4079188 Gflops/s) - 3746 (4118770 Gflops/s) | Temperatures: 65°C - 65°C - 71°C - 71°C - 65°C - 65°C - 72°C - 71°C | Throttling: None - None - None - None - None - None - None - None
3757 (4130865 Gflops/s) - 3748 (4120969 Gflops/s) - 3697 (4064894 Gflops/s) - 3733 (4104476 Gflops/s) - 3712 (4081387 Gflops/s) - 3764 (4138561 Gflops/s) - 3717 (4086884 Gflops/s) - 3742 (4114372 Gflops/s) | Temperatures: 65°C - 66°C - 71°C - 72°C - 65°C - 65°C - 72°C - 71°C | Throttling: None - None - None - None - None - None - None - None
3754 (4127566 Gflops/s) - 3748 (4120969 Gflops/s) - 3701 (4069292 Gflops/s) - 3728 (4098979 Gflops/s) - 3712 (4081387 Gflops/s) - 3764 (4138561 Gflops/s) - 3723 (4093481 Gflops/s) - 3740 (4112173 Gflops/s) | Temperatures: 65°C - 66°C - 71°C - 71°C - 65°C - 65°C - 73°C - 71°C | Throttling: None - None - None - None - None - None - None - None
3755 (4128666 Gflops/s) - 3747 (4119870 Gflops/s) - 3697 (4064894 Gflops/s) - 3729 (4100078 Gflops/s) - 3705 (4073690 Gflops/s) - 3763 (4137462 Gflops/s) - 3717 (4086884 Gflops/s) - 3741 (4113272 Gflops/s) | Temperatures: 65°C - 66°C - 71°C - 72°C - 65°C - 65°C - 72°C - 71°C | Throttling: None - None - None - None - None - None - None - None
3758 (4131964 Gflops/s) - 3747 (4119870 Gflops/s) - 3697 (4064894 Gflops/s) - 3724 (4094581 Gflops/s) - 3716 (4085785 Gflops/s) - 3764 (4138561 Gflops/s) - 3717 (4086884 Gflops/s) - 3732 (4103377 Gflops/s) | Temperatures: 65°C - 66°C - 71°C - 72°C - 65°C - 65°C - 73°C - 71°C | Throttling: None - None - None - None - None - None - None - None
3756 (4129765 Gflops/s) - 3747 (4119870 Gflops/s) - 3701 (4069292 Gflops/s) - 3731 (4102277 Gflops/s) - 3712 (4081387 Gflops/s) - 3764 (4138561 Gflops/s) - 3716 (4085785 Gflops/s) - 3738 (4109974 Gflops/s) | Temperatures: 65°C - 66°C - 72°C - 72°C - 65°C - 65°C - 72°C - 71°C | Throttling: None - None - None - None - None - None - None - None
3754 (4127566 Gflops/s) - 3748 (4120969 Gflops/s) - 3699 (4067093 Gflops/s) - 3731 (4102277 Gflops/s) - 3699 (4067093 Gflops/s) - 3763 (4137462 Gflops/s) - 3720 (4090183 Gflops/s) - 3734 (4105576 Gflops/s) | Temperatures: 65°C - 66°C - 72°C - 72°C - 65°C - 65°C - 73°C - 71°C | Throttling: None - None - None - None - None - None - None - None
3757 (4130865 Gflops/s) - 3746 (4118770 Gflops/s) - 3699 (4067093 Gflops/s) - 3733 (4104476 Gflops/s) - 3707 (4075889 Gflops/s) - 3764 (4138561 Gflops/s) - 3719 (4089083 Gflops/s) - 3742 (4114372 Gflops/s) | Temperatures: 65°C - 66°C - 72°C - 72°C - 65°C - 65°C - 73°C - 71°C | Throttling: None - None - None - None - None - None - None - None
3754 (4127566 Gflops/s) - 3749 (4122069 Gflops/s) - 3696 (4063794 Gflops/s) - 3731 (4102277 Gflops/s) - 3709 (4078088 Gflops/s) - 3764 (4138561 Gflops/s) - 3715 (4084685 Gflops/s) - 3734 (4105576 Gflops/s) | Temperatures: 65°C - 66°C - 72°C - 72°C - 65°C - 65°C - 73°C - 71°C | Throttling: None - None - None - None - None - None - None - None
3754 (4127566 Gflops/s) - 3747 (4119870 Gflops/s) - 3697 (4064894 Gflops/s) - 3726 (4096780 Gflops/s) - 3695 (4062695 Gflops/s) - 3763 (4137462 Gflops/s) - 3716 (4085785 Gflops/s) - 3740 (4112173 Gflops/s) | Temperatures: 65°C - 66°C - 72°C - 72°C - 65°C - 65°C - 73°C - 71°C | Throttling: None - None - None - None - None - None - None - None
3755 (4128666 Gflops/s) - 3748 (4120969 Gflops/s) - 3698 (4065993 Gflops/s) - 3728 (4098979 Gflops/s) - 3704 (4072591 Gflops/s) - 3764 (4138561 Gflops/s) - 3720 (4090183 Gflops/s) - 3743 (4115472 Gflops/s) | Temperatures: 65°C - 66°C - 72°C - 72°C - 66°C - 65°C - 73°C - 71°C | Throttling: None - None - None - None - None - None - None - None
3752 (4125367 Gflops/s) - 3746 (4118770 Gflops/s) - 3695 (4062695 Gflops/s) - 3728 (4098979 Gflops/s) - 3698 (4065993 Gflops/s) - 3764 (4138561 Gflops/s) - 3716 (4085785 Gflops/s) - 3732 (4103377 Gflops/s) | Temperatures: 65°C - 66°C - 72°C - 72°C - 66°C - 65°C - 73°C - 71°C | Throttling: None - None - None - None - None - None - None - None
3754 (4127566 Gflops/s) - 3746 (4118770 Gflops/s) - 3696 (4063794 Gflops/s) - 3725 (4095680 Gflops/s) - 3682 (4048401 Gflops/s) - 3763 (4137462 Gflops/s) - 3716 (4085785 Gflops/s) - 3731 (4102277 Gflops/s) | Temperatures: 65°C - 66°C - 72°C - 72°C - 66°C - 65°C - 73°C - 71°C | Throttling: None - None - None - None - None - None - None - None
3754 (4127566 Gflops/s) - 3747 (4119870 Gflops/s) - 3698 (4065993 Gflops/s) - 3729 (4100078 Gflops/s) - 3686 (4052799 Gflops/s) - 3764 (4138561 Gflops/s) - 3722 (4092382 Gflops/s) - 3739 (4111073 Gflops/s) | Temperatures: 65°C - 66°C - 72°C - 72°C - 66°C - 66°C - 73°C - 71°C | Throttling: None - None - None - None - None - None - None - None
3755 (4128666 Gflops/s) - 3747 (4119870 Gflops/s) - 3698 (4065993 Gflops/s) - 3729 (4100078 Gflops/s) - 3691 (4058297 Gflops/s) - 3763 (4137462 Gflops/s) - 3715 (4084685 Gflops/s) - 3733 (4104476 Gflops/s) | Temperatures: 65°C - 66°C - 72°C - 72°C - 66°C - 66°C - 73°C - 71°C | Throttling: None - None - None - None - None - None - None - None
3753 (4126467 Gflops/s) - 3746 (4118770 Gflops/s) - 3695 (4062695 Gflops/s) - 3731 (4102277 Gflops/s) - 3677 (4042904 Gflops/s) - 3764 (4138561 Gflops/s) - 3718 (4087984 Gflops/s) - 3730 (4101178 Gflops/s) | Temperatures: 65°C - 66°C - 72°C - 72°C - 66°C - 66°C - 73°C - 71°C | Throttling: None - None - None - None - None - None - None - None
3755 (4128666 Gflops/s) - 3745 (4117671 Gflops/s) - 3695 (4062695 Gflops/s) - 3729 (4100078 Gflops/s) - 3680 (4046202 Gflops/s) - 3764 (4138561 Gflops/s) - 3721 (4091282 Gflops/s) - 3743 (4115472 Gflops/s) | Temperatures: 65°C - 66°C - 72°C - 72°C - 66°C - 66°C - 73°C - 71°C | Throttling: None - None - None - None - None - None - None - None
3753 (4126467 Gflops/s) - 3745 (4117671 Gflops/s) - 3698 (4065993 Gflops/s) - 3727 (4097879 Gflops/s) - 3692 (4059396 Gflops/s) - 3763 (4137462 Gflops/s) - 3719 (4089083 Gflops/s) - 3741 (4113272 Gflops/s) | Temperatures: 65°C - 66°C - 72°C - 72°C - 66°C - 66°C - 73°C - 71°C | Throttling: None - None - None - None - None - None - None - None
3752 (4125367 Gflops/s) - 3746 (4118770 Gflops/s) - 3695 (4062695 Gflops/s) - 3725 (4095680 Gflops/s) - 3669 (4034108 Gflops/s) - 3763 (4137462 Gflops/s) - 3713 (4082486 Gflops/s) - 3733 (4104476 Gflops/s) | Temperatures: 65°C - 66°C - 72°C - 72°C - 66°C - 66°C - 73°C - 71°C | Throttling: None - None - None - None - None - None - None - None
3754 (4127566 Gflops/s) - 3745 (4117671 Gflops/s) - 3696 (4063794 Gflops/s) - 3727 (4097879 Gflops/s) - 3671 (4036307 Gflops/s) - 3764 (4138561 Gflops/s) - 3711 (4080287 Gflops/s) - 3731 (4102277 Gflops/s) | Temperatures: 65°C - 66°C - 72°C - 72°C - 66°C - 66°C - 73°C - 71°C | Throttling: None - None - None - None - None - None - None - None
3752 (4125367 Gflops/s) - 3745 (4117671 Gflops/s) - 3696 (4063794 Gflops/s) - 3724 (4094581 Gflops/s) - 3681 (4047302 Gflops/s) - 3763 (4137462 Gflops/s) - 3716 (4085785 Gflops/s) - 3733 (4104476 Gflops/s) | Temperatures: 65°C - 66°C - 72°C - 72°C - 66°C - 66°C - 73°C - 71°C | Throttling: None - None - None - None - None - None - None - None
3753 (4126467 Gflops/s) - 3745 (4117671 Gflops/s) - 3695 (4062695 Gflops/s) - 3729 (4100078 Gflops/s) - 3690 (4057197 Gflops/s) - 3764 (4138561 Gflops/s) - 3719 (4089083 Gflops/s) - 3734 (4105576 Gflops/s) | Temperatures: 65°C - 66°C - 72°C - 72°C - 66°C - 66°C - 73°C - 71°C | Throttling: None - None - None - None - None - None - None - None
3752 (4125367 Gflops/s) - 3746 (4118770 Gflops/s) - 3696 (4063794 Gflops/s) - 3732 (4103377 Gflops/s) - 3673 (4038506 Gflops/s) - 3763 (4137462 Gflops/s) - 3713 (4082486 Gflops/s) - 3737 (4108874 Gflops/s) | Temperatures: 65°C - 66°C - 72°C - 72°C - 66°C - 66°C - 73°C - 71°C | Throttling: None - None - None - None - None - None - None - None
3753 (4126467 Gflops/s) - 3744 (4116571 Gflops/s) - 3695 (4062695 Gflops/s) - 3726 (4096780 Gflops/s) - 3647 (4009918 Gflops/s) - 3764 (4138561 Gflops/s) - 3721 (4091282 Gflops/s) - 3729 (4100078 Gflops/s) | Temperatures: 65°C - 66°C - 72°C - 72°C - 66°C - 66°C - 73°C - 71°C | Throttling: None - None - None - None - None - None - None - None
3753 (4126467 Gflops/s) - 3745 (4117671 Gflops/s) - 3695 (4062695 Gflops/s) - 3726 (4096780 Gflops/s) - 3685 (4051700 Gflops/s) - 3764 (4138561 Gflops/s) - 3713 (4082486 Gflops/s) - 3736 (4107775 Gflops/s) | Temperatures: 65°C - 66°C - 72°C - 72°C - 66°C - 66°C - 73°C - 71°C | Throttling: None - None - None - None - None - None - None - None
3754 (4127566 Gflops/s) - 3743 (4115472 Gflops/s) - 3695 (4062695 Gflops/s) - 3727 (4097879 Gflops/s) - 3675 (4040705 Gflops/s) - 3763 (4137462 Gflops/s) - 3718 (4087984 Gflops/s) - 3726 (4096780 Gflops/s) | Temperatures: 65°C - 66°C - 72°C - 72°C - 66°C - 66°C - 73°C - 71°C | Throttling: None - None - None - None - None - None - None - None
3753 (4126467 Gflops/s) - 3743 (4115472 Gflops/s) - 3695 (4062695 Gflops/s) - 3726 (4096780 Gflops/s) - 3681 (4047302 Gflops/s) - 3763 (4137462 Gflops/s) - 3716 (4085785 Gflops/s) - 3737 (4108874 Gflops/s) | Temperatures: 65°C - 66°C - 72°C - 72°C - 66°C - 66°C - 73°C - 71°C | Throttling: None - None - None - None - None - None - None - None
3752 (4125367 Gflops/s) - 3743 (4115472 Gflops/s) - 3696 (4063794 Gflops/s) - 3727 (4097879 Gflops/s) - 3678 (4044003 Gflops/s) - 3763 (4137462 Gflops/s) - 3714 (4083586 Gflops/s) - 3732 (4103377 Gflops/s) | Temperatures: 65°C - 66°C - 72°C - 72°C - 66°C - 66°C - 73°C - 71°C | Throttling: None - None - None - None - None - None - None - None
3753 (4126467 Gflops/s) - 3745 (4117671 Gflops/s) - 3695 (4062695 Gflops/s) - 3723 (4093481 Gflops/s) - 3678 (4044003 Gflops/s) - 3763 (4137462 Gflops/s) - 3717 (4086884 Gflops/s) - 3734 (4105576 Gflops/s) | Temperatures: 65°C - 66°C - 72°C - 72°C - 66°C - 66°C - 73°C - 71°C | Throttling: None - None - None - None - None - None - None - None
3754 (4127566 Gflops/s) - 3743 (4115472 Gflops/s) - 3695 (4062695 Gflops/s) - 3724 (4094581 Gflops/s) - 3644 (4006620 Gflops/s) - 3762 (4136362 Gflops/s) - 3716 (4085785 Gflops/s) - 3740 (4112173 Gflops/s) | Temperatures: 65°C - 66°C - 72°C - 72°C - 66°C - 66°C - 73°C - 72°C | Throttling: None - None - None - None - None - None - None - None
3753 (4126467 Gflops/s) - 3742 (4114372 Gflops/s) - 3695 (4062695 Gflops/s) - 3727 (4097879 Gflops/s) - 3657 (4020914 Gflops/s) - 3762 (4136362 Gflops/s) - 3717 (4086884 Gflops/s) - 3736 (4107775 Gflops/s) | Temperatures: 65°C - 66°C - 72°C - 72°C - 66°C - 66°C - 73°C - 72°C | Throttling: None - None - None - None - None - None - None - None
3752 (4125367 Gflops/s) - 3743 (4115472 Gflops/s) - 3695 (4062695 Gflops/s) - 3721 (4091282 Gflops/s) - 3672 (4037406 Gflops/s) - 3762 (4136362 Gflops/s) - 3722 (4092382 Gflops/s) - 3737 (4108874 Gflops/s) | Temperatures: 65°C - 66°C - 72°C - 72°C - 66°C - 66°C - 73°C - 72°C | Throttling: None - None - None - None - None - None - None - None
3752 (4125367 Gflops/s) - 3742 (4114372 Gflops/s) - 3695 (4062695 Gflops/s) - 3727 (4097879 Gflops/s) - 3670 (4035207 Gflops/s) - 3762 (4136362 Gflops/s) - 3717 (4086884 Gflops/s) - 3733 (4104476 Gflops/s) | Temperatures: 65°C - 66°C - 72°C - 72°C - 66°C - 66°C - 73°C - 72°C | Throttling: None - None - None - None - None - None - None - None
3752 (4125367 Gflops/s) - 3742 (4114372 Gflops/s) - 3695 (4062695 Gflops/s) - 3724 (4094581 Gflops/s) - 3651 (4014316 Gflops/s) - 3761 (4135263 Gflops/s) - 3717 (4086884 Gflops/s) - 3737 (4108874 Gflops/s) | Temperatures: 65°C - 66°C - 72°C - 72°C - 66°C - 66°C - 73°C - 72°C | Throttling: None - None - None - None - None - None - None - None
3753 (4126467 Gflops/s) - 3741 (4113272 Gflops/s) - 3695 (4062695 Gflops/s) - 3728 (4098979 Gflops/s) - 3655 (4018714 Gflops/s) - 3762 (4136362 Gflops/s) - 3714 (4083586 Gflops/s) - 3737 (4108874 Gflops/s) | Temperatures: 65°C - 66°C - 72°C - 72°C - 66°C - 66°C - 74°C - 72°C | Throttling: None - None - None - None - None - None - None - None
3752 (4125367 Gflops/s) - 3742 (4114372 Gflops/s) - 3694 (4061595 Gflops/s) - 3720 (4090183 Gflops/s) - 3681 (4047302 Gflops/s) - 3763 (4137462 Gflops/s) - 3716 (4085785 Gflops/s) - 3735 (4106675 Gflops/s) | Temperatures: 65°C - 66°C - 72°C - 72°C - 66°C - 66°C - 73°C - 72°C | Throttling: None - None - None - None - None - None - None - None
3753 (4126467 Gflops/s) - 3740 (4112173 Gflops/s) - 3695 (4062695 Gflops/s) - 3724 (4094581 Gflops/s) - 3638 (4000023 Gflops/s) - 3761 (4135263 Gflops/s) - 3723 (4093481 Gflops/s) - 3725 (4095680 Gflops/s) | Temperatures: 65°C - 66°C - 72°C - 72°C - 66°C - 66°C - 74°C - 71°C | Throttling: None - None - None - None - None - None - None - None
3753 (4126467 Gflops/s) - 3741 (4113272 Gflops/s) - 3695 (4062695 Gflops/s) - 3719 (4089083 Gflops/s) - 3674 (4039605 Gflops/s) - 3762 (4136362 Gflops/s) - 3716 (4085785 Gflops/s) - 3737 (4108874 Gflops/s) | Temperatures: 66°C - 67°C - 72°C - 72°C - 66°C - 66°C - 73°C - 72°C | Throttling: None - None - None - None - None - None - None - None
3750 (4123168 Gflops/s) - 3740 (4112173 Gflops/s) - 3695 (4062695 Gflops/s) - 3725 (4095680 Gflops/s) - 3665 (4029710 Gflops/s) - 3761 (4135263 Gflops/s) - 3713 (4082486 Gflops/s) - 3727 (4097879 Gflops/s) | Temperatures: 66°C - 66°C - 72°C - 72°C - 66°C - 66°C - 73°C - 72°C | Throttling: None - None - None - None - None - None - None - None
3753 (4126467 Gflops/s) - 3741 (4113272 Gflops/s) - 3695 (4062695 Gflops/s) - 3723 (4093481 Gflops/s) - 3661 (4025312 Gflops/s) - 3762 (4136362 Gflops/s) - 3711 (4080287 Gflops/s) - 3735 (4106675 Gflops/s) | Temperatures: 66°C - 67°C - 72°C - 72°C - 66°C - 66°C - 74°C - 72°C | Throttling: None - None - None - None - None - None - None - None
3750 (4123168 Gflops/s) - 3739 (4111073 Gflops/s) - 3695 (4062695 Gflops/s) - 3720 (4090183 Gflops/s) - 3669 (4034108 Gflops/s) - 3762 (4136362 Gflops/s) - 3708 (4076989 Gflops/s) - 3734 (4105576 Gflops/s) | Temperatures: 66°C - 67°C - 72°C - 73°C - 66°C - 66°C - 73°C - 72°C | Throttling: None - None - None - None - None - None - None - None
3751 (4124268 Gflops/s) - 3739 (4111073 Gflops/s) - 3694 (4061595 Gflops/s) - 3724 (4094581 Gflops/s) - 3683 (4049501 Gflops/s) - 3761 (4135263 Gflops/s) - 3718 (4087984 Gflops/s) - 3724 (4094581 Gflops/s) | Temperatures: 66°C - 67°C - 72°C - 72°C - 66°C - 66°C - 74°C - 72°C | Throttling: None - None - None - None - None - None - None - None
3751 (4124268 Gflops/s) - 3740 (4112173 Gflops/s) - 3695 (4062695 Gflops/s) - 3726 (4096780 Gflops/s) - 3658 (4022013 Gflops/s) - 3762 (4136362 Gflops/s) - 3710 (4079188 Gflops/s) - 3731 (4102277 Gflops/s) | Temperatures: 66°C - 67°C - 73°C - 73°C - 66°C - 66°C - 74°C - 72°C | Throttling: None - None - None - None - None - None - None - None
3751 (4124268 Gflops/s) - 3740 (4112173 Gflops/s) - 3695 (4062695 Gflops/s) - 3729 (4100078 Gflops/s) - 3650 (4013217 Gflops/s) - 3761 (4135263 Gflops/s) - 3715 (4084685 Gflops/s) - 3733 (4104476 Gflops/s) | Temperatures: 66°C - 67°C - 73°C - 73°C - 66°C - 66°C - 74°C - 72°C | Throttling: None - None - None - None - None - None - None - None
3750 (4123168 Gflops/s) - 3742 (4114372 Gflops/s) - 3695 (4062695 Gflops/s) - 3728 (4098979 Gflops/s) - 3659 (4023113 Gflops/s) - 3762 (4136362 Gflops/s) - 3711 (4080287 Gflops/s) - 3730 (4101178 Gflops/s) | Temperatures: 66°C - 67°C - 73°C - 73°C - 66°C - 66°C - 74°C - 72°C | Throttling: None - None - None - None - None - None - None - None
3751 (4124268 Gflops/s) - 3743 (4115472 Gflops/s) - 3694 (4061595 Gflops/s) - 3721 (4091282 Gflops/s) - 3654 (4017615 Gflops/s) - 3762 (4136362 Gflops/s) - 3712 (4081387 Gflops/s) - 3733 (4104476 Gflops/s) | Temperatures: 66°C - 67°C - 73°C - 73°C - 66°C - 66°C - 74°C - 72°C | Throttling: None - None - None - None - None - None - None - None
3750 (4123168 Gflops/s) - 3741 (4113272 Gflops/s) - 3694 (4061595 Gflops/s) - 3723 (4093481 Gflops/s) - 3660 (4024212 Gflops/s) - 3761 (4135263 Gflops/s) - 3713 (4082486 Gflops/s) - 3732 (4103377 Gflops/s) | Temperatures: 66°C - 67°C - 73°C - 73°C - 66°C - 66°C - 74°C - 72°C | Throttling: None - None - None - None - None - None - None - None
3750 (4123168 Gflops/s) - 3740 (4112173 Gflops/s) - 3695 (4062695 Gflops/s) - 3725 (4095680 Gflops/s) - 3661 (4025312 Gflops/s) - 3762 (4136362 Gflops/s) - 3711 (4080287 Gflops/s) - 3728 (4098979 Gflops/s) | Temperatures: 66°C - 67°C - 73°C - 73°C - 66°C - 66°C - 74°C - 72°C | Throttling: None - None - None - None - None - None - None - None
3750 (4123168 Gflops/s) - 3742 (4114372 Gflops/s) - 3695 (4062695 Gflops/s) - 3724 (4094581 Gflops/s) - 3654 (4017615 Gflops/s) - 3762 (4136362 Gflops/s) - 3708 (4076989 Gflops/s) - 3730 (4101178 Gflops/s) | Temperatures: 66°C - 67°C - 73°C - 73°C - 66°C - 66°C - 74°C - 72°C | Throttling: None - None - None - None - None - None - None - None
3751 (4124268 Gflops/s) - 3742 (4114372 Gflops/s) - 3694 (4061595 Gflops/s) - 3722 (4092382 Gflops/s) - 3664 (4028610 Gflops/s) - 3761 (4135263 Gflops/s) - 3716 (4085785 Gflops/s) - 3731 (4102277 Gflops/s) | Temperatures: 66°C - 67°C - 73°C - 73°C - 67°C - 66°C - 74°C - 72°C | Throttling: None - None - None - None - None - None - None - None
3750 (4123168 Gflops/s) - 3739 (4111073 Gflops/s) - 3695 (4062695 Gflops/s) - 3721 (4091282 Gflops/s) - 3649 (4012117 Gflops/s) - 3762 (4136362 Gflops/s) - 3719 (4089083 Gflops/s) - 3737 (4108874 Gflops/s) | Temperatures: 66°C - 67°C - 73°C - 73°C - 66°C - 66°C - 74°C - 72°C | Throttling: None - None - None - None - None - None - None - None
3755 (4128666 Gflops/s) - 3745 (4117671 Gflops/s) - 3698 (4065993 Gflops/s) - 3730 (4101178 Gflops/s) - 3677 (4042904 Gflops/s) - 3765 (4139661 Gflops/s) - 3720 (4090183 Gflops/s) - 3725 (4095680 Gflops/s) | Temperatures: 66°C - 67°C - 73°C - 73°C - 67°C - 66°C - 74°C - 72°C | Throttling: None - None - None - None - None - None - None - None
3749 (4122069 Gflops/s) - 3740 (4112173 Gflops/s) - 3695 (4062695 Gflops/s) - 3723 (4093481 Gflops/s) - 3652 (4015416 Gflops/s) - 3761 (4135263 Gflops/s) - 3707 (4075889 Gflops/s) - 3734 (4105576 Gflops/s) | Temperatures: 66°C - 67°C - 73°C - 73°C - 66°C - 66°C - 74°C - 72°C | Throttling: None - None - None - None - None - None - None - None
3750 (4123168 Gflops/s) - 3741 (4113272 Gflops/s) - 3695 (4062695 Gflops/s) - 3723 (4093481 Gflops/s) - 3658 (4022013 Gflops/s) - 3762 (4136362 Gflops/s) - 3708 (4076989 Gflops/s) - 3732 (4103377 Gflops/s) | Temperatures: 66°C - 67°C - 73°C - 73°C - 66°C - 66°C - 74°C - 72°C | Throttling: None - None - None - None - None - None - None - None
3750 (4123168 Gflops/s) - 3741 (4113272 Gflops/s) - 3694 (4061595 Gflops/s) - 3724 (4094581 Gflops/s) - 3658 (4022013 Gflops/s) - 3761 (4135263 Gflops/s) - 3712 (4081387 Gflops/s) - 3733 (4104476 Gflops/s) | Temperatures: 66°C - 67°C - 73°C - 73°C - 67°C - 67°C - 74°C - 72°C | Throttling: None - None - None - None - None - None - None - None
3750 (4123168 Gflops/s) - 3740 (4112173 Gflops/s) - 3695 (4062695 Gflops/s) - 3722 (4092382 Gflops/s) - 3661 (4025312 Gflops/s) - 3762 (4136362 Gflops/s) - 3709 (4078088 Gflops/s) - 3730 (4101178 Gflops/s) | Temperatures: 66°C - 67°C - 73°C - 73°C - 67°C - 67°C - 74°C - 72°C | Throttling: None - None - None - None - None - None - None - None
3750 (4123168 Gflops/s) - 3740 (4112173 Gflops/s) - 3695 (4062695 Gflops/s) - 3721 (4091282 Gflops/s) - 3642 (4004421 Gflops/s) - 3762 (4136362 Gflops/s) - 3717 (4086884 Gflops/s) - 3726 (4096780 Gflops/s) | Temperatures: 66°C - 67°C - 73°C - 73°C - 67°C - 67°C - 74°C - 72°C | Throttling: None - None - None - None - None - None - None - None
3749 (4122069 Gflops/s) - 3740 (4112173 Gflops/s) - 3695 (4062695 Gflops/s) - 3721 (4091282 Gflops/s) - 3637 (3998923 Gflops/s) - 3761 (4135263 Gflops/s) - 3711 (4080287 Gflops/s) - 3729 (4100078 Gflops/s) | Temperatures: 66°C - 67°C - 73°C - 73°C - 67°C - 67°C - 74°C - 72°C | Throttling: None - None - None - None - None - None - None - None
3749 (4122069 Gflops/s) - 3738 (4109974 Gflops/s) - 3694 (4061595 Gflops/s) - 3722 (4092382 Gflops/s) - 3655 (4018714 Gflops/s) - 3761 (4135263 Gflops/s) - 3717 (4086884 Gflops/s) - 3734 (4105576 Gflops/s) | Temperatures: 66°C - 67°C - 73°C - 73°C - 67°C - 67°C - 74°C - 72°C | Throttling: None - None - None - None - None - None - None - None
3749 (4122069 Gflops/s) - 3739 (4111073 Gflops/s) - 3695 (4062695 Gflops/s) - 3718 (4087984 Gflops/s) - 3663 (4027511 Gflops/s) - 3762 (4136362 Gflops/s) - 3711 (4080287 Gflops/s) - 3734 (4105576 Gflops/s) | Temperatures: 66°C - 67°C - 73°C - 73°C - 67°C - 67°C - 74°C - 72°C | Throttling: None - None - None - None - None - None - None - None
3750 (4123168 Gflops/s) - 3739 (4111073 Gflops/s) - 3695 (4062695 Gflops/s) - 3720 (4090183 Gflops/s) - 3651 (4014316 Gflops/s) - 3762 (4136362 Gflops/s) - 3712 (4081387 Gflops/s) - 3736 (4107775 Gflops/s) | Temperatures: 66°C - 67°C - 73°C - 73°C - 67°C - 67°C - 74°C - 72°C | Throttling: None - None - None - None - None - None - None - None
3748 (4120969 Gflops/s) - 3741 (4113272 Gflops/s) - 3694 (4061595 Gflops/s) - 3721 (4091282 Gflops/s) - 3647 (4009918 Gflops/s) - 3761 (4135263 Gflops/s) - 3712 (4081387 Gflops/s) - 3731 (4102277 Gflops/s) | Temperatures: 66°C - 67°C - 73°C - 73°C - 67°C - 67°C - 74°C - 72°C | Throttling: None - None - None - None - None - None - None - None
3749 (4122069 Gflops/s) - 3739 (4111073 Gflops/s) - 3696 (4063794 Gflops/s) - 3720 (4090183 Gflops/s) - 3637 (3998923 Gflops/s) - 3762 (4136362 Gflops/s) - 3713 (4082486 Gflops/s) - 3736 (4107775 Gflops/s) | Temperatures: 66°C - 67°C - 73°C - 73°C - 67°C - 67°C - 74°C - 72°C | Throttling: None - None - None - None - None - None - None - None
3750 (4123168 Gflops/s) - 3739 (4111073 Gflops/s) - 3692 (4059396 Gflops/s) - 3721 (4091282 Gflops/s) - 3656 (4019814 Gflops/s) - 3762 (4136362 Gflops/s) - 3710 (4079188 Gflops/s) - 3734 (4105576 Gflops/s) | Temperatures: 66°C - 67°C - 73°C - 73°C - 67°C - 67°C - 74°C - 72°C | Throttling: None - None - None - None - None - None - None - None
3750 (4123168 Gflops/s) - 3741 (4113272 Gflops/s) - 3694 (4061595 Gflops/s) - 3722 (4092382 Gflops/s) - 3672 (4037406 Gflops/s) - 3762 (4136362 Gflops/s) - 3709 (4078088 Gflops/s) - 3729 (4100078 Gflops/s) | Temperatures: 66°C - 67°C - 73°C - 73°C - 67°C - 66°C - 74°C - 72°C | Throttling: None - None - None - None - None - None - None - None
3750 (4123168 Gflops/s) - 3738 (4109974 Gflops/s) - 3695 (4062695 Gflops/s) - 3722 (4092382 Gflops/s) - 3660 (4024212 Gflops/s) - 3761 (4135263 Gflops/s) - 3711 (4080287 Gflops/s) - 3722 (4092382 Gflops/s) | Temperatures: 66°C - 67°C - 73°C - 73°C - 67°C - 67°C - 74°C - 72°C | Throttling: None - None - None - None - None - None - None - None
3750 (4123168 Gflops/s) - 3740 (4112173 Gflops/s) - 3695 (4062695 Gflops/s) - 3724 (4094581 Gflops/s) - 3636 (3997824 Gflops/s) - 3762 (4136362 Gflops/s) - 3711 (4080287 Gflops/s) - 3732 (4103377 Gflops/s) | Temperatures: 66°C - 67°C - 73°C - 73°C - 66°C - 66°C - 74°C - 72°C | Throttling: None - None - None - None - None - None - None - None
3750 (4123168 Gflops/s) - 3741 (4113272 Gflops/s) - 3695 (4062695 Gflops/s) - 3722 (4092382 Gflops/s) - 3661 (4025312 Gflops/s) - 3761 (4135263 Gflops/s) - 3712 (4081387 Gflops/s) - 3731 (4102277 Gflops/s) | Temperatures: 66°C - 67°C - 73°C - 73°C - 67°C - 66°C - 74°C - 72°C | Throttling: None - None - None - None - None - None - None - None
3750 (4123168 Gflops/s) - 3741 (4113272 Gflops/s) - 3694 (4061595 Gflops/s) - 3724 (4094581 Gflops/s) - 3637 (3998923 Gflops/s) - 3762 (4136362 Gflops/s) - 3709 (4078088 Gflops/s) - 3736 (4107775 Gflops/s) | Temperatures: 66°C - 67°C - 73°C - 73°C - 66°C - 66°C - 74°C - 72°C | Throttling: None - None - None - None - None - None - None - None
3749 (4122069 Gflops/s) - 3742 (4114372 Gflops/s) - 3695 (4062695 Gflops/s) - 3724 (4094581 Gflops/s) - 3641 (4003321 Gflops/s) - 3762 (4136362 Gflops/s) - 3713 (4082486 Gflops/s) - 3732 (4103377 Gflops/s) | Temperatures: 66°C - 67°C - 73°C - 73°C - 66°C - 66°C - 74°C - 72°C | Throttling: None - None - None - None - None - None - None - None
3750 (4123168 Gflops/s) - 3740 (4112173 Gflops/s) - 3695 (4062695 Gflops/s) - 3725 (4095680 Gflops/s) - 3650 (4013217 Gflops/s) - 3761 (4135263 Gflops/s) - 3703 (4071491 Gflops/s) - 3740 (4112173 Gflops/s) | Temperatures: 66°C - 67°C - 73°C - 73°C - 66°C - 66°C - 74°C - 72°C | Throttling: None - None - None - None - None - None - None - None
3751 (4124268 Gflops/s) - 3742 (4114372 Gflops/s) - 3694 (4061595 Gflops/s) - 3722 (4092382 Gflops/s) - 3675 (4040705 Gflops/s) - 3762 (4136362 Gflops/s) - 3717 (4086884 Gflops/s) - 3737 (4108874 Gflops/s) | Temperatures: 66°C - 67°C - 73°C - 73°C - 67°C - 66°C - 74°C - 72°C | Throttling: None - None - None - None - None - None - None - None
3751 (4124268 Gflops/s) - 3742 (4114372 Gflops/s) - 3695 (4062695 Gflops/s) - 3722 (4092382 Gflops/s) - 3671 (4036307 Gflops/s) - 3760 (4134163 Gflops/s) - 3713 (4082486 Gflops/s) - 3737 (4108874 Gflops/s) | Temperatures: 66°C - 67°C - 73°C - 73°C - 67°C - 66°C - 74°C - 72°C | Throttling: None - None - None - None - None - None - None - None
3750 (4123168 Gflops/s) - 3741 (4113272 Gflops/s) - 3695 (4062695 Gflops/s) - 3724 (4094581 Gflops/s) - 3662 (4026411 Gflops/s) - 3762 (4136362 Gflops/s) - 3722 (4092382 Gflops/s) - 3739 (4111073 Gflops/s) | Temperatures: 66°C - 67°C - 73°C - 73°C - 66°C - 66°C - 74°C - 72°C | Throttling: None - None - None - None - None - None - None - None
3750 (4123168 Gflops/s) - 3741 (4113272 Gflops/s) - 3695 (4062695 Gflops/s) - 3722 (4092382 Gflops/s) - 3673 (4038506 Gflops/s) - 3762 (4136362 Gflops/s) - 3714 (4083586 Gflops/s) - 3734 (4105576 Gflops/s) | Temperatures: 66°C - 67°C - 73°C - 73°C - 66°C - 66°C - 74°C - 72°C | Throttling: None - None - None - None - None - None - None - None
3750 (4123168 Gflops/s) - 3742 (4114372 Gflops/s) - 3695 (4062695 Gflops/s) - 3723 (4093481 Gflops/s) - 3663 (4027511 Gflops/s) - 3761 (4135263 Gflops/s) - 3712 (4081387 Gflops/s) - 3726 (4096780 Gflops/s) | Temperatures: 66°C - 67°C - 73°C - 73°C - 66°C - 66°C - 74°C - 72°C | Throttling: None - None - None - None - None - None - None - None
3749 (4122069 Gflops/s) - 3741 (4113272 Gflops/s) - 3694 (4061595 Gflops/s) - 3723 (4093481 Gflops/s) - 3643 (4005520 Gflops/s) - 3762 (4136362 Gflops/s) - 3714 (4083586 Gflops/s) - 3736 (4107775 Gflops/s) | Temperatures: 66°C - 67°C - 73°C - 73°C - 66°C - 66°C - 74°C - 72°C | Throttling: None - None - None - None - None - None - None - None
3750 (4123168 Gflops/s) - 3744 (4116571 Gflops/s) - 3694 (4061595 Gflops/s) - 3726 (4096780 Gflops/s) - 3669 (4034108 Gflops/s) - 3761 (4135263 Gflops/s) - 3710 (4079188 Gflops/s) - 3729 (4100078 Gflops/s) | Temperatures: 66°C - 67°C - 73°C - 73°C - 66°C - 66°C - 74°C - 72°C | Throttling: None - None - None - None - None - None - None - None
3751 (4124268 Gflops/s) - 3740 (4112173 Gflops/s) - 3695 (4062695 Gflops/s) - 3728 (4098979 Gflops/s) - 3661 (4025312 Gflops/s) - 3762 (4136362 Gflops/s) - 3714 (4083586 Gflops/s) - 3727 (4097879 Gflops/s) | Temperatures: 66°C - 67°C - 73°C - 73°C - 66°C - 66°C - 74°C - 72°C | Throttling: None - None - None - None - None - None - None - None
3749 (4122069 Gflops/s) - 3744 (4116571 Gflops/s) - 3694 (4061595 Gflops/s) - 3722 (4092382 Gflops/s) - 3653 (4016515 Gflops/s) - 3761 (4135263 Gflops/s) - 3710 (4079188 Gflops/s) - 3732 (4103377 Gflops/s) | Temperatures: 66°C - 67°C - 73°C - 73°C - 66°C - 66°C - 74°C - 72°C | Throttling: None - None - None - None - None - None - None - None
3751 (4124268 Gflops/s) - 3742 (4114372 Gflops/s) - 3695 (4062695 Gflops/s) - 3719 (4089083 Gflops/s) - 3662 (4026411 Gflops/s) - 3762 (4136362 Gflops/s) - 3713 (4082486 Gflops/s) - 3737 (4108874 Gflops/s) | Temperatures: 66°C - 67°C - 73°C - 73°C - 66°C - 66°C - 74°C - 72°C | Throttling: None - None - None - None - None - None - None - None
3749 (4122069 Gflops/s) - 3740 (4112173 Gflops/s) - 3695 (4062695 Gflops/s) - 3726 (4096780 Gflops/s) - 3665 (4029710 Gflops/s) - 3761 (4135263 Gflops/s) - 3707 (4075889 Gflops/s) - 3731 (4102277 Gflops/s) | Temperatures: 66°C - 67°C - 73°C - 73°C - 66°C - 66°C - 74°C - 72°C | Throttling: None - None - None - None - None - None - None - None
3750 (4123168 Gflops/s) - 3740 (4112173 Gflops/s) - 3694 (4061595 Gflops/s) - 3724 (4094581 Gflops/s) - 3650 (4013217 Gflops/s) - 3761 (4135263 Gflops/s) - 3710 (4079188 Gflops/s) - 3726 (4096780 Gflops/s) | Temperatures: 66°C - 67°C - 73°C - 73°C - 66°C - 66°C - 74°C - 72°C | Throttling: None - None - None - None - None - None - None - None
3750 (4123168 Gflops/s) - 3741 (4113272 Gflops/s) - 3694 (4061595 Gflops/s) - 3723 (4093481 Gflops/s) - 3662 (4026411 Gflops/s) - 3762 (4136362 Gflops/s) - 3712 (4081387 Gflops/s) - 3733 (4104476 Gflops/s) | Temperatures: 66°C - 67°C - 73°C - 73°C - 66°C - 66°C - 74°C - 72°C | Throttling: None - None - None - None - None - None - None - None
3750 (4123168 Gflops/s) - 3740 (4112173 Gflops/s) - 3695 (4062695 Gflops/s) - 3720 (4090183 Gflops/s) - 3656 (4019814 Gflops/s) - 3762 (4136362 Gflops/s) - 3706 (4074790 Gflops/s) - 3733 (4104476 Gflops/s) | Temperatures: 66°C - 67°C - 73°C - 73°C - 66°C - 66°C - 74°C - 72°C | Throttling: None - None - None - None - None - None - None - None
3751 (4124268 Gflops/s) - 3743 (4115472 Gflops/s) - 3695 (4062695 Gflops/s) - 3724 (4094581 Gflops/s) - 3648 (4011018 Gflops/s) - 3761 (4135263 Gflops/s) - 3714 (4083586 Gflops/s) - 3732 (4103377 Gflops/s) | Temperatures: 66°C - 67°C - 73°C - 73°C - 66°C - 66°C - 74°C - 72°C | Throttling: None - None - None - None - None - None - None - None
3750 (4123168 Gflops/s) - 3740 (4112173 Gflops/s) - 3694 (4061595 Gflops/s) - 3723 (4093481 Gflops/s) - 3648 (4011018 Gflops/s) - 3761 (4135263 Gflops/s) - 3718 (4087984 Gflops/s) - 3728 (4098979 Gflops/s) | Temperatures: 66°C - 67°C - 73°C - 73°C - 66°C - 66°C - 74°C - 72°C | Throttling: None - None - None - None - None - None - None - None
3750 (4123168 Gflops/s) - 3742 (4114372 Gflops/s) - 3694 (4061595 Gflops/s) - 3724 (4094581 Gflops/s) - 3664 (4028610 Gflops/s) - 3762 (4136362 Gflops/s) - 3709 (4078088 Gflops/s) - 3729 (4100078 Gflops/s) | Temperatures: 66°C - 67°C - 73°C - 73°C - 66°C - 66°C - 74°C - 72°C | Throttling: None - None - None - None - None - None - None - None
3751 (4124268 Gflops/s) - 3739 (4111073 Gflops/s) - 3695 (4062695 Gflops/s) - 3717 (4086884 Gflops/s) - 3646 (4008819 Gflops/s) - 3762 (4136362 Gflops/s) - 3716 (4085785 Gflops/s) - 3741 (4113272 Gflops/s) | Temperatures: 66°C - 67°C - 73°C - 73°C - 66°C - 66°C - 74°C - 72°C | Throttling: None - None - None - None - None - None - None - None
3750 (4123168 Gflops/s) - 3741 (4113272 Gflops/s) - 3695 (4062695 Gflops/s) - 3726 (4096780 Gflops/s) - 3652 (4015416 Gflops/s) - 3761 (4135263 Gflops/s) - 3715 (4084685 Gflops/s) - 3738 (4109974 Gflops/s) | Temperatures: 66°C - 67°C - 73°C - 73°C - 66°C - 66°C - 74°C - 72°C | Throttling: None - None - None - None - None - None - None - None
3750 (4123168 Gflops/s) - 3740 (4112173 Gflops/s) - 3694 (4061595 Gflops/s) - 3722 (4092382 Gflops/s) - 3660 (4024212 Gflops/s) - 3762 (4136362 Gflops/s) - 3715 (4084685 Gflops/s) - 3736 (4107775 Gflops/s) | Temperatures: 66°C - 67°C - 73°C - 73°C - 66°C - 66°C - 74°C - 72°C | Throttling: None - None - None - None - None - None - None - None
3751 (4124268 Gflops/s) - 3741 (4113272 Gflops/s) - 3695 (4062695 Gflops/s) - 3721 (4091282 Gflops/s) - 3651 (4014316 Gflops/s) - 3761 (4135263 Gflops/s) - 3710 (4079188 Gflops/s) - 3733 (4104476 Gflops/s) | Temperatures: 66°C - 67°C - 73°C - 73°C - 66°C - 66°C - 74°C - 72°C | Throttling: None - None - None - None - None - None - None - None
3749 (4122069 Gflops/s) - 3742 (4114372 Gflops/s) - 3695 (4062695 Gflops/s) - 3723 (4093481 Gflops/s) - 3654 (4017615 Gflops/s) - 3762 (4136362 Gflops/s) - 3710 (4079188 Gflops/s) - 3729 (4100078 Gflops/s) | Temperatures: 66°C - 67°C - 73°C - 73°C - 66°C - 66°C - 74°C - 72°C | Throttling: None - None - None - None - None - None - None - None
3751 (4124268 Gflops/s) - 3741 (4113272 Gflops/s) - 3695 (4062695 Gflops/s) - 3727 (4097879 Gflops/s) - 3673 (4038506 Gflops/s) - 3762 (4136362 Gflops/s) - 3711 (4080287 Gflops/s) - 3731 (4102277 Gflops/s) | Temperatures: 66°C - 67°C - 73°C - 73°C - 66°C - 66°C - 74°C - 72°C | Throttling: None - None - None - None - None - None - None - None
3751 (4124268 Gflops/s) - 3744 (4116571 Gflops/s) - 3694 (4061595 Gflops/s) - 3720 (4090183 Gflops/s) - 3663 (4027511 Gflops/s) - 3761 (4135263 Gflops/s) - 3717 (4086884 Gflops/s) - 3739 (4111073 Gflops/s) | Temperatures: 66°C - 67°C - 73°C - 73°C - 66°C - 66°C - 74°C - 72°C | Throttling: None - None - None - None - None - None - None - None
3749 (4122069 Gflops/s) - 3743 (4115472 Gflops/s) - 3695 (4062695 Gflops/s) - 3722 (4092382 Gflops/s) - 3647 (4009918 Gflops/s) - 3762 (4136362 Gflops/s) - 3717 (4086884 Gflops/s) - 3731 (4102277 Gflops/s) | Temperatures: 66°C - 67°C - 73°C - 73°C - 66°C - 66°C - 74°C - 72°C | Throttling: None - None - None - None - None - None - None - None
3752 (4125367 Gflops/s) - 3741 (4113272 Gflops/s) - 3695 (4062695 Gflops/s) - 3729 (4100078 Gflops/s) - 3655 (4018714 Gflops/s) - 3761 (4135263 Gflops/s) - 3715 (4084685 Gflops/s) - 3736 (4107775 Gflops/s) | Temperatures: 66°C - 67°C - 73°C - 73°C - 66°C - 66°C - 74°C - 72°C | Throttling: None - None - None - None - None - None - None - None
3750 (4123168 Gflops/s) - 3743 (4115472 Gflops/s) - 3695 (4062695 Gflops/s) - 3722 (4092382 Gflops/s) - 3659 (4023113 Gflops/s) - 3762 (4136362 Gflops/s) - 3714 (4083586 Gflops/s) - 3738 (4109974 Gflops/s) | Temperatures: 66°C - 67°C - 73°C - 73°C - 66°C - 66°C - 74°C - 72°C | Throttling: None - None - None - None - None - None - None - None
3750 (4123168 Gflops/s) - 3742 (4114372 Gflops/s) - 3694 (4061595 Gflops/s) - 3722 (4092382 Gflops/s) - 3659 (4023113 Gflops/s) - 3762 (4136362 Gflops/s) - 3713 (4082486 Gflops/s) - 3731 (4102277 Gflops/s) | Temperatures: 66°C - 67°C - 73°C - 73°C - 66°C - 66°C - 74°C - 72°C | Throttling: None - None - None - None - None - None - None - None
3750 (4123168 Gflops/s) - 3743 (4115472 Gflops/s) - 3695 (4062695 Gflops/s) - 3723 (4093481 Gflops/s) - 3647 (4009918 Gflops/s) - 3761 (4135263 Gflops/s) - 3710 (4079188 Gflops/s) - 3738 (4109974 Gflops/s) | Temperatures: 66°C - 67°C - 73°C - 73°C - 66°C - 66°C - 74°C - 72°C | Throttling: None - None - None - None - None - None - None - None
3749 (4122069 Gflops/s) - 3743 (4115472 Gflops/s) - 3695 (4062695 Gflops/s) - 3729 (4100078 Gflops/s) - 3657 (4020914 Gflops/s) - 3762 (4136362 Gflops/s) - 3715 (4084685 Gflops/s) - 3731 (4102277 Gflops/s) | Temperatures: 66°C - 67°C - 73°C - 73°C - 66°C - 66°C - 74°C - 72°C | Throttling: None - None - None - None - None - None - None - None
3751 (4124268 Gflops/s) - 3743 (4115472 Gflops/s) - 3694 (4061595 Gflops/s) - 3722 (4092382 Gflops/s) - 3676 (4041804 Gflops/s) - 3762 (4136362 Gflops/s) - 3713 (4082486 Gflops/s) - 3730 (4101178 Gflops/s) | Temperatures: 65°C - 67°C - 73°C - 73°C - 66°C - 66°C - 74°C - 72°C | Throttling: None - None - None - None - None - None - None - None
3751 (4124268 Gflops/s) - 3745 (4117671 Gflops/s) - 3694 (4061595 Gflops/s) - 3726 (4096780 Gflops/s) - 3655 (4018714 Gflops/s) - 3762 (4136362 Gflops/s) - 3712 (4081387 Gflops/s) - 3735 (4106675 Gflops/s) | Temperatures: 65°C - 67°C - 73°C - 73°C - 66°C - 66°C - 74°C - 72°C | Throttling: None - None - None - None - None - None - None - None
3751 (4124268 Gflops/s) - 3742 (4114372 Gflops/s) - 3695 (4062695 Gflops/s) - 3723 (4093481 Gflops/s) - 3671 (4036307 Gflops/s) - 3763 (4137462 Gflops/s) - 3714 (4083586 Gflops/s) - 3727 (4097879 Gflops/s) | Temperatures: 65°C - 66°C - 73°C - 73°C - 66°C - 66°C - 74°C - 72°C | Throttling: None - None - None - None - None - None - None - None
3751 (4124268 Gflops/s) - 3744 (4116571 Gflops/s) - 3694 (4061595 Gflops/s) - 3723 (4093481 Gflops/s) - 3667 (4031909 Gflops/s) - 3761 (4135263 Gflops/s) - 3711 (4080287 Gflops/s) - 3732 (4103377 Gflops/s) | Temperatures: 65°C - 66°C - 72°C - 72°C - 66°C - 66°C - 74°C - 72°C | Throttling: None - None - None - None - None - None - None - None
3750 (4123168 Gflops/s) - 3745 (4117671 Gflops/s) - 3695 (4062695 Gflops/s) - 3717 (4086884 Gflops/s) - 3666 (4030809 Gflops/s) - 3763 (4137462 Gflops/s) - 3707 (4075889 Gflops/s) - 3740 (4112173 Gflops/s) | Temperatures: 65°C - 66°C - 72°C - 72°C - 66°C - 66°C - 74°C - 72°C | Throttling: None - None - None - None - None - None - None - None
3753 (4126467 Gflops/s) - 3744 (4116571 Gflops/s) - 3694 (4061595 Gflops/s) - 3722 (4092382 Gflops/s) - 3690 (4057197 Gflops/s) - 3762 (4136362 Gflops/s) - 3714 (4083586 Gflops/s) - 3733 (4104476 Gflops/s) | Temperatures: 65°C - 66°C - 72°C - 72°C - 66°C - 66°C - 74°C - 72°C | Throttling: None - None - None - None - None - None - None - None
3751 (4124268 Gflops/s) - 3745 (4117671 Gflops/s) - 3695 (4062695 Gflops/s) - 3726 (4096780 Gflops/s) - 3672 (4037406 Gflops/s) - 3763 (4137462 Gflops/s) - 3714 (4083586 Gflops/s) - 3735 (4106675 Gflops/s) | Temperatures: 65°C - 66°C - 72°C - 72°C - 66°C - 66°C - 73°C - 72°C | Throttling: None - None - None - None - None - None - None - None
3752 (4125367 Gflops/s) - 3744 (4116571 Gflops/s) - 3694 (4061595 Gflops/s) - 3725 (4095680 Gflops/s) - 3690 (4057197 Gflops/s) - 3764 (4138561 Gflops/s) - 3710 (4079188 Gflops/s) - 3734 (4105576 Gflops/s) | Temperatures: 65°C - 66°C - 72°C - 72°C - 66°C - 66°C - 73°C - 71°C | Throttling: None - None - None - None - None - None - None - None
3753 (4126467 Gflops/s) - 3746 (4118770 Gflops/s) - 3695 (4062695 Gflops/s) - 3723 (4093481 Gflops/s) - 3671 (4036307 Gflops/s) - 3763 (4137462 Gflops/s) - 3710 (4079188 Gflops/s) - 3737 (4108874 Gflops/s) | Temperatures: 65°C - 66°C - 72°C - 72°C - 66°C - 66°C - 73°C - 71°C | Throttling: None - None - None - None - None - None - None - None
3754 (4127566 Gflops/s) - 3745 (4117671 Gflops/s) - 3694 (4061595 Gflops/s) - 3723 (4093481 Gflops/s) - 3680 (4046202 Gflops/s) - 3764 (4138561 Gflops/s) - 3713 (4082486 Gflops/s) - 3732 (4103377 Gflops/s) | Temperatures: 65°C - 66°C - 72°C - 72°C - 66°C - 65°C - 73°C - 71°C | Throttling: None - None - None - None - None - None - None - None
3752 (4125367 Gflops/s) - 3745 (4117671 Gflops/s) - 3695 (4062695 Gflops/s) - 3724 (4094581 Gflops/s) - 3673 (4038506 Gflops/s) - 3763 (4137462 Gflops/s) - 3711 (4080287 Gflops/s) - 3734 (4105576 Gflops/s) | Temperatures: 65°C - 66°C - 72°C - 72°C - 66°C - 65°C - 73°C - 71°C | Throttling: None - None - None - None - None - None - None - None
3754 (4127566 Gflops/s) - 3746 (4118770 Gflops/s) - 3695 (4062695 Gflops/s) - 3722 (4092382 Gflops/s) - 3658 (4022013 Gflops/s) - 3764 (4138561 Gflops/s) - 3715 (4084685 Gflops/s) - 3734 (4105576 Gflops/s) | Temperatures: 65°C - 66°C - 72°C - 72°C - 66°C - 65°C - 73°C - 71°C | Throttling: None - None - None - None - None - None - None - None
3753 (4126467 Gflops/s) - 3745 (4117671 Gflops/s) - 3694 (4061595 Gflops/s) - 3723 (4093481 Gflops/s) - 3666 (4030809 Gflops/s) - 3764 (4138561 Gflops/s) - 3714 (4083586 Gflops/s) - 3732 (4103377 Gflops/s) | Temperatures: 65°C - 66°C - 72°C - 72°C - 65°C - 65°C - 73°C - 71°C | Throttling: None - None - None - None - None - None - None - None
3755 (4128666 Gflops/s) - 3746 (4118770 Gflops/s) - 3695 (4062695 Gflops/s) - 3727 (4097879 Gflops/s) - 3678 (4044003 Gflops/s) - 3764 (4138561 Gflops/s) - 3715 (4084685 Gflops/s) - 3731 (4102277 Gflops/s) | Temperatures: 65°C - 66°C - 72°C - 72°C - 65°C - 65°C - 73°C - 71°C | Throttling: None - None - None - None - None - None - None - None
3752 (4125367 Gflops/s) - 3746 (4118770 Gflops/s) - 3695 (4062695 Gflops/s) - 3723 (4093481 Gflops/s) - 3656 (4019814 Gflops/s) - 3763 (4137462 Gflops/s) - 3717 (4086884 Gflops/s) - 3743 (4115472 Gflops/s) | Temperatures: 65°C - 66°C - 72°C - 72°C - 65°C - 65°C - 73°C - 71°C | Throttling: None - None - None - None - None - None - None - None
3753 (4126467 Gflops/s) - 3747 (4119870 Gflops/s) - 3695 (4062695 Gflops/s) - 3728 (4098979 Gflops/s) - 3688 (4054998 Gflops/s) - 3764 (4138561 Gflops/s) - 3716 (4085785 Gflops/s) - 3732 (4103377 Gflops/s) | Temperatures: 65°C - 66°C - 72°C - 72°C - 65°C - 65°C - 73°C - 71°C | Throttling: None - None - None - None - None - None - None - None
3753 (4126467 Gflops/s) - 3746 (4118770 Gflops/s) - 3695 (4062695 Gflops/s) - 3727 (4097879 Gflops/s) - 3678 (4044003 Gflops/s) - 3763 (4137462 Gflops/s) - 3718 (4087984 Gflops/s) - 3734 (4105576 Gflops/s) | Temperatures: 65°C - 66°C - 72°C - 72°C - 65°C - 65°C - 73°C - 71°C | Throttling: None - None - None - None - None - None - None - None
3756 (4129765 Gflops/s) - 3749 (4122069 Gflops/s) - 3698 (4065993 Gflops/s) - 3725 (4095680 Gflops/s) - 3689 (4056098 Gflops/s) - 3768 (4142959 Gflops/s) - 3716 (4085785 Gflops/s) - 3747 (4119870 Gflops/s) | Temperatures: 65°C - 66°C - 72°C - 72°C - 65°C - 65°C - 73°C - 71°C | Throttling: None - None - None - None - None - None - None - None
3755 (4128666 Gflops/s) - 3747 (4119870 Gflops/s) - 3695 (4062695 Gflops/s) - 3726 (4096780 Gflops/s) - 3680 (4046202 Gflops/s) - 3764 (4138561 Gflops/s) - 3718 (4087984 Gflops/s) - 3741 (4113272 Gflops/s) | Temperatures: 65°C - 66°C - 72°C - 72°C - 65°C - 65°C - 73°C - 71°C | Throttling: None - None - None - None - None - None - None - None
3757 (4130865 Gflops/s) - 3746 (4118770 Gflops/s) - 3697 (4064894 Gflops/s) - 3721 (4091282 Gflops/s) - 3679 (4045103 Gflops/s) - 3764 (4138561 Gflops/s) - 3709 (4078088 Gflops/s) - 3734 (4105576 Gflops/s) | Temperatures: 65°C - 66°C - 72°C - 72°C - 65°C - 65°C - 73°C - 71°C | Throttling: None - None - None - None - None - None - None - None
3756 (4129765 Gflops/s) - 3747 (4119870 Gflops/s) - 3695 (4062695 Gflops/s) - 3729 (4100078 Gflops/s) - 3676 (4041804 Gflops/s) - 3764 (4138561 Gflops/s) - 3722 (4092382 Gflops/s) - 3736 (4107775 Gflops/s) | Temperatures: 65°C - 66°C - 72°C - 72°C - 65°C - 65°C - 73°C - 71°C | Throttling: None - None - None - None - None - None - None - None
3754 (4127566 Gflops/s) - 3749 (4122069 Gflops/s) - 3695 (4062695 Gflops/s) - 3723 (4093481 Gflops/s) - 3658 (4022013 Gflops/s) - 3764 (4138561 Gflops/s) - 3717 (4086884 Gflops/s) - 3731 (4102277 Gflops/s) | Temperatures: 65°C - 66°C - 72°C - 72°C - 65°C - 65°C - 73°C - 71°C | Throttling: None - None - None - None - None - None - None - None
3754 (4127566 Gflops/s) - 3746 (4118770 Gflops/s) - 3695 (4062695 Gflops/s) - 3722 (4092382 Gflops/s) - 3676 (4041804 Gflops/s) - 3764 (4138561 Gflops/s) - 3722 (4092382 Gflops/s) - 3742 (4114372 Gflops/s) | Temperatures: 65°C - 66°C - 72°C - 72°C - 65°C - 65°C - 73°C - 71°C | Throttling: None - None - None - None - None - None - None - None
3756 (4129765 Gflops/s) - 3746 (4118770 Gflops/s) - 3695 (4062695 Gflops/s) - 3732 (4103377 Gflops/s) - 3693 (4060496 Gflops/s) - 3764 (4138561 Gflops/s) - 3723 (4093481 Gflops/s) - 3734 (4105576 Gflops/s) | Temperatures: 65°C - 66°C - 72°C - 72°C - 65°C - 65°C - 73°C - 71°C | Throttling: None - None - None - None - None - None - None - None
3754 (4127566 Gflops/s) - 3745 (4117671 Gflops/s) - 3696 (4063794 Gflops/s) - 3722 (4092382 Gflops/s) - 3654 (4017615 Gflops/s) - 3764 (4138561 Gflops/s) - 3720 (4090183 Gflops/s) - 3739 (4111073 Gflops/s) | Temperatures: 65°C - 66°C - 72°C - 72°C - 65°C - 65°C - 73°C - 71°C | Throttling: None - None - None - None - None - None - None - None
3753 (4126467 Gflops/s) - 3747 (4119870 Gflops/s) - 3695 (4062695 Gflops/s) - 3728 (4098979 Gflops/s) - 3651 (4014316 Gflops/s) - 3763 (4137462 Gflops/s) - 3715 (4084685 Gflops/s) - 3741 (4113272 Gflops/s) | Temperatures: 65°C - 66°C - 72°C - 72°C - 65°C - 65°C - 73°C - 71°C | Throttling: None - None - None - None - None - None - None - None
3755 (4128666 Gflops/s) - 3746 (4118770 Gflops/s) - 3695 (4062695 Gflops/s) - 3728 (4098979 Gflops/s) - 3679 (4045103 Gflops/s) - 3765 (4139661 Gflops/s) - 3719 (4089083 Gflops/s) - 3739 (4111073 Gflops/s) | Temperatures: 65°C - 66°C - 72°C - 72°C - 65°C - 65°C - 73°C - 71°C | Throttling: None - None - None - None - None - None - None - None
3754 (4127566 Gflops/s) - 3748 (4120969 Gflops/s) - 3695 (4062695 Gflops/s) - 3730 (4101178 Gflops/s) - 3701 (4069292 Gflops/s) - 3764 (4138561 Gflops/s) - 3714 (4083586 Gflops/s) - 3739 (4111073 Gflops/s) | Temperatures: 65°C - 65°C - 72°C - 72°C - 65°C - 65°C - 73°C - 71°C | Throttling: None - None - None - None - None - None - None - None
3756 (4129765 Gflops/s) - 3745 (4117671 Gflops/s) - 3696 (4063794 Gflops/s) - 3726 (4096780 Gflops/s) - 3671 (4036307 Gflops/s) - 3764 (4138561 Gflops/s) - 3716 (4085785 Gflops/s) - 3740 (4112173 Gflops/s) | Temperatures: 64°C - 65°C - 72°C - 72°C - 65°C - 65°C - 73°C - 71°C | Throttling: None - None - None - None - None - None - None - None
3754 (4127566 Gflops/s) - 3747 (4119870 Gflops/s) - 3696 (4063794 Gflops/s) - 3726 (4096780 Gflops/s) - 3688 (4054998 Gflops/s) - 3763 (4137462 Gflops/s) - 3720 (4090183 Gflops/s) - 3734 (4105576 Gflops/s) | Temperatures: 64°C - 66°C - 72°C - 72°C - 65°C - 65°C - 73°C - 71°C | Throttling: None - None - None - None - None - None - None - None
3755 (4128666 Gflops/s) - 3747 (4119870 Gflops/s) - 3695 (4062695 Gflops/s) - 3722 (4092382 Gflops/s) - 3671 (4036307 Gflops/s) - 3764 (4138561 Gflops/s) - 3720 (4090183 Gflops/s) - 3744 (4116571 Gflops/s) | Temperatures: 64°C - 66°C - 72°C - 72°C - 65°C - 65°C - 73°C - 71°C | Throttling: None - None - None - None - None - None - None - None
3754 (4127566 Gflops/s) - 3747 (4119870 Gflops/s) - 3696 (4063794 Gflops/s) - 3729 (4100078 Gflops/s) - 3690 (4057197 Gflops/s) - 3763 (4137462 Gflops/s) - 3716 (4085785 Gflops/s) - 3736 (4107775 Gflops/s) | Temperatures: 64°C - 65°C - 72°C - 72°C - 65°C - 65°C - 73°C - 71°C | Throttling: None - None - None - None - None - None - None - None
3755 (4128666 Gflops/s) - 3748 (4120969 Gflops/s) - 3695 (4062695 Gflops/s) - 3731 (4102277 Gflops/s) - 3682 (4048401 Gflops/s) - 3764 (4138561 Gflops/s) - 3726 (4096780 Gflops/s) - 3743 (4115472 Gflops/s) | Temperatures: 64°C - 65°C - 72°C - 72°C - 65°C - 65°C - 73°C - 71°C | Throttling: None - None - None - None - None - None - None - None
3758 (4131964 Gflops/s) - 3748 (4120969 Gflops/s) - 3694 (4061595 Gflops/s) - 3728 (4098979 Gflops/s) - 3687 (4053899 Gflops/s) - 3764 (4138561 Gflops/s) - 3717 (4086884 Gflops/s) - 3741 (4113272 Gflops/s) | Temperatures: 64°C - 65°C - 72°C - 72°C - 65°C - 65°C - 73°C - 71°C | Throttling: None - None - None - None - None - None - None - None
3756 (4129765 Gflops/s) - 3749 (4122069 Gflops/s) - 3696 (4063794 Gflops/s) - 3725 (4095680 Gflops/s) - 3662 (4026411 Gflops/s) - 3764 (4138561 Gflops/s) - 3718 (4087984 Gflops/s) - 3728 (4098979 Gflops/s) | Temperatures: 64°C - 65°C - 72°C - 71°C - 65°C - 65°C - 73°C - 71°C | Throttling: None - None - None - None - None - None - None - None
3758 (4131964 Gflops/s) - 3749 (4122069 Gflops/s) - 3696 (4063794 Gflops/s) - 3732 (4103377 Gflops/s) - 3700 (4068193 Gflops/s) - 3764 (4138561 Gflops/s) - 3719 (4089083 Gflops/s) - 3740 (4112173 Gflops/s) | Temperatures: 64°C - 65°C - 72°C - 72°C - 65°C - 65°C - 73°C - 71°C | Throttling: None - None - None - None - None - None - None - None
3757 (4130865 Gflops/s) - 3749 (4122069 Gflops/s) - 3696 (4063794 Gflops/s) - 3723 (4093481 Gflops/s) - 3689 (4056098 Gflops/s) - 3764 (4138561 Gflops/s) - 3720 (4090183 Gflops/s) - 3737 (4108874 Gflops/s) | Temperatures: 64°C - 65°C - 71°C - 72°C - 65°C - 65°C - 73°C - 71°C | Throttling: None - None - None - None - None - None - None - None
3754 (4127566 Gflops/s) - 3750 (4123168 Gflops/s) - 3695 (4062695 Gflops/s) - 3729 (4100078 Gflops/s) - 3706 (4074790 Gflops/s) - 3763 (4137462 Gflops/s) - 3723 (4093481 Gflops/s) - 3737 (4108874 Gflops/s) | Temperatures: 64°C - 65°C - 71°C - 71°C - 65°C - 65°C - 73°C - 71°C | Throttling: None - None - None - None - None - None - None - None
3757 (4130865 Gflops/s) - 3748 (4120969 Gflops/s) - 3696 (4063794 Gflops/s) - 3726 (4096780 Gflops/s) - 3705 (4073690 Gflops/s) - 3764 (4138561 Gflops/s) - 3720 (4090183 Gflops/s) - 3739 (4111073 Gflops/s) | Temperatures: 64°C - 65°C - 71°C - 71°C - 65°C - 65°C - 73°C - 71°C | Throttling: None - None - None - None - None - None - None - None
3757 (4130865 Gflops/s) - 3749 (4122069 Gflops/s) - 3695 (4062695 Gflops/s) - 3724 (4094581 Gflops/s) - 3700 (4068193 Gflops/s) - 3764 (4138561 Gflops/s) - 3724 (4094581 Gflops/s) - 3735 (4106675 Gflops/s) | Temperatures: 64°C - 65°C - 71°C - 71°C - 65°C - 65°C - 73°C - 71°C | Throttling: None - None - None - None - None - None - None - None
3754 (4127566 Gflops/s) - 3749 (4122069 Gflops/s) - 3695 (4062695 Gflops/s) - 3729 (4100078 Gflops/s) - 3705 (4073690 Gflops/s) - 3764 (4138561 Gflops/s) - 3731 (4102277 Gflops/s) - 3741 (4113272 Gflops/s) | Temperatures: 64°C - 65°C - 71°C - 71°C - 65°C - 65°C - 73°C - 71°C | Throttling: None - None - None - None - None - None - None - None
3758 (4131964 Gflops/s) - 3750 (4123168 Gflops/s) - 3697 (4064894 Gflops/s) - 3734 (4105576 Gflops/s) - 3674 (4039605 Gflops/s) - 3764 (4138561 Gflops/s) - 3722 (4092382 Gflops/s) - 3737 (4108874 Gflops/s) | Temperatures: 64°C - 65°C - 71°C - 71°C - 65°C - 65°C - 73°C - 71°C | Throttling: None - None - None - None - None - None - None - None
3760 (4134163 Gflops/s) - 3748 (4120969 Gflops/s) - 3696 (4063794 Gflops/s) - 3730 (4101178 Gflops/s) - 3703 (4071491 Gflops/s) - 3764 (4138561 Gflops/s) - 3725 (4095680 Gflops/s) - 3736 (4107775 Gflops/s) | Temperatures: 64°C - 65°C - 71°C - 71°C - 65°C - 65°C - 73°C - 71°C | Throttling: None - None - None - None - None - None - None - None
3753 (4126467 Gflops/s) - 3749 (4122069 Gflops/s) - 3697 (4064894 Gflops/s) - 3734 (4105576 Gflops/s) - 3713 (4082486 Gflops/s) - 3764 (4138561 Gflops/s) - 3712 (4081387 Gflops/s) - 3742 (4114372 Gflops/s) | Temperatures: 64°C - 65°C - 71°C - 72°C - 65°C - 65°C - 72°C - 71°C | Throttling: None - None - None - None - None - None - None - None
3759 (4133064 Gflops/s) - 3748 (4120969 Gflops/s) - 3696 (4063794 Gflops/s) - 3726 (4096780 Gflops/s) - 3687 (4053899 Gflops/s) - 3764 (4138561 Gflops/s) - 3723 (4093481 Gflops/s) - 3734 (4105576 Gflops/s) | Temperatures: 64°C - 65°C - 71°C - 72°C - 65°C - 65°C - 73°C - 71°C | Throttling: None - None - None - None - None - None - None - None
3753 (4126467 Gflops/s) - 3749 (4122069 Gflops/s) - 3697 (4064894 Gflops/s) - 3727 (4097879 Gflops/s) - 3693 (4060496 Gflops/s) - 3763 (4137462 Gflops/s) - 3720 (4090183 Gflops/s) - 3745 (4117671 Gflops/s) | Temperatures: 64°C - 65°C - 71°C - 72°C - 65°C - 65°C - 73°C - 71°C | Throttling: None - None - None - None - None - None - None - None
3757 (4130865 Gflops/s) - 3750 (4123168 Gflops/s) - 3696 (4063794 Gflops/s) - 3726 (4096780 Gflops/s) - 3684 (4050600 Gflops/s) - 3763 (4137462 Gflops/s) - 3723 (4093481 Gflops/s) - 3740 (4112173 Gflops/s) | Temperatures: 64°C - 65°C - 71°C - 72°C - 65°C - 65°C - 73°C - 71°C | Throttling: None - None - None - None - None - None - None - None
3753 (4126467 Gflops/s) - 3748 (4120969 Gflops/s) - 3697 (4064894 Gflops/s) - 3731 (4102277 Gflops/s) - 3704 (4072591 Gflops/s) - 3764 (4138561 Gflops/s) - 3716 (4085785 Gflops/s) - 3739 (4111073 Gflops/s) | Temperatures: 64°C - 66°C - 71°C - 71°C - 65°C - 65°C - 73°C - 71°C | Throttling: None - None - None - None - None - None - None - None
3757 (4130865 Gflops/s) - 3749 (4122069 Gflops/s) - 3696 (4063794 Gflops/s) - 3731 (4102277 Gflops/s) - 3675 (4040705 Gflops/s) - 3764 (4138561 Gflops/s) - 3719 (4089083 Gflops/s) - 3738 (4109974 Gflops/s) | Temperatures: 64°C - 65°C - 71°C - 72°C - 65°C - 65°C - 73°C - 71°C | Throttling: None - None - None - None - None - None - None - None
3753 (4126467 Gflops/s) - 3749 (4122069 Gflops/s) - 3697 (4064894 Gflops/s) - 3729 (4100078 Gflops/s) - 3699 (4067093 Gflops/s) - 3764 (4138561 Gflops/s) - 3722 (4092382 Gflops/s) - 3738 (4109974 Gflops/s) | Temperatures: 64°C - 65°C - 71°C - 72°C - 65°C - 65°C - 73°C - 71°C | Throttling: None - None - None - None - None - None - None - None
3754 (4127566 Gflops/s) - 3749 (4122069 Gflops/s) - 3696 (4063794 Gflops/s) - 3727 (4097879 Gflops/s) - 3670 (4035207 Gflops/s) - 3764 (4138561 Gflops/s) - 3721 (4091282 Gflops/s) - 3731 (4102277 Gflops/s) | Temperatures: 64°C - 66°C - 71°C - 72°C - 65°C - 65°C - 73°C - 71°C | Throttling: None - None - None - None - None - None - None - None
3755 (4128666 Gflops/s) - 3748 (4120969 Gflops/s) - 3696 (4063794 Gflops/s) - 3730 (4101178 Gflops/s) - 3685 (4051700 Gflops/s) - 3764 (4138561 Gflops/s) - 3721 (4091282 Gflops/s) - 3741 (4113272 Gflops/s) | Temperatures: 64°C - 65°C - 71°C - 71°C - 65°C - 65°C - 73°C - 71°C | Throttling: None - None - None - None - None - None - None - None
3754 (4127566 Gflops/s) - 3747 (4119870 Gflops/s) - 3697 (4064894 Gflops/s) - 3733 (4104476 Gflops/s) - 3688 (4054998 Gflops/s) - 3763 (4137462 Gflops/s) - 3725 (4095680 Gflops/s) - 3740 (4112173 Gflops/s) | Temperatures: 64°C - 65°C - 71°C - 72°C - 65°C - 65°C - 73°C - 71°C | Throttling: None - None - None - None - None - None - None - None
3761 (4135263 Gflops/s) - 3748 (4120969 Gflops/s) - 3696 (4063794 Gflops/s) - 3734 (4105576 Gflops/s) - 3691 (4058297 Gflops/s) - 3763 (4137462 Gflops/s) - 3714 (4083586 Gflops/s) - 3743 (4115472 Gflops/s) | Temperatures: 65°C - 66°C - 71°C - 71°C - 65°C - 65°C - 73°C - 71°C | Throttling: None - None - None - None - None - None - None - None
3758 (4131964 Gflops/s) - 3752 (4125367 Gflops/s) - 3701 (4069292 Gflops/s) - 3734 (4105576 Gflops/s) - 3689 (4056098 Gflops/s) - 3768 (4142959 Gflops/s) - 3729 (4100078 Gflops/s) - 3750 (4123168 Gflops/s) | Temperatures: 64°C - 66°C - 71°C - 72°C - 65°C - 65°C - 73°C - 71°C | Throttling: None - None - None - None - None - None - None - None
3754 (4127566 Gflops/s) - 3748 (4120969 Gflops/s) - 3695 (4062695 Gflops/s) - 3732 (4103377 Gflops/s) - 3709 (4078088 Gflops/s) - 3764 (4138561 Gflops/s) - 3721 (4091282 Gflops/s) - 3742 (4114372 Gflops/s) | Temperatures: 64°C - 66°C - 71°C - 72°C - 65°C - 65°C - 73°C - 71°C | Throttling: None - None - None - None - None - None - None - None
3752 (4125367 Gflops/s) - 3744 (4116571 Gflops/s) - 3692 (4059396 Gflops/s) - 3726 (4096780 Gflops/s) - 3698 (4065993 Gflops/s) - 3760 (4134163 Gflops/s) - 3721 (4091282 Gflops/s) - 3736 (4107775 Gflops/s) | Temperatures: 64°C - 66°C - 71°C - 72°C - 65°C - 65°C - 73°C - 71°C | Throttling: None - None - None - None - None - None - None - None
3757 (4130865 Gflops/s) - 3749 (4122069 Gflops/s) - 3698 (4065993 Gflops/s) - 3723 (4093481 Gflops/s) - 3691 (4058297 Gflops/s) - 3765 (4139661 Gflops/s) - 3727 (4097879 Gflops/s) - 3740 (4112173 Gflops/s) | Temperatures: 64°C - 65°C - 71°C - 72°C - 65°C - 65°C - 73°C - 71°C | Throttling: None - None - None - None - None - None - None - None
3756 (4129765 Gflops/s) - 3748 (4120969 Gflops/s) - 3696 (4063794 Gflops/s) - 3723 (4093481 Gflops/s) - 3677 (4042904 Gflops/s) - 3763 (4137462 Gflops/s) - 3710 (4079188 Gflops/s) - 3739 (4111073 Gflops/s) | Temperatures: 65°C - 65°C - 71°C - 71°C - 65°C - 65°C - 73°C - 71°C | Throttling: None - None - None - None - None - None - None - None
3755 (4128666 Gflops/s) - 3748 (4120969 Gflops/s) - 3696 (4063794 Gflops/s) - 3731 (4102277 Gflops/s) - 3692 (4059396 Gflops/s) - 3764 (4138561 Gflops/s) - 3719 (4089083 Gflops/s) - 3738 (4109974 Gflops/s) | Temperatures: 64°C - 65°C - 71°C - 71°C - 65°C - 65°C - 73°C - 71°C | Throttling: None - None - None - None - None - None - None - None
3753 (4126467 Gflops/s) - 3748 (4120969 Gflops/s) - 3696 (4063794 Gflops/s) - 3731 (4102277 Gflops/s) - 3689 (4056098 Gflops/s) - 3764 (4138561 Gflops/s) - 3721 (4091282 Gflops/s) - 3738 (4109974 Gflops/s) | Temperatures: 64°C - 66°C - 71°C - 71°C - 65°C - 65°C - 73°C - 71°C | Throttling: None - None - None - None - None - None - None - None
3755 (4128666 Gflops/s) - 3746 (4118770 Gflops/s) - 3697 (4064894 Gflops/s) - 3726 (4096780 Gflops/s) - 3681 (4047302 Gflops/s) - 3764 (4138561 Gflops/s) - 3721 (4091282 Gflops/s) - 3740 (4112173 Gflops/s) | Temperatures: 64°C - 65°C - 71°C - 71°C - 65°C - 65°C - 73°C - 71°C | Throttling: None - None - None - None - None - None - None - None
3755 (4128666 Gflops/s) - 3749 (4122069 Gflops/s) - 3697 (4064894 Gflops/s) - 3723 (4093481 Gflops/s) - 3725 (4095680 Gflops/s) - 3764 (4138561 Gflops/s) - 3723 (4093481 Gflops/s) - 3738 (4109974 Gflops/s) | Temperatures: 64°C - 66°C - 71°C - 72°C - 65°C - 65°C - 73°C - 71°C | Throttling: None - None - None - None - None - None - None - None
3755 (4128666 Gflops/s) - 3747 (4119870 Gflops/s) - 3696 (4063794 Gflops/s) - 3732 (4103377 Gflops/s) - 3696 (4063794 Gflops/s) - 3764 (4138561 Gflops/s) - 3713 (4082486 Gflops/s) - 3740 (4112173 Gflops/s) | Temperatures: 64°C - 65°C - 71°C - 72°C - 65°C - 65°C - 73°C - 71°C | Throttling: None - None - None - None - None - None - None - None
3757 (4130865 Gflops/s) - 3749 (4122069 Gflops/s) - 3696 (4063794 Gflops/s) - 3726 (4096780 Gflops/s) - 3686 (4052799 Gflops/s) - 3763 (4137462 Gflops/s) - 3726 (4096780 Gflops/s) - 3738 (4109974 Gflops/s) | Temperatures: 64°C - 65°C - 71°C - 72°C - 65°C - 65°C - 73°C - 71°C | Throttling: None - None - None - None - None - None - None - None
3761 (4135263 Gflops/s) - 3753 (4126467 Gflops/s) - 3701 (4069292 Gflops/s) - 3727 (4097879 Gflops/s) - 3692 (4059396 Gflops/s) - 3768 (4142959 Gflops/s) - 3723 (4093481 Gflops/s) - 3737 (4108874 Gflops/s) | Temperatures: 64°C - 66°C - 71°C - 71°C - 65°C - 65°C - 73°C - 71°C | Throttling: None - None - None - None - None - None - None - None
3758 (4131964 Gflops/s) - 3748 (4120969 Gflops/s) - 3698 (4065993 Gflops/s) - 3732 (4103377 Gflops/s) - 3685 (4051700 Gflops/s) - 3765 (4139661 Gflops/s) - 3721 (4091282 Gflops/s) - 3735 (4106675 Gflops/s) | Temperatures: 64°C - 65°C - 71°C - 71°C - 65°C - 65°C - 73°C - 71°C | Throttling: None - None - None - None - None - None - None - None
3755 (4128666 Gflops/s) - 3748 (4120969 Gflops/s) - 3696 (4063794 Gflops/s) - 3727 (4097879 Gflops/s) - 3699 (4067093 Gflops/s) - 3763 (4137462 Gflops/s) - 3719 (4089083 Gflops/s) - 3738 (4109974 Gflops/s) | Temperatures: 64°C - 65°C - 71°C - 71°C - 65°C - 65°C - 73°C - 71°C | Throttling: None - None - None - None - None - None - None - None
3755 (4128666 Gflops/s) - 3748 (4120969 Gflops/s) - 3696 (4063794 Gflops/s) - 3734 (4105576 Gflops/s) - 3691 (4058297 Gflops/s) - 3764 (4138561 Gflops/s) - 3719 (4089083 Gflops/s) - 3739 (4111073 Gflops/s) | Temperatures: 64°C - 65°C - 71°C - 72°C - 65°C - 65°C - 73°C - 71°C | Throttling: None - None - None - None - None - None - None - None
3754 (4127566 Gflops/s) - 3747 (4119870 Gflops/s) - 3697 (4064894 Gflops/s) - 3736 (4107775 Gflops/s) - 3671 (4036307 Gflops/s) - 3764 (4138561 Gflops/s) - 3720 (4090183 Gflops/s) - 3734 (4105576 Gflops/s) | Temperatures: 64°C - 65°C - 71°C - 72°C - 65°C - 65°C - 73°C - 71°C | Throttling: None - None - None - None - None - None - None - None
3756 (4129765 Gflops/s) - 3749 (4122069 Gflops/s) - 3695 (4062695 Gflops/s) - 3726 (4096780 Gflops/s) - 3693 (4060496 Gflops/s) - 3763 (4137462 Gflops/s) - 3729 (4100078 Gflops/s) - 3737 (4108874 Gflops/s) | Temperatures: 64°C - 65°C - 71°C - 71°C - 65°C - 65°C - 73°C - 71°C | Throttling: None - None - None - None - None - None - None - None
3756 (4129765 Gflops/s) - 3748 (4120969 Gflops/s) - 3697 (4064894 Gflops/s) - 3728 (4098979 Gflops/s) - 3707 (4075889 Gflops/s) - 3764 (4138561 Gflops/s) - 3722 (4092382 Gflops/s) - 3735 (4106675 Gflops/s) | Temperatures: 64°C - 65°C - 71°C - 72°C - 65°C - 65°C - 73°C - 71°C | Throttling: None - None - None - None - None - None - None - None
3756 (4129765 Gflops/s) - 3749 (4122069 Gflops/s) - 3696 (4063794 Gflops/s) - 3726 (4096780 Gflops/s) - 3684 (4050600 Gflops/s) - 3765 (4139661 Gflops/s) - 3726 (4096780 Gflops/s) - 3732 (4103377 Gflops/s) | Temperatures: 64°C - 66°C - 71°C - 72°C - 65°C - 65°C - 73°C - 71°C | Throttling: None - None - None - None - None - None - None - None
3758 (4131964 Gflops/s) - 3749 (4122069 Gflops/s) - 3696 (4063794 Gflops/s) - 3728 (4098979 Gflops/s) - 3701 (4069292 Gflops/s) - 3763 (4137462 Gflops/s) - 3716 (4085785 Gflops/s) - 3734 (4105576 Gflops/s) | Temperatures: 64°C - 65°C - 71°C - 72°C - 65°C - 65°C - 73°C - 71°C | Throttling: None - None - None - None - None - None - None - None
3757 (4130865 Gflops/s) - 3749 (4122069 Gflops/s) - 3697 (4064894 Gflops/s) - 3728 (4098979 Gflops/s) - 3692 (4059396 Gflops/s) - 3765 (4139661 Gflops/s) - 3713 (4082486 Gflops/s) - 3741 (4113272 Gflops/s) | Temperatures: 64°C - 66°C - 71°C - 72°C - 65°C - 65°C - 73°C - 71°C | Throttling: None - None - None - None - None - None - None - None
3755 (4128666 Gflops/s) - 3749 (4122069 Gflops/s) - 3697 (4064894 Gflops/s) - 3730 (4101178 Gflops/s) - 3686 (4052799 Gflops/s) - 3764 (4138561 Gflops/s) - 3721 (4091282 Gflops/s) - 3744 (4116571 Gflops/s) | Temperatures: 64°C - 66°C - 71°C - 72°C - 65°C - 65°C - 73°C - 71°C | Throttling: None - None - None - None - None - None - None - None
3754 (4127566 Gflops/s) - 3748 (4120969 Gflops/s) - 3696 (4063794 Gflops/s) - 3729 (4100078 Gflops/s) - 3685 (4051700 Gflops/s) - 3764 (4138561 Gflops/s) - 3717 (4086884 Gflops/s) - 3739 (4111073 Gflops/s) | Temperatures: 64°C - 65°C - 71°C - 71°C - 65°C - 65°C - 73°C - 71°C | Throttling: None - None - None - None - None - None - None - None
3756 (4129765 Gflops/s) - 3747 (4119870 Gflops/s) - 3698 (4065993 Gflops/s) - 3730 (4101178 Gflops/s) - 3673 (4038506 Gflops/s) - 3764 (4138561 Gflops/s) - 3724 (4094581 Gflops/s) - 3739 (4111073 Gflops/s) | Temperatures: 64°C - 65°C - 71°C - 72°C - 65°C - 65°C - 73°C - 71°C | Throttling: None - None - None - None - None - None - None - None
3757 (4130865 Gflops/s) - 3749 (4122069 Gflops/s) - 3695 (4062695 Gflops/s) - 3729 (4100078 Gflops/s) - 3677 (4042904 Gflops/s) - 3764 (4138561 Gflops/s) - 3715 (4084685 Gflops/s) - 3739 (4111073 Gflops/s) | Temperatures: 64°C - 66°C - 71°C - 72°C - 65°C - 65°C - 73°C - 71°C | Throttling: None - None - None - None - None - None - None - None
3753 (4126467 Gflops/s) - 3747 (4119870 Gflops/s) - 3693 (4060496 Gflops/s) - 3725 (4095680 Gflops/s) - 3674 (4039605 Gflops/s) - 3761 (4135263 Gflops/s) - 3716 (4085785 Gflops/s) - 3739 (4111073 Gflops/s) | Temperatures: 64°C - 66°C - 71°C - 72°C - 65°C - 65°C - 72°C - 71°C | Throttling: None - None - None - None - None - None - None - None
3756 (4129765 Gflops/s) - 3749 (4122069 Gflops/s) - 3695 (4062695 Gflops/s) - 3730 (4101178 Gflops/s) - 3692 (4059396 Gflops/s) - 3764 (4138561 Gflops/s) - 3719 (4089083 Gflops/s) - 3738 (4109974 Gflops/s) | Temperatures: 64°C - 66°C - 71°C - 72°C - 65°C - 65°C - 73°C - 71°C | Throttling: None - None - None - None - None - None - None - None
3756 (4129765 Gflops/s) - 3748 (4120969 Gflops/s) - 3696 (4063794 Gflops/s) - 3725 (4095680 Gflops/s) - 3699 (4067093 Gflops/s) - 3763 (4137462 Gflops/s) - 3712 (4081387 Gflops/s) - 3741 (4113272 Gflops/s) | Temperatures: 65°C - 66°C - 71°C - 71°C - 65°C - 65°C - 72°C - 71°C | Throttling: None - None - None - None - None - None - None - None
3756 (4129765 Gflops/s) - 3749 (4122069 Gflops/s) - 3696 (4063794 Gflops/s) - 3729 (4100078 Gflops/s) - 3695 (4062695 Gflops/s) - 3764 (4138561 Gflops/s) - 3722 (4092382 Gflops/s) - 3735 (4106675 Gflops/s) | Temperatures: 65°C - 66°C - 72°C - 72°C - 65°C - 65°C - 73°C - 71°C | Throttling: None - None - None - None - None - None - None - None
3755 (4128666 Gflops/s) - 3749 (4122069 Gflops/s) - 3696 (4063794 Gflops/s) - 3730 (4101178 Gflops/s) - 3700 (4068193 Gflops/s) - 3764 (4138561 Gflops/s) - 3717 (4086884 Gflops/s) - 3739 (4111073 Gflops/s) | Temperatures: 65°C - 66°C - 72°C - 72°C - 65°C - 65°C - 73°C - 71°C | Throttling: None - None - None - None - None - None - None - None
3753 (4126467 Gflops/s) - 3746 (4118770 Gflops/s) - 3697 (4064894 Gflops/s) - 3730 (4101178 Gflops/s) - 3688 (4054998 Gflops/s) - 3764 (4138561 Gflops/s) - 3719 (4089083 Gflops/s) - 3741 (4113272 Gflops/s) | Temperatures: 65°C - 66°C - 72°C - 72°C - 65°C - 65°C - 73°C - 71°C | Throttling: None - None - None - None - None - None - None - None
3754 (4127566 Gflops/s) - 3748 (4120969 Gflops/s) - 3696 (4063794 Gflops/s) - 3731 (4102277 Gflops/s) - 3693 (4060496 Gflops/s) - 3763 (4137462 Gflops/s) - 3724 (4094581 Gflops/s) - 3736 (4107775 Gflops/s) | Temperatures: 65°C - 66°C - 72°C - 72°C - 66°C - 65°C - 73°C - 71°C | Throttling: None - None - None - None - None - None - None - None
3753 (4126467 Gflops/s) - 3748 (4120969 Gflops/s) - 3694 (4061595 Gflops/s) - 3722 (4092382 Gflops/s) - 3692 (4059396 Gflops/s) - 3764 (4138561 Gflops/s) - 3718 (4087984 Gflops/s) - 3732 (4103377 Gflops/s) | Temperatures: 65°C - 66°C - 72°C - 72°C - 66°C - 65°C - 73°C - 71°C | Throttling: None - None - None - None - None - None - None - None
3752 (4125367 Gflops/s) - 3747 (4119870 Gflops/s) - 3695 (4062695 Gflops/s) - 3725 (4095680 Gflops/s) - 3669 (4034108 Gflops/s) - 3763 (4137462 Gflops/s) - 3724 (4094581 Gflops/s) - 3737 (4108874 Gflops/s) | Temperatures: 65°C - 66°C - 72°C - 72°C - 66°C - 66°C - 73°C - 71°C | Throttling: None - None - None - None - None - None - None - None
3753 (4126467 Gflops/s) - 3748 (4120969 Gflops/s) - 3696 (4063794 Gflops/s) - 3724 (4094581 Gflops/s) - 3698 (4065993 Gflops/s) - 3764 (4138561 Gflops/s) - 3722 (4092382 Gflops/s) - 3731 (4102277 Gflops/s) | Temperatures: 65°C - 66°C - 72°C - 72°C - 66°C - 66°C - 73°C - 71°C | Throttling: None - None - None - None - None - None - None - None
3753 (4126467 Gflops/s) - 3747 (4119870 Gflops/s) - 3695 (4062695 Gflops/s) - 3727 (4097879 Gflops/s) - 3661 (4025312 Gflops/s) - 3763 (4137462 Gflops/s) - 3728 (4098979 Gflops/s) - 3737 (4108874 Gflops/s) | Temperatures: 65°C - 66°C - 72°C - 72°C - 66°C - 66°C - 73°C - 71°C | Throttling: None - None - None - None - None - None - None - None
3752 (4125367 Gflops/s) - 3747 (4119870 Gflops/s) - 3696 (4063794 Gflops/s) - 3728 (4098979 Gflops/s) - 3646 (4008819 Gflops/s) - 3763 (4137462 Gflops/s) - 3715 (4084685 Gflops/s) - 3734 (4105576 Gflops/s) | Temperatures: 65°C - 66°C - 72°C - 72°C - 66°C - 66°C - 73°C - 71°C | Throttling: None - None - None - None - None - None - None - None
3753 (4126467 Gflops/s) - 3746 (4118770 Gflops/s) - 3696 (4063794 Gflops/s) - 3724 (4094581 Gflops/s) - 3696 (4063794 Gflops/s) - 3764 (4138561 Gflops/s) - 3714 (4083586 Gflops/s) - 3738 (4109974 Gflops/s) | Temperatures: 65°C - 66°C - 72°C - 72°C - 66°C - 66°C - 73°C - 71°C | Throttling: None - None - None - None - None - None - None - None
3752 (4125367 Gflops/s) - 3745 (4117671 Gflops/s) - 3695 (4062695 Gflops/s) - 3729 (4100078 Gflops/s) - 3671 (4036307 Gflops/s) - 3764 (4138561 Gflops/s) - 3714 (4083586 Gflops/s) - 3737 (4108874 Gflops/s) | Temperatures: 65°C - 66°C - 72°C - 72°C - 66°C - 66°C - 73°C - 71°C | Throttling: None - None - None - None - None - None - None - None
3754 (4127566 Gflops/s) - 3745 (4117671 Gflops/s) - 3695 (4062695 Gflops/s) - 3726 (4096780 Gflops/s) - 3678 (4044003 Gflops/s) - 3763 (4137462 Gflops/s) - 3717 (4086884 Gflops/s) - 3728 (4098979 Gflops/s) | Temperatures: 65°C - 66°C - 72°C - 72°C - 66°C - 66°C - 73°C - 71°C | Throttling: None - None - None - None - None - None - None - None
3753 (4126467 Gflops/s) - 3745 (4117671 Gflops/s) - 3696 (4063794 Gflops/s) - 3724 (4094581 Gflops/s) - 3668 (4033008 Gflops/s) - 3764 (4138561 Gflops/s) - 3715 (4084685 Gflops/s) - 3731 (4102277 Gflops/s) | Temperatures: 65°C - 66°C - 72°C - 72°C - 66°C - 66°C - 73°C - 71°C | Throttling: None - None - None - None - None - None - None - None
3753 (4126467 Gflops/s) - 3745 (4117671 Gflops/s) - 3694 (4061595 Gflops/s) - 3723 (4093481 Gflops/s) - 3670 (4035207 Gflops/s) - 3763 (4137462 Gflops/s) - 3712 (4081387 Gflops/s) - 3737 (4108874 Gflops/s) | Temperatures: 65°C - 66°C - 72°C - 72°C - 66°C - 66°C - 73°C - 72°C | Throttling: None - None - None - None - None - None - None - None
3752 (4125367 Gflops/s) - 3743 (4115472 Gflops/s) - 3696 (4063794 Gflops/s) - 3723 (4093481 Gflops/s) - 3640 (4002222 Gflops/s) - 3764 (4138561 Gflops/s) - 3717 (4086884 Gflops/s) - 3730 (4101178 Gflops/s) | Temperatures: 65°C - 66°C - 72°C - 72°C - 66°C - 66°C - 73°C - 71°C | Throttling: None - None - None - None - None - None - None - None
3753 (4126467 Gflops/s) - 3743 (4115472 Gflops/s) - 3694 (4061595 Gflops/s) - 3726 (4096780 Gflops/s) - 3667 (4031909 Gflops/s) - 3762 (4136362 Gflops/s) - 3712 (4081387 Gflops/s) - 3740 (4112173 Gflops/s) | Temperatures: 65°C - 66°C - 72°C - 72°C - 66°C - 66°C - 74°C - 72°C | Throttling: None - None - None - None - None - None - None - None
3753 (4126467 Gflops/s) - 3743 (4115472 Gflops/s) - 3695 (4062695 Gflops/s) - 3721 (4091282 Gflops/s) - 3659 (4023113 Gflops/s) - 3762 (4136362 Gflops/s) - 3715 (4084685 Gflops/s) - 3734 (4105576 Gflops/s) | Temperatures: 65°C - 66°C - 72°C - 72°C - 66°C - 66°C - 73°C - 72°C | Throttling: None - None - None - None - None - None - None - None
3753 (4126467 Gflops/s) - 3743 (4115472 Gflops/s) - 3694 (4061595 Gflops/s) - 3724 (4094581 Gflops/s) - 3651 (4014316 Gflops/s) - 3764 (4138561 Gflops/s) - 3725 (4095680 Gflops/s) - 3733 (4104476 Gflops/s) | Temperatures: 65°C - 66°C - 72°C - 72°C - 66°C - 66°C - 73°C - 72°C | Throttling: None - None - None - None - None - None - None - None
3754 (4127566 Gflops/s) - 3744 (4116571 Gflops/s) - 3697 (4064894 Gflops/s) - 3728 (4098979 Gflops/s) - 3662 (4026411 Gflops/s) - 3763 (4137462 Gflops/s) - 3714 (4083586 Gflops/s) - 3740 (4112173 Gflops/s) | Temperatures: 65°C - 66°C - 72°C - 72°C - 66°C - 66°C - 73°C - 72°C | Throttling: None - None - None - None - None - None - None - None
3752 (4125367 Gflops/s) - 3743 (4115472 Gflops/s) - 3694 (4061595 Gflops/s) - 3722 (4092382 Gflops/s) - 3668 (4033008 Gflops/s) - 3763 (4137462 Gflops/s) - 3717 (4086884 Gflops/s) - 3731 (4102277 Gflops/s) | Temperatures: 65°C - 66°C - 72°C - 72°C - 66°C - 66°C - 73°C - 72°C | Throttling: None - None - None - None - None - None - None - None
3751 (4124268 Gflops/s) - 3744 (4116571 Gflops/s) - 3696 (4063794 Gflops/s) - 3726 (4096780 Gflops/s) - 3658 (4022013 Gflops/s) - 3762 (4136362 Gflops/s) - 3713 (4082486 Gflops/s) - 3733 (4104476 Gflops/s) | Temperatures: 65°C - 66°C - 72°C - 72°C - 66°C - 66°C - 74°C - 72°C | Throttling: None - None - None - None - None - None - None - None
3752 (4125367 Gflops/s) - 3743 (4115472 Gflops/s) - 3695 (4062695 Gflops/s) - 3720 (4090183 Gflops/s) - 3656 (4019814 Gflops/s) - 3763 (4137462 Gflops/s) - 3710 (4079188 Gflops/s) - 3737 (4108874 Gflops/s) | Temperatures: 65°C - 66°C - 72°C - 72°C - 66°C - 66°C - 73°C - 72°C | Throttling: None - None - None - None - None - None - None - None
3752 (4125367 Gflops/s) - 3742 (4114372 Gflops/s) - 3695 (4062695 Gflops/s) - 3729 (4100078 Gflops/s) - 3695 (4062695 Gflops/s) - 3762 (4136362 Gflops/s) - 3717 (4086884 Gflops/s) - 3732 (4103377 Gflops/s) | Temperatures: 65°C - 66°C - 72°C - 73°C - 66°C - 66°C - 73°C - 72°C | Throttling: None - None - None - None - None - None - None - None
3752 (4125367 Gflops/s) - 3742 (4114372 Gflops/s) - 3693 (4060496 Gflops/s) - 3724 (4094581 Gflops/s) - 3637 (3998923 Gflops/s) - 3761 (4135263 Gflops/s) - 3714 (4083586 Gflops/s) - 3732 (4103377 Gflops/s) | Temperatures: 65°C - 66°C - 72°C - 73°C - 66°C - 66°C - 73°C - 72°C | Throttling: None - None - None - None - None - None - None - None
3752 (4125367 Gflops/s) - 3740 (4112173 Gflops/s) - 3695 (4062695 Gflops/s) - 3722 (4092382 Gflops/s) - 3655 (4018714 Gflops/s) - 3762 (4136362 Gflops/s) - 3711 (4080287 Gflops/s) - 3740 (4112173 Gflops/s) | Temperatures: 65°C - 67°C - 72°C - 73°C - 66°C - 66°C - 73°C - 72°C | Throttling: None - None - None - None - None - None - None - None
3752 (4125367 Gflops/s) - 3742 (4114372 Gflops/s) - 3695 (4062695 Gflops/s) - 3722 (4092382 Gflops/s) - 3660 (4024212 Gflops/s) - 3761 (4135263 Gflops/s) - 3722 (4092382 Gflops/s) - 3726 (4096780 Gflops/s) | Temperatures: 66°C - 67°C - 72°C - 72°C - 66°C - 66°C - 74°C - 72°C | Throttling: None - None - None - None - None - None - None - None
3752 (4125367 Gflops/s) - 3741 (4113272 Gflops/s) - 3695 (4062695 Gflops/s) - 3724 (4094581 Gflops/s) - 3648 (4011018 Gflops/s) - 3762 (4136362 Gflops/s) - 3716 (4085785 Gflops/s) - 3733 (4104476 Gflops/s) | Temperatures: 66°C - 66°C - 73°C - 73°C - 66°C - 66°C - 74°C - 72°C | Throttling: None - None - None - None - None - None - None - None
3751 (4124268 Gflops/s) - 3740 (4112173 Gflops/s) - 3694 (4061595 Gflops/s) - 3725 (4095680 Gflops/s) - 3646 (4008819 Gflops/s) - 3763 (4137462 Gflops/s) - 3709 (4078088 Gflops/s) - 3736 (4107775 Gflops/s) | Temperatures: 66°C - 67°C - 73°C - 73°C - 66°C - 66°C - 73°C - 72°C | Throttling: None - None - None - None - None - None - None - None
3751 (4124268 Gflops/s) - 3742 (4114372 Gflops/s) - 3695 (4062695 Gflops/s) - 3721 (4091282 Gflops/s) - 3673 (4038506 Gflops/s) - 3761 (4135263 Gflops/s) - 3715 (4084685 Gflops/s) - 3733 (4104476 Gflops/s) | Temperatures: 66°C - 67°C - 73°C - 72°C - 66°C - 66°C - 74°C - 72°C | Throttling: None - None - None - None - None - None - None - None
3751 (4124268 Gflops/s) - 3744 (4116571 Gflops/s) - 3695 (4062695 Gflops/s) - 3723 (4093481 Gflops/s) - 3686 (4052799 Gflops/s) - 3762 (4136362 Gflops/s) - 3713 (4082486 Gflops/s) - 3735 (4106675 Gflops/s) | Temperatures: 66°C - 67°C - 73°C - 73°C - 66°C - 66°C - 74°C - 72°C | Throttling: None - None - None - None - None - None - None - None
3750 (4123168 Gflops/s) - 3742 (4114372 Gflops/s) - 3694 (4061595 Gflops/s) - 3727 (4097879 Gflops/s) - 3636 (3997824 Gflops/s) - 3761 (4135263 Gflops/s) - 3713 (4082486 Gflops/s) - 3736 (4107775 Gflops/s) | Temperatures: 66°C - 67°C - 73°C - 73°C - 66°C - 66°C - 73°C - 72°C | Throttling: None - None - None - None - None - None - None - None
3751 (4124268 Gflops/s) - 3741 (4113272 Gflops/s) - 3695 (4062695 Gflops/s) - 3724 (4094581 Gflops/s) - 3658 (4022013 Gflops/s) - 3762 (4136362 Gflops/s) - 3717 (4086884 Gflops/s) - 3730 (4101178 Gflops/s) | Temperatures: 66°C - 67°C - 73°C - 73°C - 66°C - 66°C - 74°C - 72°C | Throttling: None - None - None - None - None - None - None - None
3751 (4124268 Gflops/s) - 3742 (4114372 Gflops/s) - 3695 (4062695 Gflops/s) - 3724 (4094581 Gflops/s) - 3658 (4022013 Gflops/s) - 3761 (4135263 Gflops/s) - 3717 (4086884 Gflops/s) - 3727 (4097879 Gflops/s) | Temperatures: 66°C - 67°C - 73°C - 73°C - 66°C - 66°C - 74°C - 72°C | Throttling: None - None - None - None - None - None - None - None
3751 (4124268 Gflops/s) - 3740 (4112173 Gflops/s) - 3695 (4062695 Gflops/s) - 3726 (4096780 Gflops/s) - 3679 (4045103 Gflops/s) - 3762 (4136362 Gflops/s) - 3719 (4089083 Gflops/s) - 3732 (4103377 Gflops/s) | Temperatures: 66°C - 67°C - 73°C - 73°C - 66°C - 66°C - 74°C - 72°C | Throttling: None - None - None - None - None - None - None - None
3750 (4123168 Gflops/s) - 3742 (4114372 Gflops/s) - 3695 (4062695 Gflops/s) - 3724 (4094581 Gflops/s) - 3662 (4026411 Gflops/s) - 3762 (4136362 Gflops/s) - 3721 (4091282 Gflops/s) - 3732 (4103377 Gflops/s) | Temperatures: 66°C - 67°C - 73°C - 73°C - 66°C - 66°C - 74°C - 72°C | Throttling: None - None - None - None - None - None - None - None
3750 (4123168 Gflops/s) - 3741 (4113272 Gflops/s) - 3695 (4062695 Gflops/s) - 3722 (4092382 Gflops/s) - 3643 (4005520 Gflops/s) - 3762 (4136362 Gflops/s) - 3711 (4080287 Gflops/s) - 3728 (4098979 Gflops/s) | Temperatures: 66°C - 67°C - 73°C - 73°C - 66°C - 66°C - 74°C - 72°C | Throttling: None - None - None - None - None - None - None - None
3749 (4122069 Gflops/s) - 3741 (4113272 Gflops/s) - 3692 (4059396 Gflops/s) - 3724 (4094581 Gflops/s) - 3649 (4012117 Gflops/s) - 3761 (4135263 Gflops/s) - 3715 (4084685 Gflops/s) - 3726 (4096780 Gflops/s) | Temperatures: 66°C - 67°C - 73°C - 73°C - 66°C - 66°C - 74°C - 72°C | Throttling: None - None - None - None - None - None - None - None
3752 (4125367 Gflops/s) - 3739 (4111073 Gflops/s) - 3693 (4060496 Gflops/s) - 3723 (4093481 Gflops/s) - 3654 (4017615 Gflops/s) - 3762 (4136362 Gflops/s) - 3715 (4084685 Gflops/s) - 3738 (4109974 Gflops/s) | Temperatures: 66°C - 67°C - 73°C - 73°C - 66°C - 66°C - 74°C - 72°C | Throttling: None - None - None - None - None - None - None - None
3751 (4124268 Gflops/s) - 3741 (4113272 Gflops/s) - 3696 (4063794 Gflops/s) - 3722 (4092382 Gflops/s) - 3655 (4018714 Gflops/s) - 3761 (4135263 Gflops/s) - 3714 (4083586 Gflops/s) - 3732 (4103377 Gflops/s) | Temperatures: 66°C - 67°C - 73°C - 73°C - 66°C - 66°C - 74°C - 72°C | Throttling: None - None - None - None - None - None - None - None
3754 (4127566 Gflops/s) - 3746 (4118770 Gflops/s) - 3698 (4065993 Gflops/s) - 3724 (4094581 Gflops/s) - 3671 (4036307 Gflops/s) - 3765 (4139661 Gflops/s) - 3719 (4089083 Gflops/s) - 3736 (4107775 Gflops/s) | Temperatures: 66°C - 67°C - 73°C - 73°C - 66°C - 66°C - 74°C - 72°C | Throttling: None - None - None - None - None - None - None - None
3751 (4124268 Gflops/s) - 3740 (4112173 Gflops/s) - 3695 (4062695 Gflops/s) - 3724 (4094581 Gflops/s) - 3663 (4027511 Gflops/s) - 3762 (4136362 Gflops/s) - 3709 (4078088 Gflops/s) - 3735 (4106675 Gflops/s) | Temperatures: 66°C - 67°C - 73°C - 73°C - 66°C - 66°C - 74°C - 72°C | Throttling: None - None - None - None - None - None - None - None
3750 (4123168 Gflops/s) - 3740 (4112173 Gflops/s) - 3693 (4060496 Gflops/s) - 3723 (4093481 Gflops/s) - 3647 (4009918 Gflops/s) - 3762 (4136362 Gflops/s) - 3711 (4080287 Gflops/s) - 3731 (4102277 Gflops/s) | Temperatures: 66°C - 67°C - 73°C - 73°C - 66°C - 66°C - 74°C - 72°C | Throttling: None - None - None - None - None - None - None - None
3750 (4123168 Gflops/s) - 3741 (4113272 Gflops/s) - 3695 (4062695 Gflops/s) - 3722 (4092382 Gflops/s) - 3670 (4035207 Gflops/s) - 3761 (4135263 Gflops/s) - 3717 (4086884 Gflops/s) - 3730 (4101178 Gflops/s) | Temperatures: 66°C - 67°C - 73°C - 73°C - 67°C - 66°C - 74°C - 72°C | Throttling: None - None - None - None - None - None - None - None
3750 (4123168 Gflops/s) - 3742 (4114372 Gflops/s) - 3694 (4061595 Gflops/s) - 3720 (4090183 Gflops/s) - 3647 (4009918 Gflops/s) - 3762 (4136362 Gflops/s) - 3707 (4075889 Gflops/s) - 3734 (4105576 Gflops/s) | Temperatures: 66°C - 67°C - 73°C - 73°C - 66°C - 66°C - 74°C - 72°C | Throttling: None - None - None - None - None - None - None - None
3750 (4123168 Gflops/s) - 3740 (4112173 Gflops/s) - 3694 (4061595 Gflops/s) - 3720 (4090183 Gflops/s) - 3664 (4028610 Gflops/s) - 3761 (4135263 Gflops/s) - 3709 (4078088 Gflops/s) - 3735 (4106675 Gflops/s) | Temperatures: 66°C - 67°C - 73°C - 73°C - 66°C - 66°C - 74°C - 72°C | Throttling: None - None - None - None - None - None - None - None
3750 (4123168 Gflops/s) - 3740 (4112173 Gflops/s) - 3694 (4061595 Gflops/s) - 3721 (4091282 Gflops/s) - 3670 (4035207 Gflops/s) - 3762 (4136362 Gflops/s) - 3711 (4080287 Gflops/s) - 3731 (4102277 Gflops/s) | Temperatures: 66°C - 67°C - 73°C - 73°C - 67°C - 66°C - 74°C - 72°C | Throttling: None - None - None - None - None - None - None - None
3750 (4123168 Gflops/s) - 3739 (4111073 Gflops/s) - 3694 (4061595 Gflops/s) - 3721 (4091282 Gflops/s) - 3659 (4023113 Gflops/s) - 3761 (4135263 Gflops/s) - 3711 (4080287 Gflops/s) - 3729 (4100078 Gflops/s) | Temperatures: 66°C - 67°C - 73°C - 73°C - 67°C - 66°C - 74°C - 72°C | Throttling: None - None - None - None - None - None - None - None
3750 (4123168 Gflops/s) - 3739 (4111073 Gflops/s) - 3694 (4061595 Gflops/s) - 3721 (4091282 Gflops/s) - 3678 (4044003 Gflops/s) - 3761 (4135263 Gflops/s) - 3717 (4086884 Gflops/s) - 3731 (4102277 Gflops/s) | Temperatures: 66°C - 67°C - 73°C - 73°C - 67°C - 66°C - 74°C - 72°C | Throttling: None - None - None - None - None - None - None - None
3750 (4123168 Gflops/s) - 3742 (4114372 Gflops/s) - 3695 (4062695 Gflops/s) - 3722 (4092382 Gflops/s) - 3636 (3997824 Gflops/s) - 3762 (4136362 Gflops/s) - 3713 (4082486 Gflops/s) - 3735 (4106675 Gflops/s) | Temperatures: 66°C - 67°C - 73°C - 73°C - 67°C - 66°C - 74°C - 72°C | Throttling: None - None - None - None - None - None - None - None
3751 (4124268 Gflops/s) - 3741 (4113272 Gflops/s) - 3694 (4061595 Gflops/s) - 3718 (4087984 Gflops/s) - 3662 (4026411 Gflops/s) - 3762 (4136362 Gflops/s) - 3710 (4079188 Gflops/s) - 3740 (4112173 Gflops/s) | Temperatures: 66°C - 67°C - 73°C - 73°C - 66°C - 66°C - 74°C - 72°C | Throttling: None - None - None - None - None - None - None - None
3749 (4122069 Gflops/s) - 3738 (4109974 Gflops/s) - 3694 (4061595 Gflops/s) - 3720 (4090183 Gflops/s) - 3663 (4027511 Gflops/s) - 3761 (4135263 Gflops/s) - 3714 (4083586 Gflops/s) - 3731 (4102277 Gflops/s) | Temperatures: 66°C - 67°C - 73°C - 73°C - 67°C - 66°C - 74°C - 72°C | Throttling: None - None - None - None - None - None - None - None
3749 (4122069 Gflops/s) - 3740 (4112173 Gflops/s) - 3695 (4062695 Gflops/s) - 3723 (4093481 Gflops/s) - 3662 (4026411 Gflops/s) - 3762 (4136362 Gflops/s) - 3709 (4078088 Gflops/s) - 3737 (4108874 Gflops/s) | Temperatures: 66°C - 67°C - 73°C - 73°C - 67°C - 66°C - 74°C - 72°C | Throttling: None - None - None - None - None - None - None - None
3749 (4122069 Gflops/s) - 3740 (4112173 Gflops/s) - 3694 (4061595 Gflops/s) - 3723 (4093481 Gflops/s) - 3658 (4022013 Gflops/s) - 3760 (4134163 Gflops/s) - 3716 (4085785 Gflops/s) - 3735 (4106675 Gflops/s) | Temperatures: 66°C - 67°C - 73°C - 73°C - 66°C - 66°C - 74°C - 72°C | Throttling: None - None - None - None - None - None - None - None
3750 (4123168 Gflops/s) - 3740 (4112173 Gflops/s) - 3695 (4062695 Gflops/s) - 3720 (4090183 Gflops/s) - 3647 (4009918 Gflops/s) - 3762 (4136362 Gflops/s) - 3714 (4083586 Gflops/s) - 3730 (4101178 Gflops/s) | Temperatures: 66°C - 67°C - 73°C - 73°C - 66°C - 66°C - 74°C - 72°C | Throttling: None - None - None - None - None - None - None - None
3751 (4124268 Gflops/s) - 3741 (4113272 Gflops/s) - 3694 (4061595 Gflops/s) - 3721 (4091282 Gflops/s) - 3658 (4022013 Gflops/s) - 3761 (4135263 Gflops/s) - 3709 (4078088 Gflops/s) - 3734 (4105576 Gflops/s) | Temperatures: 66°C - 67°C - 73°C - 73°C - 66°C - 66°C - 74°C - 72°C | Throttling: None - None - None - None - None - None - None - None
3750 (4123168 Gflops/s) - 3739 (4111073 Gflops/s) - 3694 (4061595 Gflops/s) - 3723 (4093481 Gflops/s) - 3652 (4015416 Gflops/s) - 3761 (4135263 Gflops/s) - 3713 (4082486 Gflops/s) - 3733 (4104476 Gflops/s) | Temperatures: 66°C - 67°C - 73°C - 73°C - 66°C - 66°C - 74°C - 72°C | Throttling: None - None - None - None - None - None - None - None
3751 (4124268 Gflops/s) - 3741 (4113272 Gflops/s) - 3695 (4062695 Gflops/s) - 3725 (4095680 Gflops/s) - 3641 (4003321 Gflops/s) - 3762 (4136362 Gflops/s) - 3712 (4081387 Gflops/s) - 3734 (4105576 Gflops/s) | Temperatures: 66°C - 67°C - 73°C - 73°C - 66°C - 66°C - 74°C - 72°C | Throttling: None - None - None - None - None - None - None - None
3750 (4123168 Gflops/s) - 3741 (4113272 Gflops/s) - 3695 (4062695 Gflops/s) - 3723 (4093481 Gflops/s) - 3656 (4019814 Gflops/s) - 3762 (4136362 Gflops/s) - 3720 (4090183 Gflops/s) - 3732 (4103377 Gflops/s) | Temperatures: 66°C - 67°C - 73°C - 73°C - 66°C - 66°C - 74°C - 72°C | Throttling: None - None - None - None - None - None - None - None
3751 (4124268 Gflops/s) - 3743 (4115472 Gflops/s) - 3695 (4062695 Gflops/s) - 3725 (4095680 Gflops/s) - 3668 (4033008 Gflops/s) - 3761 (4135263 Gflops/s) - 3711 (4080287 Gflops/s) - 3732 (4103377 Gflops/s) | Temperatures: 66°C - 67°C - 73°C - 73°C - 66°C - 66°C - 74°C - 72°C | Throttling: None - None - None - None - None - None - None - None
3751 (4124268 Gflops/s) - 3740 (4112173 Gflops/s) - 3695 (4062695 Gflops/s) - 3723 (4093481 Gflops/s) - 3654 (4017615 Gflops/s) - 3762 (4136362 Gflops/s) - 3711 (4080287 Gflops/s) - 3737 (4108874 Gflops/s) | Temperatures: 66°C - 67°C - 73°C - 73°C - 66°C - 66°C - 74°C - 72°C | Throttling: None - None - None - None - None - None - None - None
3750 (4123168 Gflops/s) - 3740 (4112173 Gflops/s) - 3694 (4061595 Gflops/s) - 3725 (4095680 Gflops/s) - 3657 (4020914 Gflops/s) - 3761 (4135263 Gflops/s) - 3707 (4075889 Gflops/s) - 3732 (4103377 Gflops/s) | Temperatures: 66°C - 67°C - 73°C - 73°C - 66°C - 66°C - 74°C - 72°C | Throttling: None - None - None - None - None - None - None - None
3750 (4123168 Gflops/s) - 3741 (4113272 Gflops/s) - 3694 (4061595 Gflops/s) - 3724 (4094581 Gflops/s) - 3667 (4031909 Gflops/s) - 3762 (4136362 Gflops/s) - 3712 (4081387 Gflops/s) - 3734 (4105576 Gflops/s) | Temperatures: 66°C - 67°C - 73°C - 73°C - 66°C - 66°C - 74°C - 72°C | Throttling: None - None - None - None - None - None - None - None
3752 (4125367 Gflops/s) - 3741 (4113272 Gflops/s) - 3696 (4063794 Gflops/s) - 3721 (4091282 Gflops/s) - 3657 (4020914 Gflops/s) - 3762 (4136362 Gflops/s) - 3710 (4079188 Gflops/s) - 3732 (4103377 Gflops/s) | Temperatures: 66°C - 67°C - 73°C - 73°C - 66°C - 66°C - 74°C - 72°C | Throttling: None - None - None - None - None - None - None - None
3750 (4123168 Gflops/s) - 3742 (4114372 Gflops/s) - 3694 (4061595 Gflops/s) - 3721 (4091282 Gflops/s) - 3651 (4014316 Gflops/s) - 3761 (4135263 Gflops/s) - 3714 (4083586 Gflops/s) - 3736 (4107775 Gflops/s) | Temperatures: 66°C - 67°C - 73°C - 73°C - 66°C - 66°C - 74°C - 72°C | Throttling: None - None - None - None - None - None - None - None
3750 (4123168 Gflops/s) - 3741 (4113272 Gflops/s) - 3695 (4062695 Gflops/s) - 3726 (4096780 Gflops/s) - 3640 (4002222 Gflops/s) - 3761 (4135263 Gflops/s) - 3715 (4084685 Gflops/s) - 3731 (4102277 Gflops/s) | Temperatures: 66°C - 67°C - 73°C - 73°C - 66°C - 66°C - 74°C - 72°C | Throttling: None - None - None - None - None - None - None - None
3751 (4124268 Gflops/s) - 3741 (4113272 Gflops/s) - 3694 (4061595 Gflops/s) - 3720 (4090183 Gflops/s) - 3640 (4002222 Gflops/s) - 3762 (4136362 Gflops/s) - 3714 (4083586 Gflops/s) - 3722 (4092382 Gflops/s) | Temperatures: 66°C - 67°C - 73°C - 73°C - 66°C - 66°C - 74°C - 72°C | Throttling: None - None - None - None - None - None - None - None
3751 (4124268 Gflops/s) - 3743 (4115472 Gflops/s) - 3694 (4061595 Gflops/s) - 3724 (4094581 Gflops/s) - 3659 (4023113 Gflops/s) - 3762 (4136362 Gflops/s) - 3709 (4078088 Gflops/s) - 3729 (4100078 Gflops/s) | Temperatures: 66°C - 67°C - 73°C - 73°C - 66°C - 66°C - 74°C - 72°C | Throttling: None - None - None - None - None - None - None - None
2263 (2488194 Gflops/s) - 1414 (1554709 Gflops/s) - 1225 (1346901 Gflops/s) - 1888 (2075877 Gflops/s) - 1627 (1788905 Gflops/s) - 2301 (2529976 Gflops/s) - 1859 (2043992 Gflops/s) - 1808 (1987917 Gflops/s) | Temperatures: 57°C - 56°C - 61°C - 62°C - 55°C - 58°C - 64°C - 62°C | Throttling: None - None - None - None - None - None - None - None
GPU #0: 4122013 Gflops/s (min: 2488194.81, max: 4144059.33, dev: 95897.04)
         Temperature: 64.99°C (min: 57.00, max: 66.00)
         Throttling HW: false, Thermal SW: false, Thermal HW: false
GPU #1: 4109550 Gflops/s (min: 1554709.44, max: 4140760.79, dev: 149867.61)
         Temperature: 66.04°C (min: 56.00, max: 67.00)
         Throttling HW: false, Thermal SW: false, Thermal HW: false
GPU #2: 4055202 Gflops/s (min: 1346901.74, max: 4087984.23, dev: 158814.15)
         Temperature: 71.91°C (min: 61.00, max: 73.00)
         Throttling HW: false, Thermal SW: false, Thermal HW: false
GPU #3: 4090889 Gflops/s (min: 2075877.95, max: 4122069.09, dev: 118288.58)
         Temperature: 72.04°C (min: 62.00, max: 73.00)
         Throttling HW: false, Thermal SW: false, Thermal HW: false
GPU #4: 4037137 Gflops/s (min: 1788905.42, max: 4100078.86, dev: 134739.98)
         Temperature: 65.53°C (min: 55.00, max: 67.00)
         Throttling HW: false, Thermal SW: false, Thermal HW: false
GPU #5: 4131860 Gflops/s (min: 2529976.26, max: 4145158.84, dev: 93916.78)
         Temperature: 65.45°C (min: 58.00, max: 67.00)
         Throttling HW: false, Thermal SW: false, Thermal HW: false
GPU #6: 4080089 Gflops/s (min: 2043992.12, max: 4126467.14, dev: 119568.17)
         Temperature: 73.10°C (min: 64.00, max: 74.00)
         Throttling HW: false, Thermal SW: false, Thermal HW: false
GPU #7: 4100507 Gflops/s (min: 1987917.02, max: 4134163.72, dev: 124020.14)
         Temperature: 71.26°C (min: 62.00, max: 72.00)
         Throttling HW: false, Thermal SW: false, Thermal HW: false
All GPUs seem healthy
Freeing GPUs...
