/usr/bin/singularity
apptainer version 1.4.5-1.el9
Number of GPUs =  8
======== Run with fp32 ==========
Detected GPU #0: "NVIDIA B200" (92955d27-af8c-cb3b-7edf-381768ec8b10)
Detected GPU #1: "NVIDIA B200" (b1c2d4d5-d267-84a6-27f3-6d5dd1986cb2)
Detected GPU #2: "NVIDIA B200" (358ebb4a-e827-59f1-12a2-153f77a9c6ca)
Detected GPU #3: "NVIDIA B200" (3466bc8a-72df-743c-6ec2-9475837987bf)
Detected GPU #4: "NVIDIA B200" (cbb638f0-fde1-e98f-1b83-bc60d83c346f)
Detected GPU #5: "NVIDIA B200" (9fec9477-2a29-f8ce-d82f-668859217c8f)
Detected GPU #6: "NVIDIA B200" (c9dfa085-0bd9-550e-f2b0-e1e47e88e610)
Detected GPU #7: "NVIDIA B200" (77839368-dd46-a617-01d2-29ae93dbdc13)
Using precision(s): FP32  
GPU #0: Using 163800 MB
GPU #1: Using 163800 MB
GPU #2: Using 163800 MB
GPU #3: Using 163800 MB
GPU #4: Using 163800 MB
GPU #5: Using 163800 MB
GPU #6: Using 163800 MB
GPU #7: Using 163800 MB
Creating random matrices
Matrices created
1340 (1473345 Gflops/s) - 1177 (1294125 Gflops/s) - 1344 (1477743 Gflops/s) - 1181 (1298523 Gflops/s) - 1323 (1454653 Gflops/s) - 1233 (1355697 Gflops/s) - 1262 (1387583 Gflops/s) - 1118 (1229253 Gflops/s) | Temperatures: 57°C - 55°C - 59°C - 57°C - 57°C - 57°C - 59°C - 58°C | Throttling: None - None - None - None - None - None - None - None
706 (776255 Gflops/s) - 716 (787250 Gflops/s) - 709 (779553 Gflops/s) - 708 (778454 Gflops/s) - 710 (780653 Gflops/s) - 709 (779553 Gflops/s) - 712 (782852 Gflops/s) - 695 (764160 Gflops/s) | Temperatures: 59°C - 59°C - 63°C - 61°C - 59°C - 60°C - 62°C - 61°C | Throttling: None - None - None - None - None - None - None - None
706 (776255 Gflops/s) - 715 (786150 Gflops/s) - 708 (778454 Gflops/s) - 707 (777354 Gflops/s) - 709 (779553 Gflops/s) - 708 (778454 Gflops/s) - 709 (779553 Gflops/s) - 697 (766359 Gflops/s) | Temperatures: 61°C - 61°C - 65°C - 64°C - 61°C - 62°C - 64°C - 64°C | Throttling: None - None - None - None - None - None - None - None
705 (775155 Gflops/s) - 714 (785051 Gflops/s) - 709 (779553 Gflops/s) - 706 (776255 Gflops/s) - 707 (777354 Gflops/s) - 707 (777354 Gflops/s) - 710 (780653 Gflops/s) - 696 (765260 Gflops/s) | Temperatures: 62°C - 62°C - 66°C - 65°C - 61°C - 63°C - 65°C - 65°C | Throttling: None - None - None - None - None - None - None - None
704 (774056 Gflops/s) - 714 (785051 Gflops/s) - 707 (777354 Gflops/s) - 707 (777354 Gflops/s) - 708 (778454 Gflops/s) - 707 (777354 Gflops/s) - 713 (783951 Gflops/s) - 700 (769658 Gflops/s) | Temperatures: 62°C - 62°C - 67°C - 66°C - 62°C - 63°C - 66°C - 66°C | Throttling: None - None - None - None - None - None - None - None
701 (770757 Gflops/s) - 713 (783951 Gflops/s) - 706 (776255 Gflops/s) - 708 (778454 Gflops/s) - 706 (776255 Gflops/s) - 707 (777354 Gflops/s) - 710 (780653 Gflops/s) - 699 (768558 Gflops/s) | Temperatures: 63°C - 63°C - 68°C - 66°C - 63°C - 64°C - 67°C - 67°C | Throttling: None - None - None - None - None - None - None - None
703 (772956 Gflops/s) - 714 (785051 Gflops/s) - 706 (776255 Gflops/s) - 708 (778454 Gflops/s) - 706 (776255 Gflops/s) - 707 (777354 Gflops/s) - 709 (779553 Gflops/s) - 697 (766359 Gflops/s) | Temperatures: 63°C - 63°C - 69°C - 67°C - 63°C - 64°C - 68°C - 67°C | Throttling: None - None - None - None - None - None - None - None
702 (771857 Gflops/s) - 712 (782852 Gflops/s) - 705 (775155 Gflops/s) - 706 (776255 Gflops/s) - 706 (776255 Gflops/s) - 707 (777354 Gflops/s) - 710 (780653 Gflops/s) - 697 (766359 Gflops/s) | Temperatures: 63°C - 63°C - 69°C - 67°C - 63°C - 65°C - 68°C - 68°C | Throttling: None - None - None - None - None - None - None - None
703 (772956 Gflops/s) - 711 (781752 Gflops/s) - 705 (775155 Gflops/s) - 706 (776255 Gflops/s) - 705 (775155 Gflops/s) - 711 (781752 Gflops/s) - 709 (779553 Gflops/s) - 696 (765260 Gflops/s) | Temperatures: 63°C - 64°C - 70°C - 68°C - 63°C - 65°C - 69°C - 68°C | Throttling: None - None - None - None - None - None - None - None
705 (775155 Gflops/s) - 712 (782852 Gflops/s) - 704 (774056 Gflops/s) - 705 (775155 Gflops/s) - 706 (776255 Gflops/s) - 724 (796046 Gflops/s) - 709 (779553 Gflops/s) - 695 (764160 Gflops/s) | Temperatures: 64°C - 64°C - 70°C - 68°C - 64°C - 65°C - 69°C - 69°C | Throttling: None - None - None - None - None - None - None - None
707 (777354 Gflops/s) - 711 (781752 Gflops/s) - 703 (772956 Gflops/s) - 705 (775155 Gflops/s) - 705 (775155 Gflops/s) - 689 (757563 Gflops/s) - 709 (779553 Gflops/s) - 696 (765260 Gflops/s) | Temperatures: 64°C - 64°C - 70°C - 68°C - 64°C - 65°C - 70°C - 69°C | Throttling: None - None - None - None - None - None - None - None
702 (771857 Gflops/s) - 710 (780653 Gflops/s) - 703 (772956 Gflops/s) - 704 (774056 Gflops/s) - 704 (774056 Gflops/s) - 707 (777354 Gflops/s) - 708 (778454 Gflops/s) - 694 (763061 Gflops/s) | Temperatures: 64°C - 64°C - 71°C - 69°C - 64°C - 65°C - 70°C - 69°C | Throttling: None - None - None - None - None - None - None - None
706 (776255 Gflops/s) - 711 (781752 Gflops/s) - 703 (772956 Gflops/s) - 703 (772956 Gflops/s) - 704 (774056 Gflops/s) - 707 (777354 Gflops/s) - 708 (778454 Gflops/s) - 695 (764160 Gflops/s) | Temperatures: 64°C - 64°C - 71°C - 69°C - 64°C - 66°C - 70°C - 69°C | Throttling: None - None - None - None - None - None - None - None
704 (774056 Gflops/s) - 710 (780653 Gflops/s) - 703 (772956 Gflops/s) - 704 (774056 Gflops/s) - 704 (774056 Gflops/s) - 706 (776255 Gflops/s) - 707 (777354 Gflops/s) - 694 (763061 Gflops/s) | Temperatures: 64°C - 64°C - 71°C - 69°C - 64°C - 66°C - 70°C - 70°C | Throttling: None - None - None - None - None - None - None - None
704 (774056 Gflops/s) - 709 (779553 Gflops/s) - 702 (771857 Gflops/s) - 703 (772956 Gflops/s) - 704 (774056 Gflops/s) - 706 (776255 Gflops/s) - 708 (778454 Gflops/s) - 694 (763061 Gflops/s) | Temperatures: 64°C - 65°C - 72°C - 69°C - 64°C - 66°C - 71°C - 70°C | Throttling: None - None - None - None - None - None - None - None
704 (774056 Gflops/s) - 709 (779553 Gflops/s) - 703 (772956 Gflops/s) - 702 (771857 Gflops/s) - 704 (774056 Gflops/s) - 705 (775155 Gflops/s) - 707 (777354 Gflops/s) - 694 (763061 Gflops/s) | Temperatures: 65°C - 65°C - 72°C - 69°C - 64°C - 66°C - 71°C - 70°C | Throttling: None - None - None - None - None - None - None - None
704 (774056 Gflops/s) - 710 (780653 Gflops/s) - 702 (771857 Gflops/s) - 703 (772956 Gflops/s) - 705 (775155 Gflops/s) - 706 (776255 Gflops/s) - 708 (778454 Gflops/s) - 694 (763061 Gflops/s) | Temperatures: 65°C - 65°C - 72°C - 69°C - 64°C - 66°C - 71°C - 70°C | Throttling: None - None - None - None - None - None - None - None
703 (772956 Gflops/s) - 708 (778454 Gflops/s) - 700 (769658 Gflops/s) - 701 (770757 Gflops/s) - 703 (772956 Gflops/s) - 704 (774056 Gflops/s) - 707 (777354 Gflops/s) - 703 (772956 Gflops/s) | Temperatures: 65°C - 65°C - 72°C - 69°C - 65°C - 66°C - 71°C - 70°C | Throttling: None - None - None - None - None - None - None - None
704 (774056 Gflops/s) - 709 (779553 Gflops/s) - 701 (770757 Gflops/s) - 702 (771857 Gflops/s) - 705 (775155 Gflops/s) - 705 (775155 Gflops/s) - 707 (777354 Gflops/s) - 684 (752065 Gflops/s) | Temperatures: 65°C - 65°C - 72°C - 70°C - 65°C - 66°C - 71°C - 70°C | Throttling: None - None - None - None - None - None - None - None
704 (774056 Gflops/s) - 709 (779553 Gflops/s) - 701 (770757 Gflops/s) - 701 (770757 Gflops/s) - 706 (776255 Gflops/s) - 704 (774056 Gflops/s) - 707 (777354 Gflops/s) - 693 (761961 Gflops/s) | Temperatures: 65°C - 65°C - 72°C - 70°C - 65°C - 66°C - 72°C - 70°C | Throttling: None - None - None - None - None - None - None - None
703 (772956 Gflops/s) - 711 (781752 Gflops/s) - 700 (769658 Gflops/s) - 701 (770757 Gflops/s) - 705 (775155 Gflops/s) - 704 (774056 Gflops/s) - 707 (777354 Gflops/s) - 694 (763061 Gflops/s) | Temperatures: 65°C - 65°C - 73°C - 70°C - 65°C - 66°C - 72°C - 71°C | Throttling: None - None - None - None - None - None - None - None
702 (771857 Gflops/s) - 712 (782852 Gflops/s) - 701 (770757 Gflops/s) - 700 (769658 Gflops/s) - 704 (774056 Gflops/s) - 704 (774056 Gflops/s) - 707 (777354 Gflops/s) - 693 (761961 Gflops/s) | Temperatures: 65°C - 65°C - 73°C - 70°C - 65°C - 67°C - 72°C - 71°C | Throttling: None - None - None - None - None - None - None - None
703 (772956 Gflops/s) - 711 (781752 Gflops/s) - 700 (769658 Gflops/s) - 701 (770757 Gflops/s) - 705 (775155 Gflops/s) - 704 (774056 Gflops/s) - 707 (777354 Gflops/s) - 693 (761961 Gflops/s) | Temperatures: 65°C - 66°C - 73°C - 70°C - 65°C - 67°C - 72°C - 71°C | Throttling: None - None - None - None - None - None - None - None
703 (772956 Gflops/s) - 712 (782852 Gflops/s) - 701 (770757 Gflops/s) - 699 (768558 Gflops/s) - 703 (772956 Gflops/s) - 704 (774056 Gflops/s) - 706 (776255 Gflops/s) - 692 (760862 Gflops/s) | Temperatures: 66°C - 66°C - 73°C - 71°C - 66°C - 67°C - 72°C - 71°C | Throttling: None - None - None - None - None - None - None - None
702 (771857 Gflops/s) - 712 (782852 Gflops/s) - 698 (767459 Gflops/s) - 700 (769658 Gflops/s) - 704 (774056 Gflops/s) - 704 (774056 Gflops/s) - 706 (776255 Gflops/s) - 693 (761961 Gflops/s) | Temperatures: 66°C - 66°C - 73°C - 71°C - 66°C - 67°C - 73°C - 71°C | Throttling: None - None - None - None - None - None - None - None
703 (772956 Gflops/s) - 712 (782852 Gflops/s) - 700 (769658 Gflops/s) - 700 (769658 Gflops/s) - 705 (775155 Gflops/s) - 703 (772956 Gflops/s) - 707 (777354 Gflops/s) - 692 (760862 Gflops/s) | Temperatures: 66°C - 66°C - 74°C - 71°C - 66°C - 67°C - 73°C - 72°C | Throttling: None - None - None - None - None - None - None - None
702 (771857 Gflops/s) - 711 (781752 Gflops/s) - 700 (769658 Gflops/s) - 700 (769658 Gflops/s) - 704 (774056 Gflops/s) - 704 (774056 Gflops/s) - 706 (776255 Gflops/s) - 692 (760862 Gflops/s) | Temperatures: 66°C - 67°C - 74°C - 71°C - 66°C - 68°C - 73°C - 72°C | Throttling: None - None - None - None - None - None - None - None
702 (771857 Gflops/s) - 712 (782852 Gflops/s) - 699 (768558 Gflops/s) - 699 (768558 Gflops/s) - 705 (775155 Gflops/s) - 703 (772956 Gflops/s) - 706 (776255 Gflops/s) - 692 (760862 Gflops/s) | Temperatures: 66°C - 67°C - 74°C - 71°C - 66°C - 68°C - 73°C - 72°C | Throttling: None - None - None - None - None - None - None - None
702 (771857 Gflops/s) - 712 (782852 Gflops/s) - 699 (768558 Gflops/s) - 699 (768558 Gflops/s) - 703 (772956 Gflops/s) - 703 (772956 Gflops/s) - 706 (776255 Gflops/s) - 702 (771857 Gflops/s) | Temperatures: 67°C - 67°C - 74°C - 72°C - 67°C - 68°C - 73°C - 72°C | Throttling: None - None - None - None - None - None - None - None
701 (770757 Gflops/s) - 712 (782852 Gflops/s) - 699 (768558 Gflops/s) - 698 (767459 Gflops/s) - 704 (774056 Gflops/s) - 702 (771857 Gflops/s) - 706 (776255 Gflops/s) - 681 (748767 Gflops/s) | Temperatures: 67°C - 67°C - 75°C - 72°C - 67°C - 68°C - 74°C - 72°C | Throttling: None - None - None - None - None - None - None - None
702 (771857 Gflops/s) - 711 (781752 Gflops/s) - 698 (767459 Gflops/s) - 698 (767459 Gflops/s) - 703 (772956 Gflops/s) - 701 (770757 Gflops/s) - 704 (774056 Gflops/s) - 690 (758663 Gflops/s) | Temperatures: 67°C - 67°C - 75°C - 72°C - 67°C - 68°C - 74°C - 73°C | Throttling: None - None - None - None - None - None - None - None
701 (770757 Gflops/s) - 712 (782852 Gflops/s) - 698 (767459 Gflops/s) - 698 (767459 Gflops/s) - 704 (774056 Gflops/s) - 702 (771857 Gflops/s) - 705 (775155 Gflops/s) - 691 (759762 Gflops/s) | Temperatures: 67°C - 68°C - 75°C - 72°C - 67°C - 68°C - 74°C - 73°C | Throttling: None - None - None - None - None - None - None - None
701 (770757 Gflops/s) - 712 (782852 Gflops/s) - 701 (770757 Gflops/s) - 698 (767459 Gflops/s) - 703 (772956 Gflops/s) - 702 (771857 Gflops/s) - 706 (776255 Gflops/s) - 691 (759762 Gflops/s) | Temperatures: 67°C - 68°C - 75°C - 72°C - 67°C - 69°C - 74°C - 73°C | Throttling: None - None - None - None - None - None - None - None
701 (770757 Gflops/s) - 711 (781752 Gflops/s) - 700 (769658 Gflops/s) - 698 (767459 Gflops/s) - 704 (774056 Gflops/s) - 701 (770757 Gflops/s) - 706 (776255 Gflops/s) - 690 (758663 Gflops/s) | Temperatures: 68°C - 68°C - 75°C - 73°C - 67°C - 69°C - 74°C - 73°C | Throttling: None - None - None - None - None - None - None - None
700 (769658 Gflops/s) - 711 (781752 Gflops/s) - 700 (769658 Gflops/s) - 696 (765260 Gflops/s) - 703 (772956 Gflops/s) - 701 (770757 Gflops/s) - 706 (776255 Gflops/s) - 690 (758663 Gflops/s) | Temperatures: 68°C - 68°C - 75°C - 73°C - 68°C - 69°C - 74°C - 73°C | Throttling: None - None - None - None - None - None - None - None
701 (770757 Gflops/s) - 711 (781752 Gflops/s) - 702 (771857 Gflops/s) - 698 (767459 Gflops/s) - 704 (774056 Gflops/s) - 707 (777354 Gflops/s) - 706 (776255 Gflops/s) - 690 (758663 Gflops/s) | Temperatures: 68°C - 68°C - 75°C - 73°C - 68°C - 69°C - 75°C - 74°C | Throttling: None - None - None - None - None - None - None - None
700 (769658 Gflops/s) - 711 (781752 Gflops/s) - 701 (770757 Gflops/s) - 695 (764160 Gflops/s) - 703 (772956 Gflops/s) - 694 (763061 Gflops/s) - 706 (776255 Gflops/s) - 690 (758663 Gflops/s) | Temperatures: 68°C - 68°C - 76°C - 73°C - 68°C - 69°C - 75°C - 74°C | Throttling: None - None - None - None - None - None - None - None
699 (768558 Gflops/s) - 709 (779553 Gflops/s) - 700 (769658 Gflops/s) - 696 (765260 Gflops/s) - 702 (771857 Gflops/s) - 700 (769658 Gflops/s) - 706 (776255 Gflops/s) - 688 (756463 Gflops/s) | Temperatures: 68°C - 68°C - 76°C - 73°C - 68°C - 70°C - 75°C - 74°C | Throttling: None - None - None - None - None - None - None - None
700 (769658 Gflops/s) - 710 (780653 Gflops/s) - 700 (769658 Gflops/s) - 696 (765260 Gflops/s) - 703 (772956 Gflops/s) - 701 (770757 Gflops/s) - 706 (776255 Gflops/s) - 690 (758663 Gflops/s) | Temperatures: 68°C - 68°C - 76°C - 73°C - 68°C - 70°C - 75°C - 74°C | Throttling: None - None - None - None - None - None - None - None
700 (769658 Gflops/s) - 709 (779553 Gflops/s) - 700 (769658 Gflops/s) - 696 (765260 Gflops/s) - 702 (771857 Gflops/s) - 700 (769658 Gflops/s) - 705 (775155 Gflops/s) - 690 (758663 Gflops/s) | Temperatures: 68°C - 69°C - 76°C - 73°C - 68°C - 70°C - 75°C - 74°C | Throttling: None - None - None - None - None - None - None - None
700 (769658 Gflops/s) - 710 (780653 Gflops/s) - 700 (769658 Gflops/s) - 696 (765260 Gflops/s) - 703 (772956 Gflops/s) - 701 (770757 Gflops/s) - 705 (775155 Gflops/s) - 688 (756463 Gflops/s) | Temperatures: 69°C - 69°C - 76°C - 73°C - 68°C - 70°C - 76°C - 74°C | Throttling: None - None - None - None - None - None - None - None
700 (769658 Gflops/s) - 709 (779553 Gflops/s) - 700 (769658 Gflops/s) - 695 (764160 Gflops/s) - 702 (771857 Gflops/s) - 701 (770757 Gflops/s) - 704 (774056 Gflops/s) - 689 (757563 Gflops/s) | Temperatures: 68°C - 69°C - 76°C - 73°C - 68°C - 70°C - 76°C - 74°C | Throttling: None - None - None - None - None - None - None - None
699 (768558 Gflops/s) - 710 (780653 Gflops/s) - 700 (769658 Gflops/s) - 695 (764160 Gflops/s) - 702 (771857 Gflops/s) - 700 (769658 Gflops/s) - 705 (775155 Gflops/s) - 689 (757563 Gflops/s) | Temperatures: 69°C - 69°C - 76°C - 74°C - 69°C - 70°C - 76°C - 75°C | Throttling: None - None - None - None - None - None - None - None
699 (768558 Gflops/s) - 710 (780653 Gflops/s) - 700 (769658 Gflops/s) - 695 (764160 Gflops/s) - 703 (772956 Gflops/s) - 700 (769658 Gflops/s) - 704 (774056 Gflops/s) - 688 (756463 Gflops/s) | Temperatures: 69°C - 69°C - 77°C - 74°C - 69°C - 70°C - 76°C - 74°C | Throttling: None - None - None - None - None - None - None - None
700 (769658 Gflops/s) - 708 (778454 Gflops/s) - 699 (768558 Gflops/s) - 695 (764160 Gflops/s) - 701 (770757 Gflops/s) - 700 (769658 Gflops/s) - 704 (774056 Gflops/s) - 689 (757563 Gflops/s) | Temperatures: 69°C - 69°C - 77°C - 74°C - 69°C - 70°C - 76°C - 75°C | Throttling: None - None - None - None - None - None - None - None
700 (769658 Gflops/s) - 708 (778454 Gflops/s) - 698 (767459 Gflops/s) - 695 (764160 Gflops/s) - 701 (770757 Gflops/s) - 699 (768558 Gflops/s) - 703 (772956 Gflops/s) - 690 (758663 Gflops/s) | Temperatures: 69°C - 69°C - 77°C - 74°C - 69°C - 70°C - 76°C - 75°C | Throttling: None - None - None - None - None - None - None - None
699 (768558 Gflops/s) - 709 (779553 Gflops/s) - 698 (767459 Gflops/s) - 695 (764160 Gflops/s) - 703 (772956 Gflops/s) - 700 (769658 Gflops/s) - 705 (775155 Gflops/s) - 690 (758663 Gflops/s) | Temperatures: 69°C - 69°C - 77°C - 74°C - 69°C - 70°C - 76°C - 75°C | Throttling: None - None - None - None - None - None - None - None
699 (768558 Gflops/s) - 708 (778454 Gflops/s) - 698 (767459 Gflops/s) - 696 (765260 Gflops/s) - 702 (771857 Gflops/s) - 700 (769658 Gflops/s) - 705 (775155 Gflops/s) - 689 (757563 Gflops/s) | Temperatures: 69°C - 69°C - 77°C - 74°C - 69°C - 70°C - 76°C - 75°C | Throttling: None - None - None - None - None - None - None - None
711 (781752 Gflops/s) - 708 (778454 Gflops/s) - 699 (768558 Gflops/s) - 695 (764160 Gflops/s) - 701 (770757 Gflops/s) - 700 (769658 Gflops/s) - 705 (775155 Gflops/s) - 690 (758663 Gflops/s) | Temperatures: 69°C - 69°C - 77°C - 74°C - 69°C - 70°C - 76°C - 75°C | Throttling: None - None - None - None - None - None - None - None
689 (757563 Gflops/s) - 710 (780653 Gflops/s) - 698 (767459 Gflops/s) - 695 (764160 Gflops/s) - 703 (772956 Gflops/s) - 699 (768558 Gflops/s) - 705 (775155 Gflops/s) - 695 (764160 Gflops/s) | Temperatures: 69°C - 69°C - 77°C - 74°C - 69°C - 70°C - 76°C - 75°C | Throttling: None - None - None - None - None - None - None - None
699 (768558 Gflops/s) - 708 (778454 Gflops/s) - 698 (767459 Gflops/s) - 695 (764160 Gflops/s) - 702 (771857 Gflops/s) - 701 (770757 Gflops/s) - 705 (775155 Gflops/s) - 684 (752065 Gflops/s) | Temperatures: 68°C - 69°C - 77°C - 74°C - 69°C - 70°C - 76°C - 75°C | Throttling: None - None - None - None - None - None - None - None
700 (769658 Gflops/s) - 707 (777354 Gflops/s) - 698 (767459 Gflops/s) - 695 (764160 Gflops/s) - 702 (771857 Gflops/s) - 699 (768558 Gflops/s) - 705 (775155 Gflops/s) - 690 (758663 Gflops/s) | Temperatures: 68°C - 69°C - 77°C - 74°C - 69°C - 70°C - 76°C - 75°C | Throttling: None - None - None - None - None - None - None - None
699 (768558 Gflops/s) - 708 (778454 Gflops/s) - 697 (766359 Gflops/s) - 694 (763061 Gflops/s) - 701 (770757 Gflops/s) - 700 (769658 Gflops/s) - 704 (774056 Gflops/s) - 689 (757563 Gflops/s) | Temperatures: 68°C - 68°C - 77°C - 74°C - 68°C - 70°C - 76°C - 75°C | Throttling: None - None - None - None - None - None - None - None
700 (769658 Gflops/s) - 709 (779553 Gflops/s) - 699 (768558 Gflops/s) - 694 (763061 Gflops/s) - 702 (771857 Gflops/s) - 700 (769658 Gflops/s) - 705 (775155 Gflops/s) - 689 (757563 Gflops/s) | Temperatures: 68°C - 69°C - 77°C - 74°C - 68°C - 70°C - 76°C - 75°C | Throttling: None - None - None - None - None - None - None - None
700 (769658 Gflops/s) - 709 (779553 Gflops/s) - 698 (767459 Gflops/s) - 695 (764160 Gflops/s) - 702 (771857 Gflops/s) - 700 (769658 Gflops/s) - 705 (775155 Gflops/s) - 689 (757563 Gflops/s) | Temperatures: 68°C - 69°C - 77°C - 74°C - 68°C - 70°C - 76°C - 75°C | Throttling: None - None - None - None - None - None - None - None
700 (769658 Gflops/s) - 709 (779553 Gflops/s) - 697 (766359 Gflops/s) - 694 (763061 Gflops/s) - 701 (770757 Gflops/s) - 700 (769658 Gflops/s) - 704 (774056 Gflops/s) - 690 (758663 Gflops/s) | Temperatures: 68°C - 69°C - 77°C - 74°C - 68°C - 70°C - 76°C - 75°C | Throttling: None - None - None - None - None - None - None - None
700 (769658 Gflops/s) - 709 (779553 Gflops/s) - 699 (768558 Gflops/s) - 695 (764160 Gflops/s) - 702 (771857 Gflops/s) - 700 (769658 Gflops/s) - 705 (775155 Gflops/s) - 689 (757563 Gflops/s) | Temperatures: 68°C - 69°C - 77°C - 74°C - 68°C - 70°C - 76°C - 75°C | Throttling: None - None - None - None - None - None - None - None
700 (769658 Gflops/s) - 709 (779553 Gflops/s) - 698 (767459 Gflops/s) - 695 (764160 Gflops/s) - 702 (771857 Gflops/s) - 699 (768558 Gflops/s) - 705 (775155 Gflops/s) - 689 (757563 Gflops/s) | Temperatures: 68°C - 69°C - 77°C - 74°C - 68°C - 70°C - 76°C - 75°C | Throttling: None - None - None - None - None - None - None - None
699 (768558 Gflops/s) - 709 (779553 Gflops/s) - 698 (767459 Gflops/s) - 694 (763061 Gflops/s) - 702 (771857 Gflops/s) - 701 (770757 Gflops/s) - 705 (775155 Gflops/s) - 690 (758663 Gflops/s) | Temperatures: 68°C - 69°C - 77°C - 74°C - 68°C - 70°C - 76°C - 75°C | Throttling: None - None - None - None - None - None - None - None
699 (768558 Gflops/s) - 708 (778454 Gflops/s) - 698 (767459 Gflops/s) - 694 (763061 Gflops/s) - 701 (770757 Gflops/s) - 698 (767459 Gflops/s) - 703 (772956 Gflops/s) - 688 (756463 Gflops/s) | Temperatures: 68°C - 69°C - 77°C - 74°C - 68°C - 70°C - 76°C - 75°C | Throttling: None - None - None - None - None - None - None - None
700 (769658 Gflops/s) - 708 (778454 Gflops/s) - 697 (766359 Gflops/s) - 695 (764160 Gflops/s) - 702 (771857 Gflops/s) - 700 (769658 Gflops/s) - 705 (775155 Gflops/s) - 689 (757563 Gflops/s) | Temperatures: 68°C - 69°C - 77°C - 74°C - 68°C - 70°C - 76°C - 75°C | Throttling: None - None - None - None - None - None - None - None
699 (768558 Gflops/s) - 709 (779553 Gflops/s) - 698 (767459 Gflops/s) - 695 (764160 Gflops/s) - 702 (771857 Gflops/s) - 701 (770757 Gflops/s) - 704 (774056 Gflops/s) - 689 (757563 Gflops/s) | Temperatures: 68°C - 69°C - 77°C - 74°C - 68°C - 70°C - 76°C - 75°C | Throttling: None - None - None - None - None - None - None - None
701 (770757 Gflops/s) - 710 (780653 Gflops/s) - 698 (767459 Gflops/s) - 695 (764160 Gflops/s) - 713 (783951 Gflops/s) - 699 (768558 Gflops/s) - 705 (775155 Gflops/s) - 689 (757563 Gflops/s) | Temperatures: 68°C - 69°C - 77°C - 74°C - 68°C - 70°C - 76°C - 75°C | Throttling: None - None - None - None - None - None - None - None
700 (769658 Gflops/s) - 709 (779553 Gflops/s) - 698 (767459 Gflops/s) - 694 (763061 Gflops/s) - 691 (759762 Gflops/s) - 701 (770757 Gflops/s) - 705 (775155 Gflops/s) - 690 (758663 Gflops/s) | Temperatures: 68°C - 68°C - 77°C - 74°C - 68°C - 69°C - 76°C - 75°C | Throttling: None - None - None - None - None - None - None - None
700 (769658 Gflops/s) - 708 (778454 Gflops/s) - 698 (767459 Gflops/s) - 695 (764160 Gflops/s) - 701 (770757 Gflops/s) - 700 (769658 Gflops/s) - 704 (774056 Gflops/s) - 689 (757563 Gflops/s) | Temperatures: 68°C - 68°C - 77°C - 74°C - 68°C - 70°C - 76°C - 75°C | Throttling: None - None - None - None - None - None - None - None
700 (769658 Gflops/s) - 709 (779553 Gflops/s) - 697 (766359 Gflops/s) - 694 (763061 Gflops/s) - 702 (771857 Gflops/s) - 700 (769658 Gflops/s) - 704 (774056 Gflops/s) - 688 (756463 Gflops/s) | Temperatures: 68°C - 68°C - 77°C - 74°C - 68°C - 70°C - 76°C - 75°C | Throttling: None - None - None - None - None - None - None - None
700 (769658 Gflops/s) - 708 (778454 Gflops/s) - 697 (766359 Gflops/s) - 694 (763061 Gflops/s) - 701 (770757 Gflops/s) - 699 (768558 Gflops/s) - 704 (774056 Gflops/s) - 689 (757563 Gflops/s) | Temperatures: 68°C - 68°C - 77°C - 74°C - 68°C - 70°C - 76°C - 75°C | Throttling: None - None - None - None - None - None - None - None
699 (768558 Gflops/s) - 714 (785051 Gflops/s) - 698 (767459 Gflops/s) - 711 (781752 Gflops/s) - 702 (771857 Gflops/s) - 701 (770757 Gflops/s) - 704 (774056 Gflops/s) - 690 (758663 Gflops/s) | Temperatures: 68°C - 68°C - 77°C - 74°C - 68°C - 69°C - 76°C - 75°C | Throttling: None - None - None - None - None - None - None - None
700 (769658 Gflops/s) - 703 (772956 Gflops/s) - 698 (767459 Gflops/s) - 677 (744369 Gflops/s) - 702 (771857 Gflops/s) - 699 (768558 Gflops/s) - 704 (774056 Gflops/s) - 689 (757563 Gflops/s) | Temperatures: 68°C - 68°C - 77°C - 74°C - 68°C - 69°C - 76°C - 75°C | Throttling: None - None - None - None - None - None - None - None
699 (768558 Gflops/s) - 708 (778454 Gflops/s) - 698 (767459 Gflops/s) - 695 (764160 Gflops/s) - 702 (771857 Gflops/s) - 700 (769658 Gflops/s) - 704 (774056 Gflops/s) - 689 (757563 Gflops/s) | Temperatures: 68°C - 68°C - 77°C - 74°C - 68°C - 69°C - 76°C - 75°C | Throttling: None - None - None - None - None - None - None - None
701 (770757 Gflops/s) - 710 (780653 Gflops/s) - 699 (768558 Gflops/s) - 694 (763061 Gflops/s) - 702 (771857 Gflops/s) - 700 (769658 Gflops/s) - 705 (775155 Gflops/s) - 700 (769658 Gflops/s) | Temperatures: 68°C - 68°C - 77°C - 73°C - 68°C - 69°C - 76°C - 75°C | Throttling: None - None - None - None - None - None - None - None
700 (769658 Gflops/s) - 711 (781752 Gflops/s) - 698 (767459 Gflops/s) - 695 (764160 Gflops/s) - 702 (771857 Gflops/s) - 701 (770757 Gflops/s) - 704 (774056 Gflops/s) - 679 (746568 Gflops/s) | Temperatures: 68°C - 68°C - 77°C - 73°C - 68°C - 69°C - 76°C - 74°C | Throttling: None - None - None - None - None - None - None - None
700 (769658 Gflops/s) - 709 (779553 Gflops/s) - 698 (767459 Gflops/s) - 695 (764160 Gflops/s) - 701 (770757 Gflops/s) - 714 (785051 Gflops/s) - 704 (774056 Gflops/s) - 689 (757563 Gflops/s) | Temperatures: 67°C - 68°C - 77°C - 73°C - 68°C - 69°C - 76°C - 74°C | Throttling: None - None - None - None - None - None - None - None
699 (768558 Gflops/s) - 710 (780653 Gflops/s) - 699 (768558 Gflops/s) - 695 (764160 Gflops/s) - 702 (771857 Gflops/s) - 687 (755364 Gflops/s) - 704 (774056 Gflops/s) - 688 (756463 Gflops/s) | Temperatures: 67°C - 68°C - 77°C - 73°C - 68°C - 69°C - 76°C - 74°C | Throttling: None - None - None - None - None - None - None - None
700 (769658 Gflops/s) - 711 (781752 Gflops/s) - 697 (766359 Gflops/s) - 694 (763061 Gflops/s) - 703 (772956 Gflops/s) - 701 (770757 Gflops/s) - 704 (774056 Gflops/s) - 688 (756463 Gflops/s) | Temperatures: 67°C - 68°C - 77°C - 73°C - 68°C - 69°C - 76°C - 74°C | Throttling: None - None - None - None - None - None - None - None
701 (770757 Gflops/s) - 710 (780653 Gflops/s) - 699 (768558 Gflops/s) - 695 (764160 Gflops/s) - 703 (772956 Gflops/s) - 699 (768558 Gflops/s) - 704 (774056 Gflops/s) - 690 (758663 Gflops/s) | Temperatures: 67°C - 68°C - 77°C - 73°C - 67°C - 69°C - 76°C - 74°C | Throttling: None - None - None - None - None - None - None - None
700 (769658 Gflops/s) - 710 (780653 Gflops/s) - 699 (768558 Gflops/s) - 696 (765260 Gflops/s) - 702 (771857 Gflops/s) - 701 (770757 Gflops/s) - 705 (775155 Gflops/s) - 690 (758663 Gflops/s) | Temperatures: 67°C - 67°C - 76°C - 73°C - 67°C - 69°C - 76°C - 74°C | Throttling: None - None - None - None - None - None - None - None
701 (770757 Gflops/s) - 710 (780653 Gflops/s) - 697 (766359 Gflops/s) - 695 (764160 Gflops/s) - 703 (772956 Gflops/s) - 700 (769658 Gflops/s) - 713 (783951 Gflops/s) - 689 (757563 Gflops/s) | Temperatures: 67°C - 68°C - 76°C - 73°C - 67°C - 69°C - 76°C - 74°C | Throttling: None - None - None - None - None - None - None - None
700 (769658 Gflops/s) - 710 (780653 Gflops/s) - 698 (767459 Gflops/s) - 695 (764160 Gflops/s) - 703 (772956 Gflops/s) - 701 (770757 Gflops/s) - 696 (765260 Gflops/s) - 689 (757563 Gflops/s) | Temperatures: 67°C - 68°C - 76°C - 73°C - 67°C - 69°C - 76°C - 74°C | Throttling: None - None - None - None - None - None - None - None
700 (769658 Gflops/s) - 710 (780653 Gflops/s) - 699 (768558 Gflops/s) - 694 (763061 Gflops/s) - 702 (771857 Gflops/s) - 701 (770757 Gflops/s) - 704 (774056 Gflops/s) - 690 (758663 Gflops/s) | Temperatures: 67°C - 68°C - 76°C - 73°C - 67°C - 69°C - 76°C - 74°C | Throttling: None - None - None - None - None - None - None - None
700 (769658 Gflops/s) - 711 (781752 Gflops/s) - 697 (766359 Gflops/s) - 696 (765260 Gflops/s) - 702 (771857 Gflops/s) - 700 (769658 Gflops/s) - 705 (775155 Gflops/s) - 689 (757563 Gflops/s) | Temperatures: 67°C - 67°C - 76°C - 73°C - 67°C - 68°C - 76°C - 74°C | Throttling: None - None - None - None - None - None - None - None
699 (768558 Gflops/s) - 709 (779553 Gflops/s) - 698 (767459 Gflops/s) - 694 (763061 Gflops/s) - 702 (771857 Gflops/s) - 701 (770757 Gflops/s) - 703 (772956 Gflops/s) - 689 (757563 Gflops/s) | Temperatures: 67°C - 68°C - 76°C - 73°C - 67°C - 69°C - 76°C - 74°C | Throttling: None - None - None - None - None - None - None - None
700 (769658 Gflops/s) - 711 (781752 Gflops/s) - 697 (766359 Gflops/s) - 695 (764160 Gflops/s) - 704 (774056 Gflops/s) - 700 (769658 Gflops/s) - 705 (775155 Gflops/s) - 690 (758663 Gflops/s) | Temperatures: 67°C - 68°C - 76°C - 73°C - 67°C - 68°C - 76°C - 74°C | Throttling: None - None - None - None - None - None - None - None
700 (769658 Gflops/s) - 710 (780653 Gflops/s) - 699 (768558 Gflops/s) - 696 (765260 Gflops/s) - 703 (772956 Gflops/s) - 700 (769658 Gflops/s) - 705 (775155 Gflops/s) - 689 (757563 Gflops/s) | Temperatures: 67°C - 67°C - 76°C - 73°C - 67°C - 69°C - 75°C - 74°C | Throttling: None - None - None - None - None - None - None - None
701 (770757 Gflops/s) - 710 (780653 Gflops/s) - 698 (767459 Gflops/s) - 695 (764160 Gflops/s) - 703 (772956 Gflops/s) - 700 (769658 Gflops/s) - 704 (774056 Gflops/s) - 690 (758663 Gflops/s) | Temperatures: 67°C - 67°C - 76°C - 73°C - 67°C - 69°C - 75°C - 74°C | Throttling: None - None - None - None - None - None - None - None
700 (769658 Gflops/s) - 710 (780653 Gflops/s) - 699 (768558 Gflops/s) - 696 (765260 Gflops/s) - 703 (772956 Gflops/s) - 700 (769658 Gflops/s) - 705 (775155 Gflops/s) - 689 (757563 Gflops/s) | Temperatures: 67°C - 67°C - 76°C - 73°C - 67°C - 68°C - 75°C - 74°C | Throttling: None - None - None - None - None - None - None - None
700 (769658 Gflops/s) - 711 (781752 Gflops/s) - 699 (768558 Gflops/s) - 695 (764160 Gflops/s) - 702 (771857 Gflops/s) - 701 (770757 Gflops/s) - 705 (775155 Gflops/s) - 688 (756463 Gflops/s) | Temperatures: 67°C - 67°C - 76°C - 73°C - 67°C - 69°C - 75°C - 74°C | Throttling: None - None - None - None - None - None - None - None
700 (769658 Gflops/s) - 709 (779553 Gflops/s) - 698 (767459 Gflops/s) - 694 (763061 Gflops/s) - 703 (772956 Gflops/s) - 700 (769658 Gflops/s) - 703 (772956 Gflops/s) - 688 (756463 Gflops/s) | Temperatures: 67°C - 67°C - 76°C - 73°C - 67°C - 69°C - 75°C - 74°C | Throttling: None - None - None - None - None - None - None - None
701 (770757 Gflops/s) - 711 (781752 Gflops/s) - 699 (768558 Gflops/s) - 695 (764160 Gflops/s) - 703 (772956 Gflops/s) - 701 (770757 Gflops/s) - 705 (775155 Gflops/s) - 688 (756463 Gflops/s) | Temperatures: 67°C - 67°C - 76°C - 73°C - 67°C - 69°C - 75°C - 74°C | Throttling: None - None - None - None - None - None - None - None
701 (770757 Gflops/s) - 710 (780653 Gflops/s) - 699 (768558 Gflops/s) - 695 (764160 Gflops/s) - 703 (772956 Gflops/s) - 700 (769658 Gflops/s) - 705 (775155 Gflops/s) - 687 (755364 Gflops/s) | Temperatures: 67°C - 67°C - 76°C - 73°C - 67°C - 69°C - 75°C - 74°C | Throttling: None - None - None - None - None - None - None - None
700 (769658 Gflops/s) - 711 (781752 Gflops/s) - 698 (767459 Gflops/s) - 696 (765260 Gflops/s) - 703 (772956 Gflops/s) - 701 (770757 Gflops/s) - 704 (774056 Gflops/s) - 688 (756463 Gflops/s) | Temperatures: 67°C - 67°C - 76°C - 73°C - 67°C - 68°C - 75°C - 74°C | Throttling: None - None - None - None - None - None - None - None
700 (769658 Gflops/s) - 710 (780653 Gflops/s) - 698 (767459 Gflops/s) - 695 (764160 Gflops/s) - 703 (772956 Gflops/s) - 700 (769658 Gflops/s) - 705 (775155 Gflops/s) - 688 (756463 Gflops/s) | Temperatures: 67°C - 67°C - 76°C - 73°C - 67°C - 68°C - 75°C - 74°C | Throttling: None - None - None - None - None - None - None - None
701 (770757 Gflops/s) - 712 (782852 Gflops/s) - 698 (767459 Gflops/s) - 695 (764160 Gflops/s) - 702 (771857 Gflops/s) - 701 (770757 Gflops/s) - 705 (775155 Gflops/s) - 688 (756463 Gflops/s) | Temperatures: 67°C - 67°C - 76°C - 73°C - 67°C - 68°C - 75°C - 74°C | Throttling: None - None - None - None - None - None - None - None
700 (769658 Gflops/s) - 711 (781752 Gflops/s) - 698 (767459 Gflops/s) - 695 (764160 Gflops/s) - 703 (772956 Gflops/s) - 701 (770757 Gflops/s) - 704 (774056 Gflops/s) - 689 (757563 Gflops/s) | Temperatures: 67°C - 67°C - 76°C - 73°C - 67°C - 68°C - 75°C - 74°C | Throttling: None - None - None - None - None - None - None - None
700 (769658 Gflops/s) - 711 (781752 Gflops/s) - 699 (768558 Gflops/s) - 695 (764160 Gflops/s) - 703 (772956 Gflops/s) - 701 (770757 Gflops/s) - 705 (775155 Gflops/s) - 688 (756463 Gflops/s) | Temperatures: 67°C - 67°C - 76°C - 73°C - 67°C - 68°C - 75°C - 74°C | Throttling: None - None - None - None - None - None - None - None
700 (769658 Gflops/s) - 710 (780653 Gflops/s) - 697 (766359 Gflops/s) - 695 (764160 Gflops/s) - 703 (772956 Gflops/s) - 700 (769658 Gflops/s) - 704 (774056 Gflops/s) - 687 (755364 Gflops/s) | Temperatures: 67°C - 67°C - 76°C - 73°C - 67°C - 68°C - 75°C - 74°C | Throttling: None - None - None - None - None - None - None - None
700 (769658 Gflops/s) - 711 (781752 Gflops/s) - 699 (768558 Gflops/s) - 695 (764160 Gflops/s) - 703 (772956 Gflops/s) - 702 (771857 Gflops/s) - 706 (776255 Gflops/s) - 689 (757563 Gflops/s) | Temperatures: 67°C - 67°C - 76°C - 73°C - 67°C - 68°C - 75°C - 74°C | Throttling: None - None - None - None - None - None - None - None
702 (771857 Gflops/s) - 711 (781752 Gflops/s) - 698 (767459 Gflops/s) - 695 (764160 Gflops/s) - 702 (771857 Gflops/s) - 700 (769658 Gflops/s) - 704 (774056 Gflops/s) - 687 (755364 Gflops/s) | Temperatures: 67°C - 67°C - 76°C - 73°C - 67°C - 68°C - 75°C - 74°C | Throttling: None - None - None - None - None - None - None - None
698 (767459 Gflops/s) - 711 (781752 Gflops/s) - 698 (767459 Gflops/s) - 695 (764160 Gflops/s) - 703 (772956 Gflops/s) - 701 (770757 Gflops/s) - 704 (774056 Gflops/s) - 689 (757563 Gflops/s) | Temperatures: 67°C - 67°C - 76°C - 73°C - 67°C - 68°C - 75°C - 74°C | Throttling: None - None - None - None - None - None - None - None
699 (768558 Gflops/s) - 711 (781752 Gflops/s) - 700 (769658 Gflops/s) - 695 (764160 Gflops/s) - 703 (772956 Gflops/s) - 700 (769658 Gflops/s) - 705 (775155 Gflops/s) - 688 (756463 Gflops/s) | Temperatures: 67°C - 67°C - 76°C - 73°C - 67°C - 68°C - 75°C - 74°C | Throttling: None - None - None - None - None - None - None - None
701 (770757 Gflops/s) - 711 (781752 Gflops/s) - 699 (768558 Gflops/s) - 695 (764160 Gflops/s) - 703 (772956 Gflops/s) - 701 (770757 Gflops/s) - 705 (775155 Gflops/s) - 689 (757563 Gflops/s) | Temperatures: 67°C - 67°C - 76°C - 73°C - 67°C - 68°C - 75°C - 74°C | Throttling: None - None - None - None - None - None - None - None
702 (771857 Gflops/s) - 712 (782852 Gflops/s) - 698 (767459 Gflops/s) - 705 (775155 Gflops/s) - 703 (772956 Gflops/s) - 702 (771857 Gflops/s) - 705 (775155 Gflops/s) - 689 (757563 Gflops/s) | Temperatures: 67°C - 67°C - 76°C - 73°C - 67°C - 68°C - 75°C - 74°C | Throttling: None - None - None - None - None - None - None - None
700 (769658 Gflops/s) - 711 (781752 Gflops/s) - 698 (767459 Gflops/s) - 686 (754264 Gflops/s) - 703 (772956 Gflops/s) - 701 (770757 Gflops/s) - 704 (774056 Gflops/s) - 688 (756463 Gflops/s) | Temperatures: 67°C - 67°C - 76°C - 73°C - 67°C - 68°C - 75°C - 74°C | Throttling: None - None - None - None - None - None - None - None
700 (769658 Gflops/s) - 711 (781752 Gflops/s) - 698 (767459 Gflops/s) - 696 (765260 Gflops/s) - 704 (774056 Gflops/s) - 702 (771857 Gflops/s) - 705 (775155 Gflops/s) - 689 (757563 Gflops/s) | Temperatures: 67°C - 67°C - 76°C - 73°C - 67°C - 68°C - 75°C - 74°C | Throttling: None - None - None - None - None - None - None - None
700 (769658 Gflops/s) - 711 (781752 Gflops/s) - 698 (767459 Gflops/s) - 695 (764160 Gflops/s) - 702 (771857 Gflops/s) - 700 (769658 Gflops/s) - 704 (774056 Gflops/s) - 686 (754264 Gflops/s) | Temperatures: 67°C - 67°C - 76°C - 73°C - 67°C - 68°C - 75°C - 74°C | Throttling: None - None - None - None - None - None - None - None
700 (769658 Gflops/s) - 712 (782852 Gflops/s) - 699 (768558 Gflops/s) - 695 (764160 Gflops/s) - 703 (772956 Gflops/s) - 701 (770757 Gflops/s) - 705 (775155 Gflops/s) - 688 (756463 Gflops/s) | Temperatures: 67°C - 67°C - 76°C - 73°C - 67°C - 68°C - 75°C - 74°C | Throttling: None - None - None - None - None - None - None - None
700 (769658 Gflops/s) - 711 (781752 Gflops/s) - 698 (767459 Gflops/s) - 695 (764160 Gflops/s) - 703 (772956 Gflops/s) - 701 (770757 Gflops/s) - 705 (775155 Gflops/s) - 689 (757563 Gflops/s) | Temperatures: 67°C - 67°C - 76°C - 73°C - 67°C - 68°C - 75°C - 74°C | Throttling: None - None - None - None - None - None - None - None
700 (769658 Gflops/s) - 712 (782852 Gflops/s) - 700 (769658 Gflops/s) - 695 (764160 Gflops/s) - 703 (772956 Gflops/s) - 701 (770757 Gflops/s) - 704 (774056 Gflops/s) - 688 (756463 Gflops/s) | Temperatures: 67°C - 67°C - 76°C - 73°C - 67°C - 68°C - 75°C - 74°C | Throttling: None - None - None - None - None - None - None - None
701 (770757 Gflops/s) - 711 (781752 Gflops/s) - 698 (767459 Gflops/s) - 696 (765260 Gflops/s) - 702 (771857 Gflops/s) - 701 (770757 Gflops/s) - 704 (774056 Gflops/s) - 687 (755364 Gflops/s) | Temperatures: 67°C - 67°C - 76°C - 73°C - 67°C - 68°C - 75°C - 73°C | Throttling: None - None - None - None - None - None - None - None
700 (769658 Gflops/s) - 710 (780653 Gflops/s) - 699 (768558 Gflops/s) - 696 (765260 Gflops/s) - 704 (774056 Gflops/s) - 701 (770757 Gflops/s) - 703 (772956 Gflops/s) - 688 (756463 Gflops/s) | Temperatures: 67°C - 67°C - 76°C - 73°C - 67°C - 68°C - 75°C - 74°C | Throttling: None - None - None - None - None - None - None - None
700 (769658 Gflops/s) - 712 (782852 Gflops/s) - 700 (769658 Gflops/s) - 695 (764160 Gflops/s) - 703 (772956 Gflops/s) - 701 (770757 Gflops/s) - 703 (772956 Gflops/s) - 689 (757563 Gflops/s) | Temperatures: 67°C - 67°C - 76°C - 72°C - 67°C - 68°C - 75°C - 73°C | Throttling: None - None - None - None - None - None - None - None
700 (769658 Gflops/s) - 710 (780653 Gflops/s) - 698 (767459 Gflops/s) - 696 (765260 Gflops/s) - 703 (772956 Gflops/s) - 700 (769658 Gflops/s) - 704 (774056 Gflops/s) - 688 (756463 Gflops/s) | Temperatures: 67°C - 67°C - 76°C - 72°C - 67°C - 68°C - 75°C - 73°C | Throttling: None - None - None - None - None - None - None - None
700 (769658 Gflops/s) - 711 (781752 Gflops/s) - 698 (767459 Gflops/s) - 695 (764160 Gflops/s) - 702 (771857 Gflops/s) - 701 (770757 Gflops/s) - 702 (771857 Gflops/s) - 687 (755364 Gflops/s) | Temperatures: 67°C - 67°C - 76°C - 72°C - 67°C - 68°C - 75°C - 73°C | Throttling: None - None - None - None - None - None - None - None
700 (769658 Gflops/s) - 710 (780653 Gflops/s) - 699 (768558 Gflops/s) - 696 (765260 Gflops/s) - 703 (772956 Gflops/s) - 702 (771857 Gflops/s) - 704 (774056 Gflops/s) - 688 (756463 Gflops/s) | Temperatures: 67°C - 67°C - 76°C - 73°C - 67°C - 68°C - 75°C - 74°C | Throttling: None - None - None - None - None - None - None - None
701 (770757 Gflops/s) - 711 (781752 Gflops/s) - 699 (768558 Gflops/s) - 695 (764160 Gflops/s) - 703 (772956 Gflops/s) - 701 (770757 Gflops/s) - 704 (774056 Gflops/s) - 688 (756463 Gflops/s) | Temperatures: 67°C - 67°C - 76°C - 73°C - 67°C - 68°C - 75°C - 73°C | Throttling: None - None - None - None - None - None - None - None
700 (769658 Gflops/s) - 712 (782852 Gflops/s) - 698 (767459 Gflops/s) - 696 (765260 Gflops/s) - 703 (772956 Gflops/s) - 702 (771857 Gflops/s) - 703 (772956 Gflops/s) - 688 (756463 Gflops/s) | Temperatures: 67°C - 67°C - 76°C - 72°C - 67°C - 68°C - 75°C - 73°C | Throttling: None - None - None - None - None - None - None - None
701 (770757 Gflops/s) - 711 (781752 Gflops/s) - 699 (768558 Gflops/s) - 696 (765260 Gflops/s) - 704 (774056 Gflops/s) - 700 (769658 Gflops/s) - 703 (772956 Gflops/s) - 689 (757563 Gflops/s) | Temperatures: 67°C - 67°C - 76°C - 72°C - 67°C - 68°C - 75°C - 73°C | Throttling: None - None - None - None - None - None - None - None
700 (769658 Gflops/s) - 711 (781752 Gflops/s) - 699 (768558 Gflops/s) - 695 (764160 Gflops/s) - 703 (772956 Gflops/s) - 701 (770757 Gflops/s) - 704 (774056 Gflops/s) - 688 (756463 Gflops/s) | Temperatures: 67°C - 67°C - 75°C - 72°C - 67°C - 68°C - 75°C - 73°C | Throttling: None - None - None - None - None - None - None - None
701 (770757 Gflops/s) - 711 (781752 Gflops/s) - 699 (768558 Gflops/s) - 696 (765260 Gflops/s) - 703 (772956 Gflops/s) - 702 (771857 Gflops/s) - 704 (774056 Gflops/s) - 688 (756463 Gflops/s) | Temperatures: 67°C - 67°C - 76°C - 73°C - 67°C - 68°C - 75°C - 74°C | Throttling: None - None - None - None - None - None - None - None
700 (769658 Gflops/s) - 711 (781752 Gflops/s) - 699 (768558 Gflops/s) - 695 (764160 Gflops/s) - 702 (771857 Gflops/s) - 700 (769658 Gflops/s) - 703 (772956 Gflops/s) - 688 (756463 Gflops/s) | Temperatures: 66°C - 67°C - 76°C - 72°C - 67°C - 68°C - 75°C - 73°C | Throttling: None - None - None - None - None - None - None - None
700 (769658 Gflops/s) - 711 (781752 Gflops/s) - 699 (768558 Gflops/s) - 695 (764160 Gflops/s) - 703 (772956 Gflops/s) - 701 (770757 Gflops/s) - 703 (772956 Gflops/s) - 686 (754264 Gflops/s) | Temperatures: 66°C - 67°C - 76°C - 72°C - 67°C - 68°C - 75°C - 73°C | Throttling: None - None - None - None - None - None - None - None
701 (770757 Gflops/s) - 712 (782852 Gflops/s) - 699 (768558 Gflops/s) - 696 (765260 Gflops/s) - 703 (772956 Gflops/s) - 702 (771857 Gflops/s) - 703 (772956 Gflops/s) - 688 (756463 Gflops/s) | Temperatures: 66°C - 67°C - 76°C - 72°C - 67°C - 68°C - 75°C - 73°C | Throttling: None - None - None - None - None - None - None - None
701 (770757 Gflops/s) - 711 (781752 Gflops/s) - 698 (767459 Gflops/s) - 695 (764160 Gflops/s) - 703 (772956 Gflops/s) - 700 (769658 Gflops/s) - 703 (772956 Gflops/s) - 688 (756463 Gflops/s) | Temperatures: 67°C - 67°C - 76°C - 72°C - 67°C - 68°C - 75°C - 73°C | Throttling: None - None - None - None - None - None - None - None
700 (769658 Gflops/s) - 712 (782852 Gflops/s) - 698 (767459 Gflops/s) - 695 (764160 Gflops/s) - 703 (772956 Gflops/s) - 701 (770757 Gflops/s) - 703 (772956 Gflops/s) - 688 (756463 Gflops/s) | Temperatures: 66°C - 67°C - 76°C - 72°C - 67°C - 68°C - 75°C - 73°C | Throttling: None - None - None - None - None - None - None - None
701 (770757 Gflops/s) - 711 (781752 Gflops/s) - 698 (767459 Gflops/s) - 712 (782852 Gflops/s) - 703 (772956 Gflops/s) - 702 (771857 Gflops/s) - 704 (774056 Gflops/s) - 688 (756463 Gflops/s) | Temperatures: 66°C - 67°C - 76°C - 72°C - 67°C - 68°C - 75°C - 73°C | Throttling: None - None - None - None - None - None - None - None
701 (770757 Gflops/s) - 711 (781752 Gflops/s) - 700 (769658 Gflops/s) - 679 (746568 Gflops/s) - 703 (772956 Gflops/s) - 701 (770757 Gflops/s) - 703 (772956 Gflops/s) - 689 (757563 Gflops/s) | Temperatures: 67°C - 67°C - 76°C - 72°C - 67°C - 68°C - 75°C - 73°C | Throttling: None - None - None - None - None - None - None - None
700 (769658 Gflops/s) - 711 (781752 Gflops/s) - 698 (767459 Gflops/s) - 695 (764160 Gflops/s) - 702 (771857 Gflops/s) - 700 (769658 Gflops/s) - 703 (772956 Gflops/s) - 688 (756463 Gflops/s) | Temperatures: 67°C - 67°C - 76°C - 72°C - 67°C - 68°C - 75°C - 73°C | Throttling: None - None - None - None - None - None - None - None
701 (770757 Gflops/s) - 711 (781752 Gflops/s) - 699 (768558 Gflops/s) - 696 (765260 Gflops/s) - 703 (772956 Gflops/s) - 701 (770757 Gflops/s) - 703 (772956 Gflops/s) - 688 (756463 Gflops/s) | Temperatures: 66°C - 67°C - 75°C - 72°C - 67°C - 68°C - 75°C - 73°C | Throttling: None - None - None - None - None - None - None - None
700 (769658 Gflops/s) - 711 (781752 Gflops/s) - 698 (767459 Gflops/s) - 695 (764160 Gflops/s) - 703 (772956 Gflops/s) - 702 (771857 Gflops/s) - 703 (772956 Gflops/s) - 688 (756463 Gflops/s) | Temperatures: 66°C - 67°C - 75°C - 72°C - 67°C - 68°C - 75°C - 73°C | Throttling: None - None - None - None - None - None - None - None
701 (770757 Gflops/s) - 712 (782852 Gflops/s) - 698 (767459 Gflops/s) - 695 (764160 Gflops/s) - 703 (772956 Gflops/s) - 701 (770757 Gflops/s) - 704 (774056 Gflops/s) - 689 (757563 Gflops/s) | Temperatures: 66°C - 67°C - 75°C - 72°C - 67°C - 68°C - 75°C - 73°C | Throttling: None - None - None - None - None - None - None - None
701 (770757 Gflops/s) - 711 (781752 Gflops/s) - 699 (768558 Gflops/s) - 696 (765260 Gflops/s) - 703 (772956 Gflops/s) - 702 (771857 Gflops/s) - 704 (774056 Gflops/s) - 689 (757563 Gflops/s) | Temperatures: 66°C - 67°C - 75°C - 72°C - 67°C - 68°C - 75°C - 73°C | Throttling: None - None - None - None - None - None - None - None
701 (770757 Gflops/s) - 712 (782852 Gflops/s) - 699 (768558 Gflops/s) - 695 (764160 Gflops/s) - 703 (772956 Gflops/s) - 701 (770757 Gflops/s) - 703 (772956 Gflops/s) - 689 (757563 Gflops/s) | Temperatures: 66°C - 67°C - 76°C - 72°C - 67°C - 68°C - 75°C - 73°C | Throttling: None - None - None - None - None - None - None - None
701 (770757 Gflops/s) - 711 (781752 Gflops/s) - 699 (768558 Gflops/s) - 695 (764160 Gflops/s) - 703 (772956 Gflops/s) - 701 (770757 Gflops/s) - 703 (772956 Gflops/s) - 692 (760862 Gflops/s) | Temperatures: 66°C - 67°C - 75°C - 72°C - 67°C - 68°C - 75°C - 73°C | Throttling: None - None - None - None - None - None - None - None
701 (770757 Gflops/s) - 711 (781752 Gflops/s) - 698 (767459 Gflops/s) - 695 (764160 Gflops/s) - 703 (772956 Gflops/s) - 701 (770757 Gflops/s) - 703 (772956 Gflops/s) - 683 (750966 Gflops/s) | Temperatures: 66°C - 67°C - 76°C - 72°C - 66°C - 68°C - 75°C - 73°C | Throttling: None - None - None - None - None - None - None - None
701 (770757 Gflops/s) - 711 (781752 Gflops/s) - 699 (768558 Gflops/s) - 696 (765260 Gflops/s) - 703 (772956 Gflops/s) - 701 (770757 Gflops/s) - 703 (772956 Gflops/s) - 688 (756463 Gflops/s) | Temperatures: 66°C - 67°C - 76°C - 72°C - 67°C - 68°C - 75°C - 73°C | Throttling: None - None - None - None - None - None - None - None
700 (769658 Gflops/s) - 711 (781752 Gflops/s) - 700 (769658 Gflops/s) - 694 (763061 Gflops/s) - 703 (772956 Gflops/s) - 702 (771857 Gflops/s) - 703 (772956 Gflops/s) - 688 (756463 Gflops/s) | Temperatures: 66°C - 67°C - 76°C - 72°C - 67°C - 68°C - 75°C - 73°C | Throttling: None - None - None - None - None - None - None - None
701 (770757 Gflops/s) - 711 (781752 Gflops/s) - 699 (768558 Gflops/s) - 696 (765260 Gflops/s) - 703 (772956 Gflops/s) - 701 (770757 Gflops/s) - 704 (774056 Gflops/s) - 689 (757563 Gflops/s) | Temperatures: 66°C - 67°C - 76°C - 72°C - 67°C - 68°C - 75°C - 73°C | Throttling: None - None - None - None - None - None - None - None
701 (770757 Gflops/s) - 711 (781752 Gflops/s) - 700 (769658 Gflops/s) - 695 (764160 Gflops/s) - 703 (772956 Gflops/s) - 702 (771857 Gflops/s) - 703 (772956 Gflops/s) - 688 (756463 Gflops/s) | Temperatures: 66°C - 67°C - 76°C - 72°C - 67°C - 68°C - 75°C - 73°C | Throttling: None - None - None - None - None - None - None - None
701 (770757 Gflops/s) - 711 (781752 Gflops/s) - 699 (768558 Gflops/s) - 695 (764160 Gflops/s) - 704 (774056 Gflops/s) - 701 (770757 Gflops/s) - 704 (774056 Gflops/s) - 687 (755364 Gflops/s) | Temperatures: 66°C - 67°C - 76°C - 72°C - 67°C - 68°C - 75°C - 73°C | Throttling: None - None - None - None - None - None - None - None
701 (770757 Gflops/s) - 711 (781752 Gflops/s) - 699 (768558 Gflops/s) - 696 (765260 Gflops/s) - 706 (776255 Gflops/s) - 702 (771857 Gflops/s) - 703 (772956 Gflops/s) - 689 (757563 Gflops/s) | Temperatures: 66°C - 67°C - 75°C - 72°C - 67°C - 68°C - 75°C - 73°C | Throttling: None - None - None - None - None - None - None - None
700 (769658 Gflops/s) - 711 (781752 Gflops/s) - 698 (767459 Gflops/s) - 695 (764160 Gflops/s) - 699 (768558 Gflops/s) - 700 (769658 Gflops/s) - 702 (771857 Gflops/s) - 688 (756463 Gflops/s) | Temperatures: 66°C - 67°C - 76°C - 72°C - 67°C - 68°C - 75°C - 73°C | Throttling: None - None - None - None - None - None - None - None
700 (769658 Gflops/s) - 709 (779553 Gflops/s) - 700 (769658 Gflops/s) - 695 (764160 Gflops/s) - 703 (772956 Gflops/s) - 701 (770757 Gflops/s) - 704 (774056 Gflops/s) - 689 (757563 Gflops/s) | Temperatures: 66°C - 67°C - 76°C - 72°C - 66°C - 68°C - 75°C - 73°C | Throttling: None - None - None - None - None - None - None - None
701 (770757 Gflops/s) - 711 (781752 Gflops/s) - 699 (768558 Gflops/s) - 696 (765260 Gflops/s) - 703 (772956 Gflops/s) - 702 (771857 Gflops/s) - 703 (772956 Gflops/s) - 688 (756463 Gflops/s) | Temperatures: 66°C - 67°C - 75°C - 72°C - 66°C - 68°C - 75°C - 73°C | Throttling: None - None - None - None - None - None - None - None
701 (770757 Gflops/s) - 711 (781752 Gflops/s) - 700 (769658 Gflops/s) - 696 (765260 Gflops/s) - 704 (774056 Gflops/s) - 701 (770757 Gflops/s) - 704 (774056 Gflops/s) - 690 (758663 Gflops/s) | Temperatures: 66°C - 67°C - 76°C - 72°C - 67°C - 68°C - 75°C - 73°C | Throttling: None - None - None - None - None - None - None - None
701 (770757 Gflops/s) - 712 (782852 Gflops/s) - 699 (768558 Gflops/s) - 696 (765260 Gflops/s) - 703 (772956 Gflops/s) - 702 (771857 Gflops/s) - 703 (772956 Gflops/s) - 688 (756463 Gflops/s) | Temperatures: 66°C - 67°C - 76°C - 72°C - 66°C - 68°C - 75°C - 73°C | Throttling: None - None - None - None - None - None - None - None
700 (769658 Gflops/s) - 711 (781752 Gflops/s) - 698 (767459 Gflops/s) - 696 (765260 Gflops/s) - 703 (772956 Gflops/s) - 701 (770757 Gflops/s) - 703 (772956 Gflops/s) - 688 (756463 Gflops/s) | Temperatures: 66°C - 67°C - 76°C - 72°C - 66°C - 68°C - 75°C - 73°C | Throttling: None - None - None - None - None - None - None - None
701 (770757 Gflops/s) - 712 (782852 Gflops/s) - 699 (768558 Gflops/s) - 695 (764160 Gflops/s) - 703 (772956 Gflops/s) - 701 (770757 Gflops/s) - 704 (774056 Gflops/s) - 689 (757563 Gflops/s) | Temperatures: 66°C - 67°C - 75°C - 72°C - 66°C - 68°C - 75°C - 73°C | Throttling: None - None - None - None - None - None - None - None
700 (769658 Gflops/s) - 710 (780653 Gflops/s) - 698 (767459 Gflops/s) - 694 (763061 Gflops/s) - 702 (771857 Gflops/s) - 701 (770757 Gflops/s) - 703 (772956 Gflops/s) - 687 (755364 Gflops/s) | Temperatures: 66°C - 67°C - 75°C - 72°C - 66°C - 68°C - 75°C - 73°C | Throttling: None - None - None - None - None - None - None - None
701 (770757 Gflops/s) - 711 (781752 Gflops/s) - 699 (768558 Gflops/s) - 696 (765260 Gflops/s) - 703 (772956 Gflops/s) - 701 (770757 Gflops/s) - 704 (774056 Gflops/s) - 689 (757563 Gflops/s) | Temperatures: 66°C - 67°C - 76°C - 72°C - 66°C - 68°C - 75°C - 73°C | Throttling: None - None - None - None - None - None - None - None
701 (770757 Gflops/s) - 711 (781752 Gflops/s) - 699 (768558 Gflops/s) - 695 (764160 Gflops/s) - 703 (772956 Gflops/s) - 701 (770757 Gflops/s) - 703 (772956 Gflops/s) - 689 (757563 Gflops/s) | Temperatures: 66°C - 67°C - 75°C - 72°C - 66°C - 68°C - 75°C - 73°C | Throttling: None - None - None - None - None - None - None - None
701 (770757 Gflops/s) - 712 (782852 Gflops/s) - 699 (768558 Gflops/s) - 696 (765260 Gflops/s) - 703 (772956 Gflops/s) - 701 (770757 Gflops/s) - 703 (772956 Gflops/s) - 688 (756463 Gflops/s) | Temperatures: 66°C - 67°C - 75°C - 72°C - 66°C - 68°C - 75°C - 73°C | Throttling: None - None - None - None - None - None - None - None
700 (769658 Gflops/s) - 711 (781752 Gflops/s) - 699 (768558 Gflops/s) - 695 (764160 Gflops/s) - 704 (774056 Gflops/s) - 701 (770757 Gflops/s) - 704 (774056 Gflops/s) - 688 (756463 Gflops/s) | Temperatures: 66°C - 67°C - 75°C - 72°C - 66°C - 68°C - 75°C - 73°C | Throttling: None - None - None - None - None - None - None - None
701 (770757 Gflops/s) - 712 (782852 Gflops/s) - 699 (768558 Gflops/s) - 696 (765260 Gflops/s) - 711 (781752 Gflops/s) - 701 (770757 Gflops/s) - 704 (774056 Gflops/s) - 688 (756463 Gflops/s) | Temperatures: 66°C - 67°C - 75°C - 72°C - 66°C - 68°C - 75°C - 73°C | Throttling: None - None - None - None - None - None - None - None
700 (769658 Gflops/s) - 710 (780653 Gflops/s) - 699 (768558 Gflops/s) - 695 (764160 Gflops/s) - 695 (764160 Gflops/s) - 701 (770757 Gflops/s) - 704 (774056 Gflops/s) - 688 (756463 Gflops/s) | Temperatures: 66°C - 67°C - 75°C - 72°C - 66°C - 68°C - 75°C - 73°C | Throttling: None - None - None - None - None - None - None - None
700 (769658 Gflops/s) - 711 (781752 Gflops/s) - 699 (768558 Gflops/s) - 695 (764160 Gflops/s) - 703 (772956 Gflops/s) - 701 (770757 Gflops/s) - 703 (772956 Gflops/s) - 689 (757563 Gflops/s) | Temperatures: 66°C - 67°C - 75°C - 72°C - 66°C - 68°C - 75°C - 73°C | Throttling: None - None - None - None - None - None - None - None
701 (770757 Gflops/s) - 712 (782852 Gflops/s) - 699 (768558 Gflops/s) - 695 (764160 Gflops/s) - 704 (774056 Gflops/s) - 701 (770757 Gflops/s) - 704 (774056 Gflops/s) - 688 (756463 Gflops/s) | Temperatures: 66°C - 67°C - 75°C - 72°C - 66°C - 68°C - 75°C - 73°C | Throttling: None - None - None - None - None - None - None - None
701 (770757 Gflops/s) - 711 (781752 Gflops/s) - 699 (768558 Gflops/s) - 696 (765260 Gflops/s) - 703 (772956 Gflops/s) - 702 (771857 Gflops/s) - 703 (772956 Gflops/s) - 689 (757563 Gflops/s) | Temperatures: 66°C - 66°C - 75°C - 72°C - 66°C - 68°C - 75°C - 73°C | Throttling: None - None - None - None - None - None - None - None
700 (769658 Gflops/s) - 711 (781752 Gflops/s) - 699 (768558 Gflops/s) - 696 (765260 Gflops/s) - 703 (772956 Gflops/s) - 701 (770757 Gflops/s) - 703 (772956 Gflops/s) - 689 (757563 Gflops/s) | Temperatures: 66°C - 67°C - 76°C - 72°C - 66°C - 68°C - 75°C - 73°C | Throttling: None - None - None - None - None - None - None - None
701 (770757 Gflops/s) - 712 (782852 Gflops/s) - 700 (769658 Gflops/s) - 696 (765260 Gflops/s) - 703 (772956 Gflops/s) - 701 (770757 Gflops/s) - 704 (774056 Gflops/s) - 689 (757563 Gflops/s) | Temperatures: 66°C - 67°C - 75°C - 72°C - 66°C - 68°C - 75°C - 73°C | Throttling: None - None - None - None - None - None - None - None
704 (774056 Gflops/s) - 711 (781752 Gflops/s) - 700 (769658 Gflops/s) - 695 (764160 Gflops/s) - 703 (772956 Gflops/s) - 701 (770757 Gflops/s) - 703 (772956 Gflops/s) - 689 (757563 Gflops/s) | Temperatures: 66°C - 67°C - 75°C - 72°C - 66°C - 68°C - 75°C - 73°C | Throttling: None - None - None - None - None - None - None - None
699 (768558 Gflops/s) - 712 (782852 Gflops/s) - 700 (769658 Gflops/s) - 696 (765260 Gflops/s) - 704 (774056 Gflops/s) - 702 (771857 Gflops/s) - 703 (772956 Gflops/s) - 688 (756463 Gflops/s) | Temperatures: 66°C - 67°C - 75°C - 72°C - 66°C - 68°C - 75°C - 73°C | Throttling: None - None - None - None - None - None - None - None
699 (768558 Gflops/s) - 711 (781752 Gflops/s) - 699 (768558 Gflops/s) - 695 (764160 Gflops/s) - 702 (771857 Gflops/s) - 699 (768558 Gflops/s) - 703 (772956 Gflops/s) - 687 (755364 Gflops/s) | Temperatures: 66°C - 67°C - 75°C - 72°C - 66°C - 68°C - 75°C - 73°C | Throttling: None - None - None - None - None - None - None - None
702 (771857 Gflops/s) - 712 (782852 Gflops/s) - 699 (768558 Gflops/s) - 695 (764160 Gflops/s) - 703 (772956 Gflops/s) - 702 (771857 Gflops/s) - 704 (774056 Gflops/s) - 689 (757563 Gflops/s) | Temperatures: 66°C - 67°C - 75°C - 72°C - 66°C - 68°C - 75°C - 73°C | Throttling: None - None - None - None - None - None - None - None
700 (769658 Gflops/s) - 712 (782852 Gflops/s) - 699 (768558 Gflops/s) - 697 (766359 Gflops/s) - 704 (774056 Gflops/s) - 702 (771857 Gflops/s) - 703 (772956 Gflops/s) - 690 (758663 Gflops/s) | Temperatures: 66°C - 67°C - 75°C - 72°C - 66°C - 68°C - 75°C - 73°C | Throttling: None - None - None - None - None - None - None - None
701 (770757 Gflops/s) - 711 (781752 Gflops/s) - 700 (769658 Gflops/s) - 695 (764160 Gflops/s) - 702 (771857 Gflops/s) - 701 (770757 Gflops/s) - 704 (774056 Gflops/s) - 686 (754264 Gflops/s) | Temperatures: 66°C - 67°C - 75°C - 72°C - 66°C - 68°C - 74°C - 73°C | Throttling: None - None - None - None - None - None - None - None
701 (770757 Gflops/s) - 712 (782852 Gflops/s) - 700 (769658 Gflops/s) - 696 (765260 Gflops/s) - 715 (786150 Gflops/s) - 701 (770757 Gflops/s) - 704 (774056 Gflops/s) - 689 (757563 Gflops/s) | Temperatures: 66°C - 67°C - 75°C - 72°C - 66°C - 68°C - 75°C - 73°C | Throttling: None - None - None - None - None - None - None - None
700 (769658 Gflops/s) - 712 (782852 Gflops/s) - 699 (768558 Gflops/s) - 697 (766359 Gflops/s) - 692 (760862 Gflops/s) - 701 (770757 Gflops/s) - 704 (774056 Gflops/s) - 688 (756463 Gflops/s) | Temperatures: 66°C - 67°C - 75°C - 72°C - 66°C - 68°C - 75°C - 73°C | Throttling: None - None - None - None - None - None - None - None
701 (770757 Gflops/s) - 712 (782852 Gflops/s) - 700 (769658 Gflops/s) - 696 (765260 Gflops/s) - 704 (774056 Gflops/s) - 702 (771857 Gflops/s) - 704 (774056 Gflops/s) - 688 (756463 Gflops/s) | Temperatures: 66°C - 67°C - 75°C - 72°C - 66°C - 68°C - 75°C - 73°C | Throttling: None - None - None - None - None - None - None - None
700 (769658 Gflops/s) - 710 (780653 Gflops/s) - 698 (767459 Gflops/s) - 694 (763061 Gflops/s) - 702 (771857 Gflops/s) - 700 (769658 Gflops/s) - 704 (774056 Gflops/s) - 689 (757563 Gflops/s) | Temperatures: 66°C - 67°C - 75°C - 72°C - 66°C - 68°C - 75°C - 73°C | Throttling: None - None - None - None - None - None - None - None
700 (769658 Gflops/s) - 712 (782852 Gflops/s) - 700 (769658 Gflops/s) - 695 (764160 Gflops/s) - 703 (772956 Gflops/s) - 702 (771857 Gflops/s) - 703 (772956 Gflops/s) - 687 (755364 Gflops/s) | Temperatures: 66°C - 67°C - 75°C - 72°C - 66°C - 68°C - 75°C - 73°C | Throttling: None - None - None - None - None - None - None - None
700 (769658 Gflops/s) - 711 (781752 Gflops/s) - 700 (769658 Gflops/s) - 696 (765260 Gflops/s) - 703 (772956 Gflops/s) - 701 (770757 Gflops/s) - 704 (774056 Gflops/s) - 689 (757563 Gflops/s) | Temperatures: 66°C - 67°C - 75°C - 72°C - 66°C - 68°C - 75°C - 73°C | Throttling: None - None - None - None - None - None - None - None
702 (771857 Gflops/s) - 712 (782852 Gflops/s) - 700 (769658 Gflops/s) - 696 (765260 Gflops/s) - 704 (774056 Gflops/s) - 701 (770757 Gflops/s) - 704 (774056 Gflops/s) - 689 (757563 Gflops/s) | Temperatures: 66°C - 67°C - 75°C - 72°C - 66°C - 68°C - 75°C - 73°C | Throttling: None - None - None - None - None - None - None - None
700 (769658 Gflops/s) - 712 (782852 Gflops/s) - 699 (768558 Gflops/s) - 696 (765260 Gflops/s) - 703 (772956 Gflops/s) - 701 (770757 Gflops/s) - 703 (772956 Gflops/s) - 688 (756463 Gflops/s) | Temperatures: 66°C - 67°C - 75°C - 72°C - 66°C - 68°C - 75°C - 73°C | Throttling: None - None - None - None - None - None - None - None
701 (770757 Gflops/s) - 712 (782852 Gflops/s) - 700 (769658 Gflops/s) - 694 (763061 Gflops/s) - 703 (772956 Gflops/s) - 701 (770757 Gflops/s) - 704 (774056 Gflops/s) - 689 (757563 Gflops/s) | Temperatures: 66°C - 67°C - 75°C - 72°C - 66°C - 68°C - 75°C - 73°C | Throttling: None - None - None - None - None - None - None - None
701 (770757 Gflops/s) - 711 (781752 Gflops/s) - 698 (767459 Gflops/s) - 696 (765260 Gflops/s) - 704 (774056 Gflops/s) - 701 (770757 Gflops/s) - 704 (774056 Gflops/s) - 689 (757563 Gflops/s) | Temperatures: 66°C - 67°C - 75°C - 72°C - 66°C - 67°C - 75°C - 73°C | Throttling: None - None - None - None - None - None - None - None
700 (769658 Gflops/s) - 711 (781752 Gflops/s) - 699 (768558 Gflops/s) - 695 (764160 Gflops/s) - 703 (772956 Gflops/s) - 700 (769658 Gflops/s) - 704 (774056 Gflops/s) - 687 (755364 Gflops/s) | Temperatures: 66°C - 67°C - 75°C - 72°C - 66°C - 68°C - 75°C - 73°C | Throttling: None - None - None - None - None - None - None - None
701 (770757 Gflops/s) - 712 (782852 Gflops/s) - 699 (768558 Gflops/s) - 696 (765260 Gflops/s) - 703 (772956 Gflops/s) - 702 (771857 Gflops/s) - 704 (774056 Gflops/s) - 689 (757563 Gflops/s) | Temperatures: 66°C - 67°C - 75°C - 72°C - 66°C - 68°C - 75°C - 73°C | Throttling: None - None - None - None - None - None - None - None
702 (771857 Gflops/s) - 712 (782852 Gflops/s) - 700 (769658 Gflops/s) - 696 (765260 Gflops/s) - 703 (772956 Gflops/s) - 700 (769658 Gflops/s) - 704 (774056 Gflops/s) - 689 (757563 Gflops/s) | Temperatures: 66°C - 67°C - 75°C - 72°C - 66°C - 68°C - 75°C - 73°C | Throttling: None - None - None - None - None - None - None - None
701 (770757 Gflops/s) - 711 (781752 Gflops/s) - 700 (769658 Gflops/s) - 695 (764160 Gflops/s) - 717 (788349 Gflops/s) - 702 (771857 Gflops/s) - 704 (774056 Gflops/s) - 689 (757563 Gflops/s) | Temperatures: 66°C - 67°C - 75°C - 72°C - 66°C - 68°C - 75°C - 73°C | Throttling: None - None - None - None - None - None - None - None
701 (770757 Gflops/s) - 711 (781752 Gflops/s) - 700 (769658 Gflops/s) - 696 (765260 Gflops/s) - 690 (758663 Gflops/s) - 701 (770757 Gflops/s) - 704 (774056 Gflops/s) - 689 (757563 Gflops/s) | Temperatures: 66°C - 67°C - 75°C - 72°C - 66°C - 68°C - 75°C - 73°C | Throttling: None - None - None - None - None - None - None - None
701 (770757 Gflops/s) - 712 (782852 Gflops/s) - 698 (767459 Gflops/s) - 696 (765260 Gflops/s) - 703 (772956 Gflops/s) - 702 (771857 Gflops/s) - 704 (774056 Gflops/s) - 688 (756463 Gflops/s) | Temperatures: 66°C - 67°C - 75°C - 72°C - 66°C - 68°C - 75°C - 73°C | Throttling: None - None - None - None - None - None - None - None
701 (770757 Gflops/s) - 712 (782852 Gflops/s) - 700 (769658 Gflops/s) - 695 (764160 Gflops/s) - 703 (772956 Gflops/s) - 701 (770757 Gflops/s) - 704 (774056 Gflops/s) - 688 (756463 Gflops/s) | Temperatures: 66°C - 67°C - 75°C - 72°C - 66°C - 68°C - 75°C - 73°C | Throttling: None - None - None - None - None - None - None - None
701 (770757 Gflops/s) - 710 (780653 Gflops/s) - 699 (768558 Gflops/s) - 695 (764160 Gflops/s) - 702 (771857 Gflops/s) - 701 (770757 Gflops/s) - 703 (772956 Gflops/s) - 688 (756463 Gflops/s) | Temperatures: 66°C - 67°C - 75°C - 72°C - 66°C - 68°C - 75°C - 73°C | Throttling: None - None - None - None - None - None - None - None
701 (770757 Gflops/s) - 712 (782852 Gflops/s) - 699 (768558 Gflops/s) - 695 (764160 Gflops/s) - 703 (772956 Gflops/s) - 702 (771857 Gflops/s) - 704 (774056 Gflops/s) - 689 (757563 Gflops/s) | Temperatures: 66°C - 67°C - 75°C - 72°C - 66°C - 68°C - 75°C - 73°C | Throttling: None - None - None - None - None - None - None - None
710 (780653 Gflops/s) - 712 (782852 Gflops/s) - 700 (769658 Gflops/s) - 696 (765260 Gflops/s) - 704 (774056 Gflops/s) - 700 (769658 Gflops/s) - 704 (774056 Gflops/s) - 688 (756463 Gflops/s) | Temperatures: 66°C - 67°C - 75°C - 72°C - 66°C - 68°C - 75°C - 73°C | Throttling: None - None - None - None - None - None - None - None
691 (759762 Gflops/s) - 711 (781752 Gflops/s) - 700 (769658 Gflops/s) - 696 (765260 Gflops/s) - 703 (772956 Gflops/s) - 702 (771857 Gflops/s) - 704 (774056 Gflops/s) - 689 (757563 Gflops/s) | Temperatures: 66°C - 67°C - 75°C - 72°C - 66°C - 68°C - 75°C - 73°C | Throttling: None - None - None - None - None - None - None - None
701 (770757 Gflops/s) - 712 (782852 Gflops/s) - 700 (769658 Gflops/s) - 696 (765260 Gflops/s) - 703 (772956 Gflops/s) - 701 (770757 Gflops/s) - 703 (772956 Gflops/s) - 688 (756463 Gflops/s) | Temperatures: 66°C - 67°C - 75°C - 72°C - 66°C - 68°C - 75°C - 73°C | Throttling: None - None - None - None - None - None - None - None
702 (771857 Gflops/s) - 712 (782852 Gflops/s) - 699 (768558 Gflops/s) - 695 (764160 Gflops/s) - 704 (774056 Gflops/s) - 702 (771857 Gflops/s) - 703 (772956 Gflops/s) - 689 (757563 Gflops/s) | Temperatures: 66°C - 67°C - 75°C - 72°C - 66°C - 68°C - 75°C - 73°C | Throttling: None - None - None - None - None - None - None - None
700 (769658 Gflops/s) - 711 (781752 Gflops/s) - 699 (768558 Gflops/s) - 695 (764160 Gflops/s) - 702 (771857 Gflops/s) - 701 (770757 Gflops/s) - 703 (772956 Gflops/s) - 689 (757563 Gflops/s) | Temperatures: 66°C - 67°C - 75°C - 72°C - 66°C - 68°C - 75°C - 73°C | Throttling: None - None - None - None - None - None - None - None
701 (770757 Gflops/s) - 711 (781752 Gflops/s) - 699 (768558 Gflops/s) - 697 (766359 Gflops/s) - 703 (772956 Gflops/s) - 701 (770757 Gflops/s) - 704 (774056 Gflops/s) - 688 (756463 Gflops/s) | Temperatures: 66°C - 67°C - 75°C - 72°C - 66°C - 68°C - 75°C - 73°C | Throttling: None - None - None - None - None - None - None - None
701 (770757 Gflops/s) - 712 (782852 Gflops/s) - 700 (769658 Gflops/s) - 695 (764160 Gflops/s) - 704 (774056 Gflops/s) - 701 (770757 Gflops/s) - 704 (774056 Gflops/s) - 689 (757563 Gflops/s) | Temperatures: 66°C - 67°C - 75°C - 72°C - 66°C - 68°C - 75°C - 73°C | Throttling: None - None - None - None - None - None - None - None
701 (770757 Gflops/s) - 710 (780653 Gflops/s) - 698 (767459 Gflops/s) - 696 (765260 Gflops/s) - 720 (791648 Gflops/s) - 701 (770757 Gflops/s) - 705 (775155 Gflops/s) - 688 (756463 Gflops/s) | Temperatures: 66°C - 67°C - 75°C - 72°C - 66°C - 68°C - 75°C - 73°C | Throttling: None - None - None - None - None - None - None - None
702 (771857 Gflops/s) - 712 (782852 Gflops/s) - 709 (779553 Gflops/s) - 695 (764160 Gflops/s) - 686 (754264 Gflops/s) - 700 (769658 Gflops/s) - 703 (772956 Gflops/s) - 689 (757563 Gflops/s) | Temperatures: 66°C - 67°C - 75°C - 72°C - 66°C - 68°C - 75°C - 73°C | Throttling: None - None - None - None - None - None - None - None
701 (770757 Gflops/s) - 711 (781752 Gflops/s) - 688 (756463 Gflops/s) - 695 (764160 Gflops/s) - 703 (772956 Gflops/s) - 702 (771857 Gflops/s) - 705 (775155 Gflops/s) - 688 (756463 Gflops/s) | Temperatures: 66°C - 67°C - 75°C - 72°C - 66°C - 68°C - 75°C - 73°C | Throttling: None - None - None - None - None - None - None - None
700 (769658 Gflops/s) - 712 (782852 Gflops/s) - 700 (769658 Gflops/s) - 695 (764160 Gflops/s) - 703 (772956 Gflops/s) - 701 (770757 Gflops/s) - 703 (772956 Gflops/s) - 689 (757563 Gflops/s) | Temperatures: 66°C - 67°C - 75°C - 72°C - 66°C - 68°C - 75°C - 73°C | Throttling: None - None - None - None - None - None - None - None
701 (770757 Gflops/s) - 711 (781752 Gflops/s) - 699 (768558 Gflops/s) - 695 (764160 Gflops/s) - 703 (772956 Gflops/s) - 701 (770757 Gflops/s) - 704 (774056 Gflops/s) - 688 (756463 Gflops/s) | Temperatures: 66°C - 67°C - 76°C - 72°C - 66°C - 68°C - 75°C - 73°C | Throttling: None - None - None - None - None - None - None - None
700 (769658 Gflops/s) - 710 (780653 Gflops/s) - 698 (767459 Gflops/s) - 695 (764160 Gflops/s) - 702 (771857 Gflops/s) - 701 (770757 Gflops/s) - 703 (772956 Gflops/s) - 689 (757563 Gflops/s) | Temperatures: 66°C - 67°C - 75°C - 72°C - 66°C - 68°C - 75°C - 73°C | Throttling: None - None - None - None - None - None - None - None
701 (770757 Gflops/s) - 711 (781752 Gflops/s) - 699 (768558 Gflops/s) - 695 (764160 Gflops/s) - 704 (774056 Gflops/s) - 701 (770757 Gflops/s) - 704 (774056 Gflops/s) - 689 (757563 Gflops/s) | Temperatures: 66°C - 67°C - 75°C - 72°C - 66°C - 68°C - 75°C - 73°C | Throttling: None - None - None - None - None - None - None - None
701 (770757 Gflops/s) - 712 (782852 Gflops/s) - 699 (768558 Gflops/s) - 695 (764160 Gflops/s) - 703 (772956 Gflops/s) - 701 (770757 Gflops/s) - 704 (774056 Gflops/s) - 688 (756463 Gflops/s) | Temperatures: 66°C - 67°C - 75°C - 72°C - 66°C - 68°C - 75°C - 73°C | Throttling: None - None - None - None - None - None - None - None
701 (770757 Gflops/s) - 711 (781752 Gflops/s) - 699 (768558 Gflops/s) - 695 (764160 Gflops/s) - 703 (772956 Gflops/s) - 701 (770757 Gflops/s) - 705 (775155 Gflops/s) - 689 (757563 Gflops/s) | Temperatures: 66°C - 67°C - 75°C - 72°C - 66°C - 68°C - 75°C - 73°C | Throttling: None - None - None - None - None - None - None - None
700 (769658 Gflops/s) - 711 (781752 Gflops/s) - 700 (769658 Gflops/s) - 695 (764160 Gflops/s) - 703 (772956 Gflops/s) - 701 (770757 Gflops/s) - 704 (774056 Gflops/s) - 689 (757563 Gflops/s) | Temperatures: 66°C - 67°C - 75°C - 72°C - 66°C - 68°C - 75°C - 73°C | Throttling: None - None - None - None - None - None - None - None
701 (770757 Gflops/s) - 711 (781752 Gflops/s) - 699 (768558 Gflops/s) - 696 (765260 Gflops/s) - 703 (772956 Gflops/s) - 701 (770757 Gflops/s) - 704 (774056 Gflops/s) - 689 (757563 Gflops/s) | Temperatures: 66°C - 67°C - 75°C - 72°C - 66°C - 68°C - 75°C - 73°C | Throttling: None - None - None - None - None - None - None - None
701 (770757 Gflops/s) - 711 (781752 Gflops/s) - 699 (768558 Gflops/s) - 695 (764160 Gflops/s) - 704 (774056 Gflops/s) - 702 (771857 Gflops/s) - 704 (774056 Gflops/s) - 689 (757563 Gflops/s) | Temperatures: 66°C - 67°C - 75°C - 72°C - 66°C - 68°C - 75°C - 73°C | Throttling: None - None - None - None - None - None - None - None
701 (770757 Gflops/s) - 711 (781752 Gflops/s) - 699 (768558 Gflops/s) - 695 (764160 Gflops/s) - 702 (771857 Gflops/s) - 701 (770757 Gflops/s) - 704 (774056 Gflops/s) - 688 (756463 Gflops/s) | Temperatures: 66°C - 67°C - 75°C - 72°C - 66°C - 68°C - 75°C - 73°C | Throttling: None - None - None - None - None - None - None - None
701 (770757 Gflops/s) - 711 (781752 Gflops/s) - 703 (772956 Gflops/s) - 704 (774056 Gflops/s) - 703 (772956 Gflops/s) - 701 (770757 Gflops/s) - 704 (774056 Gflops/s) - 689 (757563 Gflops/s) | Temperatures: 66°C - 67°C - 75°C - 72°C - 66°C - 68°C - 75°C - 73°C | Throttling: None - None - None - None - None - None - None - None
701 (770757 Gflops/s) - 711 (781752 Gflops/s) - 694 (763061 Gflops/s) - 686 (754264 Gflops/s) - 704 (774056 Gflops/s) - 701 (770757 Gflops/s) - 704 (774056 Gflops/s) - 689 (757563 Gflops/s) | Temperatures: 66°C - 67°C - 75°C - 72°C - 66°C - 68°C - 75°C - 73°C | Throttling: None - None - None - None - None - None - None - None
701 (770757 Gflops/s) - 712 (782852 Gflops/s) - 698 (767459 Gflops/s) - 696 (765260 Gflops/s) - 703 (772956 Gflops/s) - 701 (770757 Gflops/s) - 703 (772956 Gflops/s) - 689 (757563 Gflops/s) | Temperatures: 66°C - 67°C - 75°C - 72°C - 66°C - 67°C - 75°C - 73°C | Throttling: None - None - None - None - None - None - None - None
701 (770757 Gflops/s) - 711 (781752 Gflops/s) - 700 (769658 Gflops/s) - 696 (765260 Gflops/s) - 703 (772956 Gflops/s) - 701 (770757 Gflops/s) - 705 (775155 Gflops/s) - 688 (756463 Gflops/s) | Temperatures: 66°C - 67°C - 75°C - 72°C - 66°C - 68°C - 75°C - 73°C | Throttling: None - None - None - None - None - None - None - None
702 (771857 Gflops/s) - 711 (781752 Gflops/s) - 699 (768558 Gflops/s) - 695 (764160 Gflops/s) - 703 (772956 Gflops/s) - 702 (771857 Gflops/s) - 717 (788349 Gflops/s) - 689 (757563 Gflops/s) | Temperatures: 66°C - 67°C - 75°C - 72°C - 66°C - 67°C - 75°C - 73°C | Throttling: None - None - None - None - None - None - None - None
713 (783951 Gflops/s) - 711 (781752 Gflops/s) - 699 (768558 Gflops/s) - 696 (765260 Gflops/s) - 703 (772956 Gflops/s) - 700 (769658 Gflops/s) - 690 (758663 Gflops/s) - 689 (757563 Gflops/s) | Temperatures: 66°C - 67°C - 75°C - 72°C - 66°C - 68°C - 75°C - 73°C | Throttling: None - None - None - None - None - None - None - None
688 (756463 Gflops/s) - 711 (781752 Gflops/s) - 699 (768558 Gflops/s) - 695 (764160 Gflops/s) - 703 (772956 Gflops/s) - 701 (770757 Gflops/s) - 704 (774056 Gflops/s) - 688 (756463 Gflops/s) | Temperatures: 66°C - 67°C - 75°C - 72°C - 66°C - 68°C - 75°C - 73°C | Throttling: None - None - None - None - None - None - None - None
701 (770757 Gflops/s) - 712 (782852 Gflops/s) - 699 (768558 Gflops/s) - 695 (764160 Gflops/s) - 703 (772956 Gflops/s) - 702 (771857 Gflops/s) - 703 (772956 Gflops/s) - 688 (756463 Gflops/s) | Temperatures: 66°C - 67°C - 75°C - 72°C - 66°C - 68°C - 74°C - 73°C | Throttling: None - None - None - None - None - None - None - None
702 (771857 Gflops/s) - 712 (782852 Gflops/s) - 699 (768558 Gflops/s) - 696 (765260 Gflops/s) - 703 (772956 Gflops/s) - 701 (770757 Gflops/s) - 703 (772956 Gflops/s) - 689 (757563 Gflops/s) | Temperatures: 66°C - 67°C - 75°C - 72°C - 66°C - 68°C - 75°C - 73°C | Throttling: None - None - None - None - None - None - None - None
701 (770757 Gflops/s) - 712 (782852 Gflops/s) - 699 (768558 Gflops/s) - 696 (765260 Gflops/s) - 703 (772956 Gflops/s) - 701 (770757 Gflops/s) - 705 (775155 Gflops/s) - 689 (757563 Gflops/s) | Temperatures: 66°C - 67°C - 75°C - 72°C - 66°C - 68°C - 75°C - 73°C | Throttling: None - None - None - None - None - None - None - None
701 (770757 Gflops/s) - 711 (781752 Gflops/s) - 698 (767459 Gflops/s) - 695 (764160 Gflops/s) - 704 (774056 Gflops/s) - 701 (770757 Gflops/s) - 704 (774056 Gflops/s) - 689 (757563 Gflops/s) | Temperatures: 66°C - 67°C - 75°C - 72°C - 66°C - 68°C - 75°C - 73°C | Throttling: None - None - None - None - None - None - None - None
701 (770757 Gflops/s) - 711 (781752 Gflops/s) - 700 (769658 Gflops/s) - 696 (765260 Gflops/s) - 703 (772956 Gflops/s) - 701 (770757 Gflops/s) - 704 (774056 Gflops/s) - 699 (768558 Gflops/s) | Temperatures: 66°C - 67°C - 75°C - 72°C - 66°C - 68°C - 75°C - 73°C | Throttling: None - None - None - None - None - None - None - None
701 (770757 Gflops/s) - 712 (782852 Gflops/s) - 698 (767459 Gflops/s) - 695 (764160 Gflops/s) - 703 (772956 Gflops/s) - 702 (771857 Gflops/s) - 703 (772956 Gflops/s) - 678 (745468 Gflops/s) | Temperatures: 66°C - 66°C - 75°C - 72°C - 66°C - 67°C - 75°C - 73°C | Throttling: None - None - None - None - None - None - None - None
701 (770757 Gflops/s) - 711 (781752 Gflops/s) - 699 (768558 Gflops/s) - 695 (764160 Gflops/s) - 702 (771857 Gflops/s) - 701 (770757 Gflops/s) - 702 (771857 Gflops/s) - 689 (757563 Gflops/s) | Temperatures: 66°C - 66°C - 75°C - 72°C - 66°C - 68°C - 75°C - 73°C | Throttling: None - None - None - None - None - None - None - None
701 (770757 Gflops/s) - 712 (782852 Gflops/s) - 699 (768558 Gflops/s) - 696 (765260 Gflops/s) - 704 (774056 Gflops/s) - 701 (770757 Gflops/s) - 704 (774056 Gflops/s) - 689 (757563 Gflops/s) | Temperatures: 66°C - 66°C - 75°C - 72°C - 66°C - 68°C - 74°C - 73°C | Throttling: None - None - None - None - None - None - None - None
701 (770757 Gflops/s) - 711 (781752 Gflops/s) - 699 (768558 Gflops/s) - 696 (765260 Gflops/s) - 703 (772956 Gflops/s) - 701 (770757 Gflops/s) - 703 (772956 Gflops/s) - 689 (757563 Gflops/s) | Temperatures: 66°C - 66°C - 75°C - 72°C - 66°C - 67°C - 75°C - 73°C | Throttling: None - None - None - None - None - None - None - None
701 (770757 Gflops/s) - 712 (782852 Gflops/s) - 699 (768558 Gflops/s) - 696 (765260 Gflops/s) - 704 (774056 Gflops/s) - 702 (771857 Gflops/s) - 702 (771857 Gflops/s) - 689 (757563 Gflops/s) | Temperatures: 66°C - 66°C - 75°C - 72°C - 66°C - 67°C - 74°C - 73°C | Throttling: None - None - None - None - None - None - None - None
701 (770757 Gflops/s) - 711 (781752 Gflops/s) - 699 (768558 Gflops/s) - 695 (764160 Gflops/s) - 703 (772956 Gflops/s) - 701 (770757 Gflops/s) - 717 (788349 Gflops/s) - 689 (757563 Gflops/s) | Temperatures: 66°C - 66°C - 75°C - 72°C - 66°C - 67°C - 74°C - 73°C | Throttling: None - None - None - None - None - None - None - None
700 (769658 Gflops/s) - 712 (782852 Gflops/s) - 699 (768558 Gflops/s) - 695 (764160 Gflops/s) - 704 (774056 Gflops/s) - 717 (788349 Gflops/s) - 690 (758663 Gflops/s) - 689 (757563 Gflops/s) | Temperatures: 66°C - 66°C - 75°C - 72°C - 66°C - 67°C - 74°C - 73°C | Throttling: None - None - None - None - None - None - None - None
702 (771857 Gflops/s) - 711 (781752 Gflops/s) - 700 (769658 Gflops/s) - 697 (766359 Gflops/s) - 704 (774056 Gflops/s) - 687 (755364 Gflops/s) - 702 (771857 Gflops/s) - 689 (757563 Gflops/s) | Temperatures: 66°C - 66°C - 75°C - 72°C - 66°C - 67°C - 74°C - 73°C | Throttling: None - None - None - None - None - None - None - None
702 (771857 Gflops/s) - 711 (781752 Gflops/s) - 699 (768558 Gflops/s) - 696 (765260 Gflops/s) - 703 (772956 Gflops/s) - 701 (770757 Gflops/s) - 703 (772956 Gflops/s) - 688 (756463 Gflops/s) | Temperatures: 66°C - 66°C - 75°C - 72°C - 66°C - 67°C - 74°C - 73°C | Throttling: None - None - None - None - None - None - None - None
700 (769658 Gflops/s) - 712 (782852 Gflops/s) - 699 (768558 Gflops/s) - 696 (765260 Gflops/s) - 703 (772956 Gflops/s) - 702 (771857 Gflops/s) - 704 (774056 Gflops/s) - 689 (757563 Gflops/s) | Temperatures: 66°C - 66°C - 75°C - 72°C - 66°C - 67°C - 74°C - 73°C | Throttling: None - None - None - None - None - None - None - None
701 (770757 Gflops/s) - 712 (782852 Gflops/s) - 701 (770757 Gflops/s) - 696 (765260 Gflops/s) - 703 (772956 Gflops/s) - 702 (771857 Gflops/s) - 702 (771857 Gflops/s) - 690 (758663 Gflops/s) | Temperatures: 65°C - 66°C - 75°C - 72°C - 66°C - 67°C - 74°C - 73°C | Throttling: None - None - None - None - None - None - None - None
701 (770757 Gflops/s) - 712 (782852 Gflops/s) - 699 (768558 Gflops/s) - 707 (777354 Gflops/s) - 704 (774056 Gflops/s) - 702 (771857 Gflops/s) - 703 (772956 Gflops/s) - 689 (757563 Gflops/s) | Temperatures: 65°C - 66°C - 75°C - 72°C - 66°C - 67°C - 74°C - 72°C | Throttling: None - None - None - None - None - None - None - None
701 (770757 Gflops/s) - 712 (782852 Gflops/s) - 700 (769658 Gflops/s) - 685 (753165 Gflops/s) - 704 (774056 Gflops/s) - 701 (770757 Gflops/s) - 703 (772956 Gflops/s) - 689 (757563 Gflops/s) | Temperatures: 66°C - 66°C - 75°C - 72°C - 65°C - 67°C - 74°C - 73°C | Throttling: None - None - None - None - None - None - None - None
702 (771857 Gflops/s) - 711 (781752 Gflops/s) - 701 (770757 Gflops/s) - 697 (766359 Gflops/s) - 704 (774056 Gflops/s) - 701 (770757 Gflops/s) - 704 (774056 Gflops/s) - 690 (758663 Gflops/s) | Temperatures: 65°C - 66°C - 75°C - 71°C - 65°C - 67°C - 74°C - 72°C | Throttling: None - None - None - None - None - None - None - None
701 (770757 Gflops/s) - 711 (781752 Gflops/s) - 700 (769658 Gflops/s) - 696 (765260 Gflops/s) - 703 (772956 Gflops/s) - 702 (771857 Gflops/s) - 703 (772956 Gflops/s) - 688 (756463 Gflops/s) | Temperatures: 65°C - 66°C - 75°C - 71°C - 65°C - 67°C - 74°C - 72°C | Throttling: None - None - None - None - None - None - None - None
700 (769658 Gflops/s) - 712 (782852 Gflops/s) - 700 (769658 Gflops/s) - 697 (766359 Gflops/s) - 704 (774056 Gflops/s) - 702 (771857 Gflops/s) - 704 (774056 Gflops/s) - 689 (757563 Gflops/s) | Temperatures: 65°C - 66°C - 75°C - 71°C - 65°C - 67°C - 74°C - 72°C | Throttling: None - None - None - None - None - None - None - None
702 (771857 Gflops/s) - 712 (782852 Gflops/s) - 699 (768558 Gflops/s) - 697 (766359 Gflops/s) - 703 (772956 Gflops/s) - 702 (771857 Gflops/s) - 704 (774056 Gflops/s) - 690 (758663 Gflops/s) | Temperatures: 65°C - 66°C - 75°C - 71°C - 65°C - 67°C - 74°C - 72°C | Throttling: None - None - None - None - None - None - None - None
701 (770757 Gflops/s) - 712 (782852 Gflops/s) - 700 (769658 Gflops/s) - 696 (765260 Gflops/s) - 704 (774056 Gflops/s) - 702 (771857 Gflops/s) - 703 (772956 Gflops/s) - 689 (757563 Gflops/s) | Temperatures: 65°C - 66°C - 75°C - 71°C - 65°C - 66°C - 74°C - 72°C | Throttling: None - None - None - None - None - None - None - None
713 (783951 Gflops/s) - 712 (782852 Gflops/s) - 700 (769658 Gflops/s) - 696 (765260 Gflops/s) - 705 (775155 Gflops/s) - 702 (771857 Gflops/s) - 719 (790548 Gflops/s) - 690 (758663 Gflops/s) | Temperatures: 65°C - 66°C - 75°C - 71°C - 65°C - 67°C - 74°C - 72°C | Throttling: None - None - None - None - None - None - None - None
690 (758663 Gflops/s) - 711 (781752 Gflops/s) - 699 (768558 Gflops/s) - 697 (766359 Gflops/s) - 703 (772956 Gflops/s) - 701 (770757 Gflops/s) - 689 (757563 Gflops/s) - 689 (757563 Gflops/s) | Temperatures: 65°C - 66°C - 75°C - 71°C - 65°C - 67°C - 74°C - 72°C | Throttling: None - None - None - None - None - None - None - None
701 (770757 Gflops/s) - 712 (782852 Gflops/s) - 700 (769658 Gflops/s) - 696 (765260 Gflops/s) - 705 (775155 Gflops/s) - 702 (771857 Gflops/s) - 706 (776255 Gflops/s) - 689 (757563 Gflops/s) | Temperatures: 65°C - 66°C - 75°C - 71°C - 65°C - 67°C - 74°C - 72°C | Throttling: None - None - None - None - None - None - None - None
701 (770757 Gflops/s) - 711 (781752 Gflops/s) - 699 (768558 Gflops/s) - 696 (765260 Gflops/s) - 703 (772956 Gflops/s) - 701 (770757 Gflops/s) - 703 (772956 Gflops/s) - 689 (757563 Gflops/s) | Temperatures: 65°C - 66°C - 75°C - 71°C - 65°C - 67°C - 74°C - 72°C | Throttling: None - None - None - None - None - None - None - None
702 (771857 Gflops/s) - 712 (782852 Gflops/s) - 700 (769658 Gflops/s) - 697 (766359 Gflops/s) - 704 (774056 Gflops/s) - 702 (771857 Gflops/s) - 705 (775155 Gflops/s) - 689 (757563 Gflops/s) | Temperatures: 65°C - 65°C - 75°C - 71°C - 65°C - 67°C - 74°C - 72°C | Throttling: None - None - None - None - None - None - None - None
701 (770757 Gflops/s) - 712 (782852 Gflops/s) - 700 (769658 Gflops/s) - 696 (765260 Gflops/s) - 704 (774056 Gflops/s) - 702 (771857 Gflops/s) - 705 (775155 Gflops/s) - 689 (757563 Gflops/s) | Temperatures: 65°C - 65°C - 75°C - 71°C - 65°C - 67°C - 74°C - 72°C | Throttling: None - None - None - None - None - None - None - None
702 (771857 Gflops/s) - 711 (781752 Gflops/s) - 700 (769658 Gflops/s) - 697 (766359 Gflops/s) - 705 (775155 Gflops/s) - 703 (772956 Gflops/s) - 705 (775155 Gflops/s) - 690 (758663 Gflops/s) | Temperatures: 65°C - 65°C - 75°C - 71°C - 65°C - 67°C - 74°C - 72°C | Throttling: None - None - None - None - None - None - None - None
701 (770757 Gflops/s) - 712 (782852 Gflops/s) - 700 (769658 Gflops/s) - 697 (766359 Gflops/s) - 704 (774056 Gflops/s) - 702 (771857 Gflops/s) - 704 (774056 Gflops/s) - 690 (758663 Gflops/s) | Temperatures: 65°C - 65°C - 74°C - 71°C - 65°C - 67°C - 74°C - 72°C | Throttling: None - None - None - None - None - None - None - None
702 (771857 Gflops/s) - 712 (782852 Gflops/s) - 699 (768558 Gflops/s) - 696 (765260 Gflops/s) - 704 (774056 Gflops/s) - 702 (771857 Gflops/s) - 705 (775155 Gflops/s) - 689 (757563 Gflops/s) | Temperatures: 65°C - 65°C - 74°C - 71°C - 65°C - 67°C - 74°C - 72°C | Throttling: None - None - None - None - None - None - None - None
701 (770757 Gflops/s) - 712 (782852 Gflops/s) - 700 (769658 Gflops/s) - 697 (766359 Gflops/s) - 720 (791648 Gflops/s) - 703 (772956 Gflops/s) - 705 (775155 Gflops/s) - 689 (757563 Gflops/s) | Temperatures: 65°C - 65°C - 75°C - 71°C - 65°C - 67°C - 74°C - 72°C | Throttling: None - None - None - None - None - None - None - None
702 (771857 Gflops/s) - 711 (781752 Gflops/s) - 699 (768558 Gflops/s) - 695 (764160 Gflops/s) - 688 (756463 Gflops/s) - 702 (771857 Gflops/s) - 705 (775155 Gflops/s) - 689 (757563 Gflops/s) | Temperatures: 65°C - 65°C - 74°C - 71°C - 65°C - 67°C - 74°C - 72°C | Throttling: None - None - None - None - None - None - None - None
702 (771857 Gflops/s) - 712 (782852 Gflops/s) - 700 (769658 Gflops/s) - 698 (767459 Gflops/s) - 704 (774056 Gflops/s) - 703 (772956 Gflops/s) - 705 (775155 Gflops/s) - 689 (757563 Gflops/s) | Temperatures: 65°C - 65°C - 74°C - 71°C - 65°C - 67°C - 74°C - 72°C | Throttling: None - None - None - None - None - None - None - None
702 (771857 Gflops/s) - 711 (781752 Gflops/s) - 700 (769658 Gflops/s) - 696 (765260 Gflops/s) - 704 (774056 Gflops/s) - 702 (771857 Gflops/s) - 705 (775155 Gflops/s) - 689 (757563 Gflops/s) | Temperatures: 65°C - 65°C - 74°C - 71°C - 65°C - 66°C - 74°C - 72°C | Throttling: None - None - None - None - None - None - None - None
702 (771857 Gflops/s) - 727 (799344 Gflops/s) - 700 (769658 Gflops/s) - 697 (766359 Gflops/s) - 705 (775155 Gflops/s) - 702 (771857 Gflops/s) - 705 (775155 Gflops/s) - 690 (758663 Gflops/s) | Temperatures: 65°C - 65°C - 74°C - 71°C - 65°C - 66°C - 74°C - 72°C | Throttling: None - None - None - None - None - None - None - None
701 (770757 Gflops/s) - 697 (766359 Gflops/s) - 699 (768558 Gflops/s) - 697 (766359 Gflops/s) - 704 (774056 Gflops/s) - 703 (772956 Gflops/s) - 705 (775155 Gflops/s) - 689 (757563 Gflops/s) | Temperatures: 65°C - 65°C - 74°C - 71°C - 65°C - 67°C - 74°C - 72°C | Throttling: None - None - None - None - None - None - None - None
702 (771857 Gflops/s) - 712 (782852 Gflops/s) - 700 (769658 Gflops/s) - 697 (766359 Gflops/s) - 704 (774056 Gflops/s) - 702 (771857 Gflops/s) - 705 (775155 Gflops/s) - 689 (757563 Gflops/s) | Temperatures: 65°C - 65°C - 74°C - 71°C - 65°C - 66°C - 74°C - 72°C | Throttling: None - None - None - None - None - None - None - None
701 (770757 Gflops/s) - 711 (781752 Gflops/s) - 700 (769658 Gflops/s) - 696 (765260 Gflops/s) - 704 (774056 Gflops/s) - 703 (772956 Gflops/s) - 706 (776255 Gflops/s) - 690 (758663 Gflops/s) | Temperatures: 65°C - 65°C - 74°C - 71°C - 65°C - 66°C - 74°C - 72°C | Throttling: None - None - None - None - None - None - None - None
702 (771857 Gflops/s) - 712 (782852 Gflops/s) - 700 (769658 Gflops/s) - 696 (765260 Gflops/s) - 704 (774056 Gflops/s) - 703 (772956 Gflops/s) - 705 (775155 Gflops/s) - 690 (758663 Gflops/s) | Temperatures: 65°C - 65°C - 74°C - 71°C - 65°C - 66°C - 74°C - 72°C | Throttling: None - None - None - None - None - None - None - None
700 (769658 Gflops/s) - 711 (781752 Gflops/s) - 700 (769658 Gflops/s) - 696 (765260 Gflops/s) - 704 (774056 Gflops/s) - 701 (770757 Gflops/s) - 704 (774056 Gflops/s) - 689 (757563 Gflops/s) | Temperatures: 65°C - 65°C - 74°C - 71°C - 65°C - 66°C - 73°C - 72°C | Throttling: None - None - None - None - None - None - None - None
702 (771857 Gflops/s) - 712 (782852 Gflops/s) - 700 (769658 Gflops/s) - 697 (766359 Gflops/s) - 703 (772956 Gflops/s) - 703 (772956 Gflops/s) - 705 (775155 Gflops/s) - 690 (758663 Gflops/s) | Temperatures: 65°C - 65°C - 74°C - 71°C - 65°C - 66°C - 73°C - 72°C | Throttling: None - None - None - None - None - None - None - None
702 (771857 Gflops/s) - 712 (782852 Gflops/s) - 699 (768558 Gflops/s) - 697 (766359 Gflops/s) - 705 (775155 Gflops/s) - 702 (771857 Gflops/s) - 705 (775155 Gflops/s) - 690 (758663 Gflops/s) | Temperatures: 65°C - 65°C - 74°C - 71°C - 65°C - 66°C - 74°C - 72°C | Throttling: None - None - None - None - None - None - None - None
702 (771857 Gflops/s) - 712 (782852 Gflops/s) - 700 (769658 Gflops/s) - 697 (766359 Gflops/s) - 704 (774056 Gflops/s) - 703 (772956 Gflops/s) - 705 (775155 Gflops/s) - 691 (759762 Gflops/s) | Temperatures: 65°C - 65°C - 74°C - 71°C - 65°C - 66°C - 73°C - 72°C | Throttling: None - None - None - None - None - None - None - None
702 (771857 Gflops/s) - 711 (781752 Gflops/s) - 699 (768558 Gflops/s) - 696 (765260 Gflops/s) - 711 (781752 Gflops/s) - 702 (771857 Gflops/s) - 705 (775155 Gflops/s) - 689 (757563 Gflops/s) | Temperatures: 65°C - 65°C - 74°C - 71°C - 65°C - 66°C - 73°C - 72°C | Throttling: None - None - None - None - None - None - None - None
701 (770757 Gflops/s) - 712 (782852 Gflops/s) - 701 (770757 Gflops/s) - 697 (766359 Gflops/s) - 696 (765260 Gflops/s) - 703 (772956 Gflops/s) - 705 (775155 Gflops/s) - 707 (777354 Gflops/s) | Temperatures: 65°C - 65°C - 74°C - 71°C - 65°C - 66°C - 73°C - 72°C | Throttling: None - None - None - None - None - None - None - None
702 (771857 Gflops/s) - 712 (782852 Gflops/s) - 699 (768558 Gflops/s) - 697 (766359 Gflops/s) - 704 (774056 Gflops/s) - 703 (772956 Gflops/s) - 705 (775155 Gflops/s) - 673 (739971 Gflops/s) | Temperatures: 65°C - 65°C - 74°C - 71°C - 65°C - 66°C - 73°C - 72°C | Throttling: None - None - None - None - None - None - None - None
702 (771857 Gflops/s) - 711 (781752 Gflops/s) - 700 (769658 Gflops/s) - 696 (765260 Gflops/s) - 703 (772956 Gflops/s) - 702 (771857 Gflops/s) - 704 (774056 Gflops/s) - 689 (757563 Gflops/s) | Temperatures: 65°C - 65°C - 74°C - 71°C - 65°C - 66°C - 73°C - 72°C | Throttling: None - None - None - None - None - None - None - None
701 (770757 Gflops/s) - 712 (782852 Gflops/s) - 700 (769658 Gflops/s) - 697 (766359 Gflops/s) - 704 (774056 Gflops/s) - 707 (777354 Gflops/s) - 704 (774056 Gflops/s) - 690 (758663 Gflops/s) | Temperatures: 65°C - 65°C - 74°C - 71°C - 65°C - 66°C - 73°C - 72°C | Throttling: None - None - None - None - None - None - None - None
701 (770757 Gflops/s) - 712 (782852 Gflops/s) - 699 (768558 Gflops/s) - 698 (767459 Gflops/s) - 704 (774056 Gflops/s) - 700 (769658 Gflops/s) - 705 (775155 Gflops/s) - 690 (758663 Gflops/s) | Temperatures: 65°C - 65°C - 74°C - 71°C - 65°C - 66°C - 73°C - 72°C | Throttling: None - None - None - None - None - None - None - None
702 (771857 Gflops/s) - 719 (790548 Gflops/s) - 700 (769658 Gflops/s) - 711 (781752 Gflops/s) - 704 (774056 Gflops/s) - 703 (772956 Gflops/s) - 706 (776255 Gflops/s) - 689 (757563 Gflops/s) | Temperatures: 65°C - 65°C - 74°C - 71°C - 65°C - 66°C - 73°C - 72°C | Throttling: None - None - None - None - None - None - None - None
701 (770757 Gflops/s) - 704 (774056 Gflops/s) - 700 (769658 Gflops/s) - 682 (749866 Gflops/s) - 704 (774056 Gflops/s) - 703 (772956 Gflops/s) - 705 (775155 Gflops/s) - 690 (758663 Gflops/s) | Temperatures: 65°C - 65°C - 74°C - 71°C - 65°C - 66°C - 73°C - 72°C | Throttling: None - None - None - None - None - None - None - None
703 (772956 Gflops/s) - 712 (782852 Gflops/s) - 700 (769658 Gflops/s) - 697 (766359 Gflops/s) - 704 (774056 Gflops/s) - 703 (772956 Gflops/s) - 705 (775155 Gflops/s) - 689 (757563 Gflops/s) | Temperatures: 65°C - 65°C - 74°C - 71°C - 65°C - 66°C - 73°C - 72°C | Throttling: None - None - None - None - None - None - None - None
702 (771857 Gflops/s) - 712 (782852 Gflops/s) - 706 (776255 Gflops/s) - 698 (767459 Gflops/s) - 704 (774056 Gflops/s) - 702 (771857 Gflops/s) - 704 (774056 Gflops/s) - 690 (758663 Gflops/s) | Temperatures: 65°C - 65°C - 74°C - 71°C - 65°C - 66°C - 73°C - 72°C | Throttling: None - None - None - None - None - None - None - None
701 (770757 Gflops/s) - 711 (781752 Gflops/s) - 693 (761961 Gflops/s) - 696 (765260 Gflops/s) - 704 (774056 Gflops/s) - 702 (771857 Gflops/s) - 704 (774056 Gflops/s) - 689 (757563 Gflops/s) | Temperatures: 65°C - 65°C - 74°C - 71°C - 65°C - 66°C - 73°C - 72°C | Throttling: None - None - None - None - None - None - None - None
702 (771857 Gflops/s) - 712 (782852 Gflops/s) - 700 (769658 Gflops/s) - 698 (767459 Gflops/s) - 705 (775155 Gflops/s) - 702 (771857 Gflops/s) - 706 (776255 Gflops/s) - 690 (758663 Gflops/s) | Temperatures: 65°C - 65°C - 74°C - 71°C - 65°C - 66°C - 73°C - 72°C | Throttling: None - None - None - None - None - None - None - None
702 (771857 Gflops/s) - 712 (782852 Gflops/s) - 700 (769658 Gflops/s) - 697 (766359 Gflops/s) - 703 (772956 Gflops/s) - 703 (772956 Gflops/s) - 705 (775155 Gflops/s) - 690 (758663 Gflops/s) | Temperatures: 65°C - 65°C - 74°C - 71°C - 65°C - 66°C - 73°C - 72°C | Throttling: None - None - None - None - None - None - None - None
701 (770757 Gflops/s) - 711 (781752 Gflops/s) - 700 (769658 Gflops/s) - 697 (766359 Gflops/s) - 705 (775155 Gflops/s) - 703 (772956 Gflops/s) - 706 (776255 Gflops/s) - 690 (758663 Gflops/s) | Temperatures: 65°C - 65°C - 74°C - 71°C - 65°C - 66°C - 73°C - 72°C | Throttling: None - None - None - None - None - None - None - None
702 (771857 Gflops/s) - 712 (782852 Gflops/s) - 700 (769658 Gflops/s) - 698 (767459 Gflops/s) - 704 (774056 Gflops/s) - 703 (772956 Gflops/s) - 705 (775155 Gflops/s) - 690 (758663 Gflops/s) | Temperatures: 65°C - 65°C - 74°C - 71°C - 65°C - 66°C - 73°C - 72°C | Throttling: None - None - None - None - None - None - None - None
702 (771857 Gflops/s) - 712 (782852 Gflops/s) - 700 (769658 Gflops/s) - 696 (765260 Gflops/s) - 704 (774056 Gflops/s) - 703 (772956 Gflops/s) - 706 (776255 Gflops/s) - 690 (758663 Gflops/s) | Temperatures: 65°C - 65°C - 74°C - 71°C - 65°C - 66°C - 73°C - 72°C | Throttling: None - None - None - None - None - None - None - None
702 (771857 Gflops/s) - 712 (782852 Gflops/s) - 700 (769658 Gflops/s) - 697 (766359 Gflops/s) - 704 (774056 Gflops/s) - 704 (774056 Gflops/s) - 705 (775155 Gflops/s) - 689 (757563 Gflops/s) | Temperatures: 65°C - 65°C - 74°C - 71°C - 65°C - 66°C - 73°C - 72°C | Throttling: None - None - None - None - None - None - None - None
701 (770757 Gflops/s) - 711 (781752 Gflops/s) - 700 (769658 Gflops/s) - 697 (766359 Gflops/s) - 703 (772956 Gflops/s) - 713 (783951 Gflops/s) - 705 (775155 Gflops/s) - 690 (758663 Gflops/s) | Temperatures: 65°C - 65°C - 74°C - 71°C - 65°C - 66°C - 73°C - 72°C | Throttling: None - None - None - None - None - None - None - None
702 (771857 Gflops/s) - 712 (782852 Gflops/s) - 700 (769658 Gflops/s) - 698 (767459 Gflops/s) - 704 (774056 Gflops/s) - 692 (760862 Gflops/s) - 717 (788349 Gflops/s) - 689 (757563 Gflops/s) | Temperatures: 65°C - 65°C - 74°C - 71°C - 65°C - 66°C - 73°C - 72°C | Throttling: None - None - None - None - None - None - None - None
701 (770757 Gflops/s) - 711 (781752 Gflops/s) - 700 (769658 Gflops/s) - 697 (766359 Gflops/s) - 705 (775155 Gflops/s) - 704 (774056 Gflops/s) - 690 (758663 Gflops/s) - 690 (758663 Gflops/s) | Temperatures: 65°C - 65°C - 74°C - 71°C - 65°C - 66°C - 73°C - 72°C | Throttling: None - None - None - None - None - None - None - None
702 (771857 Gflops/s) - 712 (782852 Gflops/s) - 700 (769658 Gflops/s) - 697 (766359 Gflops/s) - 704 (774056 Gflops/s) - 702 (771857 Gflops/s) - 701 (770757 Gflops/s) - 690 (758663 Gflops/s) | Temperatures: 65°C - 65°C - 74°C - 71°C - 65°C - 66°C - 73°C - 72°C | Throttling: None - None - None - None - None - None - None - None
702 (771857 Gflops/s) - 712 (782852 Gflops/s) - 700 (769658 Gflops/s) - 697 (766359 Gflops/s) - 704 (774056 Gflops/s) - 704 (774056 Gflops/s) - 703 (772956 Gflops/s) - 690 (758663 Gflops/s) | Temperatures: 65°C - 65°C - 74°C - 71°C - 65°C - 66°C - 73°C - 72°C | Throttling: None - None - None - None - None - None - None - None
702 (771857 Gflops/s) - 712 (782852 Gflops/s) - 700 (769658 Gflops/s) - 698 (767459 Gflops/s) - 705 (775155 Gflops/s) - 703 (772956 Gflops/s) - 703 (772956 Gflops/s) - 701 (770757 Gflops/s) | Temperatures: 65°C - 65°C - 74°C - 71°C - 65°C - 66°C - 73°C - 72°C | Throttling: None - None - None - None - None - None - None - None
702 (771857 Gflops/s) - 712 (782852 Gflops/s) - 698 (767459 Gflops/s) - 697 (766359 Gflops/s) - 704 (774056 Gflops/s) - 702 (771857 Gflops/s) - 703 (772956 Gflops/s) - 679 (746568 Gflops/s) | Temperatures: 65°C - 65°C - 74°C - 71°C - 65°C - 66°C - 73°C - 72°C | Throttling: None - None - None - None - None - None - None - None
702 (771857 Gflops/s) - 712 (782852 Gflops/s) - 697 (766359 Gflops/s) - 697 (766359 Gflops/s) - 704 (774056 Gflops/s) - 703 (772956 Gflops/s) - 702 (771857 Gflops/s) - 690 (758663 Gflops/s) | Temperatures: 65°C - 65°C - 74°C - 71°C - 65°C - 66°C - 73°C - 72°C | Throttling: None - None - None - None - None - None - None - None
701 (770757 Gflops/s) - 711 (781752 Gflops/s) - 696 (765260 Gflops/s) - 697 (766359 Gflops/s) - 703 (772956 Gflops/s) - 702 (771857 Gflops/s) - 700 (769658 Gflops/s) - 689 (757563 Gflops/s) | Temperatures: 65°C - 65°C - 74°C - 71°C - 65°C - 66°C - 73°C - 72°C | Throttling: None - None - None - None - None - None - None - None
702 (771857 Gflops/s) - 712 (782852 Gflops/s) - 698 (767459 Gflops/s) - 698 (767459 Gflops/s) - 704 (774056 Gflops/s) - 703 (772956 Gflops/s) - 701 (770757 Gflops/s) - 690 (758663 Gflops/s) | Temperatures: 65°C - 65°C - 74°C - 71°C - 65°C - 66°C - 73°C - 72°C | Throttling: None - None - None - None - None - None - None - None
703 (772956 Gflops/s) - 711 (781752 Gflops/s) - 696 (765260 Gflops/s) - 698 (767459 Gflops/s) - 705 (775155 Gflops/s) - 704 (774056 Gflops/s) - 701 (770757 Gflops/s) - 689 (757563 Gflops/s) | Temperatures: 65°C - 65°C - 74°C - 71°C - 65°C - 66°C - 73°C - 72°C | Throttling: None - None - None - None - None - None - None - None
701 (770757 Gflops/s) - 712 (782852 Gflops/s) - 698 (767459 Gflops/s) - 697 (766359 Gflops/s) - 704 (774056 Gflops/s) - 704 (774056 Gflops/s) - 702 (771857 Gflops/s) - 690 (758663 Gflops/s) | Temperatures: 65°C - 65°C - 74°C - 71°C - 65°C - 66°C - 73°C - 72°C | Throttling: None - None - None - None - None - None - None - None
702 (771857 Gflops/s) - 712 (782852 Gflops/s) - 697 (766359 Gflops/s) - 698 (767459 Gflops/s) - 704 (774056 Gflops/s) - 703 (772956 Gflops/s) - 701 (770757 Gflops/s) - 690 (758663 Gflops/s) | Temperatures: 65°C - 65°C - 74°C - 71°C - 65°C - 66°C - 73°C - 72°C | Throttling: None - None - None - None - None - None - None - None
702 (771857 Gflops/s) - 712 (782852 Gflops/s) - 696 (765260 Gflops/s) - 697 (766359 Gflops/s) - 704 (774056 Gflops/s) - 718 (789449 Gflops/s) - 702 (771857 Gflops/s) - 690 (758663 Gflops/s) | Temperatures: 65°C - 65°C - 74°C - 71°C - 65°C - 66°C - 73°C - 72°C | Throttling: None - None - None - None - None - None - None - None
702 (771857 Gflops/s) - 712 (782852 Gflops/s) - 698 (767459 Gflops/s) - 697 (766359 Gflops/s) - 704 (774056 Gflops/s) - 687 (755364 Gflops/s) - 701 (770757 Gflops/s) - 690 (758663 Gflops/s) | Temperatures: 65°C - 65°C - 74°C - 71°C - 65°C - 66°C - 73°C - 72°C | Throttling: None - None - None - None - None - None - None - None
702 (771857 Gflops/s) - 711 (781752 Gflops/s) - 696 (765260 Gflops/s) - 697 (766359 Gflops/s) - 703 (772956 Gflops/s) - 702 (771857 Gflops/s) - 700 (769658 Gflops/s) - 689 (757563 Gflops/s) | Temperatures: 65°C - 65°C - 74°C - 71°C - 65°C - 66°C - 73°C - 72°C | Throttling: None - None - None - None - None - None - None - None
702 (771857 Gflops/s) - 712 (782852 Gflops/s) - 701 (770757 Gflops/s) - 698 (767459 Gflops/s) - 704 (774056 Gflops/s) - 703 (772956 Gflops/s) - 702 (771857 Gflops/s) - 690 (758663 Gflops/s) | Temperatures: 65°C - 65°C - 74°C - 71°C - 65°C - 66°C - 73°C - 72°C | Throttling: None - None - None - None - None - None - None - None
702 (771857 Gflops/s) - 711 (781752 Gflops/s) - 693 (761961 Gflops/s) - 697 (766359 Gflops/s) - 704 (774056 Gflops/s) - 702 (771857 Gflops/s) - 701 (770757 Gflops/s) - 690 (758663 Gflops/s) | Temperatures: 65°C - 65°C - 74°C - 71°C - 65°C - 66°C - 73°C - 72°C | Throttling: None - None - None - None - None - None - None - None
702 (771857 Gflops/s) - 712 (782852 Gflops/s) - 697 (766359 Gflops/s) - 697 (766359 Gflops/s) - 704 (774056 Gflops/s) - 703 (772956 Gflops/s) - 702 (771857 Gflops/s) - 690 (758663 Gflops/s) | Temperatures: 65°C - 65°C - 74°C - 71°C - 65°C - 67°C - 73°C - 72°C | Throttling: None - None - None - None - None - None - None - None
702 (771857 Gflops/s) - 712 (782852 Gflops/s) - 697 (766359 Gflops/s) - 697 (766359 Gflops/s) - 704 (774056 Gflops/s) - 702 (771857 Gflops/s) - 702 (771857 Gflops/s) - 689 (757563 Gflops/s) | Temperatures: 65°C - 65°C - 74°C - 71°C - 65°C - 67°C - 73°C - 72°C | Throttling: None - None - None - None - None - None - None - None
701 (770757 Gflops/s) - 712 (782852 Gflops/s) - 697 (766359 Gflops/s) - 697 (766359 Gflops/s) - 704 (774056 Gflops/s) - 703 (772956 Gflops/s) - 701 (770757 Gflops/s) - 690 (758663 Gflops/s) | Temperatures: 65°C - 65°C - 74°C - 71°C - 65°C - 66°C - 73°C - 72°C | Throttling: None - None - None - None - None - None - None - None
702 (771857 Gflops/s) - 712 (782852 Gflops/s) - 697 (766359 Gflops/s) - 697 (766359 Gflops/s) - 703 (772956 Gflops/s) - 702 (771857 Gflops/s) - 702 (771857 Gflops/s) - 689 (757563 Gflops/s) | Temperatures: 65°C - 66°C - 74°C - 71°C - 65°C - 67°C - 74°C - 72°C | Throttling: None - None - None - None - None - None - None - None
701 (770757 Gflops/s) - 711 (781752 Gflops/s) - 696 (765260 Gflops/s) - 696 (765260 Gflops/s) - 704 (774056 Gflops/s) - 701 (770757 Gflops/s) - 700 (769658 Gflops/s) - 690 (758663 Gflops/s) | Temperatures: 65°C - 66°C - 74°C - 71°C - 65°C - 67°C - 74°C - 72°C | Throttling: None - None - None - None - None - None - None - None
701 (770757 Gflops/s) - 712 (782852 Gflops/s) - 697 (766359 Gflops/s) - 696 (765260 Gflops/s) - 703 (772956 Gflops/s) - 702 (771857 Gflops/s) - 702 (771857 Gflops/s) - 690 (758663 Gflops/s) | Temperatures: 65°C - 66°C - 74°C - 71°C - 65°C - 67°C - 74°C - 72°C | Throttling: None - None - None - None - None - None - None - None
704 (774056 Gflops/s) - 478 (525566 Gflops/s) - 608 (668503 Gflops/s) - 698 (767459 Gflops/s) - 704 (774056 Gflops/s) - 636 (699289 Gflops/s) - 478 (525566 Gflops/s) - 561 (616826 Gflops/s) | Temperatures: 65°C - 66°C - 74°C - 71°C - 65°C - 67°C - 74°C - 72°C | Throttling: None - None - None - None - None - None - None - None
GPU #0: 770743 Gflops/s (min: 756464.00, max: 783951.79, dev: 2410.92)
         Temperature: 66.13°C (min: 63.00, max: 69.00)
         Throttling HW: false, Thermal SW: false, Thermal HW: false
GPU #1: 780860 Gflops/s (min: 525566.56, max: 799344.95, dev: 15102.45)
         Temperature: 66.60°C (min: 63.00, max: 69.00)
         Throttling HW: false, Thermal SW: false, Thermal HW: false
GPU #2: 768379 Gflops/s (min: 668503.07, max: 779553.74, dev: 6190.47)
         Temperature: 75.01°C (min: 68.00, max: 77.00)
         Throttling HW: false, Thermal SW: false, Thermal HW: false
GPU #3: 765602 Gflops/s (min: 744369.37, max: 782852.28, dev: 3850.30)
         Temperature: 71.91°C (min: 66.00, max: 74.00)
         Throttling HW: false, Thermal SW: false, Thermal HW: false
GPU #4: 773234 Gflops/s (min: 754264.98, max: 791648.37, dev: 3210.32)
         Temperature: 66.20°C (min: 63.00, max: 69.00)
         Throttling HW: false, Thermal SW: false, Thermal HW: false
GPU #5: 771193 Gflops/s (min: 699289.40, max: 796046.42, dev: 5485.52)
         Temperature: 67.69°C (min: 64.00, max: 70.00)
         Throttling HW: false, Thermal SW: false, Thermal HW: false
GPU #6: 773426 Gflops/s (min: 525566.56, max: 790548.86, dev: 14863.29)
         Temperature: 74.37°C (min: 67.00, max: 76.00)
         Throttling HW: false, Thermal SW: false, Thermal HW: false
GPU #7: 757443 Gflops/s (min: 616826.02, max: 777354.72, dev: 8882.39)
         Temperature: 72.86°C (min: 67.00, max: 75.00)
         Throttling HW: false, Thermal SW: false, Thermal HW: false
All GPUs seem healthy
Freeing GPUs...
======== Run with bf16 ==========
Detected GPU #0: "NVIDIA B200" (92955d27-af8c-cb3b-7edf-381768ec8b10)
Detected GPU #1: "NVIDIA B200" (b1c2d4d5-d267-84a6-27f3-6d5dd1986cb2)
Detected GPU #2: "NVIDIA B200" (358ebb4a-e827-59f1-12a2-153f77a9c6ca)
Detected GPU #3: "NVIDIA B200" (3466bc8a-72df-743c-6ec2-9475837987bf)
Detected GPU #4: "NVIDIA B200" (cbb638f0-fde1-e98f-1b83-bc60d83c346f)
Detected GPU #5: "NVIDIA B200" (9fec9477-2a29-f8ce-d82f-668859217c8f)
Detected GPU #6: "NVIDIA B200" (c9dfa085-0bd9-550e-f2b0-e1e47e88e610)
Detected GPU #7: "NVIDIA B200" (77839368-dd46-a617-01d2-29ae93dbdc13)
Using precision(s):  BF16 
GPU #0: Using 163800 MB
GPU #1: Using 163800 MB
GPU #2: Using 163800 MB
GPU #3: Using 163800 MB
GPU #4: Using 163800 MB
GPU #5: Using 163800 MB
GPU #6: Using 163800 MB
GPU #7: Using 163800 MB
Creating random matrices
Matrices created
1931 (2123156 Gflops/s) - 1872 (2058285 Gflops/s) - 1668 (1833985 Gflops/s) - 1643 (1806497 Gflops/s) - 1589 (1747123 Gflops/s) - 1547 (1700944 Gflops/s) - 1541 (1694347 Gflops/s) - 1523 (1674556 Gflops/s) | Temperatures: 58°C - 58°C - 62°C - 61°C - 57°C - 58°C - 61°C - 60°C | Throttling: None - None - None - None - None - None - None - None
1369 (1505231 Gflops/s) - 1379 (1516226 Gflops/s) - 1362 (1497534 Gflops/s) - 1368 (1504131 Gflops/s) - 1371 (1507430 Gflops/s) - 1378 (1515127 Gflops/s) - 1385 (1522823 Gflops/s) - 1350 (1484340 Gflops/s) | Temperatures: 61°C - 61°C - 66°C - 64°C - 60°C - 62°C - 65°C - 64°C | Throttling: None - None - None - None - None - None - None - None
1373 (1509629 Gflops/s) - 1381 (1518425 Gflops/s) - 1371 (1507430 Gflops/s) - 1364 (1499733 Gflops/s) - 1363 (1498634 Gflops/s) - 1371 (1507430 Gflops/s) - 1385 (1522823 Gflops/s) - 1350 (1484340 Gflops/s) | Temperatures: 63°C - 62°C - 68°C - 66°C - 62°C - 63°C - 67°C - 67°C | Throttling: None - None - None - None - None - None - None - None
1370 (1506330 Gflops/s) - 1379 (1516226 Gflops/s) - 1368 (1504131 Gflops/s) - 1367 (1503032 Gflops/s) - 1362 (1497534 Gflops/s) - 1370 (1506330 Gflops/s) - 1383 (1520624 Gflops/s) - 1344 (1477743 Gflops/s) | Temperatures: 64°C - 63°C - 69°C - 67°C - 63°C - 64°C - 69°C - 68°C | Throttling: None - None - None - None - None - None - None - None
1374 (1510728 Gflops/s) - 1381 (1518425 Gflops/s) - 1364 (1499733 Gflops/s) - 1367 (1503032 Gflops/s) - 1360 (1495335 Gflops/s) - 1374 (1510728 Gflops/s) - 1380 (1517326 Gflops/s) - 1345 (1478843 Gflops/s) | Temperatures: 64°C - 64°C - 70°C - 68°C - 63°C - 65°C - 69°C - 69°C | Throttling: None - None - None - None - None - None - None - None
1370 (1506330 Gflops/s) - 1380 (1517326 Gflops/s) - 1365 (1500833 Gflops/s) - 1365 (1500833 Gflops/s) - 1360 (1495335 Gflops/s) - 1368 (1504131 Gflops/s) - 1379 (1516226 Gflops/s) - 1344 (1477743 Gflops/s) | Temperatures: 64°C - 64°C - 71°C - 69°C - 64°C - 66°C - 70°C - 69°C | Throttling: None - None - None - None - None - None - None - None
1371 (1507430 Gflops/s) - 1380 (1517326 Gflops/s) - 1361 (1496435 Gflops/s) - 1363 (1498634 Gflops/s) - 1360 (1495335 Gflops/s) - 1369 (1505231 Gflops/s) - 1374 (1510728 Gflops/s) - 1344 (1477743 Gflops/s) | Temperatures: 64°C - 65°C - 71°C - 69°C - 64°C - 66°C - 71°C - 70°C | Throttling: None - None - None - None - None - None - None - None
1369 (1505231 Gflops/s) - 1376 (1512927 Gflops/s) - 1359 (1494236 Gflops/s) - 1360 (1495335 Gflops/s) - 1360 (1495335 Gflops/s) - 1370 (1506330 Gflops/s) - 1370 (1506330 Gflops/s) - 1341 (1474445 Gflops/s) | Temperatures: 65°C - 65°C - 72°C - 70°C - 64°C - 66°C - 71°C - 70°C | Throttling: None - None - None - None - None - None - None - None
1368 (1504131 Gflops/s) - 1377 (1514027 Gflops/s) - 1358 (1493136 Gflops/s) - 1362 (1497534 Gflops/s) - 1370 (1506330 Gflops/s) - 1371 (1507430 Gflops/s) - 1375 (1511828 Gflops/s) - 1340 (1473345 Gflops/s) | Temperatures: 65°C - 65°C - 72°C - 70°C - 65°C - 66°C - 72°C - 70°C | Throttling: None - None - None - None - None - None - None - None
1369 (1505231 Gflops/s) - 1379 (1516226 Gflops/s) - 1354 (1488738 Gflops/s) - 1360 (1495335 Gflops/s) - 1368 (1504131 Gflops/s) - 1370 (1506330 Gflops/s) - 1373 (1509629 Gflops/s) - 1340 (1473345 Gflops/s) | Temperatures: 65°C - 65°C - 73°C - 70°C - 65°C - 66°C - 72°C - 70°C | Throttling: None - None - None - None - None - None - None - None
1369 (1505231 Gflops/s) - 1389 (1527221 Gflops/s) - 1355 (1489838 Gflops/s) - 1360 (1495335 Gflops/s) - 1369 (1505231 Gflops/s) - 1368 (1504131 Gflops/s) - 1372 (1508529 Gflops/s) - 1340 (1473345 Gflops/s) | Temperatures: 65°C - 65°C - 73°C - 70°C - 65°C - 66°C - 72°C - 71°C | Throttling: None - None - None - None - None - None - None - None
1369 (1505231 Gflops/s) - 1386 (1523923 Gflops/s) - 1352 (1486539 Gflops/s) - 1360 (1495335 Gflops/s) - 1367 (1503032 Gflops/s) - 1367 (1503032 Gflops/s) - 1368 (1504131 Gflops/s) - 1338 (1471146 Gflops/s) | Temperatures: 65°C - 65°C - 73°C - 70°C - 65°C - 66°C - 72°C - 71°C | Throttling: None - None - None - None - None - None - None - None
1368 (1504131 Gflops/s) - 1388 (1526122 Gflops/s) - 1354 (1488738 Gflops/s) - 1360 (1495335 Gflops/s) - 1369 (1505231 Gflops/s) - 1369 (1505231 Gflops/s) - 1372 (1508529 Gflops/s) - 1340 (1473345 Gflops/s) | Temperatures: 65°C - 65°C - 73°C - 70°C - 65°C - 66°C - 72°C - 71°C | Throttling: None - None - None - None - None - None - None - None
1369 (1505231 Gflops/s) - 1387 (1525022 Gflops/s) - 1355 (1489838 Gflops/s) - 1361 (1496435 Gflops/s) - 1369 (1505231 Gflops/s) - 1368 (1504131 Gflops/s) - 1367 (1503032 Gflops/s) - 1340 (1473345 Gflops/s) | Temperatures: 65°C - 65°C - 73°C - 70°C - 65°C - 66°C - 72°C - 71°C | Throttling: None - None - None - None - None - None - None - None
1369 (1505231 Gflops/s) - 1388 (1526122 Gflops/s) - 1353 (1487639 Gflops/s) - 1358 (1493136 Gflops/s) - 1369 (1505231 Gflops/s) - 1368 (1504131 Gflops/s) - 1370 (1506330 Gflops/s) - 1340 (1473345 Gflops/s) | Temperatures: 65°C - 65°C - 73°C - 70°C - 65°C - 66°C - 72°C - 71°C | Throttling: None - None - None - None - None - None - None - None
1368 (1504131 Gflops/s) - 1388 (1526122 Gflops/s) - 1354 (1488738 Gflops/s) - 1358 (1493136 Gflops/s) - 1368 (1504131 Gflops/s) - 1368 (1504131 Gflops/s) - 1368 (1504131 Gflops/s) - 1339 (1472246 Gflops/s) | Temperatures: 65°C - 65°C - 73°C - 70°C - 65°C - 66°C - 72°C - 71°C | Throttling: None - None - None - None - None - None - None - None
1368 (1504131 Gflops/s) - 1388 (1526122 Gflops/s) - 1351 (1485440 Gflops/s) - 1358 (1493136 Gflops/s) - 1367 (1503032 Gflops/s) - 1365 (1500833 Gflops/s) - 1366 (1501932 Gflops/s) - 1338 (1471146 Gflops/s) | Temperatures: 65°C - 65°C - 73°C - 70°C - 65°C - 66°C - 72°C - 71°C | Throttling: None - None - None - None - None - None - None - None
1369 (1505231 Gflops/s) - 1388 (1526122 Gflops/s) - 1354 (1488738 Gflops/s) - 1360 (1495335 Gflops/s) - 1369 (1505231 Gflops/s) - 1368 (1504131 Gflops/s) - 1369 (1505231 Gflops/s) - 1340 (1473345 Gflops/s) | Temperatures: 65°C - 65°C - 73°C - 70°C - 64°C - 66°C - 73°C - 71°C | Throttling: None - None - None - None - None - None - None - None
1369 (1505231 Gflops/s) - 1388 (1526122 Gflops/s) - 1353 (1487639 Gflops/s) - 1358 (1493136 Gflops/s) - 1368 (1504131 Gflops/s) - 1368 (1504131 Gflops/s) - 1367 (1503032 Gflops/s) - 1340 (1473345 Gflops/s) | Temperatures: 65°C - 65°C - 73°C - 70°C - 64°C - 66°C - 72°C - 71°C | Throttling: None - None - None - None - None - None - None - None
1369 (1505231 Gflops/s) - 1388 (1526122 Gflops/s) - 1353 (1487639 Gflops/s) - 1358 (1493136 Gflops/s) - 1369 (1505231 Gflops/s) - 1368 (1504131 Gflops/s) - 1368 (1504131 Gflops/s) - 1339 (1472246 Gflops/s) | Temperatures: 65°C - 65°C - 73°C - 70°C - 64°C - 66°C - 72°C - 71°C | Throttling: None - None - None - None - None - None - None - None
1368 (1504131 Gflops/s) - 1386 (1523923 Gflops/s) - 1351 (1485440 Gflops/s) - 1356 (1490937 Gflops/s) - 1367 (1503032 Gflops/s) - 1368 (1504131 Gflops/s) - 1366 (1501932 Gflops/s) - 1339 (1472246 Gflops/s) | Temperatures: 65°C - 65°C - 73°C - 70°C - 64°C - 66°C - 73°C - 71°C | Throttling: None - None - None - None - None - None - None - None
1369 (1505231 Gflops/s) - 1388 (1526122 Gflops/s) - 1353 (1487639 Gflops/s) - 1359 (1494236 Gflops/s) - 1369 (1505231 Gflops/s) - 1366 (1501932 Gflops/s) - 1369 (1505231 Gflops/s) - 1340 (1473345 Gflops/s) | Temperatures: 65°C - 65°C - 73°C - 70°C - 64°C - 66°C - 73°C - 71°C | Throttling: None - None - None - None - None - None - None - None
1370 (1506330 Gflops/s) - 1388 (1526122 Gflops/s) - 1353 (1487639 Gflops/s) - 1360 (1495335 Gflops/s) - 1369 (1505231 Gflops/s) - 1365 (1500833 Gflops/s) - 1366 (1501932 Gflops/s) - 1339 (1472246 Gflops/s) | Temperatures: 65°C - 65°C - 73°C - 70°C - 64°C - 66°C - 73°C - 71°C | Throttling: None - None - None - None - None - None - None - None
1369 (1505231 Gflops/s) - 1387 (1525022 Gflops/s) - 1353 (1487639 Gflops/s) - 1358 (1493136 Gflops/s) - 1368 (1504131 Gflops/s) - 1365 (1500833 Gflops/s) - 1368 (1504131 Gflops/s) - 1340 (1473345 Gflops/s) | Temperatures: 65°C - 65°C - 73°C - 70°C - 65°C - 66°C - 73°C - 71°C | Throttling: None - None - None - None - None - None - None - None
1368 (1504131 Gflops/s) - 1386 (1523923 Gflops/s) - 1351 (1485440 Gflops/s) - 1357 (1492037 Gflops/s) - 1367 (1503032 Gflops/s) - 1365 (1500833 Gflops/s) - 1368 (1504131 Gflops/s) - 1338 (1471146 Gflops/s) | Temperatures: 65°C - 65°C - 73°C - 71°C - 65°C - 66°C - 73°C - 71°C | Throttling: None - None - None - None - None - None - None - None
1368 (1504131 Gflops/s) - 1387 (1525022 Gflops/s) - 1353 (1487639 Gflops/s) - 1357 (1492037 Gflops/s) - 1368 (1504131 Gflops/s) - 1366 (1501932 Gflops/s) - 1365 (1500833 Gflops/s) - 1340 (1473345 Gflops/s) | Temperatures: 65°C - 65°C - 73°C - 70°C - 65°C - 66°C - 73°C - 71°C | Throttling: None - None - None - None - None - None - None - None
1367 (1503032 Gflops/s) - 1387 (1525022 Gflops/s) - 1351 (1485440 Gflops/s) - 1358 (1493136 Gflops/s) - 1369 (1505231 Gflops/s) - 1364 (1499733 Gflops/s) - 1365 (1500833 Gflops/s) - 1339 (1472246 Gflops/s) | Temperatures: 65°C - 65°C - 74°C - 71°C - 65°C - 66°C - 72°C - 71°C | Throttling: None - None - None - None - None - None - None - None
1370 (1506330 Gflops/s) - 1387 (1525022 Gflops/s) - 1352 (1486539 Gflops/s) - 1357 (1492037 Gflops/s) - 1368 (1504131 Gflops/s) - 1367 (1503032 Gflops/s) - 1366 (1501932 Gflops/s) - 1339 (1472246 Gflops/s) | Temperatures: 65°C - 65°C - 73°C - 71°C - 65°C - 66°C - 73°C - 71°C | Throttling: None - None - None - None - None - None - None - None
1366 (1501932 Gflops/s) - 1385 (1522823 Gflops/s) - 1350 (1484340 Gflops/s) - 1356 (1490937 Gflops/s) - 1366 (1501932 Gflops/s) - 1364 (1499733 Gflops/s) - 1363 (1498634 Gflops/s) - 1338 (1471146 Gflops/s) | Temperatures: 65°C - 65°C - 74°C - 71°C - 65°C - 66°C - 73°C - 71°C | Throttling: None - None - None - None - None - None - None - None
1369 (1505231 Gflops/s) - 1388 (1526122 Gflops/s) - 1352 (1486539 Gflops/s) - 1356 (1490937 Gflops/s) - 1368 (1504131 Gflops/s) - 1365 (1500833 Gflops/s) - 1365 (1500833 Gflops/s) - 1340 (1473345 Gflops/s) | Temperatures: 65°C - 65°C - 74°C - 71°C - 65°C - 66°C - 73°C - 71°C | Throttling: None - None - None - None - None - None - None - None
1370 (1506330 Gflops/s) - 1387 (1525022 Gflops/s) - 1353 (1487639 Gflops/s) - 1358 (1493136 Gflops/s) - 1368 (1504131 Gflops/s) - 1362 (1497534 Gflops/s) - 1365 (1500833 Gflops/s) - 1340 (1473345 Gflops/s) | Temperatures: 65°C - 65°C - 74°C - 71°C - 65°C - 66°C - 73°C - 72°C | Throttling: None - None - None - None - None - None - None - None
1368 (1504131 Gflops/s) - 1386 (1523923 Gflops/s) - 1351 (1485440 Gflops/s) - 1357 (1492037 Gflops/s) - 1368 (1504131 Gflops/s) - 1363 (1498634 Gflops/s) - 1366 (1501932 Gflops/s) - 1339 (1472246 Gflops/s) | Temperatures: 65°C - 65°C - 74°C - 71°C - 65°C - 67°C - 73°C - 72°C | Throttling: None - None - None - None - None - None - None - None
1370 (1506330 Gflops/s) - 1387 (1525022 Gflops/s) - 1351 (1485440 Gflops/s) - 1352 (1486539 Gflops/s) - 1368 (1504131 Gflops/s) - 1363 (1498634 Gflops/s) - 1365 (1500833 Gflops/s) - 1340 (1473345 Gflops/s) | Temperatures: 65°C - 66°C - 74°C - 71°C - 65°C - 67°C - 73°C - 72°C | Throttling: None - None - None - None - None - None - None - None
1366 (1501932 Gflops/s) - 1384 (1521724 Gflops/s) - 1350 (1484340 Gflops/s) - 1352 (1486539 Gflops/s) - 1366 (1501932 Gflops/s) - 1365 (1500833 Gflops/s) - 1363 (1498634 Gflops/s) - 1338 (1471146 Gflops/s) | Temperatures: 65°C - 65°C - 74°C - 71°C - 65°C - 67°C - 73°C - 72°C | Throttling: None - None - None - None - None - None - None - None
1367 (1503032 Gflops/s) - 1387 (1525022 Gflops/s) - 1349 (1483241 Gflops/s) - 1354 (1488738 Gflops/s) - 1368 (1504131 Gflops/s) - 1362 (1497534 Gflops/s) - 1368 (1504131 Gflops/s) - 1339 (1472246 Gflops/s) | Temperatures: 65°C - 65°C - 74°C - 71°C - 65°C - 67°C - 73°C - 72°C | Throttling: None - None - None - None - None - None - None - None
1369 (1505231 Gflops/s) - 1387 (1525022 Gflops/s) - 1351 (1485440 Gflops/s) - 1354 (1488738 Gflops/s) - 1369 (1505231 Gflops/s) - 1364 (1499733 Gflops/s) - 1366 (1501932 Gflops/s) - 1340 (1473345 Gflops/s) | Temperatures: 66°C - 66°C - 74°C - 71°C - 65°C - 67°C - 73°C - 72°C | Throttling: None - None - None - None - None - None - None - None
1367 (1503032 Gflops/s) - 1386 (1523923 Gflops/s) - 1351 (1485440 Gflops/s) - 1353 (1487639 Gflops/s) - 1368 (1504131 Gflops/s) - 1363 (1498634 Gflops/s) - 1364 (1499733 Gflops/s) - 1339 (1472246 Gflops/s) | Temperatures: 65°C - 66°C - 74°C - 71°C - 65°C - 67°C - 73°C - 72°C | Throttling: None - None - None - None - None - None - None - None
1366 (1501932 Gflops/s) - 1384 (1521724 Gflops/s) - 1349 (1483241 Gflops/s) - 1352 (1486539 Gflops/s) - 1366 (1501932 Gflops/s) - 1363 (1498634 Gflops/s) - 1366 (1501932 Gflops/s) - 1339 (1472246 Gflops/s) | Temperatures: 66°C - 66°C - 74°C - 71°C - 65°C - 67°C - 73°C - 72°C | Throttling: None - None - None - None - None - None - None - None
1366 (1501932 Gflops/s) - 1386 (1523923 Gflops/s) - 1349 (1483241 Gflops/s) - 1354 (1488738 Gflops/s) - 1369 (1505231 Gflops/s) - 1361 (1496435 Gflops/s) - 1364 (1499733 Gflops/s) - 1339 (1472246 Gflops/s) | Temperatures: 66°C - 66°C - 74°C - 71°C - 65°C - 67°C - 73°C - 72°C | Throttling: None - None - None - None - None - None - None - None
1366 (1501932 Gflops/s) - 1386 (1523923 Gflops/s) - 1360 (1495335 Gflops/s) - 1356 (1490937 Gflops/s) - 1367 (1503032 Gflops/s) - 1362 (1497534 Gflops/s) - 1366 (1501932 Gflops/s) - 1340 (1473345 Gflops/s) | Temperatures: 65°C - 66°C - 74°C - 71°C - 65°C - 67°C - 73°C - 72°C | Throttling: None - None - None - None - None - None - None - None
1367 (1503032 Gflops/s) - 1386 (1523923 Gflops/s) - 1360 (1495335 Gflops/s) - 1354 (1488738 Gflops/s) - 1369 (1505231 Gflops/s) - 1364 (1499733 Gflops/s) - 1364 (1499733 Gflops/s) - 1339 (1472246 Gflops/s) | Temperatures: 65°C - 66°C - 74°C - 71°C - 65°C - 67°C - 74°C - 72°C | Throttling: None - None - None - None - None - None - None - None
1364 (1499733 Gflops/s) - 1385 (1522823 Gflops/s) - 1359 (1494236 Gflops/s) - 1354 (1488738 Gflops/s) - 1366 (1501932 Gflops/s) - 1362 (1497534 Gflops/s) - 1367 (1503032 Gflops/s) - 1339 (1472246 Gflops/s) | Temperatures: 65°C - 66°C - 74°C - 71°C - 65°C - 67°C - 74°C - 72°C | Throttling: None - None - None - None - None - None - None - None
1368 (1504131 Gflops/s) - 1386 (1523923 Gflops/s) - 1360 (1495335 Gflops/s) - 1352 (1486539 Gflops/s) - 1368 (1504131 Gflops/s) - 1361 (1496435 Gflops/s) - 1364 (1499733 Gflops/s) - 1339 (1472246 Gflops/s) | Temperatures: 66°C - 66°C - 75°C - 71°C - 65°C - 67°C - 74°C - 72°C | Throttling: None - None - None - None - None - None - None - None
1364 (1499733 Gflops/s) - 1387 (1525022 Gflops/s) - 1360 (1495335 Gflops/s) - 1352 (1486539 Gflops/s) - 1369 (1505231 Gflops/s) - 1361 (1496435 Gflops/s) - 1366 (1501932 Gflops/s) - 1340 (1473345 Gflops/s) | Temperatures: 66°C - 66°C - 74°C - 71°C - 66°C - 67°C - 74°C - 72°C | Throttling: None - None - None - None - None - None - None - None
1368 (1504131 Gflops/s) - 1387 (1525022 Gflops/s) - 1359 (1494236 Gflops/s) - 1353 (1487639 Gflops/s) - 1368 (1504131 Gflops/s) - 1361 (1496435 Gflops/s) - 1366 (1501932 Gflops/s) - 1339 (1472246 Gflops/s) | Temperatures: 66°C - 66°C - 74°C - 71°C - 66°C - 67°C - 74°C - 72°C | Throttling: None - None - None - None - None - None - None - None
1366 (1501932 Gflops/s) - 1385 (1522823 Gflops/s) - 1359 (1494236 Gflops/s) - 1352 (1486539 Gflops/s) - 1368 (1504131 Gflops/s) - 1362 (1497534 Gflops/s) - 1366 (1501932 Gflops/s) - 1339 (1472246 Gflops/s) | Temperatures: 66°C - 66°C - 74°C - 71°C - 66°C - 67°C - 74°C - 72°C | Throttling: None - None - None - None - None - None - None - None
1364 (1499733 Gflops/s) - 1383 (1520624 Gflops/s) - 1358 (1493136 Gflops/s) - 1353 (1487639 Gflops/s) - 1367 (1503032 Gflops/s) - 1359 (1494236 Gflops/s) - 1363 (1498634 Gflops/s) - 1339 (1472246 Gflops/s) | Temperatures: 66°C - 66°C - 75°C - 71°C - 66°C - 67°C - 74°C - 72°C | Throttling: None - None - None - None - None - None - None - None
1365 (1500833 Gflops/s) - 1386 (1523923 Gflops/s) - 1359 (1494236 Gflops/s) - 1351 (1485440 Gflops/s) - 1368 (1504131 Gflops/s) - 1362 (1497534 Gflops/s) - 1365 (1500833 Gflops/s) - 1339 (1472246 Gflops/s) | Temperatures: 66°C - 66°C - 75°C - 71°C - 66°C - 67°C - 74°C - 72°C | Throttling: None - None - None - None - None - None - None - None
1365 (1500833 Gflops/s) - 1386 (1523923 Gflops/s) - 1360 (1495335 Gflops/s) - 1354 (1488738 Gflops/s) - 1368 (1504131 Gflops/s) - 1361 (1496435 Gflops/s) - 1366 (1501932 Gflops/s) - 1339 (1472246 Gflops/s) | Temperatures: 66°C - 66°C - 75°C - 71°C - 66°C - 67°C - 74°C - 72°C | Throttling: None - None - None - None - None - None - None - None
1365 (1500833 Gflops/s) - 1385 (1522823 Gflops/s) - 1359 (1494236 Gflops/s) - 1352 (1486539 Gflops/s) - 1368 (1504131 Gflops/s) - 1361 (1496435 Gflops/s) - 1365 (1500833 Gflops/s) - 1338 (1471146 Gflops/s) | Temperatures: 66°C - 66°C - 75°C - 71°C - 66°C - 67°C - 74°C - 72°C | Throttling: None - None - None - None - None - None - None - None
1365 (1500833 Gflops/s) - 1385 (1522823 Gflops/s) - 1357 (1492037 Gflops/s) - 1351 (1485440 Gflops/s) - 1367 (1503032 Gflops/s) - 1359 (1494236 Gflops/s) - 1363 (1498634 Gflops/s) - 1337 (1470047 Gflops/s) | Temperatures: 66°C - 66°C - 75°C - 72°C - 66°C - 67°C - 74°C - 72°C | Throttling: None - None - None - None - None - None - None - None
1367 (1503032 Gflops/s) - 1384 (1521724 Gflops/s) - 1360 (1495335 Gflops/s) - 1353 (1487639 Gflops/s) - 1368 (1504131 Gflops/s) - 1361 (1496435 Gflops/s) - 1366 (1501932 Gflops/s) - 1340 (1473345 Gflops/s) | Temperatures: 66°C - 66°C - 75°C - 72°C - 66°C - 67°C - 74°C - 72°C | Throttling: None - None - None - None - None - None - None - None
1365 (1500833 Gflops/s) - 1384 (1521724 Gflops/s) - 1358 (1493136 Gflops/s) - 1352 (1486539 Gflops/s) - 1367 (1503032 Gflops/s) - 1361 (1496435 Gflops/s) - 1365 (1500833 Gflops/s) - 1339 (1472246 Gflops/s) | Temperatures: 66°C - 66°C - 75°C - 72°C - 66°C - 67°C - 74°C - 72°C | Throttling: None - None - None - None - None - None - None - None
1366 (1501932 Gflops/s) - 1387 (1525022 Gflops/s) - 1359 (1494236 Gflops/s) - 1349 (1483241 Gflops/s) - 1368 (1504131 Gflops/s) - 1361 (1496435 Gflops/s) - 1363 (1498634 Gflops/s) - 1339 (1472246 Gflops/s) | Temperatures: 66°C - 66°C - 75°C - 72°C - 66°C - 67°C - 74°C - 72°C | Throttling: None - None - None - None - None - None - None - None
1363 (1498634 Gflops/s) - 1383 (1520624 Gflops/s) - 1358 (1493136 Gflops/s) - 1351 (1485440 Gflops/s) - 1367 (1503032 Gflops/s) - 1360 (1495335 Gflops/s) - 1364 (1499733 Gflops/s) - 1337 (1470047 Gflops/s) | Temperatures: 66°C - 66°C - 75°C - 72°C - 66°C - 67°C - 74°C - 72°C | Throttling: None - None - None - None - None - None - None - None
1364 (1499733 Gflops/s) - 1385 (1522823 Gflops/s) - 1359 (1494236 Gflops/s) - 1351 (1485440 Gflops/s) - 1368 (1504131 Gflops/s) - 1361 (1496435 Gflops/s) - 1365 (1500833 Gflops/s) - 1339 (1472246 Gflops/s) | Temperatures: 66°C - 66°C - 75°C - 72°C - 66°C - 67°C - 74°C - 72°C | Throttling: None - None - None - None - None - None - None - None
1368 (1504131 Gflops/s) - 1385 (1522823 Gflops/s) - 1359 (1494236 Gflops/s) - 1352 (1486539 Gflops/s) - 1368 (1504131 Gflops/s) - 1361 (1496435 Gflops/s) - 1367 (1503032 Gflops/s) - 1340 (1473345 Gflops/s) | Temperatures: 66°C - 66°C - 75°C - 72°C - 66°C - 67°C - 74°C - 73°C | Throttling: None - None - None - None - None - None - None - None
1366 (1501932 Gflops/s) - 1384 (1521724 Gflops/s) - 1359 (1494236 Gflops/s) - 1351 (1485440 Gflops/s) - 1368 (1504131 Gflops/s) - 1360 (1495335 Gflops/s) - 1365 (1500833 Gflops/s) - 1338 (1471146 Gflops/s) | Temperatures: 66°C - 66°C - 75°C - 72°C - 66°C - 67°C - 74°C - 73°C | Throttling: None - None - None - None - None - None - None - None
1366 (1501932 Gflops/s) - 1385 (1522823 Gflops/s) - 1357 (1492037 Gflops/s) - 1350 (1484340 Gflops/s) - 1366 (1501932 Gflops/s) - 1359 (1494236 Gflops/s) - 1364 (1499733 Gflops/s) - 1338 (1471146 Gflops/s) | Temperatures: 66°C - 66°C - 75°C - 72°C - 66°C - 67°C - 74°C - 72°C | Throttling: None - None - None - None - None - None - None - None
1366 (1501932 Gflops/s) - 1385 (1522823 Gflops/s) - 1359 (1494236 Gflops/s) - 1351 (1485440 Gflops/s) - 1368 (1504131 Gflops/s) - 1360 (1495335 Gflops/s) - 1365 (1500833 Gflops/s) - 1339 (1472246 Gflops/s) | Temperatures: 66°C - 66°C - 75°C - 72°C - 66°C - 67°C - 74°C - 73°C | Throttling: None - None - None - None - None - None - None - None
1363 (1498634 Gflops/s) - 1383 (1520624 Gflops/s) - 1358 (1493136 Gflops/s) - 1351 (1485440 Gflops/s) - 1368 (1504131 Gflops/s) - 1359 (1494236 Gflops/s) - 1364 (1499733 Gflops/s) - 1339 (1472246 Gflops/s) | Temperatures: 66°C - 66°C - 75°C - 72°C - 66°C - 67°C - 74°C - 73°C | Throttling: None - None - None - None - None - None - None - None
1367 (1503032 Gflops/s) - 1385 (1522823 Gflops/s) - 1358 (1493136 Gflops/s) - 1349 (1483241 Gflops/s) - 1368 (1504131 Gflops/s) - 1360 (1495335 Gflops/s) - 1366 (1501932 Gflops/s) - 1340 (1473345 Gflops/s) | Temperatures: 66°C - 66°C - 75°C - 72°C - 66°C - 67°C - 74°C - 73°C | Throttling: None - None - None - None - None - None - None - None
1367 (1503032 Gflops/s) - 1385 (1522823 Gflops/s) - 1358 (1493136 Gflops/s) - 1350 (1484340 Gflops/s) - 1368 (1504131 Gflops/s) - 1360 (1495335 Gflops/s) - 1366 (1501932 Gflops/s) - 1339 (1472246 Gflops/s) | Temperatures: 66°C - 66°C - 75°C - 72°C - 66°C - 67°C - 74°C - 73°C | Throttling: None - None - None - None - None - None - None - None
1364 (1499733 Gflops/s) - 1383 (1520624 Gflops/s) - 1357 (1492037 Gflops/s) - 1349 (1483241 Gflops/s) - 1366 (1501932 Gflops/s) - 1359 (1494236 Gflops/s) - 1363 (1498634 Gflops/s) - 1337 (1470047 Gflops/s) | Temperatures: 66°C - 66°C - 75°C - 72°C - 66°C - 67°C - 74°C - 73°C | Throttling: None - None - None - None - None - None - None - None
1366 (1501932 Gflops/s) - 1385 (1522823 Gflops/s) - 1358 (1493136 Gflops/s) - 1351 (1485440 Gflops/s) - 1368 (1504131 Gflops/s) - 1360 (1495335 Gflops/s) - 1363 (1498634 Gflops/s) - 1340 (1473345 Gflops/s) | Temperatures: 66°C - 66°C - 75°C - 72°C - 66°C - 67°C - 74°C - 73°C | Throttling: None - None - None - None - None - None - None - None
1366 (1501932 Gflops/s) - 1386 (1523923 Gflops/s) - 1359 (1494236 Gflops/s) - 1354 (1488738 Gflops/s) - 1367 (1503032 Gflops/s) - 1360 (1495335 Gflops/s) - 1364 (1499733 Gflops/s) - 1339 (1472246 Gflops/s) | Temperatures: 66°C - 66°C - 75°C - 72°C - 66°C - 67°C - 74°C - 73°C | Throttling: None - None - None - None - None - None - None - None
1366 (1501932 Gflops/s) - 1385 (1522823 Gflops/s) - 1358 (1493136 Gflops/s) - 1354 (1488738 Gflops/s) - 1368 (1504131 Gflops/s) - 1360 (1495335 Gflops/s) - 1365 (1500833 Gflops/s) - 1338 (1471146 Gflops/s) | Temperatures: 66°C - 66°C - 75°C - 72°C - 66°C - 67°C - 74°C - 73°C | Throttling: None - None - None - None - None - None - None - None
1365 (1500833 Gflops/s) - 1384 (1521724 Gflops/s) - 1356 (1490937 Gflops/s) - 1352 (1486539 Gflops/s) - 1367 (1503032 Gflops/s) - 1358 (1493136 Gflops/s) - 1364 (1499733 Gflops/s) - 1337 (1470047 Gflops/s) | Temperatures: 66°C - 66°C - 75°C - 72°C - 66°C - 67°C - 74°C - 73°C | Throttling: None - None - None - None - None - None - None - None
1368 (1504131 Gflops/s) - 1385 (1522823 Gflops/s) - 1358 (1493136 Gflops/s) - 1350 (1484340 Gflops/s) - 1367 (1503032 Gflops/s) - 1360 (1495335 Gflops/s) - 1364 (1499733 Gflops/s) - 1340 (1473345 Gflops/s) | Temperatures: 66°C - 66°C - 75°C - 72°C - 66°C - 67°C - 74°C - 73°C | Throttling: None - None - None - None - None - None - None - None
1362 (1497534 Gflops/s) - 1384 (1521724 Gflops/s) - 1358 (1493136 Gflops/s) - 1350 (1484340 Gflops/s) - 1368 (1504131 Gflops/s) - 1359 (1494236 Gflops/s) - 1365 (1500833 Gflops/s) - 1337 (1470047 Gflops/s) | Temperatures: 66°C - 66°C - 75°C - 72°C - 66°C - 67°C - 74°C - 73°C | Throttling: None - None - None - None - None - None - None - None
1368 (1504131 Gflops/s) - 1383 (1520624 Gflops/s) - 1358 (1493136 Gflops/s) - 1349 (1483241 Gflops/s) - 1367 (1503032 Gflops/s) - 1360 (1495335 Gflops/s) - 1365 (1500833 Gflops/s) - 1338 (1471146 Gflops/s) | Temperatures: 66°C - 66°C - 75°C - 72°C - 66°C - 67°C - 74°C - 73°C | Throttling: None - None - None - None - None - None - None - None
1364 (1499733 Gflops/s) - 1384 (1521724 Gflops/s) - 1356 (1490937 Gflops/s) - 1349 (1483241 Gflops/s) - 1367 (1503032 Gflops/s) - 1358 (1493136 Gflops/s) - 1362 (1497534 Gflops/s) - 1337 (1470047 Gflops/s) | Temperatures: 66°C - 66°C - 75°C - 72°C - 66°C - 68°C - 74°C - 73°C | Throttling: None - None - None - None - None - None - None - None
1365 (1500833 Gflops/s) - 1384 (1521724 Gflops/s) - 1359 (1494236 Gflops/s) - 1350 (1484340 Gflops/s) - 1368 (1504131 Gflops/s) - 1360 (1495335 Gflops/s) - 1364 (1499733 Gflops/s) - 1340 (1473345 Gflops/s) | Temperatures: 66°C - 66°C - 75°C - 72°C - 66°C - 68°C - 74°C - 73°C | Throttling: None - None - None - None - None - None - None - None
1363 (1498634 Gflops/s) - 1385 (1522823 Gflops/s) - 1357 (1492037 Gflops/s) - 1350 (1484340 Gflops/s) - 1368 (1504131 Gflops/s) - 1359 (1494236 Gflops/s) - 1364 (1499733 Gflops/s) - 1337 (1470047 Gflops/s) | Temperatures: 66°C - 66°C - 75°C - 72°C - 66°C - 68°C - 74°C - 73°C | Throttling: None - None - None - None - None - None - None - None
1366 (1501932 Gflops/s) - 1384 (1521724 Gflops/s) - 1359 (1494236 Gflops/s) - 1349 (1483241 Gflops/s) - 1368 (1504131 Gflops/s) - 1360 (1495335 Gflops/s) - 1365 (1500833 Gflops/s) - 1339 (1472246 Gflops/s) | Temperatures: 66°C - 66°C - 75°C - 72°C - 66°C - 68°C - 74°C - 73°C | Throttling: None - None - None - None - None - None - None - None
1362 (1497534 Gflops/s) - 1382 (1519525 Gflops/s) - 1356 (1490937 Gflops/s) - 1349 (1483241 Gflops/s) - 1366 (1501932 Gflops/s) - 1359 (1494236 Gflops/s) - 1363 (1498634 Gflops/s) - 1338 (1471146 Gflops/s) | Temperatures: 66°C - 66°C - 75°C - 72°C - 66°C - 68°C - 74°C - 73°C | Throttling: None - None - None - None - None - None - None - None
1365 (1500833 Gflops/s) - 1384 (1521724 Gflops/s) - 1358 (1493136 Gflops/s) - 1349 (1483241 Gflops/s) - 1368 (1504131 Gflops/s) - 1359 (1494236 Gflops/s) - 1364 (1499733 Gflops/s) - 1337 (1470047 Gflops/s) | Temperatures: 66°C - 66°C - 75°C - 72°C - 66°C - 68°C - 74°C - 73°C | Throttling: None - None - None - None - None - None - None - None
1368 (1504131 Gflops/s) - 1385 (1522823 Gflops/s) - 1358 (1493136 Gflops/s) - 1349 (1483241 Gflops/s) - 1368 (1504131 Gflops/s) - 1360 (1495335 Gflops/s) - 1365 (1500833 Gflops/s) - 1339 (1472246 Gflops/s) | Temperatures: 66°C - 67°C - 75°C - 72°C - 66°C - 68°C - 74°C - 73°C | Throttling: None - None - None - None - None - None - None - None
1367 (1503032 Gflops/s) - 1384 (1521724 Gflops/s) - 1358 (1493136 Gflops/s) - 1350 (1484340 Gflops/s) - 1368 (1504131 Gflops/s) - 1360 (1495335 Gflops/s) - 1364 (1499733 Gflops/s) - 1338 (1471146 Gflops/s) | Temperatures: 66°C - 66°C - 75°C - 72°C - 66°C - 68°C - 74°C - 73°C | Throttling: None - None - None - None - None - None - None - None
1367 (1503032 Gflops/s) - 1384 (1521724 Gflops/s) - 1357 (1492037 Gflops/s) - 1349 (1483241 Gflops/s) - 1368 (1504131 Gflops/s) - 1359 (1494236 Gflops/s) - 1365 (1500833 Gflops/s) - 1340 (1473345 Gflops/s) | Temperatures: 66°C - 66°C - 75°C - 72°C - 66°C - 68°C - 75°C - 73°C | Throttling: None - None - None - None - None - None - None - None
1365 (1500833 Gflops/s) - 1382 (1519525 Gflops/s) - 1357 (1492037 Gflops/s) - 1348 (1482141 Gflops/s) - 1367 (1503032 Gflops/s) - 1359 (1494236 Gflops/s) - 1363 (1498634 Gflops/s) - 1338 (1471146 Gflops/s) | Temperatures: 66°C - 66°C - 75°C - 72°C - 66°C - 68°C - 74°C - 73°C | Throttling: None - None - None - None - None - None - None - None
1365 (1500833 Gflops/s) - 1385 (1522823 Gflops/s) - 1357 (1492037 Gflops/s) - 1350 (1484340 Gflops/s) - 1367 (1503032 Gflops/s) - 1359 (1494236 Gflops/s) - 1364 (1499733 Gflops/s) - 1338 (1471146 Gflops/s) | Temperatures: 66°C - 66°C - 75°C - 72°C - 66°C - 68°C - 74°C - 73°C | Throttling: None - None - None - None - None - None - None - None
1366 (1501932 Gflops/s) - 1384 (1521724 Gflops/s) - 1358 (1493136 Gflops/s) - 1350 (1484340 Gflops/s) - 1368 (1504131 Gflops/s) - 1359 (1494236 Gflops/s) - 1363 (1498634 Gflops/s) - 1339 (1472246 Gflops/s) | Temperatures: 66°C - 66°C - 75°C - 72°C - 66°C - 68°C - 74°C - 73°C | Throttling: None - None - None - None - None - None - None - None
1366 (1501932 Gflops/s) - 1384 (1521724 Gflops/s) - 1357 (1492037 Gflops/s) - 1350 (1484340 Gflops/s) - 1368 (1504131 Gflops/s) - 1360 (1495335 Gflops/s) - 1365 (1500833 Gflops/s) - 1340 (1473345 Gflops/s) | Temperatures: 66°C - 67°C - 75°C - 72°C - 66°C - 68°C - 74°C - 73°C | Throttling: None - None - None - None - None - None - None - None
1365 (1500833 Gflops/s) - 1382 (1519525 Gflops/s) - 1355 (1489838 Gflops/s) - 1348 (1482141 Gflops/s) - 1366 (1501932 Gflops/s) - 1357 (1492037 Gflops/s) - 1362 (1497534 Gflops/s) - 1336 (1468947 Gflops/s) | Temperatures: 66°C - 66°C - 75°C - 72°C - 66°C - 68°C - 74°C - 73°C | Throttling: None - None - None - None - None - None - None - None
1365 (1500833 Gflops/s) - 1385 (1522823 Gflops/s) - 1358 (1493136 Gflops/s) - 1350 (1484340 Gflops/s) - 1367 (1503032 Gflops/s) - 1359 (1494236 Gflops/s) - 1364 (1499733 Gflops/s) - 1340 (1473345 Gflops/s) | Temperatures: 66°C - 67°C - 75°C - 72°C - 66°C - 68°C - 74°C - 73°C | Throttling: None - None - None - None - None - None - None - None
1366 (1501932 Gflops/s) - 1384 (1521724 Gflops/s) - 1358 (1493136 Gflops/s) - 1351 (1485440 Gflops/s) - 1368 (1504131 Gflops/s) - 1360 (1495335 Gflops/s) - 1365 (1500833 Gflops/s) - 1339 (1472246 Gflops/s) | Temperatures: 66°C - 67°C - 75°C - 72°C - 66°C - 68°C - 74°C - 73°C | Throttling: None - None - None - None - None - None - None - None
1366 (1501932 Gflops/s) - 1384 (1521724 Gflops/s) - 1357 (1492037 Gflops/s) - 1350 (1484340 Gflops/s) - 1367 (1503032 Gflops/s) - 1360 (1495335 Gflops/s) - 1364 (1499733 Gflops/s) - 1338 (1471146 Gflops/s) | Temperatures: 66°C - 67°C - 75°C - 72°C - 66°C - 68°C - 74°C - 73°C | Throttling: None - None - None - None - None - None - None - None
1365 (1500833 Gflops/s) - 1383 (1520624 Gflops/s) - 1356 (1490937 Gflops/s) - 1348 (1482141 Gflops/s) - 1367 (1503032 Gflops/s) - 1357 (1492037 Gflops/s) - 1363 (1498634 Gflops/s) - 1337 (1470047 Gflops/s) | Temperatures: 66°C - 67°C - 75°C - 72°C - 66°C - 68°C - 74°C - 73°C | Throttling: None - None - None - None - None - None - None - None
1366 (1501932 Gflops/s) - 1385 (1522823 Gflops/s) - 1358 (1493136 Gflops/s) - 1350 (1484340 Gflops/s) - 1368 (1504131 Gflops/s) - 1360 (1495335 Gflops/s) - 1364 (1499733 Gflops/s) - 1338 (1471146 Gflops/s) | Temperatures: 66°C - 67°C - 75°C - 72°C - 66°C - 68°C - 74°C - 73°C | Throttling: None - None - None - None - None - None - None - None
1366 (1501932 Gflops/s) - 1384 (1521724 Gflops/s) - 1358 (1493136 Gflops/s) - 1350 (1484340 Gflops/s) - 1368 (1504131 Gflops/s) - 1361 (1496435 Gflops/s) - 1365 (1500833 Gflops/s) - 1339 (1472246 Gflops/s) | Temperatures: 66°C - 67°C - 75°C - 72°C - 66°C - 68°C - 74°C - 73°C | Throttling: None - None - None - None - None - None - None - None
1367 (1503032 Gflops/s) - 1385 (1522823 Gflops/s) - 1358 (1493136 Gflops/s) - 1350 (1484340 Gflops/s) - 1368 (1504131 Gflops/s) - 1359 (1494236 Gflops/s) - 1363 (1498634 Gflops/s) - 1338 (1471146 Gflops/s) | Temperatures: 66°C - 67°C - 75°C - 72°C - 66°C - 68°C - 75°C - 73°C | Throttling: None - None - None - None - None - None - None - None
1364 (1499733 Gflops/s) - 1384 (1521724 Gflops/s) - 1357 (1492037 Gflops/s) - 1351 (1485440 Gflops/s) - 1367 (1503032 Gflops/s) - 1359 (1494236 Gflops/s) - 1364 (1499733 Gflops/s) - 1340 (1473345 Gflops/s) | Temperatures: 66°C - 67°C - 75°C - 72°C - 66°C - 68°C - 74°C - 73°C | Throttling: None - None - None - None - None - None - None - None
1365 (1500833 Gflops/s) - 1382 (1519525 Gflops/s) - 1355 (1489838 Gflops/s) - 1348 (1482141 Gflops/s) - 1367 (1503032 Gflops/s) - 1358 (1493136 Gflops/s) - 1362 (1497534 Gflops/s) - 1337 (1470047 Gflops/s) | Temperatures: 66°C - 67°C - 75°C - 72°C - 66°C - 68°C - 74°C - 73°C | Throttling: None - None - None - None - None - None - None - None
1365 (1500833 Gflops/s) - 1385 (1522823 Gflops/s) - 1358 (1493136 Gflops/s) - 1352 (1486539 Gflops/s) - 1367 (1503032 Gflops/s) - 1358 (1493136 Gflops/s) - 1365 (1500833 Gflops/s) - 1338 (1471146 Gflops/s) | Temperatures: 66°C - 67°C - 75°C - 72°C - 66°C - 68°C - 75°C - 73°C | Throttling: None - None - None - None - None - None - None - None
1362 (1497534 Gflops/s) - 1384 (1521724 Gflops/s) - 1357 (1492037 Gflops/s) - 1350 (1484340 Gflops/s) - 1367 (1503032 Gflops/s) - 1360 (1495335 Gflops/s) - 1363 (1498634 Gflops/s) - 1338 (1471146 Gflops/s) | Temperatures: 66°C - 67°C - 75°C - 72°C - 66°C - 68°C - 75°C - 73°C | Throttling: None - None - None - None - None - None - None - None
1362 (1497534 Gflops/s) - 1384 (1521724 Gflops/s) - 1358 (1493136 Gflops/s) - 1350 (1484340 Gflops/s) - 1368 (1504131 Gflops/s) - 1359 (1494236 Gflops/s) - 1365 (1500833 Gflops/s) - 1340 (1473345 Gflops/s) | Temperatures: 66°C - 67°C - 76°C - 72°C - 66°C - 68°C - 75°C - 73°C | Throttling: None - None - None - None - None - None - None - None
1361 (1496435 Gflops/s) - 1382 (1519525 Gflops/s) - 1355 (1489838 Gflops/s) - 1349 (1483241 Gflops/s) - 1366 (1501932 Gflops/s) - 1357 (1492037 Gflops/s) - 1363 (1498634 Gflops/s) - 1337 (1470047 Gflops/s) | Temperatures: 66°C - 67°C - 75°C - 72°C - 66°C - 68°C - 75°C - 73°C | Throttling: None - None - None - None - None - None - None - None
1366 (1501932 Gflops/s) - 1381 (1518425 Gflops/s) - 1357 (1492037 Gflops/s) - 1350 (1484340 Gflops/s) - 1367 (1503032 Gflops/s) - 1359 (1494236 Gflops/s) - 1364 (1499733 Gflops/s) - 1337 (1470047 Gflops/s) | Temperatures: 66°C - 67°C - 75°C - 72°C - 66°C - 68°C - 75°C - 73°C | Throttling: None - None - None - None - None - None - None - None
1365 (1500833 Gflops/s) - 1385 (1522823 Gflops/s) - 1356 (1490937 Gflops/s) - 1350 (1484340 Gflops/s) - 1368 (1504131 Gflops/s) - 1359 (1494236 Gflops/s) - 1363 (1498634 Gflops/s) - 1339 (1472246 Gflops/s) | Temperatures: 66°C - 67°C - 75°C - 72°C - 66°C - 68°C - 75°C - 73°C | Throttling: None - None - None - None - None - None - None - None
1364 (1499733 Gflops/s) - 1383 (1520624 Gflops/s) - 1357 (1492037 Gflops/s) - 1350 (1484340 Gflops/s) - 1368 (1504131 Gflops/s) - 1359 (1494236 Gflops/s) - 1363 (1498634 Gflops/s) - 1337 (1470047 Gflops/s) | Temperatures: 66°C - 67°C - 75°C - 72°C - 66°C - 68°C - 75°C - 73°C | Throttling: None - None - None - None - None - None - None - None
1362 (1497534 Gflops/s) - 1382 (1519525 Gflops/s) - 1354 (1488738 Gflops/s) - 1349 (1483241 Gflops/s) - 1367 (1503032 Gflops/s) - 1358 (1493136 Gflops/s) - 1364 (1499733 Gflops/s) - 1337 (1470047 Gflops/s) | Temperatures: 66°C - 67°C - 76°C - 72°C - 66°C - 68°C - 74°C - 73°C | Throttling: None - None - None - None - None - None - None - None
1366 (1501932 Gflops/s) - 1384 (1521724 Gflops/s) - 1357 (1492037 Gflops/s) - 1351 (1485440 Gflops/s) - 1368 (1504131 Gflops/s) - 1360 (1495335 Gflops/s) - 1363 (1498634 Gflops/s) - 1337 (1470047 Gflops/s) | Temperatures: 66°C - 67°C - 75°C - 72°C - 66°C - 68°C - 75°C - 73°C | Throttling: None - None - None - None - None - None - None - None
1367 (1503032 Gflops/s) - 1384 (1521724 Gflops/s) - 1357 (1492037 Gflops/s) - 1350 (1484340 Gflops/s) - 1367 (1503032 Gflops/s) - 1359 (1494236 Gflops/s) - 1365 (1500833 Gflops/s) - 1339 (1472246 Gflops/s) | Temperatures: 66°C - 67°C - 75°C - 72°C - 66°C - 68°C - 75°C - 73°C | Throttling: None - None - None - None - None - None - None - None
1367 (1503032 Gflops/s) - 1384 (1521724 Gflops/s) - 1357 (1492037 Gflops/s) - 1349 (1483241 Gflops/s) - 1368 (1504131 Gflops/s) - 1359 (1494236 Gflops/s) - 1363 (1498634 Gflops/s) - 1339 (1472246 Gflops/s) | Temperatures: 66°C - 66°C - 75°C - 72°C - 66°C - 68°C - 74°C - 73°C | Throttling: None - None - None - None - None - None - None - None
1367 (1503032 Gflops/s) - 1383 (1520624 Gflops/s) - 1356 (1490937 Gflops/s) - 1350 (1484340 Gflops/s) - 1368 (1504131 Gflops/s) - 1360 (1495335 Gflops/s) - 1363 (1498634 Gflops/s) - 1340 (1473345 Gflops/s) | Temperatures: 66°C - 66°C - 75°C - 72°C - 66°C - 68°C - 74°C - 73°C | Throttling: None - None - None - None - None - None - None - None
1364 (1499733 Gflops/s) - 1382 (1519525 Gflops/s) - 1356 (1490937 Gflops/s) - 1348 (1482141 Gflops/s) - 1366 (1501932 Gflops/s) - 1357 (1492037 Gflops/s) - 1363 (1498634 Gflops/s) - 1336 (1468947 Gflops/s) | Temperatures: 66°C - 66°C - 75°C - 72°C - 66°C - 68°C - 74°C - 73°C | Throttling: None - None - None - None - None - None - None - None
1363 (1498634 Gflops/s) - 1384 (1521724 Gflops/s) - 1356 (1490937 Gflops/s) - 1349 (1483241 Gflops/s) - 1368 (1504131 Gflops/s) - 1360 (1495335 Gflops/s) - 1365 (1500833 Gflops/s) - 1338 (1471146 Gflops/s) | Temperatures: 66°C - 66°C - 75°C - 72°C - 66°C - 68°C - 74°C - 73°C | Throttling: None - None - None - None - None - None - None - None
1364 (1499733 Gflops/s) - 1383 (1520624 Gflops/s) - 1357 (1492037 Gflops/s) - 1350 (1484340 Gflops/s) - 1368 (1504131 Gflops/s) - 1360 (1495335 Gflops/s) - 1364 (1499733 Gflops/s) - 1339 (1472246 Gflops/s) | Temperatures: 66°C - 66°C - 75°C - 72°C - 66°C - 68°C - 75°C - 73°C | Throttling: None - None - None - None - None - None - None - None
1365 (1500833 Gflops/s) - 1385 (1522823 Gflops/s) - 1357 (1492037 Gflops/s) - 1350 (1484340 Gflops/s) - 1368 (1504131 Gflops/s) - 1359 (1494236 Gflops/s) - 1363 (1498634 Gflops/s) - 1338 (1471146 Gflops/s) | Temperatures: 66°C - 66°C - 75°C - 72°C - 66°C - 68°C - 74°C - 73°C | Throttling: None - None - None - None - None - None - None - None
1364 (1499733 Gflops/s) - 1382 (1519525 Gflops/s) - 1355 (1489838 Gflops/s) - 1348 (1482141 Gflops/s) - 1367 (1503032 Gflops/s) - 1359 (1494236 Gflops/s) - 1363 (1498634 Gflops/s) - 1337 (1470047 Gflops/s) | Temperatures: 66°C - 66°C - 75°C - 72°C - 66°C - 67°C - 74°C - 73°C | Throttling: None - None - None - None - None - None - None - None
1365 (1500833 Gflops/s) - 1385 (1522823 Gflops/s) - 1357 (1492037 Gflops/s) - 1350 (1484340 Gflops/s) - 1368 (1504131 Gflops/s) - 1360 (1495335 Gflops/s) - 1364 (1499733 Gflops/s) - 1339 (1472246 Gflops/s) | Temperatures: 66°C - 66°C - 75°C - 72°C - 66°C - 67°C - 74°C - 73°C | Throttling: None - None - None - None - None - None - None - None
1366 (1501932 Gflops/s) - 1383 (1520624 Gflops/s) - 1357 (1492037 Gflops/s) - 1351 (1485440 Gflops/s) - 1368 (1504131 Gflops/s) - 1359 (1494236 Gflops/s) - 1363 (1498634 Gflops/s) - 1337 (1470047 Gflops/s) | Temperatures: 66°C - 66°C - 75°C - 72°C - 66°C - 67°C - 74°C - 73°C | Throttling: None - None - None - None - None - None - None - None
1366 (1501932 Gflops/s) - 1385 (1522823 Gflops/s) - 1355 (1489838 Gflops/s) - 1350 (1484340 Gflops/s) - 1368 (1504131 Gflops/s) - 1361 (1496435 Gflops/s) - 1364 (1499733 Gflops/s) - 1338 (1471146 Gflops/s) | Temperatures: 66°C - 66°C - 75°C - 72°C - 66°C - 68°C - 74°C - 73°C | Throttling: None - None - None - None - None - None - None - None
1363 (1498634 Gflops/s) - 1383 (1520624 Gflops/s) - 1356 (1490937 Gflops/s) - 1349 (1483241 Gflops/s) - 1366 (1501932 Gflops/s) - 1359 (1494236 Gflops/s) - 1363 (1498634 Gflops/s) - 1336 (1468947 Gflops/s) | Temperatures: 66°C - 66°C - 75°C - 72°C - 66°C - 68°C - 74°C - 73°C | Throttling: None - None - None - None - None - None - None - None
1364 (1499733 Gflops/s) - 1384 (1521724 Gflops/s) - 1357 (1492037 Gflops/s) - 1351 (1485440 Gflops/s) - 1369 (1505231 Gflops/s) - 1360 (1495335 Gflops/s) - 1364 (1499733 Gflops/s) - 1340 (1473345 Gflops/s) | Temperatures: 66°C - 66°C - 75°C - 72°C - 66°C - 68°C - 74°C - 73°C | Throttling: None - None - None - None - None - None - None - None
1364 (1499733 Gflops/s) - 1383 (1520624 Gflops/s) - 1355 (1489838 Gflops/s) - 1351 (1485440 Gflops/s) - 1368 (1504131 Gflops/s) - 1360 (1495335 Gflops/s) - 1364 (1499733 Gflops/s) - 1338 (1471146 Gflops/s) | Temperatures: 66°C - 66°C - 75°C - 72°C - 66°C - 67°C - 74°C - 73°C | Throttling: None - None - None - None - None - None - None - None
1365 (1500833 Gflops/s) - 1384 (1521724 Gflops/s) - 1357 (1492037 Gflops/s) - 1350 (1484340 Gflops/s) - 1368 (1504131 Gflops/s) - 1360 (1495335 Gflops/s) - 1365 (1500833 Gflops/s) - 1340 (1473345 Gflops/s) | Temperatures: 66°C - 66°C - 75°C - 72°C - 66°C - 68°C - 74°C - 73°C | Throttling: None - None - None - None - None - None - None - None
1365 (1500833 Gflops/s) - 1385 (1522823 Gflops/s) - 1357 (1492037 Gflops/s) - 1350 (1484340 Gflops/s) - 1368 (1504131 Gflops/s) - 1359 (1494236 Gflops/s) - 1364 (1499733 Gflops/s) - 1337 (1470047 Gflops/s) | Temperatures: 66°C - 66°C - 75°C - 72°C - 66°C - 67°C - 74°C - 73°C | Throttling: None - None - None - None - None - None - None - None
1367 (1503032 Gflops/s) - 1383 (1520624 Gflops/s) - 1355 (1489838 Gflops/s) - 1349 (1483241 Gflops/s) - 1367 (1503032 Gflops/s) - 1359 (1494236 Gflops/s) - 1362 (1497534 Gflops/s) - 1337 (1470047 Gflops/s) | Temperatures: 66°C - 66°C - 75°C - 72°C - 66°C - 67°C - 74°C - 73°C | Throttling: None - None - None - None - None - None - None - None
1367 (1503032 Gflops/s) - 1385 (1522823 Gflops/s) - 1356 (1490937 Gflops/s) - 1351 (1485440 Gflops/s) - 1368 (1504131 Gflops/s) - 1359 (1494236 Gflops/s) - 1365 (1500833 Gflops/s) - 1338 (1471146 Gflops/s) | Temperatures: 66°C - 66°C - 75°C - 72°C - 66°C - 67°C - 74°C - 73°C | Throttling: None - None - None - None - None - None - None - None
1365 (1500833 Gflops/s) - 1384 (1521724 Gflops/s) - 1357 (1492037 Gflops/s) - 1350 (1484340 Gflops/s) - 1368 (1504131 Gflops/s) - 1359 (1494236 Gflops/s) - 1363 (1498634 Gflops/s) - 1338 (1471146 Gflops/s) | Temperatures: 66°C - 66°C - 75°C - 72°C - 66°C - 67°C - 74°C - 73°C | Throttling: None - None - None - None - None - None - None - None
1366 (1501932 Gflops/s) - 1384 (1521724 Gflops/s) - 1357 (1492037 Gflops/s) - 1350 (1484340 Gflops/s) - 1367 (1503032 Gflops/s) - 1361 (1496435 Gflops/s) - 1365 (1500833 Gflops/s) - 1338 (1471146 Gflops/s) | Temperatures: 66°C - 66°C - 75°C - 72°C - 66°C - 68°C - 74°C - 73°C | Throttling: None - None - None - None - None - None - None - None
1363 (1498634 Gflops/s) - 1384 (1521724 Gflops/s) - 1354 (1488738 Gflops/s) - 1348 (1482141 Gflops/s) - 1367 (1503032 Gflops/s) - 1358 (1493136 Gflops/s) - 1364 (1499733 Gflops/s) - 1337 (1470047 Gflops/s) | Temperatures: 66°C - 66°C - 75°C - 72°C - 66°C - 68°C - 74°C - 73°C | Throttling: None - None - None - None - None - None - None - None
1368 (1504131 Gflops/s) - 1384 (1521724 Gflops/s) - 1357 (1492037 Gflops/s) - 1351 (1485440 Gflops/s) - 1368 (1504131 Gflops/s) - 1359 (1494236 Gflops/s) - 1363 (1498634 Gflops/s) - 1340 (1473345 Gflops/s) | Temperatures: 66°C - 66°C - 75°C - 72°C - 66°C - 67°C - 74°C - 73°C | Throttling: None - None - None - None - None - None - None - None
1364 (1499733 Gflops/s) - 1384 (1521724 Gflops/s) - 1356 (1490937 Gflops/s) - 1350 (1484340 Gflops/s) - 1368 (1504131 Gflops/s) - 1360 (1495335 Gflops/s) - 1365 (1500833 Gflops/s) - 1337 (1470047 Gflops/s) | Temperatures: 66°C - 66°C - 75°C - 72°C - 66°C - 68°C - 74°C - 73°C | Throttling: None - None - None - None - None - None - None - None
1364 (1499733 Gflops/s) - 1383 (1520624 Gflops/s) - 1356 (1490937 Gflops/s) - 1350 (1484340 Gflops/s) - 1368 (1504131 Gflops/s) - 1360 (1495335 Gflops/s) - 1364 (1499733 Gflops/s) - 1338 (1471146 Gflops/s) | Temperatures: 66°C - 66°C - 75°C - 72°C - 66°C - 67°C - 74°C - 73°C | Throttling: None - None - None - None - None - None - None - None
1365 (1500833 Gflops/s) - 1383 (1520624 Gflops/s) - 1355 (1489838 Gflops/s) - 1348 (1482141 Gflops/s) - 1367 (1503032 Gflops/s) - 1358 (1493136 Gflops/s) - 1363 (1498634 Gflops/s) - 1335 (1467848 Gflops/s) | Temperatures: 66°C - 66°C - 75°C - 72°C - 66°C - 67°C - 74°C - 73°C | Throttling: None - None - None - None - None - None - None - None
1366 (1501932 Gflops/s) - 1384 (1521724 Gflops/s) - 1357 (1492037 Gflops/s) - 1351 (1485440 Gflops/s) - 1368 (1504131 Gflops/s) - 1360 (1495335 Gflops/s) - 1364 (1499733 Gflops/s) - 1339 (1472246 Gflops/s) | Temperatures: 66°C - 66°C - 75°C - 72°C - 66°C - 68°C - 74°C - 73°C | Throttling: None - None - None - None - None - None - None - None
1366 (1501932 Gflops/s) - 1383 (1520624 Gflops/s) - 1357 (1492037 Gflops/s) - 1350 (1484340 Gflops/s) - 1369 (1505231 Gflops/s) - 1360 (1495335 Gflops/s) - 1364 (1499733 Gflops/s) - 1337 (1470047 Gflops/s) | Temperatures: 66°C - 66°C - 75°C - 72°C - 66°C - 67°C - 74°C - 73°C | Throttling: None - None - None - None - None - None - None - None
1365 (1500833 Gflops/s) - 1385 (1522823 Gflops/s) - 1357 (1492037 Gflops/s) - 1350 (1484340 Gflops/s) - 1368 (1504131 Gflops/s) - 1359 (1494236 Gflops/s) - 1364 (1499733 Gflops/s) - 1338 (1471146 Gflops/s) | Temperatures: 66°C - 66°C - 75°C - 72°C - 66°C - 67°C - 74°C - 73°C | Throttling: None - None - None - None - None - None - None - None
1366 (1501932 Gflops/s) - 1385 (1522823 Gflops/s) - 1356 (1490937 Gflops/s) - 1350 (1484340 Gflops/s) - 1368 (1504131 Gflops/s) - 1360 (1495335 Gflops/s) - 1364 (1499733 Gflops/s) - 1338 (1471146 Gflops/s) | Temperatures: 66°C - 66°C - 75°C - 72°C - 66°C - 67°C - 74°C - 73°C | Throttling: None - None - None - None - None - None - None - None
1361 (1496435 Gflops/s) - 1382 (1519525 Gflops/s) - 1355 (1489838 Gflops/s) - 1348 (1482141 Gflops/s) - 1367 (1503032 Gflops/s) - 1359 (1494236 Gflops/s) - 1363 (1498634 Gflops/s) - 1337 (1470047 Gflops/s) | Temperatures: 66°C - 66°C - 75°C - 72°C - 66°C - 67°C - 74°C - 73°C | Throttling: None - None - None - None - None - None - None - None
1364 (1499733 Gflops/s) - 1385 (1522823 Gflops/s) - 1357 (1492037 Gflops/s) - 1350 (1484340 Gflops/s) - 1369 (1505231 Gflops/s) - 1361 (1496435 Gflops/s) - 1364 (1499733 Gflops/s) - 1338 (1471146 Gflops/s) | Temperatures: 66°C - 66°C - 75°C - 72°C - 66°C - 67°C - 74°C - 73°C | Throttling: None - None - None - None - None - None - None - None
1365 (1500833 Gflops/s) - 1383 (1520624 Gflops/s) - 1356 (1490937 Gflops/s) - 1350 (1484340 Gflops/s) - 1369 (1505231 Gflops/s) - 1360 (1495335 Gflops/s) - 1365 (1500833 Gflops/s) - 1337 (1470047 Gflops/s) | Temperatures: 66°C - 66°C - 75°C - 72°C - 66°C - 67°C - 74°C - 73°C | Throttling: None - None - None - None - None - None - None - None
1367 (1503032 Gflops/s) - 1386 (1523923 Gflops/s) - 1357 (1492037 Gflops/s) - 1350 (1484340 Gflops/s) - 1368 (1504131 Gflops/s) - 1360 (1495335 Gflops/s) - 1363 (1498634 Gflops/s) - 1339 (1472246 Gflops/s) | Temperatures: 66°C - 66°C - 75°C - 72°C - 66°C - 67°C - 74°C - 73°C | Throttling: None - None - None - None - None - None - None - None
1363 (1498634 Gflops/s) - 1382 (1519525 Gflops/s) - 1355 (1489838 Gflops/s) - 1349 (1483241 Gflops/s) - 1367 (1503032 Gflops/s) - 1358 (1493136 Gflops/s) - 1363 (1498634 Gflops/s) - 1338 (1471146 Gflops/s) | Temperatures: 66°C - 66°C - 75°C - 72°C - 66°C - 67°C - 74°C - 73°C | Throttling: None - None - None - None - None - None - None - None
1364 (1499733 Gflops/s) - 1384 (1521724 Gflops/s) - 1356 (1490937 Gflops/s) - 1350 (1484340 Gflops/s) - 1368 (1504131 Gflops/s) - 1360 (1495335 Gflops/s) - 1364 (1499733 Gflops/s) - 1338 (1471146 Gflops/s) | Temperatures: 66°C - 66°C - 75°C - 72°C - 66°C - 67°C - 74°C - 73°C | Throttling: None - None - None - None - None - None - None - None
1364 (1499733 Gflops/s) - 1383 (1520624 Gflops/s) - 1357 (1492037 Gflops/s) - 1350 (1484340 Gflops/s) - 1368 (1504131 Gflops/s) - 1360 (1495335 Gflops/s) - 1364 (1499733 Gflops/s) - 1339 (1472246 Gflops/s) | Temperatures: 66°C - 66°C - 75°C - 72°C - 66°C - 67°C - 74°C - 73°C | Throttling: None - None - None - None - None - None - None - None
1364 (1499733 Gflops/s) - 1384 (1521724 Gflops/s) - 1357 (1492037 Gflops/s) - 1350 (1484340 Gflops/s) - 1369 (1505231 Gflops/s) - 1361 (1496435 Gflops/s) - 1364 (1499733 Gflops/s) - 1338 (1471146 Gflops/s) | Temperatures: 66°C - 66°C - 75°C - 72°C - 66°C - 67°C - 74°C - 73°C | Throttling: None - None - None - None - None - None - None - None
1365 (1500833 Gflops/s) - 1383 (1520624 Gflops/s) - 1355 (1489838 Gflops/s) - 1349 (1483241 Gflops/s) - 1366 (1501932 Gflops/s) - 1358 (1493136 Gflops/s) - 1363 (1498634 Gflops/s) - 1338 (1471146 Gflops/s) | Temperatures: 66°C - 66°C - 75°C - 72°C - 66°C - 67°C - 74°C - 73°C | Throttling: None - None - None - None - None - None - None - None
1366 (1501932 Gflops/s) - 1385 (1522823 Gflops/s) - 1357 (1492037 Gflops/s) - 1350 (1484340 Gflops/s) - 1368 (1504131 Gflops/s) - 1361 (1496435 Gflops/s) - 1364 (1499733 Gflops/s) - 1337 (1470047 Gflops/s) | Temperatures: 66°C - 66°C - 75°C - 72°C - 66°C - 67°C - 74°C - 73°C | Throttling: None - None - None - None - None - None - None - None
1365 (1500833 Gflops/s) - 1383 (1520624 Gflops/s) - 1358 (1493136 Gflops/s) - 1351 (1485440 Gflops/s) - 1369 (1505231 Gflops/s) - 1359 (1494236 Gflops/s) - 1363 (1498634 Gflops/s) - 1339 (1472246 Gflops/s) | Temperatures: 66°C - 66°C - 75°C - 72°C - 66°C - 67°C - 74°C - 73°C | Throttling: None - None - None - None - None - None - None - None
1365 (1500833 Gflops/s) - 1385 (1522823 Gflops/s) - 1357 (1492037 Gflops/s) - 1350 (1484340 Gflops/s) - 1368 (1504131 Gflops/s) - 1361 (1496435 Gflops/s) - 1364 (1499733 Gflops/s) - 1339 (1472246 Gflops/s) | Temperatures: 66°C - 66°C - 75°C - 72°C - 66°C - 67°C - 74°C - 73°C | Throttling: None - None - None - None - None - None - None - None
1364 (1499733 Gflops/s) - 1386 (1523923 Gflops/s) - 1357 (1492037 Gflops/s) - 1351 (1485440 Gflops/s) - 1368 (1504131 Gflops/s) - 1360 (1495335 Gflops/s) - 1363 (1498634 Gflops/s) - 1340 (1473345 Gflops/s) | Temperatures: 66°C - 66°C - 75°C - 72°C - 66°C - 67°C - 74°C - 73°C | Throttling: None - None - None - None - None - None - None - None
1365 (1500833 Gflops/s) - 1382 (1519525 Gflops/s) - 1355 (1489838 Gflops/s) - 1349 (1483241 Gflops/s) - 1366 (1501932 Gflops/s) - 1358 (1493136 Gflops/s) - 1363 (1498634 Gflops/s) - 1338 (1471146 Gflops/s) | Temperatures: 66°C - 66°C - 75°C - 72°C - 66°C - 67°C - 74°C - 73°C | Throttling: None - None - None - None - None - None - None - None
1366 (1501932 Gflops/s) - 1384 (1521724 Gflops/s) - 1358 (1493136 Gflops/s) - 1351 (1485440 Gflops/s) - 1368 (1504131 Gflops/s) - 1360 (1495335 Gflops/s) - 1363 (1498634 Gflops/s) - 1338 (1471146 Gflops/s) | Temperatures: 66°C - 66°C - 75°C - 72°C - 66°C - 67°C - 74°C - 73°C | Throttling: None - None - None - None - None - None - None - None
1368 (1504131 Gflops/s) - 1385 (1522823 Gflops/s) - 1357 (1492037 Gflops/s) - 1350 (1484340 Gflops/s) - 1368 (1504131 Gflops/s) - 1360 (1495335 Gflops/s) - 1364 (1499733 Gflops/s) - 1339 (1472246 Gflops/s) | Temperatures: 66°C - 66°C - 75°C - 72°C - 66°C - 67°C - 74°C - 73°C | Throttling: None - None - None - None - None - None - None - None
1367 (1503032 Gflops/s) - 1385 (1522823 Gflops/s) - 1357 (1492037 Gflops/s) - 1351 (1485440 Gflops/s) - 1368 (1504131 Gflops/s) - 1360 (1495335 Gflops/s) - 1365 (1500833 Gflops/s) - 1340 (1473345 Gflops/s) | Temperatures: 66°C - 66°C - 75°C - 72°C - 66°C - 67°C - 74°C - 73°C | Throttling: None - None - None - None - None - None - None - None
1364 (1499733 Gflops/s) - 1384 (1521724 Gflops/s) - 1356 (1490937 Gflops/s) - 1349 (1483241 Gflops/s) - 1366 (1501932 Gflops/s) - 1358 (1493136 Gflops/s) - 1363 (1498634 Gflops/s) - 1335 (1467848 Gflops/s) | Temperatures: 66°C - 66°C - 75°C - 72°C - 66°C - 67°C - 74°C - 73°C | Throttling: None - None - None - None - None - None - None - None
1367 (1503032 Gflops/s) - 1385 (1522823 Gflops/s) - 1357 (1492037 Gflops/s) - 1351 (1485440 Gflops/s) - 1368 (1504131 Gflops/s) - 1361 (1496435 Gflops/s) - 1364 (1499733 Gflops/s) - 1339 (1472246 Gflops/s) | Temperatures: 66°C - 66°C - 75°C - 72°C - 66°C - 67°C - 74°C - 73°C | Throttling: None - None - None - None - None - None - None - None
1366 (1501932 Gflops/s) - 1384 (1521724 Gflops/s) - 1358 (1493136 Gflops/s) - 1350 (1484340 Gflops/s) - 1368 (1504131 Gflops/s) - 1360 (1495335 Gflops/s) - 1364 (1499733 Gflops/s) - 1338 (1471146 Gflops/s) | Temperatures: 66°C - 66°C - 75°C - 72°C - 66°C - 67°C - 74°C - 73°C | Throttling: None - None - None - None - None - None - None - None
1366 (1501932 Gflops/s) - 1386 (1523923 Gflops/s) - 1358 (1493136 Gflops/s) - 1350 (1484340 Gflops/s) - 1369 (1505231 Gflops/s) - 1360 (1495335 Gflops/s) - 1363 (1498634 Gflops/s) - 1338 (1471146 Gflops/s) | Temperatures: 66°C - 66°C - 75°C - 72°C - 66°C - 67°C - 74°C - 73°C | Throttling: None - None - None - None - None - None - None - None
1365 (1500833 Gflops/s) - 1383 (1520624 Gflops/s) - 1356 (1490937 Gflops/s) - 1350 (1484340 Gflops/s) - 1366 (1501932 Gflops/s) - 1359 (1494236 Gflops/s) - 1364 (1499733 Gflops/s) - 1337 (1470047 Gflops/s) | Temperatures: 66°C - 66°C - 75°C - 72°C - 66°C - 67°C - 74°C - 73°C | Throttling: None - None - None - None - None - None - None - None
1367 (1503032 Gflops/s) - 1384 (1521724 Gflops/s) - 1356 (1490937 Gflops/s) - 1350 (1484340 Gflops/s) - 1368 (1504131 Gflops/s) - 1360 (1495335 Gflops/s) - 1363 (1498634 Gflops/s) - 1339 (1472246 Gflops/s) | Temperatures: 66°C - 66°C - 75°C - 72°C - 66°C - 67°C - 74°C - 73°C | Throttling: None - None - None - None - None - None - None - None
1367 (1503032 Gflops/s) - 1386 (1523923 Gflops/s) - 1358 (1493136 Gflops/s) - 1351 (1485440 Gflops/s) - 1367 (1503032 Gflops/s) - 1360 (1495335 Gflops/s) - 1365 (1500833 Gflops/s) - 1339 (1472246 Gflops/s) | Temperatures: 66°C - 66°C - 75°C - 72°C - 66°C - 67°C - 74°C - 73°C | Throttling: None - None - None - None - None - None - None - None
1366 (1501932 Gflops/s) - 1384 (1521724 Gflops/s) - 1357 (1492037 Gflops/s) - 1351 (1485440 Gflops/s) - 1368 (1504131 Gflops/s) - 1360 (1495335 Gflops/s) - 1364 (1499733 Gflops/s) - 1338 (1471146 Gflops/s) | Temperatures: 66°C - 66°C - 75°C - 72°C - 66°C - 67°C - 74°C - 73°C | Throttling: None - None - None - None - None - None - None - None
1364 (1499733 Gflops/s) - 1383 (1520624 Gflops/s) - 1355 (1489838 Gflops/s) - 1349 (1483241 Gflops/s) - 1366 (1501932 Gflops/s) - 1360 (1495335 Gflops/s) - 1362 (1497534 Gflops/s) - 1337 (1470047 Gflops/s) | Temperatures: 66°C - 66°C - 75°C - 72°C - 66°C - 67°C - 74°C - 73°C | Throttling: None - None - None - None - None - None - None - None
1365 (1500833 Gflops/s) - 1383 (1520624 Gflops/s) - 1358 (1493136 Gflops/s) - 1352 (1486539 Gflops/s) - 1368 (1504131 Gflops/s) - 1359 (1494236 Gflops/s) - 1363 (1498634 Gflops/s) - 1337 (1470047 Gflops/s) | Temperatures: 66°C - 66°C - 75°C - 72°C - 66°C - 67°C - 74°C - 73°C | Throttling: None - None - None - None - None - None - None - None
1365 (1500833 Gflops/s) - 1385 (1522823 Gflops/s) - 1357 (1492037 Gflops/s) - 1350 (1484340 Gflops/s) - 1368 (1504131 Gflops/s) - 1361 (1496435 Gflops/s) - 1364 (1499733 Gflops/s) - 1339 (1472246 Gflops/s) | Temperatures: 66°C - 66°C - 75°C - 72°C - 66°C - 67°C - 74°C - 73°C | Throttling: None - None - None - None - None - None - None - None
1367 (1503032 Gflops/s) - 1384 (1521724 Gflops/s) - 1357 (1492037 Gflops/s) - 1351 (1485440 Gflops/s) - 1368 (1504131 Gflops/s) - 1360 (1495335 Gflops/s) - 1364 (1499733 Gflops/s) - 1337 (1470047 Gflops/s) | Temperatures: 66°C - 66°C - 75°C - 72°C - 66°C - 67°C - 74°C - 73°C | Throttling: None - None - None - None - None - None - None - None
1366 (1501932 Gflops/s) - 1385 (1522823 Gflops/s) - 1357 (1492037 Gflops/s) - 1350 (1484340 Gflops/s) - 1368 (1504131 Gflops/s) - 1359 (1494236 Gflops/s) - 1364 (1499733 Gflops/s) - 1339 (1472246 Gflops/s) | Temperatures: 66°C - 66°C - 75°C - 72°C - 66°C - 67°C - 74°C - 73°C | Throttling: None - None - None - None - None - None - None - None
1365 (1500833 Gflops/s) - 1384 (1521724 Gflops/s) - 1356 (1490937 Gflops/s) - 1349 (1483241 Gflops/s) - 1367 (1503032 Gflops/s) - 1359 (1494236 Gflops/s) - 1364 (1499733 Gflops/s) - 1337 (1470047 Gflops/s) | Temperatures: 66°C - 66°C - 75°C - 72°C - 66°C - 67°C - 74°C - 73°C | Throttling: None - None - None - None - None - None - None - None
1368 (1504131 Gflops/s) - 1385 (1522823 Gflops/s) - 1358 (1493136 Gflops/s) - 1351 (1485440 Gflops/s) - 1367 (1503032 Gflops/s) - 1360 (1495335 Gflops/s) - 1364 (1499733 Gflops/s) - 1339 (1472246 Gflops/s) | Temperatures: 66°C - 66°C - 75°C - 72°C - 66°C - 67°C - 74°C - 73°C | Throttling: None - None - None - None - None - None - None - None
1365 (1500833 Gflops/s) - 1384 (1521724 Gflops/s) - 1357 (1492037 Gflops/s) - 1350 (1484340 Gflops/s) - 1368 (1504131 Gflops/s) - 1360 (1495335 Gflops/s) - 1363 (1498634 Gflops/s) - 1337 (1470047 Gflops/s) | Temperatures: 66°C - 66°C - 75°C - 72°C - 66°C - 67°C - 74°C - 73°C | Throttling: None - None - None - None - None - None - None - None
1365 (1500833 Gflops/s) - 1385 (1522823 Gflops/s) - 1357 (1492037 Gflops/s) - 1351 (1485440 Gflops/s) - 1368 (1504131 Gflops/s) - 1361 (1496435 Gflops/s) - 1364 (1499733 Gflops/s) - 1339 (1472246 Gflops/s) | Temperatures: 66°C - 66°C - 75°C - 72°C - 66°C - 67°C - 74°C - 73°C | Throttling: None - None - None - None - None - None - None - None
1364 (1499733 Gflops/s) - 1384 (1521724 Gflops/s) - 1356 (1490937 Gflops/s) - 1349 (1483241 Gflops/s) - 1366 (1501932 Gflops/s) - 1359 (1494236 Gflops/s) - 1364 (1499733 Gflops/s) - 1337 (1470047 Gflops/s) | Temperatures: 66°C - 66°C - 75°C - 72°C - 66°C - 67°C - 74°C - 73°C | Throttling: None - None - None - None - None - None - None - None
1365 (1500833 Gflops/s) - 1384 (1521724 Gflops/s) - 1357 (1492037 Gflops/s) - 1351 (1485440 Gflops/s) - 1368 (1504131 Gflops/s) - 1360 (1495335 Gflops/s) - 1364 (1499733 Gflops/s) - 1339 (1472246 Gflops/s) | Temperatures: 66°C - 66°C - 75°C - 72°C - 66°C - 67°C - 74°C - 73°C | Throttling: None - None - None - None - None - None - None - None
1367 (1503032 Gflops/s) - 1385 (1522823 Gflops/s) - 1357 (1492037 Gflops/s) - 1350 (1484340 Gflops/s) - 1368 (1504131 Gflops/s) - 1360 (1495335 Gflops/s) - 1363 (1498634 Gflops/s) - 1339 (1472246 Gflops/s) | Temperatures: 66°C - 66°C - 75°C - 72°C - 66°C - 67°C - 74°C - 73°C | Throttling: None - None - None - None - None - None - None - None
1367 (1503032 Gflops/s) - 1385 (1522823 Gflops/s) - 1357 (1492037 Gflops/s) - 1351 (1485440 Gflops/s) - 1367 (1503032 Gflops/s) - 1359 (1494236 Gflops/s) - 1364 (1499733 Gflops/s) - 1339 (1472246 Gflops/s) | Temperatures: 66°C - 66°C - 75°C - 72°C - 66°C - 67°C - 74°C - 73°C | Throttling: None - None - None - None - None - None - None - None
1364 (1499733 Gflops/s) - 1383 (1520624 Gflops/s) - 1356 (1490937 Gflops/s) - 1350 (1484340 Gflops/s) - 1367 (1503032 Gflops/s) - 1359 (1494236 Gflops/s) - 1363 (1498634 Gflops/s) - 1338 (1471146 Gflops/s) | Temperatures: 66°C - 66°C - 75°C - 72°C - 66°C - 67°C - 74°C - 73°C | Throttling: None - None - None - None - None - None - None - None
1365 (1500833 Gflops/s) - 1384 (1521724 Gflops/s) - 1357 (1492037 Gflops/s) - 1350 (1484340 Gflops/s) - 1367 (1503032 Gflops/s) - 1361 (1496435 Gflops/s) - 1364 (1499733 Gflops/s) - 1339 (1472246 Gflops/s) | Temperatures: 66°C - 66°C - 75°C - 72°C - 66°C - 67°C - 74°C - 73°C | Throttling: None - None - None - None - None - None - None - None
1364 (1499733 Gflops/s) - 1385 (1522823 Gflops/s) - 1356 (1490937 Gflops/s) - 1349 (1483241 Gflops/s) - 1368 (1504131 Gflops/s) - 1360 (1495335 Gflops/s) - 1364 (1499733 Gflops/s) - 1338 (1471146 Gflops/s) | Temperatures: 66°C - 66°C - 75°C - 72°C - 66°C - 67°C - 74°C - 73°C | Throttling: None - None - None - None - None - None - None - None
1367 (1503032 Gflops/s) - 1385 (1522823 Gflops/s) - 1357 (1492037 Gflops/s) - 1351 (1485440 Gflops/s) - 1368 (1504131 Gflops/s) - 1360 (1495335 Gflops/s) - 1364 (1499733 Gflops/s) - 1339 (1472246 Gflops/s) | Temperatures: 66°C - 66°C - 75°C - 72°C - 66°C - 67°C - 74°C - 73°C | Throttling: None - None - None - None - None - None - None - None
1365 (1500833 Gflops/s) - 1384 (1521724 Gflops/s) - 1357 (1492037 Gflops/s) - 1351 (1485440 Gflops/s) - 1368 (1504131 Gflops/s) - 1360 (1495335 Gflops/s) - 1363 (1498634 Gflops/s) - 1339 (1472246 Gflops/s) | Temperatures: 66°C - 66°C - 75°C - 72°C - 66°C - 67°C - 74°C - 73°C | Throttling: None - None - None - None - None - None - None - None
1366 (1501932 Gflops/s) - 1385 (1522823 Gflops/s) - 1358 (1493136 Gflops/s) - 1350 (1484340 Gflops/s) - 1368 (1504131 Gflops/s) - 1361 (1496435 Gflops/s) - 1365 (1500833 Gflops/s) - 1339 (1472246 Gflops/s) | Temperatures: 66°C - 66°C - 75°C - 72°C - 66°C - 67°C - 74°C - 72°C | Throttling: None - None - None - None - None - None - None - None
1366 (1501932 Gflops/s) - 1383 (1520624 Gflops/s) - 1356 (1490937 Gflops/s) - 1350 (1484340 Gflops/s) - 1367 (1503032 Gflops/s) - 1360 (1495335 Gflops/s) - 1363 (1498634 Gflops/s) - 1338 (1471146 Gflops/s) | Temperatures: 66°C - 66°C - 75°C - 72°C - 66°C - 67°C - 74°C - 73°C | Throttling: None - None - None - None - None - None - None - None
1363 (1498634 Gflops/s) - 1384 (1521724 Gflops/s) - 1356 (1490937 Gflops/s) - 1349 (1483241 Gflops/s) - 1367 (1503032 Gflops/s) - 1359 (1494236 Gflops/s) - 1363 (1498634 Gflops/s) - 1337 (1470047 Gflops/s) | Temperatures: 66°C - 66°C - 75°C - 72°C - 66°C - 67°C - 74°C - 72°C | Throttling: None - None - None - None - None - None - None - None
1368 (1504131 Gflops/s) - 1385 (1522823 Gflops/s) - 1359 (1494236 Gflops/s) - 1350 (1484340 Gflops/s) - 1368 (1504131 Gflops/s) - 1360 (1495335 Gflops/s) - 1363 (1498634 Gflops/s) - 1340 (1473345 Gflops/s) | Temperatures: 66°C - 66°C - 75°C - 72°C - 66°C - 67°C - 74°C - 73°C | Throttling: None - None - None - None - None - None - None - None
1366 (1501932 Gflops/s) - 1385 (1522823 Gflops/s) - 1358 (1493136 Gflops/s) - 1351 (1485440 Gflops/s) - 1369 (1505231 Gflops/s) - 1359 (1494236 Gflops/s) - 1364 (1499733 Gflops/s) - 1338 (1471146 Gflops/s) | Temperatures: 66°C - 66°C - 75°C - 72°C - 66°C - 67°C - 74°C - 72°C | Throttling: None - None - None - None - None - None - None - None
1365 (1500833 Gflops/s) - 1385 (1522823 Gflops/s) - 1358 (1493136 Gflops/s) - 1350 (1484340 Gflops/s) - 1368 (1504131 Gflops/s) - 1361 (1496435 Gflops/s) - 1364 (1499733 Gflops/s) - 1339 (1472246 Gflops/s) | Temperatures: 66°C - 66°C - 75°C - 72°C - 66°C - 67°C - 74°C - 72°C | Throttling: None - None - None - None - None - None - None - None
1363 (1498634 Gflops/s) - 1383 (1520624 Gflops/s) - 1357 (1492037 Gflops/s) - 1349 (1483241 Gflops/s) - 1366 (1501932 Gflops/s) - 1359 (1494236 Gflops/s) - 1362 (1497534 Gflops/s) - 1338 (1471146 Gflops/s) | Temperatures: 66°C - 66°C - 75°C - 72°C - 66°C - 67°C - 74°C - 73°C | Throttling: None - None - None - None - None - None - None - None
1367 (1503032 Gflops/s) - 1385 (1522823 Gflops/s) - 1358 (1493136 Gflops/s) - 1350 (1484340 Gflops/s) - 1368 (1504131 Gflops/s) - 1360 (1495335 Gflops/s) - 1365 (1500833 Gflops/s) - 1339 (1472246 Gflops/s) | Temperatures: 66°C - 66°C - 75°C - 72°C - 66°C - 67°C - 74°C - 73°C | Throttling: None - None - None - None - None - None - None - None
1365 (1500833 Gflops/s) - 1383 (1520624 Gflops/s) - 1359 (1494236 Gflops/s) - 1350 (1484340 Gflops/s) - 1368 (1504131 Gflops/s) - 1359 (1494236 Gflops/s) - 1365 (1500833 Gflops/s) - 1338 (1471146 Gflops/s) | Temperatures: 66°C - 66°C - 75°C - 72°C - 66°C - 67°C - 74°C - 73°C | Throttling: None - None - None - None - None - None - None - None
1366 (1501932 Gflops/s) - 1384 (1521724 Gflops/s) - 1358 (1493136 Gflops/s) - 1351 (1485440 Gflops/s) - 1368 (1504131 Gflops/s) - 1360 (1495335 Gflops/s) - 1363 (1498634 Gflops/s) - 1340 (1473345 Gflops/s) | Temperatures: 66°C - 66°C - 75°C - 72°C - 66°C - 67°C - 74°C - 73°C | Throttling: None - None - None - None - None - None - None - None
1365 (1500833 Gflops/s) - 1382 (1519525 Gflops/s) - 1355 (1489838 Gflops/s) - 1349 (1483241 Gflops/s) - 1367 (1503032 Gflops/s) - 1360 (1495335 Gflops/s) - 1364 (1499733 Gflops/s) - 1338 (1471146 Gflops/s) | Temperatures: 66°C - 66°C - 75°C - 72°C - 66°C - 67°C - 74°C - 73°C | Throttling: None - None - None - None - None - None - None - None
1365 (1500833 Gflops/s) - 1384 (1521724 Gflops/s) - 1358 (1493136 Gflops/s) - 1351 (1485440 Gflops/s) - 1367 (1503032 Gflops/s) - 1360 (1495335 Gflops/s) - 1364 (1499733 Gflops/s) - 1337 (1470047 Gflops/s) | Temperatures: 66°C - 66°C - 75°C - 72°C - 66°C - 67°C - 74°C - 73°C | Throttling: None - None - None - None - None - None - None - None
1363 (1498634 Gflops/s) - 1384 (1521724 Gflops/s) - 1359 (1494236 Gflops/s) - 1350 (1484340 Gflops/s) - 1368 (1504131 Gflops/s) - 1360 (1495335 Gflops/s) - 1365 (1500833 Gflops/s) - 1339 (1472246 Gflops/s) | Temperatures: 66°C - 66°C - 75°C - 72°C - 66°C - 67°C - 74°C - 73°C | Throttling: None - None - None - None - None - None - None - None
1369 (1505231 Gflops/s) - 1385 (1522823 Gflops/s) - 1357 (1492037 Gflops/s) - 1351 (1485440 Gflops/s) - 1367 (1503032 Gflops/s) - 1360 (1495335 Gflops/s) - 1363 (1498634 Gflops/s) - 1338 (1471146 Gflops/s) | Temperatures: 66°C - 66°C - 75°C - 72°C - 66°C - 67°C - 74°C - 73°C | Throttling: None - None - None - None - None - None - None - None
1367 (1503032 Gflops/s) - 1383 (1520624 Gflops/s) - 1359 (1494236 Gflops/s) - 1350 (1484340 Gflops/s) - 1368 (1504131 Gflops/s) - 1360 (1495335 Gflops/s) - 1365 (1500833 Gflops/s) - 1339 (1472246 Gflops/s) | Temperatures: 66°C - 66°C - 75°C - 72°C - 66°C - 67°C - 74°C - 73°C | Throttling: None - None - None - None - None - None - None - None
1364 (1499733 Gflops/s) - 1383 (1520624 Gflops/s) - 1355 (1489838 Gflops/s) - 1349 (1483241 Gflops/s) - 1366 (1501932 Gflops/s) - 1359 (1494236 Gflops/s) - 1362 (1497534 Gflops/s) - 1337 (1470047 Gflops/s) | Temperatures: 66°C - 66°C - 75°C - 72°C - 66°C - 67°C - 74°C - 73°C | Throttling: None - None - None - None - None - None - None - None
1368 (1504131 Gflops/s) - 1383 (1520624 Gflops/s) - 1358 (1493136 Gflops/s) - 1350 (1484340 Gflops/s) - 1368 (1504131 Gflops/s) - 1359 (1494236 Gflops/s) - 1364 (1499733 Gflops/s) - 1338 (1471146 Gflops/s) | Temperatures: 66°C - 66°C - 75°C - 72°C - 66°C - 67°C - 74°C - 73°C | Throttling: None - None - None - None - None - None - None - None
1366 (1501932 Gflops/s) - 1385 (1522823 Gflops/s) - 1358 (1493136 Gflops/s) - 1351 (1485440 Gflops/s) - 1368 (1504131 Gflops/s) - 1360 (1495335 Gflops/s) - 1365 (1500833 Gflops/s) - 1340 (1473345 Gflops/s) | Temperatures: 66°C - 66°C - 75°C - 72°C - 66°C - 67°C - 74°C - 73°C | Throttling: None - None - None - None - None - None - None - None
1364 (1499733 Gflops/s) - 1385 (1522823 Gflops/s) - 1358 (1493136 Gflops/s) - 1350 (1484340 Gflops/s) - 1367 (1503032 Gflops/s) - 1360 (1495335 Gflops/s) - 1365 (1500833 Gflops/s) - 1338 (1471146 Gflops/s) | Temperatures: 66°C - 66°C - 75°C - 72°C - 66°C - 67°C - 74°C - 73°C | Throttling: None - None - None - None - None - None - None - None
1364 (1499733 Gflops/s) - 1381 (1518425 Gflops/s) - 1356 (1490937 Gflops/s) - 1349 (1483241 Gflops/s) - 1366 (1501932 Gflops/s) - 1359 (1494236 Gflops/s) - 1362 (1497534 Gflops/s) - 1338 (1471146 Gflops/s) | Temperatures: 66°C - 66°C - 75°C - 72°C - 66°C - 67°C - 74°C - 73°C | Throttling: None - None - None - None - None - None - None - None
1363 (1498634 Gflops/s) - 1385 (1522823 Gflops/s) - 1358 (1493136 Gflops/s) - 1351 (1485440 Gflops/s) - 1368 (1504131 Gflops/s) - 1361 (1496435 Gflops/s) - 1365 (1500833 Gflops/s) - 1339 (1472246 Gflops/s) | Temperatures: 66°C - 66°C - 75°C - 72°C - 66°C - 67°C - 74°C - 73°C | Throttling: None - None - None - None - None - None - None - None
1367 (1503032 Gflops/s) - 1384 (1521724 Gflops/s) - 1359 (1494236 Gflops/s) - 1351 (1485440 Gflops/s) - 1368 (1504131 Gflops/s) - 1360 (1495335 Gflops/s) - 1364 (1499733 Gflops/s) - 1340 (1473345 Gflops/s) | Temperatures: 66°C - 66°C - 75°C - 72°C - 66°C - 67°C - 74°C - 73°C | Throttling: None - None - None - None - None - None - None - None
1366 (1501932 Gflops/s) - 1384 (1521724 Gflops/s) - 1357 (1492037 Gflops/s) - 1350 (1484340 Gflops/s) - 1368 (1504131 Gflops/s) - 1360 (1495335 Gflops/s) - 1364 (1499733 Gflops/s) - 1339 (1472246 Gflops/s) | Temperatures: 66°C - 66°C - 75°C - 72°C - 66°C - 67°C - 74°C - 73°C | Throttling: None - None - None - None - None - None - None - None
1365 (1500833 Gflops/s) - 1382 (1519525 Gflops/s) - 1357 (1492037 Gflops/s) - 1350 (1484340 Gflops/s) - 1366 (1501932 Gflops/s) - 1359 (1494236 Gflops/s) - 1363 (1498634 Gflops/s) - 1338 (1471146 Gflops/s) | Temperatures: 66°C - 66°C - 75°C - 72°C - 66°C - 67°C - 74°C - 73°C | Throttling: None - None - None - None - None - None - None - None
1366 (1501932 Gflops/s) - 1385 (1522823 Gflops/s) - 1358 (1493136 Gflops/s) - 1351 (1485440 Gflops/s) - 1368 (1504131 Gflops/s) - 1360 (1495335 Gflops/s) - 1364 (1499733 Gflops/s) - 1339 (1472246 Gflops/s) | Temperatures: 66°C - 66°C - 75°C - 72°C - 66°C - 67°C - 74°C - 73°C | Throttling: None - None - None - None - None - None - None - None
1367 (1503032 Gflops/s) - 1384 (1521724 Gflops/s) - 1357 (1492037 Gflops/s) - 1350 (1484340 Gflops/s) - 1368 (1504131 Gflops/s) - 1360 (1495335 Gflops/s) - 1364 (1499733 Gflops/s) - 1339 (1472246 Gflops/s) | Temperatures: 66°C - 66°C - 75°C - 72°C - 66°C - 67°C - 74°C - 73°C | Throttling: None - None - None - None - None - None - None - None
1368 (1504131 Gflops/s) - 1385 (1522823 Gflops/s) - 1357 (1492037 Gflops/s) - 1351 (1485440 Gflops/s) - 1368 (1504131 Gflops/s) - 1360 (1495335 Gflops/s) - 1364 (1499733 Gflops/s) - 1338 (1471146 Gflops/s) | Temperatures: 66°C - 66°C - 75°C - 72°C - 66°C - 67°C - 74°C - 73°C | Throttling: None - None - None - None - None - None - None - None
1365 (1500833 Gflops/s) - 1385 (1522823 Gflops/s) - 1359 (1494236 Gflops/s) - 1350 (1484340 Gflops/s) - 1368 (1504131 Gflops/s) - 1360 (1495335 Gflops/s) - 1363 (1498634 Gflops/s) - 1339 (1472246 Gflops/s) | Temperatures: 66°C - 66°C - 75°C - 72°C - 66°C - 67°C - 74°C - 73°C | Throttling: None - None - None - None - None - None - None - None
1363 (1498634 Gflops/s) - 1383 (1520624 Gflops/s) - 1356 (1490937 Gflops/s) - 1349 (1483241 Gflops/s) - 1366 (1501932 Gflops/s) - 1359 (1494236 Gflops/s) - 1363 (1498634 Gflops/s) - 1338 (1471146 Gflops/s) | Temperatures: 66°C - 66°C - 75°C - 72°C - 66°C - 67°C - 74°C - 73°C | Throttling: None - None - None - None - None - None - None - None
1364 (1499733 Gflops/s) - 1385 (1522823 Gflops/s) - 1358 (1493136 Gflops/s) - 1351 (1485440 Gflops/s) - 1368 (1504131 Gflops/s) - 1360 (1495335 Gflops/s) - 1364 (1499733 Gflops/s) - 1340 (1473345 Gflops/s) | Temperatures: 66°C - 66°C - 75°C - 72°C - 66°C - 67°C - 74°C - 73°C | Throttling: None - None - None - None - None - None - None - None
1366 (1501932 Gflops/s) - 1384 (1521724 Gflops/s) - 1358 (1493136 Gflops/s) - 1350 (1484340 Gflops/s) - 1369 (1505231 Gflops/s) - 1360 (1495335 Gflops/s) - 1364 (1499733 Gflops/s) - 1339 (1472246 Gflops/s) | Temperatures: 66°C - 66°C - 75°C - 72°C - 66°C - 67°C - 74°C - 73°C | Throttling: None - None - None - None - None - None - None - None
1366 (1501932 Gflops/s) - 1385 (1522823 Gflops/s) - 1358 (1493136 Gflops/s) - 1351 (1485440 Gflops/s) - 1368 (1504131 Gflops/s) - 1361 (1496435 Gflops/s) - 1364 (1499733 Gflops/s) - 1339 (1472246 Gflops/s) | Temperatures: 66°C - 66°C - 75°C - 72°C - 66°C - 67°C - 74°C - 73°C | Throttling: None - None - None - None - None - None - None - None
1363 (1498634 Gflops/s) - 1381 (1518425 Gflops/s) - 1355 (1489838 Gflops/s) - 1349 (1483241 Gflops/s) - 1366 (1501932 Gflops/s) - 1358 (1493136 Gflops/s) - 1362 (1497534 Gflops/s) - 1337 (1470047 Gflops/s) | Temperatures: 66°C - 66°C - 75°C - 72°C - 66°C - 67°C - 74°C - 73°C | Throttling: None - None - None - None - None - None - None - None
1365 (1500833 Gflops/s) - 1386 (1523923 Gflops/s) - 1358 (1493136 Gflops/s) - 1351 (1485440 Gflops/s) - 1368 (1504131 Gflops/s) - 1361 (1496435 Gflops/s) - 1364 (1499733 Gflops/s) - 1340 (1473345 Gflops/s) | Temperatures: 66°C - 66°C - 75°C - 72°C - 66°C - 67°C - 74°C - 73°C | Throttling: None - None - None - None - None - None - None - None
1367 (1503032 Gflops/s) - 1385 (1522823 Gflops/s) - 1358 (1493136 Gflops/s) - 1350 (1484340 Gflops/s) - 1368 (1504131 Gflops/s) - 1360 (1495335 Gflops/s) - 1365 (1500833 Gflops/s) - 1338 (1471146 Gflops/s) | Temperatures: 66°C - 66°C - 75°C - 72°C - 66°C - 67°C - 74°C - 73°C | Throttling: None - None - None - None - None - None - None - None
1366 (1501932 Gflops/s) - 1384 (1521724 Gflops/s) - 1359 (1494236 Gflops/s) - 1351 (1485440 Gflops/s) - 1368 (1504131 Gflops/s) - 1361 (1496435 Gflops/s) - 1363 (1498634 Gflops/s) - 1340 (1473345 Gflops/s) | Temperatures: 66°C - 66°C - 75°C - 72°C - 66°C - 67°C - 74°C - 73°C | Throttling: None - None - None - None - None - None - None - None
1364 (1499733 Gflops/s) - 1383 (1520624 Gflops/s) - 1357 (1492037 Gflops/s) - 1349 (1483241 Gflops/s) - 1367 (1503032 Gflops/s) - 1359 (1494236 Gflops/s) - 1364 (1499733 Gflops/s) - 1336 (1468947 Gflops/s) | Temperatures: 66°C - 66°C - 75°C - 72°C - 66°C - 67°C - 74°C - 73°C | Throttling: None - None - None - None - None - None - None - None
1364 (1499733 Gflops/s) - 1385 (1522823 Gflops/s) - 1359 (1494236 Gflops/s) - 1350 (1484340 Gflops/s) - 1368 (1504131 Gflops/s) - 1359 (1494236 Gflops/s) - 1364 (1499733 Gflops/s) - 1338 (1471146 Gflops/s) | Temperatures: 66°C - 66°C - 75°C - 72°C - 66°C - 67°C - 74°C - 73°C | Throttling: None - None - None - None - None - None - None - None
1367 (1503032 Gflops/s) - 1385 (1522823 Gflops/s) - 1357 (1492037 Gflops/s) - 1351 (1485440 Gflops/s) - 1368 (1504131 Gflops/s) - 1360 (1495335 Gflops/s) - 1364 (1499733 Gflops/s) - 1339 (1472246 Gflops/s) | Temperatures: 66°C - 66°C - 75°C - 72°C - 66°C - 67°C - 74°C - 73°C | Throttling: None - None - None - None - None - None - None - None
1364 (1499733 Gflops/s) - 1386 (1523923 Gflops/s) - 1358 (1493136 Gflops/s) - 1350 (1484340 Gflops/s) - 1368 (1504131 Gflops/s) - 1361 (1496435 Gflops/s) - 1363 (1498634 Gflops/s) - 1339 (1472246 Gflops/s) | Temperatures: 66°C - 66°C - 75°C - 72°C - 66°C - 67°C - 74°C - 73°C | Throttling: None - None - None - None - None - None - None - None
1361 (1496435 Gflops/s) - 1383 (1520624 Gflops/s) - 1356 (1490937 Gflops/s) - 1350 (1484340 Gflops/s) - 1367 (1503032 Gflops/s) - 1358 (1493136 Gflops/s) - 1364 (1499733 Gflops/s) - 1338 (1471146 Gflops/s) | Temperatures: 66°C - 66°C - 75°C - 72°C - 66°C - 67°C - 74°C - 73°C | Throttling: None - None - None - None - None - None - None - None
1366 (1501932 Gflops/s) - 1385 (1522823 Gflops/s) - 1358 (1493136 Gflops/s) - 1350 (1484340 Gflops/s) - 1368 (1504131 Gflops/s) - 1360 (1495335 Gflops/s) - 1364 (1499733 Gflops/s) - 1338 (1471146 Gflops/s) | Temperatures: 66°C - 66°C - 75°C - 72°C - 66°C - 67°C - 74°C - 73°C | Throttling: None - None - None - None - None - None - None - None
1364 (1499733 Gflops/s) - 1384 (1521724 Gflops/s) - 1359 (1494236 Gflops/s) - 1351 (1485440 Gflops/s) - 1368 (1504131 Gflops/s) - 1360 (1495335 Gflops/s) - 1365 (1500833 Gflops/s) - 1340 (1473345 Gflops/s) | Temperatures: 66°C - 66°C - 75°C - 72°C - 66°C - 67°C - 74°C - 73°C | Throttling: None - None - None - None - None - None - None - None
1367 (1503032 Gflops/s) - 1386 (1523923 Gflops/s) - 1358 (1493136 Gflops/s) - 1351 (1485440 Gflops/s) - 1368 (1504131 Gflops/s) - 1361 (1496435 Gflops/s) - 1363 (1498634 Gflops/s) - 1338 (1471146 Gflops/s) | Temperatures: 66°C - 66°C - 75°C - 72°C - 66°C - 67°C - 74°C - 73°C | Throttling: None - None - None - None - None - None - None - None
1363 (1498634 Gflops/s) - 1383 (1520624 Gflops/s) - 1356 (1490937 Gflops/s) - 1349 (1483241 Gflops/s) - 1366 (1501932 Gflops/s) - 1359 (1494236 Gflops/s) - 1363 (1498634 Gflops/s) - 1338 (1471146 Gflops/s) | Temperatures: 66°C - 66°C - 75°C - 72°C - 66°C - 67°C - 74°C - 73°C | Throttling: None - None - None - None - None - None - None - None
1366 (1501932 Gflops/s) - 1385 (1522823 Gflops/s) - 1358 (1493136 Gflops/s) - 1351 (1485440 Gflops/s) - 1368 (1504131 Gflops/s) - 1360 (1495335 Gflops/s) - 1364 (1499733 Gflops/s) - 1340 (1473345 Gflops/s) | Temperatures: 66°C - 66°C - 75°C - 72°C - 66°C - 67°C - 74°C - 73°C | Throttling: None - None - None - None - None - None - None - None
1365 (1500833 Gflops/s) - 1384 (1521724 Gflops/s) - 1358 (1493136 Gflops/s) - 1351 (1485440 Gflops/s) - 1368 (1504131 Gflops/s) - 1360 (1495335 Gflops/s) - 1364 (1499733 Gflops/s) - 1339 (1472246 Gflops/s) | Temperatures: 66°C - 66°C - 75°C - 72°C - 66°C - 67°C - 74°C - 73°C | Throttling: None - None - None - None - None - None - None - None
1364 (1499733 Gflops/s) - 1386 (1523923 Gflops/s) - 1358 (1493136 Gflops/s) - 1350 (1484340 Gflops/s) - 1368 (1504131 Gflops/s) - 1361 (1496435 Gflops/s) - 1365 (1500833 Gflops/s) - 1339 (1472246 Gflops/s) | Temperatures: 66°C - 66°C - 75°C - 72°C - 66°C - 67°C - 74°C - 73°C | Throttling: None - None - None - None - None - None - None - None
1366 (1501932 Gflops/s) - 1385 (1522823 Gflops/s) - 1358 (1493136 Gflops/s) - 1350 (1484340 Gflops/s) - 1368 (1504131 Gflops/s) - 1360 (1495335 Gflops/s) - 1364 (1499733 Gflops/s) - 1338 (1471146 Gflops/s) | Temperatures: 66°C - 66°C - 75°C - 72°C - 66°C - 67°C - 74°C - 73°C | Throttling: None - None - None - None - None - None - None - None
1363 (1498634 Gflops/s) - 1384 (1521724 Gflops/s) - 1356 (1490937 Gflops/s) - 1349 (1483241 Gflops/s) - 1366 (1501932 Gflops/s) - 1361 (1496435 Gflops/s) - 1363 (1498634 Gflops/s) - 1339 (1472246 Gflops/s) | Temperatures: 66°C - 66°C - 75°C - 72°C - 66°C - 67°C - 74°C - 73°C | Throttling: None - None - None - None - None - None - None - None
1365 (1500833 Gflops/s) - 1385 (1522823 Gflops/s) - 1359 (1494236 Gflops/s) - 1351 (1485440 Gflops/s) - 1368 (1504131 Gflops/s) - 1360 (1495335 Gflops/s) - 1364 (1499733 Gflops/s) - 1338 (1471146 Gflops/s) | Temperatures: 66°C - 66°C - 75°C - 72°C - 66°C - 67°C - 74°C - 73°C | Throttling: None - None - None - None - None - None - None - None
1365 (1500833 Gflops/s) - 1385 (1522823 Gflops/s) - 1358 (1493136 Gflops/s) - 1351 (1485440 Gflops/s) - 1368 (1504131 Gflops/s) - 1360 (1495335 Gflops/s) - 1365 (1500833 Gflops/s) - 1340 (1473345 Gflops/s) | Temperatures: 66°C - 66°C - 75°C - 72°C - 66°C - 67°C - 74°C - 73°C | Throttling: None - None - None - None - None - None - None - None
1364 (1499733 Gflops/s) - 1385 (1522823 Gflops/s) - 1358 (1493136 Gflops/s) - 1350 (1484340 Gflops/s) - 1368 (1504131 Gflops/s) - 1361 (1496435 Gflops/s) - 1364 (1499733 Gflops/s) - 1336 (1468947 Gflops/s) | Temperatures: 66°C - 66°C - 75°C - 72°C - 66°C - 67°C - 74°C - 73°C | Throttling: None - None - None - None - None - None - None - None
1365 (1500833 Gflops/s) - 1383 (1520624 Gflops/s) - 1356 (1490937 Gflops/s) - 1349 (1483241 Gflops/s) - 1367 (1503032 Gflops/s) - 1359 (1494236 Gflops/s) - 1364 (1499733 Gflops/s) - 1337 (1470047 Gflops/s) | Temperatures: 66°C - 66°C - 75°C - 72°C - 66°C - 67°C - 74°C - 73°C | Throttling: None - None - None - None - None - None - None - None
1367 (1503032 Gflops/s) - 1384 (1521724 Gflops/s) - 1357 (1492037 Gflops/s) - 1351 (1485440 Gflops/s) - 1367 (1503032 Gflops/s) - 1359 (1494236 Gflops/s) - 1364 (1499733 Gflops/s) - 1339 (1472246 Gflops/s) | Temperatures: 66°C - 66°C - 75°C - 72°C - 66°C - 67°C - 74°C - 73°C | Throttling: None - None - None - None - None - None - None - None
1367 (1503032 Gflops/s) - 1385 (1522823 Gflops/s) - 1359 (1494236 Gflops/s) - 1350 (1484340 Gflops/s) - 1368 (1504131 Gflops/s) - 1361 (1496435 Gflops/s) - 1364 (1499733 Gflops/s) - 1338 (1471146 Gflops/s) | Temperatures: 66°C - 66°C - 75°C - 72°C - 66°C - 67°C - 74°C - 73°C | Throttling: None - None - None - None - None - None - None - None
1363 (1498634 Gflops/s) - 1384 (1521724 Gflops/s) - 1359 (1494236 Gflops/s) - 1351 (1485440 Gflops/s) - 1368 (1504131 Gflops/s) - 1360 (1495335 Gflops/s) - 1365 (1500833 Gflops/s) - 1339 (1472246 Gflops/s) | Temperatures: 66°C - 66°C - 75°C - 72°C - 66°C - 67°C - 74°C - 73°C | Throttling: None - None - None - None - None - None - None - None
1366 (1501932 Gflops/s) - 1385 (1522823 Gflops/s) - 1357 (1492037 Gflops/s) - 1351 (1485440 Gflops/s) - 1368 (1504131 Gflops/s) - 1360 (1495335 Gflops/s) - 1365 (1500833 Gflops/s) - 1339 (1472246 Gflops/s) | Temperatures: 66°C - 66°C - 75°C - 72°C - 66°C - 67°C - 74°C - 73°C | Throttling: None - None - None - None - None - None - None - None
1364 (1499733 Gflops/s) - 1384 (1521724 Gflops/s) - 1357 (1492037 Gflops/s) - 1349 (1483241 Gflops/s) - 1366 (1501932 Gflops/s) - 1359 (1494236 Gflops/s) - 1364 (1499733 Gflops/s) - 1337 (1470047 Gflops/s) | Temperatures: 66°C - 66°C - 75°C - 72°C - 66°C - 67°C - 74°C - 73°C | Throttling: None - None - None - None - None - None - None - None
1365 (1500833 Gflops/s) - 1384 (1521724 Gflops/s) - 1359 (1494236 Gflops/s) - 1351 (1485440 Gflops/s) - 1368 (1504131 Gflops/s) - 1360 (1495335 Gflops/s) - 1364 (1499733 Gflops/s) - 1340 (1473345 Gflops/s) | Temperatures: 66°C - 66°C - 75°C - 72°C - 66°C - 67°C - 74°C - 73°C | Throttling: None - None - None - None - None - None - None - None
1365 (1500833 Gflops/s) - 1384 (1521724 Gflops/s) - 1358 (1493136 Gflops/s) - 1351 (1485440 Gflops/s) - 1368 (1504131 Gflops/s) - 1360 (1495335 Gflops/s) - 1364 (1499733 Gflops/s) - 1339 (1472246 Gflops/s) | Temperatures: 66°C - 66°C - 75°C - 72°C - 66°C - 67°C - 74°C - 73°C | Throttling: None - None - None - None - None - None - None - None
1367 (1503032 Gflops/s) - 1383 (1520624 Gflops/s) - 1358 (1493136 Gflops/s) - 1350 (1484340 Gflops/s) - 1368 (1504131 Gflops/s) - 1360 (1495335 Gflops/s) - 1364 (1499733 Gflops/s) - 1339 (1472246 Gflops/s) | Temperatures: 66°C - 66°C - 75°C - 72°C - 66°C - 67°C - 74°C - 73°C | Throttling: None - None - None - None - None - None - None - None
1365 (1500833 Gflops/s) - 1383 (1520624 Gflops/s) - 1358 (1493136 Gflops/s) - 1350 (1484340 Gflops/s) - 1366 (1501932 Gflops/s) - 1358 (1493136 Gflops/s) - 1363 (1498634 Gflops/s) - 1336 (1468947 Gflops/s) | Temperatures: 66°C - 66°C - 75°C - 72°C - 66°C - 67°C - 74°C - 73°C | Throttling: None - None - None - None - None - None - None - None
1367 (1503032 Gflops/s) - 1384 (1521724 Gflops/s) - 1358 (1493136 Gflops/s) - 1351 (1485440 Gflops/s) - 1368 (1504131 Gflops/s) - 1360 (1495335 Gflops/s) - 1364 (1499733 Gflops/s) - 1340 (1473345 Gflops/s) | Temperatures: 66°C - 66°C - 75°C - 72°C - 66°C - 67°C - 74°C - 73°C | Throttling: None - None - None - None - None - None - None - None
1364 (1499733 Gflops/s) - 1384 (1521724 Gflops/s) - 1358 (1493136 Gflops/s) - 1350 (1484340 Gflops/s) - 1368 (1504131 Gflops/s) - 1361 (1496435 Gflops/s) - 1364 (1499733 Gflops/s) - 1338 (1471146 Gflops/s) | Temperatures: 66°C - 66°C - 75°C - 72°C - 66°C - 67°C - 74°C - 73°C | Throttling: None - None - None - None - None - None - None - None
1367 (1503032 Gflops/s) - 1384 (1521724 Gflops/s) - 1358 (1493136 Gflops/s) - 1351 (1485440 Gflops/s) - 1368 (1504131 Gflops/s) - 1360 (1495335 Gflops/s) - 1364 (1499733 Gflops/s) - 1340 (1473345 Gflops/s) | Temperatures: 66°C - 66°C - 75°C - 72°C - 66°C - 67°C - 74°C - 73°C | Throttling: None - None - None - None - None - None - None - None
1363 (1498634 Gflops/s) - 1384 (1521724 Gflops/s) - 1357 (1492037 Gflops/s) - 1350 (1484340 Gflops/s) - 1367 (1503032 Gflops/s) - 1360 (1495335 Gflops/s) - 1363 (1498634 Gflops/s) - 1337 (1470047 Gflops/s) | Temperatures: 66°C - 66°C - 75°C - 72°C - 66°C - 67°C - 74°C - 73°C | Throttling: None - None - None - None - None - None - None - None
1364 (1499733 Gflops/s) - 1385 (1522823 Gflops/s) - 1358 (1493136 Gflops/s) - 1350 (1484340 Gflops/s) - 1368 (1504131 Gflops/s) - 1359 (1494236 Gflops/s) - 1363 (1498634 Gflops/s) - 1338 (1471146 Gflops/s) | Temperatures: 66°C - 66°C - 75°C - 72°C - 66°C - 67°C - 74°C - 73°C | Throttling: None - None - None - None - None - None - None - None
1367 (1503032 Gflops/s) - 1386 (1523923 Gflops/s) - 1358 (1493136 Gflops/s) - 1350 (1484340 Gflops/s) - 1368 (1504131 Gflops/s) - 1361 (1496435 Gflops/s) - 1365 (1500833 Gflops/s) - 1339 (1472246 Gflops/s) | Temperatures: 66°C - 66°C - 75°C - 72°C - 66°C - 67°C - 74°C - 73°C | Throttling: None - None - None - None - None - None - None - None
1366 (1501932 Gflops/s) - 1384 (1521724 Gflops/s) - 1358 (1493136 Gflops/s) - 1351 (1485440 Gflops/s) - 1368 (1504131 Gflops/s) - 1360 (1495335 Gflops/s) - 1364 (1499733 Gflops/s) - 1338 (1471146 Gflops/s) | Temperatures: 66°C - 66°C - 75°C - 72°C - 66°C - 67°C - 74°C - 73°C | Throttling: None - None - None - None - None - None - None - None
1366 (1501932 Gflops/s) - 1386 (1523923 Gflops/s) - 1358 (1493136 Gflops/s) - 1350 (1484340 Gflops/s) - 1368 (1504131 Gflops/s) - 1359 (1494236 Gflops/s) - 1364 (1499733 Gflops/s) - 1338 (1471146 Gflops/s) | Temperatures: 66°C - 66°C - 75°C - 72°C - 66°C - 67°C - 74°C - 72°C | Throttling: None - None - None - None - None - None - None - None
1365 (1500833 Gflops/s) - 1383 (1520624 Gflops/s) - 1357 (1492037 Gflops/s) - 1350 (1484340 Gflops/s) - 1367 (1503032 Gflops/s) - 1358 (1493136 Gflops/s) - 1363 (1498634 Gflops/s) - 1337 (1470047 Gflops/s) | Temperatures: 66°C - 66°C - 75°C - 72°C - 66°C - 67°C - 74°C - 73°C | Throttling: None - None - None - None - None - None - None - None
1367 (1503032 Gflops/s) - 1384 (1521724 Gflops/s) - 1358 (1493136 Gflops/s) - 1351 (1485440 Gflops/s) - 1368 (1504131 Gflops/s) - 1361 (1496435 Gflops/s) - 1365 (1500833 Gflops/s) - 1339 (1472246 Gflops/s) | Temperatures: 66°C - 66°C - 75°C - 72°C - 66°C - 67°C - 74°C - 72°C | Throttling: None - None - None - None - None - None - None - None
1365 (1500833 Gflops/s) - 1383 (1520624 Gflops/s) - 1357 (1492037 Gflops/s) - 1349 (1483241 Gflops/s) - 1367 (1503032 Gflops/s) - 1359 (1494236 Gflops/s) - 1362 (1497534 Gflops/s) - 1337 (1470047 Gflops/s) | Temperatures: 66°C - 66°C - 75°C - 72°C - 66°C - 67°C - 74°C - 73°C | Throttling: None - None - None - None - None - None - None - None
1367 (1503032 Gflops/s) - 1385 (1522823 Gflops/s) - 1358 (1493136 Gflops/s) - 1351 (1485440 Gflops/s) - 1368 (1504131 Gflops/s) - 1360 (1495335 Gflops/s) - 1364 (1499733 Gflops/s) - 1340 (1473345 Gflops/s) | Temperatures: 66°C - 66°C - 75°C - 72°C - 66°C - 67°C - 74°C - 73°C | Throttling: None - None - None - None - None - None - None - None
1365 (1500833 Gflops/s) - 1385 (1522823 Gflops/s) - 1358 (1493136 Gflops/s) - 1350 (1484340 Gflops/s) - 1368 (1504131 Gflops/s) - 1360 (1495335 Gflops/s) - 1364 (1499733 Gflops/s) - 1338 (1471146 Gflops/s) | Temperatures: 66°C - 66°C - 75°C - 72°C - 66°C - 67°C - 74°C - 72°C | Throttling: None - None - None - None - None - None - None - None
1365 (1500833 Gflops/s) - 1386 (1523923 Gflops/s) - 1358 (1493136 Gflops/s) - 1351 (1485440 Gflops/s) - 1368 (1504131 Gflops/s) - 1361 (1496435 Gflops/s) - 1364 (1499733 Gflops/s) - 1340 (1473345 Gflops/s) | Temperatures: 66°C - 66°C - 75°C - 72°C - 66°C - 67°C - 74°C - 73°C | Throttling: None - None - None - None - None - None - None - None
1366 (1501932 Gflops/s) - 1385 (1522823 Gflops/s) - 1358 (1493136 Gflops/s) - 1350 (1484340 Gflops/s) - 1368 (1504131 Gflops/s) - 1361 (1496435 Gflops/s) - 1365 (1500833 Gflops/s) - 1339 (1472246 Gflops/s) | Temperatures: 65°C - 66°C - 75°C - 72°C - 66°C - 67°C - 74°C - 73°C | Throttling: None - None - None - None - None - None - None - None
1365 (1500833 Gflops/s) - 1384 (1521724 Gflops/s) - 1356 (1490937 Gflops/s) - 1349 (1483241 Gflops/s) - 1366 (1501932 Gflops/s) - 1359 (1494236 Gflops/s) - 1362 (1497534 Gflops/s) - 1337 (1470047 Gflops/s) | Temperatures: 66°C - 66°C - 75°C - 72°C - 66°C - 67°C - 74°C - 73°C | Throttling: None - None - None - None - None - None - None - None
1365 (1500833 Gflops/s) - 1385 (1522823 Gflops/s) - 1358 (1493136 Gflops/s) - 1351 (1485440 Gflops/s) - 1369 (1505231 Gflops/s) - 1361 (1496435 Gflops/s) - 1365 (1500833 Gflops/s) - 1340 (1473345 Gflops/s) | Temperatures: 66°C - 66°C - 75°C - 72°C - 66°C - 67°C - 74°C - 72°C | Throttling: None - None - None - None - None - None - None - None
1364 (1499733 Gflops/s) - 1385 (1522823 Gflops/s) - 1358 (1493136 Gflops/s) - 1350 (1484340 Gflops/s) - 1368 (1504131 Gflops/s) - 1360 (1495335 Gflops/s) - 1364 (1499733 Gflops/s) - 1338 (1471146 Gflops/s) | Temperatures: 66°C - 66°C - 75°C - 72°C - 66°C - 67°C - 74°C - 73°C | Throttling: None - None - None - None - None - None - None - None
1367 (1503032 Gflops/s) - 1385 (1522823 Gflops/s) - 1357 (1492037 Gflops/s) - 1351 (1485440 Gflops/s) - 1368 (1504131 Gflops/s) - 1360 (1495335 Gflops/s) - 1364 (1499733 Gflops/s) - 1339 (1472246 Gflops/s) | Temperatures: 66°C - 66°C - 75°C - 72°C - 66°C - 67°C - 74°C - 73°C | Throttling: None - None - None - None - None - None - None - None
1362 (1497534 Gflops/s) - 1382 (1519525 Gflops/s) - 1357 (1492037 Gflops/s) - 1348 (1482141 Gflops/s) - 1367 (1503032 Gflops/s) - 1359 (1494236 Gflops/s) - 1362 (1497534 Gflops/s) - 1338 (1471146 Gflops/s) | Temperatures: 66°C - 66°C - 75°C - 72°C - 66°C - 67°C - 74°C - 73°C | Throttling: None - None - None - None - None - None - None - None
1366 (1501932 Gflops/s) - 1384 (1521724 Gflops/s) - 1357 (1492037 Gflops/s) - 1351 (1485440 Gflops/s) - 1368 (1504131 Gflops/s) - 1360 (1495335 Gflops/s) - 1365 (1500833 Gflops/s) - 1340 (1473345 Gflops/s) | Temperatures: 66°C - 66°C - 75°C - 72°C - 66°C - 67°C - 74°C - 73°C | Throttling: None - None - None - None - None - None - None - None
1364 (1499733 Gflops/s) - 1386 (1523923 Gflops/s) - 1359 (1494236 Gflops/s) - 1351 (1485440 Gflops/s) - 1368 (1504131 Gflops/s) - 1361 (1496435 Gflops/s) - 1364 (1499733 Gflops/s) - 1339 (1472246 Gflops/s) | Temperatures: 66°C - 66°C - 75°C - 72°C - 66°C - 67°C - 74°C - 73°C | Throttling: None - None - None - None - None - None - None - None
1367 (1503032 Gflops/s) - 1384 (1521724 Gflops/s) - 1358 (1493136 Gflops/s) - 1350 (1484340 Gflops/s) - 1368 (1504131 Gflops/s) - 1360 (1495335 Gflops/s) - 1364 (1499733 Gflops/s) - 1338 (1471146 Gflops/s) | Temperatures: 66°C - 66°C - 75°C - 72°C - 66°C - 67°C - 74°C - 72°C | Throttling: None - None - None - None - None - None - None - None
1367 (1503032 Gflops/s) - 1384 (1521724 Gflops/s) - 1356 (1490937 Gflops/s) - 1349 (1483241 Gflops/s) - 1366 (1501932 Gflops/s) - 1360 (1495335 Gflops/s) - 1363 (1498634 Gflops/s) - 1338 (1471146 Gflops/s) | Temperatures: 66°C - 66°C - 75°C - 72°C - 66°C - 67°C - 74°C - 72°C | Throttling: None - None - None - None - None - None - None - None
1366 (1501932 Gflops/s) - 1384 (1521724 Gflops/s) - 1358 (1493136 Gflops/s) - 1351 (1485440 Gflops/s) - 1369 (1505231 Gflops/s) - 1360 (1495335 Gflops/s) - 1364 (1499733 Gflops/s) - 1339 (1472246 Gflops/s) | Temperatures: 66°C - 66°C - 75°C - 72°C - 66°C - 67°C - 74°C - 72°C | Throttling: None - None - None - None - None - None - None - None
1366 (1501932 Gflops/s) - 1384 (1521724 Gflops/s) - 1359 (1494236 Gflops/s) - 1350 (1484340 Gflops/s) - 1367 (1503032 Gflops/s) - 1361 (1496435 Gflops/s) - 1364 (1499733 Gflops/s) - 1340 (1473345 Gflops/s) | Temperatures: 66°C - 66°C - 75°C - 72°C - 66°C - 67°C - 74°C - 72°C | Throttling: None - None - None - None - None - None - None - None
1365 (1500833 Gflops/s) - 1385 (1522823 Gflops/s) - 1358 (1493136 Gflops/s) - 1351 (1485440 Gflops/s) - 1368 (1504131 Gflops/s) - 1361 (1496435 Gflops/s) - 1365 (1500833 Gflops/s) - 1339 (1472246 Gflops/s) | Temperatures: 66°C - 66°C - 75°C - 72°C - 66°C - 67°C - 74°C - 72°C | Throttling: None - None - None - None - None - None - None - None
1366 (1501932 Gflops/s) - 1385 (1522823 Gflops/s) - 1356 (1490937 Gflops/s) - 1350 (1484340 Gflops/s) - 1367 (1503032 Gflops/s) - 1359 (1494236 Gflops/s) - 1362 (1497534 Gflops/s) - 1337 (1470047 Gflops/s) | Temperatures: 66°C - 66°C - 75°C - 72°C - 66°C - 67°C - 74°C - 73°C | Throttling: None - None - None - None - None - None - None - None
1367 (1503032 Gflops/s) - 1384 (1521724 Gflops/s) - 1358 (1493136 Gflops/s) - 1351 (1485440 Gflops/s) - 1368 (1504131 Gflops/s) - 1361 (1496435 Gflops/s) - 1364 (1499733 Gflops/s) - 1338 (1471146 Gflops/s) | Temperatures: 66°C - 66°C - 75°C - 72°C - 66°C - 67°C - 74°C - 72°C | Throttling: None - None - None - None - None - None - None - None
1366 (1501932 Gflops/s) - 1385 (1522823 Gflops/s) - 1358 (1493136 Gflops/s) - 1351 (1485440 Gflops/s) - 1368 (1504131 Gflops/s) - 1361 (1496435 Gflops/s) - 1364 (1499733 Gflops/s) - 1339 (1472246 Gflops/s) | Temperatures: 66°C - 66°C - 75°C - 72°C - 66°C - 67°C - 74°C - 73°C | Throttling: None - None - None - None - None - None - None - None
1366 (1501932 Gflops/s) - 1385 (1522823 Gflops/s) - 1358 (1493136 Gflops/s) - 1351 (1485440 Gflops/s) - 1369 (1505231 Gflops/s) - 1361 (1496435 Gflops/s) - 1366 (1501932 Gflops/s) - 1338 (1471146 Gflops/s) | Temperatures: 65°C - 66°C - 75°C - 72°C - 66°C - 67°C - 74°C - 72°C | Throttling: None - None - None - None - None - None - None - None
1365 (1500833 Gflops/s) - 1386 (1523923 Gflops/s) - 1358 (1493136 Gflops/s) - 1351 (1485440 Gflops/s) - 1367 (1503032 Gflops/s) - 1360 (1495335 Gflops/s) - 1364 (1499733 Gflops/s) - 1339 (1472246 Gflops/s) | Temperatures: 65°C - 66°C - 75°C - 72°C - 66°C - 67°C - 74°C - 73°C | Throttling: None - None - None - None - None - None - None - None
1367 (1503032 Gflops/s) - 1384 (1521724 Gflops/s) - 1357 (1492037 Gflops/s) - 1349 (1483241 Gflops/s) - 1367 (1503032 Gflops/s) - 1359 (1494236 Gflops/s) - 1363 (1498634 Gflops/s) - 1339 (1472246 Gflops/s) | Temperatures: 66°C - 66°C - 75°C - 72°C - 66°C - 67°C - 74°C - 73°C | Throttling: None - None - None - None - None - None - None - None
1365 (1500833 Gflops/s) - 1384 (1521724 Gflops/s) - 1359 (1494236 Gflops/s) - 1351 (1485440 Gflops/s) - 1368 (1504131 Gflops/s) - 1361 (1496435 Gflops/s) - 1365 (1500833 Gflops/s) - 1339 (1472246 Gflops/s) | Temperatures: 65°C - 66°C - 75°C - 72°C - 66°C - 67°C - 74°C - 72°C | Throttling: None - None - None - None - None - None - None - None
1364 (1499733 Gflops/s) - 1385 (1522823 Gflops/s) - 1358 (1493136 Gflops/s) - 1351 (1485440 Gflops/s) - 1368 (1504131 Gflops/s) - 1360 (1495335 Gflops/s) - 1364 (1499733 Gflops/s) - 1338 (1471146 Gflops/s) | Temperatures: 66°C - 66°C - 75°C - 72°C - 66°C - 67°C - 74°C - 72°C | Throttling: None - None - None - None - None - None - None - None
1365 (1500833 Gflops/s) - 1386 (1523923 Gflops/s) - 1358 (1493136 Gflops/s) - 1351 (1485440 Gflops/s) - 1368 (1504131 Gflops/s) - 1360 (1495335 Gflops/s) - 1366 (1501932 Gflops/s) - 1339 (1472246 Gflops/s) | Temperatures: 66°C - 66°C - 75°C - 72°C - 66°C - 67°C - 74°C - 72°C | Throttling: None - None - None - None - None - None - None - None
1366 (1501932 Gflops/s) - 1383 (1520624 Gflops/s) - 1356 (1490937 Gflops/s) - 1349 (1483241 Gflops/s) - 1366 (1501932 Gflops/s) - 1360 (1495335 Gflops/s) - 1363 (1498634 Gflops/s) - 1336 (1468947 Gflops/s) | Temperatures: 66°C - 66°C - 75°C - 72°C - 66°C - 67°C - 74°C - 72°C | Throttling: None - None - None - None - None - None - None - None
1366 (1501932 Gflops/s) - 1385 (1522823 Gflops/s) - 1358 (1493136 Gflops/s) - 1350 (1484340 Gflops/s) - 1369 (1505231 Gflops/s) - 1361 (1496435 Gflops/s) - 1364 (1499733 Gflops/s) - 1340 (1473345 Gflops/s) | Temperatures: 66°C - 66°C - 75°C - 72°C - 66°C - 67°C - 74°C - 72°C | Throttling: None - None - None - None - None - None - None - None
1366 (1501932 Gflops/s) - 1384 (1521724 Gflops/s) - 1358 (1493136 Gflops/s) - 1351 (1485440 Gflops/s) - 1368 (1504131 Gflops/s) - 1361 (1496435 Gflops/s) - 1365 (1500833 Gflops/s) - 1339 (1472246 Gflops/s) | Temperatures: 66°C - 66°C - 75°C - 72°C - 66°C - 67°C - 74°C - 72°C | Throttling: None - None - None - None - None - None - None - None
1363 (1498634 Gflops/s) - 1384 (1521724 Gflops/s) - 1358 (1493136 Gflops/s) - 1351 (1485440 Gflops/s) - 1368 (1504131 Gflops/s) - 1361 (1496435 Gflops/s) - 1364 (1499733 Gflops/s) - 1340 (1473345 Gflops/s) | Temperatures: 65°C - 66°C - 75°C - 72°C - 66°C - 67°C - 74°C - 72°C | Throttling: None - None - None - None - None - None - None - None
1364 (1499733 Gflops/s) - 1384 (1521724 Gflops/s) - 1356 (1490937 Gflops/s) - 1349 (1483241 Gflops/s) - 1367 (1503032 Gflops/s) - 1360 (1495335 Gflops/s) - 1363 (1498634 Gflops/s) - 1335 (1467848 Gflops/s) | Temperatures: 65°C - 66°C - 75°C - 72°C - 66°C - 67°C - 74°C - 72°C | Throttling: None - None - None - None - None - None - None - None
1366 (1501932 Gflops/s) - 1385 (1522823 Gflops/s) - 1358 (1493136 Gflops/s) - 1350 (1484340 Gflops/s) - 1368 (1504131 Gflops/s) - 1361 (1496435 Gflops/s) - 1364 (1499733 Gflops/s) - 1340 (1473345 Gflops/s) | Temperatures: 65°C - 66°C - 75°C - 72°C - 66°C - 67°C - 74°C - 72°C | Throttling: None - None - None - None - None - None - None - None
1368 (1504131 Gflops/s) - 1385 (1522823 Gflops/s) - 1357 (1492037 Gflops/s) - 1351 (1485440 Gflops/s) - 1368 (1504131 Gflops/s) - 1360 (1495335 Gflops/s) - 1366 (1501932 Gflops/s) - 1338 (1471146 Gflops/s) | Temperatures: 66°C - 66°C - 75°C - 72°C - 66°C - 67°C - 74°C - 72°C | Throttling: None - None - None - None - None - None - None - None
1365 (1500833 Gflops/s) - 1385 (1522823 Gflops/s) - 1358 (1493136 Gflops/s) - 1351 (1485440 Gflops/s) - 1368 (1504131 Gflops/s) - 1363 (1498634 Gflops/s) - 1365 (1500833 Gflops/s) - 1339 (1472246 Gflops/s) | Temperatures: 65°C - 66°C - 75°C - 72°C - 66°C - 67°C - 74°C - 72°C | Throttling: None - None - None - None - None - None - None - None
1366 (1501932 Gflops/s) - 1385 (1522823 Gflops/s) - 1357 (1492037 Gflops/s) - 1350 (1484340 Gflops/s) - 1368 (1504131 Gflops/s) - 1360 (1495335 Gflops/s) - 1364 (1499733 Gflops/s) - 1339 (1472246 Gflops/s) | Temperatures: 66°C - 66°C - 75°C - 72°C - 66°C - 67°C - 74°C - 72°C | Throttling: None - None - None - None - None - None - None - None
1363 (1498634 Gflops/s) - 1384 (1521724 Gflops/s) - 1358 (1493136 Gflops/s) - 1350 (1484340 Gflops/s) - 1367 (1503032 Gflops/s) - 1360 (1495335 Gflops/s) - 1362 (1497534 Gflops/s) - 1337 (1470047 Gflops/s) | Temperatures: 65°C - 66°C - 75°C - 72°C - 66°C - 67°C - 74°C - 72°C | Throttling: None - None - None - None - None - None - None - None
1367 (1503032 Gflops/s) - 1384 (1521724 Gflops/s) - 1358 (1493136 Gflops/s) - 1351 (1485440 Gflops/s) - 1367 (1503032 Gflops/s) - 1360 (1495335 Gflops/s) - 1364 (1499733 Gflops/s) - 1338 (1471146 Gflops/s) | Temperatures: 66°C - 66°C - 75°C - 72°C - 66°C - 67°C - 74°C - 72°C | Throttling: None - None - None - None - None - None - None - None
1364 (1499733 Gflops/s) - 1385 (1522823 Gflops/s) - 1358 (1493136 Gflops/s) - 1350 (1484340 Gflops/s) - 1368 (1504131 Gflops/s) - 1362 (1497534 Gflops/s) - 1365 (1500833 Gflops/s) - 1338 (1471146 Gflops/s) | Temperatures: 65°C - 66°C - 75°C - 72°C - 66°C - 67°C - 74°C - 72°C | Throttling: None - None - None - None - None - None - None - None
1368 (1504131 Gflops/s) - 1385 (1522823 Gflops/s) - 1358 (1493136 Gflops/s) - 1351 (1485440 Gflops/s) - 1369 (1505231 Gflops/s) - 1360 (1495335 Gflops/s) - 1364 (1499733 Gflops/s) - 1340 (1473345 Gflops/s) | Temperatures: 66°C - 66°C - 75°C - 72°C - 66°C - 67°C - 74°C - 73°C | Throttling: None - None - None - None - None - None - None - None
1364 (1499733 Gflops/s) - 1385 (1522823 Gflops/s) - 1358 (1493136 Gflops/s) - 1350 (1484340 Gflops/s) - 1367 (1503032 Gflops/s) - 1359 (1494236 Gflops/s) - 1363 (1498634 Gflops/s) - 1338 (1471146 Gflops/s) | Temperatures: 65°C - 66°C - 75°C - 72°C - 66°C - 67°C - 74°C - 72°C | Throttling: None - None - None - None - None - None - None - None
1367 (1503032 Gflops/s) - 1385 (1522823 Gflops/s) - 1358 (1493136 Gflops/s) - 1350 (1484340 Gflops/s) - 1368 (1504131 Gflops/s) - 1361 (1496435 Gflops/s) - 1365 (1500833 Gflops/s) - 1338 (1471146 Gflops/s) | Temperatures: 66°C - 66°C - 75°C - 72°C - 66°C - 67°C - 74°C - 72°C | Throttling: None - None - None - None - None - None - None - None
1366 (1501932 Gflops/s) - 1385 (1522823 Gflops/s) - 1359 (1494236 Gflops/s) - 1351 (1485440 Gflops/s) - 1368 (1504131 Gflops/s) - 1361 (1496435 Gflops/s) - 1366 (1501932 Gflops/s) - 1340 (1473345 Gflops/s) | Temperatures: 66°C - 66°C - 75°C - 72°C - 66°C - 67°C - 74°C - 72°C | Throttling: None - None - None - None - None - None - None - None
1364 (1499733 Gflops/s) - 1383 (1520624 Gflops/s) - 1356 (1490937 Gflops/s) - 1350 (1484340 Gflops/s) - 1367 (1503032 Gflops/s) - 1360 (1495335 Gflops/s) - 1363 (1498634 Gflops/s) - 1338 (1471146 Gflops/s) | Temperatures: 66°C - 66°C - 75°C - 72°C - 66°C - 67°C - 74°C - 72°C | Throttling: None - None - None - None - None - None - None - None
1368 (1504131 Gflops/s) - 1386 (1523923 Gflops/s) - 1358 (1493136 Gflops/s) - 1351 (1485440 Gflops/s) - 1369 (1505231 Gflops/s) - 1361 (1496435 Gflops/s) - 1365 (1500833 Gflops/s) - 1339 (1472246 Gflops/s) | Temperatures: 66°C - 66°C - 75°C - 72°C - 66°C - 67°C - 74°C - 72°C | Throttling: None - None - None - None - None - None - None - None
1365 (1500833 Gflops/s) - 1384 (1521724 Gflops/s) - 1358 (1493136 Gflops/s) - 1350 (1484340 Gflops/s) - 1368 (1504131 Gflops/s) - 1360 (1495335 Gflops/s) - 1364 (1499733 Gflops/s) - 1338 (1471146 Gflops/s) | Temperatures: 66°C - 66°C - 75°C - 72°C - 66°C - 67°C - 74°C - 72°C | Throttling: None - None - None - None - None - None - None - None
1366 (1501932 Gflops/s) - 1386 (1523923 Gflops/s) - 1358 (1493136 Gflops/s) - 1351 (1485440 Gflops/s) - 1368 (1504131 Gflops/s) - 1361 (1496435 Gflops/s) - 1366 (1501932 Gflops/s) - 1339 (1472246 Gflops/s) | Temperatures: 65°C - 66°C - 75°C - 72°C - 66°C - 67°C - 74°C - 72°C | Throttling: None - None - None - None - None - None - None - None
1366 (1501932 Gflops/s) - 1387 (1525022 Gflops/s) - 1359 (1494236 Gflops/s) - 1351 (1485440 Gflops/s) - 1368 (1504131 Gflops/s) - 1361 (1496435 Gflops/s) - 1365 (1500833 Gflops/s) - 1339 (1472246 Gflops/s) | Temperatures: 66°C - 66°C - 75°C - 72°C - 66°C - 67°C - 74°C - 72°C | Throttling: None - None - None - None - None - None - None - None
1368 (1504131 Gflops/s) - 1383 (1520624 Gflops/s) - 1357 (1492037 Gflops/s) - 1350 (1484340 Gflops/s) - 1367 (1503032 Gflops/s) - 1359 (1494236 Gflops/s) - 1365 (1500833 Gflops/s) - 1337 (1470047 Gflops/s) | Temperatures: 66°C - 66°C - 75°C - 72°C - 66°C - 67°C - 74°C - 72°C | Throttling: None - None - None - None - None - None - None - None
1369 (1505231 Gflops/s) - 1385 (1522823 Gflops/s) - 1358 (1493136 Gflops/s) - 1350 (1484340 Gflops/s) - 1368 (1504131 Gflops/s) - 1362 (1497534 Gflops/s) - 1364 (1499733 Gflops/s) - 1340 (1473345 Gflops/s) | Temperatures: 66°C - 66°C - 75°C - 72°C - 66°C - 67°C - 74°C - 72°C | Throttling: None - None - None - None - None - None - None - None
1159 (1274333 Gflops/s) - 827 (909296 Gflops/s) - 1359 (1494236 Gflops/s) - 609 (669602 Gflops/s) - 979 (1076421 Gflops/s) - 1361 (1496435 Gflops/s) - 600 (659706 Gflops/s) - 658 (723478 Gflops/s) | Temperatures: 65°C - 66°C - 75°C - 72°C - 66°C - 67°C - 74°C - 72°C | Throttling: None - None - None - None - None - None - None - None
GPU #0: 1500837 Gflops/s (min: 1274333.98, max: 1507430.44, dev: 13423.87)
         Temperature: 65.83°C (min: 64.00, max: 66.00)
         Throttling HW: false, Thermal SW: false, Thermal HW: false
GPU #1: 1520099 Gflops/s (min: 909296.12, max: 1527221.65, dev: 35848.88)
         Temperature: 65.97°C (min: 64.00, max: 67.00)
         Throttling HW: false, Thermal SW: false, Thermal HW: false
GPU #2: 1491921 Gflops/s (min: 1483241.19, max: 1500833.37, dev: 2321.49)
         Temperature: 74.77°C (min: 71.00, max: 76.00)
         Throttling HW: false, Thermal SW: false, Thermal HW: false
GPU #3: 1482825 Gflops/s (min: 669602.58, max: 1500833.37, dev: 47770.64)
         Temperature: 71.77°C (min: 69.00, max: 72.00)
         Throttling HW: false, Thermal SW: false, Thermal HW: false
GPU #4: 1502233 Gflops/s (min: 1076421.88, max: 1506330.93, dev: 24991.20)
         Temperature: 65.84°C (min: 64.00, max: 66.00)
         Throttling HW: false, Thermal SW: false, Thermal HW: false
GPU #5: 1495989 Gflops/s (min: 1492037.28, max: 1507430.44, dev: 2601.50)
         Temperature: 67.07°C (min: 66.00, max: 68.00)
         Throttling HW: false, Thermal SW: false, Thermal HW: false
GPU #6: 1497332 Gflops/s (min: 659706.98, max: 1516226.53, dev: 49149.26)
         Temperature: 73.86°C (min: 70.00, max: 75.00)
         Throttling HW: false, Thermal SW: false, Thermal HW: false
GPU #7: 1469188 Gflops/s (min: 723478.65, max: 1477743.63, dev: 43733.99)
         Temperature: 72.58°C (min: 69.00, max: 73.00)
         Throttling HW: false, Thermal SW: false, Thermal HW: false
All GPUs seem healthy
Freeing GPUs...
======== Run with fp8  ==========
Detected GPU #0: "NVIDIA B200" (92955d27-af8c-cb3b-7edf-381768ec8b10)
Detected GPU #1: "NVIDIA B200" (b1c2d4d5-d267-84a6-27f3-6d5dd1986cb2)
Detected GPU #2: "NVIDIA B200" (358ebb4a-e827-59f1-12a2-153f77a9c6ca)
Detected GPU #3: "NVIDIA B200" (3466bc8a-72df-743c-6ec2-9475837987bf)
Detected GPU #4: "NVIDIA B200" (cbb638f0-fde1-e98f-1b83-bc60d83c346f)
Detected GPU #5: "NVIDIA B200" (9fec9477-2a29-f8ce-d82f-668859217c8f)
Detected GPU #6: "NVIDIA B200" (c9dfa085-0bd9-550e-f2b0-e1e47e88e610)
Detected GPU #7: "NVIDIA B200" (77839368-dd46-a617-01d2-29ae93dbdc13)
Using precision(s):   FP8
GPU #0: Using 163800 MB
GPU #1: Using 163800 MB
GPU #2: Using 163800 MB
GPU #3: Using 163800 MB
GPU #4: Using 163800 MB
GPU #5: Using 163800 MB
GPU #6: Using 163800 MB
GPU #7: Using 163800 MB
Creating random matrices
Matrices created
2382 (2619036 Gflops/s) - 2076 (2282586 Gflops/s) - 1994 (2192426 Gflops/s) - 1796 (1974722 Gflops/s) - 1772 (1948334 Gflops/s) - 2028 (2229809 Gflops/s) - 1866 (2051688 Gflops/s) - 1775 (1951633 Gflops/s) | Temperatures: 55°C - 55°C - 60°C - 58°C - 55°C - 57°C - 60°C - 59°C | Throttling: None - None - None - None - None - None - None - None
3765 (4139661 Gflops/s) - 3780 (4156153 Gflops/s) - 3771 (4146258 Gflops/s) - 3772 (4147357 Gflops/s) - 3778 (4153954 Gflops/s) - 3778 (4153954 Gflops/s) - 3762 (4136362 Gflops/s) - 3742 (4114372 Gflops/s) | Temperatures: 60°C - 59°C - 65°C - 63°C - 59°C - 61°C - 64°C - 64°C | Throttling: None - None - None - None - None - None - None - None
3762 (4136362 Gflops/s) - 3778 (4153954 Gflops/s) - 3768 (4142959 Gflops/s) - 3758 (4131964 Gflops/s) - 3776 (4151755 Gflops/s) - 3768 (4142959 Gflops/s) - 3760 (4134163 Gflops/s) - 3727 (4097879 Gflops/s) | Temperatures: 62°C - 61°C - 67°C - 66°C - 61°C - 63°C - 66°C - 66°C | Throttling: None - None - None - None - None - None - None - None
3764 (4138561 Gflops/s) - 3778 (4153954 Gflops/s) - 3759 (4133064 Gflops/s) - 3742 (4114372 Gflops/s) - 3771 (4146258 Gflops/s) - 3762 (4136362 Gflops/s) - 3760 (4134163 Gflops/s) - 3723 (4093481 Gflops/s) | Temperatures: 62°C - 62°C - 69°C - 67°C - 62°C - 64°C - 68°C - 67°C | Throttling: None - None - None - None - None - None - None - None
3763 (4137462 Gflops/s) - 3777 (4152855 Gflops/s) - 3753 (4126467 Gflops/s) - 3732 (4103377 Gflops/s) - 3769 (4144059 Gflops/s) - 3758 (4131964 Gflops/s) - 3760 (4134163 Gflops/s) - 3723 (4093481 Gflops/s) | Temperatures: 63°C - 63°C - 70°C - 67°C - 63°C - 64°C - 69°C - 68°C | Throttling: None - None - None - None - None - None - None - None
3763 (4137462 Gflops/s) - 3778 (4153954 Gflops/s) - 3748 (4120969 Gflops/s) - 3723 (4093481 Gflops/s) - 3765 (4139661 Gflops/s) - 3757 (4130865 Gflops/s) - 3760 (4134163 Gflops/s) - 3713 (4082486 Gflops/s) | Temperatures: 63°C - 63°C - 71°C - 68°C - 63°C - 65°C - 70°C - 69°C | Throttling: None - None - None - None - None - None - None - None
3762 (4136362 Gflops/s) - 3778 (4153954 Gflops/s) - 3746 (4118770 Gflops/s) - 3722 (4092382 Gflops/s) - 3763 (4137462 Gflops/s) - 3755 (4128666 Gflops/s) - 3760 (4134163 Gflops/s) - 3716 (4085785 Gflops/s) | Temperatures: 64°C - 64°C - 71°C - 68°C - 64°C - 65°C - 70°C - 69°C | Throttling: None - None - None - None - None - None - None - None
3761 (4135263 Gflops/s) - 3778 (4153954 Gflops/s) - 3745 (4117671 Gflops/s) - 3714 (4083586 Gflops/s) - 3762 (4136362 Gflops/s) - 3755 (4128666 Gflops/s) - 3759 (4133064 Gflops/s) - 3715 (4084685 Gflops/s) | Temperatures: 64°C - 64°C - 72°C - 69°C - 64°C - 65°C - 71°C - 70°C | Throttling: None - None - None - None - None - None - None - None
3762 (4136362 Gflops/s) - 3778 (4153954 Gflops/s) - 3739 (4111073 Gflops/s) - 3714 (4083586 Gflops/s) - 3761 (4135263 Gflops/s) - 3753 (4126467 Gflops/s) - 3757 (4130865 Gflops/s) - 3708 (4076989 Gflops/s) | Temperatures: 64°C - 64°C - 72°C - 69°C - 64°C - 65°C - 71°C - 70°C | Throttling: None - None - None - None - None - None - None - None
3762 (4136362 Gflops/s) - 3778 (4153954 Gflops/s) - 3738 (4109974 Gflops/s) - 3710 (4079188 Gflops/s) - 3760 (4134163 Gflops/s) - 3753 (4126467 Gflops/s) - 3758 (4131964 Gflops/s) - 3700 (4068193 Gflops/s) | Temperatures: 64°C - 64°C - 72°C - 69°C - 64°C - 65°C - 71°C - 70°C | Throttling: None - None - None - None - None - None - None - None
3761 (4135263 Gflops/s) - 3778 (4153954 Gflops/s) - 3736 (4107775 Gflops/s) - 3710 (4079188 Gflops/s) - 3761 (4135263 Gflops/s) - 3751 (4124268 Gflops/s) - 3756 (4129765 Gflops/s) - 3707 (4075889 Gflops/s) | Temperatures: 64°C - 64°C - 72°C - 69°C - 64°C - 65°C - 71°C - 70°C | Throttling: None - None - None - None - None - None - None - None
3762 (4136362 Gflops/s) - 3778 (4153954 Gflops/s) - 3737 (4108874 Gflops/s) - 3705 (4073690 Gflops/s) - 3759 (4133064 Gflops/s) - 3754 (4127566 Gflops/s) - 3756 (4129765 Gflops/s) - 3703 (4071491 Gflops/s) | Temperatures: 64°C - 64°C - 72°C - 69°C - 64°C - 65°C - 72°C - 70°C | Throttling: None - None - None - None - None - None - None - None
3761 (4135263 Gflops/s) - 3778 (4153954 Gflops/s) - 3738 (4109974 Gflops/s) - 3705 (4073690 Gflops/s) - 3760 (4134163 Gflops/s) - 3753 (4126467 Gflops/s) - 3755 (4128666 Gflops/s) - 3699 (4067093 Gflops/s) | Temperatures: 64°C - 64°C - 73°C - 69°C - 64°C - 65°C - 72°C - 70°C | Throttling: None - None - None - None - None - None - None - None
3765 (4139661 Gflops/s) - 3781 (4157253 Gflops/s) - 3737 (4108874 Gflops/s) - 3708 (4076989 Gflops/s) - 3763 (4137462 Gflops/s) - 3755 (4128666 Gflops/s) - 3758 (4131964 Gflops/s) - 3704 (4072591 Gflops/s) | Temperatures: 64°C - 64°C - 72°C - 69°C - 64°C - 65°C - 72°C - 70°C | Throttling: None - None - None - None - None - None - None - None
3762 (4136362 Gflops/s) - 3778 (4153954 Gflops/s) - 3737 (4108874 Gflops/s) - 3702 (4070392 Gflops/s) - 3761 (4135263 Gflops/s) - 3752 (4125367 Gflops/s) - 3755 (4128666 Gflops/s) - 3710 (4079188 Gflops/s) | Temperatures: 64°C - 64°C - 73°C - 69°C - 64°C - 65°C - 72°C - 71°C | Throttling: None - None - None - None - None - None - None - None
3759 (4133064 Gflops/s) - 3775 (4150656 Gflops/s) - 3732 (4103377 Gflops/s) - 3699 (4067093 Gflops/s) - 3756 (4129765 Gflops/s) - 3749 (4122069 Gflops/s) - 3750 (4123168 Gflops/s) - 3701 (4069292 Gflops/s) | Temperatures: 64°C - 64°C - 73°C - 69°C - 64°C - 65°C - 72°C - 71°C | Throttling: None - None - None - None - None - None - None - None
3762 (4136362 Gflops/s) - 3777 (4152855 Gflops/s) - 3732 (4103377 Gflops/s) - 3704 (4072591 Gflops/s) - 3760 (4134163 Gflops/s) - 3751 (4124268 Gflops/s) - 3755 (4128666 Gflops/s) - 3708 (4076989 Gflops/s) | Temperatures: 64°C - 64°C - 73°C - 69°C - 64°C - 65°C - 72°C - 71°C | Throttling: None - None - None - None - None - None - None - None
3762 (4136362 Gflops/s) - 3778 (4153954 Gflops/s) - 3733 (4104476 Gflops/s) - 3694 (4061595 Gflops/s) - 3761 (4135263 Gflops/s) - 3752 (4125367 Gflops/s) - 3753 (4126467 Gflops/s) - 3705 (4073690 Gflops/s) | Temperatures: 64°C - 64°C - 72°C - 69°C - 64°C - 65°C - 72°C - 70°C | Throttling: None - None - None - None - None - None - None - None
3762 (4136362 Gflops/s) - 3777 (4152855 Gflops/s) - 3733 (4104476 Gflops/s) - 3704 (4072591 Gflops/s) - 3760 (4134163 Gflops/s) - 3753 (4126467 Gflops/s) - 3754 (4127566 Gflops/s) - 3705 (4073690 Gflops/s) | Temperatures: 64°C - 64°C - 73°C - 69°C - 64°C - 65°C - 72°C - 70°C | Throttling: None - None - None - None - None - None - None - None
3762 (4136362 Gflops/s) - 3778 (4153954 Gflops/s) - 3733 (4104476 Gflops/s) - 3701 (4069292 Gflops/s) - 3761 (4135263 Gflops/s) - 3751 (4124268 Gflops/s) - 3753 (4126467 Gflops/s) - 3700 (4068193 Gflops/s) | Temperatures: 64°C - 64°C - 73°C - 69°C - 63°C - 65°C - 72°C - 70°C | Throttling: None - None - None - None - None - None - None - None
3766 (4140760 Gflops/s) - 3781 (4157253 Gflops/s) - 3738 (4109974 Gflops/s) - 3709 (4078088 Gflops/s) - 3765 (4139661 Gflops/s) - 3756 (4129765 Gflops/s) - 3757 (4130865 Gflops/s) - 3705 (4073690 Gflops/s) | Temperatures: 64°C - 63°C - 73°C - 69°C - 64°C - 65°C - 72°C - 70°C | Throttling: None - None - None - None - None - None - None - None
3758 (4131964 Gflops/s) - 3775 (4150656 Gflops/s) - 3729 (4100078 Gflops/s) - 3695 (4062695 Gflops/s) - 3758 (4131964 Gflops/s) - 3749 (4122069 Gflops/s) - 3747 (4119870 Gflops/s) - 3698 (4065993 Gflops/s) | Temperatures: 64°C - 64°C - 73°C - 69°C - 64°C - 65°C - 72°C - 70°C | Throttling: None - None - None - None - None - None - None - None
3762 (4136362 Gflops/s) - 3778 (4153954 Gflops/s) - 3733 (4104476 Gflops/s) - 3709 (4078088 Gflops/s) - 3760 (4134163 Gflops/s) - 3753 (4126467 Gflops/s) - 3752 (4125367 Gflops/s) - 3704 (4072591 Gflops/s) | Temperatures: 64°C - 64°C - 72°C - 69°C - 64°C - 65°C - 72°C - 70°C | Throttling: None - None - None - None - None - None - None - None
3762 (4136362 Gflops/s) - 3778 (4153954 Gflops/s) - 3733 (4104476 Gflops/s) - 3701 (4069292 Gflops/s) - 3761 (4135263 Gflops/s) - 3752 (4125367 Gflops/s) - 3751 (4124268 Gflops/s) - 3698 (4065993 Gflops/s) | Temperatures: 64°C - 64°C - 73°C - 69°C - 64°C - 65°C - 72°C - 70°C | Throttling: None - None - None - None - None - None - None - None
3762 (4136362 Gflops/s) - 3778 (4153954 Gflops/s) - 3734 (4105576 Gflops/s) - 3704 (4072591 Gflops/s) - 3759 (4133064 Gflops/s) - 3750 (4123168 Gflops/s) - 3754 (4127566 Gflops/s) - 3701 (4069292 Gflops/s) | Temperatures: 64°C - 64°C - 73°C - 69°C - 64°C - 65°C - 72°C - 70°C | Throttling: None - None - None - None - None - None - None - None
3762 (4136362 Gflops/s) - 3778 (4153954 Gflops/s) - 3733 (4104476 Gflops/s) - 3700 (4068193 Gflops/s) - 3760 (4134163 Gflops/s) - 3751 (4124268 Gflops/s) - 3752 (4125367 Gflops/s) - 3704 (4072591 Gflops/s) | Temperatures: 64°C - 64°C - 73°C - 70°C - 64°C - 65°C - 72°C - 71°C | Throttling: None - None - None - None - None - None - None - None
3761 (4135263 Gflops/s) - 3777 (4152855 Gflops/s) - 3729 (4100078 Gflops/s) - 3688 (4054998 Gflops/s) - 3760 (4134163 Gflops/s) - 3751 (4124268 Gflops/s) - 3751 (4124268 Gflops/s) - 3699 (4067093 Gflops/s) | Temperatures: 64°C - 64°C - 73°C - 70°C - 64°C - 65°C - 72°C - 71°C | Throttling: None - None - None - None - None - None - None - None
3762 (4136362 Gflops/s) - 3779 (4155054 Gflops/s) - 3733 (4104476 Gflops/s) - 3680 (4046202 Gflops/s) - 3760 (4134163 Gflops/s) - 3752 (4125367 Gflops/s) - 3750 (4123168 Gflops/s) - 3700 (4068193 Gflops/s) | Temperatures: 64°C - 64°C - 73°C - 70°C - 64°C - 65°C - 72°C - 70°C | Throttling: None - None - None - None - None - None - None - None
3761 (4135263 Gflops/s) - 3778 (4153954 Gflops/s) - 3732 (4103377 Gflops/s) - 3698 (4065993 Gflops/s) - 3760 (4134163 Gflops/s) - 3751 (4124268 Gflops/s) - 3750 (4123168 Gflops/s) - 3699 (4067093 Gflops/s) | Temperatures: 64°C - 64°C - 73°C - 70°C - 64°C - 65°C - 72°C - 71°C | Throttling: None - None - None - None - None - None - None - None
3762 (4136362 Gflops/s) - 3778 (4153954 Gflops/s) - 3733 (4104476 Gflops/s) - 3701 (4069292 Gflops/s) - 3760 (4134163 Gflops/s) - 3749 (4122069 Gflops/s) - 3750 (4123168 Gflops/s) - 3703 (4071491 Gflops/s) | Temperatures: 64°C - 64°C - 73°C - 70°C - 64°C - 65°C - 72°C - 71°C | Throttling: None - None - None - None - None - None - None - None
3761 (4135263 Gflops/s) - 3777 (4152855 Gflops/s) - 3731 (4102277 Gflops/s) - 3708 (4076989 Gflops/s) - 3758 (4131964 Gflops/s) - 3752 (4125367 Gflops/s) - 3749 (4122069 Gflops/s) - 3698 (4065993 Gflops/s) | Temperatures: 64°C - 64°C - 73°C - 70°C - 64°C - 65°C - 72°C - 71°C | Throttling: None - None - None - None - None - None - None - None
3761 (4135263 Gflops/s) - 3779 (4155054 Gflops/s) - 3731 (4102277 Gflops/s) - 3711 (4080287 Gflops/s) - 3759 (4133064 Gflops/s) - 3750 (4123168 Gflops/s) - 3752 (4125367 Gflops/s) - 3697 (4064894 Gflops/s) | Temperatures: 64°C - 64°C - 73°C - 70°C - 64°C - 65°C - 72°C - 71°C | Throttling: None - None - None - None - None - None - None - None
3761 (4135263 Gflops/s) - 3777 (4152855 Gflops/s) - 3731 (4102277 Gflops/s) - 3710 (4079188 Gflops/s) - 3759 (4133064 Gflops/s) - 3750 (4123168 Gflops/s) - 3749 (4122069 Gflops/s) - 3701 (4069292 Gflops/s) | Temperatures: 64°C - 64°C - 73°C - 70°C - 64°C - 65°C - 72°C - 71°C | Throttling: None - None - None - None - None - None - None - None
3761 (4135263 Gflops/s) - 3778 (4153954 Gflops/s) - 3729 (4100078 Gflops/s) - 3710 (4079188 Gflops/s) - 3758 (4131964 Gflops/s) - 3752 (4125367 Gflops/s) - 3749 (4122069 Gflops/s) - 3690 (4057197 Gflops/s) | Temperatures: 64°C - 64°C - 73°C - 70°C - 64°C - 65°C - 72°C - 71°C | Throttling: None - None - None - None - None - None - None - None
3760 (4134163 Gflops/s) - 3778 (4153954 Gflops/s) - 3729 (4100078 Gflops/s) - 3707 (4075889 Gflops/s) - 3759 (4133064 Gflops/s) - 3750 (4123168 Gflops/s) - 3751 (4124268 Gflops/s) - 3702 (4070392 Gflops/s) | Temperatures: 64°C - 64°C - 73°C - 70°C - 64°C - 65°C - 72°C - 71°C | Throttling: None - None - None - None - None - None - None - None
3761 (4135263 Gflops/s) - 3777 (4152855 Gflops/s) - 3732 (4103377 Gflops/s) - 3709 (4078088 Gflops/s) - 3758 (4131964 Gflops/s) - 3749 (4122069 Gflops/s) - 3749 (4122069 Gflops/s) - 3693 (4060496 Gflops/s) | Temperatures: 64°C - 64°C - 73°C - 70°C - 64°C - 66°C - 72°C - 71°C | Throttling: None - None - None - None - None - None - None - None
3761 (4135263 Gflops/s) - 3778 (4153954 Gflops/s) - 3729 (4100078 Gflops/s) - 3708 (4076989 Gflops/s) - 3760 (4134163 Gflops/s) - 3750 (4123168 Gflops/s) - 3751 (4124268 Gflops/s) - 3700 (4068193 Gflops/s) | Temperatures: 64°C - 64°C - 73°C - 70°C - 64°C - 66°C - 72°C - 71°C | Throttling: None - None - None - None - None - None - None - None
3760 (4134163 Gflops/s) - 3778 (4153954 Gflops/s) - 3727 (4097879 Gflops/s) - 3707 (4075889 Gflops/s) - 3758 (4131964 Gflops/s) - 3748 (4120969 Gflops/s) - 3748 (4120969 Gflops/s) - 3689 (4056098 Gflops/s) | Temperatures: 64°C - 64°C - 73°C - 70°C - 64°C - 66°C - 72°C - 71°C | Throttling: None - None - None - None - None - None - None - None
3760 (4134163 Gflops/s) - 3778 (4153954 Gflops/s) - 3728 (4098979 Gflops/s) - 3709 (4078088 Gflops/s) - 3759 (4133064 Gflops/s) - 3749 (4122069 Gflops/s) - 3748 (4120969 Gflops/s) - 3693 (4060496 Gflops/s) | Temperatures: 64°C - 64°C - 73°C - 70°C - 64°C - 65°C - 72°C - 71°C | Throttling: None - None - None - None - None - None - None - None
3761 (4135263 Gflops/s) - 3778 (4153954 Gflops/s) - 3729 (4100078 Gflops/s) - 3708 (4076989 Gflops/s) - 3758 (4131964 Gflops/s) - 3749 (4122069 Gflops/s) - 3749 (4122069 Gflops/s) - 3691 (4058297 Gflops/s) | Temperatures: 64°C - 64°C - 73°C - 70°C - 64°C - 66°C - 72°C - 71°C | Throttling: None - None - None - None - None - None - None - None
3760 (4134163 Gflops/s) - 3778 (4153954 Gflops/s) - 3728 (4098979 Gflops/s) - 3707 (4075889 Gflops/s) - 3758 (4131964 Gflops/s) - 3750 (4123168 Gflops/s) - 3749 (4122069 Gflops/s) - 3692 (4059396 Gflops/s) | Temperatures: 64°C - 64°C - 73°C - 70°C - 64°C - 66°C - 72°C - 71°C | Throttling: None - None - None - None - None - None - None - None
3760 (4134163 Gflops/s) - 3778 (4153954 Gflops/s) - 3728 (4098979 Gflops/s) - 3709 (4078088 Gflops/s) - 3758 (4131964 Gflops/s) - 3749 (4122069 Gflops/s) - 3746 (4118770 Gflops/s) - 3686 (4052799 Gflops/s) | Temperatures: 64°C - 64°C - 73°C - 70°C - 64°C - 66°C - 72°C - 71°C | Throttling: None - None - None - None - None - None - None - None
3760 (4134163 Gflops/s) - 3778 (4153954 Gflops/s) - 3727 (4097879 Gflops/s) - 3707 (4075889 Gflops/s) - 3758 (4131964 Gflops/s) - 3751 (4124268 Gflops/s) - 3747 (4119870 Gflops/s) - 3694 (4061595 Gflops/s) | Temperatures: 64°C - 64°C - 73°C - 70°C - 64°C - 66°C - 72°C - 71°C | Throttling: None - None - None - None - None - None - None - None
3761 (4135263 Gflops/s) - 3778 (4153954 Gflops/s) - 3727 (4097879 Gflops/s) - 3709 (4078088 Gflops/s) - 3757 (4130865 Gflops/s) - 3749 (4122069 Gflops/s) - 3746 (4118770 Gflops/s) - 3695 (4062695 Gflops/s) | Temperatures: 64°C - 64°C - 73°C - 70°C - 64°C - 66°C - 72°C - 71°C | Throttling: None - None - None - None - None - None - None - None
3761 (4135263 Gflops/s) - 3778 (4153954 Gflops/s) - 3728 (4098979 Gflops/s) - 3706 (4074790 Gflops/s) - 3760 (4134163 Gflops/s) - 3750 (4123168 Gflops/s) - 3746 (4118770 Gflops/s) - 3691 (4058297 Gflops/s) | Temperatures: 64°C - 64°C - 73°C - 70°C - 64°C - 66°C - 73°C - 71°C | Throttling: None - None - None - None - None - None - None - None
3760 (4134163 Gflops/s) - 3778 (4153954 Gflops/s) - 3726 (4096780 Gflops/s) - 3708 (4076989 Gflops/s) - 3757 (4130865 Gflops/s) - 3748 (4120969 Gflops/s) - 3749 (4122069 Gflops/s) - 3689 (4056098 Gflops/s) | Temperatures: 64°C - 64°C - 73°C - 70°C - 64°C - 66°C - 73°C - 71°C | Throttling: None - None - None - None - None - None - None - None
3760 (4134163 Gflops/s) - 3778 (4153954 Gflops/s) - 3725 (4095680 Gflops/s) - 3706 (4074790 Gflops/s) - 3757 (4130865 Gflops/s) - 3750 (4123168 Gflops/s) - 3745 (4117671 Gflops/s) - 3691 (4058297 Gflops/s) | Temperatures: 65°C - 65°C - 73°C - 70°C - 64°C - 66°C - 73°C - 71°C | Throttling: None - None - None - None - None - None - None - None
3764 (4138561 Gflops/s) - 3781 (4157253 Gflops/s) - 3732 (4103377 Gflops/s) - 3710 (4079188 Gflops/s) - 3760 (4134163 Gflops/s) - 3752 (4125367 Gflops/s) - 3749 (4122069 Gflops/s) - 3695 (4062695 Gflops/s) | Temperatures: 65°C - 65°C - 74°C - 70°C - 64°C - 66°C - 73°C - 71°C | Throttling: None - None - None - None - None - None - None - None
3760 (4134163 Gflops/s) - 3778 (4153954 Gflops/s) - 3726 (4096780 Gflops/s) - 3706 (4074790 Gflops/s) - 3756 (4129765 Gflops/s) - 3748 (4120969 Gflops/s) - 3745 (4117671 Gflops/s) - 3683 (4049501 Gflops/s) | Temperatures: 65°C - 65°C - 74°C - 70°C - 64°C - 66°C - 73°C - 71°C | Throttling: None - None - None - None - None - None - None - None
3760 (4134163 Gflops/s) - 3778 (4153954 Gflops/s) - 3725 (4095680 Gflops/s) - 3706 (4074790 Gflops/s) - 3757 (4130865 Gflops/s) - 3750 (4123168 Gflops/s) - 3746 (4118770 Gflops/s) - 3691 (4058297 Gflops/s) | Temperatures: 65°C - 65°C - 74°C - 70°C - 65°C - 66°C - 73°C - 71°C | Throttling: None - None - None - None - None - None - None - None
3760 (4134163 Gflops/s) - 3778 (4153954 Gflops/s) - 3725 (4095680 Gflops/s) - 3705 (4073690 Gflops/s) - 3756 (4129765 Gflops/s) - 3746 (4118770 Gflops/s) - 3746 (4118770 Gflops/s) - 3696 (4063794 Gflops/s) | Temperatures: 65°C - 65°C - 74°C - 70°C - 65°C - 66°C - 73°C - 71°C | Throttling: None - None - None - None - None - None - None - None
3760 (4134163 Gflops/s) - 3777 (4152855 Gflops/s) - 3725 (4095680 Gflops/s) - 3707 (4075889 Gflops/s) - 3756 (4129765 Gflops/s) - 3747 (4119870 Gflops/s) - 3744 (4116571 Gflops/s) - 3688 (4054998 Gflops/s) | Temperatures: 65°C - 65°C - 74°C - 71°C - 65°C - 66°C - 73°C - 71°C | Throttling: None - None - None - None - None - None - None - None
3759 (4133064 Gflops/s) - 3779 (4155054 Gflops/s) - 3724 (4094581 Gflops/s) - 3707 (4075889 Gflops/s) - 3756 (4129765 Gflops/s) - 3747 (4119870 Gflops/s) - 3745 (4117671 Gflops/s) - 3687 (4053899 Gflops/s) | Temperatures: 65°C - 65°C - 74°C - 71°C - 65°C - 66°C - 73°C - 71°C | Throttling: None - None - None - None - None - None - None - None
3759 (4133064 Gflops/s) - 3778 (4153954 Gflops/s) - 3724 (4094581 Gflops/s) - 3704 (4072591 Gflops/s) - 3757 (4130865 Gflops/s) - 3746 (4118770 Gflops/s) - 3744 (4116571 Gflops/s) - 3688 (4054998 Gflops/s) | Temperatures: 65°C - 65°C - 74°C - 71°C - 65°C - 66°C - 73°C - 71°C | Throttling: None - None - None - None - None - None - None - None
3758 (4131964 Gflops/s) - 3778 (4153954 Gflops/s) - 3724 (4094581 Gflops/s) - 3705 (4073690 Gflops/s) - 3755 (4128666 Gflops/s) - 3746 (4118770 Gflops/s) - 3744 (4116571 Gflops/s) - 3693 (4060496 Gflops/s) | Temperatures: 65°C - 65°C - 74°C - 71°C - 65°C - 66°C - 73°C - 72°C | Throttling: None - None - None - None - None - None - None - None
3759 (4133064 Gflops/s) - 3777 (4152855 Gflops/s) - 3723 (4093481 Gflops/s) - 3705 (4073690 Gflops/s) - 3757 (4130865 Gflops/s) - 3743 (4115472 Gflops/s) - 3743 (4115472 Gflops/s) - 3687 (4053899 Gflops/s) | Temperatures: 65°C - 65°C - 74°C - 71°C - 65°C - 66°C - 73°C - 71°C | Throttling: None - None - None - None - None - None - None - None
3759 (4133064 Gflops/s) - 3778 (4153954 Gflops/s) - 3723 (4093481 Gflops/s) - 3706 (4074790 Gflops/s) - 3756 (4129765 Gflops/s) - 3747 (4119870 Gflops/s) - 3744 (4116571 Gflops/s) - 3686 (4052799 Gflops/s) | Temperatures: 65°C - 65°C - 74°C - 71°C - 65°C - 66°C - 73°C - 72°C | Throttling: None - None - None - None - None - None - None - None
3759 (4133064 Gflops/s) - 3777 (4152855 Gflops/s) - 3725 (4095680 Gflops/s) - 3706 (4074790 Gflops/s) - 3755 (4128666 Gflops/s) - 3746 (4118770 Gflops/s) - 3746 (4118770 Gflops/s) - 3688 (4054998 Gflops/s) | Temperatures: 65°C - 65°C - 74°C - 71°C - 65°C - 66°C - 73°C - 71°C | Throttling: None - None - None - None - None - None - None - None
3758 (4131964 Gflops/s) - 3778 (4153954 Gflops/s) - 3727 (4097879 Gflops/s) - 3705 (4073690 Gflops/s) - 3756 (4129765 Gflops/s) - 3746 (4118770 Gflops/s) - 3743 (4115472 Gflops/s) - 3690 (4057197 Gflops/s) | Temperatures: 65°C - 65°C - 74°C - 71°C - 65°C - 66°C - 73°C - 72°C | Throttling: None - None - None - None - None - None - None - None
3758 (4131964 Gflops/s) - 3777 (4152855 Gflops/s) - 3724 (4094581 Gflops/s) - 3704 (4072591 Gflops/s) - 3755 (4128666 Gflops/s) - 3746 (4118770 Gflops/s) - 3743 (4115472 Gflops/s) - 3690 (4057197 Gflops/s) | Temperatures: 65°C - 65°C - 74°C - 71°C - 65°C - 66°C - 73°C - 72°C | Throttling: None - None - None - None - None - None - None - None
3759 (4133064 Gflops/s) - 3778 (4153954 Gflops/s) - 3728 (4098979 Gflops/s) - 3702 (4070392 Gflops/s) - 3756 (4129765 Gflops/s) - 3746 (4118770 Gflops/s) - 3744 (4116571 Gflops/s) - 3685 (4051700 Gflops/s) | Temperatures: 65°C - 65°C - 74°C - 71°C - 65°C - 66°C - 73°C - 72°C | Throttling: None - None - None - None - None - None - None - None
3758 (4131964 Gflops/s) - 3779 (4155054 Gflops/s) - 3728 (4098979 Gflops/s) - 3701 (4069292 Gflops/s) - 3755 (4128666 Gflops/s) - 3745 (4117671 Gflops/s) - 3742 (4114372 Gflops/s) - 3691 (4058297 Gflops/s) | Temperatures: 65°C - 65°C - 74°C - 71°C - 65°C - 66°C - 73°C - 72°C | Throttling: None - None - None - None - None - None - None - None
3758 (4131964 Gflops/s) - 3778 (4153954 Gflops/s) - 3729 (4100078 Gflops/s) - 3704 (4072591 Gflops/s) - 3755 (4128666 Gflops/s) - 3744 (4116571 Gflops/s) - 3742 (4114372 Gflops/s) - 3689 (4056098 Gflops/s) | Temperatures: 65°C - 65°C - 74°C - 71°C - 65°C - 66°C - 73°C - 72°C | Throttling: None - None - None - None - None - None - None - None
3758 (4131964 Gflops/s) - 3779 (4155054 Gflops/s) - 3729 (4100078 Gflops/s) - 3704 (4072591 Gflops/s) - 3755 (4128666 Gflops/s) - 3749 (4122069 Gflops/s) - 3743 (4115472 Gflops/s) - 3694 (4061595 Gflops/s) | Temperatures: 65°C - 65°C - 74°C - 71°C - 65°C - 67°C - 73°C - 72°C | Throttling: None - None - None - None - None - None - None - None
3758 (4131964 Gflops/s) - 3778 (4153954 Gflops/s) - 3728 (4098979 Gflops/s) - 3705 (4073690 Gflops/s) - 3756 (4129765 Gflops/s) - 3745 (4117671 Gflops/s) - 3741 (4113272 Gflops/s) - 3685 (4051700 Gflops/s) | Temperatures: 65°C - 65°C - 74°C - 71°C - 65°C - 66°C - 73°C - 72°C | Throttling: None - None - None - None - None - None - None - None
3759 (4133064 Gflops/s) - 3779 (4155054 Gflops/s) - 3729 (4100078 Gflops/s) - 3697 (4064894 Gflops/s) - 3755 (4128666 Gflops/s) - 3745 (4117671 Gflops/s) - 3742 (4114372 Gflops/s) - 3687 (4053899 Gflops/s) | Temperatures: 65°C - 65°C - 74°C - 71°C - 65°C - 66°C - 73°C - 72°C | Throttling: None - None - None - None - None - None - None - None
3758 (4131964 Gflops/s) - 3778 (4153954 Gflops/s) - 3727 (4097879 Gflops/s) - 3701 (4069292 Gflops/s) - 3755 (4128666 Gflops/s) - 3746 (4118770 Gflops/s) - 3742 (4114372 Gflops/s) - 3688 (4054998 Gflops/s) | Temperatures: 65°C - 65°C - 74°C - 71°C - 65°C - 67°C - 73°C - 72°C | Throttling: None - None - None - None - None - None - None - None
3758 (4131964 Gflops/s) - 3778 (4153954 Gflops/s) - 3728 (4098979 Gflops/s) - 3704 (4072591 Gflops/s) - 3757 (4130865 Gflops/s) - 3745 (4117671 Gflops/s) - 3742 (4114372 Gflops/s) - 3686 (4052799 Gflops/s) | Temperatures: 65°C - 65°C - 74°C - 71°C - 65°C - 67°C - 73°C - 72°C | Throttling: None - None - None - None - None - None - None - None
3759 (4133064 Gflops/s) - 3779 (4155054 Gflops/s) - 3729 (4100078 Gflops/s) - 3702 (4070392 Gflops/s) - 3755 (4128666 Gflops/s) - 3746 (4118770 Gflops/s) - 3745 (4117671 Gflops/s) - 3683 (4049501 Gflops/s) | Temperatures: 65°C - 65°C - 74°C - 71°C - 65°C - 67°C - 73°C - 72°C | Throttling: None - None - None - None - None - None - None - None
3757 (4130865 Gflops/s) - 3778 (4153954 Gflops/s) - 3725 (4095680 Gflops/s) - 3702 (4070392 Gflops/s) - 3756 (4129765 Gflops/s) - 3745 (4117671 Gflops/s) - 3741 (4113272 Gflops/s) - 3682 (4048401 Gflops/s) | Temperatures: 65°C - 65°C - 74°C - 71°C - 65°C - 67°C - 73°C - 72°C | Throttling: None - None - None - None - None - None - None - None
3758 (4131964 Gflops/s) - 3779 (4155054 Gflops/s) - 3726 (4096780 Gflops/s) - 3706 (4074790 Gflops/s) - 3755 (4128666 Gflops/s) - 3745 (4117671 Gflops/s) - 3743 (4115472 Gflops/s) - 3697 (4064894 Gflops/s) | Temperatures: 65°C - 65°C - 74°C - 71°C - 65°C - 67°C - 73°C - 72°C | Throttling: None - None - None - None - None - None - None - None
3758 (4131964 Gflops/s) - 3778 (4153954 Gflops/s) - 3727 (4097879 Gflops/s) - 3703 (4071491 Gflops/s) - 3757 (4130865 Gflops/s) - 3744 (4116571 Gflops/s) - 3742 (4114372 Gflops/s) - 3677 (4042904 Gflops/s) | Temperatures: 65°C - 65°C - 74°C - 71°C - 65°C - 67°C - 73°C - 72°C | Throttling: None - None - None - None - None - None - None - None
3758 (4131964 Gflops/s) - 3778 (4153954 Gflops/s) - 3729 (4100078 Gflops/s) - 3702 (4070392 Gflops/s) - 3755 (4128666 Gflops/s) - 3743 (4115472 Gflops/s) - 3741 (4113272 Gflops/s) - 3691 (4058297 Gflops/s) | Temperatures: 65°C - 65°C - 74°C - 71°C - 65°C - 67°C - 73°C - 72°C | Throttling: None - None - None - None - None - None - None - None
3758 (4131964 Gflops/s) - 3777 (4152855 Gflops/s) - 3725 (4095680 Gflops/s) - 3702 (4070392 Gflops/s) - 3755 (4128666 Gflops/s) - 3745 (4117671 Gflops/s) - 3742 (4114372 Gflops/s) - 3683 (4049501 Gflops/s) | Temperatures: 65°C - 66°C - 74°C - 71°C - 65°C - 67°C - 73°C - 72°C | Throttling: None - None - None - None - None - None - None - None
3757 (4130865 Gflops/s) - 3778 (4153954 Gflops/s) - 3726 (4096780 Gflops/s) - 3701 (4069292 Gflops/s) - 3756 (4129765 Gflops/s) - 3744 (4116571 Gflops/s) - 3742 (4114372 Gflops/s) - 3691 (4058297 Gflops/s) | Temperatures: 65°C - 66°C - 74°C - 71°C - 65°C - 67°C - 73°C - 72°C | Throttling: None - None - None - None - None - None - None - None
3757 (4130865 Gflops/s) - 3777 (4152855 Gflops/s) - 3727 (4097879 Gflops/s) - 3696 (4063794 Gflops/s) - 3755 (4128666 Gflops/s) - 3745 (4117671 Gflops/s) - 3742 (4114372 Gflops/s) - 3682 (4048401 Gflops/s) | Temperatures: 65°C - 65°C - 74°C - 71°C - 65°C - 67°C - 74°C - 72°C | Throttling: None - None - None - None - None - None - None - None
3758 (4131964 Gflops/s) - 3773 (4148457 Gflops/s) - 3726 (4096780 Gflops/s) - 3703 (4071491 Gflops/s) - 3756 (4129765 Gflops/s) - 3745 (4117671 Gflops/s) - 3742 (4114372 Gflops/s) - 3685 (4051700 Gflops/s) | Temperatures: 65°C - 66°C - 74°C - 71°C - 65°C - 67°C - 74°C - 72°C | Throttling: None - None - None - None - None - None - None - None
3757 (4130865 Gflops/s) - 3775 (4150656 Gflops/s) - 3726 (4096780 Gflops/s) - 3698 (4065993 Gflops/s) - 3755 (4128666 Gflops/s) - 3745 (4117671 Gflops/s) - 3740 (4112173 Gflops/s) - 3684 (4050600 Gflops/s) | Temperatures: 65°C - 66°C - 74°C - 71°C - 65°C - 67°C - 74°C - 72°C | Throttling: None - None - None - None - None - None - None - None
3757 (4130865 Gflops/s) - 3776 (4151755 Gflops/s) - 3725 (4095680 Gflops/s) - 3702 (4070392 Gflops/s) - 3755 (4128666 Gflops/s) - 3744 (4116571 Gflops/s) - 3742 (4114372 Gflops/s) - 3688 (4054998 Gflops/s) | Temperatures: 65°C - 66°C - 74°C - 71°C - 65°C - 67°C - 74°C - 72°C | Throttling: None - None - None - None - None - None - None - None
3758 (4131964 Gflops/s) - 3775 (4150656 Gflops/s) - 3726 (4096780 Gflops/s) - 3704 (4072591 Gflops/s) - 3756 (4129765 Gflops/s) - 3745 (4117671 Gflops/s) - 3741 (4113272 Gflops/s) - 3683 (4049501 Gflops/s) | Temperatures: 65°C - 66°C - 74°C - 71°C - 65°C - 67°C - 74°C - 72°C | Throttling: None - None - None - None - None - None - None - None
3756 (4129765 Gflops/s) - 3774 (4149556 Gflops/s) - 3723 (4093481 Gflops/s) - 3699 (4067093 Gflops/s) - 3756 (4129765 Gflops/s) - 3742 (4114372 Gflops/s) - 3741 (4113272 Gflops/s) - 3679 (4045103 Gflops/s) | Temperatures: 65°C - 66°C - 74°C - 71°C - 65°C - 67°C - 74°C - 72°C | Throttling: None - None - None - None - None - None - None - None
3758 (4131964 Gflops/s) - 3773 (4148457 Gflops/s) - 3726 (4096780 Gflops/s) - 3700 (4068193 Gflops/s) - 3755 (4128666 Gflops/s) - 3744 (4116571 Gflops/s) - 3742 (4114372 Gflops/s) - 3689 (4056098 Gflops/s) | Temperatures: 65°C - 66°C - 75°C - 71°C - 65°C - 67°C - 74°C - 72°C | Throttling: None - None - None - None - None - None - None - None
3758 (4131964 Gflops/s) - 3775 (4150656 Gflops/s) - 3725 (4095680 Gflops/s) - 3698 (4065993 Gflops/s) - 3755 (4128666 Gflops/s) - 3743 (4115472 Gflops/s) - 3741 (4113272 Gflops/s) - 3684 (4050600 Gflops/s) | Temperatures: 66°C - 66°C - 75°C - 71°C - 65°C - 67°C - 74°C - 72°C | Throttling: None - None - None - None - None - None - None - None
3758 (4131964 Gflops/s) - 3774 (4149556 Gflops/s) - 3725 (4095680 Gflops/s) - 3699 (4067093 Gflops/s) - 3756 (4129765 Gflops/s) - 3744 (4116571 Gflops/s) - 3742 (4114372 Gflops/s) - 3680 (4046202 Gflops/s) | Temperatures: 66°C - 66°C - 75°C - 71°C - 65°C - 67°C - 74°C - 72°C | Throttling: None - None - None - None - None - None - None - None
3758 (4131964 Gflops/s) - 3776 (4151755 Gflops/s) - 3726 (4096780 Gflops/s) - 3696 (4063794 Gflops/s) - 3756 (4129765 Gflops/s) - 3745 (4117671 Gflops/s) - 3742 (4114372 Gflops/s) - 3689 (4056098 Gflops/s) | Temperatures: 66°C - 66°C - 75°C - 71°C - 65°C - 67°C - 74°C - 72°C | Throttling: None - None - None - None - None - None - None - None
3756 (4129765 Gflops/s) - 3774 (4149556 Gflops/s) - 3723 (4093481 Gflops/s) - 3698 (4065993 Gflops/s) - 3755 (4128666 Gflops/s) - 3742 (4114372 Gflops/s) - 3741 (4113272 Gflops/s) - 3674 (4039605 Gflops/s) | Temperatures: 66°C - 66°C - 75°C - 71°C - 65°C - 67°C - 74°C - 72°C | Throttling: None - None - None - None - None - None - None - None
3757 (4130865 Gflops/s) - 3774 (4149556 Gflops/s) - 3723 (4093481 Gflops/s) - 3695 (4062695 Gflops/s) - 3755 (4128666 Gflops/s) - 3743 (4115472 Gflops/s) - 3740 (4112173 Gflops/s) - 3689 (4056098 Gflops/s) | Temperatures: 66°C - 66°C - 75°C - 71°C - 66°C - 67°C - 74°C - 72°C | Throttling: None - None - None - None - None - None - None - None
3756 (4129765 Gflops/s) - 3774 (4149556 Gflops/s) - 3723 (4093481 Gflops/s) - 3701 (4069292 Gflops/s) - 3755 (4128666 Gflops/s) - 3744 (4116571 Gflops/s) - 3741 (4113272 Gflops/s) - 3680 (4046202 Gflops/s) | Temperatures: 66°C - 66°C - 75°C - 72°C - 66°C - 67°C - 74°C - 72°C | Throttling: None - None - None - None - None - None - None - None
3757 (4130865 Gflops/s) - 3775 (4150656 Gflops/s) - 3727 (4097879 Gflops/s) - 3700 (4068193 Gflops/s) - 3755 (4128666 Gflops/s) - 3744 (4116571 Gflops/s) - 3742 (4114372 Gflops/s) - 3678 (4044003 Gflops/s) | Temperatures: 66°C - 66°C - 75°C - 72°C - 66°C - 67°C - 74°C - 72°C | Throttling: None - None - None - None - None - None - None - None
3756 (4129765 Gflops/s) - 3772 (4147357 Gflops/s) - 3723 (4093481 Gflops/s) - 3698 (4065993 Gflops/s) - 3756 (4129765 Gflops/s) - 3744 (4116571 Gflops/s) - 3742 (4114372 Gflops/s) - 3681 (4047302 Gflops/s) | Temperatures: 66°C - 66°C - 75°C - 72°C - 66°C - 67°C - 74°C - 72°C | Throttling: None - None - None - None - None - None - None - None
3757 (4130865 Gflops/s) - 3774 (4149556 Gflops/s) - 3726 (4096780 Gflops/s) - 3702 (4070392 Gflops/s) - 3755 (4128666 Gflops/s) - 3744 (4116571 Gflops/s) - 3741 (4113272 Gflops/s) - 3684 (4050600 Gflops/s) | Temperatures: 66°C - 66°C - 75°C - 72°C - 66°C - 67°C - 74°C - 72°C | Throttling: None - None - None - None - None - None - None - None
3755 (4128666 Gflops/s) - 3775 (4150656 Gflops/s) - 3725 (4095680 Gflops/s) - 3698 (4065993 Gflops/s) - 3755 (4128666 Gflops/s) - 3741 (4113272 Gflops/s) - 3740 (4112173 Gflops/s) - 3676 (4041804 Gflops/s) | Temperatures: 66°C - 66°C - 75°C - 72°C - 66°C - 67°C - 74°C - 72°C | Throttling: None - None - None - None - None - None - None - None
3757 (4130865 Gflops/s) - 3772 (4147357 Gflops/s) - 3726 (4096780 Gflops/s) - 3694 (4061595 Gflops/s) - 3756 (4129765 Gflops/s) - 3743 (4115472 Gflops/s) - 3741 (4113272 Gflops/s) - 3683 (4049501 Gflops/s) | Temperatures: 66°C - 66°C - 75°C - 72°C - 66°C - 67°C - 74°C - 72°C | Throttling: None - None - None - None - None - None - None - None
3756 (4129765 Gflops/s) - 3774 (4149556 Gflops/s) - 3723 (4093481 Gflops/s) - 3702 (4070392 Gflops/s) - 3755 (4128666 Gflops/s) - 3742 (4114372 Gflops/s) - 3740 (4112173 Gflops/s) - 3673 (4038506 Gflops/s) | Temperatures: 66°C - 66°C - 75°C - 72°C - 66°C - 67°C - 74°C - 72°C | Throttling: None - None - None - None - None - None - None - None
3756 (4129765 Gflops/s) - 3773 (4148457 Gflops/s) - 3723 (4093481 Gflops/s) - 3692 (4059396 Gflops/s) - 3755 (4128666 Gflops/s) - 3744 (4116571 Gflops/s) - 3742 (4114372 Gflops/s) - 3691 (4058297 Gflops/s) | Temperatures: 66°C - 66°C - 75°C - 72°C - 66°C - 67°C - 74°C - 73°C | Throttling: None - None - None - None - None - None - None - None
3756 (4129765 Gflops/s) - 3773 (4148457 Gflops/s) - 3723 (4093481 Gflops/s) - 3699 (4067093 Gflops/s) - 3756 (4129765 Gflops/s) - 3743 (4115472 Gflops/s) - 3741 (4113272 Gflops/s) - 3675 (4040705 Gflops/s) | Temperatures: 66°C - 66°C - 75°C - 72°C - 66°C - 67°C - 74°C - 72°C | Throttling: None - None - None - None - None - None - None - None
3755 (4128666 Gflops/s) - 3773 (4148457 Gflops/s) - 3723 (4093481 Gflops/s) - 3687 (4053899 Gflops/s) - 3755 (4128666 Gflops/s) - 3743 (4115472 Gflops/s) - 3738 (4109974 Gflops/s) - 3674 (4039605 Gflops/s) | Temperatures: 66°C - 66°C - 75°C - 72°C - 66°C - 67°C - 74°C - 72°C | Throttling: None - None - None - None - None - None - None - None
3756 (4129765 Gflops/s) - 3774 (4149556 Gflops/s) - 3725 (4095680 Gflops/s) - 3702 (4070392 Gflops/s) - 3755 (4128666 Gflops/s) - 3743 (4115472 Gflops/s) - 3742 (4114372 Gflops/s) - 3671 (4036307 Gflops/s) | Temperatures: 66°C - 66°C - 75°C - 72°C - 66°C - 67°C - 74°C - 72°C | Throttling: None - None - None - None - None - None - None - None
3755 (4128666 Gflops/s) - 3773 (4148457 Gflops/s) - 3725 (4095680 Gflops/s) - 3692 (4059396 Gflops/s) - 3756 (4129765 Gflops/s) - 3739 (4111073 Gflops/s) - 3741 (4113272 Gflops/s) - 3684 (4050600 Gflops/s) | Temperatures: 66°C - 66°C - 75°C - 72°C - 66°C - 67°C - 74°C - 73°C | Throttling: None - None - None - None - None - None - None - None
3755 (4128666 Gflops/s) - 3773 (4148457 Gflops/s) - 3723 (4093481 Gflops/s) - 3697 (4064894 Gflops/s) - 3755 (4128666 Gflops/s) - 3742 (4114372 Gflops/s) - 3740 (4112173 Gflops/s) - 3680 (4046202 Gflops/s) | Temperatures: 66°C - 66°C - 75°C - 72°C - 66°C - 67°C - 74°C - 72°C | Throttling: None - None - None - None - None - None - None - None
3756 (4129765 Gflops/s) - 3773 (4148457 Gflops/s) - 3725 (4095680 Gflops/s) - 3698 (4065993 Gflops/s) - 3756 (4129765 Gflops/s) - 3742 (4114372 Gflops/s) - 3741 (4113272 Gflops/s) - 3683 (4049501 Gflops/s) | Temperatures: 66°C - 66°C - 75°C - 72°C - 66°C - 67°C - 74°C - 73°C | Throttling: None - None - None - None - None - None - None - None
3755 (4128666 Gflops/s) - 3771 (4146258 Gflops/s) - 3722 (4092382 Gflops/s) - 3697 (4064894 Gflops/s) - 3755 (4128666 Gflops/s) - 3743 (4115472 Gflops/s) - 3740 (4112173 Gflops/s) - 3680 (4046202 Gflops/s) | Temperatures: 66°C - 66°C - 75°C - 72°C - 66°C - 67°C - 74°C - 73°C | Throttling: None - None - None - None - None - None - None - None
3755 (4128666 Gflops/s) - 3774 (4149556 Gflops/s) - 3723 (4093481 Gflops/s) - 3697 (4064894 Gflops/s) - 3755 (4128666 Gflops/s) - 3741 (4113272 Gflops/s) - 3741 (4113272 Gflops/s) - 3678 (4044003 Gflops/s) | Temperatures: 66°C - 66°C - 75°C - 72°C - 66°C - 67°C - 74°C - 73°C | Throttling: None - None - None - None - None - None - None - None
3755 (4128666 Gflops/s) - 3772 (4147357 Gflops/s) - 3723 (4093481 Gflops/s) - 3694 (4061595 Gflops/s) - 3756 (4129765 Gflops/s) - 3742 (4114372 Gflops/s) - 3741 (4113272 Gflops/s) - 3680 (4046202 Gflops/s) | Temperatures: 66°C - 66°C - 75°C - 72°C - 66°C - 67°C - 74°C - 73°C | Throttling: None - None - None - None - None - None - None - None
3755 (4128666 Gflops/s) - 3773 (4148457 Gflops/s) - 3720 (4090183 Gflops/s) - 3696 (4063794 Gflops/s) - 3755 (4128666 Gflops/s) - 3742 (4114372 Gflops/s) - 3740 (4112173 Gflops/s) - 3690 (4057197 Gflops/s) | Temperatures: 66°C - 66°C - 75°C - 72°C - 66°C - 67°C - 74°C - 73°C | Throttling: None - None - None - None - None - None - None - None
3755 (4128666 Gflops/s) - 3774 (4149556 Gflops/s) - 3722 (4092382 Gflops/s) - 3691 (4058297 Gflops/s) - 3755 (4128666 Gflops/s) - 3742 (4114372 Gflops/s) - 3739 (4111073 Gflops/s) - 3680 (4046202 Gflops/s) | Temperatures: 66°C - 66°C - 75°C - 72°C - 66°C - 67°C - 74°C - 73°C | Throttling: None - None - None - None - None - None - None - None
3754 (4127566 Gflops/s) - 3770 (4145158 Gflops/s) - 3722 (4092382 Gflops/s) - 3674 (4039605 Gflops/s) - 3754 (4127566 Gflops/s) - 3742 (4114372 Gflops/s) - 3740 (4112173 Gflops/s) - 3674 (4039605 Gflops/s) | Temperatures: 66°C - 66°C - 75°C - 72°C - 66°C - 67°C - 74°C - 73°C | Throttling: None - None - None - None - None - None - None - None
3753 (4126467 Gflops/s) - 3771 (4146258 Gflops/s) - 3722 (4092382 Gflops/s) - 3692 (4059396 Gflops/s) - 3754 (4127566 Gflops/s) - 3741 (4113272 Gflops/s) - 3741 (4113272 Gflops/s) - 3675 (4040705 Gflops/s) | Temperatures: 66°C - 66°C - 75°C - 72°C - 66°C - 67°C - 74°C - 73°C | Throttling: None - None - None - None - None - None - None - None
3756 (4129765 Gflops/s) - 3772 (4147357 Gflops/s) - 3721 (4091282 Gflops/s) - 3696 (4063794 Gflops/s) - 3755 (4128666 Gflops/s) - 3742 (4114372 Gflops/s) - 3739 (4111073 Gflops/s) - 3681 (4047302 Gflops/s) | Temperatures: 66°C - 66°C - 75°C - 72°C - 66°C - 67°C - 74°C - 73°C | Throttling: None - None - None - None - None - None - None - None
3752 (4125367 Gflops/s) - 3773 (4148457 Gflops/s) - 3717 (4086884 Gflops/s) - 3681 (4047302 Gflops/s) - 3755 (4128666 Gflops/s) - 3741 (4113272 Gflops/s) - 3738 (4109974 Gflops/s) - 3675 (4040705 Gflops/s) | Temperatures: 66°C - 66°C - 75°C - 72°C - 66°C - 68°C - 74°C - 73°C | Throttling: None - None - None - None - None - None - None - None
3755 (4128666 Gflops/s) - 3771 (4146258 Gflops/s) - 3717 (4086884 Gflops/s) - 3693 (4060496 Gflops/s) - 3755 (4128666 Gflops/s) - 3742 (4114372 Gflops/s) - 3740 (4112173 Gflops/s) - 3676 (4041804 Gflops/s) | Temperatures: 66°C - 66°C - 75°C - 72°C - 66°C - 67°C - 74°C - 73°C | Throttling: None - None - None - None - None - None - None - None
3755 (4128666 Gflops/s) - 3773 (4148457 Gflops/s) - 3717 (4086884 Gflops/s) - 3695 (4062695 Gflops/s) - 3756 (4129765 Gflops/s) - 3739 (4111073 Gflops/s) - 3738 (4109974 Gflops/s) - 3681 (4047302 Gflops/s) | Temperatures: 66°C - 66°C - 75°C - 72°C - 66°C - 67°C - 74°C - 73°C | Throttling: None - None - None - None - None - None - None - None
3755 (4128666 Gflops/s) - 3771 (4146258 Gflops/s) - 3722 (4092382 Gflops/s) - 3690 (4057197 Gflops/s) - 3755 (4128666 Gflops/s) - 3742 (4114372 Gflops/s) - 3739 (4111073 Gflops/s) - 3679 (4045103 Gflops/s) | Temperatures: 66°C - 66°C - 75°C - 72°C - 66°C - 67°C - 74°C - 73°C | Throttling: None - None - None - None - None - None - None - None
3755 (4128666 Gflops/s) - 3773 (4148457 Gflops/s) - 3720 (4090183 Gflops/s) - 3687 (4053899 Gflops/s) - 3755 (4128666 Gflops/s) - 3740 (4112173 Gflops/s) - 3741 (4113272 Gflops/s) - 3680 (4046202 Gflops/s) | Temperatures: 66°C - 66°C - 75°C - 72°C - 66°C - 67°C - 74°C - 73°C | Throttling: None - None - None - None - None - None - None - None
3755 (4128666 Gflops/s) - 3772 (4147357 Gflops/s) - 3715 (4084685 Gflops/s) - 3696 (4063794 Gflops/s) - 3755 (4128666 Gflops/s) - 3743 (4115472 Gflops/s) - 3739 (4111073 Gflops/s) - 3687 (4053899 Gflops/s) | Temperatures: 66°C - 66°C - 75°C - 72°C - 66°C - 67°C - 74°C - 73°C | Throttling: None - None - None - None - None - None - None - None
3755 (4128666 Gflops/s) - 3772 (4147357 Gflops/s) - 3705 (4073690 Gflops/s) - 3695 (4062695 Gflops/s) - 3755 (4128666 Gflops/s) - 3741 (4113272 Gflops/s) - 3740 (4112173 Gflops/s) - 3674 (4039605 Gflops/s) | Temperatures: 66°C - 66°C - 75°C - 72°C - 66°C - 67°C - 74°C - 73°C | Throttling: None - None - None - None - None - None - None - None
3754 (4127566 Gflops/s) - 3774 (4149556 Gflops/s) - 3718 (4087984 Gflops/s) - 3698 (4065993 Gflops/s) - 3755 (4128666 Gflops/s) - 3743 (4115472 Gflops/s) - 3739 (4111073 Gflops/s) - 3678 (4044003 Gflops/s) | Temperatures: 66°C - 66°C - 75°C - 72°C - 66°C - 67°C - 74°C - 73°C | Throttling: None - None - None - None - None - None - None - None
3755 (4128666 Gflops/s) - 3772 (4147357 Gflops/s) - 3712 (4081387 Gflops/s) - 3698 (4065993 Gflops/s) - 3755 (4128666 Gflops/s) - 3743 (4115472 Gflops/s) - 3740 (4112173 Gflops/s) - 3678 (4044003 Gflops/s) | Temperatures: 66°C - 66°C - 75°C - 72°C - 66°C - 67°C - 74°C - 73°C | Throttling: None - None - None - None - None - None - None - None
3754 (4127566 Gflops/s) - 3773 (4148457 Gflops/s) - 3722 (4092382 Gflops/s) - 3684 (4050600 Gflops/s) - 3755 (4128666 Gflops/s) - 3740 (4112173 Gflops/s) - 3741 (4113272 Gflops/s) - 3677 (4042904 Gflops/s) | Temperatures: 66°C - 66°C - 75°C - 72°C - 66°C - 67°C - 74°C - 72°C | Throttling: None - None - None - None - None - None - None - None
3755 (4128666 Gflops/s) - 3774 (4149556 Gflops/s) - 3718 (4087984 Gflops/s) - 3692 (4059396 Gflops/s) - 3756 (4129765 Gflops/s) - 3741 (4113272 Gflops/s) - 3739 (4111073 Gflops/s) - 3679 (4045103 Gflops/s) | Temperatures: 66°C - 66°C - 75°C - 72°C - 66°C - 67°C - 74°C - 73°C | Throttling: None - None - None - None - None - None - None - None
3756 (4129765 Gflops/s) - 3773 (4148457 Gflops/s) - 3719 (4089083 Gflops/s) - 3701 (4069292 Gflops/s) - 3755 (4128666 Gflops/s) - 3743 (4115472 Gflops/s) - 3737 (4108874 Gflops/s) - 3677 (4042904 Gflops/s) | Temperatures: 66°C - 66°C - 75°C - 72°C - 66°C - 67°C - 74°C - 72°C | Throttling: None - None - None - None - None - None - None - None
3756 (4129765 Gflops/s) - 3773 (4148457 Gflops/s) - 3720 (4090183 Gflops/s) - 3700 (4068193 Gflops/s) - 3756 (4129765 Gflops/s) - 3742 (4114372 Gflops/s) - 3738 (4109974 Gflops/s) - 3676 (4041804 Gflops/s) | Temperatures: 66°C - 66°C - 75°C - 72°C - 66°C - 67°C - 74°C - 73°C | Throttling: None - None - None - None - None - None - None - None
3755 (4128666 Gflops/s) - 3772 (4147357 Gflops/s) - 3712 (4081387 Gflops/s) - 3688 (4054998 Gflops/s) - 3755 (4128666 Gflops/s) - 3741 (4113272 Gflops/s) - 3740 (4112173 Gflops/s) - 3673 (4038506 Gflops/s) | Temperatures: 66°C - 66°C - 75°C - 72°C - 66°C - 67°C - 74°C - 73°C | Throttling: None - None - None - None - None - None - None - None
3755 (4128666 Gflops/s) - 3772 (4147357 Gflops/s) - 3716 (4085785 Gflops/s) - 3700 (4068193 Gflops/s) - 3755 (4128666 Gflops/s) - 3743 (4115472 Gflops/s) - 3738 (4109974 Gflops/s) - 3681 (4047302 Gflops/s) | Temperatures: 66°C - 66°C - 75°C - 72°C - 66°C - 67°C - 74°C - 72°C | Throttling: None - None - None - None - None - None - None - None
3755 (4128666 Gflops/s) - 3772 (4147357 Gflops/s) - 3720 (4090183 Gflops/s) - 3692 (4059396 Gflops/s) - 3756 (4129765 Gflops/s) - 3742 (4114372 Gflops/s) - 3736 (4107775 Gflops/s) - 3674 (4039605 Gflops/s) | Temperatures: 66°C - 66°C - 75°C - 72°C - 66°C - 67°C - 74°C - 73°C | Throttling: None - None - None - None - None - None - None - None
3755 (4128666 Gflops/s) - 3773 (4148457 Gflops/s) - 3721 (4091282 Gflops/s) - 3687 (4053899 Gflops/s) - 3755 (4128666 Gflops/s) - 3743 (4115472 Gflops/s) - 3738 (4109974 Gflops/s) - 3677 (4042904 Gflops/s) | Temperatures: 66°C - 66°C - 75°C - 72°C - 66°C - 67°C - 74°C - 73°C | Throttling: None - None - None - None - None - None - None - None
3756 (4129765 Gflops/s) - 3774 (4149556 Gflops/s) - 3712 (4081387 Gflops/s) - 3692 (4059396 Gflops/s) - 3755 (4128666 Gflops/s) - 3742 (4114372 Gflops/s) - 3740 (4112173 Gflops/s) - 3688 (4054998 Gflops/s) | Temperatures: 66°C - 66°C - 75°C - 72°C - 66°C - 67°C - 74°C - 73°C | Throttling: None - None - None - None - None - None - None - None
3754 (4127566 Gflops/s) - 3772 (4147357 Gflops/s) - 3718 (4087984 Gflops/s) - 3698 (4065993 Gflops/s) - 3755 (4128666 Gflops/s) - 3744 (4116571 Gflops/s) - 3737 (4108874 Gflops/s) - 3683 (4049501 Gflops/s) | Temperatures: 66°C - 66°C - 75°C - 72°C - 66°C - 67°C - 74°C - 73°C | Throttling: None - None - None - None - None - None - None - None
3756 (4129765 Gflops/s) - 3774 (4149556 Gflops/s) - 3716 (4085785 Gflops/s) - 3689 (4056098 Gflops/s) - 3755 (4128666 Gflops/s) - 3741 (4113272 Gflops/s) - 3737 (4108874 Gflops/s) - 3671 (4036307 Gflops/s) | Temperatures: 66°C - 66°C - 75°C - 72°C - 66°C - 67°C - 74°C - 72°C | Throttling: None - None - None - None - None - None - None - None
3756 (4129765 Gflops/s) - 3772 (4147357 Gflops/s) - 3721 (4091282 Gflops/s) - 3697 (4064894 Gflops/s) - 3756 (4129765 Gflops/s) - 3742 (4114372 Gflops/s) - 3742 (4114372 Gflops/s) - 3677 (4042904 Gflops/s) | Temperatures: 66°C - 66°C - 75°C - 72°C - 66°C - 67°C - 74°C - 72°C | Throttling: None - None - None - None - None - None - None - None
3755 (4128666 Gflops/s) - 3773 (4148457 Gflops/s) - 3720 (4090183 Gflops/s) - 3695 (4062695 Gflops/s) - 3755 (4128666 Gflops/s) - 3742 (4114372 Gflops/s) - 3735 (4106675 Gflops/s) - 3678 (4044003 Gflops/s) | Temperatures: 66°C - 66°C - 75°C - 72°C - 66°C - 67°C - 74°C - 72°C | Throttling: None - None - None - None - None - None - None - None
3757 (4130865 Gflops/s) - 3775 (4150656 Gflops/s) - 3710 (4079188 Gflops/s) - 3688 (4054998 Gflops/s) - 3755 (4128666 Gflops/s) - 3744 (4116571 Gflops/s) - 3739 (4111073 Gflops/s) - 3678 (4044003 Gflops/s) | Temperatures: 66°C - 66°C - 75°C - 72°C - 66°C - 67°C - 74°C - 73°C | Throttling: None - None - None - None - None - None - None - None
3756 (4129765 Gflops/s) - 3773 (4148457 Gflops/s) - 3719 (4089083 Gflops/s) - 3696 (4063794 Gflops/s) - 3756 (4129765 Gflops/s) - 3741 (4113272 Gflops/s) - 3739 (4111073 Gflops/s) - 3678 (4044003 Gflops/s) | Temperatures: 66°C - 66°C - 75°C - 72°C - 66°C - 67°C - 74°C - 73°C | Throttling: None - None - None - None - None - None - None - None
3756 (4129765 Gflops/s) - 3774 (4149556 Gflops/s) - 3716 (4085785 Gflops/s) - 3687 (4053899 Gflops/s) - 3755 (4128666 Gflops/s) - 3743 (4115472 Gflops/s) - 3740 (4112173 Gflops/s) - 3682 (4048401 Gflops/s) | Temperatures: 66°C - 66°C - 75°C - 72°C - 66°C - 67°C - 74°C - 73°C | Throttling: None - None - None - None - None - None - None - None
3756 (4129765 Gflops/s) - 3773 (4148457 Gflops/s) - 3720 (4090183 Gflops/s) - 3700 (4068193 Gflops/s) - 3755 (4128666 Gflops/s) - 3743 (4115472 Gflops/s) - 3741 (4113272 Gflops/s) - 3683 (4049501 Gflops/s) | Temperatures: 66°C - 66°C - 75°C - 72°C - 66°C - 67°C - 74°C - 73°C | Throttling: None - None - None - None - None - None - None - None
3756 (4129765 Gflops/s) - 3774 (4149556 Gflops/s) - 3716 (4085785 Gflops/s) - 3698 (4065993 Gflops/s) - 3756 (4129765 Gflops/s) - 3741 (4113272 Gflops/s) - 3738 (4109974 Gflops/s) - 3674 (4039605 Gflops/s) | Temperatures: 66°C - 66°C - 75°C - 72°C - 66°C - 67°C - 74°C - 73°C | Throttling: None - None - None - None - None - None - None - None
3755 (4128666 Gflops/s) - 3772 (4147357 Gflops/s) - 3717 (4086884 Gflops/s) - 3695 (4062695 Gflops/s) - 3755 (4128666 Gflops/s) - 3741 (4113272 Gflops/s) - 3738 (4109974 Gflops/s) - 3681 (4047302 Gflops/s) | Temperatures: 66°C - 66°C - 75°C - 72°C - 66°C - 67°C - 74°C - 72°C | Throttling: None - None - None - None - None - None - None - None
3757 (4130865 Gflops/s) - 3775 (4150656 Gflops/s) - 3718 (4087984 Gflops/s) - 3697 (4064894 Gflops/s) - 3755 (4128666 Gflops/s) - 3743 (4115472 Gflops/s) - 3737 (4108874 Gflops/s) - 3672 (4037406 Gflops/s) | Temperatures: 66°C - 66°C - 75°C - 72°C - 66°C - 67°C - 74°C - 72°C | Throttling: None - None - None - None - None - None - None - None
3756 (4129765 Gflops/s) - 3773 (4148457 Gflops/s) - 3720 (4090183 Gflops/s) - 3698 (4065993 Gflops/s) - 3755 (4128666 Gflops/s) - 3743 (4115472 Gflops/s) - 3739 (4111073 Gflops/s) - 3680 (4046202 Gflops/s) | Temperatures: 66°C - 66°C - 75°C - 72°C - 66°C - 67°C - 74°C - 72°C | Throttling: None - None - None - None - None - None - None - None
3755 (4128666 Gflops/s) - 3772 (4147357 Gflops/s) - 3718 (4087984 Gflops/s) - 3695 (4062695 Gflops/s) - 3756 (4129765 Gflops/s) - 3743 (4115472 Gflops/s) - 3737 (4108874 Gflops/s) - 3678 (4044003 Gflops/s) | Temperatures: 66°C - 66°C - 75°C - 72°C - 66°C - 67°C - 74°C - 72°C | Throttling: None - None - None - None - None - None - None - None
3755 (4128666 Gflops/s) - 3776 (4151755 Gflops/s) - 3711 (4080287 Gflops/s) - 3687 (4053899 Gflops/s) - 3755 (4128666 Gflops/s) - 3744 (4116571 Gflops/s) - 3740 (4112173 Gflops/s) - 3675 (4040705 Gflops/s) | Temperatures: 66°C - 66°C - 75°C - 72°C - 66°C - 67°C - 74°C - 72°C | Throttling: None - None - None - None - None - None - None - None
3756 (4129765 Gflops/s) - 3772 (4147357 Gflops/s) - 3718 (4087984 Gflops/s) - 3696 (4063794 Gflops/s) - 3755 (4128666 Gflops/s) - 3741 (4113272 Gflops/s) - 3739 (4111073 Gflops/s) - 3676 (4041804 Gflops/s) | Temperatures: 66°C - 66°C - 75°C - 72°C - 66°C - 67°C - 74°C - 72°C | Throttling: None - None - None - None - None - None - None - None
3756 (4129765 Gflops/s) - 3774 (4149556 Gflops/s) - 3720 (4090183 Gflops/s) - 3698 (4065993 Gflops/s) - 3755 (4128666 Gflops/s) - 3741 (4113272 Gflops/s) - 3740 (4112173 Gflops/s) - 3678 (4044003 Gflops/s) | Temperatures: 66°C - 66°C - 75°C - 72°C - 66°C - 67°C - 74°C - 72°C | Throttling: None - None - None - None - None - None - None - None
3756 (4129765 Gflops/s) - 3773 (4148457 Gflops/s) - 3720 (4090183 Gflops/s) - 3696 (4063794 Gflops/s) - 3756 (4129765 Gflops/s) - 3741 (4113272 Gflops/s) - 3741 (4113272 Gflops/s) - 3670 (4035207 Gflops/s) | Temperatures: 66°C - 66°C - 75°C - 72°C - 66°C - 67°C - 74°C - 72°C | Throttling: None - None - None - None - None - None - None - None
3757 (4130865 Gflops/s) - 3775 (4150656 Gflops/s) - 3719 (4089083 Gflops/s) - 3699 (4067093 Gflops/s) - 3755 (4128666 Gflops/s) - 3743 (4115472 Gflops/s) - 3739 (4111073 Gflops/s) - 3677 (4042904 Gflops/s) | Temperatures: 66°C - 66°C - 75°C - 72°C - 66°C - 67°C - 74°C - 72°C | Throttling: None - None - None - None - None - None - None - None
3755 (4128666 Gflops/s) - 3773 (4148457 Gflops/s) - 3719 (4089083 Gflops/s) - 3688 (4054998 Gflops/s) - 3755 (4128666 Gflops/s) - 3743 (4115472 Gflops/s) - 3739 (4111073 Gflops/s) - 3685 (4051700 Gflops/s) | Temperatures: 66°C - 66°C - 75°C - 72°C - 66°C - 67°C - 74°C - 72°C | Throttling: None - None - None - None - None - None - None - None
3756 (4129765 Gflops/s) - 3774 (4149556 Gflops/s) - 3721 (4091282 Gflops/s) - 3696 (4063794 Gflops/s) - 3755 (4128666 Gflops/s) - 3739 (4111073 Gflops/s) - 3736 (4107775 Gflops/s) - 3680 (4046202 Gflops/s) | Temperatures: 66°C - 66°C - 75°C - 72°C - 66°C - 67°C - 74°C - 72°C | Throttling: None - None - None - None - None - None - None - None
3755 (4128666 Gflops/s) - 3773 (4148457 Gflops/s) - 3718 (4087984 Gflops/s) - 3694 (4061595 Gflops/s) - 3755 (4128666 Gflops/s) - 3743 (4115472 Gflops/s) - 3738 (4109974 Gflops/s) - 3676 (4041804 Gflops/s) | Temperatures: 66°C - 66°C - 75°C - 72°C - 66°C - 67°C - 74°C - 72°C | Throttling: None - None - None - None - None - None - None - None
3755 (4128666 Gflops/s) - 3774 (4149556 Gflops/s) - 3720 (4090183 Gflops/s) - 3700 (4068193 Gflops/s) - 3756 (4129765 Gflops/s) - 3741 (4113272 Gflops/s) - 3741 (4113272 Gflops/s) - 3675 (4040705 Gflops/s) | Temperatures: 66°C - 66°C - 75°C - 72°C - 66°C - 67°C - 74°C - 72°C | Throttling: None - None - None - None - None - None - None - None
3756 (4129765 Gflops/s) - 3772 (4147357 Gflops/s) - 3721 (4091282 Gflops/s) - 3694 (4061595 Gflops/s) - 3755 (4128666 Gflops/s) - 3742 (4114372 Gflops/s) - 3737 (4108874 Gflops/s) - 3679 (4045103 Gflops/s) | Temperatures: 66°C - 66°C - 75°C - 72°C - 66°C - 67°C - 74°C - 72°C | Throttling: None - None - None - None - None - None - None - None
3756 (4129765 Gflops/s) - 3775 (4150656 Gflops/s) - 3712 (4081387 Gflops/s) - 3701 (4069292 Gflops/s) - 3755 (4128666 Gflops/s) - 3742 (4114372 Gflops/s) - 3739 (4111073 Gflops/s) - 3680 (4046202 Gflops/s) | Temperatures: 65°C - 66°C - 75°C - 72°C - 65°C - 67°C - 74°C - 72°C | Throttling: None - None - None - None - None - None - None - None
3756 (4129765 Gflops/s) - 3775 (4150656 Gflops/s) - 3719 (4089083 Gflops/s) - 3695 (4062695 Gflops/s) - 3755 (4128666 Gflops/s) - 3744 (4116571 Gflops/s) - 3742 (4114372 Gflops/s) - 3682 (4048401 Gflops/s) | Temperatures: 65°C - 66°C - 75°C - 72°C - 65°C - 67°C - 74°C - 72°C | Throttling: None - None - None - None - None - None - None - None
3757 (4130865 Gflops/s) - 3773 (4148457 Gflops/s) - 3719 (4089083 Gflops/s) - 3694 (4061595 Gflops/s) - 3756 (4129765 Gflops/s) - 3746 (4118770 Gflops/s) - 3741 (4113272 Gflops/s) - 3670 (4035207 Gflops/s) | Temperatures: 65°C - 66°C - 75°C - 71°C - 65°C - 67°C - 74°C - 72°C | Throttling: None - None - None - None - None - None - None - None
3757 (4130865 Gflops/s) - 3774 (4149556 Gflops/s) - 3720 (4090183 Gflops/s) - 3691 (4058297 Gflops/s) - 3755 (4128666 Gflops/s) - 3745 (4117671 Gflops/s) - 3741 (4113272 Gflops/s) - 3677 (4042904 Gflops/s) | Temperatures: 65°C - 65°C - 75°C - 71°C - 65°C - 67°C - 74°C - 72°C | Throttling: None - None - None - None - None - None - None - None
3756 (4129765 Gflops/s) - 3776 (4151755 Gflops/s) - 3719 (4089083 Gflops/s) - 3700 (4068193 Gflops/s) - 3755 (4128666 Gflops/s) - 3745 (4117671 Gflops/s) - 3741 (4113272 Gflops/s) - 3681 (4047302 Gflops/s) | Temperatures: 65°C - 65°C - 75°C - 71°C - 65°C - 67°C - 74°C - 72°C | Throttling: None - None - None - None - None - None - None - None
3757 (4130865 Gflops/s) - 3773 (4148457 Gflops/s) - 3720 (4090183 Gflops/s) - 3694 (4061595 Gflops/s) - 3755 (4128666 Gflops/s) - 3741 (4113272 Gflops/s) - 3738 (4109974 Gflops/s) - 3684 (4050600 Gflops/s) | Temperatures: 65°C - 65°C - 75°C - 71°C - 65°C - 67°C - 74°C - 72°C | Throttling: None - None - None - None - None - None - None - None
3758 (4131964 Gflops/s) - 3776 (4151755 Gflops/s) - 3719 (4089083 Gflops/s) - 3698 (4065993 Gflops/s) - 3756 (4129765 Gflops/s) - 3746 (4118770 Gflops/s) - 3742 (4114372 Gflops/s) - 3685 (4051700 Gflops/s) | Temperatures: 65°C - 65°C - 75°C - 71°C - 65°C - 67°C - 74°C - 72°C | Throttling: None - None - None - None - None - None - None - None
3758 (4131964 Gflops/s) - 3777 (4152855 Gflops/s) - 3723 (4093481 Gflops/s) - 3701 (4069292 Gflops/s) - 3755 (4128666 Gflops/s) - 3746 (4118770 Gflops/s) - 3741 (4113272 Gflops/s) - 3680 (4046202 Gflops/s) | Temperatures: 65°C - 65°C - 75°C - 71°C - 65°C - 66°C - 74°C - 72°C | Throttling: None - None - None - None - None - None - None - None
3757 (4130865 Gflops/s) - 3775 (4150656 Gflops/s) - 3724 (4094581 Gflops/s) - 3699 (4067093 Gflops/s) - 3755 (4128666 Gflops/s) - 3744 (4116571 Gflops/s) - 3742 (4114372 Gflops/s) - 3686 (4052799 Gflops/s) | Temperatures: 65°C - 65°C - 75°C - 71°C - 65°C - 66°C - 74°C - 72°C | Throttling: None - None - None - None - None - None - None - None
3758 (4131964 Gflops/s) - 3777 (4152855 Gflops/s) - 3721 (4091282 Gflops/s) - 3701 (4069292 Gflops/s) - 3756 (4129765 Gflops/s) - 3744 (4116571 Gflops/s) - 3741 (4113272 Gflops/s) - 3685 (4051700 Gflops/s) | Temperatures: 65°C - 65°C - 75°C - 71°C - 65°C - 66°C - 74°C - 72°C | Throttling: None - None - None - None - None - None - None - None
3758 (4131964 Gflops/s) - 3776 (4151755 Gflops/s) - 3724 (4094581 Gflops/s) - 3703 (4071491 Gflops/s) - 3755 (4128666 Gflops/s) - 3745 (4117671 Gflops/s) - 3742 (4114372 Gflops/s) - 3683 (4049501 Gflops/s) | Temperatures: 65°C - 65°C - 75°C - 71°C - 65°C - 66°C - 74°C - 72°C | Throttling: None - None - None - None - None - None - None - None
3758 (4131964 Gflops/s) - 3777 (4152855 Gflops/s) - 3719 (4089083 Gflops/s) - 3699 (4067093 Gflops/s) - 3755 (4128666 Gflops/s) - 3745 (4117671 Gflops/s) - 3741 (4113272 Gflops/s) - 3684 (4050600 Gflops/s) | Temperatures: 65°C - 65°C - 74°C - 71°C - 65°C - 66°C - 74°C - 72°C | Throttling: None - None - None - None - None - None - None - None
3758 (4131964 Gflops/s) - 3776 (4151755 Gflops/s) - 3720 (4090183 Gflops/s) - 3701 (4069292 Gflops/s) - 3756 (4129765 Gflops/s) - 3745 (4117671 Gflops/s) - 3743 (4115472 Gflops/s) - 3690 (4057197 Gflops/s) | Temperatures: 65°C - 65°C - 74°C - 71°C - 65°C - 66°C - 73°C - 72°C | Throttling: None - None - None - None - None - None - None - None
3758 (4131964 Gflops/s) - 3776 (4151755 Gflops/s) - 3720 (4090183 Gflops/s) - 3703 (4071491 Gflops/s) - 3755 (4128666 Gflops/s) - 3746 (4118770 Gflops/s) - 3741 (4113272 Gflops/s) - 3678 (4044003 Gflops/s) | Temperatures: 65°C - 65°C - 74°C - 71°C - 65°C - 66°C - 73°C - 72°C | Throttling: None - None - None - None - None - None - None - None
3758 (4131964 Gflops/s) - 3778 (4153954 Gflops/s) - 3720 (4090183 Gflops/s) - 3701 (4069292 Gflops/s) - 3755 (4128666 Gflops/s) - 3747 (4119870 Gflops/s) - 3741 (4113272 Gflops/s) - 3689 (4056098 Gflops/s) | Temperatures: 65°C - 65°C - 74°C - 71°C - 65°C - 66°C - 73°C - 72°C | Throttling: None - None - None - None - None - None - None - None
3757 (4130865 Gflops/s) - 3777 (4152855 Gflops/s) - 3723 (4093481 Gflops/s) - 3698 (4065993 Gflops/s) - 3755 (4128666 Gflops/s) - 3745 (4117671 Gflops/s) - 3742 (4114372 Gflops/s) - 3683 (4049501 Gflops/s) | Temperatures: 65°C - 65°C - 74°C - 71°C - 65°C - 66°C - 73°C - 72°C | Throttling: None - None - None - None - None - None - None - None
3759 (4133064 Gflops/s) - 3778 (4153954 Gflops/s) - 3720 (4090183 Gflops/s) - 3702 (4070392 Gflops/s) - 3756 (4129765 Gflops/s) - 3747 (4119870 Gflops/s) - 3740 (4112173 Gflops/s) - 3686 (4052799 Gflops/s) | Temperatures: 65°C - 65°C - 74°C - 71°C - 65°C - 66°C - 73°C - 72°C | Throttling: None - None - None - None - None - None - None - None
3759 (4133064 Gflops/s) - 3777 (4152855 Gflops/s) - 3723 (4093481 Gflops/s) - 3702 (4070392 Gflops/s) - 3756 (4129765 Gflops/s) - 3745 (4117671 Gflops/s) - 3741 (4113272 Gflops/s) - 3688 (4054998 Gflops/s) | Temperatures: 65°C - 65°C - 74°C - 71°C - 65°C - 66°C - 73°C - 71°C | Throttling: None - None - None - None - None - None - None - None
3758 (4131964 Gflops/s) - 3777 (4152855 Gflops/s) - 3718 (4087984 Gflops/s) - 3703 (4071491 Gflops/s) - 3755 (4128666 Gflops/s) - 3747 (4119870 Gflops/s) - 3742 (4114372 Gflops/s) - 3691 (4058297 Gflops/s) | Temperatures: 65°C - 65°C - 74°C - 71°C - 65°C - 66°C - 73°C - 72°C | Throttling: None - None - None - None - None - None - None - None
3759 (4133064 Gflops/s) - 3779 (4155054 Gflops/s) - 3721 (4091282 Gflops/s) - 3705 (4073690 Gflops/s) - 3756 (4129765 Gflops/s) - 3747 (4119870 Gflops/s) - 3742 (4114372 Gflops/s) - 3679 (4045103 Gflops/s) | Temperatures: 65°C - 65°C - 74°C - 71°C - 65°C - 66°C - 73°C - 71°C | Throttling: None - None - None - None - None - None - None - None
3757 (4130865 Gflops/s) - 3777 (4152855 Gflops/s) - 3720 (4090183 Gflops/s) - 3702 (4070392 Gflops/s) - 3755 (4128666 Gflops/s) - 3744 (4116571 Gflops/s) - 3742 (4114372 Gflops/s) - 3693 (4060496 Gflops/s) | Temperatures: 65°C - 65°C - 74°C - 71°C - 65°C - 66°C - 73°C - 72°C | Throttling: None - None - None - None - None - None - None - None
3759 (4133064 Gflops/s) - 3778 (4153954 Gflops/s) - 3721 (4091282 Gflops/s) - 3704 (4072591 Gflops/s) - 3756 (4129765 Gflops/s) - 3744 (4116571 Gflops/s) - 3741 (4113272 Gflops/s) - 3680 (4046202 Gflops/s) | Temperatures: 65°C - 65°C - 74°C - 71°C - 65°C - 66°C - 73°C - 72°C | Throttling: None - None - None - None - None - None - None - None
3758 (4131964 Gflops/s) - 3779 (4155054 Gflops/s) - 3722 (4092382 Gflops/s) - 3702 (4070392 Gflops/s) - 3755 (4128666 Gflops/s) - 3746 (4118770 Gflops/s) - 3741 (4113272 Gflops/s) - 3689 (4056098 Gflops/s) | Temperatures: 65°C - 65°C - 74°C - 71°C - 65°C - 66°C - 73°C - 72°C | Throttling: None - None - None - None - None - None - None - None
3759 (4133064 Gflops/s) - 3777 (4152855 Gflops/s) - 3718 (4087984 Gflops/s) - 3704 (4072591 Gflops/s) - 3755 (4128666 Gflops/s) - 3746 (4118770 Gflops/s) - 3742 (4114372 Gflops/s) - 3678 (4044003 Gflops/s) | Temperatures: 65°C - 65°C - 74°C - 71°C - 65°C - 66°C - 73°C - 71°C | Throttling: None - None - None - None - None - None - None - None
3759 (4133064 Gflops/s) - 3778 (4153954 Gflops/s) - 3722 (4092382 Gflops/s) - 3703 (4071491 Gflops/s) - 3755 (4128666 Gflops/s) - 3748 (4120969 Gflops/s) - 3742 (4114372 Gflops/s) - 3689 (4056098 Gflops/s) | Temperatures: 65°C - 65°C - 74°C - 71°C - 65°C - 66°C - 73°C - 72°C | Throttling: None - None - None - None - None - None - None - None
3758 (4131964 Gflops/s) - 3778 (4153954 Gflops/s) - 3723 (4093481 Gflops/s) - 3704 (4072591 Gflops/s) - 3757 (4130865 Gflops/s) - 3746 (4118770 Gflops/s) - 3741 (4113272 Gflops/s) - 3682 (4048401 Gflops/s) | Temperatures: 65°C - 65°C - 74°C - 71°C - 65°C - 66°C - 73°C - 71°C | Throttling: None - None - None - None - None - None - None - None
3758 (4131964 Gflops/s) - 3777 (4152855 Gflops/s) - 3723 (4093481 Gflops/s) - 3706 (4074790 Gflops/s) - 3755 (4128666 Gflops/s) - 3746 (4118770 Gflops/s) - 3744 (4116571 Gflops/s) - 3694 (4061595 Gflops/s) | Temperatures: 65°C - 65°C - 74°C - 71°C - 65°C - 66°C - 73°C - 72°C | Throttling: None - None - None - None - None - None - None - None
3759 (4133064 Gflops/s) - 3778 (4153954 Gflops/s) - 3722 (4092382 Gflops/s) - 3708 (4076989 Gflops/s) - 3755 (4128666 Gflops/s) - 3748 (4120969 Gflops/s) - 3741 (4113272 Gflops/s) - 3687 (4053899 Gflops/s) | Temperatures: 65°C - 65°C - 74°C - 71°C - 65°C - 66°C - 73°C - 71°C | Throttling: None - None - None - None - None - None - None - None
3759 (4133064 Gflops/s) - 3779 (4155054 Gflops/s) - 3723 (4093481 Gflops/s) - 3703 (4071491 Gflops/s) - 3755 (4128666 Gflops/s) - 3747 (4119870 Gflops/s) - 3742 (4114372 Gflops/s) - 3682 (4048401 Gflops/s) | Temperatures: 65°C - 65°C - 74°C - 71°C - 64°C - 66°C - 73°C - 71°C | Throttling: None - None - None - None - None - None - None - None
3759 (4133064 Gflops/s) - 3779 (4155054 Gflops/s) - 3723 (4093481 Gflops/s) - 3704 (4072591 Gflops/s) - 3755 (4128666 Gflops/s) - 3745 (4117671 Gflops/s) - 3741 (4113272 Gflops/s) - 3687 (4053899 Gflops/s) | Temperatures: 65°C - 65°C - 74°C - 71°C - 64°C - 66°C - 73°C - 71°C | Throttling: None - None - None - None - None - None - None - None
3759 (4133064 Gflops/s) - 3779 (4155054 Gflops/s) - 3725 (4095680 Gflops/s) - 3704 (4072591 Gflops/s) - 3756 (4129765 Gflops/s) - 3747 (4119870 Gflops/s) - 3742 (4114372 Gflops/s) - 3684 (4050600 Gflops/s) | Temperatures: 65°C - 65°C - 74°C - 71°C - 64°C - 66°C - 73°C - 71°C | Throttling: None - None - None - None - None - None - None - None
3759 (4133064 Gflops/s) - 3780 (4156153 Gflops/s) - 3724 (4094581 Gflops/s) - 3705 (4073690 Gflops/s) - 3757 (4130865 Gflops/s) - 3748 (4120969 Gflops/s) - 3743 (4115472 Gflops/s) - 3683 (4049501 Gflops/s) | Temperatures: 65°C - 65°C - 74°C - 71°C - 64°C - 66°C - 73°C - 71°C | Throttling: None - None - None - None - None - None - None - None
3759 (4133064 Gflops/s) - 3779 (4155054 Gflops/s) - 3721 (4091282 Gflops/s) - 3700 (4068193 Gflops/s) - 3756 (4129765 Gflops/s) - 3747 (4119870 Gflops/s) - 3742 (4114372 Gflops/s) - 3690 (4057197 Gflops/s) | Temperatures: 65°C - 65°C - 74°C - 71°C - 64°C - 66°C - 73°C - 71°C | Throttling: None - None - None - None - None - None - None - None
3761 (4135263 Gflops/s) - 3777 (4152855 Gflops/s) - 3725 (4095680 Gflops/s) - 3706 (4074790 Gflops/s) - 3757 (4130865 Gflops/s) - 3745 (4117671 Gflops/s) - 3742 (4114372 Gflops/s) - 3687 (4053899 Gflops/s) | Temperatures: 64°C - 65°C - 74°C - 71°C - 64°C - 66°C - 73°C - 71°C | Throttling: None - None - None - None - None - None - None - None
3759 (4133064 Gflops/s) - 3778 (4153954 Gflops/s) - 3723 (4093481 Gflops/s) - 3705 (4073690 Gflops/s) - 3757 (4130865 Gflops/s) - 3745 (4117671 Gflops/s) - 3742 (4114372 Gflops/s) - 3688 (4054998 Gflops/s) | Temperatures: 65°C - 65°C - 74°C - 71°C - 64°C - 66°C - 73°C - 71°C | Throttling: None - None - None - None - None - None - None - None
3759 (4133064 Gflops/s) - 3779 (4155054 Gflops/s) - 3724 (4094581 Gflops/s) - 3705 (4073690 Gflops/s) - 3758 (4131964 Gflops/s) - 3746 (4118770 Gflops/s) - 3741 (4113272 Gflops/s) - 3694 (4061595 Gflops/s) | Temperatures: 64°C - 65°C - 74°C - 71°C - 64°C - 66°C - 73°C - 71°C | Throttling: None - None - None - None - None - None - None - None
3760 (4134163 Gflops/s) - 3779 (4155054 Gflops/s) - 3723 (4093481 Gflops/s) - 3700 (4068193 Gflops/s) - 3757 (4130865 Gflops/s) - 3748 (4120969 Gflops/s) - 3743 (4115472 Gflops/s) - 3694 (4061595 Gflops/s) | Temperatures: 64°C - 65°C - 74°C - 70°C - 64°C - 66°C - 73°C - 72°C | Throttling: None - None - None - None - None - None - None - None
3760 (4134163 Gflops/s) - 3779 (4155054 Gflops/s) - 3724 (4094581 Gflops/s) - 3706 (4074790 Gflops/s) - 3757 (4130865 Gflops/s) - 3747 (4119870 Gflops/s) - 3742 (4114372 Gflops/s) - 3690 (4057197 Gflops/s) | Temperatures: 64°C - 65°C - 74°C - 70°C - 64°C - 66°C - 73°C - 72°C | Throttling: None - None - None - None - None - None - None - None
3760 (4134163 Gflops/s) - 3779 (4155054 Gflops/s) - 3723 (4093481 Gflops/s) - 3706 (4074790 Gflops/s) - 3757 (4130865 Gflops/s) - 3748 (4120969 Gflops/s) - 3742 (4114372 Gflops/s) - 3681 (4047302 Gflops/s) | Temperatures: 64°C - 65°C - 74°C - 70°C - 64°C - 66°C - 73°C - 71°C | Throttling: None - None - None - None - None - None - None - None
3759 (4133064 Gflops/s) - 3779 (4155054 Gflops/s) - 3722 (4092382 Gflops/s) - 3705 (4073690 Gflops/s) - 3758 (4131964 Gflops/s) - 3746 (4118770 Gflops/s) - 3742 (4114372 Gflops/s) - 3692 (4059396 Gflops/s) | Temperatures: 64°C - 65°C - 74°C - 70°C - 64°C - 66°C - 73°C - 71°C | Throttling: None - None - None - None - None - None - None - None
3760 (4134163 Gflops/s) - 3779 (4155054 Gflops/s) - 3725 (4095680 Gflops/s) - 3706 (4074790 Gflops/s) - 3757 (4130865 Gflops/s) - 3748 (4120969 Gflops/s) - 3744 (4116571 Gflops/s) - 3677 (4042904 Gflops/s) | Temperatures: 64°C - 65°C - 74°C - 70°C - 64°C - 66°C - 73°C - 71°C | Throttling: None - None - None - None - None - None - None - None
3760 (4134163 Gflops/s) - 3779 (4155054 Gflops/s) - 3725 (4095680 Gflops/s) - 3706 (4074790 Gflops/s) - 3757 (4130865 Gflops/s) - 3747 (4119870 Gflops/s) - 3742 (4114372 Gflops/s) - 3689 (4056098 Gflops/s) | Temperatures: 64°C - 65°C - 74°C - 70°C - 64°C - 66°C - 73°C - 71°C | Throttling: None - None - None - None - None - None - None - None
3760 (4134163 Gflops/s) - 3779 (4155054 Gflops/s) - 3723 (4093481 Gflops/s) - 3706 (4074790 Gflops/s) - 3757 (4130865 Gflops/s) - 3748 (4120969 Gflops/s) - 3744 (4116571 Gflops/s) - 3696 (4063794 Gflops/s) | Temperatures: 64°C - 65°C - 74°C - 70°C - 64°C - 66°C - 73°C - 71°C | Throttling: None - None - None - None - None - None - None - None
3760 (4134163 Gflops/s) - 3779 (4155054 Gflops/s) - 3723 (4093481 Gflops/s) - 3705 (4073690 Gflops/s) - 3757 (4130865 Gflops/s) - 3746 (4118770 Gflops/s) - 3743 (4115472 Gflops/s) - 3687 (4053899 Gflops/s) | Temperatures: 64°C - 65°C - 74°C - 70°C - 64°C - 66°C - 73°C - 71°C | Throttling: None - None - None - None - None - None - None - None
3760 (4134163 Gflops/s) - 3779 (4155054 Gflops/s) - 3725 (4095680 Gflops/s) - 3705 (4073690 Gflops/s) - 3757 (4130865 Gflops/s) - 3748 (4120969 Gflops/s) - 3746 (4118770 Gflops/s) - 3683 (4049501 Gflops/s) | Temperatures: 64°C - 65°C - 74°C - 70°C - 64°C - 66°C - 73°C - 71°C | Throttling: None - None - None - None - None - None - None - None
3761 (4135263 Gflops/s) - 3779 (4155054 Gflops/s) - 3726 (4096780 Gflops/s) - 3703 (4071491 Gflops/s) - 3757 (4130865 Gflops/s) - 3748 (4120969 Gflops/s) - 3744 (4116571 Gflops/s) - 3686 (4052799 Gflops/s) | Temperatures: 65°C - 65°C - 74°C - 70°C - 64°C - 66°C - 73°C - 71°C | Throttling: None - None - None - None - None - None - None - None
3760 (4134163 Gflops/s) - 3779 (4155054 Gflops/s) - 3724 (4094581 Gflops/s) - 3705 (4073690 Gflops/s) - 3757 (4130865 Gflops/s) - 3747 (4119870 Gflops/s) - 3743 (4115472 Gflops/s) - 3692 (4059396 Gflops/s) | Temperatures: 65°C - 65°C - 74°C - 71°C - 64°C - 66°C - 73°C - 71°C | Throttling: None - None - None - None - None - None - None - None
3760 (4134163 Gflops/s) - 3779 (4155054 Gflops/s) - 3724 (4094581 Gflops/s) - 3705 (4073690 Gflops/s) - 3758 (4131964 Gflops/s) - 3747 (4119870 Gflops/s) - 3742 (4114372 Gflops/s) - 3686 (4052799 Gflops/s) | Temperatures: 65°C - 65°C - 74°C - 71°C - 64°C - 66°C - 73°C - 71°C | Throttling: None - None - None - None - None - None - None - None
3761 (4135263 Gflops/s) - 3779 (4155054 Gflops/s) - 3723 (4093481 Gflops/s) - 3707 (4075889 Gflops/s) - 3758 (4131964 Gflops/s) - 3747 (4119870 Gflops/s) - 3743 (4115472 Gflops/s) - 3690 (4057197 Gflops/s) | Temperatures: 65°C - 65°C - 74°C - 71°C - 64°C - 66°C - 73°C - 71°C | Throttling: None - None - None - None - None - None - None - None
3759 (4133064 Gflops/s) - 3779 (4155054 Gflops/s) - 3722 (4092382 Gflops/s) - 3705 (4073690 Gflops/s) - 3757 (4130865 Gflops/s) - 3747 (4119870 Gflops/s) - 3744 (4116571 Gflops/s) - 3694 (4061595 Gflops/s) | Temperatures: 65°C - 65°C - 74°C - 71°C - 64°C - 66°C - 73°C - 72°C | Throttling: None - None - None - None - None - None - None - None
3759 (4133064 Gflops/s) - 3779 (4155054 Gflops/s) - 3724 (4094581 Gflops/s) - 3706 (4074790 Gflops/s) - 3757 (4130865 Gflops/s) - 3746 (4118770 Gflops/s) - 3741 (4113272 Gflops/s) - 3684 (4050600 Gflops/s) | Temperatures: 65°C - 65°C - 74°C - 71°C - 64°C - 66°C - 73°C - 71°C | Throttling: None - None - None - None - None - None - None - None
3760 (4134163 Gflops/s) - 3779 (4155054 Gflops/s) - 3722 (4092382 Gflops/s) - 3704 (4072591 Gflops/s) - 3756 (4129765 Gflops/s) - 3747 (4119870 Gflops/s) - 3743 (4115472 Gflops/s) - 3689 (4056098 Gflops/s) | Temperatures: 65°C - 65°C - 74°C - 71°C - 64°C - 66°C - 73°C - 71°C | Throttling: None - None - None - None - None - None - None - None
3759 (4133064 Gflops/s) - 3778 (4153954 Gflops/s) - 3726 (4096780 Gflops/s) - 3706 (4074790 Gflops/s) - 3757 (4130865 Gflops/s) - 3745 (4117671 Gflops/s) - 3742 (4114372 Gflops/s) - 3697 (4064894 Gflops/s) | Temperatures: 65°C - 65°C - 74°C - 71°C - 65°C - 66°C - 73°C - 71°C | Throttling: None - None - None - None - None - None - None - None
3760 (4134163 Gflops/s) - 3780 (4156153 Gflops/s) - 3723 (4093481 Gflops/s) - 3707 (4075889 Gflops/s) - 3757 (4130865 Gflops/s) - 3745 (4117671 Gflops/s) - 3743 (4115472 Gflops/s) - 3684 (4050600 Gflops/s) | Temperatures: 65°C - 65°C - 74°C - 71°C - 64°C - 66°C - 73°C - 71°C | Throttling: None - None - None - None - None - None - None - None
3758 (4131964 Gflops/s) - 3778 (4153954 Gflops/s) - 3723 (4093481 Gflops/s) - 3708 (4076989 Gflops/s) - 3757 (4130865 Gflops/s) - 3747 (4119870 Gflops/s) - 3744 (4116571 Gflops/s) - 3685 (4051700 Gflops/s) | Temperatures: 65°C - 65°C - 74°C - 71°C - 65°C - 66°C - 73°C - 71°C | Throttling: None - None - None - None - None - None - None - None
3760 (4134163 Gflops/s) - 3779 (4155054 Gflops/s) - 3722 (4092382 Gflops/s) - 3705 (4073690 Gflops/s) - 3756 (4129765 Gflops/s) - 3747 (4119870 Gflops/s) - 3741 (4113272 Gflops/s) - 3690 (4057197 Gflops/s) | Temperatures: 65°C - 65°C - 74°C - 71°C - 64°C - 66°C - 73°C - 71°C | Throttling: None - None - None - None - None - None - None - None
3759 (4133064 Gflops/s) - 3779 (4155054 Gflops/s) - 3722 (4092382 Gflops/s) - 3709 (4078088 Gflops/s) - 3757 (4130865 Gflops/s) - 3745 (4117671 Gflops/s) - 3743 (4115472 Gflops/s) - 3696 (4063794 Gflops/s) | Temperatures: 65°C - 65°C - 74°C - 71°C - 64°C - 66°C - 73°C - 71°C | Throttling: None - None - None - None - None - None - None - None
3760 (4134163 Gflops/s) - 3779 (4155054 Gflops/s) - 3724 (4094581 Gflops/s) - 3708 (4076989 Gflops/s) - 3758 (4131964 Gflops/s) - 3747 (4119870 Gflops/s) - 3743 (4115472 Gflops/s) - 3687 (4053899 Gflops/s) | Temperatures: 65°C - 65°C - 74°C - 71°C - 64°C - 66°C - 73°C - 71°C | Throttling: None - None - None - None - None - None - None - None
3759 (4133064 Gflops/s) - 3779 (4155054 Gflops/s) - 3724 (4094581 Gflops/s) - 3706 (4074790 Gflops/s) - 3757 (4130865 Gflops/s) - 3746 (4118770 Gflops/s) - 3742 (4114372 Gflops/s) - 3688 (4054998 Gflops/s) | Temperatures: 65°C - 65°C - 74°C - 70°C - 65°C - 66°C - 73°C - 72°C | Throttling: None - None - None - None - None - None - None - None
3759 (4133064 Gflops/s) - 3779 (4155054 Gflops/s) - 3724 (4094581 Gflops/s) - 3708 (4076989 Gflops/s) - 3757 (4130865 Gflops/s) - 3746 (4118770 Gflops/s) - 3742 (4114372 Gflops/s) - 3684 (4050600 Gflops/s) | Temperatures: 64°C - 65°C - 74°C - 71°C - 64°C - 66°C - 73°C - 71°C | Throttling: None - None - None - None - None - None - None - None
3760 (4134163 Gflops/s) - 3778 (4153954 Gflops/s) - 3725 (4095680 Gflops/s) - 3707 (4075889 Gflops/s) - 3757 (4130865 Gflops/s) - 3748 (4120969 Gflops/s) - 3741 (4113272 Gflops/s) - 3697 (4064894 Gflops/s) | Temperatures: 65°C - 65°C - 74°C - 71°C - 64°C - 66°C - 73°C - 71°C | Throttling: None - None - None - None - None - None - None - None
3759 (4133064 Gflops/s) - 3779 (4155054 Gflops/s) - 3725 (4095680 Gflops/s) - 3709 (4078088 Gflops/s) - 3758 (4131964 Gflops/s) - 3747 (4119870 Gflops/s) - 3743 (4115472 Gflops/s) - 3685 (4051700 Gflops/s) | Temperatures: 64°C - 65°C - 74°C - 71°C - 64°C - 66°C - 73°C - 71°C | Throttling: None - None - None - None - None - None - None - None
3760 (4134163 Gflops/s) - 3779 (4155054 Gflops/s) - 3725 (4095680 Gflops/s) - 3707 (4075889 Gflops/s) - 3756 (4129765 Gflops/s) - 3746 (4118770 Gflops/s) - 3744 (4116571 Gflops/s) - 3692 (4059396 Gflops/s) | Temperatures: 65°C - 65°C - 74°C - 71°C - 64°C - 66°C - 73°C - 72°C | Throttling: None - None - None - None - None - None - None - None
3759 (4133064 Gflops/s) - 3779 (4155054 Gflops/s) - 3724 (4094581 Gflops/s) - 3708 (4076989 Gflops/s) - 3758 (4131964 Gflops/s) - 3748 (4120969 Gflops/s) - 3744 (4116571 Gflops/s) - 3684 (4050600 Gflops/s) | Temperatures: 65°C - 65°C - 74°C - 71°C - 64°C - 66°C - 73°C - 71°C | Throttling: None - None - None - None - None - None - None - None
3760 (4134163 Gflops/s) - 3779 (4155054 Gflops/s) - 3724 (4094581 Gflops/s) - 3709 (4078088 Gflops/s) - 3757 (4130865 Gflops/s) - 3747 (4119870 Gflops/s) - 3742 (4114372 Gflops/s) - 3692 (4059396 Gflops/s) | Temperatures: 65°C - 65°C - 74°C - 71°C - 64°C - 66°C - 73°C - 72°C | Throttling: None - None - None - None - None - None - None - None
3758 (4131964 Gflops/s) - 3779 (4155054 Gflops/s) - 3725 (4095680 Gflops/s) - 3710 (4079188 Gflops/s) - 3756 (4129765 Gflops/s) - 3747 (4119870 Gflops/s) - 3744 (4116571 Gflops/s) - 3689 (4056098 Gflops/s) | Temperatures: 64°C - 65°C - 74°C - 71°C - 64°C - 66°C - 73°C - 71°C | Throttling: None - None - None - None - None - None - None - None
3760 (4134163 Gflops/s) - 3779 (4155054 Gflops/s) - 3725 (4095680 Gflops/s) - 3704 (4072591 Gflops/s) - 3757 (4130865 Gflops/s) - 3746 (4118770 Gflops/s) - 3745 (4117671 Gflops/s) - 3690 (4057197 Gflops/s) | Temperatures: 65°C - 65°C - 74°C - 70°C - 64°C - 66°C - 73°C - 71°C | Throttling: None - None - None - None - None - None - None - None
3760 (4134163 Gflops/s) - 3779 (4155054 Gflops/s) - 3724 (4094581 Gflops/s) - 3709 (4078088 Gflops/s) - 3758 (4131964 Gflops/s) - 3746 (4118770 Gflops/s) - 3743 (4115472 Gflops/s) - 3699 (4067093 Gflops/s) | Temperatures: 65°C - 65°C - 74°C - 71°C - 64°C - 66°C - 73°C - 71°C | Throttling: None - None - None - None - None - None - None - None
3760 (4134163 Gflops/s) - 3778 (4153954 Gflops/s) - 3723 (4093481 Gflops/s) - 3709 (4078088 Gflops/s) - 3756 (4129765 Gflops/s) - 3745 (4117671 Gflops/s) - 3744 (4116571 Gflops/s) - 3689 (4056098 Gflops/s) | Temperatures: 65°C - 65°C - 74°C - 70°C - 64°C - 66°C - 73°C - 71°C | Throttling: None - None - None - None - None - None - None - None
3759 (4133064 Gflops/s) - 3779 (4155054 Gflops/s) - 3724 (4094581 Gflops/s) - 3708 (4076989 Gflops/s) - 3757 (4130865 Gflops/s) - 3748 (4120969 Gflops/s) - 3742 (4114372 Gflops/s) - 3686 (4052799 Gflops/s) | Temperatures: 64°C - 65°C - 74°C - 71°C - 64°C - 66°C - 73°C - 71°C | Throttling: None - None - None - None - None - None - None - None
3760 (4134163 Gflops/s) - 3779 (4155054 Gflops/s) - 3724 (4094581 Gflops/s) - 3708 (4076989 Gflops/s) - 3757 (4130865 Gflops/s) - 3747 (4119870 Gflops/s) - 3744 (4116571 Gflops/s) - 3687 (4053899 Gflops/s) | Temperatures: 65°C - 65°C - 74°C - 71°C - 64°C - 66°C - 73°C - 71°C | Throttling: None - None - None - None - None - None - None - None
3759 (4133064 Gflops/s) - 3779 (4155054 Gflops/s) - 3723 (4093481 Gflops/s) - 3707 (4075889 Gflops/s) - 3756 (4129765 Gflops/s) - 3746 (4118770 Gflops/s) - 3742 (4114372 Gflops/s) - 3697 (4064894 Gflops/s) | Temperatures: 64°C - 65°C - 74°C - 70°C - 64°C - 66°C - 73°C - 71°C | Throttling: None - None - None - None - None - None - None - None
3759 (4133064 Gflops/s) - 3779 (4155054 Gflops/s) - 3725 (4095680 Gflops/s) - 3707 (4075889 Gflops/s) - 3757 (4130865 Gflops/s) - 3747 (4119870 Gflops/s) - 3744 (4116571 Gflops/s) - 3689 (4056098 Gflops/s) | Temperatures: 64°C - 65°C - 74°C - 70°C - 64°C - 66°C - 73°C - 71°C | Throttling: None - None - None - None - None - None - None - None
3759 (4133064 Gflops/s) - 3779 (4155054 Gflops/s) - 3724 (4094581 Gflops/s) - 3708 (4076989 Gflops/s) - 3758 (4131964 Gflops/s) - 3747 (4119870 Gflops/s) - 3743 (4115472 Gflops/s) - 3689 (4056098 Gflops/s) | Temperatures: 64°C - 65°C - 74°C - 70°C - 64°C - 66°C - 73°C - 72°C | Throttling: None - None - None - None - None - None - None - None
3759 (4133064 Gflops/s) - 3779 (4155054 Gflops/s) - 3723 (4093481 Gflops/s) - 3707 (4075889 Gflops/s) - 3757 (4130865 Gflops/s) - 3747 (4119870 Gflops/s) - 3742 (4114372 Gflops/s) - 3691 (4058297 Gflops/s) | Temperatures: 64°C - 65°C - 74°C - 70°C - 64°C - 66°C - 73°C - 71°C | Throttling: None - None - None - None - None - None - None - None
3760 (4134163 Gflops/s) - 3778 (4153954 Gflops/s) - 3723 (4093481 Gflops/s) - 3708 (4076989 Gflops/s) - 3757 (4130865 Gflops/s) - 3749 (4122069 Gflops/s) - 3742 (4114372 Gflops/s) - 3692 (4059396 Gflops/s) | Temperatures: 64°C - 65°C - 74°C - 71°C - 64°C - 66°C - 73°C - 71°C | Throttling: None - None - None - None - None - None - None - None
3760 (4134163 Gflops/s) - 3779 (4155054 Gflops/s) - 3724 (4094581 Gflops/s) - 3707 (4075889 Gflops/s) - 3758 (4131964 Gflops/s) - 3747 (4119870 Gflops/s) - 3744 (4116571 Gflops/s) - 3686 (4052799 Gflops/s) | Temperatures: 65°C - 65°C - 74°C - 70°C - 64°C - 66°C - 73°C - 71°C | Throttling: None - None - None - None - None - None - None - None
3760 (4134163 Gflops/s) - 3779 (4155054 Gflops/s) - 3723 (4093481 Gflops/s) - 3705 (4073690 Gflops/s) - 3756 (4129765 Gflops/s) - 3746 (4118770 Gflops/s) - 3742 (4114372 Gflops/s) - 3694 (4061595 Gflops/s) | Temperatures: 65°C - 65°C - 74°C - 70°C - 64°C - 66°C - 73°C - 71°C | Throttling: None - None - None - None - None - None - None - None
3760 (4134163 Gflops/s) - 3779 (4155054 Gflops/s) - 3723 (4093481 Gflops/s) - 3708 (4076989 Gflops/s) - 3758 (4131964 Gflops/s) - 3747 (4119870 Gflops/s) - 3743 (4115472 Gflops/s) - 3685 (4051700 Gflops/s) | Temperatures: 64°C - 65°C - 74°C - 71°C - 65°C - 66°C - 73°C - 71°C | Throttling: None - None - None - None - None - None - None - None
3759 (4133064 Gflops/s) - 3779 (4155054 Gflops/s) - 3724 (4094581 Gflops/s) - 3708 (4076989 Gflops/s) - 3757 (4130865 Gflops/s) - 3747 (4119870 Gflops/s) - 3743 (4115472 Gflops/s) - 3687 (4053899 Gflops/s) | Temperatures: 65°C - 65°C - 74°C - 71°C - 64°C - 66°C - 73°C - 71°C | Throttling: None - None - None - None - None - None - None - None
3759 (4133064 Gflops/s) - 3779 (4155054 Gflops/s) - 3724 (4094581 Gflops/s) - 3709 (4078088 Gflops/s) - 3756 (4129765 Gflops/s) - 3747 (4119870 Gflops/s) - 3744 (4116571 Gflops/s) - 3695 (4062695 Gflops/s) | Temperatures: 65°C - 65°C - 74°C - 71°C - 65°C - 66°C - 73°C - 72°C | Throttling: None - None - None - None - None - None - None - None
3760 (4134163 Gflops/s) - 3779 (4155054 Gflops/s) - 3722 (4092382 Gflops/s) - 3706 (4074790 Gflops/s) - 3756 (4129765 Gflops/s) - 3744 (4116571 Gflops/s) - 3742 (4114372 Gflops/s) - 3691 (4058297 Gflops/s) | Temperatures: 65°C - 65°C - 74°C - 71°C - 65°C - 66°C - 73°C - 71°C | Throttling: None - None - None - None - None - None - None - None
3758 (4131964 Gflops/s) - 3778 (4153954 Gflops/s) - 3723 (4093481 Gflops/s) - 3705 (4073690 Gflops/s) - 3756 (4129765 Gflops/s) - 3746 (4118770 Gflops/s) - 3742 (4114372 Gflops/s) - 3681 (4047302 Gflops/s) | Temperatures: 65°C - 65°C - 74°C - 71°C - 65°C - 66°C - 73°C - 72°C | Throttling: None - None - None - None - None - None - None - None
3759 (4133064 Gflops/s) - 3779 (4155054 Gflops/s) - 3723 (4093481 Gflops/s) - 3709 (4078088 Gflops/s) - 3756 (4129765 Gflops/s) - 3747 (4119870 Gflops/s) - 3743 (4115472 Gflops/s) - 3695 (4062695 Gflops/s) | Temperatures: 65°C - 65°C - 74°C - 71°C - 65°C - 66°C - 73°C - 72°C | Throttling: None - None - None - None - None - None - None - None
3758 (4131964 Gflops/s) - 3780 (4156153 Gflops/s) - 3723 (4093481 Gflops/s) - 3707 (4075889 Gflops/s) - 3756 (4129765 Gflops/s) - 3747 (4119870 Gflops/s) - 3744 (4116571 Gflops/s) - 3679 (4045103 Gflops/s) | Temperatures: 65°C - 65°C - 74°C - 71°C - 65°C - 66°C - 73°C - 72°C | Throttling: None - None - None - None - None - None - None - None
3758 (4131964 Gflops/s) - 3778 (4153954 Gflops/s) - 3722 (4092382 Gflops/s) - 3706 (4074790 Gflops/s) - 3756 (4129765 Gflops/s) - 3746 (4118770 Gflops/s) - 3741 (4113272 Gflops/s) - 3688 (4054998 Gflops/s) | Temperatures: 65°C - 65°C - 74°C - 71°C - 65°C - 66°C - 73°C - 72°C | Throttling: None - None - None - None - None - None - None - None
3758 (4131964 Gflops/s) - 3778 (4153954 Gflops/s) - 3723 (4093481 Gflops/s) - 3707 (4075889 Gflops/s) - 3755 (4128666 Gflops/s) - 3744 (4116571 Gflops/s) - 3742 (4114372 Gflops/s) - 3683 (4049501 Gflops/s) | Temperatures: 65°C - 65°C - 74°C - 71°C - 65°C - 66°C - 73°C - 72°C | Throttling: None - None - None - None - None - None - None - None
3758 (4131964 Gflops/s) - 3779 (4155054 Gflops/s) - 3725 (4095680 Gflops/s) - 3703 (4071491 Gflops/s) - 3757 (4130865 Gflops/s) - 3745 (4117671 Gflops/s) - 3741 (4113272 Gflops/s) - 3684 (4050600 Gflops/s) | Temperatures: 65°C - 65°C - 74°C - 71°C - 65°C - 66°C - 73°C - 72°C | Throttling: None - None - None - None - None - None - None - None
3758 (4131964 Gflops/s) - 3779 (4155054 Gflops/s) - 3722 (4092382 Gflops/s) - 3704 (4072591 Gflops/s) - 3755 (4128666 Gflops/s) - 3746 (4118770 Gflops/s) - 3743 (4115472 Gflops/s) - 3682 (4048401 Gflops/s) | Temperatures: 65°C - 65°C - 74°C - 71°C - 65°C - 67°C - 73°C - 72°C | Throttling: None - None - None - None - None - None - None - None
3758 (4131964 Gflops/s) - 3778 (4153954 Gflops/s) - 3723 (4093481 Gflops/s) - 3706 (4074790 Gflops/s) - 3756 (4129765 Gflops/s) - 3745 (4117671 Gflops/s) - 3741 (4113272 Gflops/s) - 3689 (4056098 Gflops/s) | Temperatures: 65°C - 65°C - 74°C - 71°C - 65°C - 67°C - 73°C - 72°C | Throttling: None - None - None - None - None - None - None - None
3756 (4129765 Gflops/s) - 3778 (4153954 Gflops/s) - 3721 (4091282 Gflops/s) - 3704 (4072591 Gflops/s) - 3755 (4128666 Gflops/s) - 3742 (4114372 Gflops/s) - 3742 (4114372 Gflops/s) - 3676 (4041804 Gflops/s) | Temperatures: 65°C - 65°C - 74°C - 71°C - 65°C - 67°C - 73°C - 72°C | Throttling: None - None - None - None - None - None - None - None
3758 (4131964 Gflops/s) - 3779 (4155054 Gflops/s) - 3722 (4092382 Gflops/s) - 3705 (4073690 Gflops/s) - 3755 (4128666 Gflops/s) - 3743 (4115472 Gflops/s) - 3741 (4113272 Gflops/s) - 3684 (4050600 Gflops/s) | Temperatures: 65°C - 65°C - 74°C - 71°C - 65°C - 67°C - 73°C - 72°C | Throttling: None - None - None - None - None - None - None - None
3757 (4130865 Gflops/s) - 3779 (4155054 Gflops/s) - 3723 (4093481 Gflops/s) - 3707 (4075889 Gflops/s) - 3756 (4129765 Gflops/s) - 3745 (4117671 Gflops/s) - 3743 (4115472 Gflops/s) - 3679 (4045103 Gflops/s) | Temperatures: 65°C - 65°C - 74°C - 71°C - 65°C - 67°C - 73°C - 72°C | Throttling: None - None - None - None - None - None - None - None
3757 (4130865 Gflops/s) - 3779 (4155054 Gflops/s) - 3722 (4092382 Gflops/s) - 3704 (4072591 Gflops/s) - 3755 (4128666 Gflops/s) - 3743 (4115472 Gflops/s) - 3742 (4114372 Gflops/s) - 3689 (4056098 Gflops/s) | Temperatures: 65°C - 65°C - 74°C - 71°C - 65°C - 67°C - 74°C - 72°C | Throttling: None - None - None - None - None - None - None - None
3758 (4131964 Gflops/s) - 3778 (4153954 Gflops/s) - 3722 (4092382 Gflops/s) - 3702 (4070392 Gflops/s) - 3755 (4128666 Gflops/s) - 3745 (4117671 Gflops/s) - 3742 (4114372 Gflops/s) - 3677 (4042904 Gflops/s) | Temperatures: 65°C - 66°C - 74°C - 71°C - 65°C - 67°C - 74°C - 72°C | Throttling: None - None - None - None - None - None - None - None
3757 (4130865 Gflops/s) - 3775 (4150656 Gflops/s) - 3721 (4091282 Gflops/s) - 3698 (4065993 Gflops/s) - 3756 (4129765 Gflops/s) - 3742 (4114372 Gflops/s) - 3741 (4113272 Gflops/s) - 3687 (4053899 Gflops/s) | Temperatures: 65°C - 66°C - 74°C - 71°C - 65°C - 67°C - 74°C - 72°C | Throttling: None - None - None - None - None - None - None - None
3758 (4131964 Gflops/s) - 3775 (4150656 Gflops/s) - 3722 (4092382 Gflops/s) - 3701 (4069292 Gflops/s) - 3755 (4128666 Gflops/s) - 3743 (4115472 Gflops/s) - 3742 (4114372 Gflops/s) - 3678 (4044003 Gflops/s) | Temperatures: 65°C - 66°C - 74°C - 71°C - 65°C - 67°C - 74°C - 72°C | Throttling: None - None - None - None - None - None - None - None
3758 (4131964 Gflops/s) - 3776 (4151755 Gflops/s) - 3721 (4091282 Gflops/s) - 3701 (4069292 Gflops/s) - 3756 (4129765 Gflops/s) - 3744 (4116571 Gflops/s) - 3742 (4114372 Gflops/s) - 3686 (4052799 Gflops/s) | Temperatures: 65°C - 66°C - 75°C - 71°C - 65°C - 67°C - 74°C - 72°C | Throttling: None - None - None - None - None - None - None - None
3757 (4130865 Gflops/s) - 3774 (4149556 Gflops/s) - 3721 (4091282 Gflops/s) - 3694 (4061595 Gflops/s) - 3755 (4128666 Gflops/s) - 3743 (4115472 Gflops/s) - 3742 (4114372 Gflops/s) - 3686 (4052799 Gflops/s) | Temperatures: 65°C - 65°C - 75°C - 71°C - 65°C - 67°C - 74°C - 72°C | Throttling: None - None - None - None - None - None - None - None
3757 (4130865 Gflops/s) - 3775 (4150656 Gflops/s) - 3722 (4092382 Gflops/s) - 3705 (4073690 Gflops/s) - 3756 (4129765 Gflops/s) - 3744 (4116571 Gflops/s) - 3742 (4114372 Gflops/s) - 3689 (4056098 Gflops/s) | Temperatures: 65°C - 66°C - 75°C - 71°C - 65°C - 67°C - 74°C - 72°C | Throttling: None - None - None - None - None - None - None - None
3757 (4130865 Gflops/s) - 3773 (4148457 Gflops/s) - 3722 (4092382 Gflops/s) - 3704 (4072591 Gflops/s) - 3755 (4128666 Gflops/s) - 3744 (4116571 Gflops/s) - 3741 (4113272 Gflops/s) - 3684 (4050600 Gflops/s) | Temperatures: 65°C - 65°C - 75°C - 71°C - 65°C - 67°C - 74°C - 72°C | Throttling: None - None - None - None - None - None - None - None
3757 (4130865 Gflops/s) - 3775 (4150656 Gflops/s) - 3722 (4092382 Gflops/s) - 3703 (4071491 Gflops/s) - 3756 (4129765 Gflops/s) - 3744 (4116571 Gflops/s) - 3742 (4114372 Gflops/s) - 3687 (4053899 Gflops/s) | Temperatures: 65°C - 66°C - 74°C - 71°C - 65°C - 67°C - 74°C - 72°C | Throttling: None - None - None - None - None - None - None - None
3756 (4129765 Gflops/s) - 3775 (4150656 Gflops/s) - 3722 (4092382 Gflops/s) - 3704 (4072591 Gflops/s) - 3755 (4128666 Gflops/s) - 3743 (4115472 Gflops/s) - 3742 (4114372 Gflops/s) - 3677 (4042904 Gflops/s) | Temperatures: 65°C - 66°C - 75°C - 71°C - 65°C - 67°C - 74°C - 72°C | Throttling: None - None - None - None - None - None - None - None
3757 (4130865 Gflops/s) - 3774 (4149556 Gflops/s) - 3719 (4089083 Gflops/s) - 3704 (4072591 Gflops/s) - 3755 (4128666 Gflops/s) - 3744 (4116571 Gflops/s) - 3741 (4113272 Gflops/s) - 3678 (4044003 Gflops/s) | Temperatures: 65°C - 66°C - 75°C - 71°C - 65°C - 67°C - 74°C - 72°C | Throttling: None - None - None - None - None - None - None - None
3757 (4130865 Gflops/s) - 3773 (4148457 Gflops/s) - 3718 (4087984 Gflops/s) - 3701 (4069292 Gflops/s) - 3755 (4128666 Gflops/s) - 3743 (4115472 Gflops/s) - 3741 (4113272 Gflops/s) - 3685 (4051700 Gflops/s) | Temperatures: 65°C - 66°C - 74°C - 71°C - 65°C - 67°C - 74°C - 72°C | Throttling: None - None - None - None - None - None - None - None
3757 (4130865 Gflops/s) - 3775 (4150656 Gflops/s) - 3721 (4091282 Gflops/s) - 3698 (4065993 Gflops/s) - 3756 (4129765 Gflops/s) - 3743 (4115472 Gflops/s) - 3741 (4113272 Gflops/s) - 3681 (4047302 Gflops/s) | Temperatures: 66°C - 66°C - 75°C - 71°C - 65°C - 67°C - 74°C - 72°C | Throttling: None - None - None - None - None - None - None - None
3755 (4128666 Gflops/s) - 3773 (4148457 Gflops/s) - 3720 (4090183 Gflops/s) - 3702 (4070392 Gflops/s) - 3755 (4128666 Gflops/s) - 3742 (4114372 Gflops/s) - 3742 (4114372 Gflops/s) - 3684 (4050600 Gflops/s) | Temperatures: 66°C - 66°C - 75°C - 71°C - 65°C - 67°C - 74°C - 72°C | Throttling: None - None - None - None - None - None - None - None
3757 (4130865 Gflops/s) - 3774 (4149556 Gflops/s) - 3721 (4091282 Gflops/s) - 3701 (4069292 Gflops/s) - 3755 (4128666 Gflops/s) - 3744 (4116571 Gflops/s) - 3742 (4114372 Gflops/s) - 3677 (4042904 Gflops/s) | Temperatures: 66°C - 66°C - 75°C - 72°C - 66°C - 67°C - 74°C - 72°C | Throttling: None - None - None - None - None - None - None - None
3756 (4129765 Gflops/s) - 3772 (4147357 Gflops/s) - 3720 (4090183 Gflops/s) - 3701 (4069292 Gflops/s) - 3756 (4129765 Gflops/s) - 3743 (4115472 Gflops/s) - 3740 (4112173 Gflops/s) - 3678 (4044003 Gflops/s) | Temperatures: 66°C - 66°C - 75°C - 72°C - 66°C - 67°C - 74°C - 72°C | Throttling: None - None - None - None - None - None - None - None
3756 (4129765 Gflops/s) - 3775 (4150656 Gflops/s) - 3720 (4090183 Gflops/s) - 3691 (4058297 Gflops/s) - 3755 (4128666 Gflops/s) - 3741 (4113272 Gflops/s) - 3742 (4114372 Gflops/s) - 3685 (4051700 Gflops/s) | Temperatures: 66°C - 66°C - 75°C - 72°C - 66°C - 67°C - 74°C - 72°C | Throttling: None - None - None - None - None - None - None - None
3756 (4129765 Gflops/s) - 3773 (4148457 Gflops/s) - 3720 (4090183 Gflops/s) - 3697 (4064894 Gflops/s) - 3755 (4128666 Gflops/s) - 3743 (4115472 Gflops/s) - 3740 (4112173 Gflops/s) - 3681 (4047302 Gflops/s) | Temperatures: 66°C - 66°C - 75°C - 72°C - 66°C - 67°C - 74°C - 72°C | Throttling: None - None - None - None - None - None - None - None
3756 (4129765 Gflops/s) - 3774 (4149556 Gflops/s) - 3720 (4090183 Gflops/s) - 3698 (4065993 Gflops/s) - 3755 (4128666 Gflops/s) - 3744 (4116571 Gflops/s) - 3741 (4113272 Gflops/s) - 3677 (4042904 Gflops/s) | Temperatures: 66°C - 66°C - 75°C - 72°C - 66°C - 67°C - 74°C - 72°C | Throttling: None - None - None - None - None - None - None - None
3756 (4129765 Gflops/s) - 3773 (4148457 Gflops/s) - 3721 (4091282 Gflops/s) - 3697 (4064894 Gflops/s) - 3756 (4129765 Gflops/s) - 3742 (4114372 Gflops/s) - 3741 (4113272 Gflops/s) - 3683 (4049501 Gflops/s) | Temperatures: 66°C - 66°C - 75°C - 72°C - 66°C - 67°C - 74°C - 72°C | Throttling: None - None - None - None - None - None - None - None
3756 (4129765 Gflops/s) - 3774 (4149556 Gflops/s) - 3719 (4089083 Gflops/s) - 3703 (4071491 Gflops/s) - 3755 (4128666 Gflops/s) - 3742 (4114372 Gflops/s) - 3741 (4113272 Gflops/s) - 3683 (4049501 Gflops/s) | Temperatures: 66°C - 66°C - 75°C - 72°C - 66°C - 67°C - 74°C - 72°C | Throttling: None - None - None - None - None - None - None - None
3757 (4130865 Gflops/s) - 3775 (4150656 Gflops/s) - 3721 (4091282 Gflops/s) - 3697 (4064894 Gflops/s) - 3756 (4129765 Gflops/s) - 3744 (4116571 Gflops/s) - 3740 (4112173 Gflops/s) - 3680 (4046202 Gflops/s) | Temperatures: 66°C - 66°C - 75°C - 72°C - 66°C - 67°C - 74°C - 72°C | Throttling: None - None - None - None - None - None - None - None
3757 (4130865 Gflops/s) - 3772 (4147357 Gflops/s) - 3720 (4090183 Gflops/s) - 3702 (4070392 Gflops/s) - 3756 (4129765 Gflops/s) - 3744 (4116571 Gflops/s) - 3739 (4111073 Gflops/s) - 3686 (4052799 Gflops/s) | Temperatures: 66°C - 66°C - 75°C - 72°C - 66°C - 67°C - 74°C - 72°C | Throttling: None - None - None - None - None - None - None - None
3755 (4128666 Gflops/s) - 3774 (4149556 Gflops/s) - 3718 (4087984 Gflops/s) - 3695 (4062695 Gflops/s) - 3755 (4128666 Gflops/s) - 3741 (4113272 Gflops/s) - 3742 (4114372 Gflops/s) - 3681 (4047302 Gflops/s) | Temperatures: 66°C - 66°C - 75°C - 72°C - 66°C - 67°C - 74°C - 72°C | Throttling: None - None - None - None - None - None - None - None
3755 (4128666 Gflops/s) - 3773 (4148457 Gflops/s) - 3719 (4089083 Gflops/s) - 3687 (4053899 Gflops/s) - 3755 (4128666 Gflops/s) - 3743 (4115472 Gflops/s) - 3740 (4112173 Gflops/s) - 3675 (4040705 Gflops/s) | Temperatures: 66°C - 66°C - 75°C - 72°C - 66°C - 67°C - 74°C - 72°C | Throttling: None - None - None - None - None - None - None - None
3756 (4129765 Gflops/s) - 3771 (4146258 Gflops/s) - 3714 (4083586 Gflops/s) - 3700 (4068193 Gflops/s) - 3755 (4128666 Gflops/s) - 3742 (4114372 Gflops/s) - 3742 (4114372 Gflops/s) - 3686 (4052799 Gflops/s) | Temperatures: 66°C - 66°C - 75°C - 72°C - 66°C - 67°C - 74°C - 72°C | Throttling: None - None - None - None - None - None - None - None
3756 (4129765 Gflops/s) - 3773 (4148457 Gflops/s) - 3717 (4086884 Gflops/s) - 3702 (4070392 Gflops/s) - 3755 (4128666 Gflops/s) - 3741 (4113272 Gflops/s) - 3741 (4113272 Gflops/s) - 3677 (4042904 Gflops/s) | Temperatures: 66°C - 66°C - 75°C - 72°C - 66°C - 67°C - 74°C - 73°C | Throttling: None - None - None - None - None - None - None - None
3756 (4129765 Gflops/s) - 3771 (4146258 Gflops/s) - 3721 (4091282 Gflops/s) - 3700 (4068193 Gflops/s) - 3755 (4128666 Gflops/s) - 3740 (4112173 Gflops/s) - 3740 (4112173 Gflops/s) - 3683 (4049501 Gflops/s) | Temperatures: 66°C - 66°C - 75°C - 72°C - 66°C - 67°C - 74°C - 72°C | Throttling: None - None - None - None - None - None - None - None
3756 (4129765 Gflops/s) - 3775 (4150656 Gflops/s) - 3720 (4090183 Gflops/s) - 3700 (4068193 Gflops/s) - 3756 (4129765 Gflops/s) - 3741 (4113272 Gflops/s) - 3738 (4109974 Gflops/s) - 3679 (4045103 Gflops/s) | Temperatures: 66°C - 66°C - 75°C - 72°C - 66°C - 67°C - 74°C - 72°C | Throttling: None - None - None - None - None - None - None - None
3755 (4128666 Gflops/s) - 3772 (4147357 Gflops/s) - 3720 (4090183 Gflops/s) - 3703 (4071491 Gflops/s) - 3755 (4128666 Gflops/s) - 3740 (4112173 Gflops/s) - 3738 (4109974 Gflops/s) - 3678 (4044003 Gflops/s) | Temperatures: 66°C - 66°C - 75°C - 72°C - 66°C - 67°C - 74°C - 72°C | Throttling: None - None - None - None - None - None - None - None
3754 (4127566 Gflops/s) - 3772 (4147357 Gflops/s) - 3719 (4089083 Gflops/s) - 3700 (4068193 Gflops/s) - 3754 (4127566 Gflops/s) - 3743 (4115472 Gflops/s) - 3742 (4114372 Gflops/s) - 3678 (4044003 Gflops/s) | Temperatures: 66°C - 66°C - 75°C - 72°C - 66°C - 67°C - 74°C - 72°C | Throttling: None - None - None - None - None - None - None - None
3756 (4129765 Gflops/s) - 3773 (4148457 Gflops/s) - 3720 (4090183 Gflops/s) - 3699 (4067093 Gflops/s) - 3754 (4127566 Gflops/s) - 3742 (4114372 Gflops/s) - 3741 (4113272 Gflops/s) - 3682 (4048401 Gflops/s) | Temperatures: 66°C - 66°C - 75°C - 72°C - 66°C - 67°C - 74°C - 73°C | Throttling: None - None - None - None - None - None - None - None
3755 (4128666 Gflops/s) - 3774 (4149556 Gflops/s) - 3720 (4090183 Gflops/s) - 3701 (4069292 Gflops/s) - 3756 (4129765 Gflops/s) - 3744 (4116571 Gflops/s) - 3739 (4111073 Gflops/s) - 3683 (4049501 Gflops/s) | Temperatures: 66°C - 66°C - 75°C - 72°C - 66°C - 67°C - 74°C - 73°C | Throttling: None - None - None - None - None - None - None - None
3756 (4129765 Gflops/s) - 3771 (4146258 Gflops/s) - 3721 (4091282 Gflops/s) - 3694 (4061595 Gflops/s) - 3755 (4128666 Gflops/s) - 3738 (4109974 Gflops/s) - 3739 (4111073 Gflops/s) - 3678 (4044003 Gflops/s) | Temperatures: 66°C - 66°C - 75°C - 72°C - 66°C - 67°C - 74°C - 73°C | Throttling: None - None - None - None - None - None - None - None
3754 (4127566 Gflops/s) - 3773 (4148457 Gflops/s) - 3719 (4089083 Gflops/s) - 3689 (4056098 Gflops/s) - 3755 (4128666 Gflops/s) - 3742 (4114372 Gflops/s) - 3740 (4112173 Gflops/s) - 3680 (4046202 Gflops/s) | Temperatures: 66°C - 66°C - 75°C - 72°C - 66°C - 67°C - 74°C - 73°C | Throttling: None - None - None - None - None - None - None - None
3756 (4129765 Gflops/s) - 3772 (4147357 Gflops/s) - 3721 (4091282 Gflops/s) - 3696 (4063794 Gflops/s) - 3755 (4128666 Gflops/s) - 3742 (4114372 Gflops/s) - 3740 (4112173 Gflops/s) - 3682 (4048401 Gflops/s) | Temperatures: 66°C - 66°C - 75°C - 72°C - 66°C - 67°C - 74°C - 73°C | Throttling: None - None - None - None - None - None - None - None
3755 (4128666 Gflops/s) - 3773 (4148457 Gflops/s) - 3721 (4091282 Gflops/s) - 3699 (4067093 Gflops/s) - 3755 (4128666 Gflops/s) - 3743 (4115472 Gflops/s) - 3740 (4112173 Gflops/s) - 3680 (4046202 Gflops/s) | Temperatures: 66°C - 66°C - 75°C - 72°C - 66°C - 67°C - 74°C - 72°C | Throttling: None - None - None - None - None - None - None - None
3756 (4129765 Gflops/s) - 3772 (4147357 Gflops/s) - 3721 (4091282 Gflops/s) - 3699 (4067093 Gflops/s) - 3754 (4127566 Gflops/s) - 3740 (4112173 Gflops/s) - 3738 (4109974 Gflops/s) - 3689 (4056098 Gflops/s) | Temperatures: 66°C - 66°C - 75°C - 72°C - 66°C - 67°C - 74°C - 73°C | Throttling: None - None - None - None - None - None - None - None
3755 (4128666 Gflops/s) - 3773 (4148457 Gflops/s) - 3722 (4092382 Gflops/s) - 3698 (4065993 Gflops/s) - 3755 (4128666 Gflops/s) - 3742 (4114372 Gflops/s) - 3741 (4113272 Gflops/s) - 3671 (4036307 Gflops/s) | Temperatures: 66°C - 66°C - 75°C - 72°C - 66°C - 67°C - 74°C - 72°C | Throttling: None - None - None - None - None - None - None - None
3755 (4128666 Gflops/s) - 3773 (4148457 Gflops/s) - 3722 (4092382 Gflops/s) - 3699 (4067093 Gflops/s) - 3755 (4128666 Gflops/s) - 3742 (4114372 Gflops/s) - 3737 (4108874 Gflops/s) - 3694 (4061595 Gflops/s) | Temperatures: 66°C - 66°C - 75°C - 72°C - 66°C - 67°C - 74°C - 73°C | Throttling: None - None - None - None - None - None - None - None
3756 (4129765 Gflops/s) - 3774 (4149556 Gflops/s) - 3722 (4092382 Gflops/s) - 3701 (4069292 Gflops/s) - 3754 (4127566 Gflops/s) - 3741 (4113272 Gflops/s) - 3737 (4108874 Gflops/s) - 3681 (4047302 Gflops/s) | Temperatures: 66°C - 66°C - 75°C - 72°C - 66°C - 67°C - 74°C - 72°C | Throttling: None - None - None - None - None - None - None - None
3754 (4127566 Gflops/s) - 3774 (4149556 Gflops/s) - 3721 (4091282 Gflops/s) - 3695 (4062695 Gflops/s) - 3756 (4129765 Gflops/s) - 3742 (4114372 Gflops/s) - 3738 (4109974 Gflops/s) - 3676 (4041804 Gflops/s) | Temperatures: 66°C - 66°C - 75°C - 72°C - 66°C - 67°C - 74°C - 73°C | Throttling: None - None - None - None - None - None - None - None
3756 (4129765 Gflops/s) - 3771 (4146258 Gflops/s) - 3722 (4092382 Gflops/s) - 3702 (4070392 Gflops/s) - 3755 (4128666 Gflops/s) - 3741 (4113272 Gflops/s) - 3738 (4109974 Gflops/s) - 3673 (4038506 Gflops/s) | Temperatures: 66°C - 66°C - 75°C - 72°C - 66°C - 67°C - 74°C - 73°C | Throttling: None - None - None - None - None - None - None - None
3756 (4129765 Gflops/s) - 3774 (4149556 Gflops/s) - 3722 (4092382 Gflops/s) - 3700 (4068193 Gflops/s) - 3755 (4128666 Gflops/s) - 3743 (4115472 Gflops/s) - 3739 (4111073 Gflops/s) - 3676 (4041804 Gflops/s) | Temperatures: 66°C - 66°C - 75°C - 72°C - 66°C - 67°C - 74°C - 72°C | Throttling: None - None - None - None - None - None - None - None
3756 (4129765 Gflops/s) - 3774 (4149556 Gflops/s) - 3722 (4092382 Gflops/s) - 3691 (4058297 Gflops/s) - 3755 (4128666 Gflops/s) - 3742 (4114372 Gflops/s) - 3741 (4113272 Gflops/s) - 3680 (4046202 Gflops/s) | Temperatures: 66°C - 66°C - 75°C - 72°C - 66°C - 67°C - 74°C - 72°C | Throttling: None - None - None - None - None - None - None - None
3756 (4129765 Gflops/s) - 3773 (4148457 Gflops/s) - 3721 (4091282 Gflops/s) - 3700 (4068193 Gflops/s) - 3755 (4128666 Gflops/s) - 3743 (4115472 Gflops/s) - 3739 (4111073 Gflops/s) - 3678 (4044003 Gflops/s) | Temperatures: 66°C - 66°C - 75°C - 72°C - 66°C - 67°C - 74°C - 72°C | Throttling: None - None - None - None - None - None - None - None
3757 (4130865 Gflops/s) - 3773 (4148457 Gflops/s) - 3722 (4092382 Gflops/s) - 3690 (4057197 Gflops/s) - 3755 (4128666 Gflops/s) - 3742 (4114372 Gflops/s) - 3741 (4113272 Gflops/s) - 3685 (4051700 Gflops/s) | Temperatures: 66°C - 66°C - 75°C - 72°C - 66°C - 67°C - 74°C - 72°C | Throttling: None - None - None - None - None - None - None - None
3756 (4129765 Gflops/s) - 3773 (4148457 Gflops/s) - 3721 (4091282 Gflops/s) - 3699 (4067093 Gflops/s) - 3755 (4128666 Gflops/s) - 3744 (4116571 Gflops/s) - 3740 (4112173 Gflops/s) - 3678 (4044003 Gflops/s) | Temperatures: 66°C - 66°C - 75°C - 72°C - 66°C - 67°C - 74°C - 72°C | Throttling: None - None - None - None - None - None - None - None
3756 (4129765 Gflops/s) - 3771 (4146258 Gflops/s) - 3720 (4090183 Gflops/s) - 3689 (4056098 Gflops/s) - 3756 (4129765 Gflops/s) - 3743 (4115472 Gflops/s) - 3741 (4113272 Gflops/s) - 3675 (4040705 Gflops/s) | Temperatures: 66°C - 66°C - 75°C - 72°C - 66°C - 67°C - 74°C - 72°C | Throttling: None - None - None - None - None - None - None - None
3757 (4130865 Gflops/s) - 3773 (4148457 Gflops/s) - 3720 (4090183 Gflops/s) - 3696 (4063794 Gflops/s) - 3755 (4128666 Gflops/s) - 3743 (4115472 Gflops/s) - 3739 (4111073 Gflops/s) - 3678 (4044003 Gflops/s) | Temperatures: 66°C - 66°C - 75°C - 72°C - 66°C - 67°C - 74°C - 72°C | Throttling: None - None - None - None - None - None - None - None
3756 (4129765 Gflops/s) - 3774 (4149556 Gflops/s) - 3719 (4089083 Gflops/s) - 3699 (4067093 Gflops/s) - 3755 (4128666 Gflops/s) - 3741 (4113272 Gflops/s) - 3741 (4113272 Gflops/s) - 3682 (4048401 Gflops/s) | Temperatures: 66°C - 66°C - 75°C - 72°C - 66°C - 67°C - 74°C - 72°C | Throttling: None - None - None - None - None - None - None - None
3756 (4129765 Gflops/s) - 3773 (4148457 Gflops/s) - 3722 (4092382 Gflops/s) - 3694 (4061595 Gflops/s) - 3755 (4128666 Gflops/s) - 3741 (4113272 Gflops/s) - 3738 (4109974 Gflops/s) - 3681 (4047302 Gflops/s) | Temperatures: 66°C - 66°C - 75°C - 72°C - 66°C - 67°C - 74°C - 72°C | Throttling: None - None - None - None - None - None - None - None
3755 (4128666 Gflops/s) - 3775 (4150656 Gflops/s) - 3723 (4093481 Gflops/s) - 3701 (4069292 Gflops/s) - 3756 (4129765 Gflops/s) - 3742 (4114372 Gflops/s) - 3740 (4112173 Gflops/s) - 3677 (4042904 Gflops/s) | Temperatures: 66°C - 66°C - 75°C - 72°C - 66°C - 67°C - 74°C - 72°C | Throttling: None - None - None - None - None - None - None - None
3755 (4128666 Gflops/s) - 3772 (4147357 Gflops/s) - 3720 (4090183 Gflops/s) - 3702 (4070392 Gflops/s) - 3755 (4128666 Gflops/s) - 3743 (4115472 Gflops/s) - 3740 (4112173 Gflops/s) - 3682 (4048401 Gflops/s) | Temperatures: 66°C - 66°C - 75°C - 72°C - 66°C - 67°C - 74°C - 72°C | Throttling: None - None - None - None - None - None - None - None
1365 (1500833 Gflops/s) - 1421 (1562406 Gflops/s) - 1572 (1728432 Gflops/s) - 1957 (2151744 Gflops/s) - 1122 (1233652 Gflops/s) - 1573 (1729531 Gflops/s) - 1202 (1321612 Gflops/s) - 1427 (1569003 Gflops/s) | Temperatures: 53°C - 54°C - 64°C - 62°C - 53°C - 55°C - 63°C - 62°C | Throttling: None - None - None - None - None - None - None - None
GPU #0: 4122838 Gflops/s (min: 1500833.37, max: 4140760.79, dev: 153724.14)
         Temperature: 65.12°C (min: 53.00, max: 66.00)
         Throttling HW: false, Thermal SW: false, Thermal HW: false
GPU #1: 4142934 Gflops/s (min: 1562406.02, max: 4157253.46, dev: 151301.16)
         Temperature: 65.26°C (min: 54.00, max: 66.00)
         Throttling HW: false, Thermal SW: false, Thermal HW: false
GPU #2: 4085969 Gflops/s (min: 1728432.28, max: 4120969.58, dev: 138324.67)
         Temperature: 74.22°C (min: 64.00, max: 75.00)
         Throttling HW: false, Thermal SW: false, Thermal HW: false
GPU #3: 4062928 Gflops/s (min: 2151744.26, max: 4093481.79, dev: 112256.99)
         Temperature: 71.03°C (min: 62.00, max: 72.00)
         Throttling HW: false, Thermal SW: false, Thermal HW: false
GPU #4: 4120185 Gflops/s (min: 1233652.05, max: 4139661.28, dev: 169222.26)
         Temperature: 64.99°C (min: 53.00, max: 66.00)
         Throttling HW: false, Thermal SW: false, Thermal HW: false
GPU #5: 4109746 Gflops/s (min: 1729531.79, max: 4130865.19, dev: 139580.15)
         Temperature: 66.38°C (min: 55.00, max: 68.00)
         Throttling HW: false, Thermal SW: false, Thermal HW: false
GPU #6: 4105651 Gflops/s (min: 1321612.98, max: 4134163.72, dev: 163275.06)
         Temperature: 73.29°C (min: 63.00, max: 74.00)
         Throttling HW: false, Thermal SW: false, Thermal HW: false
GPU #7: 4044173 Gflops/s (min: 1569003.09, max: 4085785.21, dev: 145398.68)
         Temperature: 71.69°C (min: 62.00, max: 73.00)
         Throttling HW: false, Thermal SW: false, Thermal HW: false
All GPUs seem healthy
Freeing GPUs...
