/usr/bin/singularity
apptainer version 1.4.5-1.el9
Number of GPUs =  8
======== Run with fp32 ==========
Detected GPU #0: "NVIDIA B200" (ccc1f3f5-c2f3-6792-b42f-225a6eaadecd)
Detected GPU #1: "NVIDIA B200" (5a55512d-2aaf-afb3-5c51-ef8cdce4c8e0)
Detected GPU #2: "NVIDIA B200" (e3e26503-5614-79f8-c680-6db3aa854b85)
Detected GPU #3: "NVIDIA B200" (192c3ad5-aeae-c4fb-3d53-abeb7c5ecf61)
Detected GPU #4: "NVIDIA B200" (cfbf0589-f880-43f8-d72e-5741b990d492)
Detected GPU #5: "NVIDIA B200" (b2507d80-0794-106e-b682-e8b4bc26536e)
Detected GPU #6: "NVIDIA B200" (cce1b7a4-d2f0-b8dc-49b4-663183668e4c)
Detected GPU #7: "NVIDIA B200" (66abaf05-eaf9-c790-099b-a5ab131d4a5c)
Using precision(s): FP32  
GPU #0: Using 163800 MB
GPU #1: Using 163800 MB
GPU #2: Using 163800 MB
GPU #3: Using 163800 MB
GPU #4: Using 163800 MB
GPU #5: Using 163800 MB
GPU #6: Using 163800 MB
GPU #7: Using 163800 MB
Creating random matrices
Matrices created
1422 (1563505 Gflops/s) - 1223 (1344702 Gflops/s) - 1357 (1492037 Gflops/s) - 1165 (1280931 Gflops/s) - 1270 (1396379 Gflops/s) - 1087 (1195169 Gflops/s) - 1219 (1340304 Gflops/s) - 1146 (1260040 Gflops/s) | Temperatures: 57°C - 56°C - 58°C - 57°C - 57°C - 56°C - 59°C - 58°C | Throttling: None - None - None - None - None - None - None - None
709 (779553 Gflops/s) - 704 (774056 Gflops/s) - 709 (779553 Gflops/s) - 712 (782852 Gflops/s) - 710 (780653 Gflops/s) - 715 (786150 Gflops/s) - 709 (779553 Gflops/s) - 709 (779553 Gflops/s) | Temperatures: 59°C - 60°C - 62°C - 62°C - 60°C - 59°C - 62°C - 62°C | Throttling: None - None - None - None - None - None - None - None
707 (777354 Gflops/s) - 701 (770757 Gflops/s) - 708 (778454 Gflops/s) - 709 (779553 Gflops/s) - 710 (780653 Gflops/s) - 714 (785051 Gflops/s) - 705 (775155 Gflops/s) - 709 (779553 Gflops/s) | Temperatures: 60°C - 61°C - 63°C - 64°C - 61°C - 61°C - 64°C - 64°C | Throttling: None - None - None - None - None - None - None - None
706 (776255 Gflops/s) - 700 (769658 Gflops/s) - 707 (777354 Gflops/s) - 709 (779553 Gflops/s) - 708 (778454 Gflops/s) - 714 (785051 Gflops/s) - 707 (777354 Gflops/s) - 708 (778454 Gflops/s) | Temperatures: 61°C - 62°C - 65°C - 65°C - 62°C - 62°C - 66°C - 66°C | Throttling: None - None - None - None - None - None - None - None
706 (776255 Gflops/s) - 699 (768558 Gflops/s) - 704 (774056 Gflops/s) - 710 (780653 Gflops/s) - 708 (778454 Gflops/s) - 713 (783951 Gflops/s) - 709 (779553 Gflops/s) - 709 (779553 Gflops/s) | Temperatures: 62°C - 63°C - 65°C - 66°C - 63°C - 63°C - 67°C - 67°C | Throttling: None - None - None - None - None - None - None - None
704 (774056 Gflops/s) - 698 (767459 Gflops/s) - 707 (777354 Gflops/s) - 710 (780653 Gflops/s) - 706 (776255 Gflops/s) - 711 (781752 Gflops/s) - 708 (778454 Gflops/s) - 708 (778454 Gflops/s) | Temperatures: 62°C - 63°C - 66°C - 67°C - 63°C - 63°C - 67°C - 67°C | Throttling: None - None - None - None - None - None - None - None
705 (775155 Gflops/s) - 699 (768558 Gflops/s) - 707 (777354 Gflops/s) - 711 (781752 Gflops/s) - 707 (777354 Gflops/s) - 712 (782852 Gflops/s) - 708 (778454 Gflops/s) - 707 (777354 Gflops/s) | Temperatures: 62°C - 64°C - 67°C - 68°C - 64°C - 63°C - 68°C - 68°C | Throttling: None - None - None - None - None - None - None - None
704 (774056 Gflops/s) - 698 (767459 Gflops/s) - 706 (776255 Gflops/s) - 710 (780653 Gflops/s) - 706 (776255 Gflops/s) - 711 (781752 Gflops/s) - 708 (778454 Gflops/s) - 707 (777354 Gflops/s) | Temperatures: 63°C - 64°C - 67°C - 68°C - 64°C - 64°C - 69°C - 68°C | Throttling: None - None - None - None - None - None - None - None
704 (774056 Gflops/s) - 698 (767459 Gflops/s) - 706 (776255 Gflops/s) - 722 (793847 Gflops/s) - 705 (775155 Gflops/s) - 714 (785051 Gflops/s) - 707 (777354 Gflops/s) - 706 (776255 Gflops/s) | Temperatures: 63°C - 64°C - 68°C - 69°C - 64°C - 64°C - 69°C - 69°C | Throttling: None - None - None - None - None - None - None - None
704 (774056 Gflops/s) - 701 (770757 Gflops/s) - 706 (776255 Gflops/s) - 698 (767459 Gflops/s) - 706 (776255 Gflops/s) - 714 (785051 Gflops/s) - 707 (777354 Gflops/s) - 706 (776255 Gflops/s) | Temperatures: 63°C - 65°C - 68°C - 69°C - 64°C - 64°C - 70°C - 69°C | Throttling: None - None - None - None - None - None - None - None
704 (774056 Gflops/s) - 701 (770757 Gflops/s) - 705 (775155 Gflops/s) - 710 (780653 Gflops/s) - 705 (775155 Gflops/s) - 712 (782852 Gflops/s) - 707 (777354 Gflops/s) - 706 (776255 Gflops/s) | Temperatures: 63°C - 65°C - 69°C - 69°C - 65°C - 64°C - 70°C - 69°C | Throttling: None - None - None - None - None - None - None - None
703 (772956 Gflops/s) - 702 (771857 Gflops/s) - 722 (793847 Gflops/s) - 709 (779553 Gflops/s) - 704 (774056 Gflops/s) - 713 (783951 Gflops/s) - 705 (775155 Gflops/s) - 705 (775155 Gflops/s) | Temperatures: 63°C - 65°C - 69°C - 69°C - 65°C - 64°C - 70°C - 70°C | Throttling: None - None - None - None - None - None - None - None
703 (772956 Gflops/s) - 701 (770757 Gflops/s) - 687 (755364 Gflops/s) - 708 (778454 Gflops/s) - 703 (772956 Gflops/s) - 712 (782852 Gflops/s) - 704 (774056 Gflops/s) - 705 (775155 Gflops/s) | Temperatures: 63°C - 65°C - 69°C - 70°C - 65°C - 65°C - 71°C - 70°C | Throttling: None - None - None - None - None - None - None - None
703 (772956 Gflops/s) - 706 (776255 Gflops/s) - 705 (775155 Gflops/s) - 708 (778454 Gflops/s) - 705 (775155 Gflops/s) - 712 (782852 Gflops/s) - 706 (776255 Gflops/s) - 705 (775155 Gflops/s) | Temperatures: 64°C - 65°C - 69°C - 70°C - 65°C - 65°C - 71°C - 70°C | Throttling: None - None - None - None - None - None - None - None
704 (774056 Gflops/s) - 705 (775155 Gflops/s) - 703 (772956 Gflops/s) - 709 (779553 Gflops/s) - 704 (774056 Gflops/s) - 711 (781752 Gflops/s) - 705 (775155 Gflops/s) - 704 (774056 Gflops/s) | Temperatures: 64°C - 65°C - 70°C - 70°C - 65°C - 65°C - 71°C - 70°C | Throttling: None - None - None - None - None - None - None - None
702 (771857 Gflops/s) - 706 (776255 Gflops/s) - 704 (774056 Gflops/s) - 707 (777354 Gflops/s) - 704 (774056 Gflops/s) - 712 (782852 Gflops/s) - 705 (775155 Gflops/s) - 703 (772956 Gflops/s) | Temperatures: 64°C - 66°C - 70°C - 70°C - 65°C - 65°C - 71°C - 71°C | Throttling: None - None - None - None - None - None - None - None
703 (772956 Gflops/s) - 705 (775155 Gflops/s) - 703 (772956 Gflops/s) - 708 (778454 Gflops/s) - 704 (774056 Gflops/s) - 711 (781752 Gflops/s) - 703 (772956 Gflops/s) - 704 (774056 Gflops/s) | Temperatures: 64°C - 66°C - 70°C - 71°C - 65°C - 65°C - 71°C - 71°C | Throttling: None - None - None - None - None - None - None - None
702 (771857 Gflops/s) - 705 (775155 Gflops/s) - 704 (774056 Gflops/s) - 708 (778454 Gflops/s) - 704 (774056 Gflops/s) - 711 (781752 Gflops/s) - 704 (774056 Gflops/s) - 704 (774056 Gflops/s) | Temperatures: 64°C - 66°C - 70°C - 71°C - 65°C - 65°C - 72°C - 71°C | Throttling: None - None - None - None - None - None - None - None
703 (772956 Gflops/s) - 705 (775155 Gflops/s) - 703 (772956 Gflops/s) - 707 (777354 Gflops/s) - 703 (772956 Gflops/s) - 712 (782852 Gflops/s) - 703 (772956 Gflops/s) - 703 (772956 Gflops/s) | Temperatures: 64°C - 66°C - 70°C - 71°C - 66°C - 65°C - 72°C - 71°C | Throttling: None - None - None - None - None - None - None - None
703 (772956 Gflops/s) - 705 (775155 Gflops/s) - 703 (772956 Gflops/s) - 707 (777354 Gflops/s) - 705 (775155 Gflops/s) - 711 (781752 Gflops/s) - 702 (771857 Gflops/s) - 703 (772956 Gflops/s) | Temperatures: 64°C - 66°C - 70°C - 71°C - 66°C - 65°C - 72°C - 71°C | Throttling: None - None - None - None - None - None - None - None
702 (771857 Gflops/s) - 703 (772956 Gflops/s) - 701 (770757 Gflops/s) - 706 (776255 Gflops/s) - 705 (775155 Gflops/s) - 710 (780653 Gflops/s) - 701 (770757 Gflops/s) - 702 (771857 Gflops/s) | Temperatures: 64°C - 66°C - 71°C - 71°C - 66°C - 66°C - 72°C - 71°C | Throttling: None - None - None - None - None - None - None - None
704 (774056 Gflops/s) - 704 (774056 Gflops/s) - 702 (771857 Gflops/s) - 707 (777354 Gflops/s) - 707 (777354 Gflops/s) - 710 (780653 Gflops/s) - 702 (771857 Gflops/s) - 702 (771857 Gflops/s) | Temperatures: 65°C - 66°C - 71°C - 72°C - 66°C - 66°C - 72°C - 72°C | Throttling: None - None - None - None - None - None - None - None
703 (772956 Gflops/s) - 704 (774056 Gflops/s) - 702 (771857 Gflops/s) - 714 (785051 Gflops/s) - 706 (776255 Gflops/s) - 722 (793847 Gflops/s) - 701 (770757 Gflops/s) - 702 (771857 Gflops/s) | Temperatures: 65°C - 67°C - 71°C - 72°C - 66°C - 66°C - 72°C - 72°C | Throttling: None - None - None - None - None - None - None - None
703 (772956 Gflops/s) - 703 (772956 Gflops/s) - 701 (770757 Gflops/s) - 698 (767459 Gflops/s) - 706 (776255 Gflops/s) - 699 (768558 Gflops/s) - 700 (769658 Gflops/s) - 701 (770757 Gflops/s) | Temperatures: 65°C - 67°C - 71°C - 72°C - 67°C - 66°C - 73°C - 72°C | Throttling: None - None - None - None - None - None - None - None
703 (772956 Gflops/s) - 703 (772956 Gflops/s) - 700 (769658 Gflops/s) - 705 (775155 Gflops/s) - 706 (776255 Gflops/s) - 710 (780653 Gflops/s) - 700 (769658 Gflops/s) - 700 (769658 Gflops/s) | Temperatures: 65°C - 67°C - 71°C - 72°C - 67°C - 66°C - 73°C - 72°C | Throttling: None - None - None - None - None - None - None - None
703 (772956 Gflops/s) - 704 (774056 Gflops/s) - 701 (770757 Gflops/s) - 705 (775155 Gflops/s) - 706 (776255 Gflops/s) - 710 (780653 Gflops/s) - 700 (769658 Gflops/s) - 700 (769658 Gflops/s) | Temperatures: 65°C - 67°C - 72°C - 72°C - 67°C - 67°C - 73°C - 72°C | Throttling: None - None - None - None - None - None - None - None
702 (771857 Gflops/s) - 702 (771857 Gflops/s) - 700 (769658 Gflops/s) - 705 (775155 Gflops/s) - 706 (776255 Gflops/s) - 710 (780653 Gflops/s) - 699 (768558 Gflops/s) - 700 (769658 Gflops/s) | Temperatures: 66°C - 68°C - 72°C - 73°C - 67°C - 67°C - 73°C - 73°C | Throttling: None - None - None - None - None - None - None - None
703 (772956 Gflops/s) - 703 (772956 Gflops/s) - 700 (769658 Gflops/s) - 703 (772956 Gflops/s) - 706 (776255 Gflops/s) - 709 (779553 Gflops/s) - 698 (767459 Gflops/s) - 698 (767459 Gflops/s) | Temperatures: 66°C - 68°C - 72°C - 73°C - 68°C - 67°C - 74°C - 73°C | Throttling: None - None - None - None - None - None - None - None
701 (770757 Gflops/s) - 701 (770757 Gflops/s) - 699 (768558 Gflops/s) - 704 (774056 Gflops/s) - 705 (775155 Gflops/s) - 709 (779553 Gflops/s) - 700 (769658 Gflops/s) - 697 (766359 Gflops/s) | Temperatures: 66°C - 68°C - 72°C - 73°C - 68°C - 67°C - 74°C - 73°C | Throttling: None - None - None - None - None - None - None - None
702 (771857 Gflops/s) - 703 (772956 Gflops/s) - 700 (769658 Gflops/s) - 703 (772956 Gflops/s) - 706 (776255 Gflops/s) - 709 (779553 Gflops/s) - 700 (769658 Gflops/s) - 698 (767459 Gflops/s) | Temperatures: 66°C - 68°C - 73°C - 73°C - 68°C - 67°C - 74°C - 73°C | Throttling: None - None - None - None - None - None - None - None
702 (771857 Gflops/s) - 702 (771857 Gflops/s) - 699 (768558 Gflops/s) - 703 (772956 Gflops/s) - 706 (776255 Gflops/s) - 709 (779553 Gflops/s) - 698 (767459 Gflops/s) - 697 (766359 Gflops/s) | Temperatures: 66°C - 68°C - 73°C - 73°C - 68°C - 68°C - 74°C - 73°C | Throttling: None - None - None - None - None - None - None - None
703 (772956 Gflops/s) - 702 (771857 Gflops/s) - 699 (768558 Gflops/s) - 703 (772956 Gflops/s) - 706 (776255 Gflops/s) - 709 (779553 Gflops/s) - 700 (769658 Gflops/s) - 696 (765260 Gflops/s) | Temperatures: 67°C - 69°C - 73°C - 74°C - 68°C - 68°C - 74°C - 74°C | Throttling: None - None - None - None - None - None - None - None
704 (774056 Gflops/s) - 701 (770757 Gflops/s) - 699 (768558 Gflops/s) - 703 (772956 Gflops/s) - 705 (775155 Gflops/s) - 709 (779553 Gflops/s) - 699 (768558 Gflops/s) - 694 (763061 Gflops/s) | Temperatures: 67°C - 69°C - 73°C - 74°C - 69°C - 68°C - 75°C - 74°C | Throttling: None - None - None - None - None - None - None - None
704 (774056 Gflops/s) - 701 (770757 Gflops/s) - 699 (768558 Gflops/s) - 702 (771857 Gflops/s) - 706 (776255 Gflops/s) - 709 (779553 Gflops/s) - 699 (768558 Gflops/s) - 696 (765260 Gflops/s) | Temperatures: 67°C - 69°C - 73°C - 74°C - 69°C - 68°C - 75°C - 74°C | Throttling: None - None - None - None - None - None - None - None
704 (774056 Gflops/s) - 701 (770757 Gflops/s) - 698 (767459 Gflops/s) - 702 (771857 Gflops/s) - 705 (775155 Gflops/s) - 708 (778454 Gflops/s) - 699 (768558 Gflops/s) - 695 (764160 Gflops/s) | Temperatures: 67°C - 69°C - 74°C - 74°C - 69°C - 68°C - 75°C - 74°C | Throttling: None - None - None - None - None - None - None - None
704 (774056 Gflops/s) - 698 (767459 Gflops/s) - 698 (767459 Gflops/s) - 708 (778454 Gflops/s) - 705 (775155 Gflops/s) - 708 (778454 Gflops/s) - 701 (770757 Gflops/s) - 696 (765260 Gflops/s) | Temperatures: 67°C - 69°C - 74°C - 74°C - 69°C - 69°C - 75°C - 74°C | Throttling: None - None - None - None - None - None - None - None
703 (772956 Gflops/s) - 699 (768558 Gflops/s) - 698 (767459 Gflops/s) - 694 (763061 Gflops/s) - 704 (774056 Gflops/s) - 708 (778454 Gflops/s) - 701 (770757 Gflops/s) - 691 (759762 Gflops/s) | Temperatures: 67°C - 69°C - 74°C - 74°C - 69°C - 69°C - 75°C - 74°C | Throttling: None - None - None - None - None - None - None - None
704 (774056 Gflops/s) - 700 (769658 Gflops/s) - 697 (766359 Gflops/s) - 700 (769658 Gflops/s) - 705 (775155 Gflops/s) - 708 (778454 Gflops/s) - 702 (771857 Gflops/s) - 695 (764160 Gflops/s) | Temperatures: 67°C - 69°C - 74°C - 75°C - 69°C - 69°C - 76°C - 75°C | Throttling: None - None - None - None - None - None - None - None
703 (772956 Gflops/s) - 700 (769658 Gflops/s) - 698 (767459 Gflops/s) - 699 (768558 Gflops/s) - 705 (775155 Gflops/s) - 707 (777354 Gflops/s) - 702 (771857 Gflops/s) - 697 (766359 Gflops/s) | Temperatures: 67°C - 70°C - 74°C - 75°C - 69°C - 69°C - 76°C - 75°C | Throttling: None - None - None - None - None - None - None - None
703 (772956 Gflops/s) - 700 (769658 Gflops/s) - 699 (768558 Gflops/s) - 699 (768558 Gflops/s) - 706 (776255 Gflops/s) - 707 (777354 Gflops/s) - 702 (771857 Gflops/s) - 698 (767459 Gflops/s) | Temperatures: 68°C - 70°C - 74°C - 75°C - 70°C - 69°C - 76°C - 75°C | Throttling: None - None - None - None - None - None - None - None
704 (774056 Gflops/s) - 702 (771857 Gflops/s) - 701 (770757 Gflops/s) - 699 (768558 Gflops/s) - 705 (775155 Gflops/s) - 708 (778454 Gflops/s) - 701 (770757 Gflops/s) - 696 (765260 Gflops/s) | Temperatures: 68°C - 70°C - 74°C - 75°C - 70°C - 69°C - 76°C - 75°C | Throttling: None - None - None - None - None - None - None - None
703 (772956 Gflops/s) - 700 (769658 Gflops/s) - 701 (770757 Gflops/s) - 699 (768558 Gflops/s) - 704 (774056 Gflops/s) - 707 (777354 Gflops/s) - 701 (770757 Gflops/s) - 697 (766359 Gflops/s) | Temperatures: 68°C - 70°C - 74°C - 75°C - 70°C - 69°C - 76°C - 75°C | Throttling: None - None - None - None - None - None - None - None
703 (772956 Gflops/s) - 701 (770757 Gflops/s) - 701 (770757 Gflops/s) - 699 (768558 Gflops/s) - 705 (775155 Gflops/s) - 707 (777354 Gflops/s) - 702 (771857 Gflops/s) - 698 (767459 Gflops/s) | Temperatures: 68°C - 70°C - 75°C - 75°C - 70°C - 69°C - 76°C - 75°C | Throttling: None - None - None - None - None - None - None - None
703 (772956 Gflops/s) - 701 (770757 Gflops/s) - 701 (770757 Gflops/s) - 699 (768558 Gflops/s) - 704 (774056 Gflops/s) - 707 (777354 Gflops/s) - 700 (769658 Gflops/s) - 696 (765260 Gflops/s) | Temperatures: 68°C - 70°C - 75°C - 75°C - 70°C - 69°C - 76°C - 75°C | Throttling: None - None - None - None - None - None - None - None
703 (772956 Gflops/s) - 699 (768558 Gflops/s) - 700 (769658 Gflops/s) - 701 (770757 Gflops/s) - 705 (775155 Gflops/s) - 706 (776255 Gflops/s) - 701 (770757 Gflops/s) - 705 (775155 Gflops/s) | Temperatures: 68°C - 70°C - 75°C - 75°C - 70°C - 69°C - 76°C - 75°C | Throttling: None - None - None - None - None - None - None - None
703 (772956 Gflops/s) - 700 (769658 Gflops/s) - 700 (769658 Gflops/s) - 704 (774056 Gflops/s) - 704 (774056 Gflops/s) - 708 (778454 Gflops/s) - 701 (770757 Gflops/s) - 687 (755364 Gflops/s) | Temperatures: 68°C - 70°C - 75°C - 75°C - 70°C - 69°C - 76°C - 75°C | Throttling: None - None - None - None - None - None - None - None
703 (772956 Gflops/s) - 701 (770757 Gflops/s) - 700 (769658 Gflops/s) - 704 (774056 Gflops/s) - 706 (776255 Gflops/s) - 707 (777354 Gflops/s) - 701 (770757 Gflops/s) - 697 (766359 Gflops/s) | Temperatures: 68°C - 70°C - 75°C - 75°C - 70°C - 69°C - 76°C - 75°C | Throttling: None - None - None - None - None - None - None - None
704 (774056 Gflops/s) - 700 (769658 Gflops/s) - 700 (769658 Gflops/s) - 705 (775155 Gflops/s) - 704 (774056 Gflops/s) - 707 (777354 Gflops/s) - 701 (770757 Gflops/s) - 696 (765260 Gflops/s) | Temperatures: 68°C - 70°C - 75°C - 75°C - 70°C - 69°C - 76°C - 75°C | Throttling: None - None - None - None - None - None - None - None
703 (772956 Gflops/s) - 700 (769658 Gflops/s) - 702 (771857 Gflops/s) - 704 (774056 Gflops/s) - 706 (776255 Gflops/s) - 707 (777354 Gflops/s) - 701 (770757 Gflops/s) - 696 (765260 Gflops/s) | Temperatures: 68°C - 70°C - 75°C - 75°C - 70°C - 69°C - 77°C - 75°C | Throttling: None - None - None - None - None - None - None - None
703 (772956 Gflops/s) - 700 (769658 Gflops/s) - 698 (767459 Gflops/s) - 705 (775155 Gflops/s) - 706 (776255 Gflops/s) - 706 (776255 Gflops/s) - 701 (770757 Gflops/s) - 697 (766359 Gflops/s) | Temperatures: 68°C - 70°C - 75°C - 75°C - 70°C - 69°C - 76°C - 75°C | Throttling: None - None - None - None - None - None - None - None
704 (774056 Gflops/s) - 701 (770757 Gflops/s) - 700 (769658 Gflops/s) - 704 (774056 Gflops/s) - 705 (775155 Gflops/s) - 707 (777354 Gflops/s) - 700 (769658 Gflops/s) - 696 (765260 Gflops/s) | Temperatures: 67°C - 70°C - 75°C - 75°C - 70°C - 69°C - 77°C - 75°C | Throttling: None - None - None - None - None - None - None - None
702 (771857 Gflops/s) - 700 (769658 Gflops/s) - 700 (769658 Gflops/s) - 704 (774056 Gflops/s) - 704 (774056 Gflops/s) - 707 (777354 Gflops/s) - 701 (770757 Gflops/s) - 696 (765260 Gflops/s) | Temperatures: 67°C - 70°C - 75°C - 75°C - 70°C - 69°C - 77°C - 75°C | Throttling: None - None - None - None - None - None - None - None
703 (772956 Gflops/s) - 699 (768558 Gflops/s) - 700 (769658 Gflops/s) - 703 (772956 Gflops/s) - 703 (772956 Gflops/s) - 706 (776255 Gflops/s) - 700 (769658 Gflops/s) - 695 (764160 Gflops/s) | Temperatures: 67°C - 70°C - 75°C - 75°C - 70°C - 69°C - 77°C - 75°C | Throttling: None - None - None - None - None - None - None - None
703 (772956 Gflops/s) - 700 (769658 Gflops/s) - 700 (769658 Gflops/s) - 703 (772956 Gflops/s) - 705 (775155 Gflops/s) - 707 (777354 Gflops/s) - 700 (769658 Gflops/s) - 698 (767459 Gflops/s) | Temperatures: 67°C - 70°C - 75°C - 75°C - 70°C - 69°C - 77°C - 75°C | Throttling: None - None - None - None - None - None - None - None
702 (771857 Gflops/s) - 700 (769658 Gflops/s) - 700 (769658 Gflops/s) - 705 (775155 Gflops/s) - 704 (774056 Gflops/s) - 708 (778454 Gflops/s) - 700 (769658 Gflops/s) - 696 (765260 Gflops/s) | Temperatures: 67°C - 70°C - 75°C - 75°C - 70°C - 69°C - 76°C - 75°C | Throttling: None - None - None - None - None - None - None - None
704 (774056 Gflops/s) - 700 (769658 Gflops/s) - 700 (769658 Gflops/s) - 703 (772956 Gflops/s) - 704 (774056 Gflops/s) - 707 (777354 Gflops/s) - 700 (769658 Gflops/s) - 697 (766359 Gflops/s) | Temperatures: 67°C - 70°C - 75°C - 75°C - 69°C - 69°C - 76°C - 75°C | Throttling: None - None - None - None - None - None - None - None
703 (772956 Gflops/s) - 700 (769658 Gflops/s) - 700 (769658 Gflops/s) - 704 (774056 Gflops/s) - 704 (774056 Gflops/s) - 707 (777354 Gflops/s) - 701 (770757 Gflops/s) - 696 (765260 Gflops/s) | Temperatures: 67°C - 70°C - 75°C - 75°C - 69°C - 69°C - 77°C - 75°C | Throttling: None - None - None - None - None - None - None - None
703 (772956 Gflops/s) - 700 (769658 Gflops/s) - 700 (769658 Gflops/s) - 704 (774056 Gflops/s) - 705 (775155 Gflops/s) - 707 (777354 Gflops/s) - 700 (769658 Gflops/s) - 697 (766359 Gflops/s) | Temperatures: 67°C - 70°C - 75°C - 75°C - 70°C - 69°C - 77°C - 75°C | Throttling: None - None - None - None - None - None - None - None
704 (774056 Gflops/s) - 710 (780653 Gflops/s) - 700 (769658 Gflops/s) - 704 (774056 Gflops/s) - 704 (774056 Gflops/s) - 707 (777354 Gflops/s) - 701 (770757 Gflops/s) - 696 (765260 Gflops/s) | Temperatures: 67°C - 70°C - 75°C - 75°C - 70°C - 69°C - 77°C - 75°C | Throttling: None - None - None - None - None - None - None - None
703 (772956 Gflops/s) - 691 (759762 Gflops/s) - 700 (769658 Gflops/s) - 705 (775155 Gflops/s) - 705 (775155 Gflops/s) - 706 (776255 Gflops/s) - 700 (769658 Gflops/s) - 696 (765260 Gflops/s) | Temperatures: 67°C - 70°C - 75°C - 75°C - 69°C - 69°C - 77°C - 75°C | Throttling: None - None - None - None - None - None - None - None
704 (774056 Gflops/s) - 700 (769658 Gflops/s) - 699 (768558 Gflops/s) - 704 (774056 Gflops/s) - 703 (772956 Gflops/s) - 707 (777354 Gflops/s) - 700 (769658 Gflops/s) - 696 (765260 Gflops/s) | Temperatures: 67°C - 69°C - 75°C - 75°C - 69°C - 69°C - 77°C - 75°C | Throttling: None - None - None - None - None - None - None - None
702 (771857 Gflops/s) - 699 (768558 Gflops/s) - 700 (769658 Gflops/s) - 704 (774056 Gflops/s) - 703 (772956 Gflops/s) - 706 (776255 Gflops/s) - 700 (769658 Gflops/s) - 696 (765260 Gflops/s) | Temperatures: 67°C - 69°C - 75°C - 75°C - 69°C - 69°C - 77°C - 75°C | Throttling: None - None - None - None - None - None - None - None
704 (774056 Gflops/s) - 702 (771857 Gflops/s) - 700 (769658 Gflops/s) - 704 (774056 Gflops/s) - 704 (774056 Gflops/s) - 708 (778454 Gflops/s) - 700 (769658 Gflops/s) - 697 (766359 Gflops/s) | Temperatures: 67°C - 69°C - 75°C - 75°C - 69°C - 69°C - 76°C - 75°C | Throttling: None - None - None - None - None - None - None - None
703 (772956 Gflops/s) - 700 (769658 Gflops/s) - 700 (769658 Gflops/s) - 705 (775155 Gflops/s) - 704 (774056 Gflops/s) - 707 (777354 Gflops/s) - 700 (769658 Gflops/s) - 697 (766359 Gflops/s) | Temperatures: 67°C - 69°C - 75°C - 75°C - 69°C - 69°C - 76°C - 75°C | Throttling: None - None - None - None - None - None - None - None
703 (772956 Gflops/s) - 700 (769658 Gflops/s) - 699 (768558 Gflops/s) - 704 (774056 Gflops/s) - 703 (772956 Gflops/s) - 713 (783951 Gflops/s) - 700 (769658 Gflops/s) - 696 (765260 Gflops/s) | Temperatures: 67°C - 69°C - 75°C - 75°C - 69°C - 68°C - 76°C - 75°C | Throttling: None - None - None - None - None - None - None - None
703 (772956 Gflops/s) - 701 (770757 Gflops/s) - 700 (769658 Gflops/s) - 704 (774056 Gflops/s) - 704 (774056 Gflops/s) - 701 (770757 Gflops/s) - 701 (770757 Gflops/s) - 697 (766359 Gflops/s) | Temperatures: 67°C - 69°C - 75°C - 75°C - 69°C - 68°C - 76°C - 75°C | Throttling: None - None - None - None - None - None - None - None
704 (774056 Gflops/s) - 700 (769658 Gflops/s) - 700 (769658 Gflops/s) - 704 (774056 Gflops/s) - 705 (775155 Gflops/s) - 707 (777354 Gflops/s) - 700 (769658 Gflops/s) - 697 (766359 Gflops/s) | Temperatures: 67°C - 69°C - 75°C - 75°C - 69°C - 68°C - 76°C - 75°C | Throttling: None - None - None - None - None - None - None - None
703 (772956 Gflops/s) - 702 (771857 Gflops/s) - 700 (769658 Gflops/s) - 704 (774056 Gflops/s) - 705 (775155 Gflops/s) - 707 (777354 Gflops/s) - 700 (769658 Gflops/s) - 696 (765260 Gflops/s) | Temperatures: 67°C - 69°C - 75°C - 75°C - 69°C - 68°C - 76°C - 75°C | Throttling: None - None - None - None - None - None - None - None
704 (774056 Gflops/s) - 701 (770757 Gflops/s) - 699 (768558 Gflops/s) - 705 (775155 Gflops/s) - 704 (774056 Gflops/s) - 708 (778454 Gflops/s) - 701 (770757 Gflops/s) - 696 (765260 Gflops/s) | Temperatures: 67°C - 69°C - 75°C - 75°C - 69°C - 68°C - 76°C - 75°C | Throttling: None - None - None - None - None - None - None - None
703 (772956 Gflops/s) - 700 (769658 Gflops/s) - 700 (769658 Gflops/s) - 703 (772956 Gflops/s) - 703 (772956 Gflops/s) - 707 (777354 Gflops/s) - 699 (768558 Gflops/s) - 696 (765260 Gflops/s) | Temperatures: 67°C - 69°C - 75°C - 75°C - 69°C - 68°C - 76°C - 75°C | Throttling: None - None - None - None - None - None - None - None
703 (772956 Gflops/s) - 700 (769658 Gflops/s) - 700 (769658 Gflops/s) - 705 (775155 Gflops/s) - 705 (775155 Gflops/s) - 708 (778454 Gflops/s) - 701 (770757 Gflops/s) - 696 (765260 Gflops/s) | Temperatures: 67°C - 69°C - 75°C - 75°C - 69°C - 68°C - 76°C - 75°C | Throttling: None - None - None - None - None - None - None - None
704 (774056 Gflops/s) - 701 (770757 Gflops/s) - 700 (769658 Gflops/s) - 703 (772956 Gflops/s) - 703 (772956 Gflops/s) - 706 (776255 Gflops/s) - 704 (774056 Gflops/s) - 697 (766359 Gflops/s) | Temperatures: 66°C - 69°C - 74°C - 75°C - 69°C - 68°C - 76°C - 75°C | Throttling: None - None - None - None - None - None - None - None
703 (772956 Gflops/s) - 701 (770757 Gflops/s) - 700 (769658 Gflops/s) - 704 (774056 Gflops/s) - 704 (774056 Gflops/s) - 708 (778454 Gflops/s) - 697 (766359 Gflops/s) - 696 (765260 Gflops/s) | Temperatures: 66°C - 69°C - 74°C - 75°C - 69°C - 68°C - 76°C - 75°C | Throttling: None - None - None - None - None - None - None - None
704 (774056 Gflops/s) - 701 (770757 Gflops/s) - 700 (769658 Gflops/s) - 705 (775155 Gflops/s) - 704 (774056 Gflops/s) - 708 (778454 Gflops/s) - 700 (769658 Gflops/s) - 697 (766359 Gflops/s) | Temperatures: 66°C - 69°C - 74°C - 75°C - 68°C - 68°C - 76°C - 75°C | Throttling: None - None - None - None - None - None - None - None
704 (774056 Gflops/s) - 701 (770757 Gflops/s) - 700 (769658 Gflops/s) - 700 (769658 Gflops/s) - 703 (772956 Gflops/s) - 708 (778454 Gflops/s) - 701 (770757 Gflops/s) - 697 (766359 Gflops/s) | Temperatures: 66°C - 69°C - 74°C - 75°C - 68°C - 68°C - 76°C - 75°C | Throttling: None - None - None - None - None - None - None - None
704 (774056 Gflops/s) - 702 (771857 Gflops/s) - 700 (769658 Gflops/s) - 698 (767459 Gflops/s) - 704 (774056 Gflops/s) - 707 (777354 Gflops/s) - 701 (770757 Gflops/s) - 697 (766359 Gflops/s) | Temperatures: 66°C - 69°C - 74°C - 75°C - 68°C - 68°C - 76°C - 75°C | Throttling: None - None - None - None - None - None - None - None
703 (772956 Gflops/s) - 702 (771857 Gflops/s) - 700 (769658 Gflops/s) - 699 (768558 Gflops/s) - 704 (774056 Gflops/s) - 708 (778454 Gflops/s) - 701 (770757 Gflops/s) - 697 (766359 Gflops/s) | Temperatures: 66°C - 68°C - 74°C - 74°C - 68°C - 68°C - 76°C - 75°C | Throttling: None - None - None - None - None - None - None - None
704 (774056 Gflops/s) - 699 (768558 Gflops/s) - 700 (769658 Gflops/s) - 699 (768558 Gflops/s) - 703 (772956 Gflops/s) - 707 (777354 Gflops/s) - 700 (769658 Gflops/s) - 696 (765260 Gflops/s) | Temperatures: 66°C - 68°C - 74°C - 74°C - 68°C - 68°C - 76°C - 74°C | Throttling: None - None - None - None - None - None - None - None
703 (772956 Gflops/s) - 701 (770757 Gflops/s) - 700 (769658 Gflops/s) - 699 (768558 Gflops/s) - 704 (774056 Gflops/s) - 716 (787250 Gflops/s) - 701 (770757 Gflops/s) - 697 (766359 Gflops/s) | Temperatures: 66°C - 68°C - 74°C - 74°C - 68°C - 68°C - 76°C - 74°C | Throttling: None - None - None - None - None - None - None - None
704 (774056 Gflops/s) - 702 (771857 Gflops/s) - 700 (769658 Gflops/s) - 698 (767459 Gflops/s) - 704 (774056 Gflops/s) - 699 (768558 Gflops/s) - 701 (770757 Gflops/s) - 714 (785051 Gflops/s) | Temperatures: 66°C - 68°C - 74°C - 74°C - 68°C - 68°C - 76°C - 74°C | Throttling: None - None - None - None - None - None - None - None
703 (772956 Gflops/s) - 701 (770757 Gflops/s) - 700 (769658 Gflops/s) - 699 (768558 Gflops/s) - 704 (774056 Gflops/s) - 709 (779553 Gflops/s) - 701 (770757 Gflops/s) - 680 (747667 Gflops/s) | Temperatures: 66°C - 68°C - 74°C - 74°C - 68°C - 68°C - 76°C - 74°C | Throttling: None - None - None - None - None - None - None - None
704 (774056 Gflops/s) - 701 (770757 Gflops/s) - 700 (769658 Gflops/s) - 699 (768558 Gflops/s) - 703 (772956 Gflops/s) - 708 (778454 Gflops/s) - 700 (769658 Gflops/s) - 698 (767459 Gflops/s) | Temperatures: 66°C - 68°C - 74°C - 74°C - 68°C - 68°C - 76°C - 74°C | Throttling: None - None - None - None - None - None - None - None
703 (772956 Gflops/s) - 701 (770757 Gflops/s) - 700 (769658 Gflops/s) - 699 (768558 Gflops/s) - 704 (774056 Gflops/s) - 708 (778454 Gflops/s) - 701 (770757 Gflops/s) - 697 (766359 Gflops/s) | Temperatures: 66°C - 68°C - 74°C - 74°C - 68°C - 68°C - 76°C - 74°C | Throttling: None - None - None - None - None - None - None - None
704 (774056 Gflops/s) - 717 (788349 Gflops/s) - 701 (770757 Gflops/s) - 699 (768558 Gflops/s) - 703 (772956 Gflops/s) - 708 (778454 Gflops/s) - 701 (770757 Gflops/s) - 697 (766359 Gflops/s) | Temperatures: 66°C - 68°C - 74°C - 74°C - 68°C - 68°C - 76°C - 74°C | Throttling: None - None - None - None - None - None - None - None
704 (774056 Gflops/s) - 686 (754264 Gflops/s) - 700 (769658 Gflops/s) - 699 (768558 Gflops/s) - 705 (775155 Gflops/s) - 708 (778454 Gflops/s) - 701 (770757 Gflops/s) - 697 (766359 Gflops/s) | Temperatures: 66°C - 68°C - 74°C - 74°C - 68°C - 68°C - 76°C - 74°C | Throttling: None - None - None - None - None - None - None - None
703 (772956 Gflops/s) - 701 (770757 Gflops/s) - 712 (782852 Gflops/s) - 699 (768558 Gflops/s) - 702 (771857 Gflops/s) - 708 (778454 Gflops/s) - 700 (769658 Gflops/s) - 696 (765260 Gflops/s) | Temperatures: 66°C - 68°C - 74°C - 74°C - 68°C - 68°C - 76°C - 74°C | Throttling: None - None - None - None - None - None - None - None
704 (774056 Gflops/s) - 701 (770757 Gflops/s) - 687 (755364 Gflops/s) - 698 (767459 Gflops/s) - 705 (775155 Gflops/s) - 708 (778454 Gflops/s) - 701 (770757 Gflops/s) - 697 (766359 Gflops/s) | Temperatures: 66°C - 68°C - 74°C - 74°C - 68°C - 68°C - 76°C - 74°C | Throttling: None - None - None - None - None - None - None - None
703 (772956 Gflops/s) - 702 (771857 Gflops/s) - 701 (770757 Gflops/s) - 699 (768558 Gflops/s) - 705 (775155 Gflops/s) - 708 (778454 Gflops/s) - 701 (770757 Gflops/s) - 697 (766359 Gflops/s) | Temperatures: 66°C - 68°C - 74°C - 74°C - 68°C - 67°C - 76°C - 74°C | Throttling: None - None - None - None - None - None - None - None
704 (774056 Gflops/s) - 701 (770757 Gflops/s) - 700 (769658 Gflops/s) - 699 (768558 Gflops/s) - 703 (772956 Gflops/s) - 709 (779553 Gflops/s) - 701 (770757 Gflops/s) - 697 (766359 Gflops/s) | Temperatures: 66°C - 68°C - 74°C - 74°C - 68°C - 67°C - 76°C - 74°C | Throttling: None - None - None - None - None - None - None - None
704 (774056 Gflops/s) - 701 (770757 Gflops/s) - 700 (769658 Gflops/s) - 699 (768558 Gflops/s) - 717 (788349 Gflops/s) - 708 (778454 Gflops/s) - 701 (770757 Gflops/s) - 697 (766359 Gflops/s) | Temperatures: 66°C - 68°C - 74°C - 74°C - 68°C - 67°C - 76°C - 74°C | Throttling: None - None - None - None - None - None - None - None
704 (774056 Gflops/s) - 702 (771857 Gflops/s) - 701 (770757 Gflops/s) - 699 (768558 Gflops/s) - 692 (760862 Gflops/s) - 708 (778454 Gflops/s) - 701 (770757 Gflops/s) - 697 (766359 Gflops/s) | Temperatures: 66°C - 68°C - 74°C - 74°C - 68°C - 67°C - 76°C - 74°C | Throttling: None - None - None - None - None - None - None - None
703 (772956 Gflops/s) - 702 (771857 Gflops/s) - 700 (769658 Gflops/s) - 699 (768558 Gflops/s) - 704 (774056 Gflops/s) - 709 (779553 Gflops/s) - 701 (770757 Gflops/s) - 696 (765260 Gflops/s) | Temperatures: 66°C - 68°C - 74°C - 74°C - 68°C - 67°C - 76°C - 74°C | Throttling: None - None - None - None - None - None - None - None
704 (774056 Gflops/s) - 702 (771857 Gflops/s) - 700 (769658 Gflops/s) - 699 (768558 Gflops/s) - 705 (775155 Gflops/s) - 708 (778454 Gflops/s) - 701 (770757 Gflops/s) - 697 (766359 Gflops/s) | Temperatures: 66°C - 68°C - 74°C - 74°C - 68°C - 67°C - 76°C - 74°C | Throttling: None - None - None - None - None - None - None - None
703 (772956 Gflops/s) - 701 (770757 Gflops/s) - 699 (768558 Gflops/s) - 698 (767459 Gflops/s) - 703 (772956 Gflops/s) - 707 (777354 Gflops/s) - 700 (769658 Gflops/s) - 697 (766359 Gflops/s) | Temperatures: 66°C - 68°C - 74°C - 74°C - 68°C - 67°C - 76°C - 74°C | Throttling: None - None - None - None - None - None - None - None
704 (774056 Gflops/s) - 702 (771857 Gflops/s) - 701 (770757 Gflops/s) - 700 (769658 Gflops/s) - 702 (771857 Gflops/s) - 709 (779553 Gflops/s) - 701 (770757 Gflops/s) - 697 (766359 Gflops/s) | Temperatures: 66°C - 68°C - 74°C - 74°C - 68°C - 67°C - 76°C - 74°C | Throttling: None - None - None - None - None - None - None - None
704 (774056 Gflops/s) - 702 (771857 Gflops/s) - 700 (769658 Gflops/s) - 699 (768558 Gflops/s) - 704 (774056 Gflops/s) - 709 (779553 Gflops/s) - 701 (770757 Gflops/s) - 697 (766359 Gflops/s) | Temperatures: 66°C - 68°C - 74°C - 74°C - 68°C - 67°C - 76°C - 74°C | Throttling: None - None - None - None - None - None - None - None
704 (774056 Gflops/s) - 701 (770757 Gflops/s) - 700 (769658 Gflops/s) - 699 (768558 Gflops/s) - 705 (775155 Gflops/s) - 708 (778454 Gflops/s) - 711 (781752 Gflops/s) - 697 (766359 Gflops/s) | Temperatures: 66°C - 68°C - 74°C - 74°C - 68°C - 67°C - 75°C - 74°C | Throttling: None - None - None - None - None - None - None - None
704 (774056 Gflops/s) - 701 (770757 Gflops/s) - 700 (769658 Gflops/s) - 699 (768558 Gflops/s) - 703 (772956 Gflops/s) - 709 (779553 Gflops/s) - 691 (759762 Gflops/s) - 697 (766359 Gflops/s) | Temperatures: 66°C - 68°C - 74°C - 74°C - 68°C - 67°C - 75°C - 74°C | Throttling: None - None - None - None - None - None - None - None
704 (774056 Gflops/s) - 701 (770757 Gflops/s) - 701 (770757 Gflops/s) - 714 (785051 Gflops/s) - 706 (776255 Gflops/s) - 708 (778454 Gflops/s) - 702 (771857 Gflops/s) - 698 (767459 Gflops/s) | Temperatures: 66°C - 68°C - 74°C - 74°C - 68°C - 67°C - 75°C - 74°C | Throttling: None - None - None - None - None - None - None - None
704 (774056 Gflops/s) - 702 (771857 Gflops/s) - 700 (769658 Gflops/s) - 684 (752065 Gflops/s) - 703 (772956 Gflops/s) - 708 (778454 Gflops/s) - 700 (769658 Gflops/s) - 697 (766359 Gflops/s) | Temperatures: 66°C - 68°C - 74°C - 74°C - 68°C - 67°C - 75°C - 74°C | Throttling: None - None - None - None - None - None - None - None
704 (774056 Gflops/s) - 701 (770757 Gflops/s) - 700 (769658 Gflops/s) - 699 (768558 Gflops/s) - 705 (775155 Gflops/s) - 709 (779553 Gflops/s) - 702 (771857 Gflops/s) - 697 (766359 Gflops/s) | Temperatures: 66°C - 68°C - 74°C - 74°C - 68°C - 67°C - 75°C - 74°C | Throttling: None - None - None - None - None - None - None - None
703 (772956 Gflops/s) - 700 (769658 Gflops/s) - 700 (769658 Gflops/s) - 698 (767459 Gflops/s) - 704 (774056 Gflops/s) - 708 (778454 Gflops/s) - 700 (769658 Gflops/s) - 696 (765260 Gflops/s) | Temperatures: 66°C - 68°C - 74°C - 74°C - 68°C - 67°C - 75°C - 74°C | Throttling: None - None - None - None - None - None - None - None
704 (774056 Gflops/s) - 701 (770757 Gflops/s) - 700 (769658 Gflops/s) - 699 (768558 Gflops/s) - 708 (778454 Gflops/s) - 708 (778454 Gflops/s) - 701 (770757 Gflops/s) - 697 (766359 Gflops/s) | Temperatures: 66°C - 68°C - 74°C - 74°C - 68°C - 67°C - 75°C - 74°C | Throttling: None - None - None - None - None - None - None - None
704 (774056 Gflops/s) - 702 (771857 Gflops/s) - 700 (769658 Gflops/s) - 700 (769658 Gflops/s) - 701 (770757 Gflops/s) - 708 (778454 Gflops/s) - 701 (770757 Gflops/s) - 697 (766359 Gflops/s) | Temperatures: 66°C - 68°C - 74°C - 74°C - 68°C - 67°C - 75°C - 74°C | Throttling: None - None - None - None - None - None - None - None
703 (772956 Gflops/s) - 702 (771857 Gflops/s) - 700 (769658 Gflops/s) - 699 (768558 Gflops/s) - 705 (775155 Gflops/s) - 709 (779553 Gflops/s) - 701 (770757 Gflops/s) - 697 (766359 Gflops/s) | Temperatures: 66°C - 68°C - 74°C - 74°C - 68°C - 67°C - 75°C - 74°C | Throttling: None - None - None - None - None - None - None - None
704 (774056 Gflops/s) - 702 (771857 Gflops/s) - 701 (770757 Gflops/s) - 699 (768558 Gflops/s) - 703 (772956 Gflops/s) - 709 (779553 Gflops/s) - 701 (770757 Gflops/s) - 697 (766359 Gflops/s) | Temperatures: 66°C - 68°C - 74°C - 74°C - 68°C - 67°C - 75°C - 74°C | Throttling: None - None - None - None - None - None - None - None
703 (772956 Gflops/s) - 702 (771857 Gflops/s) - 700 (769658 Gflops/s) - 699 (768558 Gflops/s) - 705 (775155 Gflops/s) - 708 (778454 Gflops/s) - 701 (770757 Gflops/s) - 698 (767459 Gflops/s) | Temperatures: 66°C - 68°C - 74°C - 74°C - 68°C - 67°C - 75°C - 74°C | Throttling: None - None - None - None - None - None - None - None
701 (770757 Gflops/s) - 702 (771857 Gflops/s) - 701 (770757 Gflops/s) - 700 (769658 Gflops/s) - 705 (775155 Gflops/s) - 709 (779553 Gflops/s) - 701 (770757 Gflops/s) - 697 (766359 Gflops/s) | Temperatures: 66°C - 68°C - 74°C - 74°C - 68°C - 67°C - 75°C - 74°C | Throttling: None - None - None - None - None - None - None - None
700 (769658 Gflops/s) - 706 (776255 Gflops/s) - 700 (769658 Gflops/s) - 699 (768558 Gflops/s) - 704 (774056 Gflops/s) - 708 (778454 Gflops/s) - 701 (770757 Gflops/s) - 696 (765260 Gflops/s) | Temperatures: 66°C - 68°C - 74°C - 74°C - 68°C - 67°C - 75°C - 74°C | Throttling: None - None - None - None - None - None - None - None
701 (770757 Gflops/s) - 696 (765260 Gflops/s) - 700 (769658 Gflops/s) - 698 (767459 Gflops/s) - 703 (772956 Gflops/s) - 708 (778454 Gflops/s) - 700 (769658 Gflops/s) - 697 (766359 Gflops/s) | Temperatures: 66°C - 68°C - 74°C - 74°C - 68°C - 67°C - 75°C - 74°C | Throttling: None - None - None - None - None - None - None - None
700 (769658 Gflops/s) - 702 (771857 Gflops/s) - 700 (769658 Gflops/s) - 708 (778454 Gflops/s) - 704 (774056 Gflops/s) - 708 (778454 Gflops/s) - 701 (770757 Gflops/s) - 697 (766359 Gflops/s) | Temperatures: 66°C - 68°C - 74°C - 74°C - 68°C - 67°C - 75°C - 74°C | Throttling: None - None - None - None - None - None - None - None
701 (770757 Gflops/s) - 702 (771857 Gflops/s) - 701 (770757 Gflops/s) - 690 (758663 Gflops/s) - 705 (775155 Gflops/s) - 708 (778454 Gflops/s) - 701 (770757 Gflops/s) - 697 (766359 Gflops/s) | Temperatures: 66°C - 68°C - 74°C - 74°C - 68°C - 67°C - 75°C - 74°C | Throttling: None - None - None - None - None - None - None - None
701 (770757 Gflops/s) - 702 (771857 Gflops/s) - 699 (768558 Gflops/s) - 699 (768558 Gflops/s) - 703 (772956 Gflops/s) - 709 (779553 Gflops/s) - 701 (770757 Gflops/s) - 697 (766359 Gflops/s) | Temperatures: 66°C - 68°C - 74°C - 74°C - 68°C - 67°C - 75°C - 74°C | Throttling: None - None - None - None - None - None - None - None
701 (770757 Gflops/s) - 702 (771857 Gflops/s) - 701 (770757 Gflops/s) - 699 (768558 Gflops/s) - 705 (775155 Gflops/s) - 708 (778454 Gflops/s) - 701 (770757 Gflops/s) - 697 (766359 Gflops/s) | Temperatures: 66°C - 68°C - 74°C - 74°C - 68°C - 67°C - 75°C - 74°C | Throttling: None - None - None - None - None - None - None - None
700 (769658 Gflops/s) - 701 (770757 Gflops/s) - 700 (769658 Gflops/s) - 699 (768558 Gflops/s) - 704 (774056 Gflops/s) - 709 (779553 Gflops/s) - 701 (770757 Gflops/s) - 704 (774056 Gflops/s) | Temperatures: 66°C - 68°C - 74°C - 74°C - 68°C - 67°C - 75°C - 74°C | Throttling: None - None - None - None - None - None - None - None
701 (770757 Gflops/s) - 702 (771857 Gflops/s) - 700 (769658 Gflops/s) - 699 (768558 Gflops/s) - 704 (774056 Gflops/s) - 708 (778454 Gflops/s) - 700 (769658 Gflops/s) - 690 (758663 Gflops/s) | Temperatures: 66°C - 68°C - 74°C - 74°C - 68°C - 67°C - 75°C - 74°C | Throttling: None - None - None - None - None - None - None - None
701 (770757 Gflops/s) - 702 (771857 Gflops/s) - 700 (769658 Gflops/s) - 699 (768558 Gflops/s) - 704 (774056 Gflops/s) - 709 (779553 Gflops/s) - 702 (771857 Gflops/s) - 697 (766359 Gflops/s) | Temperatures: 65°C - 68°C - 74°C - 74°C - 68°C - 67°C - 75°C - 74°C | Throttling: None - None - None - None - None - None - None - None
700 (769658 Gflops/s) - 701 (770757 Gflops/s) - 700 (769658 Gflops/s) - 699 (768558 Gflops/s) - 704 (774056 Gflops/s) - 708 (778454 Gflops/s) - 700 (769658 Gflops/s) - 694 (763061 Gflops/s) | Temperatures: 65°C - 68°C - 74°C - 74°C - 68°C - 67°C - 75°C - 74°C | Throttling: None - None - None - None - None - None - None - None
701 (770757 Gflops/s) - 701 (770757 Gflops/s) - 700 (769658 Gflops/s) - 699 (768558 Gflops/s) - 705 (775155 Gflops/s) - 708 (778454 Gflops/s) - 701 (770757 Gflops/s) - 693 (761961 Gflops/s) | Temperatures: 65°C - 68°C - 74°C - 74°C - 68°C - 67°C - 75°C - 74°C | Throttling: None - None - None - None - None - None - None - None
700 (769658 Gflops/s) - 702 (771857 Gflops/s) - 701 (770757 Gflops/s) - 699 (768558 Gflops/s) - 705 (775155 Gflops/s) - 709 (779553 Gflops/s) - 701 (770757 Gflops/s) - 693 (761961 Gflops/s) | Temperatures: 65°C - 68°C - 74°C - 74°C - 68°C - 67°C - 75°C - 74°C | Throttling: None - None - None - None - None - None - None - None
701 (770757 Gflops/s) - 702 (771857 Gflops/s) - 700 (769658 Gflops/s) - 699 (768558 Gflops/s) - 704 (774056 Gflops/s) - 708 (778454 Gflops/s) - 701 (770757 Gflops/s) - 692 (760862 Gflops/s) | Temperatures: 65°C - 68°C - 74°C - 74°C - 68°C - 67°C - 75°C - 74°C | Throttling: None - None - None - None - None - None - None - None
702 (771857 Gflops/s) - 702 (771857 Gflops/s) - 699 (768558 Gflops/s) - 699 (768558 Gflops/s) - 704 (774056 Gflops/s) - 708 (778454 Gflops/s) - 714 (785051 Gflops/s) - 691 (759762 Gflops/s) | Temperatures: 65°C - 68°C - 74°C - 74°C - 68°C - 67°C - 75°C - 74°C | Throttling: None - None - None - None - None - None - None - None
701 (770757 Gflops/s) - 702 (771857 Gflops/s) - 697 (766359 Gflops/s) - 702 (771857 Gflops/s) - 704 (774056 Gflops/s) - 709 (779553 Gflops/s) - 689 (757563 Gflops/s) - 693 (761961 Gflops/s) | Temperatures: 65°C - 68°C - 74°C - 74°C - 68°C - 67°C - 75°C - 74°C | Throttling: None - None - None - None - None - None - None - None
700 (769658 Gflops/s) - 702 (771857 Gflops/s) - 697 (766359 Gflops/s) - 696 (765260 Gflops/s) - 705 (775155 Gflops/s) - 708 (778454 Gflops/s) - 701 (770757 Gflops/s) - 695 (764160 Gflops/s) | Temperatures: 65°C - 68°C - 74°C - 74°C - 68°C - 67°C - 75°C - 74°C | Throttling: None - None - None - None - None - None - None - None
701 (770757 Gflops/s) - 702 (771857 Gflops/s) - 697 (766359 Gflops/s) - 699 (768558 Gflops/s) - 705 (775155 Gflops/s) - 709 (779553 Gflops/s) - 701 (770757 Gflops/s) - 693 (761961 Gflops/s) | Temperatures: 66°C - 68°C - 73°C - 74°C - 68°C - 67°C - 75°C - 74°C | Throttling: None - None - None - None - None - None - None - None
701 (770757 Gflops/s) - 701 (770757 Gflops/s) - 697 (766359 Gflops/s) - 698 (767459 Gflops/s) - 703 (772956 Gflops/s) - 708 (778454 Gflops/s) - 700 (769658 Gflops/s) - 694 (763061 Gflops/s) | Temperatures: 65°C - 68°C - 73°C - 74°C - 68°C - 67°C - 75°C - 74°C | Throttling: None - None - None - None - None - None - None - None
700 (769658 Gflops/s) - 702 (771857 Gflops/s) - 696 (765260 Gflops/s) - 699 (768558 Gflops/s) - 705 (775155 Gflops/s) - 708 (778454 Gflops/s) - 701 (770757 Gflops/s) - 696 (765260 Gflops/s) | Temperatures: 65°C - 68°C - 74°C - 74°C - 68°C - 67°C - 75°C - 74°C | Throttling: None - None - None - None - None - None - None - None
701 (770757 Gflops/s) - 702 (771857 Gflops/s) - 698 (767459 Gflops/s) - 699 (768558 Gflops/s) - 704 (774056 Gflops/s) - 709 (779553 Gflops/s) - 701 (770757 Gflops/s) - 695 (764160 Gflops/s) | Temperatures: 65°C - 68°C - 73°C - 74°C - 68°C - 67°C - 75°C - 74°C | Throttling: None - None - None - None - None - None - None - None
700 (769658 Gflops/s) - 702 (771857 Gflops/s) - 697 (766359 Gflops/s) - 699 (768558 Gflops/s) - 704 (774056 Gflops/s) - 708 (778454 Gflops/s) - 701 (770757 Gflops/s) - 695 (764160 Gflops/s) | Temperatures: 65°C - 68°C - 74°C - 74°C - 67°C - 67°C - 75°C - 74°C | Throttling: None - None - None - None - None - None - None - None
701 (770757 Gflops/s) - 701 (770757 Gflops/s) - 697 (766359 Gflops/s) - 699 (768558 Gflops/s) - 705 (775155 Gflops/s) - 709 (779553 Gflops/s) - 701 (770757 Gflops/s) - 695 (764160 Gflops/s) | Temperatures: 65°C - 68°C - 73°C - 74°C - 68°C - 67°C - 75°C - 74°C | Throttling: None - None - None - None - None - None - None - None
701 (770757 Gflops/s) - 702 (771857 Gflops/s) - 697 (766359 Gflops/s) - 699 (768558 Gflops/s) - 705 (775155 Gflops/s) - 709 (779553 Gflops/s) - 702 (771857 Gflops/s) - 694 (763061 Gflops/s) | Temperatures: 65°C - 68°C - 73°C - 74°C - 68°C - 67°C - 75°C - 74°C | Throttling: None - None - None - None - None - None - None - None
701 (770757 Gflops/s) - 702 (771857 Gflops/s) - 697 (766359 Gflops/s) - 699 (768558 Gflops/s) - 705 (775155 Gflops/s) - 708 (778454 Gflops/s) - 701 (770757 Gflops/s) - 694 (763061 Gflops/s) | Temperatures: 65°C - 68°C - 73°C - 74°C - 68°C - 67°C - 75°C - 74°C | Throttling: None - None - None - None - None - None - None - None
700 (769658 Gflops/s) - 702 (771857 Gflops/s) - 697 (766359 Gflops/s) - 699 (768558 Gflops/s) - 705 (775155 Gflops/s) - 709 (779553 Gflops/s) - 701 (770757 Gflops/s) - 693 (761961 Gflops/s) | Temperatures: 65°C - 68°C - 73°C - 74°C - 67°C - 67°C - 75°C - 74°C | Throttling: None - None - None - None - None - None - None - None
701 (770757 Gflops/s) - 701 (770757 Gflops/s) - 697 (766359 Gflops/s) - 698 (767459 Gflops/s) - 704 (774056 Gflops/s) - 708 (778454 Gflops/s) - 700 (769658 Gflops/s) - 694 (763061 Gflops/s) | Temperatures: 65°C - 68°C - 73°C - 74°C - 68°C - 67°C - 75°C - 74°C | Throttling: None - None - None - None - None - None - None - None
701 (770757 Gflops/s) - 701 (770757 Gflops/s) - 697 (766359 Gflops/s) - 699 (768558 Gflops/s) - 705 (775155 Gflops/s) - 708 (778454 Gflops/s) - 701 (770757 Gflops/s) - 695 (764160 Gflops/s) | Temperatures: 65°C - 68°C - 73°C - 74°C - 68°C - 67°C - 75°C - 74°C | Throttling: None - None - None - None - None - None - None - None
701 (770757 Gflops/s) - 701 (770757 Gflops/s) - 697 (766359 Gflops/s) - 699 (768558 Gflops/s) - 703 (772956 Gflops/s) - 709 (779553 Gflops/s) - 701 (770757 Gflops/s) - 695 (764160 Gflops/s) | Temperatures: 65°C - 68°C - 73°C - 74°C - 67°C - 67°C - 75°C - 74°C | Throttling: None - None - None - None - None - None - None - None
701 (770757 Gflops/s) - 701 (770757 Gflops/s) - 697 (766359 Gflops/s) - 699 (768558 Gflops/s) - 705 (775155 Gflops/s) - 709 (779553 Gflops/s) - 701 (770757 Gflops/s) - 693 (761961 Gflops/s) | Temperatures: 65°C - 68°C - 73°C - 74°C - 68°C - 67°C - 75°C - 74°C | Throttling: None - None - None - None - None - None - None - None
700 (769658 Gflops/s) - 702 (771857 Gflops/s) - 698 (767459 Gflops/s) - 699 (768558 Gflops/s) - 705 (775155 Gflops/s) - 708 (778454 Gflops/s) - 701 (770757 Gflops/s) - 694 (763061 Gflops/s) | Temperatures: 65°C - 68°C - 73°C - 74°C - 68°C - 67°C - 75°C - 74°C | Throttling: None - None - None - None - None - None - None - None
701 (770757 Gflops/s) - 702 (771857 Gflops/s) - 697 (766359 Gflops/s) - 699 (768558 Gflops/s) - 704 (774056 Gflops/s) - 709 (779553 Gflops/s) - 701 (770757 Gflops/s) - 693 (761961 Gflops/s) | Temperatures: 65°C - 68°C - 73°C - 74°C - 67°C - 67°C - 75°C - 74°C | Throttling: None - None - None - None - None - None - None - None
701 (770757 Gflops/s) - 702 (771857 Gflops/s) - 697 (766359 Gflops/s) - 699 (768558 Gflops/s) - 704 (774056 Gflops/s) - 709 (779553 Gflops/s) - 702 (771857 Gflops/s) - 694 (763061 Gflops/s) | Temperatures: 65°C - 68°C - 73°C - 74°C - 67°C - 67°C - 75°C - 74°C | Throttling: None - None - None - None - None - None - None - None
706 (776255 Gflops/s) - 702 (771857 Gflops/s) - 697 (766359 Gflops/s) - 699 (768558 Gflops/s) - 705 (775155 Gflops/s) - 708 (778454 Gflops/s) - 701 (770757 Gflops/s) - 695 (764160 Gflops/s) | Temperatures: 65°C - 68°C - 73°C - 74°C - 67°C - 67°C - 75°C - 74°C | Throttling: None - None - None - None - None - None - None - None
696 (765260 Gflops/s) - 702 (771857 Gflops/s) - 697 (766359 Gflops/s) - 698 (767459 Gflops/s) - 703 (772956 Gflops/s) - 708 (778454 Gflops/s) - 700 (769658 Gflops/s) - 693 (761961 Gflops/s) | Temperatures: 65°C - 68°C - 73°C - 74°C - 67°C - 67°C - 75°C - 74°C | Throttling: None - None - None - None - None - None - None - None
700 (769658 Gflops/s) - 702 (771857 Gflops/s) - 697 (766359 Gflops/s) - 700 (769658 Gflops/s) - 704 (774056 Gflops/s) - 709 (779553 Gflops/s) - 701 (770757 Gflops/s) - 692 (760862 Gflops/s) | Temperatures: 65°C - 68°C - 73°C - 74°C - 67°C - 67°C - 75°C - 74°C | Throttling: None - None - None - None - None - None - None - None
701 (770757 Gflops/s) - 701 (770757 Gflops/s) - 697 (766359 Gflops/s) - 699 (768558 Gflops/s) - 705 (775155 Gflops/s) - 709 (779553 Gflops/s) - 701 (770757 Gflops/s) - 696 (765260 Gflops/s) | Temperatures: 65°C - 68°C - 73°C - 74°C - 67°C - 67°C - 75°C - 74°C | Throttling: None - None - None - None - None - None - None - None
701 (770757 Gflops/s) - 703 (772956 Gflops/s) - 697 (766359 Gflops/s) - 699 (768558 Gflops/s) - 705 (775155 Gflops/s) - 708 (778454 Gflops/s) - 700 (769658 Gflops/s) - 694 (763061 Gflops/s) | Temperatures: 65°C - 68°C - 73°C - 74°C - 68°C - 67°C - 75°C - 74°C | Throttling: None - None - None - None - None - None - None - None
701 (770757 Gflops/s) - 702 (771857 Gflops/s) - 698 (767459 Gflops/s) - 699 (768558 Gflops/s) - 704 (774056 Gflops/s) - 709 (779553 Gflops/s) - 701 (770757 Gflops/s) - 696 (765260 Gflops/s) | Temperatures: 65°C - 68°C - 73°C - 74°C - 67°C - 67°C - 75°C - 74°C | Throttling: None - None - None - None - None - None - None - None
700 (769658 Gflops/s) - 711 (781752 Gflops/s) - 697 (766359 Gflops/s) - 699 (768558 Gflops/s) - 705 (775155 Gflops/s) - 709 (779553 Gflops/s) - 716 (787250 Gflops/s) - 693 (761961 Gflops/s) | Temperatures: 65°C - 68°C - 73°C - 74°C - 67°C - 67°C - 75°C - 74°C | Throttling: None - None - None - None - None - None - None - None
701 (770757 Gflops/s) - 692 (760862 Gflops/s) - 698 (767459 Gflops/s) - 699 (768558 Gflops/s) - 704 (774056 Gflops/s) - 708 (778454 Gflops/s) - 686 (754264 Gflops/s) - 694 (763061 Gflops/s) | Temperatures: 65°C - 68°C - 73°C - 74°C - 67°C - 67°C - 75°C - 74°C | Throttling: None - None - None - None - None - None - None - None
701 (770757 Gflops/s) - 702 (771857 Gflops/s) - 697 (766359 Gflops/s) - 699 (768558 Gflops/s) - 705 (775155 Gflops/s) - 709 (779553 Gflops/s) - 701 (770757 Gflops/s) - 692 (760862 Gflops/s) | Temperatures: 65°C - 67°C - 73°C - 74°C - 67°C - 67°C - 75°C - 74°C | Throttling: None - None - None - None - None - None - None - None
700 (769658 Gflops/s) - 702 (771857 Gflops/s) - 697 (766359 Gflops/s) - 698 (767459 Gflops/s) - 705 (775155 Gflops/s) - 713 (783951 Gflops/s) - 701 (770757 Gflops/s) - 694 (763061 Gflops/s) | Temperatures: 65°C - 67°C - 73°C - 74°C - 67°C - 67°C - 75°C - 74°C | Throttling: None - None - None - None - None - None - None - None
701 (770757 Gflops/s) - 701 (770757 Gflops/s) - 697 (766359 Gflops/s) - 700 (769658 Gflops/s) - 704 (774056 Gflops/s) - 704 (774056 Gflops/s) - 701 (770757 Gflops/s) - 696 (765260 Gflops/s) | Temperatures: 65°C - 68°C - 73°C - 74°C - 67°C - 67°C - 75°C - 74°C | Throttling: None - None - None - None - None - None - None - None
701 (770757 Gflops/s) - 703 (772956 Gflops/s) - 697 (766359 Gflops/s) - 699 (768558 Gflops/s) - 705 (775155 Gflops/s) - 708 (778454 Gflops/s) - 702 (771857 Gflops/s) - 695 (764160 Gflops/s) | Temperatures: 65°C - 67°C - 73°C - 74°C - 67°C - 67°C - 75°C - 74°C | Throttling: None - None - None - None - None - None - None - None
701 (770757 Gflops/s) - 702 (771857 Gflops/s) - 697 (766359 Gflops/s) - 699 (768558 Gflops/s) - 705 (775155 Gflops/s) - 709 (779553 Gflops/s) - 701 (770757 Gflops/s) - 695 (764160 Gflops/s) | Temperatures: 65°C - 67°C - 73°C - 74°C - 67°C - 67°C - 75°C - 74°C | Throttling: None - None - None - None - None - None - None - None
700 (769658 Gflops/s) - 701 (770757 Gflops/s) - 697 (766359 Gflops/s) - 699 (768558 Gflops/s) - 706 (776255 Gflops/s) - 708 (778454 Gflops/s) - 701 (770757 Gflops/s) - 695 (764160 Gflops/s) | Temperatures: 65°C - 67°C - 73°C - 74°C - 67°C - 67°C - 75°C - 74°C | Throttling: None - None - None - None - None - None - None - None
701 (770757 Gflops/s) - 703 (772956 Gflops/s) - 697 (766359 Gflops/s) - 699 (768558 Gflops/s) - 704 (774056 Gflops/s) - 709 (779553 Gflops/s) - 701 (770757 Gflops/s) - 696 (765260 Gflops/s) | Temperatures: 65°C - 68°C - 73°C - 74°C - 67°C - 67°C - 75°C - 74°C | Throttling: None - None - None - None - None - None - None - None
701 (770757 Gflops/s) - 701 (770757 Gflops/s) - 698 (767459 Gflops/s) - 699 (768558 Gflops/s) - 712 (782852 Gflops/s) - 709 (779553 Gflops/s) - 701 (770757 Gflops/s) - 695 (764160 Gflops/s) | Temperatures: 65°C - 67°C - 73°C - 74°C - 67°C - 67°C - 75°C - 74°C | Throttling: None - None - None - None - None - None - None - None
701 (770757 Gflops/s) - 703 (772956 Gflops/s) - 697 (766359 Gflops/s) - 699 (768558 Gflops/s) - 696 (765260 Gflops/s) - 709 (779553 Gflops/s) - 701 (770757 Gflops/s) - 693 (761961 Gflops/s) | Temperatures: 65°C - 67°C - 73°C - 73°C - 67°C - 67°C - 75°C - 74°C | Throttling: None - None - None - None - None - None - None - None
700 (769658 Gflops/s) - 701 (770757 Gflops/s) - 700 (769658 Gflops/s) - 698 (767459 Gflops/s) - 705 (775155 Gflops/s) - 708 (778454 Gflops/s) - 701 (770757 Gflops/s) - 694 (763061 Gflops/s) | Temperatures: 65°C - 67°C - 73°C - 74°C - 67°C - 67°C - 75°C - 74°C | Throttling: None - None - None - None - None - None - None - None
702 (771857 Gflops/s) - 703 (772956 Gflops/s) - 694 (763061 Gflops/s) - 700 (769658 Gflops/s) - 705 (775155 Gflops/s) - 708 (778454 Gflops/s) - 701 (770757 Gflops/s) - 694 (763061 Gflops/s) | Temperatures: 65°C - 68°C - 73°C - 74°C - 67°C - 67°C - 75°C - 73°C | Throttling: None - None - None - None - None - None - None - None
701 (770757 Gflops/s) - 701 (770757 Gflops/s) - 697 (766359 Gflops/s) - 699 (768558 Gflops/s) - 705 (775155 Gflops/s) - 709 (779553 Gflops/s) - 701 (770757 Gflops/s) - 705 (775155 Gflops/s) | Temperatures: 65°C - 67°C - 73°C - 73°C - 67°C - 67°C - 75°C - 74°C | Throttling: None - None - None - None - None - None - None - None
701 (770757 Gflops/s) - 703 (772956 Gflops/s) - 698 (767459 Gflops/s) - 699 (768558 Gflops/s) - 705 (775155 Gflops/s) - 709 (779553 Gflops/s) - 701 (770757 Gflops/s) - 684 (752065 Gflops/s) | Temperatures: 65°C - 67°C - 73°C - 73°C - 67°C - 67°C - 75°C - 74°C | Throttling: None - None - None - None - None - None - None - None
701 (770757 Gflops/s) - 702 (771857 Gflops/s) - 697 (766359 Gflops/s) - 699 (768558 Gflops/s) - 704 (774056 Gflops/s) - 708 (778454 Gflops/s) - 702 (771857 Gflops/s) - 694 (763061 Gflops/s) | Temperatures: 65°C - 67°C - 73°C - 73°C - 67°C - 67°C - 75°C - 73°C | Throttling: None - None - None - None - None - None - None - None
701 (770757 Gflops/s) - 702 (771857 Gflops/s) - 697 (766359 Gflops/s) - 699 (768558 Gflops/s) - 705 (775155 Gflops/s) - 710 (780653 Gflops/s) - 701 (770757 Gflops/s) - 695 (764160 Gflops/s) | Temperatures: 65°C - 67°C - 73°C - 73°C - 67°C - 67°C - 75°C - 73°C | Throttling: None - None - None - None - None - None - None - None
701 (770757 Gflops/s) - 701 (770757 Gflops/s) - 697 (766359 Gflops/s) - 700 (769658 Gflops/s) - 705 (775155 Gflops/s) - 708 (778454 Gflops/s) - 701 (770757 Gflops/s) - 693 (761961 Gflops/s) | Temperatures: 65°C - 67°C - 73°C - 73°C - 67°C - 67°C - 75°C - 73°C | Throttling: None - None - None - None - None - None - None - None
701 (770757 Gflops/s) - 702 (771857 Gflops/s) - 698 (767459 Gflops/s) - 699 (768558 Gflops/s) - 705 (775155 Gflops/s) - 709 (779553 Gflops/s) - 701 (770757 Gflops/s) - 693 (761961 Gflops/s) | Temperatures: 65°C - 67°C - 73°C - 74°C - 67°C - 67°C - 75°C - 74°C | Throttling: None - None - None - None - None - None - None - None
711 (781752 Gflops/s) - 701 (770757 Gflops/s) - 697 (766359 Gflops/s) - 701 (770757 Gflops/s) - 704 (774056 Gflops/s) - 708 (778454 Gflops/s) - 700 (769658 Gflops/s) - 695 (764160 Gflops/s) | Temperatures: 65°C - 67°C - 73°C - 74°C - 67°C - 67°C - 75°C - 74°C | Throttling: None - None - None - None - None - None - None - None
689 (757563 Gflops/s) - 702 (771857 Gflops/s) - 697 (766359 Gflops/s) - 700 (769658 Gflops/s) - 705 (775155 Gflops/s) - 709 (779553 Gflops/s) - 702 (771857 Gflops/s) - 692 (760862 Gflops/s) | Temperatures: 65°C - 67°C - 73°C - 74°C - 67°C - 67°C - 75°C - 73°C | Throttling: None - None - None - None - None - None - None - None
701 (770757 Gflops/s) - 702 (771857 Gflops/s) - 697 (766359 Gflops/s) - 701 (770757 Gflops/s) - 704 (774056 Gflops/s) - 708 (778454 Gflops/s) - 700 (769658 Gflops/s) - 695 (764160 Gflops/s) | Temperatures: 65°C - 67°C - 73°C - 74°C - 67°C - 67°C - 75°C - 74°C | Throttling: None - None - None - None - None - None - None - None
701 (770757 Gflops/s) - 702 (771857 Gflops/s) - 697 (766359 Gflops/s) - 700 (769658 Gflops/s) - 705 (775155 Gflops/s) - 709 (779553 Gflops/s) - 701 (770757 Gflops/s) - 695 (764160 Gflops/s) | Temperatures: 65°C - 67°C - 73°C - 74°C - 67°C - 67°C - 75°C - 73°C | Throttling: None - None - None - None - None - None - None - None
702 (771857 Gflops/s) - 702 (771857 Gflops/s) - 698 (767459 Gflops/s) - 701 (770757 Gflops/s) - 705 (775155 Gflops/s) - 709 (779553 Gflops/s) - 702 (771857 Gflops/s) - 695 (764160 Gflops/s) | Temperatures: 65°C - 67°C - 73°C - 74°C - 67°C - 67°C - 75°C - 74°C | Throttling: None - None - None - None - None - None - None - None
700 (769658 Gflops/s) - 702 (771857 Gflops/s) - 697 (766359 Gflops/s) - 702 (771857 Gflops/s) - 706 (776255 Gflops/s) - 709 (779553 Gflops/s) - 700 (769658 Gflops/s) - 694 (763061 Gflops/s) | Temperatures: 65°C - 67°C - 73°C - 74°C - 67°C - 67°C - 75°C - 74°C | Throttling: None - None - None - None - None - None - None - None
701 (770757 Gflops/s) - 702 (771857 Gflops/s) - 698 (767459 Gflops/s) - 701 (770757 Gflops/s) - 704 (774056 Gflops/s) - 709 (779553 Gflops/s) - 716 (787250 Gflops/s) - 695 (764160 Gflops/s) | Temperatures: 65°C - 67°C - 73°C - 74°C - 67°C - 67°C - 75°C - 74°C | Throttling: None - None - None - None - None - None - None - None
702 (771857 Gflops/s) - 702 (771857 Gflops/s) - 697 (766359 Gflops/s) - 701 (770757 Gflops/s) - 705 (775155 Gflops/s) - 708 (778454 Gflops/s) - 687 (755364 Gflops/s) - 694 (763061 Gflops/s) | Temperatures: 65°C - 67°C - 73°C - 74°C - 67°C - 67°C - 75°C - 73°C | Throttling: None - None - None - None - None - None - None - None
700 (769658 Gflops/s) - 701 (770757 Gflops/s) - 696 (765260 Gflops/s) - 700 (769658 Gflops/s) - 703 (772956 Gflops/s) - 709 (779553 Gflops/s) - 700 (769658 Gflops/s) - 694 (763061 Gflops/s) | Temperatures: 65°C - 67°C - 73°C - 74°C - 67°C - 67°C - 75°C - 74°C | Throttling: None - None - None - None - None - None - None - None
701 (770757 Gflops/s) - 702 (771857 Gflops/s) - 698 (767459 Gflops/s) - 700 (769658 Gflops/s) - 705 (775155 Gflops/s) - 708 (778454 Gflops/s) - 702 (771857 Gflops/s) - 696 (765260 Gflops/s) | Temperatures: 65°C - 67°C - 73°C - 74°C - 67°C - 67°C - 75°C - 73°C | Throttling: None - None - None - None - None - None - None - None
701 (770757 Gflops/s) - 702 (771857 Gflops/s) - 697 (766359 Gflops/s) - 701 (770757 Gflops/s) - 704 (774056 Gflops/s) - 709 (779553 Gflops/s) - 701 (770757 Gflops/s) - 696 (765260 Gflops/s) | Temperatures: 65°C - 67°C - 73°C - 74°C - 67°C - 67°C - 75°C - 74°C | Throttling: None - None - None - None - None - None - None - None
701 (770757 Gflops/s) - 702 (771857 Gflops/s) - 698 (767459 Gflops/s) - 701 (770757 Gflops/s) - 705 (775155 Gflops/s) - 708 (778454 Gflops/s) - 701 (770757 Gflops/s) - 695 (764160 Gflops/s) | Temperatures: 65°C - 67°C - 73°C - 74°C - 67°C - 67°C - 75°C - 74°C | Throttling: None - None - None - None - None - None - None - None
702 (771857 Gflops/s) - 702 (771857 Gflops/s) - 697 (766359 Gflops/s) - 700 (769658 Gflops/s) - 705 (775155 Gflops/s) - 709 (779553 Gflops/s) - 702 (771857 Gflops/s) - 694 (763061 Gflops/s) | Temperatures: 65°C - 67°C - 73°C - 74°C - 67°C - 67°C - 75°C - 73°C | Throttling: None - None - None - None - None - None - None - None
701 (770757 Gflops/s) - 702 (771857 Gflops/s) - 697 (766359 Gflops/s) - 701 (770757 Gflops/s) - 705 (775155 Gflops/s) - 708 (778454 Gflops/s) - 701 (770757 Gflops/s) - 694 (763061 Gflops/s) | Temperatures: 65°C - 67°C - 73°C - 74°C - 67°C - 67°C - 75°C - 73°C | Throttling: None - None - None - None - None - None - None - None
701 (770757 Gflops/s) - 702 (771857 Gflops/s) - 698 (767459 Gflops/s) - 701 (770757 Gflops/s) - 705 (775155 Gflops/s) - 709 (779553 Gflops/s) - 701 (770757 Gflops/s) - 693 (761961 Gflops/s) | Temperatures: 65°C - 67°C - 73°C - 74°C - 67°C - 67°C - 75°C - 73°C | Throttling: None - None - None - None - None - None - None - None
701 (770757 Gflops/s) - 701 (770757 Gflops/s) - 697 (766359 Gflops/s) - 700 (769658 Gflops/s) - 705 (775155 Gflops/s) - 709 (779553 Gflops/s) - 701 (770757 Gflops/s) - 693 (761961 Gflops/s) | Temperatures: 65°C - 67°C - 73°C - 74°C - 67°C - 67°C - 75°C - 73°C | Throttling: None - None - None - None - None - None - None - None
701 (770757 Gflops/s) - 702 (771857 Gflops/s) - 697 (766359 Gflops/s) - 701 (770757 Gflops/s) - 704 (774056 Gflops/s) - 709 (779553 Gflops/s) - 701 (770757 Gflops/s) - 695 (764160 Gflops/s) | Temperatures: 65°C - 67°C - 73°C - 74°C - 67°C - 67°C - 75°C - 74°C | Throttling: None - None - None - None - None - None - None - None
701 (770757 Gflops/s) - 702 (771857 Gflops/s) - 697 (766359 Gflops/s) - 700 (769658 Gflops/s) - 705 (775155 Gflops/s) - 708 (778454 Gflops/s) - 701 (770757 Gflops/s) - 694 (763061 Gflops/s) | Temperatures: 65°C - 68°C - 73°C - 74°C - 67°C - 67°C - 75°C - 74°C | Throttling: None - None - None - None - None - None - None - None
701 (770757 Gflops/s) - 701 (770757 Gflops/s) - 698 (767459 Gflops/s) - 706 (776255 Gflops/s) - 705 (775155 Gflops/s) - 709 (779553 Gflops/s) - 701 (770757 Gflops/s) - 693 (761961 Gflops/s) | Temperatures: 65°C - 67°C - 73°C - 74°C - 67°C - 67°C - 75°C - 74°C | Throttling: None - None - None - None - None - None - None - None
701 (770757 Gflops/s) - 711 (781752 Gflops/s) - 697 (766359 Gflops/s) - 696 (765260 Gflops/s) - 706 (776255 Gflops/s) - 709 (779553 Gflops/s) - 701 (770757 Gflops/s) - 693 (761961 Gflops/s) | Temperatures: 65°C - 67°C - 73°C - 74°C - 67°C - 67°C - 75°C - 73°C | Throttling: None - None - None - None - None - None - None - None
701 (770757 Gflops/s) - 694 (763061 Gflops/s) - 697 (766359 Gflops/s) - 701 (770757 Gflops/s) - 705 (775155 Gflops/s) - 708 (778454 Gflops/s) - 701 (770757 Gflops/s) - 694 (763061 Gflops/s) | Temperatures: 65°C - 67°C - 73°C - 74°C - 67°C - 67°C - 75°C - 73°C | Throttling: None - None - None - None - None - None - None - None
701 (770757 Gflops/s) - 702 (771857 Gflops/s) - 697 (766359 Gflops/s) - 702 (771857 Gflops/s) - 705 (775155 Gflops/s) - 709 (779553 Gflops/s) - 701 (770757 Gflops/s) - 694 (763061 Gflops/s) | Temperatures: 65°C - 67°C - 73°C - 74°C - 67°C - 67°C - 75°C - 73°C | Throttling: None - None - None - None - None - None - None - None
702 (771857 Gflops/s) - 702 (771857 Gflops/s) - 697 (766359 Gflops/s) - 701 (770757 Gflops/s) - 705 (775155 Gflops/s) - 709 (779553 Gflops/s) - 702 (771857 Gflops/s) - 695 (764160 Gflops/s) | Temperatures: 65°C - 67°C - 73°C - 74°C - 67°C - 67°C - 75°C - 74°C | Throttling: None - None - None - None - None - None - None - None
701 (770757 Gflops/s) - 702 (771857 Gflops/s) - 698 (767459 Gflops/s) - 701 (770757 Gflops/s) - 705 (775155 Gflops/s) - 709 (779553 Gflops/s) - 701 (770757 Gflops/s) - 694 (763061 Gflops/s) | Temperatures: 65°C - 67°C - 73°C - 74°C - 67°C - 67°C - 75°C - 74°C | Throttling: None - None - None - None - None - None - None - None
701 (770757 Gflops/s) - 701 (770757 Gflops/s) - 696 (765260 Gflops/s) - 700 (769658 Gflops/s) - 705 (775155 Gflops/s) - 708 (778454 Gflops/s) - 700 (769658 Gflops/s) - 694 (763061 Gflops/s) | Temperatures: 65°C - 67°C - 73°C - 74°C - 67°C - 67°C - 75°C - 74°C | Throttling: None - None - None - None - None - None - None - None
712 (782852 Gflops/s) - 702 (771857 Gflops/s) - 697 (766359 Gflops/s) - 701 (770757 Gflops/s) - 703 (772956 Gflops/s) - 709 (779553 Gflops/s) - 702 (771857 Gflops/s) - 695 (764160 Gflops/s) | Temperatures: 65°C - 67°C - 73°C - 74°C - 67°C - 67°C - 75°C - 74°C | Throttling: None - None - None - None - None - None - None - None
690 (758663 Gflops/s) - 702 (771857 Gflops/s) - 697 (766359 Gflops/s) - 700 (769658 Gflops/s) - 704 (774056 Gflops/s) - 709 (779553 Gflops/s) - 701 (770757 Gflops/s) - 694 (763061 Gflops/s) | Temperatures: 65°C - 67°C - 73°C - 74°C - 67°C - 67°C - 75°C - 74°C | Throttling: None - None - None - None - None - None - None - None
701 (770757 Gflops/s) - 702 (771857 Gflops/s) - 698 (767459 Gflops/s) - 701 (770757 Gflops/s) - 705 (775155 Gflops/s) - 721 (792747 Gflops/s) - 701 (770757 Gflops/s) - 695 (764160 Gflops/s) | Temperatures: 65°C - 67°C - 73°C - 74°C - 67°C - 67°C - 75°C - 74°C | Throttling: None - None - None - None - None - None - None - None
701 (770757 Gflops/s) - 702 (771857 Gflops/s) - 697 (766359 Gflops/s) - 700 (769658 Gflops/s) - 705 (775155 Gflops/s) - 696 (765260 Gflops/s) - 701 (770757 Gflops/s) - 694 (763061 Gflops/s) | Temperatures: 65°C - 67°C - 73°C - 74°C - 67°C - 67°C - 75°C - 74°C | Throttling: None - None - None - None - None - None - None - None
702 (771857 Gflops/s) - 702 (771857 Gflops/s) - 697 (766359 Gflops/s) - 701 (770757 Gflops/s) - 705 (775155 Gflops/s) - 708 (778454 Gflops/s) - 701 (770757 Gflops/s) - 695 (764160 Gflops/s) | Temperatures: 65°C - 67°C - 73°C - 74°C - 67°C - 67°C - 75°C - 74°C | Throttling: None - None - None - None - None - None - None - None
700 (769658 Gflops/s) - 702 (771857 Gflops/s) - 697 (766359 Gflops/s) - 700 (769658 Gflops/s) - 717 (788349 Gflops/s) - 709 (779553 Gflops/s) - 701 (770757 Gflops/s) - 695 (764160 Gflops/s) | Temperatures: 65°C - 67°C - 73°C - 74°C - 67°C - 67°C - 75°C - 74°C | Throttling: None - None - None - None - None - None - None - None
702 (771857 Gflops/s) - 702 (771857 Gflops/s) - 698 (767459 Gflops/s) - 701 (770757 Gflops/s) - 693 (761961 Gflops/s) - 709 (779553 Gflops/s) - 714 (785051 Gflops/s) - 696 (765260 Gflops/s) | Temperatures: 65°C - 67°C - 73°C - 74°C - 67°C - 67°C - 75°C - 74°C | Throttling: None - None - None - None - None - None - None - None
700 (769658 Gflops/s) - 702 (771857 Gflops/s) - 697 (766359 Gflops/s) - 700 (769658 Gflops/s) - 705 (775155 Gflops/s) - 709 (779553 Gflops/s) - 688 (756463 Gflops/s) - 694 (763061 Gflops/s) | Temperatures: 65°C - 67°C - 73°C - 74°C - 67°C - 67°C - 75°C - 74°C | Throttling: None - None - None - None - None - None - None - None
701 (770757 Gflops/s) - 701 (770757 Gflops/s) - 697 (766359 Gflops/s) - 700 (769658 Gflops/s) - 704 (774056 Gflops/s) - 707 (777354 Gflops/s) - 701 (770757 Gflops/s) - 694 (763061 Gflops/s) | Temperatures: 65°C - 67°C - 73°C - 74°C - 67°C - 67°C - 75°C - 74°C | Throttling: None - None - None - None - None - None - None - None
701 (770757 Gflops/s) - 701 (770757 Gflops/s) - 697 (766359 Gflops/s) - 701 (770757 Gflops/s) - 704 (774056 Gflops/s) - 710 (780653 Gflops/s) - 701 (770757 Gflops/s) - 695 (764160 Gflops/s) | Temperatures: 65°C - 67°C - 73°C - 74°C - 67°C - 67°C - 75°C - 74°C | Throttling: None - None - None - None - None - None - None - None
701 (770757 Gflops/s) - 702 (771857 Gflops/s) - 697 (766359 Gflops/s) - 701 (770757 Gflops/s) - 705 (775155 Gflops/s) - 708 (778454 Gflops/s) - 702 (771857 Gflops/s) - 695 (764160 Gflops/s) | Temperatures: 65°C - 67°C - 73°C - 74°C - 67°C - 67°C - 75°C - 74°C | Throttling: None - None - None - None - None - None - None - None
701 (770757 Gflops/s) - 703 (772956 Gflops/s) - 697 (766359 Gflops/s) - 701 (770757 Gflops/s) - 705 (775155 Gflops/s) - 709 (779553 Gflops/s) - 701 (770757 Gflops/s) - 696 (765260 Gflops/s) | Temperatures: 65°C - 67°C - 73°C - 74°C - 67°C - 67°C - 75°C - 74°C | Throttling: None - None - None - None - None - None - None - None
701 (770757 Gflops/s) - 701 (770757 Gflops/s) - 697 (766359 Gflops/s) - 701 (770757 Gflops/s) - 704 (774056 Gflops/s) - 708 (778454 Gflops/s) - 701 (770757 Gflops/s) - 694 (763061 Gflops/s) | Temperatures: 65°C - 67°C - 73°C - 74°C - 67°C - 67°C - 75°C - 74°C | Throttling: None - None - None - None - None - None - None - None
701 (770757 Gflops/s) - 702 (771857 Gflops/s) - 697 (766359 Gflops/s) - 701 (770757 Gflops/s) - 705 (775155 Gflops/s) - 709 (779553 Gflops/s) - 701 (770757 Gflops/s) - 694 (763061 Gflops/s) | Temperatures: 65°C - 67°C - 73°C - 74°C - 67°C - 67°C - 75°C - 74°C | Throttling: None - None - None - None - None - None - None - None
702 (771857 Gflops/s) - 701 (770757 Gflops/s) - 698 (767459 Gflops/s) - 701 (770757 Gflops/s) - 705 (775155 Gflops/s) - 709 (779553 Gflops/s) - 702 (771857 Gflops/s) - 701 (770757 Gflops/s) | Temperatures: 65°C - 67°C - 73°C - 74°C - 67°C - 67°C - 75°C - 74°C | Throttling: None - None - None - None - None - None - None - None
701 (770757 Gflops/s) - 702 (771857 Gflops/s) - 697 (766359 Gflops/s) - 701 (770757 Gflops/s) - 705 (775155 Gflops/s) - 709 (779553 Gflops/s) - 701 (770757 Gflops/s) - 688 (756463 Gflops/s) | Temperatures: 65°C - 67°C - 73°C - 74°C - 67°C - 67°C - 75°C - 74°C | Throttling: None - None - None - None - None - None - None - None
700 (769658 Gflops/s) - 701 (770757 Gflops/s) - 696 (765260 Gflops/s) - 700 (769658 Gflops/s) - 703 (772956 Gflops/s) - 708 (778454 Gflops/s) - 700 (769658 Gflops/s) - 694 (763061 Gflops/s) | Temperatures: 65°C - 67°C - 73°C - 74°C - 67°C - 67°C - 75°C - 74°C | Throttling: None - None - None - None - None - None - None - None
701 (770757 Gflops/s) - 702 (771857 Gflops/s) - 697 (766359 Gflops/s) - 702 (771857 Gflops/s) - 705 (775155 Gflops/s) - 708 (778454 Gflops/s) - 701 (770757 Gflops/s) - 695 (764160 Gflops/s) | Temperatures: 65°C - 67°C - 73°C - 74°C - 67°C - 67°C - 75°C - 74°C | Throttling: None - None - None - None - None - None - None - None
702 (771857 Gflops/s) - 701 (770757 Gflops/s) - 698 (767459 Gflops/s) - 712 (782852 Gflops/s) - 705 (775155 Gflops/s) - 709 (779553 Gflops/s) - 702 (771857 Gflops/s) - 695 (764160 Gflops/s) | Temperatures: 65°C - 67°C - 73°C - 74°C - 67°C - 67°C - 75°C - 74°C | Throttling: None - None - None - None - None - None - None - None
701 (770757 Gflops/s) - 702 (771857 Gflops/s) - 697 (766359 Gflops/s) - 690 (758663 Gflops/s) - 705 (775155 Gflops/s) - 709 (779553 Gflops/s) - 701 (770757 Gflops/s) - 695 (764160 Gflops/s) | Temperatures: 65°C - 67°C - 73°C - 74°C - 67°C - 67°C - 75°C - 74°C | Throttling: None - None - None - None - None - None - None - None
701 (770757 Gflops/s) - 701 (770757 Gflops/s) - 698 (767459 Gflops/s) - 700 (769658 Gflops/s) - 706 (776255 Gflops/s) - 709 (779553 Gflops/s) - 701 (770757 Gflops/s) - 695 (764160 Gflops/s) | Temperatures: 65°C - 67°C - 73°C - 73°C - 67°C - 67°C - 75°C - 74°C | Throttling: None - None - None - None - None - None - None - None
701 (770757 Gflops/s) - 702 (771857 Gflops/s) - 697 (766359 Gflops/s) - 701 (770757 Gflops/s) - 705 (775155 Gflops/s) - 709 (779553 Gflops/s) - 702 (771857 Gflops/s) - 695 (764160 Gflops/s) | Temperatures: 65°C - 67°C - 73°C - 73°C - 67°C - 67°C - 75°C - 74°C | Throttling: None - None - None - None - None - None - None - None
701 (770757 Gflops/s) - 702 (771857 Gflops/s) - 697 (766359 Gflops/s) - 701 (770757 Gflops/s) - 704 (774056 Gflops/s) - 709 (779553 Gflops/s) - 700 (769658 Gflops/s) - 695 (764160 Gflops/s) | Temperatures: 65°C - 67°C - 73°C - 74°C - 67°C - 67°C - 75°C - 74°C | Throttling: None - None - None - None - None - None - None - None
702 (771857 Gflops/s) - 702 (771857 Gflops/s) - 698 (767459 Gflops/s) - 702 (771857 Gflops/s) - 705 (775155 Gflops/s) - 709 (779553 Gflops/s) - 702 (771857 Gflops/s) - 696 (765260 Gflops/s) | Temperatures: 65°C - 67°C - 73°C - 73°C - 67°C - 67°C - 75°C - 74°C | Throttling: None - None - None - None - None - None - None - None
701 (770757 Gflops/s) - 701 (770757 Gflops/s) - 696 (765260 Gflops/s) - 699 (768558 Gflops/s) - 704 (774056 Gflops/s) - 708 (778454 Gflops/s) - 701 (770757 Gflops/s) - 694 (763061 Gflops/s) | Temperatures: 65°C - 67°C - 73°C - 73°C - 67°C - 67°C - 75°C - 74°C | Throttling: None - None - None - None - None - None - None - None
711 (781752 Gflops/s) - 703 (772956 Gflops/s) - 698 (767459 Gflops/s) - 701 (770757 Gflops/s) - 705 (775155 Gflops/s) - 709 (779553 Gflops/s) - 701 (770757 Gflops/s) - 696 (765260 Gflops/s) | Temperatures: 65°C - 67°C - 73°C - 73°C - 67°C - 67°C - 75°C - 74°C | Throttling: None - None - None - None - None - None - None - None
691 (759762 Gflops/s) - 702 (771857 Gflops/s) - 713 (783951 Gflops/s) - 701 (770757 Gflops/s) - 704 (774056 Gflops/s) - 709 (779553 Gflops/s) - 701 (770757 Gflops/s) - 695 (764160 Gflops/s) | Temperatures: 65°C - 67°C - 73°C - 73°C - 67°C - 67°C - 75°C - 73°C | Throttling: None - None - None - None - None - None - None - None
702 (771857 Gflops/s) - 702 (771857 Gflops/s) - 682 (749866 Gflops/s) - 700 (769658 Gflops/s) - 705 (775155 Gflops/s) - 709 (779553 Gflops/s) - 702 (771857 Gflops/s) - 696 (765260 Gflops/s) | Temperatures: 65°C - 67°C - 73°C - 73°C - 67°C - 66°C - 75°C - 74°C | Throttling: None - None - None - None - None - None - None - None
701 (770757 Gflops/s) - 701 (770757 Gflops/s) - 697 (766359 Gflops/s) - 702 (771857 Gflops/s) - 704 (774056 Gflops/s) - 708 (778454 Gflops/s) - 701 (770757 Gflops/s) - 696 (765260 Gflops/s) | Temperatures: 65°C - 67°C - 73°C - 73°C - 67°C - 66°C - 75°C - 73°C | Throttling: None - None - None - None - None - None - None - None
702 (771857 Gflops/s) - 703 (772956 Gflops/s) - 698 (767459 Gflops/s) - 701 (770757 Gflops/s) - 705 (775155 Gflops/s) - 709 (779553 Gflops/s) - 701 (770757 Gflops/s) - 694 (763061 Gflops/s) | Temperatures: 65°C - 67°C - 73°C - 73°C - 67°C - 66°C - 75°C - 73°C | Throttling: None - None - None - None - None - None - None - None
701 (770757 Gflops/s) - 702 (771857 Gflops/s) - 697 (766359 Gflops/s) - 700 (769658 Gflops/s) - 704 (774056 Gflops/s) - 709 (779553 Gflops/s) - 702 (771857 Gflops/s) - 696 (765260 Gflops/s) | Temperatures: 65°C - 67°C - 73°C - 73°C - 67°C - 66°C - 75°C - 73°C | Throttling: None - None - None - None - None - None - None - None
702 (771857 Gflops/s) - 703 (772956 Gflops/s) - 698 (767459 Gflops/s) - 702 (771857 Gflops/s) - 704 (774056 Gflops/s) - 709 (779553 Gflops/s) - 710 (780653 Gflops/s) - 696 (765260 Gflops/s) | Temperatures: 65°C - 67°C - 73°C - 73°C - 67°C - 66°C - 75°C - 73°C | Throttling: None - None - None - None - None - None - None - None
701 (770757 Gflops/s) - 710 (780653 Gflops/s) - 697 (766359 Gflops/s) - 700 (769658 Gflops/s) - 704 (774056 Gflops/s) - 709 (779553 Gflops/s) - 692 (760862 Gflops/s) - 693 (761961 Gflops/s) | Temperatures: 65°C - 67°C - 73°C - 73°C - 67°C - 66°C - 75°C - 73°C | Throttling: None - None - None - None - None - None - None - None
701 (770757 Gflops/s) - 693 (761961 Gflops/s) - 698 (767459 Gflops/s) - 702 (771857 Gflops/s) - 704 (774056 Gflops/s) - 709 (779553 Gflops/s) - 699 (768558 Gflops/s) - 695 (764160 Gflops/s) | Temperatures: 64°C - 67°C - 73°C - 73°C - 67°C - 66°C - 75°C - 73°C | Throttling: None - None - None - None - None - None - None - None
702 (771857 Gflops/s) - 702 (771857 Gflops/s) - 697 (766359 Gflops/s) - 701 (770757 Gflops/s) - 706 (776255 Gflops/s) - 709 (779553 Gflops/s) - 698 (767459 Gflops/s) - 696 (765260 Gflops/s) | Temperatures: 64°C - 67°C - 73°C - 73°C - 67°C - 66°C - 75°C - 73°C | Throttling: None - None - None - None - None - None - None - None
701 (770757 Gflops/s) - 703 (772956 Gflops/s) - 698 (767459 Gflops/s) - 699 (768558 Gflops/s) - 705 (775155 Gflops/s) - 709 (779553 Gflops/s) - 698 (767459 Gflops/s) - 695 (764160 Gflops/s) | Temperatures: 64°C - 67°C - 73°C - 73°C - 67°C - 66°C - 74°C - 73°C | Throttling: None - None - None - None - None - None - None - None
702 (771857 Gflops/s) - 702 (771857 Gflops/s) - 698 (767459 Gflops/s) - 702 (771857 Gflops/s) - 704 (774056 Gflops/s) - 710 (780653 Gflops/s) - 698 (767459 Gflops/s) - 696 (765260 Gflops/s) | Temperatures: 64°C - 67°C - 73°C - 73°C - 66°C - 66°C - 74°C - 73°C | Throttling: None - None - None - None - None - None - None - None
702 (771857 Gflops/s) - 702 (771857 Gflops/s) - 698 (767459 Gflops/s) - 702 (771857 Gflops/s) - 705 (775155 Gflops/s) - 709 (779553 Gflops/s) - 699 (768558 Gflops/s) - 696 (765260 Gflops/s) | Temperatures: 64°C - 67°C - 73°C - 73°C - 66°C - 66°C - 74°C - 73°C | Throttling: None - None - None - None - None - None - None - None
702 (771857 Gflops/s) - 703 (772956 Gflops/s) - 698 (767459 Gflops/s) - 702 (771857 Gflops/s) - 705 (775155 Gflops/s) - 709 (779553 Gflops/s) - 698 (767459 Gflops/s) - 695 (764160 Gflops/s) | Temperatures: 64°C - 67°C - 72°C - 73°C - 66°C - 66°C - 74°C - 73°C | Throttling: None - None - None - None - None - None - None - None
701 (770757 Gflops/s) - 702 (771857 Gflops/s) - 697 (766359 Gflops/s) - 701 (770757 Gflops/s) - 705 (775155 Gflops/s) - 709 (779553 Gflops/s) - 698 (767459 Gflops/s) - 696 (765260 Gflops/s) | Temperatures: 64°C - 67°C - 73°C - 73°C - 66°C - 66°C - 74°C - 73°C | Throttling: None - None - None - None - None - None - None - None
702 (771857 Gflops/s) - 702 (771857 Gflops/s) - 697 (766359 Gflops/s) - 702 (771857 Gflops/s) - 705 (775155 Gflops/s) - 709 (779553 Gflops/s) - 698 (767459 Gflops/s) - 694 (763061 Gflops/s) | Temperatures: 64°C - 66°C - 73°C - 73°C - 66°C - 66°C - 74°C - 73°C | Throttling: None - None - None - None - None - None - None - None
702 (771857 Gflops/s) - 703 (772956 Gflops/s) - 698 (767459 Gflops/s) - 701 (770757 Gflops/s) - 705 (775155 Gflops/s) - 709 (779553 Gflops/s) - 698 (767459 Gflops/s) - 696 (765260 Gflops/s) | Temperatures: 64°C - 66°C - 72°C - 73°C - 66°C - 66°C - 74°C - 73°C | Throttling: None - None - None - None - None - None - None - None
702 (771857 Gflops/s) - 703 (772956 Gflops/s) - 698 (767459 Gflops/s) - 703 (772956 Gflops/s) - 705 (775155 Gflops/s) - 709 (779553 Gflops/s) - 698 (767459 Gflops/s) - 696 (765260 Gflops/s) | Temperatures: 64°C - 66°C - 72°C - 73°C - 66°C - 66°C - 74°C - 73°C | Throttling: None - None - None - None - None - None - None - None
701 (770757 Gflops/s) - 702 (771857 Gflops/s) - 698 (767459 Gflops/s) - 711 (781752 Gflops/s) - 705 (775155 Gflops/s) - 710 (780653 Gflops/s) - 708 (778454 Gflops/s) - 697 (766359 Gflops/s) | Temperatures: 64°C - 66°C - 72°C - 73°C - 66°C - 66°C - 74°C - 73°C | Throttling: None - None - None - None - None - None - None - None
702 (771857 Gflops/s) - 703 (772956 Gflops/s) - 698 (767459 Gflops/s) - 691 (759762 Gflops/s) - 705 (775155 Gflops/s) - 709 (779553 Gflops/s) - 689 (757563 Gflops/s) - 696 (765260 Gflops/s) | Temperatures: 64°C - 66°C - 72°C - 73°C - 66°C - 66°C - 74°C - 73°C | Throttling: None - None - None - None - None - None - None - None
702 (771857 Gflops/s) - 703 (772956 Gflops/s) - 698 (767459 Gflops/s) - 702 (771857 Gflops/s) - 723 (794946 Gflops/s) - 721 (792747 Gflops/s) - 698 (767459 Gflops/s) - 696 (765260 Gflops/s) | Temperatures: 64°C - 66°C - 72°C - 73°C - 66°C - 66°C - 74°C - 73°C | Throttling: None - None - None - None - None - None - None - None
701 (770757 Gflops/s) - 702 (771857 Gflops/s) - 699 (768558 Gflops/s) - 700 (769658 Gflops/s) - 688 (756463 Gflops/s) - 698 (767459 Gflops/s) - 699 (768558 Gflops/s) - 696 (765260 Gflops/s) | Temperatures: 64°C - 66°C - 72°C - 73°C - 66°C - 66°C - 74°C - 73°C | Throttling: None - None - None - None - None - None - None - None
702 (771857 Gflops/s) - 703 (772956 Gflops/s) - 697 (766359 Gflops/s) - 701 (770757 Gflops/s) - 705 (775155 Gflops/s) - 708 (778454 Gflops/s) - 697 (766359 Gflops/s) - 696 (765260 Gflops/s) | Temperatures: 64°C - 66°C - 72°C - 73°C - 66°C - 65°C - 74°C - 73°C | Throttling: None - None - None - None - None - None - None - None
701 (770757 Gflops/s) - 702 (771857 Gflops/s) - 698 (767459 Gflops/s) - 702 (771857 Gflops/s) - 705 (775155 Gflops/s) - 709 (779553 Gflops/s) - 699 (768558 Gflops/s) - 696 (765260 Gflops/s) | Temperatures: 64°C - 66°C - 72°C - 73°C - 66°C - 65°C - 74°C - 72°C | Throttling: None - None - None - None - None - None - None - None
702 (771857 Gflops/s) - 704 (774056 Gflops/s) - 698 (767459 Gflops/s) - 702 (771857 Gflops/s) - 705 (775155 Gflops/s) - 710 (780653 Gflops/s) - 698 (767459 Gflops/s) - 695 (764160 Gflops/s) | Temperatures: 64°C - 66°C - 72°C - 73°C - 66°C - 65°C - 74°C - 73°C | Throttling: None - None - None - None - None - None - None - None
702 (771857 Gflops/s) - 703 (772956 Gflops/s) - 698 (767459 Gflops/s) - 702 (771857 Gflops/s) - 704 (774056 Gflops/s) - 709 (779553 Gflops/s) - 699 (768558 Gflops/s) - 697 (766359 Gflops/s) | Temperatures: 64°C - 66°C - 72°C - 73°C - 66°C - 65°C - 74°C - 73°C | Throttling: None - None - None - None - None - None - None - None
702 (771857 Gflops/s) - 702 (771857 Gflops/s) - 698 (767459 Gflops/s) - 702 (771857 Gflops/s) - 705 (775155 Gflops/s) - 709 (779553 Gflops/s) - 698 (767459 Gflops/s) - 695 (764160 Gflops/s) | Temperatures: 64°C - 66°C - 72°C - 73°C - 66°C - 65°C - 74°C - 72°C | Throttling: None - None - None - None - None - None - None - None
702 (771857 Gflops/s) - 704 (774056 Gflops/s) - 699 (768558 Gflops/s) - 702 (771857 Gflops/s) - 705 (775155 Gflops/s) - 709 (779553 Gflops/s) - 699 (768558 Gflops/s) - 698 (767459 Gflops/s) | Temperatures: 64°C - 66°C - 72°C - 73°C - 66°C - 65°C - 74°C - 73°C | Throttling: None - None - None - None - None - None - None - None
702 (771857 Gflops/s) - 703 (772956 Gflops/s) - 698 (767459 Gflops/s) - 701 (770757 Gflops/s) - 706 (776255 Gflops/s) - 710 (780653 Gflops/s) - 698 (767459 Gflops/s) - 697 (766359 Gflops/s) | Temperatures: 64°C - 66°C - 72°C - 72°C - 66°C - 65°C - 74°C - 73°C | Throttling: None - None - None - None - None - None - None - None
701 (770757 Gflops/s) - 703 (772956 Gflops/s) - 698 (767459 Gflops/s) - 702 (771857 Gflops/s) - 705 (775155 Gflops/s) - 709 (779553 Gflops/s) - 699 (768558 Gflops/s) - 696 (765260 Gflops/s) | Temperatures: 64°C - 66°C - 72°C - 72°C - 66°C - 65°C - 74°C - 72°C | Throttling: None - None - None - None - None - None - None - None
702 (771857 Gflops/s) - 703 (772956 Gflops/s) - 698 (767459 Gflops/s) - 702 (771857 Gflops/s) - 705 (775155 Gflops/s) - 709 (779553 Gflops/s) - 709 (779553 Gflops/s) - 694 (763061 Gflops/s) | Temperatures: 64°C - 66°C - 72°C - 72°C - 66°C - 65°C - 74°C - 72°C | Throttling: None - None - None - None - None - None - None - None
701 (770757 Gflops/s) - 703 (772956 Gflops/s) - 698 (767459 Gflops/s) - 702 (771857 Gflops/s) - 705 (775155 Gflops/s) - 709 (779553 Gflops/s) - 687 (755364 Gflops/s) - 694 (763061 Gflops/s) | Temperatures: 64°C - 66°C - 72°C - 72°C - 66°C - 65°C - 74°C - 72°C | Throttling: None - None - None - None - None - None - None - None
702 (771857 Gflops/s) - 702 (771857 Gflops/s) - 698 (767459 Gflops/s) - 702 (771857 Gflops/s) - 705 (775155 Gflops/s) - 709 (779553 Gflops/s) - 699 (768558 Gflops/s) - 698 (767459 Gflops/s) | Temperatures: 64°C - 66°C - 72°C - 72°C - 66°C - 65°C - 74°C - 73°C | Throttling: None - None - None - None - None - None - None - None
702 (771857 Gflops/s) - 703 (772956 Gflops/s) - 698 (767459 Gflops/s) - 701 (770757 Gflops/s) - 705 (775155 Gflops/s) - 709 (779553 Gflops/s) - 698 (767459 Gflops/s) - 696 (765260 Gflops/s) | Temperatures: 64°C - 66°C - 72°C - 72°C - 66°C - 65°C - 74°C - 72°C | Throttling: None - None - None - None - None - None - None - None
702 (771857 Gflops/s) - 704 (774056 Gflops/s) - 698 (767459 Gflops/s) - 702 (771857 Gflops/s) - 705 (775155 Gflops/s) - 710 (780653 Gflops/s) - 699 (768558 Gflops/s) - 695 (764160 Gflops/s) | Temperatures: 64°C - 66°C - 72°C - 72°C - 66°C - 65°C - 74°C - 72°C | Throttling: None - None - None - None - None - None - None - None
702 (771857 Gflops/s) - 702 (771857 Gflops/s) - 698 (767459 Gflops/s) - 702 (771857 Gflops/s) - 706 (776255 Gflops/s) - 709 (779553 Gflops/s) - 698 (767459 Gflops/s) - 710 (780653 Gflops/s) | Temperatures: 64°C - 66°C - 72°C - 72°C - 66°C - 65°C - 74°C - 72°C | Throttling: None - None - None - None - None - None - None - None
702 (771857 Gflops/s) - 703 (772956 Gflops/s) - 699 (768558 Gflops/s) - 701 (770757 Gflops/s) - 704 (774056 Gflops/s) - 709 (779553 Gflops/s) - 699 (768558 Gflops/s) - 683 (750966 Gflops/s) | Temperatures: 64°C - 66°C - 72°C - 72°C - 66°C - 65°C - 74°C - 72°C | Throttling: None - None - None - None - None - None - None - None
702 (771857 Gflops/s) - 703 (772956 Gflops/s) - 698 (767459 Gflops/s) - 702 (771857 Gflops/s) - 706 (776255 Gflops/s) - 709 (779553 Gflops/s) - 699 (768558 Gflops/s) - 696 (765260 Gflops/s) | Temperatures: 64°C - 66°C - 72°C - 72°C - 66°C - 65°C - 74°C - 72°C | Throttling: None - None - None - None - None - None - None - None
718 (789449 Gflops/s) - 702 (771857 Gflops/s) - 698 (767459 Gflops/s) - 701 (770757 Gflops/s) - 705 (775155 Gflops/s) - 709 (779553 Gflops/s) - 698 (767459 Gflops/s) - 696 (765260 Gflops/s) | Temperatures: 64°C - 66°C - 72°C - 72°C - 66°C - 65°C - 74°C - 72°C | Throttling: None - None - None - None - None - None - None - None
685 (753165 Gflops/s) - 703 (772956 Gflops/s) - 698 (767459 Gflops/s) - 702 (771857 Gflops/s) - 705 (775155 Gflops/s) - 709 (779553 Gflops/s) - 699 (768558 Gflops/s) - 697 (766359 Gflops/s) | Temperatures: 64°C - 66°C - 72°C - 72°C - 66°C - 65°C - 74°C - 72°C | Throttling: None - None - None - None - None - None - None - None
702 (771857 Gflops/s) - 703 (772956 Gflops/s) - 699 (768558 Gflops/s) - 702 (771857 Gflops/s) - 705 (775155 Gflops/s) - 709 (779553 Gflops/s) - 699 (768558 Gflops/s) - 696 (765260 Gflops/s) | Temperatures: 64°C - 66°C - 72°C - 72°C - 66°C - 65°C - 74°C - 72°C | Throttling: None - None - None - None - None - None - None - None
702 (771857 Gflops/s) - 703 (772956 Gflops/s) - 698 (767459 Gflops/s) - 702 (771857 Gflops/s) - 705 (775155 Gflops/s) - 710 (780653 Gflops/s) - 698 (767459 Gflops/s) - 696 (765260 Gflops/s) | Temperatures: 64°C - 66°C - 72°C - 72°C - 66°C - 65°C - 74°C - 72°C | Throttling: None - None - None - None - None - None - None - None
702 (771857 Gflops/s) - 703 (772956 Gflops/s) - 698 (767459 Gflops/s) - 701 (770757 Gflops/s) - 705 (775155 Gflops/s) - 709 (779553 Gflops/s) - 709 (779553 Gflops/s) - 696 (765260 Gflops/s) | Temperatures: 64°C - 66°C - 72°C - 72°C - 66°C - 65°C - 74°C - 72°C | Throttling: None - None - None - None - None - None - None - None
703 (772956 Gflops/s) - 703 (772956 Gflops/s) - 698 (767459 Gflops/s) - 701 (770757 Gflops/s) - 705 (775155 Gflops/s) - 709 (779553 Gflops/s) - 688 (756463 Gflops/s) - 695 (764160 Gflops/s) | Temperatures: 64°C - 66°C - 72°C - 72°C - 66°C - 65°C - 74°C - 72°C | Throttling: None - None - None - None - None - None - None - None
702 (771857 Gflops/s) - 703 (772956 Gflops/s) - 699 (768558 Gflops/s) - 703 (772956 Gflops/s) - 705 (775155 Gflops/s) - 709 (779553 Gflops/s) - 699 (768558 Gflops/s) - 697 (766359 Gflops/s) | Temperatures: 64°C - 66°C - 72°C - 72°C - 66°C - 65°C - 74°C - 72°C | Throttling: None - None - None - None - None - None - None - None
702 (771857 Gflops/s) - 703 (772956 Gflops/s) - 698 (767459 Gflops/s) - 702 (771857 Gflops/s) - 706 (776255 Gflops/s) - 710 (780653 Gflops/s) - 698 (767459 Gflops/s) - 695 (764160 Gflops/s) | Temperatures: 64°C - 66°C - 72°C - 72°C - 66°C - 65°C - 74°C - 72°C | Throttling: None - None - None - None - None - None - None - None
701 (770757 Gflops/s) - 702 (771857 Gflops/s) - 698 (767459 Gflops/s) - 702 (771857 Gflops/s) - 705 (775155 Gflops/s) - 708 (778454 Gflops/s) - 698 (767459 Gflops/s) - 696 (765260 Gflops/s) | Temperatures: 64°C - 66°C - 72°C - 72°C - 66°C - 65°C - 74°C - 72°C | Throttling: None - None - None - None - None - None - None - None
703 (772956 Gflops/s) - 703 (772956 Gflops/s) - 698 (767459 Gflops/s) - 701 (770757 Gflops/s) - 705 (775155 Gflops/s) - 709 (779553 Gflops/s) - 699 (768558 Gflops/s) - 694 (763061 Gflops/s) | Temperatures: 64°C - 66°C - 72°C - 72°C - 66°C - 65°C - 74°C - 72°C | Throttling: None - None - None - None - None - None - None - None
702 (771857 Gflops/s) - 703 (772956 Gflops/s) - 699 (768558 Gflops/s) - 701 (770757 Gflops/s) - 705 (775155 Gflops/s) - 710 (780653 Gflops/s) - 699 (768558 Gflops/s) - 696 (765260 Gflops/s) | Temperatures: 64°C - 66°C - 72°C - 72°C - 66°C - 65°C - 74°C - 72°C | Throttling: None - None - None - None - None - None - None - None
702 (771857 Gflops/s) - 703 (772956 Gflops/s) - 698 (767459 Gflops/s) - 703 (772956 Gflops/s) - 706 (776255 Gflops/s) - 709 (779553 Gflops/s) - 698 (767459 Gflops/s) - 697 (766359 Gflops/s) | Temperatures: 64°C - 66°C - 72°C - 72°C - 66°C - 65°C - 74°C - 72°C | Throttling: None - None - None - None - None - None - None - None
703 (772956 Gflops/s) - 703 (772956 Gflops/s) - 699 (768558 Gflops/s) - 702 (771857 Gflops/s) - 705 (775155 Gflops/s) - 709 (779553 Gflops/s) - 698 (767459 Gflops/s) - 696 (765260 Gflops/s) | Temperatures: 64°C - 66°C - 72°C - 72°C - 66°C - 65°C - 74°C - 72°C | Throttling: None - None - None - None - None - None - None - None
701 (770757 Gflops/s) - 704 (774056 Gflops/s) - 698 (767459 Gflops/s) - 702 (771857 Gflops/s) - 706 (776255 Gflops/s) - 709 (779553 Gflops/s) - 699 (768558 Gflops/s) - 697 (766359 Gflops/s) | Temperatures: 64°C - 66°C - 72°C - 72°C - 66°C - 65°C - 74°C - 72°C | Throttling: None - None - None - None - None - None - None - None
703 (772956 Gflops/s) - 703 (772956 Gflops/s) - 699 (768558 Gflops/s) - 702 (771857 Gflops/s) - 706 (776255 Gflops/s) - 709 (779553 Gflops/s) - 699 (768558 Gflops/s) - 696 (765260 Gflops/s) | Temperatures: 64°C - 66°C - 72°C - 72°C - 66°C - 65°C - 74°C - 72°C | Throttling: None - None - None - None - None - None - None - None
702 (771857 Gflops/s) - 703 (772956 Gflops/s) - 698 (767459 Gflops/s) - 701 (770757 Gflops/s) - 705 (775155 Gflops/s) - 710 (780653 Gflops/s) - 698 (767459 Gflops/s) - 697 (766359 Gflops/s) | Temperatures: 64°C - 66°C - 72°C - 72°C - 66°C - 65°C - 74°C - 72°C | Throttling: None - None - None - None - None - None - None - None
701 (770757 Gflops/s) - 703 (772956 Gflops/s) - 698 (767459 Gflops/s) - 701 (770757 Gflops/s) - 704 (774056 Gflops/s) - 708 (778454 Gflops/s) - 709 (779553 Gflops/s) - 696 (765260 Gflops/s) | Temperatures: 64°C - 66°C - 72°C - 72°C - 66°C - 65°C - 74°C - 72°C | Throttling: None - None - None - None - None - None - None - None
702 (771857 Gflops/s) - 704 (774056 Gflops/s) - 698 (767459 Gflops/s) - 702 (771857 Gflops/s) - 705 (775155 Gflops/s) - 710 (780653 Gflops/s) - 689 (757563 Gflops/s) - 696 (765260 Gflops/s) | Temperatures: 64°C - 66°C - 72°C - 72°C - 66°C - 65°C - 74°C - 72°C | Throttling: None - None - None - None - None - None - None - None
703 (772956 Gflops/s) - 703 (772956 Gflops/s) - 698 (767459 Gflops/s) - 718 (789449 Gflops/s) - 706 (776255 Gflops/s) - 709 (779553 Gflops/s) - 698 (767459 Gflops/s) - 696 (765260 Gflops/s) | Temperatures: 64°C - 66°C - 72°C - 72°C - 66°C - 65°C - 74°C - 72°C | Throttling: None - None - None - None - None - None - None - None
702 (771857 Gflops/s) - 703 (772956 Gflops/s) - 699 (768558 Gflops/s) - 688 (756463 Gflops/s) - 705 (775155 Gflops/s) - 709 (779553 Gflops/s) - 699 (768558 Gflops/s) - 696 (765260 Gflops/s) | Temperatures: 64°C - 66°C - 72°C - 72°C - 66°C - 65°C - 74°C - 72°C | Throttling: None - None - None - None - None - None - None - None
702 (771857 Gflops/s) - 704 (774056 Gflops/s) - 699 (768558 Gflops/s) - 702 (771857 Gflops/s) - 706 (776255 Gflops/s) - 710 (780653 Gflops/s) - 699 (768558 Gflops/s) - 705 (775155 Gflops/s) | Temperatures: 64°C - 66°C - 72°C - 72°C - 66°C - 65°C - 74°C - 72°C | Throttling: None - None - None - None - None - None - None - None
702 (771857 Gflops/s) - 703 (772956 Gflops/s) - 698 (767459 Gflops/s) - 702 (771857 Gflops/s) - 705 (775155 Gflops/s) - 709 (779553 Gflops/s) - 698 (767459 Gflops/s) - 687 (755364 Gflops/s) | Temperatures: 64°C - 66°C - 72°C - 72°C - 66°C - 65°C - 74°C - 72°C | Throttling: None - None - None - None - None - None - None - None
702 (771857 Gflops/s) - 704 (774056 Gflops/s) - 699 (768558 Gflops/s) - 702 (771857 Gflops/s) - 710 (780653 Gflops/s) - 709 (779553 Gflops/s) - 699 (768558 Gflops/s) - 695 (764160 Gflops/s) | Temperatures: 64°C - 66°C - 72°C - 72°C - 66°C - 65°C - 74°C - 72°C | Throttling: None - None - None - None - None - None - None - None
702 (771857 Gflops/s) - 704 (774056 Gflops/s) - 698 (767459 Gflops/s) - 702 (771857 Gflops/s) - 701 (770757 Gflops/s) - 710 (780653 Gflops/s) - 698 (767459 Gflops/s) - 697 (766359 Gflops/s) | Temperatures: 64°C - 66°C - 72°C - 72°C - 66°C - 65°C - 73°C - 72°C | Throttling: None - None - None - None - None - None - None - None
702 (771857 Gflops/s) - 702 (771857 Gflops/s) - 698 (767459 Gflops/s) - 702 (771857 Gflops/s) - 704 (774056 Gflops/s) - 708 (778454 Gflops/s) - 698 (767459 Gflops/s) - 696 (765260 Gflops/s) | Temperatures: 64°C - 66°C - 72°C - 72°C - 66°C - 65°C - 73°C - 72°C | Throttling: None - None - None - None - None - None - None - None
702 (771857 Gflops/s) - 704 (774056 Gflops/s) - 699 (768558 Gflops/s) - 701 (770757 Gflops/s) - 705 (775155 Gflops/s) - 710 (780653 Gflops/s) - 699 (768558 Gflops/s) - 698 (767459 Gflops/s) | Temperatures: 64°C - 66°C - 72°C - 72°C - 66°C - 65°C - 73°C - 72°C | Throttling: None - None - None - None - None - None - None - None
702 (771857 Gflops/s) - 703 (772956 Gflops/s) - 698 (767459 Gflops/s) - 703 (772956 Gflops/s) - 706 (776255 Gflops/s) - 709 (779553 Gflops/s) - 699 (768558 Gflops/s) - 697 (766359 Gflops/s) | Temperatures: 64°C - 66°C - 72°C - 72°C - 66°C - 65°C - 73°C - 72°C | Throttling: None - None - None - None - None - None - None - None
702 (771857 Gflops/s) - 703 (772956 Gflops/s) - 699 (768558 Gflops/s) - 704 (774056 Gflops/s) - 705 (775155 Gflops/s) - 709 (779553 Gflops/s) - 698 (767459 Gflops/s) - 695 (764160 Gflops/s) | Temperatures: 64°C - 66°C - 72°C - 72°C - 66°C - 65°C - 73°C - 72°C | Throttling: None - None - None - None - None - None - None - None
702 (771857 Gflops/s) - 703 (772956 Gflops/s) - 698 (767459 Gflops/s) - 702 (771857 Gflops/s) - 705 (775155 Gflops/s) - 710 (780653 Gflops/s) - 708 (778454 Gflops/s) - 697 (766359 Gflops/s) | Temperatures: 64°C - 66°C - 72°C - 72°C - 66°C - 65°C - 73°C - 72°C | Throttling: None - None - None - None - None - None - None - None
703 (772956 Gflops/s) - 704 (774056 Gflops/s) - 699 (768558 Gflops/s) - 703 (772956 Gflops/s) - 705 (775155 Gflops/s) - 709 (779553 Gflops/s) - 690 (758663 Gflops/s) - 696 (765260 Gflops/s) | Temperatures: 64°C - 66°C - 72°C - 72°C - 66°C - 65°C - 73°C - 72°C | Throttling: None - None - None - None - None - None - None - None
702 (771857 Gflops/s) - 703 (772956 Gflops/s) - 699 (768558 Gflops/s) - 703 (772956 Gflops/s) - 705 (775155 Gflops/s) - 709 (779553 Gflops/s) - 699 (768558 Gflops/s) - 698 (767459 Gflops/s) | Temperatures: 64°C - 66°C - 72°C - 72°C - 66°C - 65°C - 73°C - 72°C | Throttling: None - None - None - None - None - None - None - None
702 (771857 Gflops/s) - 703 (772956 Gflops/s) - 698 (767459 Gflops/s) - 703 (772956 Gflops/s) - 705 (775155 Gflops/s) - 709 (779553 Gflops/s) - 699 (768558 Gflops/s) - 699 (768558 Gflops/s) | Temperatures: 64°C - 66°C - 72°C - 72°C - 66°C - 65°C - 73°C - 72°C | Throttling: None - None - None - None - None - None - None - None
702 (771857 Gflops/s) - 703 (772956 Gflops/s) - 699 (768558 Gflops/s) - 702 (771857 Gflops/s) - 704 (774056 Gflops/s) - 709 (779553 Gflops/s) - 698 (767459 Gflops/s) - 694 (763061 Gflops/s) | Temperatures: 64°C - 66°C - 72°C - 72°C - 66°C - 65°C - 73°C - 72°C | Throttling: None - None - None - None - None - None - None - None
702 (771857 Gflops/s) - 703 (772956 Gflops/s) - 698 (767459 Gflops/s) - 703 (772956 Gflops/s) - 705 (775155 Gflops/s) - 709 (779553 Gflops/s) - 699 (768558 Gflops/s) - 698 (767459 Gflops/s) | Temperatures: 64°C - 66°C - 72°C - 72°C - 66°C - 65°C - 74°C - 72°C | Throttling: None - None - None - None - None - None - None - None
702 (771857 Gflops/s) - 703 (772956 Gflops/s) - 699 (768558 Gflops/s) - 703 (772956 Gflops/s) - 705 (775155 Gflops/s) - 709 (779553 Gflops/s) - 698 (767459 Gflops/s) - 697 (766359 Gflops/s) | Temperatures: 64°C - 66°C - 72°C - 72°C - 66°C - 65°C - 74°C - 72°C | Throttling: None - None - None - None - None - None - None - None
703 (772956 Gflops/s) - 703 (772956 Gflops/s) - 698 (767459 Gflops/s) - 704 (774056 Gflops/s) - 705 (775155 Gflops/s) - 710 (780653 Gflops/s) - 699 (768558 Gflops/s) - 698 (767459 Gflops/s) | Temperatures: 64°C - 66°C - 72°C - 72°C - 66°C - 65°C - 74°C - 72°C | Throttling: None - None - None - None - None - None - None - None
702 (771857 Gflops/s) - 703 (772956 Gflops/s) - 698 (767459 Gflops/s) - 703 (772956 Gflops/s) - 706 (776255 Gflops/s) - 709 (779553 Gflops/s) - 699 (768558 Gflops/s) - 696 (765260 Gflops/s) | Temperatures: 64°C - 66°C - 72°C - 72°C - 66°C - 65°C - 74°C - 72°C | Throttling: None - None - None - None - None - None - None - None
701 (770757 Gflops/s) - 703 (772956 Gflops/s) - 699 (768558 Gflops/s) - 702 (771857 Gflops/s) - 705 (775155 Gflops/s) - 709 (779553 Gflops/s) - 698 (767459 Gflops/s) - 697 (766359 Gflops/s) | Temperatures: 64°C - 66°C - 72°C - 72°C - 66°C - 65°C - 74°C - 72°C | Throttling: None - None - None - None - None - None - None - None
710 (780653 Gflops/s) - 703 (772956 Gflops/s) - 698 (767459 Gflops/s) - 703 (772956 Gflops/s) - 705 (775155 Gflops/s) - 710 (780653 Gflops/s) - 699 (768558 Gflops/s) - 698 (767459 Gflops/s) | Temperatures: 64°C - 66°C - 72°C - 72°C - 66°C - 66°C - 74°C - 72°C | Throttling: None - None - None - None - None - None - None - None
694 (763061 Gflops/s) - 703 (772956 Gflops/s) - 698 (767459 Gflops/s) - 703 (772956 Gflops/s) - 705 (775155 Gflops/s) - 709 (779553 Gflops/s) - 699 (768558 Gflops/s) - 698 (767459 Gflops/s) | Temperatures: 64°C - 66°C - 72°C - 72°C - 66°C - 66°C - 74°C - 72°C | Throttling: None - None - None - None - None - None - None - None
701 (770757 Gflops/s) - 702 (771857 Gflops/s) - 698 (767459 Gflops/s) - 701 (770757 Gflops/s) - 704 (774056 Gflops/s) - 708 (778454 Gflops/s) - 705 (775155 Gflops/s) - 695 (764160 Gflops/s) | Temperatures: 64°C - 66°C - 72°C - 73°C - 66°C - 66°C - 74°C - 73°C | Throttling: None - None - None - None - None - None - None - None
702 (771857 Gflops/s) - 703 (772956 Gflops/s) - 698 (767459 Gflops/s) - 702 (771857 Gflops/s) - 706 (776255 Gflops/s) - 710 (780653 Gflops/s) - 691 (759762 Gflops/s) - 697 (766359 Gflops/s) | Temperatures: 64°C - 66°C - 72°C - 73°C - 66°C - 66°C - 74°C - 73°C | Throttling: None - None - None - None - None - None - None - None
701 (770757 Gflops/s) - 703 (772956 Gflops/s) - 699 (768558 Gflops/s) - 701 (770757 Gflops/s) - 705 (775155 Gflops/s) - 709 (779553 Gflops/s) - 699 (768558 Gflops/s) - 697 (766359 Gflops/s) | Temperatures: 64°C - 66°C - 72°C - 73°C - 66°C - 66°C - 74°C - 73°C | Throttling: None - None - None - None - None - None - None - None
702 (771857 Gflops/s) - 703 (772956 Gflops/s) - 698 (767459 Gflops/s) - 702 (771857 Gflops/s) - 705 (775155 Gflops/s) - 709 (779553 Gflops/s) - 699 (768558 Gflops/s) - 696 (765260 Gflops/s) | Temperatures: 64°C - 66°C - 72°C - 73°C - 66°C - 66°C - 74°C - 73°C | Throttling: None - None - None - None - None - None - None - None
702 (771857 Gflops/s) - 594 (653109 Gflops/s) - 698 (767459 Gflops/s) - 703 (772956 Gflops/s) - 705 (775155 Gflops/s) - 596 (655308 Gflops/s) - 345 (379331 Gflops/s) - 384 (422212 Gflops/s) | Temperatures: 64°C - 67°C - 72°C - 73°C - 66°C - 66°C - 74°C - 73°C | Throttling: None - None - None - None - None - None - None - None
GPU #0: 771880 Gflops/s (min: 753165.47, max: 789449.35, dev: 2753.95)
         Temperature: 65.14°C (min: 62.00, max: 68.00)
         Throttling HW: false, Thermal SW: false, Thermal HW: false
GPU #1: 771332 Gflops/s (min: 653109.91, max: 788349.84, dev: 7404.07)
         Temperature: 67.32°C (min: 63.00, max: 70.00)
         Throttling HW: false, Thermal SW: false, Thermal HW: false
GPU #2: 768341 Gflops/s (min: 749866.93, max: 793847.40, dev: 3232.94)
         Temperature: 72.92°C (min: 66.00, max: 75.00)
         Throttling HW: false, Thermal SW: false, Thermal HW: false
GPU #3: 771182 Gflops/s (min: 752065.95, max: 793847.40, dev: 4084.41)
         Temperature: 73.35°C (min: 67.00, max: 75.00)
         Throttling HW: false, Thermal SW: false, Thermal HW: false
GPU #4: 774807 Gflops/s (min: 756464.00, max: 794946.91, dev: 2586.18)
         Temperature: 67.20°C (min: 63.00, max: 70.00)
         Throttling HW: false, Thermal SW: false, Thermal HW: false
GPU #5: 778818 Gflops/s (min: 655308.93, max: 793847.40, dev: 7654.75)
         Temperature: 66.68°C (min: 63.00, max: 69.00)
         Throttling HW: false, Thermal SW: false, Thermal HW: false
GPU #6: 768859 Gflops/s (min: 379331.51, max: 787250.33, dev: 23183.17)
         Temperature: 74.64°C (min: 67.00, max: 77.00)
         Throttling HW: false, Thermal SW: false, Thermal HW: false
GPU #7: 764333 Gflops/s (min: 422212.47, max: 785051.30, dev: 20435.37)
         Temperature: 73.35°C (min: 67.00, max: 75.00)
         Throttling HW: false, Thermal SW: false, Thermal HW: false
All GPUs seem healthy
Freeing GPUs...
======== Run with bf16 ==========
Detected GPU #0: "NVIDIA B200" (ccc1f3f5-c2f3-6792-b42f-225a6eaadecd)
Detected GPU #1: "NVIDIA B200" (5a55512d-2aaf-afb3-5c51-ef8cdce4c8e0)
Detected GPU #2: "NVIDIA B200" (e3e26503-5614-79f8-c680-6db3aa854b85)
Detected GPU #3: "NVIDIA B200" (192c3ad5-aeae-c4fb-3d53-abeb7c5ecf61)
Detected GPU #4: "NVIDIA B200" (cfbf0589-f880-43f8-d72e-5741b990d492)
Detected GPU #5: "NVIDIA B200" (b2507d80-0794-106e-b682-e8b4bc26536e)
Detected GPU #6: "NVIDIA B200" (cce1b7a4-d2f0-b8dc-49b4-663183668e4c)
Detected GPU #7: "NVIDIA B200" (66abaf05-eaf9-c790-099b-a5ab131d4a5c)
Using precision(s):  BF16 
GPU #0: Using 163800 MB
GPU #1: Using 163800 MB
GPU #2: Using 163800 MB
GPU #3: Using 163800 MB
GPU #4: Using 163800 MB
GPU #5: Using 163800 MB
GPU #6: Using 163800 MB
GPU #7: Using 163800 MB
Creating random matrices
Matrices created
1650 (1814194 Gflops/s) - 1855 (2039594 Gflops/s) - 1874 (2060484 Gflops/s) - 1875 (2061584 Gflops/s) - 1870 (2056086 Gflops/s) - 1622 (1783407 Gflops/s) - 1777 (1953832 Gflops/s) - 1808 (1987917 Gflops/s) | Temperatures: 57°C - 58°C - 60°C - 61°C - 58°C - 58°C - 62°C - 62°C | Throttling: None - None - None - None - None - None - None - None
1366 (1501932 Gflops/s) - 1358 (1493136 Gflops/s) - 1367 (1503032 Gflops/s) - 1378 (1515127 Gflops/s) - 1369 (1505231 Gflops/s) - 1386 (1523923 Gflops/s) - 1370 (1506330 Gflops/s) - 1369 (1505231 Gflops/s) | Temperatures: 60°C - 62°C - 65°C - 65°C - 61°C - 61°C - 66°C - 65°C | Throttling: None - None - None - None - None - None - None - None
1368 (1504131 Gflops/s) - 1365 (1500833 Gflops/s) - 1376 (1512927 Gflops/s) - 1383 (1520624 Gflops/s) - 1368 (1504131 Gflops/s) - 1382 (1519525 Gflops/s) - 1372 (1508529 Gflops/s) - 1374 (1510728 Gflops/s) | Temperatures: 62°C - 63°C - 67°C - 67°C - 63°C - 63°C - 68°C - 67°C | Throttling: None - None - None - None - None - None - None - None
1365 (1500833 Gflops/s) - 1366 (1501932 Gflops/s) - 1371 (1507430 Gflops/s) - 1383 (1520624 Gflops/s) - 1369 (1505231 Gflops/s) - 1383 (1520624 Gflops/s) - 1373 (1509629 Gflops/s) - 1372 (1508529 Gflops/s) | Temperatures: 62°C - 64°C - 68°C - 69°C - 64°C - 64°C - 69°C - 69°C | Throttling: None - None - None - None - None - None - None - None
1365 (1500833 Gflops/s) - 1365 (1500833 Gflops/s) - 1372 (1508529 Gflops/s) - 1379 (1516226 Gflops/s) - 1371 (1507430 Gflops/s) - 1382 (1519525 Gflops/s) - 1371 (1507430 Gflops/s) - 1369 (1505231 Gflops/s) | Temperatures: 63°C - 65°C - 69°C - 69°C - 65°C - 64°C - 70°C - 69°C | Throttling: None - None - None - None - None - None - None - None
1365 (1500833 Gflops/s) - 1368 (1504131 Gflops/s) - 1368 (1504131 Gflops/s) - 1374 (1510728 Gflops/s) - 1371 (1507430 Gflops/s) - 1384 (1521724 Gflops/s) - 1366 (1501932 Gflops/s) - 1366 (1501932 Gflops/s) | Temperatures: 63°C - 65°C - 69°C - 70°C - 65°C - 65°C - 71°C - 70°C | Throttling: None - None - None - None - None - None - None - None
1364 (1499733 Gflops/s) - 1368 (1504131 Gflops/s) - 1365 (1500833 Gflops/s) - 1373 (1509629 Gflops/s) - 1370 (1506330 Gflops/s) - 1382 (1519525 Gflops/s) - 1366 (1501932 Gflops/s) - 1364 (1499733 Gflops/s) | Temperatures: 64°C - 65°C - 70°C - 70°C - 65°C - 65°C - 71°C - 70°C | Throttling: None - None - None - None - None - None - None - None
1366 (1501932 Gflops/s) - 1369 (1505231 Gflops/s) - 1367 (1503032 Gflops/s) - 1372 (1508529 Gflops/s) - 1370 (1506330 Gflops/s) - 1384 (1521724 Gflops/s) - 1366 (1501932 Gflops/s) - 1364 (1499733 Gflops/s) | Temperatures: 64°C - 66°C - 70°C - 71°C - 65°C - 65°C - 71°C - 71°C | Throttling: None - None - None - None - None - None - None - None
1365 (1500833 Gflops/s) - 1370 (1506330 Gflops/s) - 1367 (1503032 Gflops/s) - 1370 (1506330 Gflops/s) - 1368 (1504131 Gflops/s) - 1384 (1521724 Gflops/s) - 1366 (1501932 Gflops/s) - 1363 (1498634 Gflops/s) | Temperatures: 64°C - 66°C - 71°C - 71°C - 66°C - 65°C - 72°C - 71°C | Throttling: None - None - None - None - None - None - None - None
1361 (1496435 Gflops/s) - 1370 (1506330 Gflops/s) - 1364 (1499733 Gflops/s) - 1369 (1505231 Gflops/s) - 1367 (1503032 Gflops/s) - 1383 (1520624 Gflops/s) - 1363 (1498634 Gflops/s) - 1361 (1496435 Gflops/s) | Temperatures: 64°C - 66°C - 71°C - 71°C - 65°C - 65°C - 72°C - 71°C | Throttling: None - None - None - None - None - None - None - None
1364 (1499733 Gflops/s) - 1370 (1506330 Gflops/s) - 1364 (1499733 Gflops/s) - 1370 (1506330 Gflops/s) - 1369 (1505231 Gflops/s) - 1384 (1521724 Gflops/s) - 1362 (1497534 Gflops/s) - 1361 (1496435 Gflops/s) | Temperatures: 64°C - 66°C - 71°C - 71°C - 65°C - 65°C - 72°C - 71°C | Throttling: None - None - None - None - None - None - None - None
1365 (1500833 Gflops/s) - 1369 (1505231 Gflops/s) - 1364 (1499733 Gflops/s) - 1371 (1507430 Gflops/s) - 1369 (1505231 Gflops/s) - 1384 (1521724 Gflops/s) - 1364 (1499733 Gflops/s) - 1362 (1497534 Gflops/s) | Temperatures: 64°C - 66°C - 71°C - 71°C - 66°C - 65°C - 72°C - 71°C | Throttling: None - None - None - None - None - None - None - None
1362 (1497534 Gflops/s) - 1370 (1506330 Gflops/s) - 1361 (1496435 Gflops/s) - 1370 (1506330 Gflops/s) - 1367 (1503032 Gflops/s) - 1384 (1521724 Gflops/s) - 1361 (1496435 Gflops/s) - 1361 (1496435 Gflops/s) | Temperatures: 64°C - 66°C - 71°C - 71°C - 65°C - 65°C - 72°C - 71°C | Throttling: None - None - None - None - None - None - None - None
1362 (1497534 Gflops/s) - 1370 (1506330 Gflops/s) - 1364 (1499733 Gflops/s) - 1371 (1507430 Gflops/s) - 1369 (1505231 Gflops/s) - 1384 (1521724 Gflops/s) - 1360 (1495335 Gflops/s) - 1361 (1496435 Gflops/s) | Temperatures: 64°C - 66°C - 71°C - 71°C - 66°C - 65°C - 73°C - 71°C | Throttling: None - None - None - None - None - None - None - None
1363 (1498634 Gflops/s) - 1368 (1504131 Gflops/s) - 1361 (1496435 Gflops/s) - 1369 (1505231 Gflops/s) - 1365 (1500833 Gflops/s) - 1382 (1519525 Gflops/s) - 1360 (1495335 Gflops/s) - 1359 (1494236 Gflops/s) | Temperatures: 64°C - 66°C - 71°C - 71°C - 65°C - 65°C - 73°C - 72°C | Throttling: None - None - None - None - None - None - None - None
1364 (1499733 Gflops/s) - 1370 (1506330 Gflops/s) - 1363 (1498634 Gflops/s) - 1371 (1507430 Gflops/s) - 1368 (1504131 Gflops/s) - 1384 (1521724 Gflops/s) - 1362 (1497534 Gflops/s) - 1360 (1495335 Gflops/s) | Temperatures: 64°C - 66°C - 71°C - 71°C - 65°C - 65°C - 73°C - 72°C | Throttling: None - None - None - None - None - None - None - None
1365 (1500833 Gflops/s) - 1370 (1506330 Gflops/s) - 1362 (1497534 Gflops/s) - 1370 (1506330 Gflops/s) - 1368 (1504131 Gflops/s) - 1384 (1521724 Gflops/s) - 1360 (1495335 Gflops/s) - 1361 (1496435 Gflops/s) | Temperatures: 64°C - 65°C - 71°C - 71°C - 65°C - 65°C - 73°C - 71°C | Throttling: None - None - None - None - None - None - None - None
1363 (1498634 Gflops/s) - 1369 (1505231 Gflops/s) - 1361 (1496435 Gflops/s) - 1369 (1505231 Gflops/s) - 1366 (1501932 Gflops/s) - 1383 (1520624 Gflops/s) - 1358 (1493136 Gflops/s) - 1359 (1494236 Gflops/s) | Temperatures: 64°C - 66°C - 71°C - 71°C - 65°C - 65°C - 73°C - 71°C | Throttling: None - None - None - None - None - None - None - None
1363 (1498634 Gflops/s) - 1370 (1506330 Gflops/s) - 1360 (1495335 Gflops/s) - 1370 (1506330 Gflops/s) - 1368 (1504131 Gflops/s) - 1384 (1521724 Gflops/s) - 1361 (1496435 Gflops/s) - 1361 (1496435 Gflops/s) | Temperatures: 63°C - 65°C - 71°C - 71°C - 65°C - 65°C - 73°C - 72°C | Throttling: None - None - None - None - None - None - None - None
1364 (1499733 Gflops/s) - 1369 (1505231 Gflops/s) - 1359 (1494236 Gflops/s) - 1371 (1507430 Gflops/s) - 1368 (1504131 Gflops/s) - 1384 (1521724 Gflops/s) - 1360 (1495335 Gflops/s) - 1361 (1496435 Gflops/s) | Temperatures: 63°C - 65°C - 71°C - 71°C - 65°C - 65°C - 73°C - 72°C | Throttling: None - None - None - None - None - None - None - None
1364 (1499733 Gflops/s) - 1370 (1506330 Gflops/s) - 1359 (1494236 Gflops/s) - 1370 (1506330 Gflops/s) - 1369 (1505231 Gflops/s) - 1383 (1520624 Gflops/s) - 1360 (1495335 Gflops/s) - 1361 (1496435 Gflops/s) | Temperatures: 64°C - 66°C - 71°C - 71°C - 65°C - 65°C - 73°C - 72°C | Throttling: None - None - None - None - None - None - None - None
1363 (1498634 Gflops/s) - 1370 (1506330 Gflops/s) - 1360 (1495335 Gflops/s) - 1371 (1507430 Gflops/s) - 1366 (1501932 Gflops/s) - 1383 (1520624 Gflops/s) - 1359 (1494236 Gflops/s) - 1361 (1496435 Gflops/s) | Temperatures: 64°C - 66°C - 71°C - 72°C - 65°C - 65°C - 73°C - 72°C | Throttling: None - None - None - None - None - None - None - None
1362 (1497534 Gflops/s) - 1368 (1504131 Gflops/s) - 1359 (1494236 Gflops/s) - 1366 (1501932 Gflops/s) - 1366 (1501932 Gflops/s) - 1383 (1520624 Gflops/s) - 1359 (1494236 Gflops/s) - 1359 (1494236 Gflops/s) | Temperatures: 64°C - 66°C - 71°C - 71°C - 65°C - 65°C - 73°C - 72°C | Throttling: None - None - None - None - None - None - None - None
1365 (1500833 Gflops/s) - 1370 (1506330 Gflops/s) - 1362 (1497534 Gflops/s) - 1367 (1503032 Gflops/s) - 1367 (1503032 Gflops/s) - 1384 (1521724 Gflops/s) - 1359 (1494236 Gflops/s) - 1362 (1497534 Gflops/s) | Temperatures: 64°C - 66°C - 71°C - 72°C - 66°C - 65°C - 73°C - 72°C | Throttling: None - None - None - None - None - None - None - None
1370 (1506330 Gflops/s) - 1367 (1503032 Gflops/s) - 1360 (1495335 Gflops/s) - 1366 (1501932 Gflops/s) - 1368 (1504131 Gflops/s) - 1384 (1521724 Gflops/s) - 1359 (1494236 Gflops/s) - 1360 (1495335 Gflops/s) | Temperatures: 64°C - 66°C - 71°C - 72°C - 66°C - 65°C - 73°C - 72°C | Throttling: None - None - None - None - None - None - None - None
1369 (1505231 Gflops/s) - 1370 (1506330 Gflops/s) - 1359 (1494236 Gflops/s) - 1367 (1503032 Gflops/s) - 1367 (1503032 Gflops/s) - 1383 (1520624 Gflops/s) - 1359 (1494236 Gflops/s) - 1361 (1496435 Gflops/s) | Temperatures: 64°C - 66°C - 71°C - 72°C - 66°C - 65°C - 73°C - 72°C | Throttling: None - None - None - None - None - None - None - None
1370 (1506330 Gflops/s) - 1367 (1503032 Gflops/s) - 1357 (1492037 Gflops/s) - 1366 (1501932 Gflops/s) - 1365 (1500833 Gflops/s) - 1381 (1518425 Gflops/s) - 1358 (1493136 Gflops/s) - 1359 (1494236 Gflops/s) | Temperatures: 64°C - 66°C - 71°C - 72°C - 66°C - 65°C - 73°C - 72°C | Throttling: None - None - None - None - None - None - None - None
1368 (1504131 Gflops/s) - 1369 (1505231 Gflops/s) - 1358 (1493136 Gflops/s) - 1369 (1505231 Gflops/s) - 1367 (1503032 Gflops/s) - 1383 (1520624 Gflops/s) - 1357 (1492037 Gflops/s) - 1360 (1495335 Gflops/s) | Temperatures: 64°C - 66°C - 72°C - 72°C - 66°C - 65°C - 73°C - 72°C | Throttling: None - None - None - None - None - None - None - None
1370 (1506330 Gflops/s) - 1370 (1506330 Gflops/s) - 1357 (1492037 Gflops/s) - 1367 (1503032 Gflops/s) - 1365 (1500833 Gflops/s) - 1383 (1520624 Gflops/s) - 1360 (1495335 Gflops/s) - 1360 (1495335 Gflops/s) | Temperatures: 64°C - 66°C - 71°C - 72°C - 66°C - 66°C - 73°C - 72°C | Throttling: None - None - None - None - None - None - None - None
1369 (1505231 Gflops/s) - 1369 (1505231 Gflops/s) - 1355 (1489838 Gflops/s) - 1366 (1501932 Gflops/s) - 1367 (1503032 Gflops/s) - 1382 (1519525 Gflops/s) - 1358 (1493136 Gflops/s) - 1360 (1495335 Gflops/s) | Temperatures: 64°C - 66°C - 72°C - 72°C - 66°C - 66°C - 73°C - 72°C | Throttling: None - None - None - None - None - None - None - None
1368 (1504131 Gflops/s) - 1367 (1503032 Gflops/s) - 1358 (1493136 Gflops/s) - 1364 (1499733 Gflops/s) - 1365 (1500833 Gflops/s) - 1382 (1519525 Gflops/s) - 1355 (1489838 Gflops/s) - 1358 (1493136 Gflops/s) | Temperatures: 64°C - 66°C - 72°C - 72°C - 66°C - 66°C - 73°C - 72°C | Throttling: None - None - None - None - None - None - None - None
1370 (1506330 Gflops/s) - 1368 (1504131 Gflops/s) - 1360 (1495335 Gflops/s) - 1367 (1503032 Gflops/s) - 1366 (1501932 Gflops/s) - 1384 (1521724 Gflops/s) - 1359 (1494236 Gflops/s) - 1360 (1495335 Gflops/s) | Temperatures: 64°C - 66°C - 72°C - 72°C - 66°C - 66°C - 73°C - 72°C | Throttling: None - None - None - None - None - None - None - None
1370 (1506330 Gflops/s) - 1369 (1505231 Gflops/s) - 1353 (1487639 Gflops/s) - 1367 (1503032 Gflops/s) - 1365 (1500833 Gflops/s) - 1384 (1521724 Gflops/s) - 1356 (1490937 Gflops/s) - 1359 (1494236 Gflops/s) | Temperatures: 64°C - 66°C - 72°C - 72°C - 66°C - 66°C - 73°C - 72°C | Throttling: None - None - None - None - None - None - None - None
1369 (1505231 Gflops/s) - 1369 (1505231 Gflops/s) - 1354 (1488738 Gflops/s) - 1364 (1499733 Gflops/s) - 1368 (1504131 Gflops/s) - 1384 (1521724 Gflops/s) - 1359 (1494236 Gflops/s) - 1360 (1495335 Gflops/s) | Temperatures: 64°C - 67°C - 72°C - 72°C - 66°C - 66°C - 74°C - 72°C | Throttling: None - None - None - None - None - None - None - None
1365 (1500833 Gflops/s) - 1367 (1503032 Gflops/s) - 1355 (1489838 Gflops/s) - 1363 (1498634 Gflops/s) - 1366 (1501932 Gflops/s) - 1383 (1520624 Gflops/s) - 1356 (1490937 Gflops/s) - 1358 (1493136 Gflops/s) | Temperatures: 64°C - 67°C - 72°C - 72°C - 66°C - 66°C - 74°C - 72°C | Throttling: None - None - None - None - None - None - None - None
1369 (1505231 Gflops/s) - 1367 (1503032 Gflops/s) - 1353 (1487639 Gflops/s) - 1365 (1500833 Gflops/s) - 1366 (1501932 Gflops/s) - 1383 (1520624 Gflops/s) - 1357 (1492037 Gflops/s) - 1359 (1494236 Gflops/s) | Temperatures: 64°C - 67°C - 72°C - 72°C - 66°C - 66°C - 74°C - 73°C | Throttling: None - None - None - None - None - None - None - None
1366 (1501932 Gflops/s) - 1368 (1504131 Gflops/s) - 1358 (1493136 Gflops/s) - 1362 (1497534 Gflops/s) - 1366 (1501932 Gflops/s) - 1384 (1521724 Gflops/s) - 1356 (1490937 Gflops/s) - 1359 (1494236 Gflops/s) | Temperatures: 64°C - 67°C - 72°C - 72°C - 66°C - 66°C - 74°C - 73°C | Throttling: None - None - None - None - None - None - None - None
1368 (1504131 Gflops/s) - 1369 (1505231 Gflops/s) - 1357 (1492037 Gflops/s) - 1361 (1496435 Gflops/s) - 1366 (1501932 Gflops/s) - 1386 (1523923 Gflops/s) - 1356 (1490937 Gflops/s) - 1360 (1495335 Gflops/s) | Temperatures: 64°C - 67°C - 72°C - 72°C - 66°C - 66°C - 74°C - 73°C | Throttling: None - None - None - None - None - None - None - None
1367 (1503032 Gflops/s) - 1367 (1503032 Gflops/s) - 1353 (1487639 Gflops/s) - 1364 (1499733 Gflops/s) - 1365 (1500833 Gflops/s) - 1383 (1520624 Gflops/s) - 1356 (1490937 Gflops/s) - 1359 (1494236 Gflops/s) | Temperatures: 64°C - 67°C - 72°C - 72°C - 66°C - 66°C - 74°C - 73°C | Throttling: None - None - None - None - None - None - None - None
1365 (1500833 Gflops/s) - 1367 (1503032 Gflops/s) - 1354 (1488738 Gflops/s) - 1365 (1500833 Gflops/s) - 1364 (1499733 Gflops/s) - 1383 (1520624 Gflops/s) - 1355 (1489838 Gflops/s) - 1358 (1493136 Gflops/s) | Temperatures: 65°C - 67°C - 72°C - 73°C - 66°C - 66°C - 74°C - 73°C | Throttling: None - None - None - None - None - None - None - None
1368 (1504131 Gflops/s) - 1367 (1503032 Gflops/s) - 1354 (1488738 Gflops/s) - 1365 (1500833 Gflops/s) - 1366 (1501932 Gflops/s) - 1383 (1520624 Gflops/s) - 1356 (1490937 Gflops/s) - 1359 (1494236 Gflops/s) | Temperatures: 65°C - 67°C - 72°C - 72°C - 66°C - 66°C - 74°C - 73°C | Throttling: None - None - None - None - None - None - None - None
1370 (1506330 Gflops/s) - 1368 (1504131 Gflops/s) - 1356 (1490937 Gflops/s) - 1365 (1500833 Gflops/s) - 1365 (1500833 Gflops/s) - 1384 (1521724 Gflops/s) - 1356 (1490937 Gflops/s) - 1359 (1494236 Gflops/s) | Temperatures: 65°C - 67°C - 72°C - 72°C - 66°C - 66°C - 74°C - 73°C | Throttling: None - None - None - None - None - None - None - None
1370 (1506330 Gflops/s) - 1369 (1505231 Gflops/s) - 1354 (1488738 Gflops/s) - 1365 (1500833 Gflops/s) - 1366 (1501932 Gflops/s) - 1384 (1521724 Gflops/s) - 1356 (1490937 Gflops/s) - 1359 (1494236 Gflops/s) | Temperatures: 65°C - 67°C - 72°C - 73°C - 67°C - 66°C - 74°C - 73°C | Throttling: None - None - None - None - None - None - None - None
1367 (1503032 Gflops/s) - 1365 (1500833 Gflops/s) - 1353 (1487639 Gflops/s) - 1362 (1497534 Gflops/s) - 1364 (1499733 Gflops/s) - 1383 (1520624 Gflops/s) - 1354 (1488738 Gflops/s) - 1357 (1492037 Gflops/s) | Temperatures: 64°C - 67°C - 72°C - 73°C - 67°C - 66°C - 74°C - 73°C | Throttling: None - None - None - None - None - None - None - None
1369 (1505231 Gflops/s) - 1365 (1500833 Gflops/s) - 1355 (1489838 Gflops/s) - 1366 (1501932 Gflops/s) - 1365 (1500833 Gflops/s) - 1384 (1521724 Gflops/s) - 1356 (1490937 Gflops/s) - 1359 (1494236 Gflops/s) | Temperatures: 65°C - 67°C - 72°C - 73°C - 67°C - 66°C - 74°C - 73°C | Throttling: None - None - None - None - None - None - None - None
1369 (1505231 Gflops/s) - 1367 (1503032 Gflops/s) - 1356 (1490937 Gflops/s) - 1362 (1497534 Gflops/s) - 1366 (1501932 Gflops/s) - 1383 (1520624 Gflops/s) - 1356 (1490937 Gflops/s) - 1357 (1492037 Gflops/s) | Temperatures: 65°C - 67°C - 72°C - 73°C - 66°C - 66°C - 74°C - 73°C | Throttling: None - None - None - None - None - None - None - None
1370 (1506330 Gflops/s) - 1366 (1501932 Gflops/s) - 1354 (1488738 Gflops/s) - 1363 (1498634 Gflops/s) - 1366 (1501932 Gflops/s) - 1384 (1521724 Gflops/s) - 1356 (1490937 Gflops/s) - 1359 (1494236 Gflops/s) | Temperatures: 65°C - 67°C - 72°C - 73°C - 67°C - 66°C - 74°C - 73°C | Throttling: None - None - None - None - None - None - None - None
1367 (1503032 Gflops/s) - 1367 (1503032 Gflops/s) - 1352 (1486539 Gflops/s) - 1362 (1497534 Gflops/s) - 1362 (1497534 Gflops/s) - 1383 (1520624 Gflops/s) - 1354 (1488738 Gflops/s) - 1357 (1492037 Gflops/s) | Temperatures: 65°C - 67°C - 72°C - 73°C - 67°C - 66°C - 74°C - 73°C | Throttling: None - None - None - None - None - None - None - None
1370 (1506330 Gflops/s) - 1366 (1501932 Gflops/s) - 1354 (1488738 Gflops/s) - 1367 (1503032 Gflops/s) - 1366 (1501932 Gflops/s) - 1383 (1520624 Gflops/s) - 1356 (1490937 Gflops/s) - 1359 (1494236 Gflops/s) | Temperatures: 65°C - 67°C - 73°C - 73°C - 67°C - 66°C - 74°C - 73°C | Throttling: None - None - None - None - None - None - None - None
1368 (1504131 Gflops/s) - 1368 (1504131 Gflops/s) - 1351 (1485440 Gflops/s) - 1367 (1503032 Gflops/s) - 1365 (1500833 Gflops/s) - 1384 (1521724 Gflops/s) - 1356 (1490937 Gflops/s) - 1358 (1493136 Gflops/s) | Temperatures: 65°C - 67°C - 72°C - 73°C - 67°C - 66°C - 74°C - 73°C | Throttling: None - None - None - None - None - None - None - None
1367 (1503032 Gflops/s) - 1366 (1501932 Gflops/s) - 1352 (1486539 Gflops/s) - 1365 (1500833 Gflops/s) - 1365 (1500833 Gflops/s) - 1385 (1522823 Gflops/s) - 1356 (1490937 Gflops/s) - 1358 (1493136 Gflops/s) | Temperatures: 65°C - 67°C - 72°C - 73°C - 67°C - 66°C - 74°C - 73°C | Throttling: None - None - None - None - None - None - None - None
1368 (1504131 Gflops/s) - 1368 (1504131 Gflops/s) - 1351 (1485440 Gflops/s) - 1367 (1503032 Gflops/s) - 1365 (1500833 Gflops/s) - 1383 (1520624 Gflops/s) - 1356 (1490937 Gflops/s) - 1357 (1492037 Gflops/s) | Temperatures: 65°C - 67°C - 72°C - 73°C - 67°C - 66°C - 74°C - 73°C | Throttling: None - None - None - None - None - None - None - None
1367 (1503032 Gflops/s) - 1364 (1499733 Gflops/s) - 1355 (1489838 Gflops/s) - 1365 (1500833 Gflops/s) - 1363 (1498634 Gflops/s) - 1383 (1520624 Gflops/s) - 1355 (1489838 Gflops/s) - 1356 (1490937 Gflops/s) | Temperatures: 65°C - 67°C - 73°C - 73°C - 67°C - 66°C - 74°C - 73°C | Throttling: None - None - None - None - None - None - None - None
1370 (1506330 Gflops/s) - 1369 (1505231 Gflops/s) - 1353 (1487639 Gflops/s) - 1364 (1499733 Gflops/s) - 1366 (1501932 Gflops/s) - 1385 (1522823 Gflops/s) - 1358 (1493136 Gflops/s) - 1358 (1493136 Gflops/s) | Temperatures: 65°C - 67°C - 72°C - 73°C - 67°C - 66°C - 74°C - 73°C | Throttling: None - None - None - None - None - None - None - None
1368 (1504131 Gflops/s) - 1366 (1501932 Gflops/s) - 1350 (1484340 Gflops/s) - 1360 (1495335 Gflops/s) - 1363 (1498634 Gflops/s) - 1382 (1519525 Gflops/s) - 1354 (1488738 Gflops/s) - 1355 (1489838 Gflops/s) | Temperatures: 65°C - 67°C - 73°C - 73°C - 67°C - 66°C - 74°C - 73°C | Throttling: None - None - None - None - None - None - None - None
1369 (1505231 Gflops/s) - 1368 (1504131 Gflops/s) - 1354 (1488738 Gflops/s) - 1366 (1501932 Gflops/s) - 1365 (1500833 Gflops/s) - 1385 (1522823 Gflops/s) - 1356 (1490937 Gflops/s) - 1358 (1493136 Gflops/s) | Temperatures: 65°C - 67°C - 73°C - 73°C - 67°C - 66°C - 74°C - 73°C | Throttling: None - None - None - None - None - None - None - None
1368 (1504131 Gflops/s) - 1367 (1503032 Gflops/s) - 1350 (1484340 Gflops/s) - 1361 (1496435 Gflops/s) - 1363 (1498634 Gflops/s) - 1382 (1519525 Gflops/s) - 1354 (1488738 Gflops/s) - 1355 (1489838 Gflops/s) | Temperatures: 65°C - 67°C - 73°C - 73°C - 67°C - 66°C - 74°C - 73°C | Throttling: None - None - None - None - None - None - None - None
1367 (1503032 Gflops/s) - 1365 (1500833 Gflops/s) - 1353 (1487639 Gflops/s) - 1361 (1496435 Gflops/s) - 1365 (1500833 Gflops/s) - 1383 (1520624 Gflops/s) - 1358 (1493136 Gflops/s) - 1358 (1493136 Gflops/s) | Temperatures: 65°C - 67°C - 73°C - 73°C - 67°C - 66°C - 74°C - 73°C | Throttling: None - None - None - None - None - None - None - None
1368 (1504131 Gflops/s) - 1367 (1503032 Gflops/s) - 1352 (1486539 Gflops/s) - 1365 (1500833 Gflops/s) - 1366 (1501932 Gflops/s) - 1385 (1522823 Gflops/s) - 1358 (1493136 Gflops/s) - 1356 (1490937 Gflops/s) | Temperatures: 65°C - 67°C - 73°C - 73°C - 67°C - 66°C - 74°C - 73°C | Throttling: None - None - None - None - None - None - None - None
1369 (1505231 Gflops/s) - 1367 (1503032 Gflops/s) - 1357 (1492037 Gflops/s) - 1363 (1498634 Gflops/s) - 1364 (1499733 Gflops/s) - 1383 (1520624 Gflops/s) - 1358 (1493136 Gflops/s) - 1355 (1489838 Gflops/s) | Temperatures: 65°C - 67°C - 73°C - 73°C - 67°C - 66°C - 74°C - 73°C | Throttling: None - None - None - None - None - None - None - None
1366 (1501932 Gflops/s) - 1366 (1501932 Gflops/s) - 1350 (1484340 Gflops/s) - 1359 (1494236 Gflops/s) - 1364 (1499733 Gflops/s) - 1383 (1520624 Gflops/s) - 1357 (1492037 Gflops/s) - 1356 (1490937 Gflops/s) | Temperatures: 65°C - 67°C - 73°C - 73°C - 67°C - 66°C - 74°C - 73°C | Throttling: None - None - None - None - None - None - None - None
1372 (1508529 Gflops/s) - 1367 (1503032 Gflops/s) - 1353 (1487639 Gflops/s) - 1364 (1499733 Gflops/s) - 1365 (1500833 Gflops/s) - 1385 (1522823 Gflops/s) - 1359 (1494236 Gflops/s) - 1359 (1494236 Gflops/s) | Temperatures: 65°C - 67°C - 73°C - 73°C - 67°C - 66°C - 74°C - 73°C | Throttling: None - None - None - None - None - None - None - None
1366 (1501932 Gflops/s) - 1366 (1501932 Gflops/s) - 1350 (1484340 Gflops/s) - 1361 (1496435 Gflops/s) - 1363 (1498634 Gflops/s) - 1382 (1519525 Gflops/s) - 1357 (1492037 Gflops/s) - 1354 (1488738 Gflops/s) | Temperatures: 65°C - 67°C - 73°C - 73°C - 67°C - 66°C - 74°C - 73°C | Throttling: None - None - None - None - None - None - None - None
1369 (1505231 Gflops/s) - 1366 (1501932 Gflops/s) - 1352 (1486539 Gflops/s) - 1359 (1494236 Gflops/s) - 1364 (1499733 Gflops/s) - 1385 (1522823 Gflops/s) - 1356 (1490937 Gflops/s) - 1357 (1492037 Gflops/s) | Temperatures: 65°C - 67°C - 73°C - 73°C - 67°C - 67°C - 74°C - 73°C | Throttling: None - None - None - None - None - None - None - None
1368 (1504131 Gflops/s) - 1366 (1501932 Gflops/s) - 1350 (1484340 Gflops/s) - 1358 (1493136 Gflops/s) - 1363 (1498634 Gflops/s) - 1382 (1519525 Gflops/s) - 1356 (1490937 Gflops/s) - 1354 (1488738 Gflops/s) | Temperatures: 65°C - 67°C - 73°C - 73°C - 67°C - 66°C - 74°C - 73°C | Throttling: None - None - None - None - None - None - None - None
1369 (1505231 Gflops/s) - 1366 (1501932 Gflops/s) - 1354 (1488738 Gflops/s) - 1364 (1499733 Gflops/s) - 1364 (1499733 Gflops/s) - 1384 (1521724 Gflops/s) - 1356 (1490937 Gflops/s) - 1357 (1492037 Gflops/s) | Temperatures: 65°C - 67°C - 73°C - 73°C - 67°C - 67°C - 74°C - 73°C | Throttling: None - None - None - None - None - None - None - None
1367 (1503032 Gflops/s) - 1365 (1500833 Gflops/s) - 1355 (1489838 Gflops/s) - 1361 (1496435 Gflops/s) - 1364 (1499733 Gflops/s) - 1383 (1520624 Gflops/s) - 1358 (1493136 Gflops/s) - 1356 (1490937 Gflops/s) | Temperatures: 65°C - 67°C - 73°C - 73°C - 67°C - 67°C - 74°C - 73°C | Throttling: None - None - None - None - None - None - None - None
1369 (1505231 Gflops/s) - 1366 (1501932 Gflops/s) - 1351 (1485440 Gflops/s) - 1362 (1497534 Gflops/s) - 1364 (1499733 Gflops/s) - 1384 (1521724 Gflops/s) - 1357 (1492037 Gflops/s) - 1356 (1490937 Gflops/s) | Temperatures: 65°C - 67°C - 73°C - 73°C - 67°C - 67°C - 75°C - 73°C | Throttling: None - None - None - None - None - None - None - None
1367 (1503032 Gflops/s) - 1367 (1503032 Gflops/s) - 1350 (1484340 Gflops/s) - 1360 (1495335 Gflops/s) - 1364 (1499733 Gflops/s) - 1383 (1520624 Gflops/s) - 1356 (1490937 Gflops/s) - 1354 (1488738 Gflops/s) | Temperatures: 65°C - 67°C - 73°C - 73°C - 67°C - 67°C - 75°C - 73°C | Throttling: None - None - None - None - None - None - None - None
1371 (1507430 Gflops/s) - 1368 (1504131 Gflops/s) - 1353 (1487639 Gflops/s) - 1362 (1497534 Gflops/s) - 1365 (1500833 Gflops/s) - 1385 (1522823 Gflops/s) - 1359 (1494236 Gflops/s) - 1357 (1492037 Gflops/s) | Temperatures: 65°C - 67°C - 73°C - 73°C - 67°C - 67°C - 75°C - 73°C | Throttling: None - None - None - None - None - None - None - None
1368 (1504131 Gflops/s) - 1364 (1499733 Gflops/s) - 1350 (1484340 Gflops/s) - 1359 (1494236 Gflops/s) - 1363 (1498634 Gflops/s) - 1382 (1519525 Gflops/s) - 1355 (1489838 Gflops/s) - 1355 (1489838 Gflops/s) | Temperatures: 65°C - 67°C - 73°C - 73°C - 67°C - 67°C - 75°C - 73°C | Throttling: None - None - None - None - None - None - None - None
1369 (1505231 Gflops/s) - 1367 (1503032 Gflops/s) - 1352 (1486539 Gflops/s) - 1359 (1494236 Gflops/s) - 1364 (1499733 Gflops/s) - 1384 (1521724 Gflops/s) - 1356 (1490937 Gflops/s) - 1355 (1489838 Gflops/s) | Temperatures: 65°C - 67°C - 73°C - 73°C - 67°C - 67°C - 75°C - 73°C | Throttling: None - None - None - None - None - None - None - None
1368 (1504131 Gflops/s) - 1366 (1501932 Gflops/s) - 1351 (1485440 Gflops/s) - 1359 (1494236 Gflops/s) - 1364 (1499733 Gflops/s) - 1384 (1521724 Gflops/s) - 1358 (1493136 Gflops/s) - 1357 (1492037 Gflops/s) | Temperatures: 65°C - 67°C - 73°C - 73°C - 67°C - 67°C - 75°C - 74°C | Throttling: None - None - None - None - None - None - None - None
1367 (1503032 Gflops/s) - 1366 (1501932 Gflops/s) - 1351 (1485440 Gflops/s) - 1357 (1492037 Gflops/s) - 1364 (1499733 Gflops/s) - 1382 (1519525 Gflops/s) - 1356 (1490937 Gflops/s) - 1354 (1488738 Gflops/s) | Temperatures: 65°C - 67°C - 73°C - 73°C - 67°C - 67°C - 75°C - 73°C | Throttling: None - None - None - None - None - None - None - None
1369 (1505231 Gflops/s) - 1367 (1503032 Gflops/s) - 1351 (1485440 Gflops/s) - 1358 (1493136 Gflops/s) - 1364 (1499733 Gflops/s) - 1384 (1521724 Gflops/s) - 1359 (1494236 Gflops/s) - 1356 (1490937 Gflops/s) | Temperatures: 65°C - 67°C - 73°C - 73°C - 67°C - 67°C - 75°C - 73°C | Throttling: None - None - None - None - None - None - None - None
1368 (1504131 Gflops/s) - 1366 (1501932 Gflops/s) - 1352 (1486539 Gflops/s) - 1358 (1493136 Gflops/s) - 1364 (1499733 Gflops/s) - 1383 (1520624 Gflops/s) - 1357 (1492037 Gflops/s) - 1355 (1489838 Gflops/s) | Temperatures: 65°C - 67°C - 73°C - 73°C - 67°C - 67°C - 75°C - 74°C | Throttling: None - None - None - None - None - None - None - None
1367 (1503032 Gflops/s) - 1366 (1501932 Gflops/s) - 1351 (1485440 Gflops/s) - 1359 (1494236 Gflops/s) - 1364 (1499733 Gflops/s) - 1384 (1521724 Gflops/s) - 1359 (1494236 Gflops/s) - 1356 (1490937 Gflops/s) | Temperatures: 65°C - 68°C - 73°C - 73°C - 67°C - 67°C - 75°C - 74°C | Throttling: None - None - None - None - None - None - None - None
1366 (1501932 Gflops/s) - 1366 (1501932 Gflops/s) - 1352 (1486539 Gflops/s) - 1359 (1494236 Gflops/s) - 1365 (1500833 Gflops/s) - 1384 (1521724 Gflops/s) - 1357 (1492037 Gflops/s) - 1355 (1489838 Gflops/s) | Temperatures: 65°C - 67°C - 73°C - 73°C - 67°C - 67°C - 75°C - 73°C | Throttling: None - None - None - None - None - None - None - None
1367 (1503032 Gflops/s) - 1364 (1499733 Gflops/s) - 1350 (1484340 Gflops/s) - 1357 (1492037 Gflops/s) - 1362 (1497534 Gflops/s) - 1381 (1518425 Gflops/s) - 1355 (1489838 Gflops/s) - 1354 (1488738 Gflops/s) | Temperatures: 65°C - 68°C - 73°C - 73°C - 67°C - 67°C - 75°C - 74°C | Throttling: None - None - None - None - None - None - None - None
1368 (1504131 Gflops/s) - 1367 (1503032 Gflops/s) - 1352 (1486539 Gflops/s) - 1359 (1494236 Gflops/s) - 1364 (1499733 Gflops/s) - 1383 (1520624 Gflops/s) - 1356 (1490937 Gflops/s) - 1356 (1490937 Gflops/s) | Temperatures: 65°C - 67°C - 73°C - 73°C - 67°C - 67°C - 75°C - 74°C | Throttling: None - None - None - None - None - None - None - None
1368 (1504131 Gflops/s) - 1363 (1498634 Gflops/s) - 1351 (1485440 Gflops/s) - 1359 (1494236 Gflops/s) - 1364 (1499733 Gflops/s) - 1383 (1520624 Gflops/s) - 1357 (1492037 Gflops/s) - 1355 (1489838 Gflops/s) | Temperatures: 65°C - 67°C - 73°C - 73°C - 67°C - 67°C - 75°C - 74°C | Throttling: None - None - None - None - None - None - None - None
1366 (1501932 Gflops/s) - 1366 (1501932 Gflops/s) - 1351 (1485440 Gflops/s) - 1357 (1492037 Gflops/s) - 1363 (1498634 Gflops/s) - 1381 (1518425 Gflops/s) - 1355 (1489838 Gflops/s) - 1354 (1488738 Gflops/s) | Temperatures: 65°C - 68°C - 73°C - 73°C - 67°C - 67°C - 75°C - 74°C | Throttling: None - None - None - None - None - None - None - None
1370 (1506330 Gflops/s) - 1366 (1501932 Gflops/s) - 1351 (1485440 Gflops/s) - 1361 (1496435 Gflops/s) - 1364 (1499733 Gflops/s) - 1382 (1519525 Gflops/s) - 1357 (1492037 Gflops/s) - 1356 (1490937 Gflops/s) | Temperatures: 65°C - 67°C - 73°C - 73°C - 67°C - 67°C - 75°C - 74°C | Throttling: None - None - None - None - None - None - None - None
1367 (1503032 Gflops/s) - 1367 (1503032 Gflops/s) - 1352 (1486539 Gflops/s) - 1359 (1494236 Gflops/s) - 1363 (1498634 Gflops/s) - 1384 (1521724 Gflops/s) - 1358 (1493136 Gflops/s) - 1355 (1489838 Gflops/s) | Temperatures: 65°C - 67°C - 73°C - 73°C - 67°C - 67°C - 75°C - 74°C | Throttling: None - None - None - None - None - None - None - None
1367 (1503032 Gflops/s) - 1366 (1501932 Gflops/s) - 1352 (1486539 Gflops/s) - 1359 (1494236 Gflops/s) - 1364 (1499733 Gflops/s) - 1384 (1521724 Gflops/s) - 1357 (1492037 Gflops/s) - 1356 (1490937 Gflops/s) | Temperatures: 65°C - 67°C - 73°C - 73°C - 67°C - 67°C - 75°C - 74°C | Throttling: None - None - None - None - None - None - None - None
1367 (1503032 Gflops/s) - 1365 (1500833 Gflops/s) - 1351 (1485440 Gflops/s) - 1361 (1496435 Gflops/s) - 1364 (1499733 Gflops/s) - 1383 (1520624 Gflops/s) - 1358 (1493136 Gflops/s) - 1355 (1489838 Gflops/s) | Temperatures: 65°C - 67°C - 73°C - 73°C - 67°C - 67°C - 75°C - 74°C | Throttling: None - None - None - None - None - None - None - None
1366 (1501932 Gflops/s) - 1367 (1503032 Gflops/s) - 1351 (1485440 Gflops/s) - 1359 (1494236 Gflops/s) - 1362 (1497534 Gflops/s) - 1381 (1518425 Gflops/s) - 1355 (1489838 Gflops/s) - 1354 (1488738 Gflops/s) | Temperatures: 65°C - 68°C - 73°C - 73°C - 67°C - 67°C - 75°C - 74°C | Throttling: None - None - None - None - None - None - None - None
1367 (1503032 Gflops/s) - 1364 (1499733 Gflops/s) - 1351 (1485440 Gflops/s) - 1359 (1494236 Gflops/s) - 1363 (1498634 Gflops/s) - 1383 (1520624 Gflops/s) - 1357 (1492037 Gflops/s) - 1356 (1490937 Gflops/s) | Temperatures: 65°C - 67°C - 73°C - 73°C - 67°C - 67°C - 75°C - 74°C | Throttling: None - None - None - None - None - None - None - None
1368 (1504131 Gflops/s) - 1366 (1501932 Gflops/s) - 1352 (1486539 Gflops/s) - 1359 (1494236 Gflops/s) - 1365 (1500833 Gflops/s) - 1383 (1520624 Gflops/s) - 1358 (1493136 Gflops/s) - 1355 (1489838 Gflops/s) | Temperatures: 65°C - 67°C - 73°C - 73°C - 67°C - 67°C - 75°C - 74°C | Throttling: None - None - None - None - None - None - None - None
1369 (1505231 Gflops/s) - 1366 (1501932 Gflops/s) - 1351 (1485440 Gflops/s) - 1358 (1493136 Gflops/s) - 1365 (1500833 Gflops/s) - 1383 (1520624 Gflops/s) - 1357 (1492037 Gflops/s) - 1356 (1490937 Gflops/s) | Temperatures: 65°C - 67°C - 73°C - 73°C - 67°C - 67°C - 75°C - 74°C | Throttling: None - None - None - None - None - None - None - None
1364 (1499733 Gflops/s) - 1365 (1500833 Gflops/s) - 1350 (1484340 Gflops/s) - 1359 (1494236 Gflops/s) - 1364 (1499733 Gflops/s) - 1383 (1520624 Gflops/s) - 1356 (1490937 Gflops/s) - 1354 (1488738 Gflops/s) | Temperatures: 65°C - 67°C - 73°C - 73°C - 67°C - 67°C - 75°C - 74°C | Throttling: None - None - None - None - None - None - None - None
1367 (1503032 Gflops/s) - 1366 (1501932 Gflops/s) - 1352 (1486539 Gflops/s) - 1359 (1494236 Gflops/s) - 1364 (1499733 Gflops/s) - 1382 (1519525 Gflops/s) - 1357 (1492037 Gflops/s) - 1355 (1489838 Gflops/s) | Temperatures: 65°C - 67°C - 73°C - 73°C - 67°C - 67°C - 75°C - 74°C | Throttling: None - None - None - None - None - None - None - None
1369 (1505231 Gflops/s) - 1366 (1501932 Gflops/s) - 1351 (1485440 Gflops/s) - 1359 (1494236 Gflops/s) - 1365 (1500833 Gflops/s) - 1383 (1520624 Gflops/s) - 1357 (1492037 Gflops/s) - 1356 (1490937 Gflops/s) | Temperatures: 65°C - 67°C - 73°C - 73°C - 67°C - 67°C - 75°C - 74°C | Throttling: None - None - None - None - None - None - None - None
1366 (1501932 Gflops/s) - 1366 (1501932 Gflops/s) - 1352 (1486539 Gflops/s) - 1359 (1494236 Gflops/s) - 1365 (1500833 Gflops/s) - 1383 (1520624 Gflops/s) - 1356 (1490937 Gflops/s) - 1355 (1489838 Gflops/s) | Temperatures: 65°C - 68°C - 73°C - 73°C - 67°C - 67°C - 75°C - 74°C | Throttling: None - None - None - None - None - None - None - None
1365 (1500833 Gflops/s) - 1364 (1499733 Gflops/s) - 1350 (1484340 Gflops/s) - 1357 (1492037 Gflops/s) - 1364 (1499733 Gflops/s) - 1381 (1518425 Gflops/s) - 1357 (1492037 Gflops/s) - 1355 (1489838 Gflops/s) | Temperatures: 65°C - 68°C - 73°C - 73°C - 67°C - 67°C - 75°C - 74°C | Throttling: None - None - None - None - None - None - None - None
1368 (1504131 Gflops/s) - 1366 (1501932 Gflops/s) - 1352 (1486539 Gflops/s) - 1359 (1494236 Gflops/s) - 1364 (1499733 Gflops/s) - 1383 (1520624 Gflops/s) - 1357 (1492037 Gflops/s) - 1355 (1489838 Gflops/s) | Temperatures: 65°C - 67°C - 73°C - 73°C - 67°C - 67°C - 75°C - 74°C | Throttling: None - None - None - None - None - None - None - None
1367 (1503032 Gflops/s) - 1364 (1499733 Gflops/s) - 1351 (1485440 Gflops/s) - 1359 (1494236 Gflops/s) - 1364 (1499733 Gflops/s) - 1382 (1519525 Gflops/s) - 1357 (1492037 Gflops/s) - 1356 (1490937 Gflops/s) | Temperatures: 65°C - 68°C - 73°C - 74°C - 67°C - 67°C - 75°C - 74°C | Throttling: None - None - None - None - None - None - None - None
1366 (1501932 Gflops/s) - 1367 (1503032 Gflops/s) - 1352 (1486539 Gflops/s) - 1362 (1497534 Gflops/s) - 1365 (1500833 Gflops/s) - 1384 (1521724 Gflops/s) - 1357 (1492037 Gflops/s) - 1355 (1489838 Gflops/s) | Temperatures: 65°C - 68°C - 73°C - 74°C - 67°C - 67°C - 75°C - 74°C | Throttling: None - None - None - None - None - None - None - None
1366 (1501932 Gflops/s) - 1364 (1499733 Gflops/s) - 1350 (1484340 Gflops/s) - 1356 (1490937 Gflops/s) - 1364 (1499733 Gflops/s) - 1381 (1518425 Gflops/s) - 1356 (1490937 Gflops/s) - 1354 (1488738 Gflops/s) | Temperatures: 65°C - 68°C - 73°C - 74°C - 67°C - 67°C - 75°C - 74°C | Throttling: None - None - None - None - None - None - None - None
1370 (1506330 Gflops/s) - 1366 (1501932 Gflops/s) - 1351 (1485440 Gflops/s) - 1361 (1496435 Gflops/s) - 1365 (1500833 Gflops/s) - 1383 (1520624 Gflops/s) - 1357 (1492037 Gflops/s) - 1355 (1489838 Gflops/s) | Temperatures: 65°C - 67°C - 73°C - 73°C - 67°C - 67°C - 75°C - 74°C | Throttling: None - None - None - None - None - None - None - None
1366 (1501932 Gflops/s) - 1366 (1501932 Gflops/s) - 1352 (1486539 Gflops/s) - 1359 (1494236 Gflops/s) - 1365 (1500833 Gflops/s) - 1383 (1520624 Gflops/s) - 1359 (1494236 Gflops/s) - 1356 (1490937 Gflops/s) | Temperatures: 65°C - 68°C - 73°C - 73°C - 67°C - 67°C - 75°C - 74°C | Throttling: None - None - None - None - None - None - None - None
1367 (1503032 Gflops/s) - 1366 (1501932 Gflops/s) - 1352 (1486539 Gflops/s) - 1360 (1495335 Gflops/s) - 1366 (1501932 Gflops/s) - 1383 (1520624 Gflops/s) - 1358 (1493136 Gflops/s) - 1356 (1490937 Gflops/s) | Temperatures: 65°C - 67°C - 73°C - 73°C - 67°C - 67°C - 75°C - 74°C | Throttling: None - None - None - None - None - None - None - None
1366 (1501932 Gflops/s) - 1365 (1500833 Gflops/s) - 1350 (1484340 Gflops/s) - 1356 (1490937 Gflops/s) - 1364 (1499733 Gflops/s) - 1382 (1519525 Gflops/s) - 1357 (1492037 Gflops/s) - 1354 (1488738 Gflops/s) | Temperatures: 65°C - 67°C - 73°C - 73°C - 67°C - 67°C - 75°C - 74°C | Throttling: None - None - None - None - None - None - None - None
1367 (1503032 Gflops/s) - 1366 (1501932 Gflops/s) - 1352 (1486539 Gflops/s) - 1359 (1494236 Gflops/s) - 1365 (1500833 Gflops/s) - 1383 (1520624 Gflops/s) - 1358 (1493136 Gflops/s) - 1355 (1489838 Gflops/s) | Temperatures: 65°C - 67°C - 73°C - 73°C - 67°C - 67°C - 75°C - 74°C | Throttling: None - None - None - None - None - None - None - None
1368 (1504131 Gflops/s) - 1366 (1501932 Gflops/s) - 1351 (1485440 Gflops/s) - 1357 (1492037 Gflops/s) - 1365 (1500833 Gflops/s) - 1383 (1520624 Gflops/s) - 1357 (1492037 Gflops/s) - 1356 (1490937 Gflops/s) | Temperatures: 65°C - 67°C - 73°C - 73°C - 67°C - 67°C - 75°C - 74°C | Throttling: None - None - None - None - None - None - None - None
1367 (1503032 Gflops/s) - 1366 (1501932 Gflops/s) - 1352 (1486539 Gflops/s) - 1361 (1496435 Gflops/s) - 1366 (1501932 Gflops/s) - 1384 (1521724 Gflops/s) - 1357 (1492037 Gflops/s) - 1355 (1489838 Gflops/s) | Temperatures: 65°C - 67°C - 73°C - 73°C - 67°C - 67°C - 75°C - 74°C | Throttling: None - None - None - None - None - None - None - None
1368 (1504131 Gflops/s) - 1366 (1501932 Gflops/s) - 1351 (1485440 Gflops/s) - 1356 (1490937 Gflops/s) - 1364 (1499733 Gflops/s) - 1381 (1518425 Gflops/s) - 1356 (1490937 Gflops/s) - 1354 (1488738 Gflops/s) | Temperatures: 65°C - 67°C - 73°C - 73°C - 67°C - 67°C - 75°C - 74°C | Throttling: None - None - None - None - None - None - None - None
1365 (1500833 Gflops/s) - 1365 (1500833 Gflops/s) - 1351 (1485440 Gflops/s) - 1358 (1493136 Gflops/s) - 1366 (1501932 Gflops/s) - 1384 (1521724 Gflops/s) - 1358 (1493136 Gflops/s) - 1355 (1489838 Gflops/s) | Temperatures: 65°C - 67°C - 73°C - 73°C - 67°C - 67°C - 75°C - 73°C | Throttling: None - None - None - None - None - None - None - None
1368 (1504131 Gflops/s) - 1367 (1503032 Gflops/s) - 1352 (1486539 Gflops/s) - 1359 (1494236 Gflops/s) - 1366 (1501932 Gflops/s) - 1383 (1520624 Gflops/s) - 1358 (1493136 Gflops/s) - 1356 (1490937 Gflops/s) | Temperatures: 65°C - 67°C - 73°C - 73°C - 67°C - 67°C - 75°C - 74°C | Throttling: None - None - None - None - None - None - None - None
1368 (1504131 Gflops/s) - 1366 (1501932 Gflops/s) - 1351 (1485440 Gflops/s) - 1361 (1496435 Gflops/s) - 1365 (1500833 Gflops/s) - 1384 (1521724 Gflops/s) - 1358 (1493136 Gflops/s) - 1356 (1490937 Gflops/s) | Temperatures: 65°C - 67°C - 73°C - 73°C - 67°C - 67°C - 75°C - 74°C | Throttling: None - None - None - None - None - None - None - None
1367 (1503032 Gflops/s) - 1368 (1504131 Gflops/s) - 1352 (1486539 Gflops/s) - 1358 (1493136 Gflops/s) - 1364 (1499733 Gflops/s) - 1382 (1519525 Gflops/s) - 1358 (1493136 Gflops/s) - 1355 (1489838 Gflops/s) | Temperatures: 65°C - 67°C - 73°C - 73°C - 67°C - 67°C - 75°C - 74°C | Throttling: None - None - None - None - None - None - None - None
1367 (1503032 Gflops/s) - 1366 (1501932 Gflops/s) - 1350 (1484340 Gflops/s) - 1358 (1493136 Gflops/s) - 1365 (1500833 Gflops/s) - 1382 (1519525 Gflops/s) - 1358 (1493136 Gflops/s) - 1355 (1489838 Gflops/s) | Temperatures: 65°C - 67°C - 73°C - 73°C - 67°C - 67°C - 75°C - 74°C | Throttling: None - None - None - None - None - None - None - None
1369 (1505231 Gflops/s) - 1366 (1501932 Gflops/s) - 1351 (1485440 Gflops/s) - 1358 (1493136 Gflops/s) - 1366 (1501932 Gflops/s) - 1383 (1520624 Gflops/s) - 1354 (1488738 Gflops/s) - 1355 (1489838 Gflops/s) | Temperatures: 65°C - 67°C - 73°C - 73°C - 67°C - 67°C - 75°C - 74°C | Throttling: None - None - None - None - None - None - None - None
1368 (1504131 Gflops/s) - 1367 (1503032 Gflops/s) - 1351 (1485440 Gflops/s) - 1358 (1493136 Gflops/s) - 1364 (1499733 Gflops/s) - 1385 (1522823 Gflops/s) - 1357 (1492037 Gflops/s) - 1355 (1489838 Gflops/s) | Temperatures: 65°C - 67°C - 73°C - 73°C - 67°C - 67°C - 75°C - 74°C | Throttling: None - None - None - None - None - None - None - None
1368 (1504131 Gflops/s) - 1366 (1501932 Gflops/s) - 1352 (1486539 Gflops/s) - 1358 (1493136 Gflops/s) - 1366 (1501932 Gflops/s) - 1382 (1519525 Gflops/s) - 1359 (1494236 Gflops/s) - 1356 (1490937 Gflops/s) | Temperatures: 65°C - 67°C - 73°C - 73°C - 67°C - 67°C - 75°C - 74°C | Throttling: None - None - None - None - None - None - None - None
1367 (1503032 Gflops/s) - 1366 (1501932 Gflops/s) - 1350 (1484340 Gflops/s) - 1357 (1492037 Gflops/s) - 1364 (1499733 Gflops/s) - 1383 (1520624 Gflops/s) - 1357 (1492037 Gflops/s) - 1354 (1488738 Gflops/s) | Temperatures: 65°C - 67°C - 73°C - 73°C - 67°C - 67°C - 75°C - 74°C | Throttling: None - None - None - None - None - None - None - None
1369 (1505231 Gflops/s) - 1366 (1501932 Gflops/s) - 1351 (1485440 Gflops/s) - 1358 (1493136 Gflops/s) - 1365 (1500833 Gflops/s) - 1383 (1520624 Gflops/s) - 1358 (1493136 Gflops/s) - 1356 (1490937 Gflops/s) | Temperatures: 65°C - 67°C - 73°C - 73°C - 67°C - 67°C - 75°C - 74°C | Throttling: None - None - None - None - None - None - None - None
1368 (1504131 Gflops/s) - 1366 (1501932 Gflops/s) - 1352 (1486539 Gflops/s) - 1358 (1493136 Gflops/s) - 1365 (1500833 Gflops/s) - 1383 (1520624 Gflops/s) - 1359 (1494236 Gflops/s) - 1355 (1489838 Gflops/s) | Temperatures: 65°C - 67°C - 73°C - 73°C - 67°C - 67°C - 75°C - 74°C | Throttling: None - None - None - None - None - None - None - None
1368 (1504131 Gflops/s) - 1366 (1501932 Gflops/s) - 1351 (1485440 Gflops/s) - 1362 (1497534 Gflops/s) - 1365 (1500833 Gflops/s) - 1383 (1520624 Gflops/s) - 1357 (1492037 Gflops/s) - 1355 (1489838 Gflops/s) | Temperatures: 65°C - 67°C - 73°C - 73°C - 67°C - 67°C - 75°C - 74°C | Throttling: None - None - None - None - None - None - None - None
1367 (1503032 Gflops/s) - 1366 (1501932 Gflops/s) - 1350 (1484340 Gflops/s) - 1357 (1492037 Gflops/s) - 1364 (1499733 Gflops/s) - 1381 (1518425 Gflops/s) - 1356 (1490937 Gflops/s) - 1354 (1488738 Gflops/s) | Temperatures: 65°C - 67°C - 73°C - 73°C - 67°C - 67°C - 75°C - 74°C | Throttling: None - None - None - None - None - None - None - None
1369 (1505231 Gflops/s) - 1364 (1499733 Gflops/s) - 1351 (1485440 Gflops/s) - 1359 (1494236 Gflops/s) - 1365 (1500833 Gflops/s) - 1384 (1521724 Gflops/s) - 1358 (1493136 Gflops/s) - 1356 (1490937 Gflops/s) | Temperatures: 65°C - 67°C - 73°C - 73°C - 67°C - 67°C - 75°C - 74°C | Throttling: None - None - None - None - None - None - None - None
1367 (1503032 Gflops/s) - 1366 (1501932 Gflops/s) - 1352 (1486539 Gflops/s) - 1359 (1494236 Gflops/s) - 1365 (1500833 Gflops/s) - 1383 (1520624 Gflops/s) - 1358 (1493136 Gflops/s) - 1356 (1490937 Gflops/s) | Temperatures: 65°C - 67°C - 73°C - 73°C - 67°C - 67°C - 75°C - 74°C | Throttling: None - None - None - None - None - None - None - None
1368 (1504131 Gflops/s) - 1367 (1503032 Gflops/s) - 1352 (1486539 Gflops/s) - 1358 (1493136 Gflops/s) - 1366 (1501932 Gflops/s) - 1383 (1520624 Gflops/s) - 1358 (1493136 Gflops/s) - 1355 (1489838 Gflops/s) | Temperatures: 65°C - 67°C - 73°C - 73°C - 67°C - 67°C - 75°C - 74°C | Throttling: None - None - None - None - None - None - None - None
1366 (1501932 Gflops/s) - 1367 (1503032 Gflops/s) - 1351 (1485440 Gflops/s) - 1358 (1493136 Gflops/s) - 1365 (1500833 Gflops/s) - 1384 (1521724 Gflops/s) - 1357 (1492037 Gflops/s) - 1355 (1489838 Gflops/s) | Temperatures: 65°C - 67°C - 73°C - 73°C - 67°C - 67°C - 75°C - 74°C | Throttling: None - None - None - None - None - None - None - None
1366 (1501932 Gflops/s) - 1364 (1499733 Gflops/s) - 1350 (1484340 Gflops/s) - 1356 (1490937 Gflops/s) - 1364 (1499733 Gflops/s) - 1382 (1519525 Gflops/s) - 1358 (1493136 Gflops/s) - 1354 (1488738 Gflops/s) | Temperatures: 65°C - 67°C - 73°C - 73°C - 67°C - 67°C - 75°C - 74°C | Throttling: None - None - None - None - None - None - None - None
1370 (1506330 Gflops/s) - 1368 (1504131 Gflops/s) - 1353 (1487639 Gflops/s) - 1360 (1495335 Gflops/s) - 1367 (1503032 Gflops/s) - 1384 (1521724 Gflops/s) - 1359 (1494236 Gflops/s) - 1357 (1492037 Gflops/s) | Temperatures: 65°C - 67°C - 73°C - 73°C - 67°C - 67°C - 75°C - 74°C | Throttling: None - None - None - None - None - None - None - None
1367 (1503032 Gflops/s) - 1365 (1500833 Gflops/s) - 1350 (1484340 Gflops/s) - 1357 (1492037 Gflops/s) - 1363 (1498634 Gflops/s) - 1382 (1519525 Gflops/s) - 1357 (1492037 Gflops/s) - 1355 (1489838 Gflops/s) | Temperatures: 65°C - 67°C - 73°C - 73°C - 67°C - 67°C - 75°C - 74°C | Throttling: None - None - None - None - None - None - None - None
1367 (1503032 Gflops/s) - 1366 (1501932 Gflops/s) - 1352 (1486539 Gflops/s) - 1358 (1493136 Gflops/s) - 1366 (1501932 Gflops/s) - 1383 (1520624 Gflops/s) - 1359 (1494236 Gflops/s) - 1355 (1489838 Gflops/s) | Temperatures: 65°C - 67°C - 73°C - 73°C - 67°C - 67°C - 75°C - 74°C | Throttling: None - None - None - None - None - None - None - None
1367 (1503032 Gflops/s) - 1365 (1500833 Gflops/s) - 1350 (1484340 Gflops/s) - 1357 (1492037 Gflops/s) - 1364 (1499733 Gflops/s) - 1383 (1520624 Gflops/s) - 1357 (1492037 Gflops/s) - 1354 (1488738 Gflops/s) | Temperatures: 65°C - 67°C - 73°C - 73°C - 67°C - 67°C - 75°C - 74°C | Throttling: None - None - None - None - None - None - None - None
1368 (1504131 Gflops/s) - 1368 (1504131 Gflops/s) - 1352 (1486539 Gflops/s) - 1358 (1493136 Gflops/s) - 1366 (1501932 Gflops/s) - 1383 (1520624 Gflops/s) - 1358 (1493136 Gflops/s) - 1355 (1489838 Gflops/s) | Temperatures: 65°C - 67°C - 73°C - 73°C - 67°C - 67°C - 75°C - 74°C | Throttling: None - None - None - None - None - None - None - None
1363 (1498634 Gflops/s) - 1364 (1499733 Gflops/s) - 1352 (1486539 Gflops/s) - 1358 (1493136 Gflops/s) - 1365 (1500833 Gflops/s) - 1384 (1521724 Gflops/s) - 1358 (1493136 Gflops/s) - 1356 (1490937 Gflops/s) | Temperatures: 65°C - 67°C - 73°C - 73°C - 67°C - 67°C - 75°C - 74°C | Throttling: None - None - None - None - None - None - None - None
1367 (1503032 Gflops/s) - 1367 (1503032 Gflops/s) - 1351 (1485440 Gflops/s) - 1359 (1494236 Gflops/s) - 1365 (1500833 Gflops/s) - 1384 (1521724 Gflops/s) - 1358 (1493136 Gflops/s) - 1355 (1489838 Gflops/s) | Temperatures: 65°C - 67°C - 73°C - 73°C - 67°C - 67°C - 75°C - 74°C | Throttling: None - None - None - None - None - None - None - None
1365 (1500833 Gflops/s) - 1365 (1500833 Gflops/s) - 1350 (1484340 Gflops/s) - 1357 (1492037 Gflops/s) - 1364 (1499733 Gflops/s) - 1382 (1519525 Gflops/s) - 1356 (1490937 Gflops/s) - 1355 (1489838 Gflops/s) | Temperatures: 65°C - 67°C - 73°C - 73°C - 67°C - 67°C - 75°C - 73°C | Throttling: None - None - None - None - None - None - None - None
1370 (1506330 Gflops/s) - 1368 (1504131 Gflops/s) - 1353 (1487639 Gflops/s) - 1361 (1496435 Gflops/s) - 1368 (1504131 Gflops/s) - 1385 (1522823 Gflops/s) - 1360 (1495335 Gflops/s) - 1356 (1490937 Gflops/s) | Temperatures: 65°C - 67°C - 73°C - 73°C - 67°C - 67°C - 75°C - 73°C | Throttling: None - None - None - None - None - None - None - None
1365 (1500833 Gflops/s) - 1364 (1499733 Gflops/s) - 1351 (1485440 Gflops/s) - 1357 (1492037 Gflops/s) - 1365 (1500833 Gflops/s) - 1383 (1520624 Gflops/s) - 1357 (1492037 Gflops/s) - 1354 (1488738 Gflops/s) | Temperatures: 65°C - 67°C - 73°C - 73°C - 67°C - 67°C - 75°C - 73°C | Throttling: None - None - None - None - None - None - None - None
1368 (1504131 Gflops/s) - 1368 (1504131 Gflops/s) - 1352 (1486539 Gflops/s) - 1358 (1493136 Gflops/s) - 1365 (1500833 Gflops/s) - 1384 (1521724 Gflops/s) - 1357 (1492037 Gflops/s) - 1356 (1490937 Gflops/s) | Temperatures: 65°C - 67°C - 73°C - 73°C - 67°C - 66°C - 75°C - 73°C | Throttling: None - None - None - None - None - None - None - None
1365 (1500833 Gflops/s) - 1366 (1501932 Gflops/s) - 1350 (1484340 Gflops/s) - 1357 (1492037 Gflops/s) - 1363 (1498634 Gflops/s) - 1382 (1519525 Gflops/s) - 1358 (1493136 Gflops/s) - 1354 (1488738 Gflops/s) | Temperatures: 65°C - 67°C - 73°C - 73°C - 67°C - 66°C - 75°C - 73°C | Throttling: None - None - None - None - None - None - None - None
1368 (1504131 Gflops/s) - 1366 (1501932 Gflops/s) - 1352 (1486539 Gflops/s) - 1359 (1494236 Gflops/s) - 1366 (1501932 Gflops/s) - 1384 (1521724 Gflops/s) - 1360 (1495335 Gflops/s) - 1356 (1490937 Gflops/s) | Temperatures: 65°C - 67°C - 73°C - 73°C - 67°C - 66°C - 75°C - 73°C | Throttling: None - None - None - None - None - None - None - None
1367 (1503032 Gflops/s) - 1367 (1503032 Gflops/s) - 1351 (1485440 Gflops/s) - 1359 (1494236 Gflops/s) - 1366 (1501932 Gflops/s) - 1384 (1521724 Gflops/s) - 1358 (1493136 Gflops/s) - 1355 (1489838 Gflops/s) | Temperatures: 65°C - 67°C - 73°C - 73°C - 67°C - 66°C - 75°C - 73°C | Throttling: None - None - None - None - None - None - None - None
1367 (1503032 Gflops/s) - 1367 (1503032 Gflops/s) - 1352 (1486539 Gflops/s) - 1359 (1494236 Gflops/s) - 1365 (1500833 Gflops/s) - 1383 (1520624 Gflops/s) - 1359 (1494236 Gflops/s) - 1355 (1489838 Gflops/s) | Temperatures: 65°C - 67°C - 73°C - 73°C - 67°C - 66°C - 75°C - 73°C | Throttling: None - None - None - None - None - None - None - None
1366 (1501932 Gflops/s) - 1366 (1501932 Gflops/s) - 1350 (1484340 Gflops/s) - 1357 (1492037 Gflops/s) - 1364 (1499733 Gflops/s) - 1383 (1520624 Gflops/s) - 1357 (1492037 Gflops/s) - 1355 (1489838 Gflops/s) | Temperatures: 65°C - 67°C - 73°C - 73°C - 67°C - 66°C - 75°C - 73°C | Throttling: None - None - None - None - None - None - None - None
1370 (1506330 Gflops/s) - 1368 (1504131 Gflops/s) - 1353 (1487639 Gflops/s) - 1360 (1495335 Gflops/s) - 1368 (1504131 Gflops/s) - 1385 (1522823 Gflops/s) - 1361 (1496435 Gflops/s) - 1356 (1490937 Gflops/s) | Temperatures: 65°C - 67°C - 73°C - 73°C - 67°C - 66°C - 75°C - 73°C | Throttling: None - None - None - None - None - None - None - None
1367 (1503032 Gflops/s) - 1364 (1499733 Gflops/s) - 1350 (1484340 Gflops/s) - 1359 (1494236 Gflops/s) - 1364 (1499733 Gflops/s) - 1382 (1519525 Gflops/s) - 1357 (1492037 Gflops/s) - 1355 (1489838 Gflops/s) | Temperatures: 65°C - 67°C - 73°C - 73°C - 67°C - 66°C - 75°C - 73°C | Throttling: None - None - None - None - None - None - None - None
1368 (1504131 Gflops/s) - 1368 (1504131 Gflops/s) - 1352 (1486539 Gflops/s) - 1359 (1494236 Gflops/s) - 1365 (1500833 Gflops/s) - 1384 (1521724 Gflops/s) - 1359 (1494236 Gflops/s) - 1355 (1489838 Gflops/s) | Temperatures: 65°C - 67°C - 73°C - 73°C - 67°C - 66°C - 75°C - 73°C | Throttling: None - None - None - None - None - None - None - None
1368 (1504131 Gflops/s) - 1367 (1503032 Gflops/s) - 1352 (1486539 Gflops/s) - 1359 (1494236 Gflops/s) - 1365 (1500833 Gflops/s) - 1384 (1521724 Gflops/s) - 1359 (1494236 Gflops/s) - 1356 (1490937 Gflops/s) | Temperatures: 65°C - 67°C - 73°C - 73°C - 67°C - 66°C - 75°C - 73°C | Throttling: None - None - None - None - None - None - None - None
1367 (1503032 Gflops/s) - 1365 (1500833 Gflops/s) - 1351 (1485440 Gflops/s) - 1357 (1492037 Gflops/s) - 1365 (1500833 Gflops/s) - 1382 (1519525 Gflops/s) - 1357 (1492037 Gflops/s) - 1354 (1488738 Gflops/s) | Temperatures: 65°C - 67°C - 73°C - 73°C - 67°C - 66°C - 75°C - 73°C | Throttling: None - None - None - None - None - None - None - None
1369 (1505231 Gflops/s) - 1368 (1504131 Gflops/s) - 1352 (1486539 Gflops/s) - 1360 (1495335 Gflops/s) - 1366 (1501932 Gflops/s) - 1384 (1521724 Gflops/s) - 1359 (1494236 Gflops/s) - 1355 (1489838 Gflops/s) | Temperatures: 65°C - 67°C - 73°C - 73°C - 67°C - 66°C - 75°C - 73°C | Throttling: None - None - None - None - None - None - None - None
1366 (1501932 Gflops/s) - 1367 (1503032 Gflops/s) - 1352 (1486539 Gflops/s) - 1358 (1493136 Gflops/s) - 1366 (1501932 Gflops/s) - 1384 (1521724 Gflops/s) - 1359 (1494236 Gflops/s) - 1356 (1490937 Gflops/s) | Temperatures: 65°C - 67°C - 73°C - 73°C - 67°C - 66°C - 75°C - 73°C | Throttling: None - None - None - None - None - None - None - None
1369 (1505231 Gflops/s) - 1365 (1500833 Gflops/s) - 1351 (1485440 Gflops/s) - 1360 (1495335 Gflops/s) - 1366 (1501932 Gflops/s) - 1384 (1521724 Gflops/s) - 1359 (1494236 Gflops/s) - 1355 (1489838 Gflops/s) | Temperatures: 65°C - 67°C - 73°C - 73°C - 67°C - 66°C - 75°C - 73°C | Throttling: None - None - None - None - None - None - None - None
1368 (1504131 Gflops/s) - 1366 (1501932 Gflops/s) - 1352 (1486539 Gflops/s) - 1358 (1493136 Gflops/s) - 1364 (1499733 Gflops/s) - 1384 (1521724 Gflops/s) - 1357 (1492037 Gflops/s) - 1356 (1490937 Gflops/s) | Temperatures: 65°C - 67°C - 73°C - 73°C - 67°C - 66°C - 75°C - 73°C | Throttling: None - None - None - None - None - None - None - None
1368 (1504131 Gflops/s) - 1366 (1501932 Gflops/s) - 1351 (1485440 Gflops/s) - 1356 (1490937 Gflops/s) - 1364 (1499733 Gflops/s) - 1382 (1519525 Gflops/s) - 1358 (1493136 Gflops/s) - 1354 (1488738 Gflops/s) | Temperatures: 65°C - 67°C - 73°C - 73°C - 67°C - 66°C - 75°C - 73°C | Throttling: None - None - None - None - None - None - None - None
1369 (1505231 Gflops/s) - 1367 (1503032 Gflops/s) - 1352 (1486539 Gflops/s) - 1359 (1494236 Gflops/s) - 1365 (1500833 Gflops/s) - 1384 (1521724 Gflops/s) - 1358 (1493136 Gflops/s) - 1355 (1489838 Gflops/s) | Temperatures: 65°C - 67°C - 73°C - 73°C - 67°C - 66°C - 75°C - 73°C | Throttling: None - None - None - None - None - None - None - None
1369 (1505231 Gflops/s) - 1367 (1503032 Gflops/s) - 1352 (1486539 Gflops/s) - 1358 (1493136 Gflops/s) - 1366 (1501932 Gflops/s) - 1383 (1520624 Gflops/s) - 1357 (1492037 Gflops/s) - 1356 (1490937 Gflops/s) | Temperatures: 65°C - 67°C - 73°C - 73°C - 67°C - 66°C - 75°C - 73°C | Throttling: None - None - None - None - None - None - None - None
1368 (1504131 Gflops/s) - 1365 (1500833 Gflops/s) - 1350 (1484340 Gflops/s) - 1357 (1492037 Gflops/s) - 1363 (1498634 Gflops/s) - 1383 (1520624 Gflops/s) - 1357 (1492037 Gflops/s) - 1354 (1488738 Gflops/s) | Temperatures: 65°C - 67°C - 73°C - 73°C - 67°C - 66°C - 75°C - 73°C | Throttling: None - None - None - None - None - None - None - None
1369 (1505231 Gflops/s) - 1365 (1500833 Gflops/s) - 1352 (1486539 Gflops/s) - 1361 (1496435 Gflops/s) - 1367 (1503032 Gflops/s) - 1384 (1521724 Gflops/s) - 1357 (1492037 Gflops/s) - 1355 (1489838 Gflops/s) | Temperatures: 65°C - 67°C - 73°C - 73°C - 67°C - 66°C - 75°C - 73°C | Throttling: None - None - None - None - None - None - None - None
1367 (1503032 Gflops/s) - 1366 (1501932 Gflops/s) - 1352 (1486539 Gflops/s) - 1360 (1495335 Gflops/s) - 1364 (1499733 Gflops/s) - 1384 (1521724 Gflops/s) - 1359 (1494236 Gflops/s) - 1356 (1490937 Gflops/s) | Temperatures: 65°C - 67°C - 73°C - 73°C - 67°C - 66°C - 75°C - 73°C | Throttling: None - None - None - None - None - None - None - None
1366 (1501932 Gflops/s) - 1367 (1503032 Gflops/s) - 1351 (1485440 Gflops/s) - 1360 (1495335 Gflops/s) - 1366 (1501932 Gflops/s) - 1384 (1521724 Gflops/s) - 1358 (1493136 Gflops/s) - 1355 (1489838 Gflops/s) | Temperatures: 65°C - 67°C - 73°C - 73°C - 67°C - 66°C - 75°C - 73°C | Throttling: None - None - None - None - None - None - None - None
1370 (1506330 Gflops/s) - 1366 (1501932 Gflops/s) - 1352 (1486539 Gflops/s) - 1358 (1493136 Gflops/s) - 1365 (1500833 Gflops/s) - 1383 (1520624 Gflops/s) - 1358 (1493136 Gflops/s) - 1355 (1489838 Gflops/s) | Temperatures: 65°C - 67°C - 73°C - 73°C - 67°C - 66°C - 75°C - 73°C | Throttling: None - None - None - None - None - None - None - None
1367 (1503032 Gflops/s) - 1365 (1500833 Gflops/s) - 1351 (1485440 Gflops/s) - 1358 (1493136 Gflops/s) - 1364 (1499733 Gflops/s) - 1383 (1520624 Gflops/s) - 1358 (1493136 Gflops/s) - 1355 (1489838 Gflops/s) | Temperatures: 65°C - 67°C - 73°C - 73°C - 67°C - 66°C - 75°C - 73°C | Throttling: None - None - None - None - None - None - None - None
1370 (1506330 Gflops/s) - 1368 (1504131 Gflops/s) - 1351 (1485440 Gflops/s) - 1359 (1494236 Gflops/s) - 1365 (1500833 Gflops/s) - 1383 (1520624 Gflops/s) - 1357 (1492037 Gflops/s) - 1355 (1489838 Gflops/s) | Temperatures: 65°C - 67°C - 73°C - 73°C - 67°C - 66°C - 75°C - 73°C | Throttling: None - None - None - None - None - None - None - None
1368 (1504131 Gflops/s) - 1367 (1503032 Gflops/s) - 1352 (1486539 Gflops/s) - 1359 (1494236 Gflops/s) - 1366 (1501932 Gflops/s) - 1384 (1521724 Gflops/s) - 1359 (1494236 Gflops/s) - 1356 (1490937 Gflops/s) | Temperatures: 65°C - 67°C - 73°C - 73°C - 67°C - 66°C - 75°C - 73°C | Throttling: None - None - None - None - None - None - None - None
1368 (1504131 Gflops/s) - 1366 (1501932 Gflops/s) - 1352 (1486539 Gflops/s) - 1360 (1495335 Gflops/s) - 1365 (1500833 Gflops/s) - 1384 (1521724 Gflops/s) - 1358 (1493136 Gflops/s) - 1355 (1489838 Gflops/s) | Temperatures: 65°C - 67°C - 73°C - 73°C - 67°C - 66°C - 75°C - 73°C | Throttling: None - None - None - None - None - None - None - None
1367 (1503032 Gflops/s) - 1365 (1500833 Gflops/s) - 1350 (1484340 Gflops/s) - 1358 (1493136 Gflops/s) - 1365 (1500833 Gflops/s) - 1382 (1519525 Gflops/s) - 1356 (1490937 Gflops/s) - 1355 (1489838 Gflops/s) | Temperatures: 65°C - 67°C - 73°C - 73°C - 67°C - 66°C - 75°C - 73°C | Throttling: None - None - None - None - None - None - None - None
1368 (1504131 Gflops/s) - 1367 (1503032 Gflops/s) - 1352 (1486539 Gflops/s) - 1358 (1493136 Gflops/s) - 1366 (1501932 Gflops/s) - 1384 (1521724 Gflops/s) - 1358 (1493136 Gflops/s) - 1355 (1489838 Gflops/s) | Temperatures: 65°C - 67°C - 73°C - 73°C - 67°C - 66°C - 75°C - 73°C | Throttling: None - None - None - None - None - None - None - None
1368 (1504131 Gflops/s) - 1366 (1501932 Gflops/s) - 1352 (1486539 Gflops/s) - 1359 (1494236 Gflops/s) - 1366 (1501932 Gflops/s) - 1384 (1521724 Gflops/s) - 1358 (1493136 Gflops/s) - 1355 (1489838 Gflops/s) | Temperatures: 65°C - 67°C - 73°C - 73°C - 67°C - 66°C - 75°C - 73°C | Throttling: None - None - None - None - None - None - None - None
1368 (1504131 Gflops/s) - 1368 (1504131 Gflops/s) - 1352 (1486539 Gflops/s) - 1358 (1493136 Gflops/s) - 1365 (1500833 Gflops/s) - 1384 (1521724 Gflops/s) - 1358 (1493136 Gflops/s) - 1356 (1490937 Gflops/s) | Temperatures: 65°C - 67°C - 73°C - 73°C - 67°C - 66°C - 75°C - 73°C | Throttling: None - None - None - None - None - None - None - None
1368 (1504131 Gflops/s) - 1365 (1500833 Gflops/s) - 1350 (1484340 Gflops/s) - 1356 (1490937 Gflops/s) - 1364 (1499733 Gflops/s) - 1382 (1519525 Gflops/s) - 1357 (1492037 Gflops/s) - 1354 (1488738 Gflops/s) | Temperatures: 65°C - 67°C - 73°C - 73°C - 67°C - 66°C - 75°C - 73°C | Throttling: None - None - None - None - None - None - None - None
1368 (1504131 Gflops/s) - 1368 (1504131 Gflops/s) - 1352 (1486539 Gflops/s) - 1359 (1494236 Gflops/s) - 1366 (1501932 Gflops/s) - 1384 (1521724 Gflops/s) - 1358 (1493136 Gflops/s) - 1355 (1489838 Gflops/s) | Temperatures: 65°C - 67°C - 73°C - 73°C - 67°C - 66°C - 75°C - 73°C | Throttling: None - None - None - None - None - None - None - None
1369 (1505231 Gflops/s) - 1366 (1501932 Gflops/s) - 1352 (1486539 Gflops/s) - 1358 (1493136 Gflops/s) - 1366 (1501932 Gflops/s) - 1383 (1520624 Gflops/s) - 1358 (1493136 Gflops/s) - 1356 (1490937 Gflops/s) | Temperatures: 65°C - 67°C - 73°C - 73°C - 67°C - 66°C - 74°C - 73°C | Throttling: None - None - None - None - None - None - None - None
1367 (1503032 Gflops/s) - 1366 (1501932 Gflops/s) - 1352 (1486539 Gflops/s) - 1360 (1495335 Gflops/s) - 1366 (1501932 Gflops/s) - 1385 (1522823 Gflops/s) - 1357 (1492037 Gflops/s) - 1355 (1489838 Gflops/s) | Temperatures: 65°C - 67°C - 73°C - 73°C - 67°C - 66°C - 74°C - 73°C | Throttling: None - None - None - None - None - None - None - None
1366 (1501932 Gflops/s) - 1363 (1498634 Gflops/s) - 1351 (1485440 Gflops/s) - 1356 (1490937 Gflops/s) - 1365 (1500833 Gflops/s) - 1382 (1519525 Gflops/s) - 1358 (1493136 Gflops/s) - 1354 (1488738 Gflops/s) | Temperatures: 65°C - 67°C - 73°C - 73°C - 67°C - 66°C - 75°C - 73°C | Throttling: None - None - None - None - None - None - None - None
1369 (1505231 Gflops/s) - 1369 (1505231 Gflops/s) - 1352 (1486539 Gflops/s) - 1358 (1493136 Gflops/s) - 1365 (1500833 Gflops/s) - 1383 (1520624 Gflops/s) - 1359 (1494236 Gflops/s) - 1356 (1490937 Gflops/s) | Temperatures: 65°C - 67°C - 73°C - 73°C - 67°C - 66°C - 75°C - 73°C | Throttling: None - None - None - None - None - None - None - None
1368 (1504131 Gflops/s) - 1366 (1501932 Gflops/s) - 1351 (1485440 Gflops/s) - 1359 (1494236 Gflops/s) - 1366 (1501932 Gflops/s) - 1384 (1521724 Gflops/s) - 1359 (1494236 Gflops/s) - 1355 (1489838 Gflops/s) | Temperatures: 65°C - 67°C - 73°C - 73°C - 67°C - 66°C - 75°C - 73°C | Throttling: None - None - None - None - None - None - None - None
1367 (1503032 Gflops/s) - 1367 (1503032 Gflops/s) - 1352 (1486539 Gflops/s) - 1360 (1495335 Gflops/s) - 1366 (1501932 Gflops/s) - 1384 (1521724 Gflops/s) - 1358 (1493136 Gflops/s) - 1356 (1490937 Gflops/s) | Temperatures: 65°C - 67°C - 73°C - 73°C - 67°C - 66°C - 74°C - 73°C | Throttling: None - None - None - None - None - None - None - None
1366 (1501932 Gflops/s) - 1366 (1501932 Gflops/s) - 1350 (1484340 Gflops/s) - 1358 (1493136 Gflops/s) - 1364 (1499733 Gflops/s) - 1383 (1520624 Gflops/s) - 1358 (1493136 Gflops/s) - 1354 (1488738 Gflops/s) | Temperatures: 65°C - 67°C - 73°C - 73°C - 67°C - 66°C - 74°C - 73°C | Throttling: None - None - None - None - None - None - None - None
1368 (1504131 Gflops/s) - 1367 (1503032 Gflops/s) - 1352 (1486539 Gflops/s) - 1359 (1494236 Gflops/s) - 1365 (1500833 Gflops/s) - 1383 (1520624 Gflops/s) - 1358 (1493136 Gflops/s) - 1356 (1490937 Gflops/s) | Temperatures: 65°C - 67°C - 73°C - 73°C - 67°C - 66°C - 74°C - 73°C | Throttling: None - None - None - None - None - None - None - None
1368 (1504131 Gflops/s) - 1366 (1501932 Gflops/s) - 1351 (1485440 Gflops/s) - 1358 (1493136 Gflops/s) - 1365 (1500833 Gflops/s) - 1384 (1521724 Gflops/s) - 1360 (1495335 Gflops/s) - 1355 (1489838 Gflops/s) | Temperatures: 65°C - 67°C - 73°C - 73°C - 67°C - 66°C - 74°C - 73°C | Throttling: None - None - None - None - None - None - None - None
1369 (1505231 Gflops/s) - 1369 (1505231 Gflops/s) - 1351 (1485440 Gflops/s) - 1359 (1494236 Gflops/s) - 1367 (1503032 Gflops/s) - 1384 (1521724 Gflops/s) - 1360 (1495335 Gflops/s) - 1355 (1489838 Gflops/s) | Temperatures: 65°C - 67°C - 73°C - 73°C - 67°C - 66°C - 74°C - 73°C | Throttling: None - None - None - None - None - None - None - None
1368 (1504131 Gflops/s) - 1366 (1501932 Gflops/s) - 1352 (1486539 Gflops/s) - 1358 (1493136 Gflops/s) - 1366 (1501932 Gflops/s) - 1384 (1521724 Gflops/s) - 1359 (1494236 Gflops/s) - 1356 (1490937 Gflops/s) | Temperatures: 65°C - 67°C - 73°C - 73°C - 67°C - 66°C - 74°C - 73°C | Throttling: None - None - None - None - None - None - None - None
1367 (1503032 Gflops/s) - 1366 (1501932 Gflops/s) - 1350 (1484340 Gflops/s) - 1358 (1493136 Gflops/s) - 1363 (1498634 Gflops/s) - 1382 (1519525 Gflops/s) - 1357 (1492037 Gflops/s) - 1354 (1488738 Gflops/s) | Temperatures: 65°C - 67°C - 73°C - 73°C - 67°C - 66°C - 74°C - 73°C | Throttling: None - None - None - None - None - None - None - None
1370 (1506330 Gflops/s) - 1367 (1503032 Gflops/s) - 1352 (1486539 Gflops/s) - 1359 (1494236 Gflops/s) - 1366 (1501932 Gflops/s) - 1384 (1521724 Gflops/s) - 1358 (1493136 Gflops/s) - 1355 (1489838 Gflops/s) | Temperatures: 65°C - 67°C - 73°C - 73°C - 67°C - 66°C - 74°C - 73°C | Throttling: None - None - None - None - None - None - None - None
1369 (1505231 Gflops/s) - 1366 (1501932 Gflops/s) - 1352 (1486539 Gflops/s) - 1358 (1493136 Gflops/s) - 1365 (1500833 Gflops/s) - 1383 (1520624 Gflops/s) - 1358 (1493136 Gflops/s) - 1356 (1490937 Gflops/s) | Temperatures: 65°C - 67°C - 73°C - 73°C - 67°C - 66°C - 74°C - 73°C | Throttling: None - None - None - None - None - None - None - None
1370 (1506330 Gflops/s) - 1367 (1503032 Gflops/s) - 1352 (1486539 Gflops/s) - 1359 (1494236 Gflops/s) - 1366 (1501932 Gflops/s) - 1385 (1522823 Gflops/s) - 1358 (1493136 Gflops/s) - 1355 (1489838 Gflops/s) | Temperatures: 65°C - 67°C - 73°C - 73°C - 67°C - 66°C - 74°C - 73°C | Throttling: None - None - None - None - None - None - None - None
1368 (1504131 Gflops/s) - 1366 (1501932 Gflops/s) - 1350 (1484340 Gflops/s) - 1358 (1493136 Gflops/s) - 1364 (1499733 Gflops/s) - 1382 (1519525 Gflops/s) - 1357 (1492037 Gflops/s) - 1354 (1488738 Gflops/s) | Temperatures: 65°C - 67°C - 73°C - 73°C - 67°C - 66°C - 74°C - 73°C | Throttling: None - None - None - None - None - None - None - None
1367 (1503032 Gflops/s) - 1366 (1501932 Gflops/s) - 1352 (1486539 Gflops/s) - 1358 (1493136 Gflops/s) - 1366 (1501932 Gflops/s) - 1384 (1521724 Gflops/s) - 1358 (1493136 Gflops/s) - 1356 (1490937 Gflops/s) | Temperatures: 65°C - 67°C - 73°C - 73°C - 67°C - 66°C - 75°C - 73°C | Throttling: None - None - None - None - None - None - None - None
1367 (1503032 Gflops/s) - 1368 (1504131 Gflops/s) - 1352 (1486539 Gflops/s) - 1359 (1494236 Gflops/s) - 1365 (1500833 Gflops/s) - 1383 (1520624 Gflops/s) - 1359 (1494236 Gflops/s) - 1355 (1489838 Gflops/s) | Temperatures: 65°C - 67°C - 73°C - 73°C - 67°C - 66°C - 75°C - 73°C | Throttling: None - None - None - None - None - None - None - None
1368 (1504131 Gflops/s) - 1366 (1501932 Gflops/s) - 1351 (1485440 Gflops/s) - 1358 (1493136 Gflops/s) - 1365 (1500833 Gflops/s) - 1384 (1521724 Gflops/s) - 1360 (1495335 Gflops/s) - 1356 (1490937 Gflops/s) | Temperatures: 65°C - 67°C - 73°C - 73°C - 67°C - 66°C - 75°C - 73°C | Throttling: None - None - None - None - None - None - None - None
1366 (1501932 Gflops/s) - 1365 (1500833 Gflops/s) - 1351 (1485440 Gflops/s) - 1358 (1493136 Gflops/s) - 1365 (1500833 Gflops/s) - 1382 (1519525 Gflops/s) - 1355 (1489838 Gflops/s) - 1354 (1488738 Gflops/s) | Temperatures: 65°C - 67°C - 73°C - 73°C - 67°C - 66°C - 75°C - 73°C | Throttling: None - None - None - None - None - None - None - None
1367 (1503032 Gflops/s) - 1366 (1501932 Gflops/s) - 1352 (1486539 Gflops/s) - 1359 (1494236 Gflops/s) - 1365 (1500833 Gflops/s) - 1385 (1522823 Gflops/s) - 1358 (1493136 Gflops/s) - 1355 (1489838 Gflops/s) | Temperatures: 65°C - 67°C - 73°C - 73°C - 67°C - 67°C - 75°C - 73°C | Throttling: None - None - None - None - None - None - None - None
1368 (1504131 Gflops/s) - 1367 (1503032 Gflops/s) - 1352 (1486539 Gflops/s) - 1358 (1493136 Gflops/s) - 1365 (1500833 Gflops/s) - 1383 (1520624 Gflops/s) - 1358 (1493136 Gflops/s) - 1356 (1490937 Gflops/s) | Temperatures: 65°C - 67°C - 73°C - 73°C - 67°C - 66°C - 75°C - 73°C | Throttling: None - None - None - None - None - None - None - None
1369 (1505231 Gflops/s) - 1366 (1501932 Gflops/s) - 1352 (1486539 Gflops/s) - 1359 (1494236 Gflops/s) - 1366 (1501932 Gflops/s) - 1384 (1521724 Gflops/s) - 1358 (1493136 Gflops/s) - 1356 (1490937 Gflops/s) | Temperatures: 65°C - 67°C - 73°C - 73°C - 67°C - 66°C - 75°C - 73°C | Throttling: None - None - None - None - None - None - None - None
1367 (1503032 Gflops/s) - 1365 (1500833 Gflops/s) - 1350 (1484340 Gflops/s) - 1356 (1490937 Gflops/s) - 1364 (1499733 Gflops/s) - 1382 (1519525 Gflops/s) - 1357 (1492037 Gflops/s) - 1353 (1487639 Gflops/s) | Temperatures: 65°C - 67°C - 73°C - 73°C - 67°C - 66°C - 75°C - 73°C | Throttling: None - None - None - None - None - None - None - None
1368 (1504131 Gflops/s) - 1367 (1503032 Gflops/s) - 1352 (1486539 Gflops/s) - 1358 (1493136 Gflops/s) - 1365 (1500833 Gflops/s) - 1384 (1521724 Gflops/s) - 1357 (1492037 Gflops/s) - 1356 (1490937 Gflops/s) | Temperatures: 65°C - 67°C - 73°C - 73°C - 67°C - 66°C - 75°C - 73°C | Throttling: None - None - None - None - None - None - None - None
1367 (1503032 Gflops/s) - 1367 (1503032 Gflops/s) - 1352 (1486539 Gflops/s) - 1359 (1494236 Gflops/s) - 1366 (1501932 Gflops/s) - 1384 (1521724 Gflops/s) - 1357 (1492037 Gflops/s) - 1355 (1489838 Gflops/s) | Temperatures: 65°C - 67°C - 73°C - 73°C - 67°C - 66°C - 75°C - 73°C | Throttling: None - None - None - None - None - None - None - None
1368 (1504131 Gflops/s) - 1368 (1504131 Gflops/s) - 1352 (1486539 Gflops/s) - 1361 (1496435 Gflops/s) - 1366 (1501932 Gflops/s) - 1384 (1521724 Gflops/s) - 1359 (1494236 Gflops/s) - 1356 (1490937 Gflops/s) | Temperatures: 65°C - 67°C - 73°C - 73°C - 67°C - 66°C - 75°C - 73°C | Throttling: None - None - None - None - None - None - None - None
1368 (1504131 Gflops/s) - 1368 (1504131 Gflops/s) - 1351 (1485440 Gflops/s) - 1359 (1494236 Gflops/s) - 1365 (1500833 Gflops/s) - 1383 (1520624 Gflops/s) - 1357 (1492037 Gflops/s) - 1355 (1489838 Gflops/s) | Temperatures: 65°C - 67°C - 73°C - 73°C - 67°C - 66°C - 75°C - 73°C | Throttling: None - None - None - None - None - None - None - None
1366 (1501932 Gflops/s) - 1366 (1501932 Gflops/s) - 1351 (1485440 Gflops/s) - 1357 (1492037 Gflops/s) - 1364 (1499733 Gflops/s) - 1383 (1520624 Gflops/s) - 1357 (1492037 Gflops/s) - 1355 (1489838 Gflops/s) | Temperatures: 65°C - 67°C - 73°C - 73°C - 67°C - 66°C - 75°C - 73°C | Throttling: None - None - None - None - None - None - None - None
1369 (1505231 Gflops/s) - 1368 (1504131 Gflops/s) - 1354 (1488738 Gflops/s) - 1359 (1494236 Gflops/s) - 1367 (1503032 Gflops/s) - 1385 (1522823 Gflops/s) - 1360 (1495335 Gflops/s) - 1356 (1490937 Gflops/s) | Temperatures: 65°C - 67°C - 73°C - 73°C - 67°C - 66°C - 75°C - 73°C | Throttling: None - None - None - None - None - None - None - None
1366 (1501932 Gflops/s) - 1366 (1501932 Gflops/s) - 1350 (1484340 Gflops/s) - 1357 (1492037 Gflops/s) - 1363 (1498634 Gflops/s) - 1383 (1520624 Gflops/s) - 1356 (1490937 Gflops/s) - 1355 (1489838 Gflops/s) | Temperatures: 65°C - 67°C - 73°C - 73°C - 67°C - 66°C - 74°C - 73°C | Throttling: None - None - None - None - None - None - None - None
1366 (1501932 Gflops/s) - 1368 (1504131 Gflops/s) - 1352 (1486539 Gflops/s) - 1359 (1494236 Gflops/s) - 1365 (1500833 Gflops/s) - 1383 (1520624 Gflops/s) - 1359 (1494236 Gflops/s) - 1355 (1489838 Gflops/s) | Temperatures: 65°C - 67°C - 73°C - 73°C - 67°C - 66°C - 74°C - 73°C | Throttling: None - None - None - None - None - None - None - None
1366 (1501932 Gflops/s) - 1366 (1501932 Gflops/s) - 1351 (1485440 Gflops/s) - 1359 (1494236 Gflops/s) - 1364 (1499733 Gflops/s) - 1383 (1520624 Gflops/s) - 1358 (1493136 Gflops/s) - 1354 (1488738 Gflops/s) | Temperatures: 65°C - 67°C - 73°C - 73°C - 67°C - 66°C - 75°C - 73°C | Throttling: None - None - None - None - None - None - None - None
1367 (1503032 Gflops/s) - 1365 (1500833 Gflops/s) - 1351 (1485440 Gflops/s) - 1360 (1495335 Gflops/s) - 1366 (1501932 Gflops/s) - 1383 (1520624 Gflops/s) - 1359 (1494236 Gflops/s) - 1356 (1490937 Gflops/s) | Temperatures: 65°C - 67°C - 73°C - 73°C - 67°C - 66°C - 74°C - 73°C | Throttling: None - None - None - None - None - None - None - None
1367 (1503032 Gflops/s) - 1367 (1503032 Gflops/s) - 1352 (1486539 Gflops/s) - 1358 (1493136 Gflops/s) - 1366 (1501932 Gflops/s) - 1384 (1521724 Gflops/s) - 1358 (1493136 Gflops/s) - 1355 (1489838 Gflops/s) | Temperatures: 65°C - 67°C - 73°C - 73°C - 67°C - 66°C - 74°C - 73°C | Throttling: None - None - None - None - None - None - None - None
1367 (1503032 Gflops/s) - 1367 (1503032 Gflops/s) - 1352 (1486539 Gflops/s) - 1360 (1495335 Gflops/s) - 1365 (1500833 Gflops/s) - 1384 (1521724 Gflops/s) - 1359 (1494236 Gflops/s) - 1356 (1490937 Gflops/s) | Temperatures: 65°C - 67°C - 73°C - 73°C - 67°C - 66°C - 75°C - 73°C | Throttling: None - None - None - None - None - None - None - None
1367 (1503032 Gflops/s) - 1366 (1501932 Gflops/s) - 1351 (1485440 Gflops/s) - 1358 (1493136 Gflops/s) - 1364 (1499733 Gflops/s) - 1382 (1519525 Gflops/s) - 1356 (1490937 Gflops/s) - 1354 (1488738 Gflops/s) | Temperatures: 65°C - 67°C - 73°C - 73°C - 67°C - 66°C - 74°C - 73°C | Throttling: None - None - None - None - None - None - None - None
1368 (1504131 Gflops/s) - 1367 (1503032 Gflops/s) - 1353 (1487639 Gflops/s) - 1359 (1494236 Gflops/s) - 1367 (1503032 Gflops/s) - 1385 (1522823 Gflops/s) - 1361 (1496435 Gflops/s) - 1356 (1490937 Gflops/s) | Temperatures: 65°C - 67°C - 73°C - 73°C - 67°C - 66°C - 75°C - 73°C | Throttling: None - None - None - None - None - None - None - None
1369 (1505231 Gflops/s) - 1364 (1499733 Gflops/s) - 1350 (1484340 Gflops/s) - 1358 (1493136 Gflops/s) - 1364 (1499733 Gflops/s) - 1383 (1520624 Gflops/s) - 1357 (1492037 Gflops/s) - 1355 (1489838 Gflops/s) | Temperatures: 65°C - 67°C - 73°C - 73°C - 67°C - 66°C - 75°C - 73°C | Throttling: None - None - None - None - None - None - None - None
1368 (1504131 Gflops/s) - 1368 (1504131 Gflops/s) - 1352 (1486539 Gflops/s) - 1361 (1496435 Gflops/s) - 1366 (1501932 Gflops/s) - 1384 (1521724 Gflops/s) - 1358 (1493136 Gflops/s) - 1355 (1489838 Gflops/s) | Temperatures: 65°C - 67°C - 73°C - 73°C - 67°C - 66°C - 74°C - 73°C | Throttling: None - None - None - None - None - None - None - None
1365 (1500833 Gflops/s) - 1366 (1501932 Gflops/s) - 1351 (1485440 Gflops/s) - 1358 (1493136 Gflops/s) - 1365 (1500833 Gflops/s) - 1382 (1519525 Gflops/s) - 1356 (1490937 Gflops/s) - 1354 (1488738 Gflops/s) | Temperatures: 65°C - 67°C - 73°C - 73°C - 67°C - 66°C - 74°C - 73°C | Throttling: None - None - None - None - None - None - None - None
1368 (1504131 Gflops/s) - 1367 (1503032 Gflops/s) - 1352 (1486539 Gflops/s) - 1357 (1492037 Gflops/s) - 1367 (1503032 Gflops/s) - 1384 (1521724 Gflops/s) - 1358 (1493136 Gflops/s) - 1356 (1490937 Gflops/s) | Temperatures: 65°C - 67°C - 73°C - 73°C - 67°C - 66°C - 74°C - 73°C | Throttling: None - None - None - None - None - None - None - None
1368 (1504131 Gflops/s) - 1366 (1501932 Gflops/s) - 1352 (1486539 Gflops/s) - 1362 (1497534 Gflops/s) - 1366 (1501932 Gflops/s) - 1384 (1521724 Gflops/s) - 1358 (1493136 Gflops/s) - 1355 (1489838 Gflops/s) | Temperatures: 65°C - 67°C - 73°C - 73°C - 67°C - 66°C - 75°C - 73°C | Throttling: None - None - None - None - None - None - None - None
1368 (1504131 Gflops/s) - 1366 (1501932 Gflops/s) - 1353 (1487639 Gflops/s) - 1359 (1494236 Gflops/s) - 1365 (1500833 Gflops/s) - 1383 (1520624 Gflops/s) - 1359 (1494236 Gflops/s) - 1355 (1489838 Gflops/s) | Temperatures: 65°C - 67°C - 73°C - 73°C - 67°C - 66°C - 74°C - 73°C | Throttling: None - None - None - None - None - None - None - None
1367 (1503032 Gflops/s) - 1367 (1503032 Gflops/s) - 1352 (1486539 Gflops/s) - 1360 (1495335 Gflops/s) - 1366 (1501932 Gflops/s) - 1384 (1521724 Gflops/s) - 1358 (1493136 Gflops/s) - 1356 (1490937 Gflops/s) | Temperatures: 65°C - 67°C - 73°C - 73°C - 67°C - 66°C - 75°C - 73°C | Throttling: None - None - None - None - None - None - None - None
1366 (1501932 Gflops/s) - 1364 (1499733 Gflops/s) - 1350 (1484340 Gflops/s) - 1359 (1494236 Gflops/s) - 1364 (1499733 Gflops/s) - 1382 (1519525 Gflops/s) - 1357 (1492037 Gflops/s) - 1354 (1488738 Gflops/s) | Temperatures: 65°C - 67°C - 73°C - 73°C - 67°C - 66°C - 75°C - 73°C | Throttling: None - None - None - None - None - None - None - None
1368 (1504131 Gflops/s) - 1367 (1503032 Gflops/s) - 1352 (1486539 Gflops/s) - 1359 (1494236 Gflops/s) - 1365 (1500833 Gflops/s) - 1384 (1521724 Gflops/s) - 1360 (1495335 Gflops/s) - 1355 (1489838 Gflops/s) | Temperatures: 65°C - 67°C - 73°C - 73°C - 67°C - 66°C - 75°C - 73°C | Throttling: None - None - None - None - None - None - None - None
1368 (1504131 Gflops/s) - 1367 (1503032 Gflops/s) - 1353 (1487639 Gflops/s) - 1359 (1494236 Gflops/s) - 1365 (1500833 Gflops/s) - 1384 (1521724 Gflops/s) - 1359 (1494236 Gflops/s) - 1356 (1490937 Gflops/s) | Temperatures: 65°C - 67°C - 73°C - 73°C - 67°C - 66°C - 75°C - 73°C | Throttling: None - None - None - None - None - None - None - None
1368 (1504131 Gflops/s) - 1366 (1501932 Gflops/s) - 1352 (1486539 Gflops/s) - 1360 (1495335 Gflops/s) - 1365 (1500833 Gflops/s) - 1384 (1521724 Gflops/s) - 1358 (1493136 Gflops/s) - 1356 (1490937 Gflops/s) | Temperatures: 65°C - 67°C - 73°C - 73°C - 67°C - 66°C - 75°C - 73°C | Throttling: None - None - None - None - None - None - None - None
1365 (1500833 Gflops/s) - 1366 (1501932 Gflops/s) - 1351 (1485440 Gflops/s) - 1359 (1494236 Gflops/s) - 1364 (1499733 Gflops/s) - 1382 (1519525 Gflops/s) - 1358 (1493136 Gflops/s) - 1354 (1488738 Gflops/s) | Temperatures: 65°C - 67°C - 73°C - 73°C - 67°C - 66°C - 75°C - 73°C | Throttling: None - None - None - None - None - None - None - None
1369 (1505231 Gflops/s) - 1366 (1501932 Gflops/s) - 1352 (1486539 Gflops/s) - 1359 (1494236 Gflops/s) - 1366 (1501932 Gflops/s) - 1384 (1521724 Gflops/s) - 1358 (1493136 Gflops/s) - 1356 (1490937 Gflops/s) | Temperatures: 65°C - 67°C - 73°C - 73°C - 67°C - 66°C - 74°C - 73°C | Throttling: None - None - None - None - None - None - None - None
1368 (1504131 Gflops/s) - 1367 (1503032 Gflops/s) - 1352 (1486539 Gflops/s) - 1358 (1493136 Gflops/s) - 1366 (1501932 Gflops/s) - 1384 (1521724 Gflops/s) - 1359 (1494236 Gflops/s) - 1355 (1489838 Gflops/s) | Temperatures: 65°C - 67°C - 73°C - 73°C - 67°C - 66°C - 75°C - 73°C | Throttling: None - None - None - None - None - None - None - None
1367 (1503032 Gflops/s) - 1367 (1503032 Gflops/s) - 1353 (1487639 Gflops/s) - 1359 (1494236 Gflops/s) - 1366 (1501932 Gflops/s) - 1384 (1521724 Gflops/s) - 1359 (1494236 Gflops/s) - 1356 (1490937 Gflops/s) | Temperatures: 65°C - 67°C - 73°C - 73°C - 67°C - 66°C - 75°C - 73°C | Throttling: None - None - None - None - None - None - None - None
1365 (1500833 Gflops/s) - 1365 (1500833 Gflops/s) - 1351 (1485440 Gflops/s) - 1360 (1495335 Gflops/s) - 1364 (1499733 Gflops/s) - 1382 (1519525 Gflops/s) - 1356 (1490937 Gflops/s) - 1354 (1488738 Gflops/s) | Temperatures: 65°C - 67°C - 73°C - 73°C - 67°C - 66°C - 74°C - 73°C | Throttling: None - None - None - None - None - None - None - None
1368 (1504131 Gflops/s) - 1367 (1503032 Gflops/s) - 1352 (1486539 Gflops/s) - 1360 (1495335 Gflops/s) - 1367 (1503032 Gflops/s) - 1384 (1521724 Gflops/s) - 1358 (1493136 Gflops/s) - 1356 (1490937 Gflops/s) | Temperatures: 65°C - 67°C - 73°C - 73°C - 67°C - 66°C - 74°C - 73°C | Throttling: None - None - None - None - None - None - None - None
1369 (1505231 Gflops/s) - 1367 (1503032 Gflops/s) - 1352 (1486539 Gflops/s) - 1358 (1493136 Gflops/s) - 1365 (1500833 Gflops/s) - 1384 (1521724 Gflops/s) - 1359 (1494236 Gflops/s) - 1355 (1489838 Gflops/s) | Temperatures: 65°C - 67°C - 73°C - 73°C - 67°C - 66°C - 75°C - 73°C | Throttling: None - None - None - None - None - None - None - None
1366 (1501932 Gflops/s) - 1367 (1503032 Gflops/s) - 1351 (1485440 Gflops/s) - 1358 (1493136 Gflops/s) - 1366 (1501932 Gflops/s) - 1383 (1520624 Gflops/s) - 1357 (1492037 Gflops/s) - 1355 (1489838 Gflops/s) | Temperatures: 65°C - 67°C - 73°C - 73°C - 67°C - 66°C - 74°C - 73°C | Throttling: None - None - None - None - None - None - None - None
1366 (1501932 Gflops/s) - 1364 (1499733 Gflops/s) - 1351 (1485440 Gflops/s) - 1360 (1495335 Gflops/s) - 1364 (1499733 Gflops/s) - 1383 (1520624 Gflops/s) - 1358 (1493136 Gflops/s) - 1354 (1488738 Gflops/s) | Temperatures: 65°C - 67°C - 73°C - 73°C - 67°C - 66°C - 75°C - 73°C | Throttling: None - None - None - None - None - None - None - None
1367 (1503032 Gflops/s) - 1368 (1504131 Gflops/s) - 1353 (1487639 Gflops/s) - 1360 (1495335 Gflops/s) - 1365 (1500833 Gflops/s) - 1383 (1520624 Gflops/s) - 1358 (1493136 Gflops/s) - 1356 (1490937 Gflops/s) | Temperatures: 65°C - 67°C - 73°C - 73°C - 67°C - 66°C - 75°C - 73°C | Throttling: None - None - None - None - None - None - None - None
1369 (1505231 Gflops/s) - 1365 (1500833 Gflops/s) - 1351 (1485440 Gflops/s) - 1360 (1495335 Gflops/s) - 1366 (1501932 Gflops/s) - 1384 (1521724 Gflops/s) - 1360 (1495335 Gflops/s) - 1356 (1490937 Gflops/s) | Temperatures: 65°C - 67°C - 73°C - 73°C - 67°C - 66°C - 74°C - 73°C | Throttling: None - None - None - None - None - None - None - None
1368 (1504131 Gflops/s) - 1366 (1501932 Gflops/s) - 1352 (1486539 Gflops/s) - 1361 (1496435 Gflops/s) - 1365 (1500833 Gflops/s) - 1384 (1521724 Gflops/s) - 1358 (1493136 Gflops/s) - 1355 (1489838 Gflops/s) | Temperatures: 65°C - 67°C - 73°C - 73°C - 67°C - 66°C - 75°C - 73°C | Throttling: None - None - None - None - None - None - None - None
1369 (1505231 Gflops/s) - 1366 (1501932 Gflops/s) - 1353 (1487639 Gflops/s) - 1359 (1494236 Gflops/s) - 1365 (1500833 Gflops/s) - 1384 (1521724 Gflops/s) - 1360 (1495335 Gflops/s) - 1356 (1490937 Gflops/s) | Temperatures: 65°C - 67°C - 73°C - 73°C - 67°C - 66°C - 74°C - 73°C | Throttling: None - None - None - None - None - None - None - None
1366 (1501932 Gflops/s) - 1365 (1500833 Gflops/s) - 1350 (1484340 Gflops/s) - 1360 (1495335 Gflops/s) - 1364 (1499733 Gflops/s) - 1382 (1519525 Gflops/s) - 1358 (1493136 Gflops/s) - 1354 (1488738 Gflops/s) | Temperatures: 65°C - 67°C - 73°C - 73°C - 67°C - 66°C - 74°C - 73°C | Throttling: None - None - None - None - None - None - None - None
1368 (1504131 Gflops/s) - 1366 (1501932 Gflops/s) - 1352 (1486539 Gflops/s) - 1362 (1497534 Gflops/s) - 1365 (1500833 Gflops/s) - 1384 (1521724 Gflops/s) - 1358 (1493136 Gflops/s) - 1355 (1489838 Gflops/s) | Temperatures: 65°C - 67°C - 73°C - 73°C - 67°C - 66°C - 75°C - 73°C | Throttling: None - None - None - None - None - None - None - None
1367 (1503032 Gflops/s) - 1367 (1503032 Gflops/s) - 1352 (1486539 Gflops/s) - 1361 (1496435 Gflops/s) - 1366 (1501932 Gflops/s) - 1384 (1521724 Gflops/s) - 1357 (1492037 Gflops/s) - 1356 (1490937 Gflops/s) | Temperatures: 65°C - 67°C - 73°C - 73°C - 67°C - 66°C - 74°C - 73°C | Throttling: None - None - None - None - None - None - None - None
1367 (1503032 Gflops/s) - 1367 (1503032 Gflops/s) - 1353 (1487639 Gflops/s) - 1362 (1497534 Gflops/s) - 1365 (1500833 Gflops/s) - 1384 (1521724 Gflops/s) - 1359 (1494236 Gflops/s) - 1355 (1489838 Gflops/s) | Temperatures: 65°C - 67°C - 73°C - 73°C - 67°C - 66°C - 75°C - 73°C | Throttling: None - None - None - None - None - None - None - None
1366 (1501932 Gflops/s) - 1366 (1501932 Gflops/s) - 1351 (1485440 Gflops/s) - 1358 (1493136 Gflops/s) - 1365 (1500833 Gflops/s) - 1382 (1519525 Gflops/s) - 1358 (1493136 Gflops/s) - 1354 (1488738 Gflops/s) | Temperatures: 65°C - 67°C - 73°C - 73°C - 67°C - 66°C - 75°C - 73°C | Throttling: None - None - None - None - None - None - None - None
1367 (1503032 Gflops/s) - 1367 (1503032 Gflops/s) - 1352 (1486539 Gflops/s) - 1365 (1500833 Gflops/s) - 1365 (1500833 Gflops/s) - 1384 (1521724 Gflops/s) - 1359 (1494236 Gflops/s) - 1355 (1489838 Gflops/s) | Temperatures: 65°C - 67°C - 73°C - 73°C - 67°C - 66°C - 75°C - 73°C | Throttling: None - None - None - None - None - None - None - None
1368 (1504131 Gflops/s) - 1366 (1501932 Gflops/s) - 1352 (1486539 Gflops/s) - 1360 (1495335 Gflops/s) - 1366 (1501932 Gflops/s) - 1383 (1520624 Gflops/s) - 1359 (1494236 Gflops/s) - 1356 (1490937 Gflops/s) | Temperatures: 65°C - 67°C - 73°C - 73°C - 67°C - 66°C - 75°C - 73°C | Throttling: None - None - None - None - None - None - None - None
1368 (1504131 Gflops/s) - 1368 (1504131 Gflops/s) - 1352 (1486539 Gflops/s) - 1361 (1496435 Gflops/s) - 1366 (1501932 Gflops/s) - 1384 (1521724 Gflops/s) - 1357 (1492037 Gflops/s) - 1355 (1489838 Gflops/s) | Temperatures: 65°C - 67°C - 73°C - 73°C - 67°C - 66°C - 74°C - 73°C | Throttling: None - None - None - None - None - None - None - None
1366 (1501932 Gflops/s) - 1364 (1499733 Gflops/s) - 1350 (1484340 Gflops/s) - 1359 (1494236 Gflops/s) - 1364 (1499733 Gflops/s) - 1383 (1520624 Gflops/s) - 1357 (1492037 Gflops/s) - 1354 (1488738 Gflops/s) | Temperatures: 65°C - 67°C - 73°C - 73°C - 67°C - 66°C - 74°C - 73°C | Throttling: None - None - None - None - None - None - None - None
1367 (1503032 Gflops/s) - 1367 (1503032 Gflops/s) - 1352 (1486539 Gflops/s) - 1362 (1497534 Gflops/s) - 1366 (1501932 Gflops/s) - 1384 (1521724 Gflops/s) - 1360 (1495335 Gflops/s) - 1356 (1490937 Gflops/s) | Temperatures: 65°C - 67°C - 73°C - 73°C - 67°C - 66°C - 74°C - 73°C | Throttling: None - None - None - None - None - None - None - None
1367 (1503032 Gflops/s) - 1368 (1504131 Gflops/s) - 1352 (1486539 Gflops/s) - 1362 (1497534 Gflops/s) - 1366 (1501932 Gflops/s) - 1383 (1520624 Gflops/s) - 1359 (1494236 Gflops/s) - 1356 (1490937 Gflops/s) | Temperatures: 65°C - 67°C - 73°C - 73°C - 67°C - 66°C - 74°C - 73°C | Throttling: None - None - None - None - None - None - None - None
1368 (1504131 Gflops/s) - 1366 (1501932 Gflops/s) - 1353 (1487639 Gflops/s) - 1362 (1497534 Gflops/s) - 1366 (1501932 Gflops/s) - 1384 (1521724 Gflops/s) - 1359 (1494236 Gflops/s) - 1355 (1489838 Gflops/s) | Temperatures: 65°C - 67°C - 73°C - 73°C - 67°C - 66°C - 74°C - 73°C | Throttling: None - None - None - None - None - None - None - None
1366 (1501932 Gflops/s) - 1365 (1500833 Gflops/s) - 1350 (1484340 Gflops/s) - 1360 (1495335 Gflops/s) - 1365 (1500833 Gflops/s) - 1383 (1520624 Gflops/s) - 1358 (1493136 Gflops/s) - 1354 (1488738 Gflops/s) | Temperatures: 65°C - 67°C - 73°C - 73°C - 67°C - 66°C - 75°C - 73°C | Throttling: None - None - None - None - None - None - None - None
1368 (1504131 Gflops/s) - 1367 (1503032 Gflops/s) - 1352 (1486539 Gflops/s) - 1359 (1494236 Gflops/s) - 1365 (1500833 Gflops/s) - 1383 (1520624 Gflops/s) - 1359 (1494236 Gflops/s) - 1356 (1490937 Gflops/s) | Temperatures: 65°C - 67°C - 73°C - 73°C - 67°C - 66°C - 74°C - 73°C | Throttling: None - None - None - None - None - None - None - None
1367 (1503032 Gflops/s) - 1366 (1501932 Gflops/s) - 1352 (1486539 Gflops/s) - 1358 (1493136 Gflops/s) - 1367 (1503032 Gflops/s) - 1384 (1521724 Gflops/s) - 1358 (1493136 Gflops/s) - 1355 (1489838 Gflops/s) | Temperatures: 65°C - 67°C - 73°C - 73°C - 67°C - 66°C - 74°C - 73°C | Throttling: None - None - None - None - None - None - None - None
1367 (1503032 Gflops/s) - 1368 (1504131 Gflops/s) - 1352 (1486539 Gflops/s) - 1359 (1494236 Gflops/s) - 1366 (1501932 Gflops/s) - 1384 (1521724 Gflops/s) - 1359 (1494236 Gflops/s) - 1356 (1490937 Gflops/s) | Temperatures: 65°C - 67°C - 73°C - 73°C - 67°C - 66°C - 74°C - 73°C | Throttling: None - None - None - None - None - None - None - None
1368 (1504131 Gflops/s) - 1366 (1501932 Gflops/s) - 1353 (1487639 Gflops/s) - 1361 (1496435 Gflops/s) - 1367 (1503032 Gflops/s) - 1384 (1521724 Gflops/s) - 1359 (1494236 Gflops/s) - 1355 (1489838 Gflops/s) | Temperatures: 65°C - 67°C - 73°C - 73°C - 67°C - 66°C - 74°C - 73°C | Throttling: None - None - None - None - None - None - None - None
1367 (1503032 Gflops/s) - 1367 (1503032 Gflops/s) - 1351 (1485440 Gflops/s) - 1358 (1493136 Gflops/s) - 1364 (1499733 Gflops/s) - 1382 (1519525 Gflops/s) - 1358 (1493136 Gflops/s) - 1354 (1488738 Gflops/s) | Temperatures: 65°C - 67°C - 73°C - 73°C - 67°C - 66°C - 74°C - 73°C | Throttling: None - None - None - None - None - None - None - None
1367 (1503032 Gflops/s) - 1367 (1503032 Gflops/s) - 1352 (1486539 Gflops/s) - 1360 (1495335 Gflops/s) - 1366 (1501932 Gflops/s) - 1384 (1521724 Gflops/s) - 1358 (1493136 Gflops/s) - 1356 (1490937 Gflops/s) | Temperatures: 65°C - 67°C - 73°C - 73°C - 67°C - 66°C - 74°C - 73°C | Throttling: None - None - None - None - None - None - None - None
1369 (1505231 Gflops/s) - 1366 (1501932 Gflops/s) - 1352 (1486539 Gflops/s) - 1359 (1494236 Gflops/s) - 1366 (1501932 Gflops/s) - 1383 (1520624 Gflops/s) - 1358 (1493136 Gflops/s) - 1355 (1489838 Gflops/s) | Temperatures: 65°C - 67°C - 73°C - 73°C - 67°C - 66°C - 74°C - 73°C | Throttling: None - None - None - None - None - None - None - None
1366 (1501932 Gflops/s) - 1368 (1504131 Gflops/s) - 1352 (1486539 Gflops/s) - 1360 (1495335 Gflops/s) - 1365 (1500833 Gflops/s) - 1385 (1522823 Gflops/s) - 1359 (1494236 Gflops/s) - 1356 (1490937 Gflops/s) | Temperatures: 65°C - 67°C - 73°C - 73°C - 67°C - 66°C - 74°C - 73°C | Throttling: None - None - None - None - None - None - None - None
1368 (1504131 Gflops/s) - 1365 (1500833 Gflops/s) - 1351 (1485440 Gflops/s) - 1360 (1495335 Gflops/s) - 1365 (1500833 Gflops/s) - 1382 (1519525 Gflops/s) - 1357 (1492037 Gflops/s) - 1354 (1488738 Gflops/s) | Temperatures: 65°C - 67°C - 73°C - 73°C - 67°C - 66°C - 74°C - 73°C | Throttling: None - None - None - None - None - None - None - None
1369 (1505231 Gflops/s) - 1368 (1504131 Gflops/s) - 1352 (1486539 Gflops/s) - 1362 (1497534 Gflops/s) - 1365 (1500833 Gflops/s) - 1383 (1520624 Gflops/s) - 1358 (1493136 Gflops/s) - 1355 (1489838 Gflops/s) | Temperatures: 65°C - 67°C - 73°C - 73°C - 67°C - 66°C - 74°C - 73°C | Throttling: None - None - None - None - None - None - None - None
1369 (1505231 Gflops/s) - 1368 (1504131 Gflops/s) - 1352 (1486539 Gflops/s) - 1362 (1497534 Gflops/s) - 1366 (1501932 Gflops/s) - 1384 (1521724 Gflops/s) - 1359 (1494236 Gflops/s) - 1356 (1490937 Gflops/s) | Temperatures: 65°C - 67°C - 73°C - 73°C - 67°C - 66°C - 74°C - 73°C | Throttling: None - None - None - None - None - None - None - None
1367 (1503032 Gflops/s) - 1366 (1501932 Gflops/s) - 1353 (1487639 Gflops/s) - 1364 (1499733 Gflops/s) - 1366 (1501932 Gflops/s) - 1384 (1521724 Gflops/s) - 1360 (1495335 Gflops/s) - 1355 (1489838 Gflops/s) | Temperatures: 65°C - 67°C - 73°C - 73°C - 67°C - 66°C - 75°C - 73°C | Throttling: None - None - None - None - None - None - None - None
1366 (1501932 Gflops/s) - 1366 (1501932 Gflops/s) - 1350 (1484340 Gflops/s) - 1359 (1494236 Gflops/s) - 1364 (1499733 Gflops/s) - 1383 (1520624 Gflops/s) - 1358 (1493136 Gflops/s) - 1354 (1488738 Gflops/s) | Temperatures: 65°C - 67°C - 73°C - 73°C - 67°C - 66°C - 74°C - 73°C | Throttling: None - None - None - None - None - None - None - None
1366 (1501932 Gflops/s) - 1367 (1503032 Gflops/s) - 1353 (1487639 Gflops/s) - 1362 (1497534 Gflops/s) - 1366 (1501932 Gflops/s) - 1383 (1520624 Gflops/s) - 1359 (1494236 Gflops/s) - 1356 (1490937 Gflops/s) | Temperatures: 65°C - 67°C - 73°C - 73°C - 67°C - 66°C - 74°C - 73°C | Throttling: None - None - None - None - None - None - None - None
1368 (1504131 Gflops/s) - 1367 (1503032 Gflops/s) - 1352 (1486539 Gflops/s) - 1361 (1496435 Gflops/s) - 1364 (1499733 Gflops/s) - 1384 (1521724 Gflops/s) - 1358 (1493136 Gflops/s) - 1355 (1489838 Gflops/s) | Temperatures: 65°C - 67°C - 73°C - 73°C - 67°C - 66°C - 74°C - 73°C | Throttling: None - None - None - None - None - None - None - None
1368 (1504131 Gflops/s) - 1368 (1504131 Gflops/s) - 1353 (1487639 Gflops/s) - 1361 (1496435 Gflops/s) - 1365 (1500833 Gflops/s) - 1384 (1521724 Gflops/s) - 1356 (1490937 Gflops/s) - 1355 (1489838 Gflops/s) | Temperatures: 65°C - 67°C - 73°C - 73°C - 67°C - 66°C - 74°C - 73°C | Throttling: None - None - None - None - None - None - None - None
1367 (1503032 Gflops/s) - 1365 (1500833 Gflops/s) - 1350 (1484340 Gflops/s) - 1359 (1494236 Gflops/s) - 1363 (1498634 Gflops/s) - 1382 (1519525 Gflops/s) - 1356 (1490937 Gflops/s) - 1355 (1489838 Gflops/s) | Temperatures: 65°C - 67°C - 73°C - 73°C - 67°C - 66°C - 74°C - 73°C | Throttling: None - None - None - None - None - None - None - None
1367 (1503032 Gflops/s) - 1368 (1504131 Gflops/s) - 1352 (1486539 Gflops/s) - 1363 (1498634 Gflops/s) - 1365 (1500833 Gflops/s) - 1384 (1521724 Gflops/s) - 1360 (1495335 Gflops/s) - 1355 (1489838 Gflops/s) | Temperatures: 65°C - 67°C - 73°C - 73°C - 67°C - 66°C - 74°C - 73°C | Throttling: None - None - None - None - None - None - None - None
1368 (1504131 Gflops/s) - 1368 (1504131 Gflops/s) - 1353 (1487639 Gflops/s) - 1362 (1497534 Gflops/s) - 1364 (1499733 Gflops/s) - 1384 (1521724 Gflops/s) - 1358 (1493136 Gflops/s) - 1356 (1490937 Gflops/s) | Temperatures: 65°C - 67°C - 73°C - 73°C - 67°C - 66°C - 74°C - 73°C | Throttling: None - None - None - None - None - None - None - None
1368 (1504131 Gflops/s) - 1368 (1504131 Gflops/s) - 1352 (1486539 Gflops/s) - 1362 (1497534 Gflops/s) - 1365 (1500833 Gflops/s) - 1384 (1521724 Gflops/s) - 1359 (1494236 Gflops/s) - 1355 (1489838 Gflops/s) | Temperatures: 65°C - 67°C - 73°C - 73°C - 67°C - 66°C - 74°C - 73°C | Throttling: None - None - None - None - None - None - None - None
1365 (1500833 Gflops/s) - 1366 (1501932 Gflops/s) - 1351 (1485440 Gflops/s) - 1360 (1495335 Gflops/s) - 1364 (1499733 Gflops/s) - 1382 (1519525 Gflops/s) - 1357 (1492037 Gflops/s) - 1355 (1489838 Gflops/s) | Temperatures: 65°C - 67°C - 73°C - 73°C - 67°C - 66°C - 74°C - 73°C | Throttling: None - None - None - None - None - None - None - None
1367 (1503032 Gflops/s) - 1367 (1503032 Gflops/s) - 1352 (1486539 Gflops/s) - 1360 (1495335 Gflops/s) - 1365 (1500833 Gflops/s) - 1384 (1521724 Gflops/s) - 1358 (1493136 Gflops/s) - 1356 (1490937 Gflops/s) | Temperatures: 65°C - 67°C - 73°C - 73°C - 66°C - 66°C - 74°C - 73°C | Throttling: None - None - None - None - None - None - None - None
1368 (1504131 Gflops/s) - 1367 (1503032 Gflops/s) - 1351 (1485440 Gflops/s) - 1359 (1494236 Gflops/s) - 1364 (1499733 Gflops/s) - 1383 (1520624 Gflops/s) - 1359 (1494236 Gflops/s) - 1355 (1489838 Gflops/s) | Temperatures: 65°C - 67°C - 73°C - 73°C - 67°C - 66°C - 74°C - 73°C | Throttling: None - None - None - None - None - None - None - None
1367 (1503032 Gflops/s) - 1367 (1503032 Gflops/s) - 1353 (1487639 Gflops/s) - 1359 (1494236 Gflops/s) - 1365 (1500833 Gflops/s) - 1384 (1521724 Gflops/s) - 1359 (1494236 Gflops/s) - 1355 (1489838 Gflops/s) | Temperatures: 65°C - 67°C - 73°C - 73°C - 67°C - 66°C - 74°C - 73°C | Throttling: None - None - None - None - None - None - None - None
1367 (1503032 Gflops/s) - 1366 (1501932 Gflops/s) - 1352 (1486539 Gflops/s) - 1362 (1497534 Gflops/s) - 1365 (1500833 Gflops/s) - 1384 (1521724 Gflops/s) - 1359 (1494236 Gflops/s) - 1356 (1490937 Gflops/s) | Temperatures: 65°C - 67°C - 73°C - 73°C - 67°C - 66°C - 74°C - 73°C | Throttling: None - None - None - None - None - None - None - None
1365 (1500833 Gflops/s) - 1366 (1501932 Gflops/s) - 1351 (1485440 Gflops/s) - 1358 (1493136 Gflops/s) - 1363 (1498634 Gflops/s) - 1383 (1520624 Gflops/s) - 1358 (1493136 Gflops/s) - 1354 (1488738 Gflops/s) | Temperatures: 65°C - 67°C - 73°C - 73°C - 67°C - 66°C - 74°C - 73°C | Throttling: None - None - None - None - None - None - None - None
1368 (1504131 Gflops/s) - 1369 (1505231 Gflops/s) - 1354 (1488738 Gflops/s) - 1363 (1498634 Gflops/s) - 1367 (1503032 Gflops/s) - 1385 (1522823 Gflops/s) - 1362 (1497534 Gflops/s) - 1357 (1492037 Gflops/s) | Temperatures: 65°C - 67°C - 73°C - 73°C - 67°C - 66°C - 74°C - 73°C | Throttling: None - None - None - None - None - None - None - None
1367 (1503032 Gflops/s) - 1365 (1500833 Gflops/s) - 1351 (1485440 Gflops/s) - 1359 (1494236 Gflops/s) - 1363 (1498634 Gflops/s) - 1382 (1519525 Gflops/s) - 1358 (1493136 Gflops/s) - 1354 (1488738 Gflops/s) | Temperatures: 65°C - 67°C - 73°C - 73°C - 67°C - 66°C - 74°C - 73°C | Throttling: None - None - None - None - None - None - None - None
1368 (1504131 Gflops/s) - 1368 (1504131 Gflops/s) - 1352 (1486539 Gflops/s) - 1360 (1495335 Gflops/s) - 1363 (1498634 Gflops/s) - 1384 (1521724 Gflops/s) - 1359 (1494236 Gflops/s) - 1356 (1490937 Gflops/s) | Temperatures: 65°C - 67°C - 73°C - 73°C - 67°C - 66°C - 74°C - 73°C | Throttling: None - None - None - None - None - None - None - None
1366 (1501932 Gflops/s) - 1366 (1501932 Gflops/s) - 1351 (1485440 Gflops/s) - 1357 (1492037 Gflops/s) - 1364 (1499733 Gflops/s) - 1383 (1520624 Gflops/s) - 1357 (1492037 Gflops/s) - 1354 (1488738 Gflops/s) | Temperatures: 65°C - 67°C - 73°C - 73°C - 67°C - 66°C - 74°C - 73°C | Throttling: None - None - None - None - None - None - None - None
1369 (1505231 Gflops/s) - 1368 (1504131 Gflops/s) - 1351 (1485440 Gflops/s) - 1361 (1496435 Gflops/s) - 1366 (1501932 Gflops/s) - 1383 (1520624 Gflops/s) - 1358 (1493136 Gflops/s) - 1355 (1489838 Gflops/s) | Temperatures: 65°C - 67°C - 73°C - 73°C - 67°C - 66°C - 74°C - 73°C | Throttling: None - None - None - None - None - None - None - None
1369 (1505231 Gflops/s) - 1367 (1503032 Gflops/s) - 1352 (1486539 Gflops/s) - 1360 (1495335 Gflops/s) - 1365 (1500833 Gflops/s) - 1384 (1521724 Gflops/s) - 1359 (1494236 Gflops/s) - 1356 (1490937 Gflops/s) | Temperatures: 65°C - 67°C - 73°C - 73°C - 67°C - 66°C - 74°C - 73°C | Throttling: None - None - None - None - None - None - None - None
1368 (1504131 Gflops/s) - 1366 (1501932 Gflops/s) - 1352 (1486539 Gflops/s) - 1363 (1498634 Gflops/s) - 1364 (1499733 Gflops/s) - 1384 (1521724 Gflops/s) - 1359 (1494236 Gflops/s) - 1355 (1489838 Gflops/s) | Temperatures: 65°C - 67°C - 73°C - 73°C - 66°C - 66°C - 74°C - 73°C | Throttling: None - None - None - None - None - None - None - None
1367 (1503032 Gflops/s) - 1367 (1503032 Gflops/s) - 1350 (1484340 Gflops/s) - 1360 (1495335 Gflops/s) - 1364 (1499733 Gflops/s) - 1382 (1519525 Gflops/s) - 1357 (1492037 Gflops/s) - 1354 (1488738 Gflops/s) | Temperatures: 65°C - 67°C - 73°C - 73°C - 66°C - 66°C - 74°C - 73°C | Throttling: None - None - None - None - None - None - None - None
1369 (1505231 Gflops/s) - 1368 (1504131 Gflops/s) - 1354 (1488738 Gflops/s) - 1363 (1498634 Gflops/s) - 1366 (1501932 Gflops/s) - 1385 (1522823 Gflops/s) - 1360 (1495335 Gflops/s) - 1357 (1492037 Gflops/s) | Temperatures: 65°C - 67°C - 72°C - 73°C - 67°C - 66°C - 74°C - 73°C | Throttling: None - None - None - None - None - None - None - None
1368 (1504131 Gflops/s) - 1365 (1500833 Gflops/s) - 1351 (1485440 Gflops/s) - 1359 (1494236 Gflops/s) - 1363 (1498634 Gflops/s) - 1383 (1520624 Gflops/s) - 1358 (1493136 Gflops/s) - 1354 (1488738 Gflops/s) | Temperatures: 65°C - 67°C - 73°C - 73°C - 67°C - 66°C - 74°C - 73°C | Throttling: None - None - None - None - None - None - None - None
1369 (1505231 Gflops/s) - 1368 (1504131 Gflops/s) - 1352 (1486539 Gflops/s) - 1359 (1494236 Gflops/s) - 1365 (1500833 Gflops/s) - 1383 (1520624 Gflops/s) - 1360 (1495335 Gflops/s) - 1356 (1490937 Gflops/s) | Temperatures: 65°C - 67°C - 73°C - 73°C - 67°C - 66°C - 74°C - 73°C | Throttling: None - None - None - None - None - None - None - None
1368 (1504131 Gflops/s) - 1367 (1503032 Gflops/s) - 1353 (1487639 Gflops/s) - 1361 (1496435 Gflops/s) - 1365 (1500833 Gflops/s) - 1384 (1521724 Gflops/s) - 1358 (1493136 Gflops/s) - 1356 (1490937 Gflops/s) | Temperatures: 65°C - 67°C - 73°C - 73°C - 67°C - 66°C - 74°C - 73°C | Throttling: None - None - None - None - None - None - None - None
1367 (1503032 Gflops/s) - 1365 (1500833 Gflops/s) - 1351 (1485440 Gflops/s) - 1358 (1493136 Gflops/s) - 1363 (1498634 Gflops/s) - 1382 (1519525 Gflops/s) - 1358 (1493136 Gflops/s) - 1355 (1489838 Gflops/s) | Temperatures: 65°C - 67°C - 73°C - 73°C - 67°C - 66°C - 74°C - 73°C | Throttling: None - None - None - None - None - None - None - None
1369 (1505231 Gflops/s) - 1367 (1503032 Gflops/s) - 1352 (1486539 Gflops/s) - 1359 (1494236 Gflops/s) - 1365 (1500833 Gflops/s) - 1384 (1521724 Gflops/s) - 1359 (1494236 Gflops/s) - 1357 (1492037 Gflops/s) | Temperatures: 65°C - 67°C - 73°C - 73°C - 66°C - 66°C - 74°C - 73°C | Throttling: None - None - None - None - None - None - None - None
1369 (1505231 Gflops/s) - 1368 (1504131 Gflops/s) - 1352 (1486539 Gflops/s) - 1360 (1495335 Gflops/s) - 1364 (1499733 Gflops/s) - 1384 (1521724 Gflops/s) - 1360 (1495335 Gflops/s) - 1355 (1489838 Gflops/s) | Temperatures: 65°C - 67°C - 73°C - 73°C - 66°C - 66°C - 74°C - 73°C | Throttling: None - None - None - None - None - None - None - None
1369 (1505231 Gflops/s) - 1368 (1504131 Gflops/s) - 1352 (1486539 Gflops/s) - 1359 (1494236 Gflops/s) - 1365 (1500833 Gflops/s) - 1384 (1521724 Gflops/s) - 1358 (1493136 Gflops/s) - 1356 (1490937 Gflops/s) | Temperatures: 65°C - 67°C - 73°C - 73°C - 66°C - 66°C - 74°C - 73°C | Throttling: None - None - None - None - None - None - None - None
1369 (1505231 Gflops/s) - 1367 (1503032 Gflops/s) - 1353 (1487639 Gflops/s) - 1361 (1496435 Gflops/s) - 1364 (1499733 Gflops/s) - 1384 (1521724 Gflops/s) - 1359 (1494236 Gflops/s) - 1356 (1490937 Gflops/s) | Temperatures: 65°C - 67°C - 73°C - 73°C - 67°C - 66°C - 74°C - 73°C | Throttling: None - None - None - None - None - None - None - None
1369 (1505231 Gflops/s) - 1366 (1501932 Gflops/s) - 1351 (1485440 Gflops/s) - 1360 (1495335 Gflops/s) - 1365 (1500833 Gflops/s) - 1382 (1519525 Gflops/s) - 1357 (1492037 Gflops/s) - 1354 (1488738 Gflops/s) | Temperatures: 65°C - 67°C - 73°C - 73°C - 66°C - 66°C - 74°C - 73°C | Throttling: None - None - None - None - None - None - None - None
1370 (1506330 Gflops/s) - 1367 (1503032 Gflops/s) - 1353 (1487639 Gflops/s) - 1359 (1494236 Gflops/s) - 1363 (1498634 Gflops/s) - 1384 (1521724 Gflops/s) - 1359 (1494236 Gflops/s) - 1356 (1490937 Gflops/s) | Temperatures: 65°C - 67°C - 73°C - 73°C - 67°C - 66°C - 74°C - 73°C | Throttling: None - None - None - None - None - None - None - None
1369 (1505231 Gflops/s) - 1368 (1504131 Gflops/s) - 1352 (1486539 Gflops/s) - 1360 (1495335 Gflops/s) - 1366 (1501932 Gflops/s) - 1384 (1521724 Gflops/s) - 1358 (1493136 Gflops/s) - 1355 (1489838 Gflops/s) | Temperatures: 65°C - 67°C - 73°C - 73°C - 66°C - 66°C - 74°C - 73°C | Throttling: None - None - None - None - None - None - None - None
1368 (1504131 Gflops/s) - 1365 (1500833 Gflops/s) - 1351 (1485440 Gflops/s) - 1358 (1493136 Gflops/s) - 1363 (1498634 Gflops/s) - 1382 (1519525 Gflops/s) - 1359 (1494236 Gflops/s) - 1354 (1488738 Gflops/s) | Temperatures: 65°C - 67°C - 73°C - 73°C - 66°C - 66°C - 74°C - 73°C | Throttling: None - None - None - None - None - None - None - None
1368 (1504131 Gflops/s) - 1367 (1503032 Gflops/s) - 1352 (1486539 Gflops/s) - 1358 (1493136 Gflops/s) - 1364 (1499733 Gflops/s) - 1384 (1521724 Gflops/s) - 1360 (1495335 Gflops/s) - 1356 (1490937 Gflops/s) | Temperatures: 65°C - 67°C - 73°C - 73°C - 66°C - 66°C - 74°C - 73°C | Throttling: None - None - None - None - None - None - None - None
1367 (1503032 Gflops/s) - 1367 (1503032 Gflops/s) - 1353 (1487639 Gflops/s) - 1364 (1499733 Gflops/s) - 1365 (1500833 Gflops/s) - 1384 (1521724 Gflops/s) - 1357 (1492037 Gflops/s) - 1356 (1490937 Gflops/s) | Temperatures: 65°C - 67°C - 73°C - 73°C - 66°C - 66°C - 74°C - 73°C | Throttling: None - None - None - None - None - None - None - None
1369 (1505231 Gflops/s) - 1368 (1504131 Gflops/s) - 1352 (1486539 Gflops/s) - 1358 (1493136 Gflops/s) - 1366 (1501932 Gflops/s) - 1383 (1520624 Gflops/s) - 1359 (1494236 Gflops/s) - 1357 (1492037 Gflops/s) | Temperatures: 65°C - 67°C - 73°C - 73°C - 66°C - 66°C - 74°C - 73°C | Throttling: None - None - None - None - None - None - None - None
1368 (1504131 Gflops/s) - 1368 (1504131 Gflops/s) - 1353 (1487639 Gflops/s) - 1363 (1498634 Gflops/s) - 1365 (1500833 Gflops/s) - 1384 (1521724 Gflops/s) - 1359 (1494236 Gflops/s) - 1357 (1492037 Gflops/s) | Temperatures: 65°C - 67°C - 73°C - 73°C - 66°C - 66°C - 74°C - 73°C | Throttling: None - None - None - None - None - None - None - None
1368 (1504131 Gflops/s) - 1365 (1500833 Gflops/s) - 1351 (1485440 Gflops/s) - 1358 (1493136 Gflops/s) - 1363 (1498634 Gflops/s) - 1383 (1520624 Gflops/s) - 1357 (1492037 Gflops/s) - 1356 (1490937 Gflops/s) | Temperatures: 65°C - 67°C - 73°C - 73°C - 67°C - 66°C - 74°C - 73°C | Throttling: None - None - None - None - None - None - None - None
1369 (1505231 Gflops/s) - 1366 (1501932 Gflops/s) - 1352 (1486539 Gflops/s) - 1361 (1496435 Gflops/s) - 1365 (1500833 Gflops/s) - 1383 (1520624 Gflops/s) - 1361 (1496435 Gflops/s) - 1357 (1492037 Gflops/s) | Temperatures: 65°C - 67°C - 73°C - 73°C - 67°C - 66°C - 74°C - 73°C | Throttling: None - None - None - None - None - None - None - None
1366 (1501932 Gflops/s) - 1369 (1505231 Gflops/s) - 1352 (1486539 Gflops/s) - 1361 (1496435 Gflops/s) - 1364 (1499733 Gflops/s) - 1384 (1521724 Gflops/s) - 1360 (1495335 Gflops/s) - 1355 (1489838 Gflops/s) | Temperatures: 64°C - 67°C - 73°C - 73°C - 66°C - 66°C - 74°C - 73°C | Throttling: None - None - None - None - None - None - None - None
964 (1059929 Gflops/s) - 985 (1083018 Gflops/s) - 1193 (1311717 Gflops/s) - 1361 (1496435 Gflops/s) - 1364 (1499733 Gflops/s) - 1381 (1518425 Gflops/s) - 1009 (1109407 Gflops/s) - 1355 (1489838 Gflops/s) | Temperatures: 65°C - 67°C - 73°C - 73°C - 66°C - 66°C - 74°C - 73°C | Throttling: None - None - None - None - None - None - None - None
GPU #0: 1501974 Gflops/s (min: 1059929.21, max: 1508529.95, dev: 25976.72)
         Temperature: 64.87°C (min: 63.00, max: 65.00)
         Throttling HW: false, Thermal SW: false, Thermal HW: false
GPU #1: 1501242 Gflops/s (min: 1083018.95, max: 1506330.93, dev: 24566.32)
         Temperature: 66.92°C (min: 65.00, max: 68.00)
         Throttling HW: false, Thermal SW: false, Thermal HW: false
GPU #2: 1486675 Gflops/s (min: 1311717.37, max: 1504131.91, dev: 10828.47)
         Temperature: 72.74°C (min: 69.00, max: 73.00)
         Throttling HW: false, Thermal SW: false, Thermal HW: false
GPU #3: 1496000 Gflops/s (min: 1490937.77, max: 1510728.98, dev: 3893.79)
         Temperature: 72.82°C (min: 70.00, max: 74.00)
         Throttling HW: false, Thermal SW: false, Thermal HW: false
GPU #4: 1500980 Gflops/s (min: 1497534.84, max: 1507430.44, dev: 1508.74)
         Temperature: 66.77°C (min: 65.00, max: 67.00)
         Throttling HW: false, Thermal SW: false, Thermal HW: false
GPU #5: 1520989 Gflops/s (min: 1518425.56, max: 1523923.12, dev: 1027.27)
         Temperature: 66.17°C (min: 65.00, max: 67.00)
         Throttling HW: false, Thermal SW: false, Thermal HW: false
GPU #6: 1491831 Gflops/s (min: 1109407.23, max: 1501932.88, dev: 22502.64)
         Temperature: 74.35°C (min: 71.00, max: 75.00)
         Throttling HW: false, Thermal SW: false, Thermal HW: false
GPU #7: 1490964 Gflops/s (min: 1487639.23, max: 1501932.88, dev: 2233.43)
         Temperature: 73.04°C (min: 70.00, max: 74.00)
         Throttling HW: false, Thermal SW: false, Thermal HW: false
All GPUs seem healthy
Freeing GPUs...
======== Run with fp8  ==========
Detected GPU #0: "NVIDIA B200" (ccc1f3f5-c2f3-6792-b42f-225a6eaadecd)
Detected GPU #1: "NVIDIA B200" (5a55512d-2aaf-afb3-5c51-ef8cdce4c8e0)
Detected GPU #2: "NVIDIA B200" (e3e26503-5614-79f8-c680-6db3aa854b85)
Detected GPU #3: "NVIDIA B200" (192c3ad5-aeae-c4fb-3d53-abeb7c5ecf61)
Detected GPU #4: "NVIDIA B200" (cfbf0589-f880-43f8-d72e-5741b990d492)
Detected GPU #5: "NVIDIA B200" (b2507d80-0794-106e-b682-e8b4bc26536e)
Detected GPU #6: "NVIDIA B200" (cce1b7a4-d2f0-b8dc-49b4-663183668e4c)
Detected GPU #7: "NVIDIA B200" (66abaf05-eaf9-c790-099b-a5ab131d4a5c)
Using precision(s):   FP8
GPU #0: Using 163800 MB
GPU #1: Using 163800 MB
GPU #2: Using 163800 MB
GPU #3: Using 163800 MB
GPU #4: Using 163800 MB
GPU #5: Using 163800 MB
GPU #6: Using 163800 MB
GPU #7: Using 163800 MB
Creating random matrices
Matrices created
3587 (3943948 Gflops/s) - 3363 (3697657 Gflops/s) - 2405 (2644325 Gflops/s) - 2868 (3153399 Gflops/s) - 2955 (3249056 Gflops/s) - 2361 (2595946 Gflops/s) - 2846 (3129210 Gflops/s) - 2848 (3131409 Gflops/s) | Temperatures: 57°C - 58°C - 59°C - 61°C - 57°C - 56°C - 62°C - 61°C | Throttling: None - None - None - None - None - None - None - None
3778 (4153954 Gflops/s) - 3770 (4145158 Gflops/s) - 3771 (4146258 Gflops/s) - 3773 (4148457 Gflops/s) - 3779 (4155054 Gflops/s) - 3773 (4148457 Gflops/s) - 3771 (4146258 Gflops/s) - 3778 (4153954 Gflops/s) | Temperatures: 60°C - 61°C - 64°C - 64°C - 61°C - 60°C - 65°C - 65°C | Throttling: None - None - None - None - None - None - None - None
3774 (4149556 Gflops/s) - 3766 (4140760 Gflops/s) - 3770 (4145158 Gflops/s) - 3774 (4149556 Gflops/s) - 3776 (4151755 Gflops/s) - 3771 (4146258 Gflops/s) - 3766 (4140760 Gflops/s) - 3761 (4135263 Gflops/s) | Temperatures: 61°C - 63°C - 66°C - 67°C - 62°C - 62°C - 67°C - 67°C | Throttling: None - None - None - None - None - None - None - None
3775 (4150656 Gflops/s) - 3767 (4141860 Gflops/s) - 3768 (4142959 Gflops/s) - 3773 (4148457 Gflops/s) - 3773 (4148457 Gflops/s) - 3771 (4146258 Gflops/s) - 3759 (4133064 Gflops/s) - 3757 (4130865 Gflops/s) | Temperatures: 62°C - 63°C - 67°C - 68°C - 63°C - 63°C - 69°C - 68°C | Throttling: None - None - None - None - None - None - None - None
3779 (4155054 Gflops/s) - 3771 (4146258 Gflops/s) - 3770 (4145158 Gflops/s) - 3777 (4152855 Gflops/s) - 3775 (4150656 Gflops/s) - 3776 (4151755 Gflops/s) - 3761 (4135263 Gflops/s) - 3759 (4133064 Gflops/s) | Temperatures: 62°C - 64°C - 68°C - 69°C - 64°C - 63°C - 69°C - 69°C | Throttling: None - None - None - None - None - None - None - None
3775 (4150656 Gflops/s) - 3767 (4141860 Gflops/s) - 3762 (4136362 Gflops/s) - 3773 (4148457 Gflops/s) - 3768 (4142959 Gflops/s) - 3772 (4147357 Gflops/s) - 3756 (4129765 Gflops/s) - 3755 (4128666 Gflops/s) | Temperatures: 63°C - 64°C - 69°C - 69°C - 64°C - 63°C - 70°C - 69°C | Throttling: None - None - None - None - None - None - None - None
3775 (4150656 Gflops/s) - 3765 (4139661 Gflops/s) - 3758 (4131964 Gflops/s) - 3774 (4149556 Gflops/s) - 3765 (4139661 Gflops/s) - 3771 (4146258 Gflops/s) - 3749 (4122069 Gflops/s) - 3754 (4127566 Gflops/s) | Temperatures: 63°C - 64°C - 69°C - 70°C - 64°C - 64°C - 70°C - 70°C | Throttling: None - None - None - None - None - None - None - None
3775 (4150656 Gflops/s) - 3765 (4139661 Gflops/s) - 3756 (4129765 Gflops/s) - 3773 (4148457 Gflops/s) - 3764 (4138561 Gflops/s) - 3771 (4146258 Gflops/s) - 3745 (4117671 Gflops/s) - 3751 (4124268 Gflops/s) | Temperatures: 63°C - 65°C - 69°C - 70°C - 65°C - 64°C - 71°C - 70°C | Throttling: None - None - None - None - None - None - None - None
3775 (4150656 Gflops/s) - 3764 (4138561 Gflops/s) - 3753 (4126467 Gflops/s) - 3773 (4148457 Gflops/s) - 3764 (4138561 Gflops/s) - 3772 (4147357 Gflops/s) - 3745 (4117671 Gflops/s) - 3749 (4122069 Gflops/s) | Temperatures: 63°C - 65°C - 70°C - 70°C - 65°C - 64°C - 71°C - 70°C | Throttling: None - None - None - None - None - None - None - None
3778 (4153954 Gflops/s) - 3767 (4141860 Gflops/s) - 3757 (4130865 Gflops/s) - 3777 (4152855 Gflops/s) - 3767 (4141860 Gflops/s) - 3775 (4150656 Gflops/s) - 3746 (4118770 Gflops/s) - 3751 (4124268 Gflops/s) | Temperatures: 63°C - 65°C - 70°C - 70°C - 65°C - 64°C - 71°C - 71°C | Throttling: None - None - None - None - None - None - None - None
3775 (4150656 Gflops/s) - 3764 (4138561 Gflops/s) - 3753 (4126467 Gflops/s) - 3772 (4147357 Gflops/s) - 3763 (4137462 Gflops/s) - 3772 (4147357 Gflops/s) - 3742 (4114372 Gflops/s) - 3746 (4118770 Gflops/s) | Temperatures: 63°C - 65°C - 70°C - 71°C - 65°C - 64°C - 71°C - 71°C | Throttling: None - None - None - None - None - None - None - None
3775 (4150656 Gflops/s) - 3762 (4136362 Gflops/s) - 3751 (4124268 Gflops/s) - 3770 (4145158 Gflops/s) - 3763 (4137462 Gflops/s) - 3772 (4147357 Gflops/s) - 3741 (4113272 Gflops/s) - 3743 (4115472 Gflops/s) | Temperatures: 63°C - 65°C - 70°C - 71°C - 65°C - 64°C - 72°C - 71°C | Throttling: None - None - None - None - None - None - None - None
3775 (4150656 Gflops/s) - 3763 (4137462 Gflops/s) - 3750 (4123168 Gflops/s) - 3768 (4142959 Gflops/s) - 3762 (4136362 Gflops/s) - 3771 (4146258 Gflops/s) - 3741 (4113272 Gflops/s) - 3743 (4115472 Gflops/s) | Temperatures: 63°C - 65°C - 70°C - 71°C - 65°C - 64°C - 72°C - 71°C | Throttling: None - None - None - None - None - None - None - None
3774 (4149556 Gflops/s) - 3762 (4136362 Gflops/s) - 3750 (4123168 Gflops/s) - 3766 (4140760 Gflops/s) - 3763 (4137462 Gflops/s) - 3771 (4146258 Gflops/s) - 3742 (4114372 Gflops/s) - 3743 (4115472 Gflops/s) | Temperatures: 63°C - 65°C - 70°C - 71°C - 64°C - 64°C - 72°C - 71°C | Throttling: None - None - None - None - None - None - None - None
3779 (4155054 Gflops/s) - 3768 (4142959 Gflops/s) - 3754 (4127566 Gflops/s) - 3772 (4147357 Gflops/s) - 3767 (4141860 Gflops/s) - 3776 (4151755 Gflops/s) - 3746 (4118770 Gflops/s) - 3745 (4117671 Gflops/s) | Temperatures: 63°C - 65°C - 70°C - 71°C - 65°C - 64°C - 72°C - 71°C | Throttling: None - None - None - None - None - None - None - None
3776 (4151755 Gflops/s) - 3763 (4137462 Gflops/s) - 3749 (4122069 Gflops/s) - 3767 (4141860 Gflops/s) - 3764 (4138561 Gflops/s) - 3772 (4147357 Gflops/s) - 3742 (4114372 Gflops/s) - 3742 (4114372 Gflops/s) | Temperatures: 63°C - 65°C - 70°C - 71°C - 64°C - 64°C - 72°C - 71°C | Throttling: None - None - None - None - None - None - None - None
3775 (4150656 Gflops/s) - 3764 (4138561 Gflops/s) - 3748 (4120969 Gflops/s) - 3766 (4140760 Gflops/s) - 3764 (4138561 Gflops/s) - 3771 (4146258 Gflops/s) - 3742 (4114372 Gflops/s) - 3745 (4117671 Gflops/s) | Temperatures: 63°C - 64°C - 70°C - 71°C - 64°C - 64°C - 72°C - 71°C | Throttling: None - None - None - None - None - None - None - None
3775 (4150656 Gflops/s) - 3764 (4138561 Gflops/s) - 3749 (4122069 Gflops/s) - 3767 (4141860 Gflops/s) - 3763 (4137462 Gflops/s) - 3772 (4147357 Gflops/s) - 3743 (4115472 Gflops/s) - 3743 (4115472 Gflops/s) | Temperatures: 62°C - 65°C - 70°C - 71°C - 64°C - 64°C - 72°C - 71°C | Throttling: None - None - None - None - None - None - None - None
3775 (4150656 Gflops/s) - 3764 (4138561 Gflops/s) - 3749 (4122069 Gflops/s) - 3764 (4138561 Gflops/s) - 3764 (4138561 Gflops/s) - 3772 (4147357 Gflops/s) - 3741 (4113272 Gflops/s) - 3741 (4113272 Gflops/s) | Temperatures: 62°C - 64°C - 70°C - 71°C - 64°C - 64°C - 72°C - 71°C | Throttling: None - None - None - None - None - None - None - None
3779 (4155054 Gflops/s) - 3767 (4141860 Gflops/s) - 3753 (4126467 Gflops/s) - 3769 (4144059 Gflops/s) - 3766 (4140760 Gflops/s) - 3774 (4149556 Gflops/s) - 3746 (4118770 Gflops/s) - 3746 (4118770 Gflops/s) | Temperatures: 62°C - 64°C - 70°C - 71°C - 64°C - 64°C - 72°C - 71°C | Throttling: None - None - None - None - None - None - None - None
3775 (4150656 Gflops/s) - 3764 (4138561 Gflops/s) - 3749 (4122069 Gflops/s) - 3765 (4139661 Gflops/s) - 3764 (4138561 Gflops/s) - 3772 (4147357 Gflops/s) - 3741 (4113272 Gflops/s) - 3743 (4115472 Gflops/s) | Temperatures: 62°C - 64°C - 70°C - 71°C - 64°C - 64°C - 72°C - 71°C | Throttling: None - None - None - None - None - None - None - None
3775 (4150656 Gflops/s) - 3764 (4138561 Gflops/s) - 3748 (4120969 Gflops/s) - 3768 (4142959 Gflops/s) - 3764 (4138561 Gflops/s) - 3771 (4146258 Gflops/s) - 3743 (4115472 Gflops/s) - 3743 (4115472 Gflops/s) | Temperatures: 63°C - 65°C - 70°C - 71°C - 64°C - 64°C - 72°C - 71°C | Throttling: None - None - None - None - None - None - None - None
3774 (4149556 Gflops/s) - 3762 (4136362 Gflops/s) - 3748 (4120969 Gflops/s) - 3763 (4137462 Gflops/s) - 3763 (4137462 Gflops/s) - 3771 (4146258 Gflops/s) - 3740 (4112173 Gflops/s) - 3740 (4112173 Gflops/s) | Temperatures: 63°C - 65°C - 70°C - 71°C - 64°C - 64°C - 72°C - 71°C | Throttling: None - None - None - None - None - None - None - None
3775 (4150656 Gflops/s) - 3763 (4137462 Gflops/s) - 3749 (4122069 Gflops/s) - 3763 (4137462 Gflops/s) - 3763 (4137462 Gflops/s) - 3772 (4147357 Gflops/s) - 3742 (4114372 Gflops/s) - 3741 (4113272 Gflops/s) | Temperatures: 63°C - 65°C - 70°C - 71°C - 64°C - 64°C - 72°C - 71°C | Throttling: None - None - None - None - None - None - None - None
3779 (4155054 Gflops/s) - 3766 (4140760 Gflops/s) - 3752 (4125367 Gflops/s) - 3766 (4140760 Gflops/s) - 3767 (4141860 Gflops/s) - 3775 (4150656 Gflops/s) - 3746 (4118770 Gflops/s) - 3745 (4117671 Gflops/s) | Temperatures: 63°C - 65°C - 70°C - 71°C - 65°C - 64°C - 72°C - 71°C | Throttling: None - None - None - None - None - None - None - None
3775 (4150656 Gflops/s) - 3763 (4137462 Gflops/s) - 3747 (4119870 Gflops/s) - 3763 (4137462 Gflops/s) - 3765 (4139661 Gflops/s) - 3772 (4147357 Gflops/s) - 3741 (4113272 Gflops/s) - 3739 (4111073 Gflops/s) | Temperatures: 63°C - 65°C - 70°C - 71°C - 65°C - 64°C - 72°C - 71°C | Throttling: None - None - None - None - None - None - None - None
3775 (4150656 Gflops/s) - 3762 (4136362 Gflops/s) - 3749 (4122069 Gflops/s) - 3763 (4137462 Gflops/s) - 3764 (4138561 Gflops/s) - 3772 (4147357 Gflops/s) - 3743 (4115472 Gflops/s) - 3740 (4112173 Gflops/s) | Temperatures: 63°C - 65°C - 71°C - 71°C - 65°C - 64°C - 72°C - 71°C | Throttling: None - None - None - None - None - None - None - None
3775 (4150656 Gflops/s) - 3763 (4137462 Gflops/s) - 3747 (4119870 Gflops/s) - 3761 (4135263 Gflops/s) - 3762 (4136362 Gflops/s) - 3772 (4147357 Gflops/s) - 3740 (4112173 Gflops/s) - 3740 (4112173 Gflops/s) | Temperatures: 63°C - 65°C - 71°C - 71°C - 65°C - 64°C - 72°C - 71°C | Throttling: None - None - None - None - None - None - None - None
3774 (4149556 Gflops/s) - 3761 (4135263 Gflops/s) - 3747 (4119870 Gflops/s) - 3761 (4135263 Gflops/s) - 3762 (4136362 Gflops/s) - 3771 (4146258 Gflops/s) - 3741 (4113272 Gflops/s) - 3739 (4111073 Gflops/s) | Temperatures: 63°C - 65°C - 71°C - 71°C - 65°C - 64°C - 72°C - 71°C | Throttling: None - None - None - None - None - None - None - None
3774 (4149556 Gflops/s) - 3763 (4137462 Gflops/s) - 3746 (4118770 Gflops/s) - 3759 (4133064 Gflops/s) - 3761 (4135263 Gflops/s) - 3771 (4146258 Gflops/s) - 3741 (4113272 Gflops/s) - 3738 (4109974 Gflops/s) | Temperatures: 63°C - 65°C - 71°C - 71°C - 65°C - 64°C - 72°C - 71°C | Throttling: None - None - None - None - None - None - None - None
3778 (4153954 Gflops/s) - 3766 (4140760 Gflops/s) - 3750 (4123168 Gflops/s) - 3764 (4138561 Gflops/s) - 3765 (4139661 Gflops/s) - 3776 (4151755 Gflops/s) - 3743 (4115472 Gflops/s) - 3740 (4112173 Gflops/s) | Temperatures: 63°C - 65°C - 71°C - 71°C - 65°C - 64°C - 72°C - 71°C | Throttling: None - None - None - None - None - None - None - None
3775 (4150656 Gflops/s) - 3762 (4136362 Gflops/s) - 3747 (4119870 Gflops/s) - 3760 (4134163 Gflops/s) - 3762 (4136362 Gflops/s) - 3772 (4147357 Gflops/s) - 3741 (4113272 Gflops/s) - 3737 (4108874 Gflops/s) | Temperatures: 63°C - 65°C - 71°C - 71°C - 65°C - 64°C - 72°C - 71°C | Throttling: None - None - None - None - None - None - None - None
3774 (4149556 Gflops/s) - 3761 (4135263 Gflops/s) - 3747 (4119870 Gflops/s) - 3759 (4133064 Gflops/s) - 3763 (4137462 Gflops/s) - 3772 (4147357 Gflops/s) - 3740 (4112173 Gflops/s) - 3736 (4107775 Gflops/s) | Temperatures: 63°C - 65°C - 71°C - 71°C - 65°C - 64°C - 72°C - 71°C | Throttling: None - None - None - None - None - None - None - None
3774 (4149556 Gflops/s) - 3762 (4136362 Gflops/s) - 3746 (4118770 Gflops/s) - 3759 (4133064 Gflops/s) - 3760 (4134163 Gflops/s) - 3772 (4147357 Gflops/s) - 3740 (4112173 Gflops/s) - 3735 (4106675 Gflops/s) | Temperatures: 63°C - 65°C - 71°C - 71°C - 65°C - 64°C - 73°C - 71°C | Throttling: None - None - None - None - None - None - None - None
3774 (4149556 Gflops/s) - 3761 (4135263 Gflops/s) - 3746 (4118770 Gflops/s) - 3760 (4134163 Gflops/s) - 3761 (4135263 Gflops/s) - 3771 (4146258 Gflops/s) - 3739 (4111073 Gflops/s) - 3735 (4106675 Gflops/s) | Temperatures: 63°C - 65°C - 71°C - 71°C - 65°C - 64°C - 73°C - 71°C | Throttling: None - None - None - None - None - None - None - None
3774 (4149556 Gflops/s) - 3759 (4133064 Gflops/s) - 3747 (4119870 Gflops/s) - 3759 (4133064 Gflops/s) - 3761 (4135263 Gflops/s) - 3772 (4147357 Gflops/s) - 3740 (4112173 Gflops/s) - 3736 (4107775 Gflops/s) | Temperatures: 63°C - 65°C - 71°C - 71°C - 65°C - 64°C - 72°C - 71°C | Throttling: None - None - None - None - None - None - None - None
3778 (4153954 Gflops/s) - 3766 (4140760 Gflops/s) - 3749 (4122069 Gflops/s) - 3763 (4137462 Gflops/s) - 3765 (4139661 Gflops/s) - 3775 (4150656 Gflops/s) - 3740 (4112173 Gflops/s) - 3738 (4109974 Gflops/s) | Temperatures: 63°C - 65°C - 71°C - 71°C - 65°C - 64°C - 73°C - 71°C | Throttling: None - None - None - None - None - None - None - None
3775 (4150656 Gflops/s) - 3761 (4135263 Gflops/s) - 3747 (4119870 Gflops/s) - 3759 (4133064 Gflops/s) - 3761 (4135263 Gflops/s) - 3773 (4148457 Gflops/s) - 3740 (4112173 Gflops/s) - 3735 (4106675 Gflops/s) | Temperatures: 63°C - 65°C - 71°C - 71°C - 65°C - 64°C - 73°C - 72°C | Throttling: None - None - None - None - None - None - None - None
3774 (4149556 Gflops/s) - 3761 (4135263 Gflops/s) - 3745 (4117671 Gflops/s) - 3758 (4131964 Gflops/s) - 3761 (4135263 Gflops/s) - 3771 (4146258 Gflops/s) - 3739 (4111073 Gflops/s) - 3733 (4104476 Gflops/s) | Temperatures: 63°C - 65°C - 71°C - 71°C - 65°C - 64°C - 73°C - 71°C | Throttling: None - None - None - None - None - None - None - None
3773 (4148457 Gflops/s) - 3759 (4133064 Gflops/s) - 3746 (4118770 Gflops/s) - 3758 (4131964 Gflops/s) - 3760 (4134163 Gflops/s) - 3772 (4147357 Gflops/s) - 3736 (4107775 Gflops/s) - 3734 (4105576 Gflops/s) | Temperatures: 63°C - 65°C - 71°C - 71°C - 65°C - 64°C - 73°C - 71°C | Throttling: None - None - None - None - None - None - None - None
3774 (4149556 Gflops/s) - 3758 (4131964 Gflops/s) - 3746 (4118770 Gflops/s) - 3758 (4131964 Gflops/s) - 3762 (4136362 Gflops/s) - 3771 (4146258 Gflops/s) - 3738 (4109974 Gflops/s) - 3733 (4104476 Gflops/s) | Temperatures: 63°C - 65°C - 71°C - 71°C - 65°C - 64°C - 73°C - 72°C | Throttling: None - None - None - None - None - None - None - None
3777 (4152855 Gflops/s) - 3765 (4139661 Gflops/s) - 3749 (4122069 Gflops/s) - 3763 (4137462 Gflops/s) - 3764 (4138561 Gflops/s) - 3776 (4151755 Gflops/s) - 3743 (4115472 Gflops/s) - 3736 (4107775 Gflops/s) | Temperatures: 63°C - 65°C - 71°C - 72°C - 65°C - 65°C - 73°C - 72°C | Throttling: None - None - None - None - None - None - None - None
3774 (4149556 Gflops/s) - 3760 (4134163 Gflops/s) - 3745 (4117671 Gflops/s) - 3758 (4131964 Gflops/s) - 3760 (4134163 Gflops/s) - 3772 (4147357 Gflops/s) - 3738 (4109974 Gflops/s) - 3733 (4104476 Gflops/s) | Temperatures: 63°C - 65°C - 71°C - 72°C - 65°C - 65°C - 73°C - 72°C | Throttling: None - None - None - None - None - None - None - None
3774 (4149556 Gflops/s) - 3760 (4134163 Gflops/s) - 3746 (4118770 Gflops/s) - 3759 (4133064 Gflops/s) - 3761 (4135263 Gflops/s) - 3772 (4147357 Gflops/s) - 3738 (4109974 Gflops/s) - 3733 (4104476 Gflops/s) | Temperatures: 63°C - 65°C - 71°C - 72°C - 65°C - 65°C - 73°C - 72°C | Throttling: None - None - None - None - None - None - None - None
3773 (4148457 Gflops/s) - 3759 (4133064 Gflops/s) - 3746 (4118770 Gflops/s) - 3758 (4131964 Gflops/s) - 3758 (4131964 Gflops/s) - 3771 (4146258 Gflops/s) - 3737 (4108874 Gflops/s) - 3731 (4102277 Gflops/s) | Temperatures: 63°C - 65°C - 71°C - 72°C - 65°C - 65°C - 73°C - 72°C | Throttling: None - None - None - None - None - None - None - None
3773 (4148457 Gflops/s) - 3761 (4135263 Gflops/s) - 3746 (4118770 Gflops/s) - 3758 (4131964 Gflops/s) - 3760 (4134163 Gflops/s) - 3771 (4146258 Gflops/s) - 3738 (4109974 Gflops/s) - 3731 (4102277 Gflops/s) | Temperatures: 64°C - 66°C - 71°C - 72°C - 65°C - 65°C - 73°C - 72°C | Throttling: None - None - None - None - None - None - None - None
3773 (4148457 Gflops/s) - 3759 (4133064 Gflops/s) - 3744 (4116571 Gflops/s) - 3758 (4131964 Gflops/s) - 3760 (4134163 Gflops/s) - 3771 (4146258 Gflops/s) - 3738 (4109974 Gflops/s) - 3730 (4101178 Gflops/s) | Temperatures: 64°C - 66°C - 71°C - 72°C - 65°C - 65°C - 73°C - 72°C | Throttling: None - None - None - None - None - None - None - None
3777 (4152855 Gflops/s) - 3761 (4135263 Gflops/s) - 3749 (4122069 Gflops/s) - 3761 (4135263 Gflops/s) - 3763 (4137462 Gflops/s) - 3776 (4151755 Gflops/s) - 3741 (4113272 Gflops/s) - 3735 (4106675 Gflops/s) | Temperatures: 64°C - 66°C - 71°C - 72°C - 65°C - 65°C - 73°C - 72°C | Throttling: None - None - None - None - None - None - None - None
3773 (4148457 Gflops/s) - 3759 (4133064 Gflops/s) - 3744 (4116571 Gflops/s) - 3758 (4131964 Gflops/s) - 3758 (4131964 Gflops/s) - 3771 (4146258 Gflops/s) - 3737 (4108874 Gflops/s) - 3729 (4100078 Gflops/s) | Temperatures: 64°C - 66°C - 71°C - 72°C - 65°C - 65°C - 73°C - 72°C | Throttling: None - None - None - None - None - None - None - None
3772 (4147357 Gflops/s) - 3757 (4130865 Gflops/s) - 3744 (4116571 Gflops/s) - 3758 (4131964 Gflops/s) - 3759 (4133064 Gflops/s) - 3772 (4147357 Gflops/s) - 3738 (4109974 Gflops/s) - 3730 (4101178 Gflops/s) | Temperatures: 64°C - 66°C - 71°C - 72°C - 65°C - 65°C - 73°C - 72°C | Throttling: None - None - None - None - None - None - None - None
3773 (4148457 Gflops/s) - 3759 (4133064 Gflops/s) - 3744 (4116571 Gflops/s) - 3757 (4130865 Gflops/s) - 3759 (4133064 Gflops/s) - 3771 (4146258 Gflops/s) - 3737 (4108874 Gflops/s) - 3729 (4100078 Gflops/s) | Temperatures: 64°C - 66°C - 72°C - 72°C - 66°C - 65°C - 73°C - 72°C | Throttling: None - None - None - None - None - None - None - None
3772 (4147357 Gflops/s) - 3757 (4130865 Gflops/s) - 3744 (4116571 Gflops/s) - 3757 (4130865 Gflops/s) - 3759 (4133064 Gflops/s) - 3772 (4147357 Gflops/s) - 3736 (4107775 Gflops/s) - 3730 (4101178 Gflops/s) | Temperatures: 64°C - 66°C - 72°C - 72°C - 66°C - 65°C - 73°C - 72°C | Throttling: None - None - None - None - None - None - None - None
3773 (4148457 Gflops/s) - 3757 (4130865 Gflops/s) - 3742 (4114372 Gflops/s) - 3758 (4131964 Gflops/s) - 3759 (4133064 Gflops/s) - 3771 (4146258 Gflops/s) - 3736 (4107775 Gflops/s) - 3729 (4100078 Gflops/s) | Temperatures: 64°C - 66°C - 72°C - 72°C - 66°C - 65°C - 73°C - 72°C | Throttling: None - None - None - None - None - None - None - None
3772 (4147357 Gflops/s) - 3758 (4131964 Gflops/s) - 3744 (4116571 Gflops/s) - 3757 (4130865 Gflops/s) - 3758 (4131964 Gflops/s) - 3772 (4147357 Gflops/s) - 3735 (4106675 Gflops/s) - 3728 (4098979 Gflops/s) | Temperatures: 64°C - 66°C - 72°C - 72°C - 66°C - 65°C - 73°C - 72°C | Throttling: None - None - None - None - None - None - None - None
3776 (4151755 Gflops/s) - 3758 (4131964 Gflops/s) - 3748 (4120969 Gflops/s) - 3761 (4135263 Gflops/s) - 3762 (4136362 Gflops/s) - 3775 (4150656 Gflops/s) - 3739 (4111073 Gflops/s) - 3731 (4102277 Gflops/s) | Temperatures: 64°C - 66°C - 72°C - 72°C - 66°C - 65°C - 73°C - 72°C | Throttling: None - None - None - None - None - None - None - None
3772 (4147357 Gflops/s) - 3758 (4131964 Gflops/s) - 3743 (4115472 Gflops/s) - 3757 (4130865 Gflops/s) - 3757 (4130865 Gflops/s) - 3771 (4146258 Gflops/s) - 3734 (4105576 Gflops/s) - 3727 (4097879 Gflops/s) | Temperatures: 64°C - 66°C - 72°C - 72°C - 66°C - 65°C - 73°C - 72°C | Throttling: None - None - None - None - None - None - None - None
3773 (4148457 Gflops/s) - 3756 (4129765 Gflops/s) - 3744 (4116571 Gflops/s) - 3757 (4130865 Gflops/s) - 3759 (4133064 Gflops/s) - 3771 (4146258 Gflops/s) - 3737 (4108874 Gflops/s) - 3728 (4098979 Gflops/s) | Temperatures: 64°C - 66°C - 72°C - 72°C - 66°C - 65°C - 73°C - 72°C | Throttling: None - None - None - None - None - None - None - None
3772 (4147357 Gflops/s) - 3753 (4126467 Gflops/s) - 3743 (4115472 Gflops/s) - 3757 (4130865 Gflops/s) - 3756 (4129765 Gflops/s) - 3771 (4146258 Gflops/s) - 3732 (4103377 Gflops/s) - 3727 (4097879 Gflops/s) | Temperatures: 64°C - 66°C - 72°C - 72°C - 66°C - 65°C - 73°C - 72°C | Throttling: None - None - None - None - None - None - None - None
3770 (4145158 Gflops/s) - 3756 (4129765 Gflops/s) - 3742 (4114372 Gflops/s) - 3757 (4130865 Gflops/s) - 3756 (4129765 Gflops/s) - 3772 (4147357 Gflops/s) - 3737 (4108874 Gflops/s) - 3726 (4096780 Gflops/s) | Temperatures: 64°C - 66°C - 72°C - 72°C - 66°C - 65°C - 73°C - 72°C | Throttling: None - None - None - None - None - None - None - None
3776 (4151755 Gflops/s) - 3759 (4133064 Gflops/s) - 3746 (4118770 Gflops/s) - 3761 (4135263 Gflops/s) - 3762 (4136362 Gflops/s) - 3775 (4150656 Gflops/s) - 3739 (4111073 Gflops/s) - 3730 (4101178 Gflops/s) | Temperatures: 64°C - 66°C - 72°C - 72°C - 66°C - 65°C - 74°C - 72°C | Throttling: None - None - None - None - None - None - None - None
3772 (4147357 Gflops/s) - 3755 (4128666 Gflops/s) - 3742 (4114372 Gflops/s) - 3756 (4129765 Gflops/s) - 3758 (4131964 Gflops/s) - 3771 (4146258 Gflops/s) - 3734 (4105576 Gflops/s) - 3728 (4098979 Gflops/s) | Temperatures: 64°C - 66°C - 72°C - 72°C - 66°C - 65°C - 73°C - 72°C | Throttling: None - None - None - None - None - None - None - None
3771 (4146258 Gflops/s) - 3755 (4128666 Gflops/s) - 3742 (4114372 Gflops/s) - 3758 (4131964 Gflops/s) - 3758 (4131964 Gflops/s) - 3772 (4147357 Gflops/s) - 3735 (4106675 Gflops/s) - 3726 (4096780 Gflops/s) | Temperatures: 64°C - 66°C - 72°C - 72°C - 66°C - 65°C - 73°C - 72°C | Throttling: None - None - None - None - None - None - None - None
3771 (4146258 Gflops/s) - 3754 (4127566 Gflops/s) - 3743 (4115472 Gflops/s) - 3756 (4129765 Gflops/s) - 3757 (4130865 Gflops/s) - 3771 (4146258 Gflops/s) - 3732 (4103377 Gflops/s) - 3725 (4095680 Gflops/s) | Temperatures: 64°C - 66°C - 72°C - 72°C - 66°C - 65°C - 74°C - 72°C | Throttling: None - None - None - None - None - None - None - None
3772 (4147357 Gflops/s) - 3756 (4129765 Gflops/s) - 3743 (4115472 Gflops/s) - 3757 (4130865 Gflops/s) - 3757 (4130865 Gflops/s) - 3772 (4147357 Gflops/s) - 3733 (4104476 Gflops/s) - 3727 (4097879 Gflops/s) | Temperatures: 64°C - 66°C - 72°C - 72°C - 66°C - 65°C - 74°C - 72°C | Throttling: None - None - None - None - None - None - None - None
3771 (4146258 Gflops/s) - 3755 (4128666 Gflops/s) - 3741 (4113272 Gflops/s) - 3757 (4130865 Gflops/s) - 3757 (4130865 Gflops/s) - 3771 (4146258 Gflops/s) - 3730 (4101178 Gflops/s) - 3724 (4094581 Gflops/s) | Temperatures: 64°C - 66°C - 72°C - 72°C - 66°C - 65°C - 74°C - 72°C | Throttling: None - None - None - None - None - None - None - None
3775 (4150656 Gflops/s) - 3756 (4129765 Gflops/s) - 3743 (4115472 Gflops/s) - 3760 (4134163 Gflops/s) - 3761 (4135263 Gflops/s) - 3776 (4151755 Gflops/s) - 3737 (4108874 Gflops/s) - 3729 (4100078 Gflops/s) | Temperatures: 64°C - 66°C - 72°C - 72°C - 66°C - 65°C - 74°C - 72°C | Throttling: None - None - None - None - None - None - None - None
3771 (4146258 Gflops/s) - 3753 (4126467 Gflops/s) - 3742 (4114372 Gflops/s) - 3757 (4130865 Gflops/s) - 3754 (4127566 Gflops/s) - 3771 (4146258 Gflops/s) - 3731 (4102277 Gflops/s) - 3724 (4094581 Gflops/s) | Temperatures: 64°C - 66°C - 72°C - 72°C - 66°C - 65°C - 74°C - 72°C | Throttling: None - None - None - None - None - None - None - None
3771 (4146258 Gflops/s) - 3754 (4127566 Gflops/s) - 3741 (4113272 Gflops/s) - 3757 (4130865 Gflops/s) - 3757 (4130865 Gflops/s) - 3771 (4146258 Gflops/s) - 3733 (4104476 Gflops/s) - 3724 (4094581 Gflops/s) | Temperatures: 64°C - 66°C - 72°C - 72°C - 66°C - 65°C - 74°C - 72°C | Throttling: None - None - None - None - None - None - None - None
3771 (4146258 Gflops/s) - 3755 (4128666 Gflops/s) - 3741 (4113272 Gflops/s) - 3757 (4130865 Gflops/s) - 3754 (4127566 Gflops/s) - 3772 (4147357 Gflops/s) - 3729 (4100078 Gflops/s) - 3723 (4093481 Gflops/s) | Temperatures: 64°C - 66°C - 72°C - 72°C - 66°C - 66°C - 74°C - 72°C | Throttling: None - None - None - None - None - None - None - None
3771 (4146258 Gflops/s) - 3753 (4126467 Gflops/s) - 3741 (4113272 Gflops/s) - 3756 (4129765 Gflops/s) - 3756 (4129765 Gflops/s) - 3771 (4146258 Gflops/s) - 3730 (4101178 Gflops/s) - 3726 (4096780 Gflops/s) | Temperatures: 64°C - 66°C - 72°C - 73°C - 66°C - 66°C - 74°C - 73°C | Throttling: None - None - None - None - None - None - None - None
3770 (4145158 Gflops/s) - 3753 (4126467 Gflops/s) - 3739 (4111073 Gflops/s) - 3757 (4130865 Gflops/s) - 3755 (4128666 Gflops/s) - 3772 (4147357 Gflops/s) - 3732 (4103377 Gflops/s) - 3722 (4092382 Gflops/s) | Temperatures: 64°C - 66°C - 72°C - 72°C - 66°C - 66°C - 74°C - 73°C | Throttling: None - None - None - None - None - None - None - None
3773 (4148457 Gflops/s) - 3758 (4131964 Gflops/s) - 3745 (4117671 Gflops/s) - 3760 (4134163 Gflops/s) - 3761 (4135263 Gflops/s) - 3775 (4150656 Gflops/s) - 3734 (4105576 Gflops/s) - 3726 (4096780 Gflops/s) | Temperatures: 64°C - 66°C - 72°C - 73°C - 66°C - 66°C - 74°C - 73°C | Throttling: None - None - None - None - None - None - None - None
3771 (4146258 Gflops/s) - 3753 (4126467 Gflops/s) - 3740 (4112173 Gflops/s) - 3757 (4130865 Gflops/s) - 3756 (4129765 Gflops/s) - 3772 (4147357 Gflops/s) - 3731 (4102277 Gflops/s) - 3725 (4095680 Gflops/s) | Temperatures: 64°C - 66°C - 72°C - 73°C - 66°C - 66°C - 74°C - 73°C | Throttling: None - None - None - None - None - None - None - None
3770 (4145158 Gflops/s) - 3753 (4126467 Gflops/s) - 3740 (4112173 Gflops/s) - 3757 (4130865 Gflops/s) - 3757 (4130865 Gflops/s) - 3771 (4146258 Gflops/s) - 3730 (4101178 Gflops/s) - 3722 (4092382 Gflops/s) | Temperatures: 64°C - 66°C - 72°C - 73°C - 66°C - 66°C - 74°C - 73°C | Throttling: None - None - None - None - None - None - None - None
3769 (4144059 Gflops/s) - 3752 (4125367 Gflops/s) - 3741 (4113272 Gflops/s) - 3756 (4129765 Gflops/s) - 3756 (4129765 Gflops/s) - 3772 (4147357 Gflops/s) - 3728 (4098979 Gflops/s) - 3723 (4093481 Gflops/s) | Temperatures: 64°C - 66°C - 72°C - 73°C - 66°C - 66°C - 74°C - 73°C | Throttling: None - None - None - None - None - None - None - None
3770 (4145158 Gflops/s) - 3750 (4123168 Gflops/s) - 3741 (4113272 Gflops/s) - 3757 (4130865 Gflops/s) - 3756 (4129765 Gflops/s) - 3773 (4148457 Gflops/s) - 3733 (4104476 Gflops/s) - 3722 (4092382 Gflops/s) | Temperatures: 64°C - 66°C - 72°C - 73°C - 66°C - 66°C - 74°C - 73°C | Throttling: None - None - None - None - None - None - None - None
3769 (4144059 Gflops/s) - 3752 (4125367 Gflops/s) - 3741 (4113272 Gflops/s) - 3756 (4129765 Gflops/s) - 3755 (4128666 Gflops/s) - 3772 (4147357 Gflops/s) - 3730 (4101178 Gflops/s) - 3721 (4091282 Gflops/s) | Temperatures: 64°C - 66°C - 72°C - 73°C - 66°C - 66°C - 74°C - 73°C | Throttling: None - None - None - None - None - None - None - None
3771 (4146258 Gflops/s) - 3753 (4126467 Gflops/s) - 3740 (4112173 Gflops/s) - 3757 (4130865 Gflops/s) - 3756 (4129765 Gflops/s) - 3773 (4148457 Gflops/s) - 3729 (4100078 Gflops/s) - 3723 (4093481 Gflops/s) | Temperatures: 64°C - 66°C - 72°C - 73°C - 66°C - 66°C - 74°C - 73°C | Throttling: None - None - None - None - None - None - None - None
3772 (4147357 Gflops/s) - 3753 (4126467 Gflops/s) - 3744 (4116571 Gflops/s) - 3760 (4134163 Gflops/s) - 3760 (4134163 Gflops/s) - 3776 (4151755 Gflops/s) - 3731 (4102277 Gflops/s) - 3726 (4096780 Gflops/s) | Temperatures: 64°C - 66°C - 72°C - 73°C - 66°C - 66°C - 74°C - 73°C | Throttling: None - None - None - None - None - None - None - None
3770 (4145158 Gflops/s) - 3752 (4125367 Gflops/s) - 3740 (4112173 Gflops/s) - 3756 (4129765 Gflops/s) - 3755 (4128666 Gflops/s) - 3772 (4147357 Gflops/s) - 3729 (4100078 Gflops/s) - 3721 (4091282 Gflops/s) | Temperatures: 65°C - 66°C - 72°C - 73°C - 66°C - 66°C - 74°C - 73°C | Throttling: None - None - None - None - None - None - None - None
3770 (4145158 Gflops/s) - 3752 (4125367 Gflops/s) - 3740 (4112173 Gflops/s) - 3756 (4129765 Gflops/s) - 3754 (4127566 Gflops/s) - 3773 (4148457 Gflops/s) - 3729 (4100078 Gflops/s) - 3721 (4091282 Gflops/s) | Temperatures: 65°C - 67°C - 72°C - 73°C - 66°C - 66°C - 74°C - 73°C | Throttling: None - None - None - None - None - None - None - None
3769 (4144059 Gflops/s) - 3752 (4125367 Gflops/s) - 3741 (4113272 Gflops/s) - 3756 (4129765 Gflops/s) - 3756 (4129765 Gflops/s) - 3772 (4147357 Gflops/s) - 3726 (4096780 Gflops/s) - 3720 (4090183 Gflops/s) | Temperatures: 65°C - 67°C - 72°C - 73°C - 66°C - 66°C - 74°C - 73°C | Throttling: None - None - None - None - None - None - None - None
3769 (4144059 Gflops/s) - 3750 (4123168 Gflops/s) - 3740 (4112173 Gflops/s) - 3757 (4130865 Gflops/s) - 3755 (4128666 Gflops/s) - 3772 (4147357 Gflops/s) - 3727 (4097879 Gflops/s) - 3722 (4092382 Gflops/s) | Temperatures: 65°C - 67°C - 72°C - 73°C - 66°C - 66°C - 74°C - 73°C | Throttling: None - None - None - None - None - None - None - None
3769 (4144059 Gflops/s) - 3753 (4126467 Gflops/s) - 3739 (4111073 Gflops/s) - 3757 (4130865 Gflops/s) - 3755 (4128666 Gflops/s) - 3773 (4148457 Gflops/s) - 3728 (4098979 Gflops/s) - 3721 (4091282 Gflops/s) | Temperatures: 65°C - 67°C - 72°C - 73°C - 66°C - 66°C - 74°C - 73°C | Throttling: None - None - None - None - None - None - None - None
3773 (4148457 Gflops/s) - 3755 (4128666 Gflops/s) - 3744 (4116571 Gflops/s) - 3759 (4133064 Gflops/s) - 3760 (4134163 Gflops/s) - 3776 (4151755 Gflops/s) - 3735 (4106675 Gflops/s) - 3724 (4094581 Gflops/s) | Temperatures: 65°C - 67°C - 72°C - 73°C - 66°C - 66°C - 74°C - 73°C | Throttling: None - None - None - None - None - None - None - None
3769 (4144059 Gflops/s) - 3749 (4122069 Gflops/s) - 3740 (4112173 Gflops/s) - 3756 (4129765 Gflops/s) - 3755 (4128666 Gflops/s) - 3773 (4148457 Gflops/s) - 3724 (4094581 Gflops/s) - 3718 (4087984 Gflops/s) | Temperatures: 65°C - 67°C - 72°C - 73°C - 67°C - 66°C - 74°C - 73°C | Throttling: None - None - None - None - None - None - None - None
3769 (4144059 Gflops/s) - 3750 (4123168 Gflops/s) - 3739 (4111073 Gflops/s) - 3756 (4129765 Gflops/s) - 3754 (4127566 Gflops/s) - 3772 (4147357 Gflops/s) - 3726 (4096780 Gflops/s) - 3718 (4087984 Gflops/s) | Temperatures: 65°C - 67°C - 72°C - 73°C - 66°C - 66°C - 74°C - 73°C | Throttling: None - None - None - None - None - None - None - None
3769 (4144059 Gflops/s) - 3750 (4123168 Gflops/s) - 3740 (4112173 Gflops/s) - 3756 (4129765 Gflops/s) - 3754 (4127566 Gflops/s) - 3772 (4147357 Gflops/s) - 3727 (4097879 Gflops/s) - 3716 (4085785 Gflops/s) | Temperatures: 65°C - 67°C - 73°C - 73°C - 67°C - 66°C - 74°C - 73°C | Throttling: None - None - None - None - None - None - None - None
3770 (4145158 Gflops/s) - 3750 (4123168 Gflops/s) - 3740 (4112173 Gflops/s) - 3756 (4129765 Gflops/s) - 3756 (4129765 Gflops/s) - 3772 (4147357 Gflops/s) - 3726 (4096780 Gflops/s) - 3717 (4086884 Gflops/s) | Temperatures: 65°C - 67°C - 73°C - 73°C - 67°C - 66°C - 74°C - 73°C | Throttling: None - None - None - None - None - None - None - None
3768 (4142959 Gflops/s) - 3749 (4122069 Gflops/s) - 3740 (4112173 Gflops/s) - 3756 (4129765 Gflops/s) - 3756 (4129765 Gflops/s) - 3773 (4148457 Gflops/s) - 3726 (4096780 Gflops/s) - 3716 (4085785 Gflops/s) | Temperatures: 65°C - 67°C - 73°C - 73°C - 67°C - 66°C - 74°C - 73°C | Throttling: None - None - None - None - None - None - None - None
3772 (4147357 Gflops/s) - 3754 (4127566 Gflops/s) - 3743 (4115472 Gflops/s) - 3760 (4134163 Gflops/s) - 3759 (4133064 Gflops/s) - 3775 (4150656 Gflops/s) - 3729 (4100078 Gflops/s) - 3721 (4091282 Gflops/s) | Temperatures: 65°C - 67°C - 73°C - 73°C - 67°C - 66°C - 74°C - 73°C | Throttling: None - None - None - None - None - None - None - None
3767 (4141860 Gflops/s) - 3750 (4123168 Gflops/s) - 3740 (4112173 Gflops/s) - 3756 (4129765 Gflops/s) - 3755 (4128666 Gflops/s) - 3773 (4148457 Gflops/s) - 3727 (4097879 Gflops/s) - 3717 (4086884 Gflops/s) | Temperatures: 65°C - 67°C - 73°C - 73°C - 67°C - 66°C - 74°C - 73°C | Throttling: None - None - None - None - None - None - None - None
3769 (4144059 Gflops/s) - 3749 (4122069 Gflops/s) - 3739 (4111073 Gflops/s) - 3755 (4128666 Gflops/s) - 3754 (4127566 Gflops/s) - 3772 (4147357 Gflops/s) - 3725 (4095680 Gflops/s) - 3715 (4084685 Gflops/s) | Temperatures: 65°C - 67°C - 73°C - 73°C - 67°C - 66°C - 74°C - 73°C | Throttling: None - None - None - None - None - None - None - None
3768 (4142959 Gflops/s) - 3748 (4120969 Gflops/s) - 3740 (4112173 Gflops/s) - 3756 (4129765 Gflops/s) - 3754 (4127566 Gflops/s) - 3772 (4147357 Gflops/s) - 3725 (4095680 Gflops/s) - 3716 (4085785 Gflops/s) | Temperatures: 65°C - 67°C - 73°C - 73°C - 67°C - 66°C - 74°C - 73°C | Throttling: None - None - None - None - None - None - None - None
3768 (4142959 Gflops/s) - 3750 (4123168 Gflops/s) - 3739 (4111073 Gflops/s) - 3755 (4128666 Gflops/s) - 3756 (4129765 Gflops/s) - 3772 (4147357 Gflops/s) - 3725 (4095680 Gflops/s) - 3714 (4083586 Gflops/s) | Temperatures: 65°C - 67°C - 73°C - 73°C - 67°C - 66°C - 74°C - 73°C | Throttling: None - None - None - None - None - None - None - None
3768 (4142959 Gflops/s) - 3749 (4122069 Gflops/s) - 3740 (4112173 Gflops/s) - 3755 (4128666 Gflops/s) - 3754 (4127566 Gflops/s) - 3772 (4147357 Gflops/s) - 3726 (4096780 Gflops/s) - 3715 (4084685 Gflops/s) | Temperatures: 65°C - 67°C - 73°C - 73°C - 67°C - 66°C - 74°C - 73°C | Throttling: None - None - None - None - None - None - None - None
3771 (4146258 Gflops/s) - 3754 (4127566 Gflops/s) - 3743 (4115472 Gflops/s) - 3760 (4134163 Gflops/s) - 3758 (4131964 Gflops/s) - 3776 (4151755 Gflops/s) - 3728 (4098979 Gflops/s) - 3721 (4091282 Gflops/s) | Temperatures: 65°C - 67°C - 73°C - 73°C - 67°C - 66°C - 74°C - 73°C | Throttling: None - None - None - None - None - None - None - None
3767 (4141860 Gflops/s) - 3750 (4123168 Gflops/s) - 3740 (4112173 Gflops/s) - 3755 (4128666 Gflops/s) - 3757 (4130865 Gflops/s) - 3771 (4146258 Gflops/s) - 3723 (4093481 Gflops/s) - 3715 (4084685 Gflops/s) | Temperatures: 65°C - 67°C - 73°C - 73°C - 67°C - 66°C - 74°C - 73°C | Throttling: None - None - None - None - None - None - None - None
3768 (4142959 Gflops/s) - 3749 (4122069 Gflops/s) - 3739 (4111073 Gflops/s) - 3756 (4129765 Gflops/s) - 3755 (4128666 Gflops/s) - 3772 (4147357 Gflops/s) - 3724 (4094581 Gflops/s) - 3715 (4084685 Gflops/s) | Temperatures: 65°C - 67°C - 73°C - 73°C - 67°C - 66°C - 74°C - 73°C | Throttling: None - None - None - None - None - None - None - None
3768 (4142959 Gflops/s) - 3748 (4120969 Gflops/s) - 3740 (4112173 Gflops/s) - 3755 (4128666 Gflops/s) - 3754 (4127566 Gflops/s) - 3772 (4147357 Gflops/s) - 3722 (4092382 Gflops/s) - 3716 (4085785 Gflops/s) | Temperatures: 65°C - 67°C - 73°C - 73°C - 67°C - 66°C - 74°C - 73°C | Throttling: None - None - None - None - None - None - None - None
3767 (4141860 Gflops/s) - 3750 (4123168 Gflops/s) - 3740 (4112173 Gflops/s) - 3756 (4129765 Gflops/s) - 3755 (4128666 Gflops/s) - 3772 (4147357 Gflops/s) - 3724 (4094581 Gflops/s) - 3714 (4083586 Gflops/s) | Temperatures: 65°C - 67°C - 73°C - 73°C - 67°C - 66°C - 74°C - 73°C | Throttling: None - None - None - None - None - None - None - None
3767 (4141860 Gflops/s) - 3749 (4122069 Gflops/s) - 3740 (4112173 Gflops/s) - 3756 (4129765 Gflops/s) - 3755 (4128666 Gflops/s) - 3771 (4146258 Gflops/s) - 3721 (4091282 Gflops/s) - 3716 (4085785 Gflops/s) | Temperatures: 65°C - 67°C - 73°C - 73°C - 67°C - 66°C - 74°C - 73°C | Throttling: None - None - None - None - None - None - None - None
3772 (4147357 Gflops/s) - 3751 (4124268 Gflops/s) - 3743 (4115472 Gflops/s) - 3757 (4130865 Gflops/s) - 3757 (4130865 Gflops/s) - 3775 (4150656 Gflops/s) - 3723 (4093481 Gflops/s) - 3718 (4087984 Gflops/s) | Temperatures: 65°C - 67°C - 73°C - 73°C - 67°C - 66°C - 74°C - 73°C | Throttling: None - None - None - None - None - None - None - None
3766 (4140760 Gflops/s) - 3748 (4120969 Gflops/s) - 3740 (4112173 Gflops/s) - 3756 (4129765 Gflops/s) - 3755 (4128666 Gflops/s) - 3770 (4145158 Gflops/s) - 3725 (4095680 Gflops/s) - 3715 (4084685 Gflops/s) | Temperatures: 65°C - 67°C - 73°C - 73°C - 67°C - 66°C - 75°C - 73°C | Throttling: None - None - None - None - None - None - None - None
3768 (4142959 Gflops/s) - 3748 (4120969 Gflops/s) - 3740 (4112173 Gflops/s) - 3754 (4127566 Gflops/s) - 3754 (4127566 Gflops/s) - 3772 (4147357 Gflops/s) - 3720 (4090183 Gflops/s) - 3715 (4084685 Gflops/s) | Temperatures: 65°C - 67°C - 73°C - 73°C - 67°C - 66°C - 75°C - 73°C | Throttling: None - None - None - None - None - None - None - None
3766 (4140760 Gflops/s) - 3747 (4119870 Gflops/s) - 3739 (4111073 Gflops/s) - 3755 (4128666 Gflops/s) - 3755 (4128666 Gflops/s) - 3771 (4146258 Gflops/s) - 3720 (4090183 Gflops/s) - 3715 (4084685 Gflops/s) | Temperatures: 65°C - 67°C - 73°C - 73°C - 67°C - 66°C - 75°C - 73°C | Throttling: None - None - None - None - None - None - None - None
3768 (4142959 Gflops/s) - 3748 (4120969 Gflops/s) - 3740 (4112173 Gflops/s) - 3755 (4128666 Gflops/s) - 3754 (4127566 Gflops/s) - 3771 (4146258 Gflops/s) - 3721 (4091282 Gflops/s) - 3715 (4084685 Gflops/s) | Temperatures: 65°C - 67°C - 73°C - 73°C - 67°C - 67°C - 75°C - 73°C | Throttling: None - None - None - None - None - None - None - None
3767 (4141860 Gflops/s) - 3746 (4118770 Gflops/s) - 3740 (4112173 Gflops/s) - 3754 (4127566 Gflops/s) - 3754 (4127566 Gflops/s) - 3771 (4146258 Gflops/s) - 3721 (4091282 Gflops/s) - 3715 (4084685 Gflops/s) | Temperatures: 65°C - 67°C - 73°C - 73°C - 67°C - 67°C - 75°C - 73°C | Throttling: None - None - None - None - None - None - None - None
3771 (4146258 Gflops/s) - 3752 (4125367 Gflops/s) - 3743 (4115472 Gflops/s) - 3759 (4133064 Gflops/s) - 3758 (4131964 Gflops/s) - 3775 (4150656 Gflops/s) - 3722 (4092382 Gflops/s) - 3719 (4089083 Gflops/s) | Temperatures: 65°C - 67°C - 73°C - 73°C - 67°C - 67°C - 75°C - 73°C | Throttling: None - None - None - None - None - None - None - None
3768 (4142959 Gflops/s) - 3748 (4120969 Gflops/s) - 3739 (4111073 Gflops/s) - 3756 (4129765 Gflops/s) - 3755 (4128666 Gflops/s) - 3771 (4146258 Gflops/s) - 3720 (4090183 Gflops/s) - 3714 (4083586 Gflops/s) | Temperatures: 65°C - 67°C - 73°C - 73°C - 67°C - 67°C - 75°C - 73°C | Throttling: None - None - None - None - None - None - None - None
3766 (4140760 Gflops/s) - 3749 (4122069 Gflops/s) - 3740 (4112173 Gflops/s) - 3753 (4126467 Gflops/s) - 3754 (4127566 Gflops/s) - 3772 (4147357 Gflops/s) - 3722 (4092382 Gflops/s) - 3715 (4084685 Gflops/s) | Temperatures: 65°C - 67°C - 73°C - 73°C - 67°C - 66°C - 75°C - 73°C | Throttling: None - None - None - None - None - None - None - None
3768 (4142959 Gflops/s) - 3749 (4122069 Gflops/s) - 3739 (4111073 Gflops/s) - 3756 (4129765 Gflops/s) - 3754 (4127566 Gflops/s) - 3771 (4146258 Gflops/s) - 3719 (4089083 Gflops/s) - 3715 (4084685 Gflops/s) | Temperatures: 65°C - 67°C - 73°C - 73°C - 67°C - 66°C - 75°C - 73°C | Throttling: None - None - None - None - None - None - None - None
3767 (4141860 Gflops/s) - 3748 (4120969 Gflops/s) - 3740 (4112173 Gflops/s) - 3756 (4129765 Gflops/s) - 3754 (4127566 Gflops/s) - 3770 (4145158 Gflops/s) - 3722 (4092382 Gflops/s) - 3715 (4084685 Gflops/s) | Temperatures: 65°C - 67°C - 73°C - 73°C - 67°C - 66°C - 75°C - 73°C | Throttling: None - None - None - None - None - None - None - None
3770 (4145158 Gflops/s) - 3754 (4127566 Gflops/s) - 3743 (4115472 Gflops/s) - 3758 (4131964 Gflops/s) - 3759 (4133064 Gflops/s) - 3776 (4151755 Gflops/s) - 3721 (4091282 Gflops/s) - 3719 (4089083 Gflops/s) | Temperatures: 65°C - 67°C - 73°C - 73°C - 67°C - 66°C - 75°C - 73°C | Throttling: None - None - None - None - None - None - None - None
3768 (4142959 Gflops/s) - 3749 (4122069 Gflops/s) - 3740 (4112173 Gflops/s) - 3756 (4129765 Gflops/s) - 3754 (4127566 Gflops/s) - 3772 (4147357 Gflops/s) - 3722 (4092382 Gflops/s) - 3715 (4084685 Gflops/s) | Temperatures: 65°C - 67°C - 73°C - 73°C - 67°C - 66°C - 75°C - 73°C | Throttling: None - None - None - None - None - None - None - None
3768 (4142959 Gflops/s) - 3749 (4122069 Gflops/s) - 3740 (4112173 Gflops/s) - 3756 (4129765 Gflops/s) - 3755 (4128666 Gflops/s) - 3772 (4147357 Gflops/s) - 3718 (4087984 Gflops/s) - 3715 (4084685 Gflops/s) | Temperatures: 65°C - 67°C - 73°C - 73°C - 67°C - 66°C - 74°C - 73°C | Throttling: None - None - None - None - None - None - None - None
3767 (4141860 Gflops/s) - 3750 (4123168 Gflops/s) - 3740 (4112173 Gflops/s) - 3755 (4128666 Gflops/s) - 3754 (4127566 Gflops/s) - 3773 (4148457 Gflops/s) - 3722 (4092382 Gflops/s) - 3716 (4085785 Gflops/s) | Temperatures: 65°C - 67°C - 73°C - 73°C - 67°C - 66°C - 75°C - 73°C | Throttling: None - None - None - None - None - None - None - None
3768 (4142959 Gflops/s) - 3750 (4123168 Gflops/s) - 3740 (4112173 Gflops/s) - 3756 (4129765 Gflops/s) - 3755 (4128666 Gflops/s) - 3773 (4148457 Gflops/s) - 3719 (4089083 Gflops/s) - 3716 (4085785 Gflops/s) | Temperatures: 65°C - 67°C - 73°C - 73°C - 67°C - 66°C - 75°C - 73°C | Throttling: None - None - None - None - None - None - None - None
3767 (4141860 Gflops/s) - 3748 (4120969 Gflops/s) - 3739 (4111073 Gflops/s) - 3756 (4129765 Gflops/s) - 3755 (4128666 Gflops/s) - 3772 (4147357 Gflops/s) - 3719 (4089083 Gflops/s) - 3714 (4083586 Gflops/s) | Temperatures: 65°C - 67°C - 73°C - 73°C - 67°C - 66°C - 75°C - 73°C | Throttling: None - None - None - None - None - None - None - None
3768 (4142959 Gflops/s) - 3748 (4120969 Gflops/s) - 3740 (4112173 Gflops/s) - 3756 (4129765 Gflops/s) - 3755 (4128666 Gflops/s) - 3772 (4147357 Gflops/s) - 3722 (4092382 Gflops/s) - 3715 (4084685 Gflops/s) | Temperatures: 65°C - 67°C - 73°C - 73°C - 67°C - 66°C - 75°C - 73°C | Throttling: None - None - None - None - None - None - None - None
3769 (4144059 Gflops/s) - 3751 (4124268 Gflops/s) - 3740 (4112173 Gflops/s) - 3756 (4129765 Gflops/s) - 3755 (4128666 Gflops/s) - 3773 (4148457 Gflops/s) - 3716 (4085785 Gflops/s) - 3716 (4085785 Gflops/s) | Temperatures: 65°C - 67°C - 73°C - 73°C - 67°C - 66°C - 74°C - 73°C | Throttling: None - None - None - None - None - None - None - None
3768 (4142959 Gflops/s) - 3749 (4122069 Gflops/s) - 3739 (4111073 Gflops/s) - 3755 (4128666 Gflops/s) - 3755 (4128666 Gflops/s) - 3772 (4147357 Gflops/s) - 3721 (4091282 Gflops/s) - 3715 (4084685 Gflops/s) | Temperatures: 65°C - 67°C - 73°C - 73°C - 67°C - 66°C - 74°C - 73°C | Throttling: None - None - None - None - None - None - None - None
3772 (4147357 Gflops/s) - 3753 (4126467 Gflops/s) - 3744 (4116571 Gflops/s) - 3759 (4133064 Gflops/s) - 3758 (4131964 Gflops/s) - 3776 (4151755 Gflops/s) - 3725 (4095680 Gflops/s) - 3718 (4087984 Gflops/s) | Temperatures: 65°C - 67°C - 73°C - 73°C - 67°C - 66°C - 74°C - 73°C | Throttling: None - None - None - None - None - None - None - None
3769 (4144059 Gflops/s) - 3750 (4123168 Gflops/s) - 3740 (4112173 Gflops/s) - 3756 (4129765 Gflops/s) - 3754 (4127566 Gflops/s) - 3772 (4147357 Gflops/s) - 3721 (4091282 Gflops/s) - 3715 (4084685 Gflops/s) | Temperatures: 65°C - 67°C - 73°C - 73°C - 67°C - 66°C - 75°C - 73°C | Throttling: None - None - None - None - None - None - None - None
3768 (4142959 Gflops/s) - 3749 (4122069 Gflops/s) - 3739 (4111073 Gflops/s) - 3756 (4129765 Gflops/s) - 3755 (4128666 Gflops/s) - 3773 (4148457 Gflops/s) - 3719 (4089083 Gflops/s) - 3715 (4084685 Gflops/s) | Temperatures: 65°C - 67°C - 73°C - 73°C - 67°C - 66°C - 75°C - 73°C | Throttling: None - None - None - None - None - None - None - None
3768 (4142959 Gflops/s) - 3749 (4122069 Gflops/s) - 3740 (4112173 Gflops/s) - 3756 (4129765 Gflops/s) - 3754 (4127566 Gflops/s) - 3772 (4147357 Gflops/s) - 3719 (4089083 Gflops/s) - 3715 (4084685 Gflops/s) | Temperatures: 65°C - 67°C - 73°C - 73°C - 67°C - 66°C - 74°C - 73°C | Throttling: None - None - None - None - None - None - None - None
3768 (4142959 Gflops/s) - 3750 (4123168 Gflops/s) - 3740 (4112173 Gflops/s) - 3755 (4128666 Gflops/s) - 3755 (4128666 Gflops/s) - 3772 (4147357 Gflops/s) - 3721 (4091282 Gflops/s) - 3716 (4085785 Gflops/s) | Temperatures: 65°C - 67°C - 73°C - 73°C - 67°C - 66°C - 74°C - 73°C | Throttling: None - None - None - None - None - None - None - None
3769 (4144059 Gflops/s) - 3749 (4122069 Gflops/s) - 3739 (4111073 Gflops/s) - 3756 (4129765 Gflops/s) - 3754 (4127566 Gflops/s) - 3773 (4148457 Gflops/s) - 3722 (4092382 Gflops/s) - 3715 (4084685 Gflops/s) | Temperatures: 65°C - 67°C - 73°C - 73°C - 67°C - 66°C - 75°C - 73°C | Throttling: None - None - None - None - None - None - None - None
3768 (4142959 Gflops/s) - 3749 (4122069 Gflops/s) - 3740 (4112173 Gflops/s) - 3756 (4129765 Gflops/s) - 3755 (4128666 Gflops/s) - 3772 (4147357 Gflops/s) - 3720 (4090183 Gflops/s) - 3716 (4085785 Gflops/s) | Temperatures: 65°C - 67°C - 73°C - 73°C - 67°C - 66°C - 74°C - 73°C | Throttling: None - None - None - None - None - None - None - None
3772 (4147357 Gflops/s) - 3753 (4126467 Gflops/s) - 3743 (4115472 Gflops/s) - 3759 (4133064 Gflops/s) - 3758 (4131964 Gflops/s) - 3776 (4151755 Gflops/s) - 3726 (4096780 Gflops/s) - 3718 (4087984 Gflops/s) | Temperatures: 65°C - 67°C - 73°C - 73°C - 67°C - 66°C - 74°C - 73°C | Throttling: None - None - None - None - None - None - None - None
3768 (4142959 Gflops/s) - 3753 (4126467 Gflops/s) - 3740 (4112173 Gflops/s) - 3756 (4129765 Gflops/s) - 3754 (4127566 Gflops/s) - 3772 (4147357 Gflops/s) - 3725 (4095680 Gflops/s) - 3715 (4084685 Gflops/s) | Temperatures: 65°C - 67°C - 73°C - 73°C - 67°C - 66°C - 74°C - 73°C | Throttling: None - None - None - None - None - None - None - None
3769 (4144059 Gflops/s) - 3751 (4124268 Gflops/s) - 3740 (4112173 Gflops/s) - 3756 (4129765 Gflops/s) - 3755 (4128666 Gflops/s) - 3773 (4148457 Gflops/s) - 3721 (4091282 Gflops/s) - 3715 (4084685 Gflops/s) | Temperatures: 65°C - 67°C - 73°C - 73°C - 67°C - 66°C - 74°C - 73°C | Throttling: None - None - None - None - None - None - None - None
3767 (4141860 Gflops/s) - 3750 (4123168 Gflops/s) - 3740 (4112173 Gflops/s) - 3756 (4129765 Gflops/s) - 3754 (4127566 Gflops/s) - 3772 (4147357 Gflops/s) - 3719 (4089083 Gflops/s) - 3715 (4084685 Gflops/s) | Temperatures: 65°C - 67°C - 73°C - 73°C - 67°C - 66°C - 75°C - 73°C | Throttling: None - None - None - None - None - None - None - None
3769 (4144059 Gflops/s) - 3750 (4123168 Gflops/s) - 3739 (4111073 Gflops/s) - 3756 (4129765 Gflops/s) - 3754 (4127566 Gflops/s) - 3772 (4147357 Gflops/s) - 3724 (4094581 Gflops/s) - 3715 (4084685 Gflops/s) | Temperatures: 65°C - 67°C - 73°C - 73°C - 67°C - 66°C - 74°C - 73°C | Throttling: None - None - None - None - None - None - None - None
3768 (4142959 Gflops/s) - 3751 (4124268 Gflops/s) - 3740 (4112173 Gflops/s) - 3756 (4129765 Gflops/s) - 3755 (4128666 Gflops/s) - 3772 (4147357 Gflops/s) - 3720 (4090183 Gflops/s) - 3715 (4084685 Gflops/s) | Temperatures: 65°C - 67°C - 73°C - 73°C - 67°C - 66°C - 74°C - 73°C | Throttling: None - None - None - None - None - None - None - None
3767 (4141860 Gflops/s) - 3749 (4122069 Gflops/s) - 3740 (4112173 Gflops/s) - 3756 (4129765 Gflops/s) - 3754 (4127566 Gflops/s) - 3771 (4146258 Gflops/s) - 3719 (4089083 Gflops/s) - 3715 (4084685 Gflops/s) | Temperatures: 65°C - 67°C - 73°C - 73°C - 67°C - 66°C - 74°C - 73°C | Throttling: None - None - None - None - None - None - None - None
3773 (4148457 Gflops/s) - 3756 (4129765 Gflops/s) - 3744 (4116571 Gflops/s) - 3760 (4134163 Gflops/s) - 3758 (4131964 Gflops/s) - 3777 (4152855 Gflops/s) - 3728 (4098979 Gflops/s) - 3719 (4089083 Gflops/s) | Temperatures: 65°C - 67°C - 73°C - 73°C - 67°C - 66°C - 74°C - 73°C | Throttling: None - None - None - None - None - None - None - None
3767 (4141860 Gflops/s) - 3750 (4123168 Gflops/s) - 3739 (4111073 Gflops/s) - 3756 (4129765 Gflops/s) - 3755 (4128666 Gflops/s) - 3772 (4147357 Gflops/s) - 3719 (4089083 Gflops/s) - 3715 (4084685 Gflops/s) | Temperatures: 65°C - 67°C - 73°C - 73°C - 67°C - 66°C - 74°C - 73°C | Throttling: None - None - None - None - None - None - None - None
3769 (4144059 Gflops/s) - 3752 (4125367 Gflops/s) - 3740 (4112173 Gflops/s) - 3756 (4129765 Gflops/s) - 3754 (4127566 Gflops/s) - 3773 (4148457 Gflops/s) - 3720 (4090183 Gflops/s) - 3715 (4084685 Gflops/s) | Temperatures: 65°C - 67°C - 73°C - 73°C - 67°C - 66°C - 74°C - 73°C | Throttling: None - None - None - None - None - None - None - None
3768 (4142959 Gflops/s) - 3750 (4123168 Gflops/s) - 3739 (4111073 Gflops/s) - 3756 (4129765 Gflops/s) - 3755 (4128666 Gflops/s) - 3772 (4147357 Gflops/s) - 3723 (4093481 Gflops/s) - 3716 (4085785 Gflops/s) | Temperatures: 65°C - 67°C - 73°C - 73°C - 67°C - 66°C - 74°C - 73°C | Throttling: None - None - None - None - None - None - None - None
3768 (4142959 Gflops/s) - 3750 (4123168 Gflops/s) - 3740 (4112173 Gflops/s) - 3756 (4129765 Gflops/s) - 3755 (4128666 Gflops/s) - 3773 (4148457 Gflops/s) - 3724 (4094581 Gflops/s) - 3716 (4085785 Gflops/s) | Temperatures: 65°C - 67°C - 73°C - 73°C - 67°C - 66°C - 74°C - 73°C | Throttling: None - None - None - None - None - None - None - None
3767 (4141860 Gflops/s) - 3751 (4124268 Gflops/s) - 3740 (4112173 Gflops/s) - 3755 (4128666 Gflops/s) - 3755 (4128666 Gflops/s) - 3771 (4146258 Gflops/s) - 3722 (4092382 Gflops/s) - 3715 (4084685 Gflops/s) | Temperatures: 65°C - 67°C - 73°C - 73°C - 67°C - 66°C - 74°C - 73°C | Throttling: None - None - None - None - None - None - None - None
3768 (4142959 Gflops/s) - 3751 (4124268 Gflops/s) - 3740 (4112173 Gflops/s) - 3757 (4130865 Gflops/s) - 3755 (4128666 Gflops/s) - 3774 (4149556 Gflops/s) - 3722 (4092382 Gflops/s) - 3715 (4084685 Gflops/s) | Temperatures: 65°C - 67°C - 73°C - 73°C - 67°C - 66°C - 74°C - 73°C | Throttling: None - None - None - None - None - None - None - None
3768 (4142959 Gflops/s) - 3749 (4122069 Gflops/s) - 3740 (4112173 Gflops/s) - 3756 (4129765 Gflops/s) - 3755 (4128666 Gflops/s) - 3772 (4147357 Gflops/s) - 3719 (4089083 Gflops/s) - 3715 (4084685 Gflops/s) | Temperatures: 65°C - 67°C - 73°C - 73°C - 67°C - 66°C - 74°C - 73°C | Throttling: None - None - None - None - None - None - None - None
3769 (4144059 Gflops/s) - 3750 (4123168 Gflops/s) - 3739 (4111073 Gflops/s) - 3755 (4128666 Gflops/s) - 3754 (4127566 Gflops/s) - 3772 (4147357 Gflops/s) - 3723 (4093481 Gflops/s) - 3715 (4084685 Gflops/s) | Temperatures: 65°C - 67°C - 73°C - 73°C - 67°C - 66°C - 74°C - 73°C | Throttling: None - None - None - None - None - None - None - None
3771 (4146258 Gflops/s) - 3755 (4128666 Gflops/s) - 3744 (4116571 Gflops/s) - 3759 (4133064 Gflops/s) - 3759 (4133064 Gflops/s) - 3777 (4152855 Gflops/s) - 3724 (4094581 Gflops/s) - 3721 (4091282 Gflops/s) | Temperatures: 65°C - 67°C - 73°C - 73°C - 66°C - 66°C - 74°C - 73°C | Throttling: None - None - None - None - None - None - None - None
3768 (4142959 Gflops/s) - 3750 (4123168 Gflops/s) - 3740 (4112173 Gflops/s) - 3756 (4129765 Gflops/s) - 3754 (4127566 Gflops/s) - 3772 (4147357 Gflops/s) - 3721 (4091282 Gflops/s) - 3716 (4085785 Gflops/s) | Temperatures: 65°C - 67°C - 73°C - 73°C - 67°C - 66°C - 74°C - 73°C | Throttling: None - None - None - None - None - None - None - None
3769 (4144059 Gflops/s) - 3750 (4123168 Gflops/s) - 3740 (4112173 Gflops/s) - 3756 (4129765 Gflops/s) - 3755 (4128666 Gflops/s) - 3773 (4148457 Gflops/s) - 3722 (4092382 Gflops/s) - 3715 (4084685 Gflops/s) | Temperatures: 65°C - 67°C - 73°C - 73°C - 67°C - 66°C - 74°C - 73°C | Throttling: None - None - None - None - None - None - None - None
3768 (4142959 Gflops/s) - 3750 (4123168 Gflops/s) - 3739 (4111073 Gflops/s) - 3755 (4128666 Gflops/s) - 3755 (4128666 Gflops/s) - 3772 (4147357 Gflops/s) - 3723 (4093481 Gflops/s) - 3715 (4084685 Gflops/s) | Temperatures: 64°C - 67°C - 73°C - 73°C - 67°C - 66°C - 74°C - 73°C | Throttling: None - None - None - None - None - None - None - None
3769 (4144059 Gflops/s) - 3752 (4125367 Gflops/s) - 3740 (4112173 Gflops/s) - 3756 (4129765 Gflops/s) - 3755 (4128666 Gflops/s) - 3773 (4148457 Gflops/s) - 3726 (4096780 Gflops/s) - 3716 (4085785 Gflops/s) | Temperatures: 64°C - 66°C - 73°C - 73°C - 66°C - 66°C - 74°C - 73°C | Throttling: None - None - None - None - None - None - None - None
3769 (4144059 Gflops/s) - 3750 (4123168 Gflops/s) - 3739 (4111073 Gflops/s) - 3756 (4129765 Gflops/s) - 3754 (4127566 Gflops/s) - 3772 (4147357 Gflops/s) - 3725 (4095680 Gflops/s) - 3714 (4083586 Gflops/s) | Temperatures: 64°C - 66°C - 73°C - 73°C - 66°C - 66°C - 74°C - 73°C | Throttling: None - None - None - None - None - None - None - None
3769 (4144059 Gflops/s) - 3752 (4125367 Gflops/s) - 3740 (4112173 Gflops/s) - 3756 (4129765 Gflops/s) - 3757 (4130865 Gflops/s) - 3772 (4147357 Gflops/s) - 3721 (4091282 Gflops/s) - 3719 (4089083 Gflops/s) | Temperatures: 64°C - 66°C - 73°C - 73°C - 66°C - 66°C - 74°C - 73°C | Throttling: None - None - None - None - None - None - None - None
3775 (4150656 Gflops/s) - 3757 (4130865 Gflops/s) - 3744 (4116571 Gflops/s) - 3761 (4135263 Gflops/s) - 3758 (4131964 Gflops/s) - 3777 (4152855 Gflops/s) - 3732 (4103377 Gflops/s) - 3722 (4092382 Gflops/s) | Temperatures: 64°C - 66°C - 72°C - 73°C - 66°C - 66°C - 74°C - 73°C | Throttling: None - None - None - None - None - None - None - None
3769 (4144059 Gflops/s) - 3754 (4127566 Gflops/s) - 3739 (4111073 Gflops/s) - 3755 (4128666 Gflops/s) - 3755 (4128666 Gflops/s) - 3773 (4148457 Gflops/s) - 3724 (4094581 Gflops/s) - 3716 (4085785 Gflops/s) | Temperatures: 64°C - 66°C - 72°C - 73°C - 66°C - 66°C - 74°C - 73°C | Throttling: None - None - None - None - None - None - None - None
3770 (4145158 Gflops/s) - 3754 (4127566 Gflops/s) - 3740 (4112173 Gflops/s) - 3757 (4130865 Gflops/s) - 3754 (4127566 Gflops/s) - 3772 (4147357 Gflops/s) - 3729 (4100078 Gflops/s) - 3718 (4087984 Gflops/s) | Temperatures: 64°C - 66°C - 72°C - 73°C - 66°C - 65°C - 74°C - 73°C | Throttling: None - None - None - None - None - None - None - None
3770 (4145158 Gflops/s) - 3752 (4125367 Gflops/s) - 3740 (4112173 Gflops/s) - 3757 (4130865 Gflops/s) - 3757 (4130865 Gflops/s) - 3773 (4148457 Gflops/s) - 3728 (4098979 Gflops/s) - 3720 (4090183 Gflops/s) | Temperatures: 64°C - 66°C - 72°C - 73°C - 66°C - 65°C - 74°C - 73°C | Throttling: None - None - None - None - None - None - None - None
3771 (4146258 Gflops/s) - 3753 (4126467 Gflops/s) - 3739 (4111073 Gflops/s) - 3756 (4129765 Gflops/s) - 3756 (4129765 Gflops/s) - 3773 (4148457 Gflops/s) - 3728 (4098979 Gflops/s) - 3721 (4091282 Gflops/s) | Temperatures: 64°C - 66°C - 72°C - 73°C - 66°C - 65°C - 74°C - 73°C | Throttling: None - None - None - None - None - None - None - None
3770 (4145158 Gflops/s) - 3756 (4129765 Gflops/s) - 3740 (4112173 Gflops/s) - 3757 (4130865 Gflops/s) - 3757 (4130865 Gflops/s) - 3773 (4148457 Gflops/s) - 3729 (4100078 Gflops/s) - 3721 (4091282 Gflops/s) | Temperatures: 64°C - 66°C - 72°C - 73°C - 66°C - 65°C - 74°C - 73°C | Throttling: None - None - None - None - None - None - None - None
3771 (4146258 Gflops/s) - 3755 (4128666 Gflops/s) - 3740 (4112173 Gflops/s) - 3757 (4130865 Gflops/s) - 3758 (4131964 Gflops/s) - 3772 (4147357 Gflops/s) - 3728 (4098979 Gflops/s) - 3722 (4092382 Gflops/s) | Temperatures: 64°C - 66°C - 72°C - 72°C - 66°C - 65°C - 74°C - 73°C | Throttling: None - None - None - None - None - None - None - None
3770 (4145158 Gflops/s) - 3756 (4129765 Gflops/s) - 3741 (4113272 Gflops/s) - 3756 (4129765 Gflops/s) - 3756 (4129765 Gflops/s) - 3773 (4148457 Gflops/s) - 3727 (4097879 Gflops/s) - 3722 (4092382 Gflops/s) | Temperatures: 64°C - 66°C - 72°C - 72°C - 66°C - 65°C - 74°C - 72°C | Throttling: None - None - None - None - None - None - None - None
3771 (4146258 Gflops/s) - 3756 (4129765 Gflops/s) - 3741 (4113272 Gflops/s) - 3757 (4130865 Gflops/s) - 3758 (4131964 Gflops/s) - 3772 (4147357 Gflops/s) - 3727 (4097879 Gflops/s) - 3720 (4090183 Gflops/s) | Temperatures: 64°C - 66°C - 72°C - 72°C - 66°C - 65°C - 74°C - 72°C | Throttling: None - None - None - None - None - None - None - None
3774 (4149556 Gflops/s) - 3758 (4131964 Gflops/s) - 3744 (4116571 Gflops/s) - 3761 (4135263 Gflops/s) - 3760 (4134163 Gflops/s) - 3777 (4152855 Gflops/s) - 3733 (4104476 Gflops/s) - 3724 (4094581 Gflops/s) | Temperatures: 64°C - 66°C - 72°C - 72°C - 66°C - 65°C - 74°C - 72°C | Throttling: None - None - None - None - None - None - None - None
3770 (4145158 Gflops/s) - 3755 (4128666 Gflops/s) - 3740 (4112173 Gflops/s) - 3757 (4130865 Gflops/s) - 3757 (4130865 Gflops/s) - 3773 (4148457 Gflops/s) - 3730 (4101178 Gflops/s) - 3724 (4094581 Gflops/s) | Temperatures: 64°C - 66°C - 72°C - 72°C - 66°C - 65°C - 74°C - 72°C | Throttling: None - None - None - None - None - None - None - None
3771 (4146258 Gflops/s) - 3758 (4131964 Gflops/s) - 3741 (4113272 Gflops/s) - 3757 (4130865 Gflops/s) - 3757 (4130865 Gflops/s) - 3773 (4148457 Gflops/s) - 3732 (4103377 Gflops/s) - 3725 (4095680 Gflops/s) | Temperatures: 64°C - 66°C - 72°C - 72°C - 66°C - 65°C - 74°C - 72°C | Throttling: None - None - None - None - None - None - None - None
3772 (4147357 Gflops/s) - 3756 (4129765 Gflops/s) - 3740 (4112173 Gflops/s) - 3756 (4129765 Gflops/s) - 3756 (4129765 Gflops/s) - 3773 (4148457 Gflops/s) - 3732 (4103377 Gflops/s) - 3723 (4093481 Gflops/s) | Temperatures: 64°C - 66°C - 72°C - 72°C - 66°C - 65°C - 74°C - 72°C | Throttling: None - None - None - None - None - None - None - None
3771 (4146258 Gflops/s) - 3754 (4127566 Gflops/s) - 3742 (4114372 Gflops/s) - 3757 (4130865 Gflops/s) - 3758 (4131964 Gflops/s) - 3772 (4147357 Gflops/s) - 3730 (4101178 Gflops/s) - 3726 (4096780 Gflops/s) | Temperatures: 64°C - 66°C - 72°C - 72°C - 66°C - 65°C - 74°C - 72°C | Throttling: None - None - None - None - None - None - None - None
3771 (4146258 Gflops/s) - 3755 (4128666 Gflops/s) - 3741 (4113272 Gflops/s) - 3756 (4129765 Gflops/s) - 3757 (4130865 Gflops/s) - 3773 (4148457 Gflops/s) - 3727 (4097879 Gflops/s) - 3722 (4092382 Gflops/s) | Temperatures: 64°C - 66°C - 72°C - 72°C - 66°C - 65°C - 74°C - 72°C | Throttling: None - None - None - None - None - None - None - None
3776 (4151755 Gflops/s) - 3760 (4134163 Gflops/s) - 3743 (4115472 Gflops/s) - 3761 (4135263 Gflops/s) - 3761 (4135263 Gflops/s) - 3776 (4151755 Gflops/s) - 3735 (4106675 Gflops/s) - 3728 (4098979 Gflops/s) | Temperatures: 64°C - 66°C - 72°C - 72°C - 66°C - 65°C - 74°C - 72°C | Throttling: None - None - None - None - None - None - None - None
3771 (4146258 Gflops/s) - 3755 (4128666 Gflops/s) - 3740 (4112173 Gflops/s) - 3757 (4130865 Gflops/s) - 3757 (4130865 Gflops/s) - 3773 (4148457 Gflops/s) - 3732 (4103377 Gflops/s) - 3725 (4095680 Gflops/s) | Temperatures: 64°C - 66°C - 72°C - 72°C - 66°C - 65°C - 74°C - 72°C | Throttling: None - None - None - None - None - None - None - None
3772 (4147357 Gflops/s) - 3755 (4128666 Gflops/s) - 3740 (4112173 Gflops/s) - 3757 (4130865 Gflops/s) - 3758 (4131964 Gflops/s) - 3772 (4147357 Gflops/s) - 3732 (4103377 Gflops/s) - 3723 (4093481 Gflops/s) | Temperatures: 64°C - 66°C - 72°C - 72°C - 66°C - 65°C - 74°C - 72°C | Throttling: None - None - None - None - None - None - None - None
3771 (4146258 Gflops/s) - 3755 (4128666 Gflops/s) - 3741 (4113272 Gflops/s) - 3757 (4130865 Gflops/s) - 3757 (4130865 Gflops/s) - 3773 (4148457 Gflops/s) - 3730 (4101178 Gflops/s) - 3725 (4095680 Gflops/s) | Temperatures: 64°C - 66°C - 72°C - 72°C - 66°C - 65°C - 74°C - 72°C | Throttling: None - None - None - None - None - None - None - None
3772 (4147357 Gflops/s) - 3758 (4131964 Gflops/s) - 3741 (4113272 Gflops/s) - 3757 (4130865 Gflops/s) - 3757 (4130865 Gflops/s) - 3773 (4148457 Gflops/s) - 3731 (4102277 Gflops/s) - 3727 (4097879 Gflops/s) | Temperatures: 64°C - 66°C - 72°C - 72°C - 66°C - 65°C - 74°C - 72°C | Throttling: None - None - None - None - None - None - None - None
3771 (4146258 Gflops/s) - 3757 (4130865 Gflops/s) - 3743 (4115472 Gflops/s) - 3757 (4130865 Gflops/s) - 3758 (4131964 Gflops/s) - 3772 (4147357 Gflops/s) - 3733 (4104476 Gflops/s) - 3725 (4095680 Gflops/s) | Temperatures: 64°C - 66°C - 72°C - 72°C - 66°C - 65°C - 73°C - 72°C | Throttling: None - None - None - None - None - None - None - None
3771 (4146258 Gflops/s) - 3755 (4128666 Gflops/s) - 3740 (4112173 Gflops/s) - 3757 (4130865 Gflops/s) - 3758 (4131964 Gflops/s) - 3773 (4148457 Gflops/s) - 3731 (4102277 Gflops/s) - 3725 (4095680 Gflops/s) | Temperatures: 64°C - 66°C - 72°C - 72°C - 66°C - 65°C - 73°C - 72°C | Throttling: None - None - None - None - None - None - None - None
3775 (4150656 Gflops/s) - 3760 (4134163 Gflops/s) - 3746 (4118770 Gflops/s) - 3760 (4134163 Gflops/s) - 3761 (4135263 Gflops/s) - 3776 (4151755 Gflops/s) - 3733 (4104476 Gflops/s) - 3731 (4102277 Gflops/s) | Temperatures: 64°C - 66°C - 72°C - 72°C - 65°C - 65°C - 73°C - 72°C | Throttling: None - None - None - None - None - None - None - None
3772 (4147357 Gflops/s) - 3756 (4129765 Gflops/s) - 3742 (4114372 Gflops/s) - 3757 (4130865 Gflops/s) - 3758 (4131964 Gflops/s) - 3772 (4147357 Gflops/s) - 3731 (4102277 Gflops/s) - 3727 (4097879 Gflops/s) | Temperatures: 64°C - 66°C - 72°C - 72°C - 65°C - 65°C - 73°C - 72°C | Throttling: None - None - None - None - None - None - None - None
3773 (4148457 Gflops/s) - 3758 (4131964 Gflops/s) - 3743 (4115472 Gflops/s) - 3757 (4130865 Gflops/s) - 3758 (4131964 Gflops/s) - 3773 (4148457 Gflops/s) - 3734 (4105576 Gflops/s) - 3728 (4098979 Gflops/s) | Temperatures: 64°C - 66°C - 72°C - 72°C - 65°C - 65°C - 73°C - 72°C | Throttling: None - None - None - None - None - None - None - None
3773 (4148457 Gflops/s) - 3759 (4133064 Gflops/s) - 3742 (4114372 Gflops/s) - 3757 (4130865 Gflops/s) - 3758 (4131964 Gflops/s) - 3773 (4148457 Gflops/s) - 3733 (4104476 Gflops/s) - 3728 (4098979 Gflops/s) | Temperatures: 64°C - 66°C - 72°C - 72°C - 65°C - 65°C - 73°C - 72°C | Throttling: None - None - None - None - None - None - None - None
3771 (4146258 Gflops/s) - 3756 (4129765 Gflops/s) - 3742 (4114372 Gflops/s) - 3757 (4130865 Gflops/s) - 3757 (4130865 Gflops/s) - 3772 (4147357 Gflops/s) - 3734 (4105576 Gflops/s) - 3726 (4096780 Gflops/s) | Temperatures: 64°C - 66°C - 72°C - 72°C - 65°C - 65°C - 73°C - 72°C | Throttling: None - None - None - None - None - None - None - None
3773 (4148457 Gflops/s) - 3759 (4133064 Gflops/s) - 3742 (4114372 Gflops/s) - 3758 (4131964 Gflops/s) - 3757 (4130865 Gflops/s) - 3773 (4148457 Gflops/s) - 3734 (4105576 Gflops/s) - 3729 (4100078 Gflops/s) | Temperatures: 64°C - 66°C - 72°C - 72°C - 65°C - 65°C - 73°C - 72°C | Throttling: None - None - None - None - None - None - None - None
3775 (4150656 Gflops/s) - 3762 (4136362 Gflops/s) - 3747 (4119870 Gflops/s) - 3760 (4134163 Gflops/s) - 3763 (4137462 Gflops/s) - 3776 (4151755 Gflops/s) - 3738 (4109974 Gflops/s) - 3732 (4103377 Gflops/s) | Temperatures: 64°C - 66°C - 72°C - 72°C - 65°C - 65°C - 73°C - 72°C | Throttling: None - None - None - None - None - None - None - None
3773 (4148457 Gflops/s) - 3760 (4134163 Gflops/s) - 3742 (4114372 Gflops/s) - 3758 (4131964 Gflops/s) - 3758 (4131964 Gflops/s) - 3773 (4148457 Gflops/s) - 3735 (4106675 Gflops/s) - 3729 (4100078 Gflops/s) | Temperatures: 63°C - 65°C - 72°C - 72°C - 65°C - 65°C - 73°C - 72°C | Throttling: None - None - None - None - None - None - None - None
3772 (4147357 Gflops/s) - 3758 (4131964 Gflops/s) - 3743 (4115472 Gflops/s) - 3757 (4130865 Gflops/s) - 3759 (4133064 Gflops/s) - 3773 (4148457 Gflops/s) - 3734 (4105576 Gflops/s) - 3729 (4100078 Gflops/s) | Temperatures: 63°C - 66°C - 72°C - 72°C - 65°C - 65°C - 73°C - 72°C | Throttling: None - None - None - None - None - None - None - None
3772 (4147357 Gflops/s) - 3758 (4131964 Gflops/s) - 3742 (4114372 Gflops/s) - 3756 (4129765 Gflops/s) - 3758 (4131964 Gflops/s) - 3772 (4147357 Gflops/s) - 3733 (4104476 Gflops/s) - 3728 (4098979 Gflops/s) | Temperatures: 63°C - 65°C - 72°C - 72°C - 65°C - 65°C - 73°C - 72°C | Throttling: None - None - None - None - None - None - None - None
3772 (4147357 Gflops/s) - 3760 (4134163 Gflops/s) - 3744 (4116571 Gflops/s) - 3758 (4131964 Gflops/s) - 3759 (4133064 Gflops/s) - 3773 (4148457 Gflops/s) - 3733 (4104476 Gflops/s) - 3729 (4100078 Gflops/s) | Temperatures: 63°C - 65°C - 72°C - 72°C - 65°C - 65°C - 73°C - 72°C | Throttling: None - None - None - None - None - None - None - None
3773 (4148457 Gflops/s) - 3758 (4131964 Gflops/s) - 3742 (4114372 Gflops/s) - 3757 (4130865 Gflops/s) - 3758 (4131964 Gflops/s) - 3772 (4147357 Gflops/s) - 3735 (4106675 Gflops/s) - 3729 (4100078 Gflops/s) | Temperatures: 63°C - 65°C - 72°C - 72°C - 65°C - 65°C - 73°C - 72°C | Throttling: None - None - None - None - None - None - None - None
3773 (4148457 Gflops/s) - 3756 (4129765 Gflops/s) - 3744 (4116571 Gflops/s) - 3758 (4131964 Gflops/s) - 3758 (4131964 Gflops/s) - 3772 (4147357 Gflops/s) - 3735 (4106675 Gflops/s) - 3728 (4098979 Gflops/s) | Temperatures: 63°C - 65°C - 71°C - 72°C - 65°C - 65°C - 73°C - 72°C | Throttling: None - None - None - None - None - None - None - None
3772 (4147357 Gflops/s) - 3760 (4134163 Gflops/s) - 3745 (4117671 Gflops/s) - 3757 (4130865 Gflops/s) - 3759 (4133064 Gflops/s) - 3772 (4147357 Gflops/s) - 3732 (4103377 Gflops/s) - 3728 (4098979 Gflops/s) | Temperatures: 63°C - 65°C - 72°C - 72°C - 65°C - 65°C - 73°C - 72°C | Throttling: None - None - None - None - None - None - None - None
3778 (4153954 Gflops/s) - 3762 (4136362 Gflops/s) - 3746 (4118770 Gflops/s) - 3761 (4135263 Gflops/s) - 3761 (4135263 Gflops/s) - 3775 (4150656 Gflops/s) - 3740 (4112173 Gflops/s) - 3732 (4103377 Gflops/s) | Temperatures: 63°C - 65°C - 72°C - 72°C - 65°C - 65°C - 73°C - 72°C | Throttling: None - None - None - None - None - None - None - None
3772 (4147357 Gflops/s) - 3757 (4130865 Gflops/s) - 3744 (4116571 Gflops/s) - 3757 (4130865 Gflops/s) - 3759 (4133064 Gflops/s) - 3771 (4146258 Gflops/s) - 3735 (4106675 Gflops/s) - 3729 (4100078 Gflops/s) | Temperatures: 63°C - 65°C - 71°C - 72°C - 65°C - 65°C - 73°C - 72°C | Throttling: None - None - None - None - None - None - None - None
3773 (4148457 Gflops/s) - 3759 (4133064 Gflops/s) - 3744 (4116571 Gflops/s) - 3757 (4130865 Gflops/s) - 3759 (4133064 Gflops/s) - 3772 (4147357 Gflops/s) - 3736 (4107775 Gflops/s) - 3729 (4100078 Gflops/s) | Temperatures: 63°C - 65°C - 72°C - 72°C - 65°C - 65°C - 73°C - 72°C | Throttling: None - None - None - None - None - None - None - None
3773 (4148457 Gflops/s) - 3757 (4130865 Gflops/s) - 3744 (4116571 Gflops/s) - 3758 (4131964 Gflops/s) - 3758 (4131964 Gflops/s) - 3771 (4146258 Gflops/s) - 3737 (4108874 Gflops/s) - 3728 (4098979 Gflops/s) | Temperatures: 63°C - 65°C - 72°C - 72°C - 65°C - 65°C - 73°C - 72°C | Throttling: None - None - None - None - None - None - None - None
3772 (4147357 Gflops/s) - 3757 (4130865 Gflops/s) - 3744 (4116571 Gflops/s) - 3757 (4130865 Gflops/s) - 3758 (4131964 Gflops/s) - 3772 (4147357 Gflops/s) - 3734 (4105576 Gflops/s) - 3730 (4101178 Gflops/s) | Temperatures: 63°C - 65°C - 72°C - 72°C - 65°C - 65°C - 73°C - 72°C | Throttling: None - None - None - None - None - None - None - None
3773 (4148457 Gflops/s) - 3759 (4133064 Gflops/s) - 3744 (4116571 Gflops/s) - 3758 (4131964 Gflops/s) - 3758 (4131964 Gflops/s) - 3772 (4147357 Gflops/s) - 3736 (4107775 Gflops/s) - 3729 (4100078 Gflops/s) | Temperatures: 63°C - 65°C - 72°C - 72°C - 65°C - 65°C - 73°C - 72°C | Throttling: None - None - None - None - None - None - None - None
3776 (4151755 Gflops/s) - 3762 (4136362 Gflops/s) - 3747 (4119870 Gflops/s) - 3761 (4135263 Gflops/s) - 3763 (4137462 Gflops/s) - 3775 (4150656 Gflops/s) - 3740 (4112173 Gflops/s) - 3733 (4104476 Gflops/s) | Temperatures: 63°C - 66°C - 72°C - 72°C - 65°C - 65°C - 73°C - 72°C | Throttling: None - None - None - None - None - None - None - None
3773 (4148457 Gflops/s) - 3759 (4133064 Gflops/s) - 3744 (4116571 Gflops/s) - 3758 (4131964 Gflops/s) - 3759 (4133064 Gflops/s) - 3772 (4147357 Gflops/s) - 3734 (4105576 Gflops/s) - 3729 (4100078 Gflops/s) | Temperatures: 64°C - 66°C - 72°C - 72°C - 65°C - 65°C - 73°C - 71°C | Throttling: None - None - None - None - None - None - None - None
3771 (4146258 Gflops/s) - 3757 (4130865 Gflops/s) - 3742 (4114372 Gflops/s) - 3756 (4129765 Gflops/s) - 3756 (4129765 Gflops/s) - 3770 (4145158 Gflops/s) - 3734 (4105576 Gflops/s) - 3728 (4098979 Gflops/s) | Temperatures: 64°C - 66°C - 72°C - 72°C - 65°C - 65°C - 73°C - 72°C | Throttling: None - None - None - None - None - None - None - None
3772 (4147357 Gflops/s) - 3757 (4130865 Gflops/s) - 3744 (4116571 Gflops/s) - 3757 (4130865 Gflops/s) - 3759 (4133064 Gflops/s) - 3772 (4147357 Gflops/s) - 3735 (4106675 Gflops/s) - 3728 (4098979 Gflops/s) | Temperatures: 64°C - 66°C - 72°C - 72°C - 65°C - 65°C - 73°C - 72°C | Throttling: None - None - None - None - None - None - None - None
3772 (4147357 Gflops/s) - 3759 (4133064 Gflops/s) - 3743 (4115472 Gflops/s) - 3757 (4130865 Gflops/s) - 3757 (4130865 Gflops/s) - 3771 (4146258 Gflops/s) - 3735 (4106675 Gflops/s) - 3728 (4098979 Gflops/s) | Temperatures: 64°C - 66°C - 72°C - 72°C - 65°C - 65°C - 73°C - 72°C | Throttling: None - None - None - None - None - None - None - None
3777 (4152855 Gflops/s) - 3760 (4134163 Gflops/s) - 3746 (4118770 Gflops/s) - 3761 (4135263 Gflops/s) - 3762 (4136362 Gflops/s) - 3775 (4150656 Gflops/s) - 3739 (4111073 Gflops/s) - 3733 (4104476 Gflops/s) | Temperatures: 64°C - 65°C - 72°C - 72°C - 65°C - 65°C - 73°C - 72°C | Throttling: None - None - None - None - None - None - None - None
3772 (4147357 Gflops/s) - 3759 (4133064 Gflops/s) - 3744 (4116571 Gflops/s) - 3757 (4130865 Gflops/s) - 3758 (4131964 Gflops/s) - 3771 (4146258 Gflops/s) - 3734 (4105576 Gflops/s) - 3728 (4098979 Gflops/s) | Temperatures: 64°C - 66°C - 72°C - 72°C - 65°C - 65°C - 73°C - 72°C | Throttling: None - None - None - None - None - None - None - None
3772 (4147357 Gflops/s) - 3757 (4130865 Gflops/s) - 3743 (4115472 Gflops/s) - 3758 (4131964 Gflops/s) - 3757 (4130865 Gflops/s) - 3772 (4147357 Gflops/s) - 3734 (4105576 Gflops/s) - 3730 (4101178 Gflops/s) | Temperatures: 64°C - 66°C - 71°C - 72°C - 65°C - 65°C - 73°C - 72°C | Throttling: None - None - None - None - None - None - None - None
3773 (4148457 Gflops/s) - 3758 (4131964 Gflops/s) - 3744 (4116571 Gflops/s) - 3757 (4130865 Gflops/s) - 3757 (4130865 Gflops/s) - 3772 (4147357 Gflops/s) - 3737 (4108874 Gflops/s) - 3728 (4098979 Gflops/s) | Temperatures: 64°C - 66°C - 72°C - 72°C - 65°C - 65°C - 73°C - 72°C | Throttling: None - None - None - None - None - None - None - None
3772 (4147357 Gflops/s) - 3759 (4133064 Gflops/s) - 3745 (4117671 Gflops/s) - 3758 (4131964 Gflops/s) - 3759 (4133064 Gflops/s) - 3771 (4146258 Gflops/s) - 3735 (4106675 Gflops/s) - 3729 (4100078 Gflops/s) | Temperatures: 64°C - 66°C - 72°C - 72°C - 65°C - 65°C - 73°C - 72°C | Throttling: None - None - None - None - None - None - None - None
3773 (4148457 Gflops/s) - 3757 (4130865 Gflops/s) - 3743 (4115472 Gflops/s) - 3757 (4130865 Gflops/s) - 3758 (4131964 Gflops/s) - 3772 (4147357 Gflops/s) - 3736 (4107775 Gflops/s) - 3729 (4100078 Gflops/s) | Temperatures: 64°C - 66°C - 72°C - 72°C - 65°C - 65°C - 73°C - 72°C | Throttling: None - None - None - None - None - None - None - None
3772 (4147357 Gflops/s) - 3757 (4130865 Gflops/s) - 3743 (4115472 Gflops/s) - 3757 (4130865 Gflops/s) - 3758 (4131964 Gflops/s) - 3771 (4146258 Gflops/s) - 3736 (4107775 Gflops/s) - 3728 (4098979 Gflops/s) | Temperatures: 64°C - 66°C - 72°C - 72°C - 65°C - 65°C - 73°C - 72°C | Throttling: None - None - None - None - None - None - None - None
3776 (4151755 Gflops/s) - 3761 (4135263 Gflops/s) - 3746 (4118770 Gflops/s) - 3760 (4134163 Gflops/s) - 3763 (4137462 Gflops/s) - 3775 (4150656 Gflops/s) - 3739 (4111073 Gflops/s) - 3732 (4103377 Gflops/s) | Temperatures: 64°C - 66°C - 72°C - 72°C - 65°C - 65°C - 73°C - 72°C | Throttling: None - None - None - None - None - None - None - None
3771 (4146258 Gflops/s) - 3756 (4129765 Gflops/s) - 3743 (4115472 Gflops/s) - 3758 (4131964 Gflops/s) - 3758 (4131964 Gflops/s) - 3771 (4146258 Gflops/s) - 3734 (4105576 Gflops/s) - 3729 (4100078 Gflops/s) | Temperatures: 64°C - 66°C - 72°C - 72°C - 65°C - 65°C - 73°C - 72°C | Throttling: None - None - None - None - None - None - None - None
3772 (4147357 Gflops/s) - 3759 (4133064 Gflops/s) - 3743 (4115472 Gflops/s) - 3757 (4130865 Gflops/s) - 3758 (4131964 Gflops/s) - 3771 (4146258 Gflops/s) - 3736 (4107775 Gflops/s) - 3728 (4098979 Gflops/s) | Temperatures: 64°C - 66°C - 72°C - 72°C - 65°C - 65°C - 73°C - 72°C | Throttling: None - None - None - None - None - None - None - None
3772 (4147357 Gflops/s) - 3755 (4128666 Gflops/s) - 3743 (4115472 Gflops/s) - 3757 (4130865 Gflops/s) - 3758 (4131964 Gflops/s) - 3772 (4147357 Gflops/s) - 3735 (4106675 Gflops/s) - 3728 (4098979 Gflops/s) | Temperatures: 64°C - 66°C - 72°C - 72°C - 65°C - 65°C - 73°C - 72°C | Throttling: None - None - None - None - None - None - None - None
3772 (4147357 Gflops/s) - 3759 (4133064 Gflops/s) - 3743 (4115472 Gflops/s) - 3758 (4131964 Gflops/s) - 3759 (4133064 Gflops/s) - 3771 (4146258 Gflops/s) - 3735 (4106675 Gflops/s) - 3728 (4098979 Gflops/s) | Temperatures: 64°C - 66°C - 72°C - 72°C - 65°C - 65°C - 73°C - 72°C | Throttling: None - None - None - None - None - None - None - None
3773 (4148457 Gflops/s) - 3757 (4130865 Gflops/s) - 3745 (4117671 Gflops/s) - 3758 (4131964 Gflops/s) - 3758 (4131964 Gflops/s) - 3772 (4147357 Gflops/s) - 3735 (4106675 Gflops/s) - 3729 (4100078 Gflops/s) | Temperatures: 64°C - 66°C - 72°C - 72°C - 65°C - 65°C - 73°C - 72°C | Throttling: None - None - None - None - None - None - None - None
3776 (4151755 Gflops/s) - 3760 (4134163 Gflops/s) - 3747 (4119870 Gflops/s) - 3761 (4135263 Gflops/s) - 3761 (4135263 Gflops/s) - 3775 (4150656 Gflops/s) - 3739 (4111073 Gflops/s) - 3731 (4102277 Gflops/s) | Temperatures: 64°C - 66°C - 72°C - 72°C - 65°C - 65°C - 73°C - 72°C | Throttling: None - None - None - None - None - None - None - None
3771 (4146258 Gflops/s) - 3757 (4130865 Gflops/s) - 3742 (4114372 Gflops/s) - 3757 (4130865 Gflops/s) - 3758 (4131964 Gflops/s) - 3771 (4146258 Gflops/s) - 3733 (4104476 Gflops/s) - 3729 (4100078 Gflops/s) | Temperatures: 64°C - 66°C - 72°C - 72°C - 65°C - 65°C - 73°C - 72°C | Throttling: None - None - None - None - None - None - None - None
3772 (4147357 Gflops/s) - 3757 (4130865 Gflops/s) - 3744 (4116571 Gflops/s) - 3758 (4131964 Gflops/s) - 3757 (4130865 Gflops/s) - 3771 (4146258 Gflops/s) - 3736 (4107775 Gflops/s) - 3727 (4097879 Gflops/s) | Temperatures: 64°C - 66°C - 72°C - 72°C - 65°C - 65°C - 73°C - 72°C | Throttling: None - None - None - None - None - None - None - None
3772 (4147357 Gflops/s) - 3758 (4131964 Gflops/s) - 3743 (4115472 Gflops/s) - 3757 (4130865 Gflops/s) - 3757 (4130865 Gflops/s) - 3771 (4146258 Gflops/s) - 3735 (4106675 Gflops/s) - 3728 (4098979 Gflops/s) | Temperatures: 64°C - 66°C - 72°C - 72°C - 65°C - 65°C - 73°C - 72°C | Throttling: None - None - None - None - None - None - None - None
3773 (4148457 Gflops/s) - 3757 (4130865 Gflops/s) - 3745 (4117671 Gflops/s) - 3758 (4131964 Gflops/s) - 3758 (4131964 Gflops/s) - 3772 (4147357 Gflops/s) - 3737 (4108874 Gflops/s) - 3729 (4100078 Gflops/s) | Temperatures: 64°C - 66°C - 72°C - 72°C - 65°C - 65°C - 73°C - 72°C | Throttling: None - None - None - None - None - None - None - None
3776 (4151755 Gflops/s) - 3759 (4133064 Gflops/s) - 3747 (4119870 Gflops/s) - 3761 (4135263 Gflops/s) - 3763 (4137462 Gflops/s) - 3776 (4151755 Gflops/s) - 3741 (4113272 Gflops/s) - 3731 (4102277 Gflops/s) | Temperatures: 64°C - 65°C - 72°C - 72°C - 65°C - 65°C - 73°C - 72°C | Throttling: None - None - None - None - None - None - None - None
3772 (4147357 Gflops/s) - 3758 (4131964 Gflops/s) - 3744 (4116571 Gflops/s) - 3757 (4130865 Gflops/s) - 3758 (4131964 Gflops/s) - 3772 (4147357 Gflops/s) - 3734 (4105576 Gflops/s) - 3729 (4100078 Gflops/s) | Temperatures: 63°C - 66°C - 72°C - 72°C - 65°C - 65°C - 73°C - 72°C | Throttling: None - None - None - None - None - None - None - None
3772 (4147357 Gflops/s) - 3758 (4131964 Gflops/s) - 3743 (4115472 Gflops/s) - 3758 (4131964 Gflops/s) - 3758 (4131964 Gflops/s) - 3771 (4146258 Gflops/s) - 3735 (4106675 Gflops/s) - 3728 (4098979 Gflops/s) | Temperatures: 64°C - 66°C - 72°C - 72°C - 65°C - 65°C - 73°C - 72°C | Throttling: None - None - None - None - None - None - None - None
3772 (4147357 Gflops/s) - 3757 (4130865 Gflops/s) - 3743 (4115472 Gflops/s) - 3757 (4130865 Gflops/s) - 3758 (4131964 Gflops/s) - 3771 (4146258 Gflops/s) - 3735 (4106675 Gflops/s) - 3729 (4100078 Gflops/s) | Temperatures: 64°C - 66°C - 72°C - 72°C - 65°C - 65°C - 73°C - 72°C | Throttling: None - None - None - None - None - None - None - None
3772 (4147357 Gflops/s) - 3758 (4131964 Gflops/s) - 3744 (4116571 Gflops/s) - 3758 (4131964 Gflops/s) - 3757 (4130865 Gflops/s) - 3773 (4148457 Gflops/s) - 3734 (4105576 Gflops/s) - 3730 (4101178 Gflops/s) | Temperatures: 63°C - 66°C - 72°C - 72°C - 65°C - 65°C - 73°C - 72°C | Throttling: None - None - None - None - None - None - None - None
3771 (4146258 Gflops/s) - 3756 (4129765 Gflops/s) - 3743 (4115472 Gflops/s) - 3757 (4130865 Gflops/s) - 3760 (4134163 Gflops/s) - 3771 (4146258 Gflops/s) - 3734 (4105576 Gflops/s) - 3728 (4098979 Gflops/s) | Temperatures: 63°C - 66°C - 72°C - 72°C - 65°C - 65°C - 73°C - 72°C | Throttling: None - None - None - None - None - None - None - None
3773 (4148457 Gflops/s) - 3758 (4131964 Gflops/s) - 3744 (4116571 Gflops/s) - 3759 (4133064 Gflops/s) - 3759 (4133064 Gflops/s) - 3773 (4148457 Gflops/s) - 3736 (4107775 Gflops/s) - 3729 (4100078 Gflops/s) | Temperatures: 64°C - 65°C - 72°C - 72°C - 65°C - 65°C - 73°C - 72°C | Throttling: None - None - None - None - None - None - None - None
3773 (4148457 Gflops/s) - 3758 (4131964 Gflops/s) - 3744 (4116571 Gflops/s) - 3757 (4130865 Gflops/s) - 3758 (4131964 Gflops/s) - 3771 (4146258 Gflops/s) - 3734 (4105576 Gflops/s) - 3729 (4100078 Gflops/s) | Temperatures: 64°C - 66°C - 72°C - 72°C - 65°C - 65°C - 73°C - 72°C | Throttling: None - None - None - None - None - None - None - None
3775 (4150656 Gflops/s) - 3761 (4135263 Gflops/s) - 3746 (4118770 Gflops/s) - 3762 (4136362 Gflops/s) - 3762 (4136362 Gflops/s) - 3776 (4151755 Gflops/s) - 3739 (4111073 Gflops/s) - 3732 (4103377 Gflops/s) | Temperatures: 64°C - 66°C - 72°C - 72°C - 65°C - 65°C - 73°C - 72°C | Throttling: None - None - None - None - None - None - None - None
3772 (4147357 Gflops/s) - 3759 (4133064 Gflops/s) - 3744 (4116571 Gflops/s) - 3757 (4130865 Gflops/s) - 3758 (4131964 Gflops/s) - 3772 (4147357 Gflops/s) - 3735 (4106675 Gflops/s) - 3728 (4098979 Gflops/s) | Temperatures: 63°C - 66°C - 72°C - 72°C - 65°C - 65°C - 73°C - 72°C | Throttling: None - None - None - None - None - None - None - None
3772 (4147357 Gflops/s) - 3756 (4129765 Gflops/s) - 3744 (4116571 Gflops/s) - 3758 (4131964 Gflops/s) - 3758 (4131964 Gflops/s) - 3771 (4146258 Gflops/s) - 3736 (4107775 Gflops/s) - 3729 (4100078 Gflops/s) | Temperatures: 64°C - 66°C - 72°C - 72°C - 65°C - 65°C - 73°C - 72°C | Throttling: None - None - None - None - None - None - None - None
3771 (4146258 Gflops/s) - 3754 (4127566 Gflops/s) - 3744 (4116571 Gflops/s) - 3756 (4129765 Gflops/s) - 3758 (4131964 Gflops/s) - 3772 (4147357 Gflops/s) - 3736 (4107775 Gflops/s) - 3729 (4100078 Gflops/s) | Temperatures: 64°C - 66°C - 72°C - 72°C - 65°C - 65°C - 73°C - 72°C | Throttling: None - None - None - None - None - None - None - None
3771 (4146258 Gflops/s) - 3758 (4131964 Gflops/s) - 3743 (4115472 Gflops/s) - 3757 (4130865 Gflops/s) - 3758 (4131964 Gflops/s) - 3771 (4146258 Gflops/s) - 3731 (4102277 Gflops/s) - 3727 (4097879 Gflops/s) | Temperatures: 64°C - 66°C - 72°C - 72°C - 66°C - 65°C - 73°C - 72°C | Throttling: None - None - None - None - None - None - None - None
3771 (4146258 Gflops/s) - 3756 (4129765 Gflops/s) - 3744 (4116571 Gflops/s) - 3758 (4131964 Gflops/s) - 3758 (4131964 Gflops/s) - 3772 (4147357 Gflops/s) - 3734 (4105576 Gflops/s) - 3728 (4098979 Gflops/s) | Temperatures: 64°C - 66°C - 72°C - 72°C - 66°C - 65°C - 73°C - 72°C | Throttling: None - None - None - None - None - None - None - None
3771 (4146258 Gflops/s) - 3757 (4130865 Gflops/s) - 3743 (4115472 Gflops/s) - 3757 (4130865 Gflops/s) - 3757 (4130865 Gflops/s) - 3771 (4146258 Gflops/s) - 3735 (4106675 Gflops/s) - 3726 (4096780 Gflops/s) | Temperatures: 64°C - 66°C - 72°C - 72°C - 66°C - 65°C - 73°C - 72°C | Throttling: None - None - None - None - None - None - None - None
3775 (4150656 Gflops/s) - 3760 (4134163 Gflops/s) - 3745 (4117671 Gflops/s) - 3761 (4135263 Gflops/s) - 3762 (4136362 Gflops/s) - 3775 (4150656 Gflops/s) - 3739 (4111073 Gflops/s) - 3731 (4102277 Gflops/s) | Temperatures: 64°C - 66°C - 72°C - 72°C - 66°C - 65°C - 73°C - 72°C | Throttling: None - None - None - None - None - None - None - None
3770 (4145158 Gflops/s) - 3752 (4125367 Gflops/s) - 3741 (4113272 Gflops/s) - 3757 (4130865 Gflops/s) - 3757 (4130865 Gflops/s) - 3772 (4147357 Gflops/s) - 3729 (4100078 Gflops/s) - 3726 (4096780 Gflops/s) | Temperatures: 64°C - 66°C - 72°C - 72°C - 66°C - 65°C - 73°C - 72°C | Throttling: None - None - None - None - None - None - None - None
3771 (4146258 Gflops/s) - 3754 (4127566 Gflops/s) - 3743 (4115472 Gflops/s) - 3757 (4130865 Gflops/s) - 3757 (4130865 Gflops/s) - 3771 (4146258 Gflops/s) - 3733 (4104476 Gflops/s) - 3724 (4094581 Gflops/s) | Temperatures: 64°C - 66°C - 72°C - 72°C - 66°C - 65°C - 74°C - 72°C | Throttling: None - None - None - None - None - None - None - None
3771 (4146258 Gflops/s) - 3754 (4127566 Gflops/s) - 3742 (4114372 Gflops/s) - 3757 (4130865 Gflops/s) - 3757 (4130865 Gflops/s) - 3772 (4147357 Gflops/s) - 3734 (4105576 Gflops/s) - 3726 (4096780 Gflops/s) | Temperatures: 64°C - 66°C - 72°C - 72°C - 66°C - 65°C - 74°C - 72°C | Throttling: None - None - None - None - None - None - None - None
3770 (4145158 Gflops/s) - 3753 (4126467 Gflops/s) - 3741 (4113272 Gflops/s) - 3757 (4130865 Gflops/s) - 3755 (4128666 Gflops/s) - 3771 (4146258 Gflops/s) - 3731 (4102277 Gflops/s) - 3725 (4095680 Gflops/s) | Temperatures: 64°C - 66°C - 72°C - 72°C - 66°C - 65°C - 74°C - 72°C | Throttling: None - None - None - None - None - None - None - None
3770 (4145158 Gflops/s) - 3753 (4126467 Gflops/s) - 3742 (4114372 Gflops/s) - 3757 (4130865 Gflops/s) - 3757 (4130865 Gflops/s) - 3772 (4147357 Gflops/s) - 3732 (4103377 Gflops/s) - 3725 (4095680 Gflops/s) | Temperatures: 64°C - 66°C - 72°C - 72°C - 66°C - 66°C - 74°C - 72°C | Throttling: None - None - None - None - None - None - None - None
3770 (4145158 Gflops/s) - 3751 (4124268 Gflops/s) - 3741 (4113272 Gflops/s) - 3757 (4130865 Gflops/s) - 3757 (4130865 Gflops/s) - 3771 (4146258 Gflops/s) - 3732 (4103377 Gflops/s) - 3722 (4092382 Gflops/s) | Temperatures: 64°C - 66°C - 72°C - 73°C - 66°C - 66°C - 74°C - 72°C | Throttling: None - None - None - None - None - None - None - None
3773 (4148457 Gflops/s) - 3759 (4133064 Gflops/s) - 3744 (4116571 Gflops/s) - 3760 (4134163 Gflops/s) - 3760 (4134163 Gflops/s) - 3775 (4150656 Gflops/s) - 3731 (4102277 Gflops/s) - 3727 (4097879 Gflops/s) | Temperatures: 64°C - 66°C - 72°C - 73°C - 66°C - 66°C - 74°C - 73°C | Throttling: None - None - None - None - None - None - None - None
3769 (4144059 Gflops/s) - 3752 (4125367 Gflops/s) - 3741 (4113272 Gflops/s) - 3757 (4130865 Gflops/s) - 3757 (4130865 Gflops/s) - 3771 (4146258 Gflops/s) - 3729 (4100078 Gflops/s) - 3721 (4091282 Gflops/s) | Temperatures: 64°C - 66°C - 72°C - 73°C - 66°C - 66°C - 74°C - 73°C | Throttling: None - None - None - None - None - None - None - None
3770 (4145158 Gflops/s) - 3754 (4127566 Gflops/s) - 3741 (4113272 Gflops/s) - 3757 (4130865 Gflops/s) - 3757 (4130865 Gflops/s) - 3773 (4148457 Gflops/s) - 3731 (4102277 Gflops/s) - 3720 (4090183 Gflops/s) | Temperatures: 64°C - 66°C - 72°C - 73°C - 66°C - 66°C - 74°C - 73°C | Throttling: None - None - None - None - None - None - None - None
3769 (4144059 Gflops/s) - 3753 (4126467 Gflops/s) - 3740 (4112173 Gflops/s) - 3757 (4130865 Gflops/s) - 3756 (4129765 Gflops/s) - 3773 (4148457 Gflops/s) - 3732 (4103377 Gflops/s) - 3723 (4093481 Gflops/s) | Temperatures: 64°C - 66°C - 72°C - 73°C - 66°C - 66°C - 74°C - 73°C | Throttling: None - None - None - None - None - None - None - None
3770 (4145158 Gflops/s) - 3752 (4125367 Gflops/s) - 3740 (4112173 Gflops/s) - 3756 (4129765 Gflops/s) - 3756 (4129765 Gflops/s) - 3772 (4147357 Gflops/s) - 3729 (4100078 Gflops/s) - 3724 (4094581 Gflops/s) | Temperatures: 64°C - 66°C - 72°C - 73°C - 66°C - 66°C - 74°C - 73°C | Throttling: None - None - None - None - None - None - None - None
3770 (4145158 Gflops/s) - 3753 (4126467 Gflops/s) - 3740 (4112173 Gflops/s) - 3757 (4130865 Gflops/s) - 3755 (4128666 Gflops/s) - 3772 (4147357 Gflops/s) - 3728 (4098979 Gflops/s) - 3719 (4089083 Gflops/s) | Temperatures: 64°C - 66°C - 72°C - 73°C - 66°C - 66°C - 74°C - 73°C | Throttling: None - None - None - None - None - None - None - None
3769 (4144059 Gflops/s) - 3751 (4124268 Gflops/s) - 3741 (4113272 Gflops/s) - 3756 (4129765 Gflops/s) - 3756 (4129765 Gflops/s) - 3772 (4147357 Gflops/s) - 3730 (4101178 Gflops/s) - 3718 (4087984 Gflops/s) | Temperatures: 64°C - 66°C - 72°C - 73°C - 66°C - 66°C - 74°C - 73°C | Throttling: None - None - None - None - None - None - None - None
3769 (4144059 Gflops/s) - 3753 (4126467 Gflops/s) - 3739 (4111073 Gflops/s) - 3757 (4130865 Gflops/s) - 3755 (4128666 Gflops/s) - 3773 (4148457 Gflops/s) - 3731 (4102277 Gflops/s) - 3719 (4089083 Gflops/s) | Temperatures: 64°C - 66°C - 72°C - 73°C - 66°C - 66°C - 74°C - 73°C | Throttling: None - None - None - None - None - None - None - None
3768 (4142959 Gflops/s) - 3752 (4125367 Gflops/s) - 3740 (4112173 Gflops/s) - 3757 (4130865 Gflops/s) - 3755 (4128666 Gflops/s) - 3772 (4147357 Gflops/s) - 3728 (4098979 Gflops/s) - 3724 (4094581 Gflops/s) | Temperatures: 64°C - 66°C - 72°C - 73°C - 66°C - 66°C - 74°C - 73°C | Throttling: None - None - None - None - None - None - None - None
3774 (4149556 Gflops/s) - 3756 (4129765 Gflops/s) - 3744 (4116571 Gflops/s) - 3760 (4134163 Gflops/s) - 3758 (4131964 Gflops/s) - 3777 (4152855 Gflops/s) - 3733 (4104476 Gflops/s) - 3723 (4093481 Gflops/s) | Temperatures: 64°C - 66°C - 72°C - 73°C - 66°C - 66°C - 74°C - 73°C | Throttling: None - None - None - None - None - None - None - None
3769 (4144059 Gflops/s) - 3749 (4122069 Gflops/s) - 3741 (4113272 Gflops/s) - 3756 (4129765 Gflops/s) - 3756 (4129765 Gflops/s) - 3773 (4148457 Gflops/s) - 3731 (4102277 Gflops/s) - 3723 (4093481 Gflops/s) | Temperatures: 64°C - 66°C - 72°C - 73°C - 66°C - 66°C - 74°C - 73°C | Throttling: None - None - None - None - None - None - None - None
3769 (4144059 Gflops/s) - 3751 (4124268 Gflops/s) - 3739 (4111073 Gflops/s) - 3757 (4130865 Gflops/s) - 3756 (4129765 Gflops/s) - 3772 (4147357 Gflops/s) - 3728 (4098979 Gflops/s) - 3722 (4092382 Gflops/s) | Temperatures: 65°C - 66°C - 72°C - 73°C - 66°C - 66°C - 74°C - 73°C | Throttling: None - None - None - None - None - None - None - None
3770 (4145158 Gflops/s) - 3752 (4125367 Gflops/s) - 3741 (4113272 Gflops/s) - 3757 (4130865 Gflops/s) - 3756 (4129765 Gflops/s) - 3773 (4148457 Gflops/s) - 3726 (4096780 Gflops/s) - 3717 (4086884 Gflops/s) | Temperatures: 65°C - 67°C - 72°C - 73°C - 66°C - 66°C - 74°C - 73°C | Throttling: None - None - None - None - None - None - None - None
3769 (4144059 Gflops/s) - 3750 (4123168 Gflops/s) - 3739 (4111073 Gflops/s) - 3756 (4129765 Gflops/s) - 3756 (4129765 Gflops/s) - 3773 (4148457 Gflops/s) - 3726 (4096780 Gflops/s) - 3717 (4086884 Gflops/s) | Temperatures: 65°C - 66°C - 72°C - 73°C - 66°C - 66°C - 74°C - 73°C | Throttling: None - None - None - None - None - None - None - None
3768 (4142959 Gflops/s) - 3750 (4123168 Gflops/s) - 3740 (4112173 Gflops/s) - 3757 (4130865 Gflops/s) - 3756 (4129765 Gflops/s) - 3772 (4147357 Gflops/s) - 3729 (4100078 Gflops/s) - 3717 (4086884 Gflops/s) | Temperatures: 65°C - 67°C - 72°C - 73°C - 66°C - 66°C - 74°C - 73°C | Throttling: None - None - None - None - None - None - None - None
3768 (4142959 Gflops/s) - 3751 (4124268 Gflops/s) - 3739 (4111073 Gflops/s) - 3756 (4129765 Gflops/s) - 3755 (4128666 Gflops/s) - 3772 (4147357 Gflops/s) - 3725 (4095680 Gflops/s) - 3719 (4089083 Gflops/s) | Temperatures: 65°C - 67°C - 72°C - 73°C - 67°C - 66°C - 74°C - 73°C | Throttling: None - None - None - None - None - None - None - None
3773 (4148457 Gflops/s) - 3755 (4128666 Gflops/s) - 3744 (4116571 Gflops/s) - 3759 (4133064 Gflops/s) - 3758 (4131964 Gflops/s) - 3776 (4151755 Gflops/s) - 3728 (4098979 Gflops/s) - 3719 (4089083 Gflops/s) | Temperatures: 65°C - 67°C - 72°C - 73°C - 66°C - 66°C - 74°C - 73°C | Throttling: None - None - None - None - None - None - None - None
3768 (4142959 Gflops/s) - 3751 (4124268 Gflops/s) - 3740 (4112173 Gflops/s) - 3756 (4129765 Gflops/s) - 3755 (4128666 Gflops/s) - 3772 (4147357 Gflops/s) - 3727 (4097879 Gflops/s) - 3717 (4086884 Gflops/s) | Temperatures: 65°C - 67°C - 72°C - 73°C - 67°C - 66°C - 74°C - 73°C | Throttling: None - None - None - None - None - None - None - None
3769 (4144059 Gflops/s) - 3751 (4124268 Gflops/s) - 3739 (4111073 Gflops/s) - 3756 (4129765 Gflops/s) - 3755 (4128666 Gflops/s) - 3773 (4148457 Gflops/s) - 3728 (4098979 Gflops/s) - 3717 (4086884 Gflops/s) | Temperatures: 65°C - 67°C - 72°C - 73°C - 67°C - 66°C - 74°C - 73°C | Throttling: None - None - None - None - None - None - None - None
3768 (4142959 Gflops/s) - 3750 (4123168 Gflops/s) - 3740 (4112173 Gflops/s) - 3756 (4129765 Gflops/s) - 3754 (4127566 Gflops/s) - 3772 (4147357 Gflops/s) - 3724 (4094581 Gflops/s) - 3715 (4084685 Gflops/s) | Temperatures: 65°C - 67°C - 73°C - 73°C - 66°C - 66°C - 74°C - 73°C | Throttling: None - None - None - None - None - None - None - None
3769 (4144059 Gflops/s) - 3752 (4125367 Gflops/s) - 3740 (4112173 Gflops/s) - 3756 (4129765 Gflops/s) - 3755 (4128666 Gflops/s) - 3773 (4148457 Gflops/s) - 3726 (4096780 Gflops/s) - 3715 (4084685 Gflops/s) | Temperatures: 65°C - 67°C - 73°C - 73°C - 67°C - 66°C - 74°C - 73°C | Throttling: None - None - None - None - None - None - None - None
3768 (4142959 Gflops/s) - 3751 (4124268 Gflops/s) - 3740 (4112173 Gflops/s) - 3756 (4129765 Gflops/s) - 3755 (4128666 Gflops/s) - 3772 (4147357 Gflops/s) - 3724 (4094581 Gflops/s) - 3715 (4084685 Gflops/s) | Temperatures: 65°C - 67°C - 73°C - 73°C - 67°C - 66°C - 74°C - 73°C | Throttling: None - None - None - None - None - None - None - None
3768 (4142959 Gflops/s) - 3749 (4122069 Gflops/s) - 3740 (4112173 Gflops/s) - 3756 (4129765 Gflops/s) - 3754 (4127566 Gflops/s) - 3772 (4147357 Gflops/s) - 3724 (4094581 Gflops/s) - 3716 (4085785 Gflops/s) | Temperatures: 65°C - 67°C - 73°C - 73°C - 67°C - 66°C - 74°C - 73°C | Throttling: None - None - None - None - None - None - None - None
3768 (4142959 Gflops/s) - 3750 (4123168 Gflops/s) - 3739 (4111073 Gflops/s) - 3756 (4129765 Gflops/s) - 3755 (4128666 Gflops/s) - 3772 (4147357 Gflops/s) - 3723 (4093481 Gflops/s) - 3718 (4087984 Gflops/s) | Temperatures: 65°C - 67°C - 73°C - 73°C - 67°C - 66°C - 74°C - 73°C | Throttling: None - None - None - None - None - None - None - None
3771 (4146258 Gflops/s) - 3752 (4125367 Gflops/s) - 3743 (4115472 Gflops/s) - 3760 (4134163 Gflops/s) - 3757 (4130865 Gflops/s) - 3776 (4151755 Gflops/s) - 3729 (4100078 Gflops/s) - 3719 (4089083 Gflops/s) | Temperatures: 65°C - 67°C - 73°C - 73°C - 67°C - 66°C - 74°C - 73°C | Throttling: None - None - None - None - None - None - None - None
3767 (4141860 Gflops/s) - 3750 (4123168 Gflops/s) - 3741 (4113272 Gflops/s) - 3757 (4130865 Gflops/s) - 3756 (4129765 Gflops/s) - 3773 (4148457 Gflops/s) - 3722 (4092382 Gflops/s) - 3716 (4085785 Gflops/s) | Temperatures: 65°C - 67°C - 73°C - 73°C - 67°C - 66°C - 74°C - 73°C | Throttling: None - None - None - None - None - None - None - None
3768 (4142959 Gflops/s) - 3750 (4123168 Gflops/s) - 3739 (4111073 Gflops/s) - 3756 (4129765 Gflops/s) - 3755 (4128666 Gflops/s) - 3772 (4147357 Gflops/s) - 3726 (4096780 Gflops/s) - 3715 (4084685 Gflops/s) | Temperatures: 65°C - 67°C - 73°C - 73°C - 67°C - 66°C - 74°C - 73°C | Throttling: None - None - None - None - None - None - None - None
3769 (4144059 Gflops/s) - 3750 (4123168 Gflops/s) - 3741 (4113272 Gflops/s) - 3757 (4130865 Gflops/s) - 3756 (4129765 Gflops/s) - 3773 (4148457 Gflops/s) - 3723 (4093481 Gflops/s) - 3716 (4085785 Gflops/s) | Temperatures: 65°C - 67°C - 73°C - 73°C - 67°C - 66°C - 74°C - 73°C | Throttling: None - None - None - None - None - None - None - None
3767 (4141860 Gflops/s) - 3748 (4120969 Gflops/s) - 3740 (4112173 Gflops/s) - 3756 (4129765 Gflops/s) - 3754 (4127566 Gflops/s) - 3773 (4148457 Gflops/s) - 3724 (4094581 Gflops/s) - 3715 (4084685 Gflops/s) | Temperatures: 65°C - 67°C - 73°C - 73°C - 67°C - 66°C - 74°C - 73°C | Throttling: None - None - None - None - None - None - None - None
3767 (4141860 Gflops/s) - 3747 (4119870 Gflops/s) - 3739 (4111073 Gflops/s) - 3756 (4129765 Gflops/s) - 3755 (4128666 Gflops/s) - 3772 (4147357 Gflops/s) - 3723 (4093481 Gflops/s) - 3715 (4084685 Gflops/s) | Temperatures: 65°C - 67°C - 73°C - 73°C - 67°C - 66°C - 74°C - 73°C | Throttling: None - None - None - None - None - None - None - None
3767 (4141860 Gflops/s) - 3749 (4122069 Gflops/s) - 3740 (4112173 Gflops/s) - 3755 (4128666 Gflops/s) - 3754 (4127566 Gflops/s) - 3772 (4147357 Gflops/s) - 3722 (4092382 Gflops/s) - 3715 (4084685 Gflops/s) | Temperatures: 65°C - 67°C - 73°C - 73°C - 67°C - 66°C - 74°C - 73°C | Throttling: None - None - None - None - None - None - None - None
3768 (4142959 Gflops/s) - 3751 (4124268 Gflops/s) - 3740 (4112173 Gflops/s) - 3756 (4129765 Gflops/s) - 3754 (4127566 Gflops/s) - 3772 (4147357 Gflops/s) - 3725 (4095680 Gflops/s) - 3715 (4084685 Gflops/s) | Temperatures: 65°C - 67°C - 73°C - 73°C - 67°C - 66°C - 74°C - 73°C | Throttling: None - None - None - None - None - None - None - None
3767 (4141860 Gflops/s) - 3749 (4122069 Gflops/s) - 3739 (4111073 Gflops/s) - 3756 (4129765 Gflops/s) - 3755 (4128666 Gflops/s) - 3771 (4146258 Gflops/s) - 3723 (4093481 Gflops/s) - 3715 (4084685 Gflops/s) | Temperatures: 65°C - 67°C - 73°C - 73°C - 67°C - 66°C - 74°C - 73°C | Throttling: None - None - None - None - None - None - None - None
3768 (4142959 Gflops/s) - 3750 (4123168 Gflops/s) - 3740 (4112173 Gflops/s) - 3757 (4130865 Gflops/s) - 3754 (4127566 Gflops/s) - 3772 (4147357 Gflops/s) - 3725 (4095680 Gflops/s) - 3715 (4084685 Gflops/s) | Temperatures: 65°C - 67°C - 73°C - 73°C - 67°C - 66°C - 74°C - 73°C | Throttling: None - None - None - None - None - None - None - None
3771 (4146258 Gflops/s) - 3753 (4126467 Gflops/s) - 3743 (4115472 Gflops/s) - 3758 (4131964 Gflops/s) - 3758 (4131964 Gflops/s) - 3775 (4150656 Gflops/s) - 3726 (4096780 Gflops/s) - 3719 (4089083 Gflops/s) | Temperatures: 65°C - 67°C - 73°C - 73°C - 67°C - 66°C - 75°C - 73°C | Throttling: None - None - None - None - None - None - None - None
3767 (4141860 Gflops/s) - 3747 (4119870 Gflops/s) - 3740 (4112173 Gflops/s) - 3755 (4128666 Gflops/s) - 3755 (4128666 Gflops/s) - 3772 (4147357 Gflops/s) - 3722 (4092382 Gflops/s) - 3715 (4084685 Gflops/s) | Temperatures: 65°C - 67°C - 73°C - 73°C - 67°C - 66°C - 75°C - 73°C | Throttling: None - None - None - None - None - None - None - None
3768 (4142959 Gflops/s) - 3749 (4122069 Gflops/s) - 3740 (4112173 Gflops/s) - 3755 (4128666 Gflops/s) - 3754 (4127566 Gflops/s) - 3772 (4147357 Gflops/s) - 3721 (4091282 Gflops/s) - 3715 (4084685 Gflops/s) | Temperatures: 65°C - 67°C - 73°C - 73°C - 67°C - 66°C - 75°C - 73°C | Throttling: None - None - None - None - None - None - None - None
3767 (4141860 Gflops/s) - 3747 (4119870 Gflops/s) - 3740 (4112173 Gflops/s) - 3757 (4130865 Gflops/s) - 3755 (4128666 Gflops/s) - 3773 (4148457 Gflops/s) - 3722 (4092382 Gflops/s) - 3715 (4084685 Gflops/s) | Temperatures: 65°C - 67°C - 73°C - 73°C - 67°C - 66°C - 74°C - 73°C | Throttling: None - None - None - None - None - None - None - None
3768 (4142959 Gflops/s) - 3750 (4123168 Gflops/s) - 3740 (4112173 Gflops/s) - 3756 (4129765 Gflops/s) - 3755 (4128666 Gflops/s) - 3772 (4147357 Gflops/s) - 3720 (4090183 Gflops/s) - 3716 (4085785 Gflops/s) | Temperatures: 65°C - 67°C - 73°C - 73°C - 67°C - 66°C - 74°C - 73°C | Throttling: None - None - None - None - None - None - None - None
3767 (4141860 Gflops/s) - 3748 (4120969 Gflops/s) - 3739 (4111073 Gflops/s) - 3755 (4128666 Gflops/s) - 3754 (4127566 Gflops/s) - 3769 (4144059 Gflops/s) - 3725 (4095680 Gflops/s) - 3714 (4083586 Gflops/s) | Temperatures: 65°C - 67°C - 73°C - 73°C - 67°C - 66°C - 75°C - 73°C | Throttling: None - None - None - None - None - None - None - None
3767 (4141860 Gflops/s) - 3747 (4119870 Gflops/s) - 3740 (4112173 Gflops/s) - 3756 (4129765 Gflops/s) - 3755 (4128666 Gflops/s) - 3772 (4147357 Gflops/s) - 3723 (4093481 Gflops/s) - 3716 (4085785 Gflops/s) | Temperatures: 65°C - 67°C - 73°C - 73°C - 67°C - 66°C - 74°C - 73°C | Throttling: None - None - None - None - None - None - None - None
3767 (4141860 Gflops/s) - 3749 (4122069 Gflops/s) - 3740 (4112173 Gflops/s) - 3756 (4129765 Gflops/s) - 3754 (4127566 Gflops/s) - 3772 (4147357 Gflops/s) - 3720 (4090183 Gflops/s) - 3715 (4084685 Gflops/s) | Temperatures: 65°C - 67°C - 73°C - 73°C - 67°C - 66°C - 75°C - 73°C | Throttling: None - None - None - None - None - None - None - None
3772 (4147357 Gflops/s) - 3750 (4123168 Gflops/s) - 3743 (4115472 Gflops/s) - 3758 (4131964 Gflops/s) - 3758 (4131964 Gflops/s) - 3775 (4150656 Gflops/s) - 3727 (4097879 Gflops/s) - 3718 (4087984 Gflops/s) | Temperatures: 65°C - 67°C - 73°C - 73°C - 67°C - 66°C - 75°C - 73°C | Throttling: None - None - None - None - None - None - None - None
3767 (4141860 Gflops/s) - 3749 (4122069 Gflops/s) - 3740 (4112173 Gflops/s) - 3756 (4129765 Gflops/s) - 3755 (4128666 Gflops/s) - 3772 (4147357 Gflops/s) - 3723 (4093481 Gflops/s) - 3715 (4084685 Gflops/s) | Temperatures: 65°C - 67°C - 73°C - 73°C - 67°C - 66°C - 74°C - 73°C | Throttling: None - None - None - None - None - None - None - None
3769 (4144059 Gflops/s) - 3748 (4120969 Gflops/s) - 3740 (4112173 Gflops/s) - 3755 (4128666 Gflops/s) - 3754 (4127566 Gflops/s) - 3773 (4148457 Gflops/s) - 3723 (4093481 Gflops/s) - 3715 (4084685 Gflops/s) | Temperatures: 65°C - 67°C - 73°C - 73°C - 67°C - 66°C - 74°C - 73°C | Throttling: None - None - None - None - None - None - None - None
3767 (4141860 Gflops/s) - 3752 (4125367 Gflops/s) - 3739 (4111073 Gflops/s) - 3755 (4128666 Gflops/s) - 3754 (4127566 Gflops/s) - 3772 (4147357 Gflops/s) - 3723 (4093481 Gflops/s) - 3715 (4084685 Gflops/s) | Temperatures: 65°C - 67°C - 73°C - 73°C - 67°C - 66°C - 74°C - 73°C | Throttling: None - None - None - None - None - None - None - None
3768 (4142959 Gflops/s) - 3749 (4122069 Gflops/s) - 3740 (4112173 Gflops/s) - 3756 (4129765 Gflops/s) - 3755 (4128666 Gflops/s) - 3773 (4148457 Gflops/s) - 3724 (4094581 Gflops/s) - 3715 (4084685 Gflops/s) | Temperatures: 65°C - 67°C - 73°C - 73°C - 67°C - 66°C - 74°C - 73°C | Throttling: None - None - None - None - None - None - None - None
3766 (4140760 Gflops/s) - 3749 (4122069 Gflops/s) - 3739 (4111073 Gflops/s) - 3755 (4128666 Gflops/s) - 3754 (4127566 Gflops/s) - 3771 (4146258 Gflops/s) - 3722 (4092382 Gflops/s) - 3716 (4085785 Gflops/s) | Temperatures: 65°C - 67°C - 73°C - 73°C - 67°C - 66°C - 74°C - 73°C | Throttling: None - None - None - None - None - None - None - None
3767 (4141860 Gflops/s) - 3749 (4122069 Gflops/s) - 3740 (4112173 Gflops/s) - 3755 (4128666 Gflops/s) - 3755 (4128666 Gflops/s) - 3773 (4148457 Gflops/s) - 3725 (4095680 Gflops/s) - 3715 (4084685 Gflops/s) | Temperatures: 65°C - 67°C - 73°C - 73°C - 67°C - 66°C - 75°C - 73°C | Throttling: None - None - None - None - None - None - None - None
3773 (4148457 Gflops/s) - 3753 (4126467 Gflops/s) - 3744 (4116571 Gflops/s) - 3761 (4135263 Gflops/s) - 3758 (4131964 Gflops/s) - 3776 (4151755 Gflops/s) - 3729 (4100078 Gflops/s) - 3719 (4089083 Gflops/s) | Temperatures: 65°C - 67°C - 73°C - 73°C - 67°C - 66°C - 74°C - 73°C | Throttling: None - None - None - None - None - None - None - None
3768 (4142959 Gflops/s) - 3749 (4122069 Gflops/s) - 3739 (4111073 Gflops/s) - 3754 (4127566 Gflops/s) - 3755 (4128666 Gflops/s) - 3772 (4147357 Gflops/s) - 3723 (4093481 Gflops/s) - 3715 (4084685 Gflops/s) | Temperatures: 65°C - 67°C - 73°C - 73°C - 67°C - 66°C - 74°C - 73°C | Throttling: None - None - None - None - None - None - None - None
3769 (4144059 Gflops/s) - 3749 (4122069 Gflops/s) - 3740 (4112173 Gflops/s) - 3756 (4129765 Gflops/s) - 3755 (4128666 Gflops/s) - 3772 (4147357 Gflops/s) - 3724 (4094581 Gflops/s) - 3715 (4084685 Gflops/s) | Temperatures: 65°C - 67°C - 73°C - 73°C - 67°C - 66°C - 74°C - 73°C | Throttling: None - None - None - None - None - None - None - None
3768 (4142959 Gflops/s) - 3751 (4124268 Gflops/s) - 3740 (4112173 Gflops/s) - 3756 (4129765 Gflops/s) - 3754 (4127566 Gflops/s) - 3773 (4148457 Gflops/s) - 3723 (4093481 Gflops/s) - 3715 (4084685 Gflops/s) | Temperatures: 65°C - 67°C - 73°C - 73°C - 67°C - 66°C - 74°C - 73°C | Throttling: None - None - None - None - None - None - None - None
3768 (4142959 Gflops/s) - 3749 (4122069 Gflops/s) - 3740 (4112173 Gflops/s) - 3756 (4129765 Gflops/s) - 3754 (4127566 Gflops/s) - 3771 (4146258 Gflops/s) - 3722 (4092382 Gflops/s) - 3716 (4085785 Gflops/s) | Temperatures: 65°C - 67°C - 73°C - 73°C - 67°C - 66°C - 74°C - 73°C | Throttling: None - None - None - None - None - None - None - None
3768 (4142959 Gflops/s) - 3750 (4123168 Gflops/s) - 3739 (4111073 Gflops/s) - 3756 (4129765 Gflops/s) - 3755 (4128666 Gflops/s) - 3771 (4146258 Gflops/s) - 3723 (4093481 Gflops/s) - 3716 (4085785 Gflops/s) | Temperatures: 65°C - 67°C - 73°C - 73°C - 67°C - 66°C - 74°C - 73°C | Throttling: None - None - None - None - None - None - None - None
3767 (4141860 Gflops/s) - 3749 (4122069 Gflops/s) - 3740 (4112173 Gflops/s) - 3755 (4128666 Gflops/s) - 3754 (4127566 Gflops/s) - 3772 (4147357 Gflops/s) - 3723 (4093481 Gflops/s) - 3715 (4084685 Gflops/s) | Temperatures: 65°C - 67°C - 73°C - 73°C - 67°C - 66°C - 74°C - 73°C | Throttling: None - None - None - None - None - None - None - None
3772 (4147357 Gflops/s) - 3752 (4125367 Gflops/s) - 3744 (4116571 Gflops/s) - 3759 (4133064 Gflops/s) - 3759 (4133064 Gflops/s) - 3777 (4152855 Gflops/s) - 3726 (4096780 Gflops/s) - 3719 (4089083 Gflops/s) | Temperatures: 65°C - 67°C - 73°C - 73°C - 67°C - 66°C - 74°C - 73°C | Throttling: None - None - None - None - None - None - None - None
3768 (4142959 Gflops/s) - 3749 (4122069 Gflops/s) - 3739 (4111073 Gflops/s) - 3755 (4128666 Gflops/s) - 3754 (4127566 Gflops/s) - 3773 (4148457 Gflops/s) - 3723 (4093481 Gflops/s) - 3715 (4084685 Gflops/s) | Temperatures: 65°C - 67°C - 73°C - 73°C - 67°C - 66°C - 74°C - 73°C | Throttling: None - None - None - None - None - None - None - None
1381 (1518425 Gflops/s) - 1280 (1407374 Gflops/s) - 1933 (2125355 Gflops/s) - 2075 (2281486 Gflops/s) - 2114 (2324367 Gflops/s) - 2183 (2400233 Gflops/s) - 1211 (1331508 Gflops/s) - 1762 (1937339 Gflops/s) | Temperatures: 54°C - 55°C - 63°C - 62°C - 57°C - 58°C - 62°C - 63°C | Throttling: None - None - None - None - None - None - None - None
GPU #0: 4137290 Gflops/s (min: 1518425.56, max: 4155054.44, dev: 153552.66)
         Temperature: 64.15°C (min: 54.00, max: 65.00)
         Throttling HW: false, Thermal SW: false, Thermal HW: false
GPU #1: 4119082 Gflops/s (min: 1407374.88, max: 4142959.81, dev: 159057.13)
         Temperature: 66.14°C (min: 55.00, max: 67.00)
         Throttling HW: false, Thermal SW: false, Thermal HW: false
GPU #2: 4108282 Gflops/s (min: 2125355.98, max: 4136362.74, dev: 116309.36)
         Temperature: 72.08°C (min: 63.00, max: 73.00)
         Throttling HW: false, Thermal SW: false, Thermal HW: false
GPU #3: 4125645 Gflops/s (min: 2281486.63, max: 4152855.42, dev: 108176.56)
         Temperature: 72.32°C (min: 62.00, max: 73.00)
         Throttling HW: false, Thermal SW: false, Thermal HW: false
GPU #4: 4125296 Gflops/s (min: 2324367.58, max: 4142959.81, dev: 105627.77)
         Temperature: 65.94°C (min: 57.00, max: 67.00)
         Throttling HW: false, Thermal SW: false, Thermal HW: false
GPU #5: 4141947 Gflops/s (min: 2400233.88, max: 4152855.42, dev: 102114.42)
         Temperature: 65.36°C (min: 58.00, max: 67.00)
         Throttling HW: false, Thermal SW: false, Thermal HW: false
GPU #6: 4092333 Gflops/s (min: 1331508.58, max: 4129765.67, dev: 162036.95)
         Temperature: 73.52°C (min: 62.00, max: 75.00)
         Throttling HW: false, Thermal SW: false, Thermal HW: false
GPU #7: 4087541 Gflops/s (min: 1937339.49, max: 4128666.16, dev: 126419.15)
         Temperature: 72.34°C (min: 63.00, max: 73.00)
         Throttling HW: false, Thermal SW: false, Thermal HW: false
All GPUs seem healthy
Freeing GPUs...
