/usr/bin/singularity
apptainer version 1.4.5-1.el9
Number of GPUs =  8
======== Run with fp32 ==========
Detected GPU #0: "NVIDIA B200" (bfed9e16-9b6b-aa1b-4bb8-d19437694839)
Detected GPU #1: "NVIDIA B200" (8323954e-a172-6dc0-c488-e99136f3efa6)
Detected GPU #2: "NVIDIA B200" (23c05ee8-cc17-67b6-c14a-15922905ddd1)
Detected GPU #3: "NVIDIA B200" (2739e314-cbe5-9769-4cf3-26955764be69)
Detected GPU #4: "NVIDIA B200" (710c6713-6139-f743-e905-ffbec912fa0c)
Detected GPU #5: "NVIDIA B200" (c8cd4819-eb4e-0dbf-824e-9c025f2a4383)
Detected GPU #6: "NVIDIA B200" (c968a5a0-84e8-d941-8865-9c82a93c7758)
Detected GPU #7: "NVIDIA B200" (336cd97f-fd6d-8431-f618-0efcff34e55d)
Using precision(s): FP32  
GPU #0: Using 163800 MB
GPU #1: Using 163800 MB
GPU #2: Using 163800 MB
GPU #3: Using 163800 MB
GPU #4: Using 163800 MB
GPU #5: Using 163800 MB
GPU #6: Using 163800 MB
GPU #7: Using 163800 MB
Creating random matrices
Matrices created
1431 (1573401 Gflops/s) - 1427 (1569003 Gflops/s) - 1337 (1470047 Gflops/s) - 1251 (1375489 Gflops/s) - 1161 (1276532 Gflops/s) - 1178 (1295224 Gflops/s) - 1123 (1234751 Gflops/s) - 1148 (1262239 Gflops/s) | Temperatures: 57°C - 57°C - 58°C - 59°C - 55°C - 56°C - 57°C - 57°C | Throttling: None - None - None - None - None - None - None - None
709 (779553 Gflops/s) - 705 (775155 Gflops/s) - 713 (783951 Gflops/s) - 701 (770757 Gflops/s) - 702 (771857 Gflops/s) - 703 (772956 Gflops/s) - 715 (786150 Gflops/s) - 695 (764160 Gflops/s) | Temperatures: 60°C - 60°C - 62°C - 62°C - 59°C - 60°C - 62°C - 61°C | Throttling: None - None - None - None - None - None - None - None
709 (779553 Gflops/s) - 702 (771857 Gflops/s) - 710 (780653 Gflops/s) - 701 (770757 Gflops/s) - 698 (767459 Gflops/s) - 703 (772956 Gflops/s) - 717 (788349 Gflops/s) - 694 (763061 Gflops/s) | Temperatures: 61°C - 61°C - 63°C - 64°C - 60°C - 61°C - 64°C - 63°C | Throttling: None - None - None - None - None - None - None - None
707 (777354 Gflops/s) - 703 (772956 Gflops/s) - 710 (780653 Gflops/s) - 700 (769658 Gflops/s) - 699 (768558 Gflops/s) - 701 (770757 Gflops/s) - 717 (788349 Gflops/s) - 693 (761961 Gflops/s) | Temperatures: 62°C - 62°C - 65°C - 66°C - 61°C - 62°C - 66°C - 64°C | Throttling: None - None - None - None - None - None - None - None
705 (775155 Gflops/s) - 701 (770757 Gflops/s) - 709 (779553 Gflops/s) - 700 (769658 Gflops/s) - 697 (766359 Gflops/s) - 700 (769658 Gflops/s) - 716 (787250 Gflops/s) - 693 (761961 Gflops/s) | Temperatures: 62°C - 62°C - 66°C - 66°C - 62°C - 63°C - 67°C - 66°C | Throttling: None - None - None - None - None - None - None - None
708 (778454 Gflops/s) - 702 (771857 Gflops/s) - 710 (780653 Gflops/s) - 700 (769658 Gflops/s) - 698 (767459 Gflops/s) - 700 (769658 Gflops/s) - 715 (786150 Gflops/s) - 694 (763061 Gflops/s) | Temperatures: 63°C - 63°C - 66°C - 67°C - 62°C - 63°C - 67°C - 66°C | Throttling: None - None - None - None - None - None - None - None
705 (775155 Gflops/s) - 700 (769658 Gflops/s) - 709 (779553 Gflops/s) - 701 (770757 Gflops/s) - 697 (766359 Gflops/s) - 700 (769658 Gflops/s) - 714 (785051 Gflops/s) - 695 (764160 Gflops/s) | Temperatures: 63°C - 63°C - 67°C - 68°C - 63°C - 64°C - 68°C - 67°C | Throttling: None - None - None - None - None - None - None - None
705 (775155 Gflops/s) - 701 (770757 Gflops/s) - 710 (780653 Gflops/s) - 700 (769658 Gflops/s) - 697 (766359 Gflops/s) - 711 (781752 Gflops/s) - 713 (783951 Gflops/s) - 694 (763061 Gflops/s) | Temperatures: 63°C - 63°C - 67°C - 68°C - 63°C - 64°C - 69°C - 67°C | Throttling: None - None - None - None - None - None - None - None
705 (775155 Gflops/s) - 700 (769658 Gflops/s) - 709 (779553 Gflops/s) - 704 (774056 Gflops/s) - 696 (765260 Gflops/s) - 688 (756463 Gflops/s) - 728 (800444 Gflops/s) - 693 (761961 Gflops/s) | Temperatures: 63°C - 64°C - 68°C - 69°C - 63°C - 64°C - 69°C - 68°C | Throttling: None - None - None - None - None - None - None - None
705 (775155 Gflops/s) - 700 (769658 Gflops/s) - 708 (778454 Gflops/s) - 696 (765260 Gflops/s) - 697 (766359 Gflops/s) - 700 (769658 Gflops/s) - 698 (767459 Gflops/s) - 693 (761961 Gflops/s) | Temperatures: 64°C - 64°C - 68°C - 69°C - 64°C - 64°C - 70°C - 68°C | Throttling: None - None - None - None - None - None - None - None
704 (774056 Gflops/s) - 700 (769658 Gflops/s) - 707 (777354 Gflops/s) - 698 (767459 Gflops/s) - 695 (764160 Gflops/s) - 698 (767459 Gflops/s) - 710 (780653 Gflops/s) - 693 (761961 Gflops/s) | Temperatures: 64°C - 64°C - 69°C - 69°C - 64°C - 65°C - 70°C - 68°C | Throttling: None - None - None - None - None - None - None - None
705 (775155 Gflops/s) - 703 (772956 Gflops/s) - 712 (782852 Gflops/s) - 698 (767459 Gflops/s) - 695 (764160 Gflops/s) - 698 (767459 Gflops/s) - 711 (781752 Gflops/s) - 692 (760862 Gflops/s) | Temperatures: 64°C - 64°C - 69°C - 70°C - 64°C - 65°C - 70°C - 69°C | Throttling: None - None - None - None - None - None - None - None
708 (778454 Gflops/s) - 696 (765260 Gflops/s) - 703 (772956 Gflops/s) - 696 (765260 Gflops/s) - 696 (765260 Gflops/s) - 700 (769658 Gflops/s) - 710 (780653 Gflops/s) - 693 (761961 Gflops/s) | Temperatures: 64°C - 64°C - 69°C - 70°C - 64°C - 65°C - 71°C - 69°C | Throttling: None - None - None - None - None - None - None - None
700 (769658 Gflops/s) - 699 (768558 Gflops/s) - 707 (777354 Gflops/s) - 697 (766359 Gflops/s) - 695 (764160 Gflops/s) - 701 (770757 Gflops/s) - 710 (780653 Gflops/s) - 692 (760862 Gflops/s) | Temperatures: 64°C - 64°C - 69°C - 70°C - 64°C - 65°C - 71°C - 69°C | Throttling: None - None - None - None - None - None - None - None
703 (772956 Gflops/s) - 700 (769658 Gflops/s) - 706 (776255 Gflops/s) - 697 (766359 Gflops/s) - 696 (765260 Gflops/s) - 701 (770757 Gflops/s) - 710 (780653 Gflops/s) - 691 (759762 Gflops/s) | Temperatures: 64°C - 64°C - 70°C - 70°C - 64°C - 65°C - 71°C - 69°C | Throttling: None - None - None - None - None - None - None - None
704 (774056 Gflops/s) - 698 (767459 Gflops/s) - 707 (777354 Gflops/s) - 696 (765260 Gflops/s) - 695 (764160 Gflops/s) - 703 (772956 Gflops/s) - 710 (780653 Gflops/s) - 690 (758663 Gflops/s) | Temperatures: 64°C - 64°C - 70°C - 70°C - 64°C - 65°C - 71°C - 69°C | Throttling: None - None - None - None - None - None - None - None
702 (771857 Gflops/s) - 699 (768558 Gflops/s) - 707 (777354 Gflops/s) - 696 (765260 Gflops/s) - 696 (765260 Gflops/s) - 702 (771857 Gflops/s) - 709 (779553 Gflops/s) - 690 (758663 Gflops/s) | Temperatures: 64°C - 65°C - 70°C - 70°C - 64°C - 65°C - 71°C - 69°C | Throttling: None - None - None - None - None - None - None - None
704 (774056 Gflops/s) - 699 (768558 Gflops/s) - 706 (776255 Gflops/s) - 695 (764160 Gflops/s) - 695 (764160 Gflops/s) - 703 (772956 Gflops/s) - 708 (778454 Gflops/s) - 690 (758663 Gflops/s) | Temperatures: 64°C - 65°C - 70°C - 70°C - 65°C - 65°C - 72°C - 70°C | Throttling: None - None - None - None - None - None - None - None
702 (771857 Gflops/s) - 698 (767459 Gflops/s) - 705 (775155 Gflops/s) - 695 (764160 Gflops/s) - 711 (781752 Gflops/s) - 702 (771857 Gflops/s) - 708 (778454 Gflops/s) - 688 (756463 Gflops/s) | Temperatures: 64°C - 65°C - 70°C - 71°C - 65°C - 65°C - 72°C - 70°C | Throttling: None - None - None - None - None - None - None - None
703 (772956 Gflops/s) - 699 (768558 Gflops/s) - 706 (776255 Gflops/s) - 694 (763061 Gflops/s) - 679 (746568 Gflops/s) - 702 (771857 Gflops/s) - 708 (778454 Gflops/s) - 689 (757563 Gflops/s) | Temperatures: 65°C - 65°C - 70°C - 71°C - 65°C - 66°C - 72°C - 70°C | Throttling: None - None - None - None - None - None - None - None
702 (771857 Gflops/s) - 698 (767459 Gflops/s) - 705 (775155 Gflops/s) - 694 (763061 Gflops/s) - 694 (763061 Gflops/s) - 703 (772956 Gflops/s) - 708 (778454 Gflops/s) - 688 (756463 Gflops/s) | Temperatures: 65°C - 65°C - 71°C - 71°C - 65°C - 66°C - 72°C - 70°C | Throttling: None - None - None - None - None - None - None - None
702 (771857 Gflops/s) - 698 (767459 Gflops/s) - 705 (775155 Gflops/s) - 694 (763061 Gflops/s) - 695 (764160 Gflops/s) - 702 (771857 Gflops/s) - 707 (777354 Gflops/s) - 689 (757563 Gflops/s) | Temperatures: 65°C - 65°C - 71°C - 71°C - 65°C - 66°C - 72°C - 70°C | Throttling: None - None - None - None - None - None - None - None
703 (772956 Gflops/s) - 697 (766359 Gflops/s) - 706 (776255 Gflops/s) - 694 (763061 Gflops/s) - 695 (764160 Gflops/s) - 702 (771857 Gflops/s) - 707 (777354 Gflops/s) - 688 (756463 Gflops/s) | Temperatures: 65°C - 65°C - 71°C - 71°C - 65°C - 66°C - 72°C - 70°C | Throttling: None - None - None - None - None - None - None - None
701 (770757 Gflops/s) - 701 (770757 Gflops/s) - 704 (774056 Gflops/s) - 693 (761961 Gflops/s) - 694 (763061 Gflops/s) - 702 (771857 Gflops/s) - 707 (777354 Gflops/s) - 687 (755364 Gflops/s) | Temperatures: 65°C - 66°C - 71°C - 72°C - 65°C - 66°C - 73°C - 71°C | Throttling: None - None - None - None - None - None - None - None
703 (772956 Gflops/s) - 696 (765260 Gflops/s) - 705 (775155 Gflops/s) - 693 (761961 Gflops/s) - 697 (766359 Gflops/s) - 703 (772956 Gflops/s) - 707 (777354 Gflops/s) - 687 (755364 Gflops/s) | Temperatures: 66°C - 66°C - 71°C - 72°C - 66°C - 67°C - 73°C - 71°C | Throttling: None - None - None - None - None - None - None - None
715 (786150 Gflops/s) - 700 (769658 Gflops/s) - 703 (772956 Gflops/s) - 692 (760862 Gflops/s) - 698 (767459 Gflops/s) - 702 (771857 Gflops/s) - 706 (776255 Gflops/s) - 687 (755364 Gflops/s) | Temperatures: 66°C - 66°C - 71°C - 72°C - 66°C - 67°C - 73°C - 71°C | Throttling: None - None - None - None - None - None - None - None
692 (760862 Gflops/s) - 699 (768558 Gflops/s) - 703 (772956 Gflops/s) - 690 (758663 Gflops/s) - 697 (766359 Gflops/s) - 701 (770757 Gflops/s) - 704 (774056 Gflops/s) - 686 (754264 Gflops/s) | Temperatures: 66°C - 66°C - 72°C - 72°C - 66°C - 67°C - 73°C - 71°C | Throttling: None - None - None - None - None - None - None - None
703 (772956 Gflops/s) - 700 (769658 Gflops/s) - 703 (772956 Gflops/s) - 691 (759762 Gflops/s) - 696 (765260 Gflops/s) - 701 (770757 Gflops/s) - 706 (776255 Gflops/s) - 700 (769658 Gflops/s) | Temperatures: 66°C - 67°C - 72°C - 72°C - 66°C - 67°C - 73°C - 71°C | Throttling: None - None - None - None - None - None - None - None
703 (772956 Gflops/s) - 699 (768558 Gflops/s) - 703 (772956 Gflops/s) - 691 (759762 Gflops/s) - 696 (765260 Gflops/s) - 702 (771857 Gflops/s) - 705 (775155 Gflops/s) - 672 (738871 Gflops/s) | Temperatures: 66°C - 67°C - 72°C - 73°C - 67°C - 68°C - 74°C - 72°C | Throttling: None - None - None - None - None - None - None - None
703 (772956 Gflops/s) - 699 (768558 Gflops/s) - 703 (772956 Gflops/s) - 691 (759762 Gflops/s) - 697 (766359 Gflops/s) - 701 (770757 Gflops/s) - 705 (775155 Gflops/s) - 686 (754264 Gflops/s) | Temperatures: 67°C - 67°C - 73°C - 73°C - 67°C - 68°C - 74°C - 72°C | Throttling: None - None - None - None - None - None - None - None
703 (772956 Gflops/s) - 699 (768558 Gflops/s) - 703 (772956 Gflops/s) - 691 (759762 Gflops/s) - 696 (765260 Gflops/s) - 700 (769658 Gflops/s) - 705 (775155 Gflops/s) - 685 (753165 Gflops/s) | Temperatures: 67°C - 67°C - 73°C - 73°C - 67°C - 68°C - 74°C - 72°C | Throttling: None - None - None - None - None - None - None - None
702 (771857 Gflops/s) - 699 (768558 Gflops/s) - 702 (771857 Gflops/s) - 691 (759762 Gflops/s) - 695 (764160 Gflops/s) - 700 (769658 Gflops/s) - 705 (775155 Gflops/s) - 684 (752065 Gflops/s) | Temperatures: 67°C - 67°C - 73°C - 73°C - 67°C - 68°C - 74°C - 72°C | Throttling: None - None - None - None - None - None - None - None
704 (774056 Gflops/s) - 698 (767459 Gflops/s) - 703 (772956 Gflops/s) - 689 (757563 Gflops/s) - 696 (765260 Gflops/s) - 709 (779553 Gflops/s) - 707 (777354 Gflops/s) - 685 (753165 Gflops/s) | Temperatures: 67°C - 68°C - 73°C - 73°C - 67°C - 68°C - 75°C - 72°C | Throttling: None - None - None - None - None - None - None - None
702 (771857 Gflops/s) - 698 (767459 Gflops/s) - 700 (769658 Gflops/s) - 690 (758663 Gflops/s) - 695 (764160 Gflops/s) - 691 (759762 Gflops/s) - 705 (775155 Gflops/s) - 684 (752065 Gflops/s) | Temperatures: 67°C - 68°C - 73°C - 73°C - 67°C - 68°C - 75°C - 73°C | Throttling: None - None - None - None - None - None - None - None
702 (771857 Gflops/s) - 697 (766359 Gflops/s) - 701 (770757 Gflops/s) - 690 (758663 Gflops/s) - 694 (763061 Gflops/s) - 698 (767459 Gflops/s) - 706 (776255 Gflops/s) - 683 (750966 Gflops/s) | Temperatures: 68°C - 68°C - 73°C - 74°C - 68°C - 69°C - 75°C - 73°C | Throttling: None - None - None - None - None - None - None - None
702 (771857 Gflops/s) - 698 (767459 Gflops/s) - 700 (769658 Gflops/s) - 694 (763061 Gflops/s) - 696 (765260 Gflops/s) - 700 (769658 Gflops/s) - 704 (774056 Gflops/s) - 684 (752065 Gflops/s) | Temperatures: 68°C - 68°C - 73°C - 74°C - 68°C - 69°C - 75°C - 73°C | Throttling: None - None - None - None - None - None - None - None
702 (771857 Gflops/s) - 698 (767459 Gflops/s) - 701 (770757 Gflops/s) - 695 (764160 Gflops/s) - 695 (764160 Gflops/s) - 700 (769658 Gflops/s) - 707 (777354 Gflops/s) - 684 (752065 Gflops/s) | Temperatures: 68°C - 68°C - 74°C - 74°C - 68°C - 69°C - 75°C - 73°C | Throttling: None - None - None - None - None - None - None - None
702 (771857 Gflops/s) - 697 (766359 Gflops/s) - 699 (768558 Gflops/s) - 694 (763061 Gflops/s) - 694 (763061 Gflops/s) - 699 (768558 Gflops/s) - 706 (776255 Gflops/s) - 683 (750966 Gflops/s) | Temperatures: 68°C - 68°C - 74°C - 74°C - 68°C - 69°C - 75°C - 73°C | Throttling: None - None - None - None - None - None - None - None
701 (770757 Gflops/s) - 697 (766359 Gflops/s) - 700 (769658 Gflops/s) - 693 (761961 Gflops/s) - 695 (764160 Gflops/s) - 698 (767459 Gflops/s) - 706 (776255 Gflops/s) - 683 (750966 Gflops/s) | Temperatures: 68°C - 68°C - 74°C - 74°C - 68°C - 69°C - 76°C - 73°C | Throttling: None - None - None - None - None - None - None - None
703 (772956 Gflops/s) - 697 (766359 Gflops/s) - 698 (767459 Gflops/s) - 694 (763061 Gflops/s) - 694 (763061 Gflops/s) - 698 (767459 Gflops/s) - 707 (777354 Gflops/s) - 683 (750966 Gflops/s) | Temperatures: 68°C - 68°C - 74°C - 74°C - 68°C - 69°C - 76°C - 73°C | Throttling: None - None - None - None - None - None - None - None
702 (771857 Gflops/s) - 697 (766359 Gflops/s) - 700 (769658 Gflops/s) - 693 (761961 Gflops/s) - 695 (764160 Gflops/s) - 699 (768558 Gflops/s) - 705 (775155 Gflops/s) - 683 (750966 Gflops/s) | Temperatures: 68°C - 69°C - 74°C - 75°C - 68°C - 69°C - 76°C - 74°C | Throttling: None - None - None - None - None - None - None - None
702 (771857 Gflops/s) - 698 (767459 Gflops/s) - 698 (767459 Gflops/s) - 694 (763061 Gflops/s) - 695 (764160 Gflops/s) - 698 (767459 Gflops/s) - 705 (775155 Gflops/s) - 682 (749866 Gflops/s) | Temperatures: 68°C - 69°C - 74°C - 75°C - 68°C - 69°C - 76°C - 74°C | Throttling: None - None - None - None - None - None - None - None
701 (770757 Gflops/s) - 695 (764160 Gflops/s) - 699 (768558 Gflops/s) - 693 (761961 Gflops/s) - 694 (763061 Gflops/s) - 698 (767459 Gflops/s) - 705 (775155 Gflops/s) - 682 (749866 Gflops/s) | Temperatures: 68°C - 69°C - 74°C - 75°C - 69°C - 69°C - 76°C - 74°C | Throttling: None - None - None - None - None - None - None - None
702 (771857 Gflops/s) - 697 (766359 Gflops/s) - 699 (768558 Gflops/s) - 692 (760862 Gflops/s) - 694 (763061 Gflops/s) - 698 (767459 Gflops/s) - 705 (775155 Gflops/s) - 683 (750966 Gflops/s) | Temperatures: 68°C - 69°C - 75°C - 75°C - 69°C - 69°C - 76°C - 74°C | Throttling: None - None - None - None - None - None - None - None
701 (770757 Gflops/s) - 696 (765260 Gflops/s) - 697 (766359 Gflops/s) - 693 (761961 Gflops/s) - 695 (764160 Gflops/s) - 705 (775155 Gflops/s) - 705 (775155 Gflops/s) - 682 (749866 Gflops/s) | Temperatures: 68°C - 69°C - 75°C - 75°C - 69°C - 69°C - 76°C - 74°C | Throttling: None - None - None - None - None - None - None - None
702 (771857 Gflops/s) - 697 (766359 Gflops/s) - 699 (768558 Gflops/s) - 693 (761961 Gflops/s) - 694 (763061 Gflops/s) - 691 (759762 Gflops/s) - 706 (776255 Gflops/s) - 682 (749866 Gflops/s) | Temperatures: 68°C - 69°C - 75°C - 75°C - 69°C - 69°C - 76°C - 74°C | Throttling: None - None - None - None - None - None - None - None
701 (770757 Gflops/s) - 696 (765260 Gflops/s) - 699 (768558 Gflops/s) - 693 (761961 Gflops/s) - 694 (763061 Gflops/s) - 698 (767459 Gflops/s) - 704 (774056 Gflops/s) - 682 (749866 Gflops/s) | Temperatures: 68°C - 69°C - 75°C - 75°C - 69°C - 69°C - 76°C - 74°C | Throttling: None - None - None - None - None - None - None - None
702 (771857 Gflops/s) - 697 (766359 Gflops/s) - 699 (768558 Gflops/s) - 693 (761961 Gflops/s) - 695 (764160 Gflops/s) - 698 (767459 Gflops/s) - 705 (775155 Gflops/s) - 683 (750966 Gflops/s) | Temperatures: 68°C - 69°C - 75°C - 75°C - 69°C - 69°C - 76°C - 74°C | Throttling: None - None - None - None - None - None - None - None
701 (770757 Gflops/s) - 696 (765260 Gflops/s) - 698 (767459 Gflops/s) - 692 (760862 Gflops/s) - 695 (764160 Gflops/s) - 699 (768558 Gflops/s) - 704 (774056 Gflops/s) - 682 (749866 Gflops/s) | Temperatures: 68°C - 69°C - 75°C - 75°C - 69°C - 69°C - 76°C - 74°C | Throttling: None - None - None - None - None - None - None - None
702 (771857 Gflops/s) - 696 (765260 Gflops/s) - 698 (767459 Gflops/s) - 692 (760862 Gflops/s) - 695 (764160 Gflops/s) - 698 (767459 Gflops/s) - 705 (775155 Gflops/s) - 681 (748767 Gflops/s) | Temperatures: 68°C - 69°C - 75°C - 75°C - 69°C - 69°C - 77°C - 74°C | Throttling: None - None - None - None - None - None - None - None
700 (769658 Gflops/s) - 696 (765260 Gflops/s) - 699 (768558 Gflops/s) - 691 (759762 Gflops/s) - 692 (760862 Gflops/s) - 698 (767459 Gflops/s) - 703 (772956 Gflops/s) - 682 (749866 Gflops/s) | Temperatures: 68°C - 69°C - 75°C - 75°C - 68°C - 69°C - 77°C - 74°C | Throttling: None - None - None - None - None - None - None - None
702 (771857 Gflops/s) - 696 (765260 Gflops/s) - 698 (767459 Gflops/s) - 692 (760862 Gflops/s) - 695 (764160 Gflops/s) - 699 (768558 Gflops/s) - 704 (774056 Gflops/s) - 682 (749866 Gflops/s) | Temperatures: 68°C - 69°C - 75°C - 75°C - 69°C - 69°C - 76°C - 74°C | Throttling: None - None - None - None - None - None - None - None
702 (771857 Gflops/s) - 697 (766359 Gflops/s) - 699 (768558 Gflops/s) - 693 (761961 Gflops/s) - 701 (770757 Gflops/s) - 698 (767459 Gflops/s) - 704 (774056 Gflops/s) - 681 (748767 Gflops/s) | Temperatures: 68°C - 68°C - 75°C - 75°C - 69°C - 69°C - 77°C - 74°C | Throttling: None - None - None - None - None - None - None - None
701 (770757 Gflops/s) - 696 (765260 Gflops/s) - 699 (768558 Gflops/s) - 693 (761961 Gflops/s) - 689 (757563 Gflops/s) - 698 (767459 Gflops/s) - 705 (775155 Gflops/s) - 682 (749866 Gflops/s) | Temperatures: 68°C - 68°C - 75°C - 75°C - 68°C - 69°C - 77°C - 74°C | Throttling: None - None - None - None - None - None - None - None
702 (771857 Gflops/s) - 697 (766359 Gflops/s) - 698 (767459 Gflops/s) - 692 (760862 Gflops/s) - 695 (764160 Gflops/s) - 698 (767459 Gflops/s) - 704 (774056 Gflops/s) - 682 (749866 Gflops/s) | Temperatures: 68°C - 68°C - 75°C - 75°C - 68°C - 69°C - 77°C - 74°C | Throttling: None - None - None - None - None - None - None - None
701 (770757 Gflops/s) - 697 (766359 Gflops/s) - 701 (770757 Gflops/s) - 693 (761961 Gflops/s) - 694 (763061 Gflops/s) - 699 (768558 Gflops/s) - 705 (775155 Gflops/s) - 682 (749866 Gflops/s) | Temperatures: 68°C - 68°C - 75°C - 75°C - 68°C - 69°C - 77°C - 74°C | Throttling: None - None - None - None - None - None - None - None
701 (770757 Gflops/s) - 697 (766359 Gflops/s) - 699 (768558 Gflops/s) - 692 (760862 Gflops/s) - 694 (763061 Gflops/s) - 708 (778454 Gflops/s) - 703 (772956 Gflops/s) - 681 (748767 Gflops/s) | Temperatures: 68°C - 68°C - 75°C - 75°C - 68°C - 69°C - 77°C - 74°C | Throttling: None - None - None - None - None - None - None - None
703 (772956 Gflops/s) - 696 (765260 Gflops/s) - 700 (769658 Gflops/s) - 693 (761961 Gflops/s) - 694 (763061 Gflops/s) - 688 (756463 Gflops/s) - 704 (774056 Gflops/s) - 682 (749866 Gflops/s) | Temperatures: 68°C - 68°C - 75°C - 75°C - 68°C - 69°C - 77°C - 74°C | Throttling: None - None - None - None - None - None - None - None
701 (770757 Gflops/s) - 696 (765260 Gflops/s) - 697 (766359 Gflops/s) - 691 (759762 Gflops/s) - 694 (763061 Gflops/s) - 697 (766359 Gflops/s) - 703 (772956 Gflops/s) - 681 (748767 Gflops/s) | Temperatures: 68°C - 68°C - 75°C - 75°C - 68°C - 69°C - 77°C - 74°C | Throttling: None - None - None - None - None - None - None - None
701 (770757 Gflops/s) - 697 (766359 Gflops/s) - 699 (768558 Gflops/s) - 693 (761961 Gflops/s) - 695 (764160 Gflops/s) - 698 (767459 Gflops/s) - 704 (774056 Gflops/s) - 681 (748767 Gflops/s) | Temperatures: 68°C - 68°C - 75°C - 75°C - 68°C - 69°C - 77°C - 74°C | Throttling: None - None - None - None - None - None - None - None
702 (771857 Gflops/s) - 696 (765260 Gflops/s) - 700 (769658 Gflops/s) - 692 (760862 Gflops/s) - 693 (761961 Gflops/s) - 699 (768558 Gflops/s) - 703 (772956 Gflops/s) - 682 (749866 Gflops/s) | Temperatures: 68°C - 68°C - 75°C - 75°C - 68°C - 69°C - 77°C - 74°C | Throttling: None - None - None - None - None - None - None - None
701 (770757 Gflops/s) - 697 (766359 Gflops/s) - 699 (768558 Gflops/s) - 692 (760862 Gflops/s) - 695 (764160 Gflops/s) - 698 (767459 Gflops/s) - 706 (776255 Gflops/s) - 681 (748767 Gflops/s) | Temperatures: 68°C - 68°C - 75°C - 75°C - 68°C - 69°C - 77°C - 74°C | Throttling: None - None - None - None - None - None - None - None
702 (771857 Gflops/s) - 697 (766359 Gflops/s) - 699 (768558 Gflops/s) - 692 (760862 Gflops/s) - 695 (764160 Gflops/s) - 698 (767459 Gflops/s) - 704 (774056 Gflops/s) - 682 (749866 Gflops/s) | Temperatures: 68°C - 68°C - 75°C - 75°C - 68°C - 69°C - 77°C - 74°C | Throttling: None - None - None - None - None - None - None - None
711 (781752 Gflops/s) - 697 (766359 Gflops/s) - 701 (770757 Gflops/s) - 692 (760862 Gflops/s) - 693 (761961 Gflops/s) - 698 (767459 Gflops/s) - 704 (774056 Gflops/s) - 681 (748767 Gflops/s) | Temperatures: 68°C - 68°C - 75°C - 75°C - 68°C - 69°C - 77°C - 74°C | Throttling: None - None - None - None - None - None - None - None
693 (761961 Gflops/s) - 696 (765260 Gflops/s) - 699 (768558 Gflops/s) - 692 (760862 Gflops/s) - 695 (764160 Gflops/s) - 698 (767459 Gflops/s) - 704 (774056 Gflops/s) - 682 (749866 Gflops/s) | Temperatures: 68°C - 68°C - 75°C - 75°C - 68°C - 69°C - 76°C - 74°C | Throttling: None - None - None - None - None - None - None - None
701 (770757 Gflops/s) - 697 (766359 Gflops/s) - 702 (771857 Gflops/s) - 693 (761961 Gflops/s) - 695 (764160 Gflops/s) - 698 (767459 Gflops/s) - 704 (774056 Gflops/s) - 682 (749866 Gflops/s) | Temperatures: 68°C - 68°C - 75°C - 75°C - 68°C - 69°C - 77°C - 74°C | Throttling: None - None - None - None - None - None - None - None
701 (770757 Gflops/s) - 697 (766359 Gflops/s) - 700 (769658 Gflops/s) - 691 (759762 Gflops/s) - 694 (763061 Gflops/s) - 698 (767459 Gflops/s) - 704 (774056 Gflops/s) - 681 (748767 Gflops/s) | Temperatures: 68°C - 68°C - 75°C - 75°C - 68°C - 69°C - 76°C - 74°C | Throttling: None - None - None - None - None - None - None - None
701 (770757 Gflops/s) - 697 (766359 Gflops/s) - 698 (767459 Gflops/s) - 692 (760862 Gflops/s) - 694 (763061 Gflops/s) - 699 (768558 Gflops/s) - 703 (772956 Gflops/s) - 682 (749866 Gflops/s) | Temperatures: 67°C - 68°C - 75°C - 75°C - 68°C - 69°C - 76°C - 74°C | Throttling: None - None - None - None - None - None - None - None
701 (770757 Gflops/s) - 698 (767459 Gflops/s) - 699 (768558 Gflops/s) - 693 (761961 Gflops/s) - 695 (764160 Gflops/s) - 713 (783951 Gflops/s) - 704 (774056 Gflops/s) - 681 (748767 Gflops/s) | Temperatures: 67°C - 68°C - 75°C - 75°C - 68°C - 69°C - 76°C - 74°C | Throttling: None - None - None - None - None - None - None - None
702 (771857 Gflops/s) - 697 (766359 Gflops/s) - 701 (770757 Gflops/s) - 692 (760862 Gflops/s) - 694 (763061 Gflops/s) - 683 (750966 Gflops/s) - 704 (774056 Gflops/s) - 683 (750966 Gflops/s) | Temperatures: 67°C - 68°C - 75°C - 75°C - 68°C - 69°C - 77°C - 74°C | Throttling: None - None - None - None - None - None - None - None
702 (771857 Gflops/s) - 697 (766359 Gflops/s) - 701 (770757 Gflops/s) - 692 (760862 Gflops/s) - 694 (763061 Gflops/s) - 698 (767459 Gflops/s) - 704 (774056 Gflops/s) - 682 (749866 Gflops/s) | Temperatures: 67°C - 68°C - 75°C - 75°C - 68°C - 69°C - 76°C - 74°C | Throttling: None - None - None - None - None - None - None - None
701 (770757 Gflops/s) - 697 (766359 Gflops/s) - 701 (770757 Gflops/s) - 692 (760862 Gflops/s) - 695 (764160 Gflops/s) - 699 (768558 Gflops/s) - 704 (774056 Gflops/s) - 682 (749866 Gflops/s) | Temperatures: 67°C - 68°C - 75°C - 75°C - 68°C - 68°C - 76°C - 74°C | Throttling: None - None - None - None - None - None - None - None
701 (770757 Gflops/s) - 697 (766359 Gflops/s) - 699 (768558 Gflops/s) - 693 (761961 Gflops/s) - 696 (765260 Gflops/s) - 698 (767459 Gflops/s) - 704 (774056 Gflops/s) - 682 (749866 Gflops/s) | Temperatures: 67°C - 68°C - 74°C - 75°C - 68°C - 68°C - 76°C - 74°C | Throttling: None - None - None - None - None - None - None - None
702 (771857 Gflops/s) - 697 (766359 Gflops/s) - 697 (766359 Gflops/s) - 692 (760862 Gflops/s) - 694 (763061 Gflops/s) - 698 (767459 Gflops/s) - 703 (772956 Gflops/s) - 681 (748767 Gflops/s) | Temperatures: 67°C - 68°C - 74°C - 74°C - 67°C - 68°C - 76°C - 74°C | Throttling: None - None - None - None - None - None - None - None
701 (770757 Gflops/s) - 697 (766359 Gflops/s) - 703 (772956 Gflops/s) - 693 (761961 Gflops/s) - 695 (764160 Gflops/s) - 699 (768558 Gflops/s) - 705 (775155 Gflops/s) - 682 (749866 Gflops/s) | Temperatures: 67°C - 67°C - 74°C - 74°C - 67°C - 68°C - 76°C - 74°C | Throttling: None - None - None - None - None - None - None - None
701 (770757 Gflops/s) - 698 (767459 Gflops/s) - 700 (769658 Gflops/s) - 693 (761961 Gflops/s) - 695 (764160 Gflops/s) - 698 (767459 Gflops/s) - 705 (775155 Gflops/s) - 683 (750966 Gflops/s) | Temperatures: 67°C - 67°C - 74°C - 74°C - 67°C - 68°C - 76°C - 73°C | Throttling: None - None - None - None - None - None - None - None
703 (772956 Gflops/s) - 697 (766359 Gflops/s) - 701 (770757 Gflops/s) - 693 (761961 Gflops/s) - 695 (764160 Gflops/s) - 699 (768558 Gflops/s) - 704 (774056 Gflops/s) - 682 (749866 Gflops/s) | Temperatures: 67°C - 67°C - 74°C - 74°C - 67°C - 68°C - 76°C - 73°C | Throttling: None - None - None - None - None - None - None - None
702 (771857 Gflops/s) - 698 (767459 Gflops/s) - 698 (767459 Gflops/s) - 694 (763061 Gflops/s) - 694 (763061 Gflops/s) - 698 (767459 Gflops/s) - 705 (775155 Gflops/s) - 682 (749866 Gflops/s) | Temperatures: 67°C - 67°C - 74°C - 74°C - 67°C - 68°C - 76°C - 73°C | Throttling: None - None - None - None - None - None - None - None
702 (771857 Gflops/s) - 697 (766359 Gflops/s) - 698 (767459 Gflops/s) - 693 (761961 Gflops/s) - 695 (764160 Gflops/s) - 699 (768558 Gflops/s) - 706 (776255 Gflops/s) - 682 (749866 Gflops/s) | Temperatures: 67°C - 67°C - 74°C - 74°C - 67°C - 68°C - 76°C - 73°C | Throttling: None - None - None - None - None - None - None - None
701 (770757 Gflops/s) - 697 (766359 Gflops/s) - 697 (766359 Gflops/s) - 691 (759762 Gflops/s) - 694 (763061 Gflops/s) - 698 (767459 Gflops/s) - 705 (775155 Gflops/s) - 682 (749866 Gflops/s) | Temperatures: 67°C - 67°C - 74°C - 74°C - 67°C - 68°C - 76°C - 73°C | Throttling: None - None - None - None - None - None - None - None
702 (771857 Gflops/s) - 699 (768558 Gflops/s) - 697 (766359 Gflops/s) - 694 (763061 Gflops/s) - 695 (764160 Gflops/s) - 715 (786150 Gflops/s) - 704 (774056 Gflops/s) - 682 (749866 Gflops/s) | Temperatures: 67°C - 67°C - 74°C - 74°C - 67°C - 68°C - 76°C - 73°C | Throttling: None - None - None - None - None - None - None - None
703 (772956 Gflops/s) - 697 (766359 Gflops/s) - 698 (767459 Gflops/s) - 694 (763061 Gflops/s) - 695 (764160 Gflops/s) - 682 (749866 Gflops/s) - 705 (775155 Gflops/s) - 682 (749866 Gflops/s) | Temperatures: 67°C - 67°C - 74°C - 74°C - 67°C - 68°C - 76°C - 73°C | Throttling: None - None - None - None - None - None - None - None
703 (772956 Gflops/s) - 710 (780653 Gflops/s) - 698 (767459 Gflops/s) - 693 (761961 Gflops/s) - 695 (764160 Gflops/s) - 699 (768558 Gflops/s) - 705 (775155 Gflops/s) - 682 (749866 Gflops/s) | Temperatures: 67°C - 67°C - 74°C - 74°C - 67°C - 68°C - 76°C - 73°C | Throttling: None - None - None - None - None - None - None - None
702 (771857 Gflops/s) - 686 (754264 Gflops/s) - 698 (767459 Gflops/s) - 693 (761961 Gflops/s) - 696 (765260 Gflops/s) - 698 (767459 Gflops/s) - 706 (776255 Gflops/s) - 682 (749866 Gflops/s) | Temperatures: 67°C - 67°C - 74°C - 74°C - 67°C - 68°C - 76°C - 73°C | Throttling: None - None - None - None - None - None - None - None
702 (771857 Gflops/s) - 697 (766359 Gflops/s) - 699 (768558 Gflops/s) - 693 (761961 Gflops/s) - 695 (764160 Gflops/s) - 699 (768558 Gflops/s) - 705 (775155 Gflops/s) - 682 (749866 Gflops/s) | Temperatures: 67°C - 67°C - 74°C - 74°C - 67°C - 68°C - 76°C - 73°C | Throttling: None - None - None - None - None - None - None - None
701 (770757 Gflops/s) - 697 (766359 Gflops/s) - 696 (765260 Gflops/s) - 693 (761961 Gflops/s) - 695 (764160 Gflops/s) - 698 (767459 Gflops/s) - 705 (775155 Gflops/s) - 682 (749866 Gflops/s) | Temperatures: 67°C - 67°C - 74°C - 74°C - 67°C - 68°C - 76°C - 73°C | Throttling: None - None - None - None - None - None - None - None
702 (771857 Gflops/s) - 698 (767459 Gflops/s) - 698 (767459 Gflops/s) - 692 (760862 Gflops/s) - 706 (776255 Gflops/s) - 699 (768558 Gflops/s) - 704 (774056 Gflops/s) - 682 (749866 Gflops/s) | Temperatures: 67°C - 67°C - 74°C - 74°C - 67°C - 68°C - 76°C - 73°C | Throttling: None - None - None - None - None - None - None - None
702 (771857 Gflops/s) - 698 (767459 Gflops/s) - 698 (767459 Gflops/s) - 693 (761961 Gflops/s) - 684 (752065 Gflops/s) - 699 (768558 Gflops/s) - 705 (775155 Gflops/s) - 682 (749866 Gflops/s) | Temperatures: 67°C - 67°C - 74°C - 74°C - 67°C - 68°C - 76°C - 73°C | Throttling: None - None - None - None - None - None - None - None
703 (772956 Gflops/s) - 697 (766359 Gflops/s) - 698 (767459 Gflops/s) - 693 (761961 Gflops/s) - 694 (763061 Gflops/s) - 698 (767459 Gflops/s) - 706 (776255 Gflops/s) - 683 (750966 Gflops/s) | Temperatures: 67°C - 67°C - 74°C - 74°C - 67°C - 68°C - 76°C - 73°C | Throttling: None - None - None - None - None - None - None - None
702 (771857 Gflops/s) - 697 (766359 Gflops/s) - 698 (767459 Gflops/s) - 693 (761961 Gflops/s) - 696 (765260 Gflops/s) - 699 (768558 Gflops/s) - 720 (791648 Gflops/s) - 682 (749866 Gflops/s) | Temperatures: 67°C - 67°C - 74°C - 74°C - 67°C - 68°C - 76°C - 73°C | Throttling: None - None - None - None - None - None - None - None
703 (772956 Gflops/s) - 698 (767459 Gflops/s) - 698 (767459 Gflops/s) - 693 (761961 Gflops/s) - 695 (764160 Gflops/s) - 699 (768558 Gflops/s) - 690 (758663 Gflops/s) - 683 (750966 Gflops/s) | Temperatures: 67°C - 67°C - 74°C - 74°C - 67°C - 68°C - 76°C - 73°C | Throttling: None - None - None - None - None - None - None - None
702 (771857 Gflops/s) - 697 (766359 Gflops/s) - 698 (767459 Gflops/s) - 693 (761961 Gflops/s) - 695 (764160 Gflops/s) - 698 (767459 Gflops/s) - 704 (774056 Gflops/s) - 682 (749866 Gflops/s) | Temperatures: 67°C - 67°C - 74°C - 74°C - 67°C - 68°C - 76°C - 73°C | Throttling: None - None - None - None - None - None - None - None
702 (771857 Gflops/s) - 698 (767459 Gflops/s) - 697 (766359 Gflops/s) - 693 (761961 Gflops/s) - 696 (765260 Gflops/s) - 714 (785051 Gflops/s) - 705 (775155 Gflops/s) - 682 (749866 Gflops/s) | Temperatures: 67°C - 67°C - 74°C - 74°C - 67°C - 68°C - 76°C - 73°C | Throttling: None - None - None - None - None - None - None - None
703 (772956 Gflops/s) - 698 (767459 Gflops/s) - 698 (767459 Gflops/s) - 694 (763061 Gflops/s) - 695 (764160 Gflops/s) - 684 (752065 Gflops/s) - 706 (776255 Gflops/s) - 683 (750966 Gflops/s) | Temperatures: 67°C - 67°C - 74°C - 74°C - 67°C - 68°C - 76°C - 73°C | Throttling: None - None - None - None - None - None - None - None
702 (771857 Gflops/s) - 697 (766359 Gflops/s) - 698 (767459 Gflops/s) - 692 (760862 Gflops/s) - 696 (765260 Gflops/s) - 698 (767459 Gflops/s) - 705 (775155 Gflops/s) - 698 (767459 Gflops/s) | Temperatures: 67°C - 67°C - 74°C - 74°C - 67°C - 68°C - 76°C - 73°C | Throttling: None - None - None - None - None - None - None - None
703 (772956 Gflops/s) - 698 (767459 Gflops/s) - 698 (767459 Gflops/s) - 694 (763061 Gflops/s) - 695 (764160 Gflops/s) - 700 (769658 Gflops/s) - 705 (775155 Gflops/s) - 666 (732274 Gflops/s) | Temperatures: 66°C - 67°C - 74°C - 74°C - 67°C - 68°C - 75°C - 73°C | Throttling: None - None - None - None - None - None - None - None
702 (771857 Gflops/s) - 698 (767459 Gflops/s) - 698 (767459 Gflops/s) - 694 (763061 Gflops/s) - 696 (765260 Gflops/s) - 698 (767459 Gflops/s) - 706 (776255 Gflops/s) - 683 (750966 Gflops/s) | Temperatures: 67°C - 67°C - 74°C - 74°C - 67°C - 68°C - 76°C - 73°C | Throttling: None - None - None - None - None - None - None - None
701 (770757 Gflops/s) - 697 (766359 Gflops/s) - 697 (766359 Gflops/s) - 692 (760862 Gflops/s) - 694 (763061 Gflops/s) - 699 (768558 Gflops/s) - 704 (774056 Gflops/s) - 681 (748767 Gflops/s) | Temperatures: 67°C - 67°C - 74°C - 74°C - 67°C - 68°C - 75°C - 73°C | Throttling: None - None - None - None - None - None - None - None
703 (772956 Gflops/s) - 698 (767459 Gflops/s) - 698 (767459 Gflops/s) - 695 (764160 Gflops/s) - 696 (765260 Gflops/s) - 700 (769658 Gflops/s) - 705 (775155 Gflops/s) - 683 (750966 Gflops/s) | Temperatures: 67°C - 67°C - 74°C - 74°C - 67°C - 68°C - 76°C - 73°C | Throttling: None - None - None - None - None - None - None - None
702 (771857 Gflops/s) - 698 (767459 Gflops/s) - 697 (766359 Gflops/s) - 694 (763061 Gflops/s) - 695 (764160 Gflops/s) - 699 (768558 Gflops/s) - 705 (775155 Gflops/s) - 683 (750966 Gflops/s) | Temperatures: 66°C - 67°C - 74°C - 74°C - 67°C - 68°C - 76°C - 73°C | Throttling: None - None - None - None - None - None - None - None
702 (771857 Gflops/s) - 697 (766359 Gflops/s) - 698 (767459 Gflops/s) - 692 (760862 Gflops/s) - 696 (765260 Gflops/s) - 698 (767459 Gflops/s) - 706 (776255 Gflops/s) - 682 (749866 Gflops/s) | Temperatures: 66°C - 67°C - 74°C - 74°C - 67°C - 68°C - 76°C - 73°C | Throttling: None - None - None - None - None - None - None - None
708 (778454 Gflops/s) - 697 (766359 Gflops/s) - 698 (767459 Gflops/s) - 694 (763061 Gflops/s) - 696 (765260 Gflops/s) - 699 (768558 Gflops/s) - 705 (775155 Gflops/s) - 683 (750966 Gflops/s) | Temperatures: 66°C - 67°C - 74°C - 74°C - 67°C - 68°C - 76°C - 73°C | Throttling: None - None - None - None - None - None - None - None
696 (765260 Gflops/s) - 698 (767459 Gflops/s) - 697 (766359 Gflops/s) - 693 (761961 Gflops/s) - 696 (765260 Gflops/s) - 698 (767459 Gflops/s) - 705 (775155 Gflops/s) - 683 (750966 Gflops/s) | Temperatures: 66°C - 67°C - 74°C - 74°C - 67°C - 68°C - 75°C - 73°C | Throttling: None - None - None - None - None - None - None - None
702 (771857 Gflops/s) - 698 (767459 Gflops/s) - 698 (767459 Gflops/s) - 693 (761961 Gflops/s) - 695 (764160 Gflops/s) - 699 (768558 Gflops/s) - 706 (776255 Gflops/s) - 682 (749866 Gflops/s) | Temperatures: 66°C - 67°C - 74°C - 74°C - 67°C - 68°C - 76°C - 73°C | Throttling: None - None - None - None - None - None - None - None
702 (771857 Gflops/s) - 697 (766359 Gflops/s) - 697 (766359 Gflops/s) - 693 (761961 Gflops/s) - 693 (761961 Gflops/s) - 710 (780653 Gflops/s) - 704 (774056 Gflops/s) - 682 (749866 Gflops/s) | Temperatures: 66°C - 67°C - 74°C - 74°C - 67°C - 68°C - 76°C - 73°C | Throttling: None - None - None - None - None - None - None - None
702 (771857 Gflops/s) - 698 (767459 Gflops/s) - 698 (767459 Gflops/s) - 693 (761961 Gflops/s) - 696 (765260 Gflops/s) - 686 (754264 Gflops/s) - 705 (775155 Gflops/s) - 683 (750966 Gflops/s) | Temperatures: 66°C - 67°C - 74°C - 74°C - 67°C - 68°C - 76°C - 73°C | Throttling: None - None - None - None - None - None - None - None
702 (771857 Gflops/s) - 697 (766359 Gflops/s) - 697 (766359 Gflops/s) - 694 (763061 Gflops/s) - 695 (764160 Gflops/s) - 699 (768558 Gflops/s) - 706 (776255 Gflops/s) - 683 (750966 Gflops/s) | Temperatures: 66°C - 67°C - 74°C - 74°C - 67°C - 68°C - 76°C - 73°C | Throttling: None - None - None - None - None - None - None - None
703 (772956 Gflops/s) - 698 (767459 Gflops/s) - 698 (767459 Gflops/s) - 693 (761961 Gflops/s) - 696 (765260 Gflops/s) - 698 (767459 Gflops/s) - 705 (775155 Gflops/s) - 683 (750966 Gflops/s) | Temperatures: 66°C - 67°C - 74°C - 74°C - 67°C - 68°C - 76°C - 73°C | Throttling: None - None - None - None - None - None - None - None
702 (771857 Gflops/s) - 698 (767459 Gflops/s) - 697 (766359 Gflops/s) - 695 (764160 Gflops/s) - 695 (764160 Gflops/s) - 700 (769658 Gflops/s) - 705 (775155 Gflops/s) - 683 (750966 Gflops/s) | Temperatures: 66°C - 67°C - 74°C - 74°C - 67°C - 68°C - 76°C - 73°C | Throttling: None - None - None - None - None - None - None - None
703 (772956 Gflops/s) - 698 (767459 Gflops/s) - 698 (767459 Gflops/s) - 694 (763061 Gflops/s) - 695 (764160 Gflops/s) - 698 (767459 Gflops/s) - 705 (775155 Gflops/s) - 683 (750966 Gflops/s) | Temperatures: 66°C - 67°C - 74°C - 74°C - 67°C - 68°C - 75°C - 73°C | Throttling: None - None - None - None - None - None - None - None
702 (771857 Gflops/s) - 697 (766359 Gflops/s) - 697 (766359 Gflops/s) - 695 (764160 Gflops/s) - 695 (764160 Gflops/s) - 699 (768558 Gflops/s) - 704 (774056 Gflops/s) - 681 (748767 Gflops/s) | Temperatures: 66°C - 67°C - 74°C - 74°C - 67°C - 68°C - 75°C - 73°C | Throttling: None - None - None - None - None - None - None - None
701 (770757 Gflops/s) - 697 (766359 Gflops/s) - 698 (767459 Gflops/s) - 693 (761961 Gflops/s) - 696 (765260 Gflops/s) - 698 (767459 Gflops/s) - 706 (776255 Gflops/s) - 684 (752065 Gflops/s) | Temperatures: 66°C - 67°C - 74°C - 74°C - 67°C - 68°C - 75°C - 73°C | Throttling: None - None - None - None - None - None - None - None
703 (772956 Gflops/s) - 699 (768558 Gflops/s) - 698 (767459 Gflops/s) - 694 (763061 Gflops/s) - 695 (764160 Gflops/s) - 699 (768558 Gflops/s) - 704 (774056 Gflops/s) - 682 (749866 Gflops/s) | Temperatures: 66°C - 67°C - 74°C - 74°C - 67°C - 68°C - 75°C - 73°C | Throttling: None - None - None - None - None - None - None - None
701 (770757 Gflops/s) - 698 (767459 Gflops/s) - 699 (768558 Gflops/s) - 694 (763061 Gflops/s) - 695 (764160 Gflops/s) - 699 (768558 Gflops/s) - 706 (776255 Gflops/s) - 684 (752065 Gflops/s) | Temperatures: 66°C - 67°C - 74°C - 74°C - 67°C - 67°C - 75°C - 73°C | Throttling: None - None - None - None - None - None - None - None
702 (771857 Gflops/s) - 697 (766359 Gflops/s) - 698 (767459 Gflops/s) - 694 (763061 Gflops/s) - 696 (765260 Gflops/s) - 699 (768558 Gflops/s) - 705 (775155 Gflops/s) - 681 (748767 Gflops/s) | Temperatures: 66°C - 67°C - 74°C - 74°C - 67°C - 67°C - 75°C - 73°C | Throttling: None - None - None - None - None - None - None - None
703 (772956 Gflops/s) - 698 (767459 Gflops/s) - 697 (766359 Gflops/s) - 693 (761961 Gflops/s) - 695 (764160 Gflops/s) - 699 (768558 Gflops/s) - 706 (776255 Gflops/s) - 683 (750966 Gflops/s) | Temperatures: 66°C - 67°C - 74°C - 74°C - 67°C - 67°C - 75°C - 73°C | Throttling: None - None - None - None - None - None - None - None
702 (771857 Gflops/s) - 696 (765260 Gflops/s) - 697 (766359 Gflops/s) - 694 (763061 Gflops/s) - 695 (764160 Gflops/s) - 708 (778454 Gflops/s) - 704 (774056 Gflops/s) - 682 (749866 Gflops/s) | Temperatures: 66°C - 67°C - 74°C - 74°C - 66°C - 67°C - 75°C - 73°C | Throttling: None - None - None - None - None - None - None - None
703 (772956 Gflops/s) - 698 (767459 Gflops/s) - 698 (767459 Gflops/s) - 694 (763061 Gflops/s) - 695 (764160 Gflops/s) - 690 (758663 Gflops/s) - 706 (776255 Gflops/s) - 683 (750966 Gflops/s) | Temperatures: 66°C - 67°C - 73°C - 74°C - 67°C - 67°C - 75°C - 73°C | Throttling: None - None - None - None - None - None - None - None
702 (771857 Gflops/s) - 698 (767459 Gflops/s) - 697 (766359 Gflops/s) - 694 (763061 Gflops/s) - 696 (765260 Gflops/s) - 699 (768558 Gflops/s) - 705 (775155 Gflops/s) - 683 (750966 Gflops/s) | Temperatures: 66°C - 67°C - 73°C - 74°C - 67°C - 67°C - 75°C - 73°C | Throttling: None - None - None - None - None - None - None - None
703 (772956 Gflops/s) - 698 (767459 Gflops/s) - 698 (767459 Gflops/s) - 693 (761961 Gflops/s) - 696 (765260 Gflops/s) - 699 (768558 Gflops/s) - 705 (775155 Gflops/s) - 683 (750966 Gflops/s) | Temperatures: 66°C - 67°C - 73°C - 74°C - 67°C - 67°C - 75°C - 73°C | Throttling: None - None - None - None - None - None - None - None
703 (772956 Gflops/s) - 698 (767459 Gflops/s) - 698 (767459 Gflops/s) - 693 (761961 Gflops/s) - 696 (765260 Gflops/s) - 698 (767459 Gflops/s) - 705 (775155 Gflops/s) - 683 (750966 Gflops/s) | Temperatures: 66°C - 67°C - 73°C - 73°C - 67°C - 67°C - 75°C - 73°C | Throttling: None - None - None - None - None - None - None - None
702 (771857 Gflops/s) - 699 (768558 Gflops/s) - 697 (766359 Gflops/s) - 695 (764160 Gflops/s) - 696 (765260 Gflops/s) - 700 (769658 Gflops/s) - 705 (775155 Gflops/s) - 682 (749866 Gflops/s) | Temperatures: 66°C - 67°C - 74°C - 74°C - 67°C - 67°C - 75°C - 73°C | Throttling: None - None - None - None - None - None - None - None
702 (771857 Gflops/s) - 697 (766359 Gflops/s) - 698 (767459 Gflops/s) - 693 (761961 Gflops/s) - 695 (764160 Gflops/s) - 699 (768558 Gflops/s) - 704 (774056 Gflops/s) - 682 (749866 Gflops/s) | Temperatures: 66°C - 67°C - 73°C - 74°C - 67°C - 67°C - 75°C - 73°C | Throttling: None - None - None - None - None - None - None - None
702 (771857 Gflops/s) - 698 (767459 Gflops/s) - 698 (767459 Gflops/s) - 694 (763061 Gflops/s) - 695 (764160 Gflops/s) - 698 (767459 Gflops/s) - 706 (776255 Gflops/s) - 682 (749866 Gflops/s) | Temperatures: 66°C - 67°C - 73°C - 74°C - 67°C - 67°C - 75°C - 73°C | Throttling: None - None - None - None - None - None - None - None
703 (772956 Gflops/s) - 698 (767459 Gflops/s) - 698 (767459 Gflops/s) - 694 (763061 Gflops/s) - 695 (764160 Gflops/s) - 699 (768558 Gflops/s) - 705 (775155 Gflops/s) - 684 (752065 Gflops/s) | Temperatures: 66°C - 67°C - 73°C - 74°C - 67°C - 67°C - 75°C - 73°C | Throttling: None - None - None - None - None - None - None - None
702 (771857 Gflops/s) - 699 (768558 Gflops/s) - 698 (767459 Gflops/s) - 693 (761961 Gflops/s) - 696 (765260 Gflops/s) - 700 (769658 Gflops/s) - 705 (775155 Gflops/s) - 683 (750966 Gflops/s) | Temperatures: 66°C - 67°C - 73°C - 74°C - 67°C - 67°C - 75°C - 73°C | Throttling: None - None - None - None - None - None - None - None
703 (772956 Gflops/s) - 698 (767459 Gflops/s) - 698 (767459 Gflops/s) - 695 (764160 Gflops/s) - 695 (764160 Gflops/s) - 699 (768558 Gflops/s) - 705 (775155 Gflops/s) - 683 (750966 Gflops/s) | Temperatures: 66°C - 67°C - 73°C - 74°C - 67°C - 67°C - 75°C - 73°C | Throttling: None - None - None - None - None - None - None - None
703 (772956 Gflops/s) - 697 (766359 Gflops/s) - 699 (768558 Gflops/s) - 693 (761961 Gflops/s) - 695 (764160 Gflops/s) - 699 (768558 Gflops/s) - 705 (775155 Gflops/s) - 683 (750966 Gflops/s) | Temperatures: 66°C - 67°C - 74°C - 74°C - 67°C - 67°C - 75°C - 73°C | Throttling: None - None - None - None - None - None - None - None
702 (771857 Gflops/s) - 698 (767459 Gflops/s) - 697 (766359 Gflops/s) - 694 (763061 Gflops/s) - 696 (765260 Gflops/s) - 702 (771857 Gflops/s) - 705 (775155 Gflops/s) - 682 (749866 Gflops/s) | Temperatures: 66°C - 67°C - 73°C - 74°C - 67°C - 67°C - 75°C - 73°C | Throttling: None - None - None - None - None - None - None - None
702 (771857 Gflops/s) - 697 (766359 Gflops/s) - 699 (768558 Gflops/s) - 693 (761961 Gflops/s) - 695 (764160 Gflops/s) - 695 (764160 Gflops/s) - 711 (781752 Gflops/s) - 683 (750966 Gflops/s) | Temperatures: 66°C - 67°C - 73°C - 74°C - 66°C - 67°C - 75°C - 73°C | Throttling: None - None - None - None - None - None - None - None
703 (772956 Gflops/s) - 699 (768558 Gflops/s) - 698 (767459 Gflops/s) - 708 (778454 Gflops/s) - 696 (765260 Gflops/s) - 698 (767459 Gflops/s) - 699 (768558 Gflops/s) - 682 (749866 Gflops/s) | Temperatures: 66°C - 67°C - 73°C - 73°C - 66°C - 67°C - 75°C - 73°C | Throttling: None - None - None - None - None - None - None - None
702 (771857 Gflops/s) - 698 (767459 Gflops/s) - 699 (768558 Gflops/s) - 679 (746568 Gflops/s) - 696 (765260 Gflops/s) - 699 (768558 Gflops/s) - 706 (776255 Gflops/s) - 683 (750966 Gflops/s) | Temperatures: 66°C - 67°C - 73°C - 73°C - 66°C - 67°C - 75°C - 73°C | Throttling: None - None - None - None - None - None - None - None
703 (772956 Gflops/s) - 698 (767459 Gflops/s) - 699 (768558 Gflops/s) - 694 (763061 Gflops/s) - 695 (764160 Gflops/s) - 699 (768558 Gflops/s) - 706 (776255 Gflops/s) - 684 (752065 Gflops/s) | Temperatures: 66°C - 67°C - 73°C - 74°C - 66°C - 67°C - 75°C - 73°C | Throttling: None - None - None - None - None - None - None - None
702 (771857 Gflops/s) - 697 (766359 Gflops/s) - 698 (767459 Gflops/s) - 694 (763061 Gflops/s) - 696 (765260 Gflops/s) - 699 (768558 Gflops/s) - 705 (775155 Gflops/s) - 683 (750966 Gflops/s) | Temperatures: 66°C - 67°C - 73°C - 74°C - 66°C - 67°C - 75°C - 73°C | Throttling: None - None - None - None - None - None - None - None
703 (772956 Gflops/s) - 698 (767459 Gflops/s) - 698 (767459 Gflops/s) - 694 (763061 Gflops/s) - 696 (765260 Gflops/s) - 699 (768558 Gflops/s) - 705 (775155 Gflops/s) - 683 (750966 Gflops/s) | Temperatures: 66°C - 67°C - 73°C - 74°C - 66°C - 67°C - 75°C - 73°C | Throttling: None - None - None - None - None - None - None - None
702 (771857 Gflops/s) - 697 (766359 Gflops/s) - 697 (766359 Gflops/s) - 693 (761961 Gflops/s) - 694 (763061 Gflops/s) - 699 (768558 Gflops/s) - 703 (772956 Gflops/s) - 682 (749866 Gflops/s) | Temperatures: 66°C - 67°C - 73°C - 74°C - 66°C - 67°C - 75°C - 73°C | Throttling: None - None - None - None - None - None - None - None
703 (772956 Gflops/s) - 698 (767459 Gflops/s) - 698 (767459 Gflops/s) - 694 (763061 Gflops/s) - 696 (765260 Gflops/s) - 699 (768558 Gflops/s) - 706 (776255 Gflops/s) - 683 (750966 Gflops/s) | Temperatures: 66°C - 67°C - 73°C - 74°C - 66°C - 67°C - 75°C - 73°C | Throttling: None - None - None - None - None - None - None - None
702 (771857 Gflops/s) - 698 (767459 Gflops/s) - 698 (767459 Gflops/s) - 694 (763061 Gflops/s) - 696 (765260 Gflops/s) - 698 (767459 Gflops/s) - 706 (776255 Gflops/s) - 683 (750966 Gflops/s) | Temperatures: 66°C - 67°C - 73°C - 74°C - 66°C - 67°C - 75°C - 73°C | Throttling: None - None - None - None - None - None - None - None
703 (772956 Gflops/s) - 698 (767459 Gflops/s) - 697 (766359 Gflops/s) - 694 (763061 Gflops/s) - 697 (766359 Gflops/s) - 699 (768558 Gflops/s) - 705 (775155 Gflops/s) - 683 (750966 Gflops/s) | Temperatures: 66°C - 67°C - 73°C - 74°C - 66°C - 67°C - 75°C - 73°C | Throttling: None - None - None - None - None - None - None - None
702 (771857 Gflops/s) - 697 (766359 Gflops/s) - 699 (768558 Gflops/s) - 694 (763061 Gflops/s) - 695 (764160 Gflops/s) - 699 (768558 Gflops/s) - 705 (775155 Gflops/s) - 684 (752065 Gflops/s) | Temperatures: 66°C - 66°C - 73°C - 73°C - 66°C - 67°C - 75°C - 73°C | Throttling: None - None - None - None - None - None - None - None
702 (771857 Gflops/s) - 698 (767459 Gflops/s) - 699 (768558 Gflops/s) - 694 (763061 Gflops/s) - 696 (765260 Gflops/s) - 699 (768558 Gflops/s) - 706 (776255 Gflops/s) - 683 (750966 Gflops/s) | Temperatures: 66°C - 67°C - 73°C - 73°C - 66°C - 67°C - 75°C - 73°C | Throttling: None - None - None - None - None - None - None - None
702 (771857 Gflops/s) - 698 (767459 Gflops/s) - 698 (767459 Gflops/s) - 696 (765260 Gflops/s) - 695 (764160 Gflops/s) - 699 (768558 Gflops/s) - 705 (775155 Gflops/s) - 682 (749866 Gflops/s) | Temperatures: 66°C - 67°C - 73°C - 73°C - 66°C - 67°C - 75°C - 72°C | Throttling: None - None - None - None - None - None - None - None
703 (772956 Gflops/s) - 697 (766359 Gflops/s) - 698 (767459 Gflops/s) - 691 (759762 Gflops/s) - 696 (765260 Gflops/s) - 700 (769658 Gflops/s) - 705 (775155 Gflops/s) - 695 (764160 Gflops/s) | Temperatures: 66°C - 67°C - 73°C - 73°C - 66°C - 67°C - 75°C - 73°C | Throttling: None - None - None - None - None - None - None - None
702 (771857 Gflops/s) - 698 (767459 Gflops/s) - 698 (767459 Gflops/s) - 695 (764160 Gflops/s) - 696 (765260 Gflops/s) - 701 (770757 Gflops/s) - 706 (776255 Gflops/s) - 671 (737772 Gflops/s) | Temperatures: 66°C - 67°C - 73°C - 73°C - 66°C - 67°C - 75°C - 72°C | Throttling: None - None - None - None - None - None - None - None
702 (771857 Gflops/s) - 699 (768558 Gflops/s) - 698 (767459 Gflops/s) - 694 (763061 Gflops/s) - 695 (764160 Gflops/s) - 699 (768558 Gflops/s) - 705 (775155 Gflops/s) - 683 (750966 Gflops/s) | Temperatures: 66°C - 67°C - 73°C - 73°C - 66°C - 67°C - 75°C - 73°C | Throttling: None - None - None - None - None - None - None - None
703 (772956 Gflops/s) - 697 (766359 Gflops/s) - 704 (774056 Gflops/s) - 693 (761961 Gflops/s) - 696 (765260 Gflops/s) - 699 (768558 Gflops/s) - 705 (775155 Gflops/s) - 683 (750966 Gflops/s) | Temperatures: 66°C - 66°C - 73°C - 73°C - 66°C - 67°C - 75°C - 73°C | Throttling: None - None - None - None - None - None - None - None
703 (772956 Gflops/s) - 699 (768558 Gflops/s) - 692 (760862 Gflops/s) - 695 (764160 Gflops/s) - 696 (765260 Gflops/s) - 699 (768558 Gflops/s) - 705 (775155 Gflops/s) - 683 (750966 Gflops/s) | Temperatures: 66°C - 67°C - 73°C - 73°C - 66°C - 67°C - 75°C - 73°C | Throttling: None - None - None - None - None - None - None - None
703 (772956 Gflops/s) - 697 (766359 Gflops/s) - 699 (768558 Gflops/s) - 694 (763061 Gflops/s) - 696 (765260 Gflops/s) - 700 (769658 Gflops/s) - 704 (774056 Gflops/s) - 684 (752065 Gflops/s) | Temperatures: 66°C - 66°C - 73°C - 73°C - 66°C - 67°C - 75°C - 72°C | Throttling: None - None - None - None - None - None - None - None
702 (771857 Gflops/s) - 699 (768558 Gflops/s) - 699 (768558 Gflops/s) - 695 (764160 Gflops/s) - 695 (764160 Gflops/s) - 700 (769658 Gflops/s) - 705 (775155 Gflops/s) - 684 (752065 Gflops/s) | Temperatures: 66°C - 67°C - 73°C - 74°C - 66°C - 67°C - 75°C - 72°C | Throttling: None - None - None - None - None - None - None - None
702 (771857 Gflops/s) - 697 (766359 Gflops/s) - 697 (766359 Gflops/s) - 693 (761961 Gflops/s) - 694 (763061 Gflops/s) - 699 (768558 Gflops/s) - 705 (775155 Gflops/s) - 682 (749866 Gflops/s) | Temperatures: 66°C - 66°C - 73°C - 73°C - 66°C - 67°C - 75°C - 72°C | Throttling: None - None - None - None - None - None - None - None
703 (772956 Gflops/s) - 698 (767459 Gflops/s) - 698 (767459 Gflops/s) - 694 (763061 Gflops/s) - 696 (765260 Gflops/s) - 700 (769658 Gflops/s) - 706 (776255 Gflops/s) - 684 (752065 Gflops/s) | Temperatures: 66°C - 66°C - 73°C - 73°C - 66°C - 67°C - 75°C - 72°C | Throttling: None - None - None - None - None - None - None - None
703 (772956 Gflops/s) - 698 (767459 Gflops/s) - 698 (767459 Gflops/s) - 695 (764160 Gflops/s) - 696 (765260 Gflops/s) - 699 (768558 Gflops/s) - 705 (775155 Gflops/s) - 683 (750966 Gflops/s) | Temperatures: 66°C - 66°C - 73°C - 73°C - 66°C - 67°C - 75°C - 72°C | Throttling: None - None - None - None - None - None - None - None
703 (772956 Gflops/s) - 698 (767459 Gflops/s) - 698 (767459 Gflops/s) - 693 (761961 Gflops/s) - 696 (765260 Gflops/s) - 699 (768558 Gflops/s) - 705 (775155 Gflops/s) - 684 (752065 Gflops/s) | Temperatures: 66°C - 66°C - 73°C - 73°C - 66°C - 67°C - 75°C - 72°C | Throttling: None - None - None - None - None - None - None - None
703 (772956 Gflops/s) - 701 (770757 Gflops/s) - 698 (767459 Gflops/s) - 695 (764160 Gflops/s) - 695 (764160 Gflops/s) - 699 (768558 Gflops/s) - 706 (776255 Gflops/s) - 682 (749866 Gflops/s) | Temperatures: 66°C - 66°C - 73°C - 73°C - 66°C - 67°C - 75°C - 72°C | Throttling: None - None - None - None - None - None - None - None
702 (771857 Gflops/s) - 695 (764160 Gflops/s) - 698 (767459 Gflops/s) - 693 (761961 Gflops/s) - 696 (765260 Gflops/s) - 700 (769658 Gflops/s) - 705 (775155 Gflops/s) - 683 (750966 Gflops/s) | Temperatures: 66°C - 66°C - 73°C - 73°C - 66°C - 67°C - 75°C - 72°C | Throttling: None - None - None - None - None - None - None - None
703 (772956 Gflops/s) - 698 (767459 Gflops/s) - 698 (767459 Gflops/s) - 695 (764160 Gflops/s) - 696 (765260 Gflops/s) - 699 (768558 Gflops/s) - 706 (776255 Gflops/s) - 684 (752065 Gflops/s) | Temperatures: 66°C - 66°C - 73°C - 73°C - 66°C - 67°C - 75°C - 72°C | Throttling: None - None - None - None - None - None - None - None
703 (772956 Gflops/s) - 698 (767459 Gflops/s) - 699 (768558 Gflops/s) - 693 (761961 Gflops/s) - 696 (765260 Gflops/s) - 698 (767459 Gflops/s) - 720 (791648 Gflops/s) - 683 (750966 Gflops/s) | Temperatures: 66°C - 66°C - 73°C - 73°C - 66°C - 67°C - 75°C - 72°C | Throttling: None - None - None - None - None - None - None - None
702 (771857 Gflops/s) - 697 (766359 Gflops/s) - 708 (778454 Gflops/s) - 693 (761961 Gflops/s) - 695 (764160 Gflops/s) - 699 (768558 Gflops/s) - 691 (759762 Gflops/s) - 683 (750966 Gflops/s) | Temperatures: 66°C - 66°C - 73°C - 73°C - 66°C - 67°C - 75°C - 72°C | Throttling: None - None - None - None - None - None - None - None
702 (771857 Gflops/s) - 699 (768558 Gflops/s) - 688 (756463 Gflops/s) - 694 (763061 Gflops/s) - 696 (765260 Gflops/s) - 699 (768558 Gflops/s) - 705 (775155 Gflops/s) - 683 (750966 Gflops/s) | Temperatures: 66°C - 66°C - 73°C - 73°C - 66°C - 67°C - 75°C - 72°C | Throttling: None - None - None - None - None - None - None - None
703 (772956 Gflops/s) - 698 (767459 Gflops/s) - 698 (767459 Gflops/s) - 694 (763061 Gflops/s) - 696 (765260 Gflops/s) - 700 (769658 Gflops/s) - 706 (776255 Gflops/s) - 683 (750966 Gflops/s) | Temperatures: 66°C - 66°C - 73°C - 73°C - 66°C - 67°C - 75°C - 72°C | Throttling: None - None - None - None - None - None - None - None
703 (772956 Gflops/s) - 698 (767459 Gflops/s) - 698 (767459 Gflops/s) - 694 (763061 Gflops/s) - 697 (766359 Gflops/s) - 698 (767459 Gflops/s) - 706 (776255 Gflops/s) - 683 (750966 Gflops/s) | Temperatures: 66°C - 66°C - 73°C - 73°C - 66°C - 67°C - 75°C - 72°C | Throttling: None - None - None - None - None - None - None - None
702 (771857 Gflops/s) - 698 (767459 Gflops/s) - 699 (768558 Gflops/s) - 694 (763061 Gflops/s) - 696 (765260 Gflops/s) - 700 (769658 Gflops/s) - 705 (775155 Gflops/s) - 683 (750966 Gflops/s) | Temperatures: 66°C - 66°C - 73°C - 73°C - 66°C - 67°C - 75°C - 72°C | Throttling: None - None - None - None - None - None - None - None
702 (771857 Gflops/s) - 698 (767459 Gflops/s) - 698 (767459 Gflops/s) - 694 (763061 Gflops/s) - 695 (764160 Gflops/s) - 699 (768558 Gflops/s) - 706 (776255 Gflops/s) - 683 (750966 Gflops/s) | Temperatures: 66°C - 66°C - 73°C - 73°C - 66°C - 67°C - 75°C - 72°C | Throttling: None - None - None - None - None - None - None - None
702 (771857 Gflops/s) - 699 (768558 Gflops/s) - 698 (767459 Gflops/s) - 695 (764160 Gflops/s) - 696 (765260 Gflops/s) - 699 (768558 Gflops/s) - 705 (775155 Gflops/s) - 683 (750966 Gflops/s) | Temperatures: 66°C - 66°C - 73°C - 74°C - 66°C - 67°C - 75°C - 72°C | Throttling: None - None - None - None - None - None - None - None
703 (772956 Gflops/s) - 698 (767459 Gflops/s) - 699 (768558 Gflops/s) - 693 (761961 Gflops/s) - 696 (765260 Gflops/s) - 700 (769658 Gflops/s) - 706 (776255 Gflops/s) - 684 (752065 Gflops/s) | Temperatures: 66°C - 66°C - 73°C - 73°C - 66°C - 67°C - 75°C - 72°C | Throttling: None - None - None - None - None - None - None - None
712 (782852 Gflops/s) - 706 (776255 Gflops/s) - 698 (767459 Gflops/s) - 695 (764160 Gflops/s) - 696 (765260 Gflops/s) - 700 (769658 Gflops/s) - 706 (776255 Gflops/s) - 683 (750966 Gflops/s) | Temperatures: 66°C - 66°C - 73°C - 73°C - 66°C - 67°C - 75°C - 72°C | Throttling: None - None - None - None - None - None - None - None
692 (760862 Gflops/s) - 690 (758663 Gflops/s) - 697 (766359 Gflops/s) - 693 (761961 Gflops/s) - 696 (765260 Gflops/s) - 698 (767459 Gflops/s) - 704 (774056 Gflops/s) - 682 (749866 Gflops/s) | Temperatures: 66°C - 66°C - 73°C - 73°C - 66°C - 67°C - 75°C - 72°C | Throttling: None - None - None - None - None - None - None - None
702 (771857 Gflops/s) - 698 (767459 Gflops/s) - 699 (768558 Gflops/s) - 694 (763061 Gflops/s) - 696 (765260 Gflops/s) - 699 (768558 Gflops/s) - 706 (776255 Gflops/s) - 683 (750966 Gflops/s) | Temperatures: 66°C - 66°C - 73°C - 73°C - 66°C - 67°C - 75°C - 72°C | Throttling: None - None - None - None - None - None - None - None
703 (772956 Gflops/s) - 698 (767459 Gflops/s) - 699 (768558 Gflops/s) - 694 (763061 Gflops/s) - 696 (765260 Gflops/s) - 699 (768558 Gflops/s) - 705 (775155 Gflops/s) - 684 (752065 Gflops/s) | Temperatures: 66°C - 66°C - 73°C - 73°C - 66°C - 67°C - 75°C - 72°C | Throttling: None - None - None - None - None - None - None - None
703 (772956 Gflops/s) - 698 (767459 Gflops/s) - 711 (781752 Gflops/s) - 694 (763061 Gflops/s) - 697 (766359 Gflops/s) - 698 (767459 Gflops/s) - 705 (775155 Gflops/s) - 683 (750966 Gflops/s) | Temperatures: 66°C - 66°C - 73°C - 73°C - 66°C - 67°C - 75°C - 72°C | Throttling: None - None - None - None - None - None - None - None
703 (772956 Gflops/s) - 698 (767459 Gflops/s) - 687 (755364 Gflops/s) - 694 (763061 Gflops/s) - 696 (765260 Gflops/s) - 700 (769658 Gflops/s) - 706 (776255 Gflops/s) - 683 (750966 Gflops/s) | Temperatures: 66°C - 66°C - 73°C - 73°C - 66°C - 67°C - 75°C - 72°C | Throttling: None - None - None - None - None - None - None - None
702 (771857 Gflops/s) - 698 (767459 Gflops/s) - 699 (768558 Gflops/s) - 695 (764160 Gflops/s) - 696 (765260 Gflops/s) - 699 (768558 Gflops/s) - 705 (775155 Gflops/s) - 696 (765260 Gflops/s) | Temperatures: 66°C - 66°C - 73°C - 73°C - 66°C - 67°C - 75°C - 72°C | Throttling: None - None - None - None - None - None - None - None
703 (772956 Gflops/s) - 699 (768558 Gflops/s) - 699 (768558 Gflops/s) - 694 (763061 Gflops/s) - 696 (765260 Gflops/s) - 700 (769658 Gflops/s) - 706 (776255 Gflops/s) - 670 (736672 Gflops/s) | Temperatures: 66°C - 66°C - 73°C - 73°C - 66°C - 67°C - 75°C - 72°C | Throttling: None - None - None - None - None - None - None - None
702 (771857 Gflops/s) - 698 (767459 Gflops/s) - 698 (767459 Gflops/s) - 694 (763061 Gflops/s) - 695 (764160 Gflops/s) - 698 (767459 Gflops/s) - 705 (775155 Gflops/s) - 683 (750966 Gflops/s) | Temperatures: 66°C - 66°C - 73°C - 73°C - 66°C - 67°C - 75°C - 72°C | Throttling: None - None - None - None - None - None - None - None
703 (772956 Gflops/s) - 699 (768558 Gflops/s) - 698 (767459 Gflops/s) - 694 (763061 Gflops/s) - 696 (765260 Gflops/s) - 700 (769658 Gflops/s) - 706 (776255 Gflops/s) - 683 (750966 Gflops/s) | Temperatures: 66°C - 66°C - 73°C - 73°C - 66°C - 67°C - 75°C - 72°C | Throttling: None - None - None - None - None - None - None - None
701 (770757 Gflops/s) - 698 (767459 Gflops/s) - 697 (766359 Gflops/s) - 694 (763061 Gflops/s) - 694 (763061 Gflops/s) - 698 (767459 Gflops/s) - 706 (776255 Gflops/s) - 683 (750966 Gflops/s) | Temperatures: 66°C - 66°C - 73°C - 73°C - 66°C - 67°C - 75°C - 72°C | Throttling: None - None - None - None - None - None - None - None
703 (772956 Gflops/s) - 698 (767459 Gflops/s) - 698 (767459 Gflops/s) - 693 (761961 Gflops/s) - 697 (766359 Gflops/s) - 699 (768558 Gflops/s) - 705 (775155 Gflops/s) - 683 (750966 Gflops/s) | Temperatures: 66°C - 66°C - 73°C - 73°C - 66°C - 67°C - 75°C - 72°C | Throttling: None - None - None - None - None - None - None - None
702 (771857 Gflops/s) - 710 (780653 Gflops/s) - 698 (767459 Gflops/s) - 694 (763061 Gflops/s) - 696 (765260 Gflops/s) - 699 (768558 Gflops/s) - 706 (776255 Gflops/s) - 683 (750966 Gflops/s) | Temperatures: 66°C - 66°C - 73°C - 73°C - 66°C - 67°C - 75°C - 72°C | Throttling: None - None - None - None - None - None - None - None
703 (772956 Gflops/s) - 686 (754264 Gflops/s) - 698 (767459 Gflops/s) - 695 (764160 Gflops/s) - 696 (765260 Gflops/s) - 699 (768558 Gflops/s) - 706 (776255 Gflops/s) - 684 (752065 Gflops/s) | Temperatures: 66°C - 66°C - 73°C - 73°C - 66°C - 67°C - 75°C - 72°C | Throttling: None - None - None - None - None - None - None - None
702 (771857 Gflops/s) - 698 (767459 Gflops/s) - 698 (767459 Gflops/s) - 693 (761961 Gflops/s) - 695 (764160 Gflops/s) - 699 (768558 Gflops/s) - 706 (776255 Gflops/s) - 683 (750966 Gflops/s) | Temperatures: 66°C - 66°C - 73°C - 73°C - 66°C - 67°C - 75°C - 72°C | Throttling: None - None - None - None - None - None - None - None
703 (772956 Gflops/s) - 698 (767459 Gflops/s) - 698 (767459 Gflops/s) - 695 (764160 Gflops/s) - 696 (765260 Gflops/s) - 699 (768558 Gflops/s) - 705 (775155 Gflops/s) - 683 (750966 Gflops/s) | Temperatures: 66°C - 66°C - 73°C - 73°C - 66°C - 67°C - 75°C - 72°C | Throttling: None - None - None - None - None - None - None - None
702 (771857 Gflops/s) - 698 (767459 Gflops/s) - 714 (785051 Gflops/s) - 695 (764160 Gflops/s) - 696 (765260 Gflops/s) - 699 (768558 Gflops/s) - 705 (775155 Gflops/s) - 683 (750966 Gflops/s) | Temperatures: 66°C - 66°C - 73°C - 73°C - 66°C - 67°C - 75°C - 72°C | Throttling: None - None - None - None - None - None - None - None
702 (771857 Gflops/s) - 698 (767459 Gflops/s) - 681 (748767 Gflops/s) - 693 (761961 Gflops/s) - 696 (765260 Gflops/s) - 698 (767459 Gflops/s) - 705 (775155 Gflops/s) - 683 (750966 Gflops/s) | Temperatures: 66°C - 66°C - 73°C - 73°C - 66°C - 67°C - 75°C - 72°C | Throttling: None - None - None - None - None - None - None - None
703 (772956 Gflops/s) - 698 (767459 Gflops/s) - 700 (769658 Gflops/s) - 694 (763061 Gflops/s) - 695 (764160 Gflops/s) - 698 (767459 Gflops/s) - 722 (793847 Gflops/s) - 684 (752065 Gflops/s) | Temperatures: 66°C - 66°C - 73°C - 74°C - 66°C - 67°C - 75°C - 72°C | Throttling: None - None - None - None - None - None - None - None
703 (772956 Gflops/s) - 698 (767459 Gflops/s) - 698 (767459 Gflops/s) - 694 (763061 Gflops/s) - 696 (765260 Gflops/s) - 699 (768558 Gflops/s) - 689 (757563 Gflops/s) - 683 (750966 Gflops/s) | Temperatures: 66°C - 66°C - 73°C - 74°C - 66°C - 67°C - 75°C - 72°C | Throttling: None - None - None - None - None - None - None - None
702 (771857 Gflops/s) - 699 (768558 Gflops/s) - 698 (767459 Gflops/s) - 694 (763061 Gflops/s) - 696 (765260 Gflops/s) - 699 (768558 Gflops/s) - 706 (776255 Gflops/s) - 684 (752065 Gflops/s) | Temperatures: 66°C - 66°C - 73°C - 73°C - 66°C - 67°C - 75°C - 72°C | Throttling: None - None - None - None - None - None - None - None
703 (772956 Gflops/s) - 698 (767459 Gflops/s) - 698 (767459 Gflops/s) - 708 (778454 Gflops/s) - 696 (765260 Gflops/s) - 698 (767459 Gflops/s) - 705 (775155 Gflops/s) - 683 (750966 Gflops/s) | Temperatures: 66°C - 66°C - 73°C - 73°C - 66°C - 67°C - 75°C - 72°C | Throttling: None - None - None - None - None - None - None - None
702 (771857 Gflops/s) - 698 (767459 Gflops/s) - 698 (767459 Gflops/s) - 679 (746568 Gflops/s) - 696 (765260 Gflops/s) - 699 (768558 Gflops/s) - 706 (776255 Gflops/s) - 684 (752065 Gflops/s) | Temperatures: 66°C - 66°C - 73°C - 73°C - 66°C - 67°C - 75°C - 72°C | Throttling: None - None - None - None - None - None - None - None
703 (772956 Gflops/s) - 699 (768558 Gflops/s) - 698 (767459 Gflops/s) - 695 (764160 Gflops/s) - 695 (764160 Gflops/s) - 699 (768558 Gflops/s) - 706 (776255 Gflops/s) - 683 (750966 Gflops/s) | Temperatures: 66°C - 66°C - 73°C - 73°C - 66°C - 67°C - 75°C - 72°C | Throttling: None - None - None - None - None - None - None - None
703 (772956 Gflops/s) - 714 (785051 Gflops/s) - 698 (767459 Gflops/s) - 694 (763061 Gflops/s) - 696 (765260 Gflops/s) - 699 (768558 Gflops/s) - 706 (776255 Gflops/s) - 683 (750966 Gflops/s) | Temperatures: 66°C - 66°C - 73°C - 74°C - 66°C - 67°C - 75°C - 72°C | Throttling: None - None - None - None - None - None - None - None
702 (771857 Gflops/s) - 684 (752065 Gflops/s) - 697 (766359 Gflops/s) - 693 (761961 Gflops/s) - 696 (765260 Gflops/s) - 700 (769658 Gflops/s) - 705 (775155 Gflops/s) - 684 (752065 Gflops/s) | Temperatures: 66°C - 66°C - 73°C - 73°C - 66°C - 67°C - 75°C - 72°C | Throttling: None - None - None - None - None - None - None - None
702 (771857 Gflops/s) - 697 (766359 Gflops/s) - 698 (767459 Gflops/s) - 693 (761961 Gflops/s) - 695 (764160 Gflops/s) - 698 (767459 Gflops/s) - 704 (774056 Gflops/s) - 683 (750966 Gflops/s) | Temperatures: 66°C - 66°C - 73°C - 73°C - 66°C - 67°C - 75°C - 72°C | Throttling: None - None - None - None - None - None - None - None
702 (771857 Gflops/s) - 699 (768558 Gflops/s) - 698 (767459 Gflops/s) - 694 (763061 Gflops/s) - 695 (764160 Gflops/s) - 699 (768558 Gflops/s) - 706 (776255 Gflops/s) - 683 (750966 Gflops/s) | Temperatures: 66°C - 66°C - 73°C - 73°C - 66°C - 67°C - 75°C - 72°C | Throttling: None - None - None - None - None - None - None - None
703 (772956 Gflops/s) - 699 (768558 Gflops/s) - 698 (767459 Gflops/s) - 696 (765260 Gflops/s) - 696 (765260 Gflops/s) - 699 (768558 Gflops/s) - 705 (775155 Gflops/s) - 683 (750966 Gflops/s) | Temperatures: 66°C - 66°C - 73°C - 73°C - 66°C - 67°C - 75°C - 72°C | Throttling: None - None - None - None - None - None - None - None
703 (772956 Gflops/s) - 698 (767459 Gflops/s) - 698 (767459 Gflops/s) - 694 (763061 Gflops/s) - 696 (765260 Gflops/s) - 699 (768558 Gflops/s) - 705 (775155 Gflops/s) - 684 (752065 Gflops/s) | Temperatures: 66°C - 66°C - 73°C - 73°C - 66°C - 67°C - 75°C - 72°C | Throttling: None - None - None - None - None - None - None - None
702 (771857 Gflops/s) - 698 (767459 Gflops/s) - 698 (767459 Gflops/s) - 694 (763061 Gflops/s) - 696 (765260 Gflops/s) - 699 (768558 Gflops/s) - 706 (776255 Gflops/s) - 683 (750966 Gflops/s) | Temperatures: 66°C - 66°C - 73°C - 74°C - 66°C - 67°C - 75°C - 72°C | Throttling: None - None - None - None - None - None - None - None
702 (771857 Gflops/s) - 700 (769658 Gflops/s) - 698 (767459 Gflops/s) - 694 (763061 Gflops/s) - 696 (765260 Gflops/s) - 699 (768558 Gflops/s) - 706 (776255 Gflops/s) - 683 (750966 Gflops/s) | Temperatures: 66°C - 66°C - 73°C - 73°C - 66°C - 67°C - 75°C - 72°C | Throttling: None - None - None - None - None - None - None - None
703 (772956 Gflops/s) - 697 (766359 Gflops/s) - 698 (767459 Gflops/s) - 694 (763061 Gflops/s) - 696 (765260 Gflops/s) - 699 (768558 Gflops/s) - 705 (775155 Gflops/s) - 684 (752065 Gflops/s) | Temperatures: 66°C - 66°C - 73°C - 73°C - 66°C - 67°C - 75°C - 72°C | Throttling: None - None - None - None - None - None - None - None
703 (772956 Gflops/s) - 699 (768558 Gflops/s) - 698 (767459 Gflops/s) - 693 (761961 Gflops/s) - 695 (764160 Gflops/s) - 698 (767459 Gflops/s) - 705 (775155 Gflops/s) - 683 (750966 Gflops/s) | Temperatures: 66°C - 66°C - 73°C - 73°C - 66°C - 67°C - 75°C - 72°C | Throttling: None - None - None - None - None - None - None - None
702 (771857 Gflops/s) - 698 (767459 Gflops/s) - 698 (767459 Gflops/s) - 693 (761961 Gflops/s) - 696 (765260 Gflops/s) - 698 (767459 Gflops/s) - 705 (775155 Gflops/s) - 683 (750966 Gflops/s) | Temperatures: 66°C - 66°C - 73°C - 73°C - 66°C - 67°C - 75°C - 72°C | Throttling: None - None - None - None - None - None - None - None
702 (771857 Gflops/s) - 699 (768558 Gflops/s) - 698 (767459 Gflops/s) - 694 (763061 Gflops/s) - 696 (765260 Gflops/s) - 699 (768558 Gflops/s) - 705 (775155 Gflops/s) - 694 (763061 Gflops/s) | Temperatures: 66°C - 66°C - 73°C - 73°C - 66°C - 67°C - 75°C - 72°C | Throttling: None - None - None - None - None - None - None - None
703 (772956 Gflops/s) - 714 (785051 Gflops/s) - 698 (767459 Gflops/s) - 695 (764160 Gflops/s) - 696 (765260 Gflops/s) - 699 (768558 Gflops/s) - 705 (775155 Gflops/s) - 672 (738871 Gflops/s) | Temperatures: 66°C - 66°C - 73°C - 73°C - 66°C - 67°C - 75°C - 72°C | Throttling: None - None - None - None - None - None - None - None
702 (771857 Gflops/s) - 681 (748767 Gflops/s) - 698 (767459 Gflops/s) - 694 (763061 Gflops/s) - 696 (765260 Gflops/s) - 699 (768558 Gflops/s) - 705 (775155 Gflops/s) - 683 (750966 Gflops/s) | Temperatures: 66°C - 66°C - 73°C - 73°C - 66°C - 67°C - 75°C - 72°C | Throttling: None - None - None - None - None - None - None - None
703 (772956 Gflops/s) - 698 (767459 Gflops/s) - 700 (769658 Gflops/s) - 694 (763061 Gflops/s) - 696 (765260 Gflops/s) - 699 (768558 Gflops/s) - 706 (776255 Gflops/s) - 684 (752065 Gflops/s) | Temperatures: 66°C - 66°C - 73°C - 73°C - 66°C - 67°C - 75°C - 72°C | Throttling: None - None - None - None - None - None - None - None
702 (771857 Gflops/s) - 698 (767459 Gflops/s) - 697 (766359 Gflops/s) - 694 (763061 Gflops/s) - 696 (765260 Gflops/s) - 700 (769658 Gflops/s) - 706 (776255 Gflops/s) - 682 (749866 Gflops/s) | Temperatures: 66°C - 66°C - 73°C - 73°C - 66°C - 67°C - 75°C - 72°C | Throttling: None - None - None - None - None - None - None - None
703 (772956 Gflops/s) - 698 (767459 Gflops/s) - 698 (767459 Gflops/s) - 694 (763061 Gflops/s) - 696 (765260 Gflops/s) - 699 (768558 Gflops/s) - 705 (775155 Gflops/s) - 684 (752065 Gflops/s) | Temperatures: 66°C - 66°C - 73°C - 73°C - 66°C - 67°C - 75°C - 72°C | Throttling: None - None - None - None - None - None - None - None
703 (772956 Gflops/s) - 698 (767459 Gflops/s) - 698 (767459 Gflops/s) - 695 (764160 Gflops/s) - 696 (765260 Gflops/s) - 698 (767459 Gflops/s) - 706 (776255 Gflops/s) - 683 (750966 Gflops/s) | Temperatures: 66°C - 66°C - 73°C - 73°C - 66°C - 67°C - 75°C - 72°C | Throttling: None - None - None - None - None - None - None - None
702 (771857 Gflops/s) - 698 (767459 Gflops/s) - 697 (766359 Gflops/s) - 692 (760862 Gflops/s) - 694 (763061 Gflops/s) - 698 (767459 Gflops/s) - 705 (775155 Gflops/s) - 683 (750966 Gflops/s) | Temperatures: 66°C - 66°C - 73°C - 73°C - 66°C - 67°C - 75°C - 72°C | Throttling: None - None - None - None - None - None - None - None
702 (771857 Gflops/s) - 698 (767459 Gflops/s) - 698 (767459 Gflops/s) - 695 (764160 Gflops/s) - 697 (766359 Gflops/s) - 699 (768558 Gflops/s) - 706 (776255 Gflops/s) - 683 (750966 Gflops/s) | Temperatures: 66°C - 66°C - 73°C - 73°C - 66°C - 67°C - 75°C - 72°C | Throttling: None - None - None - None - None - None - None - None
702 (771857 Gflops/s) - 699 (768558 Gflops/s) - 698 (767459 Gflops/s) - 694 (763061 Gflops/s) - 695 (764160 Gflops/s) - 699 (768558 Gflops/s) - 705 (775155 Gflops/s) - 683 (750966 Gflops/s) | Temperatures: 66°C - 66°C - 73°C - 73°C - 66°C - 67°C - 75°C - 72°C | Throttling: None - None - None - None - None - None - None - None
703 (772956 Gflops/s) - 699 (768558 Gflops/s) - 698 (767459 Gflops/s) - 695 (764160 Gflops/s) - 697 (766359 Gflops/s) - 699 (768558 Gflops/s) - 705 (775155 Gflops/s) - 684 (752065 Gflops/s) | Temperatures: 66°C - 66°C - 73°C - 73°C - 66°C - 67°C - 75°C - 72°C | Throttling: None - None - None - None - None - None - None - None
703 (772956 Gflops/s) - 698 (767459 Gflops/s) - 698 (767459 Gflops/s) - 694 (763061 Gflops/s) - 696 (765260 Gflops/s) - 699 (768558 Gflops/s) - 706 (776255 Gflops/s) - 683 (750966 Gflops/s) | Temperatures: 66°C - 66°C - 73°C - 73°C - 66°C - 67°C - 75°C - 72°C | Throttling: None - None - None - None - None - None - None - None
703 (772956 Gflops/s) - 699 (768558 Gflops/s) - 698 (767459 Gflops/s) - 694 (763061 Gflops/s) - 696 (765260 Gflops/s) - 699 (768558 Gflops/s) - 705 (775155 Gflops/s) - 683 (750966 Gflops/s) | Temperatures: 66°C - 66°C - 73°C - 73°C - 66°C - 67°C - 75°C - 72°C | Throttling: None - None - None - None - None - None - None - None
702 (771857 Gflops/s) - 697 (766359 Gflops/s) - 698 (767459 Gflops/s) - 695 (764160 Gflops/s) - 696 (765260 Gflops/s) - 699 (768558 Gflops/s) - 705 (775155 Gflops/s) - 683 (750966 Gflops/s) | Temperatures: 66°C - 66°C - 73°C - 73°C - 66°C - 67°C - 75°C - 72°C | Throttling: None - None - None - None - None - None - None - None
702 (771857 Gflops/s) - 698 (767459 Gflops/s) - 699 (768558 Gflops/s) - 693 (761961 Gflops/s) - 696 (765260 Gflops/s) - 699 (768558 Gflops/s) - 705 (775155 Gflops/s) - 684 (752065 Gflops/s) | Temperatures: 66°C - 66°C - 73°C - 73°C - 66°C - 67°C - 75°C - 72°C | Throttling: None - None - None - None - None - None - None - None
702 (771857 Gflops/s) - 698 (767459 Gflops/s) - 697 (766359 Gflops/s) - 694 (763061 Gflops/s) - 695 (764160 Gflops/s) - 699 (768558 Gflops/s) - 705 (775155 Gflops/s) - 683 (750966 Gflops/s) | Temperatures: 66°C - 66°C - 73°C - 73°C - 66°C - 67°C - 75°C - 72°C | Throttling: None - None - None - None - None - None - None - None
702 (771857 Gflops/s) - 698 (767459 Gflops/s) - 699 (768558 Gflops/s) - 695 (764160 Gflops/s) - 696 (765260 Gflops/s) - 698 (767459 Gflops/s) - 707 (777354 Gflops/s) - 682 (749866 Gflops/s) | Temperatures: 66°C - 66°C - 73°C - 73°C - 66°C - 67°C - 75°C - 72°C | Throttling: None - None - None - None - None - None - None - None
703 (772956 Gflops/s) - 698 (767459 Gflops/s) - 697 (766359 Gflops/s) - 695 (764160 Gflops/s) - 696 (765260 Gflops/s) - 699 (768558 Gflops/s) - 705 (775155 Gflops/s) - 684 (752065 Gflops/s) | Temperatures: 66°C - 66°C - 73°C - 73°C - 66°C - 67°C - 75°C - 72°C | Throttling: None - None - None - None - None - None - None - None
704 (774056 Gflops/s) - 699 (768558 Gflops/s) - 698 (767459 Gflops/s) - 693 (761961 Gflops/s) - 696 (765260 Gflops/s) - 700 (769658 Gflops/s) - 706 (776255 Gflops/s) - 683 (750966 Gflops/s) | Temperatures: 66°C - 66°C - 73°C - 73°C - 66°C - 67°C - 75°C - 72°C | Throttling: None - None - None - None - None - None - None - None
703 (772956 Gflops/s) - 698 (767459 Gflops/s) - 698 (767459 Gflops/s) - 695 (764160 Gflops/s) - 695 (764160 Gflops/s) - 699 (768558 Gflops/s) - 705 (775155 Gflops/s) - 683 (750966 Gflops/s) | Temperatures: 65°C - 66°C - 73°C - 73°C - 66°C - 67°C - 75°C - 72°C | Throttling: None - None - None - None - None - None - None - None
702 (771857 Gflops/s) - 699 (768558 Gflops/s) - 698 (767459 Gflops/s) - 694 (763061 Gflops/s) - 697 (766359 Gflops/s) - 699 (768558 Gflops/s) - 706 (776255 Gflops/s) - 683 (750966 Gflops/s) | Temperatures: 65°C - 66°C - 73°C - 73°C - 66°C - 67°C - 75°C - 72°C | Throttling: None - None - None - None - None - None - None - None
702 (771857 Gflops/s) - 699 (768558 Gflops/s) - 698 (767459 Gflops/s) - 694 (763061 Gflops/s) - 697 (766359 Gflops/s) - 699 (768558 Gflops/s) - 705 (775155 Gflops/s) - 684 (752065 Gflops/s) | Temperatures: 65°C - 66°C - 73°C - 73°C - 66°C - 67°C - 75°C - 72°C | Throttling: None - None - None - None - None - None - None - None
703 (772956 Gflops/s) - 699 (768558 Gflops/s) - 700 (769658 Gflops/s) - 694 (763061 Gflops/s) - 696 (765260 Gflops/s) - 700 (769658 Gflops/s) - 707 (777354 Gflops/s) - 683 (750966 Gflops/s) | Temperatures: 65°C - 66°C - 73°C - 73°C - 66°C - 67°C - 75°C - 72°C | Throttling: None - None - None - None - None - None - None - None
701 (770757 Gflops/s) - 697 (766359 Gflops/s) - 698 (767459 Gflops/s) - 694 (763061 Gflops/s) - 695 (764160 Gflops/s) - 699 (768558 Gflops/s) - 705 (775155 Gflops/s) - 683 (750966 Gflops/s) | Temperatures: 65°C - 66°C - 73°C - 73°C - 66°C - 66°C - 75°C - 72°C | Throttling: None - None - None - None - None - None - None - None
703 (772956 Gflops/s) - 700 (769658 Gflops/s) - 699 (768558 Gflops/s) - 694 (763061 Gflops/s) - 697 (766359 Gflops/s) - 700 (769658 Gflops/s) - 703 (772956 Gflops/s) - 683 (750966 Gflops/s) | Temperatures: 65°C - 66°C - 73°C - 73°C - 66°C - 66°C - 75°C - 72°C | Throttling: None - None - None - None - None - None - None - None
703 (772956 Gflops/s) - 699 (768558 Gflops/s) - 700 (769658 Gflops/s) - 696 (765260 Gflops/s) - 696 (765260 Gflops/s) - 716 (787250 Gflops/s) - 704 (774056 Gflops/s) - 684 (752065 Gflops/s) | Temperatures: 65°C - 66°C - 73°C - 73°C - 66°C - 66°C - 75°C - 72°C | Throttling: None - None - None - None - None - None - None - None
703 (772956 Gflops/s) - 699 (768558 Gflops/s) - 699 (768558 Gflops/s) - 695 (764160 Gflops/s) - 697 (766359 Gflops/s) - 683 (750966 Gflops/s) - 703 (772956 Gflops/s) - 683 (750966 Gflops/s) | Temperatures: 65°C - 66°C - 73°C - 73°C - 65°C - 66°C - 75°C - 72°C | Throttling: None - None - None - None - None - None - None - None
703 (772956 Gflops/s) - 699 (768558 Gflops/s) - 699 (768558 Gflops/s) - 689 (757563 Gflops/s) - 696 (765260 Gflops/s) - 702 (771857 Gflops/s) - 704 (774056 Gflops/s) - 684 (752065 Gflops/s) | Temperatures: 65°C - 66°C - 73°C - 72°C - 65°C - 66°C - 74°C - 72°C | Throttling: None - None - None - None - None - None - None - None
703 (772956 Gflops/s) - 699 (768558 Gflops/s) - 699 (768558 Gflops/s) - 688 (756463 Gflops/s) - 697 (766359 Gflops/s) - 701 (770757 Gflops/s) - 704 (774056 Gflops/s) - 684 (752065 Gflops/s) | Temperatures: 65°C - 66°C - 73°C - 72°C - 65°C - 66°C - 74°C - 72°C | Throttling: None - None - None - None - None - None - None - None
710 (780653 Gflops/s) - 699 (768558 Gflops/s) - 699 (768558 Gflops/s) - 690 (758663 Gflops/s) - 697 (766359 Gflops/s) - 701 (770757 Gflops/s) - 704 (774056 Gflops/s) - 692 (760862 Gflops/s) | Temperatures: 65°C - 65°C - 73°C - 72°C - 65°C - 66°C - 74°C - 72°C | Throttling: None - None - None - None - None - None - None - None
695 (764160 Gflops/s) - 699 (768558 Gflops/s) - 699 (768558 Gflops/s) - 689 (757563 Gflops/s) - 697 (766359 Gflops/s) - 700 (769658 Gflops/s) - 704 (774056 Gflops/s) - 675 (742170 Gflops/s) | Temperatures: 65°C - 65°C - 72°C - 72°C - 65°C - 66°C - 74°C - 72°C | Throttling: None - None - None - None - None - None - None - None
703 (772956 Gflops/s) - 699 (768558 Gflops/s) - 699 (768558 Gflops/s) - 689 (757563 Gflops/s) - 697 (766359 Gflops/s) - 701 (770757 Gflops/s) - 703 (772956 Gflops/s) - 684 (752065 Gflops/s) | Temperatures: 65°C - 65°C - 72°C - 73°C - 65°C - 66°C - 74°C - 72°C | Throttling: None - None - None - None - None - None - None - None
702 (771857 Gflops/s) - 698 (767459 Gflops/s) - 698 (767459 Gflops/s) - 687 (755364 Gflops/s) - 696 (765260 Gflops/s) - 700 (769658 Gflops/s) - 703 (772956 Gflops/s) - 683 (750966 Gflops/s) | Temperatures: 65°C - 65°C - 72°C - 73°C - 65°C - 66°C - 74°C - 72°C | Throttling: None - None - None - None - None - None - None - None
701 (770757 Gflops/s) - 700 (769658 Gflops/s) - 698 (767459 Gflops/s) - 690 (758663 Gflops/s) - 697 (766359 Gflops/s) - 700 (769658 Gflops/s) - 703 (772956 Gflops/s) - 684 (752065 Gflops/s) | Temperatures: 65°C - 65°C - 73°C - 72°C - 65°C - 66°C - 74°C - 71°C | Throttling: None - None - None - None - None - None - None - None
700 (769658 Gflops/s) - 700 (769658 Gflops/s) - 700 (769658 Gflops/s) - 689 (757563 Gflops/s) - 698 (767459 Gflops/s) - 702 (771857 Gflops/s) - 704 (774056 Gflops/s) - 684 (752065 Gflops/s) | Temperatures: 65°C - 65°C - 72°C - 72°C - 65°C - 66°C - 74°C - 71°C | Throttling: None - None - None - None - None - None - None - None
698 (767459 Gflops/s) - 699 (768558 Gflops/s) - 698 (767459 Gflops/s) - 689 (757563 Gflops/s) - 697 (766359 Gflops/s) - 700 (769658 Gflops/s) - 704 (774056 Gflops/s) - 684 (752065 Gflops/s) | Temperatures: 65°C - 65°C - 72°C - 73°C - 65°C - 66°C - 74°C - 71°C | Throttling: None - None - None - None - None - None - None - None
700 (769658 Gflops/s) - 701 (770757 Gflops/s) - 699 (768558 Gflops/s) - 688 (756463 Gflops/s) - 696 (765260 Gflops/s) - 701 (770757 Gflops/s) - 704 (774056 Gflops/s) - 685 (753165 Gflops/s) | Temperatures: 65°C - 65°C - 72°C - 72°C - 65°C - 66°C - 74°C - 71°C | Throttling: None - None - None - None - None - None - None - None
699 (768558 Gflops/s) - 711 (781752 Gflops/s) - 699 (768558 Gflops/s) - 689 (757563 Gflops/s) - 696 (765260 Gflops/s) - 700 (769658 Gflops/s) - 704 (774056 Gflops/s) - 684 (752065 Gflops/s) | Temperatures: 65°C - 65°C - 72°C - 72°C - 65°C - 66°C - 74°C - 71°C | Throttling: None - None - None - None - None - None - None - None
700 (769658 Gflops/s) - 687 (755364 Gflops/s) - 699 (768558 Gflops/s) - 688 (756463 Gflops/s) - 696 (765260 Gflops/s) - 700 (769658 Gflops/s) - 704 (774056 Gflops/s) - 685 (753165 Gflops/s) | Temperatures: 65°C - 65°C - 72°C - 72°C - 65°C - 66°C - 74°C - 71°C | Throttling: None - None - None - None - None - None - None - None
700 (769658 Gflops/s) - 699 (768558 Gflops/s) - 700 (769658 Gflops/s) - 689 (757563 Gflops/s) - 697 (766359 Gflops/s) - 700 (769658 Gflops/s) - 704 (774056 Gflops/s) - 684 (752065 Gflops/s) | Temperatures: 65°C - 65°C - 72°C - 72°C - 65°C - 66°C - 74°C - 71°C | Throttling: None - None - None - None - None - None - None - None
700 (769658 Gflops/s) - 698 (767459 Gflops/s) - 699 (768558 Gflops/s) - 689 (757563 Gflops/s) - 696 (765260 Gflops/s) - 700 (769658 Gflops/s) - 704 (774056 Gflops/s) - 683 (750966 Gflops/s) | Temperatures: 65°C - 65°C - 72°C - 72°C - 65°C - 66°C - 74°C - 71°C | Throttling: None - None - None - None - None - None - None - None
699 (768558 Gflops/s) - 699 (768558 Gflops/s) - 699 (768558 Gflops/s) - 688 (756463 Gflops/s) - 697 (766359 Gflops/s) - 702 (771857 Gflops/s) - 705 (775155 Gflops/s) - 685 (753165 Gflops/s) | Temperatures: 65°C - 65°C - 72°C - 72°C - 65°C - 66°C - 74°C - 71°C | Throttling: None - None - None - None - None - None - None - None
700 (769658 Gflops/s) - 696 (765260 Gflops/s) - 700 (769658 Gflops/s) - 690 (758663 Gflops/s) - 696 (765260 Gflops/s) - 700 (769658 Gflops/s) - 704 (774056 Gflops/s) - 684 (752065 Gflops/s) | Temperatures: 65°C - 65°C - 72°C - 72°C - 65°C - 66°C - 74°C - 71°C | Throttling: None - None - None - None - None - None - None - None
699 (768558 Gflops/s) - 697 (766359 Gflops/s) - 701 (770757 Gflops/s) - 689 (757563 Gflops/s) - 697 (766359 Gflops/s) - 701 (770757 Gflops/s) - 705 (775155 Gflops/s) - 685 (753165 Gflops/s) | Temperatures: 64°C - 65°C - 72°C - 72°C - 65°C - 66°C - 74°C - 71°C | Throttling: None - None - None - None - None - None - None - None
699 (768558 Gflops/s) - 696 (765260 Gflops/s) - 700 (769658 Gflops/s) - 689 (757563 Gflops/s) - 697 (766359 Gflops/s) - 701 (770757 Gflops/s) - 704 (774056 Gflops/s) - 684 (752065 Gflops/s) | Temperatures: 64°C - 65°C - 72°C - 72°C - 65°C - 66°C - 74°C - 71°C | Throttling: None - None - None - None - None - None - None - None
700 (769658 Gflops/s) - 696 (765260 Gflops/s) - 698 (767459 Gflops/s) - 690 (758663 Gflops/s) - 696 (765260 Gflops/s) - 701 (770757 Gflops/s) - 704 (774056 Gflops/s) - 685 (753165 Gflops/s) | Temperatures: 64°C - 65°C - 72°C - 72°C - 65°C - 66°C - 74°C - 71°C | Throttling: None - None - None - None - None - None - None - None
700 (769658 Gflops/s) - 696 (765260 Gflops/s) - 701 (770757 Gflops/s) - 689 (757563 Gflops/s) - 697 (766359 Gflops/s) - 701 (770757 Gflops/s) - 704 (774056 Gflops/s) - 685 (753165 Gflops/s) | Temperatures: 64°C - 65°C - 72°C - 72°C - 65°C - 66°C - 74°C - 71°C | Throttling: None - None - None - None - None - None - None - None
699 (768558 Gflops/s) - 696 (765260 Gflops/s) - 699 (768558 Gflops/s) - 690 (758663 Gflops/s) - 698 (767459 Gflops/s) - 700 (769658 Gflops/s) - 705 (775155 Gflops/s) - 684 (752065 Gflops/s) | Temperatures: 64°C - 65°C - 72°C - 72°C - 65°C - 66°C - 74°C - 71°C | Throttling: None - None - None - None - None - None - None - None
700 (769658 Gflops/s) - 696 (765260 Gflops/s) - 698 (767459 Gflops/s) - 688 (756463 Gflops/s) - 694 (763061 Gflops/s) - 700 (769658 Gflops/s) - 704 (774056 Gflops/s) - 684 (752065 Gflops/s) | Temperatures: 64°C - 65°C - 72°C - 72°C - 65°C - 66°C - 74°C - 71°C | Throttling: None - None - None - None - None - None - None - None
700 (769658 Gflops/s) - 696 (765260 Gflops/s) - 701 (770757 Gflops/s) - 690 (758663 Gflops/s) - 697 (766359 Gflops/s) - 700 (769658 Gflops/s) - 704 (774056 Gflops/s) - 685 (753165 Gflops/s) | Temperatures: 64°C - 65°C - 72°C - 72°C - 65°C - 66°C - 74°C - 71°C | Throttling: None - None - None - None - None - None - None - None
699 (768558 Gflops/s) - 697 (766359 Gflops/s) - 700 (769658 Gflops/s) - 689 (757563 Gflops/s) - 696 (765260 Gflops/s) - 702 (771857 Gflops/s) - 705 (775155 Gflops/s) - 686 (754264 Gflops/s) | Temperatures: 65°C - 65°C - 72°C - 72°C - 65°C - 66°C - 74°C - 71°C | Throttling: None - None - None - None - None - None - None - None
700 (769658 Gflops/s) - 696 (765260 Gflops/s) - 700 (769658 Gflops/s) - 689 (757563 Gflops/s) - 697 (766359 Gflops/s) - 700 (769658 Gflops/s) - 705 (775155 Gflops/s) - 684 (752065 Gflops/s) | Temperatures: 64°C - 65°C - 72°C - 72°C - 65°C - 66°C - 74°C - 71°C | Throttling: None - None - None - None - None - None - None - None
699 (768558 Gflops/s) - 696 (765260 Gflops/s) - 700 (769658 Gflops/s) - 689 (757563 Gflops/s) - 696 (765260 Gflops/s) - 701 (770757 Gflops/s) - 704 (774056 Gflops/s) - 685 (753165 Gflops/s) | Temperatures: 64°C - 65°C - 72°C - 72°C - 65°C - 66°C - 74°C - 71°C | Throttling: None - None - None - None - None - None - None - None
699 (768558 Gflops/s) - 696 (765260 Gflops/s) - 710 (780653 Gflops/s) - 690 (758663 Gflops/s) - 697 (766359 Gflops/s) - 701 (770757 Gflops/s) - 705 (775155 Gflops/s) - 685 (753165 Gflops/s) | Temperatures: 64°C - 65°C - 72°C - 72°C - 65°C - 66°C - 74°C - 71°C | Throttling: None - None - None - None - None - None - None - None
700 (769658 Gflops/s) - 697 (766359 Gflops/s) - 689 (757563 Gflops/s) - 690 (758663 Gflops/s) - 697 (766359 Gflops/s) - 701 (770757 Gflops/s) - 706 (776255 Gflops/s) - 685 (753165 Gflops/s) | Temperatures: 64°C - 65°C - 72°C - 72°C - 65°C - 66°C - 74°C - 71°C | Throttling: None - None - None - None - None - None - None - None
700 (769658 Gflops/s) - 696 (765260 Gflops/s) - 699 (768558 Gflops/s) - 689 (757563 Gflops/s) - 697 (766359 Gflops/s) - 701 (770757 Gflops/s) - 704 (774056 Gflops/s) - 685 (753165 Gflops/s) | Temperatures: 64°C - 65°C - 72°C - 72°C - 65°C - 66°C - 74°C - 71°C | Throttling: None - None - None - None - None - None - None - None
699 (768558 Gflops/s) - 696 (765260 Gflops/s) - 699 (768558 Gflops/s) - 691 (759762 Gflops/s) - 696 (765260 Gflops/s) - 701 (770757 Gflops/s) - 704 (774056 Gflops/s) - 685 (753165 Gflops/s) | Temperatures: 64°C - 65°C - 72°C - 72°C - 65°C - 66°C - 74°C - 71°C | Throttling: None - None - None - None - None - None - None - None
700 (769658 Gflops/s) - 696 (765260 Gflops/s) - 698 (767459 Gflops/s) - 689 (757563 Gflops/s) - 696 (765260 Gflops/s) - 700 (769658 Gflops/s) - 705 (775155 Gflops/s) - 684 (752065 Gflops/s) | Temperatures: 64°C - 65°C - 72°C - 72°C - 65°C - 66°C - 74°C - 71°C | Throttling: None - None - None - None - None - None - None - None
700 (769658 Gflops/s) - 697 (766359 Gflops/s) - 700 (769658 Gflops/s) - 690 (758663 Gflops/s) - 697 (766359 Gflops/s) - 701 (770757 Gflops/s) - 705 (775155 Gflops/s) - 685 (753165 Gflops/s) | Temperatures: 64°C - 65°C - 72°C - 72°C - 65°C - 66°C - 74°C - 71°C | Throttling: None - None - None - None - None - None - None - None
699 (768558 Gflops/s) - 697 (766359 Gflops/s) - 699 (768558 Gflops/s) - 689 (757563 Gflops/s) - 697 (766359 Gflops/s) - 702 (771857 Gflops/s) - 705 (775155 Gflops/s) - 685 (753165 Gflops/s) | Temperatures: 64°C - 65°C - 72°C - 72°C - 65°C - 66°C - 74°C - 71°C | Throttling: None - None - None - None - None - None - None - None
700 (769658 Gflops/s) - 696 (765260 Gflops/s) - 700 (769658 Gflops/s) - 690 (758663 Gflops/s) - 696 (765260 Gflops/s) - 701 (770757 Gflops/s) - 706 (776255 Gflops/s) - 684 (752065 Gflops/s) | Temperatures: 64°C - 65°C - 72°C - 72°C - 65°C - 66°C - 74°C - 71°C | Throttling: None - None - None - None - None - None - None - None
700 (769658 Gflops/s) - 697 (766359 Gflops/s) - 700 (769658 Gflops/s) - 689 (757563 Gflops/s) - 696 (765260 Gflops/s) - 702 (771857 Gflops/s) - 705 (775155 Gflops/s) - 685 (753165 Gflops/s) | Temperatures: 64°C - 65°C - 72°C - 72°C - 65°C - 66°C - 74°C - 71°C | Throttling: None - None - None - None - None - None - None - None
701 (770757 Gflops/s) - 697 (766359 Gflops/s) - 701 (770757 Gflops/s) - 707 (777354 Gflops/s) - 697 (766359 Gflops/s) - 700 (769658 Gflops/s) - 706 (776255 Gflops/s) - 686 (754264 Gflops/s) | Temperatures: 64°C - 65°C - 72°C - 72°C - 65°C - 66°C - 74°C - 71°C | Throttling: None - None - None - None - None - None - None - None
699 (768558 Gflops/s) - 696 (765260 Gflops/s) - 701 (770757 Gflops/s) - 673 (739971 Gflops/s) - 696 (765260 Gflops/s) - 702 (771857 Gflops/s) - 720 (791648 Gflops/s) - 685 (753165 Gflops/s) | Temperatures: 64°C - 65°C - 72°C - 72°C - 65°C - 66°C - 74°C - 71°C | Throttling: None - None - None - None - None - None - None - None
700 (769658 Gflops/s) - 697 (766359 Gflops/s) - 701 (770757 Gflops/s) - 690 (758663 Gflops/s) - 697 (766359 Gflops/s) - 700 (769658 Gflops/s) - 690 (758663 Gflops/s) - 685 (753165 Gflops/s) | Temperatures: 64°C - 65°C - 72°C - 72°C - 65°C - 66°C - 74°C - 71°C | Throttling: None - None - None - None - None - None - None - None
699 (768558 Gflops/s) - 696 (765260 Gflops/s) - 699 (768558 Gflops/s) - 688 (756463 Gflops/s) - 696 (765260 Gflops/s) - 701 (770757 Gflops/s) - 704 (774056 Gflops/s) - 684 (752065 Gflops/s) | Temperatures: 64°C - 65°C - 72°C - 72°C - 65°C - 66°C - 74°C - 71°C | Throttling: None - None - None - None - None - None - None - None
700 (769658 Gflops/s) - 696 (765260 Gflops/s) - 700 (769658 Gflops/s) - 689 (757563 Gflops/s) - 696 (765260 Gflops/s) - 700 (769658 Gflops/s) - 706 (776255 Gflops/s) - 685 (753165 Gflops/s) | Temperatures: 64°C - 65°C - 72°C - 72°C - 65°C - 66°C - 74°C - 71°C | Throttling: None - None - None - None - None - None - None - None
700 (769658 Gflops/s) - 696 (765260 Gflops/s) - 700 (769658 Gflops/s) - 691 (759762 Gflops/s) - 697 (766359 Gflops/s) - 702 (771857 Gflops/s) - 704 (774056 Gflops/s) - 685 (753165 Gflops/s) | Temperatures: 64°C - 65°C - 72°C - 72°C - 65°C - 66°C - 74°C - 71°C | Throttling: None - None - None - None - None - None - None - None
700 (769658 Gflops/s) - 697 (766359 Gflops/s) - 700 (769658 Gflops/s) - 691 (759762 Gflops/s) - 697 (766359 Gflops/s) - 702 (771857 Gflops/s) - 705 (775155 Gflops/s) - 685 (753165 Gflops/s) | Temperatures: 64°C - 65°C - 72°C - 72°C - 65°C - 66°C - 74°C - 71°C | Throttling: None - None - None - None - None - None - None - None
699 (768558 Gflops/s) - 697 (766359 Gflops/s) - 700 (769658 Gflops/s) - 688 (756463 Gflops/s) - 696 (765260 Gflops/s) - 701 (770757 Gflops/s) - 704 (774056 Gflops/s) - 685 (753165 Gflops/s) | Temperatures: 64°C - 65°C - 72°C - 72°C - 65°C - 66°C - 74°C - 71°C | Throttling: None - None - None - None - None - None - None - None
700 (769658 Gflops/s) - 697 (766359 Gflops/s) - 701 (770757 Gflops/s) - 690 (758663 Gflops/s) - 697 (766359 Gflops/s) - 702 (771857 Gflops/s) - 707 (777354 Gflops/s) - 685 (753165 Gflops/s) | Temperatures: 64°C - 65°C - 72°C - 72°C - 65°C - 66°C - 74°C - 71°C | Throttling: None - None - None - None - None - None - None - None
701 (770757 Gflops/s) - 697 (766359 Gflops/s) - 700 (769658 Gflops/s) - 691 (759762 Gflops/s) - 697 (766359 Gflops/s) - 702 (771857 Gflops/s) - 705 (775155 Gflops/s) - 685 (753165 Gflops/s) | Temperatures: 64°C - 65°C - 72°C - 72°C - 65°C - 66°C - 74°C - 71°C | Throttling: None - None - None - None - None - None - None - None
701 (770757 Gflops/s) - 709 (779553 Gflops/s) - 701 (770757 Gflops/s) - 689 (757563 Gflops/s) - 695 (764160 Gflops/s) - 700 (769658 Gflops/s) - 706 (776255 Gflops/s) - 686 (754264 Gflops/s) | Temperatures: 64°C - 65°C - 72°C - 72°C - 65°C - 66°C - 74°C - 71°C | Throttling: None - None - None - None - None - None - None - None
700 (769658 Gflops/s) - 684 (752065 Gflops/s) - 699 (768558 Gflops/s) - 690 (758663 Gflops/s) - 693 (761961 Gflops/s) - 701 (770757 Gflops/s) - 705 (775155 Gflops/s) - 684 (752065 Gflops/s) | Temperatures: 64°C - 65°C - 72°C - 72°C - 65°C - 66°C - 74°C - 71°C | Throttling: None - None - None - None - None - None - None - None
700 (769658 Gflops/s) - 696 (765260 Gflops/s) - 700 (769658 Gflops/s) - 691 (759762 Gflops/s) - 693 (761961 Gflops/s) - 701 (770757 Gflops/s) - 706 (776255 Gflops/s) - 685 (753165 Gflops/s) | Temperatures: 64°C - 65°C - 72°C - 72°C - 64°C - 66°C - 74°C - 71°C | Throttling: None - None - None - None - None - None - None - None
700 (769658 Gflops/s) - 696 (765260 Gflops/s) - 699 (768558 Gflops/s) - 690 (758663 Gflops/s) - 692 (760862 Gflops/s) - 700 (769658 Gflops/s) - 704 (774056 Gflops/s) - 685 (753165 Gflops/s) | Temperatures: 64°C - 65°C - 72°C - 72°C - 64°C - 66°C - 74°C - 71°C | Throttling: None - None - None - None - None - None - None - None
700 (769658 Gflops/s) - 697 (766359 Gflops/s) - 701 (770757 Gflops/s) - 690 (758663 Gflops/s) - 692 (760862 Gflops/s) - 701 (770757 Gflops/s) - 705 (775155 Gflops/s) - 685 (753165 Gflops/s) | Temperatures: 64°C - 65°C - 72°C - 72°C - 64°C - 66°C - 74°C - 71°C | Throttling: None - None - None - None - None - None - None - None
701 (770757 Gflops/s) - 696 (765260 Gflops/s) - 702 (771857 Gflops/s) - 689 (757563 Gflops/s) - 693 (761961 Gflops/s) - 702 (771857 Gflops/s) - 704 (774056 Gflops/s) - 685 (753165 Gflops/s) | Temperatures: 64°C - 65°C - 72°C - 72°C - 64°C - 66°C - 74°C - 71°C | Throttling: None - None - None - None - None - None - None - None
700 (769658 Gflops/s) - 697 (766359 Gflops/s) - 701 (770757 Gflops/s) - 690 (758663 Gflops/s) - 694 (763061 Gflops/s) - 701 (770757 Gflops/s) - 704 (774056 Gflops/s) - 686 (754264 Gflops/s) | Temperatures: 64°C - 65°C - 72°C - 72°C - 64°C - 66°C - 74°C - 71°C | Throttling: None - None - None - None - None - None - None - None
699 (768558 Gflops/s) - 697 (766359 Gflops/s) - 700 (769658 Gflops/s) - 691 (759762 Gflops/s) - 693 (761961 Gflops/s) - 701 (770757 Gflops/s) - 703 (772956 Gflops/s) - 685 (753165 Gflops/s) | Temperatures: 64°C - 65°C - 72°C - 72°C - 64°C - 66°C - 74°C - 71°C | Throttling: None - None - None - None - None - None - None - None
702 (771857 Gflops/s) - 696 (765260 Gflops/s) - 700 (769658 Gflops/s) - 689 (757563 Gflops/s) - 693 (761961 Gflops/s) - 702 (771857 Gflops/s) - 703 (772956 Gflops/s) - 685 (753165 Gflops/s) | Temperatures: 64°C - 65°C - 72°C - 72°C - 65°C - 66°C - 74°C - 71°C | Throttling: None - None - None - None - None - None - None - None
700 (769658 Gflops/s) - 697 (766359 Gflops/s) - 701 (770757 Gflops/s) - 690 (758663 Gflops/s) - 693 (761961 Gflops/s) - 702 (771857 Gflops/s) - 704 (774056 Gflops/s) - 686 (754264 Gflops/s) | Temperatures: 64°C - 65°C - 72°C - 72°C - 64°C - 66°C - 74°C - 71°C | Throttling: None - None - None - None - None - None - None - None
700 (769658 Gflops/s) - 697 (766359 Gflops/s) - 700 (769658 Gflops/s) - 689 (757563 Gflops/s) - 694 (763061 Gflops/s) - 701 (770757 Gflops/s) - 704 (774056 Gflops/s) - 685 (753165 Gflops/s) | Temperatures: 64°C - 65°C - 72°C - 72°C - 64°C - 66°C - 74°C - 71°C | Throttling: None - None - None - None - None - None - None - None
701 (770757 Gflops/s) - 697 (766359 Gflops/s) - 701 (770757 Gflops/s) - 699 (768558 Gflops/s) - 693 (761961 Gflops/s) - 700 (769658 Gflops/s) - 703 (772956 Gflops/s) - 686 (754264 Gflops/s) | Temperatures: 64°C - 65°C - 72°C - 72°C - 64°C - 66°C - 74°C - 71°C | Throttling: None - None - None - None - None - None - None - None
700 (769658 Gflops/s) - 696 (765260 Gflops/s) - 699 (768558 Gflops/s) - 680 (747667 Gflops/s) - 693 (761961 Gflops/s) - 701 (770757 Gflops/s) - 703 (772956 Gflops/s) - 684 (752065 Gflops/s) | Temperatures: 64°C - 65°C - 72°C - 72°C - 64°C - 65°C - 74°C - 71°C | Throttling: None - None - None - None - None - None - None - None
700 (769658 Gflops/s) - 696 (765260 Gflops/s) - 701 (770757 Gflops/s) - 690 (758663 Gflops/s) - 693 (761961 Gflops/s) - 702 (771857 Gflops/s) - 704 (774056 Gflops/s) - 686 (754264 Gflops/s) | Temperatures: 64°C - 65°C - 72°C - 72°C - 64°C - 65°C - 74°C - 71°C | Throttling: None - None - None - None - None - None - None - None
700 (769658 Gflops/s) - 697 (766359 Gflops/s) - 699 (768558 Gflops/s) - 690 (758663 Gflops/s) - 693 (761961 Gflops/s) - 702 (771857 Gflops/s) - 703 (772956 Gflops/s) - 685 (753165 Gflops/s) | Temperatures: 64°C - 65°C - 72°C - 72°C - 64°C - 66°C - 74°C - 71°C | Throttling: None - None - None - None - None - None - None - None
700 (769658 Gflops/s) - 697 (766359 Gflops/s) - 700 (769658 Gflops/s) - 690 (758663 Gflops/s) - 692 (760862 Gflops/s) - 702 (771857 Gflops/s) - 704 (774056 Gflops/s) - 685 (753165 Gflops/s) | Temperatures: 64°C - 65°C - 72°C - 72°C - 64°C - 66°C - 74°C - 71°C | Throttling: None - None - None - None - None - None - None - None
701 (770757 Gflops/s) - 696 (765260 Gflops/s) - 699 (768558 Gflops/s) - 690 (758663 Gflops/s) - 694 (763061 Gflops/s) - 700 (769658 Gflops/s) - 704 (774056 Gflops/s) - 685 (753165 Gflops/s) | Temperatures: 64°C - 65°C - 72°C - 72°C - 65°C - 66°C - 74°C - 71°C | Throttling: None - None - None - None - None - None - None - None
700 (769658 Gflops/s) - 697 (766359 Gflops/s) - 701 (770757 Gflops/s) - 689 (757563 Gflops/s) - 693 (761961 Gflops/s) - 702 (771857 Gflops/s) - 703 (772956 Gflops/s) - 685 (753165 Gflops/s) | Temperatures: 65°C - 65°C - 72°C - 72°C - 65°C - 66°C - 74°C - 71°C | Throttling: None - None - None - None - None - None - None - None
700 (769658 Gflops/s) - 696 (765260 Gflops/s) - 717 (788349 Gflops/s) - 691 (759762 Gflops/s) - 693 (761961 Gflops/s) - 700 (769658 Gflops/s) - 704 (774056 Gflops/s) - 685 (753165 Gflops/s) | Temperatures: 64°C - 65°C - 72°C - 72°C - 65°C - 66°C - 74°C - 71°C | Throttling: None - None - None - None - None - None - None - None
699 (768558 Gflops/s) - 696 (765260 Gflops/s) - 683 (750966 Gflops/s) - 690 (758663 Gflops/s) - 693 (761961 Gflops/s) - 699 (768558 Gflops/s) - 704 (774056 Gflops/s) - 685 (753165 Gflops/s) | Temperatures: 65°C - 65°C - 72°C - 72°C - 65°C - 66°C - 74°C - 71°C | Throttling: None - None - None - None - None - None - None - None
700 (769658 Gflops/s) - 697 (766359 Gflops/s) - 700 (769658 Gflops/s) - 690 (758663 Gflops/s) - 692 (760862 Gflops/s) - 700 (769658 Gflops/s) - 702 (771857 Gflops/s) - 685 (753165 Gflops/s) | Temperatures: 65°C - 65°C - 72°C - 72°C - 65°C - 66°C - 74°C - 71°C | Throttling: None - None - None - None - None - None - None - None
699 (768558 Gflops/s) - 696 (765260 Gflops/s) - 700 (769658 Gflops/s) - 689 (757563 Gflops/s) - 693 (761961 Gflops/s) - 701 (770757 Gflops/s) - 704 (774056 Gflops/s) - 685 (753165 Gflops/s) | Temperatures: 65°C - 65°C - 72°C - 72°C - 65°C - 66°C - 74°C - 71°C | Throttling: None - None - None - None - None - None - None - None
700 (769658 Gflops/s) - 695 (764160 Gflops/s) - 699 (768558 Gflops/s) - 689 (757563 Gflops/s) - 692 (760862 Gflops/s) - 700 (769658 Gflops/s) - 703 (772956 Gflops/s) - 684 (752065 Gflops/s) | Temperatures: 65°C - 65°C - 72°C - 72°C - 65°C - 66°C - 74°C - 71°C | Throttling: None - None - None - None - None - None - None - None
699 (768558 Gflops/s) - 696 (765260 Gflops/s) - 699 (768558 Gflops/s) - 689 (757563 Gflops/s) - 692 (760862 Gflops/s) - 700 (769658 Gflops/s) - 703 (772956 Gflops/s) - 685 (753165 Gflops/s) | Temperatures: 65°C - 65°C - 72°C - 72°C - 65°C - 66°C - 74°C - 71°C | Throttling: None - None - None - None - None - None - None - None
700 (769658 Gflops/s) - 696 (765260 Gflops/s) - 700 (769658 Gflops/s) - 689 (757563 Gflops/s) - 693 (761961 Gflops/s) - 701 (770757 Gflops/s) - 704 (774056 Gflops/s) - 685 (753165 Gflops/s) | Temperatures: 65°C - 65°C - 72°C - 72°C - 65°C - 66°C - 74°C - 71°C | Throttling: None - None - None - None - None - None - None - None
377 (414515 Gflops/s) - 696 (765260 Gflops/s) - 539 (592636 Gflops/s) - 689 (757563 Gflops/s) - 649 (713583 Gflops/s) - 696 (765260 Gflops/s) - 704 (774056 Gflops/s) - 685 (753165 Gflops/s) | Temperatures: 65°C - 65°C - 72°C - 72°C - 65°C - 66°C - 74°C - 71°C | Throttling: None - None - None - None - None - None - None - None
GPU #0: 770454 Gflops/s (min: 414515.88, max: 786150.81, dev: 21002.45)
         Temperature: 65.80°C (min: 63.00, max: 68.00)
         Throttling HW: false, Thermal SW: false, Thermal HW: false
GPU #1: 767110 Gflops/s (min: 748767.42, max: 785051.30, dev: 3362.85)
         Temperature: 66.25°C (min: 63.00, max: 69.00)
         Throttling HW: false, Thermal SW: false, Thermal HW: false
GPU #2: 768371 Gflops/s (min: 592636.77, max: 788349.84, dev: 11020.97)
         Temperature: 72.89°C (min: 66.00, max: 75.00)
         Throttling HW: false, Thermal SW: false, Thermal HW: false
GPU #3: 761590 Gflops/s (min: 739971.33, max: 778454.23, dev: 3666.79)
         Temperature: 73.03°C (min: 67.00, max: 75.00)
         Throttling HW: false, Thermal SW: false, Thermal HW: false
GPU #4: 764423 Gflops/s (min: 713583.05, max: 781752.77, dev: 3750.37)
         Temperature: 66.10°C (min: 62.00, max: 69.00)
         Throttling HW: false, Thermal SW: false, Thermal HW: false
GPU #5: 769099 Gflops/s (min: 749866.93, max: 787250.33, dev: 3903.95)
         Temperature: 67.02°C (min: 63.00, max: 69.00)
         Throttling HW: false, Thermal SW: false, Thermal HW: false
GPU #6: 775388 Gflops/s (min: 757563.51, max: 800444.47, dev: 3651.71)
         Temperature: 74.72°C (min: 67.00, max: 77.00)
         Throttling HW: false, Thermal SW: false, Thermal HW: false
GPU #7: 751897 Gflops/s (min: 732274.74, max: 769658.14, dev: 3800.16)
         Temperature: 72.06°C (min: 66.00, max: 74.00)
         Throttling HW: false, Thermal SW: false, Thermal HW: false
All GPUs seem healthy
Freeing GPUs...
======== Run with bf16 ==========
Detected GPU #0: "NVIDIA B200" (bfed9e16-9b6b-aa1b-4bb8-d19437694839)
Detected GPU #1: "NVIDIA B200" (8323954e-a172-6dc0-c488-e99136f3efa6)
Detected GPU #2: "NVIDIA B200" (23c05ee8-cc17-67b6-c14a-15922905ddd1)
Detected GPU #3: "NVIDIA B200" (2739e314-cbe5-9769-4cf3-26955764be69)
Detected GPU #4: "NVIDIA B200" (710c6713-6139-f743-e905-ffbec912fa0c)
Detected GPU #5: "NVIDIA B200" (c8cd4819-eb4e-0dbf-824e-9c025f2a4383)
Detected GPU #6: "NVIDIA B200" (c968a5a0-84e8-d941-8865-9c82a93c7758)
Detected GPU #7: "NVIDIA B200" (336cd97f-fd6d-8431-f618-0efcff34e55d)
Using precision(s):  BF16 
GPU #0: Using 163800 MB
GPU #1: Using 163800 MB
GPU #2: Using 163800 MB
GPU #3: Using 163800 MB
GPU #4: Using 163800 MB
GPU #5: Using 163800 MB
GPU #6: Using 163800 MB
GPU #7: Using 163800 MB
Creating random matrices
Matrices created
1796 (1974722 Gflops/s) - 1834 (2016504 Gflops/s) - 1935 (2127554 Gflops/s) - 1641 (1804298 Gflops/s) - 1865 (2050589 Gflops/s) - 1583 (1740526 Gflops/s) - 1832 (2014305 Gflops/s) - 1764 (1939538 Gflops/s) | Temperatures: 57°C - 58°C - 61°C - 61°C - 57°C - 58°C - 62°C - 61°C | Throttling: None - None - None - None - None - None - None - None
1363 (1498634 Gflops/s) - 1368 (1504131 Gflops/s) - 1374 (1510728 Gflops/s) - 1362 (1497534 Gflops/s) - 1351 (1485440 Gflops/s) - 1366 (1501932 Gflops/s) - 1380 (1517326 Gflops/s) - 1343 (1476644 Gflops/s) | Temperatures: 61°C - 61°C - 65°C - 65°C - 60°C - 61°C - 66°C - 64°C | Throttling: None - None - None - None - None - None - None - None
1367 (1503032 Gflops/s) - 1372 (1508529 Gflops/s) - 1378 (1515127 Gflops/s) - 1354 (1488738 Gflops/s) - 1360 (1495335 Gflops/s) - 1359 (1494236 Gflops/s) - 1381 (1518425 Gflops/s) - 1349 (1483241 Gflops/s) | Temperatures: 62°C - 63°C - 67°C - 67°C - 62°C - 63°C - 68°C - 67°C | Throttling: None - None - None - None - None - None - None - None
1368 (1504131 Gflops/s) - 1368 (1504131 Gflops/s) - 1374 (1510728 Gflops/s) - 1352 (1486539 Gflops/s) - 1354 (1488738 Gflops/s) - 1359 (1494236 Gflops/s) - 1378 (1515127 Gflops/s) - 1344 (1477743 Gflops/s) | Temperatures: 63°C - 63°C - 68°C - 68°C - 63°C - 64°C - 69°C - 68°C | Throttling: None - None - None - None - None - None - None - None
1365 (1500833 Gflops/s) - 1368 (1504131 Gflops/s) - 1370 (1506330 Gflops/s) - 1351 (1485440 Gflops/s) - 1356 (1490937 Gflops/s) - 1358 (1493136 Gflops/s) - 1377 (1514027 Gflops/s) - 1344 (1477743 Gflops/s) | Temperatures: 63°C - 64°C - 69°C - 69°C - 64°C - 64°C - 70°C - 68°C | Throttling: None - None - None - None - None - None - None - None
1364 (1499733 Gflops/s) - 1366 (1501932 Gflops/s) - 1367 (1503032 Gflops/s) - 1350 (1484340 Gflops/s) - 1349 (1483241 Gflops/s) - 1358 (1493136 Gflops/s) - 1371 (1507430 Gflops/s) - 1343 (1476644 Gflops/s) | Temperatures: 64°C - 64°C - 69°C - 70°C - 64°C - 65°C - 71°C - 69°C | Throttling: None - None - None - None - None - None - None - None
1366 (1501932 Gflops/s) - 1360 (1495335 Gflops/s) - 1371 (1507430 Gflops/s) - 1352 (1486539 Gflops/s) - 1351 (1485440 Gflops/s) - 1365 (1500833 Gflops/s) - 1373 (1509629 Gflops/s) - 1344 (1477743 Gflops/s) | Temperatures: 64°C - 64°C - 70°C - 70°C - 64°C - 65°C - 71°C - 69°C | Throttling: None - None - None - None - None - None - None - None
1373 (1509629 Gflops/s) - 1359 (1494236 Gflops/s) - 1369 (1505231 Gflops/s) - 1352 (1486539 Gflops/s) - 1354 (1488738 Gflops/s) - 1364 (1499733 Gflops/s) - 1373 (1509629 Gflops/s) - 1344 (1477743 Gflops/s) | Temperatures: 64°C - 65°C - 70°C - 71°C - 64°C - 65°C - 72°C - 70°C | Throttling: None - None - None - None - None - None - None - None
1374 (1510728 Gflops/s) - 1356 (1490937 Gflops/s) - 1368 (1504131 Gflops/s) - 1352 (1486539 Gflops/s) - 1357 (1492037 Gflops/s) - 1364 (1499733 Gflops/s) - 1370 (1506330 Gflops/s) - 1344 (1477743 Gflops/s) | Temperatures: 64°C - 65°C - 70°C - 71°C - 65°C - 66°C - 72°C - 70°C | Throttling: None - None - None - None - None - None - None - None
1370 (1506330 Gflops/s) - 1366 (1501932 Gflops/s) - 1366 (1501932 Gflops/s) - 1351 (1485440 Gflops/s) - 1354 (1488738 Gflops/s) - 1364 (1499733 Gflops/s) - 1368 (1504131 Gflops/s) - 1343 (1476644 Gflops/s) | Temperatures: 64°C - 65°C - 71°C - 71°C - 65°C - 66°C - 72°C - 70°C | Throttling: None - None - None - None - None - None - None - None
1371 (1507430 Gflops/s) - 1369 (1505231 Gflops/s) - 1369 (1505231 Gflops/s) - 1351 (1485440 Gflops/s) - 1354 (1488738 Gflops/s) - 1364 (1499733 Gflops/s) - 1371 (1507430 Gflops/s) - 1342 (1475544 Gflops/s) | Temperatures: 64°C - 65°C - 71°C - 71°C - 65°C - 66°C - 72°C - 70°C | Throttling: None - None - None - None - None - None - None - None
1373 (1509629 Gflops/s) - 1369 (1505231 Gflops/s) - 1366 (1501932 Gflops/s) - 1352 (1486539 Gflops/s) - 1355 (1489838 Gflops/s) - 1364 (1499733 Gflops/s) - 1370 (1506330 Gflops/s) - 1344 (1477743 Gflops/s) | Temperatures: 64°C - 65°C - 71°C - 71°C - 65°C - 66°C - 72°C - 70°C | Throttling: None - None - None - None - None - None - None - None
1371 (1507430 Gflops/s) - 1369 (1505231 Gflops/s) - 1367 (1503032 Gflops/s) - 1350 (1484340 Gflops/s) - 1356 (1490937 Gflops/s) - 1364 (1499733 Gflops/s) - 1370 (1506330 Gflops/s) - 1344 (1477743 Gflops/s) | Temperatures: 64°C - 65°C - 71°C - 71°C - 65°C - 66°C - 73°C - 71°C | Throttling: None - None - None - None - None - None - None - None
1372 (1508529 Gflops/s) - 1369 (1505231 Gflops/s) - 1366 (1501932 Gflops/s) - 1351 (1485440 Gflops/s) - 1356 (1490937 Gflops/s) - 1364 (1499733 Gflops/s) - 1369 (1505231 Gflops/s) - 1343 (1476644 Gflops/s) | Temperatures: 64°C - 65°C - 71°C - 71°C - 65°C - 66°C - 73°C - 71°C | Throttling: None - None - None - None - None - None - None - None
1371 (1507430 Gflops/s) - 1367 (1503032 Gflops/s) - 1364 (1499733 Gflops/s) - 1349 (1483241 Gflops/s) - 1355 (1489838 Gflops/s) - 1363 (1498634 Gflops/s) - 1369 (1505231 Gflops/s) - 1341 (1474445 Gflops/s) | Temperatures: 64°C - 65°C - 71°C - 71°C - 65°C - 66°C - 73°C - 71°C | Throttling: None - None - None - None - None - None - None - None
1371 (1507430 Gflops/s) - 1369 (1505231 Gflops/s) - 1366 (1501932 Gflops/s) - 1348 (1482141 Gflops/s) - 1357 (1492037 Gflops/s) - 1363 (1498634 Gflops/s) - 1369 (1505231 Gflops/s) - 1343 (1476644 Gflops/s) | Temperatures: 64°C - 65°C - 71°C - 71°C - 65°C - 65°C - 73°C - 71°C | Throttling: None - None - None - None - None - None - None - None
1372 (1508529 Gflops/s) - 1368 (1504131 Gflops/s) - 1366 (1501932 Gflops/s) - 1350 (1484340 Gflops/s) - 1355 (1489838 Gflops/s) - 1363 (1498634 Gflops/s) - 1370 (1506330 Gflops/s) - 1343 (1476644 Gflops/s) | Temperatures: 64°C - 65°C - 71°C - 71°C - 65°C - 65°C - 73°C - 71°C | Throttling: None - None - None - None - None - None - None - None
1371 (1507430 Gflops/s) - 1370 (1506330 Gflops/s) - 1366 (1501932 Gflops/s) - 1349 (1483241 Gflops/s) - 1356 (1490937 Gflops/s) - 1365 (1500833 Gflops/s) - 1370 (1506330 Gflops/s) - 1345 (1478843 Gflops/s) | Temperatures: 64°C - 65°C - 71°C - 71°C - 64°C - 65°C - 73°C - 71°C | Throttling: None - None - None - None - None - None - None - None
1372 (1508529 Gflops/s) - 1369 (1505231 Gflops/s) - 1365 (1500833 Gflops/s) - 1348 (1482141 Gflops/s) - 1354 (1488738 Gflops/s) - 1363 (1498634 Gflops/s) - 1370 (1506330 Gflops/s) - 1344 (1477743 Gflops/s) | Temperatures: 64°C - 65°C - 71°C - 71°C - 64°C - 65°C - 73°C - 71°C | Throttling: None - None - None - None - None - None - None - None
1370 (1506330 Gflops/s) - 1369 (1505231 Gflops/s) - 1365 (1500833 Gflops/s) - 1348 (1482141 Gflops/s) - 1357 (1492037 Gflops/s) - 1362 (1497534 Gflops/s) - 1368 (1504131 Gflops/s) - 1342 (1475544 Gflops/s) | Temperatures: 64°C - 65°C - 71°C - 71°C - 64°C - 65°C - 73°C - 71°C | Throttling: None - None - None - None - None - None - None - None
1372 (1508529 Gflops/s) - 1369 (1505231 Gflops/s) - 1365 (1500833 Gflops/s) - 1350 (1484340 Gflops/s) - 1355 (1489838 Gflops/s) - 1363 (1498634 Gflops/s) - 1369 (1505231 Gflops/s) - 1344 (1477743 Gflops/s) | Temperatures: 64°C - 65°C - 71°C - 72°C - 64°C - 65°C - 73°C - 71°C | Throttling: None - None - None - None - None - None - None - None
1372 (1508529 Gflops/s) - 1369 (1505231 Gflops/s) - 1366 (1501932 Gflops/s) - 1349 (1483241 Gflops/s) - 1357 (1492037 Gflops/s) - 1364 (1499733 Gflops/s) - 1368 (1504131 Gflops/s) - 1345 (1478843 Gflops/s) | Temperatures: 64°C - 65°C - 71°C - 72°C - 65°C - 65°C - 73°C - 71°C | Throttling: None - None - None - None - None - None - None - None
1371 (1507430 Gflops/s) - 1369 (1505231 Gflops/s) - 1365 (1500833 Gflops/s) - 1349 (1483241 Gflops/s) - 1356 (1490937 Gflops/s) - 1363 (1498634 Gflops/s) - 1370 (1506330 Gflops/s) - 1344 (1477743 Gflops/s) | Temperatures: 64°C - 65°C - 71°C - 72°C - 65°C - 65°C - 73°C - 71°C | Throttling: None - None - None - None - None - None - None - None
1371 (1507430 Gflops/s) - 1369 (1505231 Gflops/s) - 1366 (1501932 Gflops/s) - 1348 (1482141 Gflops/s) - 1354 (1488738 Gflops/s) - 1363 (1498634 Gflops/s) - 1370 (1506330 Gflops/s) - 1344 (1477743 Gflops/s) | Temperatures: 64°C - 65°C - 71°C - 72°C - 65°C - 65°C - 73°C - 71°C | Throttling: None - None - None - None - None - None - None - None
1369 (1505231 Gflops/s) - 1369 (1505231 Gflops/s) - 1363 (1498634 Gflops/s) - 1347 (1481042 Gflops/s) - 1354 (1488738 Gflops/s) - 1362 (1497534 Gflops/s) - 1368 (1504131 Gflops/s) - 1342 (1475544 Gflops/s) | Temperatures: 64°C - 65°C - 71°C - 72°C - 65°C - 65°C - 73°C - 71°C | Throttling: None - None - None - None - None - None - None - None
1370 (1506330 Gflops/s) - 1370 (1506330 Gflops/s) - 1364 (1499733 Gflops/s) - 1350 (1484340 Gflops/s) - 1355 (1489838 Gflops/s) - 1363 (1498634 Gflops/s) - 1369 (1505231 Gflops/s) - 1343 (1476644 Gflops/s) | Temperatures: 64°C - 65°C - 71°C - 72°C - 65°C - 66°C - 73°C - 71°C | Throttling: None - None - None - None - None - None - None - None
1370 (1506330 Gflops/s) - 1369 (1505231 Gflops/s) - 1365 (1500833 Gflops/s) - 1349 (1483241 Gflops/s) - 1356 (1490937 Gflops/s) - 1363 (1498634 Gflops/s) - 1370 (1506330 Gflops/s) - 1342 (1475544 Gflops/s) | Temperatures: 64°C - 65°C - 71°C - 72°C - 65°C - 66°C - 73°C - 71°C | Throttling: None - None - None - None - None - None - None - None
1371 (1507430 Gflops/s) - 1369 (1505231 Gflops/s) - 1365 (1500833 Gflops/s) - 1347 (1481042 Gflops/s) - 1355 (1489838 Gflops/s) - 1363 (1498634 Gflops/s) - 1370 (1506330 Gflops/s) - 1344 (1477743 Gflops/s) | Temperatures: 65°C - 65°C - 71°C - 72°C - 65°C - 66°C - 73°C - 71°C | Throttling: None - None - None - None - None - None - None - None
1369 (1505231 Gflops/s) - 1370 (1506330 Gflops/s) - 1364 (1499733 Gflops/s) - 1347 (1481042 Gflops/s) - 1349 (1483241 Gflops/s) - 1362 (1497534 Gflops/s) - 1368 (1504131 Gflops/s) - 1341 (1474445 Gflops/s) | Temperatures: 65°C - 65°C - 72°C - 72°C - 65°C - 66°C - 73°C - 71°C | Throttling: None - None - None - None - None - None - None - None
1368 (1504131 Gflops/s) - 1368 (1504131 Gflops/s) - 1363 (1498634 Gflops/s) - 1346 (1479942 Gflops/s) - 1345 (1478843 Gflops/s) - 1362 (1497534 Gflops/s) - 1367 (1503032 Gflops/s) - 1341 (1474445 Gflops/s) | Temperatures: 65°C - 65°C - 72°C - 72°C - 65°C - 66°C - 73°C - 71°C | Throttling: None - None - None - None - None - None - None - None
1371 (1507430 Gflops/s) - 1367 (1503032 Gflops/s) - 1364 (1499733 Gflops/s) - 1347 (1481042 Gflops/s) - 1347 (1481042 Gflops/s) - 1362 (1497534 Gflops/s) - 1368 (1504131 Gflops/s) - 1343 (1476644 Gflops/s) | Temperatures: 65°C - 65°C - 72°C - 72°C - 65°C - 66°C - 73°C - 71°C | Throttling: None - None - None - None - None - None - None - None
1371 (1507430 Gflops/s) - 1367 (1503032 Gflops/s) - 1365 (1500833 Gflops/s) - 1348 (1482141 Gflops/s) - 1345 (1478843 Gflops/s) - 1363 (1498634 Gflops/s) - 1370 (1506330 Gflops/s) - 1343 (1476644 Gflops/s) | Temperatures: 65°C - 65°C - 72°C - 72°C - 65°C - 66°C - 73°C - 71°C | Throttling: None - None - None - None - None - None - None - None
1368 (1504131 Gflops/s) - 1368 (1504131 Gflops/s) - 1363 (1498634 Gflops/s) - 1347 (1481042 Gflops/s) - 1346 (1479942 Gflops/s) - 1362 (1497534 Gflops/s) - 1367 (1503032 Gflops/s) - 1344 (1477743 Gflops/s) | Temperatures: 65°C - 65°C - 72°C - 72°C - 65°C - 66°C - 74°C - 71°C | Throttling: None - None - None - None - None - None - None - None
1367 (1503032 Gflops/s) - 1368 (1504131 Gflops/s) - 1363 (1498634 Gflops/s) - 1345 (1478843 Gflops/s) - 1347 (1481042 Gflops/s) - 1360 (1495335 Gflops/s) - 1367 (1503032 Gflops/s) - 1341 (1474445 Gflops/s) | Temperatures: 65°C - 65°C - 72°C - 72°C - 65°C - 66°C - 74°C - 71°C | Throttling: None - None - None - None - None - None - None - None
1370 (1506330 Gflops/s) - 1368 (1504131 Gflops/s) - 1363 (1498634 Gflops/s) - 1347 (1481042 Gflops/s) - 1348 (1482141 Gflops/s) - 1362 (1497534 Gflops/s) - 1367 (1503032 Gflops/s) - 1343 (1476644 Gflops/s) | Temperatures: 65°C - 65°C - 72°C - 72°C - 65°C - 66°C - 74°C - 71°C | Throttling: None - None - None - None - None - None - None - None
1368 (1504131 Gflops/s) - 1368 (1504131 Gflops/s) - 1364 (1499733 Gflops/s) - 1345 (1478843 Gflops/s) - 1348 (1482141 Gflops/s) - 1363 (1498634 Gflops/s) - 1368 (1504131 Gflops/s) - 1344 (1477743 Gflops/s) | Temperatures: 65°C - 66°C - 72°C - 72°C - 65°C - 66°C - 74°C - 71°C | Throttling: None - None - None - None - None - None - None - None
1369 (1505231 Gflops/s) - 1368 (1504131 Gflops/s) - 1364 (1499733 Gflops/s) - 1346 (1479942 Gflops/s) - 1347 (1481042 Gflops/s) - 1363 (1498634 Gflops/s) - 1368 (1504131 Gflops/s) - 1342 (1475544 Gflops/s) | Temperatures: 65°C - 66°C - 72°C - 72°C - 65°C - 66°C - 74°C - 71°C | Throttling: None - None - None - None - None - None - None - None
1369 (1505231 Gflops/s) - 1368 (1504131 Gflops/s) - 1363 (1498634 Gflops/s) - 1347 (1481042 Gflops/s) - 1348 (1482141 Gflops/s) - 1362 (1497534 Gflops/s) - 1366 (1501932 Gflops/s) - 1342 (1475544 Gflops/s) | Temperatures: 65°C - 66°C - 72°C - 72°C - 65°C - 66°C - 74°C - 71°C | Throttling: None - None - None - None - None - None - None - None
1366 (1501932 Gflops/s) - 1366 (1501932 Gflops/s) - 1362 (1497534 Gflops/s) - 1345 (1478843 Gflops/s) - 1344 (1477743 Gflops/s) - 1361 (1496435 Gflops/s) - 1365 (1500833 Gflops/s) - 1342 (1475544 Gflops/s) | Temperatures: 65°C - 66°C - 72°C - 72°C - 65°C - 66°C - 74°C - 72°C | Throttling: None - None - None - None - None - None - None - None
1368 (1504131 Gflops/s) - 1368 (1504131 Gflops/s) - 1364 (1499733 Gflops/s) - 1348 (1482141 Gflops/s) - 1347 (1481042 Gflops/s) - 1362 (1497534 Gflops/s) - 1367 (1503032 Gflops/s) - 1342 (1475544 Gflops/s) | Temperatures: 65°C - 66°C - 72°C - 72°C - 65°C - 66°C - 74°C - 72°C | Throttling: None - None - None - None - None - None - None - None
1367 (1503032 Gflops/s) - 1368 (1504131 Gflops/s) - 1362 (1497534 Gflops/s) - 1345 (1478843 Gflops/s) - 1345 (1478843 Gflops/s) - 1361 (1496435 Gflops/s) - 1367 (1503032 Gflops/s) - 1342 (1475544 Gflops/s) | Temperatures: 65°C - 66°C - 72°C - 73°C - 65°C - 66°C - 74°C - 72°C | Throttling: None - None - None - None - None - None - None - None
1368 (1504131 Gflops/s) - 1366 (1501932 Gflops/s) - 1363 (1498634 Gflops/s) - 1346 (1479942 Gflops/s) - 1347 (1481042 Gflops/s) - 1364 (1499733 Gflops/s) - 1367 (1503032 Gflops/s) - 1338 (1471146 Gflops/s) | Temperatures: 65°C - 66°C - 72°C - 72°C - 65°C - 66°C - 74°C - 71°C | Throttling: None - None - None - None - None - None - None - None
1367 (1503032 Gflops/s) - 1367 (1503032 Gflops/s) - 1362 (1497534 Gflops/s) - 1345 (1478843 Gflops/s) - 1344 (1477743 Gflops/s) - 1363 (1498634 Gflops/s) - 1367 (1503032 Gflops/s) - 1342 (1475544 Gflops/s) | Temperatures: 65°C - 66°C - 72°C - 73°C - 65°C - 66°C - 74°C - 72°C | Throttling: None - None - None - None - None - None - None - None
1367 (1503032 Gflops/s) - 1367 (1503032 Gflops/s) - 1362 (1497534 Gflops/s) - 1344 (1477743 Gflops/s) - 1344 (1477743 Gflops/s) - 1359 (1494236 Gflops/s) - 1363 (1498634 Gflops/s) - 1340 (1473345 Gflops/s) | Temperatures: 65°C - 66°C - 72°C - 72°C - 65°C - 66°C - 74°C - 72°C | Throttling: None - None - None - None - None - None - None - None
1367 (1503032 Gflops/s) - 1367 (1503032 Gflops/s) - 1363 (1498634 Gflops/s) - 1347 (1481042 Gflops/s) - 1345 (1478843 Gflops/s) - 1362 (1497534 Gflops/s) - 1366 (1501932 Gflops/s) - 1340 (1473345 Gflops/s) | Temperatures: 65°C - 66°C - 72°C - 72°C - 65°C - 66°C - 74°C - 72°C | Throttling: None - None - None - None - None - None - None - None
1368 (1504131 Gflops/s) - 1369 (1505231 Gflops/s) - 1363 (1498634 Gflops/s) - 1347 (1481042 Gflops/s) - 1346 (1479942 Gflops/s) - 1360 (1495335 Gflops/s) - 1368 (1504131 Gflops/s) - 1342 (1475544 Gflops/s) | Temperatures: 65°C - 66°C - 72°C - 73°C - 65°C - 66°C - 74°C - 72°C | Throttling: None - None - None - None - None - None - None - None
1369 (1505231 Gflops/s) - 1368 (1504131 Gflops/s) - 1362 (1497534 Gflops/s) - 1345 (1478843 Gflops/s) - 1345 (1478843 Gflops/s) - 1362 (1497534 Gflops/s) - 1366 (1501932 Gflops/s) - 1342 (1475544 Gflops/s) | Temperatures: 65°C - 66°C - 72°C - 73°C - 65°C - 66°C - 74°C - 72°C | Throttling: None - None - None - None - None - None - None - None
1365 (1500833 Gflops/s) - 1367 (1503032 Gflops/s) - 1363 (1498634 Gflops/s) - 1346 (1479942 Gflops/s) - 1344 (1477743 Gflops/s) - 1361 (1496435 Gflops/s) - 1366 (1501932 Gflops/s) - 1342 (1475544 Gflops/s) | Temperatures: 65°C - 66°C - 72°C - 73°C - 66°C - 66°C - 74°C - 72°C | Throttling: None - None - None - None - None - None - None - None
1367 (1503032 Gflops/s) - 1367 (1503032 Gflops/s) - 1362 (1497534 Gflops/s) - 1345 (1478843 Gflops/s) - 1345 (1478843 Gflops/s) - 1360 (1495335 Gflops/s) - 1364 (1499733 Gflops/s) - 1341 (1474445 Gflops/s) | Temperatures: 65°C - 66°C - 72°C - 73°C - 65°C - 67°C - 74°C - 72°C | Throttling: None - None - None - None - None - None - None - None
1366 (1501932 Gflops/s) - 1365 (1500833 Gflops/s) - 1362 (1497534 Gflops/s) - 1344 (1477743 Gflops/s) - 1346 (1479942 Gflops/s) - 1362 (1497534 Gflops/s) - 1366 (1501932 Gflops/s) - 1339 (1472246 Gflops/s) | Temperatures: 65°C - 66°C - 72°C - 73°C - 66°C - 67°C - 74°C - 72°C | Throttling: None - None - None - None - None - None - None - None
1366 (1501932 Gflops/s) - 1367 (1503032 Gflops/s) - 1362 (1497534 Gflops/s) - 1344 (1477743 Gflops/s) - 1345 (1478843 Gflops/s) - 1362 (1497534 Gflops/s) - 1364 (1499733 Gflops/s) - 1344 (1477743 Gflops/s) | Temperatures: 65°C - 66°C - 72°C - 73°C - 65°C - 67°C - 74°C - 72°C | Throttling: None - None - None - None - None - None - None - None
1366 (1501932 Gflops/s) - 1368 (1504131 Gflops/s) - 1363 (1498634 Gflops/s) - 1345 (1478843 Gflops/s) - 1344 (1477743 Gflops/s) - 1362 (1497534 Gflops/s) - 1364 (1499733 Gflops/s) - 1338 (1471146 Gflops/s) | Temperatures: 65°C - 66°C - 72°C - 73°C - 65°C - 67°C - 74°C - 72°C | Throttling: None - None - None - None - None - None - None - None
1364 (1499733 Gflops/s) - 1368 (1504131 Gflops/s) - 1361 (1496435 Gflops/s) - 1343 (1476644 Gflops/s) - 1344 (1477743 Gflops/s) - 1360 (1495335 Gflops/s) - 1365 (1500833 Gflops/s) - 1336 (1468947 Gflops/s) | Temperatures: 65°C - 66°C - 73°C - 73°C - 65°C - 66°C - 74°C - 72°C | Throttling: None - None - None - None - None - None - None - None
1365 (1500833 Gflops/s) - 1367 (1503032 Gflops/s) - 1362 (1497534 Gflops/s) - 1345 (1478843 Gflops/s) - 1346 (1479942 Gflops/s) - 1362 (1497534 Gflops/s) - 1370 (1506330 Gflops/s) - 1338 (1471146 Gflops/s) | Temperatures: 65°C - 66°C - 72°C - 73°C - 65°C - 67°C - 74°C - 72°C | Throttling: None - None - None - None - None - None - None - None
1366 (1501932 Gflops/s) - 1367 (1503032 Gflops/s) - 1363 (1498634 Gflops/s) - 1345 (1478843 Gflops/s) - 1344 (1477743 Gflops/s) - 1362 (1497534 Gflops/s) - 1369 (1505231 Gflops/s) - 1343 (1476644 Gflops/s) | Temperatures: 65°C - 66°C - 73°C - 73°C - 65°C - 67°C - 74°C - 72°C | Throttling: None - None - None - None - None - None - None - None
1365 (1500833 Gflops/s) - 1368 (1504131 Gflops/s) - 1361 (1496435 Gflops/s) - 1346 (1479942 Gflops/s) - 1346 (1479942 Gflops/s) - 1361 (1496435 Gflops/s) - 1370 (1506330 Gflops/s) - 1338 (1471146 Gflops/s) | Temperatures: 65°C - 66°C - 73°C - 73°C - 65°C - 67°C - 74°C - 72°C | Throttling: None - None - None - None - None - None - None - None
1365 (1500833 Gflops/s) - 1367 (1503032 Gflops/s) - 1362 (1497534 Gflops/s) - 1345 (1478843 Gflops/s) - 1345 (1478843 Gflops/s) - 1362 (1497534 Gflops/s) - 1369 (1505231 Gflops/s) - 1339 (1472246 Gflops/s) | Temperatures: 65°C - 66°C - 73°C - 73°C - 66°C - 67°C - 74°C - 72°C | Throttling: None - None - None - None - None - None - None - None
1364 (1499733 Gflops/s) - 1365 (1500833 Gflops/s) - 1360 (1495335 Gflops/s) - 1344 (1477743 Gflops/s) - 1346 (1479942 Gflops/s) - 1361 (1496435 Gflops/s) - 1368 (1504131 Gflops/s) - 1341 (1474445 Gflops/s) | Temperatures: 65°C - 66°C - 73°C - 73°C - 66°C - 67°C - 74°C - 72°C | Throttling: None - None - None - None - None - None - None - None
1366 (1501932 Gflops/s) - 1368 (1504131 Gflops/s) - 1362 (1497534 Gflops/s) - 1345 (1478843 Gflops/s) - 1345 (1478843 Gflops/s) - 1362 (1497534 Gflops/s) - 1369 (1505231 Gflops/s) - 1341 (1474445 Gflops/s) | Temperatures: 65°C - 66°C - 73°C - 73°C - 66°C - 67°C - 74°C - 72°C | Throttling: None - None - None - None - None - None - None - None
1365 (1500833 Gflops/s) - 1368 (1504131 Gflops/s) - 1362 (1497534 Gflops/s) - 1344 (1477743 Gflops/s) - 1348 (1482141 Gflops/s) - 1360 (1495335 Gflops/s) - 1370 (1506330 Gflops/s) - 1338 (1471146 Gflops/s) | Temperatures: 65°C - 66°C - 73°C - 73°C - 66°C - 67°C - 74°C - 72°C | Throttling: None - None - None - None - None - None - None - None
1365 (1500833 Gflops/s) - 1367 (1503032 Gflops/s) - 1362 (1497534 Gflops/s) - 1345 (1478843 Gflops/s) - 1346 (1479942 Gflops/s) - 1361 (1496435 Gflops/s) - 1369 (1505231 Gflops/s) - 1339 (1472246 Gflops/s) | Temperatures: 65°C - 66°C - 73°C - 73°C - 66°C - 67°C - 74°C - 72°C | Throttling: None - None - None - None - None - None - None - None
1366 (1501932 Gflops/s) - 1367 (1503032 Gflops/s) - 1362 (1497534 Gflops/s) - 1344 (1477743 Gflops/s) - 1345 (1478843 Gflops/s) - 1361 (1496435 Gflops/s) - 1370 (1506330 Gflops/s) - 1338 (1471146 Gflops/s) | Temperatures: 65°C - 66°C - 73°C - 73°C - 66°C - 67°C - 74°C - 72°C | Throttling: None - None - None - None - None - None - None - None
1363 (1498634 Gflops/s) - 1365 (1500833 Gflops/s) - 1361 (1496435 Gflops/s) - 1343 (1476644 Gflops/s) - 1344 (1477743 Gflops/s) - 1360 (1495335 Gflops/s) - 1369 (1505231 Gflops/s) - 1338 (1471146 Gflops/s) | Temperatures: 65°C - 66°C - 73°C - 73°C - 66°C - 67°C - 74°C - 72°C | Throttling: None - None - None - None - None - None - None - None
1365 (1500833 Gflops/s) - 1368 (1504131 Gflops/s) - 1362 (1497534 Gflops/s) - 1344 (1477743 Gflops/s) - 1346 (1479942 Gflops/s) - 1362 (1497534 Gflops/s) - 1369 (1505231 Gflops/s) - 1338 (1471146 Gflops/s) | Temperatures: 65°C - 66°C - 73°C - 73°C - 66°C - 67°C - 75°C - 72°C | Throttling: None - None - None - None - None - None - None - None
1366 (1501932 Gflops/s) - 1367 (1503032 Gflops/s) - 1362 (1497534 Gflops/s) - 1344 (1477743 Gflops/s) - 1346 (1479942 Gflops/s) - 1362 (1497534 Gflops/s) - 1370 (1506330 Gflops/s) - 1336 (1468947 Gflops/s) | Temperatures: 65°C - 66°C - 73°C - 73°C - 66°C - 67°C - 75°C - 72°C | Throttling: None - None - None - None - None - None - None - None
1364 (1499733 Gflops/s) - 1368 (1504131 Gflops/s) - 1362 (1497534 Gflops/s) - 1343 (1476644 Gflops/s) - 1344 (1477743 Gflops/s) - 1362 (1497534 Gflops/s) - 1369 (1505231 Gflops/s) - 1342 (1475544 Gflops/s) | Temperatures: 65°C - 66°C - 73°C - 73°C - 66°C - 67°C - 75°C - 72°C | Throttling: None - None - None - None - None - None - None - None
1366 (1501932 Gflops/s) - 1367 (1503032 Gflops/s) - 1362 (1497534 Gflops/s) - 1344 (1477743 Gflops/s) - 1345 (1478843 Gflops/s) - 1361 (1496435 Gflops/s) - 1370 (1506330 Gflops/s) - 1340 (1473345 Gflops/s) | Temperatures: 66°C - 66°C - 73°C - 73°C - 66°C - 67°C - 75°C - 72°C | Throttling: None - None - None - None - None - None - None - None
1364 (1499733 Gflops/s) - 1366 (1501932 Gflops/s) - 1361 (1496435 Gflops/s) - 1342 (1475544 Gflops/s) - 1343 (1476644 Gflops/s) - 1360 (1495335 Gflops/s) - 1368 (1504131 Gflops/s) - 1335 (1467848 Gflops/s) | Temperatures: 66°C - 66°C - 73°C - 73°C - 66°C - 67°C - 75°C - 72°C | Throttling: None - None - None - None - None - None - None - None
1364 (1499733 Gflops/s) - 1366 (1501932 Gflops/s) - 1361 (1496435 Gflops/s) - 1343 (1476644 Gflops/s) - 1344 (1477743 Gflops/s) - 1361 (1496435 Gflops/s) - 1370 (1506330 Gflops/s) - 1342 (1475544 Gflops/s) | Temperatures: 66°C - 66°C - 73°C - 73°C - 66°C - 67°C - 75°C - 72°C | Throttling: None - None - None - None - None - None - None - None
1366 (1501932 Gflops/s) - 1367 (1503032 Gflops/s) - 1362 (1497534 Gflops/s) - 1344 (1477743 Gflops/s) - 1345 (1478843 Gflops/s) - 1361 (1496435 Gflops/s) - 1369 (1505231 Gflops/s) - 1339 (1472246 Gflops/s) | Temperatures: 66°C - 66°C - 73°C - 73°C - 66°C - 67°C - 75°C - 72°C | Throttling: None - None - None - None - None - None - None - None
1364 (1499733 Gflops/s) - 1367 (1503032 Gflops/s) - 1361 (1496435 Gflops/s) - 1345 (1478843 Gflops/s) - 1346 (1479942 Gflops/s) - 1361 (1496435 Gflops/s) - 1371 (1507430 Gflops/s) - 1341 (1474445 Gflops/s) | Temperatures: 66°C - 66°C - 73°C - 73°C - 66°C - 67°C - 75°C - 72°C | Throttling: None - None - None - None - None - None - None - None
1363 (1498634 Gflops/s) - 1365 (1500833 Gflops/s) - 1360 (1495335 Gflops/s) - 1342 (1475544 Gflops/s) - 1346 (1479942 Gflops/s) - 1359 (1494236 Gflops/s) - 1368 (1504131 Gflops/s) - 1334 (1466748 Gflops/s) | Temperatures: 66°C - 66°C - 73°C - 73°C - 66°C - 67°C - 75°C - 72°C | Throttling: None - None - None - None - None - None - None - None
1365 (1500833 Gflops/s) - 1367 (1503032 Gflops/s) - 1363 (1498634 Gflops/s) - 1343 (1476644 Gflops/s) - 1345 (1478843 Gflops/s) - 1361 (1496435 Gflops/s) - 1369 (1505231 Gflops/s) - 1341 (1474445 Gflops/s) | Temperatures: 66°C - 66°C - 73°C - 73°C - 66°C - 67°C - 75°C - 72°C | Throttling: None - None - None - None - None - None - None - None
1365 (1500833 Gflops/s) - 1368 (1504131 Gflops/s) - 1362 (1497534 Gflops/s) - 1343 (1476644 Gflops/s) - 1346 (1479942 Gflops/s) - 1361 (1496435 Gflops/s) - 1369 (1505231 Gflops/s) - 1337 (1470047 Gflops/s) | Temperatures: 66°C - 66°C - 73°C - 73°C - 66°C - 67°C - 75°C - 72°C | Throttling: None - None - None - None - None - None - None - None
1366 (1501932 Gflops/s) - 1367 (1503032 Gflops/s) - 1361 (1496435 Gflops/s) - 1343 (1476644 Gflops/s) - 1346 (1479942 Gflops/s) - 1361 (1496435 Gflops/s) - 1369 (1505231 Gflops/s) - 1339 (1472246 Gflops/s) | Temperatures: 66°C - 66°C - 73°C - 73°C - 66°C - 67°C - 75°C - 72°C | Throttling: None - None - None - None - None - None - None - None
1364 (1499733 Gflops/s) - 1366 (1501932 Gflops/s) - 1361 (1496435 Gflops/s) - 1342 (1475544 Gflops/s) - 1345 (1478843 Gflops/s) - 1360 (1495335 Gflops/s) - 1369 (1505231 Gflops/s) - 1336 (1468947 Gflops/s) | Temperatures: 66°C - 66°C - 73°C - 73°C - 66°C - 67°C - 75°C - 72°C | Throttling: None - None - None - None - None - None - None - None
1364 (1499733 Gflops/s) - 1366 (1501932 Gflops/s) - 1360 (1495335 Gflops/s) - 1343 (1476644 Gflops/s) - 1344 (1477743 Gflops/s) - 1358 (1493136 Gflops/s) - 1367 (1503032 Gflops/s) - 1338 (1471146 Gflops/s) | Temperatures: 66°C - 66°C - 73°C - 73°C - 66°C - 67°C - 75°C - 72°C | Throttling: None - None - None - None - None - None - None - None
1365 (1500833 Gflops/s) - 1366 (1501932 Gflops/s) - 1362 (1497534 Gflops/s) - 1343 (1476644 Gflops/s) - 1344 (1477743 Gflops/s) - 1360 (1495335 Gflops/s) - 1370 (1506330 Gflops/s) - 1339 (1472246 Gflops/s) | Temperatures: 66°C - 66°C - 73°C - 73°C - 66°C - 67°C - 75°C - 72°C | Throttling: None - None - None - None - None - None - None - None
1366 (1501932 Gflops/s) - 1366 (1501932 Gflops/s) - 1362 (1497534 Gflops/s) - 1344 (1477743 Gflops/s) - 1346 (1479942 Gflops/s) - 1361 (1496435 Gflops/s) - 1369 (1505231 Gflops/s) - 1336 (1468947 Gflops/s) | Temperatures: 66°C - 66°C - 73°C - 73°C - 66°C - 67°C - 75°C - 72°C | Throttling: None - None - None - None - None - None - None - None
1365 (1500833 Gflops/s) - 1366 (1501932 Gflops/s) - 1362 (1497534 Gflops/s) - 1344 (1477743 Gflops/s) - 1344 (1477743 Gflops/s) - 1360 (1495335 Gflops/s) - 1370 (1506330 Gflops/s) - 1336 (1468947 Gflops/s) | Temperatures: 66°C - 66°C - 73°C - 73°C - 66°C - 67°C - 75°C - 72°C | Throttling: None - None - None - None - None - None - None - None
1364 (1499733 Gflops/s) - 1366 (1501932 Gflops/s) - 1359 (1494236 Gflops/s) - 1343 (1476644 Gflops/s) - 1344 (1477743 Gflops/s) - 1358 (1493136 Gflops/s) - 1368 (1504131 Gflops/s) - 1339 (1472246 Gflops/s) | Temperatures: 66°C - 67°C - 73°C - 73°C - 66°C - 67°C - 75°C - 72°C | Throttling: None - None - None - None - None - None - None - None
1365 (1500833 Gflops/s) - 1367 (1503032 Gflops/s) - 1362 (1497534 Gflops/s) - 1342 (1475544 Gflops/s) - 1344 (1477743 Gflops/s) - 1360 (1495335 Gflops/s) - 1370 (1506330 Gflops/s) - 1339 (1472246 Gflops/s) | Temperatures: 66°C - 66°C - 73°C - 73°C - 66°C - 67°C - 75°C - 72°C | Throttling: None - None - None - None - None - None - None - None
1365 (1500833 Gflops/s) - 1369 (1505231 Gflops/s) - 1361 (1496435 Gflops/s) - 1344 (1477743 Gflops/s) - 1347 (1481042 Gflops/s) - 1361 (1496435 Gflops/s) - 1370 (1506330 Gflops/s) - 1337 (1470047 Gflops/s) | Temperatures: 66°C - 66°C - 73°C - 73°C - 66°C - 67°C - 75°C - 72°C | Throttling: None - None - None - None - None - None - None - None
1365 (1500833 Gflops/s) - 1366 (1501932 Gflops/s) - 1361 (1496435 Gflops/s) - 1343 (1476644 Gflops/s) - 1346 (1479942 Gflops/s) - 1360 (1495335 Gflops/s) - 1369 (1505231 Gflops/s) - 1337 (1470047 Gflops/s) | Temperatures: 66°C - 66°C - 73°C - 73°C - 66°C - 67°C - 75°C - 72°C | Throttling: None - None - None - None - None - None - None - None
1365 (1500833 Gflops/s) - 1366 (1501932 Gflops/s) - 1362 (1497534 Gflops/s) - 1344 (1477743 Gflops/s) - 1346 (1479942 Gflops/s) - 1361 (1496435 Gflops/s) - 1370 (1506330 Gflops/s) - 1339 (1472246 Gflops/s) | Temperatures: 66°C - 67°C - 73°C - 73°C - 66°C - 67°C - 75°C - 72°C | Throttling: None - None - None - None - None - None - None - None
1363 (1498634 Gflops/s) - 1367 (1503032 Gflops/s) - 1360 (1495335 Gflops/s) - 1342 (1475544 Gflops/s) - 1345 (1478843 Gflops/s) - 1359 (1494236 Gflops/s) - 1367 (1503032 Gflops/s) - 1335 (1467848 Gflops/s) | Temperatures: 66°C - 67°C - 73°C - 73°C - 66°C - 67°C - 75°C - 72°C | Throttling: None - None - None - None - None - None - None - None
1365 (1500833 Gflops/s) - 1366 (1501932 Gflops/s) - 1361 (1496435 Gflops/s) - 1341 (1474445 Gflops/s) - 1347 (1481042 Gflops/s) - 1361 (1496435 Gflops/s) - 1370 (1506330 Gflops/s) - 1337 (1470047 Gflops/s) | Temperatures: 66°C - 67°C - 73°C - 73°C - 66°C - 67°C - 75°C - 72°C | Throttling: None - None - None - None - None - None - None - None
1365 (1500833 Gflops/s) - 1367 (1503032 Gflops/s) - 1362 (1497534 Gflops/s) - 1343 (1476644 Gflops/s) - 1344 (1477743 Gflops/s) - 1361 (1496435 Gflops/s) - 1369 (1505231 Gflops/s) - 1337 (1470047 Gflops/s) | Temperatures: 66°C - 67°C - 73°C - 73°C - 66°C - 67°C - 75°C - 72°C | Throttling: None - None - None - None - None - None - None - None
1364 (1499733 Gflops/s) - 1367 (1503032 Gflops/s) - 1360 (1495335 Gflops/s) - 1342 (1475544 Gflops/s) - 1345 (1478843 Gflops/s) - 1360 (1495335 Gflops/s) - 1369 (1505231 Gflops/s) - 1335 (1467848 Gflops/s) | Temperatures: 66°C - 66°C - 73°C - 73°C - 66°C - 67°C - 75°C - 72°C | Throttling: None - None - None - None - None - None - None - None
1365 (1500833 Gflops/s) - 1367 (1503032 Gflops/s) - 1362 (1497534 Gflops/s) - 1342 (1475544 Gflops/s) - 1344 (1477743 Gflops/s) - 1360 (1495335 Gflops/s) - 1369 (1505231 Gflops/s) - 1335 (1467848 Gflops/s) | Temperatures: 66°C - 66°C - 73°C - 73°C - 66°C - 67°C - 75°C - 72°C | Throttling: None - None - None - None - None - None - None - None
1363 (1498634 Gflops/s) - 1365 (1500833 Gflops/s) - 1359 (1494236 Gflops/s) - 1341 (1474445 Gflops/s) - 1344 (1477743 Gflops/s) - 1358 (1493136 Gflops/s) - 1368 (1504131 Gflops/s) - 1334 (1466748 Gflops/s) | Temperatures: 66°C - 66°C - 73°C - 73°C - 66°C - 67°C - 75°C - 72°C | Throttling: None - None - None - None - None - None - None - None
1365 (1500833 Gflops/s) - 1368 (1504131 Gflops/s) - 1361 (1496435 Gflops/s) - 1342 (1475544 Gflops/s) - 1344 (1477743 Gflops/s) - 1359 (1494236 Gflops/s) - 1370 (1506330 Gflops/s) - 1337 (1470047 Gflops/s) | Temperatures: 66°C - 66°C - 73°C - 73°C - 66°C - 67°C - 75°C - 72°C | Throttling: None - None - None - None - None - None - None - None
1366 (1501932 Gflops/s) - 1367 (1503032 Gflops/s) - 1361 (1496435 Gflops/s) - 1342 (1475544 Gflops/s) - 1347 (1481042 Gflops/s) - 1359 (1494236 Gflops/s) - 1369 (1505231 Gflops/s) - 1340 (1473345 Gflops/s) | Temperatures: 66°C - 67°C - 73°C - 73°C - 66°C - 67°C - 75°C - 73°C | Throttling: None - None - None - None - None - None - None - None
1365 (1500833 Gflops/s) - 1367 (1503032 Gflops/s) - 1361 (1496435 Gflops/s) - 1342 (1475544 Gflops/s) - 1345 (1478843 Gflops/s) - 1359 (1494236 Gflops/s) - 1369 (1505231 Gflops/s) - 1335 (1467848 Gflops/s) | Temperatures: 66°C - 67°C - 73°C - 73°C - 66°C - 67°C - 75°C - 72°C | Throttling: None - None - None - None - None - None - None - None
1365 (1500833 Gflops/s) - 1365 (1500833 Gflops/s) - 1361 (1496435 Gflops/s) - 1342 (1475544 Gflops/s) - 1345 (1478843 Gflops/s) - 1360 (1495335 Gflops/s) - 1369 (1505231 Gflops/s) - 1338 (1471146 Gflops/s) | Temperatures: 66°C - 66°C - 73°C - 74°C - 66°C - 67°C - 75°C - 72°C | Throttling: None - None - None - None - None - None - None - None
1363 (1498634 Gflops/s) - 1364 (1499733 Gflops/s) - 1360 (1495335 Gflops/s) - 1342 (1475544 Gflops/s) - 1343 (1476644 Gflops/s) - 1359 (1494236 Gflops/s) - 1368 (1504131 Gflops/s) - 1337 (1470047 Gflops/s) | Temperatures: 66°C - 67°C - 73°C - 73°C - 66°C - 67°C - 75°C - 72°C | Throttling: None - None - None - None - None - None - None - None
1366 (1501932 Gflops/s) - 1367 (1503032 Gflops/s) - 1360 (1495335 Gflops/s) - 1341 (1474445 Gflops/s) - 1345 (1478843 Gflops/s) - 1359 (1494236 Gflops/s) - 1369 (1505231 Gflops/s) - 1335 (1467848 Gflops/s) | Temperatures: 66°C - 67°C - 73°C - 73°C - 66°C - 67°C - 75°C - 73°C | Throttling: None - None - None - None - None - None - None - None
1364 (1499733 Gflops/s) - 1368 (1504131 Gflops/s) - 1361 (1496435 Gflops/s) - 1342 (1475544 Gflops/s) - 1346 (1479942 Gflops/s) - 1360 (1495335 Gflops/s) - 1370 (1506330 Gflops/s) - 1336 (1468947 Gflops/s) | Temperatures: 66°C - 67°C - 73°C - 74°C - 66°C - 67°C - 75°C - 73°C | Throttling: None - None - None - None - None - None - None - None
1365 (1500833 Gflops/s) - 1366 (1501932 Gflops/s) - 1360 (1495335 Gflops/s) - 1340 (1473345 Gflops/s) - 1344 (1477743 Gflops/s) - 1360 (1495335 Gflops/s) - 1370 (1506330 Gflops/s) - 1336 (1468947 Gflops/s) | Temperatures: 66°C - 67°C - 73°C - 73°C - 66°C - 67°C - 75°C - 72°C | Throttling: None - None - None - None - None - None - None - None
1366 (1501932 Gflops/s) - 1366 (1501932 Gflops/s) - 1361 (1496435 Gflops/s) - 1343 (1476644 Gflops/s) - 1344 (1477743 Gflops/s) - 1359 (1494236 Gflops/s) - 1369 (1505231 Gflops/s) - 1338 (1471146 Gflops/s) | Temperatures: 66°C - 67°C - 73°C - 73°C - 66°C - 67°C - 75°C - 73°C | Throttling: None - None - None - None - None - None - None - None
1363 (1498634 Gflops/s) - 1365 (1500833 Gflops/s) - 1360 (1495335 Gflops/s) - 1340 (1473345 Gflops/s) - 1342 (1475544 Gflops/s) - 1358 (1493136 Gflops/s) - 1368 (1504131 Gflops/s) - 1334 (1466748 Gflops/s) | Temperatures: 66°C - 67°C - 73°C - 73°C - 66°C - 67°C - 75°C - 72°C | Throttling: None - None - None - None - None - None - None - None
1366 (1501932 Gflops/s) - 1368 (1504131 Gflops/s) - 1361 (1496435 Gflops/s) - 1342 (1475544 Gflops/s) - 1346 (1479942 Gflops/s) - 1359 (1494236 Gflops/s) - 1370 (1506330 Gflops/s) - 1337 (1470047 Gflops/s) | Temperatures: 66°C - 67°C - 73°C - 73°C - 66°C - 67°C - 75°C - 73°C | Throttling: None - None - None - None - None - None - None - None
1365 (1500833 Gflops/s) - 1365 (1500833 Gflops/s) - 1361 (1496435 Gflops/s) - 1342 (1475544 Gflops/s) - 1344 (1477743 Gflops/s) - 1360 (1495335 Gflops/s) - 1368 (1504131 Gflops/s) - 1339 (1472246 Gflops/s) | Temperatures: 66°C - 66°C - 73°C - 73°C - 66°C - 67°C - 75°C - 73°C | Throttling: None - None - None - None - None - None - None - None
1365 (1500833 Gflops/s) - 1367 (1503032 Gflops/s) - 1361 (1496435 Gflops/s) - 1343 (1476644 Gflops/s) - 1346 (1479942 Gflops/s) - 1360 (1495335 Gflops/s) - 1370 (1506330 Gflops/s) - 1340 (1473345 Gflops/s) | Temperatures: 66°C - 66°C - 73°C - 73°C - 66°C - 67°C - 75°C - 72°C | Throttling: None - None - None - None - None - None - None - None
1364 (1499733 Gflops/s) - 1365 (1500833 Gflops/s) - 1360 (1495335 Gflops/s) - 1340 (1473345 Gflops/s) - 1343 (1476644 Gflops/s) - 1356 (1490937 Gflops/s) - 1368 (1504131 Gflops/s) - 1334 (1466748 Gflops/s) | Temperatures: 66°C - 66°C - 73°C - 73°C - 66°C - 67°C - 75°C - 72°C | Throttling: None - None - None - None - None - None - None - None
1365 (1500833 Gflops/s) - 1365 (1500833 Gflops/s) - 1361 (1496435 Gflops/s) - 1341 (1474445 Gflops/s) - 1346 (1479942 Gflops/s) - 1360 (1495335 Gflops/s) - 1369 (1505231 Gflops/s) - 1337 (1470047 Gflops/s) | Temperatures: 66°C - 66°C - 73°C - 73°C - 66°C - 67°C - 75°C - 72°C | Throttling: None - None - None - None - None - None - None - None
1366 (1501932 Gflops/s) - 1366 (1501932 Gflops/s) - 1360 (1495335 Gflops/s) - 1341 (1474445 Gflops/s) - 1344 (1477743 Gflops/s) - 1360 (1495335 Gflops/s) - 1370 (1506330 Gflops/s) - 1336 (1468947 Gflops/s) | Temperatures: 66°C - 66°C - 73°C - 73°C - 66°C - 67°C - 75°C - 72°C | Throttling: None - None - None - None - None - None - None - None
1365 (1500833 Gflops/s) - 1367 (1503032 Gflops/s) - 1361 (1496435 Gflops/s) - 1342 (1475544 Gflops/s) - 1345 (1478843 Gflops/s) - 1360 (1495335 Gflops/s) - 1369 (1505231 Gflops/s) - 1337 (1470047 Gflops/s) | Temperatures: 66°C - 66°C - 73°C - 73°C - 66°C - 67°C - 75°C - 72°C | Throttling: None - None - None - None - None - None - None - None
1366 (1501932 Gflops/s) - 1367 (1503032 Gflops/s) - 1361 (1496435 Gflops/s) - 1343 (1476644 Gflops/s) - 1345 (1478843 Gflops/s) - 1359 (1494236 Gflops/s) - 1370 (1506330 Gflops/s) - 1336 (1468947 Gflops/s) | Temperatures: 65°C - 66°C - 73°C - 73°C - 66°C - 67°C - 75°C - 72°C | Throttling: None - None - None - None - None - None - None - None
1365 (1500833 Gflops/s) - 1365 (1500833 Gflops/s) - 1360 (1495335 Gflops/s) - 1341 (1474445 Gflops/s) - 1345 (1478843 Gflops/s) - 1360 (1495335 Gflops/s) - 1368 (1504131 Gflops/s) - 1336 (1468947 Gflops/s) | Temperatures: 66°C - 66°C - 73°C - 73°C - 66°C - 67°C - 75°C - 72°C | Throttling: None - None - None - None - None - None - None - None
1366 (1501932 Gflops/s) - 1367 (1503032 Gflops/s) - 1362 (1497534 Gflops/s) - 1342 (1475544 Gflops/s) - 1342 (1475544 Gflops/s) - 1360 (1495335 Gflops/s) - 1369 (1505231 Gflops/s) - 1336 (1468947 Gflops/s) | Temperatures: 66°C - 66°C - 73°C - 73°C - 66°C - 67°C - 75°C - 72°C | Throttling: None - None - None - None - None - None - None - None
1365 (1500833 Gflops/s) - 1368 (1504131 Gflops/s) - 1361 (1496435 Gflops/s) - 1341 (1474445 Gflops/s) - 1345 (1478843 Gflops/s) - 1360 (1495335 Gflops/s) - 1369 (1505231 Gflops/s) - 1338 (1471146 Gflops/s) | Temperatures: 66°C - 66°C - 73°C - 73°C - 66°C - 67°C - 75°C - 72°C | Throttling: None - None - None - None - None - None - None - None
1366 (1501932 Gflops/s) - 1367 (1503032 Gflops/s) - 1362 (1497534 Gflops/s) - 1342 (1475544 Gflops/s) - 1347 (1481042 Gflops/s) - 1361 (1496435 Gflops/s) - 1370 (1506330 Gflops/s) - 1336 (1468947 Gflops/s) | Temperatures: 65°C - 66°C - 73°C - 73°C - 66°C - 67°C - 75°C - 72°C | Throttling: None - None - None - None - None - None - None - None
1366 (1501932 Gflops/s) - 1367 (1503032 Gflops/s) - 1361 (1496435 Gflops/s) - 1343 (1476644 Gflops/s) - 1344 (1477743 Gflops/s) - 1361 (1496435 Gflops/s) - 1370 (1506330 Gflops/s) - 1336 (1468947 Gflops/s) | Temperatures: 66°C - 66°C - 73°C - 73°C - 66°C - 67°C - 75°C - 72°C | Throttling: None - None - None - None - None - None - None - None
1364 (1499733 Gflops/s) - 1366 (1501932 Gflops/s) - 1360 (1495335 Gflops/s) - 1341 (1474445 Gflops/s) - 1343 (1476644 Gflops/s) - 1360 (1495335 Gflops/s) - 1368 (1504131 Gflops/s) - 1334 (1466748 Gflops/s) | Temperatures: 66°C - 66°C - 73°C - 73°C - 66°C - 67°C - 75°C - 72°C | Throttling: None - None - None - None - None - None - None - None
1366 (1501932 Gflops/s) - 1366 (1501932 Gflops/s) - 1361 (1496435 Gflops/s) - 1342 (1475544 Gflops/s) - 1344 (1477743 Gflops/s) - 1360 (1495335 Gflops/s) - 1369 (1505231 Gflops/s) - 1338 (1471146 Gflops/s) | Temperatures: 66°C - 66°C - 73°C - 73°C - 66°C - 67°C - 75°C - 72°C | Throttling: None - None - None - None - None - None - None - None
1366 (1501932 Gflops/s) - 1367 (1503032 Gflops/s) - 1361 (1496435 Gflops/s) - 1342 (1475544 Gflops/s) - 1345 (1478843 Gflops/s) - 1360 (1495335 Gflops/s) - 1370 (1506330 Gflops/s) - 1339 (1472246 Gflops/s) | Temperatures: 66°C - 66°C - 73°C - 73°C - 66°C - 67°C - 75°C - 72°C | Throttling: None - None - None - None - None - None - None - None
1366 (1501932 Gflops/s) - 1368 (1504131 Gflops/s) - 1362 (1497534 Gflops/s) - 1343 (1476644 Gflops/s) - 1346 (1479942 Gflops/s) - 1360 (1495335 Gflops/s) - 1369 (1505231 Gflops/s) - 1338 (1471146 Gflops/s) | Temperatures: 66°C - 66°C - 73°C - 73°C - 66°C - 67°C - 75°C - 72°C | Throttling: None - None - None - None - None - None - None - None
1365 (1500833 Gflops/s) - 1366 (1501932 Gflops/s) - 1360 (1495335 Gflops/s) - 1341 (1474445 Gflops/s) - 1345 (1478843 Gflops/s) - 1360 (1495335 Gflops/s) - 1369 (1505231 Gflops/s) - 1337 (1470047 Gflops/s) | Temperatures: 66°C - 66°C - 73°C - 73°C - 66°C - 67°C - 75°C - 72°C | Throttling: None - None - None - None - None - None - None - None
1365 (1500833 Gflops/s) - 1366 (1501932 Gflops/s) - 1360 (1495335 Gflops/s) - 1342 (1475544 Gflops/s) - 1343 (1476644 Gflops/s) - 1359 (1494236 Gflops/s) - 1368 (1504131 Gflops/s) - 1335 (1467848 Gflops/s) | Temperatures: 66°C - 66°C - 73°C - 73°C - 66°C - 67°C - 75°C - 72°C | Throttling: None - None - None - None - None - None - None - None
1366 (1501932 Gflops/s) - 1366 (1501932 Gflops/s) - 1361 (1496435 Gflops/s) - 1343 (1476644 Gflops/s) - 1344 (1477743 Gflops/s) - 1360 (1495335 Gflops/s) - 1369 (1505231 Gflops/s) - 1338 (1471146 Gflops/s) | Temperatures: 66°C - 66°C - 73°C - 73°C - 66°C - 67°C - 75°C - 72°C | Throttling: None - None - None - None - None - None - None - None
1365 (1500833 Gflops/s) - 1367 (1503032 Gflops/s) - 1361 (1496435 Gflops/s) - 1342 (1475544 Gflops/s) - 1344 (1477743 Gflops/s) - 1360 (1495335 Gflops/s) - 1369 (1505231 Gflops/s) - 1336 (1468947 Gflops/s) | Temperatures: 66°C - 66°C - 73°C - 73°C - 66°C - 67°C - 75°C - 72°C | Throttling: None - None - None - None - None - None - None - None
1366 (1501932 Gflops/s) - 1366 (1501932 Gflops/s) - 1362 (1497534 Gflops/s) - 1343 (1476644 Gflops/s) - 1345 (1478843 Gflops/s) - 1361 (1496435 Gflops/s) - 1370 (1506330 Gflops/s) - 1336 (1468947 Gflops/s) | Temperatures: 66°C - 66°C - 73°C - 73°C - 66°C - 67°C - 75°C - 72°C | Throttling: None - None - None - None - None - None - None - None
1364 (1499733 Gflops/s) - 1365 (1500833 Gflops/s) - 1361 (1496435 Gflops/s) - 1341 (1474445 Gflops/s) - 1344 (1477743 Gflops/s) - 1358 (1493136 Gflops/s) - 1368 (1504131 Gflops/s) - 1335 (1467848 Gflops/s) | Temperatures: 66°C - 66°C - 73°C - 73°C - 66°C - 67°C - 75°C - 72°C | Throttling: None - None - None - None - None - None - None - None
1365 (1500833 Gflops/s) - 1367 (1503032 Gflops/s) - 1360 (1495335 Gflops/s) - 1342 (1475544 Gflops/s) - 1344 (1477743 Gflops/s) - 1360 (1495335 Gflops/s) - 1369 (1505231 Gflops/s) - 1337 (1470047 Gflops/s) | Temperatures: 66°C - 66°C - 73°C - 73°C - 66°C - 67°C - 75°C - 72°C | Throttling: None - None - None - None - None - None - None - None
1366 (1501932 Gflops/s) - 1367 (1503032 Gflops/s) - 1362 (1497534 Gflops/s) - 1343 (1476644 Gflops/s) - 1346 (1479942 Gflops/s) - 1361 (1496435 Gflops/s) - 1370 (1506330 Gflops/s) - 1337 (1470047 Gflops/s) | Temperatures: 66°C - 66°C - 73°C - 73°C - 66°C - 67°C - 75°C - 72°C | Throttling: None - None - None - None - None - None - None - None
1366 (1501932 Gflops/s) - 1367 (1503032 Gflops/s) - 1361 (1496435 Gflops/s) - 1343 (1476644 Gflops/s) - 1346 (1479942 Gflops/s) - 1360 (1495335 Gflops/s) - 1369 (1505231 Gflops/s) - 1337 (1470047 Gflops/s) | Temperatures: 66°C - 66°C - 73°C - 73°C - 66°C - 67°C - 75°C - 72°C | Throttling: None - None - None - None - None - None - None - None
1366 (1501932 Gflops/s) - 1367 (1503032 Gflops/s) - 1362 (1497534 Gflops/s) - 1343 (1476644 Gflops/s) - 1344 (1477743 Gflops/s) - 1361 (1496435 Gflops/s) - 1369 (1505231 Gflops/s) - 1338 (1471146 Gflops/s) | Temperatures: 65°C - 66°C - 73°C - 73°C - 66°C - 67°C - 75°C - 72°C | Throttling: None - None - None - None - None - None - None - None
1364 (1499733 Gflops/s) - 1366 (1501932 Gflops/s) - 1359 (1494236 Gflops/s) - 1341 (1474445 Gflops/s) - 1342 (1475544 Gflops/s) - 1358 (1493136 Gflops/s) - 1368 (1504131 Gflops/s) - 1339 (1472246 Gflops/s) | Temperatures: 66°C - 66°C - 73°C - 73°C - 66°C - 67°C - 75°C - 72°C | Throttling: None - None - None - None - None - None - None - None
1367 (1503032 Gflops/s) - 1367 (1503032 Gflops/s) - 1362 (1497534 Gflops/s) - 1343 (1476644 Gflops/s) - 1344 (1477743 Gflops/s) - 1362 (1497534 Gflops/s) - 1369 (1505231 Gflops/s) - 1337 (1470047 Gflops/s) | Temperatures: 66°C - 66°C - 73°C - 73°C - 66°C - 67°C - 75°C - 72°C | Throttling: None - None - None - None - None - None - None - None
1365 (1500833 Gflops/s) - 1366 (1501932 Gflops/s) - 1361 (1496435 Gflops/s) - 1345 (1478843 Gflops/s) - 1346 (1479942 Gflops/s) - 1360 (1495335 Gflops/s) - 1370 (1506330 Gflops/s) - 1335 (1467848 Gflops/s) | Temperatures: 66°C - 66°C - 73°C - 73°C - 66°C - 67°C - 75°C - 72°C | Throttling: None - None - None - None - None - None - None - None
1366 (1501932 Gflops/s) - 1367 (1503032 Gflops/s) - 1362 (1497534 Gflops/s) - 1342 (1475544 Gflops/s) - 1345 (1478843 Gflops/s) - 1360 (1495335 Gflops/s) - 1370 (1506330 Gflops/s) - 1339 (1472246 Gflops/s) | Temperatures: 65°C - 66°C - 73°C - 73°C - 66°C - 67°C - 75°C - 72°C | Throttling: None - None - None - None - None - None - None - None
1366 (1501932 Gflops/s) - 1367 (1503032 Gflops/s) - 1361 (1496435 Gflops/s) - 1342 (1475544 Gflops/s) - 1345 (1478843 Gflops/s) - 1360 (1495335 Gflops/s) - 1367 (1503032 Gflops/s) - 1337 (1470047 Gflops/s) | Temperatures: 65°C - 66°C - 73°C - 73°C - 66°C - 67°C - 75°C - 72°C | Throttling: None - None - None - None - None - None - None - None
1366 (1501932 Gflops/s) - 1366 (1501932 Gflops/s) - 1360 (1495335 Gflops/s) - 1341 (1474445 Gflops/s) - 1343 (1476644 Gflops/s) - 1361 (1496435 Gflops/s) - 1368 (1504131 Gflops/s) - 1336 (1468947 Gflops/s) | Temperatures: 65°C - 66°C - 73°C - 73°C - 66°C - 67°C - 75°C - 72°C | Throttling: None - None - None - None - None - None - None - None
1366 (1501932 Gflops/s) - 1366 (1501932 Gflops/s) - 1361 (1496435 Gflops/s) - 1342 (1475544 Gflops/s) - 1345 (1478843 Gflops/s) - 1360 (1495335 Gflops/s) - 1369 (1505231 Gflops/s) - 1334 (1466748 Gflops/s) | Temperatures: 65°C - 66°C - 73°C - 73°C - 66°C - 67°C - 75°C - 72°C | Throttling: None - None - None - None - None - None - None - None
1366 (1501932 Gflops/s) - 1367 (1503032 Gflops/s) - 1361 (1496435 Gflops/s) - 1342 (1475544 Gflops/s) - 1344 (1477743 Gflops/s) - 1361 (1496435 Gflops/s) - 1369 (1505231 Gflops/s) - 1340 (1473345 Gflops/s) | Temperatures: 65°C - 66°C - 73°C - 73°C - 66°C - 67°C - 75°C - 72°C | Throttling: None - None - None - None - None - None - None - None
1367 (1503032 Gflops/s) - 1368 (1504131 Gflops/s) - 1361 (1496435 Gflops/s) - 1342 (1475544 Gflops/s) - 1343 (1476644 Gflops/s) - 1360 (1495335 Gflops/s) - 1370 (1506330 Gflops/s) - 1337 (1470047 Gflops/s) | Temperatures: 65°C - 66°C - 73°C - 73°C - 66°C - 67°C - 75°C - 72°C | Throttling: None - None - None - None - None - None - None - None
1365 (1500833 Gflops/s) - 1364 (1499733 Gflops/s) - 1360 (1495335 Gflops/s) - 1341 (1474445 Gflops/s) - 1345 (1478843 Gflops/s) - 1359 (1494236 Gflops/s) - 1368 (1504131 Gflops/s) - 1335 (1467848 Gflops/s) | Temperatures: 65°C - 66°C - 73°C - 73°C - 66°C - 67°C - 75°C - 72°C | Throttling: None - None - None - None - None - None - None - None
1366 (1501932 Gflops/s) - 1368 (1504131 Gflops/s) - 1361 (1496435 Gflops/s) - 1342 (1475544 Gflops/s) - 1344 (1477743 Gflops/s) - 1361 (1496435 Gflops/s) - 1369 (1505231 Gflops/s) - 1339 (1472246 Gflops/s) | Temperatures: 65°C - 66°C - 73°C - 73°C - 66°C - 67°C - 75°C - 72°C | Throttling: None - None - None - None - None - None - None - None
1367 (1503032 Gflops/s) - 1368 (1504131 Gflops/s) - 1362 (1497534 Gflops/s) - 1343 (1476644 Gflops/s) - 1345 (1478843 Gflops/s) - 1361 (1496435 Gflops/s) - 1369 (1505231 Gflops/s) - 1335 (1467848 Gflops/s) | Temperatures: 65°C - 66°C - 73°C - 73°C - 66°C - 67°C - 75°C - 72°C | Throttling: None - None - None - None - None - None - None - None
1366 (1501932 Gflops/s) - 1366 (1501932 Gflops/s) - 1361 (1496435 Gflops/s) - 1342 (1475544 Gflops/s) - 1344 (1477743 Gflops/s) - 1360 (1495335 Gflops/s) - 1369 (1505231 Gflops/s) - 1335 (1467848 Gflops/s) | Temperatures: 65°C - 66°C - 73°C - 73°C - 66°C - 67°C - 75°C - 72°C | Throttling: None - None - None - None - None - None - None - None
1367 (1503032 Gflops/s) - 1367 (1503032 Gflops/s) - 1362 (1497534 Gflops/s) - 1343 (1476644 Gflops/s) - 1345 (1478843 Gflops/s) - 1361 (1496435 Gflops/s) - 1370 (1506330 Gflops/s) - 1337 (1470047 Gflops/s) | Temperatures: 65°C - 66°C - 73°C - 73°C - 66°C - 67°C - 75°C - 72°C | Throttling: None - None - None - None - None - None - None - None
1365 (1500833 Gflops/s) - 1364 (1499733 Gflops/s) - 1360 (1495335 Gflops/s) - 1342 (1475544 Gflops/s) - 1343 (1476644 Gflops/s) - 1360 (1495335 Gflops/s) - 1368 (1504131 Gflops/s) - 1337 (1470047 Gflops/s) | Temperatures: 65°C - 66°C - 73°C - 73°C - 66°C - 67°C - 75°C - 72°C | Throttling: None - None - None - None - None - None - None - None
1366 (1501932 Gflops/s) - 1366 (1501932 Gflops/s) - 1361 (1496435 Gflops/s) - 1342 (1475544 Gflops/s) - 1345 (1478843 Gflops/s) - 1361 (1496435 Gflops/s) - 1370 (1506330 Gflops/s) - 1337 (1470047 Gflops/s) | Temperatures: 65°C - 66°C - 73°C - 73°C - 66°C - 67°C - 75°C - 72°C | Throttling: None - None - None - None - None - None - None - None
1366 (1501932 Gflops/s) - 1369 (1505231 Gflops/s) - 1361 (1496435 Gflops/s) - 1342 (1475544 Gflops/s) - 1345 (1478843 Gflops/s) - 1360 (1495335 Gflops/s) - 1369 (1505231 Gflops/s) - 1335 (1467848 Gflops/s) | Temperatures: 65°C - 66°C - 73°C - 73°C - 66°C - 67°C - 75°C - 72°C | Throttling: None - None - None - None - None - None - None - None
1366 (1501932 Gflops/s) - 1366 (1501932 Gflops/s) - 1362 (1497534 Gflops/s) - 1341 (1474445 Gflops/s) - 1344 (1477743 Gflops/s) - 1361 (1496435 Gflops/s) - 1370 (1506330 Gflops/s) - 1339 (1472246 Gflops/s) | Temperatures: 65°C - 66°C - 73°C - 73°C - 66°C - 67°C - 75°C - 72°C | Throttling: None - None - None - None - None - None - None - None
1367 (1503032 Gflops/s) - 1367 (1503032 Gflops/s) - 1361 (1496435 Gflops/s) - 1342 (1475544 Gflops/s) - 1345 (1478843 Gflops/s) - 1360 (1495335 Gflops/s) - 1370 (1506330 Gflops/s) - 1335 (1467848 Gflops/s) | Temperatures: 65°C - 66°C - 73°C - 73°C - 66°C - 67°C - 75°C - 72°C | Throttling: None - None - None - None - None - None - None - None
1366 (1501932 Gflops/s) - 1366 (1501932 Gflops/s) - 1361 (1496435 Gflops/s) - 1340 (1473345 Gflops/s) - 1344 (1477743 Gflops/s) - 1360 (1495335 Gflops/s) - 1368 (1504131 Gflops/s) - 1336 (1468947 Gflops/s) | Temperatures: 65°C - 66°C - 73°C - 73°C - 66°C - 67°C - 75°C - 72°C | Throttling: None - None - None - None - None - None - None - None
1366 (1501932 Gflops/s) - 1367 (1503032 Gflops/s) - 1361 (1496435 Gflops/s) - 1344 (1477743 Gflops/s) - 1346 (1479942 Gflops/s) - 1360 (1495335 Gflops/s) - 1369 (1505231 Gflops/s) - 1338 (1471146 Gflops/s) | Temperatures: 65°C - 66°C - 73°C - 73°C - 66°C - 67°C - 75°C - 72°C | Throttling: None - None - None - None - None - None - None - None
1366 (1501932 Gflops/s) - 1366 (1501932 Gflops/s) - 1362 (1497534 Gflops/s) - 1342 (1475544 Gflops/s) - 1345 (1478843 Gflops/s) - 1361 (1496435 Gflops/s) - 1370 (1506330 Gflops/s) - 1337 (1470047 Gflops/s) | Temperatures: 65°C - 66°C - 73°C - 73°C - 66°C - 67°C - 75°C - 72°C | Throttling: None - None - None - None - None - None - None - None
1366 (1501932 Gflops/s) - 1366 (1501932 Gflops/s) - 1362 (1497534 Gflops/s) - 1342 (1475544 Gflops/s) - 1345 (1478843 Gflops/s) - 1361 (1496435 Gflops/s) - 1369 (1505231 Gflops/s) - 1339 (1472246 Gflops/s) | Temperatures: 65°C - 66°C - 73°C - 73°C - 66°C - 67°C - 75°C - 72°C | Throttling: None - None - None - None - None - None - None - None
1366 (1501932 Gflops/s) - 1368 (1504131 Gflops/s) - 1361 (1496435 Gflops/s) - 1342 (1475544 Gflops/s) - 1345 (1478843 Gflops/s) - 1361 (1496435 Gflops/s) - 1370 (1506330 Gflops/s) - 1337 (1470047 Gflops/s) | Temperatures: 65°C - 66°C - 73°C - 73°C - 66°C - 67°C - 75°C - 72°C | Throttling: None - None - None - None - None - None - None - None
1365 (1500833 Gflops/s) - 1364 (1499733 Gflops/s) - 1360 (1495335 Gflops/s) - 1342 (1475544 Gflops/s) - 1344 (1477743 Gflops/s) - 1359 (1494236 Gflops/s) - 1367 (1503032 Gflops/s) - 1336 (1468947 Gflops/s) | Temperatures: 65°C - 66°C - 73°C - 73°C - 66°C - 67°C - 75°C - 72°C | Throttling: None - None - None - None - None - None - None - None
1367 (1503032 Gflops/s) - 1366 (1501932 Gflops/s) - 1362 (1497534 Gflops/s) - 1341 (1474445 Gflops/s) - 1344 (1477743 Gflops/s) - 1360 (1495335 Gflops/s) - 1370 (1506330 Gflops/s) - 1338 (1471146 Gflops/s) | Temperatures: 65°C - 66°C - 73°C - 73°C - 66°C - 67°C - 75°C - 72°C | Throttling: None - None - None - None - None - None - None - None
1367 (1503032 Gflops/s) - 1368 (1504131 Gflops/s) - 1361 (1496435 Gflops/s) - 1342 (1475544 Gflops/s) - 1346 (1479942 Gflops/s) - 1360 (1495335 Gflops/s) - 1370 (1506330 Gflops/s) - 1336 (1468947 Gflops/s) | Temperatures: 65°C - 66°C - 73°C - 73°C - 66°C - 67°C - 75°C - 72°C | Throttling: None - None - None - None - None - None - None - None
1366 (1501932 Gflops/s) - 1365 (1500833 Gflops/s) - 1362 (1497534 Gflops/s) - 1342 (1475544 Gflops/s) - 1344 (1477743 Gflops/s) - 1360 (1495335 Gflops/s) - 1369 (1505231 Gflops/s) - 1341 (1474445 Gflops/s) | Temperatures: 65°C - 66°C - 73°C - 73°C - 66°C - 67°C - 75°C - 72°C | Throttling: None - None - None - None - None - None - None - None
1365 (1500833 Gflops/s) - 1365 (1500833 Gflops/s) - 1360 (1495335 Gflops/s) - 1340 (1473345 Gflops/s) - 1344 (1477743 Gflops/s) - 1360 (1495335 Gflops/s) - 1369 (1505231 Gflops/s) - 1334 (1466748 Gflops/s) | Temperatures: 65°C - 66°C - 73°C - 73°C - 66°C - 67°C - 75°C - 72°C | Throttling: None - None - None - None - None - None - None - None
1366 (1501932 Gflops/s) - 1367 (1503032 Gflops/s) - 1362 (1497534 Gflops/s) - 1343 (1476644 Gflops/s) - 1346 (1479942 Gflops/s) - 1360 (1495335 Gflops/s) - 1369 (1505231 Gflops/s) - 1336 (1468947 Gflops/s) | Temperatures: 65°C - 66°C - 73°C - 73°C - 66°C - 67°C - 75°C - 72°C | Throttling: None - None - None - None - None - None - None - None
1366 (1501932 Gflops/s) - 1366 (1501932 Gflops/s) - 1361 (1496435 Gflops/s) - 1343 (1476644 Gflops/s) - 1345 (1478843 Gflops/s) - 1361 (1496435 Gflops/s) - 1369 (1505231 Gflops/s) - 1340 (1473345 Gflops/s) | Temperatures: 65°C - 66°C - 73°C - 73°C - 66°C - 67°C - 75°C - 72°C | Throttling: None - None - None - None - None - None - None - None
1366 (1501932 Gflops/s) - 1367 (1503032 Gflops/s) - 1362 (1497534 Gflops/s) - 1341 (1474445 Gflops/s) - 1346 (1479942 Gflops/s) - 1360 (1495335 Gflops/s) - 1370 (1506330 Gflops/s) - 1337 (1470047 Gflops/s) | Temperatures: 65°C - 66°C - 73°C - 73°C - 66°C - 67°C - 75°C - 72°C | Throttling: None - None - None - None - None - None - None - None
1366 (1501932 Gflops/s) - 1368 (1504131 Gflops/s) - 1362 (1497534 Gflops/s) - 1343 (1476644 Gflops/s) - 1345 (1478843 Gflops/s) - 1361 (1496435 Gflops/s) - 1370 (1506330 Gflops/s) - 1337 (1470047 Gflops/s) | Temperatures: 65°C - 66°C - 73°C - 73°C - 66°C - 67°C - 75°C - 72°C | Throttling: None - None - None - None - None - None - None - None
1366 (1501932 Gflops/s) - 1365 (1500833 Gflops/s) - 1360 (1495335 Gflops/s) - 1343 (1476644 Gflops/s) - 1344 (1477743 Gflops/s) - 1359 (1494236 Gflops/s) - 1368 (1504131 Gflops/s) - 1338 (1471146 Gflops/s) | Temperatures: 65°C - 66°C - 73°C - 73°C - 66°C - 67°C - 75°C - 72°C | Throttling: None - None - None - None - None - None - None - None
1365 (1500833 Gflops/s) - 1368 (1504131 Gflops/s) - 1362 (1497534 Gflops/s) - 1343 (1476644 Gflops/s) - 1344 (1477743 Gflops/s) - 1361 (1496435 Gflops/s) - 1370 (1506330 Gflops/s) - 1337 (1470047 Gflops/s) | Temperatures: 65°C - 66°C - 73°C - 73°C - 66°C - 67°C - 75°C - 72°C | Throttling: None - None - None - None - None - None - None - None
1368 (1504131 Gflops/s) - 1367 (1503032 Gflops/s) - 1361 (1496435 Gflops/s) - 1342 (1475544 Gflops/s) - 1344 (1477743 Gflops/s) - 1363 (1498634 Gflops/s) - 1369 (1505231 Gflops/s) - 1340 (1473345 Gflops/s) | Temperatures: 65°C - 66°C - 73°C - 73°C - 66°C - 67°C - 75°C - 72°C | Throttling: None - None - None - None - None - None - None - None
1365 (1500833 Gflops/s) - 1366 (1501932 Gflops/s) - 1361 (1496435 Gflops/s) - 1344 (1477743 Gflops/s) - 1348 (1482141 Gflops/s) - 1361 (1496435 Gflops/s) - 1370 (1506330 Gflops/s) - 1338 (1471146 Gflops/s) | Temperatures: 65°C - 66°C - 73°C - 73°C - 66°C - 67°C - 75°C - 72°C | Throttling: None - None - None - None - None - None - None - None
1366 (1501932 Gflops/s) - 1366 (1501932 Gflops/s) - 1360 (1495335 Gflops/s) - 1341 (1474445 Gflops/s) - 1345 (1478843 Gflops/s) - 1361 (1496435 Gflops/s) - 1368 (1504131 Gflops/s) - 1340 (1473345 Gflops/s) | Temperatures: 65°C - 66°C - 73°C - 73°C - 66°C - 67°C - 75°C - 72°C | Throttling: None - None - None - None - None - None - None - None
1367 (1503032 Gflops/s) - 1366 (1501932 Gflops/s) - 1362 (1497534 Gflops/s) - 1342 (1475544 Gflops/s) - 1345 (1478843 Gflops/s) - 1360 (1495335 Gflops/s) - 1370 (1506330 Gflops/s) - 1335 (1467848 Gflops/s) | Temperatures: 65°C - 66°C - 73°C - 73°C - 66°C - 67°C - 75°C - 72°C | Throttling: None - None - None - None - None - None - None - None
1367 (1503032 Gflops/s) - 1366 (1501932 Gflops/s) - 1361 (1496435 Gflops/s) - 1343 (1476644 Gflops/s) - 1344 (1477743 Gflops/s) - 1360 (1495335 Gflops/s) - 1369 (1505231 Gflops/s) - 1341 (1474445 Gflops/s) | Temperatures: 65°C - 66°C - 73°C - 73°C - 65°C - 67°C - 75°C - 72°C | Throttling: None - None - None - None - None - None - None - None
1367 (1503032 Gflops/s) - 1368 (1504131 Gflops/s) - 1362 (1497534 Gflops/s) - 1342 (1475544 Gflops/s) - 1345 (1478843 Gflops/s) - 1361 (1496435 Gflops/s) - 1370 (1506330 Gflops/s) - 1341 (1474445 Gflops/s) | Temperatures: 65°C - 66°C - 73°C - 73°C - 66°C - 67°C - 75°C - 72°C | Throttling: None - None - None - None - None - None - None - None
1366 (1501932 Gflops/s) - 1368 (1504131 Gflops/s) - 1361 (1496435 Gflops/s) - 1343 (1476644 Gflops/s) - 1345 (1478843 Gflops/s) - 1361 (1496435 Gflops/s) - 1369 (1505231 Gflops/s) - 1340 (1473345 Gflops/s) | Temperatures: 65°C - 66°C - 73°C - 73°C - 66°C - 67°C - 75°C - 72°C | Throttling: None - None - None - None - None - None - None - None
1366 (1501932 Gflops/s) - 1364 (1499733 Gflops/s) - 1360 (1495335 Gflops/s) - 1341 (1474445 Gflops/s) - 1343 (1476644 Gflops/s) - 1360 (1495335 Gflops/s) - 1369 (1505231 Gflops/s) - 1338 (1471146 Gflops/s) | Temperatures: 65°C - 66°C - 73°C - 73°C - 66°C - 67°C - 75°C - 72°C | Throttling: None - None - None - None - None - None - None - None
1367 (1503032 Gflops/s) - 1367 (1503032 Gflops/s) - 1362 (1497534 Gflops/s) - 1342 (1475544 Gflops/s) - 1344 (1477743 Gflops/s) - 1362 (1497534 Gflops/s) - 1369 (1505231 Gflops/s) - 1339 (1472246 Gflops/s) | Temperatures: 65°C - 66°C - 73°C - 73°C - 66°C - 67°C - 75°C - 72°C | Throttling: None - None - None - None - None - None - None - None
1366 (1501932 Gflops/s) - 1368 (1504131 Gflops/s) - 1361 (1496435 Gflops/s) - 1343 (1476644 Gflops/s) - 1343 (1476644 Gflops/s) - 1360 (1495335 Gflops/s) - 1370 (1506330 Gflops/s) - 1337 (1470047 Gflops/s) | Temperatures: 65°C - 66°C - 73°C - 73°C - 66°C - 67°C - 75°C - 72°C | Throttling: None - None - None - None - None - None - None - None
1367 (1503032 Gflops/s) - 1368 (1504131 Gflops/s) - 1361 (1496435 Gflops/s) - 1344 (1477743 Gflops/s) - 1345 (1478843 Gflops/s) - 1361 (1496435 Gflops/s) - 1370 (1506330 Gflops/s) - 1337 (1470047 Gflops/s) | Temperatures: 65°C - 66°C - 73°C - 73°C - 65°C - 67°C - 74°C - 72°C | Throttling: None - None - None - None - None - None - None - None
1365 (1500833 Gflops/s) - 1366 (1501932 Gflops/s) - 1361 (1496435 Gflops/s) - 1342 (1475544 Gflops/s) - 1343 (1476644 Gflops/s) - 1362 (1497534 Gflops/s) - 1368 (1504131 Gflops/s) - 1337 (1470047 Gflops/s) | Temperatures: 65°C - 66°C - 73°C - 73°C - 65°C - 67°C - 74°C - 72°C | Throttling: None - None - None - None - None - None - None - None
1367 (1503032 Gflops/s) - 1368 (1504131 Gflops/s) - 1361 (1496435 Gflops/s) - 1343 (1476644 Gflops/s) - 1344 (1477743 Gflops/s) - 1360 (1495335 Gflops/s) - 1369 (1505231 Gflops/s) - 1340 (1473345 Gflops/s) | Temperatures: 65°C - 66°C - 73°C - 73°C - 65°C - 67°C - 74°C - 72°C | Throttling: None - None - None - None - None - None - None - None
1367 (1503032 Gflops/s) - 1367 (1503032 Gflops/s) - 1362 (1497534 Gflops/s) - 1344 (1477743 Gflops/s) - 1345 (1478843 Gflops/s) - 1361 (1496435 Gflops/s) - 1370 (1506330 Gflops/s) - 1341 (1474445 Gflops/s) | Temperatures: 65°C - 66°C - 73°C - 73°C - 65°C - 66°C - 74°C - 72°C | Throttling: None - None - None - None - None - None - None - None
1368 (1504131 Gflops/s) - 1367 (1503032 Gflops/s) - 1362 (1497534 Gflops/s) - 1344 (1477743 Gflops/s) - 1345 (1478843 Gflops/s) - 1362 (1497534 Gflops/s) - 1370 (1506330 Gflops/s) - 1336 (1468947 Gflops/s) | Temperatures: 65°C - 66°C - 73°C - 73°C - 65°C - 67°C - 74°C - 72°C | Throttling: None - None - None - None - None - None - None - None
1367 (1503032 Gflops/s) - 1368 (1504131 Gflops/s) - 1362 (1497534 Gflops/s) - 1345 (1478843 Gflops/s) - 1345 (1478843 Gflops/s) - 1362 (1497534 Gflops/s) - 1369 (1505231 Gflops/s) - 1340 (1473345 Gflops/s) | Temperatures: 65°C - 66°C - 73°C - 73°C - 65°C - 66°C - 74°C - 72°C | Throttling: None - None - None - None - None - None - None - None
1365 (1500833 Gflops/s) - 1367 (1503032 Gflops/s) - 1359 (1494236 Gflops/s) - 1342 (1475544 Gflops/s) - 1344 (1477743 Gflops/s) - 1358 (1493136 Gflops/s) - 1368 (1504131 Gflops/s) - 1339 (1472246 Gflops/s) | Temperatures: 65°C - 66°C - 73°C - 73°C - 65°C - 66°C - 74°C - 72°C | Throttling: None - None - None - None - None - None - None - None
1367 (1503032 Gflops/s) - 1369 (1505231 Gflops/s) - 1362 (1497534 Gflops/s) - 1344 (1477743 Gflops/s) - 1346 (1479942 Gflops/s) - 1361 (1496435 Gflops/s) - 1370 (1506330 Gflops/s) - 1338 (1471146 Gflops/s) | Temperatures: 65°C - 66°C - 73°C - 73°C - 66°C - 66°C - 74°C - 72°C | Throttling: None - None - None - None - None - None - None - None
1366 (1501932 Gflops/s) - 1368 (1504131 Gflops/s) - 1362 (1497534 Gflops/s) - 1344 (1477743 Gflops/s) - 1345 (1478843 Gflops/s) - 1362 (1497534 Gflops/s) - 1370 (1506330 Gflops/s) - 1339 (1472246 Gflops/s) | Temperatures: 65°C - 66°C - 73°C - 73°C - 65°C - 67°C - 74°C - 72°C | Throttling: None - None - None - None - None - None - None - None
1367 (1503032 Gflops/s) - 1369 (1505231 Gflops/s) - 1362 (1497534 Gflops/s) - 1344 (1477743 Gflops/s) - 1345 (1478843 Gflops/s) - 1362 (1497534 Gflops/s) - 1369 (1505231 Gflops/s) - 1335 (1467848 Gflops/s) | Temperatures: 65°C - 66°C - 73°C - 73°C - 66°C - 67°C - 74°C - 72°C | Throttling: None - None - None - None - None - None - None - None
1366 (1501932 Gflops/s) - 1365 (1500833 Gflops/s) - 1362 (1497534 Gflops/s) - 1343 (1476644 Gflops/s) - 1345 (1478843 Gflops/s) - 1360 (1495335 Gflops/s) - 1370 (1506330 Gflops/s) - 1338 (1471146 Gflops/s) | Temperatures: 65°C - 66°C - 73°C - 73°C - 66°C - 67°C - 75°C - 72°C | Throttling: None - None - None - None - None - None - None - None
1366 (1501932 Gflops/s) - 1366 (1501932 Gflops/s) - 1360 (1495335 Gflops/s) - 1342 (1475544 Gflops/s) - 1344 (1477743 Gflops/s) - 1359 (1494236 Gflops/s) - 1368 (1504131 Gflops/s) - 1334 (1466748 Gflops/s) | Temperatures: 65°C - 66°C - 73°C - 73°C - 66°C - 67°C - 75°C - 72°C | Throttling: None - None - None - None - None - None - None - None
1366 (1501932 Gflops/s) - 1368 (1504131 Gflops/s) - 1362 (1497534 Gflops/s) - 1342 (1475544 Gflops/s) - 1345 (1478843 Gflops/s) - 1360 (1495335 Gflops/s) - 1370 (1506330 Gflops/s) - 1336 (1468947 Gflops/s) | Temperatures: 65°C - 66°C - 73°C - 73°C - 66°C - 67°C - 75°C - 72°C | Throttling: None - None - None - None - None - None - None - None
1366 (1501932 Gflops/s) - 1368 (1504131 Gflops/s) - 1361 (1496435 Gflops/s) - 1342 (1475544 Gflops/s) - 1345 (1478843 Gflops/s) - 1361 (1496435 Gflops/s) - 1369 (1505231 Gflops/s) - 1340 (1473345 Gflops/s) | Temperatures: 65°C - 66°C - 73°C - 73°C - 66°C - 67°C - 75°C - 72°C | Throttling: None - None - None - None - None - None - None - None
1367 (1503032 Gflops/s) - 1367 (1503032 Gflops/s) - 1362 (1497534 Gflops/s) - 1343 (1476644 Gflops/s) - 1344 (1477743 Gflops/s) - 1360 (1495335 Gflops/s) - 1370 (1506330 Gflops/s) - 1337 (1470047 Gflops/s) | Temperatures: 65°C - 66°C - 73°C - 73°C - 66°C - 67°C - 75°C - 72°C | Throttling: None - None - None - None - None - None - None - None
1365 (1500833 Gflops/s) - 1364 (1499733 Gflops/s) - 1360 (1495335 Gflops/s) - 1341 (1474445 Gflops/s) - 1344 (1477743 Gflops/s) - 1361 (1496435 Gflops/s) - 1368 (1504131 Gflops/s) - 1335 (1467848 Gflops/s) | Temperatures: 65°C - 66°C - 73°C - 73°C - 66°C - 67°C - 75°C - 72°C | Throttling: None - None - None - None - None - None - None - None
1366 (1501932 Gflops/s) - 1367 (1503032 Gflops/s) - 1361 (1496435 Gflops/s) - 1342 (1475544 Gflops/s) - 1344 (1477743 Gflops/s) - 1360 (1495335 Gflops/s) - 1369 (1505231 Gflops/s) - 1339 (1472246 Gflops/s) | Temperatures: 65°C - 66°C - 73°C - 73°C - 66°C - 67°C - 75°C - 72°C | Throttling: None - None - None - None - None - None - None - None
1367 (1503032 Gflops/s) - 1367 (1503032 Gflops/s) - 1362 (1497534 Gflops/s) - 1343 (1476644 Gflops/s) - 1345 (1478843 Gflops/s) - 1360 (1495335 Gflops/s) - 1368 (1504131 Gflops/s) - 1338 (1471146 Gflops/s) | Temperatures: 65°C - 66°C - 73°C - 73°C - 66°C - 67°C - 75°C - 72°C | Throttling: None - None - None - None - None - None - None - None
1366 (1501932 Gflops/s) - 1367 (1503032 Gflops/s) - 1361 (1496435 Gflops/s) - 1342 (1475544 Gflops/s) - 1346 (1479942 Gflops/s) - 1361 (1496435 Gflops/s) - 1370 (1506330 Gflops/s) - 1338 (1471146 Gflops/s) | Temperatures: 65°C - 66°C - 73°C - 73°C - 66°C - 67°C - 75°C - 72°C | Throttling: None - None - None - None - None - None - None - None
1367 (1503032 Gflops/s) - 1366 (1501932 Gflops/s) - 1362 (1497534 Gflops/s) - 1343 (1476644 Gflops/s) - 1345 (1478843 Gflops/s) - 1361 (1496435 Gflops/s) - 1369 (1505231 Gflops/s) - 1335 (1467848 Gflops/s) | Temperatures: 65°C - 66°C - 73°C - 73°C - 66°C - 67°C - 75°C - 72°C | Throttling: None - None - None - None - None - None - None - None
1365 (1500833 Gflops/s) - 1366 (1501932 Gflops/s) - 1361 (1496435 Gflops/s) - 1341 (1474445 Gflops/s) - 1343 (1476644 Gflops/s) - 1358 (1493136 Gflops/s) - 1369 (1505231 Gflops/s) - 1336 (1468947 Gflops/s) | Temperatures: 65°C - 66°C - 73°C - 73°C - 66°C - 67°C - 75°C - 72°C | Throttling: None - None - None - None - None - None - None - None
1366 (1501932 Gflops/s) - 1368 (1504131 Gflops/s) - 1362 (1497534 Gflops/s) - 1342 (1475544 Gflops/s) - 1345 (1478843 Gflops/s) - 1362 (1497534 Gflops/s) - 1369 (1505231 Gflops/s) - 1335 (1467848 Gflops/s) | Temperatures: 65°C - 66°C - 73°C - 73°C - 66°C - 67°C - 75°C - 72°C | Throttling: None - None - None - None - None - None - None - None
1366 (1501932 Gflops/s) - 1367 (1503032 Gflops/s) - 1361 (1496435 Gflops/s) - 1342 (1475544 Gflops/s) - 1344 (1477743 Gflops/s) - 1361 (1496435 Gflops/s) - 1370 (1506330 Gflops/s) - 1337 (1470047 Gflops/s) | Temperatures: 65°C - 66°C - 73°C - 73°C - 66°C - 67°C - 75°C - 72°C | Throttling: None - None - None - None - None - None - None - None
1367 (1503032 Gflops/s) - 1368 (1504131 Gflops/s) - 1362 (1497534 Gflops/s) - 1342 (1475544 Gflops/s) - 1344 (1477743 Gflops/s) - 1361 (1496435 Gflops/s) - 1370 (1506330 Gflops/s) - 1338 (1471146 Gflops/s) | Temperatures: 65°C - 66°C - 73°C - 73°C - 66°C - 67°C - 75°C - 72°C | Throttling: None - None - None - None - None - None - None - None
1366 (1501932 Gflops/s) - 1366 (1501932 Gflops/s) - 1361 (1496435 Gflops/s) - 1343 (1476644 Gflops/s) - 1346 (1479942 Gflops/s) - 1362 (1497534 Gflops/s) - 1369 (1505231 Gflops/s) - 1338 (1471146 Gflops/s) | Temperatures: 65°C - 66°C - 73°C - 73°C - 66°C - 67°C - 75°C - 72°C | Throttling: None - None - None - None - None - None - None - None
1365 (1500833 Gflops/s) - 1365 (1500833 Gflops/s) - 1360 (1495335 Gflops/s) - 1343 (1476644 Gflops/s) - 1344 (1477743 Gflops/s) - 1359 (1494236 Gflops/s) - 1368 (1504131 Gflops/s) - 1337 (1470047 Gflops/s) | Temperatures: 65°C - 66°C - 73°C - 73°C - 66°C - 67°C - 75°C - 72°C | Throttling: None - None - None - None - None - None - None - None
1366 (1501932 Gflops/s) - 1367 (1503032 Gflops/s) - 1361 (1496435 Gflops/s) - 1342 (1475544 Gflops/s) - 1345 (1478843 Gflops/s) - 1361 (1496435 Gflops/s) - 1370 (1506330 Gflops/s) - 1338 (1471146 Gflops/s) | Temperatures: 65°C - 66°C - 73°C - 73°C - 66°C - 67°C - 75°C - 72°C | Throttling: None - None - None - None - None - None - None - None
1367 (1503032 Gflops/s) - 1368 (1504131 Gflops/s) - 1362 (1497534 Gflops/s) - 1343 (1476644 Gflops/s) - 1345 (1478843 Gflops/s) - 1360 (1495335 Gflops/s) - 1370 (1506330 Gflops/s) - 1337 (1470047 Gflops/s) | Temperatures: 65°C - 66°C - 73°C - 73°C - 66°C - 67°C - 75°C - 72°C | Throttling: None - None - None - None - None - None - None - None
1367 (1503032 Gflops/s) - 1367 (1503032 Gflops/s) - 1361 (1496435 Gflops/s) - 1342 (1475544 Gflops/s) - 1346 (1479942 Gflops/s) - 1362 (1497534 Gflops/s) - 1369 (1505231 Gflops/s) - 1336 (1468947 Gflops/s) | Temperatures: 65°C - 66°C - 73°C - 73°C - 66°C - 67°C - 75°C - 72°C | Throttling: None - None - None - None - None - None - None - None
1365 (1500833 Gflops/s) - 1367 (1503032 Gflops/s) - 1360 (1495335 Gflops/s) - 1342 (1475544 Gflops/s) - 1343 (1476644 Gflops/s) - 1360 (1495335 Gflops/s) - 1368 (1504131 Gflops/s) - 1337 (1470047 Gflops/s) | Temperatures: 65°C - 66°C - 73°C - 73°C - 65°C - 67°C - 75°C - 72°C | Throttling: None - None - None - None - None - None - None - None
1367 (1503032 Gflops/s) - 1367 (1503032 Gflops/s) - 1362 (1497534 Gflops/s) - 1343 (1476644 Gflops/s) - 1346 (1479942 Gflops/s) - 1361 (1496435 Gflops/s) - 1370 (1506330 Gflops/s) - 1339 (1472246 Gflops/s) | Temperatures: 65°C - 66°C - 73°C - 73°C - 65°C - 67°C - 74°C - 72°C | Throttling: None - None - None - None - None - None - None - None
1367 (1503032 Gflops/s) - 1367 (1503032 Gflops/s) - 1362 (1497534 Gflops/s) - 1343 (1476644 Gflops/s) - 1345 (1478843 Gflops/s) - 1362 (1497534 Gflops/s) - 1370 (1506330 Gflops/s) - 1337 (1470047 Gflops/s) | Temperatures: 65°C - 66°C - 73°C - 73°C - 65°C - 67°C - 75°C - 72°C | Throttling: None - None - None - None - None - None - None - None
1366 (1501932 Gflops/s) - 1368 (1504131 Gflops/s) - 1361 (1496435 Gflops/s) - 1343 (1476644 Gflops/s) - 1346 (1479942 Gflops/s) - 1361 (1496435 Gflops/s) - 1369 (1505231 Gflops/s) - 1339 (1472246 Gflops/s) | Temperatures: 65°C - 66°C - 73°C - 73°C - 65°C - 67°C - 75°C - 72°C | Throttling: None - None - None - None - None - None - None - None
1367 (1503032 Gflops/s) - 1367 (1503032 Gflops/s) - 1362 (1497534 Gflops/s) - 1343 (1476644 Gflops/s) - 1346 (1479942 Gflops/s) - 1361 (1496435 Gflops/s) - 1369 (1505231 Gflops/s) - 1339 (1472246 Gflops/s) | Temperatures: 65°C - 66°C - 73°C - 73°C - 66°C - 67°C - 75°C - 72°C | Throttling: None - None - None - None - None - None - None - None
1366 (1501932 Gflops/s) - 1367 (1503032 Gflops/s) - 1360 (1495335 Gflops/s) - 1342 (1475544 Gflops/s) - 1344 (1477743 Gflops/s) - 1360 (1495335 Gflops/s) - 1369 (1505231 Gflops/s) - 1336 (1468947 Gflops/s) | Temperatures: 65°C - 66°C - 73°C - 73°C - 65°C - 67°C - 75°C - 72°C | Throttling: None - None - None - None - None - None - None - None
1367 (1503032 Gflops/s) - 1367 (1503032 Gflops/s) - 1362 (1497534 Gflops/s) - 1342 (1475544 Gflops/s) - 1344 (1477743 Gflops/s) - 1361 (1496435 Gflops/s) - 1369 (1505231 Gflops/s) - 1337 (1470047 Gflops/s) | Temperatures: 65°C - 66°C - 73°C - 73°C - 65°C - 67°C - 75°C - 72°C | Throttling: None - None - None - None - None - None - None - None
1366 (1501932 Gflops/s) - 1367 (1503032 Gflops/s) - 1362 (1497534 Gflops/s) - 1344 (1477743 Gflops/s) - 1345 (1478843 Gflops/s) - 1361 (1496435 Gflops/s) - 1370 (1506330 Gflops/s) - 1340 (1473345 Gflops/s) | Temperatures: 65°C - 66°C - 73°C - 73°C - 65°C - 67°C - 74°C - 72°C | Throttling: None - None - None - None - None - None - None - None
1367 (1503032 Gflops/s) - 1366 (1501932 Gflops/s) - 1361 (1496435 Gflops/s) - 1342 (1475544 Gflops/s) - 1345 (1478843 Gflops/s) - 1362 (1497534 Gflops/s) - 1370 (1506330 Gflops/s) - 1336 (1468947 Gflops/s) | Temperatures: 65°C - 66°C - 73°C - 73°C - 66°C - 67°C - 74°C - 72°C | Throttling: None - None - None - None - None - None - None - None
1366 (1501932 Gflops/s) - 1367 (1503032 Gflops/s) - 1361 (1496435 Gflops/s) - 1344 (1477743 Gflops/s) - 1345 (1478843 Gflops/s) - 1361 (1496435 Gflops/s) - 1369 (1505231 Gflops/s) - 1336 (1468947 Gflops/s) | Temperatures: 65°C - 66°C - 73°C - 73°C - 65°C - 67°C - 75°C - 72°C | Throttling: None - None - None - None - None - None - None - None
1365 (1500833 Gflops/s) - 1366 (1501932 Gflops/s) - 1360 (1495335 Gflops/s) - 1340 (1473345 Gflops/s) - 1343 (1476644 Gflops/s) - 1359 (1494236 Gflops/s) - 1368 (1504131 Gflops/s) - 1339 (1472246 Gflops/s) | Temperatures: 65°C - 66°C - 73°C - 73°C - 65°C - 67°C - 75°C - 72°C | Throttling: None - None - None - None - None - None - None - None
1366 (1501932 Gflops/s) - 1368 (1504131 Gflops/s) - 1362 (1497534 Gflops/s) - 1346 (1479942 Gflops/s) - 1346 (1479942 Gflops/s) - 1362 (1497534 Gflops/s) - 1370 (1506330 Gflops/s) - 1339 (1472246 Gflops/s) | Temperatures: 65°C - 66°C - 73°C - 73°C - 66°C - 67°C - 75°C - 72°C | Throttling: None - None - None - None - None - None - None - None
1366 (1501932 Gflops/s) - 1368 (1504131 Gflops/s) - 1362 (1497534 Gflops/s) - 1345 (1478843 Gflops/s) - 1347 (1481042 Gflops/s) - 1361 (1496435 Gflops/s) - 1369 (1505231 Gflops/s) - 1336 (1468947 Gflops/s) | Temperatures: 65°C - 66°C - 73°C - 73°C - 66°C - 67°C - 75°C - 72°C | Throttling: None - None - None - None - None - None - None - None
1367 (1503032 Gflops/s) - 1367 (1503032 Gflops/s) - 1362 (1497534 Gflops/s) - 1342 (1475544 Gflops/s) - 1344 (1477743 Gflops/s) - 1360 (1495335 Gflops/s) - 1370 (1506330 Gflops/s) - 1338 (1471146 Gflops/s) | Temperatures: 65°C - 66°C - 73°C - 73°C - 66°C - 67°C - 74°C - 72°C | Throttling: None - None - None - None - None - None - None - None
1366 (1501932 Gflops/s) - 1365 (1500833 Gflops/s) - 1361 (1496435 Gflops/s) - 1343 (1476644 Gflops/s) - 1345 (1478843 Gflops/s) - 1359 (1494236 Gflops/s) - 1368 (1504131 Gflops/s) - 1335 (1467848 Gflops/s) | Temperatures: 65°C - 66°C - 73°C - 73°C - 66°C - 67°C - 75°C - 72°C | Throttling: None - None - None - None - None - None - None - None
1365 (1500833 Gflops/s) - 1366 (1501932 Gflops/s) - 1361 (1496435 Gflops/s) - 1344 (1477743 Gflops/s) - 1346 (1479942 Gflops/s) - 1362 (1497534 Gflops/s) - 1369 (1505231 Gflops/s) - 1339 (1472246 Gflops/s) | Temperatures: 65°C - 66°C - 73°C - 73°C - 65°C - 67°C - 75°C - 72°C | Throttling: None - None - None - None - None - None - None - None
1366 (1501932 Gflops/s) - 1368 (1504131 Gflops/s) - 1362 (1497534 Gflops/s) - 1344 (1477743 Gflops/s) - 1346 (1479942 Gflops/s) - 1362 (1497534 Gflops/s) - 1369 (1505231 Gflops/s) - 1340 (1473345 Gflops/s) | Temperatures: 65°C - 66°C - 73°C - 73°C - 66°C - 67°C - 75°C - 72°C | Throttling: None - None - None - None - None - None - None - None
1367 (1503032 Gflops/s) - 1366 (1501932 Gflops/s) - 1361 (1496435 Gflops/s) - 1344 (1477743 Gflops/s) - 1345 (1478843 Gflops/s) - 1361 (1496435 Gflops/s) - 1370 (1506330 Gflops/s) - 1336 (1468947 Gflops/s) | Temperatures: 65°C - 66°C - 73°C - 73°C - 66°C - 67°C - 74°C - 72°C | Throttling: None - None - None - None - None - None - None - None
1367 (1503032 Gflops/s) - 1369 (1505231 Gflops/s) - 1363 (1498634 Gflops/s) - 1344 (1477743 Gflops/s) - 1345 (1478843 Gflops/s) - 1360 (1495335 Gflops/s) - 1370 (1506330 Gflops/s) - 1336 (1468947 Gflops/s) | Temperatures: 65°C - 66°C - 73°C - 73°C - 66°C - 67°C - 75°C - 72°C | Throttling: None - None - None - None - None - None - None - None
1365 (1500833 Gflops/s) - 1365 (1500833 Gflops/s) - 1360 (1495335 Gflops/s) - 1341 (1474445 Gflops/s) - 1344 (1477743 Gflops/s) - 1360 (1495335 Gflops/s) - 1368 (1504131 Gflops/s) - 1337 (1470047 Gflops/s) | Temperatures: 65°C - 66°C - 73°C - 73°C - 66°C - 67°C - 75°C - 72°C | Throttling: None - None - None - None - None - None - None - None
1367 (1503032 Gflops/s) - 1368 (1504131 Gflops/s) - 1361 (1496435 Gflops/s) - 1346 (1479942 Gflops/s) - 1345 (1478843 Gflops/s) - 1361 (1496435 Gflops/s) - 1370 (1506330 Gflops/s) - 1336 (1468947 Gflops/s) | Temperatures: 65°C - 66°C - 73°C - 73°C - 65°C - 67°C - 74°C - 72°C | Throttling: None - None - None - None - None - None - None - None
1366 (1501932 Gflops/s) - 1367 (1503032 Gflops/s) - 1361 (1496435 Gflops/s) - 1344 (1477743 Gflops/s) - 1345 (1478843 Gflops/s) - 1362 (1497534 Gflops/s) - 1369 (1505231 Gflops/s) - 1337 (1470047 Gflops/s) | Temperatures: 65°C - 66°C - 73°C - 73°C - 65°C - 67°C - 75°C - 72°C | Throttling: None - None - None - None - None - None - None - None
1368 (1504131 Gflops/s) - 1366 (1501932 Gflops/s) - 1363 (1498634 Gflops/s) - 1344 (1477743 Gflops/s) - 1345 (1478843 Gflops/s) - 1361 (1496435 Gflops/s) - 1370 (1506330 Gflops/s) - 1337 (1470047 Gflops/s) | Temperatures: 65°C - 66°C - 73°C - 73°C - 66°C - 67°C - 75°C - 72°C | Throttling: None - None - None - None - None - None - None - None
1365 (1500833 Gflops/s) - 1367 (1503032 Gflops/s) - 1360 (1495335 Gflops/s) - 1342 (1475544 Gflops/s) - 1343 (1476644 Gflops/s) - 1359 (1494236 Gflops/s) - 1368 (1504131 Gflops/s) - 1335 (1467848 Gflops/s) | Temperatures: 65°C - 66°C - 73°C - 73°C - 66°C - 67°C - 75°C - 72°C | Throttling: None - None - None - None - None - None - None - None
1367 (1503032 Gflops/s) - 1367 (1503032 Gflops/s) - 1362 (1497534 Gflops/s) - 1343 (1476644 Gflops/s) - 1345 (1478843 Gflops/s) - 1361 (1496435 Gflops/s) - 1370 (1506330 Gflops/s) - 1337 (1470047 Gflops/s) | Temperatures: 65°C - 66°C - 73°C - 73°C - 65°C - 67°C - 74°C - 72°C | Throttling: None - None - None - None - None - None - None - None
1367 (1503032 Gflops/s) - 1367 (1503032 Gflops/s) - 1361 (1496435 Gflops/s) - 1344 (1477743 Gflops/s) - 1344 (1477743 Gflops/s) - 1362 (1497534 Gflops/s) - 1369 (1505231 Gflops/s) - 1339 (1472246 Gflops/s) | Temperatures: 65°C - 66°C - 73°C - 73°C - 66°C - 67°C - 75°C - 72°C | Throttling: None - None - None - None - None - None - None - None
1366 (1501932 Gflops/s) - 1368 (1504131 Gflops/s) - 1362 (1497534 Gflops/s) - 1344 (1477743 Gflops/s) - 1345 (1478843 Gflops/s) - 1360 (1495335 Gflops/s) - 1370 (1506330 Gflops/s) - 1335 (1467848 Gflops/s) | Temperatures: 65°C - 66°C - 73°C - 73°C - 65°C - 67°C - 75°C - 72°C | Throttling: None - None - None - None - None - None - None - None
1367 (1503032 Gflops/s) - 1367 (1503032 Gflops/s) - 1361 (1496435 Gflops/s) - 1344 (1477743 Gflops/s) - 1344 (1477743 Gflops/s) - 1361 (1496435 Gflops/s) - 1370 (1506330 Gflops/s) - 1339 (1472246 Gflops/s) | Temperatures: 65°C - 66°C - 73°C - 73°C - 65°C - 67°C - 75°C - 72°C | Throttling: None - None - None - None - None - None - None - None
1366 (1501932 Gflops/s) - 1366 (1501932 Gflops/s) - 1360 (1495335 Gflops/s) - 1343 (1476644 Gflops/s) - 1344 (1477743 Gflops/s) - 1360 (1495335 Gflops/s) - 1368 (1504131 Gflops/s) - 1336 (1468947 Gflops/s) | Temperatures: 65°C - 66°C - 73°C - 73°C - 66°C - 67°C - 75°C - 72°C | Throttling: None - None - None - None - None - None - None - None
1367 (1503032 Gflops/s) - 1366 (1501932 Gflops/s) - 1362 (1497534 Gflops/s) - 1344 (1477743 Gflops/s) - 1345 (1478843 Gflops/s) - 1361 (1496435 Gflops/s) - 1370 (1506330 Gflops/s) - 1336 (1468947 Gflops/s) | Temperatures: 65°C - 66°C - 73°C - 73°C - 65°C - 67°C - 75°C - 72°C | Throttling: None - None - None - None - None - None - None - None
1367 (1503032 Gflops/s) - 1369 (1505231 Gflops/s) - 1362 (1497534 Gflops/s) - 1343 (1476644 Gflops/s) - 1345 (1478843 Gflops/s) - 1361 (1496435 Gflops/s) - 1369 (1505231 Gflops/s) - 1336 (1468947 Gflops/s) | Temperatures: 65°C - 66°C - 73°C - 73°C - 65°C - 67°C - 75°C - 72°C | Throttling: None - None - None - None - None - None - None - None
1367 (1503032 Gflops/s) - 1368 (1504131 Gflops/s) - 1362 (1497534 Gflops/s) - 1344 (1477743 Gflops/s) - 1345 (1478843 Gflops/s) - 1361 (1496435 Gflops/s) - 1369 (1505231 Gflops/s) - 1338 (1471146 Gflops/s) | Temperatures: 65°C - 66°C - 73°C - 73°C - 66°C - 67°C - 75°C - 72°C | Throttling: None - None - None - None - None - None - None - None
1367 (1503032 Gflops/s) - 1367 (1503032 Gflops/s) - 1361 (1496435 Gflops/s) - 1343 (1476644 Gflops/s) - 1346 (1479942 Gflops/s) - 1361 (1496435 Gflops/s) - 1369 (1505231 Gflops/s) - 1337 (1470047 Gflops/s) | Temperatures: 65°C - 66°C - 73°C - 73°C - 66°C - 67°C - 74°C - 72°C | Throttling: None - None - None - None - None - None - None - None
1365 (1500833 Gflops/s) - 1366 (1501932 Gflops/s) - 1361 (1496435 Gflops/s) - 1342 (1475544 Gflops/s) - 1343 (1476644 Gflops/s) - 1359 (1494236 Gflops/s) - 1368 (1504131 Gflops/s) - 1337 (1470047 Gflops/s) | Temperatures: 65°C - 66°C - 73°C - 73°C - 66°C - 66°C - 75°C - 72°C | Throttling: None - None - None - None - None - None - None - None
1367 (1503032 Gflops/s) - 1367 (1503032 Gflops/s) - 1362 (1497534 Gflops/s) - 1345 (1478843 Gflops/s) - 1345 (1478843 Gflops/s) - 1362 (1497534 Gflops/s) - 1370 (1506330 Gflops/s) - 1338 (1471146 Gflops/s) | Temperatures: 65°C - 66°C - 73°C - 73°C - 66°C - 67°C - 75°C - 72°C | Throttling: None - None - None - None - None - None - None - None
1367 (1503032 Gflops/s) - 1369 (1505231 Gflops/s) - 1362 (1497534 Gflops/s) - 1342 (1475544 Gflops/s) - 1345 (1478843 Gflops/s) - 1360 (1495335 Gflops/s) - 1369 (1505231 Gflops/s) - 1340 (1473345 Gflops/s) | Temperatures: 65°C - 66°C - 73°C - 73°C - 65°C - 67°C - 75°C - 72°C | Throttling: None - None - None - None - None - None - None - None
1366 (1501932 Gflops/s) - 1367 (1503032 Gflops/s) - 1362 (1497534 Gflops/s) - 1344 (1477743 Gflops/s) - 1345 (1478843 Gflops/s) - 1362 (1497534 Gflops/s) - 1370 (1506330 Gflops/s) - 1339 (1472246 Gflops/s) | Temperatures: 65°C - 66°C - 73°C - 73°C - 66°C - 67°C - 75°C - 72°C | Throttling: None - None - None - None - None - None - None - None
1366 (1501932 Gflops/s) - 1366 (1501932 Gflops/s) - 1360 (1495335 Gflops/s) - 1341 (1474445 Gflops/s) - 1344 (1477743 Gflops/s) - 1360 (1495335 Gflops/s) - 1368 (1504131 Gflops/s) - 1334 (1466748 Gflops/s) | Temperatures: 65°C - 66°C - 73°C - 73°C - 65°C - 67°C - 75°C - 72°C | Throttling: None - None - None - None - None - None - None - None
1367 (1503032 Gflops/s) - 1368 (1504131 Gflops/s) - 1362 (1497534 Gflops/s) - 1345 (1478843 Gflops/s) - 1345 (1478843 Gflops/s) - 1361 (1496435 Gflops/s) - 1369 (1505231 Gflops/s) - 1338 (1471146 Gflops/s) | Temperatures: 65°C - 66°C - 73°C - 73°C - 66°C - 67°C - 75°C - 72°C | Throttling: None - None - None - None - None - None - None - None
1367 (1503032 Gflops/s) - 1366 (1501932 Gflops/s) - 1361 (1496435 Gflops/s) - 1344 (1477743 Gflops/s) - 1344 (1477743 Gflops/s) - 1362 (1497534 Gflops/s) - 1370 (1506330 Gflops/s) - 1338 (1471146 Gflops/s) | Temperatures: 65°C - 66°C - 73°C - 73°C - 65°C - 67°C - 74°C - 72°C | Throttling: None - None - None - None - None - None - None - None
1366 (1501932 Gflops/s) - 1367 (1503032 Gflops/s) - 1362 (1497534 Gflops/s) - 1344 (1477743 Gflops/s) - 1344 (1477743 Gflops/s) - 1360 (1495335 Gflops/s) - 1369 (1505231 Gflops/s) - 1338 (1471146 Gflops/s) | Temperatures: 65°C - 66°C - 73°C - 73°C - 65°C - 66°C - 75°C - 72°C | Throttling: None - None - None - None - None - None - None - None
1367 (1503032 Gflops/s) - 1368 (1504131 Gflops/s) - 1362 (1497534 Gflops/s) - 1343 (1476644 Gflops/s) - 1346 (1479942 Gflops/s) - 1361 (1496435 Gflops/s) - 1369 (1505231 Gflops/s) - 1337 (1470047 Gflops/s) | Temperatures: 65°C - 66°C - 73°C - 73°C - 65°C - 67°C - 75°C - 72°C | Throttling: None - None - None - None - None - None - None - None
1364 (1499733 Gflops/s) - 1365 (1500833 Gflops/s) - 1360 (1495335 Gflops/s) - 1342 (1475544 Gflops/s) - 1343 (1476644 Gflops/s) - 1359 (1494236 Gflops/s) - 1369 (1505231 Gflops/s) - 1335 (1467848 Gflops/s) | Temperatures: 65°C - 66°C - 73°C - 73°C - 65°C - 66°C - 75°C - 72°C | Throttling: None - None - None - None - None - None - None - None
1367 (1503032 Gflops/s) - 1366 (1501932 Gflops/s) - 1361 (1496435 Gflops/s) - 1344 (1477743 Gflops/s) - 1346 (1479942 Gflops/s) - 1361 (1496435 Gflops/s) - 1370 (1506330 Gflops/s) - 1338 (1471146 Gflops/s) | Temperatures: 65°C - 66°C - 73°C - 73°C - 65°C - 67°C - 75°C - 72°C | Throttling: None - None - None - None - None - None - None - None
1367 (1503032 Gflops/s) - 1367 (1503032 Gflops/s) - 1362 (1497534 Gflops/s) - 1345 (1478843 Gflops/s) - 1344 (1477743 Gflops/s) - 1362 (1497534 Gflops/s) - 1369 (1505231 Gflops/s) - 1340 (1473345 Gflops/s) | Temperatures: 65°C - 66°C - 73°C - 73°C - 65°C - 66°C - 75°C - 72°C | Throttling: None - None - None - None - None - None - None - None
1368 (1504131 Gflops/s) - 1368 (1504131 Gflops/s) - 1362 (1497534 Gflops/s) - 1344 (1477743 Gflops/s) - 1346 (1479942 Gflops/s) - 1360 (1495335 Gflops/s) - 1370 (1506330 Gflops/s) - 1337 (1470047 Gflops/s) | Temperatures: 65°C - 66°C - 73°C - 73°C - 66°C - 66°C - 74°C - 72°C | Throttling: None - None - None - None - None - None - None - None
1365 (1500833 Gflops/s) - 1366 (1501932 Gflops/s) - 1360 (1495335 Gflops/s) - 1343 (1476644 Gflops/s) - 1344 (1477743 Gflops/s) - 1360 (1495335 Gflops/s) - 1368 (1504131 Gflops/s) - 1337 (1470047 Gflops/s) | Temperatures: 65°C - 66°C - 73°C - 73°C - 65°C - 67°C - 74°C - 72°C | Throttling: None - None - None - None - None - None - None - None
1367 (1503032 Gflops/s) - 1368 (1504131 Gflops/s) - 1363 (1498634 Gflops/s) - 1344 (1477743 Gflops/s) - 1344 (1477743 Gflops/s) - 1361 (1496435 Gflops/s) - 1370 (1506330 Gflops/s) - 1338 (1471146 Gflops/s) | Temperatures: 65°C - 66°C - 73°C - 73°C - 66°C - 66°C - 74°C - 72°C | Throttling: None - None - None - None - None - None - None - None
1367 (1503032 Gflops/s) - 1367 (1503032 Gflops/s) - 1361 (1496435 Gflops/s) - 1344 (1477743 Gflops/s) - 1346 (1479942 Gflops/s) - 1361 (1496435 Gflops/s) - 1369 (1505231 Gflops/s) - 1336 (1468947 Gflops/s) | Temperatures: 65°C - 66°C - 73°C - 73°C - 65°C - 66°C - 74°C - 72°C | Throttling: None - None - None - None - None - None - None - None
1366 (1501932 Gflops/s) - 1367 (1503032 Gflops/s) - 1362 (1497534 Gflops/s) - 1344 (1477743 Gflops/s) - 1346 (1479942 Gflops/s) - 1360 (1495335 Gflops/s) - 1370 (1506330 Gflops/s) - 1341 (1474445 Gflops/s) | Temperatures: 65°C - 66°C - 73°C - 73°C - 65°C - 66°C - 74°C - 72°C | Throttling: None - None - None - None - None - None - None - None
1368 (1504131 Gflops/s) - 1368 (1504131 Gflops/s) - 1362 (1497534 Gflops/s) - 1344 (1477743 Gflops/s) - 1345 (1478843 Gflops/s) - 1362 (1497534 Gflops/s) - 1369 (1505231 Gflops/s) - 1337 (1470047 Gflops/s) | Temperatures: 65°C - 66°C - 73°C - 73°C - 65°C - 66°C - 74°C - 72°C | Throttling: None - None - None - None - None - None - None - None
1365 (1500833 Gflops/s) - 1365 (1500833 Gflops/s) - 1360 (1495335 Gflops/s) - 1341 (1474445 Gflops/s) - 1344 (1477743 Gflops/s) - 1361 (1496435 Gflops/s) - 1369 (1505231 Gflops/s) - 1340 (1473345 Gflops/s) | Temperatures: 65°C - 66°C - 73°C - 73°C - 65°C - 66°C - 74°C - 72°C | Throttling: None - None - None - None - None - None - None - None
1367 (1503032 Gflops/s) - 1367 (1503032 Gflops/s) - 1362 (1497534 Gflops/s) - 1344 (1477743 Gflops/s) - 1346 (1479942 Gflops/s) - 1360 (1495335 Gflops/s) - 1369 (1505231 Gflops/s) - 1339 (1472246 Gflops/s) | Temperatures: 65°C - 66°C - 73°C - 73°C - 65°C - 66°C - 74°C - 72°C | Throttling: None - None - None - None - None - None - None - None
1367 (1503032 Gflops/s) - 1367 (1503032 Gflops/s) - 1362 (1497534 Gflops/s) - 1344 (1477743 Gflops/s) - 1346 (1479942 Gflops/s) - 1361 (1496435 Gflops/s) - 1370 (1506330 Gflops/s) - 1337 (1470047 Gflops/s) | Temperatures: 65°C - 66°C - 73°C - 73°C - 65°C - 66°C - 74°C - 72°C | Throttling: None - None - None - None - None - None - None - None
1367 (1503032 Gflops/s) - 1368 (1504131 Gflops/s) - 1363 (1498634 Gflops/s) - 1344 (1477743 Gflops/s) - 1345 (1478843 Gflops/s) - 1361 (1496435 Gflops/s) - 1369 (1505231 Gflops/s) - 1341 (1474445 Gflops/s) | Temperatures: 65°C - 66°C - 73°C - 73°C - 65°C - 66°C - 74°C - 72°C | Throttling: None - None - None - None - None - None - None - None
1365 (1500833 Gflops/s) - 1366 (1501932 Gflops/s) - 1360 (1495335 Gflops/s) - 1341 (1474445 Gflops/s) - 1344 (1477743 Gflops/s) - 1361 (1496435 Gflops/s) - 1369 (1505231 Gflops/s) - 1335 (1467848 Gflops/s) | Temperatures: 65°C - 66°C - 73°C - 73°C - 65°C - 67°C - 74°C - 72°C | Throttling: None - None - None - None - None - None - None - None
1368 (1504131 Gflops/s) - 1367 (1503032 Gflops/s) - 1362 (1497534 Gflops/s) - 1343 (1476644 Gflops/s) - 1346 (1479942 Gflops/s) - 1362 (1497534 Gflops/s) - 1369 (1505231 Gflops/s) - 1342 (1475544 Gflops/s) | Temperatures: 65°C - 66°C - 73°C - 73°C - 65°C - 66°C - 74°C - 72°C | Throttling: None - None - None - None - None - None - None - None
1367 (1503032 Gflops/s) - 1368 (1504131 Gflops/s) - 1362 (1497534 Gflops/s) - 1345 (1478843 Gflops/s) - 1345 (1478843 Gflops/s) - 1361 (1496435 Gflops/s) - 1370 (1506330 Gflops/s) - 1338 (1471146 Gflops/s) | Temperatures: 65°C - 66°C - 73°C - 73°C - 65°C - 67°C - 74°C - 72°C | Throttling: None - None - None - None - None - None - None - None
1366 (1501932 Gflops/s) - 1368 (1504131 Gflops/s) - 1361 (1496435 Gflops/s) - 1343 (1476644 Gflops/s) - 1344 (1477743 Gflops/s) - 1360 (1495335 Gflops/s) - 1370 (1506330 Gflops/s) - 1342 (1475544 Gflops/s) | Temperatures: 65°C - 66°C - 73°C - 73°C - 66°C - 66°C - 74°C - 72°C | Throttling: None - None - None - None - None - None - None - None
1367 (1503032 Gflops/s) - 1368 (1504131 Gflops/s) - 1362 (1497534 Gflops/s) - 1344 (1477743 Gflops/s) - 1345 (1478843 Gflops/s) - 1361 (1496435 Gflops/s) - 1369 (1505231 Gflops/s) - 1337 (1470047 Gflops/s) | Temperatures: 65°C - 66°C - 73°C - 73°C - 65°C - 66°C - 74°C - 72°C | Throttling: None - None - None - None - None - None - None - None
1366 (1501932 Gflops/s) - 1366 (1501932 Gflops/s) - 1360 (1495335 Gflops/s) - 1342 (1475544 Gflops/s) - 1343 (1476644 Gflops/s) - 1359 (1494236 Gflops/s) - 1368 (1504131 Gflops/s) - 1338 (1471146 Gflops/s) | Temperatures: 65°C - 66°C - 73°C - 73°C - 65°C - 66°C - 74°C - 72°C | Throttling: None - None - None - None - None - None - None - None
1367 (1503032 Gflops/s) - 1367 (1503032 Gflops/s) - 1361 (1496435 Gflops/s) - 1344 (1477743 Gflops/s) - 1346 (1479942 Gflops/s) - 1361 (1496435 Gflops/s) - 1370 (1506330 Gflops/s) - 1337 (1470047 Gflops/s) | Temperatures: 65°C - 66°C - 73°C - 73°C - 65°C - 66°C - 74°C - 72°C | Throttling: None - None - None - None - None - None - None - None
1364 (1499733 Gflops/s) - 1368 (1504131 Gflops/s) - 1362 (1497534 Gflops/s) - 1344 (1477743 Gflops/s) - 1345 (1478843 Gflops/s) - 1362 (1497534 Gflops/s) - 1369 (1505231 Gflops/s) - 1336 (1468947 Gflops/s) | Temperatures: 65°C - 66°C - 73°C - 73°C - 65°C - 67°C - 74°C - 72°C | Throttling: None - None - None - None - None - None - None - None
1367 (1503032 Gflops/s) - 1366 (1501932 Gflops/s) - 1361 (1496435 Gflops/s) - 1344 (1477743 Gflops/s) - 1346 (1479942 Gflops/s) - 1361 (1496435 Gflops/s) - 1370 (1506330 Gflops/s) - 1340 (1473345 Gflops/s) | Temperatures: 65°C - 66°C - 73°C - 73°C - 65°C - 66°C - 74°C - 72°C | Throttling: None - None - None - None - None - None - None - None
1367 (1503032 Gflops/s) - 1368 (1504131 Gflops/s) - 1362 (1497534 Gflops/s) - 1344 (1477743 Gflops/s) - 1346 (1479942 Gflops/s) - 1362 (1497534 Gflops/s) - 1370 (1506330 Gflops/s) - 1341 (1474445 Gflops/s) | Temperatures: 65°C - 66°C - 73°C - 73°C - 65°C - 66°C - 74°C - 72°C | Throttling: None - None - None - None - None - None - None - None
1366 (1501932 Gflops/s) - 1366 (1501932 Gflops/s) - 1360 (1495335 Gflops/s) - 1342 (1475544 Gflops/s) - 1343 (1476644 Gflops/s) - 1360 (1495335 Gflops/s) - 1368 (1504131 Gflops/s) - 1339 (1472246 Gflops/s) | Temperatures: 65°C - 66°C - 73°C - 73°C - 65°C - 66°C - 74°C - 72°C | Throttling: None - None - None - None - None - None - None - None
1367 (1503032 Gflops/s) - 1367 (1503032 Gflops/s) - 1361 (1496435 Gflops/s) - 1344 (1477743 Gflops/s) - 1347 (1481042 Gflops/s) - 1361 (1496435 Gflops/s) - 1370 (1506330 Gflops/s) - 1337 (1470047 Gflops/s) | Temperatures: 65°C - 66°C - 73°C - 73°C - 65°C - 66°C - 74°C - 72°C | Throttling: None - None - None - None - None - None - None - None
1367 (1503032 Gflops/s) - 1369 (1505231 Gflops/s) - 1362 (1497534 Gflops/s) - 1344 (1477743 Gflops/s) - 1345 (1478843 Gflops/s) - 1362 (1497534 Gflops/s) - 1369 (1505231 Gflops/s) - 1341 (1474445 Gflops/s) | Temperatures: 65°C - 66°C - 73°C - 73°C - 65°C - 66°C - 74°C - 72°C | Throttling: None - None - None - None - None - None - None - None
1367 (1503032 Gflops/s) - 1367 (1503032 Gflops/s) - 1361 (1496435 Gflops/s) - 1343 (1476644 Gflops/s) - 1345 (1478843 Gflops/s) - 1362 (1497534 Gflops/s) - 1369 (1505231 Gflops/s) - 1340 (1473345 Gflops/s) | Temperatures: 65°C - 66°C - 73°C - 73°C - 65°C - 66°C - 74°C - 72°C | Throttling: None - None - None - None - None - None - None - None
1363 (1498634 Gflops/s) - 1369 (1505231 Gflops/s) - 1361 (1496435 Gflops/s) - 1343 (1476644 Gflops/s) - 1343 (1476644 Gflops/s) - 1361 (1496435 Gflops/s) - 1369 (1505231 Gflops/s) - 1336 (1468947 Gflops/s) | Temperatures: 65°C - 66°C - 73°C - 73°C - 65°C - 66°C - 74°C - 72°C | Throttling: None - None - None - None - None - None - None - None
1366 (1501932 Gflops/s) - 1367 (1503032 Gflops/s) - 1362 (1497534 Gflops/s) - 1342 (1475544 Gflops/s) - 1346 (1479942 Gflops/s) - 1361 (1496435 Gflops/s) - 1370 (1506330 Gflops/s) - 1344 (1477743 Gflops/s) | Temperatures: 65°C - 66°C - 73°C - 73°C - 65°C - 66°C - 74°C - 72°C | Throttling: None - None - None - None - None - None - None - None
1368 (1504131 Gflops/s) - 1368 (1504131 Gflops/s) - 1361 (1496435 Gflops/s) - 1344 (1477743 Gflops/s) - 1346 (1479942 Gflops/s) - 1362 (1497534 Gflops/s) - 1369 (1505231 Gflops/s) - 1338 (1471146 Gflops/s) | Temperatures: 65°C - 66°C - 73°C - 73°C - 65°C - 66°C - 74°C - 72°C | Throttling: None - None - None - None - None - None - None - None
1366 (1501932 Gflops/s) - 1367 (1503032 Gflops/s) - 1362 (1497534 Gflops/s) - 1344 (1477743 Gflops/s) - 1346 (1479942 Gflops/s) - 1362 (1497534 Gflops/s) - 1370 (1506330 Gflops/s) - 1343 (1476644 Gflops/s) | Temperatures: 65°C - 66°C - 73°C - 73°C - 65°C - 66°C - 74°C - 72°C | Throttling: None - None - None - None - None - None - None - None
1367 (1503032 Gflops/s) - 1369 (1505231 Gflops/s) - 1362 (1497534 Gflops/s) - 1345 (1478843 Gflops/s) - 1346 (1479942 Gflops/s) - 1362 (1497534 Gflops/s) - 1369 (1505231 Gflops/s) - 1341 (1474445 Gflops/s) | Temperatures: 65°C - 66°C - 73°C - 73°C - 65°C - 66°C - 74°C - 72°C | Throttling: None - None - None - None - None - None - None - None
1364 (1499733 Gflops/s) - 1366 (1501932 Gflops/s) - 1360 (1495335 Gflops/s) - 1343 (1476644 Gflops/s) - 1343 (1476644 Gflops/s) - 1361 (1496435 Gflops/s) - 1368 (1504131 Gflops/s) - 1336 (1468947 Gflops/s) | Temperatures: 65°C - 66°C - 72°C - 73°C - 65°C - 66°C - 74°C - 72°C | Throttling: None - None - None - None - None - None - None - None
1366 (1501932 Gflops/s) - 1367 (1503032 Gflops/s) - 1362 (1497534 Gflops/s) - 1345 (1478843 Gflops/s) - 1345 (1478843 Gflops/s) - 1362 (1497534 Gflops/s) - 1370 (1506330 Gflops/s) - 1339 (1472246 Gflops/s) | Temperatures: 65°C - 66°C - 72°C - 73°C - 65°C - 66°C - 74°C - 72°C | Throttling: None - None - None - None - None - None - None - None
1367 (1503032 Gflops/s) - 1368 (1504131 Gflops/s) - 1361 (1496435 Gflops/s) - 1345 (1478843 Gflops/s) - 1346 (1479942 Gflops/s) - 1361 (1496435 Gflops/s) - 1370 (1506330 Gflops/s) - 1341 (1474445 Gflops/s) | Temperatures: 65°C - 66°C - 73°C - 73°C - 65°C - 66°C - 74°C - 72°C | Throttling: None - None - None - None - None - None - None - None
1366 (1501932 Gflops/s) - 1368 (1504131 Gflops/s) - 1362 (1497534 Gflops/s) - 1346 (1479942 Gflops/s) - 1347 (1481042 Gflops/s) - 1362 (1497534 Gflops/s) - 1369 (1505231 Gflops/s) - 1339 (1472246 Gflops/s) | Temperatures: 65°C - 66°C - 73°C - 73°C - 65°C - 66°C - 74°C - 72°C | Throttling: None - None - None - None - None - None - None - None
1365 (1500833 Gflops/s) - 1366 (1501932 Gflops/s) - 1361 (1496435 Gflops/s) - 1342 (1475544 Gflops/s) - 1345 (1478843 Gflops/s) - 1362 (1497534 Gflops/s) - 1369 (1505231 Gflops/s) - 1339 (1472246 Gflops/s) | Temperatures: 65°C - 66°C - 73°C - 73°C - 65°C - 66°C - 74°C - 72°C | Throttling: None - None - None - None - None - None - None - None
1367 (1503032 Gflops/s) - 1366 (1501932 Gflops/s) - 1362 (1497534 Gflops/s) - 1345 (1478843 Gflops/s) - 1345 (1478843 Gflops/s) - 1361 (1496435 Gflops/s) - 1369 (1505231 Gflops/s) - 1343 (1476644 Gflops/s) | Temperatures: 65°C - 66°C - 72°C - 73°C - 65°C - 66°C - 74°C - 72°C | Throttling: None - None - None - None - None - None - None - None
1367 (1503032 Gflops/s) - 1368 (1504131 Gflops/s) - 1361 (1496435 Gflops/s) - 1344 (1477743 Gflops/s) - 1345 (1478843 Gflops/s) - 1362 (1497534 Gflops/s) - 1370 (1506330 Gflops/s) - 1342 (1475544 Gflops/s) | Temperatures: 65°C - 66°C - 72°C - 73°C - 65°C - 66°C - 74°C - 72°C | Throttling: None - None - None - None - None - None - None - None
1366 (1501932 Gflops/s) - 1368 (1504131 Gflops/s) - 1362 (1497534 Gflops/s) - 1344 (1477743 Gflops/s) - 1348 (1482141 Gflops/s) - 1361 (1496435 Gflops/s) - 1369 (1505231 Gflops/s) - 1341 (1474445 Gflops/s) | Temperatures: 65°C - 66°C - 73°C - 73°C - 65°C - 66°C - 74°C - 72°C | Throttling: None - None - None - None - None - None - None - None
1366 (1501932 Gflops/s) - 1367 (1503032 Gflops/s) - 1362 (1497534 Gflops/s) - 1343 (1476644 Gflops/s) - 1344 (1477743 Gflops/s) - 1361 (1496435 Gflops/s) - 1370 (1506330 Gflops/s) - 1341 (1474445 Gflops/s) | Temperatures: 65°C - 66°C - 73°C - 73°C - 65°C - 66°C - 74°C - 72°C | Throttling: None - None - None - None - None - None - None - None
1365 (1500833 Gflops/s) - 1366 (1501932 Gflops/s) - 1360 (1495335 Gflops/s) - 1345 (1478843 Gflops/s) - 1345 (1478843 Gflops/s) - 1360 (1495335 Gflops/s) - 1368 (1504131 Gflops/s) - 1339 (1472246 Gflops/s) | Temperatures: 65°C - 66°C - 73°C - 73°C - 65°C - 66°C - 74°C - 72°C | Throttling: None - None - None - None - None - None - None - None
1367 (1503032 Gflops/s) - 1367 (1503032 Gflops/s) - 1362 (1497534 Gflops/s) - 1345 (1478843 Gflops/s) - 1346 (1479942 Gflops/s) - 1361 (1496435 Gflops/s) - 1370 (1506330 Gflops/s) - 1339 (1472246 Gflops/s) | Temperatures: 65°C - 66°C - 73°C - 73°C - 65°C - 66°C - 74°C - 72°C | Throttling: None - None - None - None - None - None - None - None
1366 (1501932 Gflops/s) - 1369 (1505231 Gflops/s) - 1361 (1496435 Gflops/s) - 1344 (1477743 Gflops/s) - 1346 (1479942 Gflops/s) - 1361 (1496435 Gflops/s) - 1369 (1505231 Gflops/s) - 1335 (1467848 Gflops/s) | Temperatures: 65°C - 66°C - 72°C - 73°C - 65°C - 66°C - 74°C - 72°C | Throttling: None - None - None - None - None - None - None - None
1366 (1501932 Gflops/s) - 1366 (1501932 Gflops/s) - 1362 (1497534 Gflops/s) - 1344 (1477743 Gflops/s) - 1347 (1481042 Gflops/s) - 1362 (1497534 Gflops/s) - 1370 (1506330 Gflops/s) - 1344 (1477743 Gflops/s) | Temperatures: 65°C - 66°C - 73°C - 73°C - 65°C - 66°C - 74°C - 72°C | Throttling: None - None - None - None - None - None - None - None
1365 (1500833 Gflops/s) - 1367 (1503032 Gflops/s) - 1361 (1496435 Gflops/s) - 1342 (1475544 Gflops/s) - 1346 (1479942 Gflops/s) - 1360 (1495335 Gflops/s) - 1369 (1505231 Gflops/s) - 1336 (1468947 Gflops/s) | Temperatures: 65°C - 66°C - 73°C - 73°C - 65°C - 66°C - 74°C - 72°C | Throttling: None - None - None - None - None - None - None - None
1367 (1503032 Gflops/s) - 1367 (1503032 Gflops/s) - 1361 (1496435 Gflops/s) - 1344 (1477743 Gflops/s) - 1344 (1477743 Gflops/s) - 1362 (1497534 Gflops/s) - 1369 (1505231 Gflops/s) - 1339 (1472246 Gflops/s) | Temperatures: 65°C - 66°C - 73°C - 73°C - 65°C - 66°C - 74°C - 72°C | Throttling: None - None - None - None - None - None - None - None
1366 (1501932 Gflops/s) - 1367 (1503032 Gflops/s) - 1362 (1497534 Gflops/s) - 1343 (1476644 Gflops/s) - 1346 (1479942 Gflops/s) - 1361 (1496435 Gflops/s) - 1370 (1506330 Gflops/s) - 1340 (1473345 Gflops/s) | Temperatures: 65°C - 66°C - 73°C - 73°C - 65°C - 66°C - 74°C - 72°C | Throttling: None - None - None - None - None - None - None - None
1366 (1501932 Gflops/s) - 1368 (1504131 Gflops/s) - 1362 (1497534 Gflops/s) - 1343 (1476644 Gflops/s) - 1346 (1479942 Gflops/s) - 1362 (1497534 Gflops/s) - 1369 (1505231 Gflops/s) - 1341 (1474445 Gflops/s) | Temperatures: 65°C - 66°C - 73°C - 73°C - 65°C - 66°C - 74°C - 72°C | Throttling: None - None - None - None - None - None - None - None
1366 (1501932 Gflops/s) - 1368 (1504131 Gflops/s) - 1363 (1498634 Gflops/s) - 1345 (1478843 Gflops/s) - 1347 (1481042 Gflops/s) - 1361 (1496435 Gflops/s) - 1370 (1506330 Gflops/s) - 1337 (1470047 Gflops/s) | Temperatures: 65°C - 66°C - 73°C - 73°C - 65°C - 66°C - 74°C - 72°C | Throttling: None - None - None - None - None - None - None - None
1366 (1501932 Gflops/s) - 1366 (1501932 Gflops/s) - 1360 (1495335 Gflops/s) - 1342 (1475544 Gflops/s) - 1346 (1479942 Gflops/s) - 1359 (1494236 Gflops/s) - 1368 (1504131 Gflops/s) - 1338 (1471146 Gflops/s) | Temperatures: 65°C - 66°C - 72°C - 73°C - 65°C - 66°C - 74°C - 72°C | Throttling: None - None - None - None - None - None - None - None
1366 (1501932 Gflops/s) - 1367 (1503032 Gflops/s) - 1362 (1497534 Gflops/s) - 1344 (1477743 Gflops/s) - 1345 (1478843 Gflops/s) - 1360 (1495335 Gflops/s) - 1369 (1505231 Gflops/s) - 1340 (1473345 Gflops/s) | Temperatures: 65°C - 66°C - 72°C - 73°C - 65°C - 66°C - 74°C - 72°C | Throttling: None - None - None - None - None - None - None - None
1366 (1501932 Gflops/s) - 1368 (1504131 Gflops/s) - 1362 (1497534 Gflops/s) - 1344 (1477743 Gflops/s) - 1347 (1481042 Gflops/s) - 1362 (1497534 Gflops/s) - 1370 (1506330 Gflops/s) - 1339 (1472246 Gflops/s) | Temperatures: 65°C - 66°C - 73°C - 73°C - 65°C - 66°C - 74°C - 72°C | Throttling: None - None - None - None - None - None - None - None
1113 (1223756 Gflops/s) - 912 (1002754 Gflops/s) - 1015 (1116004 Gflops/s) - 1343 (1476644 Gflops/s) - 735 (808141 Gflops/s) - 1363 (1498634 Gflops/s) - 1369 (1505231 Gflops/s) - 1339 (1472246 Gflops/s) | Temperatures: 65°C - 66°C - 73°C - 73°C - 65°C - 66°C - 74°C - 72°C | Throttling: None - None - None - None - None - None - None - None
GPU #0: 1501430 Gflops/s (min: 1223756.44, max: 1510728.98, dev: 16402.40)
         Temperature: 65.14°C (min: 64.00, max: 66.00)
         Throttling HW: false, Thermal SW: false, Thermal HW: false
GPU #1: 1501239 Gflops/s (min: 1002754.60, max: 1506330.93, dev: 29266.59)
         Temperature: 65.94°C (min: 64.00, max: 67.00)
         Throttling HW: false, Thermal SW: false, Thermal HW: false
GPU #2: 1495993 Gflops/s (min: 1116004.30, max: 1507430.44, dev: 22348.10)
         Temperature: 72.72°C (min: 69.00, max: 73.00)
         Throttling HW: false, Thermal SW: false, Thermal HW: false
GPU #3: 1477383 Gflops/s (min: 1473345.58, max: 1486539.72, dev: 2549.96)
         Temperature: 72.82°C (min: 70.00, max: 74.00)
         Throttling HW: false, Thermal SW: false, Thermal HW: false
GPU #4: 1477368 Gflops/s (min: 808141.05, max: 1492037.28, dev: 39363.94)
         Temperature: 65.53°C (min: 64.00, max: 66.00)
         Throttling HW: false, Thermal SW: false, Thermal HW: false
GPU #5: 1496304 Gflops/s (min: 1490937.77, max: 1500833.37, dev: 1459.94)
         Temperature: 66.62°C (min: 65.00, max: 67.00)
         Throttling HW: false, Thermal SW: false, Thermal HW: false
GPU #6: 1505243 Gflops/s (min: 1498634.35, max: 1509629.46, dev: 1341.95)
         Temperature: 74.44°C (min: 71.00, max: 75.00)
         Throttling HW: false, Thermal SW: false, Thermal HW: false
GPU #7: 1471694 Gflops/s (min: 1466748.51, max: 1478843.14, dev: 2915.61)
         Temperature: 71.87°C (min: 69.00, max: 73.00)
         Throttling HW: false, Thermal SW: false, Thermal HW: false
All GPUs seem healthy
Freeing GPUs...
======== Run with fp8  ==========
Detected GPU #0: "NVIDIA B200" (bfed9e16-9b6b-aa1b-4bb8-d19437694839)
Detected GPU #1: "NVIDIA B200" (8323954e-a172-6dc0-c488-e99136f3efa6)
Detected GPU #2: "NVIDIA B200" (23c05ee8-cc17-67b6-c14a-15922905ddd1)
Detected GPU #3: "NVIDIA B200" (2739e314-cbe5-9769-4cf3-26955764be69)
Detected GPU #4: "NVIDIA B200" (710c6713-6139-f743-e905-ffbec912fa0c)
Detected GPU #5: "NVIDIA B200" (c8cd4819-eb4e-0dbf-824e-9c025f2a4383)
Detected GPU #6: "NVIDIA B200" (c968a5a0-84e8-d941-8865-9c82a93c7758)
Detected GPU #7: "NVIDIA B200" (336cd97f-fd6d-8431-f618-0efcff34e55d)
Using precision(s):   FP8
GPU #0: Using 163800 MB
GPU #1: Using 163800 MB
GPU #2: Using 163800 MB
GPU #3: Using 163800 MB
GPU #4: Using 163800 MB
GPU #5: Using 163800 MB
GPU #6: Using 163800 MB
GPU #7: Using 163800 MB
Creating random matrices
Matrices created
2412 (2652022 Gflops/s) - 2132 (2344158 Gflops/s) - 2065 (2270491 Gflops/s) - 1839 (2022001 Gflops/s) - 2136 (2348556 Gflops/s) - 2111 (2321069 Gflops/s) - 1722 (1893359 Gflops/s) - 1852 (2036295 Gflops/s) | Temperatures: 55°C - 55°C - 58°C - 58°C - 55°C - 56°C - 59°C - 59°C | Throttling: None - None - None - None - None - None - None - None
3773 (4148457 Gflops/s) - 3767 (4141860 Gflops/s) - 3775 (4150656 Gflops/s) - 3760 (4134163 Gflops/s) - 3771 (4146258 Gflops/s) - 3764 (4138561 Gflops/s) - 3781 (4157253 Gflops/s) - 3718 (4087984 Gflops/s) | Temperatures: 59°C - 60°C - 64°C - 64°C - 59°C - 60°C - 64°C - 63°C | Throttling: None - None - None - None - None - None - None - None
3772 (4147357 Gflops/s) - 3765 (4139661 Gflops/s) - 3774 (4149556 Gflops/s) - 3735 (4106675 Gflops/s) - 3763 (4137462 Gflops/s) - 3763 (4137462 Gflops/s) - 3776 (4151755 Gflops/s) - 3708 (4076989 Gflops/s) | Temperatures: 61°C - 61°C - 66°C - 66°C - 61°C - 62°C - 67°C - 65°C | Throttling: None - None - None - None - None - None - None - None
3771 (4146258 Gflops/s) - 3765 (4139661 Gflops/s) - 3775 (4150656 Gflops/s) - 3740 (4112173 Gflops/s) - 3761 (4135263 Gflops/s) - 3758 (4131964 Gflops/s) - 3775 (4150656 Gflops/s) - 3691 (4058297 Gflops/s) | Temperatures: 62°C - 62°C - 67°C - 68°C - 62°C - 63°C - 68°C - 67°C | Throttling: None - None - None - None - None - None - None - None
3771 (4146258 Gflops/s) - 3764 (4138561 Gflops/s) - 3769 (4144059 Gflops/s) - 3737 (4108874 Gflops/s) - 3755 (4128666 Gflops/s) - 3756 (4129765 Gflops/s) - 3774 (4149556 Gflops/s) - 3688 (4054998 Gflops/s) | Temperatures: 63°C - 63°C - 68°C - 69°C - 63°C - 63°C - 69°C - 67°C | Throttling: None - None - None - None - None - None - None - None
3771 (4146258 Gflops/s) - 3764 (4138561 Gflops/s) - 3764 (4138561 Gflops/s) - 3726 (4096780 Gflops/s) - 3756 (4129765 Gflops/s) - 3761 (4135263 Gflops/s) - 3773 (4148457 Gflops/s) - 3686 (4052799 Gflops/s) | Temperatures: 63°C - 63°C - 69°C - 69°C - 63°C - 64°C - 70°C - 68°C | Throttling: None - None - None - None - None - None - None - None
3771 (4146258 Gflops/s) - 3767 (4141860 Gflops/s) - 3763 (4137462 Gflops/s) - 3729 (4100078 Gflops/s) - 3758 (4131964 Gflops/s) - 3763 (4137462 Gflops/s) - 3773 (4148457 Gflops/s) - 3687 (4053899 Gflops/s) | Temperatures: 63°C - 64°C - 69°C - 69°C - 63°C - 64°C - 71°C - 68°C | Throttling: None - None - None - None - None - None - None - None
3767 (4141860 Gflops/s) - 3763 (4137462 Gflops/s) - 3757 (4130865 Gflops/s) - 3720 (4090183 Gflops/s) - 3755 (4128666 Gflops/s) - 3760 (4134163 Gflops/s) - 3768 (4142959 Gflops/s) - 3684 (4050600 Gflops/s) | Temperatures: 63°C - 64°C - 69°C - 70°C - 64°C - 64°C - 71°C - 69°C | Throttling: None - None - None - None - None - None - None - None
3767 (4141860 Gflops/s) - 3762 (4136362 Gflops/s) - 3755 (4128666 Gflops/s) - 3728 (4098979 Gflops/s) - 3756 (4129765 Gflops/s) - 3757 (4130865 Gflops/s) - 3765 (4139661 Gflops/s) - 3681 (4047302 Gflops/s) | Temperatures: 63°C - 64°C - 70°C - 70°C - 64°C - 65°C - 71°C - 69°C | Throttling: None - None - None - None - None - None - None - None
3765 (4139661 Gflops/s) - 3761 (4135263 Gflops/s) - 3754 (4127566 Gflops/s) - 3719 (4089083 Gflops/s) - 3754 (4127566 Gflops/s) - 3759 (4133064 Gflops/s) - 3763 (4137462 Gflops/s) - 3681 (4047302 Gflops/s) | Temperatures: 63°C - 64°C - 70°C - 70°C - 64°C - 65°C - 71°C - 69°C | Throttling: None - None - None - None - None - None - None - None
3766 (4140760 Gflops/s) - 3761 (4135263 Gflops/s) - 3752 (4125367 Gflops/s) - 3725 (4095680 Gflops/s) - 3754 (4127566 Gflops/s) - 3758 (4131964 Gflops/s) - 3762 (4136362 Gflops/s) - 3681 (4047302 Gflops/s) | Temperatures: 63°C - 64°C - 70°C - 70°C - 64°C - 65°C - 72°C - 69°C | Throttling: None - None - None - None - None - None - None - None
3767 (4141860 Gflops/s) - 3761 (4135263 Gflops/s) - 3753 (4126467 Gflops/s) - 3717 (4086884 Gflops/s) - 3755 (4128666 Gflops/s) - 3762 (4136362 Gflops/s) - 3763 (4137462 Gflops/s) - 3682 (4048401 Gflops/s) | Temperatures: 63°C - 64°C - 70°C - 70°C - 64°C - 65°C - 72°C - 69°C | Throttling: None - None - None - None - None - None - None - None
3767 (4141860 Gflops/s) - 3762 (4136362 Gflops/s) - 3753 (4126467 Gflops/s) - 3710 (4079188 Gflops/s) - 3755 (4128666 Gflops/s) - 3759 (4133064 Gflops/s) - 3761 (4135263 Gflops/s) - 3681 (4047302 Gflops/s) | Temperatures: 63°C - 64°C - 70°C - 70°C - 64°C - 65°C - 72°C - 70°C | Throttling: None - None - None - None - None - None - None - None
3766 (4140760 Gflops/s) - 3762 (4136362 Gflops/s) - 3753 (4126467 Gflops/s) - 3710 (4079188 Gflops/s) - 3755 (4128666 Gflops/s) - 3759 (4133064 Gflops/s) - 3762 (4136362 Gflops/s) - 3681 (4047302 Gflops/s) | Temperatures: 63°C - 64°C - 70°C - 71°C - 64°C - 65°C - 72°C - 70°C | Throttling: None - None - None - None - None - None - None - None
3770 (4145158 Gflops/s) - 3765 (4139661 Gflops/s) - 3757 (4130865 Gflops/s) - 3726 (4096780 Gflops/s) - 3758 (4131964 Gflops/s) - 3762 (4136362 Gflops/s) - 3764 (4138561 Gflops/s) - 3684 (4050600 Gflops/s) | Temperatures: 63°C - 64°C - 70°C - 71°C - 64°C - 64°C - 72°C - 70°C | Throttling: None - None - None - None - None - None - None - None
3766 (4140760 Gflops/s) - 3762 (4136362 Gflops/s) - 3753 (4126467 Gflops/s) - 3710 (4079188 Gflops/s) - 3755 (4128666 Gflops/s) - 3759 (4133064 Gflops/s) - 3761 (4135263 Gflops/s) - 3682 (4048401 Gflops/s) | Temperatures: 63°C - 64°C - 70°C - 70°C - 64°C - 64°C - 72°C - 70°C | Throttling: None - None - None - None - None - None - None - None
3767 (4141860 Gflops/s) - 3761 (4135263 Gflops/s) - 3753 (4126467 Gflops/s) - 3713 (4082486 Gflops/s) - 3755 (4128666 Gflops/s) - 3760 (4134163 Gflops/s) - 3760 (4134163 Gflops/s) - 3680 (4046202 Gflops/s) | Temperatures: 63°C - 64°C - 70°C - 71°C - 63°C - 64°C - 72°C - 70°C | Throttling: None - None - None - None - None - None - None - None
3766 (4140760 Gflops/s) - 3763 (4137462 Gflops/s) - 3753 (4126467 Gflops/s) - 3715 (4084685 Gflops/s) - 3755 (4128666 Gflops/s) - 3760 (4134163 Gflops/s) - 3760 (4134163 Gflops/s) - 3680 (4046202 Gflops/s) | Temperatures: 63°C - 64°C - 70°C - 71°C - 64°C - 64°C - 72°C - 70°C | Throttling: None - None - None - None - None - None - None - None
3767 (4141860 Gflops/s) - 3762 (4136362 Gflops/s) - 3753 (4126467 Gflops/s) - 3715 (4084685 Gflops/s) - 3754 (4127566 Gflops/s) - 3758 (4131964 Gflops/s) - 3760 (4134163 Gflops/s) - 3680 (4046202 Gflops/s) | Temperatures: 63°C - 64°C - 70°C - 70°C - 63°C - 64°C - 72°C - 70°C | Throttling: None - None - None - None - None - None - None - None
3766 (4140760 Gflops/s) - 3762 (4136362 Gflops/s) - 3753 (4126467 Gflops/s) - 3712 (4081387 Gflops/s) - 3756 (4129765 Gflops/s) - 3760 (4134163 Gflops/s) - 3760 (4134163 Gflops/s) - 3681 (4047302 Gflops/s) | Temperatures: 63°C - 64°C - 70°C - 70°C - 63°C - 64°C - 72°C - 70°C | Throttling: None - None - None - None - None - None - None - None
3766 (4140760 Gflops/s) - 3761 (4135263 Gflops/s) - 3753 (4126467 Gflops/s) - 3717 (4086884 Gflops/s) - 3755 (4128666 Gflops/s) - 3761 (4135263 Gflops/s) - 3760 (4134163 Gflops/s) - 3680 (4046202 Gflops/s) | Temperatures: 63°C - 64°C - 70°C - 70°C - 63°C - 64°C - 72°C - 69°C | Throttling: None - None - None - None - None - None - None - None
3767 (4141860 Gflops/s) - 3762 (4136362 Gflops/s) - 3753 (4126467 Gflops/s) - 3713 (4082486 Gflops/s) - 3754 (4127566 Gflops/s) - 3760 (4134163 Gflops/s) - 3760 (4134163 Gflops/s) - 3682 (4048401 Gflops/s) | Temperatures: 63°C - 64°C - 70°C - 70°C - 63°C - 64°C - 72°C - 70°C | Throttling: None - None - None - None - None - None - None - None
3765 (4139661 Gflops/s) - 3761 (4135263 Gflops/s) - 3752 (4125367 Gflops/s) - 3713 (4082486 Gflops/s) - 3755 (4128666 Gflops/s) - 3761 (4135263 Gflops/s) - 3759 (4133064 Gflops/s) - 3680 (4046202 Gflops/s) | Temperatures: 63°C - 64°C - 70°C - 71°C - 63°C - 64°C - 72°C - 70°C | Throttling: None - None - None - None - None - None - None - None
3767 (4141860 Gflops/s) - 3763 (4137462 Gflops/s) - 3754 (4127566 Gflops/s) - 3716 (4085785 Gflops/s) - 3756 (4129765 Gflops/s) - 3762 (4136362 Gflops/s) - 3759 (4133064 Gflops/s) - 3681 (4047302 Gflops/s) | Temperatures: 63°C - 64°C - 70°C - 71°C - 64°C - 64°C - 72°C - 70°C | Throttling: None - None - None - None - None - None - None - None
3766 (4140760 Gflops/s) - 3762 (4136362 Gflops/s) - 3753 (4126467 Gflops/s) - 3704 (4072591 Gflops/s) - 3754 (4127566 Gflops/s) - 3762 (4136362 Gflops/s) - 3760 (4134163 Gflops/s) - 3682 (4048401 Gflops/s) | Temperatures: 63°C - 64°C - 70°C - 70°C - 64°C - 64°C - 72°C - 70°C | Throttling: None - None - None - None - None - None - None - None
3766 (4140760 Gflops/s) - 3761 (4135263 Gflops/s) - 3752 (4125367 Gflops/s) - 3710 (4079188 Gflops/s) - 3754 (4127566 Gflops/s) - 3760 (4134163 Gflops/s) - 3759 (4133064 Gflops/s) - 3679 (4045103 Gflops/s) | Temperatures: 63°C - 64°C - 70°C - 70°C - 64°C - 64°C - 72°C - 70°C | Throttling: None - None - None - None - None - None - None - None
3766 (4140760 Gflops/s) - 3761 (4135263 Gflops/s) - 3753 (4126467 Gflops/s) - 3710 (4079188 Gflops/s) - 3756 (4129765 Gflops/s) - 3758 (4131964 Gflops/s) - 3759 (4133064 Gflops/s) - 3679 (4045103 Gflops/s) | Temperatures: 63°C - 64°C - 70°C - 71°C - 64°C - 64°C - 72°C - 70°C | Throttling: None - None - None - None - None - None - None - None
3770 (4145158 Gflops/s) - 3765 (4139661 Gflops/s) - 3756 (4129765 Gflops/s) - 3716 (4085785 Gflops/s) - 3759 (4133064 Gflops/s) - 3767 (4141860 Gflops/s) - 3763 (4137462 Gflops/s) - 3682 (4048401 Gflops/s) | Temperatures: 63°C - 64°C - 71°C - 71°C - 64°C - 65°C - 72°C - 70°C | Throttling: None - None - None - None - None - None - None - None
3766 (4140760 Gflops/s) - 3762 (4136362 Gflops/s) - 3752 (4125367 Gflops/s) - 3710 (4079188 Gflops/s) - 3754 (4127566 Gflops/s) - 3759 (4133064 Gflops/s) - 3758 (4131964 Gflops/s) - 3680 (4046202 Gflops/s) | Temperatures: 63°C - 64°C - 71°C - 71°C - 64°C - 65°C - 72°C - 70°C | Throttling: None - None - None - None - None - None - None - None
3766 (4140760 Gflops/s) - 3761 (4135263 Gflops/s) - 3753 (4126467 Gflops/s) - 3707 (4075889 Gflops/s) - 3753 (4126467 Gflops/s) - 3762 (4136362 Gflops/s) - 3757 (4130865 Gflops/s) - 3679 (4045103 Gflops/s) | Temperatures: 63°C - 64°C - 71°C - 71°C - 64°C - 65°C - 72°C - 70°C | Throttling: None - None - None - None - None - None - None - None
3766 (4140760 Gflops/s) - 3761 (4135263 Gflops/s) - 3753 (4126467 Gflops/s) - 3706 (4074790 Gflops/s) - 3753 (4126467 Gflops/s) - 3758 (4131964 Gflops/s) - 3758 (4131964 Gflops/s) - 3677 (4042904 Gflops/s) | Temperatures: 63°C - 64°C - 71°C - 71°C - 64°C - 65°C - 72°C - 70°C | Throttling: None - None - None - None - None - None - None - None
3766 (4140760 Gflops/s) - 3760 (4134163 Gflops/s) - 3752 (4125367 Gflops/s) - 3711 (4080287 Gflops/s) - 3753 (4126467 Gflops/s) - 3757 (4130865 Gflops/s) - 3759 (4133064 Gflops/s) - 3681 (4047302 Gflops/s) | Temperatures: 63°C - 64°C - 71°C - 71°C - 64°C - 65°C - 72°C - 70°C | Throttling: None - None - None - None - None - None - None - None
3765 (4139661 Gflops/s) - 3760 (4134163 Gflops/s) - 3752 (4125367 Gflops/s) - 3706 (4074790 Gflops/s) - 3755 (4128666 Gflops/s) - 3761 (4135263 Gflops/s) - 3758 (4131964 Gflops/s) - 3680 (4046202 Gflops/s) | Temperatures: 63°C - 64°C - 71°C - 71°C - 64°C - 65°C - 73°C - 70°C | Throttling: None - None - None - None - None - None - None - None
3766 (4140760 Gflops/s) - 3760 (4134163 Gflops/s) - 3752 (4125367 Gflops/s) - 3717 (4086884 Gflops/s) - 3754 (4127566 Gflops/s) - 3760 (4134163 Gflops/s) - 3757 (4130865 Gflops/s) - 3679 (4045103 Gflops/s) | Temperatures: 64°C - 64°C - 71°C - 71°C - 64°C - 65°C - 73°C - 70°C | Throttling: None - None - None - None - None - None - None - None
3766 (4140760 Gflops/s) - 3761 (4135263 Gflops/s) - 3752 (4125367 Gflops/s) - 3714 (4083586 Gflops/s) - 3754 (4127566 Gflops/s) - 3760 (4134163 Gflops/s) - 3758 (4131964 Gflops/s) - 3678 (4044003 Gflops/s) | Temperatures: 64°C - 64°C - 71°C - 71°C - 64°C - 65°C - 73°C - 70°C | Throttling: None - None - None - None - None - None - None - None
3770 (4145158 Gflops/s) - 3764 (4138561 Gflops/s) - 3757 (4130865 Gflops/s) - 3712 (4081387 Gflops/s) - 3757 (4130865 Gflops/s) - 3765 (4139661 Gflops/s) - 3762 (4136362 Gflops/s) - 3681 (4047302 Gflops/s) | Temperatures: 63°C - 64°C - 71°C - 71°C - 64°C - 65°C - 73°C - 70°C | Throttling: None - None - None - None - None - None - None - None
3766 (4140760 Gflops/s) - 3761 (4135263 Gflops/s) - 3750 (4123168 Gflops/s) - 3708 (4076989 Gflops/s) - 3754 (4127566 Gflops/s) - 3759 (4133064 Gflops/s) - 3758 (4131964 Gflops/s) - 3675 (4040705 Gflops/s) | Temperatures: 64°C - 64°C - 71°C - 71°C - 64°C - 65°C - 73°C - 70°C | Throttling: None - None - None - None - None - None - None - None
3766 (4140760 Gflops/s) - 3760 (4134163 Gflops/s) - 3752 (4125367 Gflops/s) - 3707 (4075889 Gflops/s) - 3754 (4127566 Gflops/s) - 3756 (4129765 Gflops/s) - 3758 (4131964 Gflops/s) - 3679 (4045103 Gflops/s) | Temperatures: 64°C - 64°C - 71°C - 71°C - 64°C - 65°C - 73°C - 70°C | Throttling: None - None - None - None - None - None - None - None
3766 (4140760 Gflops/s) - 3759 (4133064 Gflops/s) - 3751 (4124268 Gflops/s) - 3709 (4078088 Gflops/s) - 3752 (4125367 Gflops/s) - 3756 (4129765 Gflops/s) - 3757 (4130865 Gflops/s) - 3680 (4046202 Gflops/s) | Temperatures: 64°C - 64°C - 71°C - 71°C - 64°C - 65°C - 73°C - 70°C | Throttling: None - None - None - None - None - None - None - None
3766 (4140760 Gflops/s) - 3759 (4133064 Gflops/s) - 3751 (4124268 Gflops/s) - 3711 (4080287 Gflops/s) - 3755 (4128666 Gflops/s) - 3760 (4134163 Gflops/s) - 3758 (4131964 Gflops/s) - 3677 (4042904 Gflops/s) | Temperatures: 64°C - 64°C - 71°C - 71°C - 64°C - 65°C - 73°C - 70°C | Throttling: None - None - None - None - None - None - None - None
3766 (4140760 Gflops/s) - 3759 (4133064 Gflops/s) - 3752 (4125367 Gflops/s) - 3710 (4079188 Gflops/s) - 3755 (4128666 Gflops/s) - 3757 (4130865 Gflops/s) - 3758 (4131964 Gflops/s) - 3678 (4044003 Gflops/s) | Temperatures: 64°C - 64°C - 71°C - 71°C - 64°C - 65°C - 73°C - 70°C | Throttling: None - None - None - None - None - None - None - None
3766 (4140760 Gflops/s) - 3761 (4135263 Gflops/s) - 3752 (4125367 Gflops/s) - 3708 (4076989 Gflops/s) - 3753 (4126467 Gflops/s) - 3761 (4135263 Gflops/s) - 3757 (4130865 Gflops/s) - 3679 (4045103 Gflops/s) | Temperatures: 64°C - 64°C - 71°C - 71°C - 64°C - 65°C - 73°C - 70°C | Throttling: None - None - None - None - None - None - None - None
3765 (4139661 Gflops/s) - 3760 (4134163 Gflops/s) - 3750 (4123168 Gflops/s) - 3705 (4073690 Gflops/s) - 3755 (4128666 Gflops/s) - 3758 (4131964 Gflops/s) - 3758 (4131964 Gflops/s) - 3678 (4044003 Gflops/s) | Temperatures: 64°C - 64°C - 71°C - 71°C - 64°C - 65°C - 73°C - 70°C | Throttling: None - None - None - None - None - None - None - None
3767 (4141860 Gflops/s) - 3760 (4134163 Gflops/s) - 3753 (4126467 Gflops/s) - 3706 (4074790 Gflops/s) - 3755 (4128666 Gflops/s) - 3760 (4134163 Gflops/s) - 3758 (4131964 Gflops/s) - 3676 (4041804 Gflops/s) | Temperatures: 64°C - 64°C - 71°C - 71°C - 64°C - 65°C - 73°C - 70°C | Throttling: None - None - None - None - None - None - None - None
3769 (4144059 Gflops/s) - 3762 (4136362 Gflops/s) - 3754 (4127566 Gflops/s) - 3707 (4075889 Gflops/s) - 3758 (4131964 Gflops/s) - 3762 (4136362 Gflops/s) - 3762 (4136362 Gflops/s) - 3682 (4048401 Gflops/s) | Temperatures: 64°C - 64°C - 71°C - 71°C - 64°C - 65°C - 73°C - 70°C | Throttling: None - None - None - None - None - None - None - None
3766 (4140760 Gflops/s) - 3760 (4134163 Gflops/s) - 3751 (4124268 Gflops/s) - 3708 (4076989 Gflops/s) - 3754 (4127566 Gflops/s) - 3759 (4133064 Gflops/s) - 3758 (4131964 Gflops/s) - 3677 (4042904 Gflops/s) | Temperatures: 64°C - 65°C - 71°C - 71°C - 64°C - 65°C - 73°C - 70°C | Throttling: None - None - None - None - None - None - None - None
3766 (4140760 Gflops/s) - 3759 (4133064 Gflops/s) - 3750 (4123168 Gflops/s) - 3707 (4075889 Gflops/s) - 3752 (4125367 Gflops/s) - 3764 (4138561 Gflops/s) - 3757 (4130865 Gflops/s) - 3676 (4041804 Gflops/s) | Temperatures: 64°C - 65°C - 71°C - 71°C - 64°C - 65°C - 73°C - 70°C | Throttling: None - None - None - None - None - None - None - None
3766 (4140760 Gflops/s) - 3760 (4134163 Gflops/s) - 3751 (4124268 Gflops/s) - 3705 (4073690 Gflops/s) - 3753 (4126467 Gflops/s) - 3758 (4131964 Gflops/s) - 3758 (4131964 Gflops/s) - 3675 (4040705 Gflops/s) | Temperatures: 64°C - 65°C - 71°C - 71°C - 65°C - 65°C - 73°C - 71°C | Throttling: None - None - None - None - None - None - None - None
3766 (4140760 Gflops/s) - 3760 (4134163 Gflops/s) - 3750 (4123168 Gflops/s) - 3702 (4070392 Gflops/s) - 3755 (4128666 Gflops/s) - 3760 (4134163 Gflops/s) - 3758 (4131964 Gflops/s) - 3674 (4039605 Gflops/s) | Temperatures: 64°C - 65°C - 71°C - 71°C - 65°C - 65°C - 73°C - 71°C | Throttling: None - None - None - None - None - None - None - None
3766 (4140760 Gflops/s) - 3758 (4131964 Gflops/s) - 3749 (4122069 Gflops/s) - 3702 (4070392 Gflops/s) - 3755 (4128666 Gflops/s) - 3762 (4136362 Gflops/s) - 3757 (4130865 Gflops/s) - 3676 (4041804 Gflops/s) | Temperatures: 64°C - 65°C - 71°C - 72°C - 65°C - 66°C - 73°C - 71°C | Throttling: None - None - None - None - None - None - None - None
3766 (4140760 Gflops/s) - 3760 (4134163 Gflops/s) - 3752 (4125367 Gflops/s) - 3708 (4076989 Gflops/s) - 3754 (4127566 Gflops/s) - 3757 (4130865 Gflops/s) - 3757 (4130865 Gflops/s) - 3674 (4039605 Gflops/s) | Temperatures: 64°C - 65°C - 71°C - 72°C - 65°C - 65°C - 73°C - 71°C | Throttling: None - None - None - None - None - None - None - None
3766 (4140760 Gflops/s) - 3759 (4133064 Gflops/s) - 3749 (4122069 Gflops/s) - 3703 (4071491 Gflops/s) - 3754 (4127566 Gflops/s) - 3762 (4136362 Gflops/s) - 3758 (4131964 Gflops/s) - 3677 (4042904 Gflops/s) | Temperatures: 64°C - 65°C - 72°C - 72°C - 65°C - 66°C - 73°C - 71°C | Throttling: None - None - None - None - None - None - None - None
3766 (4140760 Gflops/s) - 3759 (4133064 Gflops/s) - 3748 (4120969 Gflops/s) - 3703 (4071491 Gflops/s) - 3754 (4127566 Gflops/s) - 3763 (4137462 Gflops/s) - 3757 (4130865 Gflops/s) - 3672 (4037406 Gflops/s) | Temperatures: 64°C - 65°C - 72°C - 72°C - 65°C - 66°C - 73°C - 71°C | Throttling: None - None - None - None - None - None - None - None
3770 (4145158 Gflops/s) - 3763 (4137462 Gflops/s) - 3754 (4127566 Gflops/s) - 3716 (4085785 Gflops/s) - 3756 (4129765 Gflops/s) - 3764 (4138561 Gflops/s) - 3762 (4136362 Gflops/s) - 3679 (4045103 Gflops/s) | Temperatures: 64°C - 65°C - 72°C - 72°C - 65°C - 66°C - 73°C - 71°C | Throttling: None - None - None - None - None - None - None - None
3766 (4140760 Gflops/s) - 3759 (4133064 Gflops/s) - 3749 (4122069 Gflops/s) - 3706 (4074790 Gflops/s) - 3752 (4125367 Gflops/s) - 3762 (4136362 Gflops/s) - 3758 (4131964 Gflops/s) - 3675 (4040705 Gflops/s) | Temperatures: 64°C - 65°C - 72°C - 72°C - 65°C - 66°C - 73°C - 71°C | Throttling: None - None - None - None - None - None - None - None
3766 (4140760 Gflops/s) - 3759 (4133064 Gflops/s) - 3748 (4120969 Gflops/s) - 3705 (4073690 Gflops/s) - 3753 (4126467 Gflops/s) - 3757 (4130865 Gflops/s) - 3757 (4130865 Gflops/s) - 3671 (4036307 Gflops/s) | Temperatures: 64°C - 65°C - 72°C - 72°C - 65°C - 66°C - 74°C - 71°C | Throttling: None - None - None - None - None - None - None - None
3766 (4140760 Gflops/s) - 3759 (4133064 Gflops/s) - 3748 (4120969 Gflops/s) - 3700 (4068193 Gflops/s) - 3753 (4126467 Gflops/s) - 3760 (4134163 Gflops/s) - 3758 (4131964 Gflops/s) - 3669 (4034108 Gflops/s) | Temperatures: 64°C - 65°C - 72°C - 72°C - 65°C - 66°C - 74°C - 71°C | Throttling: None - None - None - None - None - None - None - None
3766 (4140760 Gflops/s) - 3758 (4131964 Gflops/s) - 3748 (4120969 Gflops/s) - 3705 (4073690 Gflops/s) - 3754 (4127566 Gflops/s) - 3762 (4136362 Gflops/s) - 3757 (4130865 Gflops/s) - 3673 (4038506 Gflops/s) | Temperatures: 64°C - 65°C - 72°C - 72°C - 65°C - 66°C - 74°C - 71°C | Throttling: None - None - None - None - None - None - None - None
3766 (4140760 Gflops/s) - 3759 (4133064 Gflops/s) - 3747 (4119870 Gflops/s) - 3704 (4072591 Gflops/s) - 3753 (4126467 Gflops/s) - 3758 (4131964 Gflops/s) - 3757 (4130865 Gflops/s) - 3672 (4037406 Gflops/s) | Temperatures: 64°C - 65°C - 72°C - 72°C - 65°C - 66°C - 74°C - 71°C | Throttling: None - None - None - None - None - None - None - None
3766 (4140760 Gflops/s) - 3760 (4134163 Gflops/s) - 3748 (4120969 Gflops/s) - 3707 (4075889 Gflops/s) - 3755 (4128666 Gflops/s) - 3754 (4127566 Gflops/s) - 3758 (4131964 Gflops/s) - 3672 (4037406 Gflops/s) | Temperatures: 65°C - 65°C - 72°C - 72°C - 65°C - 66°C - 74°C - 71°C | Throttling: None - None - None - None - None - None - None - None
3766 (4140760 Gflops/s) - 3758 (4131964 Gflops/s) - 3748 (4120969 Gflops/s) - 3700 (4068193 Gflops/s) - 3754 (4127566 Gflops/s) - 3755 (4128666 Gflops/s) - 3756 (4129765 Gflops/s) - 3670 (4035207 Gflops/s) | Temperatures: 65°C - 65°C - 72°C - 72°C - 65°C - 66°C - 74°C - 71°C | Throttling: None - None - None - None - None - None - None - None
3766 (4140760 Gflops/s) - 3758 (4131964 Gflops/s) - 3747 (4119870 Gflops/s) - 3705 (4073690 Gflops/s) - 3754 (4127566 Gflops/s) - 3758 (4131964 Gflops/s) - 3756 (4129765 Gflops/s) - 3670 (4035207 Gflops/s) | Temperatures: 65°C - 65°C - 72°C - 72°C - 65°C - 66°C - 74°C - 71°C | Throttling: None - None - None - None - None - None - None - None
3766 (4140760 Gflops/s) - 3759 (4133064 Gflops/s) - 3748 (4120969 Gflops/s) - 3707 (4075889 Gflops/s) - 3754 (4127566 Gflops/s) - 3760 (4134163 Gflops/s) - 3756 (4129765 Gflops/s) - 3669 (4034108 Gflops/s) | Temperatures: 65°C - 65°C - 72°C - 72°C - 65°C - 66°C - 74°C - 71°C | Throttling: None - None - None - None - None - None - None - None
3766 (4140760 Gflops/s) - 3758 (4131964 Gflops/s) - 3746 (4118770 Gflops/s) - 3702 (4070392 Gflops/s) - 3752 (4125367 Gflops/s) - 3760 (4134163 Gflops/s) - 3757 (4130865 Gflops/s) - 3669 (4034108 Gflops/s) | Temperatures: 65°C - 65°C - 72°C - 72°C - 65°C - 66°C - 74°C - 71°C | Throttling: None - None - None - None - None - None - None - None
3766 (4140760 Gflops/s) - 3759 (4133064 Gflops/s) - 3747 (4119870 Gflops/s) - 3706 (4074790 Gflops/s) - 3756 (4129765 Gflops/s) - 3758 (4131964 Gflops/s) - 3756 (4129765 Gflops/s) - 3670 (4035207 Gflops/s) | Temperatures: 65°C - 65°C - 72°C - 72°C - 65°C - 66°C - 74°C - 71°C | Throttling: None - None - None - None - None - None - None - None
3769 (4144059 Gflops/s) - 3762 (4136362 Gflops/s) - 3749 (4122069 Gflops/s) - 3705 (4073690 Gflops/s) - 3757 (4130865 Gflops/s) - 3766 (4140760 Gflops/s) - 3758 (4131964 Gflops/s) - 3678 (4044003 Gflops/s) | Temperatures: 65°C - 65°C - 72°C - 72°C - 65°C - 66°C - 74°C - 71°C | Throttling: None - None - None - None - None - None - None - None
3766 (4140760 Gflops/s) - 3759 (4133064 Gflops/s) - 3746 (4118770 Gflops/s) - 3701 (4069292 Gflops/s) - 3751 (4124268 Gflops/s) - 3760 (4134163 Gflops/s) - 3755 (4128666 Gflops/s) - 3668 (4033008 Gflops/s) | Temperatures: 65°C - 65°C - 72°C - 72°C - 65°C - 66°C - 74°C - 71°C | Throttling: None - None - None - None - None - None - None - None
3766 (4140760 Gflops/s) - 3757 (4130865 Gflops/s) - 3747 (4119870 Gflops/s) - 3700 (4068193 Gflops/s) - 3754 (4127566 Gflops/s) - 3760 (4134163 Gflops/s) - 3755 (4128666 Gflops/s) - 3671 (4036307 Gflops/s) | Temperatures: 65°C - 65°C - 72°C - 72°C - 65°C - 66°C - 74°C - 71°C | Throttling: None - None - None - None - None - None - None - None
3766 (4140760 Gflops/s) - 3758 (4131964 Gflops/s) - 3747 (4119870 Gflops/s) - 3706 (4074790 Gflops/s) - 3752 (4125367 Gflops/s) - 3760 (4134163 Gflops/s) - 3756 (4129765 Gflops/s) - 3671 (4036307 Gflops/s) | Temperatures: 65°C - 65°C - 72°C - 72°C - 65°C - 66°C - 74°C - 71°C | Throttling: None - None - None - None - None - None - None - None
3766 (4140760 Gflops/s) - 3759 (4133064 Gflops/s) - 3746 (4118770 Gflops/s) - 3702 (4070392 Gflops/s) - 3755 (4128666 Gflops/s) - 3754 (4127566 Gflops/s) - 3755 (4128666 Gflops/s) - 3669 (4034108 Gflops/s) | Temperatures: 65°C - 65°C - 72°C - 72°C - 65°C - 66°C - 74°C - 71°C | Throttling: None - None - None - None - None - None - None - None
3766 (4140760 Gflops/s) - 3758 (4131964 Gflops/s) - 3747 (4119870 Gflops/s) - 3698 (4065993 Gflops/s) - 3752 (4125367 Gflops/s) - 3756 (4129765 Gflops/s) - 3755 (4128666 Gflops/s) - 3671 (4036307 Gflops/s) | Temperatures: 65°C - 65°C - 72°C - 72°C - 65°C - 66°C - 74°C - 71°C | Throttling: None - None - None - None - None - None - None - None
3766 (4140760 Gflops/s) - 3758 (4131964 Gflops/s) - 3746 (4118770 Gflops/s) - 3706 (4074790 Gflops/s) - 3752 (4125367 Gflops/s) - 3755 (4128666 Gflops/s) - 3753 (4126467 Gflops/s) - 3672 (4037406 Gflops/s) | Temperatures: 65°C - 65°C - 72°C - 72°C - 65°C - 66°C - 74°C - 71°C | Throttling: None - None - None - None - None - None - None - None
3766 (4140760 Gflops/s) - 3759 (4133064 Gflops/s) - 3746 (4118770 Gflops/s) - 3702 (4070392 Gflops/s) - 3756 (4129765 Gflops/s) - 3750 (4123168 Gflops/s) - 3753 (4126467 Gflops/s) - 3669 (4034108 Gflops/s) | Temperatures: 65°C - 65°C - 72°C - 72°C - 65°C - 66°C - 74°C - 71°C | Throttling: None - None - None - None - None - None - None - None
3766 (4140760 Gflops/s) - 3757 (4130865 Gflops/s) - 3747 (4119870 Gflops/s) - 3701 (4069292 Gflops/s) - 3754 (4127566 Gflops/s) - 3760 (4134163 Gflops/s) - 3755 (4128666 Gflops/s) - 3669 (4034108 Gflops/s) | Temperatures: 65°C - 65°C - 72°C - 72°C - 65°C - 66°C - 74°C - 71°C | Throttling: None - None - None - None - None - None - None - None
3766 (4140760 Gflops/s) - 3758 (4131964 Gflops/s) - 3746 (4118770 Gflops/s) - 3698 (4065993 Gflops/s) - 3755 (4128666 Gflops/s) - 3756 (4129765 Gflops/s) - 3753 (4126467 Gflops/s) - 3668 (4033008 Gflops/s) | Temperatures: 65°C - 65°C - 72°C - 72°C - 65°C - 66°C - 74°C - 71°C | Throttling: None - None - None - None - None - None - None - None
3766 (4140760 Gflops/s) - 3758 (4131964 Gflops/s) - 3745 (4117671 Gflops/s) - 3703 (4071491 Gflops/s) - 3751 (4124268 Gflops/s) - 3761 (4135263 Gflops/s) - 3753 (4126467 Gflops/s) - 3667 (4031909 Gflops/s) | Temperatures: 65°C - 65°C - 72°C - 72°C - 65°C - 66°C - 74°C - 71°C | Throttling: None - None - None - None - None - None - None - None
3770 (4145158 Gflops/s) - 3760 (4134163 Gflops/s) - 3750 (4123168 Gflops/s) - 3704 (4072591 Gflops/s) - 3757 (4130865 Gflops/s) - 3760 (4134163 Gflops/s) - 3757 (4130865 Gflops/s) - 3671 (4036307 Gflops/s) | Temperatures: 65°C - 65°C - 72°C - 72°C - 65°C - 66°C - 74°C - 71°C | Throttling: None - None - None - None - None - None - None - None
3766 (4140760 Gflops/s) - 3759 (4133064 Gflops/s) - 3747 (4119870 Gflops/s) - 3704 (4072591 Gflops/s) - 3753 (4126467 Gflops/s) - 3757 (4130865 Gflops/s) - 3752 (4125367 Gflops/s) - 3668 (4033008 Gflops/s) | Temperatures: 65°C - 65°C - 72°C - 72°C - 65°C - 66°C - 74°C - 71°C | Throttling: None - None - None - None - None - None - None - None
3765 (4139661 Gflops/s) - 3758 (4131964 Gflops/s) - 3746 (4118770 Gflops/s) - 3707 (4075889 Gflops/s) - 3750 (4123168 Gflops/s) - 3756 (4129765 Gflops/s) - 3751 (4124268 Gflops/s) - 3667 (4031909 Gflops/s) | Temperatures: 65°C - 66°C - 72°C - 72°C - 65°C - 66°C - 74°C - 71°C | Throttling: None - None - None - None - None - None - None - None
3767 (4141860 Gflops/s) - 3757 (4130865 Gflops/s) - 3747 (4119870 Gflops/s) - 3699 (4067093 Gflops/s) - 3752 (4125367 Gflops/s) - 3755 (4128666 Gflops/s) - 3752 (4125367 Gflops/s) - 3666 (4030809 Gflops/s) | Temperatures: 65°C - 66°C - 72°C - 72°C - 65°C - 66°C - 74°C - 71°C | Throttling: None - None - None - None - None - None - None - None
3765 (4139661 Gflops/s) - 3759 (4133064 Gflops/s) - 3745 (4117671 Gflops/s) - 3701 (4069292 Gflops/s) - 3755 (4128666 Gflops/s) - 3762 (4136362 Gflops/s) - 3755 (4128666 Gflops/s) - 3666 (4030809 Gflops/s) | Temperatures: 65°C - 66°C - 72°C - 72°C - 66°C - 66°C - 74°C - 71°C | Throttling: None - None - None - None - None - None - None - None
3766 (4140760 Gflops/s) - 3757 (4130865 Gflops/s) - 3745 (4117671 Gflops/s) - 3695 (4062695 Gflops/s) - 3747 (4119870 Gflops/s) - 3758 (4131964 Gflops/s) - 3751 (4124268 Gflops/s) - 3664 (4028610 Gflops/s) | Temperatures: 65°C - 66°C - 72°C - 72°C - 65°C - 66°C - 74°C - 71°C | Throttling: None - None - None - None - None - None - None - None
3766 (4140760 Gflops/s) - 3757 (4130865 Gflops/s) - 3747 (4119870 Gflops/s) - 3703 (4071491 Gflops/s) - 3755 (4128666 Gflops/s) - 3758 (4131964 Gflops/s) - 3752 (4125367 Gflops/s) - 3668 (4033008 Gflops/s) | Temperatures: 65°C - 66°C - 72°C - 72°C - 66°C - 66°C - 74°C - 71°C | Throttling: None - None - None - None - None - None - None - None
3766 (4140760 Gflops/s) - 3757 (4130865 Gflops/s) - 3745 (4117671 Gflops/s) - 3698 (4065993 Gflops/s) - 3751 (4124268 Gflops/s) - 3759 (4133064 Gflops/s) - 3751 (4124268 Gflops/s) - 3665 (4029710 Gflops/s) | Temperatures: 65°C - 66°C - 72°C - 73°C - 66°C - 66°C - 74°C - 72°C | Throttling: None - None - None - None - None - None - None - None
3766 (4140760 Gflops/s) - 3759 (4133064 Gflops/s) - 3746 (4118770 Gflops/s) - 3697 (4064894 Gflops/s) - 3750 (4123168 Gflops/s) - 3754 (4127566 Gflops/s) - 3752 (4125367 Gflops/s) - 3667 (4031909 Gflops/s) | Temperatures: 65°C - 66°C - 72°C - 72°C - 66°C - 66°C - 74°C - 72°C | Throttling: None - None - None - None - None - None - None - None
3766 (4140760 Gflops/s) - 3755 (4128666 Gflops/s) - 3745 (4117671 Gflops/s) - 3699 (4067093 Gflops/s) - 3750 (4123168 Gflops/s) - 3756 (4129765 Gflops/s) - 3751 (4124268 Gflops/s) - 3668 (4033008 Gflops/s) | Temperatures: 65°C - 66°C - 72°C - 72°C - 66°C - 66°C - 74°C - 72°C | Throttling: None - None - None - None - None - None - None - None
3769 (4144059 Gflops/s) - 3760 (4134163 Gflops/s) - 3748 (4120969 Gflops/s) - 3703 (4071491 Gflops/s) - 3757 (4130865 Gflops/s) - 3762 (4136362 Gflops/s) - 3754 (4127566 Gflops/s) - 3669 (4034108 Gflops/s) | Temperatures: 65°C - 66°C - 72°C - 73°C - 66°C - 66°C - 74°C - 72°C | Throttling: None - None - None - None - None - None - None - None
3765 (4139661 Gflops/s) - 3757 (4130865 Gflops/s) - 3745 (4117671 Gflops/s) - 3700 (4068193 Gflops/s) - 3743 (4115472 Gflops/s) - 3757 (4130865 Gflops/s) - 3750 (4123168 Gflops/s) - 3664 (4028610 Gflops/s) | Temperatures: 65°C - 66°C - 72°C - 73°C - 66°C - 66°C - 74°C - 72°C | Throttling: None - None - None - None - None - None - None - None
3766 (4140760 Gflops/s) - 3757 (4130865 Gflops/s) - 3745 (4117671 Gflops/s) - 3699 (4067093 Gflops/s) - 3755 (4128666 Gflops/s) - 3758 (4131964 Gflops/s) - 3751 (4124268 Gflops/s) - 3666 (4030809 Gflops/s) | Temperatures: 65°C - 66°C - 72°C - 73°C - 66°C - 67°C - 74°C - 72°C | Throttling: None - None - None - None - None - None - None - None
3766 (4140760 Gflops/s) - 3757 (4130865 Gflops/s) - 3744 (4116571 Gflops/s) - 3701 (4069292 Gflops/s) - 3748 (4120969 Gflops/s) - 3759 (4133064 Gflops/s) - 3749 (4122069 Gflops/s) - 3663 (4027511 Gflops/s) | Temperatures: 65°C - 66°C - 72°C - 73°C - 66°C - 66°C - 74°C - 72°C | Throttling: None - None - None - None - None - None - None - None
3766 (4140760 Gflops/s) - 3756 (4129765 Gflops/s) - 3744 (4116571 Gflops/s) - 3697 (4064894 Gflops/s) - 3750 (4123168 Gflops/s) - 3763 (4137462 Gflops/s) - 3750 (4123168 Gflops/s) - 3664 (4028610 Gflops/s) | Temperatures: 65°C - 66°C - 73°C - 73°C - 66°C - 67°C - 74°C - 72°C | Throttling: None - None - None - None - None - None - None - None
3766 (4140760 Gflops/s) - 3757 (4130865 Gflops/s) - 3744 (4116571 Gflops/s) - 3702 (4070392 Gflops/s) - 3754 (4127566 Gflops/s) - 3752 (4125367 Gflops/s) - 3746 (4118770 Gflops/s) - 3664 (4028610 Gflops/s) | Temperatures: 65°C - 66°C - 73°C - 73°C - 66°C - 67°C - 74°C - 72°C | Throttling: None - None - None - None - None - None - None - None
3766 (4140760 Gflops/s) - 3757 (4130865 Gflops/s) - 3745 (4117671 Gflops/s) - 3700 (4068193 Gflops/s) - 3753 (4126467 Gflops/s) - 3758 (4131964 Gflops/s) - 3749 (4122069 Gflops/s) - 3665 (4029710 Gflops/s) | Temperatures: 65°C - 66°C - 73°C - 73°C - 66°C - 67°C - 74°C - 72°C | Throttling: None - None - None - None - None - None - None - None
3766 (4140760 Gflops/s) - 3756 (4129765 Gflops/s) - 3744 (4116571 Gflops/s) - 3699 (4067093 Gflops/s) - 3750 (4123168 Gflops/s) - 3757 (4130865 Gflops/s) - 3748 (4120969 Gflops/s) - 3666 (4030809 Gflops/s) | Temperatures: 65°C - 66°C - 73°C - 73°C - 66°C - 67°C - 74°C - 72°C | Throttling: None - None - None - None - None - None - None - None
3765 (4139661 Gflops/s) - 3755 (4128666 Gflops/s) - 3744 (4116571 Gflops/s) - 3698 (4065993 Gflops/s) - 3747 (4119870 Gflops/s) - 3756 (4129765 Gflops/s) - 3749 (4122069 Gflops/s) - 3663 (4027511 Gflops/s) | Temperatures: 65°C - 66°C - 73°C - 73°C - 66°C - 67°C - 74°C - 72°C | Throttling: None - None - None - None - None - None - None - None
3766 (4140760 Gflops/s) - 3756 (4129765 Gflops/s) - 3744 (4116571 Gflops/s) - 3700 (4068193 Gflops/s) - 3747 (4119870 Gflops/s) - 3760 (4134163 Gflops/s) - 3747 (4119870 Gflops/s) - 3663 (4027511 Gflops/s) | Temperatures: 65°C - 66°C - 73°C - 73°C - 66°C - 67°C - 74°C - 72°C | Throttling: None - None - None - None - None - None - None - None
3765 (4139661 Gflops/s) - 3755 (4128666 Gflops/s) - 3745 (4117671 Gflops/s) - 3694 (4061595 Gflops/s) - 3749 (4122069 Gflops/s) - 3757 (4130865 Gflops/s) - 3743 (4115472 Gflops/s) - 3663 (4027511 Gflops/s) | Temperatures: 65°C - 66°C - 73°C - 73°C - 66°C - 67°C - 74°C - 72°C | Throttling: None - None - None - None - None - None - None - None
3770 (4145158 Gflops/s) - 3761 (4135263 Gflops/s) - 3747 (4119870 Gflops/s) - 3701 (4069292 Gflops/s) - 3754 (4127566 Gflops/s) - 3761 (4135263 Gflops/s) - 3746 (4118770 Gflops/s) - 3667 (4031909 Gflops/s) | Temperatures: 66°C - 66°C - 73°C - 73°C - 66°C - 67°C - 74°C - 72°C | Throttling: None - None - None - None - None - None - None - None
3765 (4139661 Gflops/s) - 3755 (4128666 Gflops/s) - 3744 (4116571 Gflops/s) - 3698 (4065993 Gflops/s) - 3748 (4120969 Gflops/s) - 3755 (4128666 Gflops/s) - 3748 (4120969 Gflops/s) - 3664 (4028610 Gflops/s) | Temperatures: 65°C - 66°C - 73°C - 73°C - 66°C - 67°C - 75°C - 72°C | Throttling: None - None - None - None - None - None - None - None
3766 (4140760 Gflops/s) - 3756 (4129765 Gflops/s) - 3743 (4115472 Gflops/s) - 3698 (4065993 Gflops/s) - 3743 (4115472 Gflops/s) - 3760 (4134163 Gflops/s) - 3743 (4115472 Gflops/s) - 3663 (4027511 Gflops/s) | Temperatures: 66°C - 66°C - 73°C - 73°C - 66°C - 67°C - 75°C - 72°C | Throttling: None - None - None - None - None - None - None - None
3766 (4140760 Gflops/s) - 3756 (4129765 Gflops/s) - 3743 (4115472 Gflops/s) - 3694 (4061595 Gflops/s) - 3738 (4109974 Gflops/s) - 3761 (4135263 Gflops/s) - 3743 (4115472 Gflops/s) - 3663 (4027511 Gflops/s) | Temperatures: 66°C - 66°C - 73°C - 73°C - 66°C - 67°C - 75°C - 72°C | Throttling: None - None - None - None - None - None - None - None
3766 (4140760 Gflops/s) - 3756 (4129765 Gflops/s) - 3743 (4115472 Gflops/s) - 3695 (4062695 Gflops/s) - 3743 (4115472 Gflops/s) - 3753 (4126467 Gflops/s) - 3743 (4115472 Gflops/s) - 3663 (4027511 Gflops/s) | Temperatures: 66°C - 66°C - 73°C - 73°C - 66°C - 67°C - 74°C - 72°C | Throttling: None - None - None - None - None - None - None - None
3765 (4139661 Gflops/s) - 3753 (4126467 Gflops/s) - 3743 (4115472 Gflops/s) - 3695 (4062695 Gflops/s) - 3746 (4118770 Gflops/s) - 3755 (4128666 Gflops/s) - 3741 (4113272 Gflops/s) - 3664 (4028610 Gflops/s) | Temperatures: 66°C - 66°C - 73°C - 73°C - 66°C - 67°C - 74°C - 72°C | Throttling: None - None - None - None - None - None - None - None
3766 (4140760 Gflops/s) - 3754 (4127566 Gflops/s) - 3743 (4115472 Gflops/s) - 3698 (4065993 Gflops/s) - 3752 (4125367 Gflops/s) - 3752 (4125367 Gflops/s) - 3742 (4114372 Gflops/s) - 3663 (4027511 Gflops/s) | Temperatures: 66°C - 66°C - 73°C - 73°C - 66°C - 67°C - 75°C - 72°C | Throttling: None - None - None - None - None - None - None - None
3765 (4139661 Gflops/s) - 3756 (4129765 Gflops/s) - 3742 (4114372 Gflops/s) - 3694 (4061595 Gflops/s) - 3746 (4118770 Gflops/s) - 3759 (4133064 Gflops/s) - 3743 (4115472 Gflops/s) - 3663 (4027511 Gflops/s) | Temperatures: 66°C - 66°C - 73°C - 73°C - 66°C - 67°C - 75°C - 72°C | Throttling: None - None - None - None - None - None - None - None
3766 (4140760 Gflops/s) - 3753 (4126467 Gflops/s) - 3742 (4114372 Gflops/s) - 3697 (4064894 Gflops/s) - 3747 (4119870 Gflops/s) - 3757 (4130865 Gflops/s) - 3741 (4113272 Gflops/s) - 3663 (4027511 Gflops/s) | Temperatures: 66°C - 66°C - 73°C - 73°C - 66°C - 67°C - 75°C - 72°C | Throttling: None - None - None - None - None - None - None - None
3765 (4139661 Gflops/s) - 3754 (4127566 Gflops/s) - 3742 (4114372 Gflops/s) - 3697 (4064894 Gflops/s) - 3748 (4120969 Gflops/s) - 3761 (4135263 Gflops/s) - 3740 (4112173 Gflops/s) - 3665 (4029710 Gflops/s) | Temperatures: 66°C - 66°C - 73°C - 73°C - 66°C - 67°C - 75°C - 72°C | Throttling: None - None - None - None - None - None - None - None
3770 (4145158 Gflops/s) - 3759 (4133064 Gflops/s) - 3747 (4119870 Gflops/s) - 3701 (4069292 Gflops/s) - 3735 (4106675 Gflops/s) - 3761 (4135263 Gflops/s) - 3745 (4117671 Gflops/s) - 3666 (4030809 Gflops/s) | Temperatures: 66°C - 66°C - 73°C - 73°C - 66°C - 67°C - 75°C - 72°C | Throttling: None - None - None - None - None - None - None - None
3766 (4140760 Gflops/s) - 3752 (4125367 Gflops/s) - 3742 (4114372 Gflops/s) - 3694 (4061595 Gflops/s) - 3743 (4115472 Gflops/s) - 3756 (4129765 Gflops/s) - 3742 (4114372 Gflops/s) - 3666 (4030809 Gflops/s) | Temperatures: 66°C - 66°C - 73°C - 73°C - 66°C - 67°C - 75°C - 72°C | Throttling: None - None - None - None - None - None - None - None
3765 (4139661 Gflops/s) - 3753 (4126467 Gflops/s) - 3742 (4114372 Gflops/s) - 3703 (4071491 Gflops/s) - 3743 (4115472 Gflops/s) - 3753 (4126467 Gflops/s) - 3743 (4115472 Gflops/s) - 3664 (4028610 Gflops/s) | Temperatures: 66°C - 66°C - 73°C - 73°C - 66°C - 67°C - 75°C - 72°C | Throttling: None - None - None - None - None - None - None - None
3765 (4139661 Gflops/s) - 3755 (4128666 Gflops/s) - 3743 (4115472 Gflops/s) - 3693 (4060496 Gflops/s) - 3747 (4119870 Gflops/s) - 3757 (4130865 Gflops/s) - 3740 (4112173 Gflops/s) - 3667 (4031909 Gflops/s) | Temperatures: 66°C - 66°C - 73°C - 73°C - 66°C - 67°C - 75°C - 72°C | Throttling: None - None - None - None - None - None - None - None
3766 (4140760 Gflops/s) - 3751 (4124268 Gflops/s) - 3742 (4114372 Gflops/s) - 3704 (4072591 Gflops/s) - 3738 (4109974 Gflops/s) - 3759 (4133064 Gflops/s) - 3742 (4114372 Gflops/s) - 3663 (4027511 Gflops/s) | Temperatures: 66°C - 66°C - 73°C - 73°C - 66°C - 67°C - 75°C - 72°C | Throttling: None - None - None - None - None - None - None - None
3766 (4140760 Gflops/s) - 3754 (4127566 Gflops/s) - 3743 (4115472 Gflops/s) - 3699 (4067093 Gflops/s) - 3749 (4122069 Gflops/s) - 3755 (4128666 Gflops/s) - 3743 (4115472 Gflops/s) - 3663 (4027511 Gflops/s) | Temperatures: 66°C - 66°C - 73°C - 73°C - 66°C - 67°C - 75°C - 72°C | Throttling: None - None - None - None - None - None - None - None
3766 (4140760 Gflops/s) - 3755 (4128666 Gflops/s) - 3743 (4115472 Gflops/s) - 3693 (4060496 Gflops/s) - 3751 (4124268 Gflops/s) - 3752 (4125367 Gflops/s) - 3741 (4113272 Gflops/s) - 3664 (4028610 Gflops/s) | Temperatures: 66°C - 66°C - 73°C - 73°C - 66°C - 67°C - 75°C - 72°C | Throttling: None - None - None - None - None - None - None - None
3766 (4140760 Gflops/s) - 3757 (4130865 Gflops/s) - 3743 (4115472 Gflops/s) - 3696 (4063794 Gflops/s) - 3746 (4118770 Gflops/s) - 3755 (4128666 Gflops/s) - 3745 (4117671 Gflops/s) - 3666 (4030809 Gflops/s) | Temperatures: 66°C - 66°C - 73°C - 73°C - 66°C - 67°C - 75°C - 72°C | Throttling: None - None - None - None - None - None - None - None
3766 (4140760 Gflops/s) - 3756 (4129765 Gflops/s) - 3741 (4113272 Gflops/s) - 3697 (4064894 Gflops/s) - 3747 (4119870 Gflops/s) - 3754 (4127566 Gflops/s) - 3739 (4111073 Gflops/s) - 3664 (4028610 Gflops/s) | Temperatures: 66°C - 66°C - 73°C - 73°C - 66°C - 67°C - 75°C - 72°C | Throttling: None - None - None - None - None - None - None - None
3765 (4139661 Gflops/s) - 3755 (4128666 Gflops/s) - 3743 (4115472 Gflops/s) - 3697 (4064894 Gflops/s) - 3753 (4126467 Gflops/s) - 3758 (4131964 Gflops/s) - 3741 (4113272 Gflops/s) - 3662 (4026411 Gflops/s) | Temperatures: 66°C - 66°C - 73°C - 73°C - 66°C - 67°C - 75°C - 72°C | Throttling: None - None - None - None - None - None - None - None
3766 (4140760 Gflops/s) - 3756 (4129765 Gflops/s) - 3743 (4115472 Gflops/s) - 3697 (4064894 Gflops/s) - 3745 (4117671 Gflops/s) - 3760 (4134163 Gflops/s) - 3746 (4118770 Gflops/s) - 3665 (4029710 Gflops/s) | Temperatures: 65°C - 66°C - 73°C - 73°C - 66°C - 67°C - 74°C - 72°C | Throttling: None - None - None - None - None - None - None - None
3770 (4145158 Gflops/s) - 3760 (4134163 Gflops/s) - 3747 (4119870 Gflops/s) - 3697 (4064894 Gflops/s) - 3753 (4126467 Gflops/s) - 3761 (4135263 Gflops/s) - 3745 (4117671 Gflops/s) - 3670 (4035207 Gflops/s) | Temperatures: 65°C - 66°C - 73°C - 73°C - 66°C - 67°C - 74°C - 72°C | Throttling: None - None - None - None - None - None - None - None
3766 (4140760 Gflops/s) - 3756 (4129765 Gflops/s) - 3743 (4115472 Gflops/s) - 3696 (4063794 Gflops/s) - 3753 (4126467 Gflops/s) - 3752 (4125367 Gflops/s) - 3741 (4113272 Gflops/s) - 3665 (4029710 Gflops/s) | Temperatures: 65°C - 66°C - 73°C - 73°C - 66°C - 67°C - 74°C - 72°C | Throttling: None - None - None - None - None - None - None - None
3766 (4140760 Gflops/s) - 3757 (4130865 Gflops/s) - 3743 (4115472 Gflops/s) - 3695 (4062695 Gflops/s) - 3749 (4122069 Gflops/s) - 3759 (4133064 Gflops/s) - 3744 (4116571 Gflops/s) - 3665 (4029710 Gflops/s) | Temperatures: 65°C - 66°C - 73°C - 73°C - 66°C - 67°C - 75°C - 72°C | Throttling: None - None - None - None - None - None - None - None
3765 (4139661 Gflops/s) - 3756 (4129765 Gflops/s) - 3743 (4115472 Gflops/s) - 3697 (4064894 Gflops/s) - 3743 (4115472 Gflops/s) - 3756 (4129765 Gflops/s) - 3745 (4117671 Gflops/s) - 3664 (4028610 Gflops/s) | Temperatures: 65°C - 66°C - 73°C - 73°C - 66°C - 67°C - 74°C - 72°C | Throttling: None - None - None - None - None - None - None - None
3766 (4140760 Gflops/s) - 3755 (4128666 Gflops/s) - 3743 (4115472 Gflops/s) - 3694 (4061595 Gflops/s) - 3750 (4123168 Gflops/s) - 3761 (4135263 Gflops/s) - 3743 (4115472 Gflops/s) - 3663 (4027511 Gflops/s) | Temperatures: 65°C - 66°C - 73°C - 73°C - 66°C - 67°C - 74°C - 72°C | Throttling: None - None - None - None - None - None - None - None
3767 (4141860 Gflops/s) - 3757 (4130865 Gflops/s) - 3743 (4115472 Gflops/s) - 3697 (4064894 Gflops/s) - 3746 (4118770 Gflops/s) - 3758 (4131964 Gflops/s) - 3745 (4117671 Gflops/s) - 3663 (4027511 Gflops/s) | Temperatures: 65°C - 66°C - 73°C - 73°C - 66°C - 66°C - 74°C - 72°C | Throttling: None - None - None - None - None - None - None - None
3764 (4138561 Gflops/s) - 3756 (4129765 Gflops/s) - 3742 (4114372 Gflops/s) - 3694 (4061595 Gflops/s) - 3747 (4119870 Gflops/s) - 3754 (4127566 Gflops/s) - 3740 (4112173 Gflops/s) - 3665 (4029710 Gflops/s) | Temperatures: 65°C - 66°C - 73°C - 73°C - 66°C - 67°C - 74°C - 72°C | Throttling: None - None - None - None - None - None - None - None
3766 (4140760 Gflops/s) - 3756 (4129765 Gflops/s) - 3743 (4115472 Gflops/s) - 3698 (4065993 Gflops/s) - 3754 (4127566 Gflops/s) - 3761 (4135263 Gflops/s) - 3742 (4114372 Gflops/s) - 3665 (4029710 Gflops/s) | Temperatures: 65°C - 66°C - 73°C - 73°C - 66°C - 67°C - 74°C - 72°C | Throttling: None - None - None - None - None - None - None - None
3765 (4139661 Gflops/s) - 3756 (4129765 Gflops/s) - 3743 (4115472 Gflops/s) - 3694 (4061595 Gflops/s) - 3746 (4118770 Gflops/s) - 3761 (4135263 Gflops/s) - 3743 (4115472 Gflops/s) - 3663 (4027511 Gflops/s) | Temperatures: 65°C - 66°C - 73°C - 73°C - 66°C - 67°C - 74°C - 72°C | Throttling: None - None - None - None - None - None - None - None
3766 (4140760 Gflops/s) - 3756 (4129765 Gflops/s) - 3743 (4115472 Gflops/s) - 3700 (4068193 Gflops/s) - 3746 (4118770 Gflops/s) - 3753 (4126467 Gflops/s) - 3742 (4114372 Gflops/s) - 3663 (4027511 Gflops/s) | Temperatures: 65°C - 66°C - 73°C - 73°C - 66°C - 67°C - 74°C - 72°C | Throttling: None - None - None - None - None - None - None - None
3766 (4140760 Gflops/s) - 3756 (4129765 Gflops/s) - 3743 (4115472 Gflops/s) - 3699 (4067093 Gflops/s) - 3750 (4123168 Gflops/s) - 3754 (4127566 Gflops/s) - 3745 (4117671 Gflops/s) - 3666 (4030809 Gflops/s) | Temperatures: 65°C - 66°C - 73°C - 73°C - 66°C - 67°C - 74°C - 72°C | Throttling: None - None - None - None - None - None - None - None
3765 (4139661 Gflops/s) - 3756 (4129765 Gflops/s) - 3742 (4114372 Gflops/s) - 3693 (4060496 Gflops/s) - 3747 (4119870 Gflops/s) - 3757 (4130865 Gflops/s) - 3740 (4112173 Gflops/s) - 3665 (4029710 Gflops/s) | Temperatures: 65°C - 66°C - 73°C - 73°C - 66°C - 67°C - 74°C - 72°C | Throttling: None - None - None - None - None - None - None - None
3766 (4140760 Gflops/s) - 3756 (4129765 Gflops/s) - 3743 (4115472 Gflops/s) - 3690 (4057197 Gflops/s) - 3750 (4123168 Gflops/s) - 3759 (4133064 Gflops/s) - 3743 (4115472 Gflops/s) - 3664 (4028610 Gflops/s) | Temperatures: 65°C - 66°C - 73°C - 73°C - 66°C - 67°C - 75°C - 72°C | Throttling: None - None - None - None - None - None - None - None
3770 (4145158 Gflops/s) - 3760 (4134163 Gflops/s) - 3746 (4118770 Gflops/s) - 3705 (4073690 Gflops/s) - 3756 (4129765 Gflops/s) - 3762 (4136362 Gflops/s) - 3748 (4120969 Gflops/s) - 3666 (4030809 Gflops/s) | Temperatures: 65°C - 66°C - 73°C - 73°C - 66°C - 67°C - 74°C - 72°C | Throttling: None - None - None - None - None - None - None - None
3765 (4139661 Gflops/s) - 3756 (4129765 Gflops/s) - 3744 (4116571 Gflops/s) - 3697 (4064894 Gflops/s) - 3755 (4128666 Gflops/s) - 3757 (4130865 Gflops/s) - 3743 (4115472 Gflops/s) - 3662 (4026411 Gflops/s) | Temperatures: 65°C - 66°C - 73°C - 73°C - 66°C - 67°C - 74°C - 72°C | Throttling: None - None - None - None - None - None - None - None
3765 (4139661 Gflops/s) - 3755 (4128666 Gflops/s) - 3744 (4116571 Gflops/s) - 3696 (4063794 Gflops/s) - 3750 (4123168 Gflops/s) - 3760 (4134163 Gflops/s) - 3741 (4113272 Gflops/s) - 3664 (4028610 Gflops/s) | Temperatures: 65°C - 66°C - 73°C - 73°C - 66°C - 67°C - 74°C - 72°C | Throttling: None - None - None - None - None - None - None - None
3766 (4140760 Gflops/s) - 3756 (4129765 Gflops/s) - 3742 (4114372 Gflops/s) - 3693 (4060496 Gflops/s) - 3752 (4125367 Gflops/s) - 3759 (4133064 Gflops/s) - 3743 (4115472 Gflops/s) - 3663 (4027511 Gflops/s) | Temperatures: 65°C - 66°C - 73°C - 73°C - 66°C - 67°C - 74°C - 72°C | Throttling: None - None - None - None - None - None - None - None
3765 (4139661 Gflops/s) - 3756 (4129765 Gflops/s) - 3743 (4115472 Gflops/s) - 3696 (4063794 Gflops/s) - 3750 (4123168 Gflops/s) - 3761 (4135263 Gflops/s) - 3742 (4114372 Gflops/s) - 3665 (4029710 Gflops/s) | Temperatures: 65°C - 66°C - 73°C - 73°C - 66°C - 67°C - 74°C - 72°C | Throttling: None - None - None - None - None - None - None - None
3766 (4140760 Gflops/s) - 3756 (4129765 Gflops/s) - 3742 (4114372 Gflops/s) - 3695 (4062695 Gflops/s) - 3753 (4126467 Gflops/s) - 3754 (4127566 Gflops/s) - 3745 (4117671 Gflops/s) - 3663 (4027511 Gflops/s) | Temperatures: 65°C - 66°C - 73°C - 73°C - 66°C - 67°C - 75°C - 72°C | Throttling: None - None - None - None - None - None - None - None
3766 (4140760 Gflops/s) - 3755 (4128666 Gflops/s) - 3742 (4114372 Gflops/s) - 3697 (4064894 Gflops/s) - 3747 (4119870 Gflops/s) - 3757 (4130865 Gflops/s) - 3741 (4113272 Gflops/s) - 3663 (4027511 Gflops/s) | Temperatures: 65°C - 66°C - 73°C - 73°C - 66°C - 67°C - 74°C - 72°C | Throttling: None - None - None - None - None - None - None - None
3766 (4140760 Gflops/s) - 3756 (4129765 Gflops/s) - 3743 (4115472 Gflops/s) - 3698 (4065993 Gflops/s) - 3752 (4125367 Gflops/s) - 3762 (4136362 Gflops/s) - 3743 (4115472 Gflops/s) - 3665 (4029710 Gflops/s) | Temperatures: 65°C - 66°C - 73°C - 73°C - 66°C - 67°C - 74°C - 72°C | Throttling: None - None - None - None - None - None - None - None
3766 (4140760 Gflops/s) - 3757 (4130865 Gflops/s) - 3744 (4116571 Gflops/s) - 3699 (4067093 Gflops/s) - 3746 (4118770 Gflops/s) - 3757 (4130865 Gflops/s) - 3742 (4114372 Gflops/s) - 3666 (4030809 Gflops/s) | Temperatures: 65°C - 66°C - 73°C - 73°C - 66°C - 67°C - 75°C - 72°C | Throttling: None - None - None - None - None - None - None - None
3765 (4139661 Gflops/s) - 3756 (4129765 Gflops/s) - 3742 (4114372 Gflops/s) - 3695 (4062695 Gflops/s) - 3754 (4127566 Gflops/s) - 3759 (4133064 Gflops/s) - 3739 (4111073 Gflops/s) - 3665 (4029710 Gflops/s) | Temperatures: 65°C - 66°C - 73°C - 73°C - 66°C - 67°C - 74°C - 72°C | Throttling: None - None - None - None - None - None - None - None
3766 (4140760 Gflops/s) - 3757 (4130865 Gflops/s) - 3743 (4115472 Gflops/s) - 3694 (4061595 Gflops/s) - 3745 (4117671 Gflops/s) - 3753 (4126467 Gflops/s) - 3744 (4116571 Gflops/s) - 3664 (4028610 Gflops/s) | Temperatures: 65°C - 66°C - 73°C - 73°C - 66°C - 67°C - 74°C - 72°C | Throttling: None - None - None - None - None - None - None - None
3769 (4144059 Gflops/s) - 3759 (4133064 Gflops/s) - 3745 (4117671 Gflops/s) - 3701 (4069292 Gflops/s) - 3753 (4126467 Gflops/s) - 3759 (4133064 Gflops/s) - 3746 (4118770 Gflops/s) - 3668 (4033008 Gflops/s) | Temperatures: 65°C - 66°C - 73°C - 73°C - 66°C - 67°C - 74°C - 72°C | Throttling: None - None - None - None - None - None - None - None
3766 (4140760 Gflops/s) - 3757 (4130865 Gflops/s) - 3744 (4116571 Gflops/s) - 3696 (4063794 Gflops/s) - 3749 (4122069 Gflops/s) - 3749 (4122069 Gflops/s) - 3744 (4116571 Gflops/s) - 3664 (4028610 Gflops/s) | Temperatures: 65°C - 66°C - 73°C - 73°C - 66°C - 67°C - 74°C - 72°C | Throttling: None - None - None - None - None - None - None - None
3766 (4140760 Gflops/s) - 3755 (4128666 Gflops/s) - 3742 (4114372 Gflops/s) - 3697 (4064894 Gflops/s) - 3746 (4118770 Gflops/s) - 3760 (4134163 Gflops/s) - 3741 (4113272 Gflops/s) - 3664 (4028610 Gflops/s) | Temperatures: 65°C - 66°C - 73°C - 73°C - 66°C - 67°C - 74°C - 72°C | Throttling: None - None - None - None - None - None - None - None
3766 (4140760 Gflops/s) - 3755 (4128666 Gflops/s) - 3743 (4115472 Gflops/s) - 3697 (4064894 Gflops/s) - 3752 (4125367 Gflops/s) - 3758 (4131964 Gflops/s) - 3744 (4116571 Gflops/s) - 3663 (4027511 Gflops/s) | Temperatures: 65°C - 66°C - 73°C - 73°C - 66°C - 66°C - 74°C - 72°C | Throttling: None - None - None - None - None - None - None - None
3765 (4139661 Gflops/s) - 3757 (4130865 Gflops/s) - 3743 (4115472 Gflops/s) - 3701 (4069292 Gflops/s) - 3755 (4128666 Gflops/s) - 3757 (4130865 Gflops/s) - 3745 (4117671 Gflops/s) - 3667 (4031909 Gflops/s) | Temperatures: 65°C - 66°C - 73°C - 73°C - 66°C - 67°C - 74°C - 72°C | Throttling: None - None - None - None - None - None - None - None
3766 (4140760 Gflops/s) - 3756 (4129765 Gflops/s) - 3743 (4115472 Gflops/s) - 3699 (4067093 Gflops/s) - 3752 (4125367 Gflops/s) - 3750 (4123168 Gflops/s) - 3741 (4113272 Gflops/s) - 3664 (4028610 Gflops/s) | Temperatures: 65°C - 66°C - 73°C - 73°C - 66°C - 66°C - 74°C - 72°C | Throttling: None - None - None - None - None - None - None - None
3766 (4140760 Gflops/s) - 3756 (4129765 Gflops/s) - 3744 (4116571 Gflops/s) - 3699 (4067093 Gflops/s) - 3752 (4125367 Gflops/s) - 3752 (4125367 Gflops/s) - 3744 (4116571 Gflops/s) - 3663 (4027511 Gflops/s) | Temperatures: 65°C - 66°C - 73°C - 73°C - 66°C - 66°C - 74°C - 72°C | Throttling: None - None - None - None - None - None - None - None
3765 (4139661 Gflops/s) - 3756 (4129765 Gflops/s) - 3743 (4115472 Gflops/s) - 3698 (4065993 Gflops/s) - 3751 (4124268 Gflops/s) - 3755 (4128666 Gflops/s) - 3745 (4117671 Gflops/s) - 3663 (4027511 Gflops/s) | Temperatures: 65°C - 66°C - 73°C - 73°C - 66°C - 66°C - 74°C - 72°C | Throttling: None - None - None - None - None - None - None - None
3770 (4145158 Gflops/s) - 3759 (4133064 Gflops/s) - 3747 (4119870 Gflops/s) - 3703 (4071491 Gflops/s) - 3756 (4129765 Gflops/s) - 3761 (4135263 Gflops/s) - 3748 (4120969 Gflops/s) - 3667 (4031909 Gflops/s) | Temperatures: 65°C - 65°C - 73°C - 73°C - 65°C - 66°C - 74°C - 72°C | Throttling: None - None - None - None - None - None - None - None
3766 (4140760 Gflops/s) - 3756 (4129765 Gflops/s) - 3743 (4115472 Gflops/s) - 3701 (4069292 Gflops/s) - 3755 (4128666 Gflops/s) - 3758 (4131964 Gflops/s) - 3744 (4116571 Gflops/s) - 3665 (4029710 Gflops/s) | Temperatures: 65°C - 65°C - 72°C - 72°C - 66°C - 66°C - 74°C - 72°C | Throttling: None - None - None - None - None - None - None - None
3765 (4139661 Gflops/s) - 3757 (4130865 Gflops/s) - 3744 (4116571 Gflops/s) - 3696 (4063794 Gflops/s) - 3752 (4125367 Gflops/s) - 3754 (4127566 Gflops/s) - 3747 (4119870 Gflops/s) - 3663 (4027511 Gflops/s) | Temperatures: 65°C - 65°C - 72°C - 72°C - 65°C - 66°C - 74°C - 72°C | Throttling: None - None - None - None - None - None - None - None
3766 (4140760 Gflops/s) - 3757 (4130865 Gflops/s) - 3746 (4118770 Gflops/s) - 3697 (4064894 Gflops/s) - 3747 (4119870 Gflops/s) - 3751 (4124268 Gflops/s) - 3748 (4120969 Gflops/s) - 3667 (4031909 Gflops/s) | Temperatures: 65°C - 65°C - 72°C - 72°C - 65°C - 66°C - 74°C - 71°C | Throttling: None - None - None - None - None - None - None - None
3766 (4140760 Gflops/s) - 3758 (4131964 Gflops/s) - 3744 (4116571 Gflops/s) - 3700 (4068193 Gflops/s) - 3755 (4128666 Gflops/s) - 3759 (4133064 Gflops/s) - 3746 (4118770 Gflops/s) - 3667 (4031909 Gflops/s) | Temperatures: 65°C - 65°C - 72°C - 72°C - 65°C - 66°C - 74°C - 71°C | Throttling: None - None - None - None - None - None - None - None
3766 (4140760 Gflops/s) - 3758 (4131964 Gflops/s) - 3744 (4116571 Gflops/s) - 3698 (4065993 Gflops/s) - 3751 (4124268 Gflops/s) - 3755 (4128666 Gflops/s) - 3751 (4124268 Gflops/s) - 3666 (4030809 Gflops/s) | Temperatures: 65°C - 65°C - 72°C - 72°C - 65°C - 66°C - 74°C - 71°C | Throttling: None - None - None - None - None - None - None - None
3765 (4139661 Gflops/s) - 3758 (4131964 Gflops/s) - 3745 (4117671 Gflops/s) - 3697 (4064894 Gflops/s) - 3752 (4125367 Gflops/s) - 3763 (4137462 Gflops/s) - 3746 (4118770 Gflops/s) - 3670 (4035207 Gflops/s) | Temperatures: 65°C - 65°C - 72°C - 72°C - 65°C - 66°C - 74°C - 71°C | Throttling: None - None - None - None - None - None - None - None
3766 (4140760 Gflops/s) - 3758 (4131964 Gflops/s) - 3745 (4117671 Gflops/s) - 3698 (4065993 Gflops/s) - 3751 (4124268 Gflops/s) - 3757 (4130865 Gflops/s) - 3748 (4120969 Gflops/s) - 3668 (4033008 Gflops/s) | Temperatures: 65°C - 65°C - 72°C - 72°C - 65°C - 66°C - 74°C - 71°C | Throttling: None - None - None - None - None - None - None - None
3766 (4140760 Gflops/s) - 3758 (4131964 Gflops/s) - 3744 (4116571 Gflops/s) - 3700 (4068193 Gflops/s) - 3754 (4127566 Gflops/s) - 3754 (4127566 Gflops/s) - 3748 (4120969 Gflops/s) - 3666 (4030809 Gflops/s) | Temperatures: 64°C - 65°C - 72°C - 72°C - 65°C - 66°C - 74°C - 71°C | Throttling: None - None - None - None - None - None - None - None
3766 (4140760 Gflops/s) - 3758 (4131964 Gflops/s) - 3746 (4118770 Gflops/s) - 3699 (4067093 Gflops/s) - 3755 (4128666 Gflops/s) - 3752 (4125367 Gflops/s) - 3751 (4124268 Gflops/s) - 3669 (4034108 Gflops/s) | Temperatures: 64°C - 65°C - 72°C - 72°C - 65°C - 66°C - 74°C - 71°C | Throttling: None - None - None - None - None - None - None - None
3766 (4140760 Gflops/s) - 3759 (4133064 Gflops/s) - 3746 (4118770 Gflops/s) - 3702 (4070392 Gflops/s) - 3755 (4128666 Gflops/s) - 3756 (4129765 Gflops/s) - 3755 (4128666 Gflops/s) - 3667 (4031909 Gflops/s) | Temperatures: 64°C - 65°C - 72°C - 72°C - 65°C - 66°C - 74°C - 71°C | Throttling: None - None - None - None - None - None - None - None
3766 (4140760 Gflops/s) - 3758 (4131964 Gflops/s) - 3746 (4118770 Gflops/s) - 3695 (4062695 Gflops/s) - 3754 (4127566 Gflops/s) - 3755 (4128666 Gflops/s) - 3753 (4126467 Gflops/s) - 3670 (4035207 Gflops/s) | Temperatures: 64°C - 65°C - 72°C - 72°C - 65°C - 66°C - 74°C - 71°C | Throttling: None - None - None - None - None - None - None - None
3769 (4144059 Gflops/s) - 3763 (4137462 Gflops/s) - 3750 (4123168 Gflops/s) - 3706 (4074790 Gflops/s) - 3756 (4129765 Gflops/s) - 3761 (4135263 Gflops/s) - 3756 (4129765 Gflops/s) - 3671 (4036307 Gflops/s) | Temperatures: 64°C - 65°C - 72°C - 72°C - 65°C - 66°C - 74°C - 71°C | Throttling: None - None - None - None - None - None - None - None
3766 (4140760 Gflops/s) - 3758 (4131964 Gflops/s) - 3746 (4118770 Gflops/s) - 3704 (4072591 Gflops/s) - 3754 (4127566 Gflops/s) - 3760 (4134163 Gflops/s) - 3752 (4125367 Gflops/s) - 3671 (4036307 Gflops/s) | Temperatures: 64°C - 65°C - 72°C - 72°C - 65°C - 66°C - 74°C - 71°C | Throttling: None - None - None - None - None - None - None - None
3766 (4140760 Gflops/s) - 3760 (4134163 Gflops/s) - 3747 (4119870 Gflops/s) - 3699 (4067093 Gflops/s) - 3750 (4123168 Gflops/s) - 3758 (4131964 Gflops/s) - 3753 (4126467 Gflops/s) - 3669 (4034108 Gflops/s) | Temperatures: 64°C - 65°C - 72°C - 72°C - 65°C - 66°C - 74°C - 71°C | Throttling: None - None - None - None - None - None - None - None
3766 (4140760 Gflops/s) - 3759 (4133064 Gflops/s) - 3747 (4119870 Gflops/s) - 3699 (4067093 Gflops/s) - 3754 (4127566 Gflops/s) - 3757 (4130865 Gflops/s) - 3752 (4125367 Gflops/s) - 3671 (4036307 Gflops/s) | Temperatures: 64°C - 65°C - 72°C - 72°C - 65°C - 66°C - 74°C - 71°C | Throttling: None - None - None - None - None - None - None - None
3765 (4139661 Gflops/s) - 3758 (4131964 Gflops/s) - 3746 (4118770 Gflops/s) - 3702 (4070392 Gflops/s) - 3755 (4128666 Gflops/s) - 3757 (4130865 Gflops/s) - 3751 (4124268 Gflops/s) - 3669 (4034108 Gflops/s) | Temperatures: 64°C - 65°C - 72°C - 72°C - 65°C - 65°C - 74°C - 71°C | Throttling: None - None - None - None - None - None - None - None
3766 (4140760 Gflops/s) - 3760 (4134163 Gflops/s) - 3746 (4118770 Gflops/s) - 3702 (4070392 Gflops/s) - 3749 (4122069 Gflops/s) - 3758 (4131964 Gflops/s) - 3752 (4125367 Gflops/s) - 3669 (4034108 Gflops/s) | Temperatures: 64°C - 65°C - 72°C - 72°C - 65°C - 66°C - 74°C - 71°C | Throttling: None - None - None - None - None - None - None - None
3766 (4140760 Gflops/s) - 3759 (4133064 Gflops/s) - 3748 (4120969 Gflops/s) - 3705 (4073690 Gflops/s) - 3755 (4128666 Gflops/s) - 3761 (4135263 Gflops/s) - 3755 (4128666 Gflops/s) - 3670 (4035207 Gflops/s) | Temperatures: 64°C - 65°C - 72°C - 72°C - 65°C - 66°C - 74°C - 71°C | Throttling: None - None - None - None - None - None - None - None
3766 (4140760 Gflops/s) - 3759 (4133064 Gflops/s) - 3746 (4118770 Gflops/s) - 3702 (4070392 Gflops/s) - 3753 (4126467 Gflops/s) - 3761 (4135263 Gflops/s) - 3755 (4128666 Gflops/s) - 3669 (4034108 Gflops/s) | Temperatures: 64°C - 65°C - 72°C - 72°C - 65°C - 66°C - 74°C - 71°C | Throttling: None - None - None - None - None - None - None - None
3766 (4140760 Gflops/s) - 3758 (4131964 Gflops/s) - 3746 (4118770 Gflops/s) - 3702 (4070392 Gflops/s) - 3754 (4127566 Gflops/s) - 3760 (4134163 Gflops/s) - 3754 (4127566 Gflops/s) - 3670 (4035207 Gflops/s) | Temperatures: 64°C - 65°C - 72°C - 72°C - 65°C - 65°C - 74°C - 71°C | Throttling: None - None - None - None - None - None - None - None
3765 (4139661 Gflops/s) - 3759 (4133064 Gflops/s) - 3746 (4118770 Gflops/s) - 3695 (4062695 Gflops/s) - 3755 (4128666 Gflops/s) - 3759 (4133064 Gflops/s) - 3751 (4124268 Gflops/s) - 3671 (4036307 Gflops/s) | Temperatures: 64°C - 65°C - 72°C - 72°C - 65°C - 65°C - 74°C - 71°C | Throttling: None - None - None - None - None - None - None - None
3766 (4140760 Gflops/s) - 3758 (4131964 Gflops/s) - 3746 (4118770 Gflops/s) - 3698 (4065993 Gflops/s) - 3754 (4127566 Gflops/s) - 3756 (4129765 Gflops/s) - 3755 (4128666 Gflops/s) - 3673 (4038506 Gflops/s) | Temperatures: 64°C - 65°C - 72°C - 72°C - 65°C - 66°C - 74°C - 71°C | Throttling: None - None - None - None - None - None - None - None
3766 (4140760 Gflops/s) - 3759 (4133064 Gflops/s) - 3746 (4118770 Gflops/s) - 3707 (4075889 Gflops/s) - 3755 (4128666 Gflops/s) - 3757 (4130865 Gflops/s) - 3755 (4128666 Gflops/s) - 3674 (4039605 Gflops/s) | Temperatures: 64°C - 65°C - 72°C - 72°C - 65°C - 66°C - 74°C - 71°C | Throttling: None - None - None - None - None - None - None - None
3769 (4144059 Gflops/s) - 3762 (4136362 Gflops/s) - 3750 (4123168 Gflops/s) - 3708 (4076989 Gflops/s) - 3757 (4130865 Gflops/s) - 3765 (4139661 Gflops/s) - 3757 (4130865 Gflops/s) - 3674 (4039605 Gflops/s) | Temperatures: 64°C - 65°C - 72°C - 72°C - 65°C - 66°C - 74°C - 71°C | Throttling: None - None - None - None - None - None - None - None
3766 (4140760 Gflops/s) - 3760 (4134163 Gflops/s) - 3746 (4118770 Gflops/s) - 3705 (4073690 Gflops/s) - 3755 (4128666 Gflops/s) - 3755 (4128666 Gflops/s) - 3757 (4130865 Gflops/s) - 3674 (4039605 Gflops/s) | Temperatures: 64°C - 65°C - 72°C - 72°C - 65°C - 65°C - 74°C - 71°C | Throttling: None - None - None - None - None - None - None - None
3766 (4140760 Gflops/s) - 3757 (4130865 Gflops/s) - 3746 (4118770 Gflops/s) - 3704 (4072591 Gflops/s) - 3755 (4128666 Gflops/s) - 3755 (4128666 Gflops/s) - 3755 (4128666 Gflops/s) - 3669 (4034108 Gflops/s) | Temperatures: 64°C - 65°C - 72°C - 72°C - 65°C - 65°C - 74°C - 71°C | Throttling: None - None - None - None - None - None - None - None
3765 (4139661 Gflops/s) - 3758 (4131964 Gflops/s) - 3745 (4117671 Gflops/s) - 3702 (4070392 Gflops/s) - 3754 (4127566 Gflops/s) - 3762 (4136362 Gflops/s) - 3754 (4127566 Gflops/s) - 3671 (4036307 Gflops/s) | Temperatures: 64°C - 65°C - 72°C - 72°C - 65°C - 65°C - 74°C - 71°C | Throttling: None - None - None - None - None - None - None - None
3766 (4140760 Gflops/s) - 3760 (4134163 Gflops/s) - 3746 (4118770 Gflops/s) - 3701 (4069292 Gflops/s) - 3752 (4125367 Gflops/s) - 3761 (4135263 Gflops/s) - 3756 (4129765 Gflops/s) - 3672 (4037406 Gflops/s) | Temperatures: 64°C - 65°C - 72°C - 72°C - 65°C - 65°C - 74°C - 71°C | Throttling: None - None - None - None - None - None - None - None
3765 (4139661 Gflops/s) - 3760 (4134163 Gflops/s) - 3748 (4120969 Gflops/s) - 3704 (4072591 Gflops/s) - 3755 (4128666 Gflops/s) - 3761 (4135263 Gflops/s) - 3755 (4128666 Gflops/s) - 3673 (4038506 Gflops/s) | Temperatures: 64°C - 65°C - 72°C - 72°C - 65°C - 65°C - 74°C - 71°C | Throttling: None - None - None - None - None - None - None - None
3770 (4145158 Gflops/s) - 3763 (4137462 Gflops/s) - 3751 (4124268 Gflops/s) - 3704 (4072591 Gflops/s) - 3756 (4129765 Gflops/s) - 3767 (4141860 Gflops/s) - 3760 (4134163 Gflops/s) - 3674 (4039605 Gflops/s) | Temperatures: 64°C - 65°C - 72°C - 72°C - 65°C - 65°C - 74°C - 71°C | Throttling: None - None - None - None - None - None - None - None
3765 (4139661 Gflops/s) - 3760 (4134163 Gflops/s) - 3748 (4120969 Gflops/s) - 3705 (4073690 Gflops/s) - 3755 (4128666 Gflops/s) - 3761 (4135263 Gflops/s) - 3756 (4129765 Gflops/s) - 3675 (4040705 Gflops/s) | Temperatures: 64°C - 65°C - 72°C - 72°C - 65°C - 65°C - 74°C - 71°C | Throttling: None - None - None - None - None - None - None - None
3766 (4140760 Gflops/s) - 3758 (4131964 Gflops/s) - 3747 (4119870 Gflops/s) - 3708 (4076989 Gflops/s) - 3753 (4126467 Gflops/s) - 3757 (4130865 Gflops/s) - 3756 (4129765 Gflops/s) - 3674 (4039605 Gflops/s) | Temperatures: 64°C - 65°C - 72°C - 72°C - 65°C - 65°C - 74°C - 71°C | Throttling: None - None - None - None - None - None - None - None
3765 (4139661 Gflops/s) - 3759 (4133064 Gflops/s) - 3747 (4119870 Gflops/s) - 3699 (4067093 Gflops/s) - 3755 (4128666 Gflops/s) - 3758 (4131964 Gflops/s) - 3755 (4128666 Gflops/s) - 3673 (4038506 Gflops/s) | Temperatures: 64°C - 65°C - 72°C - 72°C - 64°C - 65°C - 73°C - 71°C | Throttling: None - None - None - None - None - None - None - None
3767 (4141860 Gflops/s) - 3760 (4134163 Gflops/s) - 3747 (4119870 Gflops/s) - 3706 (4074790 Gflops/s) - 3754 (4127566 Gflops/s) - 3761 (4135263 Gflops/s) - 3757 (4130865 Gflops/s) - 3675 (4040705 Gflops/s) | Temperatures: 64°C - 65°C - 72°C - 72°C - 64°C - 65°C - 73°C - 71°C | Throttling: None - None - None - None - None - None - None - None
3765 (4139661 Gflops/s) - 3759 (4133064 Gflops/s) - 3748 (4120969 Gflops/s) - 3701 (4069292 Gflops/s) - 3754 (4127566 Gflops/s) - 3755 (4128666 Gflops/s) - 3756 (4129765 Gflops/s) - 3673 (4038506 Gflops/s) | Temperatures: 64°C - 65°C - 72°C - 72°C - 64°C - 65°C - 73°C - 71°C | Throttling: None - None - None - None - None - None - None - None
3766 (4140760 Gflops/s) - 3759 (4133064 Gflops/s) - 3747 (4119870 Gflops/s) - 3706 (4074790 Gflops/s) - 3753 (4126467 Gflops/s) - 3761 (4135263 Gflops/s) - 3756 (4129765 Gflops/s) - 3672 (4037406 Gflops/s) | Temperatures: 64°C - 65°C - 72°C - 72°C - 64°C - 65°C - 73°C - 71°C | Throttling: None - None - None - None - None - None - None - None
3766 (4140760 Gflops/s) - 3759 (4133064 Gflops/s) - 3749 (4122069 Gflops/s) - 3705 (4073690 Gflops/s) - 3756 (4129765 Gflops/s) - 3753 (4126467 Gflops/s) - 3755 (4128666 Gflops/s) - 3671 (4036307 Gflops/s) | Temperatures: 64°C - 64°C - 72°C - 71°C - 64°C - 65°C - 73°C - 71°C | Throttling: None - None - None - None - None - None - None - None
3766 (4140760 Gflops/s) - 3759 (4133064 Gflops/s) - 3748 (4120969 Gflops/s) - 3701 (4069292 Gflops/s) - 3753 (4126467 Gflops/s) - 3756 (4129765 Gflops/s) - 3756 (4129765 Gflops/s) - 3672 (4037406 Gflops/s) | Temperatures: 64°C - 64°C - 71°C - 71°C - 64°C - 65°C - 73°C - 71°C | Throttling: None - None - None - None - None - None - None - None
3766 (4140760 Gflops/s) - 3759 (4133064 Gflops/s) - 3750 (4123168 Gflops/s) - 3707 (4075889 Gflops/s) - 3753 (4126467 Gflops/s) - 3760 (4134163 Gflops/s) - 3757 (4130865 Gflops/s) - 3676 (4041804 Gflops/s) | Temperatures: 64°C - 64°C - 71°C - 71°C - 64°C - 65°C - 73°C - 71°C | Throttling: None - None - None - None - None - None - None - None
3769 (4144059 Gflops/s) - 3764 (4138561 Gflops/s) - 3752 (4125367 Gflops/s) - 3708 (4076989 Gflops/s) - 3759 (4133064 Gflops/s) - 3763 (4137462 Gflops/s) - 3762 (4136362 Gflops/s) - 3674 (4039605 Gflops/s) | Temperatures: 64°C - 64°C - 71°C - 72°C - 64°C - 65°C - 73°C - 71°C | Throttling: None - None - None - None - None - None - None - None
3766 (4140760 Gflops/s) - 3760 (4134163 Gflops/s) - 3748 (4120969 Gflops/s) - 3700 (4068193 Gflops/s) - 3752 (4125367 Gflops/s) - 3760 (4134163 Gflops/s) - 3756 (4129765 Gflops/s) - 3675 (4040705 Gflops/s) | Temperatures: 64°C - 64°C - 71°C - 71°C - 64°C - 65°C - 73°C - 71°C | Throttling: None - None - None - None - None - None - None - None
3766 (4140760 Gflops/s) - 3760 (4134163 Gflops/s) - 3749 (4122069 Gflops/s) - 3703 (4071491 Gflops/s) - 3753 (4126467 Gflops/s) - 3752 (4125367 Gflops/s) - 3759 (4133064 Gflops/s) - 3672 (4037406 Gflops/s) | Temperatures: 64°C - 64°C - 71°C - 71°C - 64°C - 65°C - 73°C - 71°C | Throttling: None - None - None - None - None - None - None - None
3766 (4140760 Gflops/s) - 3759 (4133064 Gflops/s) - 3748 (4120969 Gflops/s) - 3699 (4067093 Gflops/s) - 3754 (4127566 Gflops/s) - 3755 (4128666 Gflops/s) - 3757 (4130865 Gflops/s) - 3674 (4039605 Gflops/s) | Temperatures: 64°C - 65°C - 71°C - 72°C - 64°C - 65°C - 73°C - 71°C | Throttling: None - None - None - None - None - None - None - None
3765 (4139661 Gflops/s) - 3759 (4133064 Gflops/s) - 3749 (4122069 Gflops/s) - 3702 (4070392 Gflops/s) - 3755 (4128666 Gflops/s) - 3762 (4136362 Gflops/s) - 3757 (4130865 Gflops/s) - 3672 (4037406 Gflops/s) | Temperatures: 64°C - 65°C - 71°C - 71°C - 64°C - 65°C - 73°C - 71°C | Throttling: None - None - None - None - None - None - None - None
3766 (4140760 Gflops/s) - 3759 (4133064 Gflops/s) - 3747 (4119870 Gflops/s) - 3703 (4071491 Gflops/s) - 3754 (4127566 Gflops/s) - 3762 (4136362 Gflops/s) - 3757 (4130865 Gflops/s) - 3674 (4039605 Gflops/s) | Temperatures: 64°C - 65°C - 71°C - 72°C - 64°C - 65°C - 73°C - 71°C | Throttling: None - None - None - None - None - None - None - None
3766 (4140760 Gflops/s) - 3759 (4133064 Gflops/s) - 3747 (4119870 Gflops/s) - 3702 (4070392 Gflops/s) - 3752 (4125367 Gflops/s) - 3762 (4136362 Gflops/s) - 3757 (4130865 Gflops/s) - 3672 (4037406 Gflops/s) | Temperatures: 64°C - 65°C - 71°C - 71°C - 64°C - 65°C - 73°C - 71°C | Throttling: None - None - None - None - None - None - None - None
3765 (4139661 Gflops/s) - 3759 (4133064 Gflops/s) - 3747 (4119870 Gflops/s) - 3701 (4069292 Gflops/s) - 3755 (4128666 Gflops/s) - 3757 (4130865 Gflops/s) - 3757 (4130865 Gflops/s) - 3674 (4039605 Gflops/s) | Temperatures: 64°C - 65°C - 71°C - 72°C - 65°C - 65°C - 73°C - 71°C | Throttling: None - None - None - None - None - None - None - None
3770 (4145158 Gflops/s) - 3764 (4138561 Gflops/s) - 3751 (4124268 Gflops/s) - 3712 (4081387 Gflops/s) - 3757 (4130865 Gflops/s) - 3758 (4131964 Gflops/s) - 3762 (4136362 Gflops/s) - 3674 (4039605 Gflops/s) | Temperatures: 64°C - 65°C - 71°C - 72°C - 64°C - 65°C - 73°C - 71°C | Throttling: None - None - None - None - None - None - None - None
3766 (4140760 Gflops/s) - 3758 (4131964 Gflops/s) - 3748 (4120969 Gflops/s) - 3702 (4070392 Gflops/s) - 3755 (4128666 Gflops/s) - 3760 (4134163 Gflops/s) - 3758 (4131964 Gflops/s) - 3675 (4040705 Gflops/s) | Temperatures: 64°C - 65°C - 71°C - 72°C - 65°C - 65°C - 73°C - 71°C | Throttling: None - None - None - None - None - None - None - None
3766 (4140760 Gflops/s) - 3759 (4133064 Gflops/s) - 3747 (4119870 Gflops/s) - 3705 (4073690 Gflops/s) - 3754 (4127566 Gflops/s) - 3756 (4129765 Gflops/s) - 3756 (4129765 Gflops/s) - 3673 (4038506 Gflops/s) | Temperatures: 64°C - 65°C - 72°C - 72°C - 65°C - 65°C - 73°C - 71°C | Throttling: None - None - None - None - None - None - None - None
3766 (4140760 Gflops/s) - 3760 (4134163 Gflops/s) - 3749 (4122069 Gflops/s) - 3702 (4070392 Gflops/s) - 3755 (4128666 Gflops/s) - 3761 (4135263 Gflops/s) - 3756 (4129765 Gflops/s) - 3672 (4037406 Gflops/s) | Temperatures: 64°C - 65°C - 72°C - 72°C - 65°C - 65°C - 73°C - 71°C | Throttling: None - None - None - None - None - None - None - None
3765 (4139661 Gflops/s) - 3758 (4131964 Gflops/s) - 3747 (4119870 Gflops/s) - 3702 (4070392 Gflops/s) - 3755 (4128666 Gflops/s) - 3761 (4135263 Gflops/s) - 3758 (4131964 Gflops/s) - 3671 (4036307 Gflops/s) | Temperatures: 64°C - 65°C - 72°C - 72°C - 64°C - 65°C - 73°C - 71°C | Throttling: None - None - None - None - None - None - None - None
3766 (4140760 Gflops/s) - 3759 (4133064 Gflops/s) - 3748 (4120969 Gflops/s) - 3701 (4069292 Gflops/s) - 3754 (4127566 Gflops/s) - 3759 (4133064 Gflops/s) - 3756 (4129765 Gflops/s) - 3674 (4039605 Gflops/s) | Temperatures: 64°C - 65°C - 72°C - 72°C - 65°C - 65°C - 73°C - 71°C | Throttling: None - None - None - None - None - None - None - None
3766 (4140760 Gflops/s) - 3759 (4133064 Gflops/s) - 3747 (4119870 Gflops/s) - 3706 (4074790 Gflops/s) - 3754 (4127566 Gflops/s) - 3753 (4126467 Gflops/s) - 3756 (4129765 Gflops/s) - 3673 (4038506 Gflops/s) | Temperatures: 64°C - 65°C - 71°C - 72°C - 65°C - 65°C - 73°C - 71°C | Throttling: None - None - None - None - None - None - None - None
3766 (4140760 Gflops/s) - 3759 (4133064 Gflops/s) - 3748 (4120969 Gflops/s) - 3705 (4073690 Gflops/s) - 3755 (4128666 Gflops/s) - 3757 (4130865 Gflops/s) - 3758 (4131964 Gflops/s) - 3672 (4037406 Gflops/s) | Temperatures: 64°C - 65°C - 71°C - 72°C - 65°C - 65°C - 73°C - 71°C | Throttling: None - None - None - None - None - None - None - None
3766 (4140760 Gflops/s) - 3759 (4133064 Gflops/s) - 3747 (4119870 Gflops/s) - 3705 (4073690 Gflops/s) - 3755 (4128666 Gflops/s) - 3754 (4127566 Gflops/s) - 3756 (4129765 Gflops/s) - 3673 (4038506 Gflops/s) | Temperatures: 64°C - 65°C - 72°C - 72°C - 65°C - 65°C - 73°C - 71°C | Throttling: None - None - None - None - None - None - None - None
3765 (4139661 Gflops/s) - 3760 (4134163 Gflops/s) - 3749 (4122069 Gflops/s) - 3706 (4074790 Gflops/s) - 3754 (4127566 Gflops/s) - 3756 (4129765 Gflops/s) - 3758 (4131964 Gflops/s) - 3674 (4039605 Gflops/s) | Temperatures: 64°C - 65°C - 71°C - 72°C - 65°C - 65°C - 73°C - 71°C | Throttling: None - None - None - None - None - None - None - None
3767 (4141860 Gflops/s) - 3760 (4134163 Gflops/s) - 3747 (4119870 Gflops/s) - 3703 (4071491 Gflops/s) - 3755 (4128666 Gflops/s) - 3760 (4134163 Gflops/s) - 3756 (4129765 Gflops/s) - 3674 (4039605 Gflops/s) | Temperatures: 64°C - 65°C - 72°C - 72°C - 65°C - 65°C - 73°C - 71°C | Throttling: None - None - None - None - None - None - None - None
3769 (4144059 Gflops/s) - 3762 (4136362 Gflops/s) - 3753 (4126467 Gflops/s) - 3713 (4082486 Gflops/s) - 3756 (4129765 Gflops/s) - 3762 (4136362 Gflops/s) - 3760 (4134163 Gflops/s) - 3678 (4044003 Gflops/s) | Temperatures: 64°C - 65°C - 71°C - 72°C - 65°C - 65°C - 73°C - 71°C | Throttling: None - None - None - None - None - None - None - None
3767 (4141860 Gflops/s) - 3760 (4134163 Gflops/s) - 3749 (4122069 Gflops/s) - 3706 (4074790 Gflops/s) - 3755 (4128666 Gflops/s) - 3760 (4134163 Gflops/s) - 3758 (4131964 Gflops/s) - 3673 (4038506 Gflops/s) | Temperatures: 64°C - 65°C - 71°C - 72°C - 65°C - 65°C - 73°C - 71°C | Throttling: None - None - None - None - None - None - None - None
3765 (4139661 Gflops/s) - 3759 (4133064 Gflops/s) - 3749 (4122069 Gflops/s) - 3706 (4074790 Gflops/s) - 3755 (4128666 Gflops/s) - 3758 (4131964 Gflops/s) - 3757 (4130865 Gflops/s) - 3672 (4037406 Gflops/s) | Temperatures: 64°C - 65°C - 72°C - 72°C - 64°C - 65°C - 73°C - 71°C | Throttling: None - None - None - None - None - None - None - None
3766 (4140760 Gflops/s) - 3760 (4134163 Gflops/s) - 3749 (4122069 Gflops/s) - 3699 (4067093 Gflops/s) - 3752 (4125367 Gflops/s) - 3757 (4130865 Gflops/s) - 3756 (4129765 Gflops/s) - 3672 (4037406 Gflops/s) | Temperatures: 64°C - 65°C - 72°C - 72°C - 64°C - 65°C - 73°C - 71°C | Throttling: None - None - None - None - None - None - None - None
3766 (4140760 Gflops/s) - 3759 (4133064 Gflops/s) - 3749 (4122069 Gflops/s) - 3705 (4073690 Gflops/s) - 3755 (4128666 Gflops/s) - 3759 (4133064 Gflops/s) - 3756 (4129765 Gflops/s) - 3674 (4039605 Gflops/s) | Temperatures: 64°C - 65°C - 72°C - 72°C - 65°C - 65°C - 73°C - 71°C | Throttling: None - None - None - None - None - None - None - None
3766 (4140760 Gflops/s) - 3759 (4133064 Gflops/s) - 3748 (4120969 Gflops/s) - 3703 (4071491 Gflops/s) - 3755 (4128666 Gflops/s) - 3759 (4133064 Gflops/s) - 3757 (4130865 Gflops/s) - 3672 (4037406 Gflops/s) | Temperatures: 64°C - 65°C - 72°C - 71°C - 65°C - 65°C - 73°C - 71°C | Throttling: None - None - None - None - None - None - None - None
3765 (4139661 Gflops/s) - 3759 (4133064 Gflops/s) - 3747 (4119870 Gflops/s) - 3706 (4074790 Gflops/s) - 3752 (4125367 Gflops/s) - 3755 (4128666 Gflops/s) - 3758 (4131964 Gflops/s) - 3674 (4039605 Gflops/s) | Temperatures: 64°C - 65°C - 71°C - 72°C - 65°C - 65°C - 73°C - 71°C | Throttling: None - None - None - None - None - None - None - None
3767 (4141860 Gflops/s) - 3759 (4133064 Gflops/s) - 3749 (4122069 Gflops/s) - 3709 (4078088 Gflops/s) - 3755 (4128666 Gflops/s) - 3759 (4133064 Gflops/s) - 3758 (4131964 Gflops/s) - 3675 (4040705 Gflops/s) | Temperatures: 64°C - 65°C - 72°C - 72°C - 65°C - 65°C - 73°C - 71°C | Throttling: None - None - None - None - None - None - None - None
3766 (4140760 Gflops/s) - 3760 (4134163 Gflops/s) - 3748 (4120969 Gflops/s) - 3702 (4070392 Gflops/s) - 3754 (4127566 Gflops/s) - 3763 (4137462 Gflops/s) - 3756 (4129765 Gflops/s) - 3673 (4038506 Gflops/s) | Temperatures: 64°C - 65°C - 72°C - 72°C - 65°C - 65°C - 73°C - 71°C | Throttling: None - None - None - None - None - None - None - None
3766 (4140760 Gflops/s) - 3759 (4133064 Gflops/s) - 3748 (4120969 Gflops/s) - 3706 (4074790 Gflops/s) - 3755 (4128666 Gflops/s) - 3759 (4133064 Gflops/s) - 3758 (4131964 Gflops/s) - 3673 (4038506 Gflops/s) | Temperatures: 64°C - 65°C - 71°C - 71°C - 64°C - 65°C - 73°C - 71°C | Throttling: None - None - None - None - None - None - None - None
3766 (4140760 Gflops/s) - 3759 (4133064 Gflops/s) - 3748 (4120969 Gflops/s) - 3702 (4070392 Gflops/s) - 3755 (4128666 Gflops/s) - 3757 (4130865 Gflops/s) - 3755 (4128666 Gflops/s) - 3673 (4038506 Gflops/s) | Temperatures: 64°C - 65°C - 71°C - 72°C - 64°C - 65°C - 73°C - 71°C | Throttling: None - None - None - None - None - None - None - None
3766 (4140760 Gflops/s) - 3759 (4133064 Gflops/s) - 3748 (4120969 Gflops/s) - 3705 (4073690 Gflops/s) - 3754 (4127566 Gflops/s) - 3758 (4131964 Gflops/s) - 3757 (4130865 Gflops/s) - 3673 (4038506 Gflops/s) | Temperatures: 64°C - 65°C - 71°C - 72°C - 65°C - 65°C - 73°C - 71°C | Throttling: None - None - None - None - None - None - None - None
3765 (4139661 Gflops/s) - 3759 (4133064 Gflops/s) - 3747 (4119870 Gflops/s) - 3702 (4070392 Gflops/s) - 3755 (4128666 Gflops/s) - 3756 (4129765 Gflops/s) - 3758 (4131964 Gflops/s) - 3672 (4037406 Gflops/s) | Temperatures: 64°C - 65°C - 72°C - 72°C - 64°C - 65°C - 73°C - 71°C | Throttling: None - None - None - None - None - None - None - None
3770 (4145158 Gflops/s) - 3763 (4137462 Gflops/s) - 3752 (4125367 Gflops/s) - 3702 (4070392 Gflops/s) - 3758 (4131964 Gflops/s) - 3766 (4140760 Gflops/s) - 3760 (4134163 Gflops/s) - 3678 (4044003 Gflops/s) | Temperatures: 64°C - 65°C - 72°C - 72°C - 64°C - 65°C - 73°C - 71°C | Throttling: None - None - None - None - None - None - None - None
3766 (4140760 Gflops/s) - 3760 (4134163 Gflops/s) - 3748 (4120969 Gflops/s) - 3702 (4070392 Gflops/s) - 3754 (4127566 Gflops/s) - 3757 (4130865 Gflops/s) - 3757 (4130865 Gflops/s) - 3671 (4036307 Gflops/s) | Temperatures: 64°C - 65°C - 71°C - 72°C - 65°C - 65°C - 73°C - 71°C | Throttling: None - None - None - None - None - None - None - None
3766 (4140760 Gflops/s) - 3760 (4134163 Gflops/s) - 3748 (4120969 Gflops/s) - 3705 (4073690 Gflops/s) - 3752 (4125367 Gflops/s) - 3762 (4136362 Gflops/s) - 3757 (4130865 Gflops/s) - 3674 (4039605 Gflops/s) | Temperatures: 64°C - 65°C - 72°C - 71°C - 64°C - 65°C - 73°C - 71°C | Throttling: None - None - None - None - None - None - None - None
3766 (4140760 Gflops/s) - 3759 (4133064 Gflops/s) - 3749 (4122069 Gflops/s) - 3702 (4070392 Gflops/s) - 3753 (4126467 Gflops/s) - 3758 (4131964 Gflops/s) - 3756 (4129765 Gflops/s) - 3675 (4040705 Gflops/s) | Temperatures: 64°C - 65°C - 72°C - 72°C - 65°C - 65°C - 73°C - 71°C | Throttling: None - None - None - None - None - None - None - None
3766 (4140760 Gflops/s) - 3759 (4133064 Gflops/s) - 3748 (4120969 Gflops/s) - 3706 (4074790 Gflops/s) - 3752 (4125367 Gflops/s) - 3763 (4137462 Gflops/s) - 3756 (4129765 Gflops/s) - 3676 (4041804 Gflops/s) | Temperatures: 64°C - 65°C - 71°C - 72°C - 64°C - 65°C - 73°C - 71°C | Throttling: None - None - None - None - None - None - None - None
3765 (4139661 Gflops/s) - 3759 (4133064 Gflops/s) - 3748 (4120969 Gflops/s) - 3701 (4069292 Gflops/s) - 3754 (4127566 Gflops/s) - 3759 (4133064 Gflops/s) - 3756 (4129765 Gflops/s) - 3675 (4040705 Gflops/s) | Temperatures: 64°C - 65°C - 71°C - 72°C - 65°C - 65°C - 73°C - 71°C | Throttling: None - None - None - None - None - None - None - None
3766 (4140760 Gflops/s) - 3759 (4133064 Gflops/s) - 3749 (4122069 Gflops/s) - 3700 (4068193 Gflops/s) - 3755 (4128666 Gflops/s) - 3760 (4134163 Gflops/s) - 3758 (4131964 Gflops/s) - 3673 (4038506 Gflops/s) | Temperatures: 64°C - 65°C - 71°C - 72°C - 65°C - 65°C - 73°C - 71°C | Throttling: None - None - None - None - None - None - None - None
3766 (4140760 Gflops/s) - 3758 (4131964 Gflops/s) - 3748 (4120969 Gflops/s) - 3702 (4070392 Gflops/s) - 3755 (4128666 Gflops/s) - 3760 (4134163 Gflops/s) - 3758 (4131964 Gflops/s) - 3674 (4039605 Gflops/s) | Temperatures: 64°C - 65°C - 72°C - 72°C - 65°C - 65°C - 73°C - 71°C | Throttling: None - None - None - None - None - None - None - None
3766 (4140760 Gflops/s) - 3759 (4133064 Gflops/s) - 3747 (4119870 Gflops/s) - 3702 (4070392 Gflops/s) - 3752 (4125367 Gflops/s) - 3757 (4130865 Gflops/s) - 3757 (4130865 Gflops/s) - 3673 (4038506 Gflops/s) | Temperatures: 64°C - 65°C - 72°C - 72°C - 65°C - 66°C - 73°C - 71°C | Throttling: None - None - None - None - None - None - None - None
3766 (4140760 Gflops/s) - 3759 (4133064 Gflops/s) - 3748 (4120969 Gflops/s) - 3705 (4073690 Gflops/s) - 3753 (4126467 Gflops/s) - 3758 (4131964 Gflops/s) - 3758 (4131964 Gflops/s) - 3672 (4037406 Gflops/s) | Temperatures: 64°C - 65°C - 72°C - 72°C - 65°C - 66°C - 74°C - 71°C | Throttling: None - None - None - None - None - None - None - None
3766 (4140760 Gflops/s) - 3759 (4133064 Gflops/s) - 3748 (4120969 Gflops/s) - 3705 (4073690 Gflops/s) - 3755 (4128666 Gflops/s) - 3759 (4133064 Gflops/s) - 3755 (4128666 Gflops/s) - 3670 (4035207 Gflops/s) | Temperatures: 64°C - 65°C - 72°C - 72°C - 65°C - 66°C - 74°C - 71°C | Throttling: None - None - None - None - None - None - None - None
3769 (4144059 Gflops/s) - 3761 (4135263 Gflops/s) - 3751 (4124268 Gflops/s) - 3704 (4072591 Gflops/s) - 3755 (4128666 Gflops/s) - 3761 (4135263 Gflops/s) - 3761 (4135263 Gflops/s) - 3677 (4042904 Gflops/s) | Temperatures: 64°C - 65°C - 72°C - 72°C - 65°C - 66°C - 74°C - 71°C | Throttling: None - None - None - None - None - None - None - None
3767 (4141860 Gflops/s) - 3760 (4134163 Gflops/s) - 3748 (4120969 Gflops/s) - 3704 (4072591 Gflops/s) - 3751 (4124268 Gflops/s) - 3758 (4131964 Gflops/s) - 3756 (4129765 Gflops/s) - 3672 (4037406 Gflops/s) | Temperatures: 65°C - 65°C - 72°C - 72°C - 65°C - 66°C - 74°C - 71°C | Throttling: None - None - None - None - None - None - None - None
3766 (4140760 Gflops/s) - 3758 (4131964 Gflops/s) - 3747 (4119870 Gflops/s) - 3701 (4069292 Gflops/s) - 3752 (4125367 Gflops/s) - 3756 (4129765 Gflops/s) - 3756 (4129765 Gflops/s) - 3670 (4035207 Gflops/s) | Temperatures: 65°C - 65°C - 72°C - 72°C - 65°C - 66°C - 74°C - 71°C | Throttling: None - None - None - None - None - None - None - None
3765 (4139661 Gflops/s) - 3757 (4130865 Gflops/s) - 3746 (4118770 Gflops/s) - 3703 (4071491 Gflops/s) - 3755 (4128666 Gflops/s) - 3760 (4134163 Gflops/s) - 3754 (4127566 Gflops/s) - 3668 (4033008 Gflops/s) | Temperatures: 65°C - 65°C - 72°C - 72°C - 65°C - 66°C - 74°C - 71°C | Throttling: None - None - None - None - None - None - None - None
3766 (4140760 Gflops/s) - 3758 (4131964 Gflops/s) - 3746 (4118770 Gflops/s) - 3699 (4067093 Gflops/s) - 3754 (4127566 Gflops/s) - 3762 (4136362 Gflops/s) - 3755 (4128666 Gflops/s) - 3670 (4035207 Gflops/s) | Temperatures: 65°C - 65°C - 72°C - 72°C - 65°C - 66°C - 74°C - 71°C | Throttling: None - None - None - None - None - None - None - None
3766 (4140760 Gflops/s) - 3758 (4131964 Gflops/s) - 3747 (4119870 Gflops/s) - 3698 (4065993 Gflops/s) - 3753 (4126467 Gflops/s) - 3757 (4130865 Gflops/s) - 3755 (4128666 Gflops/s) - 3670 (4035207 Gflops/s) | Temperatures: 65°C - 65°C - 72°C - 72°C - 65°C - 66°C - 74°C - 71°C | Throttling: None - None - None - None - None - None - None - None
3766 (4140760 Gflops/s) - 3758 (4131964 Gflops/s) - 3746 (4118770 Gflops/s) - 3702 (4070392 Gflops/s) - 3754 (4127566 Gflops/s) - 3758 (4131964 Gflops/s) - 3754 (4127566 Gflops/s) - 3669 (4034108 Gflops/s) | Temperatures: 65°C - 65°C - 72°C - 72°C - 65°C - 66°C - 74°C - 71°C | Throttling: None - None - None - None - None - None - None - None
3766 (4140760 Gflops/s) - 3758 (4131964 Gflops/s) - 3746 (4118770 Gflops/s) - 3698 (4065993 Gflops/s) - 3755 (4128666 Gflops/s) - 3756 (4129765 Gflops/s) - 3752 (4125367 Gflops/s) - 3669 (4034108 Gflops/s) | Temperatures: 65°C - 65°C - 72°C - 72°C - 65°C - 66°C - 74°C - 71°C | Throttling: None - None - None - None - None - None - None - None
3765 (4139661 Gflops/s) - 3757 (4130865 Gflops/s) - 3745 (4117671 Gflops/s) - 3703 (4071491 Gflops/s) - 3752 (4125367 Gflops/s) - 3756 (4129765 Gflops/s) - 3754 (4127566 Gflops/s) - 3668 (4033008 Gflops/s) | Temperatures: 65°C - 65°C - 72°C - 72°C - 65°C - 66°C - 74°C - 71°C | Throttling: None - None - None - None - None - None - None - None
3766 (4140760 Gflops/s) - 3759 (4133064 Gflops/s) - 3747 (4119870 Gflops/s) - 3708 (4076989 Gflops/s) - 3754 (4127566 Gflops/s) - 3762 (4136362 Gflops/s) - 3753 (4126467 Gflops/s) - 3669 (4034108 Gflops/s) | Temperatures: 65°C - 65°C - 72°C - 72°C - 65°C - 66°C - 74°C - 71°C | Throttling: None - None - None - None - None - None - None - None
3766 (4140760 Gflops/s) - 3758 (4131964 Gflops/s) - 3745 (4117671 Gflops/s) - 3698 (4065993 Gflops/s) - 3755 (4128666 Gflops/s) - 3759 (4133064 Gflops/s) - 3754 (4127566 Gflops/s) - 3667 (4031909 Gflops/s) | Temperatures: 65°C - 65°C - 72°C - 72°C - 65°C - 66°C - 74°C - 71°C | Throttling: None - None - None - None - None - None - None - None
3770 (4145158 Gflops/s) - 3760 (4134163 Gflops/s) - 3751 (4124268 Gflops/s) - 3705 (4073690 Gflops/s) - 3754 (4127566 Gflops/s) - 3761 (4135263 Gflops/s) - 3757 (4130865 Gflops/s) - 3672 (4037406 Gflops/s) | Temperatures: 65°C - 65°C - 72°C - 72°C - 65°C - 66°C - 74°C - 71°C | Throttling: None - None - None - None - None - None - None - None
3766 (4140760 Gflops/s) - 3757 (4130865 Gflops/s) - 3746 (4118770 Gflops/s) - 3699 (4067093 Gflops/s) - 3752 (4125367 Gflops/s) - 3760 (4134163 Gflops/s) - 3751 (4124268 Gflops/s) - 3667 (4031909 Gflops/s) | Temperatures: 65°C - 65°C - 72°C - 72°C - 65°C - 66°C - 74°C - 71°C | Throttling: None - None - None - None - None - None - None - None
3765 (4139661 Gflops/s) - 3757 (4130865 Gflops/s) - 3745 (4117671 Gflops/s) - 3698 (4065993 Gflops/s) - 3753 (4126467 Gflops/s) - 3759 (4133064 Gflops/s) - 3752 (4125367 Gflops/s) - 3667 (4031909 Gflops/s) | Temperatures: 65°C - 65°C - 72°C - 72°C - 65°C - 66°C - 74°C - 71°C | Throttling: None - None - None - None - None - None - None - None
3766 (4140760 Gflops/s) - 3757 (4130865 Gflops/s) - 3745 (4117671 Gflops/s) - 3704 (4072591 Gflops/s) - 3748 (4120969 Gflops/s) - 3759 (4133064 Gflops/s) - 3753 (4126467 Gflops/s) - 3666 (4030809 Gflops/s) | Temperatures: 65°C - 66°C - 72°C - 72°C - 65°C - 66°C - 74°C - 71°C | Throttling: None - None - None - None - None - None - None - None
3766 (4140760 Gflops/s) - 3758 (4131964 Gflops/s) - 3746 (4118770 Gflops/s) - 3701 (4069292 Gflops/s) - 3752 (4125367 Gflops/s) - 3754 (4127566 Gflops/s) - 3751 (4124268 Gflops/s) - 3667 (4031909 Gflops/s) | Temperatures: 65°C - 66°C - 72°C - 72°C - 65°C - 66°C - 74°C - 71°C | Throttling: None - None - None - None - None - None - None - None
3766 (4140760 Gflops/s) - 3758 (4131964 Gflops/s) - 3746 (4118770 Gflops/s) - 3698 (4065993 Gflops/s) - 3754 (4127566 Gflops/s) - 3755 (4128666 Gflops/s) - 3753 (4126467 Gflops/s) - 3667 (4031909 Gflops/s) | Temperatures: 65°C - 66°C - 72°C - 72°C - 65°C - 66°C - 74°C - 72°C | Throttling: None - None - None - None - None - None - None - None
3765 (4139661 Gflops/s) - 3757 (4130865 Gflops/s) - 3744 (4116571 Gflops/s) - 3702 (4070392 Gflops/s) - 3747 (4119870 Gflops/s) - 3760 (4134163 Gflops/s) - 3751 (4124268 Gflops/s) - 3669 (4034108 Gflops/s) | Temperatures: 65°C - 66°C - 72°C - 73°C - 65°C - 66°C - 74°C - 71°C | Throttling: None - None - None - None - None - None - None - None
3766 (4140760 Gflops/s) - 3758 (4131964 Gflops/s) - 3746 (4118770 Gflops/s) - 3699 (4067093 Gflops/s) - 3755 (4128666 Gflops/s) - 3761 (4135263 Gflops/s) - 3751 (4124268 Gflops/s) - 3666 (4030809 Gflops/s) | Temperatures: 65°C - 66°C - 72°C - 73°C - 65°C - 66°C - 74°C - 71°C | Throttling: None - None - None - None - None - None - None - None
3766 (4140760 Gflops/s) - 3756 (4129765 Gflops/s) - 3746 (4118770 Gflops/s) - 3703 (4071491 Gflops/s) - 3750 (4123168 Gflops/s) - 3761 (4135263 Gflops/s) - 3752 (4125367 Gflops/s) - 3671 (4036307 Gflops/s) | Temperatures: 65°C - 66°C - 72°C - 73°C - 65°C - 66°C - 74°C - 71°C | Throttling: None - None - None - None - None - None - None - None
3766 (4140760 Gflops/s) - 3757 (4130865 Gflops/s) - 3745 (4117671 Gflops/s) - 3701 (4069292 Gflops/s) - 3746 (4118770 Gflops/s) - 3756 (4129765 Gflops/s) - 3751 (4124268 Gflops/s) - 3667 (4031909 Gflops/s) | Temperatures: 65°C - 66°C - 72°C - 73°C - 66°C - 66°C - 74°C - 72°C | Throttling: None - None - None - None - None - None - None - None
3770 (4145158 Gflops/s) - 3760 (4134163 Gflops/s) - 3749 (4122069 Gflops/s) - 3705 (4073690 Gflops/s) - 3756 (4129765 Gflops/s) - 3762 (4136362 Gflops/s) - 3754 (4127566 Gflops/s) - 3670 (4035207 Gflops/s) | Temperatures: 65°C - 66°C - 72°C - 72°C - 66°C - 66°C - 74°C - 72°C | Throttling: None - None - None - None - None - None - None - None
3766 (4140760 Gflops/s) - 3758 (4131964 Gflops/s) - 3745 (4117671 Gflops/s) - 3700 (4068193 Gflops/s) - 3749 (4122069 Gflops/s) - 3758 (4131964 Gflops/s) - 3752 (4125367 Gflops/s) - 3665 (4029710 Gflops/s) | Temperatures: 65°C - 66°C - 72°C - 72°C - 66°C - 66°C - 74°C - 72°C | Throttling: None - None - None - None - None - None - None - None
3766 (4140760 Gflops/s) - 3757 (4130865 Gflops/s) - 3746 (4118770 Gflops/s) - 3701 (4069292 Gflops/s) - 3743 (4115472 Gflops/s) - 3761 (4135263 Gflops/s) - 3750 (4123168 Gflops/s) - 3665 (4029710 Gflops/s) | Temperatures: 65°C - 66°C - 72°C - 73°C - 66°C - 67°C - 74°C - 72°C | Throttling: None - None - None - None - None - None - None - None
3765 (4139661 Gflops/s) - 3756 (4129765 Gflops/s) - 3744 (4116571 Gflops/s) - 3695 (4062695 Gflops/s) - 3749 (4122069 Gflops/s) - 3757 (4130865 Gflops/s) - 3749 (4122069 Gflops/s) - 3664 (4028610 Gflops/s) | Temperatures: 65°C - 66°C - 72°C - 72°C - 66°C - 66°C - 74°C - 72°C | Throttling: None - None - None - None - None - None - None - None
3766 (4140760 Gflops/s) - 3757 (4130865 Gflops/s) - 3744 (4116571 Gflops/s) - 3697 (4064894 Gflops/s) - 3749 (4122069 Gflops/s) - 3751 (4124268 Gflops/s) - 3748 (4120969 Gflops/s) - 3664 (4028610 Gflops/s) | Temperatures: 65°C - 66°C - 72°C - 73°C - 66°C - 66°C - 74°C - 72°C | Throttling: None - None - None - None - None - None - None - None
3766 (4140760 Gflops/s) - 3756 (4129765 Gflops/s) - 3745 (4117671 Gflops/s) - 3698 (4065993 Gflops/s) - 3747 (4119870 Gflops/s) - 3757 (4130865 Gflops/s) - 3751 (4124268 Gflops/s) - 3665 (4029710 Gflops/s) | Temperatures: 65°C - 66°C - 73°C - 73°C - 66°C - 67°C - 74°C - 72°C | Throttling: None - None - None - None - None - None - None - None
3766 (4140760 Gflops/s) - 3756 (4129765 Gflops/s) - 3744 (4116571 Gflops/s) - 3697 (4064894 Gflops/s) - 3742 (4114372 Gflops/s) - 3755 (4128666 Gflops/s) - 3750 (4123168 Gflops/s) - 3664 (4028610 Gflops/s) | Temperatures: 65°C - 66°C - 73°C - 73°C - 66°C - 66°C - 74°C - 72°C | Throttling: None - None - None - None - None - None - None - None
3766 (4140760 Gflops/s) - 3755 (4128666 Gflops/s) - 3744 (4116571 Gflops/s) - 3700 (4068193 Gflops/s) - 3752 (4125367 Gflops/s) - 3754 (4127566 Gflops/s) - 3751 (4124268 Gflops/s) - 3664 (4028610 Gflops/s) | Temperatures: 65°C - 66°C - 73°C - 73°C - 66°C - 66°C - 74°C - 72°C | Throttling: None - None - None - None - None - None - None - None
3765 (4139661 Gflops/s) - 3756 (4129765 Gflops/s) - 3744 (4116571 Gflops/s) - 3694 (4061595 Gflops/s) - 3747 (4119870 Gflops/s) - 3761 (4135263 Gflops/s) - 3749 (4122069 Gflops/s) - 3664 (4028610 Gflops/s) | Temperatures: 65°C - 66°C - 73°C - 73°C - 66°C - 67°C - 74°C - 72°C | Throttling: None - None - None - None - None - None - None - None
3766 (4140760 Gflops/s) - 3756 (4129765 Gflops/s) - 3744 (4116571 Gflops/s) - 3697 (4064894 Gflops/s) - 3741 (4113272 Gflops/s) - 3758 (4131964 Gflops/s) - 3748 (4120969 Gflops/s) - 3665 (4029710 Gflops/s) | Temperatures: 65°C - 66°C - 73°C - 73°C - 66°C - 67°C - 74°C - 72°C | Throttling: None - None - None - None - None - None - None - None
3766 (4140760 Gflops/s) - 3756 (4129765 Gflops/s) - 3743 (4115472 Gflops/s) - 3695 (4062695 Gflops/s) - 3743 (4115472 Gflops/s) - 3758 (4131964 Gflops/s) - 3748 (4120969 Gflops/s) - 3664 (4028610 Gflops/s) | Temperatures: 65°C - 66°C - 73°C - 73°C - 66°C - 67°C - 74°C - 72°C | Throttling: None - None - None - None - None - None - None - None
3769 (4144059 Gflops/s) - 3759 (4133064 Gflops/s) - 3748 (4120969 Gflops/s) - 3700 (4068193 Gflops/s) - 3757 (4130865 Gflops/s) - 3758 (4131964 Gflops/s) - 3752 (4125367 Gflops/s) - 3666 (4030809 Gflops/s) | Temperatures: 65°C - 66°C - 73°C - 73°C - 66°C - 67°C - 74°C - 72°C | Throttling: None - None - None - None - None - None - None - None
3766 (4140760 Gflops/s) - 3753 (4126467 Gflops/s) - 3744 (4116571 Gflops/s) - 3698 (4065993 Gflops/s) - 3752 (4125367 Gflops/s) - 3763 (4137462 Gflops/s) - 3741 (4113272 Gflops/s) - 3663 (4027511 Gflops/s) | Temperatures: 65°C - 66°C - 73°C - 73°C - 66°C - 67°C - 74°C - 72°C | Throttling: None - None - None - None - None - None - None - None
3765 (4139661 Gflops/s) - 3756 (4129765 Gflops/s) - 3744 (4116571 Gflops/s) - 3699 (4067093 Gflops/s) - 3752 (4125367 Gflops/s) - 3753 (4126467 Gflops/s) - 3744 (4116571 Gflops/s) - 3664 (4028610 Gflops/s) | Temperatures: 65°C - 66°C - 73°C - 73°C - 66°C - 67°C - 75°C - 72°C | Throttling: None - None - None - None - None - None - None - None
3766 (4140760 Gflops/s) - 3755 (4128666 Gflops/s) - 3743 (4115472 Gflops/s) - 3701 (4069292 Gflops/s) - 3752 (4125367 Gflops/s) - 3762 (4136362 Gflops/s) - 3745 (4117671 Gflops/s) - 3664 (4028610 Gflops/s) | Temperatures: 65°C - 66°C - 73°C - 73°C - 66°C - 67°C - 74°C - 72°C | Throttling: None - None - None - None - None - None - None - None
3766 (4140760 Gflops/s) - 3755 (4128666 Gflops/s) - 3743 (4115472 Gflops/s) - 3697 (4064894 Gflops/s) - 3754 (4127566 Gflops/s) - 3763 (4137462 Gflops/s) - 3744 (4116571 Gflops/s) - 3666 (4030809 Gflops/s) | Temperatures: 65°C - 66°C - 73°C - 73°C - 66°C - 67°C - 74°C - 72°C | Throttling: None - None - None - None - None - None - None - None
3765 (4139661 Gflops/s) - 3757 (4130865 Gflops/s) - 3744 (4116571 Gflops/s) - 3695 (4062695 Gflops/s) - 3749 (4122069 Gflops/s) - 3758 (4131964 Gflops/s) - 3740 (4112173 Gflops/s) - 3664 (4028610 Gflops/s) | Temperatures: 65°C - 66°C - 73°C - 73°C - 66°C - 67°C - 74°C - 72°C | Throttling: None - None - None - None - None - None - None - None
3766 (4140760 Gflops/s) - 3755 (4128666 Gflops/s) - 3742 (4114372 Gflops/s) - 3696 (4063794 Gflops/s) - 3747 (4119870 Gflops/s) - 3757 (4130865 Gflops/s) - 3741 (4113272 Gflops/s) - 3662 (4026411 Gflops/s) | Temperatures: 65°C - 66°C - 73°C - 73°C - 66°C - 67°C - 74°C - 72°C | Throttling: None - None - None - None - None - None - None - None
3766 (4140760 Gflops/s) - 3756 (4129765 Gflops/s) - 3744 (4116571 Gflops/s) - 3698 (4065993 Gflops/s) - 3751 (4124268 Gflops/s) - 3755 (4128666 Gflops/s) - 3745 (4117671 Gflops/s) - 3665 (4029710 Gflops/s) | Temperatures: 66°C - 66°C - 73°C - 73°C - 66°C - 67°C - 75°C - 72°C | Throttling: None - None - None - None - None - None - None - None
3768 (4142959 Gflops/s) - 3758 (4131964 Gflops/s) - 3746 (4118770 Gflops/s) - 3700 (4068193 Gflops/s) - 3753 (4126467 Gflops/s) - 3758 (4131964 Gflops/s) - 3747 (4119870 Gflops/s) - 3667 (4031909 Gflops/s) | Temperatures: 66°C - 66°C - 73°C - 73°C - 66°C - 67°C - 74°C - 72°C | Throttling: None - None - None - None - None - None - None - None
3766 (4140760 Gflops/s) - 3755 (4128666 Gflops/s) - 3743 (4115472 Gflops/s) - 3698 (4065993 Gflops/s) - 3751 (4124268 Gflops/s) - 3761 (4135263 Gflops/s) - 3743 (4115472 Gflops/s) - 3667 (4031909 Gflops/s) | Temperatures: 66°C - 66°C - 73°C - 73°C - 66°C - 67°C - 75°C - 72°C | Throttling: None - None - None - None - None - None - None - None
3766 (4140760 Gflops/s) - 3753 (4126467 Gflops/s) - 3743 (4115472 Gflops/s) - 3694 (4061595 Gflops/s) - 3746 (4118770 Gflops/s) - 3751 (4124268 Gflops/s) - 3743 (4115472 Gflops/s) - 3664 (4028610 Gflops/s) | Temperatures: 66°C - 66°C - 73°C - 73°C - 66°C - 67°C - 74°C - 72°C | Throttling: None - None - None - None - None - None - None - None
3766 (4140760 Gflops/s) - 3754 (4127566 Gflops/s) - 3743 (4115472 Gflops/s) - 3700 (4068193 Gflops/s) - 3751 (4124268 Gflops/s) - 3760 (4134163 Gflops/s) - 3744 (4116571 Gflops/s) - 3662 (4026411 Gflops/s) | Temperatures: 66°C - 66°C - 73°C - 73°C - 66°C - 67°C - 75°C - 72°C | Throttling: None - None - None - None - None - None - None - None
3766 (4140760 Gflops/s) - 3753 (4126467 Gflops/s) - 3743 (4115472 Gflops/s) - 3696 (4063794 Gflops/s) - 3748 (4120969 Gflops/s) - 3760 (4134163 Gflops/s) - 3741 (4113272 Gflops/s) - 3665 (4029710 Gflops/s) | Temperatures: 66°C - 66°C - 73°C - 73°C - 66°C - 67°C - 75°C - 72°C | Throttling: None - None - None - None - None - None - None - None
3765 (4139661 Gflops/s) - 3756 (4129765 Gflops/s) - 3743 (4115472 Gflops/s) - 3698 (4065993 Gflops/s) - 3747 (4119870 Gflops/s) - 3749 (4122069 Gflops/s) - 3744 (4116571 Gflops/s) - 3664 (4028610 Gflops/s) | Temperatures: 66°C - 66°C - 73°C - 73°C - 66°C - 67°C - 75°C - 72°C | Throttling: None - None - None - None - None - None - None - None
3766 (4140760 Gflops/s) - 3754 (4127566 Gflops/s) - 3743 (4115472 Gflops/s) - 3699 (4067093 Gflops/s) - 3749 (4122069 Gflops/s) - 3750 (4123168 Gflops/s) - 3740 (4112173 Gflops/s) - 3665 (4029710 Gflops/s) | Temperatures: 66°C - 66°C - 73°C - 73°C - 66°C - 67°C - 75°C - 72°C | Throttling: None - None - None - None - None - None - None - None
3766 (4140760 Gflops/s) - 3754 (4127566 Gflops/s) - 3743 (4115472 Gflops/s) - 3698 (4065993 Gflops/s) - 3750 (4123168 Gflops/s) - 3757 (4130865 Gflops/s) - 3741 (4113272 Gflops/s) - 3664 (4028610 Gflops/s) | Temperatures: 66°C - 66°C - 73°C - 73°C - 66°C - 67°C - 75°C - 72°C | Throttling: None - None - None - None - None - None - None - None
3765 (4139661 Gflops/s) - 3756 (4129765 Gflops/s) - 3742 (4114372 Gflops/s) - 3693 (4060496 Gflops/s) - 3754 (4127566 Gflops/s) - 3757 (4130865 Gflops/s) - 3742 (4114372 Gflops/s) - 3663 (4027511 Gflops/s) | Temperatures: 65°C - 66°C - 73°C - 73°C - 66°C - 67°C - 75°C - 72°C | Throttling: None - None - None - None - None - None - None - None
3766 (4140760 Gflops/s) - 3755 (4128666 Gflops/s) - 3741 (4113272 Gflops/s) - 3692 (4059396 Gflops/s) - 3750 (4123168 Gflops/s) - 3757 (4130865 Gflops/s) - 3743 (4115472 Gflops/s) - 3664 (4028610 Gflops/s) | Temperatures: 65°C - 66°C - 73°C - 73°C - 66°C - 67°C - 75°C - 72°C | Throttling: None - None - None - None - None - None - None - None
3770 (4145158 Gflops/s) - 3760 (4134163 Gflops/s) - 3747 (4119870 Gflops/s) - 3703 (4071491 Gflops/s) - 3753 (4126467 Gflops/s) - 3764 (4138561 Gflops/s) - 3746 (4118770 Gflops/s) - 3667 (4031909 Gflops/s) | Temperatures: 65°C - 66°C - 73°C - 73°C - 66°C - 67°C - 74°C - 72°C | Throttling: None - None - None - None - None - None - None - None
3766 (4140760 Gflops/s) - 3757 (4130865 Gflops/s) - 3742 (4114372 Gflops/s) - 3697 (4064894 Gflops/s) - 3750 (4123168 Gflops/s) - 3759 (4133064 Gflops/s) - 3742 (4114372 Gflops/s) - 3666 (4030809 Gflops/s) | Temperatures: 65°C - 66°C - 73°C - 73°C - 66°C - 67°C - 74°C - 72°C | Throttling: None - None - None - None - None - None - None - None
3766 (4140760 Gflops/s) - 3756 (4129765 Gflops/s) - 3743 (4115472 Gflops/s) - 3697 (4064894 Gflops/s) - 3749 (4122069 Gflops/s) - 3758 (4131964 Gflops/s) - 3743 (4115472 Gflops/s) - 3664 (4028610 Gflops/s) | Temperatures: 65°C - 66°C - 73°C - 73°C - 66°C - 67°C - 74°C - 72°C | Throttling: None - None - None - None - None - None - None - None
3765 (4139661 Gflops/s) - 3756 (4129765 Gflops/s) - 3742 (4114372 Gflops/s) - 3696 (4063794 Gflops/s) - 3748 (4120969 Gflops/s) - 3752 (4125367 Gflops/s) - 3745 (4117671 Gflops/s) - 3663 (4027511 Gflops/s) | Temperatures: 65°C - 66°C - 73°C - 73°C - 66°C - 67°C - 74°C - 72°C | Throttling: None - None - None - None - None - None - None - None
3765 (4139661 Gflops/s) - 3754 (4127566 Gflops/s) - 3743 (4115472 Gflops/s) - 3695 (4062695 Gflops/s) - 3750 (4123168 Gflops/s) - 3758 (4131964 Gflops/s) - 3745 (4117671 Gflops/s) - 3663 (4027511 Gflops/s) | Temperatures: 65°C - 66°C - 73°C - 73°C - 66°C - 67°C - 75°C - 72°C | Throttling: None - None - None - None - None - None - None - None
3766 (4140760 Gflops/s) - 3756 (4129765 Gflops/s) - 3743 (4115472 Gflops/s) - 3698 (4065993 Gflops/s) - 3750 (4123168 Gflops/s) - 3759 (4133064 Gflops/s) - 3745 (4117671 Gflops/s) - 3665 (4029710 Gflops/s) | Temperatures: 65°C - 66°C - 73°C - 73°C - 66°C - 67°C - 74°C - 72°C | Throttling: None - None - None - None - None - None - None - None
3766 (4140760 Gflops/s) - 3755 (4128666 Gflops/s) - 3745 (4117671 Gflops/s) - 3698 (4065993 Gflops/s) - 3752 (4125367 Gflops/s) - 3755 (4128666 Gflops/s) - 3747 (4119870 Gflops/s) - 3664 (4028610 Gflops/s) | Temperatures: 65°C - 66°C - 73°C - 73°C - 66°C - 67°C - 74°C - 72°C | Throttling: None - None - None - None - None - None - None - None
3766 (4140760 Gflops/s) - 3754 (4127566 Gflops/s) - 3743 (4115472 Gflops/s) - 3698 (4065993 Gflops/s) - 3751 (4124268 Gflops/s) - 3761 (4135263 Gflops/s) - 3743 (4115472 Gflops/s) - 3663 (4027511 Gflops/s) | Temperatures: 65°C - 66°C - 73°C - 73°C - 66°C - 66°C - 74°C - 72°C | Throttling: None - None - None - None - None - None - None - None
3766 (4140760 Gflops/s) - 3758 (4131964 Gflops/s) - 3742 (4114372 Gflops/s) - 3697 (4064894 Gflops/s) - 3750 (4123168 Gflops/s) - 3759 (4133064 Gflops/s) - 3746 (4118770 Gflops/s) - 3665 (4029710 Gflops/s) | Temperatures: 65°C - 66°C - 73°C - 73°C - 66°C - 67°C - 75°C - 72°C | Throttling: None - None - None - None - None - None - None - None
3766 (4140760 Gflops/s) - 3756 (4129765 Gflops/s) - 3743 (4115472 Gflops/s) - 3697 (4064894 Gflops/s) - 3752 (4125367 Gflops/s) - 3760 (4134163 Gflops/s) - 3742 (4114372 Gflops/s) - 3663 (4027511 Gflops/s) | Temperatures: 65°C - 66°C - 73°C - 73°C - 66°C - 67°C - 75°C - 72°C | Throttling: None - None - None - None - None - None - None - None
3766 (4140760 Gflops/s) - 3756 (4129765 Gflops/s) - 3743 (4115472 Gflops/s) - 3700 (4068193 Gflops/s) - 3752 (4125367 Gflops/s) - 3748 (4120969 Gflops/s) - 3744 (4116571 Gflops/s) - 3664 (4028610 Gflops/s) | Temperatures: 65°C - 66°C - 73°C - 73°C - 66°C - 66°C - 75°C - 72°C | Throttling: None - None - None - None - None - None - None - None
3765 (4139661 Gflops/s) - 3757 (4130865 Gflops/s) - 3743 (4115472 Gflops/s) - 3699 (4067093 Gflops/s) - 3753 (4126467 Gflops/s) - 3761 (4135263 Gflops/s) - 3743 (4115472 Gflops/s) - 3666 (4030809 Gflops/s) | Temperatures: 65°C - 66°C - 73°C - 73°C - 66°C - 67°C - 74°C - 72°C | Throttling: None - None - None - None - None - None - None - None
3766 (4140760 Gflops/s) - 3754 (4127566 Gflops/s) - 3743 (4115472 Gflops/s) - 3700 (4068193 Gflops/s) - 3755 (4128666 Gflops/s) - 3761 (4135263 Gflops/s) - 3743 (4115472 Gflops/s) - 3663 (4027511 Gflops/s) | Temperatures: 65°C - 66°C - 73°C - 73°C - 66°C - 67°C - 74°C - 72°C | Throttling: None - None - None - None - None - None - None - None
3766 (4140760 Gflops/s) - 3756 (4129765 Gflops/s) - 3743 (4115472 Gflops/s) - 3697 (4064894 Gflops/s) - 3747 (4119870 Gflops/s) - 3752 (4125367 Gflops/s) - 3740 (4112173 Gflops/s) - 3665 (4029710 Gflops/s) | Temperatures: 65°C - 66°C - 73°C - 73°C - 66°C - 66°C - 74°C - 72°C | Throttling: None - None - None - None - None - None - None - None
1416 (1556908 Gflops/s) - 1516 (1666859 Gflops/s) - 2318 (2548667 Gflops/s) - 1630 (1792203 Gflops/s) - 1999 (2197923 Gflops/s) - 1525 (1676755 Gflops/s) - 1148 (1262239 Gflops/s) - 2263 (2488194 Gflops/s) | Temperatures: 52°C - 54°C - 65°C - 62°C - 56°C - 55°C - 63°C - 63°C | Throttling: None - None - None - None - None - None - None - None
GPU #0: 4132186 Gflops/s (min: 1556908.46, max: 4146258.35, dev: 150970.88)
         Temperature: 64.51°C (min: 52.00, max: 66.00)
         Throttling HW: false, Thermal SW: false, Thermal HW: false
GPU #1: 4123750 Gflops/s (min: 1666859.63, max: 4141860.30, dev: 144050.50)
         Temperature: 65.22°C (min: 54.00, max: 66.00)
         Throttling HW: false, Thermal SW: false, Thermal HW: false
GPU #2: 4114297 Gflops/s (min: 2548667.95, max: 4138561.77, dev: 91869.67)
         Temperature: 71.99°C (min: 65.00, max: 73.00)
         Throttling HW: false, Thermal SW: false, Thermal HW: false
GPU #3: 4062887 Gflops/s (min: 1792203.95, max: 4100078.86, dev: 133287.64)
         Temperature: 72.10°C (min: 62.00, max: 73.00)
         Throttling HW: false, Thermal SW: false, Thermal HW: false
GPU #4: 4118984 Gflops/s (min: 2197923.74, max: 4133064.21, dev: 112689.71)
         Temperature: 65.11°C (min: 56.00, max: 66.00)
         Throttling HW: false, Thermal SW: false, Thermal HW: false
GPU #5: 4123904 Gflops/s (min: 1676755.23, max: 4141860.30, dev: 143499.22)
         Temperature: 65.86°C (min: 55.00, max: 67.00)
         Throttling HW: false, Thermal SW: false, Thermal HW: false
GPU #6: 4115536 Gflops/s (min: 1262239.35, max: 4148457.37, dev: 167431.60)
         Temperature: 73.63°C (min: 63.00, max: 75.00)
         Throttling HW: false, Thermal SW: false, Thermal HW: false
GPU #7: 4029920 Gflops/s (min: 2488194.81, max: 4053899.37, dev: 90601.43)
         Temperature: 71.19°C (min: 63.00, max: 72.00)
         Throttling HW: false, Thermal SW: false, Thermal HW: false
All GPUs seem healthy
Freeing GPUs...
