/usr/bin/singularity
apptainer version 1.4.5-1.el9
Number of GPUs =  8
======== Run with fp32 ==========
Detected GPU #0: "NVIDIA B200" (8d7b7177-9b6c-f840-3d36-9fe4f599cb69)
Detected GPU #1: "NVIDIA B200" (a9b275c8-51a7-8e41-74c7-34fafa66087c)
Detected GPU #2: "NVIDIA B200" (83c48aba-0641-236f-e263-ef8f0539afd8)
Detected GPU #3: "NVIDIA B200" (07e9d2e4-03a3-e2b3-7b11-8cbe1a207320)
Detected GPU #4: "NVIDIA B200" (c8c55637-4090-9b6e-a260-b9fe2660de67)
Detected GPU #5: "NVIDIA B200" (15b7aed6-ee2e-1175-21f3-4af0d374b825)
Detected GPU #6: "NVIDIA B200" (ef5c4fb4-fe13-f9a3-10b4-6ef099c29099)
Detected GPU #7: "NVIDIA B200" (b9ed0757-f385-0e3a-c3ad-50d6ab4e307f)
Using precision(s): FP32  
GPU #0: Using 163800 MB
GPU #1: Using 163800 MB
GPU #2: Using 163800 MB
GPU #3: Using 163800 MB
GPU #4: Using 163800 MB
GPU #5: Using 163800 MB
GPU #6: Using 163800 MB
GPU #7: Using 163800 MB
Creating random matrices
Matrices created
791 (869713 Gflops/s) - 0 (0 Gflops/s) - 0 (0 Gflops/s) - 0 (0 Gflops/s) - 0 (0 Gflops/s) - 0 (0 Gflops/s) - 0 (0 Gflops/s) - 0 (0 Gflops/s) | Temperatures: 42°C - 41°C - 43°C - 43°C - 42°C - 41°C - 43°C - 42°C | Throttling: None - None - None - None - None - None - None - None
733 (805942 Gflops/s) - 1262 (1387583 Gflops/s) - 1182 (1299622 Gflops/s) - 953 (1047834 Gflops/s) - 1084 (1191870 Gflops/s) - 1093 (1201766 Gflops/s) - 1079 (1186373 Gflops/s) - 1012 (1112705 Gflops/s) | Temperatures: 58°C - 56°C - 58°C - 55°C - 54°C - 53°C - 55°C - 54°C | Throttling: None - None - None - None - None - None - None - None
692 (760862 Gflops/s) - 708 (778454 Gflops/s) - 706 (776255 Gflops/s) - 707 (777354 Gflops/s) - 707 (777354 Gflops/s) - 713 (783951 Gflops/s) - 717 (788349 Gflops/s) - 710 (780653 Gflops/s) | Temperatures: 60°C - 60°C - 62°C - 61°C - 59°C - 58°C - 61°C - 60°C | Throttling: None - None - None - None - None - None - None - None
706 (776255 Gflops/s) - 706 (776255 Gflops/s) - 706 (776255 Gflops/s) - 704 (774056 Gflops/s) - 708 (778454 Gflops/s) - 713 (783951 Gflops/s) - 716 (787250 Gflops/s) - 707 (777354 Gflops/s) | Temperatures: 61°C - 61°C - 64°C - 63°C - 61°C - 60°C - 63°C - 63°C | Throttling: None - None - None - None - None - None - None - None
705 (775155 Gflops/s) - 705 (775155 Gflops/s) - 698 (767459 Gflops/s) - 701 (770757 Gflops/s) - 704 (774056 Gflops/s) - 713 (783951 Gflops/s) - 715 (786150 Gflops/s) - 704 (774056 Gflops/s) | Temperatures: 62°C - 62°C - 65°C - 64°C - 62°C - 61°C - 65°C - 64°C | Throttling: None - None - None - None - None - None - None - None
704 (774056 Gflops/s) - 704 (774056 Gflops/s) - 698 (767459 Gflops/s) - 701 (770757 Gflops/s) - 703 (772956 Gflops/s) - 714 (785051 Gflops/s) - 715 (786150 Gflops/s) - 703 (772956 Gflops/s) | Temperatures: 63°C - 63°C - 67°C - 65°C - 63°C - 62°C - 66°C - 65°C | Throttling: None - None - None - None - None - None - None - None
703 (772956 Gflops/s) - 702 (771857 Gflops/s) - 706 (776255 Gflops/s) - 704 (774056 Gflops/s) - 703 (772956 Gflops/s) - 712 (782852 Gflops/s) - 714 (785051 Gflops/s) - 705 (775155 Gflops/s) | Temperatures: 63°C - 63°C - 67°C - 66°C - 63°C - 62°C - 66°C - 66°C | Throttling: None - None - None - None - None - None - None - None
703 (772956 Gflops/s) - 701 (770757 Gflops/s) - 702 (771857 Gflops/s) - 703 (772956 Gflops/s) - 702 (771857 Gflops/s) - 711 (781752 Gflops/s) - 715 (786150 Gflops/s) - 705 (775155 Gflops/s) | Temperatures: 63°C - 64°C - 68°C - 66°C - 64°C - 63°C - 67°C - 66°C | Throttling: None - None - None - None - None - None - None - None
702 (771857 Gflops/s) - 701 (770757 Gflops/s) - 705 (775155 Gflops/s) - 703 (772956 Gflops/s) - 702 (771857 Gflops/s) - 727 (799344 Gflops/s) - 725 (797145 Gflops/s) - 703 (772956 Gflops/s) | Temperatures: 64°C - 64°C - 69°C - 67°C - 64°C - 63°C - 68°C - 67°C | Throttling: None - None - None - None - None - None - None - None
702 (771857 Gflops/s) - 701 (770757 Gflops/s) - 703 (772956 Gflops/s) - 702 (771857 Gflops/s) - 701 (770757 Gflops/s) - 697 (766359 Gflops/s) - 700 (769658 Gflops/s) - 702 (771857 Gflops/s) | Temperatures: 64°C - 64°C - 69°C - 67°C - 64°C - 63°C - 68°C - 67°C | Throttling: None - None - None - None - None - None - None - None
704 (774056 Gflops/s) - 700 (769658 Gflops/s) - 703 (772956 Gflops/s) - 701 (770757 Gflops/s) - 706 (776255 Gflops/s) - 711 (781752 Gflops/s) - 713 (783951 Gflops/s) - 702 (771857 Gflops/s) | Temperatures: 64°C - 64°C - 69°C - 67°C - 65°C - 63°C - 68°C - 68°C | Throttling: None - None - None - None - None - None - None - None
705 (775155 Gflops/s) - 700 (769658 Gflops/s) - 703 (772956 Gflops/s) - 700 (769658 Gflops/s) - 704 (774056 Gflops/s) - 710 (780653 Gflops/s) - 711 (781752 Gflops/s) - 703 (772956 Gflops/s) | Temperatures: 64°C - 64°C - 70°C - 68°C - 65°C - 63°C - 69°C - 68°C | Throttling: None - None - None - None - None - None - None - None
706 (776255 Gflops/s) - 704 (774056 Gflops/s) - 701 (770757 Gflops/s) - 701 (770757 Gflops/s) - 705 (775155 Gflops/s) - 710 (780653 Gflops/s) - 712 (782852 Gflops/s) - 701 (770757 Gflops/s) | Temperatures: 65°C - 65°C - 70°C - 68°C - 65°C - 63°C - 69°C - 68°C | Throttling: None - None - None - None - None - None - None - None
706 (776255 Gflops/s) - 704 (774056 Gflops/s) - 702 (771857 Gflops/s) - 701 (770757 Gflops/s) - 704 (774056 Gflops/s) - 711 (781752 Gflops/s) - 712 (782852 Gflops/s) - 701 (770757 Gflops/s) | Temperatures: 65°C - 65°C - 70°C - 68°C - 65°C - 64°C - 69°C - 69°C | Throttling: None - None - None - None - None - None - None - None
706 (776255 Gflops/s) - 705 (775155 Gflops/s) - 702 (771857 Gflops/s) - 700 (769658 Gflops/s) - 704 (774056 Gflops/s) - 710 (780653 Gflops/s) - 712 (782852 Gflops/s) - 700 (769658 Gflops/s) | Temperatures: 65°C - 65°C - 71°C - 68°C - 65°C - 64°C - 70°C - 69°C | Throttling: None - None - None - None - None - None - None - None
706 (776255 Gflops/s) - 704 (774056 Gflops/s) - 702 (771857 Gflops/s) - 699 (768558 Gflops/s) - 704 (774056 Gflops/s) - 709 (779553 Gflops/s) - 711 (781752 Gflops/s) - 698 (767459 Gflops/s) | Temperatures: 65°C - 65°C - 71°C - 68°C - 65°C - 64°C - 70°C - 69°C | Throttling: None - None - None - None - None - None - None - None
705 (775155 Gflops/s) - 705 (775155 Gflops/s) - 699 (768558 Gflops/s) - 700 (769658 Gflops/s) - 704 (774056 Gflops/s) - 710 (780653 Gflops/s) - 711 (781752 Gflops/s) - 699 (768558 Gflops/s) | Temperatures: 65°C - 65°C - 71°C - 69°C - 65°C - 64°C - 70°C - 69°C | Throttling: None - None - None - None - None - None - None - None
705 (775155 Gflops/s) - 704 (774056 Gflops/s) - 699 (768558 Gflops/s) - 712 (782852 Gflops/s) - 703 (772956 Gflops/s) - 710 (780653 Gflops/s) - 711 (781752 Gflops/s) - 698 (767459 Gflops/s) | Temperatures: 65°C - 65°C - 71°C - 69°C - 65°C - 64°C - 70°C - 69°C | Throttling: None - None - None - None - None - None - None - None
705 (775155 Gflops/s) - 704 (774056 Gflops/s) - 701 (770757 Gflops/s) - 685 (753165 Gflops/s) - 705 (775155 Gflops/s) - 709 (779553 Gflops/s) - 712 (782852 Gflops/s) - 701 (770757 Gflops/s) | Temperatures: 65°C - 66°C - 71°C - 69°C - 66°C - 64°C - 70°C - 69°C | Throttling: None - None - None - None - None - None - None - None
705 (775155 Gflops/s) - 703 (772956 Gflops/s) - 699 (768558 Gflops/s) - 697 (766359 Gflops/s) - 704 (774056 Gflops/s) - 709 (779553 Gflops/s) - 711 (781752 Gflops/s) - 697 (766359 Gflops/s) | Temperatures: 65°C - 66°C - 72°C - 69°C - 66°C - 64°C - 71°C - 70°C | Throttling: None - None - None - None - None - None - None - None
705 (775155 Gflops/s) - 704 (774056 Gflops/s) - 700 (769658 Gflops/s) - 698 (767459 Gflops/s) - 703 (772956 Gflops/s) - 709 (779553 Gflops/s) - 712 (782852 Gflops/s) - 697 (766359 Gflops/s) | Temperatures: 65°C - 66°C - 72°C - 69°C - 66°C - 64°C - 71°C - 70°C | Throttling: None - None - None - None - None - None - None - None
704 (774056 Gflops/s) - 704 (774056 Gflops/s) - 698 (767459 Gflops/s) - 697 (766359 Gflops/s) - 703 (772956 Gflops/s) - 709 (779553 Gflops/s) - 711 (781752 Gflops/s) - 696 (765260 Gflops/s) | Temperatures: 66°C - 66°C - 72°C - 69°C - 66°C - 65°C - 71°C - 70°C | Throttling: None - None - None - None - None - None - None - None
704 (774056 Gflops/s) - 703 (772956 Gflops/s) - 698 (767459 Gflops/s) - 697 (766359 Gflops/s) - 703 (772956 Gflops/s) - 712 (782852 Gflops/s) - 712 (782852 Gflops/s) - 697 (766359 Gflops/s) | Temperatures: 66°C - 66°C - 72°C - 70°C - 66°C - 65°C - 71°C - 70°C | Throttling: None - None - None - None - None - None - None - None
703 (772956 Gflops/s) - 703 (772956 Gflops/s) - 698 (767459 Gflops/s) - 696 (765260 Gflops/s) - 703 (772956 Gflops/s) - 711 (781752 Gflops/s) - 717 (788349 Gflops/s) - 694 (763061 Gflops/s) | Temperatures: 66°C - 66°C - 72°C - 70°C - 66°C - 65°C - 71°C - 70°C | Throttling: None - None - None - None - None - None - None - None
704 (774056 Gflops/s) - 702 (771857 Gflops/s) - 697 (766359 Gflops/s) - 697 (766359 Gflops/s) - 703 (772956 Gflops/s) - 712 (782852 Gflops/s) - 694 (763061 Gflops/s) - 696 (765260 Gflops/s) | Temperatures: 66°C - 67°C - 73°C - 70°C - 67°C - 65°C - 72°C - 71°C | Throttling: None - None - None - None - None - None - None - None
704 (774056 Gflops/s) - 703 (772956 Gflops/s) - 698 (767459 Gflops/s) - 696 (765260 Gflops/s) - 703 (772956 Gflops/s) - 712 (782852 Gflops/s) - 705 (775155 Gflops/s) - 695 (764160 Gflops/s) | Temperatures: 66°C - 67°C - 73°C - 70°C - 67°C - 65°C - 72°C - 71°C | Throttling: None - None - None - None - None - None - None - None
705 (775155 Gflops/s) - 703 (772956 Gflops/s) - 697 (766359 Gflops/s) - 696 (765260 Gflops/s) - 702 (771857 Gflops/s) - 711 (781752 Gflops/s) - 703 (772956 Gflops/s) - 694 (763061 Gflops/s) | Temperatures: 67°C - 67°C - 73°C - 70°C - 67°C - 66°C - 72°C - 71°C | Throttling: None - None - None - None - None - None - None - None
704 (774056 Gflops/s) - 701 (770757 Gflops/s) - 696 (765260 Gflops/s) - 696 (765260 Gflops/s) - 703 (772956 Gflops/s) - 711 (781752 Gflops/s) - 704 (774056 Gflops/s) - 694 (763061 Gflops/s) | Temperatures: 67°C - 67°C - 73°C - 71°C - 67°C - 66°C - 72°C - 71°C | Throttling: None - None - None - None - None - None - None - None
704 (774056 Gflops/s) - 701 (770757 Gflops/s) - 697 (766359 Gflops/s) - 695 (764160 Gflops/s) - 702 (771857 Gflops/s) - 711 (781752 Gflops/s) - 702 (771857 Gflops/s) - 696 (765260 Gflops/s) | Temperatures: 67°C - 68°C - 73°C - 71°C - 67°C - 66°C - 72°C - 71°C | Throttling: None - None - None - None - None - None - None - None
704 (774056 Gflops/s) - 702 (771857 Gflops/s) - 696 (765260 Gflops/s) - 695 (764160 Gflops/s) - 702 (771857 Gflops/s) - 710 (780653 Gflops/s) - 703 (772956 Gflops/s) - 693 (761961 Gflops/s) | Temperatures: 67°C - 68°C - 73°C - 71°C - 68°C - 66°C - 73°C - 72°C | Throttling: None - None - None - None - None - None - None - None
704 (774056 Gflops/s) - 701 (770757 Gflops/s) - 698 (767459 Gflops/s) - 695 (764160 Gflops/s) - 703 (772956 Gflops/s) - 710 (780653 Gflops/s) - 702 (771857 Gflops/s) - 694 (763061 Gflops/s) | Temperatures: 67°C - 68°C - 74°C - 71°C - 68°C - 66°C - 73°C - 72°C | Throttling: None - None - None - None - None - None - None - None
704 (774056 Gflops/s) - 700 (769658 Gflops/s) - 695 (764160 Gflops/s) - 694 (763061 Gflops/s) - 702 (771857 Gflops/s) - 710 (780653 Gflops/s) - 702 (771857 Gflops/s) - 692 (760862 Gflops/s) | Temperatures: 68°C - 68°C - 74°C - 71°C - 68°C - 66°C - 73°C - 72°C | Throttling: None - None - None - None - None - None - None - None
703 (772956 Gflops/s) - 701 (770757 Gflops/s) - 699 (768558 Gflops/s) - 694 (763061 Gflops/s) - 702 (771857 Gflops/s) - 710 (780653 Gflops/s) - 701 (770757 Gflops/s) - 693 (761961 Gflops/s) | Temperatures: 68°C - 68°C - 74°C - 72°C - 68°C - 67°C - 73°C - 72°C | Throttling: None - None - None - None - None - None - None - None
704 (774056 Gflops/s) - 701 (770757 Gflops/s) - 698 (767459 Gflops/s) - 692 (760862 Gflops/s) - 703 (772956 Gflops/s) - 710 (780653 Gflops/s) - 701 (770757 Gflops/s) - 693 (761961 Gflops/s) | Temperatures: 68°C - 68°C - 74°C - 72°C - 68°C - 67°C - 73°C - 72°C | Throttling: None - None - None - None - None - None - None - None
703 (772956 Gflops/s) - 699 (768558 Gflops/s) - 696 (765260 Gflops/s) - 693 (761961 Gflops/s) - 701 (770757 Gflops/s) - 709 (779553 Gflops/s) - 700 (769658 Gflops/s) - 692 (760862 Gflops/s) | Temperatures: 68°C - 69°C - 74°C - 72°C - 69°C - 67°C - 74°C - 72°C | Throttling: None - None - None - None - None - None - None - None
702 (771857 Gflops/s) - 700 (769658 Gflops/s) - 698 (767459 Gflops/s) - 694 (763061 Gflops/s) - 703 (772956 Gflops/s) - 709 (779553 Gflops/s) - 700 (769658 Gflops/s) - 691 (759762 Gflops/s) | Temperatures: 68°C - 69°C - 75°C - 72°C - 69°C - 67°C - 74°C - 73°C | Throttling: None - None - None - None - None - None - None - None
701 (770757 Gflops/s) - 700 (769658 Gflops/s) - 696 (765260 Gflops/s) - 693 (761961 Gflops/s) - 702 (771857 Gflops/s) - 709 (779553 Gflops/s) - 699 (768558 Gflops/s) - 692 (760862 Gflops/s) | Temperatures: 68°C - 69°C - 75°C - 72°C - 69°C - 67°C - 74°C - 73°C | Throttling: None - None - None - None - None - None - None - None
702 (771857 Gflops/s) - 701 (770757 Gflops/s) - 698 (767459 Gflops/s) - 692 (760862 Gflops/s) - 703 (772956 Gflops/s) - 709 (779553 Gflops/s) - 692 (760862 Gflops/s) - 691 (759762 Gflops/s) | Temperatures: 68°C - 69°C - 75°C - 73°C - 69°C - 67°C - 74°C - 73°C | Throttling: None - None - None - None - None - None - None - None
701 (770757 Gflops/s) - 700 (769658 Gflops/s) - 696 (765260 Gflops/s) - 693 (761961 Gflops/s) - 702 (771857 Gflops/s) - 709 (779553 Gflops/s) - 693 (761961 Gflops/s) - 691 (759762 Gflops/s) | Temperatures: 69°C - 69°C - 75°C - 73°C - 69°C - 68°C - 74°C - 73°C | Throttling: None - None - None - None - None - None - None - None
701 (770757 Gflops/s) - 699 (768558 Gflops/s) - 697 (766359 Gflops/s) - 695 (764160 Gflops/s) - 702 (771857 Gflops/s) - 708 (778454 Gflops/s) - 693 (761961 Gflops/s) - 691 (759762 Gflops/s) | Temperatures: 69°C - 69°C - 75°C - 73°C - 69°C - 68°C - 74°C - 73°C | Throttling: None - None - None - None - None - None - None - None
701 (770757 Gflops/s) - 698 (767459 Gflops/s) - 699 (768558 Gflops/s) - 692 (760862 Gflops/s) - 702 (771857 Gflops/s) - 708 (778454 Gflops/s) - 691 (759762 Gflops/s) - 690 (758663 Gflops/s) | Temperatures: 69°C - 69°C - 75°C - 73°C - 69°C - 68°C - 74°C - 73°C | Throttling: None - None - None - None - None - None - None - None
701 (770757 Gflops/s) - 699 (768558 Gflops/s) - 699 (768558 Gflops/s) - 693 (761961 Gflops/s) - 702 (771857 Gflops/s) - 709 (779553 Gflops/s) - 693 (761961 Gflops/s) - 690 (758663 Gflops/s) | Temperatures: 69°C - 70°C - 75°C - 73°C - 70°C - 68°C - 74°C - 74°C | Throttling: None - None - None - None - None - None - None - None
701 (770757 Gflops/s) - 699 (768558 Gflops/s) - 697 (766359 Gflops/s) - 692 (760862 Gflops/s) - 703 (772956 Gflops/s) - 708 (778454 Gflops/s) - 691 (759762 Gflops/s) - 690 (758663 Gflops/s) | Temperatures: 69°C - 70°C - 75°C - 73°C - 70°C - 68°C - 75°C - 74°C | Throttling: None - None - None - None - None - None - None - None
701 (770757 Gflops/s) - 700 (769658 Gflops/s) - 698 (767459 Gflops/s) - 692 (760862 Gflops/s) - 702 (771857 Gflops/s) - 709 (779553 Gflops/s) - 691 (759762 Gflops/s) - 690 (758663 Gflops/s) | Temperatures: 69°C - 70°C - 76°C - 73°C - 70°C - 68°C - 74°C - 74°C | Throttling: None - None - None - None - None - None - None - None
701 (770757 Gflops/s) - 698 (767459 Gflops/s) - 699 (768558 Gflops/s) - 693 (761961 Gflops/s) - 702 (771857 Gflops/s) - 708 (778454 Gflops/s) - 691 (759762 Gflops/s) - 690 (758663 Gflops/s) | Temperatures: 69°C - 70°C - 76°C - 73°C - 70°C - 68°C - 75°C - 74°C | Throttling: None - None - None - None - None - None - None - None
700 (769658 Gflops/s) - 700 (769658 Gflops/s) - 698 (767459 Gflops/s) - 692 (760862 Gflops/s) - 702 (771857 Gflops/s) - 708 (778454 Gflops/s) - 691 (759762 Gflops/s) - 689 (757563 Gflops/s) | Temperatures: 69°C - 69°C - 76°C - 73°C - 70°C - 68°C - 75°C - 74°C | Throttling: None - None - None - None - None - None - None - None
700 (769658 Gflops/s) - 697 (766359 Gflops/s) - 697 (766359 Gflops/s) - 691 (759762 Gflops/s) - 702 (771857 Gflops/s) - 708 (778454 Gflops/s) - 689 (757563 Gflops/s) - 689 (757563 Gflops/s) | Temperatures: 69°C - 70°C - 76°C - 73°C - 70°C - 68°C - 75°C - 74°C | Throttling: None - None - None - None - None - None - None - None
702 (771857 Gflops/s) - 699 (768558 Gflops/s) - 699 (768558 Gflops/s) - 692 (760862 Gflops/s) - 702 (771857 Gflops/s) - 708 (778454 Gflops/s) - 691 (759762 Gflops/s) - 690 (758663 Gflops/s) | Temperatures: 69°C - 70°C - 76°C - 73°C - 70°C - 68°C - 75°C - 74°C | Throttling: None - None - None - None - None - None - None - None
701 (770757 Gflops/s) - 699 (768558 Gflops/s) - 697 (766359 Gflops/s) - 692 (760862 Gflops/s) - 703 (772956 Gflops/s) - 709 (779553 Gflops/s) - 689 (757563 Gflops/s) - 690 (758663 Gflops/s) | Temperatures: 69°C - 69°C - 76°C - 73°C - 70°C - 68°C - 75°C - 74°C | Throttling: None - None - None - None - None - None - None - None
701 (770757 Gflops/s) - 698 (767459 Gflops/s) - 698 (767459 Gflops/s) - 692 (760862 Gflops/s) - 702 (771857 Gflops/s) - 707 (777354 Gflops/s) - 691 (759762 Gflops/s) - 689 (757563 Gflops/s) | Temperatures: 69°C - 69°C - 76°C - 73°C - 70°C - 68°C - 75°C - 74°C | Throttling: None - None - None - None - None - None - None - None
701 (770757 Gflops/s) - 699 (768558 Gflops/s) - 699 (768558 Gflops/s) - 692 (760862 Gflops/s) - 702 (771857 Gflops/s) - 709 (779553 Gflops/s) - 690 (758663 Gflops/s) - 690 (758663 Gflops/s) | Temperatures: 69°C - 70°C - 76°C - 73°C - 70°C - 68°C - 75°C - 74°C | Throttling: None - None - None - None - None - None - None - None
700 (769658 Gflops/s) - 698 (767459 Gflops/s) - 697 (766359 Gflops/s) - 692 (760862 Gflops/s) - 702 (771857 Gflops/s) - 707 (777354 Gflops/s) - 688 (756463 Gflops/s) - 704 (774056 Gflops/s) | Temperatures: 69°C - 70°C - 76°C - 73°C - 70°C - 68°C - 75°C - 74°C | Throttling: None - None - None - None - None - None - None - None
701 (770757 Gflops/s) - 698 (767459 Gflops/s) - 697 (766359 Gflops/s) - 692 (760862 Gflops/s) - 702 (771857 Gflops/s) - 708 (778454 Gflops/s) - 689 (757563 Gflops/s) - 675 (742170 Gflops/s) | Temperatures: 69°C - 69°C - 76°C - 73°C - 70°C - 68°C - 75°C - 74°C | Throttling: None - None - None - None - None - None - None - None
700 (769658 Gflops/s) - 699 (768558 Gflops/s) - 698 (767459 Gflops/s) - 692 (760862 Gflops/s) - 702 (771857 Gflops/s) - 709 (779553 Gflops/s) - 689 (757563 Gflops/s) - 689 (757563 Gflops/s) | Temperatures: 69°C - 69°C - 76°C - 73°C - 70°C - 68°C - 75°C - 74°C | Throttling: None - None - None - None - None - None - None - None
701 (770757 Gflops/s) - 700 (769658 Gflops/s) - 698 (767459 Gflops/s) - 692 (760862 Gflops/s) - 703 (772956 Gflops/s) - 708 (778454 Gflops/s) - 690 (758663 Gflops/s) - 690 (758663 Gflops/s) | Temperatures: 69°C - 69°C - 76°C - 73°C - 70°C - 68°C - 75°C - 74°C | Throttling: None - None - None - None - None - None - None - None
701 (770757 Gflops/s) - 698 (767459 Gflops/s) - 698 (767459 Gflops/s) - 693 (761961 Gflops/s) - 702 (771857 Gflops/s) - 709 (779553 Gflops/s) - 690 (758663 Gflops/s) - 689 (757563 Gflops/s) | Temperatures: 69°C - 69°C - 76°C - 73°C - 70°C - 68°C - 75°C - 74°C | Throttling: None - None - None - None - None - None - None - None
701 (770757 Gflops/s) - 699 (768558 Gflops/s) - 697 (766359 Gflops/s) - 692 (760862 Gflops/s) - 703 (772956 Gflops/s) - 708 (778454 Gflops/s) - 689 (757563 Gflops/s) - 690 (758663 Gflops/s) | Temperatures: 69°C - 69°C - 76°C - 73°C - 70°C - 68°C - 75°C - 74°C | Throttling: None - None - None - None - None - None - None - None
700 (769658 Gflops/s) - 697 (766359 Gflops/s) - 697 (766359 Gflops/s) - 691 (759762 Gflops/s) - 701 (770757 Gflops/s) - 708 (778454 Gflops/s) - 695 (764160 Gflops/s) - 689 (757563 Gflops/s) | Temperatures: 69°C - 69°C - 76°C - 73°C - 69°C - 68°C - 75°C - 74°C | Throttling: None - None - None - None - None - None - None - None
701 (770757 Gflops/s) - 699 (768558 Gflops/s) - 698 (767459 Gflops/s) - 692 (760862 Gflops/s) - 703 (772956 Gflops/s) - 709 (779553 Gflops/s) - 684 (752065 Gflops/s) - 689 (757563 Gflops/s) | Temperatures: 69°C - 69°C - 76°C - 73°C - 70°C - 68°C - 75°C - 74°C | Throttling: None - None - None - None - None - None - None - None
701 (770757 Gflops/s) - 699 (768558 Gflops/s) - 697 (766359 Gflops/s) - 692 (760862 Gflops/s) - 702 (771857 Gflops/s) - 708 (778454 Gflops/s) - 689 (757563 Gflops/s) - 689 (757563 Gflops/s) | Temperatures: 69°C - 69°C - 76°C - 73°C - 70°C - 68°C - 75°C - 74°C | Throttling: None - None - None - None - None - None - None - None
701 (770757 Gflops/s) - 699 (768558 Gflops/s) - 698 (767459 Gflops/s) - 692 (760862 Gflops/s) - 702 (771857 Gflops/s) - 709 (779553 Gflops/s) - 689 (757563 Gflops/s) - 690 (758663 Gflops/s) | Temperatures: 69°C - 69°C - 76°C - 73°C - 70°C - 68°C - 75°C - 74°C | Throttling: None - None - None - None - None - None - None - None
701 (770757 Gflops/s) - 700 (769658 Gflops/s) - 698 (767459 Gflops/s) - 692 (760862 Gflops/s) - 703 (772956 Gflops/s) - 708 (778454 Gflops/s) - 689 (757563 Gflops/s) - 690 (758663 Gflops/s) | Temperatures: 69°C - 69°C - 76°C - 73°C - 69°C - 68°C - 75°C - 74°C | Throttling: None - None - None - None - None - None - None - None
701 (770757 Gflops/s) - 699 (768558 Gflops/s) - 697 (766359 Gflops/s) - 692 (760862 Gflops/s) - 702 (771857 Gflops/s) - 708 (778454 Gflops/s) - 689 (757563 Gflops/s) - 689 (757563 Gflops/s) | Temperatures: 68°C - 69°C - 76°C - 73°C - 69°C - 68°C - 75°C - 74°C | Throttling: None - None - None - None - None - None - None - None
700 (769658 Gflops/s) - 698 (767459 Gflops/s) - 697 (766359 Gflops/s) - 692 (760862 Gflops/s) - 702 (771857 Gflops/s) - 708 (778454 Gflops/s) - 690 (758663 Gflops/s) - 689 (757563 Gflops/s) | Temperatures: 68°C - 69°C - 76°C - 73°C - 69°C - 67°C - 75°C - 74°C | Throttling: None - None - None - None - None - None - None - None
702 (771857 Gflops/s) - 699 (768558 Gflops/s) - 698 (767459 Gflops/s) - 692 (760862 Gflops/s) - 702 (771857 Gflops/s) - 708 (778454 Gflops/s) - 689 (757563 Gflops/s) - 690 (758663 Gflops/s) | Temperatures: 68°C - 69°C - 76°C - 73°C - 69°C - 67°C - 75°C - 74°C | Throttling: None - None - None - None - None - None - None - None
701 (770757 Gflops/s) - 698 (767459 Gflops/s) - 697 (766359 Gflops/s) - 692 (760862 Gflops/s) - 703 (772956 Gflops/s) - 709 (779553 Gflops/s) - 689 (757563 Gflops/s) - 689 (757563 Gflops/s) | Temperatures: 68°C - 69°C - 76°C - 73°C - 69°C - 67°C - 75°C - 74°C | Throttling: None - None - None - None - None - None - None - None
702 (771857 Gflops/s) - 700 (769658 Gflops/s) - 698 (767459 Gflops/s) - 692 (760862 Gflops/s) - 702 (771857 Gflops/s) - 708 (778454 Gflops/s) - 689 (757563 Gflops/s) - 690 (758663 Gflops/s) | Temperatures: 68°C - 69°C - 76°C - 73°C - 69°C - 67°C - 75°C - 74°C | Throttling: None - None - None - None - None - None - None - None
701 (770757 Gflops/s) - 699 (768558 Gflops/s) - 698 (767459 Gflops/s) - 692 (760862 Gflops/s) - 702 (771857 Gflops/s) - 710 (780653 Gflops/s) - 691 (759762 Gflops/s) - 689 (757563 Gflops/s) | Temperatures: 68°C - 69°C - 76°C - 73°C - 69°C - 67°C - 75°C - 74°C | Throttling: None - None - None - None - None - None - None - None
701 (770757 Gflops/s) - 700 (769658 Gflops/s) - 705 (775155 Gflops/s) - 692 (760862 Gflops/s) - 703 (772956 Gflops/s) - 709 (779553 Gflops/s) - 689 (757563 Gflops/s) - 690 (758663 Gflops/s) | Temperatures: 68°C - 69°C - 76°C - 73°C - 69°C - 67°C - 75°C - 74°C | Throttling: None - None - None - None - None - None - None - None
700 (769658 Gflops/s) - 698 (767459 Gflops/s) - 689 (757563 Gflops/s) - 692 (760862 Gflops/s) - 701 (770757 Gflops/s) - 708 (778454 Gflops/s) - 690 (758663 Gflops/s) - 689 (757563 Gflops/s) | Temperatures: 68°C - 69°C - 76°C - 73°C - 69°C - 67°C - 75°C - 74°C | Throttling: None - None - None - None - None - None - None - None
702 (771857 Gflops/s) - 699 (768558 Gflops/s) - 697 (766359 Gflops/s) - 693 (761961 Gflops/s) - 703 (772956 Gflops/s) - 709 (779553 Gflops/s) - 689 (757563 Gflops/s) - 690 (758663 Gflops/s) | Temperatures: 68°C - 69°C - 76°C - 73°C - 69°C - 67°C - 75°C - 74°C | Throttling: None - None - None - None - None - None - None - None
701 (770757 Gflops/s) - 699 (768558 Gflops/s) - 698 (767459 Gflops/s) - 693 (761961 Gflops/s) - 716 (787250 Gflops/s) - 710 (780653 Gflops/s) - 690 (758663 Gflops/s) - 690 (758663 Gflops/s) | Temperatures: 68°C - 69°C - 76°C - 73°C - 69°C - 67°C - 75°C - 74°C | Throttling: None - None - None - None - None - None - None - None
701 (770757 Gflops/s) - 700 (769658 Gflops/s) - 697 (766359 Gflops/s) - 692 (760862 Gflops/s) - 689 (757563 Gflops/s) - 708 (778454 Gflops/s) - 689 (757563 Gflops/s) - 703 (772956 Gflops/s) | Temperatures: 68°C - 68°C - 76°C - 73°C - 69°C - 67°C - 75°C - 74°C | Throttling: None - None - None - None - None - None - None - None
702 (771857 Gflops/s) - 699 (768558 Gflops/s) - 698 (767459 Gflops/s) - 691 (759762 Gflops/s) - 702 (771857 Gflops/s) - 709 (779553 Gflops/s) - 690 (758663 Gflops/s) - 677 (744369 Gflops/s) | Temperatures: 68°C - 68°C - 76°C - 73°C - 69°C - 67°C - 74°C - 73°C | Throttling: None - None - None - None - None - None - None - None
702 (771857 Gflops/s) - 700 (769658 Gflops/s) - 698 (767459 Gflops/s) - 693 (761961 Gflops/s) - 702 (771857 Gflops/s) - 710 (780653 Gflops/s) - 690 (758663 Gflops/s) - 690 (758663 Gflops/s) | Temperatures: 68°C - 68°C - 76°C - 73°C - 69°C - 67°C - 74°C - 73°C | Throttling: None - None - None - None - None - None - None - None
701 (770757 Gflops/s) - 699 (768558 Gflops/s) - 698 (767459 Gflops/s) - 692 (760862 Gflops/s) - 702 (771857 Gflops/s) - 709 (779553 Gflops/s) - 690 (758663 Gflops/s) - 690 (758663 Gflops/s) | Temperatures: 68°C - 68°C - 76°C - 73°C - 69°C - 67°C - 74°C - 73°C | Throttling: None - None - None - None - None - None - None - None
701 (770757 Gflops/s) - 700 (769658 Gflops/s) - 698 (767459 Gflops/s) - 692 (760862 Gflops/s) - 702 (771857 Gflops/s) - 710 (780653 Gflops/s) - 692 (760862 Gflops/s) - 690 (758663 Gflops/s) | Temperatures: 67°C - 68°C - 75°C - 73°C - 68°C - 67°C - 74°C - 73°C | Throttling: None - None - None - None - None - None - None - None
702 (771857 Gflops/s) - 700 (769658 Gflops/s) - 698 (767459 Gflops/s) - 692 (760862 Gflops/s) - 703 (772956 Gflops/s) - 709 (779553 Gflops/s) - 692 (760862 Gflops/s) - 689 (757563 Gflops/s) | Temperatures: 67°C - 68°C - 76°C - 73°C - 68°C - 67°C - 74°C - 73°C | Throttling: None - None - None - None - None - None - None - None
702 (771857 Gflops/s) - 700 (769658 Gflops/s) - 698 (767459 Gflops/s) - 693 (761961 Gflops/s) - 702 (771857 Gflops/s) - 710 (780653 Gflops/s) - 690 (758663 Gflops/s) - 691 (759762 Gflops/s) | Temperatures: 67°C - 68°C - 75°C - 72°C - 68°C - 67°C - 74°C - 73°C | Throttling: None - None - None - None - None - None - None - None
702 (771857 Gflops/s) - 700 (769658 Gflops/s) - 698 (767459 Gflops/s) - 693 (761961 Gflops/s) - 703 (772956 Gflops/s) - 710 (780653 Gflops/s) - 691 (759762 Gflops/s) - 690 (758663 Gflops/s) | Temperatures: 67°C - 68°C - 75°C - 72°C - 68°C - 67°C - 74°C - 73°C | Throttling: None - None - None - None - None - None - None - None
703 (772956 Gflops/s) - 700 (769658 Gflops/s) - 715 (786150 Gflops/s) - 693 (761961 Gflops/s) - 702 (771857 Gflops/s) - 713 (783951 Gflops/s) - 691 (759762 Gflops/s) - 690 (758663 Gflops/s) | Temperatures: 67°C - 68°C - 75°C - 72°C - 68°C - 66°C - 74°C - 73°C | Throttling: None - None - None - None - None - None - None - None
701 (770757 Gflops/s) - 698 (767459 Gflops/s) - 680 (747667 Gflops/s) - 693 (761961 Gflops/s) - 702 (771857 Gflops/s) - 705 (775155 Gflops/s) - 690 (758663 Gflops/s) - 689 (757563 Gflops/s) | Temperatures: 67°C - 68°C - 75°C - 73°C - 68°C - 66°C - 74°C - 73°C | Throttling: None - None - None - None - None - None - None - None
701 (770757 Gflops/s) - 700 (769658 Gflops/s) - 698 (767459 Gflops/s) - 692 (760862 Gflops/s) - 702 (771857 Gflops/s) - 710 (780653 Gflops/s) - 690 (758663 Gflops/s) - 690 (758663 Gflops/s) | Temperatures: 67°C - 68°C - 75°C - 72°C - 68°C - 66°C - 74°C - 73°C | Throttling: None - None - None - None - None - None - None - None
703 (772956 Gflops/s) - 700 (769658 Gflops/s) - 699 (768558 Gflops/s) - 693 (761961 Gflops/s) - 703 (772956 Gflops/s) - 709 (779553 Gflops/s) - 691 (759762 Gflops/s) - 690 (758663 Gflops/s) | Temperatures: 67°C - 68°C - 75°C - 72°C - 68°C - 66°C - 74°C - 73°C | Throttling: None - None - None - None - None - None - None - None
701 (770757 Gflops/s) - 700 (769658 Gflops/s) - 697 (766359 Gflops/s) - 693 (761961 Gflops/s) - 702 (771857 Gflops/s) - 710 (780653 Gflops/s) - 691 (759762 Gflops/s) - 691 (759762 Gflops/s) | Temperatures: 67°C - 68°C - 75°C - 72°C - 68°C - 67°C - 74°C - 73°C | Throttling: None - None - None - None - None - None - None - None
701 (770757 Gflops/s) - 699 (768558 Gflops/s) - 699 (768558 Gflops/s) - 692 (760862 Gflops/s) - 703 (772956 Gflops/s) - 710 (780653 Gflops/s) - 691 (759762 Gflops/s) - 690 (758663 Gflops/s) | Temperatures: 67°C - 68°C - 75°C - 72°C - 68°C - 66°C - 74°C - 73°C | Throttling: None - None - None - None - None - None - None - None
703 (772956 Gflops/s) - 700 (769658 Gflops/s) - 698 (767459 Gflops/s) - 693 (761961 Gflops/s) - 702 (771857 Gflops/s) - 709 (779553 Gflops/s) - 690 (758663 Gflops/s) - 690 (758663 Gflops/s) | Temperatures: 67°C - 68°C - 75°C - 72°C - 68°C - 66°C - 74°C - 73°C | Throttling: None - None - None - None - None - None - None - None
702 (771857 Gflops/s) - 699 (768558 Gflops/s) - 698 (767459 Gflops/s) - 692 (760862 Gflops/s) - 702 (771857 Gflops/s) - 710 (780653 Gflops/s) - 692 (760862 Gflops/s) - 690 (758663 Gflops/s) | Temperatures: 67°C - 68°C - 75°C - 72°C - 68°C - 66°C - 74°C - 73°C | Throttling: None - None - None - None - None - None - None - None
702 (771857 Gflops/s) - 700 (769658 Gflops/s) - 698 (767459 Gflops/s) - 692 (760862 Gflops/s) - 702 (771857 Gflops/s) - 710 (780653 Gflops/s) - 691 (759762 Gflops/s) - 690 (758663 Gflops/s) | Temperatures: 67°C - 68°C - 75°C - 72°C - 68°C - 66°C - 74°C - 73°C | Throttling: None - None - None - None - None - None - None - None
701 (770757 Gflops/s) - 700 (769658 Gflops/s) - 699 (768558 Gflops/s) - 693 (761961 Gflops/s) - 703 (772956 Gflops/s) - 709 (779553 Gflops/s) - 690 (758663 Gflops/s) - 689 (757563 Gflops/s) | Temperatures: 67°C - 68°C - 75°C - 72°C - 68°C - 66°C - 74°C - 73°C | Throttling: None - None - None - None - None - None - None - None
702 (771857 Gflops/s) - 700 (769658 Gflops/s) - 698 (767459 Gflops/s) - 693 (761961 Gflops/s) - 702 (771857 Gflops/s) - 710 (780653 Gflops/s) - 691 (759762 Gflops/s) - 691 (759762 Gflops/s) | Temperatures: 67°C - 68°C - 75°C - 72°C - 68°C - 66°C - 74°C - 73°C | Throttling: None - None - None - None - None - None - None - None
701 (770757 Gflops/s) - 700 (769658 Gflops/s) - 698 (767459 Gflops/s) - 693 (761961 Gflops/s) - 703 (772956 Gflops/s) - 710 (780653 Gflops/s) - 691 (759762 Gflops/s) - 690 (758663 Gflops/s) | Temperatures: 67°C - 68°C - 75°C - 72°C - 68°C - 66°C - 74°C - 73°C | Throttling: None - None - None - None - None - None - None - None
702 (771857 Gflops/s) - 699 (768558 Gflops/s) - 698 (767459 Gflops/s) - 692 (760862 Gflops/s) - 701 (770757 Gflops/s) - 710 (780653 Gflops/s) - 690 (758663 Gflops/s) - 689 (757563 Gflops/s) | Temperatures: 67°C - 68°C - 75°C - 72°C - 68°C - 66°C - 74°C - 73°C | Throttling: None - None - None - None - None - None - None - None
703 (772956 Gflops/s) - 700 (769658 Gflops/s) - 699 (768558 Gflops/s) - 693 (761961 Gflops/s) - 703 (772956 Gflops/s) - 710 (780653 Gflops/s) - 691 (759762 Gflops/s) - 692 (760862 Gflops/s) | Temperatures: 67°C - 68°C - 75°C - 72°C - 68°C - 66°C - 74°C - 73°C | Throttling: None - None - None - None - None - None - None - None
701 (770757 Gflops/s) - 699 (768558 Gflops/s) - 697 (766359 Gflops/s) - 692 (760862 Gflops/s) - 702 (771857 Gflops/s) - 709 (779553 Gflops/s) - 691 (759762 Gflops/s) - 688 (756463 Gflops/s) | Temperatures: 67°C - 68°C - 75°C - 72°C - 68°C - 66°C - 74°C - 73°C | Throttling: None - None - None - None - None - None - None - None
702 (771857 Gflops/s) - 701 (770757 Gflops/s) - 698 (767459 Gflops/s) - 693 (761961 Gflops/s) - 702 (771857 Gflops/s) - 710 (780653 Gflops/s) - 691 (759762 Gflops/s) - 690 (758663 Gflops/s) | Temperatures: 67°C - 68°C - 75°C - 72°C - 68°C - 66°C - 74°C - 73°C | Throttling: None - None - None - None - None - None - None - None
702 (771857 Gflops/s) - 713 (783951 Gflops/s) - 699 (768558 Gflops/s) - 692 (760862 Gflops/s) - 702 (771857 Gflops/s) - 710 (780653 Gflops/s) - 693 (761961 Gflops/s) - 690 (758663 Gflops/s) | Temperatures: 67°C - 68°C - 75°C - 72°C - 68°C - 66°C - 74°C - 73°C | Throttling: None - None - None - None - None - None - None - None
702 (771857 Gflops/s) - 687 (755364 Gflops/s) - 698 (767459 Gflops/s) - 693 (761961 Gflops/s) - 703 (772956 Gflops/s) - 710 (780653 Gflops/s) - 691 (759762 Gflops/s) - 690 (758663 Gflops/s) | Temperatures: 67°C - 68°C - 75°C - 72°C - 68°C - 66°C - 74°C - 73°C | Throttling: None - None - None - None - None - None - None - None
702 (771857 Gflops/s) - 699 (768558 Gflops/s) - 699 (768558 Gflops/s) - 692 (760862 Gflops/s) - 702 (771857 Gflops/s) - 710 (780653 Gflops/s) - 692 (760862 Gflops/s) - 690 (758663 Gflops/s) | Temperatures: 67°C - 68°C - 75°C - 72°C - 68°C - 66°C - 74°C - 73°C | Throttling: None - None - None - None - None - None - None - None
703 (772956 Gflops/s) - 701 (770757 Gflops/s) - 698 (767459 Gflops/s) - 693 (761961 Gflops/s) - 703 (772956 Gflops/s) - 710 (780653 Gflops/s) - 692 (760862 Gflops/s) - 690 (758663 Gflops/s) | Temperatures: 67°C - 68°C - 75°C - 72°C - 68°C - 66°C - 74°C - 73°C | Throttling: None - None - None - None - None - None - None - None
701 (770757 Gflops/s) - 699 (768558 Gflops/s) - 698 (767459 Gflops/s) - 691 (759762 Gflops/s) - 701 (770757 Gflops/s) - 709 (779553 Gflops/s) - 691 (759762 Gflops/s) - 690 (758663 Gflops/s) | Temperatures: 67°C - 68°C - 75°C - 72°C - 68°C - 66°C - 74°C - 73°C | Throttling: None - None - None - None - None - None - None - None
702 (771857 Gflops/s) - 700 (769658 Gflops/s) - 698 (767459 Gflops/s) - 693 (761961 Gflops/s) - 703 (772956 Gflops/s) - 710 (780653 Gflops/s) - 694 (763061 Gflops/s) - 690 (758663 Gflops/s) | Temperatures: 67°C - 68°C - 75°C - 72°C - 68°C - 66°C - 74°C - 73°C | Throttling: None - None - None - None - None - None - None - None
702 (771857 Gflops/s) - 700 (769658 Gflops/s) - 698 (767459 Gflops/s) - 693 (761961 Gflops/s) - 702 (771857 Gflops/s) - 710 (780653 Gflops/s) - 691 (759762 Gflops/s) - 690 (758663 Gflops/s) | Temperatures: 67°C - 68°C - 75°C - 72°C - 68°C - 66°C - 74°C - 73°C | Throttling: None - None - None - None - None - None - None - None
707 (777354 Gflops/s) - 701 (770757 Gflops/s) - 698 (767459 Gflops/s) - 692 (760862 Gflops/s) - 703 (772956 Gflops/s) - 710 (780653 Gflops/s) - 692 (760862 Gflops/s) - 690 (758663 Gflops/s) | Temperatures: 67°C - 68°C - 75°C - 72°C - 68°C - 66°C - 74°C - 73°C | Throttling: None - None - None - None - None - None - None - None
699 (768558 Gflops/s) - 700 (769658 Gflops/s) - 699 (768558 Gflops/s) - 693 (761961 Gflops/s) - 702 (771857 Gflops/s) - 710 (780653 Gflops/s) - 691 (759762 Gflops/s) - 690 (758663 Gflops/s) | Temperatures: 67°C - 68°C - 75°C - 72°C - 68°C - 66°C - 74°C - 73°C | Throttling: None - None - None - None - None - None - None - None
703 (772956 Gflops/s) - 700 (769658 Gflops/s) - 698 (767459 Gflops/s) - 693 (761961 Gflops/s) - 703 (772956 Gflops/s) - 710 (780653 Gflops/s) - 693 (761961 Gflops/s) - 690 (758663 Gflops/s) | Temperatures: 67°C - 68°C - 75°C - 72°C - 68°C - 66°C - 74°C - 73°C | Throttling: None - None - None - None - None - None - None - None
702 (771857 Gflops/s) - 699 (768558 Gflops/s) - 698 (767459 Gflops/s) - 692 (760862 Gflops/s) - 701 (770757 Gflops/s) - 709 (779553 Gflops/s) - 691 (759762 Gflops/s) - 689 (757563 Gflops/s) | Temperatures: 67°C - 68°C - 75°C - 72°C - 68°C - 66°C - 74°C - 73°C | Throttling: None - None - None - None - None - None - None - None
703 (772956 Gflops/s) - 700 (769658 Gflops/s) - 698 (767459 Gflops/s) - 693 (761961 Gflops/s) - 703 (772956 Gflops/s) - 710 (780653 Gflops/s) - 691 (759762 Gflops/s) - 690 (758663 Gflops/s) | Temperatures: 67°C - 68°C - 75°C - 72°C - 68°C - 66°C - 74°C - 73°C | Throttling: None - None - None - None - None - None - None - None
701 (770757 Gflops/s) - 700 (769658 Gflops/s) - 698 (767459 Gflops/s) - 692 (760862 Gflops/s) - 702 (771857 Gflops/s) - 710 (780653 Gflops/s) - 694 (763061 Gflops/s) - 690 (758663 Gflops/s) | Temperatures: 67°C - 68°C - 75°C - 72°C - 68°C - 66°C - 74°C - 73°C | Throttling: None - None - None - None - None - None - None - None
704 (774056 Gflops/s) - 700 (769658 Gflops/s) - 698 (767459 Gflops/s) - 693 (761961 Gflops/s) - 702 (771857 Gflops/s) - 710 (780653 Gflops/s) - 694 (763061 Gflops/s) - 690 (758663 Gflops/s) | Temperatures: 67°C - 67°C - 75°C - 72°C - 68°C - 66°C - 74°C - 73°C | Throttling: None - None - None - None - None - None - None - None
703 (772956 Gflops/s) - 700 (769658 Gflops/s) - 698 (767459 Gflops/s) - 693 (761961 Gflops/s) - 703 (772956 Gflops/s) - 710 (780653 Gflops/s) - 691 (759762 Gflops/s) - 690 (758663 Gflops/s) | Temperatures: 67°C - 68°C - 75°C - 72°C - 68°C - 66°C - 74°C - 73°C | Throttling: None - None - None - None - None - None - None - None
704 (774056 Gflops/s) - 701 (770757 Gflops/s) - 699 (768558 Gflops/s) - 693 (761961 Gflops/s) - 702 (771857 Gflops/s) - 710 (780653 Gflops/s) - 694 (763061 Gflops/s) - 691 (759762 Gflops/s) | Temperatures: 67°C - 68°C - 75°C - 72°C - 68°C - 66°C - 74°C - 73°C | Throttling: None - None - None - None - None - None - None - None
702 (771857 Gflops/s) - 700 (769658 Gflops/s) - 698 (767459 Gflops/s) - 693 (761961 Gflops/s) - 703 (772956 Gflops/s) - 710 (780653 Gflops/s) - 694 (763061 Gflops/s) - 690 (758663 Gflops/s) | Temperatures: 67°C - 68°C - 75°C - 72°C - 68°C - 66°C - 74°C - 73°C | Throttling: None - None - None - None - None - None - None - None
702 (771857 Gflops/s) - 699 (768558 Gflops/s) - 698 (767459 Gflops/s) - 692 (760862 Gflops/s) - 702 (771857 Gflops/s) - 710 (780653 Gflops/s) - 690 (758663 Gflops/s) - 689 (757563 Gflops/s) | Temperatures: 67°C - 68°C - 75°C - 72°C - 68°C - 66°C - 74°C - 73°C | Throttling: None - None - None - None - None - None - None - None
703 (772956 Gflops/s) - 700 (769658 Gflops/s) - 698 (767459 Gflops/s) - 693 (761961 Gflops/s) - 702 (771857 Gflops/s) - 710 (780653 Gflops/s) - 691 (759762 Gflops/s) - 690 (758663 Gflops/s) | Temperatures: 67°C - 68°C - 75°C - 72°C - 68°C - 66°C - 74°C - 73°C | Throttling: None - None - None - None - None - None - None - None
704 (774056 Gflops/s) - 701 (770757 Gflops/s) - 698 (767459 Gflops/s) - 693 (761961 Gflops/s) - 702 (771857 Gflops/s) - 710 (780653 Gflops/s) - 692 (760862 Gflops/s) - 690 (758663 Gflops/s) | Temperatures: 67°C - 68°C - 75°C - 72°C - 68°C - 66°C - 74°C - 73°C | Throttling: None - None - None - None - None - None - None - None
714 (785051 Gflops/s) - 699 (768558 Gflops/s) - 699 (768558 Gflops/s) - 692 (760862 Gflops/s) - 703 (772956 Gflops/s) - 710 (780653 Gflops/s) - 693 (761961 Gflops/s) - 690 (758663 Gflops/s) | Temperatures: 67°C - 68°C - 75°C - 72°C - 68°C - 66°C - 74°C - 73°C | Throttling: None - None - None - None - None - None - None - None
691 (759762 Gflops/s) - 701 (770757 Gflops/s) - 698 (767459 Gflops/s) - 693 (761961 Gflops/s) - 702 (771857 Gflops/s) - 710 (780653 Gflops/s) - 693 (761961 Gflops/s) - 690 (758663 Gflops/s) | Temperatures: 67°C - 68°C - 75°C - 72°C - 68°C - 66°C - 74°C - 72°C | Throttling: None - None - None - None - None - None - None - None
702 (771857 Gflops/s) - 700 (769658 Gflops/s) - 699 (768558 Gflops/s) - 693 (761961 Gflops/s) - 703 (772956 Gflops/s) - 710 (780653 Gflops/s) - 691 (759762 Gflops/s) - 690 (758663 Gflops/s) | Temperatures: 67°C - 67°C - 75°C - 72°C - 68°C - 66°C - 74°C - 73°C | Throttling: None - None - None - None - None - None - None - None
703 (772956 Gflops/s) - 700 (769658 Gflops/s) - 698 (767459 Gflops/s) - 693 (761961 Gflops/s) - 702 (771857 Gflops/s) - 710 (780653 Gflops/s) - 692 (760862 Gflops/s) - 690 (758663 Gflops/s) | Temperatures: 67°C - 68°C - 75°C - 72°C - 68°C - 66°C - 74°C - 73°C | Throttling: None - None - None - None - None - None - None - None
702 (771857 Gflops/s) - 700 (769658 Gflops/s) - 697 (766359 Gflops/s) - 693 (761961 Gflops/s) - 702 (771857 Gflops/s) - 711 (781752 Gflops/s) - 692 (760862 Gflops/s) - 690 (758663 Gflops/s) | Temperatures: 67°C - 67°C - 75°C - 72°C - 68°C - 66°C - 74°C - 73°C | Throttling: None - None - None - None - None - None - None - None
703 (772956 Gflops/s) - 699 (768558 Gflops/s) - 696 (765260 Gflops/s) - 692 (760862 Gflops/s) - 702 (771857 Gflops/s) - 708 (778454 Gflops/s) - 692 (760862 Gflops/s) - 689 (757563 Gflops/s) | Temperatures: 67°C - 68°C - 75°C - 72°C - 68°C - 66°C - 73°C - 72°C | Throttling: None - None - None - None - None - None - None - None
704 (774056 Gflops/s) - 700 (769658 Gflops/s) - 695 (764160 Gflops/s) - 692 (760862 Gflops/s) - 713 (783951 Gflops/s) - 710 (780653 Gflops/s) - 693 (761961 Gflops/s) - 690 (758663 Gflops/s) | Temperatures: 67°C - 68°C - 75°C - 72°C - 68°C - 66°C - 74°C - 72°C | Throttling: None - None - None - None - None - None - None - None
702 (771857 Gflops/s) - 700 (769658 Gflops/s) - 695 (764160 Gflops/s) - 693 (761961 Gflops/s) - 692 (760862 Gflops/s) - 710 (780653 Gflops/s) - 691 (759762 Gflops/s) - 690 (758663 Gflops/s) | Temperatures: 67°C - 68°C - 74°C - 72°C - 68°C - 66°C - 74°C - 72°C | Throttling: None - None - None - None - None - None - None - None
702 (771857 Gflops/s) - 701 (770757 Gflops/s) - 695 (764160 Gflops/s) - 692 (760862 Gflops/s) - 702 (771857 Gflops/s) - 724 (796046 Gflops/s) - 692 (760862 Gflops/s) - 691 (759762 Gflops/s) | Temperatures: 67°C - 68°C - 75°C - 72°C - 68°C - 66°C - 74°C - 72°C | Throttling: None - None - None - None - None - None - None - None
704 (774056 Gflops/s) - 700 (769658 Gflops/s) - 697 (766359 Gflops/s) - 693 (761961 Gflops/s) - 703 (772956 Gflops/s) - 697 (766359 Gflops/s) - 694 (763061 Gflops/s) - 690 (758663 Gflops/s) | Temperatures: 67°C - 67°C - 75°C - 72°C - 68°C - 66°C - 73°C - 72°C | Throttling: None - None - None - None - None - None - None - None
702 (771857 Gflops/s) - 700 (769658 Gflops/s) - 695 (764160 Gflops/s) - 692 (760862 Gflops/s) - 702 (771857 Gflops/s) - 709 (779553 Gflops/s) - 690 (758663 Gflops/s) - 690 (758663 Gflops/s) | Temperatures: 67°C - 68°C - 75°C - 72°C - 68°C - 66°C - 73°C - 72°C | Throttling: None - None - None - None - None - None - None - None
703 (772956 Gflops/s) - 700 (769658 Gflops/s) - 695 (764160 Gflops/s) - 692 (760862 Gflops/s) - 703 (772956 Gflops/s) - 711 (781752 Gflops/s) - 695 (764160 Gflops/s) - 690 (758663 Gflops/s) | Temperatures: 67°C - 67°C - 75°C - 72°C - 68°C - 66°C - 74°C - 72°C | Throttling: None - None - None - None - None - None - None - None
702 (771857 Gflops/s) - 699 (768558 Gflops/s) - 695 (764160 Gflops/s) - 692 (760862 Gflops/s) - 701 (770757 Gflops/s) - 709 (779553 Gflops/s) - 692 (760862 Gflops/s) - 689 (757563 Gflops/s) | Temperatures: 67°C - 68°C - 75°C - 72°C - 68°C - 66°C - 74°C - 72°C | Throttling: None - None - None - None - None - None - None - None
703 (772956 Gflops/s) - 700 (769658 Gflops/s) - 695 (764160 Gflops/s) - 692 (760862 Gflops/s) - 703 (772956 Gflops/s) - 710 (780653 Gflops/s) - 694 (763061 Gflops/s) - 690 (758663 Gflops/s) | Temperatures: 67°C - 68°C - 75°C - 72°C - 68°C - 66°C - 74°C - 72°C | Throttling: None - None - None - None - None - None - None - None
703 (772956 Gflops/s) - 700 (769658 Gflops/s) - 696 (765260 Gflops/s) - 692 (760862 Gflops/s) - 702 (771857 Gflops/s) - 710 (780653 Gflops/s) - 691 (759762 Gflops/s) - 690 (758663 Gflops/s) | Temperatures: 67°C - 68°C - 75°C - 72°C - 68°C - 66°C - 73°C - 72°C | Throttling: None - None - None - None - None - None - None - None
702 (771857 Gflops/s) - 701 (770757 Gflops/s) - 696 (765260 Gflops/s) - 693 (761961 Gflops/s) - 703 (772956 Gflops/s) - 710 (780653 Gflops/s) - 693 (761961 Gflops/s) - 690 (758663 Gflops/s) | Temperatures: 67°C - 67°C - 74°C - 72°C - 68°C - 66°C - 73°C - 72°C | Throttling: None - None - None - None - None - None - None - None
703 (772956 Gflops/s) - 700 (769658 Gflops/s) - 695 (764160 Gflops/s) - 692 (760862 Gflops/s) - 703 (772956 Gflops/s) - 710 (780653 Gflops/s) - 695 (764160 Gflops/s) - 690 (758663 Gflops/s) | Temperatures: 67°C - 67°C - 75°C - 72°C - 68°C - 66°C - 74°C - 72°C | Throttling: None - None - None - None - None - None - None - None
703 (772956 Gflops/s) - 699 (768558 Gflops/s) - 696 (765260 Gflops/s) - 692 (760862 Gflops/s) - 702 (771857 Gflops/s) - 711 (781752 Gflops/s) - 691 (759762 Gflops/s) - 690 (758663 Gflops/s) | Temperatures: 67°C - 67°C - 75°C - 72°C - 68°C - 66°C - 73°C - 72°C | Throttling: None - None - None - None - None - None - None - None
703 (772956 Gflops/s) - 700 (769658 Gflops/s) - 696 (765260 Gflops/s) - 693 (761961 Gflops/s) - 703 (772956 Gflops/s) - 710 (780653 Gflops/s) - 693 (761961 Gflops/s) - 690 (758663 Gflops/s) | Temperatures: 67°C - 67°C - 74°C - 72°C - 68°C - 66°C - 74°C - 72°C | Throttling: None - None - None - None - None - None - None - None
701 (770757 Gflops/s) - 699 (768558 Gflops/s) - 694 (763061 Gflops/s) - 693 (761961 Gflops/s) - 701 (770757 Gflops/s) - 710 (780653 Gflops/s) - 697 (766359 Gflops/s) - 690 (758663 Gflops/s) | Temperatures: 67°C - 67°C - 74°C - 72°C - 68°C - 66°C - 74°C - 72°C | Throttling: None - None - None - None - None - None - None - None
703 (772956 Gflops/s) - 700 (769658 Gflops/s) - 696 (765260 Gflops/s) - 691 (759762 Gflops/s) - 703 (772956 Gflops/s) - 710 (780653 Gflops/s) - 698 (767459 Gflops/s) - 690 (758663 Gflops/s) | Temperatures: 67°C - 67°C - 75°C - 72°C - 68°C - 66°C - 74°C - 72°C | Throttling: None - None - None - None - None - None - None - None
703 (772956 Gflops/s) - 700 (769658 Gflops/s) - 696 (765260 Gflops/s) - 694 (763061 Gflops/s) - 702 (771857 Gflops/s) - 710 (780653 Gflops/s) - 698 (767459 Gflops/s) - 691 (759762 Gflops/s) | Temperatures: 67°C - 67°C - 74°C - 72°C - 68°C - 66°C - 74°C - 72°C | Throttling: None - None - None - None - None - None - None - None
702 (771857 Gflops/s) - 701 (770757 Gflops/s) - 696 (765260 Gflops/s) - 693 (761961 Gflops/s) - 703 (772956 Gflops/s) - 710 (780653 Gflops/s) - 699 (768558 Gflops/s) - 690 (758663 Gflops/s) | Temperatures: 67°C - 67°C - 75°C - 72°C - 68°C - 66°C - 74°C - 72°C | Throttling: None - None - None - None - None - None - None - None
702 (771857 Gflops/s) - 700 (769658 Gflops/s) - 695 (764160 Gflops/s) - 694 (763061 Gflops/s) - 703 (772956 Gflops/s) - 711 (781752 Gflops/s) - 698 (767459 Gflops/s) - 691 (759762 Gflops/s) | Temperatures: 67°C - 67°C - 74°C - 72°C - 67°C - 66°C - 74°C - 72°C | Throttling: None - None - None - None - None - None - None - None
703 (772956 Gflops/s) - 701 (770757 Gflops/s) - 696 (765260 Gflops/s) - 692 (760862 Gflops/s) - 702 (771857 Gflops/s) - 711 (781752 Gflops/s) - 697 (766359 Gflops/s) - 690 (758663 Gflops/s) | Temperatures: 67°C - 67°C - 75°C - 72°C - 67°C - 66°C - 74°C - 72°C | Throttling: None - None - None - None - None - None - None - None
701 (770757 Gflops/s) - 699 (768558 Gflops/s) - 694 (763061 Gflops/s) - 692 (760862 Gflops/s) - 702 (771857 Gflops/s) - 709 (779553 Gflops/s) - 697 (766359 Gflops/s) - 690 (758663 Gflops/s) | Temperatures: 67°C - 67°C - 75°C - 72°C - 67°C - 66°C - 73°C - 72°C | Throttling: None - None - None - None - None - None - None - None
704 (774056 Gflops/s) - 700 (769658 Gflops/s) - 696 (765260 Gflops/s) - 692 (760862 Gflops/s) - 702 (771857 Gflops/s) - 711 (781752 Gflops/s) - 698 (767459 Gflops/s) - 690 (758663 Gflops/s) | Temperatures: 67°C - 67°C - 74°C - 72°C - 67°C - 66°C - 74°C - 72°C | Throttling: None - None - None - None - None - None - None - None
703 (772956 Gflops/s) - 700 (769658 Gflops/s) - 695 (764160 Gflops/s) - 693 (761961 Gflops/s) - 703 (772956 Gflops/s) - 710 (780653 Gflops/s) - 698 (767459 Gflops/s) - 690 (758663 Gflops/s) | Temperatures: 67°C - 67°C - 74°C - 72°C - 67°C - 66°C - 74°C - 72°C | Throttling: None - None - None - None - None - None - None - None
703 (772956 Gflops/s) - 700 (769658 Gflops/s) - 696 (765260 Gflops/s) - 693 (761961 Gflops/s) - 702 (771857 Gflops/s) - 710 (780653 Gflops/s) - 698 (767459 Gflops/s) - 690 (758663 Gflops/s) | Temperatures: 67°C - 67°C - 74°C - 72°C - 67°C - 66°C - 73°C - 72°C | Throttling: None - None - None - None - None - None - None - None
702 (771857 Gflops/s) - 704 (774056 Gflops/s) - 695 (764160 Gflops/s) - 692 (760862 Gflops/s) - 703 (772956 Gflops/s) - 711 (781752 Gflops/s) - 698 (767459 Gflops/s) - 691 (759762 Gflops/s) | Temperatures: 67°C - 67°C - 74°C - 72°C - 67°C - 66°C - 74°C - 72°C | Throttling: None - None - None - None - None - None - None - None
702 (771857 Gflops/s) - 697 (766359 Gflops/s) - 696 (765260 Gflops/s) - 693 (761961 Gflops/s) - 702 (771857 Gflops/s) - 710 (780653 Gflops/s) - 698 (767459 Gflops/s) - 697 (766359 Gflops/s) | Temperatures: 67°C - 67°C - 74°C - 72°C - 67°C - 66°C - 74°C - 72°C | Throttling: None - None - None - None - None - None - None - None
703 (772956 Gflops/s) - 700 (769658 Gflops/s) - 695 (764160 Gflops/s) - 693 (761961 Gflops/s) - 703 (772956 Gflops/s) - 711 (781752 Gflops/s) - 699 (768558 Gflops/s) - 684 (752065 Gflops/s) | Temperatures: 67°C - 67°C - 74°C - 72°C - 67°C - 66°C - 74°C - 72°C | Throttling: None - None - None - None - None - None - None - None
703 (772956 Gflops/s) - 699 (768558 Gflops/s) - 695 (764160 Gflops/s) - 692 (760862 Gflops/s) - 702 (771857 Gflops/s) - 709 (779553 Gflops/s) - 697 (766359 Gflops/s) - 689 (757563 Gflops/s) | Temperatures: 67°C - 67°C - 74°C - 72°C - 67°C - 66°C - 73°C - 72°C | Throttling: None - None - None - None - None - None - None - None
704 (774056 Gflops/s) - 701 (770757 Gflops/s) - 697 (766359 Gflops/s) - 693 (761961 Gflops/s) - 702 (771857 Gflops/s) - 711 (781752 Gflops/s) - 698 (767459 Gflops/s) - 690 (758663 Gflops/s) | Temperatures: 67°C - 67°C - 75°C - 72°C - 67°C - 66°C - 74°C - 72°C | Throttling: None - None - None - None - None - None - None - None
704 (774056 Gflops/s) - 700 (769658 Gflops/s) - 697 (766359 Gflops/s) - 693 (761961 Gflops/s) - 703 (772956 Gflops/s) - 710 (780653 Gflops/s) - 698 (767459 Gflops/s) - 692 (760862 Gflops/s) | Temperatures: 67°C - 67°C - 74°C - 72°C - 67°C - 66°C - 74°C - 72°C | Throttling: None - None - None - None - None - None - None - None
703 (772956 Gflops/s) - 700 (769658 Gflops/s) - 696 (765260 Gflops/s) - 693 (761961 Gflops/s) - 703 (772956 Gflops/s) - 711 (781752 Gflops/s) - 699 (768558 Gflops/s) - 690 (758663 Gflops/s) | Temperatures: 67°C - 67°C - 74°C - 72°C - 67°C - 66°C - 74°C - 72°C | Throttling: None - None - None - None - None - None - None - None
704 (774056 Gflops/s) - 700 (769658 Gflops/s) - 696 (765260 Gflops/s) - 693 (761961 Gflops/s) - 702 (771857 Gflops/s) - 711 (781752 Gflops/s) - 698 (767459 Gflops/s) - 691 (759762 Gflops/s) | Temperatures: 67°C - 67°C - 74°C - 72°C - 67°C - 66°C - 74°C - 72°C | Throttling: None - None - None - None - None - None - None - None
703 (772956 Gflops/s) - 699 (768558 Gflops/s) - 695 (764160 Gflops/s) - 692 (760862 Gflops/s) - 702 (771857 Gflops/s) - 709 (779553 Gflops/s) - 698 (767459 Gflops/s) - 689 (757563 Gflops/s) | Temperatures: 67°C - 67°C - 74°C - 72°C - 67°C - 66°C - 74°C - 72°C | Throttling: None - None - None - None - None - None - None - None
704 (774056 Gflops/s) - 701 (770757 Gflops/s) - 696 (765260 Gflops/s) - 694 (763061 Gflops/s) - 703 (772956 Gflops/s) - 711 (781752 Gflops/s) - 699 (768558 Gflops/s) - 691 (759762 Gflops/s) | Temperatures: 67°C - 67°C - 74°C - 72°C - 67°C - 66°C - 74°C - 72°C | Throttling: None - None - None - None - None - None - None - None
704 (774056 Gflops/s) - 700 (769658 Gflops/s) - 696 (765260 Gflops/s) - 693 (761961 Gflops/s) - 702 (771857 Gflops/s) - 711 (781752 Gflops/s) - 698 (767459 Gflops/s) - 690 (758663 Gflops/s) | Temperatures: 67°C - 67°C - 74°C - 71°C - 67°C - 66°C - 74°C - 72°C | Throttling: None - None - None - None - None - None - None - None
703 (772956 Gflops/s) - 700 (769658 Gflops/s) - 696 (765260 Gflops/s) - 693 (761961 Gflops/s) - 703 (772956 Gflops/s) - 710 (780653 Gflops/s) - 701 (770757 Gflops/s) - 690 (758663 Gflops/s) | Temperatures: 67°C - 67°C - 74°C - 72°C - 67°C - 66°C - 74°C - 72°C | Throttling: None - None - None - None - None - None - None - None
702 (771857 Gflops/s) - 701 (770757 Gflops/s) - 695 (764160 Gflops/s) - 692 (760862 Gflops/s) - 702 (771857 Gflops/s) - 711 (781752 Gflops/s) - 696 (765260 Gflops/s) - 691 (759762 Gflops/s) | Temperatures: 66°C - 67°C - 74°C - 72°C - 67°C - 66°C - 74°C - 72°C | Throttling: None - None - None - None - None - None - None - None
704 (774056 Gflops/s) - 700 (769658 Gflops/s) - 697 (766359 Gflops/s) - 693 (761961 Gflops/s) - 703 (772956 Gflops/s) - 711 (781752 Gflops/s) - 698 (767459 Gflops/s) - 691 (759762 Gflops/s) | Temperatures: 67°C - 67°C - 74°C - 72°C - 67°C - 66°C - 74°C - 72°C | Throttling: None - None - None - None - None - None - None - None
702 (771857 Gflops/s) - 699 (768558 Gflops/s) - 695 (764160 Gflops/s) - 692 (760862 Gflops/s) - 701 (770757 Gflops/s) - 709 (779553 Gflops/s) - 697 (766359 Gflops/s) - 689 (757563 Gflops/s) | Temperatures: 67°C - 67°C - 74°C - 72°C - 67°C - 66°C - 74°C - 72°C | Throttling: None - None - None - None - None - None - None - None
704 (774056 Gflops/s) - 701 (770757 Gflops/s) - 696 (765260 Gflops/s) - 693 (761961 Gflops/s) - 703 (772956 Gflops/s) - 710 (780653 Gflops/s) - 699 (768558 Gflops/s) - 691 (759762 Gflops/s) | Temperatures: 66°C - 67°C - 74°C - 72°C - 67°C - 66°C - 74°C - 72°C | Throttling: None - None - None - None - None - None - None - None
704 (774056 Gflops/s) - 701 (770757 Gflops/s) - 696 (765260 Gflops/s) - 693 (761961 Gflops/s) - 702 (771857 Gflops/s) - 711 (781752 Gflops/s) - 698 (767459 Gflops/s) - 690 (758663 Gflops/s) | Temperatures: 66°C - 67°C - 74°C - 72°C - 67°C - 66°C - 74°C - 72°C | Throttling: None - None - None - None - None - None - None - None
703 (772956 Gflops/s) - 700 (769658 Gflops/s) - 696 (765260 Gflops/s) - 693 (761961 Gflops/s) - 703 (772956 Gflops/s) - 710 (780653 Gflops/s) - 698 (767459 Gflops/s) - 690 (758663 Gflops/s) | Temperatures: 67°C - 67°C - 74°C - 72°C - 67°C - 66°C - 74°C - 72°C | Throttling: None - None - None - None - None - None - None - None
705 (775155 Gflops/s) - 701 (770757 Gflops/s) - 695 (764160 Gflops/s) - 693 (761961 Gflops/s) - 702 (771857 Gflops/s) - 710 (780653 Gflops/s) - 699 (768558 Gflops/s) - 691 (759762 Gflops/s) | Temperatures: 67°C - 67°C - 74°C - 72°C - 67°C - 66°C - 74°C - 72°C | Throttling: None - None - None - None - None - None - None - None
703 (772956 Gflops/s) - 701 (770757 Gflops/s) - 695 (764160 Gflops/s) - 693 (761961 Gflops/s) - 703 (772956 Gflops/s) - 710 (780653 Gflops/s) - 699 (768558 Gflops/s) - 691 (759762 Gflops/s) | Temperatures: 66°C - 67°C - 74°C - 72°C - 67°C - 65°C - 73°C - 72°C | Throttling: None - None - None - None - None - None - None - None
703 (772956 Gflops/s) - 701 (770757 Gflops/s) - 696 (765260 Gflops/s) - 693 (761961 Gflops/s) - 702 (771857 Gflops/s) - 711 (781752 Gflops/s) - 698 (767459 Gflops/s) - 690 (758663 Gflops/s) | Temperatures: 66°C - 67°C - 74°C - 71°C - 67°C - 65°C - 74°C - 72°C | Throttling: None - None - None - None - None - None - None - None
703 (772956 Gflops/s) - 699 (768558 Gflops/s) - 695 (764160 Gflops/s) - 693 (761961 Gflops/s) - 702 (771857 Gflops/s) - 711 (781752 Gflops/s) - 698 (767459 Gflops/s) - 690 (758663 Gflops/s) | Temperatures: 66°C - 67°C - 74°C - 71°C - 67°C - 66°C - 73°C - 72°C | Throttling: None - None - None - None - None - None - None - None
703 (772956 Gflops/s) - 701 (770757 Gflops/s) - 696 (765260 Gflops/s) - 693 (761961 Gflops/s) - 702 (771857 Gflops/s) - 710 (780653 Gflops/s) - 698 (767459 Gflops/s) - 691 (759762 Gflops/s) | Temperatures: 66°C - 67°C - 74°C - 72°C - 67°C - 66°C - 74°C - 72°C | Throttling: None - None - None - None - None - None - None - None
703 (772956 Gflops/s) - 701 (770757 Gflops/s) - 696 (765260 Gflops/s) - 693 (761961 Gflops/s) - 702 (771857 Gflops/s) - 714 (785051 Gflops/s) - 704 (774056 Gflops/s) - 690 (758663 Gflops/s) | Temperatures: 66°C - 67°C - 74°C - 72°C - 67°C - 66°C - 73°C - 72°C | Throttling: None - None - None - None - None - None - None - None
704 (774056 Gflops/s) - 700 (769658 Gflops/s) - 696 (765260 Gflops/s) - 692 (760862 Gflops/s) - 703 (772956 Gflops/s) - 708 (778454 Gflops/s) - 693 (761961 Gflops/s) - 691 (759762 Gflops/s) | Temperatures: 66°C - 67°C - 74°C - 71°C - 67°C - 66°C - 74°C - 72°C | Throttling: None - None - None - None - None - None - None - None
703 (772956 Gflops/s) - 700 (769658 Gflops/s) - 695 (764160 Gflops/s) - 693 (761961 Gflops/s) - 702 (771857 Gflops/s) - 711 (781752 Gflops/s) - 697 (766359 Gflops/s) - 690 (758663 Gflops/s) | Temperatures: 66°C - 67°C - 74°C - 72°C - 67°C - 66°C - 73°C - 72°C | Throttling: None - None - None - None - None - None - None - None
704 (774056 Gflops/s) - 700 (769658 Gflops/s) - 697 (766359 Gflops/s) - 693 (761961 Gflops/s) - 703 (772956 Gflops/s) - 710 (780653 Gflops/s) - 698 (767459 Gflops/s) - 690 (758663 Gflops/s) | Temperatures: 66°C - 67°C - 74°C - 71°C - 67°C - 65°C - 73°C - 72°C | Throttling: None - None - None - None - None - None - None - None
703 (772956 Gflops/s) - 700 (769658 Gflops/s) - 695 (764160 Gflops/s) - 692 (760862 Gflops/s) - 702 (771857 Gflops/s) - 710 (780653 Gflops/s) - 697 (766359 Gflops/s) - 690 (758663 Gflops/s) | Temperatures: 66°C - 67°C - 74°C - 71°C - 67°C - 66°C - 73°C - 72°C | Throttling: None - None - None - None - None - None - None - None
703 (772956 Gflops/s) - 700 (769658 Gflops/s) - 697 (766359 Gflops/s) - 693 (761961 Gflops/s) - 705 (775155 Gflops/s) - 710 (780653 Gflops/s) - 699 (768558 Gflops/s) - 691 (759762 Gflops/s) | Temperatures: 66°C - 67°C - 74°C - 71°C - 67°C - 65°C - 74°C - 72°C | Throttling: None - None - None - None - None - None - None - None
704 (774056 Gflops/s) - 701 (770757 Gflops/s) - 696 (765260 Gflops/s) - 693 (761961 Gflops/s) - 699 (768558 Gflops/s) - 711 (781752 Gflops/s) - 698 (767459 Gflops/s) - 690 (758663 Gflops/s) | Temperatures: 66°C - 67°C - 74°C - 71°C - 67°C - 66°C - 73°C - 72°C | Throttling: None - None - None - None - None - None - None - None
702 (771857 Gflops/s) - 700 (769658 Gflops/s) - 696 (765260 Gflops/s) - 693 (761961 Gflops/s) - 703 (772956 Gflops/s) - 711 (781752 Gflops/s) - 699 (768558 Gflops/s) - 691 (759762 Gflops/s) | Temperatures: 66°C - 67°C - 74°C - 71°C - 67°C - 65°C - 74°C - 72°C | Throttling: None - None - None - None - None - None - None - None
704 (774056 Gflops/s) - 700 (769658 Gflops/s) - 696 (765260 Gflops/s) - 692 (760862 Gflops/s) - 702 (771857 Gflops/s) - 710 (780653 Gflops/s) - 698 (767459 Gflops/s) - 690 (758663 Gflops/s) | Temperatures: 66°C - 67°C - 74°C - 71°C - 67°C - 66°C - 74°C - 72°C | Throttling: None - None - None - None - None - None - None - None
703 (772956 Gflops/s) - 699 (768558 Gflops/s) - 695 (764160 Gflops/s) - 691 (759762 Gflops/s) - 702 (771857 Gflops/s) - 710 (780653 Gflops/s) - 697 (766359 Gflops/s) - 689 (757563 Gflops/s) | Temperatures: 66°C - 67°C - 74°C - 71°C - 67°C - 65°C - 74°C - 72°C | Throttling: None - None - None - None - None - None - None - None
704 (774056 Gflops/s) - 700 (769658 Gflops/s) - 695 (764160 Gflops/s) - 693 (761961 Gflops/s) - 702 (771857 Gflops/s) - 710 (780653 Gflops/s) - 699 (768558 Gflops/s) - 705 (775155 Gflops/s) | Temperatures: 66°C - 67°C - 74°C - 71°C - 67°C - 65°C - 74°C - 72°C | Throttling: None - None - None - None - None - None - None - None
704 (774056 Gflops/s) - 700 (769658 Gflops/s) - 696 (765260 Gflops/s) - 693 (761961 Gflops/s) - 703 (772956 Gflops/s) - 711 (781752 Gflops/s) - 699 (768558 Gflops/s) - 676 (743269 Gflops/s) | Temperatures: 66°C - 67°C - 74°C - 72°C - 67°C - 66°C - 74°C - 72°C | Throttling: None - None - None - None - None - None - None - None
704 (774056 Gflops/s) - 702 (771857 Gflops/s) - 697 (766359 Gflops/s) - 693 (761961 Gflops/s) - 702 (771857 Gflops/s) - 710 (780653 Gflops/s) - 708 (778454 Gflops/s) - 692 (760862 Gflops/s) | Temperatures: 66°C - 67°C - 74°C - 71°C - 67°C - 66°C - 73°C - 72°C | Throttling: None - None - None - None - None - None - None - None
703 (772956 Gflops/s) - 700 (769658 Gflops/s) - 695 (764160 Gflops/s) - 692 (760862 Gflops/s) - 703 (772956 Gflops/s) - 710 (780653 Gflops/s) - 689 (757563 Gflops/s) - 690 (758663 Gflops/s) | Temperatures: 66°C - 67°C - 74°C - 71°C - 67°C - 66°C - 74°C - 72°C | Throttling: None - None - None - None - None - None - None - None
704 (774056 Gflops/s) - 703 (772956 Gflops/s) - 696 (765260 Gflops/s) - 693 (761961 Gflops/s) - 702 (771857 Gflops/s) - 711 (781752 Gflops/s) - 698 (767459 Gflops/s) - 691 (759762 Gflops/s) | Temperatures: 66°C - 67°C - 74°C - 71°C - 67°C - 65°C - 73°C - 72°C | Throttling: None - None - None - None - None - None - None - None
703 (772956 Gflops/s) - 696 (765260 Gflops/s) - 696 (765260 Gflops/s) - 692 (760862 Gflops/s) - 702 (771857 Gflops/s) - 725 (797145 Gflops/s) - 698 (767459 Gflops/s) - 690 (758663 Gflops/s) | Temperatures: 66°C - 67°C - 74°C - 72°C - 67°C - 66°C - 73°C - 72°C | Throttling: None - None - None - None - None - None - None - None
703 (772956 Gflops/s) - 701 (770757 Gflops/s) - 696 (765260 Gflops/s) - 693 (761961 Gflops/s) - 702 (771857 Gflops/s) - 695 (764160 Gflops/s) - 698 (767459 Gflops/s) - 690 (758663 Gflops/s) | Temperatures: 66°C - 67°C - 74°C - 72°C - 67°C - 66°C - 74°C - 72°C | Throttling: None - None - None - None - None - None - None - None
703 (772956 Gflops/s) - 700 (769658 Gflops/s) - 696 (765260 Gflops/s) - 693 (761961 Gflops/s) - 702 (771857 Gflops/s) - 710 (780653 Gflops/s) - 699 (768558 Gflops/s) - 691 (759762 Gflops/s) | Temperatures: 66°C - 67°C - 74°C - 72°C - 67°C - 66°C - 74°C - 72°C | Throttling: None - None - None - None - None - None - None - None
703 (772956 Gflops/s) - 700 (769658 Gflops/s) - 696 (765260 Gflops/s) - 693 (761961 Gflops/s) - 720 (791648 Gflops/s) - 710 (780653 Gflops/s) - 699 (768558 Gflops/s) - 692 (760862 Gflops/s) | Temperatures: 66°C - 67°C - 74°C - 72°C - 67°C - 66°C - 74°C - 72°C | Throttling: None - None - None - None - None - None - None - None
704 (774056 Gflops/s) - 700 (769658 Gflops/s) - 695 (764160 Gflops/s) - 693 (761961 Gflops/s) - 685 (753165 Gflops/s) - 710 (780653 Gflops/s) - 698 (767459 Gflops/s) - 690 (758663 Gflops/s) | Temperatures: 67°C - 67°C - 74°C - 71°C - 67°C - 66°C - 74°C - 72°C | Throttling: None - None - None - None - None - None - None - None
705 (775155 Gflops/s) - 700 (769658 Gflops/s) - 695 (764160 Gflops/s) - 692 (760862 Gflops/s) - 702 (771857 Gflops/s) - 710 (780653 Gflops/s) - 698 (767459 Gflops/s) - 691 (759762 Gflops/s) | Temperatures: 67°C - 67°C - 74°C - 72°C - 67°C - 66°C - 73°C - 72°C | Throttling: None - None - None - None - None - None - None - None
703 (772956 Gflops/s) - 699 (768558 Gflops/s) - 696 (765260 Gflops/s) - 692 (760862 Gflops/s) - 702 (771857 Gflops/s) - 710 (780653 Gflops/s) - 698 (767459 Gflops/s) - 690 (758663 Gflops/s) | Temperatures: 67°C - 67°C - 74°C - 72°C - 67°C - 66°C - 74°C - 72°C | Throttling: None - None - None - None - None - None - None - None
704 (774056 Gflops/s) - 701 (770757 Gflops/s) - 696 (765260 Gflops/s) - 693 (761961 Gflops/s) - 702 (771857 Gflops/s) - 710 (780653 Gflops/s) - 698 (767459 Gflops/s) - 691 (759762 Gflops/s) | Temperatures: 67°C - 67°C - 74°C - 72°C - 67°C - 66°C - 74°C - 72°C | Throttling: None - None - None - None - None - None - None - None
703 (772956 Gflops/s) - 699 (768558 Gflops/s) - 696 (765260 Gflops/s) - 694 (763061 Gflops/s) - 702 (771857 Gflops/s) - 710 (780653 Gflops/s) - 699 (768558 Gflops/s) - 691 (759762 Gflops/s) | Temperatures: 67°C - 67°C - 74°C - 72°C - 67°C - 66°C - 74°C - 72°C | Throttling: None - None - None - None - None - None - None - None
704 (774056 Gflops/s) - 700 (769658 Gflops/s) - 696 (765260 Gflops/s) - 692 (760862 Gflops/s) - 703 (772956 Gflops/s) - 710 (780653 Gflops/s) - 710 (780653 Gflops/s) - 690 (758663 Gflops/s) | Temperatures: 67°C - 67°C - 74°C - 72°C - 67°C - 66°C - 74°C - 72°C | Throttling: None - None - None - None - None - None - None - None
703 (772956 Gflops/s) - 701 (770757 Gflops/s) - 695 (764160 Gflops/s) - 693 (761961 Gflops/s) - 702 (771857 Gflops/s) - 710 (780653 Gflops/s) - 686 (754264 Gflops/s) - 691 (759762 Gflops/s) | Temperatures: 67°C - 67°C - 74°C - 72°C - 67°C - 66°C - 74°C - 72°C | Throttling: None - None - None - None - None - None - None - None
704 (774056 Gflops/s) - 700 (769658 Gflops/s) - 696 (765260 Gflops/s) - 691 (759762 Gflops/s) - 702 (771857 Gflops/s) - 710 (780653 Gflops/s) - 698 (767459 Gflops/s) - 691 (759762 Gflops/s) | Temperatures: 66°C - 67°C - 74°C - 72°C - 67°C - 66°C - 74°C - 72°C | Throttling: None - None - None - None - None - None - None - None
704 (774056 Gflops/s) - 700 (769658 Gflops/s) - 697 (766359 Gflops/s) - 693 (761961 Gflops/s) - 703 (772956 Gflops/s) - 710 (780653 Gflops/s) - 699 (768558 Gflops/s) - 691 (759762 Gflops/s) | Temperatures: 67°C - 67°C - 74°C - 72°C - 67°C - 66°C - 74°C - 72°C | Throttling: None - None - None - None - None - None - None - None
703 (772956 Gflops/s) - 700 (769658 Gflops/s) - 695 (764160 Gflops/s) - 692 (760862 Gflops/s) - 701 (770757 Gflops/s) - 710 (780653 Gflops/s) - 698 (767459 Gflops/s) - 689 (757563 Gflops/s) | Temperatures: 67°C - 67°C - 74°C - 72°C - 67°C - 66°C - 74°C - 72°C | Throttling: None - None - None - None - None - None - None - None
704 (774056 Gflops/s) - 700 (769658 Gflops/s) - 696 (765260 Gflops/s) - 693 (761961 Gflops/s) - 702 (771857 Gflops/s) - 710 (780653 Gflops/s) - 697 (766359 Gflops/s) - 691 (759762 Gflops/s) | Temperatures: 66°C - 67°C - 74°C - 71°C - 67°C - 66°C - 74°C - 72°C | Throttling: None - None - None - None - None - None - None - None
703 (772956 Gflops/s) - 699 (768558 Gflops/s) - 696 (765260 Gflops/s) - 692 (760862 Gflops/s) - 703 (772956 Gflops/s) - 710 (780653 Gflops/s) - 698 (767459 Gflops/s) - 691 (759762 Gflops/s) | Temperatures: 66°C - 67°C - 74°C - 71°C - 67°C - 66°C - 74°C - 72°C | Throttling: None - None - None - None - None - None - None - None
703 (772956 Gflops/s) - 700 (769658 Gflops/s) - 696 (765260 Gflops/s) - 692 (760862 Gflops/s) - 702 (771857 Gflops/s) - 711 (781752 Gflops/s) - 699 (768558 Gflops/s) - 691 (759762 Gflops/s) | Temperatures: 66°C - 67°C - 74°C - 72°C - 67°C - 66°C - 74°C - 72°C | Throttling: None - None - None - None - None - None - None - None
703 (772956 Gflops/s) - 701 (770757 Gflops/s) - 695 (764160 Gflops/s) - 692 (760862 Gflops/s) - 702 (771857 Gflops/s) - 710 (780653 Gflops/s) - 698 (767459 Gflops/s) - 692 (760862 Gflops/s) | Temperatures: 67°C - 67°C - 74°C - 72°C - 67°C - 66°C - 74°C - 72°C | Throttling: None - None - None - None - None - None - None - None
703 (772956 Gflops/s) - 699 (768558 Gflops/s) - 695 (764160 Gflops/s) - 691 (759762 Gflops/s) - 702 (771857 Gflops/s) - 710 (780653 Gflops/s) - 698 (767459 Gflops/s) - 689 (757563 Gflops/s) | Temperatures: 66°C - 67°C - 74°C - 71°C - 67°C - 66°C - 74°C - 72°C | Throttling: None - None - None - None - None - None - None - None
703 (772956 Gflops/s) - 700 (769658 Gflops/s) - 696 (765260 Gflops/s) - 692 (760862 Gflops/s) - 702 (771857 Gflops/s) - 710 (780653 Gflops/s) - 699 (768558 Gflops/s) - 691 (759762 Gflops/s) | Temperatures: 66°C - 67°C - 74°C - 71°C - 67°C - 66°C - 74°C - 72°C | Throttling: None - None - None - None - None - None - None - None
704 (774056 Gflops/s) - 700 (769658 Gflops/s) - 696 (765260 Gflops/s) - 693 (761961 Gflops/s) - 703 (772956 Gflops/s) - 710 (780653 Gflops/s) - 698 (767459 Gflops/s) - 690 (758663 Gflops/s) | Temperatures: 66°C - 67°C - 74°C - 72°C - 67°C - 66°C - 74°C - 72°C | Throttling: None - None - None - None - None - None - None - None
703 (772956 Gflops/s) - 700 (769658 Gflops/s) - 695 (764160 Gflops/s) - 693 (761961 Gflops/s) - 702 (771857 Gflops/s) - 711 (781752 Gflops/s) - 714 (785051 Gflops/s) - 690 (758663 Gflops/s) | Temperatures: 66°C - 67°C - 74°C - 72°C - 67°C - 66°C - 74°C - 72°C | Throttling: None - None - None - None - None - None - None - None
703 (772956 Gflops/s) - 701 (770757 Gflops/s) - 696 (765260 Gflops/s) - 692 (760862 Gflops/s) - 702 (771857 Gflops/s) - 710 (780653 Gflops/s) - 682 (749866 Gflops/s) - 691 (759762 Gflops/s) | Temperatures: 67°C - 67°C - 74°C - 71°C - 67°C - 66°C - 74°C - 72°C | Throttling: None - None - None - None - None - None - None - None
704 (774056 Gflops/s) - 700 (769658 Gflops/s) - 696 (765260 Gflops/s) - 692 (760862 Gflops/s) - 702 (771857 Gflops/s) - 711 (781752 Gflops/s) - 698 (767459 Gflops/s) - 691 (759762 Gflops/s) | Temperatures: 66°C - 67°C - 74°C - 71°C - 67°C - 65°C - 74°C - 72°C | Throttling: None - None - None - None - None - None - None - None
703 (772956 Gflops/s) - 700 (769658 Gflops/s) - 696 (765260 Gflops/s) - 692 (760862 Gflops/s) - 702 (771857 Gflops/s) - 709 (779553 Gflops/s) - 698 (767459 Gflops/s) - 691 (759762 Gflops/s) | Temperatures: 66°C - 67°C - 74°C - 71°C - 67°C - 65°C - 74°C - 72°C | Throttling: None - None - None - None - None - None - None - None
703 (772956 Gflops/s) - 700 (769658 Gflops/s) - 695 (764160 Gflops/s) - 693 (761961 Gflops/s) - 703 (772956 Gflops/s) - 711 (781752 Gflops/s) - 697 (766359 Gflops/s) - 691 (759762 Gflops/s) | Temperatures: 66°C - 67°C - 74°C - 71°C - 67°C - 66°C - 73°C - 72°C | Throttling: None - None - None - None - None - None - None - None
703 (772956 Gflops/s) - 701 (770757 Gflops/s) - 697 (766359 Gflops/s) - 694 (763061 Gflops/s) - 702 (771857 Gflops/s) - 710 (780653 Gflops/s) - 699 (768558 Gflops/s) - 690 (758663 Gflops/s) | Temperatures: 66°C - 67°C - 74°C - 71°C - 67°C - 66°C - 74°C - 72°C | Throttling: None - None - None - None - None - None - None - None
703 (772956 Gflops/s) - 699 (768558 Gflops/s) - 696 (765260 Gflops/s) - 693 (761961 Gflops/s) - 702 (771857 Gflops/s) - 710 (780653 Gflops/s) - 698 (767459 Gflops/s) - 702 (771857 Gflops/s) | Temperatures: 66°C - 67°C - 74°C - 71°C - 67°C - 65°C - 73°C - 72°C | Throttling: None - None - None - None - None - None - None - None
704 (774056 Gflops/s) - 701 (770757 Gflops/s) - 696 (765260 Gflops/s) - 693 (761961 Gflops/s) - 703 (772956 Gflops/s) - 710 (780653 Gflops/s) - 699 (768558 Gflops/s) - 679 (746568 Gflops/s) | Temperatures: 66°C - 67°C - 74°C - 72°C - 67°C - 65°C - 73°C - 72°C | Throttling: None - None - None - None - None - None - None - None
703 (772956 Gflops/s) - 700 (769658 Gflops/s) - 697 (766359 Gflops/s) - 693 (761961 Gflops/s) - 702 (771857 Gflops/s) - 711 (781752 Gflops/s) - 698 (767459 Gflops/s) - 690 (758663 Gflops/s) | Temperatures: 66°C - 67°C - 74°C - 72°C - 67°C - 65°C - 73°C - 72°C | Throttling: None - None - None - None - None - None - None - None
703 (772956 Gflops/s) - 700 (769658 Gflops/s) - 695 (764160 Gflops/s) - 691 (759762 Gflops/s) - 702 (771857 Gflops/s) - 710 (780653 Gflops/s) - 698 (767459 Gflops/s) - 690 (758663 Gflops/s) | Temperatures: 66°C - 67°C - 74°C - 71°C - 67°C - 65°C - 73°C - 72°C | Throttling: None - None - None - None - None - None - None - None
704 (774056 Gflops/s) - 701 (770757 Gflops/s) - 696 (765260 Gflops/s) - 692 (760862 Gflops/s) - 702 (771857 Gflops/s) - 710 (780653 Gflops/s) - 698 (767459 Gflops/s) - 691 (759762 Gflops/s) | Temperatures: 66°C - 67°C - 74°C - 71°C - 67°C - 66°C - 73°C - 72°C | Throttling: None - None - None - None - None - None - None - None
703 (772956 Gflops/s) - 700 (769658 Gflops/s) - 696 (765260 Gflops/s) - 695 (764160 Gflops/s) - 702 (771857 Gflops/s) - 710 (780653 Gflops/s) - 698 (767459 Gflops/s) - 691 (759762 Gflops/s) | Temperatures: 66°C - 67°C - 74°C - 71°C - 67°C - 66°C - 73°C - 72°C | Throttling: None - None - None - None - None - None - None - None
704 (774056 Gflops/s) - 701 (770757 Gflops/s) - 697 (766359 Gflops/s) - 691 (759762 Gflops/s) - 702 (771857 Gflops/s) - 711 (781752 Gflops/s) - 699 (768558 Gflops/s) - 691 (759762 Gflops/s) | Temperatures: 66°C - 67°C - 74°C - 71°C - 67°C - 65°C - 73°C - 72°C | Throttling: None - None - None - None - None - None - None - None
703 (772956 Gflops/s) - 700 (769658 Gflops/s) - 695 (764160 Gflops/s) - 693 (761961 Gflops/s) - 702 (771857 Gflops/s) - 711 (781752 Gflops/s) - 698 (767459 Gflops/s) - 690 (758663 Gflops/s) | Temperatures: 66°C - 67°C - 74°C - 71°C - 67°C - 65°C - 73°C - 72°C | Throttling: None - None - None - None - None - None - None - None
703 (772956 Gflops/s) - 700 (769658 Gflops/s) - 696 (765260 Gflops/s) - 693 (761961 Gflops/s) - 702 (771857 Gflops/s) - 710 (780653 Gflops/s) - 699 (768558 Gflops/s) - 691 (759762 Gflops/s) | Temperatures: 66°C - 67°C - 74°C - 71°C - 67°C - 65°C - 73°C - 72°C | Throttling: None - None - None - None - None - None - None - None
703 (772956 Gflops/s) - 708 (778454 Gflops/s) - 695 (764160 Gflops/s) - 692 (760862 Gflops/s) - 703 (772956 Gflops/s) - 711 (781752 Gflops/s) - 698 (767459 Gflops/s) - 691 (759762 Gflops/s) | Temperatures: 66°C - 67°C - 74°C - 71°C - 67°C - 65°C - 73°C - 72°C | Throttling: None - None - None - None - None - None - None - None
704 (774056 Gflops/s) - 693 (761961 Gflops/s) - 697 (766359 Gflops/s) - 693 (761961 Gflops/s) - 702 (771857 Gflops/s) - 710 (780653 Gflops/s) - 699 (768558 Gflops/s) - 691 (759762 Gflops/s) | Temperatures: 66°C - 67°C - 74°C - 71°C - 67°C - 65°C - 73°C - 72°C | Throttling: None - None - None - None - None - None - None - None
702 (771857 Gflops/s) - 700 (769658 Gflops/s) - 695 (764160 Gflops/s) - 692 (760862 Gflops/s) - 701 (770757 Gflops/s) - 710 (780653 Gflops/s) - 698 (767459 Gflops/s) - 690 (758663 Gflops/s) | Temperatures: 66°C - 67°C - 74°C - 71°C - 67°C - 65°C - 73°C - 72°C | Throttling: None - None - None - None - None - None - None - None
704 (774056 Gflops/s) - 700 (769658 Gflops/s) - 697 (766359 Gflops/s) - 694 (763061 Gflops/s) - 703 (772956 Gflops/s) - 711 (781752 Gflops/s) - 699 (768558 Gflops/s) - 691 (759762 Gflops/s) | Temperatures: 66°C - 67°C - 74°C - 71°C - 67°C - 65°C - 73°C - 72°C | Throttling: None - None - None - None - None - None - None - None
705 (775155 Gflops/s) - 701 (770757 Gflops/s) - 697 (766359 Gflops/s) - 693 (761961 Gflops/s) - 702 (771857 Gflops/s) - 710 (780653 Gflops/s) - 699 (768558 Gflops/s) - 691 (759762 Gflops/s) | Temperatures: 66°C - 67°C - 74°C - 71°C - 67°C - 65°C - 73°C - 72°C | Throttling: None - None - None - None - None - None - None - None
704 (774056 Gflops/s) - 701 (770757 Gflops/s) - 696 (765260 Gflops/s) - 692 (760862 Gflops/s) - 707 (777354 Gflops/s) - 711 (781752 Gflops/s) - 699 (768558 Gflops/s) - 691 (759762 Gflops/s) | Temperatures: 66°C - 67°C - 74°C - 71°C - 67°C - 65°C - 73°C - 72°C | Throttling: None - None - None - None - None - None - None - None
705 (775155 Gflops/s) - 701 (770757 Gflops/s) - 697 (766359 Gflops/s) - 694 (763061 Gflops/s) - 697 (766359 Gflops/s) - 710 (780653 Gflops/s) - 699 (768558 Gflops/s) - 691 (759762 Gflops/s) | Temperatures: 66°C - 67°C - 74°C - 71°C - 67°C - 65°C - 73°C - 72°C | Throttling: None - None - None - None - None - None - None - None
705 (775155 Gflops/s) - 701 (770757 Gflops/s) - 695 (764160 Gflops/s) - 693 (761961 Gflops/s) - 703 (772956 Gflops/s) - 711 (781752 Gflops/s) - 700 (769658 Gflops/s) - 691 (759762 Gflops/s) | Temperatures: 66°C - 67°C - 74°C - 71°C - 66°C - 65°C - 73°C - 72°C | Throttling: None - None - None - None - None - None - None - None
703 (772956 Gflops/s) - 700 (769658 Gflops/s) - 695 (764160 Gflops/s) - 692 (760862 Gflops/s) - 701 (770757 Gflops/s) - 717 (788349 Gflops/s) - 698 (767459 Gflops/s) - 691 (759762 Gflops/s) | Temperatures: 66°C - 66°C - 74°C - 71°C - 66°C - 65°C - 73°C - 72°C | Throttling: None - None - None - None - None - None - None - None
702 (771857 Gflops/s) - 700 (769658 Gflops/s) - 697 (766359 Gflops/s) - 692 (760862 Gflops/s) - 702 (771857 Gflops/s) - 704 (774056 Gflops/s) - 716 (787250 Gflops/s) - 691 (759762 Gflops/s) | Temperatures: 66°C - 66°C - 74°C - 71°C - 66°C - 65°C - 73°C - 71°C | Throttling: None - None - None - None - None - None - None - None
702 (771857 Gflops/s) - 702 (771857 Gflops/s) - 695 (764160 Gflops/s) - 694 (763061 Gflops/s) - 703 (772956 Gflops/s) - 711 (781752 Gflops/s) - 684 (752065 Gflops/s) - 691 (759762 Gflops/s) | Temperatures: 66°C - 66°C - 74°C - 71°C - 66°C - 65°C - 73°C - 71°C | Throttling: None - None - None - None - None - None - None - None
703 (772956 Gflops/s) - 701 (770757 Gflops/s) - 694 (763061 Gflops/s) - 693 (761961 Gflops/s) - 702 (771857 Gflops/s) - 711 (781752 Gflops/s) - 699 (768558 Gflops/s) - 692 (760862 Gflops/s) | Temperatures: 66°C - 66°C - 74°C - 71°C - 66°C - 65°C - 73°C - 71°C | Throttling: None - None - None - None - None - None - None - None
703 (772956 Gflops/s) - 701 (770757 Gflops/s) - 695 (764160 Gflops/s) - 693 (761961 Gflops/s) - 702 (771857 Gflops/s) - 712 (782852 Gflops/s) - 700 (769658 Gflops/s) - 691 (759762 Gflops/s) | Temperatures: 65°C - 66°C - 74°C - 71°C - 66°C - 65°C - 73°C - 71°C | Throttling: None - None - None - None - None - None - None - None
702 (771857 Gflops/s) - 701 (770757 Gflops/s) - 694 (763061 Gflops/s) - 693 (761961 Gflops/s) - 702 (771857 Gflops/s) - 710 (780653 Gflops/s) - 699 (768558 Gflops/s) - 691 (759762 Gflops/s) | Temperatures: 65°C - 66°C - 74°C - 71°C - 66°C - 65°C - 73°C - 71°C | Throttling: None - None - None - None - None - None - None - None
703 (772956 Gflops/s) - 701 (770757 Gflops/s) - 695 (764160 Gflops/s) - 694 (763061 Gflops/s) - 702 (771857 Gflops/s) - 711 (781752 Gflops/s) - 701 (770757 Gflops/s) - 692 (760862 Gflops/s) | Temperatures: 65°C - 66°C - 74°C - 71°C - 66°C - 65°C - 73°C - 71°C | Throttling: None - None - None - None - None - None - None - None
702 (771857 Gflops/s) - 702 (771857 Gflops/s) - 694 (763061 Gflops/s) - 694 (763061 Gflops/s) - 703 (772956 Gflops/s) - 711 (781752 Gflops/s) - 700 (769658 Gflops/s) - 691 (759762 Gflops/s) | Temperatures: 65°C - 66°C - 74°C - 71°C - 66°C - 65°C - 73°C - 71°C | Throttling: None - None - None - None - None - None - None - None
702 (771857 Gflops/s) - 701 (770757 Gflops/s) - 694 (763061 Gflops/s) - 694 (763061 Gflops/s) - 702 (771857 Gflops/s) - 711 (781752 Gflops/s) - 700 (769658 Gflops/s) - 694 (763061 Gflops/s) | Temperatures: 65°C - 66°C - 73°C - 71°C - 66°C - 64°C - 73°C - 71°C | Throttling: None - None - None - None - None - None - None - None
702 (771857 Gflops/s) - 701 (770757 Gflops/s) - 693 (761961 Gflops/s) - 694 (763061 Gflops/s) - 702 (771857 Gflops/s) - 711 (781752 Gflops/s) - 700 (769658 Gflops/s) - 691 (759762 Gflops/s) | Temperatures: 65°C - 66°C - 73°C - 71°C - 66°C - 64°C - 73°C - 71°C | Throttling: None - None - None - None - None - None - None - None
702 (771857 Gflops/s) - 702 (771857 Gflops/s) - 695 (764160 Gflops/s) - 693 (761961 Gflops/s) - 703 (772956 Gflops/s) - 712 (782852 Gflops/s) - 699 (768558 Gflops/s) - 692 (760862 Gflops/s) | Temperatures: 65°C - 66°C - 73°C - 71°C - 66°C - 65°C - 73°C - 71°C | Throttling: None - None - None - None - None - None - None - None
702 (771857 Gflops/s) - 701 (770757 Gflops/s) - 695 (764160 Gflops/s) - 693 (761961 Gflops/s) - 702 (771857 Gflops/s) - 711 (781752 Gflops/s) - 700 (769658 Gflops/s) - 692 (760862 Gflops/s) | Temperatures: 65°C - 66°C - 73°C - 71°C - 66°C - 65°C - 73°C - 71°C | Throttling: None - None - None - None - None - None - None - None
702 (771857 Gflops/s) - 701 (770757 Gflops/s) - 694 (763061 Gflops/s) - 692 (760862 Gflops/s) - 702 (771857 Gflops/s) - 711 (781752 Gflops/s) - 699 (768558 Gflops/s) - 691 (759762 Gflops/s) | Temperatures: 65°C - 66°C - 73°C - 70°C - 66°C - 64°C - 73°C - 71°C | Throttling: None - None - None - None - None - None - None - None
702 (771857 Gflops/s) - 701 (770757 Gflops/s) - 695 (764160 Gflops/s) - 693 (761961 Gflops/s) - 702 (771857 Gflops/s) - 711 (781752 Gflops/s) - 701 (770757 Gflops/s) - 692 (760862 Gflops/s) | Temperatures: 65°C - 66°C - 74°C - 70°C - 66°C - 64°C - 73°C - 71°C | Throttling: None - None - None - None - None - None - None - None
702 (771857 Gflops/s) - 702 (771857 Gflops/s) - 694 (763061 Gflops/s) - 694 (763061 Gflops/s) - 702 (771857 Gflops/s) - 711 (781752 Gflops/s) - 700 (769658 Gflops/s) - 691 (759762 Gflops/s) | Temperatures: 65°C - 66°C - 73°C - 70°C - 66°C - 64°C - 73°C - 71°C | Throttling: None - None - None - None - None - None - None - None
703 (772956 Gflops/s) - 702 (771857 Gflops/s) - 698 (767459 Gflops/s) - 693 (761961 Gflops/s) - 703 (772956 Gflops/s) - 720 (791648 Gflops/s) - 700 (769658 Gflops/s) - 692 (760862 Gflops/s) | Temperatures: 65°C - 66°C - 73°C - 70°C - 66°C - 64°C - 73°C - 71°C | Throttling: None - None - None - None - None - None - None - None
702 (771857 Gflops/s) - 702 (771857 Gflops/s) - 691 (759762 Gflops/s) - 693 (761961 Gflops/s) - 702 (771857 Gflops/s) - 702 (771857 Gflops/s) - 700 (769658 Gflops/s) - 691 (759762 Gflops/s) | Temperatures: 65°C - 66°C - 73°C - 70°C - 66°C - 64°C - 72°C - 71°C | Throttling: None - None - None - None - None - None - None - None
702 (771857 Gflops/s) - 708 (778454 Gflops/s) - 695 (764160 Gflops/s) - 695 (764160 Gflops/s) - 701 (770757 Gflops/s) - 711 (781752 Gflops/s) - 700 (769658 Gflops/s) - 692 (760862 Gflops/s) | Temperatures: 65°C - 66°C - 73°C - 71°C - 66°C - 64°C - 72°C - 71°C | Throttling: None - None - None - None - None - None - None - None
703 (772956 Gflops/s) - 694 (763061 Gflops/s) - 696 (765260 Gflops/s) - 694 (763061 Gflops/s) - 703 (772956 Gflops/s) - 711 (781752 Gflops/s) - 700 (769658 Gflops/s) - 692 (760862 Gflops/s) | Temperatures: 65°C - 66°C - 73°C - 71°C - 66°C - 64°C - 72°C - 71°C | Throttling: None - None - None - None - None - None - None - None
704 (774056 Gflops/s) - 702 (771857 Gflops/s) - 696 (765260 Gflops/s) - 694 (763061 Gflops/s) - 702 (771857 Gflops/s) - 711 (781752 Gflops/s) - 700 (769658 Gflops/s) - 692 (760862 Gflops/s) | Temperatures: 65°C - 66°C - 73°C - 70°C - 66°C - 64°C - 72°C - 71°C | Throttling: None - None - None - None - None - None - None - None
703 (772956 Gflops/s) - 701 (770757 Gflops/s) - 693 (761961 Gflops/s) - 695 (764160 Gflops/s) - 702 (771857 Gflops/s) - 711 (781752 Gflops/s) - 700 (769658 Gflops/s) - 692 (760862 Gflops/s) | Temperatures: 65°C - 66°C - 73°C - 70°C - 66°C - 64°C - 72°C - 71°C | Throttling: None - None - None - None - None - None - None - None
702 (771857 Gflops/s) - 701 (770757 Gflops/s) - 695 (764160 Gflops/s) - 695 (764160 Gflops/s) - 703 (772956 Gflops/s) - 712 (782852 Gflops/s) - 701 (770757 Gflops/s) - 692 (760862 Gflops/s) | Temperatures: 65°C - 66°C - 73°C - 70°C - 66°C - 64°C - 72°C - 71°C | Throttling: None - None - None - None - None - None - None - None
702 (771857 Gflops/s) - 702 (771857 Gflops/s) - 697 (766359 Gflops/s) - 693 (761961 Gflops/s) - 702 (771857 Gflops/s) - 711 (781752 Gflops/s) - 699 (768558 Gflops/s) - 692 (760862 Gflops/s) | Temperatures: 65°C - 66°C - 73°C - 70°C - 66°C - 64°C - 72°C - 71°C | Throttling: None - None - None - None - None - None - None - None
703 (772956 Gflops/s) - 701 (770757 Gflops/s) - 693 (761961 Gflops/s) - 692 (760862 Gflops/s) - 701 (770757 Gflops/s) - 711 (781752 Gflops/s) - 700 (769658 Gflops/s) - 692 (760862 Gflops/s) | Temperatures: 65°C - 66°C - 73°C - 70°C - 66°C - 64°C - 72°C - 71°C | Throttling: None - None - None - None - None - None - None - None
702 (771857 Gflops/s) - 702 (771857 Gflops/s) - 695 (764160 Gflops/s) - 695 (764160 Gflops/s) - 703 (772956 Gflops/s) - 711 (781752 Gflops/s) - 700 (769658 Gflops/s) - 691 (759762 Gflops/s) | Temperatures: 65°C - 66°C - 73°C - 70°C - 66°C - 64°C - 72°C - 71°C | Throttling: None - None - None - None - None - None - None - None
703 (772956 Gflops/s) - 702 (771857 Gflops/s) - 694 (763061 Gflops/s) - 694 (763061 Gflops/s) - 702 (771857 Gflops/s) - 712 (782852 Gflops/s) - 700 (769658 Gflops/s) - 693 (761961 Gflops/s) | Temperatures: 65°C - 66°C - 73°C - 70°C - 66°C - 64°C - 72°C - 71°C | Throttling: None - None - None - None - None - None - None - None
703 (772956 Gflops/s) - 702 (771857 Gflops/s) - 695 (764160 Gflops/s) - 693 (761961 Gflops/s) - 702 (771857 Gflops/s) - 711 (781752 Gflops/s) - 700 (769658 Gflops/s) - 694 (763061 Gflops/s) | Temperatures: 65°C - 66°C - 73°C - 70°C - 66°C - 64°C - 72°C - 71°C | Throttling: None - None - None - None - None - None - None - None
703 (772956 Gflops/s) - 701 (770757 Gflops/s) - 695 (764160 Gflops/s) - 694 (763061 Gflops/s) - 703 (772956 Gflops/s) - 712 (782852 Gflops/s) - 700 (769658 Gflops/s) - 691 (759762 Gflops/s) | Temperatures: 65°C - 66°C - 73°C - 70°C - 66°C - 64°C - 72°C - 71°C | Throttling: None - None - None - None - None - None - None - None
703 (772956 Gflops/s) - 702 (771857 Gflops/s) - 696 (765260 Gflops/s) - 693 (761961 Gflops/s) - 702 (771857 Gflops/s) - 712 (782852 Gflops/s) - 700 (769658 Gflops/s) - 692 (760862 Gflops/s) | Temperatures: 65°C - 66°C - 73°C - 70°C - 66°C - 64°C - 72°C - 71°C | Throttling: None - None - None - None - None - None - None - None
703 (772956 Gflops/s) - 701 (770757 Gflops/s) - 694 (763061 Gflops/s) - 693 (761961 Gflops/s) - 701 (770757 Gflops/s) - 711 (781752 Gflops/s) - 700 (769658 Gflops/s) - 692 (760862 Gflops/s) | Temperatures: 65°C - 66°C - 73°C - 70°C - 66°C - 64°C - 72°C - 71°C | Throttling: None - None - None - None - None - None - None - None
703 (772956 Gflops/s) - 702 (771857 Gflops/s) - 695 (764160 Gflops/s) - 695 (764160 Gflops/s) - 703 (772956 Gflops/s) - 719 (790548 Gflops/s) - 700 (769658 Gflops/s) - 692 (760862 Gflops/s) | Temperatures: 65°C - 66°C - 73°C - 70°C - 66°C - 64°C - 72°C - 71°C | Throttling: None - None - None - None - None - None - None - None
704 (774056 Gflops/s) - 702 (771857 Gflops/s) - 694 (763061 Gflops/s) - 694 (763061 Gflops/s) - 702 (771857 Gflops/s) - 703 (772956 Gflops/s) - 701 (770757 Gflops/s) - 692 (760862 Gflops/s) | Temperatures: 65°C - 66°C - 73°C - 70°C - 66°C - 64°C - 72°C - 71°C | Throttling: None - None - None - None - None - None - None - None
702 (771857 Gflops/s) - 702 (771857 Gflops/s) - 695 (764160 Gflops/s) - 694 (763061 Gflops/s) - 702 (771857 Gflops/s) - 712 (782852 Gflops/s) - 700 (769658 Gflops/s) - 694 (763061 Gflops/s) | Temperatures: 65°C - 66°C - 73°C - 70°C - 66°C - 64°C - 72°C - 71°C | Throttling: None - None - None - None - None - None - None - None
703 (772956 Gflops/s) - 702 (771857 Gflops/s) - 694 (763061 Gflops/s) - 695 (764160 Gflops/s) - 702 (771857 Gflops/s) - 711 (781752 Gflops/s) - 700 (769658 Gflops/s) - 692 (760862 Gflops/s) | Temperatures: 65°C - 66°C - 73°C - 70°C - 66°C - 64°C - 72°C - 71°C | Throttling: None - None - None - None - None - None - None - None
703 (772956 Gflops/s) - 701 (770757 Gflops/s) - 695 (764160 Gflops/s) - 696 (765260 Gflops/s) - 703 (772956 Gflops/s) - 712 (782852 Gflops/s) - 701 (770757 Gflops/s) - 693 (761961 Gflops/s) | Temperatures: 65°C - 66°C - 73°C - 70°C - 66°C - 64°C - 72°C - 71°C | Throttling: None - None - None - None - None - None - None - None
702 (771857 Gflops/s) - 701 (770757 Gflops/s) - 695 (764160 Gflops/s) - 693 (761961 Gflops/s) - 701 (770757 Gflops/s) - 710 (780653 Gflops/s) - 700 (769658 Gflops/s) - 692 (760862 Gflops/s) | Temperatures: 65°C - 66°C - 73°C - 70°C - 66°C - 64°C - 72°C - 71°C | Throttling: None - None - None - None - None - None - None - None
702 (771857 Gflops/s) - 702 (771857 Gflops/s) - 695 (764160 Gflops/s) - 694 (763061 Gflops/s) - 702 (771857 Gflops/s) - 712 (782852 Gflops/s) - 700 (769658 Gflops/s) - 693 (761961 Gflops/s) | Temperatures: 65°C - 66°C - 73°C - 70°C - 66°C - 64°C - 72°C - 71°C | Throttling: None - None - None - None - None - None - None - None
703 (772956 Gflops/s) - 702 (771857 Gflops/s) - 695 (764160 Gflops/s) - 694 (763061 Gflops/s) - 703 (772956 Gflops/s) - 712 (782852 Gflops/s) - 701 (770757 Gflops/s) - 697 (766359 Gflops/s) | Temperatures: 65°C - 66°C - 73°C - 70°C - 66°C - 64°C - 72°C - 71°C | Throttling: None - None - None - None - None - None - None - None
703 (772956 Gflops/s) - 702 (771857 Gflops/s) - 694 (763061 Gflops/s) - 695 (764160 Gflops/s) - 702 (771857 Gflops/s) - 712 (782852 Gflops/s) - 701 (770757 Gflops/s) - 688 (756463 Gflops/s) | Temperatures: 65°C - 66°C - 73°C - 70°C - 66°C - 64°C - 72°C - 71°C | Throttling: None - None - None - None - None - None - None - None
704 (774056 Gflops/s) - 701 (770757 Gflops/s) - 695 (764160 Gflops/s) - 695 (764160 Gflops/s) - 703 (772956 Gflops/s) - 711 (781752 Gflops/s) - 700 (769658 Gflops/s) - 693 (761961 Gflops/s) | Temperatures: 65°C - 66°C - 73°C - 70°C - 66°C - 64°C - 72°C - 71°C | Throttling: None - None - None - None - None - None - None - None
702 (771857 Gflops/s) - 701 (770757 Gflops/s) - 694 (763061 Gflops/s) - 695 (764160 Gflops/s) - 701 (770757 Gflops/s) - 711 (781752 Gflops/s) - 700 (769658 Gflops/s) - 692 (760862 Gflops/s) | Temperatures: 65°C - 66°C - 73°C - 70°C - 66°C - 64°C - 72°C - 71°C | Throttling: None - None - None - None - None - None - None - None
704 (774056 Gflops/s) - 702 (771857 Gflops/s) - 695 (764160 Gflops/s) - 694 (763061 Gflops/s) - 703 (772956 Gflops/s) - 711 (781752 Gflops/s) - 701 (770757 Gflops/s) - 691 (759762 Gflops/s) | Temperatures: 65°C - 66°C - 73°C - 70°C - 66°C - 64°C - 72°C - 71°C | Throttling: None - None - None - None - None - None - None - None
703 (772956 Gflops/s) - 702 (771857 Gflops/s) - 694 (763061 Gflops/s) - 693 (761961 Gflops/s) - 703 (772956 Gflops/s) - 711 (781752 Gflops/s) - 701 (770757 Gflops/s) - 693 (761961 Gflops/s) | Temperatures: 65°C - 66°C - 73°C - 70°C - 66°C - 64°C - 72°C - 71°C | Throttling: None - None - None - None - None - None - None - None
703 (772956 Gflops/s) - 701 (770757 Gflops/s) - 695 (764160 Gflops/s) - 694 (763061 Gflops/s) - 702 (771857 Gflops/s) - 712 (782852 Gflops/s) - 700 (769658 Gflops/s) - 693 (761961 Gflops/s) | Temperatures: 65°C - 66°C - 73°C - 70°C - 66°C - 64°C - 72°C - 71°C | Throttling: None - None - None - None - None - None - None - None
708 (778454 Gflops/s) - 702 (771857 Gflops/s) - 694 (763061 Gflops/s) - 695 (764160 Gflops/s) - 702 (771857 Gflops/s) - 711 (781752 Gflops/s) - 701 (770757 Gflops/s) - 693 (761961 Gflops/s) | Temperatures: 65°C - 66°C - 73°C - 70°C - 66°C - 64°C - 72°C - 71°C | Throttling: None - None - None - None - None - None - None - None
699 (768558 Gflops/s) - 702 (771857 Gflops/s) - 695 (764160 Gflops/s) - 694 (763061 Gflops/s) - 702 (771857 Gflops/s) - 717 (788349 Gflops/s) - 701 (770757 Gflops/s) - 691 (759762 Gflops/s) | Temperatures: 65°C - 66°C - 73°C - 70°C - 66°C - 64°C - 72°C - 71°C | Throttling: None - None - None - None - None - None - None - None
703 (772956 Gflops/s) - 702 (771857 Gflops/s) - 695 (764160 Gflops/s) - 696 (765260 Gflops/s) - 702 (771857 Gflops/s) - 707 (777354 Gflops/s) - 700 (769658 Gflops/s) - 692 (760862 Gflops/s) | Temperatures: 65°C - 65°C - 73°C - 70°C - 66°C - 64°C - 72°C - 71°C | Throttling: None - None - None - None - None - None - None - None
702 (771857 Gflops/s) - 702 (771857 Gflops/s) - 695 (764160 Gflops/s) - 695 (764160 Gflops/s) - 703 (772956 Gflops/s) - 712 (782852 Gflops/s) - 700 (769658 Gflops/s) - 693 (761961 Gflops/s) | Temperatures: 65°C - 66°C - 73°C - 70°C - 66°C - 64°C - 72°C - 71°C | Throttling: None - None - None - None - None - None - None - None
703 (772956 Gflops/s) - 702 (771857 Gflops/s) - 694 (763061 Gflops/s) - 694 (763061 Gflops/s) - 709 (779553 Gflops/s) - 711 (781752 Gflops/s) - 701 (770757 Gflops/s) - 701 (770757 Gflops/s) | Temperatures: 65°C - 66°C - 73°C - 70°C - 66°C - 64°C - 72°C - 71°C | Throttling: None - None - None - None - None - None - None - None
703 (772956 Gflops/s) - 702 (771857 Gflops/s) - 699 (768558 Gflops/s) - 695 (764160 Gflops/s) - 695 (764160 Gflops/s) - 712 (782852 Gflops/s) - 700 (769658 Gflops/s) - 683 (750966 Gflops/s) | Temperatures: 65°C - 66°C - 73°C - 70°C - 66°C - 64°C - 72°C - 71°C | Throttling: None - None - None - None - None - None - None - None
703 (772956 Gflops/s) - 702 (771857 Gflops/s) - 690 (758663 Gflops/s) - 695 (764160 Gflops/s) - 702 (771857 Gflops/s) - 712 (782852 Gflops/s) - 701 (770757 Gflops/s) - 694 (763061 Gflops/s) | Temperatures: 65°C - 66°C - 73°C - 70°C - 66°C - 64°C - 72°C - 71°C | Throttling: None - None - None - None - None - None - None - None
703 (772956 Gflops/s) - 702 (771857 Gflops/s) - 695 (764160 Gflops/s) - 694 (763061 Gflops/s) - 702 (771857 Gflops/s) - 712 (782852 Gflops/s) - 700 (769658 Gflops/s) - 694 (763061 Gflops/s) | Temperatures: 65°C - 66°C - 73°C - 70°C - 66°C - 64°C - 72°C - 71°C | Throttling: None - None - None - None - None - None - None - None
703 (772956 Gflops/s) - 701 (770757 Gflops/s) - 695 (764160 Gflops/s) - 695 (764160 Gflops/s) - 703 (772956 Gflops/s) - 712 (782852 Gflops/s) - 701 (770757 Gflops/s) - 693 (761961 Gflops/s) | Temperatures: 65°C - 66°C - 73°C - 70°C - 66°C - 64°C - 72°C - 71°C | Throttling: None - None - None - None - None - None - None - None
702 (771857 Gflops/s) - 703 (772956 Gflops/s) - 695 (764160 Gflops/s) - 694 (763061 Gflops/s) - 702 (771857 Gflops/s) - 712 (782852 Gflops/s) - 702 (771857 Gflops/s) - 694 (763061 Gflops/s) | Temperatures: 65°C - 66°C - 73°C - 70°C - 66°C - 64°C - 72°C - 71°C | Throttling: None - None - None - None - None - None - None - None
703 (772956 Gflops/s) - 701 (770757 Gflops/s) - 694 (763061 Gflops/s) - 694 (763061 Gflops/s) - 702 (771857 Gflops/s) - 711 (781752 Gflops/s) - 700 (769658 Gflops/s) - 692 (760862 Gflops/s) | Temperatures: 65°C - 66°C - 73°C - 70°C - 66°C - 64°C - 72°C - 71°C | Throttling: None - None - None - None - None - None - None - None
703 (772956 Gflops/s) - 715 (786150 Gflops/s) - 695 (764160 Gflops/s) - 696 (765260 Gflops/s) - 703 (772956 Gflops/s) - 712 (782852 Gflops/s) - 701 (770757 Gflops/s) - 695 (764160 Gflops/s) | Temperatures: 65°C - 66°C - 73°C - 70°C - 65°C - 64°C - 72°C - 71°C | Throttling: None - None - None - None - None - None - None - None
703 (772956 Gflops/s) - 689 (757563 Gflops/s) - 694 (763061 Gflops/s) - 693 (761961 Gflops/s) - 702 (771857 Gflops/s) - 712 (782852 Gflops/s) - 701 (770757 Gflops/s) - 694 (763061 Gflops/s) | Temperatures: 65°C - 66°C - 73°C - 70°C - 65°C - 64°C - 72°C - 71°C | Throttling: None - None - None - None - None - None - None - None
714 (785051 Gflops/s) - 703 (772956 Gflops/s) - 696 (765260 Gflops/s) - 695 (764160 Gflops/s) - 702 (771857 Gflops/s) - 712 (782852 Gflops/s) - 701 (770757 Gflops/s) - 693 (761961 Gflops/s) | Temperatures: 65°C - 66°C - 73°C - 70°C - 65°C - 64°C - 72°C - 71°C | Throttling: None - None - None - None - None - None - None - None
693 (761961 Gflops/s) - 702 (771857 Gflops/s) - 696 (765260 Gflops/s) - 695 (764160 Gflops/s) - 702 (771857 Gflops/s) - 711 (781752 Gflops/s) - 702 (771857 Gflops/s) - 693 (761961 Gflops/s) | Temperatures: 65°C - 66°C - 73°C - 70°C - 66°C - 64°C - 72°C - 71°C | Throttling: None - None - None - None - None - None - None - None
703 (772956 Gflops/s) - 702 (771857 Gflops/s) - 696 (765260 Gflops/s) - 695 (764160 Gflops/s) - 703 (772956 Gflops/s) - 713 (783951 Gflops/s) - 701 (770757 Gflops/s) - 695 (764160 Gflops/s) | Temperatures: 65°C - 66°C - 73°C - 70°C - 66°C - 64°C - 72°C - 71°C | Throttling: None - None - None - None - None - None - None - None
703 (772956 Gflops/s) - 701 (770757 Gflops/s) - 695 (764160 Gflops/s) - 694 (763061 Gflops/s) - 702 (771857 Gflops/s) - 711 (781752 Gflops/s) - 700 (769658 Gflops/s) - 691 (759762 Gflops/s) | Temperatures: 65°C - 66°C - 73°C - 70°C - 66°C - 64°C - 72°C - 71°C | Throttling: None - None - None - None - None - None - None - None
703 (772956 Gflops/s) - 702 (771857 Gflops/s) - 695 (764160 Gflops/s) - 694 (763061 Gflops/s) - 702 (771857 Gflops/s) - 712 (782852 Gflops/s) - 702 (771857 Gflops/s) - 694 (763061 Gflops/s) | Temperatures: 65°C - 66°C - 73°C - 70°C - 66°C - 64°C - 72°C - 71°C | Throttling: None - None - None - None - None - None - None - None
702 (771857 Gflops/s) - 702 (771857 Gflops/s) - 696 (765260 Gflops/s) - 695 (764160 Gflops/s) - 703 (772956 Gflops/s) - 712 (782852 Gflops/s) - 700 (769658 Gflops/s) - 692 (760862 Gflops/s) | Temperatures: 65°C - 66°C - 73°C - 70°C - 66°C - 64°C - 72°C - 71°C | Throttling: None - None - None - None - None - None - None - None
703 (772956 Gflops/s) - 702 (771857 Gflops/s) - 695 (764160 Gflops/s) - 695 (764160 Gflops/s) - 702 (771857 Gflops/s) - 712 (782852 Gflops/s) - 701 (770757 Gflops/s) - 693 (761961 Gflops/s) | Temperatures: 65°C - 66°C - 73°C - 70°C - 66°C - 64°C - 72°C - 71°C | Throttling: None - None - None - None - None - None - None - None
701 (770757 Gflops/s) - 702 (771857 Gflops/s) - 696 (765260 Gflops/s) - 694 (763061 Gflops/s) - 702 (771857 Gflops/s) - 711 (781752 Gflops/s) - 701 (770757 Gflops/s) - 693 (761961 Gflops/s) | Temperatures: 65°C - 66°C - 73°C - 70°C - 66°C - 64°C - 72°C - 71°C | Throttling: None - None - None - None - None - None - None - None
702 (771857 Gflops/s) - 701 (770757 Gflops/s) - 695 (764160 Gflops/s) - 694 (763061 Gflops/s) - 702 (771857 Gflops/s) - 711 (781752 Gflops/s) - 700 (769658 Gflops/s) - 692 (760862 Gflops/s) | Temperatures: 65°C - 66°C - 73°C - 70°C - 66°C - 65°C - 72°C - 71°C | Throttling: None - None - None - None - None - None - None - None
704 (774056 Gflops/s) - 702 (771857 Gflops/s) - 695 (764160 Gflops/s) - 695 (764160 Gflops/s) - 702 (771857 Gflops/s) - 712 (782852 Gflops/s) - 701 (770757 Gflops/s) - 692 (760862 Gflops/s) | Temperatures: 65°C - 66°C - 73°C - 70°C - 66°C - 65°C - 72°C - 71°C | Throttling: None - None - None - None - None - None - None - None
703 (772956 Gflops/s) - 701 (770757 Gflops/s) - 695 (764160 Gflops/s) - 694 (763061 Gflops/s) - 703 (772956 Gflops/s) - 711 (781752 Gflops/s) - 701 (770757 Gflops/s) - 693 (761961 Gflops/s) | Temperatures: 65°C - 66°C - 73°C - 70°C - 66°C - 65°C - 72°C - 71°C | Throttling: None - None - None - None - None - None - None - None
702 (771857 Gflops/s) - 701 (770757 Gflops/s) - 694 (763061 Gflops/s) - 694 (763061 Gflops/s) - 702 (771857 Gflops/s) - 712 (782852 Gflops/s) - 701 (770757 Gflops/s) - 691 (759762 Gflops/s) | Temperatures: 65°C - 66°C - 73°C - 70°C - 66°C - 65°C - 72°C - 71°C | Throttling: None - None - None - None - None - None - None - None
703 (772956 Gflops/s) - 702 (771857 Gflops/s) - 695 (764160 Gflops/s) - 695 (764160 Gflops/s) - 703 (772956 Gflops/s) - 711 (781752 Gflops/s) - 701 (770757 Gflops/s) - 693 (761961 Gflops/s) | Temperatures: 65°C - 66°C - 73°C - 71°C - 66°C - 65°C - 72°C - 71°C | Throttling: None - None - None - None - None - None - None - None
704 (774056 Gflops/s) - 701 (770757 Gflops/s) - 695 (764160 Gflops/s) - 695 (764160 Gflops/s) - 702 (771857 Gflops/s) - 712 (782852 Gflops/s) - 700 (769658 Gflops/s) - 696 (765260 Gflops/s) | Temperatures: 66°C - 66°C - 73°C - 70°C - 66°C - 65°C - 72°C - 71°C | Throttling: None - None - None - None - None - None - None - None
678 (745468 Gflops/s) - 700 (769658 Gflops/s) - 694 (763061 Gflops/s) - 694 (763061 Gflops/s) - 582 (639915 Gflops/s) - 711 (781752 Gflops/s) - 700 (769658 Gflops/s) - 648 (712483 Gflops/s) | Temperatures: 66°C - 66°C - 73°C - 71°C - 66°C - 65°C - 72°C - 71°C | Throttling: None - None - None - None - None - None - None - None
GPU #0: 772586 Gflops/s (min: 745468.88, max: 785051.30, dev: 2548.13)
         Temperature: 66.42°C (min: 63.00, max: 69.00)
         Throttling HW: false, Thermal SW: false, Thermal HW: false
GPU #1: 770227 Gflops/s (min: 755364.49, max: 786150.81, dev: 2440.40)
         Temperature: 67.10°C (min: 63.00, max: 70.00)
         Throttling HW: false, Thermal SW: false, Thermal HW: false
GPU #2: 765844 Gflops/s (min: 747667.91, max: 786150.81, dev: 2791.95)
         Temperature: 73.98°C (min: 67.00, max: 76.00)
         Throttling HW: false, Thermal SW: false, Thermal HW: false
GPU #3: 762478 Gflops/s (min: 753165.47, max: 782852.28, dev: 2589.54)
         Temperature: 71.28°C (min: 65.00, max: 73.00)
         Throttling HW: false, Thermal SW: false, Thermal HW: false
GPU #4: 771790 Gflops/s (min: 639915.77, max: 791648.37, dev: 8108.50)
         Temperature: 67.19°C (min: 63.00, max: 70.00)
         Throttling HW: false, Thermal SW: false, Thermal HW: false
GPU #5: 780934 Gflops/s (min: 764160.58, max: 799344.95, dev: 2946.29)
         Temperature: 65.57°C (min: 62.00, max: 68.00)
         Throttling HW: false, Thermal SW: false, Thermal HW: false
GPU #6: 766816 Gflops/s (min: 749866.93, max: 797145.93, dev: 6880.97)
         Temperature: 73.18°C (min: 66.00, max: 75.00)
         Throttling HW: false, Thermal SW: false, Thermal HW: false
GPU #7: 760140 Gflops/s (min: 712483.53, max: 775155.70, dev: 4913.94)
         Temperature: 71.90°C (min: 65.00, max: 74.00)
         Throttling HW: false, Thermal SW: false, Thermal HW: false
All GPUs seem healthy
Freeing GPUs...
======== Run with bf16 ==========
Detected GPU #0: "NVIDIA B200" (8d7b7177-9b6c-f840-3d36-9fe4f599cb69)
Detected GPU #1: "NVIDIA B200" (a9b275c8-51a7-8e41-74c7-34fafa66087c)
Detected GPU #2: "NVIDIA B200" (83c48aba-0641-236f-e263-ef8f0539afd8)
Detected GPU #3: "NVIDIA B200" (07e9d2e4-03a3-e2b3-7b11-8cbe1a207320)
Detected GPU #4: "NVIDIA B200" (c8c55637-4090-9b6e-a260-b9fe2660de67)
Detected GPU #5: "NVIDIA B200" (15b7aed6-ee2e-1175-21f3-4af0d374b825)
Detected GPU #6: "NVIDIA B200" (ef5c4fb4-fe13-f9a3-10b4-6ef099c29099)
Detected GPU #7: "NVIDIA B200" (b9ed0757-f385-0e3a-c3ad-50d6ab4e307f)
Using precision(s):  BF16 
GPU #0: Using 163800 MB
GPU #1: Using 163800 MB
GPU #2: Using 163800 MB
GPU #3: Using 163800 MB
GPU #4: Using 163800 MB
GPU #5: Using 163800 MB
GPU #6: Using 163800 MB
GPU #7: Using 163800 MB
Creating random matrices
Matrices created
1343 (1476644 Gflops/s) - 1498 (1647068 Gflops/s) - 1593 (1751522 Gflops/s) - 1598 (1757019 Gflops/s) - 1404 (1543714 Gflops/s) - 1546 (1699844 Gflops/s) - 1476 (1622879 Gflops/s) - 1517 (1667959 Gflops/s) | Temperatures: 55°C - 56°C - 61°C - 61°C - 57°C - 57°C - 60°C - 60°C | Throttling: None - None - None - None - None - None - None - None
1376 (1512927 Gflops/s) - 1373 (1509629 Gflops/s) - 1383 (1520624 Gflops/s) - 1369 (1505231 Gflops/s) - 1379 (1516226 Gflops/s) - 1389 (1527221 Gflops/s) - 1387 (1525022 Gflops/s) - 1374 (1510728 Gflops/s) | Temperatures: 60°C - 61°C - 65°C - 64°C - 61°C - 60°C - 64°C - 64°C | Throttling: None - None - None - None - None - None - None - None
1371 (1507430 Gflops/s) - 1369 (1505231 Gflops/s) - 1369 (1505231 Gflops/s) - 1370 (1506330 Gflops/s) - 1366 (1501932 Gflops/s) - 1389 (1527221 Gflops/s) - 1374 (1510728 Gflops/s) - 1356 (1490937 Gflops/s) | Temperatures: 62°C - 63°C - 68°C - 66°C - 63°C - 62°C - 66°C - 66°C | Throttling: None - None - None - None - None - None - None - None
1370 (1506330 Gflops/s) - 1366 (1501932 Gflops/s) - 1370 (1506330 Gflops/s) - 1368 (1504131 Gflops/s) - 1367 (1503032 Gflops/s) - 1389 (1527221 Gflops/s) - 1374 (1510728 Gflops/s) - 1365 (1500833 Gflops/s) | Temperatures: 63°C - 64°C - 69°C - 67°C - 64°C - 63°C - 68°C - 67°C | Throttling: None - None - None - None - None - None - None - None
1369 (1505231 Gflops/s) - 1363 (1498634 Gflops/s) - 1365 (1500833 Gflops/s) - 1367 (1503032 Gflops/s) - 1370 (1506330 Gflops/s) - 1390 (1528321 Gflops/s) - 1374 (1510728 Gflops/s) - 1366 (1501932 Gflops/s) | Temperatures: 64°C - 64°C - 70°C - 68°C - 65°C - 63°C - 69°C - 68°C | Throttling: None - None - None - None - None - None - None - None
1366 (1501932 Gflops/s) - 1360 (1495335 Gflops/s) - 1362 (1497534 Gflops/s) - 1366 (1501932 Gflops/s) - 1373 (1509629 Gflops/s) - 1388 (1526122 Gflops/s) - 1368 (1504131 Gflops/s) - 1363 (1498634 Gflops/s) | Temperatures: 64°C - 65°C - 70°C - 69°C - 65°C - 64°C - 69°C - 69°C | Throttling: None - None - None - None - None - None - None - None
1367 (1503032 Gflops/s) - 1365 (1500833 Gflops/s) - 1359 (1494236 Gflops/s) - 1364 (1499733 Gflops/s) - 1372 (1508529 Gflops/s) - 1388 (1526122 Gflops/s) - 1373 (1509629 Gflops/s) - 1361 (1496435 Gflops/s) | Temperatures: 65°C - 65°C - 71°C - 69°C - 65°C - 64°C - 70°C - 69°C | Throttling: None - None - None - None - None - None - None - None
1366 (1501932 Gflops/s) - 1365 (1500833 Gflops/s) - 1354 (1488738 Gflops/s) - 1367 (1503032 Gflops/s) - 1372 (1508529 Gflops/s) - 1387 (1525022 Gflops/s) - 1371 (1507430 Gflops/s) - 1361 (1496435 Gflops/s) | Temperatures: 65°C - 65°C - 71°C - 69°C - 65°C - 64°C - 70°C - 69°C | Throttling: None - None - None - None - None - None - None - None
1366 (1501932 Gflops/s) - 1364 (1499733 Gflops/s) - 1350 (1484340 Gflops/s) - 1364 (1499733 Gflops/s) - 1372 (1508529 Gflops/s) - 1386 (1523923 Gflops/s) - 1366 (1501932 Gflops/s) - 1363 (1498634 Gflops/s) | Temperatures: 65°C - 65°C - 72°C - 69°C - 66°C - 64°C - 71°C - 70°C | Throttling: None - None - None - None - None - None - None - None
1365 (1500833 Gflops/s) - 1364 (1499733 Gflops/s) - 1350 (1484340 Gflops/s) - 1361 (1496435 Gflops/s) - 1369 (1505231 Gflops/s) - 1384 (1521724 Gflops/s) - 1364 (1499733 Gflops/s) - 1358 (1493136 Gflops/s) | Temperatures: 65°C - 65°C - 72°C - 69°C - 66°C - 64°C - 71°C - 70°C | Throttling: None - None - None - None - None - None - None - None
1366 (1501932 Gflops/s) - 1364 (1499733 Gflops/s) - 1348 (1482141 Gflops/s) - 1363 (1498634 Gflops/s) - 1371 (1507430 Gflops/s) - 1387 (1525022 Gflops/s) - 1366 (1501932 Gflops/s) - 1357 (1492037 Gflops/s) | Temperatures: 65°C - 66°C - 72°C - 70°C - 66°C - 64°C - 71°C - 70°C | Throttling: None - None - None - None - None - None - None - None
1367 (1503032 Gflops/s) - 1365 (1500833 Gflops/s) - 1349 (1483241 Gflops/s) - 1366 (1501932 Gflops/s) - 1371 (1507430 Gflops/s) - 1386 (1523923 Gflops/s) - 1367 (1503032 Gflops/s) - 1362 (1497534 Gflops/s) | Temperatures: 65°C - 66°C - 72°C - 70°C - 66°C - 64°C - 71°C - 70°C | Throttling: None - None - None - None - None - None - None - None
1364 (1499733 Gflops/s) - 1362 (1497534 Gflops/s) - 1345 (1478843 Gflops/s) - 1360 (1495335 Gflops/s) - 1369 (1505231 Gflops/s) - 1384 (1521724 Gflops/s) - 1363 (1498634 Gflops/s) - 1358 (1493136 Gflops/s) | Temperatures: 65°C - 66°C - 72°C - 70°C - 66°C - 64°C - 71°C - 70°C | Throttling: None - None - None - None - None - None - None - None
1365 (1500833 Gflops/s) - 1361 (1496435 Gflops/s) - 1347 (1481042 Gflops/s) - 1362 (1497534 Gflops/s) - 1368 (1504131 Gflops/s) - 1384 (1521724 Gflops/s) - 1363 (1498634 Gflops/s) - 1352 (1486539 Gflops/s) | Temperatures: 65°C - 66°C - 72°C - 70°C - 66°C - 64°C - 71°C - 70°C | Throttling: None - None - None - None - None - None - None - None
1364 (1499733 Gflops/s) - 1363 (1498634 Gflops/s) - 1346 (1479942 Gflops/s) - 1362 (1497534 Gflops/s) - 1370 (1506330 Gflops/s) - 1386 (1523923 Gflops/s) - 1364 (1499733 Gflops/s) - 1359 (1494236 Gflops/s) | Temperatures: 65°C - 65°C - 72°C - 70°C - 66°C - 64°C - 71°C - 70°C | Throttling: None - None - None - None - None - None - None - None
1367 (1503032 Gflops/s) - 1364 (1499733 Gflops/s) - 1351 (1485440 Gflops/s) - 1362 (1497534 Gflops/s) - 1369 (1505231 Gflops/s) - 1384 (1521724 Gflops/s) - 1365 (1500833 Gflops/s) - 1356 (1490937 Gflops/s) | Temperatures: 65°C - 65°C - 73°C - 70°C - 66°C - 64°C - 71°C - 70°C | Throttling: None - None - None - None - None - None - None - None
1365 (1500833 Gflops/s) - 1362 (1497534 Gflops/s) - 1363 (1498634 Gflops/s) - 1361 (1496435 Gflops/s) - 1371 (1507430 Gflops/s) - 1386 (1523923 Gflops/s) - 1354 (1488738 Gflops/s) - 1359 (1494236 Gflops/s) | Temperatures: 65°C - 65°C - 73°C - 70°C - 66°C - 64°C - 71°C - 70°C | Throttling: None - None - None - None - None - None - None - None
1366 (1501932 Gflops/s) - 1363 (1498634 Gflops/s) - 1363 (1498634 Gflops/s) - 1362 (1497534 Gflops/s) - 1369 (1505231 Gflops/s) - 1387 (1525022 Gflops/s) - 1352 (1486539 Gflops/s) - 1355 (1489838 Gflops/s) | Temperatures: 65°C - 65°C - 73°C - 70°C - 66°C - 64°C - 71°C - 70°C | Throttling: None - None - None - None - None - None - None - None
1363 (1498634 Gflops/s) - 1361 (1496435 Gflops/s) - 1362 (1497534 Gflops/s) - 1360 (1495335 Gflops/s) - 1369 (1505231 Gflops/s) - 1384 (1521724 Gflops/s) - 1353 (1487639 Gflops/s) - 1354 (1488738 Gflops/s) | Temperatures: 65°C - 65°C - 73°C - 70°C - 65°C - 64°C - 71°C - 70°C | Throttling: None - None - None - None - None - None - None - None
1369 (1505231 Gflops/s) - 1366 (1501932 Gflops/s) - 1363 (1498634 Gflops/s) - 1362 (1497534 Gflops/s) - 1371 (1507430 Gflops/s) - 1388 (1526122 Gflops/s) - 1364 (1499733 Gflops/s) - 1358 (1493136 Gflops/s) | Temperatures: 65°C - 65°C - 73°C - 70°C - 65°C - 64°C - 72°C - 70°C | Throttling: None - None - None - None - None - None - None - None
1364 (1499733 Gflops/s) - 1361 (1496435 Gflops/s) - 1360 (1495335 Gflops/s) - 1361 (1496435 Gflops/s) - 1368 (1504131 Gflops/s) - 1385 (1522823 Gflops/s) - 1364 (1499733 Gflops/s) - 1356 (1490937 Gflops/s) | Temperatures: 65°C - 65°C - 73°C - 70°C - 65°C - 64°C - 72°C - 70°C | Throttling: None - None - None - None - None - None - None - None
1366 (1501932 Gflops/s) - 1361 (1496435 Gflops/s) - 1363 (1498634 Gflops/s) - 1363 (1498634 Gflops/s) - 1369 (1505231 Gflops/s) - 1385 (1522823 Gflops/s) - 1359 (1494236 Gflops/s) - 1356 (1490937 Gflops/s) | Temperatures: 65°C - 65°C - 73°C - 70°C - 65°C - 64°C - 72°C - 70°C | Throttling: None - None - None - None - None - None - None - None
1365 (1500833 Gflops/s) - 1362 (1497534 Gflops/s) - 1361 (1496435 Gflops/s) - 1359 (1494236 Gflops/s) - 1368 (1504131 Gflops/s) - 1385 (1522823 Gflops/s) - 1364 (1499733 Gflops/s) - 1356 (1490937 Gflops/s) | Temperatures: 65°C - 65°C - 73°C - 70°C - 66°C - 64°C - 72°C - 70°C | Throttling: None - None - None - None - None - None - None - None
1365 (1500833 Gflops/s) - 1361 (1496435 Gflops/s) - 1363 (1498634 Gflops/s) - 1362 (1497534 Gflops/s) - 1370 (1506330 Gflops/s) - 1387 (1525022 Gflops/s) - 1363 (1498634 Gflops/s) - 1358 (1493136 Gflops/s) | Temperatures: 65°C - 65°C - 73°C - 70°C - 66°C - 64°C - 72°C - 70°C | Throttling: None - None - None - None - None - None - None - None
1366 (1501932 Gflops/s) - 1363 (1498634 Gflops/s) - 1362 (1497534 Gflops/s) - 1361 (1496435 Gflops/s) - 1370 (1506330 Gflops/s) - 1385 (1522823 Gflops/s) - 1351 (1485440 Gflops/s) - 1355 (1489838 Gflops/s) | Temperatures: 65°C - 66°C - 73°C - 70°C - 66°C - 64°C - 72°C - 71°C | Throttling: None - None - None - None - None - None - None - None
1366 (1501932 Gflops/s) - 1362 (1497534 Gflops/s) - 1361 (1496435 Gflops/s) - 1360 (1495335 Gflops/s) - 1369 (1505231 Gflops/s) - 1386 (1523923 Gflops/s) - 1356 (1490937 Gflops/s) - 1356 (1490937 Gflops/s) | Temperatures: 65°C - 66°C - 73°C - 70°C - 66°C - 64°C - 72°C - 71°C | Throttling: None - None - None - None - None - None - None - None
1364 (1499733 Gflops/s) - 1361 (1496435 Gflops/s) - 1357 (1492037 Gflops/s) - 1361 (1496435 Gflops/s) - 1368 (1504131 Gflops/s) - 1385 (1522823 Gflops/s) - 1347 (1481042 Gflops/s) - 1349 (1483241 Gflops/s) | Temperatures: 65°C - 66°C - 73°C - 70°C - 66°C - 64°C - 72°C - 71°C | Throttling: None - None - None - None - None - None - None - None
1366 (1501932 Gflops/s) - 1363 (1498634 Gflops/s) - 1363 (1498634 Gflops/s) - 1362 (1497534 Gflops/s) - 1372 (1508529 Gflops/s) - 1387 (1525022 Gflops/s) - 1351 (1485440 Gflops/s) - 1355 (1489838 Gflops/s) | Temperatures: 65°C - 66°C - 73°C - 70°C - 66°C - 64°C - 72°C - 71°C | Throttling: None - None - None - None - None - None - None - None
1363 (1498634 Gflops/s) - 1360 (1495335 Gflops/s) - 1354 (1488738 Gflops/s) - 1359 (1494236 Gflops/s) - 1367 (1503032 Gflops/s) - 1382 (1519525 Gflops/s) - 1346 (1479942 Gflops/s) - 1352 (1486539 Gflops/s) | Temperatures: 65°C - 66°C - 73°C - 70°C - 66°C - 64°C - 72°C - 71°C | Throttling: None - None - None - None - None - None - None - None
1365 (1500833 Gflops/s) - 1361 (1496435 Gflops/s) - 1363 (1498634 Gflops/s) - 1361 (1496435 Gflops/s) - 1370 (1506330 Gflops/s) - 1384 (1521724 Gflops/s) - 1348 (1482141 Gflops/s) - 1352 (1486539 Gflops/s) | Temperatures: 65°C - 66°C - 73°C - 70°C - 66°C - 65°C - 72°C - 71°C | Throttling: None - None - None - None - None - None - None - None
1363 (1498634 Gflops/s) - 1358 (1493136 Gflops/s) - 1353 (1487639 Gflops/s) - 1359 (1494236 Gflops/s) - 1368 (1504131 Gflops/s) - 1384 (1521724 Gflops/s) - 1347 (1481042 Gflops/s) - 1351 (1485440 Gflops/s) | Temperatures: 65°C - 66°C - 73°C - 70°C - 66°C - 65°C - 72°C - 71°C | Throttling: None - None - None - None - None - None - None - None
1366 (1501932 Gflops/s) - 1362 (1497534 Gflops/s) - 1354 (1488738 Gflops/s) - 1360 (1495335 Gflops/s) - 1369 (1505231 Gflops/s) - 1383 (1520624 Gflops/s) - 1349 (1483241 Gflops/s) - 1354 (1488738 Gflops/s) | Temperatures: 65°C - 66°C - 73°C - 70°C - 66°C - 65°C - 72°C - 71°C | Throttling: None - None - None - None - None - None - None - None
1365 (1500833 Gflops/s) - 1361 (1496435 Gflops/s) - 1350 (1484340 Gflops/s) - 1360 (1495335 Gflops/s) - 1369 (1505231 Gflops/s) - 1385 (1522823 Gflops/s) - 1347 (1481042 Gflops/s) - 1350 (1484340 Gflops/s) | Temperatures: 66°C - 66°C - 73°C - 70°C - 66°C - 65°C - 72°C - 71°C | Throttling: None - None - None - None - None - None - None - None
1364 (1499733 Gflops/s) - 1360 (1495335 Gflops/s) - 1348 (1482141 Gflops/s) - 1359 (1494236 Gflops/s) - 1367 (1503032 Gflops/s) - 1384 (1521724 Gflops/s) - 1348 (1482141 Gflops/s) - 1350 (1484340 Gflops/s) | Temperatures: 65°C - 66°C - 73°C - 71°C - 66°C - 65°C - 72°C - 71°C | Throttling: None - None - None - None - None - None - None - None
1364 (1499733 Gflops/s) - 1361 (1496435 Gflops/s) - 1349 (1483241 Gflops/s) - 1360 (1495335 Gflops/s) - 1368 (1504131 Gflops/s) - 1384 (1521724 Gflops/s) - 1346 (1479942 Gflops/s) - 1353 (1487639 Gflops/s) | Temperatures: 66°C - 66°C - 73°C - 71°C - 66°C - 65°C - 72°C - 71°C | Throttling: None - None - None - None - None - None - None - None
1365 (1500833 Gflops/s) - 1360 (1495335 Gflops/s) - 1348 (1482141 Gflops/s) - 1360 (1495335 Gflops/s) - 1368 (1504131 Gflops/s) - 1382 (1519525 Gflops/s) - 1347 (1481042 Gflops/s) - 1352 (1486539 Gflops/s) | Temperatures: 66°C - 66°C - 73°C - 71°C - 66°C - 65°C - 72°C - 71°C | Throttling: None - None - None - None - None - None - None - None
1363 (1498634 Gflops/s) - 1360 (1495335 Gflops/s) - 1347 (1481042 Gflops/s) - 1358 (1493136 Gflops/s) - 1366 (1501932 Gflops/s) - 1381 (1518425 Gflops/s) - 1345 (1478843 Gflops/s) - 1348 (1482141 Gflops/s) | Temperatures: 66°C - 66°C - 73°C - 71°C - 66°C - 65°C - 72°C - 71°C | Throttling: None - None - None - None - None - None - None - None
1365 (1500833 Gflops/s) - 1361 (1496435 Gflops/s) - 1347 (1481042 Gflops/s) - 1359 (1494236 Gflops/s) - 1368 (1504131 Gflops/s) - 1384 (1521724 Gflops/s) - 1346 (1479942 Gflops/s) - 1349 (1483241 Gflops/s) | Temperatures: 66°C - 66°C - 73°C - 71°C - 66°C - 65°C - 72°C - 71°C | Throttling: None - None - None - None - None - None - None - None
1365 (1500833 Gflops/s) - 1360 (1495335 Gflops/s) - 1347 (1481042 Gflops/s) - 1359 (1494236 Gflops/s) - 1367 (1503032 Gflops/s) - 1383 (1520624 Gflops/s) - 1348 (1482141 Gflops/s) - 1351 (1485440 Gflops/s) | Temperatures: 66°C - 66°C - 74°C - 71°C - 66°C - 65°C - 72°C - 71°C | Throttling: None - None - None - None - None - None - None - None
1362 (1497534 Gflops/s) - 1359 (1494236 Gflops/s) - 1348 (1482141 Gflops/s) - 1358 (1493136 Gflops/s) - 1366 (1501932 Gflops/s) - 1392 (1530520 Gflops/s) - 1343 (1476644 Gflops/s) - 1348 (1482141 Gflops/s) | Temperatures: 66°C - 66°C - 74°C - 71°C - 66°C - 65°C - 72°C - 71°C | Throttling: None - None - None - None - None - None - None - None
1364 (1499733 Gflops/s) - 1360 (1495335 Gflops/s) - 1347 (1481042 Gflops/s) - 1360 (1495335 Gflops/s) - 1368 (1504131 Gflops/s) - 1383 (1520624 Gflops/s) - 1344 (1477743 Gflops/s) - 1350 (1484340 Gflops/s) | Temperatures: 66°C - 66°C - 74°C - 71°C - 67°C - 65°C - 72°C - 71°C | Throttling: None - None - None - None - None - None - None - None
1364 (1499733 Gflops/s) - 1360 (1495335 Gflops/s) - 1347 (1481042 Gflops/s) - 1359 (1494236 Gflops/s) - 1368 (1504131 Gflops/s) - 1381 (1518425 Gflops/s) - 1344 (1477743 Gflops/s) - 1349 (1483241 Gflops/s) | Temperatures: 66°C - 66°C - 74°C - 71°C - 66°C - 65°C - 73°C - 71°C | Throttling: None - None - None - None - None - None - None - None
1364 (1499733 Gflops/s) - 1360 (1495335 Gflops/s) - 1346 (1479942 Gflops/s) - 1358 (1493136 Gflops/s) - 1369 (1505231 Gflops/s) - 1381 (1518425 Gflops/s) - 1345 (1478843 Gflops/s) - 1351 (1485440 Gflops/s) | Temperatures: 66°C - 66°C - 74°C - 71°C - 67°C - 65°C - 72°C - 71°C | Throttling: None - None - None - None - None - None - None - None
1365 (1500833 Gflops/s) - 1362 (1497534 Gflops/s) - 1346 (1479942 Gflops/s) - 1358 (1493136 Gflops/s) - 1368 (1504131 Gflops/s) - 1383 (1520624 Gflops/s) - 1345 (1478843 Gflops/s) - 1348 (1482141 Gflops/s) | Temperatures: 66°C - 67°C - 74°C - 71°C - 67°C - 65°C - 73°C - 71°C | Throttling: None - None - None - None - None - None - None - None
1362 (1497534 Gflops/s) - 1360 (1495335 Gflops/s) - 1345 (1478843 Gflops/s) - 1358 (1493136 Gflops/s) - 1366 (1501932 Gflops/s) - 1380 (1517326 Gflops/s) - 1342 (1475544 Gflops/s) - 1348 (1482141 Gflops/s) | Temperatures: 66°C - 66°C - 74°C - 71°C - 67°C - 65°C - 73°C - 71°C | Throttling: None - None - None - None - None - None - None - None
1364 (1499733 Gflops/s) - 1361 (1496435 Gflops/s) - 1346 (1479942 Gflops/s) - 1358 (1493136 Gflops/s) - 1368 (1504131 Gflops/s) - 1381 (1518425 Gflops/s) - 1345 (1478843 Gflops/s) - 1349 (1483241 Gflops/s) | Temperatures: 66°C - 66°C - 74°C - 71°C - 67°C - 65°C - 73°C - 71°C | Throttling: None - None - None - None - None - None - None - None
1367 (1503032 Gflops/s) - 1359 (1494236 Gflops/s) - 1347 (1481042 Gflops/s) - 1358 (1493136 Gflops/s) - 1367 (1503032 Gflops/s) - 1379 (1516226 Gflops/s) - 1343 (1476644 Gflops/s) - 1348 (1482141 Gflops/s) | Temperatures: 66°C - 67°C - 74°C - 71°C - 67°C - 65°C - 73°C - 71°C | Throttling: None - None - None - None - None - None - None - None
1370 (1506330 Gflops/s) - 1359 (1494236 Gflops/s) - 1343 (1476644 Gflops/s) - 1358 (1493136 Gflops/s) - 1368 (1504131 Gflops/s) - 1381 (1518425 Gflops/s) - 1342 (1475544 Gflops/s) - 1347 (1481042 Gflops/s) | Temperatures: 66°C - 67°C - 74°C - 71°C - 67°C - 65°C - 73°C - 71°C | Throttling: None - None - None - None - None - None - None - None
1370 (1506330 Gflops/s) - 1359 (1494236 Gflops/s) - 1347 (1481042 Gflops/s) - 1358 (1493136 Gflops/s) - 1369 (1505231 Gflops/s) - 1383 (1520624 Gflops/s) - 1343 (1476644 Gflops/s) - 1350 (1484340 Gflops/s) | Temperatures: 66°C - 67°C - 74°C - 71°C - 67°C - 65°C - 73°C - 72°C | Throttling: None - None - None - None - None - None - None - None
1369 (1505231 Gflops/s) - 1360 (1495335 Gflops/s) - 1346 (1479942 Gflops/s) - 1358 (1493136 Gflops/s) - 1368 (1504131 Gflops/s) - 1381 (1518425 Gflops/s) - 1345 (1478843 Gflops/s) - 1348 (1482141 Gflops/s) | Temperatures: 66°C - 67°C - 74°C - 71°C - 67°C - 65°C - 73°C - 72°C | Throttling: None - None - None - None - None - None - None - None
1370 (1506330 Gflops/s) - 1359 (1494236 Gflops/s) - 1345 (1478843 Gflops/s) - 1358 (1493136 Gflops/s) - 1368 (1504131 Gflops/s) - 1380 (1517326 Gflops/s) - 1343 (1476644 Gflops/s) - 1348 (1482141 Gflops/s) | Temperatures: 66°C - 67°C - 74°C - 71°C - 67°C - 65°C - 73°C - 72°C | Throttling: None - None - None - None - None - None - None - None
1371 (1507430 Gflops/s) - 1359 (1494236 Gflops/s) - 1345 (1478843 Gflops/s) - 1359 (1494236 Gflops/s) - 1367 (1503032 Gflops/s) - 1381 (1518425 Gflops/s) - 1343 (1476644 Gflops/s) - 1351 (1485440 Gflops/s) | Temperatures: 66°C - 67°C - 74°C - 71°C - 67°C - 65°C - 73°C - 72°C | Throttling: None - None - None - None - None - None - None - None
1369 (1505231 Gflops/s) - 1358 (1493136 Gflops/s) - 1344 (1477743 Gflops/s) - 1356 (1490937 Gflops/s) - 1367 (1503032 Gflops/s) - 1380 (1517326 Gflops/s) - 1341 (1474445 Gflops/s) - 1347 (1481042 Gflops/s) | Temperatures: 66°C - 67°C - 74°C - 71°C - 67°C - 65°C - 73°C - 72°C | Throttling: None - None - None - None - None - None - None - None
1370 (1506330 Gflops/s) - 1360 (1495335 Gflops/s) - 1345 (1478843 Gflops/s) - 1359 (1494236 Gflops/s) - 1368 (1504131 Gflops/s) - 1382 (1519525 Gflops/s) - 1344 (1477743 Gflops/s) - 1348 (1482141 Gflops/s) | Temperatures: 66°C - 67°C - 74°C - 71°C - 67°C - 65°C - 73°C - 72°C | Throttling: None - None - None - None - None - None - None - None
1371 (1507430 Gflops/s) - 1358 (1493136 Gflops/s) - 1345 (1478843 Gflops/s) - 1358 (1493136 Gflops/s) - 1367 (1503032 Gflops/s) - 1380 (1517326 Gflops/s) - 1343 (1476644 Gflops/s) - 1349 (1483241 Gflops/s) | Temperatures: 66°C - 67°C - 74°C - 71°C - 67°C - 65°C - 73°C - 72°C | Throttling: None - None - None - None - None - None - None - None
1370 (1506330 Gflops/s) - 1360 (1495335 Gflops/s) - 1344 (1477743 Gflops/s) - 1358 (1493136 Gflops/s) - 1367 (1503032 Gflops/s) - 1379 (1516226 Gflops/s) - 1343 (1476644 Gflops/s) - 1347 (1481042 Gflops/s) | Temperatures: 66°C - 67°C - 74°C - 71°C - 67°C - 65°C - 73°C - 72°C | Throttling: None - None - None - None - None - None - None - None
1370 (1506330 Gflops/s) - 1359 (1494236 Gflops/s) - 1345 (1478843 Gflops/s) - 1358 (1493136 Gflops/s) - 1366 (1501932 Gflops/s) - 1380 (1517326 Gflops/s) - 1341 (1474445 Gflops/s) - 1347 (1481042 Gflops/s) | Temperatures: 66°C - 67°C - 74°C - 71°C - 67°C - 65°C - 73°C - 72°C | Throttling: None - None - None - None - None - None - None - None
1370 (1506330 Gflops/s) - 1365 (1500833 Gflops/s) - 1345 (1478843 Gflops/s) - 1358 (1493136 Gflops/s) - 1366 (1501932 Gflops/s) - 1382 (1519525 Gflops/s) - 1342 (1475544 Gflops/s) - 1348 (1482141 Gflops/s) | Temperatures: 66°C - 67°C - 74°C - 71°C - 67°C - 65°C - 73°C - 72°C | Throttling: None - None - None - None - None - None - None - None
1370 (1506330 Gflops/s) - 1362 (1497534 Gflops/s) - 1352 (1486539 Gflops/s) - 1359 (1494236 Gflops/s) - 1368 (1504131 Gflops/s) - 1380 (1517326 Gflops/s) - 1342 (1475544 Gflops/s) - 1349 (1483241 Gflops/s) | Temperatures: 66°C - 67°C - 74°C - 71°C - 67°C - 65°C - 73°C - 72°C | Throttling: None - None - None - None - None - None - None - None
1371 (1507430 Gflops/s) - 1362 (1497534 Gflops/s) - 1358 (1493136 Gflops/s) - 1357 (1492037 Gflops/s) - 1368 (1504131 Gflops/s) - 1381 (1518425 Gflops/s) - 1342 (1475544 Gflops/s) - 1349 (1483241 Gflops/s) | Temperatures: 66°C - 67°C - 74°C - 71°C - 67°C - 65°C - 73°C - 72°C | Throttling: None - None - None - None - None - None - None - None
1368 (1504131 Gflops/s) - 1358 (1493136 Gflops/s) - 1362 (1497534 Gflops/s) - 1356 (1490937 Gflops/s) - 1366 (1501932 Gflops/s) - 1378 (1515127 Gflops/s) - 1341 (1474445 Gflops/s) - 1347 (1481042 Gflops/s) | Temperatures: 66°C - 67°C - 74°C - 71°C - 67°C - 65°C - 73°C - 72°C | Throttling: None - None - None - None - None - None - None - None
1370 (1506330 Gflops/s) - 1361 (1496435 Gflops/s) - 1364 (1499733 Gflops/s) - 1359 (1494236 Gflops/s) - 1366 (1501932 Gflops/s) - 1382 (1519525 Gflops/s) - 1344 (1477743 Gflops/s) - 1347 (1481042 Gflops/s) | Temperatures: 66°C - 67°C - 74°C - 71°C - 67°C - 65°C - 73°C - 72°C | Throttling: None - None - None - None - None - None - None - None
1370 (1506330 Gflops/s) - 1360 (1495335 Gflops/s) - 1363 (1498634 Gflops/s) - 1358 (1493136 Gflops/s) - 1367 (1503032 Gflops/s) - 1382 (1519525 Gflops/s) - 1344 (1477743 Gflops/s) - 1348 (1482141 Gflops/s) | Temperatures: 66°C - 67°C - 74°C - 71°C - 67°C - 65°C - 73°C - 72°C | Throttling: None - None - None - None - None - None - None - None
1371 (1507430 Gflops/s) - 1359 (1494236 Gflops/s) - 1364 (1499733 Gflops/s) - 1355 (1489838 Gflops/s) - 1367 (1503032 Gflops/s) - 1380 (1517326 Gflops/s) - 1344 (1477743 Gflops/s) - 1348 (1482141 Gflops/s) | Temperatures: 66°C - 67°C - 74°C - 71°C - 67°C - 65°C - 73°C - 72°C | Throttling: None - None - None - None - None - None - None - None
1369 (1505231 Gflops/s) - 1362 (1497534 Gflops/s) - 1361 (1496435 Gflops/s) - 1357 (1492037 Gflops/s) - 1366 (1501932 Gflops/s) - 1378 (1515127 Gflops/s) - 1341 (1474445 Gflops/s) - 1346 (1479942 Gflops/s) | Temperatures: 66°C - 67°C - 74°C - 71°C - 67°C - 65°C - 73°C - 72°C | Throttling: None - None - None - None - None - None - None - None
1370 (1506330 Gflops/s) - 1360 (1495335 Gflops/s) - 1364 (1499733 Gflops/s) - 1358 (1493136 Gflops/s) - 1367 (1503032 Gflops/s) - 1382 (1519525 Gflops/s) - 1343 (1476644 Gflops/s) - 1347 (1481042 Gflops/s) | Temperatures: 66°C - 67°C - 74°C - 71°C - 67°C - 65°C - 73°C - 72°C | Throttling: None - None - None - None - None - None - None - None
1370 (1506330 Gflops/s) - 1359 (1494236 Gflops/s) - 1364 (1499733 Gflops/s) - 1357 (1492037 Gflops/s) - 1367 (1503032 Gflops/s) - 1382 (1519525 Gflops/s) - 1344 (1477743 Gflops/s) - 1349 (1483241 Gflops/s) | Temperatures: 66°C - 67°C - 74°C - 71°C - 67°C - 65°C - 73°C - 72°C | Throttling: None - None - None - None - None - None - None - None
1370 (1506330 Gflops/s) - 1360 (1495335 Gflops/s) - 1364 (1499733 Gflops/s) - 1359 (1494236 Gflops/s) - 1366 (1501932 Gflops/s) - 1381 (1518425 Gflops/s) - 1343 (1476644 Gflops/s) - 1347 (1481042 Gflops/s) | Temperatures: 66°C - 67°C - 74°C - 71°C - 67°C - 65°C - 73°C - 72°C | Throttling: None - None - None - None - None - None - None - None
1371 (1507430 Gflops/s) - 1361 (1496435 Gflops/s) - 1364 (1499733 Gflops/s) - 1356 (1490937 Gflops/s) - 1369 (1505231 Gflops/s) - 1380 (1517326 Gflops/s) - 1342 (1475544 Gflops/s) - 1348 (1482141 Gflops/s) | Temperatures: 66°C - 67°C - 74°C - 71°C - 67°C - 65°C - 73°C - 72°C | Throttling: None - None - None - None - None - None - None - None
1368 (1504131 Gflops/s) - 1359 (1494236 Gflops/s) - 1361 (1496435 Gflops/s) - 1356 (1490937 Gflops/s) - 1364 (1499733 Gflops/s) - 1378 (1515127 Gflops/s) - 1340 (1473345 Gflops/s) - 1347 (1481042 Gflops/s) | Temperatures: 66°C - 67°C - 74°C - 72°C - 67°C - 65°C - 73°C - 72°C | Throttling: None - None - None - None - None - None - None - None
1369 (1505231 Gflops/s) - 1359 (1494236 Gflops/s) - 1363 (1498634 Gflops/s) - 1358 (1493136 Gflops/s) - 1368 (1504131 Gflops/s) - 1380 (1517326 Gflops/s) - 1341 (1474445 Gflops/s) - 1347 (1481042 Gflops/s) | Temperatures: 66°C - 67°C - 74°C - 72°C - 67°C - 65°C - 73°C - 72°C | Throttling: None - None - None - None - None - None - None - None
1371 (1507430 Gflops/s) - 1359 (1494236 Gflops/s) - 1364 (1499733 Gflops/s) - 1358 (1493136 Gflops/s) - 1367 (1503032 Gflops/s) - 1381 (1518425 Gflops/s) - 1343 (1476644 Gflops/s) - 1348 (1482141 Gflops/s) | Temperatures: 66°C - 67°C - 74°C - 72°C - 67°C - 65°C - 73°C - 72°C | Throttling: None - None - None - None - None - None - None - None
1368 (1504131 Gflops/s) - 1358 (1493136 Gflops/s) - 1361 (1496435 Gflops/s) - 1357 (1492037 Gflops/s) - 1366 (1501932 Gflops/s) - 1380 (1517326 Gflops/s) - 1339 (1472246 Gflops/s) - 1346 (1479942 Gflops/s) | Temperatures: 66°C - 67°C - 74°C - 71°C - 67°C - 65°C - 73°C - 72°C | Throttling: None - None - None - None - None - None - None - None
1370 (1506330 Gflops/s) - 1360 (1495335 Gflops/s) - 1364 (1499733 Gflops/s) - 1357 (1492037 Gflops/s) - 1367 (1503032 Gflops/s) - 1380 (1517326 Gflops/s) - 1341 (1474445 Gflops/s) - 1348 (1482141 Gflops/s) | Temperatures: 66°C - 67°C - 74°C - 72°C - 67°C - 65°C - 73°C - 72°C | Throttling: None - None - None - None - None - None - None - None
1371 (1507430 Gflops/s) - 1359 (1494236 Gflops/s) - 1364 (1499733 Gflops/s) - 1357 (1492037 Gflops/s) - 1367 (1503032 Gflops/s) - 1380 (1517326 Gflops/s) - 1342 (1475544 Gflops/s) - 1348 (1482141 Gflops/s) | Temperatures: 66°C - 67°C - 74°C - 72°C - 67°C - 65°C - 73°C - 72°C | Throttling: None - None - None - None - None - None - None - None
1369 (1505231 Gflops/s) - 1359 (1494236 Gflops/s) - 1364 (1499733 Gflops/s) - 1359 (1494236 Gflops/s) - 1367 (1503032 Gflops/s) - 1381 (1518425 Gflops/s) - 1341 (1474445 Gflops/s) - 1346 (1479942 Gflops/s) | Temperatures: 66°C - 67°C - 74°C - 72°C - 67°C - 65°C - 73°C - 72°C | Throttling: None - None - None - None - None - None - None - None
1371 (1507430 Gflops/s) - 1361 (1496435 Gflops/s) - 1363 (1498634 Gflops/s) - 1359 (1494236 Gflops/s) - 1367 (1503032 Gflops/s) - 1381 (1518425 Gflops/s) - 1342 (1475544 Gflops/s) - 1346 (1479942 Gflops/s) | Temperatures: 66°C - 67°C - 74°C - 72°C - 67°C - 65°C - 73°C - 72°C | Throttling: None - None - None - None - None - None - None - None
1368 (1504131 Gflops/s) - 1358 (1493136 Gflops/s) - 1362 (1497534 Gflops/s) - 1356 (1490937 Gflops/s) - 1366 (1501932 Gflops/s) - 1378 (1515127 Gflops/s) - 1339 (1472246 Gflops/s) - 1347 (1481042 Gflops/s) | Temperatures: 66°C - 67°C - 74°C - 72°C - 67°C - 65°C - 73°C - 72°C | Throttling: None - None - None - None - None - None - None - None
1369 (1505231 Gflops/s) - 1359 (1494236 Gflops/s) - 1364 (1499733 Gflops/s) - 1356 (1490937 Gflops/s) - 1366 (1501932 Gflops/s) - 1379 (1516226 Gflops/s) - 1342 (1475544 Gflops/s) - 1347 (1481042 Gflops/s) | Temperatures: 66°C - 67°C - 74°C - 72°C - 67°C - 65°C - 73°C - 72°C | Throttling: None - None - None - None - None - None - None - None
1369 (1505231 Gflops/s) - 1360 (1495335 Gflops/s) - 1365 (1500833 Gflops/s) - 1357 (1492037 Gflops/s) - 1367 (1503032 Gflops/s) - 1382 (1519525 Gflops/s) - 1341 (1474445 Gflops/s) - 1347 (1481042 Gflops/s) | Temperatures: 66°C - 67°C - 74°C - 72°C - 67°C - 65°C - 73°C - 72°C | Throttling: None - None - None - None - None - None - None - None
1369 (1505231 Gflops/s) - 1360 (1495335 Gflops/s) - 1363 (1498634 Gflops/s) - 1357 (1492037 Gflops/s) - 1365 (1500833 Gflops/s) - 1379 (1516226 Gflops/s) - 1342 (1475544 Gflops/s) - 1349 (1483241 Gflops/s) | Temperatures: 66°C - 67°C - 74°C - 72°C - 67°C - 65°C - 73°C - 72°C | Throttling: None - None - None - None - None - None - None - None
1369 (1505231 Gflops/s) - 1357 (1492037 Gflops/s) - 1362 (1497534 Gflops/s) - 1357 (1492037 Gflops/s) - 1366 (1501932 Gflops/s) - 1377 (1514027 Gflops/s) - 1341 (1474445 Gflops/s) - 1346 (1479942 Gflops/s) | Temperatures: 66°C - 67°C - 75°C - 72°C - 67°C - 65°C - 73°C - 72°C | Throttling: None - None - None - None - None - None - None - None
1370 (1506330 Gflops/s) - 1359 (1494236 Gflops/s) - 1364 (1499733 Gflops/s) - 1356 (1490937 Gflops/s) - 1367 (1503032 Gflops/s) - 1381 (1518425 Gflops/s) - 1341 (1474445 Gflops/s) - 1347 (1481042 Gflops/s) | Temperatures: 66°C - 67°C - 74°C - 72°C - 67°C - 65°C - 73°C - 72°C | Throttling: None - None - None - None - None - None - None - None
1371 (1507430 Gflops/s) - 1360 (1495335 Gflops/s) - 1364 (1499733 Gflops/s) - 1359 (1494236 Gflops/s) - 1368 (1504131 Gflops/s) - 1382 (1519525 Gflops/s) - 1343 (1476644 Gflops/s) - 1349 (1483241 Gflops/s) | Temperatures: 66°C - 67°C - 75°C - 72°C - 67°C - 66°C - 73°C - 72°C | Throttling: None - None - None - None - None - None - None - None
1369 (1505231 Gflops/s) - 1357 (1492037 Gflops/s) - 1361 (1496435 Gflops/s) - 1356 (1490937 Gflops/s) - 1365 (1500833 Gflops/s) - 1381 (1518425 Gflops/s) - 1339 (1472246 Gflops/s) - 1346 (1479942 Gflops/s) | Temperatures: 66°C - 67°C - 75°C - 72°C - 67°C - 66°C - 73°C - 72°C | Throttling: None - None - None - None - None - None - None - None
1369 (1505231 Gflops/s) - 1360 (1495335 Gflops/s) - 1362 (1497534 Gflops/s) - 1356 (1490937 Gflops/s) - 1364 (1499733 Gflops/s) - 1377 (1514027 Gflops/s) - 1339 (1472246 Gflops/s) - 1347 (1481042 Gflops/s) | Temperatures: 66°C - 67°C - 74°C - 72°C - 67°C - 65°C - 73°C - 72°C | Throttling: None - None - None - None - None - None - None - None
1370 (1506330 Gflops/s) - 1357 (1492037 Gflops/s) - 1363 (1498634 Gflops/s) - 1357 (1492037 Gflops/s) - 1367 (1503032 Gflops/s) - 1380 (1517326 Gflops/s) - 1340 (1473345 Gflops/s) - 1347 (1481042 Gflops/s) | Temperatures: 66°C - 67°C - 75°C - 72°C - 67°C - 65°C - 73°C - 72°C | Throttling: None - None - None - None - None - None - None - None
1369 (1505231 Gflops/s) - 1359 (1494236 Gflops/s) - 1363 (1498634 Gflops/s) - 1358 (1493136 Gflops/s) - 1366 (1501932 Gflops/s) - 1379 (1516226 Gflops/s) - 1341 (1474445 Gflops/s) - 1348 (1482141 Gflops/s) | Temperatures: 66°C - 67°C - 75°C - 72°C - 67°C - 66°C - 73°C - 72°C | Throttling: None - None - None - None - None - None - None - None
1369 (1505231 Gflops/s) - 1360 (1495335 Gflops/s) - 1363 (1498634 Gflops/s) - 1357 (1492037 Gflops/s) - 1367 (1503032 Gflops/s) - 1381 (1518425 Gflops/s) - 1340 (1473345 Gflops/s) - 1348 (1482141 Gflops/s) | Temperatures: 66°C - 67°C - 75°C - 72°C - 67°C - 65°C - 73°C - 72°C | Throttling: None - None - None - None - None - None - None - None
1371 (1507430 Gflops/s) - 1358 (1493136 Gflops/s) - 1362 (1497534 Gflops/s) - 1357 (1492037 Gflops/s) - 1367 (1503032 Gflops/s) - 1381 (1518425 Gflops/s) - 1342 (1475544 Gflops/s) - 1347 (1481042 Gflops/s) | Temperatures: 66°C - 67°C - 75°C - 72°C - 67°C - 66°C - 73°C - 72°C | Throttling: None - None - None - None - None - None - None - None
1367 (1503032 Gflops/s) - 1356 (1490937 Gflops/s) - 1363 (1498634 Gflops/s) - 1356 (1490937 Gflops/s) - 1365 (1500833 Gflops/s) - 1378 (1515127 Gflops/s) - 1340 (1473345 Gflops/s) - 1347 (1481042 Gflops/s) | Temperatures: 66°C - 67°C - 75°C - 72°C - 67°C - 65°C - 73°C - 72°C | Throttling: None - None - None - None - None - None - None - None
1371 (1507430 Gflops/s) - 1361 (1496435 Gflops/s) - 1364 (1499733 Gflops/s) - 1358 (1493136 Gflops/s) - 1367 (1503032 Gflops/s) - 1383 (1520624 Gflops/s) - 1341 (1474445 Gflops/s) - 1349 (1483241 Gflops/s) | Temperatures: 66°C - 67°C - 74°C - 72°C - 67°C - 66°C - 73°C - 72°C | Throttling: None - None - None - None - None - None - None - None
1369 (1505231 Gflops/s) - 1358 (1493136 Gflops/s) - 1361 (1496435 Gflops/s) - 1356 (1490937 Gflops/s) - 1364 (1499733 Gflops/s) - 1379 (1516226 Gflops/s) - 1341 (1474445 Gflops/s) - 1345 (1478843 Gflops/s) | Temperatures: 66°C - 67°C - 75°C - 72°C - 67°C - 65°C - 73°C - 72°C | Throttling: None - None - None - None - None - None - None - None
1369 (1505231 Gflops/s) - 1364 (1499733 Gflops/s) - 1363 (1498634 Gflops/s) - 1356 (1490937 Gflops/s) - 1366 (1501932 Gflops/s) - 1376 (1512927 Gflops/s) - 1346 (1479942 Gflops/s) - 1347 (1481042 Gflops/s) | Temperatures: 66°C - 67°C - 75°C - 72°C - 67°C - 66°C - 73°C - 72°C | Throttling: None - None - None - None - None - None - None - None
1369 (1505231 Gflops/s) - 1359 (1494236 Gflops/s) - 1361 (1496435 Gflops/s) - 1356 (1490937 Gflops/s) - 1366 (1501932 Gflops/s) - 1379 (1516226 Gflops/s) - 1346 (1479942 Gflops/s) - 1346 (1479942 Gflops/s) | Temperatures: 67°C - 67°C - 75°C - 72°C - 67°C - 65°C - 73°C - 72°C | Throttling: None - None - None - None - None - None - None - None
1369 (1505231 Gflops/s) - 1357 (1492037 Gflops/s) - 1363 (1498634 Gflops/s) - 1357 (1492037 Gflops/s) - 1366 (1501932 Gflops/s) - 1381 (1518425 Gflops/s) - 1347 (1481042 Gflops/s) - 1348 (1482141 Gflops/s) | Temperatures: 67°C - 67°C - 75°C - 72°C - 67°C - 65°C - 74°C - 72°C | Throttling: None - None - None - None - None - None - None - None
1370 (1506330 Gflops/s) - 1361 (1496435 Gflops/s) - 1364 (1499733 Gflops/s) - 1357 (1492037 Gflops/s) - 1366 (1501932 Gflops/s) - 1381 (1518425 Gflops/s) - 1349 (1483241 Gflops/s) - 1347 (1481042 Gflops/s) | Temperatures: 67°C - 67°C - 75°C - 72°C - 67°C - 66°C - 74°C - 72°C | Throttling: None - None - None - None - None - None - None - None
1370 (1506330 Gflops/s) - 1359 (1494236 Gflops/s) - 1363 (1498634 Gflops/s) - 1355 (1489838 Gflops/s) - 1366 (1501932 Gflops/s) - 1380 (1517326 Gflops/s) - 1345 (1478843 Gflops/s) - 1347 (1481042 Gflops/s) | Temperatures: 67°C - 67°C - 75°C - 72°C - 67°C - 66°C - 73°C - 72°C | Throttling: None - None - None - None - None - None - None - None
1370 (1506330 Gflops/s) - 1359 (1494236 Gflops/s) - 1363 (1498634 Gflops/s) - 1357 (1492037 Gflops/s) - 1366 (1501932 Gflops/s) - 1380 (1517326 Gflops/s) - 1346 (1479942 Gflops/s) - 1347 (1481042 Gflops/s) | Temperatures: 67°C - 67°C - 75°C - 72°C - 67°C - 66°C - 74°C - 72°C | Throttling: None - None - None - None - None - None - None - None
1369 (1505231 Gflops/s) - 1359 (1494236 Gflops/s) - 1364 (1499733 Gflops/s) - 1356 (1490937 Gflops/s) - 1366 (1501932 Gflops/s) - 1379 (1516226 Gflops/s) - 1346 (1479942 Gflops/s) - 1348 (1482141 Gflops/s) | Temperatures: 66°C - 67°C - 75°C - 72°C - 67°C - 65°C - 74°C - 72°C | Throttling: None - None - None - None - None - None - None - None
1369 (1505231 Gflops/s) - 1358 (1493136 Gflops/s) - 1362 (1497534 Gflops/s) - 1356 (1490937 Gflops/s) - 1365 (1500833 Gflops/s) - 1380 (1517326 Gflops/s) - 1345 (1478843 Gflops/s) - 1345 (1478843 Gflops/s) | Temperatures: 66°C - 67°C - 75°C - 72°C - 67°C - 66°C - 74°C - 72°C | Throttling: None - None - None - None - None - None - None - None
1370 (1506330 Gflops/s) - 1359 (1494236 Gflops/s) - 1363 (1498634 Gflops/s) - 1355 (1489838 Gflops/s) - 1367 (1503032 Gflops/s) - 1379 (1516226 Gflops/s) - 1346 (1479942 Gflops/s) - 1347 (1481042 Gflops/s) | Temperatures: 66°C - 67°C - 75°C - 72°C - 67°C - 65°C - 74°C - 72°C | Throttling: None - None - None - None - None - None - None - None
1370 (1506330 Gflops/s) - 1364 (1499733 Gflops/s) - 1364 (1499733 Gflops/s) - 1357 (1492037 Gflops/s) - 1365 (1500833 Gflops/s) - 1381 (1518425 Gflops/s) - 1346 (1479942 Gflops/s) - 1348 (1482141 Gflops/s) | Temperatures: 66°C - 67°C - 75°C - 72°C - 67°C - 65°C - 73°C - 72°C | Throttling: None - None - None - None - None - None - None - None
1369 (1505231 Gflops/s) - 1357 (1492037 Gflops/s) - 1362 (1497534 Gflops/s) - 1356 (1490937 Gflops/s) - 1366 (1501932 Gflops/s) - 1379 (1516226 Gflops/s) - 1346 (1479942 Gflops/s) - 1346 (1479942 Gflops/s) | Temperatures: 66°C - 67°C - 75°C - 72°C - 67°C - 65°C - 73°C - 72°C | Throttling: None - None - None - None - None - None - None - None
1370 (1506330 Gflops/s) - 1359 (1494236 Gflops/s) - 1364 (1499733 Gflops/s) - 1357 (1492037 Gflops/s) - 1366 (1501932 Gflops/s) - 1380 (1517326 Gflops/s) - 1348 (1482141 Gflops/s) - 1348 (1482141 Gflops/s) | Temperatures: 66°C - 67°C - 75°C - 72°C - 67°C - 65°C - 74°C - 72°C | Throttling: None - None - None - None - None - None - None - None
1369 (1505231 Gflops/s) - 1360 (1495335 Gflops/s) - 1362 (1497534 Gflops/s) - 1357 (1492037 Gflops/s) - 1366 (1501932 Gflops/s) - 1381 (1518425 Gflops/s) - 1347 (1481042 Gflops/s) - 1347 (1481042 Gflops/s) | Temperatures: 66°C - 67°C - 75°C - 72°C - 67°C - 65°C - 73°C - 72°C | Throttling: None - None - None - None - None - None - None - None
1370 (1506330 Gflops/s) - 1359 (1494236 Gflops/s) - 1363 (1498634 Gflops/s) - 1357 (1492037 Gflops/s) - 1367 (1503032 Gflops/s) - 1378 (1515127 Gflops/s) - 1347 (1481042 Gflops/s) - 1348 (1482141 Gflops/s) | Temperatures: 66°C - 67°C - 75°C - 72°C - 67°C - 65°C - 73°C - 72°C | Throttling: None - None - None - None - None - None - None - None
1370 (1506330 Gflops/s) - 1361 (1496435 Gflops/s) - 1363 (1498634 Gflops/s) - 1356 (1490937 Gflops/s) - 1367 (1503032 Gflops/s) - 1380 (1517326 Gflops/s) - 1349 (1483241 Gflops/s) - 1348 (1482141 Gflops/s) | Temperatures: 66°C - 67°C - 75°C - 72°C - 67°C - 65°C - 73°C - 72°C | Throttling: None - None - None - None - None - None - None - None
1369 (1505231 Gflops/s) - 1358 (1493136 Gflops/s) - 1362 (1497534 Gflops/s) - 1355 (1489838 Gflops/s) - 1366 (1501932 Gflops/s) - 1379 (1516226 Gflops/s) - 1344 (1477743 Gflops/s) - 1346 (1479942 Gflops/s) | Temperatures: 66°C - 67°C - 75°C - 72°C - 67°C - 65°C - 73°C - 72°C | Throttling: None - None - None - None - None - None - None - None
1370 (1506330 Gflops/s) - 1359 (1494236 Gflops/s) - 1362 (1497534 Gflops/s) - 1356 (1490937 Gflops/s) - 1367 (1503032 Gflops/s) - 1381 (1518425 Gflops/s) - 1347 (1481042 Gflops/s) - 1348 (1482141 Gflops/s) | Temperatures: 66°C - 67°C - 74°C - 72°C - 67°C - 65°C - 73°C - 72°C | Throttling: None - None - None - None - None - None - None - None
1370 (1506330 Gflops/s) - 1363 (1498634 Gflops/s) - 1363 (1498634 Gflops/s) - 1357 (1492037 Gflops/s) - 1366 (1501932 Gflops/s) - 1379 (1516226 Gflops/s) - 1347 (1481042 Gflops/s) - 1347 (1481042 Gflops/s) | Temperatures: 66°C - 67°C - 74°C - 72°C - 67°C - 65°C - 73°C - 72°C | Throttling: None - None - None - None - None - None - None - None
1368 (1504131 Gflops/s) - 1364 (1499733 Gflops/s) - 1361 (1496435 Gflops/s) - 1356 (1490937 Gflops/s) - 1364 (1499733 Gflops/s) - 1380 (1517326 Gflops/s) - 1347 (1481042 Gflops/s) - 1346 (1479942 Gflops/s) | Temperatures: 66°C - 67°C - 74°C - 72°C - 67°C - 65°C - 73°C - 72°C | Throttling: None - None - None - None - None - None - None - None
1370 (1506330 Gflops/s) - 1360 (1495335 Gflops/s) - 1363 (1498634 Gflops/s) - 1356 (1490937 Gflops/s) - 1368 (1504131 Gflops/s) - 1381 (1518425 Gflops/s) - 1347 (1481042 Gflops/s) - 1348 (1482141 Gflops/s) | Temperatures: 66°C - 67°C - 74°C - 72°C - 67°C - 65°C - 73°C - 72°C | Throttling: None - None - None - None - None - None - None - None
1370 (1506330 Gflops/s) - 1359 (1494236 Gflops/s) - 1362 (1497534 Gflops/s) - 1358 (1493136 Gflops/s) - 1366 (1501932 Gflops/s) - 1379 (1516226 Gflops/s) - 1348 (1482141 Gflops/s) - 1347 (1481042 Gflops/s) | Temperatures: 66°C - 67°C - 74°C - 72°C - 67°C - 65°C - 73°C - 72°C | Throttling: None - None - None - None - None - None - None - None
1371 (1507430 Gflops/s) - 1359 (1494236 Gflops/s) - 1364 (1499733 Gflops/s) - 1357 (1492037 Gflops/s) - 1368 (1504131 Gflops/s) - 1381 (1518425 Gflops/s) - 1347 (1481042 Gflops/s) - 1348 (1482141 Gflops/s) | Temperatures: 66°C - 67°C - 74°C - 72°C - 67°C - 65°C - 73°C - 72°C | Throttling: None - None - None - None - None - None - None - None
1370 (1506330 Gflops/s) - 1360 (1495335 Gflops/s) - 1363 (1498634 Gflops/s) - 1357 (1492037 Gflops/s) - 1367 (1503032 Gflops/s) - 1381 (1518425 Gflops/s) - 1348 (1482141 Gflops/s) - 1347 (1481042 Gflops/s) | Temperatures: 66°C - 67°C - 74°C - 72°C - 67°C - 65°C - 73°C - 72°C | Throttling: None - None - None - None - None - None - None - None
1369 (1505231 Gflops/s) - 1357 (1492037 Gflops/s) - 1362 (1497534 Gflops/s) - 1356 (1490937 Gflops/s) - 1365 (1500833 Gflops/s) - 1380 (1517326 Gflops/s) - 1346 (1479942 Gflops/s) - 1346 (1479942 Gflops/s) | Temperatures: 66°C - 67°C - 74°C - 72°C - 67°C - 65°C - 73°C - 72°C | Throttling: None - None - None - None - None - None - None - None
1369 (1505231 Gflops/s) - 1360 (1495335 Gflops/s) - 1364 (1499733 Gflops/s) - 1357 (1492037 Gflops/s) - 1367 (1503032 Gflops/s) - 1379 (1516226 Gflops/s) - 1347 (1481042 Gflops/s) - 1348 (1482141 Gflops/s) | Temperatures: 66°C - 67°C - 75°C - 72°C - 67°C - 65°C - 73°C - 72°C | Throttling: None - None - None - None - None - None - None - None
1370 (1506330 Gflops/s) - 1362 (1497534 Gflops/s) - 1364 (1499733 Gflops/s) - 1355 (1489838 Gflops/s) - 1367 (1503032 Gflops/s) - 1380 (1517326 Gflops/s) - 1347 (1481042 Gflops/s) - 1347 (1481042 Gflops/s) | Temperatures: 66°C - 67°C - 74°C - 72°C - 67°C - 65°C - 73°C - 72°C | Throttling: None - None - None - None - None - None - None - None
1370 (1506330 Gflops/s) - 1359 (1494236 Gflops/s) - 1363 (1498634 Gflops/s) - 1358 (1493136 Gflops/s) - 1367 (1503032 Gflops/s) - 1380 (1517326 Gflops/s) - 1347 (1481042 Gflops/s) - 1346 (1479942 Gflops/s) | Temperatures: 66°C - 67°C - 74°C - 72°C - 67°C - 65°C - 73°C - 72°C | Throttling: None - None - None - None - None - None - None - None
1369 (1505231 Gflops/s) - 1359 (1494236 Gflops/s) - 1362 (1497534 Gflops/s) - 1355 (1489838 Gflops/s) - 1366 (1501932 Gflops/s) - 1378 (1515127 Gflops/s) - 1346 (1479942 Gflops/s) - 1346 (1479942 Gflops/s) | Temperatures: 66°C - 67°C - 74°C - 72°C - 67°C - 65°C - 73°C - 72°C | Throttling: None - None - None - None - None - None - None - None
1370 (1506330 Gflops/s) - 1364 (1499733 Gflops/s) - 1363 (1498634 Gflops/s) - 1355 (1489838 Gflops/s) - 1367 (1503032 Gflops/s) - 1378 (1515127 Gflops/s) - 1347 (1481042 Gflops/s) - 1347 (1481042 Gflops/s) | Temperatures: 66°C - 67°C - 74°C - 72°C - 67°C - 65°C - 73°C - 72°C | Throttling: None - None - None - None - None - None - None - None
1370 (1506330 Gflops/s) - 1362 (1497534 Gflops/s) - 1364 (1499733 Gflops/s) - 1357 (1492037 Gflops/s) - 1367 (1503032 Gflops/s) - 1381 (1518425 Gflops/s) - 1346 (1479942 Gflops/s) - 1347 (1481042 Gflops/s) | Temperatures: 66°C - 67°C - 74°C - 72°C - 67°C - 65°C - 73°C - 72°C | Throttling: None - None - None - None - None - None - None - None
1369 (1505231 Gflops/s) - 1359 (1494236 Gflops/s) - 1364 (1499733 Gflops/s) - 1357 (1492037 Gflops/s) - 1368 (1504131 Gflops/s) - 1379 (1516226 Gflops/s) - 1346 (1479942 Gflops/s) - 1347 (1481042 Gflops/s) | Temperatures: 66°C - 67°C - 74°C - 72°C - 67°C - 65°C - 73°C - 72°C | Throttling: None - None - None - None - None - None - None - None
1368 (1504131 Gflops/s) - 1358 (1493136 Gflops/s) - 1362 (1497534 Gflops/s) - 1355 (1489838 Gflops/s) - 1365 (1500833 Gflops/s) - 1379 (1516226 Gflops/s) - 1346 (1479942 Gflops/s) - 1346 (1479942 Gflops/s) | Temperatures: 66°C - 67°C - 74°C - 72°C - 67°C - 65°C - 73°C - 72°C | Throttling: None - None - None - None - None - None - None - None
1370 (1506330 Gflops/s) - 1360 (1495335 Gflops/s) - 1363 (1498634 Gflops/s) - 1358 (1493136 Gflops/s) - 1367 (1503032 Gflops/s) - 1382 (1519525 Gflops/s) - 1347 (1481042 Gflops/s) - 1348 (1482141 Gflops/s) | Temperatures: 66°C - 67°C - 74°C - 72°C - 67°C - 65°C - 73°C - 72°C | Throttling: None - None - None - None - None - None - None - None
1370 (1506330 Gflops/s) - 1359 (1494236 Gflops/s) - 1363 (1498634 Gflops/s) - 1357 (1492037 Gflops/s) - 1367 (1503032 Gflops/s) - 1379 (1516226 Gflops/s) - 1349 (1483241 Gflops/s) - 1347 (1481042 Gflops/s) | Temperatures: 66°C - 67°C - 74°C - 72°C - 67°C - 65°C - 73°C - 72°C | Throttling: None - None - None - None - None - None - None - None
1369 (1505231 Gflops/s) - 1360 (1495335 Gflops/s) - 1363 (1498634 Gflops/s) - 1357 (1492037 Gflops/s) - 1366 (1501932 Gflops/s) - 1381 (1518425 Gflops/s) - 1347 (1481042 Gflops/s) - 1347 (1481042 Gflops/s) | Temperatures: 66°C - 67°C - 74°C - 72°C - 67°C - 65°C - 73°C - 72°C | Throttling: None - None - None - None - None - None - None - None
1368 (1504131 Gflops/s) - 1358 (1493136 Gflops/s) - 1363 (1498634 Gflops/s) - 1355 (1489838 Gflops/s) - 1367 (1503032 Gflops/s) - 1378 (1515127 Gflops/s) - 1345 (1478843 Gflops/s) - 1346 (1479942 Gflops/s) | Temperatures: 66°C - 67°C - 74°C - 72°C - 67°C - 65°C - 73°C - 72°C | Throttling: None - None - None - None - None - None - None - None
1370 (1506330 Gflops/s) - 1359 (1494236 Gflops/s) - 1363 (1498634 Gflops/s) - 1356 (1490937 Gflops/s) - 1367 (1503032 Gflops/s) - 1381 (1518425 Gflops/s) - 1348 (1482141 Gflops/s) - 1347 (1481042 Gflops/s) | Temperatures: 66°C - 67°C - 74°C - 71°C - 67°C - 65°C - 73°C - 72°C | Throttling: None - None - None - None - None - None - None - None
1368 (1504131 Gflops/s) - 1363 (1498634 Gflops/s) - 1363 (1498634 Gflops/s) - 1358 (1493136 Gflops/s) - 1366 (1501932 Gflops/s) - 1381 (1518425 Gflops/s) - 1345 (1478843 Gflops/s) - 1347 (1481042 Gflops/s) | Temperatures: 66°C - 67°C - 74°C - 72°C - 67°C - 65°C - 73°C - 72°C | Throttling: None - None - None - None - None - None - None - None
1370 (1506330 Gflops/s) - 1363 (1498634 Gflops/s) - 1363 (1498634 Gflops/s) - 1356 (1490937 Gflops/s) - 1367 (1503032 Gflops/s) - 1381 (1518425 Gflops/s) - 1346 (1479942 Gflops/s) - 1347 (1481042 Gflops/s) | Temperatures: 66°C - 67°C - 74°C - 72°C - 67°C - 65°C - 73°C - 72°C | Throttling: None - None - None - None - None - None - None - None
1370 (1506330 Gflops/s) - 1359 (1494236 Gflops/s) - 1363 (1498634 Gflops/s) - 1357 (1492037 Gflops/s) - 1367 (1503032 Gflops/s) - 1381 (1518425 Gflops/s) - 1347 (1481042 Gflops/s) - 1347 (1481042 Gflops/s) | Temperatures: 66°C - 67°C - 74°C - 71°C - 67°C - 65°C - 73°C - 72°C | Throttling: None - None - None - None - None - None - None - None
1368 (1504131 Gflops/s) - 1358 (1493136 Gflops/s) - 1361 (1496435 Gflops/s) - 1356 (1490937 Gflops/s) - 1366 (1501932 Gflops/s) - 1377 (1514027 Gflops/s) - 1346 (1479942 Gflops/s) - 1347 (1481042 Gflops/s) | Temperatures: 66°C - 67°C - 74°C - 72°C - 67°C - 65°C - 73°C - 72°C | Throttling: None - None - None - None - None - None - None - None
1369 (1505231 Gflops/s) - 1359 (1494236 Gflops/s) - 1363 (1498634 Gflops/s) - 1356 (1490937 Gflops/s) - 1367 (1503032 Gflops/s) - 1379 (1516226 Gflops/s) - 1348 (1482141 Gflops/s) - 1348 (1482141 Gflops/s) | Temperatures: 66°C - 67°C - 74°C - 71°C - 67°C - 65°C - 73°C - 72°C | Throttling: None - None - None - None - None - None - None - None
1370 (1506330 Gflops/s) - 1359 (1494236 Gflops/s) - 1363 (1498634 Gflops/s) - 1357 (1492037 Gflops/s) - 1366 (1501932 Gflops/s) - 1381 (1518425 Gflops/s) - 1346 (1479942 Gflops/s) - 1348 (1482141 Gflops/s) | Temperatures: 66°C - 67°C - 74°C - 71°C - 67°C - 65°C - 73°C - 72°C | Throttling: None - None - None - None - None - None - None - None
1370 (1506330 Gflops/s) - 1360 (1495335 Gflops/s) - 1364 (1499733 Gflops/s) - 1356 (1490937 Gflops/s) - 1367 (1503032 Gflops/s) - 1380 (1517326 Gflops/s) - 1348 (1482141 Gflops/s) - 1348 (1482141 Gflops/s) | Temperatures: 66°C - 67°C - 74°C - 71°C - 67°C - 65°C - 73°C - 72°C | Throttling: None - None - None - None - None - None - None - None
1367 (1503032 Gflops/s) - 1358 (1493136 Gflops/s) - 1362 (1497534 Gflops/s) - 1356 (1490937 Gflops/s) - 1365 (1500833 Gflops/s) - 1378 (1515127 Gflops/s) - 1343 (1476644 Gflops/s) - 1346 (1479942 Gflops/s) | Temperatures: 66°C - 67°C - 74°C - 71°C - 67°C - 65°C - 73°C - 72°C | Throttling: None - None - None - None - None - None - None - None
1370 (1506330 Gflops/s) - 1362 (1497534 Gflops/s) - 1364 (1499733 Gflops/s) - 1355 (1489838 Gflops/s) - 1368 (1504131 Gflops/s) - 1380 (1517326 Gflops/s) - 1347 (1481042 Gflops/s) - 1348 (1482141 Gflops/s) | Temperatures: 66°C - 67°C - 74°C - 71°C - 67°C - 65°C - 73°C - 72°C | Throttling: None - None - None - None - None - None - None - None
1370 (1506330 Gflops/s) - 1361 (1496435 Gflops/s) - 1363 (1498634 Gflops/s) - 1356 (1490937 Gflops/s) - 1366 (1501932 Gflops/s) - 1381 (1518425 Gflops/s) - 1348 (1482141 Gflops/s) - 1347 (1481042 Gflops/s) | Temperatures: 66°C - 67°C - 74°C - 71°C - 67°C - 65°C - 73°C - 72°C | Throttling: None - None - None - None - None - None - None - None
1370 (1506330 Gflops/s) - 1362 (1497534 Gflops/s) - 1362 (1497534 Gflops/s) - 1356 (1490937 Gflops/s) - 1367 (1503032 Gflops/s) - 1382 (1519525 Gflops/s) - 1348 (1482141 Gflops/s) - 1349 (1483241 Gflops/s) | Temperatures: 66°C - 67°C - 74°C - 71°C - 67°C - 65°C - 73°C - 72°C | Throttling: None - None - None - None - None - None - None - None
1368 (1504131 Gflops/s) - 1359 (1494236 Gflops/s) - 1363 (1498634 Gflops/s) - 1357 (1492037 Gflops/s) - 1366 (1501932 Gflops/s) - 1379 (1516226 Gflops/s) - 1347 (1481042 Gflops/s) - 1346 (1479942 Gflops/s) | Temperatures: 66°C - 67°C - 74°C - 71°C - 67°C - 65°C - 73°C - 72°C | Throttling: None - None - None - None - None - None - None - None
1370 (1506330 Gflops/s) - 1361 (1496435 Gflops/s) - 1362 (1497534 Gflops/s) - 1357 (1492037 Gflops/s) - 1367 (1503032 Gflops/s) - 1382 (1519525 Gflops/s) - 1347 (1481042 Gflops/s) - 1347 (1481042 Gflops/s) | Temperatures: 66°C - 67°C - 74°C - 71°C - 67°C - 65°C - 73°C - 72°C | Throttling: None - None - None - None - None - None - None - None
1370 (1506330 Gflops/s) - 1360 (1495335 Gflops/s) - 1363 (1498634 Gflops/s) - 1359 (1494236 Gflops/s) - 1367 (1503032 Gflops/s) - 1380 (1517326 Gflops/s) - 1349 (1483241 Gflops/s) - 1347 (1481042 Gflops/s) | Temperatures: 66°C - 67°C - 74°C - 71°C - 67°C - 65°C - 73°C - 72°C | Throttling: None - None - None - None - None - None - None - None
1371 (1507430 Gflops/s) - 1358 (1493136 Gflops/s) - 1363 (1498634 Gflops/s) - 1356 (1490937 Gflops/s) - 1366 (1501932 Gflops/s) - 1381 (1518425 Gflops/s) - 1347 (1481042 Gflops/s) - 1348 (1482141 Gflops/s) | Temperatures: 66°C - 67°C - 74°C - 72°C - 67°C - 65°C - 73°C - 72°C | Throttling: None - None - None - None - None - None - None - None
1370 (1506330 Gflops/s) - 1364 (1499733 Gflops/s) - 1362 (1497534 Gflops/s) - 1355 (1489838 Gflops/s) - 1367 (1503032 Gflops/s) - 1378 (1515127 Gflops/s) - 1346 (1479942 Gflops/s) - 1346 (1479942 Gflops/s) | Temperatures: 66°C - 67°C - 74°C - 71°C - 67°C - 65°C - 73°C - 72°C | Throttling: None - None - None - None - None - None - None - None
1370 (1506330 Gflops/s) - 1359 (1494236 Gflops/s) - 1364 (1499733 Gflops/s) - 1359 (1494236 Gflops/s) - 1366 (1501932 Gflops/s) - 1382 (1519525 Gflops/s) - 1350 (1484340 Gflops/s) - 1348 (1482141 Gflops/s) | Temperatures: 66°C - 67°C - 74°C - 71°C - 67°C - 65°C - 73°C - 72°C | Throttling: None - None - None - None - None - None - None - None
1370 (1506330 Gflops/s) - 1359 (1494236 Gflops/s) - 1363 (1498634 Gflops/s) - 1357 (1492037 Gflops/s) - 1368 (1504131 Gflops/s) - 1379 (1516226 Gflops/s) - 1348 (1482141 Gflops/s) - 1347 (1481042 Gflops/s) | Temperatures: 66°C - 67°C - 74°C - 71°C - 67°C - 65°C - 73°C - 72°C | Throttling: None - None - None - None - None - None - None - None
1369 (1505231 Gflops/s) - 1359 (1494236 Gflops/s) - 1362 (1497534 Gflops/s) - 1355 (1489838 Gflops/s) - 1366 (1501932 Gflops/s) - 1380 (1517326 Gflops/s) - 1349 (1483241 Gflops/s) - 1347 (1481042 Gflops/s) | Temperatures: 66°C - 67°C - 74°C - 71°C - 67°C - 65°C - 73°C - 72°C | Throttling: None - None - None - None - None - None - None - None
1370 (1506330 Gflops/s) - 1359 (1494236 Gflops/s) - 1363 (1498634 Gflops/s) - 1357 (1492037 Gflops/s) - 1367 (1503032 Gflops/s) - 1380 (1517326 Gflops/s) - 1347 (1481042 Gflops/s) - 1347 (1481042 Gflops/s) | Temperatures: 66°C - 67°C - 74°C - 71°C - 67°C - 65°C - 73°C - 72°C | Throttling: None - None - None - None - None - None - None - None
1369 (1505231 Gflops/s) - 1358 (1493136 Gflops/s) - 1363 (1498634 Gflops/s) - 1360 (1495335 Gflops/s) - 1367 (1503032 Gflops/s) - 1379 (1516226 Gflops/s) - 1347 (1481042 Gflops/s) - 1348 (1482141 Gflops/s) | Temperatures: 66°C - 67°C - 74°C - 71°C - 67°C - 65°C - 73°C - 72°C | Throttling: None - None - None - None - None - None - None - None
1371 (1507430 Gflops/s) - 1360 (1495335 Gflops/s) - 1363 (1498634 Gflops/s) - 1357 (1492037 Gflops/s) - 1367 (1503032 Gflops/s) - 1379 (1516226 Gflops/s) - 1349 (1483241 Gflops/s) - 1348 (1482141 Gflops/s) | Temperatures: 66°C - 67°C - 74°C - 71°C - 67°C - 65°C - 73°C - 72°C | Throttling: None - None - None - None - None - None - None - None
1369 (1505231 Gflops/s) - 1360 (1495335 Gflops/s) - 1361 (1496435 Gflops/s) - 1357 (1492037 Gflops/s) - 1366 (1501932 Gflops/s) - 1380 (1517326 Gflops/s) - 1347 (1481042 Gflops/s) - 1347 (1481042 Gflops/s) | Temperatures: 66°C - 67°C - 74°C - 72°C - 67°C - 65°C - 73°C - 72°C | Throttling: None - None - None - None - None - None - None - None
1369 (1505231 Gflops/s) - 1359 (1494236 Gflops/s) - 1363 (1498634 Gflops/s) - 1357 (1492037 Gflops/s) - 1368 (1504131 Gflops/s) - 1379 (1516226 Gflops/s) - 1347 (1481042 Gflops/s) - 1348 (1482141 Gflops/s) | Temperatures: 66°C - 67°C - 74°C - 71°C - 67°C - 65°C - 73°C - 72°C | Throttling: None - None - None - None - None - None - None - None
1370 (1506330 Gflops/s) - 1360 (1495335 Gflops/s) - 1362 (1497534 Gflops/s) - 1358 (1493136 Gflops/s) - 1367 (1503032 Gflops/s) - 1379 (1516226 Gflops/s) - 1347 (1481042 Gflops/s) - 1348 (1482141 Gflops/s) | Temperatures: 66°C - 67°C - 74°C - 71°C - 67°C - 65°C - 73°C - 72°C | Throttling: None - None - None - None - None - None - None - None
1370 (1506330 Gflops/s) - 1363 (1498634 Gflops/s) - 1363 (1498634 Gflops/s) - 1358 (1493136 Gflops/s) - 1368 (1504131 Gflops/s) - 1380 (1517326 Gflops/s) - 1347 (1481042 Gflops/s) - 1348 (1482141 Gflops/s) | Temperatures: 66°C - 67°C - 74°C - 71°C - 67°C - 65°C - 73°C - 72°C | Throttling: None - None - None - None - None - None - None - None
1369 (1505231 Gflops/s) - 1358 (1493136 Gflops/s) - 1362 (1497534 Gflops/s) - 1357 (1492037 Gflops/s) - 1365 (1500833 Gflops/s) - 1379 (1516226 Gflops/s) - 1348 (1482141 Gflops/s) - 1347 (1481042 Gflops/s) | Temperatures: 66°C - 67°C - 74°C - 71°C - 67°C - 65°C - 73°C - 72°C | Throttling: None - None - None - None - None - None - None - None
1370 (1506330 Gflops/s) - 1363 (1498634 Gflops/s) - 1363 (1498634 Gflops/s) - 1356 (1490937 Gflops/s) - 1368 (1504131 Gflops/s) - 1379 (1516226 Gflops/s) - 1349 (1483241 Gflops/s) - 1347 (1481042 Gflops/s) | Temperatures: 66°C - 67°C - 74°C - 71°C - 67°C - 65°C - 73°C - 72°C | Throttling: None - None - None - None - None - None - None - None
1370 (1506330 Gflops/s) - 1359 (1494236 Gflops/s) - 1363 (1498634 Gflops/s) - 1357 (1492037 Gflops/s) - 1368 (1504131 Gflops/s) - 1379 (1516226 Gflops/s) - 1347 (1481042 Gflops/s) - 1348 (1482141 Gflops/s) | Temperatures: 66°C - 67°C - 74°C - 71°C - 67°C - 65°C - 73°C - 72°C | Throttling: None - None - None - None - None - None - None - None
1371 (1507430 Gflops/s) - 1360 (1495335 Gflops/s) - 1363 (1498634 Gflops/s) - 1359 (1494236 Gflops/s) - 1365 (1500833 Gflops/s) - 1382 (1519525 Gflops/s) - 1347 (1481042 Gflops/s) - 1348 (1482141 Gflops/s) | Temperatures: 66°C - 67°C - 74°C - 71°C - 67°C - 65°C - 73°C - 72°C | Throttling: None - None - None - None - None - None - None - None
1369 (1505231 Gflops/s) - 1359 (1494236 Gflops/s) - 1362 (1497534 Gflops/s) - 1355 (1489838 Gflops/s) - 1366 (1501932 Gflops/s) - 1379 (1516226 Gflops/s) - 1347 (1481042 Gflops/s) - 1347 (1481042 Gflops/s) | Temperatures: 66°C - 67°C - 74°C - 72°C - 67°C - 65°C - 73°C - 72°C | Throttling: None - None - None - None - None - None - None - None
1371 (1507430 Gflops/s) - 1359 (1494236 Gflops/s) - 1363 (1498634 Gflops/s) - 1358 (1493136 Gflops/s) - 1367 (1503032 Gflops/s) - 1381 (1518425 Gflops/s) - 1350 (1484340 Gflops/s) - 1349 (1483241 Gflops/s) | Temperatures: 66°C - 67°C - 74°C - 71°C - 67°C - 65°C - 73°C - 72°C | Throttling: None - None - None - None - None - None - None - None
1371 (1507430 Gflops/s) - 1360 (1495335 Gflops/s) - 1363 (1498634 Gflops/s) - 1357 (1492037 Gflops/s) - 1368 (1504131 Gflops/s) - 1381 (1518425 Gflops/s) - 1348 (1482141 Gflops/s) - 1347 (1481042 Gflops/s) | Temperatures: 66°C - 67°C - 74°C - 71°C - 67°C - 65°C - 73°C - 72°C | Throttling: None - None - None - None - None - None - None - None
1370 (1506330 Gflops/s) - 1361 (1496435 Gflops/s) - 1362 (1497534 Gflops/s) - 1357 (1492037 Gflops/s) - 1367 (1503032 Gflops/s) - 1381 (1518425 Gflops/s) - 1346 (1479942 Gflops/s) - 1349 (1483241 Gflops/s) | Temperatures: 66°C - 67°C - 74°C - 71°C - 67°C - 65°C - 73°C - 72°C | Throttling: None - None - None - None - None - None - None - None
1369 (1505231 Gflops/s) - 1359 (1494236 Gflops/s) - 1362 (1497534 Gflops/s) - 1355 (1489838 Gflops/s) - 1365 (1500833 Gflops/s) - 1380 (1517326 Gflops/s) - 1348 (1482141 Gflops/s) - 1346 (1479942 Gflops/s) | Temperatures: 66°C - 67°C - 74°C - 71°C - 67°C - 65°C - 73°C - 72°C | Throttling: None - None - None - None - None - None - None - None
1371 (1507430 Gflops/s) - 1359 (1494236 Gflops/s) - 1363 (1498634 Gflops/s) - 1357 (1492037 Gflops/s) - 1367 (1503032 Gflops/s) - 1381 (1518425 Gflops/s) - 1348 (1482141 Gflops/s) - 1348 (1482141 Gflops/s) | Temperatures: 66°C - 67°C - 74°C - 71°C - 67°C - 65°C - 73°C - 72°C | Throttling: None - None - None - None - None - None - None - None
1370 (1506330 Gflops/s) - 1360 (1495335 Gflops/s) - 1363 (1498634 Gflops/s) - 1358 (1493136 Gflops/s) - 1365 (1500833 Gflops/s) - 1380 (1517326 Gflops/s) - 1347 (1481042 Gflops/s) - 1347 (1481042 Gflops/s) | Temperatures: 66°C - 67°C - 74°C - 71°C - 67°C - 65°C - 73°C - 72°C | Throttling: None - None - None - None - None - None - None - None
1371 (1507430 Gflops/s) - 1359 (1494236 Gflops/s) - 1364 (1499733 Gflops/s) - 1359 (1494236 Gflops/s) - 1367 (1503032 Gflops/s) - 1380 (1517326 Gflops/s) - 1347 (1481042 Gflops/s) - 1349 (1483241 Gflops/s) | Temperatures: 66°C - 67°C - 74°C - 71°C - 67°C - 65°C - 73°C - 72°C | Throttling: None - None - None - None - None - None - None - None
1371 (1507430 Gflops/s) - 1360 (1495335 Gflops/s) - 1363 (1498634 Gflops/s) - 1357 (1492037 Gflops/s) - 1369 (1505231 Gflops/s) - 1381 (1518425 Gflops/s) - 1348 (1482141 Gflops/s) - 1349 (1483241 Gflops/s) | Temperatures: 66°C - 67°C - 74°C - 71°C - 67°C - 65°C - 73°C - 72°C | Throttling: None - None - None - None - None - None - None - None
1369 (1505231 Gflops/s) - 1358 (1493136 Gflops/s) - 1361 (1496435 Gflops/s) - 1356 (1490937 Gflops/s) - 1365 (1500833 Gflops/s) - 1377 (1514027 Gflops/s) - 1344 (1477743 Gflops/s) - 1348 (1482141 Gflops/s) | Temperatures: 66°C - 67°C - 74°C - 71°C - 67°C - 65°C - 73°C - 72°C | Throttling: None - None - None - None - None - None - None - None
1371 (1507430 Gflops/s) - 1361 (1496435 Gflops/s) - 1364 (1499733 Gflops/s) - 1358 (1493136 Gflops/s) - 1366 (1501932 Gflops/s) - 1379 (1516226 Gflops/s) - 1347 (1481042 Gflops/s) - 1348 (1482141 Gflops/s) | Temperatures: 66°C - 67°C - 74°C - 71°C - 67°C - 65°C - 73°C - 72°C | Throttling: None - None - None - None - None - None - None - None
1371 (1507430 Gflops/s) - 1359 (1494236 Gflops/s) - 1363 (1498634 Gflops/s) - 1358 (1493136 Gflops/s) - 1368 (1504131 Gflops/s) - 1380 (1517326 Gflops/s) - 1350 (1484340 Gflops/s) - 1349 (1483241 Gflops/s) | Temperatures: 66°C - 67°C - 74°C - 71°C - 67°C - 65°C - 73°C - 72°C | Throttling: None - None - None - None - None - None - None - None
1370 (1506330 Gflops/s) - 1359 (1494236 Gflops/s) - 1363 (1498634 Gflops/s) - 1357 (1492037 Gflops/s) - 1367 (1503032 Gflops/s) - 1383 (1520624 Gflops/s) - 1348 (1482141 Gflops/s) - 1348 (1482141 Gflops/s) | Temperatures: 66°C - 67°C - 74°C - 71°C - 67°C - 65°C - 73°C - 72°C | Throttling: None - None - None - None - None - None - None - None
1369 (1505231 Gflops/s) - 1359 (1494236 Gflops/s) - 1361 (1496435 Gflops/s) - 1357 (1492037 Gflops/s) - 1366 (1501932 Gflops/s) - 1379 (1516226 Gflops/s) - 1346 (1479942 Gflops/s) - 1346 (1479942 Gflops/s) | Temperatures: 66°C - 67°C - 74°C - 71°C - 67°C - 65°C - 73°C - 72°C | Throttling: None - None - None - None - None - None - None - None
1371 (1507430 Gflops/s) - 1360 (1495335 Gflops/s) - 1363 (1498634 Gflops/s) - 1359 (1494236 Gflops/s) - 1367 (1503032 Gflops/s) - 1377 (1514027 Gflops/s) - 1347 (1481042 Gflops/s) - 1348 (1482141 Gflops/s) | Temperatures: 66°C - 67°C - 74°C - 71°C - 67°C - 65°C - 73°C - 72°C | Throttling: None - None - None - None - None - None - None - None
1370 (1506330 Gflops/s) - 1359 (1494236 Gflops/s) - 1364 (1499733 Gflops/s) - 1357 (1492037 Gflops/s) - 1366 (1501932 Gflops/s) - 1383 (1520624 Gflops/s) - 1349 (1483241 Gflops/s) - 1348 (1482141 Gflops/s) | Temperatures: 66°C - 67°C - 74°C - 71°C - 67°C - 65°C - 73°C - 72°C | Throttling: None - None - None - None - None - None - None - None
1369 (1505231 Gflops/s) - 1359 (1494236 Gflops/s) - 1363 (1498634 Gflops/s) - 1357 (1492037 Gflops/s) - 1366 (1501932 Gflops/s) - 1381 (1518425 Gflops/s) - 1349 (1483241 Gflops/s) - 1348 (1482141 Gflops/s) | Temperatures: 66°C - 67°C - 74°C - 71°C - 67°C - 65°C - 73°C - 72°C | Throttling: None - None - None - None - None - None - None - None
1370 (1506330 Gflops/s) - 1359 (1494236 Gflops/s) - 1362 (1497534 Gflops/s) - 1355 (1489838 Gflops/s) - 1366 (1501932 Gflops/s) - 1380 (1517326 Gflops/s) - 1350 (1484340 Gflops/s) - 1347 (1481042 Gflops/s) | Temperatures: 66°C - 67°C - 74°C - 71°C - 67°C - 65°C - 73°C - 72°C | Throttling: None - None - None - None - None - None - None - None
1370 (1506330 Gflops/s) - 1359 (1494236 Gflops/s) - 1343 (1476644 Gflops/s) - 1358 (1493136 Gflops/s) - 1366 (1501932 Gflops/s) - 1379 (1516226 Gflops/s) - 1349 (1483241 Gflops/s) - 1349 (1483241 Gflops/s) | Temperatures: 66°C - 67°C - 74°C - 71°C - 67°C - 65°C - 73°C - 72°C | Throttling: None - None - None - None - None - None - None - None
1371 (1507430 Gflops/s) - 1360 (1495335 Gflops/s) - 1366 (1501932 Gflops/s) - 1359 (1494236 Gflops/s) - 1369 (1505231 Gflops/s) - 1382 (1519525 Gflops/s) - 1352 (1486539 Gflops/s) - 1349 (1483241 Gflops/s) | Temperatures: 66°C - 67°C - 74°C - 71°C - 67°C - 65°C - 73°C - 72°C | Throttling: None - None - None - None - None - None - None - None
1368 (1504131 Gflops/s) - 1360 (1495335 Gflops/s) - 1362 (1497534 Gflops/s) - 1357 (1492037 Gflops/s) - 1366 (1501932 Gflops/s) - 1381 (1518425 Gflops/s) - 1348 (1482141 Gflops/s) - 1348 (1482141 Gflops/s) | Temperatures: 66°C - 67°C - 74°C - 71°C - 67°C - 65°C - 73°C - 72°C | Throttling: None - None - None - None - None - None - None - None
1369 (1505231 Gflops/s) - 1357 (1492037 Gflops/s) - 1361 (1496435 Gflops/s) - 1358 (1493136 Gflops/s) - 1364 (1499733 Gflops/s) - 1379 (1516226 Gflops/s) - 1350 (1484340 Gflops/s) - 1347 (1481042 Gflops/s) | Temperatures: 66°C - 67°C - 74°C - 71°C - 67°C - 65°C - 73°C - 72°C | Throttling: None - None - None - None - None - None - None - None
1369 (1505231 Gflops/s) - 1359 (1494236 Gflops/s) - 1363 (1498634 Gflops/s) - 1358 (1493136 Gflops/s) - 1367 (1503032 Gflops/s) - 1381 (1518425 Gflops/s) - 1348 (1482141 Gflops/s) - 1348 (1482141 Gflops/s) | Temperatures: 66°C - 67°C - 74°C - 71°C - 67°C - 65°C - 73°C - 72°C | Throttling: None - None - None - None - None - None - None - None
1370 (1506330 Gflops/s) - 1360 (1495335 Gflops/s) - 1364 (1499733 Gflops/s) - 1358 (1493136 Gflops/s) - 1366 (1501932 Gflops/s) - 1382 (1519525 Gflops/s) - 1349 (1483241 Gflops/s) - 1347 (1481042 Gflops/s) | Temperatures: 66°C - 67°C - 74°C - 71°C - 67°C - 65°C - 73°C - 72°C | Throttling: None - None - None - None - None - None - None - None
1370 (1506330 Gflops/s) - 1359 (1494236 Gflops/s) - 1363 (1498634 Gflops/s) - 1358 (1493136 Gflops/s) - 1367 (1503032 Gflops/s) - 1381 (1518425 Gflops/s) - 1346 (1479942 Gflops/s) - 1348 (1482141 Gflops/s) | Temperatures: 66°C - 67°C - 74°C - 71°C - 67°C - 65°C - 73°C - 72°C | Throttling: None - None - None - None - None - None - None - None
1369 (1505231 Gflops/s) - 1364 (1499733 Gflops/s) - 1364 (1499733 Gflops/s) - 1358 (1493136 Gflops/s) - 1367 (1503032 Gflops/s) - 1381 (1518425 Gflops/s) - 1349 (1483241 Gflops/s) - 1348 (1482141 Gflops/s) | Temperatures: 66°C - 67°C - 74°C - 71°C - 67°C - 65°C - 73°C - 72°C | Throttling: None - None - None - None - None - None - None - None
1368 (1504131 Gflops/s) - 1361 (1496435 Gflops/s) - 1361 (1496435 Gflops/s) - 1355 (1489838 Gflops/s) - 1366 (1501932 Gflops/s) - 1378 (1515127 Gflops/s) - 1348 (1482141 Gflops/s) - 1347 (1481042 Gflops/s) | Temperatures: 66°C - 67°C - 74°C - 72°C - 67°C - 65°C - 73°C - 72°C | Throttling: None - None - None - None - None - None - None - None
1371 (1507430 Gflops/s) - 1360 (1495335 Gflops/s) - 1365 (1500833 Gflops/s) - 1358 (1493136 Gflops/s) - 1367 (1503032 Gflops/s) - 1382 (1519525 Gflops/s) - 1349 (1483241 Gflops/s) - 1349 (1483241 Gflops/s) | Temperatures: 66°C - 67°C - 74°C - 71°C - 67°C - 65°C - 73°C - 72°C | Throttling: None - None - None - None - None - None - None - None
1369 (1505231 Gflops/s) - 1359 (1494236 Gflops/s) - 1361 (1496435 Gflops/s) - 1355 (1489838 Gflops/s) - 1366 (1501932 Gflops/s) - 1380 (1517326 Gflops/s) - 1348 (1482141 Gflops/s) - 1346 (1479942 Gflops/s) | Temperatures: 66°C - 67°C - 74°C - 71°C - 67°C - 65°C - 73°C - 72°C | Throttling: None - None - None - None - None - None - None - None
1369 (1505231 Gflops/s) - 1359 (1494236 Gflops/s) - 1363 (1498634 Gflops/s) - 1357 (1492037 Gflops/s) - 1366 (1501932 Gflops/s) - 1381 (1518425 Gflops/s) - 1346 (1479942 Gflops/s) - 1348 (1482141 Gflops/s) | Temperatures: 66°C - 67°C - 74°C - 71°C - 67°C - 65°C - 73°C - 72°C | Throttling: None - None - None - None - None - None - None - None
1368 (1504131 Gflops/s) - 1358 (1493136 Gflops/s) - 1362 (1497534 Gflops/s) - 1356 (1490937 Gflops/s) - 1366 (1501932 Gflops/s) - 1379 (1516226 Gflops/s) - 1347 (1481042 Gflops/s) - 1345 (1478843 Gflops/s) | Temperatures: 66°C - 67°C - 74°C - 71°C - 67°C - 65°C - 73°C - 72°C | Throttling: None - None - None - None - None - None - None - None
1370 (1506330 Gflops/s) - 1361 (1496435 Gflops/s) - 1363 (1498634 Gflops/s) - 1356 (1490937 Gflops/s) - 1366 (1501932 Gflops/s) - 1380 (1517326 Gflops/s) - 1348 (1482141 Gflops/s) - 1347 (1481042 Gflops/s) | Temperatures: 66°C - 67°C - 74°C - 71°C - 67°C - 65°C - 73°C - 72°C | Throttling: None - None - None - None - None - None - None - None
1369 (1505231 Gflops/s) - 1359 (1494236 Gflops/s) - 1363 (1498634 Gflops/s) - 1358 (1493136 Gflops/s) - 1367 (1503032 Gflops/s) - 1381 (1518425 Gflops/s) - 1346 (1479942 Gflops/s) - 1348 (1482141 Gflops/s) | Temperatures: 66°C - 67°C - 74°C - 71°C - 67°C - 65°C - 73°C - 72°C | Throttling: None - None - None - None - None - None - None - None
1369 (1505231 Gflops/s) - 1360 (1495335 Gflops/s) - 1363 (1498634 Gflops/s) - 1358 (1493136 Gflops/s) - 1367 (1503032 Gflops/s) - 1378 (1515127 Gflops/s) - 1350 (1484340 Gflops/s) - 1347 (1481042 Gflops/s) | Temperatures: 66°C - 67°C - 74°C - 71°C - 67°C - 65°C - 73°C - 72°C | Throttling: None - None - None - None - None - None - None - None
1369 (1505231 Gflops/s) - 1359 (1494236 Gflops/s) - 1362 (1497534 Gflops/s) - 1357 (1492037 Gflops/s) - 1365 (1500833 Gflops/s) - 1378 (1515127 Gflops/s) - 1346 (1479942 Gflops/s) - 1347 (1481042 Gflops/s) | Temperatures: 66°C - 67°C - 74°C - 71°C - 67°C - 65°C - 73°C - 72°C | Throttling: None - None - None - None - None - None - None - None
1371 (1507430 Gflops/s) - 1361 (1496435 Gflops/s) - 1364 (1499733 Gflops/s) - 1358 (1493136 Gflops/s) - 1368 (1504131 Gflops/s) - 1384 (1521724 Gflops/s) - 1348 (1482141 Gflops/s) - 1348 (1482141 Gflops/s) | Temperatures: 66°C - 67°C - 74°C - 71°C - 67°C - 65°C - 73°C - 72°C | Throttling: None - None - None - None - None - None - None - None
1369 (1505231 Gflops/s) - 1359 (1494236 Gflops/s) - 1361 (1496435 Gflops/s) - 1356 (1490937 Gflops/s) - 1364 (1499733 Gflops/s) - 1380 (1517326 Gflops/s) - 1346 (1479942 Gflops/s) - 1347 (1481042 Gflops/s) | Temperatures: 66°C - 67°C - 74°C - 71°C - 67°C - 65°C - 73°C - 72°C | Throttling: None - None - None - None - None - None - None - None
1370 (1506330 Gflops/s) - 1359 (1494236 Gflops/s) - 1363 (1498634 Gflops/s) - 1358 (1493136 Gflops/s) - 1366 (1501932 Gflops/s) - 1379 (1516226 Gflops/s) - 1348 (1482141 Gflops/s) - 1348 (1482141 Gflops/s) | Temperatures: 66°C - 67°C - 74°C - 71°C - 67°C - 65°C - 73°C - 72°C | Throttling: None - None - None - None - None - None - None - None
1369 (1505231 Gflops/s) - 1359 (1494236 Gflops/s) - 1361 (1496435 Gflops/s) - 1357 (1492037 Gflops/s) - 1365 (1500833 Gflops/s) - 1378 (1515127 Gflops/s) - 1347 (1481042 Gflops/s) - 1346 (1479942 Gflops/s) | Temperatures: 66°C - 67°C - 74°C - 71°C - 67°C - 65°C - 73°C - 72°C | Throttling: None - None - None - None - None - None - None - None
1369 (1505231 Gflops/s) - 1361 (1496435 Gflops/s) - 1363 (1498634 Gflops/s) - 1356 (1490937 Gflops/s) - 1367 (1503032 Gflops/s) - 1382 (1519525 Gflops/s) - 1349 (1483241 Gflops/s) - 1349 (1483241 Gflops/s) | Temperatures: 66°C - 67°C - 74°C - 71°C - 67°C - 65°C - 73°C - 72°C | Throttling: None - None - None - None - None - None - None - None
1369 (1505231 Gflops/s) - 1361 (1496435 Gflops/s) - 1363 (1498634 Gflops/s) - 1358 (1493136 Gflops/s) - 1367 (1503032 Gflops/s) - 1381 (1518425 Gflops/s) - 1348 (1482141 Gflops/s) - 1348 (1482141 Gflops/s) | Temperatures: 66°C - 67°C - 74°C - 71°C - 67°C - 65°C - 73°C - 72°C | Throttling: None - None - None - None - None - None - None - None
1369 (1505231 Gflops/s) - 1358 (1493136 Gflops/s) - 1363 (1498634 Gflops/s) - 1359 (1494236 Gflops/s) - 1367 (1503032 Gflops/s) - 1383 (1520624 Gflops/s) - 1348 (1482141 Gflops/s) - 1347 (1481042 Gflops/s) | Temperatures: 66°C - 67°C - 74°C - 71°C - 67°C - 65°C - 73°C - 72°C | Throttling: None - None - None - None - None - None - None - None
1369 (1505231 Gflops/s) - 1360 (1495335 Gflops/s) - 1362 (1497534 Gflops/s) - 1359 (1494236 Gflops/s) - 1367 (1503032 Gflops/s) - 1381 (1518425 Gflops/s) - 1348 (1482141 Gflops/s) - 1349 (1483241 Gflops/s) | Temperatures: 66°C - 67°C - 74°C - 71°C - 67°C - 65°C - 73°C - 72°C | Throttling: None - None - None - None - None - None - None - None
1369 (1505231 Gflops/s) - 1359 (1494236 Gflops/s) - 1364 (1499733 Gflops/s) - 1358 (1493136 Gflops/s) - 1366 (1501932 Gflops/s) - 1380 (1517326 Gflops/s) - 1351 (1485440 Gflops/s) - 1349 (1483241 Gflops/s) | Temperatures: 66°C - 67°C - 74°C - 71°C - 67°C - 65°C - 73°C - 72°C | Throttling: None - None - None - None - None - None - None - None
1368 (1504131 Gflops/s) - 1363 (1498634 Gflops/s) - 1363 (1498634 Gflops/s) - 1356 (1490937 Gflops/s) - 1365 (1500833 Gflops/s) - 1381 (1518425 Gflops/s) - 1349 (1483241 Gflops/s) - 1346 (1479942 Gflops/s) | Temperatures: 66°C - 67°C - 74°C - 71°C - 67°C - 65°C - 73°C - 72°C | Throttling: None - None - None - None - None - None - None - None
1370 (1506330 Gflops/s) - 1359 (1494236 Gflops/s) - 1362 (1497534 Gflops/s) - 1359 (1494236 Gflops/s) - 1367 (1503032 Gflops/s) - 1380 (1517326 Gflops/s) - 1348 (1482141 Gflops/s) - 1348 (1482141 Gflops/s) | Temperatures: 66°C - 67°C - 74°C - 71°C - 67°C - 65°C - 73°C - 72°C | Throttling: None - None - None - None - None - None - None - None
1369 (1505231 Gflops/s) - 1362 (1497534 Gflops/s) - 1363 (1498634 Gflops/s) - 1357 (1492037 Gflops/s) - 1365 (1500833 Gflops/s) - 1382 (1519525 Gflops/s) - 1346 (1479942 Gflops/s) - 1347 (1481042 Gflops/s) | Temperatures: 66°C - 67°C - 74°C - 71°C - 67°C - 65°C - 73°C - 72°C | Throttling: None - None - None - None - None - None - None - None
1368 (1504131 Gflops/s) - 1357 (1492037 Gflops/s) - 1362 (1497534 Gflops/s) - 1356 (1490937 Gflops/s) - 1365 (1500833 Gflops/s) - 1378 (1515127 Gflops/s) - 1349 (1483241 Gflops/s) - 1346 (1479942 Gflops/s) | Temperatures: 66°C - 67°C - 74°C - 71°C - 67°C - 65°C - 73°C - 72°C | Throttling: None - None - None - None - None - None - None - None
1370 (1506330 Gflops/s) - 1359 (1494236 Gflops/s) - 1363 (1498634 Gflops/s) - 1360 (1495335 Gflops/s) - 1366 (1501932 Gflops/s) - 1381 (1518425 Gflops/s) - 1351 (1485440 Gflops/s) - 1347 (1481042 Gflops/s) | Temperatures: 66°C - 67°C - 74°C - 71°C - 67°C - 65°C - 73°C - 72°C | Throttling: None - None - None - None - None - None - None - None
1369 (1505231 Gflops/s) - 1360 (1495335 Gflops/s) - 1363 (1498634 Gflops/s) - 1358 (1493136 Gflops/s) - 1366 (1501932 Gflops/s) - 1381 (1518425 Gflops/s) - 1347 (1481042 Gflops/s) - 1348 (1482141 Gflops/s) | Temperatures: 66°C - 67°C - 74°C - 71°C - 67°C - 65°C - 73°C - 72°C | Throttling: None - None - None - None - None - None - None - None
1369 (1505231 Gflops/s) - 1363 (1498634 Gflops/s) - 1363 (1498634 Gflops/s) - 1357 (1492037 Gflops/s) - 1366 (1501932 Gflops/s) - 1380 (1517326 Gflops/s) - 1348 (1482141 Gflops/s) - 1348 (1482141 Gflops/s) | Temperatures: 66°C - 67°C - 74°C - 71°C - 67°C - 65°C - 73°C - 72°C | Throttling: None - None - None - None - None - None - None - None
1369 (1505231 Gflops/s) - 1359 (1494236 Gflops/s) - 1362 (1497534 Gflops/s) - 1358 (1493136 Gflops/s) - 1366 (1501932 Gflops/s) - 1380 (1517326 Gflops/s) - 1346 (1479942 Gflops/s) - 1349 (1483241 Gflops/s) | Temperatures: 66°C - 67°C - 74°C - 71°C - 67°C - 65°C - 73°C - 72°C | Throttling: None - None - None - None - None - None - None - None
1368 (1504131 Gflops/s) - 1359 (1494236 Gflops/s) - 1362 (1497534 Gflops/s) - 1355 (1489838 Gflops/s) - 1365 (1500833 Gflops/s) - 1378 (1515127 Gflops/s) - 1347 (1481042 Gflops/s) - 1346 (1479942 Gflops/s) | Temperatures: 66°C - 67°C - 74°C - 71°C - 67°C - 65°C - 73°C - 72°C | Throttling: None - None - None - None - None - None - None - None
1369 (1505231 Gflops/s) - 1360 (1495335 Gflops/s) - 1364 (1499733 Gflops/s) - 1360 (1495335 Gflops/s) - 1367 (1503032 Gflops/s) - 1381 (1518425 Gflops/s) - 1350 (1484340 Gflops/s) - 1349 (1483241 Gflops/s) | Temperatures: 66°C - 67°C - 74°C - 71°C - 67°C - 65°C - 73°C - 72°C | Throttling: None - None - None - None - None - None - None - None
1370 (1506330 Gflops/s) - 1360 (1495335 Gflops/s) - 1363 (1498634 Gflops/s) - 1358 (1493136 Gflops/s) - 1365 (1500833 Gflops/s) - 1382 (1519525 Gflops/s) - 1349 (1483241 Gflops/s) - 1348 (1482141 Gflops/s) | Temperatures: 66°C - 67°C - 74°C - 71°C - 67°C - 65°C - 73°C - 72°C | Throttling: None - None - None - None - None - None - None - None
1369 (1505231 Gflops/s) - 1359 (1494236 Gflops/s) - 1363 (1498634 Gflops/s) - 1356 (1490937 Gflops/s) - 1368 (1504131 Gflops/s) - 1379 (1516226 Gflops/s) - 1348 (1482141 Gflops/s) - 1347 (1481042 Gflops/s) | Temperatures: 66°C - 67°C - 74°C - 71°C - 67°C - 65°C - 73°C - 72°C | Throttling: None - None - None - None - None - None - None - None
1368 (1504131 Gflops/s) - 1358 (1493136 Gflops/s) - 1362 (1497534 Gflops/s) - 1357 (1492037 Gflops/s) - 1364 (1499733 Gflops/s) - 1378 (1515127 Gflops/s) - 1346 (1479942 Gflops/s) - 1347 (1481042 Gflops/s) | Temperatures: 66°C - 67°C - 74°C - 71°C - 67°C - 65°C - 73°C - 72°C | Throttling: None - None - None - None - None - None - None - None
1369 (1505231 Gflops/s) - 1360 (1495335 Gflops/s) - 1363 (1498634 Gflops/s) - 1357 (1492037 Gflops/s) - 1366 (1501932 Gflops/s) - 1382 (1519525 Gflops/s) - 1347 (1481042 Gflops/s) - 1347 (1481042 Gflops/s) | Temperatures: 66°C - 67°C - 74°C - 71°C - 67°C - 65°C - 73°C - 72°C | Throttling: None - None - None - None - None - None - None - None
1369 (1505231 Gflops/s) - 1360 (1495335 Gflops/s) - 1363 (1498634 Gflops/s) - 1359 (1494236 Gflops/s) - 1367 (1503032 Gflops/s) - 1379 (1516226 Gflops/s) - 1350 (1484340 Gflops/s) - 1348 (1482141 Gflops/s) | Temperatures: 66°C - 67°C - 74°C - 71°C - 67°C - 65°C - 73°C - 72°C | Throttling: None - None - None - None - None - None - None - None
1369 (1505231 Gflops/s) - 1361 (1496435 Gflops/s) - 1364 (1499733 Gflops/s) - 1357 (1492037 Gflops/s) - 1367 (1503032 Gflops/s) - 1382 (1519525 Gflops/s) - 1350 (1484340 Gflops/s) - 1347 (1481042 Gflops/s) | Temperatures: 66°C - 67°C - 74°C - 71°C - 67°C - 65°C - 73°C - 72°C | Throttling: None - None - None - None - None - None - None - None
1368 (1504131 Gflops/s) - 1359 (1494236 Gflops/s) - 1361 (1496435 Gflops/s) - 1355 (1489838 Gflops/s) - 1366 (1501932 Gflops/s) - 1380 (1517326 Gflops/s) - 1349 (1483241 Gflops/s) - 1346 (1479942 Gflops/s) | Temperatures: 66°C - 67°C - 74°C - 71°C - 67°C - 65°C - 73°C - 72°C | Throttling: None - None - None - None - None - None - None - None
1370 (1506330 Gflops/s) - 1359 (1494236 Gflops/s) - 1364 (1499733 Gflops/s) - 1359 (1494236 Gflops/s) - 1367 (1503032 Gflops/s) - 1380 (1517326 Gflops/s) - 1348 (1482141 Gflops/s) - 1348 (1482141 Gflops/s) | Temperatures: 66°C - 67°C - 74°C - 71°C - 67°C - 65°C - 73°C - 72°C | Throttling: None - None - None - None - None - None - None - None
1370 (1506330 Gflops/s) - 1359 (1494236 Gflops/s) - 1363 (1498634 Gflops/s) - 1358 (1493136 Gflops/s) - 1367 (1503032 Gflops/s) - 1381 (1518425 Gflops/s) - 1348 (1482141 Gflops/s) - 1346 (1479942 Gflops/s) | Temperatures: 66°C - 67°C - 74°C - 71°C - 67°C - 65°C - 73°C - 72°C | Throttling: None - None - None - None - None - None - None - None
1370 (1506330 Gflops/s) - 1361 (1496435 Gflops/s) - 1363 (1498634 Gflops/s) - 1359 (1494236 Gflops/s) - 1369 (1505231 Gflops/s) - 1379 (1516226 Gflops/s) - 1349 (1483241 Gflops/s) - 1348 (1482141 Gflops/s) | Temperatures: 66°C - 67°C - 74°C - 71°C - 67°C - 65°C - 73°C - 72°C | Throttling: None - None - None - None - None - None - None - None
1367 (1503032 Gflops/s) - 1359 (1494236 Gflops/s) - 1363 (1498634 Gflops/s) - 1356 (1490937 Gflops/s) - 1365 (1500833 Gflops/s) - 1380 (1517326 Gflops/s) - 1347 (1481042 Gflops/s) - 1347 (1481042 Gflops/s) | Temperatures: 66°C - 67°C - 74°C - 71°C - 67°C - 65°C - 73°C - 72°C | Throttling: None - None - None - None - None - None - None - None
1369 (1505231 Gflops/s) - 1361 (1496435 Gflops/s) - 1362 (1497534 Gflops/s) - 1357 (1492037 Gflops/s) - 1367 (1503032 Gflops/s) - 1380 (1517326 Gflops/s) - 1347 (1481042 Gflops/s) - 1348 (1482141 Gflops/s) | Temperatures: 66°C - 67°C - 74°C - 71°C - 67°C - 65°C - 73°C - 72°C | Throttling: None - None - None - None - None - None - None - None
1369 (1505231 Gflops/s) - 1360 (1495335 Gflops/s) - 1364 (1499733 Gflops/s) - 1359 (1494236 Gflops/s) - 1367 (1503032 Gflops/s) - 1380 (1517326 Gflops/s) - 1346 (1479942 Gflops/s) - 1348 (1482141 Gflops/s) | Temperatures: 66°C - 67°C - 74°C - 71°C - 67°C - 65°C - 73°C - 72°C | Throttling: None - None - None - None - None - None - None - None
1369 (1505231 Gflops/s) - 1361 (1496435 Gflops/s) - 1364 (1499733 Gflops/s) - 1358 (1493136 Gflops/s) - 1369 (1505231 Gflops/s) - 1379 (1516226 Gflops/s) - 1348 (1482141 Gflops/s) - 1348 (1482141 Gflops/s) | Temperatures: 66°C - 67°C - 74°C - 71°C - 67°C - 65°C - 73°C - 72°C | Throttling: None - None - None - None - None - None - None - None
1370 (1506330 Gflops/s) - 1360 (1495335 Gflops/s) - 1363 (1498634 Gflops/s) - 1355 (1489838 Gflops/s) - 1366 (1501932 Gflops/s) - 1381 (1518425 Gflops/s) - 1347 (1481042 Gflops/s) - 1348 (1482141 Gflops/s) | Temperatures: 66°C - 67°C - 74°C - 71°C - 67°C - 65°C - 73°C - 72°C | Throttling: None - None - None - None - None - None - None - None
1368 (1504131 Gflops/s) - 1358 (1493136 Gflops/s) - 1362 (1497534 Gflops/s) - 1357 (1492037 Gflops/s) - 1367 (1503032 Gflops/s) - 1380 (1517326 Gflops/s) - 1347 (1481042 Gflops/s) - 1347 (1481042 Gflops/s) | Temperatures: 66°C - 67°C - 74°C - 71°C - 67°C - 65°C - 73°C - 72°C | Throttling: None - None - None - None - None - None - None - None
1369 (1505231 Gflops/s) - 1360 (1495335 Gflops/s) - 1362 (1497534 Gflops/s) - 1356 (1490937 Gflops/s) - 1368 (1504131 Gflops/s) - 1381 (1518425 Gflops/s) - 1346 (1479942 Gflops/s) - 1348 (1482141 Gflops/s) | Temperatures: 66°C - 67°C - 74°C - 71°C - 67°C - 65°C - 73°C - 72°C | Throttling: None - None - None - None - None - None - None - None
1370 (1506330 Gflops/s) - 1360 (1495335 Gflops/s) - 1364 (1499733 Gflops/s) - 1357 (1492037 Gflops/s) - 1366 (1501932 Gflops/s) - 1381 (1518425 Gflops/s) - 1347 (1481042 Gflops/s) - 1347 (1481042 Gflops/s) | Temperatures: 66°C - 67°C - 74°C - 71°C - 67°C - 65°C - 73°C - 72°C | Throttling: None - None - None - None - None - None - None - None
1369 (1505231 Gflops/s) - 1362 (1497534 Gflops/s) - 1363 (1498634 Gflops/s) - 1357 (1492037 Gflops/s) - 1367 (1503032 Gflops/s) - 1381 (1518425 Gflops/s) - 1348 (1482141 Gflops/s) - 1348 (1482141 Gflops/s) | Temperatures: 66°C - 67°C - 74°C - 71°C - 67°C - 65°C - 73°C - 72°C | Throttling: None - None - None - None - None - None - None - None
1368 (1504131 Gflops/s) - 1358 (1493136 Gflops/s) - 1361 (1496435 Gflops/s) - 1356 (1490937 Gflops/s) - 1365 (1500833 Gflops/s) - 1380 (1517326 Gflops/s) - 1347 (1481042 Gflops/s) - 1346 (1479942 Gflops/s) | Temperatures: 66°C - 67°C - 74°C - 71°C - 67°C - 65°C - 73°C - 72°C | Throttling: None - None - None - None - None - None - None - None
1369 (1505231 Gflops/s) - 1361 (1496435 Gflops/s) - 1363 (1498634 Gflops/s) - 1357 (1492037 Gflops/s) - 1369 (1505231 Gflops/s) - 1384 (1521724 Gflops/s) - 1348 (1482141 Gflops/s) - 1349 (1483241 Gflops/s) | Temperatures: 66°C - 67°C - 74°C - 71°C - 67°C - 65°C - 73°C - 72°C | Throttling: None - None - None - None - None - None - None - None
1370 (1506330 Gflops/s) - 1360 (1495335 Gflops/s) - 1362 (1497534 Gflops/s) - 1358 (1493136 Gflops/s) - 1367 (1503032 Gflops/s) - 1379 (1516226 Gflops/s) - 1347 (1481042 Gflops/s) - 1348 (1482141 Gflops/s) | Temperatures: 66°C - 67°C - 74°C - 71°C - 67°C - 65°C - 73°C - 72°C | Throttling: None - None - None - None - None - None - None - None
1369 (1505231 Gflops/s) - 1359 (1494236 Gflops/s) - 1363 (1498634 Gflops/s) - 1356 (1490937 Gflops/s) - 1366 (1501932 Gflops/s) - 1378 (1515127 Gflops/s) - 1348 (1482141 Gflops/s) - 1348 (1482141 Gflops/s) | Temperatures: 66°C - 67°C - 74°C - 71°C - 67°C - 65°C - 73°C - 72°C | Throttling: None - None - None - None - None - None - None - None
1368 (1504131 Gflops/s) - 1358 (1493136 Gflops/s) - 1361 (1496435 Gflops/s) - 1354 (1488738 Gflops/s) - 1367 (1503032 Gflops/s) - 1380 (1517326 Gflops/s) - 1346 (1479942 Gflops/s) - 1347 (1481042 Gflops/s) | Temperatures: 66°C - 67°C - 74°C - 71°C - 67°C - 65°C - 73°C - 72°C | Throttling: None - None - None - None - None - None - None - None
1370 (1506330 Gflops/s) - 1359 (1494236 Gflops/s) - 1363 (1498634 Gflops/s) - 1357 (1492037 Gflops/s) - 1366 (1501932 Gflops/s) - 1381 (1518425 Gflops/s) - 1348 (1482141 Gflops/s) - 1348 (1482141 Gflops/s) | Temperatures: 66°C - 67°C - 74°C - 71°C - 67°C - 65°C - 73°C - 72°C | Throttling: None - None - None - None - None - None - None - None
1369 (1505231 Gflops/s) - 1360 (1495335 Gflops/s) - 1364 (1499733 Gflops/s) - 1357 (1492037 Gflops/s) - 1367 (1503032 Gflops/s) - 1380 (1517326 Gflops/s) - 1348 (1482141 Gflops/s) - 1348 (1482141 Gflops/s) | Temperatures: 66°C - 67°C - 74°C - 71°C - 67°C - 65°C - 73°C - 72°C | Throttling: None - None - None - None - None - None - None - None
1370 (1506330 Gflops/s) - 1360 (1495335 Gflops/s) - 1363 (1498634 Gflops/s) - 1357 (1492037 Gflops/s) - 1367 (1503032 Gflops/s) - 1379 (1516226 Gflops/s) - 1346 (1479942 Gflops/s) - 1347 (1481042 Gflops/s) | Temperatures: 66°C - 67°C - 74°C - 71°C - 67°C - 65°C - 73°C - 72°C | Throttling: None - None - None - None - None - None - None - None
1368 (1504131 Gflops/s) - 1359 (1494236 Gflops/s) - 1361 (1496435 Gflops/s) - 1357 (1492037 Gflops/s) - 1364 (1499733 Gflops/s) - 1380 (1517326 Gflops/s) - 1347 (1481042 Gflops/s) - 1346 (1479942 Gflops/s) | Temperatures: 66°C - 67°C - 74°C - 71°C - 67°C - 65°C - 73°C - 72°C | Throttling: None - None - None - None - None - None - None - None
1370 (1506330 Gflops/s) - 1360 (1495335 Gflops/s) - 1363 (1498634 Gflops/s) - 1358 (1493136 Gflops/s) - 1368 (1504131 Gflops/s) - 1381 (1518425 Gflops/s) - 1348 (1482141 Gflops/s) - 1349 (1483241 Gflops/s) | Temperatures: 66°C - 67°C - 74°C - 71°C - 67°C - 65°C - 73°C - 72°C | Throttling: None - None - None - None - None - None - None - None
1371 (1507430 Gflops/s) - 1361 (1496435 Gflops/s) - 1366 (1501932 Gflops/s) - 1356 (1490937 Gflops/s) - 1369 (1505231 Gflops/s) - 1384 (1521724 Gflops/s) - 1348 (1482141 Gflops/s) - 1349 (1483241 Gflops/s) | Temperatures: 66°C - 67°C - 74°C - 71°C - 67°C - 65°C - 73°C - 72°C | Throttling: None - None - None - None - None - None - None - None
1368 (1504131 Gflops/s) - 1359 (1494236 Gflops/s) - 1362 (1497534 Gflops/s) - 1356 (1490937 Gflops/s) - 1365 (1500833 Gflops/s) - 1377 (1514027 Gflops/s) - 1346 (1479942 Gflops/s) - 1347 (1481042 Gflops/s) | Temperatures: 66°C - 67°C - 74°C - 71°C - 67°C - 65°C - 73°C - 72°C | Throttling: None - None - None - None - None - None - None - None
1371 (1507430 Gflops/s) - 1361 (1496435 Gflops/s) - 1362 (1497534 Gflops/s) - 1357 (1492037 Gflops/s) - 1367 (1503032 Gflops/s) - 1381 (1518425 Gflops/s) - 1348 (1482141 Gflops/s) - 1349 (1483241 Gflops/s) | Temperatures: 66°C - 67°C - 74°C - 71°C - 67°C - 65°C - 73°C - 72°C | Throttling: None - None - None - None - None - None - None - None
1368 (1504131 Gflops/s) - 1358 (1493136 Gflops/s) - 1362 (1497534 Gflops/s) - 1356 (1490937 Gflops/s) - 1366 (1501932 Gflops/s) - 1378 (1515127 Gflops/s) - 1346 (1479942 Gflops/s) - 1347 (1481042 Gflops/s) | Temperatures: 66°C - 66°C - 74°C - 72°C - 67°C - 65°C - 73°C - 72°C | Throttling: None - None - None - None - None - None - None - None
1369 (1505231 Gflops/s) - 1362 (1497534 Gflops/s) - 1363 (1498634 Gflops/s) - 1358 (1493136 Gflops/s) - 1368 (1504131 Gflops/s) - 1381 (1518425 Gflops/s) - 1348 (1482141 Gflops/s) - 1347 (1481042 Gflops/s) | Temperatures: 66°C - 67°C - 74°C - 71°C - 67°C - 65°C - 73°C - 72°C | Throttling: None - None - None - None - None - None - None - None
1370 (1506330 Gflops/s) - 1362 (1497534 Gflops/s) - 1363 (1498634 Gflops/s) - 1358 (1493136 Gflops/s) - 1366 (1501932 Gflops/s) - 1379 (1516226 Gflops/s) - 1349 (1483241 Gflops/s) - 1348 (1482141 Gflops/s) | Temperatures: 66°C - 67°C - 74°C - 71°C - 67°C - 65°C - 73°C - 72°C | Throttling: None - None - None - None - None - None - None - None
1371 (1507430 Gflops/s) - 1360 (1495335 Gflops/s) - 1364 (1499733 Gflops/s) - 1357 (1492037 Gflops/s) - 1367 (1503032 Gflops/s) - 1381 (1518425 Gflops/s) - 1346 (1479942 Gflops/s) - 1349 (1483241 Gflops/s) | Temperatures: 66°C - 66°C - 74°C - 71°C - 67°C - 65°C - 73°C - 72°C | Throttling: None - None - None - None - None - None - None - None
1368 (1504131 Gflops/s) - 1359 (1494236 Gflops/s) - 1361 (1496435 Gflops/s) - 1356 (1490937 Gflops/s) - 1366 (1501932 Gflops/s) - 1381 (1518425 Gflops/s) - 1347 (1481042 Gflops/s) - 1346 (1479942 Gflops/s) | Temperatures: 66°C - 67°C - 74°C - 71°C - 67°C - 65°C - 73°C - 72°C | Throttling: None - None - None - None - None - None - None - None
1371 (1507430 Gflops/s) - 1363 (1498634 Gflops/s) - 1365 (1500833 Gflops/s) - 1360 (1495335 Gflops/s) - 1369 (1505231 Gflops/s) - 1381 (1518425 Gflops/s) - 1352 (1486539 Gflops/s) - 1349 (1483241 Gflops/s) | Temperatures: 66°C - 67°C - 74°C - 71°C - 67°C - 65°C - 73°C - 72°C | Throttling: None - None - None - None - None - None - None - None
1369 (1505231 Gflops/s) - 1359 (1494236 Gflops/s) - 1362 (1497534 Gflops/s) - 1358 (1493136 Gflops/s) - 1364 (1499733 Gflops/s) - 1382 (1519525 Gflops/s) - 1346 (1479942 Gflops/s) - 1346 (1479942 Gflops/s) | Temperatures: 66°C - 67°C - 74°C - 71°C - 67°C - 65°C - 73°C - 72°C | Throttling: None - None - None - None - None - None - None - None
1370 (1506330 Gflops/s) - 1362 (1497534 Gflops/s) - 1362 (1497534 Gflops/s) - 1357 (1492037 Gflops/s) - 1365 (1500833 Gflops/s) - 1380 (1517326 Gflops/s) - 1348 (1482141 Gflops/s) - 1348 (1482141 Gflops/s) | Temperatures: 66°C - 67°C - 74°C - 71°C - 66°C - 65°C - 73°C - 72°C | Throttling: None - None - None - None - None - None - None - None
1368 (1504131 Gflops/s) - 1360 (1495335 Gflops/s) - 1362 (1497534 Gflops/s) - 1358 (1493136 Gflops/s) - 1366 (1501932 Gflops/s) - 1379 (1516226 Gflops/s) - 1347 (1481042 Gflops/s) - 1347 (1481042 Gflops/s) | Temperatures: 66°C - 67°C - 74°C - 71°C - 67°C - 65°C - 73°C - 72°C | Throttling: None - None - None - None - None - None - None - None
1371 (1507430 Gflops/s) - 1360 (1495335 Gflops/s) - 1364 (1499733 Gflops/s) - 1358 (1493136 Gflops/s) - 1366 (1501932 Gflops/s) - 1381 (1518425 Gflops/s) - 1347 (1481042 Gflops/s) - 1348 (1482141 Gflops/s) | Temperatures: 66°C - 67°C - 74°C - 71°C - 67°C - 65°C - 73°C - 72°C | Throttling: None - None - None - None - None - None - None - None
1369 (1505231 Gflops/s) - 1361 (1496435 Gflops/s) - 1362 (1497534 Gflops/s) - 1358 (1493136 Gflops/s) - 1367 (1503032 Gflops/s) - 1382 (1519525 Gflops/s) - 1349 (1483241 Gflops/s) - 1349 (1483241 Gflops/s) | Temperatures: 66°C - 67°C - 74°C - 72°C - 67°C - 65°C - 73°C - 72°C | Throttling: None - None - None - None - None - None - None - None
1371 (1507430 Gflops/s) - 1362 (1497534 Gflops/s) - 1364 (1499733 Gflops/s) - 1357 (1492037 Gflops/s) - 1367 (1503032 Gflops/s) - 1382 (1519525 Gflops/s) - 1350 (1484340 Gflops/s) - 1348 (1482141 Gflops/s) | Temperatures: 66°C - 67°C - 74°C - 71°C - 67°C - 65°C - 73°C - 72°C | Throttling: None - None - None - None - None - None - None - None
1370 (1506330 Gflops/s) - 1360 (1495335 Gflops/s) - 1363 (1498634 Gflops/s) - 1357 (1492037 Gflops/s) - 1366 (1501932 Gflops/s) - 1381 (1518425 Gflops/s) - 1349 (1483241 Gflops/s) - 1347 (1481042 Gflops/s) | Temperatures: 66°C - 67°C - 74°C - 71°C - 67°C - 65°C - 73°C - 72°C | Throttling: None - None - None - None - None - None - None - None
1371 (1507430 Gflops/s) - 1362 (1497534 Gflops/s) - 1363 (1498634 Gflops/s) - 1357 (1492037 Gflops/s) - 1367 (1503032 Gflops/s) - 1380 (1517326 Gflops/s) - 1349 (1483241 Gflops/s) - 1349 (1483241 Gflops/s) | Temperatures: 66°C - 67°C - 74°C - 71°C - 67°C - 65°C - 73°C - 72°C | Throttling: None - None - None - None - None - None - None - None
1368 (1504131 Gflops/s) - 1359 (1494236 Gflops/s) - 1363 (1498634 Gflops/s) - 1356 (1490937 Gflops/s) - 1365 (1500833 Gflops/s) - 1381 (1518425 Gflops/s) - 1348 (1482141 Gflops/s) - 1346 (1479942 Gflops/s) | Temperatures: 66°C - 67°C - 74°C - 71°C - 67°C - 65°C - 73°C - 72°C | Throttling: None - None - None - None - None - None - None - None
1370 (1506330 Gflops/s) - 1359 (1494236 Gflops/s) - 1363 (1498634 Gflops/s) - 1358 (1493136 Gflops/s) - 1366 (1501932 Gflops/s) - 1384 (1521724 Gflops/s) - 1351 (1485440 Gflops/s) - 1348 (1482141 Gflops/s) | Temperatures: 66°C - 66°C - 74°C - 71°C - 67°C - 65°C - 73°C - 72°C | Throttling: None - None - None - None - None - None - None - None
1370 (1506330 Gflops/s) - 1360 (1495335 Gflops/s) - 1364 (1499733 Gflops/s) - 1359 (1494236 Gflops/s) - 1368 (1504131 Gflops/s) - 1380 (1517326 Gflops/s) - 1348 (1482141 Gflops/s) - 1349 (1483241 Gflops/s) | Temperatures: 66°C - 67°C - 74°C - 71°C - 67°C - 65°C - 73°C - 72°C | Throttling: None - None - None - None - None - None - None - None
1370 (1506330 Gflops/s) - 1361 (1496435 Gflops/s) - 1362 (1497534 Gflops/s) - 1355 (1489838 Gflops/s) - 1366 (1501932 Gflops/s) - 1381 (1518425 Gflops/s) - 1349 (1483241 Gflops/s) - 1346 (1479942 Gflops/s) | Temperatures: 66°C - 67°C - 74°C - 71°C - 67°C - 65°C - 73°C - 72°C | Throttling: None - None - None - None - None - None - None - None
1370 (1506330 Gflops/s) - 1359 (1494236 Gflops/s) - 1363 (1498634 Gflops/s) - 1358 (1493136 Gflops/s) - 1367 (1503032 Gflops/s) - 1382 (1519525 Gflops/s) - 1348 (1482141 Gflops/s) - 1348 (1482141 Gflops/s) | Temperatures: 66°C - 67°C - 74°C - 71°C - 67°C - 65°C - 73°C - 72°C | Throttling: None - None - None - None - None - None - None - None
1370 (1506330 Gflops/s) - 1360 (1495335 Gflops/s) - 1363 (1498634 Gflops/s) - 1357 (1492037 Gflops/s) - 1367 (1503032 Gflops/s) - 1382 (1519525 Gflops/s) - 1348 (1482141 Gflops/s) - 1349 (1483241 Gflops/s) | Temperatures: 66°C - 66°C - 74°C - 71°C - 67°C - 65°C - 73°C - 72°C | Throttling: None - None - None - None - None - None - None - None
1370 (1506330 Gflops/s) - 1361 (1496435 Gflops/s) - 1362 (1497534 Gflops/s) - 1359 (1494236 Gflops/s) - 1367 (1503032 Gflops/s) - 1381 (1518425 Gflops/s) - 1350 (1484340 Gflops/s) - 1348 (1482141 Gflops/s) | Temperatures: 66°C - 67°C - 74°C - 71°C - 67°C - 65°C - 73°C - 72°C | Throttling: None - None - None - None - None - None - None - None
1371 (1507430 Gflops/s) - 1360 (1495335 Gflops/s) - 1364 (1499733 Gflops/s) - 1357 (1492037 Gflops/s) - 1366 (1501932 Gflops/s) - 1382 (1519525 Gflops/s) - 1352 (1486539 Gflops/s) - 1347 (1481042 Gflops/s) | Temperatures: 66°C - 67°C - 74°C - 71°C - 67°C - 65°C - 73°C - 72°C | Throttling: None - None - None - None - None - None - None - None
1368 (1504131 Gflops/s) - 1359 (1494236 Gflops/s) - 1362 (1497534 Gflops/s) - 1357 (1492037 Gflops/s) - 1365 (1500833 Gflops/s) - 1380 (1517326 Gflops/s) - 1348 (1482141 Gflops/s) - 1347 (1481042 Gflops/s) | Temperatures: 66°C - 67°C - 74°C - 71°C - 67°C - 65°C - 73°C - 72°C | Throttling: None - None - None - None - None - None - None - None
1371 (1507430 Gflops/s) - 1359 (1494236 Gflops/s) - 1363 (1498634 Gflops/s) - 1357 (1492037 Gflops/s) - 1368 (1504131 Gflops/s) - 1382 (1519525 Gflops/s) - 1347 (1481042 Gflops/s) - 1347 (1481042 Gflops/s) | Temperatures: 66°C - 67°C - 74°C - 71°C - 67°C - 65°C - 73°C - 72°C | Throttling: None - None - None - None - None - None - None - None
1370 (1506330 Gflops/s) - 1360 (1495335 Gflops/s) - 1365 (1500833 Gflops/s) - 1357 (1492037 Gflops/s) - 1367 (1503032 Gflops/s) - 1381 (1518425 Gflops/s) - 1349 (1483241 Gflops/s) - 1349 (1483241 Gflops/s) | Temperatures: 66°C - 66°C - 74°C - 71°C - 67°C - 65°C - 73°C - 72°C | Throttling: None - None - None - None - None - None - None - None
1369 (1505231 Gflops/s) - 1359 (1494236 Gflops/s) - 1361 (1496435 Gflops/s) - 1356 (1490937 Gflops/s) - 1365 (1500833 Gflops/s) - 1381 (1518425 Gflops/s) - 1347 (1481042 Gflops/s) - 1346 (1479942 Gflops/s) | Temperatures: 66°C - 67°C - 74°C - 71°C - 67°C - 65°C - 73°C - 72°C | Throttling: None - None - None - None - None - None - None - None
1370 (1506330 Gflops/s) - 1360 (1495335 Gflops/s) - 1363 (1498634 Gflops/s) - 1357 (1492037 Gflops/s) - 1366 (1501932 Gflops/s) - 1383 (1520624 Gflops/s) - 1348 (1482141 Gflops/s) - 1348 (1482141 Gflops/s) | Temperatures: 66°C - 66°C - 74°C - 71°C - 67°C - 65°C - 73°C - 72°C | Throttling: None - None - None - None - None - None - None - None
1371 (1507430 Gflops/s) - 1360 (1495335 Gflops/s) - 1363 (1498634 Gflops/s) - 1358 (1493136 Gflops/s) - 1367 (1503032 Gflops/s) - 1380 (1517326 Gflops/s) - 1348 (1482141 Gflops/s) - 1348 (1482141 Gflops/s) | Temperatures: 66°C - 66°C - 74°C - 71°C - 67°C - 65°C - 73°C - 72°C | Throttling: None - None - None - None - None - None - None - None
1371 (1507430 Gflops/s) - 1360 (1495335 Gflops/s) - 1363 (1498634 Gflops/s) - 1358 (1493136 Gflops/s) - 1368 (1504131 Gflops/s) - 1383 (1520624 Gflops/s) - 1349 (1483241 Gflops/s) - 1348 (1482141 Gflops/s) | Temperatures: 66°C - 66°C - 74°C - 71°C - 67°C - 65°C - 73°C - 72°C | Throttling: None - None - None - None - None - None - None - None
1371 (1507430 Gflops/s) - 1360 (1495335 Gflops/s) - 1364 (1499733 Gflops/s) - 1356 (1490937 Gflops/s) - 1367 (1503032 Gflops/s) - 1381 (1518425 Gflops/s) - 1349 (1483241 Gflops/s) - 1348 (1482141 Gflops/s) | Temperatures: 66°C - 66°C - 74°C - 71°C - 67°C - 65°C - 73°C - 72°C | Throttling: None - None - None - None - None - None - None - None
1369 (1505231 Gflops/s) - 1359 (1494236 Gflops/s) - 1363 (1498634 Gflops/s) - 1358 (1493136 Gflops/s) - 1366 (1501932 Gflops/s) - 1378 (1515127 Gflops/s) - 1348 (1482141 Gflops/s) - 1347 (1481042 Gflops/s) | Temperatures: 66°C - 66°C - 74°C - 71°C - 67°C - 65°C - 73°C - 72°C | Throttling: None - None - None - None - None - None - None - None
1371 (1507430 Gflops/s) - 1361 (1496435 Gflops/s) - 1364 (1499733 Gflops/s) - 1356 (1490937 Gflops/s) - 1367 (1503032 Gflops/s) - 1382 (1519525 Gflops/s) - 1350 (1484340 Gflops/s) - 1347 (1481042 Gflops/s) | Temperatures: 66°C - 66°C - 74°C - 71°C - 67°C - 65°C - 73°C - 72°C | Throttling: None - None - None - None - None - None - None - None
1371 (1507430 Gflops/s) - 1360 (1495335 Gflops/s) - 1362 (1497534 Gflops/s) - 1358 (1493136 Gflops/s) - 1367 (1503032 Gflops/s) - 1381 (1518425 Gflops/s) - 1351 (1485440 Gflops/s) - 1349 (1483241 Gflops/s) | Temperatures: 66°C - 66°C - 74°C - 71°C - 67°C - 65°C - 73°C - 72°C | Throttling: None - None - None - None - None - None - None - None
1371 (1507430 Gflops/s) - 1360 (1495335 Gflops/s) - 1363 (1498634 Gflops/s) - 1358 (1493136 Gflops/s) - 1368 (1504131 Gflops/s) - 1380 (1517326 Gflops/s) - 1352 (1486539 Gflops/s) - 1349 (1483241 Gflops/s) | Temperatures: 66°C - 66°C - 74°C - 71°C - 67°C - 65°C - 73°C - 71°C | Throttling: None - None - None - None - None - None - None - None
1369 (1505231 Gflops/s) - 1359 (1494236 Gflops/s) - 1363 (1498634 Gflops/s) - 1357 (1492037 Gflops/s) - 1365 (1500833 Gflops/s) - 1381 (1518425 Gflops/s) - 1348 (1482141 Gflops/s) - 1346 (1479942 Gflops/s) | Temperatures: 66°C - 66°C - 74°C - 71°C - 67°C - 65°C - 73°C - 72°C | Throttling: None - None - None - None - None - None - None - None
1371 (1507430 Gflops/s) - 1359 (1494236 Gflops/s) - 1363 (1498634 Gflops/s) - 1360 (1495335 Gflops/s) - 1368 (1504131 Gflops/s) - 1384 (1521724 Gflops/s) - 1349 (1483241 Gflops/s) - 1348 (1482141 Gflops/s) | Temperatures: 66°C - 66°C - 74°C - 71°C - 66°C - 65°C - 73°C - 72°C | Throttling: None - None - None - None - None - None - None - None
1371 (1507430 Gflops/s) - 1361 (1496435 Gflops/s) - 1364 (1499733 Gflops/s) - 1358 (1493136 Gflops/s) - 1367 (1503032 Gflops/s) - 1381 (1518425 Gflops/s) - 1350 (1484340 Gflops/s) - 1347 (1481042 Gflops/s) | Temperatures: 66°C - 67°C - 74°C - 71°C - 67°C - 65°C - 73°C - 72°C | Throttling: None - None - None - None - None - None - None - None
1370 (1506330 Gflops/s) - 1361 (1496435 Gflops/s) - 1363 (1498634 Gflops/s) - 1357 (1492037 Gflops/s) - 1367 (1503032 Gflops/s) - 1382 (1519525 Gflops/s) - 1349 (1483241 Gflops/s) - 1348 (1482141 Gflops/s) | Temperatures: 66°C - 67°C - 74°C - 71°C - 66°C - 65°C - 73°C - 72°C | Throttling: None - None - None - None - None - None - None - None
1370 (1506330 Gflops/s) - 1359 (1494236 Gflops/s) - 1361 (1496435 Gflops/s) - 1357 (1492037 Gflops/s) - 1366 (1501932 Gflops/s) - 1379 (1516226 Gflops/s) - 1347 (1481042 Gflops/s) - 1347 (1481042 Gflops/s) | Temperatures: 66°C - 66°C - 74°C - 71°C - 67°C - 65°C - 73°C - 72°C | Throttling: None - None - None - None - None - None - None - None
1371 (1507430 Gflops/s) - 1360 (1495335 Gflops/s) - 1363 (1498634 Gflops/s) - 1358 (1493136 Gflops/s) - 1367 (1503032 Gflops/s) - 1382 (1519525 Gflops/s) - 1348 (1482141 Gflops/s) - 1348 (1482141 Gflops/s) | Temperatures: 66°C - 66°C - 74°C - 71°C - 67°C - 65°C - 73°C - 72°C | Throttling: None - None - None - None - None - None - None - None
1370 (1506330 Gflops/s) - 1360 (1495335 Gflops/s) - 1363 (1498634 Gflops/s) - 1358 (1493136 Gflops/s) - 1368 (1504131 Gflops/s) - 1379 (1516226 Gflops/s) - 1349 (1483241 Gflops/s) - 1348 (1482141 Gflops/s) | Temperatures: 66°C - 66°C - 74°C - 71°C - 66°C - 65°C - 73°C - 71°C | Throttling: None - None - None - None - None - None - None - None
1371 (1507430 Gflops/s) - 1360 (1495335 Gflops/s) - 1365 (1500833 Gflops/s) - 1358 (1493136 Gflops/s) - 1366 (1501932 Gflops/s) - 1381 (1518425 Gflops/s) - 1351 (1485440 Gflops/s) - 1347 (1481042 Gflops/s) | Temperatures: 66°C - 66°C - 74°C - 71°C - 66°C - 65°C - 73°C - 72°C | Throttling: None - None - None - None - None - None - None - None
1369 (1505231 Gflops/s) - 1359 (1494236 Gflops/s) - 1362 (1497534 Gflops/s) - 1357 (1492037 Gflops/s) - 1366 (1501932 Gflops/s) - 1380 (1517326 Gflops/s) - 1350 (1484340 Gflops/s) - 1346 (1479942 Gflops/s) | Temperatures: 66°C - 67°C - 74°C - 71°C - 67°C - 65°C - 73°C - 72°C | Throttling: None - None - None - None - None - None - None - None
1370 (1506330 Gflops/s) - 1360 (1495335 Gflops/s) - 1363 (1498634 Gflops/s) - 1357 (1492037 Gflops/s) - 1367 (1503032 Gflops/s) - 1382 (1519525 Gflops/s) - 1349 (1483241 Gflops/s) - 1348 (1482141 Gflops/s) | Temperatures: 66°C - 66°C - 74°C - 71°C - 67°C - 65°C - 73°C - 72°C | Throttling: None - None - None - None - None - None - None - None
1371 (1507430 Gflops/s) - 1360 (1495335 Gflops/s) - 1362 (1497534 Gflops/s) - 1360 (1495335 Gflops/s) - 1367 (1503032 Gflops/s) - 1380 (1517326 Gflops/s) - 1349 (1483241 Gflops/s) - 1349 (1483241 Gflops/s) | Temperatures: 66°C - 66°C - 74°C - 71°C - 67°C - 65°C - 73°C - 72°C | Throttling: None - None - None - None - None - None - None - None
1370 (1506330 Gflops/s) - 1361 (1496435 Gflops/s) - 1364 (1499733 Gflops/s) - 1358 (1493136 Gflops/s) - 1366 (1501932 Gflops/s) - 1384 (1521724 Gflops/s) - 1353 (1487639 Gflops/s) - 1348 (1482141 Gflops/s) | Temperatures: 66°C - 66°C - 74°C - 71°C - 67°C - 65°C - 73°C - 72°C | Throttling: None - None - None - None - None - None - None - None
1371 (1507430 Gflops/s) - 1361 (1496435 Gflops/s) - 1363 (1498634 Gflops/s) - 1358 (1493136 Gflops/s) - 1367 (1503032 Gflops/s) - 1380 (1517326 Gflops/s) - 1350 (1484340 Gflops/s) - 1348 (1482141 Gflops/s) | Temperatures: 66°C - 66°C - 74°C - 71°C - 67°C - 65°C - 73°C - 71°C | Throttling: None - None - None - None - None - None - None - None
1369 (1505231 Gflops/s) - 1358 (1493136 Gflops/s) - 1361 (1496435 Gflops/s) - 1357 (1492037 Gflops/s) - 1367 (1503032 Gflops/s) - 1382 (1519525 Gflops/s) - 1346 (1479942 Gflops/s) - 1347 (1481042 Gflops/s) | Temperatures: 66°C - 66°C - 74°C - 71°C - 66°C - 65°C - 73°C - 71°C | Throttling: None - None - None - None - None - None - None - None
1371 (1507430 Gflops/s) - 1360 (1495335 Gflops/s) - 1363 (1498634 Gflops/s) - 1357 (1492037 Gflops/s) - 1368 (1504131 Gflops/s) - 1380 (1517326 Gflops/s) - 1354 (1488738 Gflops/s) - 1348 (1482141 Gflops/s) | Temperatures: 66°C - 66°C - 74°C - 71°C - 67°C - 65°C - 73°C - 72°C | Throttling: None - None - None - None - None - None - None - None
1371 (1507430 Gflops/s) - 1362 (1497534 Gflops/s) - 1364 (1499733 Gflops/s) - 1357 (1492037 Gflops/s) - 1366 (1501932 Gflops/s) - 1383 (1520624 Gflops/s) - 1350 (1484340 Gflops/s) - 1348 (1482141 Gflops/s) | Temperatures: 66°C - 66°C - 74°C - 71°C - 67°C - 65°C - 73°C - 72°C | Throttling: None - None - None - None - None - None - None - None
1371 (1507430 Gflops/s) - 1360 (1495335 Gflops/s) - 1363 (1498634 Gflops/s) - 1357 (1492037 Gflops/s) - 1369 (1505231 Gflops/s) - 1381 (1518425 Gflops/s) - 1348 (1482141 Gflops/s) - 1348 (1482141 Gflops/s) | Temperatures: 66°C - 66°C - 74°C - 71°C - 67°C - 65°C - 73°C - 72°C | Throttling: None - None - None - None - None - None - None - None
799 (878509 Gflops/s) - 705 (775155 Gflops/s) - 1361 (1496435 Gflops/s) - 1304 (1433763 Gflops/s) - 1339 (1472246 Gflops/s) - 862 (947779 Gflops/s) - 1348 (1482141 Gflops/s) - 1347 (1481042 Gflops/s) | Temperatures: 66°C - 66°C - 74°C - 71°C - 66°C - 65°C - 73°C - 72°C | Throttling: None - None - None - None - None - None - None - None
GPU #0: 1503044 Gflops/s (min: 878509.79, max: 1507430.44, dev: 36673.00)
         Temperature: 65.92°C (min: 64.00, max: 67.00)
         Throttling HW: false, Thermal SW: false, Thermal HW: false
GPU #1: 1492934 Gflops/s (min: 775155.70, max: 1501932.88, dev: 42116.51)
         Temperature: 66.72°C (min: 65.00, max: 67.00)
         Throttling HW: false, Thermal SW: false, Thermal HW: false
GPU #2: 1496075 Gflops/s (min: 1476644.12, max: 1501932.88, dev: 6023.15)
         Temperature: 73.93°C (min: 70.00, max: 75.00)
         Throttling HW: false, Thermal SW: false, Thermal HW: false
GPU #3: 1492548 Gflops/s (min: 1433763.16, max: 1503032.40, dev: 4022.85)
         Temperature: 71.12°C (min: 69.00, max: 72.00)
         Throttling HW: false, Thermal SW: false, Thermal HW: false
GPU #4: 1502830 Gflops/s (min: 1472246.07, max: 1509629.46, dev: 2412.73)
         Temperature: 66.83°C (min: 65.00, max: 67.00)
         Throttling HW: false, Thermal SW: false, Thermal HW: false
GPU #5: 1516392 Gflops/s (min: 947779.02, max: 1530520.19, dev: 33421.85)
         Temperature: 64.95°C (min: 64.00, max: 66.00)
         Throttling HW: false, Thermal SW: false, Thermal HW: false
GPU #6: 1481890 Gflops/s (min: 1472246.07, max: 1509629.46, dev: 5640.18)
         Temperature: 72.84°C (min: 69.00, max: 74.00)
         Throttling HW: false, Thermal SW: false, Thermal HW: false
GPU #7: 1482622 Gflops/s (min: 1478843.14, max: 1498634.35, dev: 3297.33)
         Temperature: 71.76°C (min: 69.00, max: 72.00)
         Throttling HW: false, Thermal SW: false, Thermal HW: false
All GPUs seem healthy
Freeing GPUs...
======== Run with fp8  ==========
Detected GPU #0: "NVIDIA B200" (8d7b7177-9b6c-f840-3d36-9fe4f599cb69)
Detected GPU #1: "NVIDIA B200" (a9b275c8-51a7-8e41-74c7-34fafa66087c)
Detected GPU #2: "NVIDIA B200" (83c48aba-0641-236f-e263-ef8f0539afd8)
Detected GPU #3: "NVIDIA B200" (07e9d2e4-03a3-e2b3-7b11-8cbe1a207320)
Detected GPU #4: "NVIDIA B200" (c8c55637-4090-9b6e-a260-b9fe2660de67)
Detected GPU #5: "NVIDIA B200" (15b7aed6-ee2e-1175-21f3-4af0d374b825)
Detected GPU #6: "NVIDIA B200" (ef5c4fb4-fe13-f9a3-10b4-6ef099c29099)
Detected GPU #7: "NVIDIA B200" (b9ed0757-f385-0e3a-c3ad-50d6ab4e307f)
Using precision(s):   FP8
GPU #0: Using 163800 MB
GPU #1: Using 163800 MB
GPU #2: Using 163800 MB
GPU #3: Using 163800 MB
GPU #4: Using 163800 MB
GPU #5: Using 163800 MB
GPU #6: Using 163800 MB
GPU #7: Using 163800 MB
Creating random matrices
Matrices created
2855 (3139105 Gflops/s) - 2160 (2374945 Gflops/s) - 2739 (3011562 Gflops/s) - 2538 (2790560 Gflops/s) - 2166 (2381542 Gflops/s) - 2121 (2332064 Gflops/s) - 2628 (2889516 Gflops/s) - 2483 (2730087 Gflops/s) | Temperatures: 56°C - 55°C - 61°C - 60°C - 56°C - 54°C - 60°C - 60°C | Throttling: None - None - None - None - None - None - None - None
3774 (4149556 Gflops/s) - 3779 (4155054 Gflops/s) - 3774 (4149556 Gflops/s) - 3777 (4152855 Gflops/s) - 3780 (4156153 Gflops/s) - 3782 (4158352 Gflops/s) - 3784 (4160551 Gflops/s) - 3767 (4141860 Gflops/s) | Temperatures: 60°C - 60°C - 65°C - 63°C - 60°C - 59°C - 64°C - 63°C | Throttling: None - None - None - None - None - None - None - None
3770 (4145158 Gflops/s) - 3774 (4149556 Gflops/s) - 3768 (4142959 Gflops/s) - 3767 (4141860 Gflops/s) - 3776 (4151755 Gflops/s) - 3781 (4157253 Gflops/s) - 3778 (4153954 Gflops/s) - 3750 (4123168 Gflops/s) | Temperatures: 62°C - 62°C - 67°C - 65°C - 62°C - 60°C - 66°C - 65°C | Throttling: None - None - None - None - None - None - None - None
3772 (4147357 Gflops/s) - 3764 (4138561 Gflops/s) - 3765 (4139661 Gflops/s) - 3762 (4136362 Gflops/s) - 3777 (4152855 Gflops/s) - 3780 (4156153 Gflops/s) - 3771 (4146258 Gflops/s) - 3737 (4108874 Gflops/s) | Temperatures: 63°C - 63°C - 68°C - 66°C - 63°C - 61°C - 67°C - 67°C | Throttling: None - None - None - None - None - None - None - None
3771 (4146258 Gflops/s) - 3761 (4135263 Gflops/s) - 3757 (4130865 Gflops/s) - 3757 (4130865 Gflops/s) - 3777 (4152855 Gflops/s) - 3781 (4157253 Gflops/s) - 3760 (4134163 Gflops/s) - 3702 (4070392 Gflops/s) | Temperatures: 63°C - 64°C - 69°C - 67°C - 64°C - 62°C - 68°C - 68°C | Throttling: None - None - None - None - None - None - None - None
3771 (4146258 Gflops/s) - 3759 (4133064 Gflops/s) - 3753 (4126467 Gflops/s) - 3755 (4128666 Gflops/s) - 3777 (4152855 Gflops/s) - 3780 (4156153 Gflops/s) - 3754 (4127566 Gflops/s) - 3697 (4064894 Gflops/s) | Temperatures: 64°C - 64°C - 70°C - 68°C - 64°C - 62°C - 69°C - 68°C | Throttling: None - None - None - None - None - None - None - None
3771 (4146258 Gflops/s) - 3760 (4134163 Gflops/s) - 3749 (4122069 Gflops/s) - 3750 (4123168 Gflops/s) - 3776 (4151755 Gflops/s) - 3781 (4157253 Gflops/s) - 3749 (4122069 Gflops/s) - 3689 (4056098 Gflops/s) | Temperatures: 64°C - 64°C - 70°C - 68°C - 64°C - 63°C - 69°C - 69°C | Throttling: None - None - None - None - None - None - None - None
3772 (4147357 Gflops/s) - 3760 (4134163 Gflops/s) - 3746 (4118770 Gflops/s) - 3747 (4119870 Gflops/s) - 3778 (4153954 Gflops/s) - 3780 (4156153 Gflops/s) - 3747 (4119870 Gflops/s) - 3682 (4048401 Gflops/s) | Temperatures: 64°C - 64°C - 71°C - 68°C - 65°C - 63°C - 69°C - 69°C | Throttling: None - None - None - None - None - None - None - None
3771 (4146258 Gflops/s) - 3758 (4131964 Gflops/s) - 3745 (4117671 Gflops/s) - 3747 (4119870 Gflops/s) - 3777 (4152855 Gflops/s) - 3781 (4157253 Gflops/s) - 3746 (4118770 Gflops/s) - 3685 (4051700 Gflops/s) | Temperatures: 64°C - 65°C - 71°C - 68°C - 65°C - 63°C - 70°C - 69°C | Throttling: None - None - None - None - None - None - None - None
3772 (4147357 Gflops/s) - 3759 (4133064 Gflops/s) - 3743 (4115472 Gflops/s) - 3743 (4115472 Gflops/s) - 3777 (4152855 Gflops/s) - 3781 (4157253 Gflops/s) - 3745 (4117671 Gflops/s) - 3683 (4049501 Gflops/s) | Temperatures: 64°C - 65°C - 71°C - 69°C - 65°C - 63°C - 70°C - 69°C | Throttling: None - None - None - None - None - None - None - None
3771 (4146258 Gflops/s) - 3758 (4131964 Gflops/s) - 3740 (4112173 Gflops/s) - 3746 (4118770 Gflops/s) - 3778 (4153954 Gflops/s) - 3781 (4157253 Gflops/s) - 3746 (4118770 Gflops/s) - 3680 (4046202 Gflops/s) | Temperatures: 64°C - 65°C - 71°C - 69°C - 65°C - 63°C - 70°C - 70°C | Throttling: None - None - None - None - None - None - None - None
3772 (4147357 Gflops/s) - 3760 (4134163 Gflops/s) - 3741 (4113272 Gflops/s) - 3743 (4115472 Gflops/s) - 3777 (4152855 Gflops/s) - 3780 (4156153 Gflops/s) - 3745 (4117671 Gflops/s) - 3676 (4041804 Gflops/s) | Temperatures: 64°C - 65°C - 71°C - 69°C - 65°C - 63°C - 70°C - 69°C | Throttling: None - None - None - None - None - None - None - None
3771 (4146258 Gflops/s) - 3758 (4131964 Gflops/s) - 3739 (4111073 Gflops/s) - 3742 (4114372 Gflops/s) - 3776 (4151755 Gflops/s) - 3781 (4157253 Gflops/s) - 3745 (4117671 Gflops/s) - 3659 (4023113 Gflops/s) | Temperatures: 64°C - 65°C - 71°C - 69°C - 65°C - 63°C - 70°C - 69°C | Throttling: None - None - None - None - None - None - None - None
3770 (4145158 Gflops/s) - 3760 (4134163 Gflops/s) - 3741 (4113272 Gflops/s) - 3743 (4115472 Gflops/s) - 3777 (4152855 Gflops/s) - 3780 (4156153 Gflops/s) - 3746 (4118770 Gflops/s) - 3683 (4049501 Gflops/s) | Temperatures: 64°C - 65°C - 72°C - 69°C - 65°C - 63°C - 70°C - 70°C | Throttling: None - None - None - None - None - None - None - None
3772 (4147357 Gflops/s) - 3760 (4134163 Gflops/s) - 3739 (4111073 Gflops/s) - 3745 (4117671 Gflops/s) - 3777 (4152855 Gflops/s) - 3781 (4157253 Gflops/s) - 3745 (4117671 Gflops/s) - 3685 (4051700 Gflops/s) | Temperatures: 64°C - 65°C - 72°C - 69°C - 65°C - 63°C - 70°C - 70°C | Throttling: None - None - None - None - None - None - None - None
3770 (4145158 Gflops/s) - 3760 (4134163 Gflops/s) - 3740 (4112173 Gflops/s) - 3741 (4113272 Gflops/s) - 3777 (4152855 Gflops/s) - 3780 (4156153 Gflops/s) - 3725 (4095680 Gflops/s) - 3666 (4030809 Gflops/s) | Temperatures: 64°C - 65°C - 72°C - 69°C - 65°C - 63°C - 70°C - 70°C | Throttling: None - None - None - None - None - None - None - None
3771 (4146258 Gflops/s) - 3758 (4131964 Gflops/s) - 3739 (4111073 Gflops/s) - 3744 (4116571 Gflops/s) - 3777 (4152855 Gflops/s) - 3781 (4157253 Gflops/s) - 3716 (4085785 Gflops/s) - 3681 (4047302 Gflops/s) | Temperatures: 64°C - 65°C - 72°C - 69°C - 65°C - 63°C - 70°C - 70°C | Throttling: None - None - None - None - None - None - None - None
3769 (4144059 Gflops/s) - 3759 (4133064 Gflops/s) - 3739 (4111073 Gflops/s) - 3741 (4113272 Gflops/s) - 3777 (4152855 Gflops/s) - 3780 (4156153 Gflops/s) - 3716 (4085785 Gflops/s) - 3680 (4046202 Gflops/s) | Temperatures: 64°C - 64°C - 72°C - 69°C - 65°C - 62°C - 70°C - 70°C | Throttling: None - None - None - None - None - None - None - None
3771 (4146258 Gflops/s) - 3760 (4134163 Gflops/s) - 3738 (4109974 Gflops/s) - 3742 (4114372 Gflops/s) - 3776 (4151755 Gflops/s) - 3780 (4156153 Gflops/s) - 3716 (4085785 Gflops/s) - 3688 (4054998 Gflops/s) | Temperatures: 64°C - 64°C - 71°C - 69°C - 64°C - 62°C - 70°C - 70°C | Throttling: None - None - None - None - None - None - None - None
3770 (4145158 Gflops/s) - 3759 (4133064 Gflops/s) - 3740 (4112173 Gflops/s) - 3743 (4115472 Gflops/s) - 3777 (4152855 Gflops/s) - 3781 (4157253 Gflops/s) - 3717 (4086884 Gflops/s) - 3680 (4046202 Gflops/s) | Temperatures: 64°C - 64°C - 71°C - 69°C - 64°C - 62°C - 70°C - 70°C | Throttling: None - None - None - None - None - None - None - None
3771 (4146258 Gflops/s) - 3758 (4131964 Gflops/s) - 3739 (4111073 Gflops/s) - 3743 (4115472 Gflops/s) - 3777 (4152855 Gflops/s) - 3780 (4156153 Gflops/s) - 3714 (4083586 Gflops/s) - 3680 (4046202 Gflops/s) | Temperatures: 64°C - 64°C - 71°C - 69°C - 64°C - 62°C - 70°C - 70°C | Throttling: None - None - None - None - None - None - None - None
3771 (4146258 Gflops/s) - 3759 (4133064 Gflops/s) - 3738 (4109974 Gflops/s) - 3743 (4115472 Gflops/s) - 3776 (4151755 Gflops/s) - 3781 (4157253 Gflops/s) - 3716 (4085785 Gflops/s) - 3671 (4036307 Gflops/s) | Temperatures: 64°C - 64°C - 72°C - 69°C - 64°C - 62°C - 70°C - 70°C | Throttling: None - None - None - None - None - None - None - None
3772 (4147357 Gflops/s) - 3760 (4134163 Gflops/s) - 3739 (4111073 Gflops/s) - 3740 (4112173 Gflops/s) - 3777 (4152855 Gflops/s) - 3780 (4156153 Gflops/s) - 3717 (4086884 Gflops/s) - 3683 (4049501 Gflops/s) | Temperatures: 64°C - 64°C - 71°C - 69°C - 64°C - 62°C - 70°C - 70°C | Throttling: None - None - None - None - None - None - None - None
3771 (4146258 Gflops/s) - 3758 (4131964 Gflops/s) - 3738 (4109974 Gflops/s) - 3744 (4116571 Gflops/s) - 3777 (4152855 Gflops/s) - 3781 (4157253 Gflops/s) - 3716 (4085785 Gflops/s) - 3681 (4047302 Gflops/s) | Temperatures: 64°C - 64°C - 72°C - 69°C - 64°C - 62°C - 70°C - 70°C | Throttling: None - None - None - None - None - None - None - None
3770 (4145158 Gflops/s) - 3758 (4131964 Gflops/s) - 3738 (4109974 Gflops/s) - 3740 (4112173 Gflops/s) - 3776 (4151755 Gflops/s) - 3780 (4156153 Gflops/s) - 3716 (4085785 Gflops/s) - 3675 (4040705 Gflops/s) | Temperatures: 64°C - 65°C - 72°C - 69°C - 65°C - 62°C - 70°C - 70°C | Throttling: None - None - None - None - None - None - None - None
3771 (4146258 Gflops/s) - 3759 (4133064 Gflops/s) - 3738 (4109974 Gflops/s) - 3738 (4109974 Gflops/s) - 3777 (4152855 Gflops/s) - 3781 (4157253 Gflops/s) - 3715 (4084685 Gflops/s) - 3665 (4029710 Gflops/s) | Temperatures: 64°C - 65°C - 72°C - 69°C - 65°C - 63°C - 70°C - 70°C | Throttling: None - None - None - None - None - None - None - None
3771 (4146258 Gflops/s) - 3757 (4130865 Gflops/s) - 3738 (4109974 Gflops/s) - 3744 (4116571 Gflops/s) - 3777 (4152855 Gflops/s) - 3780 (4156153 Gflops/s) - 3717 (4086884 Gflops/s) - 3679 (4045103 Gflops/s) | Temperatures: 64°C - 65°C - 72°C - 69°C - 65°C - 63°C - 71°C - 70°C | Throttling: None - None - None - None - None - None - None - None
3771 (4146258 Gflops/s) - 3757 (4130865 Gflops/s) - 3738 (4109974 Gflops/s) - 3740 (4112173 Gflops/s) - 3777 (4152855 Gflops/s) - 3781 (4157253 Gflops/s) - 3714 (4083586 Gflops/s) - 3679 (4045103 Gflops/s) | Temperatures: 64°C - 65°C - 72°C - 69°C - 65°C - 63°C - 71°C - 70°C | Throttling: None - None - None - None - None - None - None - None
3770 (4145158 Gflops/s) - 3757 (4130865 Gflops/s) - 3739 (4111073 Gflops/s) - 3740 (4112173 Gflops/s) - 3777 (4152855 Gflops/s) - 3781 (4157253 Gflops/s) - 3713 (4082486 Gflops/s) - 3658 (4022013 Gflops/s) | Temperatures: 64°C - 65°C - 72°C - 69°C - 65°C - 63°C - 71°C - 70°C | Throttling: None - None - None - None - None - None - None - None
3771 (4146258 Gflops/s) - 3760 (4134163 Gflops/s) - 3738 (4109974 Gflops/s) - 3736 (4107775 Gflops/s) - 3777 (4152855 Gflops/s) - 3780 (4156153 Gflops/s) - 3712 (4081387 Gflops/s) - 3680 (4046202 Gflops/s) | Temperatures: 64°C - 65°C - 72°C - 69°C - 65°C - 63°C - 71°C - 70°C | Throttling: None - None - None - None - None - None - None - None
3771 (4146258 Gflops/s) - 3760 (4134163 Gflops/s) - 3738 (4109974 Gflops/s) - 3737 (4108874 Gflops/s) - 3777 (4152855 Gflops/s) - 3781 (4157253 Gflops/s) - 3715 (4084685 Gflops/s) - 3678 (4044003 Gflops/s) | Temperatures: 64°C - 65°C - 72°C - 69°C - 65°C - 63°C - 71°C - 70°C | Throttling: None - None - None - None - None - None - None - None
3770 (4145158 Gflops/s) - 3755 (4128666 Gflops/s) - 3738 (4109974 Gflops/s) - 3739 (4111073 Gflops/s) - 3777 (4152855 Gflops/s) - 3780 (4156153 Gflops/s) - 3711 (4080287 Gflops/s) - 3676 (4041804 Gflops/s) | Temperatures: 64°C - 65°C - 72°C - 69°C - 65°C - 63°C - 71°C - 70°C | Throttling: None - None - None - None - None - None - None - None
3771 (4146258 Gflops/s) - 3756 (4129765 Gflops/s) - 3738 (4109974 Gflops/s) - 3736 (4107775 Gflops/s) - 3777 (4152855 Gflops/s) - 3781 (4157253 Gflops/s) - 3713 (4082486 Gflops/s) - 3664 (4028610 Gflops/s) | Temperatures: 64°C - 65°C - 72°C - 69°C - 65°C - 63°C - 71°C - 70°C | Throttling: None - None - None - None - None - None - None - None
3771 (4146258 Gflops/s) - 3760 (4134163 Gflops/s) - 3737 (4108874 Gflops/s) - 3738 (4109974 Gflops/s) - 3777 (4152855 Gflops/s) - 3780 (4156153 Gflops/s) - 3714 (4083586 Gflops/s) - 3676 (4041804 Gflops/s) | Temperatures: 64°C - 65°C - 72°C - 69°C - 65°C - 63°C - 71°C - 70°C | Throttling: None - None - None - None - None - None - None - None
3771 (4146258 Gflops/s) - 3758 (4131964 Gflops/s) - 3737 (4108874 Gflops/s) - 3737 (4108874 Gflops/s) - 3777 (4152855 Gflops/s) - 3781 (4157253 Gflops/s) - 3711 (4080287 Gflops/s) - 3676 (4041804 Gflops/s) | Temperatures: 64°C - 65°C - 72°C - 69°C - 65°C - 63°C - 71°C - 70°C | Throttling: None - None - None - None - None - None - None - None
3770 (4145158 Gflops/s) - 3752 (4125367 Gflops/s) - 3738 (4109974 Gflops/s) - 3735 (4106675 Gflops/s) - 3777 (4152855 Gflops/s) - 3780 (4156153 Gflops/s) - 3709 (4078088 Gflops/s) - 3663 (4027511 Gflops/s) | Temperatures: 64°C - 65°C - 72°C - 69°C - 65°C - 63°C - 71°C - 70°C | Throttling: None - None - None - None - None - None - None - None
3769 (4144059 Gflops/s) - 3754 (4127566 Gflops/s) - 3738 (4109974 Gflops/s) - 3736 (4107775 Gflops/s) - 3777 (4152855 Gflops/s) - 3781 (4157253 Gflops/s) - 3714 (4083586 Gflops/s) - 3672 (4037406 Gflops/s) | Temperatures: 64°C - 65°C - 72°C - 69°C - 65°C - 63°C - 71°C - 70°C | Throttling: None - None - None - None - None - None - None - None
3769 (4144059 Gflops/s) - 3756 (4129765 Gflops/s) - 3735 (4106675 Gflops/s) - 3739 (4111073 Gflops/s) - 3777 (4152855 Gflops/s) - 3780 (4156153 Gflops/s) - 3708 (4076989 Gflops/s) - 3664 (4028610 Gflops/s) | Temperatures: 64°C - 65°C - 72°C - 69°C - 65°C - 63°C - 71°C - 70°C | Throttling: None - None - None - None - None - None - None - None
3770 (4145158 Gflops/s) - 3754 (4127566 Gflops/s) - 3737 (4108874 Gflops/s) - 3737 (4108874 Gflops/s) - 3777 (4152855 Gflops/s) - 3781 (4157253 Gflops/s) - 3709 (4078088 Gflops/s) - 3665 (4029710 Gflops/s) | Temperatures: 64°C - 65°C - 72°C - 69°C - 65°C - 63°C - 71°C - 70°C | Throttling: None - None - None - None - None - None - None - None
3769 (4144059 Gflops/s) - 3757 (4130865 Gflops/s) - 3736 (4107775 Gflops/s) - 3737 (4108874 Gflops/s) - 3776 (4151755 Gflops/s) - 3780 (4156153 Gflops/s) - 3709 (4078088 Gflops/s) - 3665 (4029710 Gflops/s) | Temperatures: 64°C - 65°C - 72°C - 70°C - 65°C - 63°C - 71°C - 70°C | Throttling: None - None - None - None - None - None - None - None
3769 (4144059 Gflops/s) - 3756 (4129765 Gflops/s) - 3736 (4107775 Gflops/s) - 3736 (4107775 Gflops/s) - 3776 (4151755 Gflops/s) - 3781 (4157253 Gflops/s) - 3713 (4082486 Gflops/s) - 3678 (4044003 Gflops/s) | Temperatures: 64°C - 65°C - 72°C - 69°C - 65°C - 63°C - 71°C - 70°C | Throttling: None - None - None - None - None - None - None - None
3769 (4144059 Gflops/s) - 3755 (4128666 Gflops/s) - 3736 (4107775 Gflops/s) - 3736 (4107775 Gflops/s) - 3777 (4152855 Gflops/s) - 3780 (4156153 Gflops/s) - 3708 (4076989 Gflops/s) - 3657 (4020914 Gflops/s) | Temperatures: 64°C - 65°C - 72°C - 70°C - 65°C - 63°C - 71°C - 70°C | Throttling: None - None - None - None - None - None - None - None
3768 (4142959 Gflops/s) - 3756 (4129765 Gflops/s) - 3735 (4106675 Gflops/s) - 3736 (4107775 Gflops/s) - 3775 (4150656 Gflops/s) - 3780 (4156153 Gflops/s) - 3708 (4076989 Gflops/s) - 3663 (4027511 Gflops/s) | Temperatures: 64°C - 65°C - 72°C - 70°C - 65°C - 63°C - 71°C - 70°C | Throttling: None - None - None - None - None - None - None - None
3769 (4144059 Gflops/s) - 3753 (4126467 Gflops/s) - 3735 (4106675 Gflops/s) - 3736 (4107775 Gflops/s) - 3777 (4152855 Gflops/s) - 3781 (4157253 Gflops/s) - 3704 (4072591 Gflops/s) - 3645 (4007719 Gflops/s) | Temperatures: 65°C - 65°C - 72°C - 70°C - 65°C - 63°C - 71°C - 70°C | Throttling: None - None - None - None - None - None - None - None
3768 (4142959 Gflops/s) - 3752 (4125367 Gflops/s) - 3735 (4106675 Gflops/s) - 3736 (4107775 Gflops/s) - 3777 (4152855 Gflops/s) - 3781 (4157253 Gflops/s) - 3713 (4082486 Gflops/s) - 3652 (4015416 Gflops/s) | Temperatures: 65°C - 65°C - 72°C - 70°C - 65°C - 63°C - 71°C - 70°C | Throttling: None - None - None - None - None - None - None - None
3769 (4144059 Gflops/s) - 3756 (4129765 Gflops/s) - 3735 (4106675 Gflops/s) - 3736 (4107775 Gflops/s) - 3776 (4151755 Gflops/s) - 3780 (4156153 Gflops/s) - 3707 (4075889 Gflops/s) - 3669 (4034108 Gflops/s) | Temperatures: 65°C - 65°C - 72°C - 70°C - 65°C - 63°C - 71°C - 71°C | Throttling: None - None - None - None - None - None - None - None
3768 (4142959 Gflops/s) - 3751 (4124268 Gflops/s) - 3735 (4106675 Gflops/s) - 3737 (4108874 Gflops/s) - 3777 (4152855 Gflops/s) - 3781 (4157253 Gflops/s) - 3707 (4075889 Gflops/s) - 3665 (4029710 Gflops/s) | Temperatures: 65°C - 65°C - 73°C - 70°C - 65°C - 63°C - 71°C - 70°C | Throttling: None - None - None - None - None - None - None - None
3768 (4142959 Gflops/s) - 3751 (4124268 Gflops/s) - 3734 (4105576 Gflops/s) - 3735 (4106675 Gflops/s) - 3776 (4151755 Gflops/s) - 3781 (4157253 Gflops/s) - 3703 (4071491 Gflops/s) - 3657 (4020914 Gflops/s) | Temperatures: 65°C - 65°C - 72°C - 70°C - 65°C - 63°C - 71°C - 71°C | Throttling: None - None - None - None - None - None - None - None
3766 (4140760 Gflops/s) - 3749 (4122069 Gflops/s) - 3734 (4105576 Gflops/s) - 3733 (4104476 Gflops/s) - 3776 (4151755 Gflops/s) - 3780 (4156153 Gflops/s) - 3708 (4076989 Gflops/s) - 3650 (4013217 Gflops/s) | Temperatures: 65°C - 66°C - 73°C - 70°C - 66°C - 64°C - 71°C - 71°C | Throttling: None - None - None - None - None - None - None - None
3767 (4141860 Gflops/s) - 3752 (4125367 Gflops/s) - 3733 (4104476 Gflops/s) - 3734 (4105576 Gflops/s) - 3776 (4151755 Gflops/s) - 3781 (4157253 Gflops/s) - 3705 (4073690 Gflops/s) - 3668 (4033008 Gflops/s) | Temperatures: 65°C - 66°C - 73°C - 70°C - 66°C - 64°C - 71°C - 71°C | Throttling: None - None - None - None - None - None - None - None
3767 (4141860 Gflops/s) - 3753 (4126467 Gflops/s) - 3734 (4105576 Gflops/s) - 3736 (4107775 Gflops/s) - 3777 (4152855 Gflops/s) - 3780 (4156153 Gflops/s) - 3703 (4071491 Gflops/s) - 3653 (4016515 Gflops/s) | Temperatures: 65°C - 66°C - 73°C - 70°C - 66°C - 64°C - 71°C - 71°C | Throttling: None - None - None - None - None - None - None - None
3767 (4141860 Gflops/s) - 3749 (4122069 Gflops/s) - 3734 (4105576 Gflops/s) - 3735 (4106675 Gflops/s) - 3776 (4151755 Gflops/s) - 3781 (4157253 Gflops/s) - 3694 (4061595 Gflops/s) - 3660 (4024212 Gflops/s) | Temperatures: 65°C - 66°C - 73°C - 70°C - 66°C - 64°C - 72°C - 71°C | Throttling: None - None - None - None - None - None - None - None
3767 (4141860 Gflops/s) - 3750 (4123168 Gflops/s) - 3734 (4105576 Gflops/s) - 3736 (4107775 Gflops/s) - 3776 (4151755 Gflops/s) - 3780 (4156153 Gflops/s) - 3701 (4069292 Gflops/s) - 3652 (4015416 Gflops/s) | Temperatures: 65°C - 66°C - 73°C - 70°C - 66°C - 64°C - 72°C - 71°C | Throttling: None - None - None - None - None - None - None - None
3766 (4140760 Gflops/s) - 3749 (4122069 Gflops/s) - 3733 (4104476 Gflops/s) - 3733 (4104476 Gflops/s) - 3775 (4150656 Gflops/s) - 3780 (4156153 Gflops/s) - 3702 (4070392 Gflops/s) - 3658 (4022013 Gflops/s) | Temperatures: 65°C - 66°C - 73°C - 70°C - 66°C - 64°C - 72°C - 71°C | Throttling: None - None - None - None - None - None - None - None
3768 (4142959 Gflops/s) - 3751 (4124268 Gflops/s) - 3733 (4104476 Gflops/s) - 3732 (4103377 Gflops/s) - 3776 (4151755 Gflops/s) - 3781 (4157253 Gflops/s) - 3700 (4068193 Gflops/s) - 3653 (4016515 Gflops/s) | Temperatures: 65°C - 66°C - 73°C - 70°C - 66°C - 64°C - 72°C - 71°C | Throttling: None - None - None - None - None - None - None - None
3765 (4139661 Gflops/s) - 3747 (4119870 Gflops/s) - 3733 (4104476 Gflops/s) - 3733 (4104476 Gflops/s) - 3775 (4150656 Gflops/s) - 3780 (4156153 Gflops/s) - 3697 (4064894 Gflops/s) - 3658 (4022013 Gflops/s) | Temperatures: 65°C - 66°C - 73°C - 70°C - 66°C - 64°C - 72°C - 71°C | Throttling: None - None - None - None - None - None - None - None
3767 (4141860 Gflops/s) - 3747 (4119870 Gflops/s) - 3733 (4104476 Gflops/s) - 3733 (4104476 Gflops/s) - 3776 (4151755 Gflops/s) - 3781 (4157253 Gflops/s) - 3694 (4061595 Gflops/s) - 3656 (4019814 Gflops/s) | Temperatures: 65°C - 66°C - 73°C - 70°C - 66°C - 64°C - 72°C - 71°C | Throttling: None - None - None - None - None - None - None - None
3767 (4141860 Gflops/s) - 3749 (4122069 Gflops/s) - 3734 (4105576 Gflops/s) - 3736 (4107775 Gflops/s) - 3776 (4151755 Gflops/s) - 3780 (4156153 Gflops/s) - 3695 (4062695 Gflops/s) - 3655 (4018714 Gflops/s) | Temperatures: 65°C - 66°C - 73°C - 70°C - 66°C - 64°C - 72°C - 71°C | Throttling: None - None - None - None - None - None - None - None
3766 (4140760 Gflops/s) - 3747 (4119870 Gflops/s) - 3733 (4104476 Gflops/s) - 3732 (4103377 Gflops/s) - 3775 (4150656 Gflops/s) - 3781 (4157253 Gflops/s) - 3691 (4058297 Gflops/s) - 3644 (4006620 Gflops/s) | Temperatures: 65°C - 66°C - 73°C - 70°C - 66°C - 64°C - 72°C - 71°C | Throttling: None - None - None - None - None - None - None - None
3765 (4139661 Gflops/s) - 3749 (4122069 Gflops/s) - 3733 (4104476 Gflops/s) - 3735 (4106675 Gflops/s) - 3776 (4151755 Gflops/s) - 3780 (4156153 Gflops/s) - 3698 (4065993 Gflops/s) - 3644 (4006620 Gflops/s) | Temperatures: 65°C - 66°C - 73°C - 70°C - 66°C - 64°C - 72°C - 71°C | Throttling: None - None - None - None - None - None - None - None
3765 (4139661 Gflops/s) - 3750 (4123168 Gflops/s) - 3734 (4105576 Gflops/s) - 3732 (4103377 Gflops/s) - 3775 (4150656 Gflops/s) - 3780 (4156153 Gflops/s) - 3698 (4065993 Gflops/s) - 3654 (4017615 Gflops/s) | Temperatures: 65°C - 66°C - 73°C - 70°C - 66°C - 64°C - 72°C - 71°C | Throttling: None - None - None - None - None - None - None - None
3766 (4140760 Gflops/s) - 3748 (4120969 Gflops/s) - 3733 (4104476 Gflops/s) - 3734 (4105576 Gflops/s) - 3776 (4151755 Gflops/s) - 3781 (4157253 Gflops/s) - 3695 (4062695 Gflops/s) - 3658 (4022013 Gflops/s) | Temperatures: 65°C - 66°C - 73°C - 70°C - 66°C - 64°C - 72°C - 71°C | Throttling: None - None - None - None - None - None - None - None
3766 (4140760 Gflops/s) - 3751 (4124268 Gflops/s) - 3733 (4104476 Gflops/s) - 3735 (4106675 Gflops/s) - 3775 (4150656 Gflops/s) - 3781 (4157253 Gflops/s) - 3698 (4065993 Gflops/s) - 3656 (4019814 Gflops/s) | Temperatures: 65°C - 66°C - 73°C - 70°C - 66°C - 64°C - 72°C - 71°C | Throttling: None - None - None - None - None - None - None - None
3766 (4140760 Gflops/s) - 3748 (4120969 Gflops/s) - 3734 (4105576 Gflops/s) - 3736 (4107775 Gflops/s) - 3775 (4150656 Gflops/s) - 3781 (4157253 Gflops/s) - 3699 (4067093 Gflops/s) - 3645 (4007719 Gflops/s) | Temperatures: 65°C - 66°C - 73°C - 70°C - 66°C - 64°C - 72°C - 71°C | Throttling: None - None - None - None - None - None - None - None
3765 (4139661 Gflops/s) - 3748 (4120969 Gflops/s) - 3733 (4104476 Gflops/s) - 3734 (4105576 Gflops/s) - 3775 (4150656 Gflops/s) - 3780 (4156153 Gflops/s) - 3688 (4054998 Gflops/s) - 3649 (4012117 Gflops/s) | Temperatures: 65°C - 66°C - 73°C - 70°C - 66°C - 64°C - 72°C - 71°C | Throttling: None - None - None - None - None - None - None - None
3766 (4140760 Gflops/s) - 3746 (4118770 Gflops/s) - 3734 (4105576 Gflops/s) - 3735 (4106675 Gflops/s) - 3776 (4151755 Gflops/s) - 3781 (4157253 Gflops/s) - 3696 (4063794 Gflops/s) - 3641 (4003321 Gflops/s) | Temperatures: 65°C - 66°C - 73°C - 70°C - 66°C - 64°C - 72°C - 71°C | Throttling: None - None - None - None - None - None - None - None
3765 (4139661 Gflops/s) - 3747 (4119870 Gflops/s) - 3733 (4104476 Gflops/s) - 3734 (4105576 Gflops/s) - 3774 (4149556 Gflops/s) - 3780 (4156153 Gflops/s) - 3693 (4060496 Gflops/s) - 3639 (4001122 Gflops/s) | Temperatures: 65°C - 66°C - 73°C - 70°C - 66°C - 64°C - 72°C - 71°C | Throttling: None - None - None - None - None - None - None - None
3765 (4139661 Gflops/s) - 3749 (4122069 Gflops/s) - 3734 (4105576 Gflops/s) - 3733 (4104476 Gflops/s) - 3774 (4149556 Gflops/s) - 3780 (4156153 Gflops/s) - 3692 (4059396 Gflops/s) - 3641 (4003321 Gflops/s) | Temperatures: 65°C - 66°C - 73°C - 71°C - 66°C - 64°C - 72°C - 71°C | Throttling: None - None - None - None - None - None - None - None
3765 (4139661 Gflops/s) - 3747 (4119870 Gflops/s) - 3732 (4103377 Gflops/s) - 3732 (4103377 Gflops/s) - 3774 (4149556 Gflops/s) - 3781 (4157253 Gflops/s) - 3697 (4064894 Gflops/s) - 3655 (4018714 Gflops/s) | Temperatures: 65°C - 66°C - 73°C - 70°C - 66°C - 64°C - 72°C - 71°C | Throttling: None - None - None - None - None - None - None - None
3764 (4138561 Gflops/s) - 3746 (4118770 Gflops/s) - 3733 (4104476 Gflops/s) - 3732 (4103377 Gflops/s) - 3773 (4148457 Gflops/s) - 3779 (4155054 Gflops/s) - 3694 (4061595 Gflops/s) - 3646 (4008819 Gflops/s) | Temperatures: 65°C - 66°C - 73°C - 70°C - 66°C - 64°C - 72°C - 71°C | Throttling: None - None - None - None - None - None - None - None
3765 (4139661 Gflops/s) - 3746 (4118770 Gflops/s) - 3733 (4104476 Gflops/s) - 3735 (4106675 Gflops/s) - 3773 (4148457 Gflops/s) - 3781 (4157253 Gflops/s) - 3690 (4057197 Gflops/s) - 3647 (4009918 Gflops/s) | Temperatures: 65°C - 66°C - 73°C - 71°C - 66°C - 64°C - 72°C - 71°C | Throttling: None - None - None - None - None - None - None - None
3764 (4138561 Gflops/s) - 3747 (4119870 Gflops/s) - 3731 (4102277 Gflops/s) - 3734 (4105576 Gflops/s) - 3774 (4149556 Gflops/s) - 3780 (4156153 Gflops/s) - 3695 (4062695 Gflops/s) - 3651 (4014316 Gflops/s) | Temperatures: 65°C - 66°C - 73°C - 71°C - 66°C - 64°C - 72°C - 71°C | Throttling: None - None - None - None - None - None - None - None
3766 (4140760 Gflops/s) - 3748 (4120969 Gflops/s) - 3733 (4104476 Gflops/s) - 3732 (4103377 Gflops/s) - 3775 (4150656 Gflops/s) - 3781 (4157253 Gflops/s) - 3690 (4057197 Gflops/s) - 3647 (4009918 Gflops/s) | Temperatures: 65°C - 66°C - 73°C - 71°C - 66°C - 64°C - 72°C - 71°C | Throttling: None - None - None - None - None - None - None - None
3764 (4138561 Gflops/s) - 3745 (4117671 Gflops/s) - 3733 (4104476 Gflops/s) - 3733 (4104476 Gflops/s) - 3773 (4148457 Gflops/s) - 3780 (4156153 Gflops/s) - 3691 (4058297 Gflops/s) - 3645 (4007719 Gflops/s) | Temperatures: 65°C - 66°C - 73°C - 71°C - 66°C - 64°C - 72°C - 71°C | Throttling: None - None - None - None - None - None - None - None
3765 (4139661 Gflops/s) - 3746 (4118770 Gflops/s) - 3730 (4101178 Gflops/s) - 3732 (4103377 Gflops/s) - 3773 (4148457 Gflops/s) - 3780 (4156153 Gflops/s) - 3698 (4065993 Gflops/s) - 3651 (4014316 Gflops/s) | Temperatures: 65°C - 66°C - 73°C - 71°C - 66°C - 64°C - 72°C - 71°C | Throttling: None - None - None - None - None - None - None - None
3764 (4138561 Gflops/s) - 3744 (4116571 Gflops/s) - 3732 (4103377 Gflops/s) - 3731 (4102277 Gflops/s) - 3773 (4148457 Gflops/s) - 3781 (4157253 Gflops/s) - 3700 (4068193 Gflops/s) - 3649 (4012117 Gflops/s) | Temperatures: 66°C - 66°C - 73°C - 71°C - 66°C - 64°C - 72°C - 71°C | Throttling: None - None - None - None - None - None - None - None
3764 (4138561 Gflops/s) - 3745 (4117671 Gflops/s) - 3732 (4103377 Gflops/s) - 3731 (4102277 Gflops/s) - 3774 (4149556 Gflops/s) - 3780 (4156153 Gflops/s) - 3692 (4059396 Gflops/s) - 3653 (4016515 Gflops/s) | Temperatures: 66°C - 66°C - 73°C - 71°C - 66°C - 64°C - 72°C - 71°C | Throttling: None - None - None - None - None - None - None - None
3765 (4139661 Gflops/s) - 3743 (4115472 Gflops/s) - 3732 (4103377 Gflops/s) - 3732 (4103377 Gflops/s) - 3774 (4149556 Gflops/s) - 3781 (4157253 Gflops/s) - 3691 (4058297 Gflops/s) - 3655 (4018714 Gflops/s) | Temperatures: 66°C - 66°C - 73°C - 71°C - 66°C - 64°C - 72°C - 71°C | Throttling: None - None - None - None - None - None - None - None
3763 (4137462 Gflops/s) - 3745 (4117671 Gflops/s) - 3732 (4103377 Gflops/s) - 3730 (4101178 Gflops/s) - 3773 (4148457 Gflops/s) - 3780 (4156153 Gflops/s) - 3690 (4057197 Gflops/s) - 3642 (4004421 Gflops/s) | Temperatures: 66°C - 66°C - 74°C - 71°C - 66°C - 64°C - 72°C - 71°C | Throttling: None - None - None - None - None - None - None - None
3764 (4138561 Gflops/s) - 3746 (4118770 Gflops/s) - 3731 (4102277 Gflops/s) - 3727 (4097879 Gflops/s) - 3773 (4148457 Gflops/s) - 3780 (4156153 Gflops/s) - 3689 (4056098 Gflops/s) - 3646 (4008819 Gflops/s) | Temperatures: 66°C - 66°C - 74°C - 71°C - 66°C - 64°C - 72°C - 71°C | Throttling: None - None - None - None - None - None - None - None
3764 (4138561 Gflops/s) - 3746 (4118770 Gflops/s) - 3731 (4102277 Gflops/s) - 3732 (4103377 Gflops/s) - 3773 (4148457 Gflops/s) - 3780 (4156153 Gflops/s) - 3689 (4056098 Gflops/s) - 3648 (4011018 Gflops/s) | Temperatures: 66°C - 66°C - 74°C - 71°C - 66°C - 64°C - 72°C - 72°C | Throttling: None - None - None - None - None - None - None - None
3764 (4138561 Gflops/s) - 3744 (4116571 Gflops/s) - 3731 (4102277 Gflops/s) - 3731 (4102277 Gflops/s) - 3774 (4149556 Gflops/s) - 3781 (4157253 Gflops/s) - 3693 (4060496 Gflops/s) - 3644 (4006620 Gflops/s) | Temperatures: 66°C - 66°C - 74°C - 71°C - 66°C - 64°C - 72°C - 72°C | Throttling: None - None - None - None - None - None - None - None
3763 (4137462 Gflops/s) - 3744 (4116571 Gflops/s) - 3732 (4103377 Gflops/s) - 3728 (4098979 Gflops/s) - 3772 (4147357 Gflops/s) - 3780 (4156153 Gflops/s) - 3684 (4050600 Gflops/s) - 3649 (4012117 Gflops/s) | Temperatures: 66°C - 66°C - 74°C - 71°C - 66°C - 65°C - 72°C - 71°C | Throttling: None - None - None - None - None - None - None - None
3764 (4138561 Gflops/s) - 3745 (4117671 Gflops/s) - 3728 (4098979 Gflops/s) - 3732 (4103377 Gflops/s) - 3774 (4149556 Gflops/s) - 3780 (4156153 Gflops/s) - 3684 (4050600 Gflops/s) - 3647 (4009918 Gflops/s) | Temperatures: 66°C - 66°C - 74°C - 71°C - 67°C - 65°C - 72°C - 72°C | Throttling: None - None - None - None - None - None - None - None
3765 (4139661 Gflops/s) - 3743 (4115472 Gflops/s) - 3730 (4101178 Gflops/s) - 3732 (4103377 Gflops/s) - 3772 (4147357 Gflops/s) - 3781 (4157253 Gflops/s) - 3690 (4057197 Gflops/s) - 3646 (4008819 Gflops/s) | Temperatures: 66°C - 66°C - 74°C - 71°C - 67°C - 65°C - 72°C - 72°C | Throttling: None - None - None - None - None - None - None - None
3764 (4138561 Gflops/s) - 3743 (4115472 Gflops/s) - 3730 (4101178 Gflops/s) - 3730 (4101178 Gflops/s) - 3772 (4147357 Gflops/s) - 3776 (4151755 Gflops/s) - 3687 (4053899 Gflops/s) - 3634 (3995625 Gflops/s) | Temperatures: 66°C - 67°C - 74°C - 71°C - 67°C - 65°C - 73°C - 71°C | Throttling: None - None - None - None - None - None - None - None
3762 (4136362 Gflops/s) - 3745 (4117671 Gflops/s) - 3730 (4101178 Gflops/s) - 3729 (4100078 Gflops/s) - 3773 (4148457 Gflops/s) - 3772 (4147357 Gflops/s) - 3688 (4054998 Gflops/s) - 3639 (4001122 Gflops/s) | Temperatures: 66°C - 66°C - 74°C - 71°C - 67°C - 65°C - 73°C - 72°C | Throttling: None - None - None - None - None - None - None - None
3763 (4137462 Gflops/s) - 3746 (4118770 Gflops/s) - 3730 (4101178 Gflops/s) - 3732 (4103377 Gflops/s) - 3772 (4147357 Gflops/s) - 3773 (4148457 Gflops/s) - 3693 (4060496 Gflops/s) - 3645 (4007719 Gflops/s) | Temperatures: 66°C - 66°C - 74°C - 71°C - 67°C - 65°C - 73°C - 72°C | Throttling: None - None - None - None - None - None - None - None
3763 (4137462 Gflops/s) - 3742 (4114372 Gflops/s) - 3730 (4101178 Gflops/s) - 3728 (4098979 Gflops/s) - 3772 (4147357 Gflops/s) - 3773 (4148457 Gflops/s) - 3691 (4058297 Gflops/s) - 3639 (4001122 Gflops/s) | Temperatures: 66°C - 66°C - 74°C - 71°C - 67°C - 65°C - 73°C - 72°C | Throttling: None - None - None - None - None - None - None - None
3762 (4136362 Gflops/s) - 3743 (4115472 Gflops/s) - 3728 (4098979 Gflops/s) - 3729 (4100078 Gflops/s) - 3773 (4148457 Gflops/s) - 3772 (4147357 Gflops/s) - 3692 (4059396 Gflops/s) - 3641 (4003321 Gflops/s) | Temperatures: 66°C - 66°C - 74°C - 71°C - 67°C - 65°C - 73°C - 72°C | Throttling: None - None - None - None - None - None - None - None
3762 (4136362 Gflops/s) - 3742 (4114372 Gflops/s) - 3730 (4101178 Gflops/s) - 3731 (4102277 Gflops/s) - 3772 (4147357 Gflops/s) - 3773 (4148457 Gflops/s) - 3687 (4053899 Gflops/s) - 3640 (4002222 Gflops/s) | Temperatures: 66°C - 66°C - 74°C - 71°C - 67°C - 65°C - 73°C - 72°C | Throttling: None - None - None - None - None - None - None - None
3762 (4136362 Gflops/s) - 3744 (4116571 Gflops/s) - 3730 (4101178 Gflops/s) - 3728 (4098979 Gflops/s) - 3772 (4147357 Gflops/s) - 3772 (4147357 Gflops/s) - 3686 (4052799 Gflops/s) - 3640 (4002222 Gflops/s) | Temperatures: 66°C - 67°C - 74°C - 71°C - 67°C - 65°C - 73°C - 72°C | Throttling: None - None - None - None - None - None - None - None
3762 (4136362 Gflops/s) - 3743 (4115472 Gflops/s) - 3728 (4098979 Gflops/s) - 3728 (4098979 Gflops/s) - 3773 (4148457 Gflops/s) - 3773 (4148457 Gflops/s) - 3693 (4060496 Gflops/s) - 3632 (3993426 Gflops/s) | Temperatures: 66°C - 67°C - 74°C - 71°C - 67°C - 65°C - 73°C - 71°C | Throttling: None - None - None - None - None - None - None - None
3763 (4137462 Gflops/s) - 3742 (4114372 Gflops/s) - 3729 (4100078 Gflops/s) - 3727 (4097879 Gflops/s) - 3772 (4147357 Gflops/s) - 3773 (4148457 Gflops/s) - 3690 (4057197 Gflops/s) - 3641 (4003321 Gflops/s) | Temperatures: 66°C - 67°C - 74°C - 71°C - 67°C - 65°C - 73°C - 72°C | Throttling: None - None - None - None - None - None - None - None
3761 (4135263 Gflops/s) - 3741 (4113272 Gflops/s) - 3729 (4100078 Gflops/s) - 3729 (4100078 Gflops/s) - 3771 (4146258 Gflops/s) - 3772 (4147357 Gflops/s) - 3683 (4049501 Gflops/s) - 3643 (4005520 Gflops/s) | Temperatures: 66°C - 67°C - 74°C - 71°C - 67°C - 65°C - 73°C - 72°C | Throttling: None - None - None - None - None - None - None - None
3762 (4136362 Gflops/s) - 3743 (4115472 Gflops/s) - 3728 (4098979 Gflops/s) - 3728 (4098979 Gflops/s) - 3772 (4147357 Gflops/s) - 3772 (4147357 Gflops/s) - 3689 (4056098 Gflops/s) - 3638 (4000023 Gflops/s) | Temperatures: 66°C - 67°C - 74°C - 71°C - 67°C - 65°C - 73°C - 72°C | Throttling: None - None - None - None - None - None - None - None
3761 (4135263 Gflops/s) - 3740 (4112173 Gflops/s) - 3729 (4100078 Gflops/s) - 3728 (4098979 Gflops/s) - 3772 (4147357 Gflops/s) - 3772 (4147357 Gflops/s) - 3685 (4051700 Gflops/s) - 3638 (4000023 Gflops/s) | Temperatures: 66°C - 67°C - 74°C - 71°C - 67°C - 65°C - 73°C - 72°C | Throttling: None - None - None - None - None - None - None - None
3764 (4138561 Gflops/s) - 3741 (4113272 Gflops/s) - 3727 (4097879 Gflops/s) - 3728 (4098979 Gflops/s) - 3772 (4147357 Gflops/s) - 3773 (4148457 Gflops/s) - 3689 (4056098 Gflops/s) - 3635 (3996724 Gflops/s) | Temperatures: 66°C - 67°C - 74°C - 71°C - 67°C - 65°C - 73°C - 72°C | Throttling: None - None - None - None - None - None - None - None
3762 (4136362 Gflops/s) - 3741 (4113272 Gflops/s) - 3730 (4101178 Gflops/s) - 3726 (4096780 Gflops/s) - 3771 (4146258 Gflops/s) - 3773 (4148457 Gflops/s) - 3690 (4057197 Gflops/s) - 3644 (4006620 Gflops/s) | Temperatures: 66°C - 67°C - 74°C - 71°C - 67°C - 65°C - 73°C - 72°C | Throttling: None - None - None - None - None - None - None - None
3762 (4136362 Gflops/s) - 3742 (4114372 Gflops/s) - 3730 (4101178 Gflops/s) - 3728 (4098979 Gflops/s) - 3772 (4147357 Gflops/s) - 3773 (4148457 Gflops/s) - 3685 (4051700 Gflops/s) - 3643 (4005520 Gflops/s) | Temperatures: 66°C - 67°C - 74°C - 71°C - 67°C - 65°C - 73°C - 72°C | Throttling: None - None - None - None - None - None - None - None
3757 (4130865 Gflops/s) - 3738 (4109974 Gflops/s) - 3726 (4096780 Gflops/s) - 3726 (4096780 Gflops/s) - 3768 (4142959 Gflops/s) - 3769 (4144059 Gflops/s) - 3683 (4049501 Gflops/s) - 3634 (3995625 Gflops/s) | Temperatures: 66°C - 67°C - 74°C - 71°C - 67°C - 65°C - 73°C - 72°C | Throttling: None - None - None - None - None - None - None - None
3764 (4138561 Gflops/s) - 3746 (4118770 Gflops/s) - 3733 (4104476 Gflops/s) - 3728 (4098979 Gflops/s) - 3775 (4150656 Gflops/s) - 3776 (4151755 Gflops/s) - 3687 (4053899 Gflops/s) - 3645 (4007719 Gflops/s) | Temperatures: 66°C - 67°C - 74°C - 71°C - 67°C - 65°C - 73°C - 72°C | Throttling: None - None - None - None - None - None - None - None
3762 (4136362 Gflops/s) - 3741 (4113272 Gflops/s) - 3729 (4100078 Gflops/s) - 3728 (4098979 Gflops/s) - 3772 (4147357 Gflops/s) - 3773 (4148457 Gflops/s) - 3685 (4051700 Gflops/s) - 3643 (4005520 Gflops/s) | Temperatures: 66°C - 67°C - 74°C - 71°C - 67°C - 65°C - 73°C - 72°C | Throttling: None - None - None - None - None - None - None - None
3762 (4136362 Gflops/s) - 3741 (4113272 Gflops/s) - 3728 (4098979 Gflops/s) - 3728 (4098979 Gflops/s) - 3770 (4145158 Gflops/s) - 3772 (4147357 Gflops/s) - 3679 (4045103 Gflops/s) - 3636 (3997824 Gflops/s) | Temperatures: 66°C - 67°C - 74°C - 71°C - 67°C - 65°C - 73°C - 72°C | Throttling: None - None - None - None - None - None - None - None
3761 (4135263 Gflops/s) - 3741 (4113272 Gflops/s) - 3730 (4101178 Gflops/s) - 3729 (4100078 Gflops/s) - 3771 (4146258 Gflops/s) - 3772 (4147357 Gflops/s) - 3684 (4050600 Gflops/s) - 3636 (3997824 Gflops/s) | Temperatures: 66°C - 67°C - 74°C - 71°C - 67°C - 65°C - 73°C - 72°C | Throttling: None - None - None - None - None - None - None - None
3762 (4136362 Gflops/s) - 3742 (4114372 Gflops/s) - 3728 (4098979 Gflops/s) - 3728 (4098979 Gflops/s) - 3772 (4147357 Gflops/s) - 3772 (4147357 Gflops/s) - 3686 (4052799 Gflops/s) - 3644 (4006620 Gflops/s) | Temperatures: 66°C - 67°C - 74°C - 71°C - 67°C - 65°C - 73°C - 72°C | Throttling: None - None - None - None - None - None - None - None
3760 (4134163 Gflops/s) - 3740 (4112173 Gflops/s) - 3728 (4098979 Gflops/s) - 3727 (4097879 Gflops/s) - 3771 (4146258 Gflops/s) - 3773 (4148457 Gflops/s) - 3687 (4053899 Gflops/s) - 3632 (3993426 Gflops/s) | Temperatures: 66°C - 67°C - 74°C - 71°C - 67°C - 65°C - 73°C - 72°C | Throttling: None - None - None - None - None - None - None - None
3762 (4136362 Gflops/s) - 3740 (4112173 Gflops/s) - 3729 (4100078 Gflops/s) - 3727 (4097879 Gflops/s) - 3771 (4146258 Gflops/s) - 3773 (4148457 Gflops/s) - 3674 (4039605 Gflops/s) - 3643 (4005520 Gflops/s) | Temperatures: 66°C - 67°C - 74°C - 71°C - 67°C - 65°C - 73°C - 72°C | Throttling: None - None - None - None - None - None - None - None
3760 (4134163 Gflops/s) - 3741 (4113272 Gflops/s) - 3729 (4100078 Gflops/s) - 3728 (4098979 Gflops/s) - 3771 (4146258 Gflops/s) - 3772 (4147357 Gflops/s) - 3686 (4052799 Gflops/s) - 3643 (4005520 Gflops/s) | Temperatures: 66°C - 67°C - 74°C - 71°C - 67°C - 65°C - 73°C - 72°C | Throttling: None - None - None - None - None - None - None - None
3758 (4131964 Gflops/s) - 3737 (4108874 Gflops/s) - 3724 (4094581 Gflops/s) - 3723 (4093481 Gflops/s) - 3766 (4140760 Gflops/s) - 3768 (4142959 Gflops/s) - 3681 (4047302 Gflops/s) - 3630 (3991227 Gflops/s) | Temperatures: 66°C - 67°C - 74°C - 71°C - 67°C - 65°C - 73°C - 72°C | Throttling: None - None - None - None - None - None - None - None
3760 (4134163 Gflops/s) - 3740 (4112173 Gflops/s) - 3729 (4100078 Gflops/s) - 3729 (4100078 Gflops/s) - 3771 (4146258 Gflops/s) - 3772 (4147357 Gflops/s) - 3687 (4053899 Gflops/s) - 3643 (4005520 Gflops/s) | Temperatures: 66°C - 67°C - 74°C - 71°C - 67°C - 65°C - 73°C - 72°C | Throttling: None - None - None - None - None - None - None - None
3766 (4140760 Gflops/s) - 3743 (4115472 Gflops/s) - 3733 (4104476 Gflops/s) - 3729 (4100078 Gflops/s) - 3775 (4150656 Gflops/s) - 3776 (4151755 Gflops/s) - 3693 (4060496 Gflops/s) - 3636 (3997824 Gflops/s) | Temperatures: 66°C - 67°C - 74°C - 71°C - 67°C - 65°C - 73°C - 72°C | Throttling: None - None - None - None - None - None - None - None
3756 (4129765 Gflops/s) - 3738 (4109974 Gflops/s) - 3725 (4095680 Gflops/s) - 3723 (4093481 Gflops/s) - 3768 (4142959 Gflops/s) - 3768 (4142959 Gflops/s) - 3674 (4039605 Gflops/s) - 3635 (3996724 Gflops/s) | Temperatures: 66°C - 67°C - 74°C - 71°C - 67°C - 65°C - 73°C - 72°C | Throttling: None - None - None - None - None - None - None - None
3761 (4135263 Gflops/s) - 3741 (4113272 Gflops/s) - 3729 (4100078 Gflops/s) - 3727 (4097879 Gflops/s) - 3770 (4145158 Gflops/s) - 3773 (4148457 Gflops/s) - 3691 (4058297 Gflops/s) - 3640 (4002222 Gflops/s) | Temperatures: 66°C - 67°C - 74°C - 71°C - 67°C - 65°C - 73°C - 72°C | Throttling: None - None - None - None - None - None - None - None
3761 (4135263 Gflops/s) - 3739 (4111073 Gflops/s) - 3727 (4097879 Gflops/s) - 3728 (4098979 Gflops/s) - 3772 (4147357 Gflops/s) - 3772 (4147357 Gflops/s) - 3687 (4053899 Gflops/s) - 3639 (4001122 Gflops/s) | Temperatures: 66°C - 67°C - 74°C - 71°C - 67°C - 65°C - 73°C - 72°C | Throttling: None - None - None - None - None - None - None - None
3762 (4136362 Gflops/s) - 3743 (4115472 Gflops/s) - 3728 (4098979 Gflops/s) - 3727 (4097879 Gflops/s) - 3771 (4146258 Gflops/s) - 3773 (4148457 Gflops/s) - 3682 (4048401 Gflops/s) - 3642 (4004421 Gflops/s) | Temperatures: 66°C - 67°C - 74°C - 71°C - 67°C - 65°C - 73°C - 72°C | Throttling: None - None - None - None - None - None - None - None
3761 (4135263 Gflops/s) - 3741 (4113272 Gflops/s) - 3730 (4101178 Gflops/s) - 3727 (4097879 Gflops/s) - 3771 (4146258 Gflops/s) - 3772 (4147357 Gflops/s) - 3686 (4052799 Gflops/s) - 3640 (4002222 Gflops/s) | Temperatures: 66°C - 67°C - 74°C - 71°C - 67°C - 65°C - 73°C - 72°C | Throttling: None - None - None - None - None - None - None - None
3762 (4136362 Gflops/s) - 3741 (4113272 Gflops/s) - 3729 (4100078 Gflops/s) - 3726 (4096780 Gflops/s) - 3772 (4147357 Gflops/s) - 3772 (4147357 Gflops/s) - 3680 (4046202 Gflops/s) - 3651 (4014316 Gflops/s) | Temperatures: 66°C - 67°C - 74°C - 71°C - 67°C - 65°C - 73°C - 72°C | Throttling: None - None - None - None - None - None - None - None
3761 (4135263 Gflops/s) - 3743 (4115472 Gflops/s) - 3730 (4101178 Gflops/s) - 3727 (4097879 Gflops/s) - 3771 (4146258 Gflops/s) - 3773 (4148457 Gflops/s) - 3687 (4053899 Gflops/s) - 3637 (3998923 Gflops/s) | Temperatures: 66°C - 67°C - 74°C - 71°C - 67°C - 65°C - 73°C - 72°C | Throttling: None - None - None - None - None - None - None - None
3762 (4136362 Gflops/s) - 3743 (4115472 Gflops/s) - 3729 (4100078 Gflops/s) - 3727 (4097879 Gflops/s) - 3772 (4147357 Gflops/s) - 3772 (4147357 Gflops/s) - 3688 (4054998 Gflops/s) - 3637 (3998923 Gflops/s) | Temperatures: 66°C - 67°C - 74°C - 71°C - 67°C - 65°C - 73°C - 72°C | Throttling: None - None - None - None - None - None - None - None
3761 (4135263 Gflops/s) - 3743 (4115472 Gflops/s) - 3730 (4101178 Gflops/s) - 3729 (4100078 Gflops/s) - 3771 (4146258 Gflops/s) - 3772 (4147357 Gflops/s) - 3680 (4046202 Gflops/s) - 3638 (4000023 Gflops/s) | Temperatures: 66°C - 67°C - 74°C - 71°C - 67°C - 65°C - 73°C - 72°C | Throttling: None - None - None - None - None - None - None - None
3762 (4136362 Gflops/s) - 3740 (4112173 Gflops/s) - 3728 (4098979 Gflops/s) - 3726 (4096780 Gflops/s) - 3771 (4146258 Gflops/s) - 3773 (4148457 Gflops/s) - 3684 (4050600 Gflops/s) - 3644 (4006620 Gflops/s) | Temperatures: 66°C - 67°C - 74°C - 71°C - 67°C - 65°C - 73°C - 72°C | Throttling: None - None - None - None - None - None - None - None
3761 (4135263 Gflops/s) - 3741 (4113272 Gflops/s) - 3727 (4097879 Gflops/s) - 3726 (4096780 Gflops/s) - 3773 (4148457 Gflops/s) - 3772 (4147357 Gflops/s) - 3691 (4058297 Gflops/s) - 3639 (4001122 Gflops/s) | Temperatures: 66°C - 67°C - 74°C - 71°C - 67°C - 65°C - 73°C - 72°C | Throttling: None - None - None - None - None - None - None - None
3762 (4136362 Gflops/s) - 3744 (4116571 Gflops/s) - 3727 (4097879 Gflops/s) - 3726 (4096780 Gflops/s) - 3771 (4146258 Gflops/s) - 3773 (4148457 Gflops/s) - 3683 (4049501 Gflops/s) - 3648 (4011018 Gflops/s) | Temperatures: 66°C - 67°C - 74°C - 71°C - 67°C - 65°C - 73°C - 72°C | Throttling: None - None - None - None - None - None - None - None
3762 (4136362 Gflops/s) - 3744 (4116571 Gflops/s) - 3729 (4100078 Gflops/s) - 3730 (4101178 Gflops/s) - 3771 (4146258 Gflops/s) - 3772 (4147357 Gflops/s) - 3687 (4053899 Gflops/s) - 3642 (4004421 Gflops/s) | Temperatures: 66°C - 67°C - 74°C - 71°C - 67°C - 65°C - 73°C - 72°C | Throttling: None - None - None - None - None - None - None - None
3763 (4137462 Gflops/s) - 3743 (4115472 Gflops/s) - 3728 (4098979 Gflops/s) - 3728 (4098979 Gflops/s) - 3773 (4148457 Gflops/s) - 3772 (4147357 Gflops/s) - 3683 (4049501 Gflops/s) - 3632 (3993426 Gflops/s) | Temperatures: 66°C - 67°C - 74°C - 71°C - 67°C - 65°C - 73°C - 72°C | Throttling: None - None - None - None - None - None - None - None
3762 (4136362 Gflops/s) - 3743 (4115472 Gflops/s) - 3728 (4098979 Gflops/s) - 3727 (4097879 Gflops/s) - 3772 (4147357 Gflops/s) - 3772 (4147357 Gflops/s) - 3690 (4057197 Gflops/s) - 3642 (4004421 Gflops/s) | Temperatures: 66°C - 67°C - 74°C - 71°C - 67°C - 65°C - 73°C - 72°C | Throttling: None - None - None - None - None - None - None - None
3762 (4136362 Gflops/s) - 3740 (4112173 Gflops/s) - 3729 (4100078 Gflops/s) - 3727 (4097879 Gflops/s) - 3771 (4146258 Gflops/s) - 3772 (4147357 Gflops/s) - 3678 (4044003 Gflops/s) - 3636 (3997824 Gflops/s) | Temperatures: 66°C - 67°C - 74°C - 71°C - 67°C - 65°C - 73°C - 72°C | Throttling: None - None - None - None - None - None - None - None
3763 (4137462 Gflops/s) - 3741 (4113272 Gflops/s) - 3728 (4098979 Gflops/s) - 3729 (4100078 Gflops/s) - 3771 (4146258 Gflops/s) - 3772 (4147357 Gflops/s) - 3683 (4049501 Gflops/s) - 3641 (4003321 Gflops/s) | Temperatures: 66°C - 67°C - 74°C - 71°C - 67°C - 65°C - 73°C - 72°C | Throttling: None - None - None - None - None - None - None - None
3762 (4136362 Gflops/s) - 3741 (4113272 Gflops/s) - 3728 (4098979 Gflops/s) - 3728 (4098979 Gflops/s) - 3773 (4148457 Gflops/s) - 3773 (4148457 Gflops/s) - 3684 (4050600 Gflops/s) - 3638 (4000023 Gflops/s) | Temperatures: 66°C - 67°C - 74°C - 71°C - 67°C - 65°C - 73°C - 72°C | Throttling: None - None - None - None - None - None - None - None
3762 (4136362 Gflops/s) - 3742 (4114372 Gflops/s) - 3729 (4100078 Gflops/s) - 3729 (4100078 Gflops/s) - 3772 (4147357 Gflops/s) - 3772 (4147357 Gflops/s) - 3690 (4057197 Gflops/s) - 3644 (4006620 Gflops/s) | Temperatures: 66°C - 67°C - 74°C - 71°C - 67°C - 65°C - 73°C - 72°C | Throttling: None - None - None - None - None - None - None - None
3763 (4137462 Gflops/s) - 3742 (4114372 Gflops/s) - 3730 (4101178 Gflops/s) - 3729 (4100078 Gflops/s) - 3772 (4147357 Gflops/s) - 3771 (4146258 Gflops/s) - 3687 (4053899 Gflops/s) - 3640 (4002222 Gflops/s) | Temperatures: 66°C - 67°C - 74°C - 71°C - 67°C - 65°C - 73°C - 72°C | Throttling: None - None - None - None - None - None - None - None
3762 (4136362 Gflops/s) - 3740 (4112173 Gflops/s) - 3731 (4102277 Gflops/s) - 3726 (4096780 Gflops/s) - 3771 (4146258 Gflops/s) - 3772 (4147357 Gflops/s) - 3691 (4058297 Gflops/s) - 3639 (4001122 Gflops/s) | Temperatures: 66°C - 67°C - 74°C - 71°C - 67°C - 65°C - 73°C - 72°C | Throttling: None - None - None - None - None - None - None - None
3762 (4136362 Gflops/s) - 3743 (4115472 Gflops/s) - 3729 (4100078 Gflops/s) - 3728 (4098979 Gflops/s) - 3772 (4147357 Gflops/s) - 3772 (4147357 Gflops/s) - 3684 (4050600 Gflops/s) - 3638 (4000023 Gflops/s) | Temperatures: 66°C - 67°C - 74°C - 71°C - 67°C - 65°C - 73°C - 72°C | Throttling: None - None - None - None - None - None - None - None
3762 (4136362 Gflops/s) - 3743 (4115472 Gflops/s) - 3728 (4098979 Gflops/s) - 3727 (4097879 Gflops/s) - 3773 (4148457 Gflops/s) - 3772 (4147357 Gflops/s) - 3684 (4050600 Gflops/s) - 3634 (3995625 Gflops/s) | Temperatures: 66°C - 67°C - 74°C - 71°C - 67°C - 65°C - 73°C - 72°C | Throttling: None - None - None - None - None - None - None - None
3765 (4139661 Gflops/s) - 3748 (4120969 Gflops/s) - 3732 (4103377 Gflops/s) - 3732 (4103377 Gflops/s) - 3775 (4150656 Gflops/s) - 3776 (4151755 Gflops/s) - 3683 (4049501 Gflops/s) - 3639 (4001122 Gflops/s) | Temperatures: 66°C - 67°C - 74°C - 71°C - 67°C - 65°C - 73°C - 72°C | Throttling: None - None - None - None - None - None - None - None
3759 (4133064 Gflops/s) - 3741 (4113272 Gflops/s) - 3723 (4093481 Gflops/s) - 3725 (4095680 Gflops/s) - 3768 (4142959 Gflops/s) - 3769 (4144059 Gflops/s) - 3684 (4050600 Gflops/s) - 3635 (3996724 Gflops/s) | Temperatures: 66°C - 67°C - 74°C - 71°C - 67°C - 65°C - 73°C - 72°C | Throttling: None - None - None - None - None - None - None - None
3763 (4137462 Gflops/s) - 3743 (4115472 Gflops/s) - 3728 (4098979 Gflops/s) - 3730 (4101178 Gflops/s) - 3772 (4147357 Gflops/s) - 3772 (4147357 Gflops/s) - 3688 (4054998 Gflops/s) - 3642 (4004421 Gflops/s) | Temperatures: 66°C - 67°C - 74°C - 71°C - 67°C - 65°C - 73°C - 72°C | Throttling: None - None - None - None - None - None - None - None
3766 (4140760 Gflops/s) - 3746 (4118770 Gflops/s) - 3733 (4104476 Gflops/s) - 3729 (4100078 Gflops/s) - 3774 (4149556 Gflops/s) - 3776 (4151755 Gflops/s) - 3690 (4057197 Gflops/s) - 3651 (4014316 Gflops/s) | Temperatures: 66°C - 67°C - 74°C - 71°C - 67°C - 65°C - 73°C - 72°C | Throttling: None - None - None - None - None - None - None - None
3757 (4130865 Gflops/s) - 3738 (4109974 Gflops/s) - 3726 (4096780 Gflops/s) - 3724 (4094581 Gflops/s) - 3769 (4144059 Gflops/s) - 3768 (4142959 Gflops/s) - 3683 (4049501 Gflops/s) - 3632 (3993426 Gflops/s) | Temperatures: 66°C - 66°C - 74°C - 71°C - 67°C - 65°C - 73°C - 72°C | Throttling: None - None - None - None - None - None - None - None
3763 (4137462 Gflops/s) - 3743 (4115472 Gflops/s) - 3731 (4102277 Gflops/s) - 3727 (4097879 Gflops/s) - 3772 (4147357 Gflops/s) - 3772 (4147357 Gflops/s) - 3690 (4057197 Gflops/s) - 3640 (4002222 Gflops/s) | Temperatures: 66°C - 67°C - 74°C - 71°C - 67°C - 65°C - 73°C - 72°C | Throttling: None - None - None - None - None - None - None - None
3762 (4136362 Gflops/s) - 3744 (4116571 Gflops/s) - 3729 (4100078 Gflops/s) - 3726 (4096780 Gflops/s) - 3772 (4147357 Gflops/s) - 3771 (4146258 Gflops/s) - 3688 (4054998 Gflops/s) - 3648 (4011018 Gflops/s) | Temperatures: 66°C - 66°C - 74°C - 71°C - 67°C - 65°C - 73°C - 72°C | Throttling: None - None - None - None - None - None - None - None
3761 (4135263 Gflops/s) - 3744 (4116571 Gflops/s) - 3730 (4101178 Gflops/s) - 3728 (4098979 Gflops/s) - 3772 (4147357 Gflops/s) - 3772 (4147357 Gflops/s) - 3691 (4058297 Gflops/s) - 3641 (4003321 Gflops/s) | Temperatures: 66°C - 67°C - 74°C - 71°C - 67°C - 65°C - 73°C - 72°C | Throttling: None - None - None - None - None - None - None - None
3764 (4138561 Gflops/s) - 3745 (4117671 Gflops/s) - 3729 (4100078 Gflops/s) - 3725 (4095680 Gflops/s) - 3770 (4145158 Gflops/s) - 3772 (4147357 Gflops/s) - 3687 (4053899 Gflops/s) - 3644 (4006620 Gflops/s) | Temperatures: 66°C - 67°C - 74°C - 71°C - 67°C - 65°C - 73°C - 72°C | Throttling: None - None - None - None - None - None - None - None
3761 (4135263 Gflops/s) - 3743 (4115472 Gflops/s) - 3729 (4100078 Gflops/s) - 3724 (4094581 Gflops/s) - 3772 (4147357 Gflops/s) - 3772 (4147357 Gflops/s) - 3687 (4053899 Gflops/s) - 3636 (3997824 Gflops/s) | Temperatures: 66°C - 67°C - 74°C - 71°C - 67°C - 65°C - 73°C - 72°C | Throttling: None - None - None - None - None - None - None - None
3762 (4136362 Gflops/s) - 3743 (4115472 Gflops/s) - 3730 (4101178 Gflops/s) - 3730 (4101178 Gflops/s) - 3771 (4146258 Gflops/s) - 3772 (4147357 Gflops/s) - 3689 (4056098 Gflops/s) - 3644 (4006620 Gflops/s) | Temperatures: 66°C - 66°C - 74°C - 71°C - 67°C - 65°C - 73°C - 72°C | Throttling: None - None - None - None - None - None - None - None
3762 (4136362 Gflops/s) - 3742 (4114372 Gflops/s) - 3730 (4101178 Gflops/s) - 3727 (4097879 Gflops/s) - 3772 (4147357 Gflops/s) - 3772 (4147357 Gflops/s) - 3685 (4051700 Gflops/s) - 3643 (4005520 Gflops/s) | Temperatures: 66°C - 66°C - 74°C - 71°C - 67°C - 65°C - 73°C - 72°C | Throttling: None - None - None - None - None - None - None - None
3763 (4137462 Gflops/s) - 3744 (4116571 Gflops/s) - 3729 (4100078 Gflops/s) - 3729 (4100078 Gflops/s) - 3772 (4147357 Gflops/s) - 3772 (4147357 Gflops/s) - 3686 (4052799 Gflops/s) - 3639 (4001122 Gflops/s) | Temperatures: 66°C - 66°C - 74°C - 71°C - 67°C - 65°C - 73°C - 72°C | Throttling: None - None - None - None - None - None - None - None
3763 (4137462 Gflops/s) - 3743 (4115472 Gflops/s) - 3732 (4103377 Gflops/s) - 3728 (4098979 Gflops/s) - 3772 (4147357 Gflops/s) - 3773 (4148457 Gflops/s) - 3691 (4058297 Gflops/s) - 3649 (4012117 Gflops/s) | Temperatures: 66°C - 67°C - 74°C - 71°C - 67°C - 64°C - 73°C - 72°C | Throttling: None - None - None - None - None - None - None - None
3762 (4136362 Gflops/s) - 3743 (4115472 Gflops/s) - 3728 (4098979 Gflops/s) - 3728 (4098979 Gflops/s) - 3772 (4147357 Gflops/s) - 3772 (4147357 Gflops/s) - 3676 (4041804 Gflops/s) - 3633 (3994525 Gflops/s) | Temperatures: 66°C - 66°C - 74°C - 71°C - 66°C - 64°C - 73°C - 72°C | Throttling: None - None - None - None - None - None - None - None
3762 (4136362 Gflops/s) - 3742 (4114372 Gflops/s) - 3731 (4102277 Gflops/s) - 3728 (4098979 Gflops/s) - 3771 (4146258 Gflops/s) - 3773 (4148457 Gflops/s) - 3689 (4056098 Gflops/s) - 3637 (3998923 Gflops/s) | Temperatures: 66°C - 66°C - 74°C - 71°C - 66°C - 64°C - 73°C - 72°C | Throttling: None - None - None - None - None - None - None - None
3763 (4137462 Gflops/s) - 3745 (4117671 Gflops/s) - 3729 (4100078 Gflops/s) - 3731 (4102277 Gflops/s) - 3773 (4148457 Gflops/s) - 3772 (4147357 Gflops/s) - 3691 (4058297 Gflops/s) - 3642 (4004421 Gflops/s) | Temperatures: 66°C - 66°C - 74°C - 71°C - 66°C - 64°C - 73°C - 72°C | Throttling: None - None - None - None - None - None - None - None
3765 (4139661 Gflops/s) - 3742 (4114372 Gflops/s) - 3730 (4101178 Gflops/s) - 3730 (4101178 Gflops/s) - 3772 (4147357 Gflops/s) - 3772 (4147357 Gflops/s) - 3677 (4042904 Gflops/s) - 3635 (3996724 Gflops/s) | Temperatures: 65°C - 66°C - 74°C - 71°C - 66°C - 64°C - 73°C - 71°C | Throttling: None - None - None - None - None - None - None - None
3763 (4137462 Gflops/s) - 3744 (4116571 Gflops/s) - 3732 (4103377 Gflops/s) - 3730 (4101178 Gflops/s) - 3773 (4148457 Gflops/s) - 3772 (4147357 Gflops/s) - 3686 (4052799 Gflops/s) - 3642 (4004421 Gflops/s) | Temperatures: 65°C - 66°C - 74°C - 71°C - 66°C - 64°C - 73°C - 71°C | Throttling: None - None - None - None - None - None - None - None
3764 (4138561 Gflops/s) - 3746 (4118770 Gflops/s) - 3731 (4102277 Gflops/s) - 3730 (4101178 Gflops/s) - 3774 (4149556 Gflops/s) - 3771 (4146258 Gflops/s) - 3688 (4054998 Gflops/s) - 3652 (4015416 Gflops/s) | Temperatures: 65°C - 66°C - 74°C - 71°C - 66°C - 64°C - 72°C - 72°C | Throttling: None - None - None - None - None - None - None - None
3764 (4138561 Gflops/s) - 3747 (4119870 Gflops/s) - 3733 (4104476 Gflops/s) - 3732 (4103377 Gflops/s) - 3774 (4149556 Gflops/s) - 3772 (4147357 Gflops/s) - 3691 (4058297 Gflops/s) - 3649 (4012117 Gflops/s) | Temperatures: 65°C - 66°C - 74°C - 71°C - 66°C - 64°C - 72°C - 71°C | Throttling: None - None - None - None - None - None - None - None
3765 (4139661 Gflops/s) - 3747 (4119870 Gflops/s) - 3735 (4106675 Gflops/s) - 3730 (4101178 Gflops/s) - 3773 (4148457 Gflops/s) - 3772 (4147357 Gflops/s) - 3685 (4051700 Gflops/s) - 3638 (4000023 Gflops/s) | Temperatures: 65°C - 66°C - 74°C - 71°C - 66°C - 64°C - 72°C - 71°C | Throttling: None - None - None - None - None - None - None - None
3765 (4139661 Gflops/s) - 3745 (4117671 Gflops/s) - 3733 (4104476 Gflops/s) - 3729 (4100078 Gflops/s) - 3773 (4148457 Gflops/s) - 3772 (4147357 Gflops/s) - 3693 (4060496 Gflops/s) - 3645 (4007719 Gflops/s) | Temperatures: 65°C - 66°C - 73°C - 71°C - 66°C - 64°C - 72°C - 71°C | Throttling: None - None - None - None - None - None - None - None
3766 (4140760 Gflops/s) - 3750 (4123168 Gflops/s) - 3732 (4103377 Gflops/s) - 3732 (4103377 Gflops/s) - 3775 (4150656 Gflops/s) - 3780 (4156153 Gflops/s) - 3693 (4060496 Gflops/s) - 3646 (4008819 Gflops/s) | Temperatures: 65°C - 66°C - 73°C - 71°C - 66°C - 64°C - 72°C - 71°C | Throttling: None - None - None - None - None - None - None - None
3765 (4139661 Gflops/s) - 3743 (4115472 Gflops/s) - 3734 (4105576 Gflops/s) - 3729 (4100078 Gflops/s) - 3774 (4149556 Gflops/s) - 3781 (4157253 Gflops/s) - 3691 (4058297 Gflops/s) - 3640 (4002222 Gflops/s) | Temperatures: 65°C - 66°C - 73°C - 70°C - 66°C - 64°C - 72°C - 71°C | Throttling: None - None - None - None - None - None - None - None
3769 (4144059 Gflops/s) - 3752 (4125367 Gflops/s) - 3737 (4108874 Gflops/s) - 3736 (4107775 Gflops/s) - 3777 (4152855 Gflops/s) - 3783 (4159452 Gflops/s) - 3695 (4062695 Gflops/s) - 3646 (4008819 Gflops/s) | Temperatures: 65°C - 66°C - 73°C - 70°C - 66°C - 64°C - 72°C - 71°C | Throttling: None - None - None - None - None - None - None - None
3766 (4140760 Gflops/s) - 3750 (4123168 Gflops/s) - 3735 (4106675 Gflops/s) - 3732 (4103377 Gflops/s) - 3774 (4149556 Gflops/s) - 3781 (4157253 Gflops/s) - 3684 (4050600 Gflops/s) - 3645 (4007719 Gflops/s) | Temperatures: 65°C - 66°C - 73°C - 70°C - 66°C - 64°C - 72°C - 71°C | Throttling: None - None - None - None - None - None - None - None
3765 (4139661 Gflops/s) - 3744 (4116571 Gflops/s) - 3734 (4105576 Gflops/s) - 3732 (4103377 Gflops/s) - 3773 (4148457 Gflops/s) - 3780 (4156153 Gflops/s) - 3696 (4063794 Gflops/s) - 3649 (4012117 Gflops/s) | Temperatures: 65°C - 66°C - 73°C - 70°C - 66°C - 64°C - 72°C - 71°C | Throttling: None - None - None - None - None - None - None - None
3766 (4140760 Gflops/s) - 3748 (4120969 Gflops/s) - 3736 (4107775 Gflops/s) - 3734 (4105576 Gflops/s) - 3774 (4149556 Gflops/s) - 3780 (4156153 Gflops/s) - 3695 (4062695 Gflops/s) - 3648 (4011018 Gflops/s) | Temperatures: 65°C - 66°C - 73°C - 70°C - 66°C - 64°C - 72°C - 71°C | Throttling: None - None - None - None - None - None - None - None
3767 (4141860 Gflops/s) - 3748 (4120969 Gflops/s) - 3734 (4105576 Gflops/s) - 3735 (4106675 Gflops/s) - 3774 (4149556 Gflops/s) - 3781 (4157253 Gflops/s) - 3695 (4062695 Gflops/s) - 3648 (4011018 Gflops/s) | Temperatures: 65°C - 66°C - 73°C - 70°C - 66°C - 64°C - 72°C - 71°C | Throttling: None - None - None - None - None - None - None - None
3765 (4139661 Gflops/s) - 3747 (4119870 Gflops/s) - 3733 (4104476 Gflops/s) - 3734 (4105576 Gflops/s) - 3775 (4150656 Gflops/s) - 3780 (4156153 Gflops/s) - 3691 (4058297 Gflops/s) - 3647 (4009918 Gflops/s) | Temperatures: 65°C - 66°C - 73°C - 70°C - 66°C - 64°C - 72°C - 71°C | Throttling: None - None - None - None - None - None - None - None
3766 (4140760 Gflops/s) - 3747 (4119870 Gflops/s) - 3732 (4103377 Gflops/s) - 3734 (4105576 Gflops/s) - 3774 (4149556 Gflops/s) - 3780 (4156153 Gflops/s) - 3692 (4059396 Gflops/s) - 3645 (4007719 Gflops/s) | Temperatures: 65°C - 66°C - 73°C - 70°C - 66°C - 64°C - 72°C - 71°C | Throttling: None - None - None - None - None - None - None - None
3766 (4140760 Gflops/s) - 3751 (4124268 Gflops/s) - 3733 (4104476 Gflops/s) - 3731 (4102277 Gflops/s) - 3775 (4150656 Gflops/s) - 3780 (4156153 Gflops/s) - 3694 (4061595 Gflops/s) - 3648 (4011018 Gflops/s) | Temperatures: 65°C - 66°C - 73°C - 70°C - 66°C - 64°C - 72°C - 71°C | Throttling: None - None - None - None - None - None - None - None
3766 (4140760 Gflops/s) - 3749 (4122069 Gflops/s) - 3732 (4103377 Gflops/s) - 3735 (4106675 Gflops/s) - 3775 (4150656 Gflops/s) - 3781 (4157253 Gflops/s) - 3695 (4062695 Gflops/s) - 3652 (4015416 Gflops/s) | Temperatures: 65°C - 66°C - 73°C - 70°C - 66°C - 64°C - 72°C - 71°C | Throttling: None - None - None - None - None - None - None - None
3766 (4140760 Gflops/s) - 3751 (4124268 Gflops/s) - 3734 (4105576 Gflops/s) - 3733 (4104476 Gflops/s) - 3775 (4150656 Gflops/s) - 3780 (4156153 Gflops/s) - 3689 (4056098 Gflops/s) - 3655 (4018714 Gflops/s) | Temperatures: 65°C - 66°C - 73°C - 70°C - 66°C - 64°C - 72°C - 71°C | Throttling: None - None - None - None - None - None - None - None
3767 (4141860 Gflops/s) - 3745 (4117671 Gflops/s) - 3733 (4104476 Gflops/s) - 3734 (4105576 Gflops/s) - 3775 (4150656 Gflops/s) - 3781 (4157253 Gflops/s) - 3695 (4062695 Gflops/s) - 3638 (4000023 Gflops/s) | Temperatures: 65°C - 66°C - 73°C - 70°C - 66°C - 64°C - 72°C - 71°C | Throttling: None - None - None - None - None - None - None - None
3766 (4140760 Gflops/s) - 3750 (4123168 Gflops/s) - 3733 (4104476 Gflops/s) - 3734 (4105576 Gflops/s) - 3774 (4149556 Gflops/s) - 3780 (4156153 Gflops/s) - 3694 (4061595 Gflops/s) - 3652 (4015416 Gflops/s) | Temperatures: 65°C - 65°C - 73°C - 70°C - 66°C - 64°C - 72°C - 71°C | Throttling: None - None - None - None - None - None - None - None
3765 (4139661 Gflops/s) - 3749 (4122069 Gflops/s) - 3732 (4103377 Gflops/s) - 3734 (4105576 Gflops/s) - 3776 (4151755 Gflops/s) - 3781 (4157253 Gflops/s) - 3693 (4060496 Gflops/s) - 3645 (4007719 Gflops/s) | Temperatures: 65°C - 66°C - 73°C - 70°C - 66°C - 64°C - 72°C - 71°C | Throttling: None - None - None - None - None - None - None - None
3767 (4141860 Gflops/s) - 3747 (4119870 Gflops/s) - 3733 (4104476 Gflops/s) - 3733 (4104476 Gflops/s) - 3774 (4149556 Gflops/s) - 3780 (4156153 Gflops/s) - 3697 (4064894 Gflops/s) - 3654 (4017615 Gflops/s) | Temperatures: 65°C - 66°C - 73°C - 70°C - 66°C - 64°C - 72°C - 71°C | Throttling: None - None - None - None - None - None - None - None
3767 (4141860 Gflops/s) - 3753 (4126467 Gflops/s) - 3734 (4105576 Gflops/s) - 3736 (4107775 Gflops/s) - 3775 (4150656 Gflops/s) - 3780 (4156153 Gflops/s) - 3694 (4061595 Gflops/s) - 3653 (4016515 Gflops/s) | Temperatures: 65°C - 66°C - 73°C - 70°C - 66°C - 64°C - 72°C - 71°C | Throttling: None - None - None - None - None - None - None - None
3765 (4139661 Gflops/s) - 3747 (4119870 Gflops/s) - 3733 (4104476 Gflops/s) - 3733 (4104476 Gflops/s) - 3774 (4149556 Gflops/s) - 3780 (4156153 Gflops/s) - 3694 (4061595 Gflops/s) - 3656 (4019814 Gflops/s) | Temperatures: 65°C - 66°C - 73°C - 70°C - 66°C - 64°C - 72°C - 71°C | Throttling: None - None - None - None - None - None - None - None
3768 (4142959 Gflops/s) - 3751 (4124268 Gflops/s) - 3732 (4103377 Gflops/s) - 3735 (4106675 Gflops/s) - 3776 (4151755 Gflops/s) - 3781 (4157253 Gflops/s) - 3693 (4060496 Gflops/s) - 3654 (4017615 Gflops/s) | Temperatures: 65°C - 65°C - 73°C - 70°C - 66°C - 64°C - 72°C - 71°C | Throttling: None - None - None - None - None - None - None - None
3767 (4141860 Gflops/s) - 3750 (4123168 Gflops/s) - 3734 (4105576 Gflops/s) - 3735 (4106675 Gflops/s) - 3775 (4150656 Gflops/s) - 3780 (4156153 Gflops/s) - 3692 (4059396 Gflops/s) - 3654 (4017615 Gflops/s) | Temperatures: 65°C - 66°C - 73°C - 70°C - 66°C - 64°C - 72°C - 71°C | Throttling: None - None - None - None - None - None - None - None
3768 (4142959 Gflops/s) - 3749 (4122069 Gflops/s) - 3733 (4104476 Gflops/s) - 3734 (4105576 Gflops/s) - 3775 (4150656 Gflops/s) - 3781 (4157253 Gflops/s) - 3698 (4065993 Gflops/s) - 3643 (4005520 Gflops/s) | Temperatures: 65°C - 65°C - 73°C - 70°C - 66°C - 63°C - 72°C - 71°C | Throttling: None - None - None - None - None - None - None - None
3767 (4141860 Gflops/s) - 3750 (4123168 Gflops/s) - 3733 (4104476 Gflops/s) - 3735 (4106675 Gflops/s) - 3774 (4149556 Gflops/s) - 3780 (4156153 Gflops/s) - 3697 (4064894 Gflops/s) - 3661 (4025312 Gflops/s) | Temperatures: 65°C - 65°C - 73°C - 70°C - 66°C - 63°C - 72°C - 71°C | Throttling: None - None - None - None - None - None - None - None
3767 (4141860 Gflops/s) - 3750 (4123168 Gflops/s) - 3733 (4104476 Gflops/s) - 3734 (4105576 Gflops/s) - 3775 (4150656 Gflops/s) - 3781 (4157253 Gflops/s) - 3695 (4062695 Gflops/s) - 3654 (4017615 Gflops/s) | Temperatures: 65°C - 65°C - 73°C - 70°C - 65°C - 63°C - 72°C - 71°C | Throttling: None - None - None - None - None - None - None - None
3768 (4142959 Gflops/s) - 3750 (4123168 Gflops/s) - 3733 (4104476 Gflops/s) - 3733 (4104476 Gflops/s) - 3776 (4151755 Gflops/s) - 3780 (4156153 Gflops/s) - 3702 (4070392 Gflops/s) - 3661 (4025312 Gflops/s) | Temperatures: 65°C - 65°C - 73°C - 70°C - 65°C - 63°C - 72°C - 71°C | Throttling: None - None - None - None - None - None - None - None
3768 (4142959 Gflops/s) - 3748 (4120969 Gflops/s) - 3733 (4104476 Gflops/s) - 3735 (4106675 Gflops/s) - 3775 (4150656 Gflops/s) - 3780 (4156153 Gflops/s) - 3699 (4067093 Gflops/s) - 3660 (4024212 Gflops/s) | Temperatures: 65°C - 65°C - 73°C - 70°C - 65°C - 63°C - 72°C - 71°C | Throttling: None - None - None - None - None - None - None - None
3767 (4141860 Gflops/s) - 3749 (4122069 Gflops/s) - 3734 (4105576 Gflops/s) - 3735 (4106675 Gflops/s) - 3775 (4150656 Gflops/s) - 3781 (4157253 Gflops/s) - 3696 (4063794 Gflops/s) - 3654 (4017615 Gflops/s) | Temperatures: 65°C - 65°C - 73°C - 70°C - 65°C - 63°C - 72°C - 71°C | Throttling: None - None - None - None - None - None - None - None
3767 (4141860 Gflops/s) - 3749 (4122069 Gflops/s) - 3733 (4104476 Gflops/s) - 3735 (4106675 Gflops/s) - 3777 (4152855 Gflops/s) - 3780 (4156153 Gflops/s) - 3700 (4068193 Gflops/s) - 3646 (4008819 Gflops/s) | Temperatures: 65°C - 65°C - 73°C - 70°C - 65°C - 63°C - 72°C - 71°C | Throttling: None - None - None - None - None - None - None - None
3767 (4141860 Gflops/s) - 3752 (4125367 Gflops/s) - 3733 (4104476 Gflops/s) - 3735 (4106675 Gflops/s) - 3775 (4150656 Gflops/s) - 3781 (4157253 Gflops/s) - 3702 (4070392 Gflops/s) - 3649 (4012117 Gflops/s) | Temperatures: 65°C - 65°C - 73°C - 70°C - 65°C - 63°C - 72°C - 70°C | Throttling: None - None - None - None - None - None - None - None
3767 (4141860 Gflops/s) - 3751 (4124268 Gflops/s) - 3733 (4104476 Gflops/s) - 3735 (4106675 Gflops/s) - 3775 (4150656 Gflops/s) - 3780 (4156153 Gflops/s) - 3702 (4070392 Gflops/s) - 3659 (4023113 Gflops/s) | Temperatures: 65°C - 65°C - 73°C - 70°C - 65°C - 63°C - 72°C - 71°C | Throttling: None - None - None - None - None - None - None - None
3768 (4142959 Gflops/s) - 3752 (4125367 Gflops/s) - 3734 (4105576 Gflops/s) - 3734 (4105576 Gflops/s) - 3776 (4151755 Gflops/s) - 3781 (4157253 Gflops/s) - 3704 (4072591 Gflops/s) - 3653 (4016515 Gflops/s) | Temperatures: 65°C - 65°C - 73°C - 70°C - 65°C - 63°C - 72°C - 71°C | Throttling: None - None - None - None - None - None - None - None
3769 (4144059 Gflops/s) - 3749 (4122069 Gflops/s) - 3733 (4104476 Gflops/s) - 3732 (4103377 Gflops/s) - 3776 (4151755 Gflops/s) - 3780 (4156153 Gflops/s) - 3702 (4070392 Gflops/s) - 3634 (3995625 Gflops/s) | Temperatures: 64°C - 65°C - 73°C - 70°C - 65°C - 63°C - 72°C - 70°C | Throttling: None - None - None - None - None - None - None - None
3767 (4141860 Gflops/s) - 3752 (4125367 Gflops/s) - 3733 (4104476 Gflops/s) - 3733 (4104476 Gflops/s) - 3776 (4151755 Gflops/s) - 3780 (4156153 Gflops/s) - 3698 (4065993 Gflops/s) - 3640 (4002222 Gflops/s) | Temperatures: 64°C - 65°C - 73°C - 70°C - 65°C - 63°C - 72°C - 71°C | Throttling: None - None - None - None - None - None - None - None
3767 (4141860 Gflops/s) - 3749 (4122069 Gflops/s) - 3733 (4104476 Gflops/s) - 3735 (4106675 Gflops/s) - 3776 (4151755 Gflops/s) - 3781 (4157253 Gflops/s) - 3702 (4070392 Gflops/s) - 3658 (4022013 Gflops/s) | Temperatures: 65°C - 65°C - 73°C - 70°C - 65°C - 63°C - 72°C - 71°C | Throttling: None - None - None - None - None - None - None - None
3768 (4142959 Gflops/s) - 3752 (4125367 Gflops/s) - 3734 (4105576 Gflops/s) - 3735 (4106675 Gflops/s) - 3776 (4151755 Gflops/s) - 3780 (4156153 Gflops/s) - 3697 (4064894 Gflops/s) - 3661 (4025312 Gflops/s) | Temperatures: 65°C - 65°C - 73°C - 70°C - 65°C - 63°C - 72°C - 71°C | Throttling: None - None - None - None - None - None - None - None
3767 (4141860 Gflops/s) - 3748 (4120969 Gflops/s) - 3733 (4104476 Gflops/s) - 3732 (4103377 Gflops/s) - 3776 (4151755 Gflops/s) - 3781 (4157253 Gflops/s) - 3707 (4075889 Gflops/s) - 3661 (4025312 Gflops/s) | Temperatures: 65°C - 65°C - 73°C - 70°C - 65°C - 63°C - 72°C - 71°C | Throttling: None - None - None - None - None - None - None - None
3765 (4139661 Gflops/s) - 3747 (4119870 Gflops/s) - 3730 (4101178 Gflops/s) - 3731 (4102277 Gflops/s) - 3772 (4147357 Gflops/s) - 3777 (4152855 Gflops/s) - 3699 (4067093 Gflops/s) - 3655 (4018714 Gflops/s) | Temperatures: 65°C - 65°C - 73°C - 70°C - 65°C - 63°C - 72°C - 71°C | Throttling: None - None - None - None - None - None - None - None
3771 (4146258 Gflops/s) - 3754 (4127566 Gflops/s) - 3736 (4107775 Gflops/s) - 3737 (4108874 Gflops/s) - 3778 (4153954 Gflops/s) - 3783 (4159452 Gflops/s) - 3708 (4076989 Gflops/s) - 3668 (4033008 Gflops/s) | Temperatures: 65°C - 65°C - 73°C - 70°C - 65°C - 63°C - 72°C - 71°C | Throttling: None - None - None - None - None - None - None - None
3767 (4141860 Gflops/s) - 3750 (4123168 Gflops/s) - 3733 (4104476 Gflops/s) - 3734 (4105576 Gflops/s) - 3776 (4151755 Gflops/s) - 3781 (4157253 Gflops/s) - 3696 (4063794 Gflops/s) - 3654 (4017615 Gflops/s) | Temperatures: 65°C - 65°C - 73°C - 70°C - 65°C - 63°C - 72°C - 71°C | Throttling: None - None - None - None - None - None - None - None
3768 (4142959 Gflops/s) - 3751 (4124268 Gflops/s) - 3733 (4104476 Gflops/s) - 3735 (4106675 Gflops/s) - 3775 (4150656 Gflops/s) - 3781 (4157253 Gflops/s) - 3706 (4074790 Gflops/s) - 3659 (4023113 Gflops/s) | Temperatures: 65°C - 65°C - 73°C - 70°C - 65°C - 63°C - 72°C - 71°C | Throttling: None - None - None - None - None - None - None - None
3767 (4141860 Gflops/s) - 3747 (4119870 Gflops/s) - 3733 (4104476 Gflops/s) - 3732 (4103377 Gflops/s) - 3775 (4150656 Gflops/s) - 3780 (4156153 Gflops/s) - 3700 (4068193 Gflops/s) - 3643 (4005520 Gflops/s) | Temperatures: 65°C - 65°C - 73°C - 70°C - 65°C - 63°C - 72°C - 71°C | Throttling: None - None - None - None - None - None - None - None
3767 (4141860 Gflops/s) - 3752 (4125367 Gflops/s) - 3733 (4104476 Gflops/s) - 3732 (4103377 Gflops/s) - 3776 (4151755 Gflops/s) - 3780 (4156153 Gflops/s) - 3700 (4068193 Gflops/s) - 3653 (4016515 Gflops/s) | Temperatures: 65°C - 65°C - 73°C - 70°C - 66°C - 63°C - 72°C - 71°C | Throttling: None - None - None - None - None - None - None - None
3769 (4144059 Gflops/s) - 3749 (4122069 Gflops/s) - 3734 (4105576 Gflops/s) - 3734 (4105576 Gflops/s) - 3776 (4151755 Gflops/s) - 3781 (4157253 Gflops/s) - 3696 (4063794 Gflops/s) - 3661 (4025312 Gflops/s) | Temperatures: 65°C - 65°C - 73°C - 70°C - 66°C - 63°C - 72°C - 71°C | Throttling: None - None - None - None - None - None - None - None
3767 (4141860 Gflops/s) - 3750 (4123168 Gflops/s) - 3733 (4104476 Gflops/s) - 3735 (4106675 Gflops/s) - 3775 (4150656 Gflops/s) - 3780 (4156153 Gflops/s) - 3694 (4061595 Gflops/s) - 3648 (4011018 Gflops/s) | Temperatures: 65°C - 65°C - 73°C - 70°C - 66°C - 63°C - 72°C - 71°C | Throttling: None - None - None - None - None - None - None - None
3766 (4140760 Gflops/s) - 3749 (4122069 Gflops/s) - 3733 (4104476 Gflops/s) - 3734 (4105576 Gflops/s) - 3776 (4151755 Gflops/s) - 3781 (4157253 Gflops/s) - 3698 (4065993 Gflops/s) - 3642 (4004421 Gflops/s) | Temperatures: 65°C - 65°C - 73°C - 70°C - 66°C - 63°C - 72°C - 70°C | Throttling: None - None - None - None - None - None - None - None
3767 (4141860 Gflops/s) - 3752 (4125367 Gflops/s) - 3733 (4104476 Gflops/s) - 3734 (4105576 Gflops/s) - 3775 (4150656 Gflops/s) - 3779 (4155054 Gflops/s) - 3695 (4062695 Gflops/s) - 3654 (4017615 Gflops/s) | Temperatures: 65°C - 65°C - 73°C - 70°C - 66°C - 63°C - 72°C - 71°C | Throttling: None - None - None - None - None - None - None - None
3767 (4141860 Gflops/s) - 3750 (4123168 Gflops/s) - 3733 (4104476 Gflops/s) - 3735 (4106675 Gflops/s) - 3776 (4151755 Gflops/s) - 3781 (4157253 Gflops/s) - 3696 (4063794 Gflops/s) - 3657 (4020914 Gflops/s) | Temperatures: 65°C - 65°C - 73°C - 70°C - 66°C - 63°C - 72°C - 71°C | Throttling: None - None - None - None - None - None - None - None
3767 (4141860 Gflops/s) - 3750 (4123168 Gflops/s) - 3733 (4104476 Gflops/s) - 3734 (4105576 Gflops/s) - 3776 (4151755 Gflops/s) - 3781 (4157253 Gflops/s) - 3691 (4058297 Gflops/s) - 3642 (4004421 Gflops/s) | Temperatures: 65°C - 65°C - 73°C - 70°C - 66°C - 63°C - 72°C - 71°C | Throttling: None - None - None - None - None - None - None - None
3768 (4142959 Gflops/s) - 3750 (4123168 Gflops/s) - 3734 (4105576 Gflops/s) - 3734 (4105576 Gflops/s) - 3775 (4150656 Gflops/s) - 3780 (4156153 Gflops/s) - 3697 (4064894 Gflops/s) - 3639 (4001122 Gflops/s) | Temperatures: 65°C - 65°C - 73°C - 70°C - 66°C - 63°C - 72°C - 71°C | Throttling: None - None - None - None - None - None - None - None
3767 (4141860 Gflops/s) - 3751 (4124268 Gflops/s) - 3733 (4104476 Gflops/s) - 3734 (4105576 Gflops/s) - 3776 (4151755 Gflops/s) - 3780 (4156153 Gflops/s) - 3693 (4060496 Gflops/s) - 3646 (4008819 Gflops/s) | Temperatures: 65°C - 65°C - 73°C - 70°C - 66°C - 63°C - 72°C - 70°C | Throttling: None - None - None - None - None - None - None - None
3767 (4141860 Gflops/s) - 3749 (4122069 Gflops/s) - 3733 (4104476 Gflops/s) - 3735 (4106675 Gflops/s) - 3776 (4151755 Gflops/s) - 3781 (4157253 Gflops/s) - 3701 (4069292 Gflops/s) - 3659 (4023113 Gflops/s) | Temperatures: 65°C - 65°C - 73°C - 70°C - 66°C - 63°C - 72°C - 71°C | Throttling: None - None - None - None - None - None - None - None
3767 (4141860 Gflops/s) - 3748 (4120969 Gflops/s) - 3733 (4104476 Gflops/s) - 3734 (4105576 Gflops/s) - 3775 (4150656 Gflops/s) - 3780 (4156153 Gflops/s) - 3700 (4068193 Gflops/s) - 3650 (4013217 Gflops/s) | Temperatures: 65°C - 65°C - 73°C - 70°C - 66°C - 63°C - 72°C - 71°C | Throttling: None - None - None - None - None - None - None - None
3767 (4141860 Gflops/s) - 3751 (4124268 Gflops/s) - 3733 (4104476 Gflops/s) - 3734 (4105576 Gflops/s) - 3776 (4151755 Gflops/s) - 3780 (4156153 Gflops/s) - 3695 (4062695 Gflops/s) - 3650 (4013217 Gflops/s) | Temperatures: 65°C - 65°C - 73°C - 70°C - 65°C - 63°C - 72°C - 71°C | Throttling: None - None - None - None - None - None - None - None
3767 (4141860 Gflops/s) - 3749 (4122069 Gflops/s) - 3734 (4105576 Gflops/s) - 3735 (4106675 Gflops/s) - 3775 (4150656 Gflops/s) - 3781 (4157253 Gflops/s) - 3701 (4069292 Gflops/s) - 3663 (4027511 Gflops/s) | Temperatures: 65°C - 65°C - 73°C - 70°C - 65°C - 63°C - 72°C - 71°C | Throttling: None - None - None - None - None - None - None - None
3768 (4142959 Gflops/s) - 3749 (4122069 Gflops/s) - 3733 (4104476 Gflops/s) - 3735 (4106675 Gflops/s) - 3776 (4151755 Gflops/s) - 3780 (4156153 Gflops/s) - 3693 (4060496 Gflops/s) - 3656 (4019814 Gflops/s) | Temperatures: 65°C - 65°C - 73°C - 70°C - 65°C - 63°C - 72°C - 71°C | Throttling: None - None - None - None - None - None - None - None
3767 (4141860 Gflops/s) - 3752 (4125367 Gflops/s) - 3733 (4104476 Gflops/s) - 3734 (4105576 Gflops/s) - 3776 (4151755 Gflops/s) - 3780 (4156153 Gflops/s) - 3698 (4065993 Gflops/s) - 3657 (4020914 Gflops/s) | Temperatures: 65°C - 65°C - 73°C - 70°C - 65°C - 63°C - 72°C - 71°C | Throttling: None - None - None - None - None - None - None - None
3767 (4141860 Gflops/s) - 3751 (4124268 Gflops/s) - 3733 (4104476 Gflops/s) - 3732 (4103377 Gflops/s) - 3774 (4149556 Gflops/s) - 3780 (4156153 Gflops/s) - 3701 (4069292 Gflops/s) - 3648 (4011018 Gflops/s) | Temperatures: 65°C - 65°C - 73°C - 70°C - 65°C - 63°C - 72°C - 71°C | Throttling: None - None - None - None - None - None - None - None
3767 (4141860 Gflops/s) - 3750 (4123168 Gflops/s) - 3734 (4105576 Gflops/s) - 3735 (4106675 Gflops/s) - 3777 (4152855 Gflops/s) - 3781 (4157253 Gflops/s) - 3700 (4068193 Gflops/s) - 3646 (4008819 Gflops/s) | Temperatures: 65°C - 65°C - 73°C - 70°C - 65°C - 63°C - 72°C - 71°C | Throttling: None - None - None - None - None - None - None - None
3767 (4141860 Gflops/s) - 3748 (4120969 Gflops/s) - 3733 (4104476 Gflops/s) - 3734 (4105576 Gflops/s) - 3775 (4150656 Gflops/s) - 3781 (4157253 Gflops/s) - 3697 (4064894 Gflops/s) - 3642 (4004421 Gflops/s) | Temperatures: 65°C - 65°C - 73°C - 70°C - 65°C - 63°C - 72°C - 70°C | Throttling: None - None - None - None - None - None - None - None
3767 (4141860 Gflops/s) - 3749 (4122069 Gflops/s) - 3733 (4104476 Gflops/s) - 3733 (4104476 Gflops/s) - 3776 (4151755 Gflops/s) - 3780 (4156153 Gflops/s) - 3701 (4069292 Gflops/s) - 3646 (4008819 Gflops/s) | Temperatures: 65°C - 65°C - 73°C - 70°C - 65°C - 63°C - 72°C - 71°C | Throttling: None - None - None - None - None - None - None - None
3767 (4141860 Gflops/s) - 3751 (4124268 Gflops/s) - 3734 (4105576 Gflops/s) - 3736 (4107775 Gflops/s) - 3776 (4151755 Gflops/s) - 3780 (4156153 Gflops/s) - 3703 (4071491 Gflops/s) - 3659 (4023113 Gflops/s) | Temperatures: 65°C - 65°C - 73°C - 70°C - 65°C - 63°C - 72°C - 71°C | Throttling: None - None - None - None - None - None - None - None
3768 (4142959 Gflops/s) - 3749 (4122069 Gflops/s) - 3733 (4104476 Gflops/s) - 3731 (4102277 Gflops/s) - 3776 (4151755 Gflops/s) - 3780 (4156153 Gflops/s) - 3703 (4071491 Gflops/s) - 3665 (4029710 Gflops/s) | Temperatures: 65°C - 65°C - 73°C - 70°C - 65°C - 63°C - 72°C - 71°C | Throttling: None - None - None - None - None - None - None - None
3767 (4141860 Gflops/s) - 3748 (4120969 Gflops/s) - 3733 (4104476 Gflops/s) - 3735 (4106675 Gflops/s) - 3776 (4151755 Gflops/s) - 3781 (4157253 Gflops/s) - 3703 (4071491 Gflops/s) - 3652 (4015416 Gflops/s) | Temperatures: 65°C - 65°C - 73°C - 70°C - 65°C - 63°C - 72°C - 71°C | Throttling: None - None - None - None - None - None - None - None
3768 (4142959 Gflops/s) - 3751 (4124268 Gflops/s) - 3733 (4104476 Gflops/s) - 3735 (4106675 Gflops/s) - 3774 (4149556 Gflops/s) - 3780 (4156153 Gflops/s) - 3701 (4069292 Gflops/s) - 3644 (4006620 Gflops/s) | Temperatures: 65°C - 65°C - 73°C - 70°C - 65°C - 63°C - 72°C - 71°C | Throttling: None - None - None - None - None - None - None - None
3767 (4141860 Gflops/s) - 3750 (4123168 Gflops/s) - 3733 (4104476 Gflops/s) - 3734 (4105576 Gflops/s) - 3776 (4151755 Gflops/s) - 3780 (4156153 Gflops/s) - 3698 (4065993 Gflops/s) - 3651 (4014316 Gflops/s) | Temperatures: 65°C - 65°C - 73°C - 70°C - 65°C - 63°C - 72°C - 70°C | Throttling: None - None - None - None - None - None - None - None
3767 (4141860 Gflops/s) - 3752 (4125367 Gflops/s) - 3735 (4106675 Gflops/s) - 3736 (4107775 Gflops/s) - 3776 (4151755 Gflops/s) - 3781 (4157253 Gflops/s) - 3697 (4064894 Gflops/s) - 3663 (4027511 Gflops/s) | Temperatures: 65°C - 65°C - 73°C - 70°C - 65°C - 63°C - 72°C - 71°C | Throttling: None - None - None - None - None - None - None - None
3766 (4140760 Gflops/s) - 3749 (4122069 Gflops/s) - 3733 (4104476 Gflops/s) - 3734 (4105576 Gflops/s) - 3776 (4151755 Gflops/s) - 3780 (4156153 Gflops/s) - 3700 (4068193 Gflops/s) - 3642 (4004421 Gflops/s) | Temperatures: 65°C - 65°C - 73°C - 70°C - 65°C - 63°C - 72°C - 70°C | Throttling: None - None - None - None - None - None - None - None
3767 (4141860 Gflops/s) - 3751 (4124268 Gflops/s) - 3733 (4104476 Gflops/s) - 3734 (4105576 Gflops/s) - 3776 (4151755 Gflops/s) - 3780 (4156153 Gflops/s) - 3704 (4072591 Gflops/s) - 3648 (4011018 Gflops/s) | Temperatures: 65°C - 65°C - 73°C - 70°C - 65°C - 63°C - 72°C - 71°C | Throttling: None - None - None - None - None - None - None - None
3768 (4142959 Gflops/s) - 3750 (4123168 Gflops/s) - 3734 (4105576 Gflops/s) - 3735 (4106675 Gflops/s) - 3775 (4150656 Gflops/s) - 3781 (4157253 Gflops/s) - 3698 (4065993 Gflops/s) - 3658 (4022013 Gflops/s) | Temperatures: 65°C - 65°C - 73°C - 70°C - 65°C - 63°C - 72°C - 70°C | Throttling: None - None - None - None - None - None - None - None
3768 (4142959 Gflops/s) - 3751 (4124268 Gflops/s) - 3733 (4104476 Gflops/s) - 3735 (4106675 Gflops/s) - 3775 (4150656 Gflops/s) - 3780 (4156153 Gflops/s) - 3696 (4063794 Gflops/s) - 3648 (4011018 Gflops/s) | Temperatures: 65°C - 65°C - 73°C - 70°C - 65°C - 63°C - 72°C - 71°C | Throttling: None - None - None - None - None - None - None - None
3766 (4140760 Gflops/s) - 3750 (4123168 Gflops/s) - 3733 (4104476 Gflops/s) - 3735 (4106675 Gflops/s) - 3776 (4151755 Gflops/s) - 3781 (4157253 Gflops/s) - 3698 (4065993 Gflops/s) - 3661 (4025312 Gflops/s) | Temperatures: 65°C - 65°C - 73°C - 70°C - 65°C - 63°C - 72°C - 71°C | Throttling: None - None - None - None - None - None - None - None
3767 (4141860 Gflops/s) - 3750 (4123168 Gflops/s) - 3733 (4104476 Gflops/s) - 3734 (4105576 Gflops/s) - 3775 (4150656 Gflops/s) - 3780 (4156153 Gflops/s) - 3698 (4065993 Gflops/s) - 3655 (4018714 Gflops/s) | Temperatures: 65°C - 65°C - 73°C - 70°C - 65°C - 63°C - 72°C - 71°C | Throttling: None - None - None - None - None - None - None - None
3767 (4141860 Gflops/s) - 3748 (4120969 Gflops/s) - 3733 (4104476 Gflops/s) - 3734 (4105576 Gflops/s) - 3776 (4151755 Gflops/s) - 3780 (4156153 Gflops/s) - 3703 (4071491 Gflops/s) - 3638 (4000023 Gflops/s) | Temperatures: 65°C - 66°C - 73°C - 70°C - 66°C - 64°C - 72°C - 71°C | Throttling: None - None - None - None - None - None - None - None
3767 (4141860 Gflops/s) - 3747 (4119870 Gflops/s) - 3733 (4104476 Gflops/s) - 3735 (4106675 Gflops/s) - 3774 (4149556 Gflops/s) - 3780 (4156153 Gflops/s) - 3701 (4069292 Gflops/s) - 3658 (4022013 Gflops/s) | Temperatures: 65°C - 65°C - 73°C - 70°C - 66°C - 64°C - 72°C - 71°C | Throttling: None - None - None - None - None - None - None - None
3765 (4139661 Gflops/s) - 3748 (4120969 Gflops/s) - 3733 (4104476 Gflops/s) - 3735 (4106675 Gflops/s) - 3776 (4151755 Gflops/s) - 3780 (4156153 Gflops/s) - 3701 (4069292 Gflops/s) - 3649 (4012117 Gflops/s) | Temperatures: 65°C - 66°C - 73°C - 70°C - 66°C - 64°C - 72°C - 71°C | Throttling: None - None - None - None - None - None - None - None
3767 (4141860 Gflops/s) - 3747 (4119870 Gflops/s) - 3733 (4104476 Gflops/s) - 3734 (4105576 Gflops/s) - 3774 (4149556 Gflops/s) - 3781 (4157253 Gflops/s) - 3698 (4065993 Gflops/s) - 3649 (4012117 Gflops/s) | Temperatures: 65°C - 66°C - 73°C - 70°C - 66°C - 64°C - 72°C - 71°C | Throttling: None - None - None - None - None - None - None - None
3766 (4140760 Gflops/s) - 3748 (4120969 Gflops/s) - 3733 (4104476 Gflops/s) - 3734 (4105576 Gflops/s) - 3775 (4150656 Gflops/s) - 3780 (4156153 Gflops/s) - 3695 (4062695 Gflops/s) - 3633 (3994525 Gflops/s) | Temperatures: 65°C - 66°C - 73°C - 70°C - 66°C - 64°C - 72°C - 71°C | Throttling: None - None - None - None - None - None - None - None
3765 (4139661 Gflops/s) - 3745 (4117671 Gflops/s) - 3733 (4104476 Gflops/s) - 3735 (4106675 Gflops/s) - 3775 (4150656 Gflops/s) - 3780 (4156153 Gflops/s) - 3695 (4062695 Gflops/s) - 3655 (4018714 Gflops/s) | Temperatures: 65°C - 66°C - 73°C - 70°C - 66°C - 64°C - 72°C - 71°C | Throttling: None - None - None - None - None - None - None - None
3766 (4140760 Gflops/s) - 3750 (4123168 Gflops/s) - 3733 (4104476 Gflops/s) - 3733 (4104476 Gflops/s) - 3775 (4150656 Gflops/s) - 3781 (4157253 Gflops/s) - 3693 (4060496 Gflops/s) - 3653 (4016515 Gflops/s) | Temperatures: 65°C - 66°C - 73°C - 70°C - 66°C - 64°C - 72°C - 71°C | Throttling: None - None - None - None - None - None - None - None
3765 (4139661 Gflops/s) - 3747 (4119870 Gflops/s) - 3733 (4104476 Gflops/s) - 3735 (4106675 Gflops/s) - 3774 (4149556 Gflops/s) - 3780 (4156153 Gflops/s) - 3694 (4061595 Gflops/s) - 3643 (4005520 Gflops/s) | Temperatures: 65°C - 66°C - 73°C - 71°C - 66°C - 64°C - 72°C - 71°C | Throttling: None - None - None - None - None - None - None - None
3765 (4139661 Gflops/s) - 3749 (4122069 Gflops/s) - 3732 (4103377 Gflops/s) - 3732 (4103377 Gflops/s) - 3774 (4149556 Gflops/s) - 3779 (4155054 Gflops/s) - 3694 (4061595 Gflops/s) - 3648 (4011018 Gflops/s) | Temperatures: 65°C - 66°C - 73°C - 70°C - 66°C - 64°C - 72°C - 71°C | Throttling: None - None - None - None - None - None - None - None
3765 (4139661 Gflops/s) - 3747 (4119870 Gflops/s) - 3733 (4104476 Gflops/s) - 3735 (4106675 Gflops/s) - 3775 (4150656 Gflops/s) - 3781 (4157253 Gflops/s) - 3695 (4062695 Gflops/s) - 3646 (4008819 Gflops/s) | Temperatures: 65°C - 66°C - 73°C - 70°C - 66°C - 64°C - 72°C - 71°C | Throttling: None - None - None - None - None - None - None - None
3765 (4139661 Gflops/s) - 3748 (4120969 Gflops/s) - 3734 (4105576 Gflops/s) - 3732 (4103377 Gflops/s) - 3773 (4148457 Gflops/s) - 3780 (4156153 Gflops/s) - 3686 (4052799 Gflops/s) - 3650 (4013217 Gflops/s) | Temperatures: 65°C - 66°C - 73°C - 71°C - 66°C - 64°C - 72°C - 71°C | Throttling: None - None - None - None - None - None - None - None
3764 (4138561 Gflops/s) - 3745 (4117671 Gflops/s) - 3733 (4104476 Gflops/s) - 3734 (4105576 Gflops/s) - 3774 (4149556 Gflops/s) - 3780 (4156153 Gflops/s) - 3692 (4059396 Gflops/s) - 3638 (4000023 Gflops/s) | Temperatures: 65°C - 66°C - 73°C - 71°C - 66°C - 64°C - 72°C - 71°C | Throttling: None - None - None - None - None - None - None - None
3765 (4139661 Gflops/s) - 3749 (4122069 Gflops/s) - 3733 (4104476 Gflops/s) - 3731 (4102277 Gflops/s) - 3774 (4149556 Gflops/s) - 3781 (4157253 Gflops/s) - 3696 (4063794 Gflops/s) - 3652 (4015416 Gflops/s) | Temperatures: 65°C - 66°C - 73°C - 71°C - 66°C - 64°C - 72°C - 71°C | Throttling: None - None - None - None - None - None - None - None
3763 (4137462 Gflops/s) - 3744 (4116571 Gflops/s) - 3730 (4101178 Gflops/s) - 3732 (4103377 Gflops/s) - 3774 (4149556 Gflops/s) - 3780 (4156153 Gflops/s) - 3694 (4061595 Gflops/s) - 3641 (4003321 Gflops/s) | Temperatures: 66°C - 66°C - 73°C - 71°C - 66°C - 64°C - 72°C - 71°C | Throttling: None - None - None - None - None - None - None - None
3765 (4139661 Gflops/s) - 3745 (4117671 Gflops/s) - 3730 (4101178 Gflops/s) - 3731 (4102277 Gflops/s) - 3774 (4149556 Gflops/s) - 3781 (4157253 Gflops/s) - 3685 (4051700 Gflops/s) - 3650 (4013217 Gflops/s) | Temperatures: 66°C - 66°C - 73°C - 71°C - 66°C - 64°C - 72°C - 71°C | Throttling: None - None - None - None - None - None - None - None
3764 (4138561 Gflops/s) - 3746 (4118770 Gflops/s) - 3732 (4103377 Gflops/s) - 3729 (4100078 Gflops/s) - 3774 (4149556 Gflops/s) - 3780 (4156153 Gflops/s) - 3693 (4060496 Gflops/s) - 3649 (4012117 Gflops/s) | Temperatures: 65°C - 66°C - 73°C - 71°C - 66°C - 64°C - 72°C - 71°C | Throttling: None - None - None - None - None - None - None - None
3764 (4138561 Gflops/s) - 3745 (4117671 Gflops/s) - 3730 (4101178 Gflops/s) - 3730 (4101178 Gflops/s) - 3774 (4149556 Gflops/s) - 3780 (4156153 Gflops/s) - 3693 (4060496 Gflops/s) - 3645 (4007719 Gflops/s) | Temperatures: 66°C - 66°C - 73°C - 71°C - 66°C - 64°C - 72°C - 71°C | Throttling: None - None - None - None - None - None - None - None
3764 (4138561 Gflops/s) - 3745 (4117671 Gflops/s) - 3733 (4104476 Gflops/s) - 3730 (4101178 Gflops/s) - 3772 (4147357 Gflops/s) - 3781 (4157253 Gflops/s) - 3693 (4060496 Gflops/s) - 3632 (3993426 Gflops/s) | Temperatures: 66°C - 66°C - 73°C - 71°C - 66°C - 64°C - 72°C - 71°C | Throttling: None - None - None - None - None - None - None - None
3765 (4139661 Gflops/s) - 3746 (4118770 Gflops/s) - 3731 (4102277 Gflops/s) - 3731 (4102277 Gflops/s) - 3773 (4148457 Gflops/s) - 3780 (4156153 Gflops/s) - 3692 (4059396 Gflops/s) - 3642 (4004421 Gflops/s) | Temperatures: 66°C - 66°C - 74°C - 71°C - 66°C - 64°C - 72°C - 71°C | Throttling: None - None - None - None - None - None - None - None
3764 (4138561 Gflops/s) - 3748 (4120969 Gflops/s) - 3730 (4101178 Gflops/s) - 3729 (4100078 Gflops/s) - 3773 (4148457 Gflops/s) - 3780 (4156153 Gflops/s) - 3696 (4063794 Gflops/s) - 3646 (4008819 Gflops/s) | Temperatures: 66°C - 66°C - 73°C - 71°C - 66°C - 64°C - 72°C - 71°C | Throttling: None - None - None - None - None - None - None - None
3765 (4139661 Gflops/s) - 3745 (4117671 Gflops/s) - 3732 (4103377 Gflops/s) - 3730 (4101178 Gflops/s) - 3773 (4148457 Gflops/s) - 3781 (4157253 Gflops/s) - 3696 (4063794 Gflops/s) - 3639 (4001122 Gflops/s) | Temperatures: 66°C - 66°C - 73°C - 71°C - 66°C - 64°C - 72°C - 71°C | Throttling: None - None - None - None - None - None - None - None
3764 (4138561 Gflops/s) - 3744 (4116571 Gflops/s) - 3730 (4101178 Gflops/s) - 3731 (4102277 Gflops/s) - 3773 (4148457 Gflops/s) - 3780 (4156153 Gflops/s) - 3690 (4057197 Gflops/s) - 3650 (4013217 Gflops/s) | Temperatures: 66°C - 66°C - 74°C - 71°C - 66°C - 64°C - 72°C - 71°C | Throttling: None - None - None - None - None - None - None - None
3765 (4139661 Gflops/s) - 3747 (4119870 Gflops/s) - 3729 (4100078 Gflops/s) - 3729 (4100078 Gflops/s) - 3773 (4148457 Gflops/s) - 3780 (4156153 Gflops/s) - 3694 (4061595 Gflops/s) - 3640 (4002222 Gflops/s) | Temperatures: 66°C - 66°C - 74°C - 71°C - 66°C - 64°C - 72°C - 71°C | Throttling: None - None - None - None - None - None - None - None
3763 (4137462 Gflops/s) - 3744 (4116571 Gflops/s) - 3730 (4101178 Gflops/s) - 3727 (4097879 Gflops/s) - 3772 (4147357 Gflops/s) - 3781 (4157253 Gflops/s) - 3688 (4054998 Gflops/s) - 3639 (4001122 Gflops/s) | Temperatures: 66°C - 66°C - 74°C - 71°C - 66°C - 65°C - 72°C - 71°C | Throttling: None - None - None - None - None - None - None - None
3763 (4137462 Gflops/s) - 3742 (4114372 Gflops/s) - 3730 (4101178 Gflops/s) - 3727 (4097879 Gflops/s) - 3773 (4148457 Gflops/s) - 3781 (4157253 Gflops/s) - 3694 (4061595 Gflops/s) - 3651 (4014316 Gflops/s) | Temperatures: 66°C - 66°C - 74°C - 71°C - 67°C - 65°C - 72°C - 72°C | Throttling: None - None - None - None - None - None - None - None
3763 (4137462 Gflops/s) - 3744 (4116571 Gflops/s) - 3731 (4102277 Gflops/s) - 3731 (4102277 Gflops/s) - 3773 (4148457 Gflops/s) - 3780 (4156153 Gflops/s) - 3689 (4056098 Gflops/s) - 3639 (4001122 Gflops/s) | Temperatures: 66°C - 66°C - 74°C - 71°C - 66°C - 65°C - 72°C - 71°C | Throttling: None - None - None - None - None - None - None - None
3763 (4137462 Gflops/s) - 3743 (4115472 Gflops/s) - 3730 (4101178 Gflops/s) - 3730 (4101178 Gflops/s) - 3772 (4147357 Gflops/s) - 3780 (4156153 Gflops/s) - 3684 (4050600 Gflops/s) - 3645 (4007719 Gflops/s) | Temperatures: 66°C - 66°C - 74°C - 71°C - 67°C - 65°C - 73°C - 72°C | Throttling: None - None - None - None - None - None - None - None
3763 (4137462 Gflops/s) - 3743 (4115472 Gflops/s) - 3731 (4102277 Gflops/s) - 3730 (4101178 Gflops/s) - 3773 (4148457 Gflops/s) - 3772 (4147357 Gflops/s) - 3697 (4064894 Gflops/s) - 3650 (4013217 Gflops/s) | Temperatures: 66°C - 66°C - 74°C - 71°C - 67°C - 64°C - 73°C - 72°C | Throttling: None - None - None - None - None - None - None - None
3762 (4136362 Gflops/s) - 3742 (4114372 Gflops/s) - 3728 (4098979 Gflops/s) - 3730 (4101178 Gflops/s) - 3772 (4147357 Gflops/s) - 3773 (4148457 Gflops/s) - 3692 (4059396 Gflops/s) - 3637 (3998923 Gflops/s) | Temperatures: 66°C - 66°C - 74°C - 71°C - 66°C - 65°C - 73°C - 72°C | Throttling: None - None - None - None - None - None - None - None
3764 (4138561 Gflops/s) - 3745 (4117671 Gflops/s) - 3728 (4098979 Gflops/s) - 3729 (4100078 Gflops/s) - 3773 (4148457 Gflops/s) - 3772 (4147357 Gflops/s) - 3692 (4059396 Gflops/s) - 3638 (4000023 Gflops/s) | Temperatures: 66°C - 67°C - 74°C - 71°C - 67°C - 65°C - 73°C - 71°C | Throttling: None - None - None - None - None - None - None - None
3762 (4136362 Gflops/s) - 3741 (4113272 Gflops/s) - 3729 (4100078 Gflops/s) - 3728 (4098979 Gflops/s) - 3772 (4147357 Gflops/s) - 3773 (4148457 Gflops/s) - 3686 (4052799 Gflops/s) - 3653 (4016515 Gflops/s) | Temperatures: 66°C - 66°C - 74°C - 71°C - 67°C - 65°C - 73°C - 72°C | Throttling: None - None - None - None - None - None - None - None
3763 (4137462 Gflops/s) - 3743 (4115472 Gflops/s) - 3729 (4100078 Gflops/s) - 3726 (4096780 Gflops/s) - 3773 (4148457 Gflops/s) - 3772 (4147357 Gflops/s) - 3687 (4053899 Gflops/s) - 3636 (3997824 Gflops/s) | Temperatures: 66°C - 66°C - 74°C - 71°C - 67°C - 65°C - 73°C - 72°C | Throttling: None - None - None - None - None - None - None - None
3762 (4136362 Gflops/s) - 3744 (4116571 Gflops/s) - 3728 (4098979 Gflops/s) - 3727 (4097879 Gflops/s) - 3771 (4146258 Gflops/s) - 3772 (4147357 Gflops/s) - 3692 (4059396 Gflops/s) - 3641 (4003321 Gflops/s) | Temperatures: 66°C - 67°C - 74°C - 71°C - 67°C - 65°C - 73°C - 72°C | Throttling: None - None - None - None - None - None - None - None
3762 (4136362 Gflops/s) - 3743 (4115472 Gflops/s) - 3728 (4098979 Gflops/s) - 3729 (4100078 Gflops/s) - 3772 (4147357 Gflops/s) - 3772 (4147357 Gflops/s) - 3691 (4058297 Gflops/s) - 3647 (4009918 Gflops/s) | Temperatures: 66°C - 67°C - 74°C - 71°C - 67°C - 65°C - 73°C - 72°C | Throttling: None - None - None - None - None - None - None - None
3762 (4136362 Gflops/s) - 3743 (4115472 Gflops/s) - 3727 (4097879 Gflops/s) - 3726 (4096780 Gflops/s) - 3773 (4148457 Gflops/s) - 3772 (4147357 Gflops/s) - 3688 (4054998 Gflops/s) - 3631 (3992326 Gflops/s) | Temperatures: 66°C - 67°C - 74°C - 71°C - 67°C - 65°C - 73°C - 72°C | Throttling: None - None - None - None - None - None - None - None
3763 (4137462 Gflops/s) - 3743 (4115472 Gflops/s) - 3728 (4098979 Gflops/s) - 3728 (4098979 Gflops/s) - 3772 (4147357 Gflops/s) - 3773 (4148457 Gflops/s) - 3689 (4056098 Gflops/s) - 3634 (3995625 Gflops/s) | Temperatures: 66°C - 67°C - 74°C - 71°C - 67°C - 65°C - 73°C - 72°C | Throttling: None - None - None - None - None - None - None - None
3761 (4135263 Gflops/s) - 3741 (4113272 Gflops/s) - 3728 (4098979 Gflops/s) - 3728 (4098979 Gflops/s) - 3773 (4148457 Gflops/s) - 3773 (4148457 Gflops/s) - 3689 (4056098 Gflops/s) - 3648 (4011018 Gflops/s) | Temperatures: 66°C - 67°C - 74°C - 71°C - 67°C - 65°C - 73°C - 72°C | Throttling: None - None - None - None - None - None - None - None
3762 (4136362 Gflops/s) - 3743 (4115472 Gflops/s) - 3727 (4097879 Gflops/s) - 3724 (4094581 Gflops/s) - 3771 (4146258 Gflops/s) - 3772 (4147357 Gflops/s) - 3690 (4057197 Gflops/s) - 3647 (4009918 Gflops/s) | Temperatures: 66°C - 67°C - 74°C - 71°C - 67°C - 65°C - 73°C - 72°C | Throttling: None - None - None - None - None - None - None - None
3763 (4137462 Gflops/s) - 3743 (4115472 Gflops/s) - 3727 (4097879 Gflops/s) - 3728 (4098979 Gflops/s) - 3772 (4147357 Gflops/s) - 3772 (4147357 Gflops/s) - 3687 (4053899 Gflops/s) - 3647 (4009918 Gflops/s) | Temperatures: 66°C - 67°C - 74°C - 71°C - 67°C - 65°C - 73°C - 72°C | Throttling: None - None - None - None - None - None - None - None
3762 (4136362 Gflops/s) - 3742 (4114372 Gflops/s) - 3728 (4098979 Gflops/s) - 3726 (4096780 Gflops/s) - 3771 (4146258 Gflops/s) - 3772 (4147357 Gflops/s) - 3687 (4053899 Gflops/s) - 3640 (4002222 Gflops/s) | Temperatures: 66°C - 67°C - 74°C - 71°C - 67°C - 65°C - 73°C - 72°C | Throttling: None - None - None - None - None - None - None - None
3762 (4136362 Gflops/s) - 3742 (4114372 Gflops/s) - 3730 (4101178 Gflops/s) - 3729 (4100078 Gflops/s) - 3771 (4146258 Gflops/s) - 3771 (4146258 Gflops/s) - 3680 (4046202 Gflops/s) - 3645 (4007719 Gflops/s) | Temperatures: 66°C - 67°C - 74°C - 71°C - 67°C - 65°C - 73°C - 72°C | Throttling: None - None - None - None - None - None - None - None
3763 (4137462 Gflops/s) - 3743 (4115472 Gflops/s) - 3731 (4102277 Gflops/s) - 3729 (4100078 Gflops/s) - 3773 (4148457 Gflops/s) - 3772 (4147357 Gflops/s) - 3689 (4056098 Gflops/s) - 3641 (4003321 Gflops/s) | Temperatures: 66°C - 67°C - 74°C - 71°C - 67°C - 65°C - 73°C - 72°C | Throttling: None - None - None - None - None - None - None - None
3762 (4136362 Gflops/s) - 3741 (4113272 Gflops/s) - 3728 (4098979 Gflops/s) - 3726 (4096780 Gflops/s) - 3771 (4146258 Gflops/s) - 3772 (4147357 Gflops/s) - 3673 (4038506 Gflops/s) - 3644 (4006620 Gflops/s) | Temperatures: 66°C - 67°C - 74°C - 71°C - 67°C - 65°C - 73°C - 72°C | Throttling: None - None - None - None - None - None - None - None
3762 (4136362 Gflops/s) - 3742 (4114372 Gflops/s) - 3728 (4098979 Gflops/s) - 3729 (4100078 Gflops/s) - 3772 (4147357 Gflops/s) - 3772 (4147357 Gflops/s) - 3686 (4052799 Gflops/s) - 3638 (4000023 Gflops/s) | Temperatures: 66°C - 67°C - 74°C - 71°C - 67°C - 65°C - 73°C - 72°C | Throttling: None - None - None - None - None - None - None - None
3762 (4136362 Gflops/s) - 3741 (4113272 Gflops/s) - 3729 (4100078 Gflops/s) - 3726 (4096780 Gflops/s) - 3771 (4146258 Gflops/s) - 3772 (4147357 Gflops/s) - 3688 (4054998 Gflops/s) - 3637 (3998923 Gflops/s) | Temperatures: 66°C - 67°C - 74°C - 71°C - 67°C - 65°C - 73°C - 72°C | Throttling: None - None - None - None - None - None - None - None
3762 (4136362 Gflops/s) - 3741 (4113272 Gflops/s) - 3725 (4095680 Gflops/s) - 3726 (4096780 Gflops/s) - 3769 (4144059 Gflops/s) - 3772 (4147357 Gflops/s) - 3683 (4049501 Gflops/s) - 3643 (4005520 Gflops/s) | Temperatures: 66°C - 67°C - 74°C - 71°C - 67°C - 65°C - 73°C - 72°C | Throttling: None - None - None - None - None - None - None - None
3761 (4135263 Gflops/s) - 3741 (4113272 Gflops/s) - 3727 (4097879 Gflops/s) - 3727 (4097879 Gflops/s) - 3773 (4148457 Gflops/s) - 3772 (4147357 Gflops/s) - 3687 (4053899 Gflops/s) - 3645 (4007719 Gflops/s) | Temperatures: 66°C - 67°C - 74°C - 71°C - 67°C - 65°C - 73°C - 72°C | Throttling: None - None - None - None - None - None - None - None
3763 (4137462 Gflops/s) - 3741 (4113272 Gflops/s) - 3728 (4098979 Gflops/s) - 3726 (4096780 Gflops/s) - 3771 (4146258 Gflops/s) - 3773 (4148457 Gflops/s) - 3686 (4052799 Gflops/s) - 3636 (3997824 Gflops/s) | Temperatures: 66°C - 67°C - 74°C - 71°C - 67°C - 65°C - 73°C - 72°C | Throttling: None - None - None - None - None - None - None - None
3761 (4135263 Gflops/s) - 3742 (4114372 Gflops/s) - 3728 (4098979 Gflops/s) - 3728 (4098979 Gflops/s) - 3771 (4146258 Gflops/s) - 3771 (4146258 Gflops/s) - 3688 (4054998 Gflops/s) - 3641 (4003321 Gflops/s) | Temperatures: 66°C - 67°C - 74°C - 71°C - 67°C - 65°C - 73°C - 72°C | Throttling: None - None - None - None - None - None - None - None
3762 (4136362 Gflops/s) - 3743 (4115472 Gflops/s) - 3728 (4098979 Gflops/s) - 3729 (4100078 Gflops/s) - 3771 (4146258 Gflops/s) - 3771 (4146258 Gflops/s) - 3685 (4051700 Gflops/s) - 3645 (4007719 Gflops/s) | Temperatures: 66°C - 67°C - 74°C - 71°C - 67°C - 65°C - 73°C - 72°C | Throttling: None - None - None - None - None - None - None - None
3761 (4135263 Gflops/s) - 3740 (4112173 Gflops/s) - 3728 (4098979 Gflops/s) - 3726 (4096780 Gflops/s) - 3771 (4146258 Gflops/s) - 3772 (4147357 Gflops/s) - 3686 (4052799 Gflops/s) - 3635 (3996724 Gflops/s) | Temperatures: 66°C - 67°C - 74°C - 71°C - 67°C - 65°C - 73°C - 72°C | Throttling: None - None - None - None - None - None - None - None
3763 (4137462 Gflops/s) - 3740 (4112173 Gflops/s) - 3728 (4098979 Gflops/s) - 3728 (4098979 Gflops/s) - 3771 (4146258 Gflops/s) - 3772 (4147357 Gflops/s) - 3671 (4036307 Gflops/s) - 3638 (4000023 Gflops/s) | Temperatures: 66°C - 67°C - 74°C - 71°C - 67°C - 65°C - 73°C - 72°C | Throttling: None - None - None - None - None - None - None - None
3761 (4135263 Gflops/s) - 3743 (4115472 Gflops/s) - 3728 (4098979 Gflops/s) - 3730 (4101178 Gflops/s) - 3771 (4146258 Gflops/s) - 3772 (4147357 Gflops/s) - 3689 (4056098 Gflops/s) - 3653 (4016515 Gflops/s) | Temperatures: 66°C - 67°C - 74°C - 71°C - 67°C - 65°C - 73°C - 72°C | Throttling: None - None - None - None - None - None - None - None
3763 (4137462 Gflops/s) - 3745 (4117671 Gflops/s) - 3728 (4098979 Gflops/s) - 3728 (4098979 Gflops/s) - 3771 (4146258 Gflops/s) - 3772 (4147357 Gflops/s) - 3679 (4045103 Gflops/s) - 3637 (3998923 Gflops/s) | Temperatures: 66°C - 67°C - 74°C - 71°C - 67°C - 65°C - 73°C - 72°C | Throttling: None - None - None - None - None - None - None - None
3762 (4136362 Gflops/s) - 3741 (4113272 Gflops/s) - 3730 (4101178 Gflops/s) - 3729 (4100078 Gflops/s) - 3771 (4146258 Gflops/s) - 3772 (4147357 Gflops/s) - 3692 (4059396 Gflops/s) - 3650 (4013217 Gflops/s) | Temperatures: 66°C - 67°C - 74°C - 71°C - 67°C - 65°C - 73°C - 72°C | Throttling: None - None - None - None - None - None - None - None
3763 (4137462 Gflops/s) - 3742 (4114372 Gflops/s) - 3726 (4096780 Gflops/s) - 3724 (4094581 Gflops/s) - 3771 (4146258 Gflops/s) - 3772 (4147357 Gflops/s) - 3680 (4046202 Gflops/s) - 3639 (4001122 Gflops/s) | Temperatures: 66°C - 67°C - 74°C - 71°C - 67°C - 65°C - 73°C - 72°C | Throttling: None - None - None - None - None - None - None - None
3761 (4135263 Gflops/s) - 3741 (4113272 Gflops/s) - 3729 (4100078 Gflops/s) - 3729 (4100078 Gflops/s) - 3771 (4146258 Gflops/s) - 3771 (4146258 Gflops/s) - 3690 (4057197 Gflops/s) - 3644 (4006620 Gflops/s) | Temperatures: 66°C - 67°C - 74°C - 71°C - 67°C - 65°C - 73°C - 72°C | Throttling: None - None - None - None - None - None - None - None
3761 (4135263 Gflops/s) - 3744 (4116571 Gflops/s) - 3728 (4098979 Gflops/s) - 3728 (4098979 Gflops/s) - 3772 (4147357 Gflops/s) - 3771 (4146258 Gflops/s) - 3687 (4053899 Gflops/s) - 3642 (4004421 Gflops/s) | Temperatures: 66°C - 67°C - 74°C - 71°C - 67°C - 65°C - 73°C - 72°C | Throttling: None - None - None - None - None - None - None - None
3763 (4137462 Gflops/s) - 3741 (4113272 Gflops/s) - 3730 (4101178 Gflops/s) - 3727 (4097879 Gflops/s) - 3772 (4147357 Gflops/s) - 3772 (4147357 Gflops/s) - 3688 (4054998 Gflops/s) - 3649 (4012117 Gflops/s) | Temperatures: 66°C - 67°C - 74°C - 71°C - 67°C - 65°C - 73°C - 72°C | Throttling: None - None - None - None - None - None - None - None
3762 (4136362 Gflops/s) - 3744 (4116571 Gflops/s) - 3730 (4101178 Gflops/s) - 3726 (4096780 Gflops/s) - 3771 (4146258 Gflops/s) - 3772 (4147357 Gflops/s) - 3686 (4052799 Gflops/s) - 3637 (3998923 Gflops/s) | Temperatures: 66°C - 67°C - 74°C - 71°C - 67°C - 65°C - 73°C - 72°C | Throttling: None - None - None - None - None - None - None - None
3763 (4137462 Gflops/s) - 3742 (4114372 Gflops/s) - 3729 (4100078 Gflops/s) - 3727 (4097879 Gflops/s) - 3772 (4147357 Gflops/s) - 3772 (4147357 Gflops/s) - 3688 (4054998 Gflops/s) - 3648 (4011018 Gflops/s) | Temperatures: 66°C - 67°C - 74°C - 71°C - 67°C - 65°C - 73°C - 72°C | Throttling: None - None - None - None - None - None - None - None
3762 (4136362 Gflops/s) - 3742 (4114372 Gflops/s) - 3728 (4098979 Gflops/s) - 3729 (4100078 Gflops/s) - 3772 (4147357 Gflops/s) - 3772 (4147357 Gflops/s) - 3684 (4050600 Gflops/s) - 3648 (4011018 Gflops/s) | Temperatures: 66°C - 67°C - 74°C - 71°C - 67°C - 65°C - 73°C - 72°C | Throttling: None - None - None - None - None - None - None - None
3763 (4137462 Gflops/s) - 3747 (4119870 Gflops/s) - 3730 (4101178 Gflops/s) - 3727 (4097879 Gflops/s) - 3771 (4146258 Gflops/s) - 3772 (4147357 Gflops/s) - 3688 (4054998 Gflops/s) - 3649 (4012117 Gflops/s) | Temperatures: 66°C - 67°C - 74°C - 71°C - 67°C - 65°C - 73°C - 72°C | Throttling: None - None - None - None - None - None - None - None
3762 (4136362 Gflops/s) - 3741 (4113272 Gflops/s) - 3728 (4098979 Gflops/s) - 3729 (4100078 Gflops/s) - 3772 (4147357 Gflops/s) - 3772 (4147357 Gflops/s) - 3685 (4051700 Gflops/s) - 3638 (4000023 Gflops/s) | Temperatures: 66°C - 67°C - 74°C - 71°C - 67°C - 65°C - 73°C - 72°C | Throttling: None - None - None - None - None - None - None - None
3763 (4137462 Gflops/s) - 3744 (4116571 Gflops/s) - 3728 (4098979 Gflops/s) - 3728 (4098979 Gflops/s) - 3773 (4148457 Gflops/s) - 3772 (4147357 Gflops/s) - 3688 (4054998 Gflops/s) - 3639 (4001122 Gflops/s) | Temperatures: 66°C - 67°C - 74°C - 71°C - 67°C - 65°C - 73°C - 72°C | Throttling: None - None - None - None - None - None - None - None
3763 (4137462 Gflops/s) - 3741 (4113272 Gflops/s) - 3729 (4100078 Gflops/s) - 3730 (4101178 Gflops/s) - 3772 (4147357 Gflops/s) - 3773 (4148457 Gflops/s) - 3687 (4053899 Gflops/s) - 3643 (4005520 Gflops/s) | Temperatures: 66°C - 67°C - 74°C - 71°C - 67°C - 65°C - 73°C - 72°C | Throttling: None - None - None - None - None - None - None - None
3762 (4136362 Gflops/s) - 3744 (4116571 Gflops/s) - 3729 (4100078 Gflops/s) - 3726 (4096780 Gflops/s) - 3772 (4147357 Gflops/s) - 3771 (4146258 Gflops/s) - 3684 (4050600 Gflops/s) - 3646 (4008819 Gflops/s) | Temperatures: 66°C - 67°C - 74°C - 71°C - 67°C - 65°C - 73°C - 72°C | Throttling: None - None - None - None - None - None - None - None
3763 (4137462 Gflops/s) - 3742 (4114372 Gflops/s) - 3729 (4100078 Gflops/s) - 3727 (4097879 Gflops/s) - 3772 (4147357 Gflops/s) - 3772 (4147357 Gflops/s) - 3683 (4049501 Gflops/s) - 3639 (4001122 Gflops/s) | Temperatures: 66°C - 66°C - 74°C - 71°C - 67°C - 65°C - 73°C - 72°C | Throttling: None - None - None - None - None - None - None - None
1287 (1415071 Gflops/s) - 2094 (2302377 Gflops/s) - 2120 (2330964 Gflops/s) - 2317 (2547568 Gflops/s) - 1957 (2151744 Gflops/s) - 2296 (2524478 Gflops/s) - 1330 (1462350 Gflops/s) - 2266 (2491493 Gflops/s) | Temperatures: 54°C - 56°C - 65°C - 62°C - 56°C - 55°C - 62°C - 65°C | Throttling: None - None - None - None - None - None - None - None
GPU #0: 4130524 Gflops/s (min: 1415071.46, max: 4147357.86, dev: 159219.59)
         Temperature: 65.27°C (min: 54.00, max: 66.00)
         Throttling HW: false, Thermal SW: false, Thermal HW: false
GPU #1: 4113997 Gflops/s (min: 2302377.35, max: 4134163.72, dev: 106369.22)
         Temperature: 65.91°C (min: 56.00, max: 67.00)
         Throttling HW: false, Thermal SW: false, Thermal HW: false
GPU #2: 4097501 Gflops/s (min: 2330964.65, max: 4126467.14, dev: 103642.27)
         Temperature: 73.22°C (min: 65.00, max: 74.00)
         Throttling HW: false, Thermal SW: false, Thermal HW: false
GPU #3: 4098259 Gflops/s (min: 2547568.44, max: 4128666.16, dev: 91062.14)
         Temperature: 70.35°C (min: 62.00, max: 71.00)
         Throttling HW: false, Thermal SW: false, Thermal HW: false
GPU #4: 4142607 Gflops/s (min: 2151744.26, max: 4153954.93, dev: 116731.21)
         Temperature: 66.03°C (min: 56.00, max: 67.00)
         Throttling HW: false, Thermal SW: false, Thermal HW: false
GPU #5: 4147515 Gflops/s (min: 2524478.70, max: 4159452.49, dev: 95252.32)
         Temperature: 63.99°C (min: 55.00, max: 65.00)
         Throttling HW: false, Thermal SW: false, Thermal HW: false
GPU #6: 4054680 Gflops/s (min: 1462350.46, max: 4127566.65, dev: 152669.85)
         Temperature: 72.11°C (min: 62.00, max: 73.00)
         Throttling HW: false, Thermal SW: false, Thermal HW: false
GPU #7: 4007817 Gflops/s (min: 2491493.35, max: 4064894.49, dev: 89993.52)
         Temperature: 71.17°C (min: 65.00, max: 72.00)
         Throttling HW: false, Thermal SW: false, Thermal HW: false
All GPUs seem healthy
Freeing GPUs...
