/usr/bin/singularity
apptainer version 1.4.5-1.el9
Number of GPUs =  8
======== Run with fp32 ==========
Detected GPU #0: "NVIDIA B200" (2e86ad83-a29c-769a-220e-dac94feb144f)
Detected GPU #1: "NVIDIA B200" (6a6cf8bf-4f75-4f45-7434-d7b19d3206b0)
Detected GPU #2: "NVIDIA B200" (a217acbf-dc2d-51ba-5145-ac222aafa099)
Detected GPU #3: "NVIDIA B200" (0f6ecc94-e2ec-4653-3039-73f7c9a0c8ab)
Detected GPU #4: "NVIDIA B200" (42304b4f-d2f5-42a6-0615-65a0e3a833ab)
Detected GPU #5: "NVIDIA B200" (1674384d-8968-272d-6fbf-d3968d022bdd)
Detected GPU #6: "NVIDIA B200" (61747aa2-bdb0-7ecc-86fd-c2f6ec1f2020)
Detected GPU #7: "NVIDIA B200" (c46a4692-3af9-fa52-8b7a-2234c678ac52)
Using precision(s): FP32  
GPU #0: Using 163800 MB
GPU #1: Using 163800 MB
GPU #2: Using 163800 MB
GPU #3: Using 163800 MB
GPU #4: Using 163800 MB
GPU #5: Using 163800 MB
GPU #6: Using 163800 MB
GPU #7: Using 163800 MB
Creating random matrices
Matrices created
1215 (1335906 Gflops/s) - 1377 (1514027 Gflops/s) - 1281 (1408474 Gflops/s) - 1120 (1231453 Gflops/s) - 1123 (1234751 Gflops/s) - 1162 (1277632 Gflops/s) - 1067 (1173178 Gflops/s) - 1055 (1159984 Gflops/s) | Temperatures: 57°C - 59°C - 61°C - 59°C - 57°C - 58°C - 60°C - 60°C | Throttling: None - None - None - None - None - None - None - None
708 (778454 Gflops/s) - 709 (779553 Gflops/s) - 706 (776255 Gflops/s) - 703 (772956 Gflops/s) - 699 (768558 Gflops/s) - 704 (774056 Gflops/s) - 701 (770757 Gflops/s) - 706 (776255 Gflops/s) | Temperatures: 60°C - 62°C - 65°C - 63°C - 61°C - 61°C - 64°C - 64°C | Throttling: None - None - None - None - None - None - None - None
709 (779553 Gflops/s) - 708 (778454 Gflops/s) - 707 (777354 Gflops/s) - 703 (772956 Gflops/s) - 698 (767459 Gflops/s) - 706 (776255 Gflops/s) - 702 (771857 Gflops/s) - 705 (775155 Gflops/s) | Temperatures: 62°C - 63°C - 66°C - 65°C - 62°C - 63°C - 66°C - 66°C | Throttling: None - None - None - None - None - None - None - None
708 (778454 Gflops/s) - 707 (777354 Gflops/s) - 707 (777354 Gflops/s) - 701 (770757 Gflops/s) - 699 (768558 Gflops/s) - 703 (772956 Gflops/s) - 702 (771857 Gflops/s) - 705 (775155 Gflops/s) | Temperatures: 63°C - 64°C - 68°C - 67°C - 63°C - 64°C - 67°C - 67°C | Throttling: None - None - None - None - None - None - None - None
707 (777354 Gflops/s) - 706 (776255 Gflops/s) - 704 (774056 Gflops/s) - 702 (771857 Gflops/s) - 697 (766359 Gflops/s) - 701 (770757 Gflops/s) - 701 (770757 Gflops/s) - 705 (775155 Gflops/s) | Temperatures: 63°C - 65°C - 68°C - 67°C - 64°C - 65°C - 68°C - 68°C | Throttling: None - None - None - None - None - None - None - None
706 (776255 Gflops/s) - 708 (778454 Gflops/s) - 702 (771857 Gflops/s) - 700 (769658 Gflops/s) - 697 (766359 Gflops/s) - 700 (769658 Gflops/s) - 699 (768558 Gflops/s) - 704 (774056 Gflops/s) | Temperatures: 63°C - 65°C - 69°C - 68°C - 64°C - 65°C - 69°C - 69°C | Throttling: None - None - None - None - None - None - None - None
706 (776255 Gflops/s) - 709 (779553 Gflops/s) - 702 (771857 Gflops/s) - 705 (775155 Gflops/s) - 697 (766359 Gflops/s) - 702 (771857 Gflops/s) - 700 (769658 Gflops/s) - 701 (770757 Gflops/s) | Temperatures: 64°C - 66°C - 70°C - 68°C - 64°C - 65°C - 70°C - 69°C | Throttling: None - None - None - None - None - None - None - None
705 (775155 Gflops/s) - 708 (778454 Gflops/s) - 700 (769658 Gflops/s) - 694 (763061 Gflops/s) - 695 (764160 Gflops/s) - 718 (789449 Gflops/s) - 700 (769658 Gflops/s) - 703 (772956 Gflops/s) | Temperatures: 64°C - 66°C - 70°C - 69°C - 65°C - 66°C - 70°C - 70°C | Throttling: None - None - None - None - None - None - None - None
705 (775155 Gflops/s) - 708 (778454 Gflops/s) - 701 (770757 Gflops/s) - 697 (766359 Gflops/s) - 696 (765260 Gflops/s) - 693 (761961 Gflops/s) - 698 (767459 Gflops/s) - 702 (771857 Gflops/s) | Temperatures: 64°C - 66°C - 70°C - 69°C - 65°C - 66°C - 70°C - 70°C | Throttling: None - None - None - None - None - None - None - None
706 (776255 Gflops/s) - 708 (778454 Gflops/s) - 710 (780653 Gflops/s) - 699 (768558 Gflops/s) - 697 (766359 Gflops/s) - 705 (775155 Gflops/s) - 699 (768558 Gflops/s) - 701 (770757 Gflops/s) | Temperatures: 64°C - 66°C - 70°C - 69°C - 65°C - 66°C - 71°C - 70°C | Throttling: None - None - None - None - None - None - None - None
706 (776255 Gflops/s) - 708 (778454 Gflops/s) - 688 (756463 Gflops/s) - 698 (767459 Gflops/s) - 699 (768558 Gflops/s) - 704 (774056 Gflops/s) - 698 (767459 Gflops/s) - 702 (771857 Gflops/s) | Temperatures: 64°C - 66°C - 71°C - 69°C - 65°C - 66°C - 71°C - 70°C | Throttling: None - None - None - None - None - None - None - None
704 (774056 Gflops/s) - 706 (776255 Gflops/s) - 698 (767459 Gflops/s) - 696 (765260 Gflops/s) - 697 (766359 Gflops/s) - 704 (774056 Gflops/s) - 696 (765260 Gflops/s) - 700 (769658 Gflops/s) | Temperatures: 64°C - 67°C - 71°C - 69°C - 65°C - 67°C - 71°C - 70°C | Throttling: None - None - None - None - None - None - None - None
705 (775155 Gflops/s) - 707 (777354 Gflops/s) - 699 (768558 Gflops/s) - 693 (761961 Gflops/s) - 697 (766359 Gflops/s) - 705 (775155 Gflops/s) - 697 (766359 Gflops/s) - 700 (769658 Gflops/s) | Temperatures: 65°C - 66°C - 71°C - 69°C - 66°C - 67°C - 71°C - 71°C | Throttling: None - None - None - None - None - None - None - None
706 (776255 Gflops/s) - 707 (777354 Gflops/s) - 697 (766359 Gflops/s) - 699 (768558 Gflops/s) - 698 (767459 Gflops/s) - 704 (774056 Gflops/s) - 697 (766359 Gflops/s) - 699 (768558 Gflops/s) | Temperatures: 65°C - 67°C - 71°C - 70°C - 66°C - 67°C - 71°C - 71°C | Throttling: None - None - None - None - None - None - None - None
704 (774056 Gflops/s) - 706 (776255 Gflops/s) - 699 (768558 Gflops/s) - 697 (766359 Gflops/s) - 698 (767459 Gflops/s) - 705 (775155 Gflops/s) - 696 (765260 Gflops/s) - 700 (769658 Gflops/s) | Temperatures: 65°C - 67°C - 71°C - 70°C - 66°C - 67°C - 71°C - 71°C | Throttling: None - None - None - None - None - None - None - None
706 (776255 Gflops/s) - 706 (776255 Gflops/s) - 697 (766359 Gflops/s) - 697 (766359 Gflops/s) - 697 (766359 Gflops/s) - 704 (774056 Gflops/s) - 697 (766359 Gflops/s) - 699 (768558 Gflops/s) | Temperatures: 65°C - 67°C - 71°C - 70°C - 66°C - 67°C - 72°C - 71°C | Throttling: None - None - None - None - None - None - None - None
704 (774056 Gflops/s) - 705 (775155 Gflops/s) - 697 (766359 Gflops/s) - 697 (766359 Gflops/s) - 698 (767459 Gflops/s) - 705 (775155 Gflops/s) - 696 (765260 Gflops/s) - 698 (767459 Gflops/s) | Temperatures: 65°C - 67°C - 72°C - 70°C - 66°C - 67°C - 72°C - 71°C | Throttling: None - None - None - None - None - None - None - None
706 (776255 Gflops/s) - 706 (776255 Gflops/s) - 697 (766359 Gflops/s) - 697 (766359 Gflops/s) - 697 (766359 Gflops/s) - 704 (774056 Gflops/s) - 708 (778454 Gflops/s) - 699 (768558 Gflops/s) | Temperatures: 65°C - 67°C - 71°C - 70°C - 66°C - 67°C - 72°C - 71°C | Throttling: None - None - None - None - None - None - None - None
705 (775155 Gflops/s) - 706 (776255 Gflops/s) - 698 (767459 Gflops/s) - 696 (765260 Gflops/s) - 697 (766359 Gflops/s) - 704 (774056 Gflops/s) - 682 (749866 Gflops/s) - 698 (767459 Gflops/s) | Temperatures: 65°C - 67°C - 72°C - 70°C - 66°C - 67°C - 72°C - 71°C | Throttling: None - None - None - None - None - None - None - None
706 (776255 Gflops/s) - 704 (774056 Gflops/s) - 697 (766359 Gflops/s) - 695 (764160 Gflops/s) - 697 (766359 Gflops/s) - 705 (775155 Gflops/s) - 695 (764160 Gflops/s) - 699 (768558 Gflops/s) | Temperatures: 65°C - 67°C - 72°C - 70°C - 66°C - 67°C - 72°C - 71°C | Throttling: None - None - None - None - None - None - None - None
705 (775155 Gflops/s) - 706 (776255 Gflops/s) - 696 (765260 Gflops/s) - 696 (765260 Gflops/s) - 697 (766359 Gflops/s) - 704 (774056 Gflops/s) - 695 (764160 Gflops/s) - 698 (767459 Gflops/s) | Temperatures: 65°C - 67°C - 72°C - 70°C - 66°C - 67°C - 72°C - 71°C | Throttling: None - None - None - None - None - None - None - None
706 (776255 Gflops/s) - 705 (775155 Gflops/s) - 697 (766359 Gflops/s) - 694 (763061 Gflops/s) - 698 (767459 Gflops/s) - 704 (774056 Gflops/s) - 695 (764160 Gflops/s) - 698 (767459 Gflops/s) | Temperatures: 65°C - 67°C - 72°C - 70°C - 66°C - 67°C - 72°C - 71°C | Throttling: None - None - None - None - None - None - None - None
704 (774056 Gflops/s) - 705 (775155 Gflops/s) - 694 (763061 Gflops/s) - 697 (766359 Gflops/s) - 697 (766359 Gflops/s) - 704 (774056 Gflops/s) - 694 (763061 Gflops/s) - 697 (766359 Gflops/s) | Temperatures: 65°C - 67°C - 72°C - 71°C - 66°C - 67°C - 72°C - 71°C | Throttling: None - None - None - None - None - None - None - None
706 (776255 Gflops/s) - 705 (775155 Gflops/s) - 697 (766359 Gflops/s) - 695 (764160 Gflops/s) - 697 (766359 Gflops/s) - 704 (774056 Gflops/s) - 695 (764160 Gflops/s) - 698 (767459 Gflops/s) | Temperatures: 65°C - 67°C - 72°C - 71°C - 66°C - 67°C - 72°C - 72°C | Throttling: None - None - None - None - None - None - None - None
706 (776255 Gflops/s) - 706 (776255 Gflops/s) - 697 (766359 Gflops/s) - 696 (765260 Gflops/s) - 696 (765260 Gflops/s) - 704 (774056 Gflops/s) - 695 (764160 Gflops/s) - 697 (766359 Gflops/s) | Temperatures: 65°C - 67°C - 72°C - 71°C - 66°C - 67°C - 72°C - 72°C | Throttling: None - None - None - None - None - None - None - None
705 (775155 Gflops/s) - 714 (785051 Gflops/s) - 696 (765260 Gflops/s) - 696 (765260 Gflops/s) - 697 (766359 Gflops/s) - 705 (775155 Gflops/s) - 695 (764160 Gflops/s) - 698 (767459 Gflops/s) | Temperatures: 65°C - 67°C - 72°C - 71°C - 66°C - 67°C - 72°C - 72°C | Throttling: None - None - None - None - None - None - None - None
706 (776255 Gflops/s) - 695 (764160 Gflops/s) - 695 (764160 Gflops/s) - 695 (764160 Gflops/s) - 697 (766359 Gflops/s) - 704 (774056 Gflops/s) - 694 (763061 Gflops/s) - 697 (766359 Gflops/s) | Temperatures: 65°C - 67°C - 72°C - 71°C - 66°C - 67°C - 72°C - 71°C | Throttling: None - None - None - None - None - None - None - None
705 (775155 Gflops/s) - 704 (774056 Gflops/s) - 696 (765260 Gflops/s) - 695 (764160 Gflops/s) - 697 (766359 Gflops/s) - 704 (774056 Gflops/s) - 695 (764160 Gflops/s) - 697 (766359 Gflops/s) | Temperatures: 65°C - 67°C - 72°C - 71°C - 66°C - 67°C - 72°C - 71°C | Throttling: None - None - None - None - None - None - None - None
705 (775155 Gflops/s) - 705 (775155 Gflops/s) - 695 (764160 Gflops/s) - 694 (763061 Gflops/s) - 697 (766359 Gflops/s) - 705 (775155 Gflops/s) - 694 (763061 Gflops/s) - 698 (767459 Gflops/s) | Temperatures: 65°C - 67°C - 72°C - 71°C - 66°C - 67°C - 73°C - 72°C | Throttling: None - None - None - None - None - None - None - None
705 (775155 Gflops/s) - 703 (772956 Gflops/s) - 695 (764160 Gflops/s) - 695 (764160 Gflops/s) - 696 (765260 Gflops/s) - 703 (772956 Gflops/s) - 694 (763061 Gflops/s) - 697 (766359 Gflops/s) | Temperatures: 65°C - 67°C - 72°C - 71°C - 66°C - 67°C - 72°C - 72°C | Throttling: None - None - None - None - None - None - None - None
705 (775155 Gflops/s) - 705 (775155 Gflops/s) - 695 (764160 Gflops/s) - 695 (764160 Gflops/s) - 697 (766359 Gflops/s) - 704 (774056 Gflops/s) - 693 (761961 Gflops/s) - 696 (765260 Gflops/s) | Temperatures: 65°C - 67°C - 72°C - 71°C - 66°C - 67°C - 72°C - 71°C | Throttling: None - None - None - None - None - None - None - None
705 (775155 Gflops/s) - 705 (775155 Gflops/s) - 696 (765260 Gflops/s) - 696 (765260 Gflops/s) - 698 (767459 Gflops/s) - 704 (774056 Gflops/s) - 694 (763061 Gflops/s) - 697 (766359 Gflops/s) | Temperatures: 65°C - 67°C - 72°C - 71°C - 66°C - 67°C - 72°C - 72°C | Throttling: None - None - None - None - None - None - None - None
706 (776255 Gflops/s) - 704 (774056 Gflops/s) - 696 (765260 Gflops/s) - 696 (765260 Gflops/s) - 697 (766359 Gflops/s) - 705 (775155 Gflops/s) - 694 (763061 Gflops/s) - 697 (766359 Gflops/s) | Temperatures: 65°C - 67°C - 72°C - 71°C - 66°C - 67°C - 72°C - 71°C | Throttling: None - None - None - None - None - None - None - None
705 (775155 Gflops/s) - 705 (775155 Gflops/s) - 696 (765260 Gflops/s) - 695 (764160 Gflops/s) - 696 (765260 Gflops/s) - 704 (774056 Gflops/s) - 694 (763061 Gflops/s) - 697 (766359 Gflops/s) | Temperatures: 65°C - 67°C - 72°C - 71°C - 66°C - 67°C - 73°C - 72°C | Throttling: None - None - None - None - None - None - None - None
705 (775155 Gflops/s) - 706 (776255 Gflops/s) - 695 (764160 Gflops/s) - 696 (765260 Gflops/s) - 697 (766359 Gflops/s) - 704 (774056 Gflops/s) - 694 (763061 Gflops/s) - 697 (766359 Gflops/s) | Temperatures: 65°C - 67°C - 72°C - 71°C - 66°C - 67°C - 73°C - 72°C | Throttling: None - None - None - None - None - None - None - None
705 (775155 Gflops/s) - 705 (775155 Gflops/s) - 696 (765260 Gflops/s) - 696 (765260 Gflops/s) - 696 (765260 Gflops/s) - 705 (775155 Gflops/s) - 695 (764160 Gflops/s) - 696 (765260 Gflops/s) | Temperatures: 65°C - 67°C - 72°C - 71°C - 66°C - 67°C - 73°C - 72°C | Throttling: None - None - None - None - None - None - None - None
705 (775155 Gflops/s) - 704 (774056 Gflops/s) - 694 (763061 Gflops/s) - 695 (764160 Gflops/s) - 697 (766359 Gflops/s) - 703 (772956 Gflops/s) - 693 (761961 Gflops/s) - 697 (766359 Gflops/s) | Temperatures: 65°C - 67°C - 72°C - 71°C - 66°C - 67°C - 73°C - 72°C | Throttling: None - None - None - None - None - None - None - None
705 (775155 Gflops/s) - 705 (775155 Gflops/s) - 695 (764160 Gflops/s) - 694 (763061 Gflops/s) - 697 (766359 Gflops/s) - 704 (774056 Gflops/s) - 693 (761961 Gflops/s) - 696 (765260 Gflops/s) | Temperatures: 65°C - 67°C - 72°C - 71°C - 66°C - 67°C - 72°C - 72°C | Throttling: None - None - None - None - None - None - None - None
706 (776255 Gflops/s) - 704 (774056 Gflops/s) - 695 (764160 Gflops/s) - 696 (765260 Gflops/s) - 698 (767459 Gflops/s) - 704 (774056 Gflops/s) - 694 (763061 Gflops/s) - 697 (766359 Gflops/s) | Temperatures: 65°C - 67°C - 72°C - 71°C - 66°C - 67°C - 73°C - 72°C | Throttling: None - None - None - None - None - None - None - None
706 (776255 Gflops/s) - 705 (775155 Gflops/s) - 695 (764160 Gflops/s) - 695 (764160 Gflops/s) - 697 (766359 Gflops/s) - 705 (775155 Gflops/s) - 693 (761961 Gflops/s) - 697 (766359 Gflops/s) | Temperatures: 65°C - 67°C - 72°C - 71°C - 66°C - 67°C - 73°C - 72°C | Throttling: None - None - None - None - None - None - None - None
705 (775155 Gflops/s) - 705 (775155 Gflops/s) - 695 (764160 Gflops/s) - 696 (765260 Gflops/s) - 696 (765260 Gflops/s) - 704 (774056 Gflops/s) - 694 (763061 Gflops/s) - 697 (766359 Gflops/s) | Temperatures: 65°C - 67°C - 72°C - 71°C - 66°C - 67°C - 73°C - 72°C | Throttling: None - None - None - None - None - None - None - None
706 (776255 Gflops/s) - 705 (775155 Gflops/s) - 695 (764160 Gflops/s) - 694 (763061 Gflops/s) - 710 (780653 Gflops/s) - 704 (774056 Gflops/s) - 695 (764160 Gflops/s) - 698 (767459 Gflops/s) | Temperatures: 65°C - 67°C - 72°C - 71°C - 66°C - 67°C - 73°C - 72°C | Throttling: None - None - None - None - None - None - None - None
704 (774056 Gflops/s) - 704 (774056 Gflops/s) - 694 (763061 Gflops/s) - 694 (763061 Gflops/s) - 684 (752065 Gflops/s) - 704 (774056 Gflops/s) - 692 (760862 Gflops/s) - 695 (764160 Gflops/s) | Temperatures: 65°C - 67°C - 72°C - 71°C - 66°C - 67°C - 73°C - 72°C | Throttling: None - None - None - None - None - None - None - None
705 (775155 Gflops/s) - 705 (775155 Gflops/s) - 695 (764160 Gflops/s) - 695 (764160 Gflops/s) - 698 (767459 Gflops/s) - 704 (774056 Gflops/s) - 696 (765260 Gflops/s) - 697 (766359 Gflops/s) | Temperatures: 65°C - 67°C - 72°C - 71°C - 66°C - 67°C - 73°C - 72°C | Throttling: None - None - None - None - None - None - None - None
705 (775155 Gflops/s) - 704 (774056 Gflops/s) - 695 (764160 Gflops/s) - 695 (764160 Gflops/s) - 697 (766359 Gflops/s) - 704 (774056 Gflops/s) - 694 (763061 Gflops/s) - 697 (766359 Gflops/s) | Temperatures: 65°C - 67°C - 73°C - 71°C - 66°C - 67°C - 73°C - 72°C | Throttling: None - None - None - None - None - None - None - None
705 (775155 Gflops/s) - 705 (775155 Gflops/s) - 695 (764160 Gflops/s) - 694 (763061 Gflops/s) - 697 (766359 Gflops/s) - 705 (775155 Gflops/s) - 694 (763061 Gflops/s) - 696 (765260 Gflops/s) | Temperatures: 65°C - 67°C - 73°C - 71°C - 66°C - 67°C - 73°C - 72°C | Throttling: None - None - None - None - None - None - None - None
705 (775155 Gflops/s) - 705 (775155 Gflops/s) - 695 (764160 Gflops/s) - 697 (766359 Gflops/s) - 697 (766359 Gflops/s) - 704 (774056 Gflops/s) - 693 (761961 Gflops/s) - 697 (766359 Gflops/s) | Temperatures: 65°C - 67°C - 72°C - 71°C - 66°C - 67°C - 73°C - 72°C | Throttling: None - None - None - None - None - None - None - None
704 (774056 Gflops/s) - 704 (774056 Gflops/s) - 695 (764160 Gflops/s) - 693 (761961 Gflops/s) - 695 (764160 Gflops/s) - 704 (774056 Gflops/s) - 693 (761961 Gflops/s) - 696 (765260 Gflops/s) | Temperatures: 65°C - 67°C - 72°C - 71°C - 66°C - 67°C - 73°C - 72°C | Throttling: None - None - None - None - None - None - None - None
705 (775155 Gflops/s) - 705 (775155 Gflops/s) - 694 (763061 Gflops/s) - 695 (764160 Gflops/s) - 697 (766359 Gflops/s) - 704 (774056 Gflops/s) - 694 (763061 Gflops/s) - 698 (767459 Gflops/s) | Temperatures: 65°C - 67°C - 72°C - 71°C - 66°C - 67°C - 73°C - 72°C | Throttling: None - None - None - None - None - None - None - None
706 (776255 Gflops/s) - 705 (775155 Gflops/s) - 696 (765260 Gflops/s) - 695 (764160 Gflops/s) - 697 (766359 Gflops/s) - 705 (775155 Gflops/s) - 693 (761961 Gflops/s) - 696 (765260 Gflops/s) | Temperatures: 65°C - 67°C - 72°C - 71°C - 66°C - 67°C - 73°C - 72°C | Throttling: None - None - None - None - None - None - None - None
705 (775155 Gflops/s) - 704 (774056 Gflops/s) - 695 (764160 Gflops/s) - 696 (765260 Gflops/s) - 697 (766359 Gflops/s) - 704 (774056 Gflops/s) - 693 (761961 Gflops/s) - 696 (765260 Gflops/s) | Temperatures: 65°C - 67°C - 73°C - 71°C - 66°C - 67°C - 73°C - 72°C | Throttling: None - None - None - None - None - None - None - None
705 (775155 Gflops/s) - 704 (774056 Gflops/s) - 695 (764160 Gflops/s) - 696 (765260 Gflops/s) - 697 (766359 Gflops/s) - 704 (774056 Gflops/s) - 694 (763061 Gflops/s) - 696 (765260 Gflops/s) | Temperatures: 65°C - 67°C - 72°C - 71°C - 66°C - 67°C - 73°C - 72°C | Throttling: None - None - None - None - None - None - None - None
704 (774056 Gflops/s) - 705 (775155 Gflops/s) - 694 (763061 Gflops/s) - 702 (771857 Gflops/s) - 697 (766359 Gflops/s) - 704 (774056 Gflops/s) - 694 (763061 Gflops/s) - 696 (765260 Gflops/s) | Temperatures: 65°C - 67°C - 72°C - 71°C - 66°C - 67°C - 73°C - 72°C | Throttling: None - None - None - None - None - None - None - None
706 (776255 Gflops/s) - 705 (775155 Gflops/s) - 695 (764160 Gflops/s) - 688 (756463 Gflops/s) - 696 (765260 Gflops/s) - 704 (774056 Gflops/s) - 693 (761961 Gflops/s) - 696 (765260 Gflops/s) | Temperatures: 65°C - 67°C - 72°C - 71°C - 66°C - 67°C - 73°C - 72°C | Throttling: None - None - None - None - None - None - None - None
705 (775155 Gflops/s) - 703 (772956 Gflops/s) - 694 (763061 Gflops/s) - 695 (764160 Gflops/s) - 696 (765260 Gflops/s) - 704 (774056 Gflops/s) - 693 (761961 Gflops/s) - 697 (766359 Gflops/s) | Temperatures: 65°C - 67°C - 72°C - 71°C - 66°C - 67°C - 73°C - 72°C | Throttling: None - None - None - None - None - None - None - None
705 (775155 Gflops/s) - 705 (775155 Gflops/s) - 704 (774056 Gflops/s) - 696 (765260 Gflops/s) - 696 (765260 Gflops/s) - 704 (774056 Gflops/s) - 694 (763061 Gflops/s) - 696 (765260 Gflops/s) | Temperatures: 65°C - 67°C - 72°C - 71°C - 66°C - 67°C - 73°C - 72°C | Throttling: None - None - None - None - None - None - None - None
705 (775155 Gflops/s) - 704 (774056 Gflops/s) - 684 (752065 Gflops/s) - 693 (761961 Gflops/s) - 697 (766359 Gflops/s) - 704 (774056 Gflops/s) - 694 (763061 Gflops/s) - 697 (766359 Gflops/s) | Temperatures: 65°C - 67°C - 72°C - 71°C - 66°C - 67°C - 73°C - 72°C | Throttling: None - None - None - None - None - None - None - None
705 (775155 Gflops/s) - 705 (775155 Gflops/s) - 696 (765260 Gflops/s) - 697 (766359 Gflops/s) - 697 (766359 Gflops/s) - 705 (775155 Gflops/s) - 693 (761961 Gflops/s) - 696 (765260 Gflops/s) | Temperatures: 65°C - 67°C - 72°C - 71°C - 66°C - 67°C - 73°C - 72°C | Throttling: None - None - None - None - None - None - None - None
706 (776255 Gflops/s) - 705 (775155 Gflops/s) - 695 (764160 Gflops/s) - 695 (764160 Gflops/s) - 696 (765260 Gflops/s) - 704 (774056 Gflops/s) - 695 (764160 Gflops/s) - 698 (767459 Gflops/s) | Temperatures: 65°C - 67°C - 72°C - 71°C - 66°C - 67°C - 73°C - 72°C | Throttling: None - None - None - None - None - None - None - None
705 (775155 Gflops/s) - 705 (775155 Gflops/s) - 693 (761961 Gflops/s) - 695 (764160 Gflops/s) - 696 (765260 Gflops/s) - 704 (774056 Gflops/s) - 693 (761961 Gflops/s) - 696 (765260 Gflops/s) | Temperatures: 65°C - 67°C - 72°C - 71°C - 66°C - 67°C - 73°C - 72°C | Throttling: None - None - None - None - None - None - None - None
705 (775155 Gflops/s) - 705 (775155 Gflops/s) - 694 (763061 Gflops/s) - 694 (763061 Gflops/s) - 698 (767459 Gflops/s) - 704 (774056 Gflops/s) - 694 (763061 Gflops/s) - 696 (765260 Gflops/s) | Temperatures: 65°C - 67°C - 72°C - 71°C - 66°C - 67°C - 73°C - 72°C | Throttling: None - None - None - None - None - None - None - None
705 (775155 Gflops/s) - 704 (774056 Gflops/s) - 694 (763061 Gflops/s) - 696 (765260 Gflops/s) - 696 (765260 Gflops/s) - 704 (774056 Gflops/s) - 693 (761961 Gflops/s) - 696 (765260 Gflops/s) | Temperatures: 65°C - 67°C - 73°C - 71°C - 66°C - 67°C - 73°C - 72°C | Throttling: None - None - None - None - None - None - None - None
714 (785051 Gflops/s) - 705 (775155 Gflops/s) - 695 (764160 Gflops/s) - 696 (765260 Gflops/s) - 696 (765260 Gflops/s) - 705 (775155 Gflops/s) - 693 (761961 Gflops/s) - 697 (766359 Gflops/s) | Temperatures: 65°C - 67°C - 72°C - 71°C - 66°C - 67°C - 73°C - 72°C | Throttling: None - None - None - None - None - None - None - None
696 (765260 Gflops/s) - 704 (774056 Gflops/s) - 694 (763061 Gflops/s) - 697 (766359 Gflops/s) - 697 (766359 Gflops/s) - 704 (774056 Gflops/s) - 693 (761961 Gflops/s) - 697 (766359 Gflops/s) | Temperatures: 65°C - 67°C - 72°C - 71°C - 66°C - 67°C - 73°C - 72°C | Throttling: None - None - None - None - None - None - None - None
706 (776255 Gflops/s) - 705 (775155 Gflops/s) - 696 (765260 Gflops/s) - 696 (765260 Gflops/s) - 696 (765260 Gflops/s) - 704 (774056 Gflops/s) - 694 (763061 Gflops/s) - 696 (765260 Gflops/s) | Temperatures: 65°C - 67°C - 72°C - 71°C - 66°C - 67°C - 73°C - 71°C | Throttling: None - None - None - None - None - None - None - None
705 (775155 Gflops/s) - 706 (776255 Gflops/s) - 694 (763061 Gflops/s) - 695 (764160 Gflops/s) - 697 (766359 Gflops/s) - 704 (774056 Gflops/s) - 694 (763061 Gflops/s) - 697 (766359 Gflops/s) | Temperatures: 65°C - 67°C - 72°C - 70°C - 66°C - 67°C - 73°C - 71°C | Throttling: None - None - None - None - None - None - None - None
705 (775155 Gflops/s) - 705 (775155 Gflops/s) - 694 (763061 Gflops/s) - 697 (766359 Gflops/s) - 698 (767459 Gflops/s) - 705 (775155 Gflops/s) - 695 (764160 Gflops/s) - 697 (766359 Gflops/s) | Temperatures: 64°C - 67°C - 72°C - 71°C - 66°C - 67°C - 73°C - 71°C | Throttling: None - None - None - None - None - None - None - None
705 (775155 Gflops/s) - 704 (774056 Gflops/s) - 694 (763061 Gflops/s) - 697 (766359 Gflops/s) - 697 (766359 Gflops/s) - 704 (774056 Gflops/s) - 693 (761961 Gflops/s) - 697 (766359 Gflops/s) | Temperatures: 64°C - 66°C - 72°C - 71°C - 66°C - 67°C - 72°C - 71°C | Throttling: None - None - None - None - None - None - None - None
705 (775155 Gflops/s) - 705 (775155 Gflops/s) - 694 (763061 Gflops/s) - 693 (761961 Gflops/s) - 696 (765260 Gflops/s) - 704 (774056 Gflops/s) - 693 (761961 Gflops/s) - 696 (765260 Gflops/s) | Temperatures: 64°C - 67°C - 72°C - 70°C - 65°C - 67°C - 72°C - 71°C | Throttling: None - None - None - None - None - None - None - None
705 (775155 Gflops/s) - 705 (775155 Gflops/s) - 695 (764160 Gflops/s) - 697 (766359 Gflops/s) - 697 (766359 Gflops/s) - 704 (774056 Gflops/s) - 695 (764160 Gflops/s) - 698 (767459 Gflops/s) | Temperatures: 64°C - 66°C - 72°C - 70°C - 65°C - 67°C - 72°C - 71°C | Throttling: None - None - None - None - None - None - None - None
705 (775155 Gflops/s) - 706 (776255 Gflops/s) - 695 (764160 Gflops/s) - 695 (764160 Gflops/s) - 698 (767459 Gflops/s) - 705 (775155 Gflops/s) - 694 (763061 Gflops/s) - 697 (766359 Gflops/s) | Temperatures: 64°C - 66°C - 72°C - 70°C - 65°C - 66°C - 72°C - 71°C | Throttling: None - None - None - None - None - None - None - None
706 (776255 Gflops/s) - 706 (776255 Gflops/s) - 696 (765260 Gflops/s) - 697 (766359 Gflops/s) - 697 (766359 Gflops/s) - 704 (774056 Gflops/s) - 695 (764160 Gflops/s) - 698 (767459 Gflops/s) | Temperatures: 64°C - 66°C - 72°C - 70°C - 65°C - 66°C - 72°C - 71°C | Throttling: None - None - None - None - None - None - None - None
706 (776255 Gflops/s) - 707 (777354 Gflops/s) - 695 (764160 Gflops/s) - 696 (765260 Gflops/s) - 697 (766359 Gflops/s) - 705 (775155 Gflops/s) - 694 (763061 Gflops/s) - 696 (765260 Gflops/s) | Temperatures: 64°C - 66°C - 72°C - 70°C - 65°C - 66°C - 72°C - 71°C | Throttling: None - None - None - None - None - None - None - None
705 (775155 Gflops/s) - 706 (776255 Gflops/s) - 696 (765260 Gflops/s) - 695 (764160 Gflops/s) - 697 (766359 Gflops/s) - 718 (789449 Gflops/s) - 708 (778454 Gflops/s) - 698 (767459 Gflops/s) | Temperatures: 64°C - 66°C - 72°C - 70°C - 65°C - 66°C - 72°C - 71°C | Throttling: None - None - None - None - None - None - None - None
704 (774056 Gflops/s) - 707 (777354 Gflops/s) - 695 (764160 Gflops/s) - 695 (764160 Gflops/s) - 698 (767459 Gflops/s) - 692 (760862 Gflops/s) - 681 (748767 Gflops/s) - 698 (767459 Gflops/s) | Temperatures: 64°C - 66°C - 71°C - 70°C - 65°C - 66°C - 72°C - 71°C | Throttling: None - None - None - None - None - None - None - None
704 (774056 Gflops/s) - 706 (776255 Gflops/s) - 696 (765260 Gflops/s) - 707 (777354 Gflops/s) - 697 (766359 Gflops/s) - 703 (772956 Gflops/s) - 695 (764160 Gflops/s) - 697 (766359 Gflops/s) | Temperatures: 64°C - 66°C - 72°C - 70°C - 65°C - 66°C - 72°C - 71°C | Throttling: None - None - None - None - None - None - None - None
705 (775155 Gflops/s) - 706 (776255 Gflops/s) - 695 (764160 Gflops/s) - 687 (755364 Gflops/s) - 705 (775155 Gflops/s) - 705 (775155 Gflops/s) - 695 (764160 Gflops/s) - 699 (768558 Gflops/s) | Temperatures: 64°C - 66°C - 71°C - 70°C - 65°C - 66°C - 72°C - 71°C | Throttling: None - None - None - None - None - None - None - None
705 (775155 Gflops/s) - 707 (777354 Gflops/s) - 698 (767459 Gflops/s) - 695 (764160 Gflops/s) - 691 (759762 Gflops/s) - 705 (775155 Gflops/s) - 695 (764160 Gflops/s) - 697 (766359 Gflops/s) | Temperatures: 63°C - 65°C - 72°C - 70°C - 65°C - 66°C - 72°C - 71°C | Throttling: None - None - None - None - None - None - None - None
706 (776255 Gflops/s) - 706 (776255 Gflops/s) - 695 (764160 Gflops/s) - 696 (765260 Gflops/s) - 698 (767459 Gflops/s) - 705 (775155 Gflops/s) - 695 (764160 Gflops/s) - 698 (767459 Gflops/s) | Temperatures: 63°C - 65°C - 71°C - 70°C - 65°C - 66°C - 72°C - 70°C | Throttling: None - None - None - None - None - None - None - None
705 (775155 Gflops/s) - 708 (778454 Gflops/s) - 698 (767459 Gflops/s) - 698 (767459 Gflops/s) - 697 (766359 Gflops/s) - 706 (776255 Gflops/s) - 695 (764160 Gflops/s) - 699 (768558 Gflops/s) | Temperatures: 63°C - 65°C - 71°C - 69°C - 64°C - 66°C - 72°C - 71°C | Throttling: None - None - None - None - None - None - None - None
705 (775155 Gflops/s) - 707 (777354 Gflops/s) - 696 (765260 Gflops/s) - 698 (767459 Gflops/s) - 699 (768558 Gflops/s) - 704 (774056 Gflops/s) - 695 (764160 Gflops/s) - 698 (767459 Gflops/s) | Temperatures: 63°C - 65°C - 71°C - 69°C - 64°C - 65°C - 71°C - 71°C | Throttling: None - None - None - None - None - None - None - None
705 (775155 Gflops/s) - 709 (779553 Gflops/s) - 696 (765260 Gflops/s) - 698 (767459 Gflops/s) - 697 (766359 Gflops/s) - 706 (776255 Gflops/s) - 696 (765260 Gflops/s) - 698 (767459 Gflops/s) | Temperatures: 63°C - 65°C - 71°C - 69°C - 64°C - 65°C - 71°C - 70°C | Throttling: None - None - None - None - None - None - None - None
705 (775155 Gflops/s) - 707 (777354 Gflops/s) - 696 (765260 Gflops/s) - 696 (765260 Gflops/s) - 694 (763061 Gflops/s) - 704 (774056 Gflops/s) - 694 (763061 Gflops/s) - 698 (767459 Gflops/s) | Temperatures: 63°C - 65°C - 71°C - 69°C - 64°C - 65°C - 71°C - 70°C | Throttling: None - None - None - None - None - None - None - None
704 (774056 Gflops/s) - 708 (778454 Gflops/s) - 696 (765260 Gflops/s) - 697 (766359 Gflops/s) - 695 (764160 Gflops/s) - 706 (776255 Gflops/s) - 696 (765260 Gflops/s) - 700 (769658 Gflops/s) | Temperatures: 63°C - 65°C - 71°C - 69°C - 64°C - 65°C - 71°C - 70°C | Throttling: None - None - None - None - None - None - None - None
706 (776255 Gflops/s) - 708 (778454 Gflops/s) - 698 (767459 Gflops/s) - 698 (767459 Gflops/s) - 696 (765260 Gflops/s) - 706 (776255 Gflops/s) - 695 (764160 Gflops/s) - 699 (768558 Gflops/s) | Temperatures: 63°C - 65°C - 71°C - 69°C - 64°C - 65°C - 71°C - 70°C | Throttling: None - None - None - None - None - None - None - None
705 (775155 Gflops/s) - 708 (778454 Gflops/s) - 697 (766359 Gflops/s) - 696 (765260 Gflops/s) - 695 (764160 Gflops/s) - 706 (776255 Gflops/s) - 695 (764160 Gflops/s) - 699 (768558 Gflops/s) | Temperatures: 63°C - 65°C - 71°C - 69°C - 64°C - 65°C - 71°C - 70°C | Throttling: None - None - None - None - None - None - None - None
706 (776255 Gflops/s) - 709 (779553 Gflops/s) - 696 (765260 Gflops/s) - 697 (766359 Gflops/s) - 698 (767459 Gflops/s) - 705 (775155 Gflops/s) - 697 (766359 Gflops/s) - 699 (768558 Gflops/s) | Temperatures: 62°C - 65°C - 70°C - 69°C - 64°C - 65°C - 71°C - 70°C | Throttling: None - None - None - None - None - None - None - None
705 (775155 Gflops/s) - 708 (778454 Gflops/s) - 698 (767459 Gflops/s) - 696 (765260 Gflops/s) - 697 (766359 Gflops/s) - 705 (775155 Gflops/s) - 697 (766359 Gflops/s) - 700 (769658 Gflops/s) | Temperatures: 62°C - 64°C - 70°C - 69°C - 64°C - 65°C - 71°C - 70°C | Throttling: None - None - None - None - None - None - None - None
706 (776255 Gflops/s) - 708 (778454 Gflops/s) - 698 (767459 Gflops/s) - 694 (763061 Gflops/s) - 698 (767459 Gflops/s) - 706 (776255 Gflops/s) - 696 (765260 Gflops/s) - 700 (769658 Gflops/s) | Temperatures: 62°C - 64°C - 70°C - 68°C - 64°C - 65°C - 71°C - 69°C | Throttling: None - None - None - None - None - None - None - None
705 (775155 Gflops/s) - 707 (777354 Gflops/s) - 697 (766359 Gflops/s) - 696 (765260 Gflops/s) - 697 (766359 Gflops/s) - 705 (775155 Gflops/s) - 697 (766359 Gflops/s) - 700 (769658 Gflops/s) | Temperatures: 62°C - 64°C - 70°C - 68°C - 63°C - 65°C - 70°C - 69°C | Throttling: None - None - None - None - None - None - None - None
706 (776255 Gflops/s) - 706 (776255 Gflops/s) - 699 (768558 Gflops/s) - 694 (763061 Gflops/s) - 697 (766359 Gflops/s) - 703 (772956 Gflops/s) - 697 (766359 Gflops/s) - 700 (769658 Gflops/s) | Temperatures: 62°C - 64°C - 70°C - 68°C - 63°C - 64°C - 70°C - 69°C | Throttling: None - None - None - None - None - None - None - None
706 (776255 Gflops/s) - 703 (772956 Gflops/s) - 697 (766359 Gflops/s) - 696 (765260 Gflops/s) - 697 (766359 Gflops/s) - 700 (769658 Gflops/s) - 696 (765260 Gflops/s) - 700 (769658 Gflops/s) | Temperatures: 62°C - 64°C - 70°C - 68°C - 63°C - 64°C - 70°C - 69°C | Throttling: None - None - None - None - None - None - None - None
705 (775155 Gflops/s) - 705 (775155 Gflops/s) - 698 (767459 Gflops/s) - 698 (767459 Gflops/s) - 697 (766359 Gflops/s) - 700 (769658 Gflops/s) - 697 (766359 Gflops/s) - 700 (769658 Gflops/s) | Temperatures: 62°C - 64°C - 70°C - 68°C - 63°C - 64°C - 70°C - 69°C | Throttling: None - None - None - None - None - None - None - None
706 (776255 Gflops/s) - 705 (775155 Gflops/s) - 699 (768558 Gflops/s) - 699 (768558 Gflops/s) - 697 (766359 Gflops/s) - 700 (769658 Gflops/s) - 697 (766359 Gflops/s) - 701 (770757 Gflops/s) | Temperatures: 62°C - 64°C - 70°C - 68°C - 63°C - 64°C - 70°C - 69°C | Throttling: None - None - None - None - None - None - None - None
706 (776255 Gflops/s) - 705 (775155 Gflops/s) - 699 (768558 Gflops/s) - 698 (767459 Gflops/s) - 697 (766359 Gflops/s) - 701 (770757 Gflops/s) - 697 (766359 Gflops/s) - 701 (770757 Gflops/s) | Temperatures: 62°C - 64°C - 70°C - 68°C - 63°C - 64°C - 70°C - 69°C | Throttling: None - None - None - None - None - None - None - None
706 (776255 Gflops/s) - 705 (775155 Gflops/s) - 698 (767459 Gflops/s) - 701 (770757 Gflops/s) - 698 (767459 Gflops/s) - 700 (769658 Gflops/s) - 697 (766359 Gflops/s) - 701 (770757 Gflops/s) | Temperatures: 62°C - 64°C - 69°C - 68°C - 63°C - 64°C - 70°C - 69°C | Throttling: None - None - None - None - None - None - None - None
705 (775155 Gflops/s) - 704 (774056 Gflops/s) - 699 (768558 Gflops/s) - 696 (765260 Gflops/s) - 697 (766359 Gflops/s) - 700 (769658 Gflops/s) - 707 (777354 Gflops/s) - 699 (768558 Gflops/s) | Temperatures: 62°C - 64°C - 70°C - 68°C - 63°C - 64°C - 70°C - 69°C | Throttling: None - None - None - None - None - None - None - None
706 (776255 Gflops/s) - 706 (776255 Gflops/s) - 699 (768558 Gflops/s) - 701 (770757 Gflops/s) - 697 (766359 Gflops/s) - 701 (770757 Gflops/s) - 686 (754264 Gflops/s) - 701 (770757 Gflops/s) | Temperatures: 62°C - 64°C - 70°C - 68°C - 63°C - 64°C - 70°C - 69°C | Throttling: None - None - None - None - None - None - None - None
707 (777354 Gflops/s) - 705 (775155 Gflops/s) - 700 (769658 Gflops/s) - 697 (766359 Gflops/s) - 698 (767459 Gflops/s) - 700 (769658 Gflops/s) - 699 (768558 Gflops/s) - 701 (770757 Gflops/s) | Temperatures: 62°C - 64°C - 70°C - 68°C - 63°C - 64°C - 70°C - 69°C | Throttling: None - None - None - None - None - None - None - None
705 (775155 Gflops/s) - 705 (775155 Gflops/s) - 699 (768558 Gflops/s) - 694 (763061 Gflops/s) - 697 (766359 Gflops/s) - 714 (785051 Gflops/s) - 697 (766359 Gflops/s) - 701 (770757 Gflops/s) | Temperatures: 62°C - 64°C - 69°C - 67°C - 63°C - 64°C - 70°C - 69°C | Throttling: None - None - None - None - None - None - None - None
706 (776255 Gflops/s) - 704 (774056 Gflops/s) - 699 (768558 Gflops/s) - 698 (767459 Gflops/s) - 698 (767459 Gflops/s) - 688 (756463 Gflops/s) - 698 (767459 Gflops/s) - 701 (770757 Gflops/s) | Temperatures: 62°C - 64°C - 69°C - 68°C - 63°C - 64°C - 70°C - 69°C | Throttling: None - None - None - None - None - None - None - None
706 (776255 Gflops/s) - 706 (776255 Gflops/s) - 699 (768558 Gflops/s) - 699 (768558 Gflops/s) - 698 (767459 Gflops/s) - 701 (770757 Gflops/s) - 699 (768558 Gflops/s) - 700 (769658 Gflops/s) | Temperatures: 62°C - 64°C - 70°C - 68°C - 63°C - 64°C - 70°C - 69°C | Throttling: None - None - None - None - None - None - None - None
706 (776255 Gflops/s) - 706 (776255 Gflops/s) - 700 (769658 Gflops/s) - 696 (765260 Gflops/s) - 698 (767459 Gflops/s) - 701 (770757 Gflops/s) - 698 (767459 Gflops/s) - 702 (771857 Gflops/s) | Temperatures: 62°C - 64°C - 69°C - 67°C - 63°C - 64°C - 69°C - 69°C | Throttling: None - None - None - None - None - None - None - None
705 (775155 Gflops/s) - 705 (775155 Gflops/s) - 699 (768558 Gflops/s) - 698 (767459 Gflops/s) - 697 (766359 Gflops/s) - 700 (769658 Gflops/s) - 696 (765260 Gflops/s) - 700 (769658 Gflops/s) | Temperatures: 62°C - 64°C - 70°C - 68°C - 63°C - 64°C - 70°C - 69°C | Throttling: None - None - None - None - None - None - None - None
706 (776255 Gflops/s) - 704 (774056 Gflops/s) - 699 (768558 Gflops/s) - 697 (766359 Gflops/s) - 698 (767459 Gflops/s) - 701 (770757 Gflops/s) - 699 (768558 Gflops/s) - 701 (770757 Gflops/s) | Temperatures: 62°C - 64°C - 70°C - 67°C - 63°C - 64°C - 70°C - 69°C | Throttling: None - None - None - None - None - None - None - None
706 (776255 Gflops/s) - 705 (775155 Gflops/s) - 700 (769658 Gflops/s) - 697 (766359 Gflops/s) - 698 (767459 Gflops/s) - 701 (770757 Gflops/s) - 697 (766359 Gflops/s) - 702 (771857 Gflops/s) | Temperatures: 62°C - 64°C - 69°C - 68°C - 63°C - 64°C - 69°C - 69°C | Throttling: None - None - None - None - None - None - None - None
706 (776255 Gflops/s) - 705 (775155 Gflops/s) - 700 (769658 Gflops/s) - 696 (765260 Gflops/s) - 698 (767459 Gflops/s) - 701 (770757 Gflops/s) - 698 (767459 Gflops/s) - 701 (770757 Gflops/s) | Temperatures: 62°C - 64°C - 69°C - 68°C - 63°C - 64°C - 70°C - 69°C | Throttling: None - None - None - None - None - None - None - None
706 (776255 Gflops/s) - 706 (776255 Gflops/s) - 699 (768558 Gflops/s) - 701 (770757 Gflops/s) - 697 (766359 Gflops/s) - 701 (770757 Gflops/s) - 698 (767459 Gflops/s) - 701 (770757 Gflops/s) | Temperatures: 62°C - 64°C - 69°C - 68°C - 63°C - 64°C - 70°C - 68°C | Throttling: None - None - None - None - None - None - None - None
707 (777354 Gflops/s) - 705 (775155 Gflops/s) - 700 (769658 Gflops/s) - 696 (765260 Gflops/s) - 698 (767459 Gflops/s) - 700 (769658 Gflops/s) - 698 (767459 Gflops/s) - 702 (771857 Gflops/s) | Temperatures: 62°C - 64°C - 69°C - 68°C - 63°C - 64°C - 69°C - 69°C | Throttling: None - None - None - None - None - None - None - None
705 (775155 Gflops/s) - 704 (774056 Gflops/s) - 700 (769658 Gflops/s) - 698 (767459 Gflops/s) - 697 (766359 Gflops/s) - 700 (769658 Gflops/s) - 697 (766359 Gflops/s) - 700 (769658 Gflops/s) | Temperatures: 62°C - 64°C - 69°C - 67°C - 63°C - 64°C - 69°C - 69°C | Throttling: None - None - None - None - None - None - None - None
706 (776255 Gflops/s) - 706 (776255 Gflops/s) - 701 (770757 Gflops/s) - 699 (768558 Gflops/s) - 697 (766359 Gflops/s) - 701 (770757 Gflops/s) - 698 (767459 Gflops/s) - 702 (771857 Gflops/s) | Temperatures: 62°C - 64°C - 69°C - 67°C - 63°C - 64°C - 69°C - 68°C | Throttling: None - None - None - None - None - None - None - None
706 (776255 Gflops/s) - 706 (776255 Gflops/s) - 699 (768558 Gflops/s) - 695 (764160 Gflops/s) - 698 (767459 Gflops/s) - 701 (770757 Gflops/s) - 698 (767459 Gflops/s) - 701 (770757 Gflops/s) | Temperatures: 62°C - 64°C - 69°C - 67°C - 63°C - 64°C - 69°C - 69°C | Throttling: None - None - None - None - None - None - None - None
706 (776255 Gflops/s) - 705 (775155 Gflops/s) - 701 (770757 Gflops/s) - 696 (765260 Gflops/s) - 697 (766359 Gflops/s) - 700 (769658 Gflops/s) - 698 (767459 Gflops/s) - 701 (770757 Gflops/s) | Temperatures: 62°C - 64°C - 69°C - 67°C - 63°C - 64°C - 69°C - 68°C | Throttling: None - None - None - None - None - None - None - None
706 (776255 Gflops/s) - 705 (775155 Gflops/s) - 699 (768558 Gflops/s) - 700 (769658 Gflops/s) - 698 (767459 Gflops/s) - 701 (770757 Gflops/s) - 698 (767459 Gflops/s) - 702 (771857 Gflops/s) | Temperatures: 62°C - 64°C - 69°C - 68°C - 63°C - 64°C - 69°C - 69°C | Throttling: None - None - None - None - None - None - None - None
706 (776255 Gflops/s) - 705 (775155 Gflops/s) - 699 (768558 Gflops/s) - 697 (766359 Gflops/s) - 698 (767459 Gflops/s) - 700 (769658 Gflops/s) - 698 (767459 Gflops/s) - 702 (771857 Gflops/s) | Temperatures: 62°C - 64°C - 69°C - 67°C - 63°C - 64°C - 69°C - 69°C | Throttling: None - None - None - None - None - None - None - None
706 (776255 Gflops/s) - 706 (776255 Gflops/s) - 700 (769658 Gflops/s) - 700 (769658 Gflops/s) - 698 (767459 Gflops/s) - 701 (770757 Gflops/s) - 698 (767459 Gflops/s) - 701 (770757 Gflops/s) | Temperatures: 62°C - 64°C - 69°C - 68°C - 63°C - 64°C - 69°C - 69°C | Throttling: None - None - None - None - None - None - None - None
717 (788349 Gflops/s) - 705 (775155 Gflops/s) - 700 (769658 Gflops/s) - 699 (768558 Gflops/s) - 698 (767459 Gflops/s) - 701 (770757 Gflops/s) - 698 (767459 Gflops/s) - 702 (771857 Gflops/s) | Temperatures: 62°C - 64°C - 69°C - 68°C - 63°C - 64°C - 69°C - 68°C | Throttling: None - None - None - None - None - None - None - None
695 (764160 Gflops/s) - 704 (774056 Gflops/s) - 699 (768558 Gflops/s) - 700 (769658 Gflops/s) - 696 (765260 Gflops/s) - 699 (768558 Gflops/s) - 697 (766359 Gflops/s) - 701 (770757 Gflops/s) | Temperatures: 62°C - 64°C - 69°C - 68°C - 63°C - 64°C - 70°C - 69°C | Throttling: None - None - None - None - None - None - None - None
706 (776255 Gflops/s) - 705 (775155 Gflops/s) - 701 (770757 Gflops/s) - 698 (767459 Gflops/s) - 698 (767459 Gflops/s) - 701 (770757 Gflops/s) - 698 (767459 Gflops/s) - 701 (770757 Gflops/s) | Temperatures: 62°C - 64°C - 69°C - 67°C - 63°C - 64°C - 70°C - 69°C | Throttling: None - None - None - None - None - None - None - None
706 (776255 Gflops/s) - 709 (779553 Gflops/s) - 699 (768558 Gflops/s) - 697 (766359 Gflops/s) - 698 (767459 Gflops/s) - 701 (770757 Gflops/s) - 699 (768558 Gflops/s) - 701 (770757 Gflops/s) | Temperatures: 62°C - 64°C - 69°C - 67°C - 63°C - 64°C - 69°C - 68°C | Throttling: None - None - None - None - None - None - None - None
705 (775155 Gflops/s) - 702 (771857 Gflops/s) - 700 (769658 Gflops/s) - 698 (767459 Gflops/s) - 698 (767459 Gflops/s) - 701 (770757 Gflops/s) - 698 (767459 Gflops/s) - 702 (771857 Gflops/s) | Temperatures: 62°C - 64°C - 69°C - 68°C - 63°C - 64°C - 70°C - 69°C | Throttling: None - None - None - None - None - None - None - None
706 (776255 Gflops/s) - 705 (775155 Gflops/s) - 700 (769658 Gflops/s) - 697 (766359 Gflops/s) - 698 (767459 Gflops/s) - 701 (770757 Gflops/s) - 697 (766359 Gflops/s) - 702 (771857 Gflops/s) | Temperatures: 62°C - 64°C - 69°C - 67°C - 63°C - 64°C - 69°C - 69°C | Throttling: None - None - None - None - None - None - None - None
707 (777354 Gflops/s) - 706 (776255 Gflops/s) - 700 (769658 Gflops/s) - 698 (767459 Gflops/s) - 697 (766359 Gflops/s) - 701 (770757 Gflops/s) - 698 (767459 Gflops/s) - 701 (770757 Gflops/s) | Temperatures: 62°C - 64°C - 69°C - 67°C - 63°C - 64°C - 69°C - 69°C | Throttling: None - None - None - None - None - None - None - None
706 (776255 Gflops/s) - 705 (775155 Gflops/s) - 700 (769658 Gflops/s) - 698 (767459 Gflops/s) - 698 (767459 Gflops/s) - 701 (770757 Gflops/s) - 698 (767459 Gflops/s) - 702 (771857 Gflops/s) | Temperatures: 62°C - 64°C - 69°C - 68°C - 63°C - 64°C - 70°C - 69°C | Throttling: None - None - None - None - None - None - None - None
705 (775155 Gflops/s) - 704 (774056 Gflops/s) - 699 (768558 Gflops/s) - 698 (767459 Gflops/s) - 697 (766359 Gflops/s) - 700 (769658 Gflops/s) - 697 (766359 Gflops/s) - 701 (770757 Gflops/s) | Temperatures: 62°C - 64°C - 69°C - 68°C - 63°C - 64°C - 70°C - 69°C | Throttling: None - None - None - None - None - None - None - None
706 (776255 Gflops/s) - 706 (776255 Gflops/s) - 700 (769658 Gflops/s) - 699 (768558 Gflops/s) - 698 (767459 Gflops/s) - 700 (769658 Gflops/s) - 698 (767459 Gflops/s) - 700 (769658 Gflops/s) | Temperatures: 62°C - 64°C - 69°C - 68°C - 63°C - 64°C - 70°C - 69°C | Throttling: None - None - None - None - None - None - None - None
706 (776255 Gflops/s) - 705 (775155 Gflops/s) - 712 (782852 Gflops/s) - 699 (768558 Gflops/s) - 697 (766359 Gflops/s) - 702 (771857 Gflops/s) - 698 (767459 Gflops/s) - 701 (770757 Gflops/s) | Temperatures: 62°C - 64°C - 69°C - 68°C - 63°C - 64°C - 70°C - 69°C | Throttling: None - None - None - None - None - None - None - None
706 (776255 Gflops/s) - 706 (776255 Gflops/s) - 688 (756463 Gflops/s) - 696 (765260 Gflops/s) - 697 (766359 Gflops/s) - 700 (769658 Gflops/s) - 697 (766359 Gflops/s) - 702 (771857 Gflops/s) | Temperatures: 62°C - 64°C - 69°C - 68°C - 63°C - 64°C - 70°C - 69°C | Throttling: None - None - None - None - None - None - None - None
706 (776255 Gflops/s) - 705 (775155 Gflops/s) - 699 (768558 Gflops/s) - 698 (767459 Gflops/s) - 697 (766359 Gflops/s) - 702 (771857 Gflops/s) - 698 (767459 Gflops/s) - 701 (770757 Gflops/s) | Temperatures: 62°C - 64°C - 69°C - 68°C - 63°C - 64°C - 69°C - 69°C | Throttling: None - None - None - None - None - None - None - None
706 (776255 Gflops/s) - 705 (775155 Gflops/s) - 700 (769658 Gflops/s) - 696 (765260 Gflops/s) - 697 (766359 Gflops/s) - 700 (769658 Gflops/s) - 697 (766359 Gflops/s) - 702 (771857 Gflops/s) | Temperatures: 62°C - 64°C - 69°C - 68°C - 63°C - 64°C - 70°C - 69°C | Throttling: None - None - None - None - None - None - None - None
705 (775155 Gflops/s) - 705 (775155 Gflops/s) - 700 (769658 Gflops/s) - 698 (767459 Gflops/s) - 698 (767459 Gflops/s) - 701 (770757 Gflops/s) - 698 (767459 Gflops/s) - 700 (769658 Gflops/s) | Temperatures: 62°C - 64°C - 69°C - 68°C - 63°C - 64°C - 70°C - 69°C | Throttling: None - None - None - None - None - None - None - None
706 (776255 Gflops/s) - 705 (775155 Gflops/s) - 698 (767459 Gflops/s) - 697 (766359 Gflops/s) - 697 (766359 Gflops/s) - 700 (769658 Gflops/s) - 697 (766359 Gflops/s) - 701 (770757 Gflops/s) | Temperatures: 62°C - 64°C - 69°C - 68°C - 63°C - 64°C - 70°C - 69°C | Throttling: None - None - None - None - None - None - None - None
706 (776255 Gflops/s) - 705 (775155 Gflops/s) - 700 (769658 Gflops/s) - 698 (767459 Gflops/s) - 698 (767459 Gflops/s) - 700 (769658 Gflops/s) - 698 (767459 Gflops/s) - 701 (770757 Gflops/s) | Temperatures: 62°C - 64°C - 69°C - 68°C - 63°C - 64°C - 70°C - 69°C | Throttling: None - None - None - None - None - None - None - None
706 (776255 Gflops/s) - 706 (776255 Gflops/s) - 702 (771857 Gflops/s) - 699 (768558 Gflops/s) - 697 (766359 Gflops/s) - 701 (770757 Gflops/s) - 698 (767459 Gflops/s) - 701 (770757 Gflops/s) | Temperatures: 62°C - 64°C - 69°C - 68°C - 63°C - 64°C - 70°C - 69°C | Throttling: None - None - None - None - None - None - None - None
706 (776255 Gflops/s) - 704 (774056 Gflops/s) - 699 (768558 Gflops/s) - 706 (776255 Gflops/s) - 698 (767459 Gflops/s) - 701 (770757 Gflops/s) - 698 (767459 Gflops/s) - 702 (771857 Gflops/s) | Temperatures: 62°C - 64°C - 69°C - 68°C - 63°C - 64°C - 70°C - 69°C | Throttling: None - None - None - None - None - None - None - None
706 (776255 Gflops/s) - 706 (776255 Gflops/s) - 701 (770757 Gflops/s) - 691 (759762 Gflops/s) - 709 (779553 Gflops/s) - 701 (770757 Gflops/s) - 698 (767459 Gflops/s) - 701 (770757 Gflops/s) | Temperatures: 62°C - 64°C - 69°C - 68°C - 63°C - 64°C - 70°C - 69°C | Throttling: None - None - None - None - None - None - None - None
706 (776255 Gflops/s) - 705 (775155 Gflops/s) - 700 (769658 Gflops/s) - 697 (766359 Gflops/s) - 686 (754264 Gflops/s) - 701 (770757 Gflops/s) - 699 (768558 Gflops/s) - 701 (770757 Gflops/s) | Temperatures: 62°C - 64°C - 69°C - 68°C - 63°C - 64°C - 69°C - 69°C | Throttling: None - None - None - None - None - None - None - None
706 (776255 Gflops/s) - 705 (775155 Gflops/s) - 699 (768558 Gflops/s) - 700 (769658 Gflops/s) - 697 (766359 Gflops/s) - 700 (769658 Gflops/s) - 698 (767459 Gflops/s) - 702 (771857 Gflops/s) | Temperatures: 62°C - 64°C - 69°C - 68°C - 63°C - 64°C - 69°C - 69°C | Throttling: None - None - None - None - None - None - None - None
705 (775155 Gflops/s) - 705 (775155 Gflops/s) - 699 (768558 Gflops/s) - 698 (767459 Gflops/s) - 697 (766359 Gflops/s) - 700 (769658 Gflops/s) - 698 (767459 Gflops/s) - 701 (770757 Gflops/s) | Temperatures: 62°C - 64°C - 69°C - 68°C - 63°C - 64°C - 70°C - 69°C | Throttling: None - None - None - None - None - None - None - None
706 (776255 Gflops/s) - 705 (775155 Gflops/s) - 700 (769658 Gflops/s) - 696 (765260 Gflops/s) - 697 (766359 Gflops/s) - 701 (770757 Gflops/s) - 697 (766359 Gflops/s) - 701 (770757 Gflops/s) | Temperatures: 62°C - 64°C - 69°C - 68°C - 63°C - 64°C - 70°C - 69°C | Throttling: None - None - None - None - None - None - None - None
706 (776255 Gflops/s) - 704 (774056 Gflops/s) - 700 (769658 Gflops/s) - 697 (766359 Gflops/s) - 698 (767459 Gflops/s) - 701 (770757 Gflops/s) - 698 (767459 Gflops/s) - 702 (771857 Gflops/s) | Temperatures: 62°C - 64°C - 69°C - 68°C - 63°C - 64°C - 70°C - 69°C | Throttling: None - None - None - None - None - None - None - None
707 (777354 Gflops/s) - 706 (776255 Gflops/s) - 700 (769658 Gflops/s) - 698 (767459 Gflops/s) - 697 (766359 Gflops/s) - 700 (769658 Gflops/s) - 697 (766359 Gflops/s) - 702 (771857 Gflops/s) | Temperatures: 62°C - 64°C - 69°C - 68°C - 63°C - 64°C - 69°C - 69°C | Throttling: None - None - None - None - None - None - None - None
705 (775155 Gflops/s) - 705 (775155 Gflops/s) - 700 (769658 Gflops/s) - 695 (764160 Gflops/s) - 697 (766359 Gflops/s) - 700 (769658 Gflops/s) - 698 (767459 Gflops/s) - 701 (770757 Gflops/s) | Temperatures: 62°C - 64°C - 69°C - 68°C - 63°C - 64°C - 70°C - 69°C | Throttling: None - None - None - None - None - None - None - None
708 (778454 Gflops/s) - 705 (775155 Gflops/s) - 700 (769658 Gflops/s) - 700 (769658 Gflops/s) - 698 (767459 Gflops/s) - 700 (769658 Gflops/s) - 697 (766359 Gflops/s) - 701 (770757 Gflops/s) | Temperatures: 62°C - 64°C - 69°C - 68°C - 63°C - 64°C - 70°C - 69°C | Throttling: None - None - None - None - None - None - None - None
704 (774056 Gflops/s) - 705 (775155 Gflops/s) - 701 (770757 Gflops/s) - 698 (767459 Gflops/s) - 698 (767459 Gflops/s) - 701 (770757 Gflops/s) - 698 (767459 Gflops/s) - 701 (770757 Gflops/s) | Temperatures: 62°C - 64°C - 70°C - 68°C - 63°C - 64°C - 70°C - 69°C | Throttling: None - None - None - None - None - None - None - None
705 (775155 Gflops/s) - 704 (774056 Gflops/s) - 698 (767459 Gflops/s) - 698 (767459 Gflops/s) - 697 (766359 Gflops/s) - 699 (768558 Gflops/s) - 697 (766359 Gflops/s) - 701 (770757 Gflops/s) | Temperatures: 62°C - 64°C - 69°C - 68°C - 63°C - 64°C - 70°C - 69°C | Throttling: None - None - None - None - None - None - None - None
706 (776255 Gflops/s) - 721 (792747 Gflops/s) - 699 (768558 Gflops/s) - 714 (785051 Gflops/s) - 698 (767459 Gflops/s) - 700 (769658 Gflops/s) - 698 (767459 Gflops/s) - 700 (769658 Gflops/s) | Temperatures: 62°C - 64°C - 70°C - 68°C - 63°C - 64°C - 70°C - 69°C | Throttling: None - None - None - None - None - None - None - None
705 (775155 Gflops/s) - 688 (756463 Gflops/s) - 700 (769658 Gflops/s) - 682 (749866 Gflops/s) - 697 (766359 Gflops/s) - 701 (770757 Gflops/s) - 698 (767459 Gflops/s) - 702 (771857 Gflops/s) | Temperatures: 62°C - 64°C - 70°C - 68°C - 63°C - 64°C - 70°C - 69°C | Throttling: None - None - None - None - None - None - None - None
706 (776255 Gflops/s) - 706 (776255 Gflops/s) - 699 (768558 Gflops/s) - 698 (767459 Gflops/s) - 697 (766359 Gflops/s) - 700 (769658 Gflops/s) - 697 (766359 Gflops/s) - 701 (770757 Gflops/s) | Temperatures: 62°C - 64°C - 69°C - 68°C - 63°C - 64°C - 70°C - 69°C | Throttling: None - None - None - None - None - None - None - None
706 (776255 Gflops/s) - 705 (775155 Gflops/s) - 699 (768558 Gflops/s) - 699 (768558 Gflops/s) - 698 (767459 Gflops/s) - 700 (769658 Gflops/s) - 698 (767459 Gflops/s) - 701 (770757 Gflops/s) | Temperatures: 62°C - 64°C - 70°C - 68°C - 63°C - 64°C - 70°C - 69°C | Throttling: None - None - None - None - None - None - None - None
706 (776255 Gflops/s) - 705 (775155 Gflops/s) - 699 (768558 Gflops/s) - 698 (767459 Gflops/s) - 697 (766359 Gflops/s) - 701 (770757 Gflops/s) - 698 (767459 Gflops/s) - 701 (770757 Gflops/s) | Temperatures: 62°C - 64°C - 69°C - 68°C - 63°C - 64°C - 70°C - 69°C | Throttling: None - None - None - None - None - None - None - None
704 (774056 Gflops/s) - 704 (774056 Gflops/s) - 699 (768558 Gflops/s) - 696 (765260 Gflops/s) - 697 (766359 Gflops/s) - 699 (768558 Gflops/s) - 697 (766359 Gflops/s) - 700 (769658 Gflops/s) | Temperatures: 62°C - 64°C - 70°C - 68°C - 63°C - 64°C - 70°C - 69°C | Throttling: None - None - None - None - None - None - None - None
706 (776255 Gflops/s) - 706 (776255 Gflops/s) - 701 (770757 Gflops/s) - 694 (763061 Gflops/s) - 698 (767459 Gflops/s) - 701 (770757 Gflops/s) - 698 (767459 Gflops/s) - 701 (770757 Gflops/s) | Temperatures: 62°C - 64°C - 70°C - 68°C - 63°C - 64°C - 70°C - 69°C | Throttling: None - None - None - None - None - None - None - None
706 (776255 Gflops/s) - 705 (775155 Gflops/s) - 698 (767459 Gflops/s) - 695 (764160 Gflops/s) - 697 (766359 Gflops/s) - 700 (769658 Gflops/s) - 698 (767459 Gflops/s) - 701 (770757 Gflops/s) | Temperatures: 62°C - 64°C - 69°C - 68°C - 63°C - 64°C - 70°C - 69°C | Throttling: None - None - None - None - None - None - None - None
706 (776255 Gflops/s) - 704 (774056 Gflops/s) - 699 (768558 Gflops/s) - 698 (767459 Gflops/s) - 698 (767459 Gflops/s) - 700 (769658 Gflops/s) - 697 (766359 Gflops/s) - 702 (771857 Gflops/s) | Temperatures: 62°C - 64°C - 69°C - 68°C - 63°C - 64°C - 70°C - 69°C | Throttling: None - None - None - None - None - None - None - None
706 (776255 Gflops/s) - 706 (776255 Gflops/s) - 700 (769658 Gflops/s) - 699 (768558 Gflops/s) - 697 (766359 Gflops/s) - 700 (769658 Gflops/s) - 698 (767459 Gflops/s) - 701 (770757 Gflops/s) | Temperatures: 62°C - 64°C - 70°C - 68°C - 63°C - 64°C - 70°C - 69°C | Throttling: None - None - None - None - None - None - None - None
706 (776255 Gflops/s) - 704 (774056 Gflops/s) - 699 (768558 Gflops/s) - 697 (766359 Gflops/s) - 697 (766359 Gflops/s) - 701 (770757 Gflops/s) - 698 (767459 Gflops/s) - 701 (770757 Gflops/s) | Temperatures: 62°C - 64°C - 69°C - 68°C - 63°C - 64°C - 70°C - 69°C | Throttling: None - None - None - None - None - None - None - None
706 (776255 Gflops/s) - 705 (775155 Gflops/s) - 700 (769658 Gflops/s) - 699 (768558 Gflops/s) - 697 (766359 Gflops/s) - 700 (769658 Gflops/s) - 697 (766359 Gflops/s) - 701 (770757 Gflops/s) | Temperatures: 62°C - 64°C - 70°C - 68°C - 63°C - 64°C - 70°C - 69°C | Throttling: None - None - None - None - None - None - None - None
706 (776255 Gflops/s) - 705 (775155 Gflops/s) - 699 (768558 Gflops/s) - 698 (767459 Gflops/s) - 698 (767459 Gflops/s) - 700 (769658 Gflops/s) - 698 (767459 Gflops/s) - 702 (771857 Gflops/s) | Temperatures: 62°C - 64°C - 69°C - 68°C - 63°C - 64°C - 70°C - 69°C | Throttling: None - None - None - None - None - None - None - None
705 (775155 Gflops/s) - 704 (774056 Gflops/s) - 698 (767459 Gflops/s) - 699 (768558 Gflops/s) - 696 (765260 Gflops/s) - 699 (768558 Gflops/s) - 697 (766359 Gflops/s) - 701 (770757 Gflops/s) | Temperatures: 62°C - 64°C - 70°C - 68°C - 63°C - 64°C - 70°C - 69°C | Throttling: None - None - None - None - None - None - None - None
706 (776255 Gflops/s) - 706 (776255 Gflops/s) - 700 (769658 Gflops/s) - 699 (768558 Gflops/s) - 698 (767459 Gflops/s) - 701 (770757 Gflops/s) - 697 (766359 Gflops/s) - 700 (769658 Gflops/s) | Temperatures: 62°C - 64°C - 69°C - 68°C - 64°C - 64°C - 70°C - 69°C | Throttling: None - None - None - None - None - None - None - None
706 (776255 Gflops/s) - 704 (774056 Gflops/s) - 699 (768558 Gflops/s) - 699 (768558 Gflops/s) - 697 (766359 Gflops/s) - 716 (787250 Gflops/s) - 697 (766359 Gflops/s) - 701 (770757 Gflops/s) | Temperatures: 62°C - 64°C - 70°C - 68°C - 63°C - 65°C - 70°C - 69°C | Throttling: None - None - None - None - None - None - None - None
706 (776255 Gflops/s) - 705 (775155 Gflops/s) - 700 (769658 Gflops/s) - 695 (764160 Gflops/s) - 698 (767459 Gflops/s) - 684 (752065 Gflops/s) - 698 (767459 Gflops/s) - 701 (770757 Gflops/s) | Temperatures: 62°C - 64°C - 70°C - 68°C - 64°C - 65°C - 70°C - 69°C | Throttling: None - None - None - None - None - None - None - None
706 (776255 Gflops/s) - 705 (775155 Gflops/s) - 699 (768558 Gflops/s) - 697 (766359 Gflops/s) - 697 (766359 Gflops/s) - 700 (769658 Gflops/s) - 697 (766359 Gflops/s) - 701 (770757 Gflops/s) | Temperatures: 62°C - 64°C - 70°C - 68°C - 64°C - 65°C - 70°C - 69°C | Throttling: None - None - None - None - None - None - None - None
706 (776255 Gflops/s) - 704 (774056 Gflops/s) - 699 (768558 Gflops/s) - 696 (765260 Gflops/s) - 698 (767459 Gflops/s) - 700 (769658 Gflops/s) - 697 (766359 Gflops/s) - 701 (770757 Gflops/s) | Temperatures: 63°C - 64°C - 70°C - 68°C - 64°C - 65°C - 70°C - 69°C | Throttling: None - None - None - None - None - None - None - None
705 (775155 Gflops/s) - 704 (774056 Gflops/s) - 698 (767459 Gflops/s) - 697 (766359 Gflops/s) - 697 (766359 Gflops/s) - 699 (768558 Gflops/s) - 697 (766359 Gflops/s) - 700 (769658 Gflops/s) | Temperatures: 62°C - 64°C - 70°C - 68°C - 64°C - 65°C - 70°C - 69°C | Throttling: None - None - None - None - None - None - None - None
706 (776255 Gflops/s) - 705 (775155 Gflops/s) - 700 (769658 Gflops/s) - 698 (767459 Gflops/s) - 698 (767459 Gflops/s) - 701 (770757 Gflops/s) - 698 (767459 Gflops/s) - 701 (770757 Gflops/s) | Temperatures: 63°C - 65°C - 70°C - 68°C - 64°C - 65°C - 70°C - 69°C | Throttling: None - None - None - None - None - None - None - None
705 (775155 Gflops/s) - 705 (775155 Gflops/s) - 699 (768558 Gflops/s) - 698 (767459 Gflops/s) - 697 (766359 Gflops/s) - 700 (769658 Gflops/s) - 702 (771857 Gflops/s) - 701 (770757 Gflops/s) | Temperatures: 63°C - 65°C - 70°C - 68°C - 64°C - 65°C - 70°C - 69°C | Throttling: None - None - None - None - None - None - None - None
706 (776255 Gflops/s) - 705 (775155 Gflops/s) - 699 (768558 Gflops/s) - 697 (766359 Gflops/s) - 698 (767459 Gflops/s) - 700 (769658 Gflops/s) - 691 (759762 Gflops/s) - 701 (770757 Gflops/s) | Temperatures: 63°C - 65°C - 70°C - 68°C - 64°C - 65°C - 70°C - 69°C | Throttling: None - None - None - None - None - None - None - None
706 (776255 Gflops/s) - 704 (774056 Gflops/s) - 698 (767459 Gflops/s) - 697 (766359 Gflops/s) - 698 (767459 Gflops/s) - 700 (769658 Gflops/s) - 697 (766359 Gflops/s) - 700 (769658 Gflops/s) | Temperatures: 63°C - 64°C - 70°C - 68°C - 64°C - 65°C - 70°C - 69°C | Throttling: None - None - None - None - None - None - None - None
705 (775155 Gflops/s) - 704 (774056 Gflops/s) - 700 (769658 Gflops/s) - 697 (766359 Gflops/s) - 697 (766359 Gflops/s) - 700 (769658 Gflops/s) - 697 (766359 Gflops/s) - 700 (769658 Gflops/s) | Temperatures: 63°C - 65°C - 70°C - 68°C - 64°C - 65°C - 70°C - 69°C | Throttling: None - None - None - None - None - None - None - None
706 (776255 Gflops/s) - 704 (774056 Gflops/s) - 698 (767459 Gflops/s) - 699 (768558 Gflops/s) - 698 (767459 Gflops/s) - 700 (769658 Gflops/s) - 697 (766359 Gflops/s) - 701 (770757 Gflops/s) | Temperatures: 63°C - 65°C - 70°C - 68°C - 64°C - 65°C - 70°C - 70°C | Throttling: None - None - None - None - None - None - None - None
705 (775155 Gflops/s) - 703 (772956 Gflops/s) - 699 (768558 Gflops/s) - 697 (766359 Gflops/s) - 696 (765260 Gflops/s) - 698 (767459 Gflops/s) - 696 (765260 Gflops/s) - 700 (769658 Gflops/s) | Temperatures: 63°C - 65°C - 70°C - 68°C - 64°C - 65°C - 70°C - 70°C | Throttling: None - None - None - None - None - None - None - None
705 (775155 Gflops/s) - 705 (775155 Gflops/s) - 698 (767459 Gflops/s) - 697 (766359 Gflops/s) - 698 (767459 Gflops/s) - 700 (769658 Gflops/s) - 697 (766359 Gflops/s) - 700 (769658 Gflops/s) | Temperatures: 63°C - 65°C - 70°C - 69°C - 64°C - 65°C - 70°C - 70°C | Throttling: None - None - None - None - None - None - None - None
705 (775155 Gflops/s) - 705 (775155 Gflops/s) - 701 (770757 Gflops/s) - 697 (766359 Gflops/s) - 697 (766359 Gflops/s) - 700 (769658 Gflops/s) - 698 (767459 Gflops/s) - 700 (769658 Gflops/s) | Temperatures: 63°C - 65°C - 70°C - 68°C - 64°C - 65°C - 70°C - 69°C | Throttling: None - None - None - None - None - None - None - None
706 (776255 Gflops/s) - 704 (774056 Gflops/s) - 698 (767459 Gflops/s) - 697 (766359 Gflops/s) - 698 (767459 Gflops/s) - 700 (769658 Gflops/s) - 697 (766359 Gflops/s) - 700 (769658 Gflops/s) | Temperatures: 63°C - 65°C - 70°C - 68°C - 64°C - 65°C - 70°C - 70°C | Throttling: None - None - None - None - None - None - None - None
705 (775155 Gflops/s) - 703 (772956 Gflops/s) - 699 (768558 Gflops/s) - 699 (768558 Gflops/s) - 696 (765260 Gflops/s) - 701 (770757 Gflops/s) - 696 (765260 Gflops/s) - 701 (770757 Gflops/s) | Temperatures: 63°C - 65°C - 70°C - 69°C - 64°C - 65°C - 70°C - 69°C | Throttling: None - None - None - None - None - None - None - None
706 (776255 Gflops/s) - 703 (772956 Gflops/s) - 699 (768558 Gflops/s) - 699 (768558 Gflops/s) - 698 (767459 Gflops/s) - 700 (769658 Gflops/s) - 697 (766359 Gflops/s) - 700 (769658 Gflops/s) | Temperatures: 63°C - 65°C - 70°C - 69°C - 64°C - 65°C - 70°C - 70°C | Throttling: None - None - None - None - None - None - None - None
706 (776255 Gflops/s) - 705 (775155 Gflops/s) - 698 (767459 Gflops/s) - 697 (766359 Gflops/s) - 698 (767459 Gflops/s) - 699 (768558 Gflops/s) - 696 (765260 Gflops/s) - 701 (770757 Gflops/s) | Temperatures: 63°C - 65°C - 70°C - 68°C - 64°C - 65°C - 70°C - 69°C | Throttling: None - None - None - None - None - None - None - None
705 (775155 Gflops/s) - 707 (777354 Gflops/s) - 697 (766359 Gflops/s) - 698 (767459 Gflops/s) - 697 (766359 Gflops/s) - 700 (769658 Gflops/s) - 697 (766359 Gflops/s) - 699 (768558 Gflops/s) | Temperatures: 63°C - 65°C - 70°C - 69°C - 64°C - 65°C - 70°C - 70°C | Throttling: None - None - None - None - None - None - None - None
705 (775155 Gflops/s) - 706 (776255 Gflops/s) - 699 (768558 Gflops/s) - 696 (765260 Gflops/s) - 696 (765260 Gflops/s) - 701 (770757 Gflops/s) - 697 (766359 Gflops/s) - 700 (769658 Gflops/s) | Temperatures: 63°C - 65°C - 70°C - 69°C - 64°C - 65°C - 71°C - 70°C | Throttling: None - None - None - None - None - None - None - None
706 (776255 Gflops/s) - 708 (778454 Gflops/s) - 698 (767459 Gflops/s) - 697 (766359 Gflops/s) - 696 (765260 Gflops/s) - 706 (776255 Gflops/s) - 696 (765260 Gflops/s) - 701 (770757 Gflops/s) | Temperatures: 63°C - 65°C - 70°C - 69°C - 64°C - 65°C - 71°C - 70°C | Throttling: None - None - None - None - None - None - None - None
705 (775155 Gflops/s) - 706 (776255 Gflops/s) - 699 (768558 Gflops/s) - 698 (767459 Gflops/s) - 701 (770757 Gflops/s) - 704 (774056 Gflops/s) - 696 (765260 Gflops/s) - 699 (768558 Gflops/s) | Temperatures: 63°C - 65°C - 70°C - 69°C - 64°C - 65°C - 70°C - 70°C | Throttling: None - None - None - None - None - None - None - None
706 (776255 Gflops/s) - 707 (777354 Gflops/s) - 698 (767459 Gflops/s) - 698 (767459 Gflops/s) - 694 (763061 Gflops/s) - 705 (775155 Gflops/s) - 697 (766359 Gflops/s) - 699 (768558 Gflops/s) | Temperatures: 63°C - 65°C - 70°C - 69°C - 64°C - 65°C - 71°C - 70°C | Throttling: None - None - None - None - None - None - None - None
705 (775155 Gflops/s) - 706 (776255 Gflops/s) - 699 (768558 Gflops/s) - 698 (767459 Gflops/s) - 697 (766359 Gflops/s) - 704 (774056 Gflops/s) - 696 (765260 Gflops/s) - 700 (769658 Gflops/s) | Temperatures: 63°C - 65°C - 70°C - 69°C - 64°C - 65°C - 71°C - 70°C | Throttling: None - None - None - None - None - None - None - None
706 (776255 Gflops/s) - 707 (777354 Gflops/s) - 697 (766359 Gflops/s) - 695 (764160 Gflops/s) - 698 (767459 Gflops/s) - 705 (775155 Gflops/s) - 697 (766359 Gflops/s) - 700 (769658 Gflops/s) | Temperatures: 63°C - 65°C - 70°C - 69°C - 64°C - 65°C - 71°C - 70°C | Throttling: None - None - None - None - None - None - None - None
705 (775155 Gflops/s) - 717 (788349 Gflops/s) - 698 (767459 Gflops/s) - 696 (765260 Gflops/s) - 696 (765260 Gflops/s) - 719 (790548 Gflops/s) - 696 (765260 Gflops/s) - 699 (768558 Gflops/s) | Temperatures: 63°C - 65°C - 71°C - 69°C - 64°C - 65°C - 70°C - 70°C | Throttling: None - None - None - None - None - None - None - None
705 (775155 Gflops/s) - 697 (766359 Gflops/s) - 698 (767459 Gflops/s) - 696 (765260 Gflops/s) - 697 (766359 Gflops/s) - 690 (758663 Gflops/s) - 696 (765260 Gflops/s) - 700 (769658 Gflops/s) | Temperatures: 63°C - 65°C - 70°C - 69°C - 64°C - 65°C - 71°C - 70°C | Throttling: None - None - None - None - None - None - None - None
706 (776255 Gflops/s) - 707 (777354 Gflops/s) - 699 (768558 Gflops/s) - 698 (767459 Gflops/s) - 697 (766359 Gflops/s) - 705 (775155 Gflops/s) - 697 (766359 Gflops/s) - 715 (786150 Gflops/s) | Temperatures: 63°C - 65°C - 70°C - 69°C - 64°C - 65°C - 71°C - 70°C | Throttling: None - None - None - None - None - None - None - None
705 (775155 Gflops/s) - 706 (776255 Gflops/s) - 698 (767459 Gflops/s) - 697 (766359 Gflops/s) - 695 (764160 Gflops/s) - 704 (774056 Gflops/s) - 698 (767459 Gflops/s) - 684 (752065 Gflops/s) | Temperatures: 63°C - 65°C - 71°C - 69°C - 64°C - 65°C - 71°C - 70°C | Throttling: None - None - None - None - None - None - None - None
706 (776255 Gflops/s) - 707 (777354 Gflops/s) - 699 (768558 Gflops/s) - 696 (765260 Gflops/s) - 695 (764160 Gflops/s) - 705 (775155 Gflops/s) - 695 (764160 Gflops/s) - 700 (769658 Gflops/s) | Temperatures: 63°C - 65°C - 71°C - 69°C - 64°C - 65°C - 71°C - 70°C | Throttling: None - None - None - None - None - None - None - None
706 (776255 Gflops/s) - 706 (776255 Gflops/s) - 698 (767459 Gflops/s) - 697 (766359 Gflops/s) - 695 (764160 Gflops/s) - 704 (774056 Gflops/s) - 697 (766359 Gflops/s) - 700 (769658 Gflops/s) | Temperatures: 63°C - 65°C - 70°C - 69°C - 64°C - 65°C - 71°C - 70°C | Throttling: None - None - None - None - None - None - None - None
705 (775155 Gflops/s) - 706 (776255 Gflops/s) - 699 (768558 Gflops/s) - 699 (768558 Gflops/s) - 696 (765260 Gflops/s) - 706 (776255 Gflops/s) - 696 (765260 Gflops/s) - 699 (768558 Gflops/s) | Temperatures: 63°C - 65°C - 71°C - 69°C - 64°C - 66°C - 71°C - 70°C | Throttling: None - None - None - None - None - None - None - None
704 (774056 Gflops/s) - 706 (776255 Gflops/s) - 697 (766359 Gflops/s) - 703 (772956 Gflops/s) - 696 (765260 Gflops/s) - 705 (775155 Gflops/s) - 696 (765260 Gflops/s) - 699 (768558 Gflops/s) | Temperatures: 63°C - 65°C - 71°C - 69°C - 64°C - 65°C - 71°C - 70°C | Throttling: None - None - None - None - None - None - None - None
706 (776255 Gflops/s) - 706 (776255 Gflops/s) - 699 (768558 Gflops/s) - 689 (757563 Gflops/s) - 696 (765260 Gflops/s) - 705 (775155 Gflops/s) - 697 (766359 Gflops/s) - 699 (768558 Gflops/s) | Temperatures: 63°C - 65°C - 71°C - 69°C - 64°C - 65°C - 71°C - 70°C | Throttling: None - None - None - None - None - None - None - None
705 (775155 Gflops/s) - 706 (776255 Gflops/s) - 698 (767459 Gflops/s) - 697 (766359 Gflops/s) - 696 (765260 Gflops/s) - 705 (775155 Gflops/s) - 696 (765260 Gflops/s) - 699 (768558 Gflops/s) | Temperatures: 63°C - 65°C - 71°C - 69°C - 64°C - 65°C - 71°C - 70°C | Throttling: None - None - None - None - None - None - None - None
705 (775155 Gflops/s) - 706 (776255 Gflops/s) - 698 (767459 Gflops/s) - 695 (764160 Gflops/s) - 695 (764160 Gflops/s) - 705 (775155 Gflops/s) - 697 (766359 Gflops/s) - 700 (769658 Gflops/s) | Temperatures: 63°C - 65°C - 70°C - 69°C - 64°C - 65°C - 71°C - 70°C | Throttling: None - None - None - None - None - None - None - None
708 (778454 Gflops/s) - 707 (777354 Gflops/s) - 697 (766359 Gflops/s) - 698 (767459 Gflops/s) - 695 (764160 Gflops/s) - 705 (775155 Gflops/s) - 696 (765260 Gflops/s) - 700 (769658 Gflops/s) | Temperatures: 63°C - 65°C - 70°C - 69°C - 64°C - 65°C - 71°C - 70°C | Throttling: None - None - None - None - None - None - None - None
703 (772956 Gflops/s) - 706 (776255 Gflops/s) - 698 (767459 Gflops/s) - 699 (768558 Gflops/s) - 697 (766359 Gflops/s) - 705 (775155 Gflops/s) - 697 (766359 Gflops/s) - 699 (768558 Gflops/s) | Temperatures: 63°C - 65°C - 71°C - 69°C - 64°C - 66°C - 71°C - 70°C | Throttling: None - None - None - None - None - None - None - None
705 (775155 Gflops/s) - 707 (777354 Gflops/s) - 698 (767459 Gflops/s) - 696 (765260 Gflops/s) - 695 (764160 Gflops/s) - 705 (775155 Gflops/s) - 696 (765260 Gflops/s) - 700 (769658 Gflops/s) | Temperatures: 63°C - 65°C - 71°C - 69°C - 64°C - 66°C - 71°C - 70°C | Throttling: None - None - None - None - None - None - None - None
705 (775155 Gflops/s) - 706 (776255 Gflops/s) - 696 (765260 Gflops/s) - 696 (765260 Gflops/s) - 695 (764160 Gflops/s) - 704 (774056 Gflops/s) - 696 (765260 Gflops/s) - 703 (772956 Gflops/s) | Temperatures: 63°C - 65°C - 71°C - 69°C - 64°C - 66°C - 71°C - 70°C | Throttling: None - None - None - None - None - None - None - None
705 (775155 Gflops/s) - 706 (776255 Gflops/s) - 698 (767459 Gflops/s) - 697 (766359 Gflops/s) - 695 (764160 Gflops/s) - 705 (775155 Gflops/s) - 697 (766359 Gflops/s) - 695 (764160 Gflops/s) | Temperatures: 63°C - 65°C - 71°C - 69°C - 64°C - 66°C - 71°C - 70°C | Throttling: None - None - None - None - None - None - None - None
706 (776255 Gflops/s) - 706 (776255 Gflops/s) - 698 (767459 Gflops/s) - 696 (765260 Gflops/s) - 694 (763061 Gflops/s) - 705 (775155 Gflops/s) - 706 (776255 Gflops/s) - 700 (769658 Gflops/s) | Temperatures: 63°C - 65°C - 71°C - 69°C - 64°C - 66°C - 71°C - 70°C | Throttling: None - None - None - None - None - None - None - None
705 (775155 Gflops/s) - 706 (776255 Gflops/s) - 699 (768558 Gflops/s) - 697 (766359 Gflops/s) - 695 (764160 Gflops/s) - 706 (776255 Gflops/s) - 686 (754264 Gflops/s) - 700 (769658 Gflops/s) | Temperatures: 63°C - 65°C - 71°C - 69°C - 64°C - 66°C - 71°C - 70°C | Throttling: None - None - None - None - None - None - None - None
706 (776255 Gflops/s) - 706 (776255 Gflops/s) - 697 (766359 Gflops/s) - 698 (767459 Gflops/s) - 696 (765260 Gflops/s) - 705 (775155 Gflops/s) - 697 (766359 Gflops/s) - 700 (769658 Gflops/s) | Temperatures: 63°C - 65°C - 71°C - 69°C - 64°C - 66°C - 71°C - 70°C | Throttling: None - None - None - None - None - None - None - None
705 (775155 Gflops/s) - 706 (776255 Gflops/s) - 697 (766359 Gflops/s) - 697 (766359 Gflops/s) - 697 (766359 Gflops/s) - 705 (775155 Gflops/s) - 696 (765260 Gflops/s) - 699 (768558 Gflops/s) | Temperatures: 63°C - 65°C - 71°C - 69°C - 64°C - 66°C - 71°C - 70°C | Throttling: None - None - None - None - None - None - None - None
705 (775155 Gflops/s) - 708 (778454 Gflops/s) - 697 (766359 Gflops/s) - 697 (766359 Gflops/s) - 694 (763061 Gflops/s) - 705 (775155 Gflops/s) - 695 (764160 Gflops/s) - 700 (769658 Gflops/s) | Temperatures: 63°C - 65°C - 71°C - 69°C - 64°C - 66°C - 71°C - 70°C | Throttling: None - None - None - None - None - None - None - None
705 (775155 Gflops/s) - 706 (776255 Gflops/s) - 698 (767459 Gflops/s) - 694 (763061 Gflops/s) - 694 (763061 Gflops/s) - 704 (774056 Gflops/s) - 696 (765260 Gflops/s) - 699 (768558 Gflops/s) | Temperatures: 63°C - 65°C - 71°C - 69°C - 64°C - 66°C - 71°C - 70°C | Throttling: None - None - None - None - None - None - None - None
705 (775155 Gflops/s) - 708 (778454 Gflops/s) - 697 (766359 Gflops/s) - 699 (768558 Gflops/s) - 695 (764160 Gflops/s) - 705 (775155 Gflops/s) - 696 (765260 Gflops/s) - 699 (768558 Gflops/s) | Temperatures: 63°C - 65°C - 71°C - 69°C - 64°C - 66°C - 71°C - 70°C | Throttling: None - None - None - None - None - None - None - None
706 (776255 Gflops/s) - 708 (778454 Gflops/s) - 698 (767459 Gflops/s) - 695 (764160 Gflops/s) - 695 (764160 Gflops/s) - 705 (775155 Gflops/s) - 697 (766359 Gflops/s) - 700 (769658 Gflops/s) | Temperatures: 63°C - 65°C - 71°C - 69°C - 64°C - 66°C - 71°C - 70°C | Throttling: None - None - None - None - None - None - None - None
705 (775155 Gflops/s) - 707 (777354 Gflops/s) - 698 (767459 Gflops/s) - 697 (766359 Gflops/s) - 695 (764160 Gflops/s) - 706 (776255 Gflops/s) - 695 (764160 Gflops/s) - 700 (769658 Gflops/s) | Temperatures: 63°C - 65°C - 71°C - 69°C - 65°C - 66°C - 71°C - 70°C | Throttling: None - None - None - None - None - None - None - None
706 (776255 Gflops/s) - 707 (777354 Gflops/s) - 698 (767459 Gflops/s) - 696 (765260 Gflops/s) - 696 (765260 Gflops/s) - 705 (775155 Gflops/s) - 698 (767459 Gflops/s) - 700 (769658 Gflops/s) | Temperatures: 63°C - 65°C - 71°C - 69°C - 64°C - 66°C - 71°C - 70°C | Throttling: None - None - None - None - None - None - None - None
705 (775155 Gflops/s) - 707 (777354 Gflops/s) - 698 (767459 Gflops/s) - 695 (764160 Gflops/s) - 694 (763061 Gflops/s) - 705 (775155 Gflops/s) - 696 (765260 Gflops/s) - 700 (769658 Gflops/s) | Temperatures: 63°C - 66°C - 71°C - 69°C - 65°C - 66°C - 71°C - 70°C | Throttling: None - None - None - None - None - None - None - None
705 (775155 Gflops/s) - 707 (777354 Gflops/s) - 697 (766359 Gflops/s) - 696 (765260 Gflops/s) - 695 (764160 Gflops/s) - 705 (775155 Gflops/s) - 695 (764160 Gflops/s) - 699 (768558 Gflops/s) | Temperatures: 63°C - 65°C - 71°C - 69°C - 65°C - 66°C - 71°C - 70°C | Throttling: None - None - None - None - None - None - None - None
705 (775155 Gflops/s) - 708 (778454 Gflops/s) - 698 (767459 Gflops/s) - 696 (765260 Gflops/s) - 695 (764160 Gflops/s) - 704 (774056 Gflops/s) - 696 (765260 Gflops/s) - 699 (768558 Gflops/s) | Temperatures: 63°C - 65°C - 71°C - 69°C - 65°C - 66°C - 71°C - 70°C | Throttling: None - None - None - None - None - None - None - None
706 (776255 Gflops/s) - 708 (778454 Gflops/s) - 697 (766359 Gflops/s) - 697 (766359 Gflops/s) - 695 (764160 Gflops/s) - 706 (776255 Gflops/s) - 696 (765260 Gflops/s) - 699 (768558 Gflops/s) | Temperatures: 63°C - 66°C - 71°C - 69°C - 65°C - 66°C - 71°C - 70°C | Throttling: None - None - None - None - None - None - None - None
706 (776255 Gflops/s) - 708 (778454 Gflops/s) - 697 (766359 Gflops/s) - 698 (767459 Gflops/s) - 696 (765260 Gflops/s) - 705 (775155 Gflops/s) - 696 (765260 Gflops/s) - 699 (768558 Gflops/s) | Temperatures: 64°C - 66°C - 71°C - 69°C - 65°C - 66°C - 71°C - 70°C | Throttling: None - None - None - None - None - None - None - None
705 (775155 Gflops/s) - 707 (777354 Gflops/s) - 697 (766359 Gflops/s) - 697 (766359 Gflops/s) - 694 (763061 Gflops/s) - 705 (775155 Gflops/s) - 696 (765260 Gflops/s) - 700 (769658 Gflops/s) | Temperatures: 63°C - 65°C - 71°C - 69°C - 65°C - 66°C - 71°C - 70°C | Throttling: None - None - None - None - None - None - None - None
706 (776255 Gflops/s) - 707 (777354 Gflops/s) - 697 (766359 Gflops/s) - 696 (765260 Gflops/s) - 695 (764160 Gflops/s) - 705 (775155 Gflops/s) - 696 (765260 Gflops/s) - 698 (767459 Gflops/s) | Temperatures: 63°C - 66°C - 71°C - 69°C - 65°C - 66°C - 71°C - 70°C | Throttling: None - None - None - None - None - None - None - None
705 (775155 Gflops/s) - 708 (778454 Gflops/s) - 696 (765260 Gflops/s) - 696 (765260 Gflops/s) - 695 (764160 Gflops/s) - 705 (775155 Gflops/s) - 696 (765260 Gflops/s) - 700 (769658 Gflops/s) | Temperatures: 63°C - 66°C - 71°C - 69°C - 65°C - 66°C - 71°C - 70°C | Throttling: None - None - None - None - None - None - None - None
705 (775155 Gflops/s) - 706 (776255 Gflops/s) - 697 (766359 Gflops/s) - 697 (766359 Gflops/s) - 695 (764160 Gflops/s) - 705 (775155 Gflops/s) - 696 (765260 Gflops/s) - 700 (769658 Gflops/s) | Temperatures: 64°C - 66°C - 71°C - 69°C - 65°C - 66°C - 71°C - 70°C | Throttling: None - None - None - None - None - None - None - None
704 (774056 Gflops/s) - 706 (776255 Gflops/s) - 697 (766359 Gflops/s) - 696 (765260 Gflops/s) - 694 (763061 Gflops/s) - 704 (774056 Gflops/s) - 695 (764160 Gflops/s) - 698 (767459 Gflops/s) | Temperatures: 64°C - 66°C - 71°C - 69°C - 65°C - 66°C - 71°C - 70°C | Throttling: None - None - None - None - None - None - None - None
705 (775155 Gflops/s) - 707 (777354 Gflops/s) - 699 (768558 Gflops/s) - 697 (766359 Gflops/s) - 695 (764160 Gflops/s) - 705 (775155 Gflops/s) - 696 (765260 Gflops/s) - 699 (768558 Gflops/s) | Temperatures: 64°C - 65°C - 71°C - 69°C - 65°C - 66°C - 71°C - 70°C | Throttling: None - None - None - None - None - None - None - None
706 (776255 Gflops/s) - 708 (778454 Gflops/s) - 696 (765260 Gflops/s) - 696 (765260 Gflops/s) - 694 (763061 Gflops/s) - 705 (775155 Gflops/s) - 695 (764160 Gflops/s) - 699 (768558 Gflops/s) | Temperatures: 64°C - 65°C - 71°C - 69°C - 65°C - 66°C - 71°C - 70°C | Throttling: None - None - None - None - None - None - None - None
715 (786150 Gflops/s) - 707 (777354 Gflops/s) - 696 (765260 Gflops/s) - 696 (765260 Gflops/s) - 695 (764160 Gflops/s) - 704 (774056 Gflops/s) - 696 (765260 Gflops/s) - 699 (768558 Gflops/s) | Temperatures: 64°C - 66°C - 71°C - 69°C - 65°C - 66°C - 71°C - 70°C | Throttling: None - None - None - None - None - None - None - None
695 (764160 Gflops/s) - 707 (777354 Gflops/s) - 698 (767459 Gflops/s) - 694 (763061 Gflops/s) - 694 (763061 Gflops/s) - 706 (776255 Gflops/s) - 701 (770757 Gflops/s) - 698 (767459 Gflops/s) | Temperatures: 64°C - 66°C - 71°C - 69°C - 65°C - 66°C - 71°C - 70°C | Throttling: None - None - None - None - None - None - None - None
705 (775155 Gflops/s) - 707 (777354 Gflops/s) - 696 (765260 Gflops/s) - 697 (766359 Gflops/s) - 695 (764160 Gflops/s) - 716 (787250 Gflops/s) - 690 (758663 Gflops/s) - 699 (768558 Gflops/s) | Temperatures: 64°C - 66°C - 71°C - 69°C - 65°C - 66°C - 71°C - 70°C | Throttling: None - None - None - None - None - None - None - None
705 (775155 Gflops/s) - 707 (777354 Gflops/s) - 698 (767459 Gflops/s) - 696 (765260 Gflops/s) - 694 (763061 Gflops/s) - 694 (763061 Gflops/s) - 696 (765260 Gflops/s) - 700 (769658 Gflops/s) | Temperatures: 64°C - 66°C - 71°C - 69°C - 65°C - 66°C - 71°C - 70°C | Throttling: None - None - None - None - None - None - None - None
706 (776255 Gflops/s) - 708 (778454 Gflops/s) - 697 (766359 Gflops/s) - 711 (781752 Gflops/s) - 695 (764160 Gflops/s) - 705 (775155 Gflops/s) - 696 (765260 Gflops/s) - 699 (768558 Gflops/s) | Temperatures: 64°C - 66°C - 71°C - 69°C - 65°C - 66°C - 71°C - 70°C | Throttling: None - None - None - None - None - None - None - None
704 (774056 Gflops/s) - 706 (776255 Gflops/s) - 697 (766359 Gflops/s) - 683 (750966 Gflops/s) - 693 (761961 Gflops/s) - 704 (774056 Gflops/s) - 695 (764160 Gflops/s) - 699 (768558 Gflops/s) | Temperatures: 64°C - 66°C - 71°C - 69°C - 65°C - 66°C - 71°C - 70°C | Throttling: None - None - None - None - None - None - None - None
706 (776255 Gflops/s) - 707 (777354 Gflops/s) - 698 (767459 Gflops/s) - 695 (764160 Gflops/s) - 695 (764160 Gflops/s) - 705 (775155 Gflops/s) - 696 (765260 Gflops/s) - 698 (767459 Gflops/s) | Temperatures: 64°C - 66°C - 71°C - 69°C - 65°C - 66°C - 71°C - 70°C | Throttling: None - None - None - None - None - None - None - None
705 (775155 Gflops/s) - 706 (776255 Gflops/s) - 697 (766359 Gflops/s) - 693 (761961 Gflops/s) - 695 (764160 Gflops/s) - 705 (775155 Gflops/s) - 694 (763061 Gflops/s) - 700 (769658 Gflops/s) | Temperatures: 64°C - 66°C - 71°C - 69°C - 65°C - 66°C - 71°C - 71°C | Throttling: None - None - None - None - None - None - None - None
705 (775155 Gflops/s) - 708 (778454 Gflops/s) - 697 (766359 Gflops/s) - 695 (764160 Gflops/s) - 695 (764160 Gflops/s) - 705 (775155 Gflops/s) - 696 (765260 Gflops/s) - 698 (767459 Gflops/s) | Temperatures: 64°C - 66°C - 71°C - 69°C - 65°C - 66°C - 71°C - 70°C | Throttling: None - None - None - None - None - None - None - None
704 (774056 Gflops/s) - 706 (776255 Gflops/s) - 697 (766359 Gflops/s) - 694 (763061 Gflops/s) - 695 (764160 Gflops/s) - 705 (775155 Gflops/s) - 696 (765260 Gflops/s) - 699 (768558 Gflops/s) | Temperatures: 64°C - 66°C - 71°C - 69°C - 65°C - 66°C - 71°C - 70°C | Throttling: None - None - None - None - None - None - None - None
706 (776255 Gflops/s) - 707 (777354 Gflops/s) - 715 (786150 Gflops/s) - 694 (763061 Gflops/s) - 695 (764160 Gflops/s) - 705 (775155 Gflops/s) - 696 (765260 Gflops/s) - 699 (768558 Gflops/s) | Temperatures: 64°C - 66°C - 71°C - 69°C - 65°C - 66°C - 71°C - 70°C | Throttling: None - None - None - None - None - None - None - None
704 (774056 Gflops/s) - 708 (778454 Gflops/s) - 679 (746568 Gflops/s) - 694 (763061 Gflops/s) - 695 (764160 Gflops/s) - 705 (775155 Gflops/s) - 695 (764160 Gflops/s) - 699 (768558 Gflops/s) | Temperatures: 64°C - 66°C - 71°C - 69°C - 65°C - 66°C - 71°C - 70°C | Throttling: None - None - None - None - None - None - None - None
705 (775155 Gflops/s) - 706 (776255 Gflops/s) - 696 (765260 Gflops/s) - 694 (763061 Gflops/s) - 694 (763061 Gflops/s) - 704 (774056 Gflops/s) - 695 (764160 Gflops/s) - 698 (767459 Gflops/s) | Temperatures: 64°C - 66°C - 71°C - 69°C - 65°C - 66°C - 71°C - 70°C | Throttling: None - None - None - None - None - None - None - None
705 (775155 Gflops/s) - 707 (777354 Gflops/s) - 697 (766359 Gflops/s) - 696 (765260 Gflops/s) - 695 (764160 Gflops/s) - 706 (776255 Gflops/s) - 696 (765260 Gflops/s) - 699 (768558 Gflops/s) | Temperatures: 64°C - 66°C - 71°C - 69°C - 65°C - 66°C - 71°C - 71°C | Throttling: None - None - None - None - None - None - None - None
706 (776255 Gflops/s) - 706 (776255 Gflops/s) - 696 (765260 Gflops/s) - 695 (764160 Gflops/s) - 695 (764160 Gflops/s) - 705 (775155 Gflops/s) - 696 (765260 Gflops/s) - 698 (767459 Gflops/s) | Temperatures: 64°C - 66°C - 71°C - 69°C - 65°C - 66°C - 71°C - 70°C | Throttling: None - None - None - None - None - None - None - None
705 (775155 Gflops/s) - 707 (777354 Gflops/s) - 697 (766359 Gflops/s) - 693 (761961 Gflops/s) - 696 (765260 Gflops/s) - 705 (775155 Gflops/s) - 695 (764160 Gflops/s) - 699 (768558 Gflops/s) | Temperatures: 64°C - 66°C - 71°C - 69°C - 65°C - 66°C - 71°C - 70°C | Throttling: None - None - None - None - None - None - None - None
706 (776255 Gflops/s) - 707 (777354 Gflops/s) - 696 (765260 Gflops/s) - 694 (763061 Gflops/s) - 693 (761961 Gflops/s) - 704 (774056 Gflops/s) - 696 (765260 Gflops/s) - 699 (768558 Gflops/s) | Temperatures: 64°C - 66°C - 71°C - 69°C - 65°C - 66°C - 71°C - 70°C | Throttling: None - None - None - None - None - None - None - None
705 (775155 Gflops/s) - 707 (777354 Gflops/s) - 696 (765260 Gflops/s) - 695 (764160 Gflops/s) - 695 (764160 Gflops/s) - 705 (775155 Gflops/s) - 694 (763061 Gflops/s) - 699 (768558 Gflops/s) | Temperatures: 64°C - 66°C - 71°C - 69°C - 65°C - 66°C - 71°C - 71°C | Throttling: None - None - None - None - None - None - None - None
705 (775155 Gflops/s) - 707 (777354 Gflops/s) - 698 (767459 Gflops/s) - 694 (763061 Gflops/s) - 695 (764160 Gflops/s) - 705 (775155 Gflops/s) - 696 (765260 Gflops/s) - 699 (768558 Gflops/s) | Temperatures: 64°C - 66°C - 71°C - 69°C - 65°C - 66°C - 71°C - 70°C | Throttling: None - None - None - None - None - None - None - None
706 (776255 Gflops/s) - 706 (776255 Gflops/s) - 696 (765260 Gflops/s) - 695 (764160 Gflops/s) - 695 (764160 Gflops/s) - 705 (775155 Gflops/s) - 695 (764160 Gflops/s) - 699 (768558 Gflops/s) | Temperatures: 64°C - 66°C - 71°C - 70°C - 65°C - 66°C - 71°C - 71°C | Throttling: None - None - None - None - None - None - None - None
704 (774056 Gflops/s) - 706 (776255 Gflops/s) - 695 (764160 Gflops/s) - 693 (761961 Gflops/s) - 694 (763061 Gflops/s) - 704 (774056 Gflops/s) - 694 (763061 Gflops/s) - 698 (767459 Gflops/s) | Temperatures: 64°C - 66°C - 71°C - 69°C - 65°C - 66°C - 71°C - 70°C | Throttling: None - None - None - None - None - None - None - None
706 (776255 Gflops/s) - 707 (777354 Gflops/s) - 697 (766359 Gflops/s) - 695 (764160 Gflops/s) - 695 (764160 Gflops/s) - 705 (775155 Gflops/s) - 695 (764160 Gflops/s) - 698 (767459 Gflops/s) | Temperatures: 64°C - 66°C - 71°C - 69°C - 65°C - 66°C - 72°C - 70°C | Throttling: None - None - None - None - None - None - None - None
705 (775155 Gflops/s) - 707 (777354 Gflops/s) - 697 (766359 Gflops/s) - 696 (765260 Gflops/s) - 695 (764160 Gflops/s) - 704 (774056 Gflops/s) - 696 (765260 Gflops/s) - 699 (768558 Gflops/s) | Temperatures: 64°C - 66°C - 71°C - 70°C - 65°C - 66°C - 71°C - 70°C | Throttling: None - None - None - None - None - None - None - None
705 (775155 Gflops/s) - 707 (777354 Gflops/s) - 697 (766359 Gflops/s) - 696 (765260 Gflops/s) - 694 (763061 Gflops/s) - 705 (775155 Gflops/s) - 696 (765260 Gflops/s) - 698 (767459 Gflops/s) | Temperatures: 64°C - 66°C - 71°C - 69°C - 65°C - 66°C - 72°C - 71°C | Throttling: None - None - None - None - None - None - None - None
704 (774056 Gflops/s) - 707 (777354 Gflops/s) - 697 (766359 Gflops/s) - 697 (766359 Gflops/s) - 695 (764160 Gflops/s) - 705 (775155 Gflops/s) - 708 (778454 Gflops/s) - 699 (768558 Gflops/s) | Temperatures: 64°C - 66°C - 71°C - 70°C - 65°C - 66°C - 72°C - 71°C | Throttling: None - None - None - None - None - None - None - None
705 (775155 Gflops/s) - 706 (776255 Gflops/s) - 696 (765260 Gflops/s) - 697 (766359 Gflops/s) - 695 (764160 Gflops/s) - 705 (775155 Gflops/s) - 683 (750966 Gflops/s) - 699 (768558 Gflops/s) | Temperatures: 64°C - 66°C - 71°C - 70°C - 65°C - 66°C - 72°C - 71°C | Throttling: None - None - None - None - None - None - None - None
705 (775155 Gflops/s) - 707 (777354 Gflops/s) - 695 (764160 Gflops/s) - 694 (763061 Gflops/s) - 693 (761961 Gflops/s) - 704 (774056 Gflops/s) - 695 (764160 Gflops/s) - 697 (766359 Gflops/s) | Temperatures: 64°C - 66°C - 71°C - 70°C - 65°C - 66°C - 72°C - 70°C | Throttling: None - None - None - None - None - None - None - None
704 (774056 Gflops/s) - 706 (776255 Gflops/s) - 697 (766359 Gflops/s) - 695 (764160 Gflops/s) - 695 (764160 Gflops/s) - 705 (775155 Gflops/s) - 695 (764160 Gflops/s) - 699 (768558 Gflops/s) | Temperatures: 64°C - 66°C - 71°C - 70°C - 65°C - 66°C - 72°C - 71°C | Throttling: None - None - None - None - None - None - None - None
705 (775155 Gflops/s) - 707 (777354 Gflops/s) - 695 (764160 Gflops/s) - 696 (765260 Gflops/s) - 695 (764160 Gflops/s) - 704 (774056 Gflops/s) - 696 (765260 Gflops/s) - 699 (768558 Gflops/s) | Temperatures: 64°C - 66°C - 71°C - 70°C - 65°C - 66°C - 71°C - 70°C | Throttling: None - None - None - None - None - None - None - None
705 (775155 Gflops/s) - 706 (776255 Gflops/s) - 695 (764160 Gflops/s) - 694 (763061 Gflops/s) - 695 (764160 Gflops/s) - 705 (775155 Gflops/s) - 694 (763061 Gflops/s) - 698 (767459 Gflops/s) | Temperatures: 64°C - 66°C - 71°C - 70°C - 65°C - 66°C - 72°C - 71°C | Throttling: None - None - None - None - None - None - None - None
705 (775155 Gflops/s) - 707 (777354 Gflops/s) - 697 (766359 Gflops/s) - 695 (764160 Gflops/s) - 695 (764160 Gflops/s) - 704 (774056 Gflops/s) - 695 (764160 Gflops/s) - 699 (768558 Gflops/s) | Temperatures: 64°C - 66°C - 71°C - 70°C - 65°C - 66°C - 71°C - 71°C | Throttling: None - None - None - None - None - None - None - None
704 (774056 Gflops/s) - 718 (789449 Gflops/s) - 696 (765260 Gflops/s) - 696 (765260 Gflops/s) - 694 (763061 Gflops/s) - 705 (775155 Gflops/s) - 695 (764160 Gflops/s) - 699 (768558 Gflops/s) | Temperatures: 64°C - 66°C - 71°C - 70°C - 65°C - 66°C - 71°C - 71°C | Throttling: None - None - None - None - None - None - None - None
705 (775155 Gflops/s) - 695 (764160 Gflops/s) - 697 (766359 Gflops/s) - 694 (763061 Gflops/s) - 695 (764160 Gflops/s) - 705 (775155 Gflops/s) - 695 (764160 Gflops/s) - 699 (768558 Gflops/s) | Temperatures: 64°C - 66°C - 72°C - 70°C - 65°C - 66°C - 72°C - 71°C | Throttling: None - None - None - None - None - None - None - None
704 (774056 Gflops/s) - 705 (775155 Gflops/s) - 700 (769658 Gflops/s) - 693 (761961 Gflops/s) - 694 (763061 Gflops/s) - 704 (774056 Gflops/s) - 695 (764160 Gflops/s) - 698 (767459 Gflops/s) | Temperatures: 64°C - 66°C - 71°C - 70°C - 65°C - 66°C - 72°C - 71°C | Throttling: None - None - None - None - None - None - None - None
705 (775155 Gflops/s) - 706 (776255 Gflops/s) - 693 (761961 Gflops/s) - 697 (766359 Gflops/s) - 694 (763061 Gflops/s) - 705 (775155 Gflops/s) - 695 (764160 Gflops/s) - 698 (767459 Gflops/s) | Temperatures: 64°C - 66°C - 72°C - 70°C - 65°C - 66°C - 72°C - 71°C | Throttling: None - None - None - None - None - None - None - None
705 (775155 Gflops/s) - 706 (776255 Gflops/s) - 697 (766359 Gflops/s) - 694 (763061 Gflops/s) - 698 (767459 Gflops/s) - 704 (774056 Gflops/s) - 695 (764160 Gflops/s) - 699 (768558 Gflops/s) | Temperatures: 64°C - 66°C - 71°C - 70°C - 65°C - 66°C - 72°C - 71°C | Throttling: None - None - None - None - None - None - None - None
704 (774056 Gflops/s) - 707 (777354 Gflops/s) - 696 (765260 Gflops/s) - 694 (763061 Gflops/s) - 697 (766359 Gflops/s) - 705 (775155 Gflops/s) - 695 (764160 Gflops/s) - 698 (767459 Gflops/s) | Temperatures: 64°C - 66°C - 72°C - 70°C - 65°C - 66°C - 72°C - 71°C | Throttling: None - None - None - None - None - None - None - None
705 (775155 Gflops/s) - 707 (777354 Gflops/s) - 695 (764160 Gflops/s) - 694 (763061 Gflops/s) - 697 (766359 Gflops/s) - 705 (775155 Gflops/s) - 696 (765260 Gflops/s) - 699 (768558 Gflops/s) | Temperatures: 64°C - 66°C - 71°C - 70°C - 65°C - 66°C - 72°C - 71°C | Throttling: None - None - None - None - None - None - None - None
705 (775155 Gflops/s) - 706 (776255 Gflops/s) - 697 (766359 Gflops/s) - 708 (778454 Gflops/s) - 714 (785051 Gflops/s) - 705 (775155 Gflops/s) - 695 (764160 Gflops/s) - 698 (767459 Gflops/s) | Temperatures: 64°C - 66°C - 72°C - 70°C - 65°C - 66°C - 72°C - 71°C | Throttling: None - None - None - None - None - None - None - None
706 (776255 Gflops/s) - 706 (776255 Gflops/s) - 696 (765260 Gflops/s) - 682 (749866 Gflops/s) - 681 (748767 Gflops/s) - 705 (775155 Gflops/s) - 696 (765260 Gflops/s) - 698 (767459 Gflops/s) | Temperatures: 64°C - 66°C - 71°C - 70°C - 65°C - 66°C - 72°C - 71°C | Throttling: None - None - None - None - None - None - None - None
710 (780653 Gflops/s) - 705 (775155 Gflops/s) - 695 (764160 Gflops/s) - 695 (764160 Gflops/s) - 698 (767459 Gflops/s) - 704 (774056 Gflops/s) - 695 (764160 Gflops/s) - 697 (766359 Gflops/s) | Temperatures: 64°C - 66°C - 71°C - 70°C - 65°C - 66°C - 72°C - 71°C | Throttling: None - None - None - None - None - None - None - None
698 (767459 Gflops/s) - 706 (776255 Gflops/s) - 696 (765260 Gflops/s) - 694 (763061 Gflops/s) - 697 (766359 Gflops/s) - 704 (774056 Gflops/s) - 694 (763061 Gflops/s) - 698 (767459 Gflops/s) | Temperatures: 64°C - 66°C - 72°C - 70°C - 65°C - 66°C - 72°C - 71°C | Throttling: None - None - None - None - None - None - None - None
705 (775155 Gflops/s) - 707 (777354 Gflops/s) - 696 (765260 Gflops/s) - 698 (767459 Gflops/s) - 698 (767459 Gflops/s) - 721 (792747 Gflops/s) - 695 (764160 Gflops/s) - 698 (767459 Gflops/s) | Temperatures: 64°C - 66°C - 72°C - 70°C - 65°C - 66°C - 72°C - 71°C | Throttling: None - None - None - None - None - None - None - None
705 (775155 Gflops/s) - 707 (777354 Gflops/s) - 695 (764160 Gflops/s) - 696 (765260 Gflops/s) - 698 (767459 Gflops/s) - 689 (757563 Gflops/s) - 695 (764160 Gflops/s) - 698 (767459 Gflops/s) | Temperatures: 64°C - 66°C - 71°C - 70°C - 65°C - 66°C - 72°C - 71°C | Throttling: None - None - None - None - None - None - None - None
705 (775155 Gflops/s) - 706 (776255 Gflops/s) - 696 (765260 Gflops/s) - 697 (766359 Gflops/s) - 697 (766359 Gflops/s) - 705 (775155 Gflops/s) - 696 (765260 Gflops/s) - 698 (767459 Gflops/s) | Temperatures: 64°C - 66°C - 71°C - 70°C - 65°C - 66°C - 72°C - 71°C | Throttling: None - None - None - None - None - None - None - None
705 (775155 Gflops/s) - 706 (776255 Gflops/s) - 697 (766359 Gflops/s) - 696 (765260 Gflops/s) - 699 (768558 Gflops/s) - 705 (775155 Gflops/s) - 695 (764160 Gflops/s) - 698 (767459 Gflops/s) | Temperatures: 64°C - 66°C - 71°C - 70°C - 65°C - 66°C - 72°C - 71°C | Throttling: None - None - None - None - None - None - None - None
705 (775155 Gflops/s) - 707 (777354 Gflops/s) - 696 (765260 Gflops/s) - 696 (765260 Gflops/s) - 698 (767459 Gflops/s) - 704 (774056 Gflops/s) - 695 (764160 Gflops/s) - 698 (767459 Gflops/s) | Temperatures: 64°C - 66°C - 72°C - 70°C - 65°C - 66°C - 72°C - 71°C | Throttling: None - None - None - None - None - None - None - None
703 (772956 Gflops/s) - 705 (775155 Gflops/s) - 694 (763061 Gflops/s) - 695 (764160 Gflops/s) - 697 (766359 Gflops/s) - 704 (774056 Gflops/s) - 694 (763061 Gflops/s) - 697 (766359 Gflops/s) | Temperatures: 64°C - 66°C - 72°C - 70°C - 65°C - 66°C - 72°C - 71°C | Throttling: None - None - None - None - None - None - None - None
705 (775155 Gflops/s) - 706 (776255 Gflops/s) - 696 (765260 Gflops/s) - 694 (763061 Gflops/s) - 697 (766359 Gflops/s) - 705 (775155 Gflops/s) - 695 (764160 Gflops/s) - 698 (767459 Gflops/s) | Temperatures: 64°C - 66°C - 72°C - 70°C - 65°C - 66°C - 72°C - 71°C | Throttling: None - None - None - None - None - None - None - None
705 (775155 Gflops/s) - 706 (776255 Gflops/s) - 695 (764160 Gflops/s) - 696 (765260 Gflops/s) - 698 (767459 Gflops/s) - 705 (775155 Gflops/s) - 695 (764160 Gflops/s) - 698 (767459 Gflops/s) | Temperatures: 64°C - 66°C - 72°C - 70°C - 65°C - 66°C - 72°C - 71°C | Throttling: None - None - None - None - None - None - None - None
705 (775155 Gflops/s) - 707 (777354 Gflops/s) - 696 (765260 Gflops/s) - 697 (766359 Gflops/s) - 698 (767459 Gflops/s) - 704 (774056 Gflops/s) - 695 (764160 Gflops/s) - 699 (768558 Gflops/s) | Temperatures: 64°C - 66°C - 72°C - 70°C - 65°C - 67°C - 72°C - 71°C | Throttling: None - None - None - None - None - None - None - None
705 (775155 Gflops/s) - 706 (776255 Gflops/s) - 696 (765260 Gflops/s) - 695 (764160 Gflops/s) - 698 (767459 Gflops/s) - 704 (774056 Gflops/s) - 696 (765260 Gflops/s) - 698 (767459 Gflops/s) | Temperatures: 64°C - 66°C - 72°C - 70°C - 65°C - 66°C - 72°C - 71°C | Throttling: None - None - None - None - None - None - None - None
704 (774056 Gflops/s) - 706 (776255 Gflops/s) - 696 (765260 Gflops/s) - 696 (765260 Gflops/s) - 697 (766359 Gflops/s) - 705 (775155 Gflops/s) - 695 (764160 Gflops/s) - 698 (767459 Gflops/s) | Temperatures: 64°C - 66°C - 72°C - 70°C - 65°C - 66°C - 72°C - 71°C | Throttling: None - None - None - None - None - None - None - None
704 (774056 Gflops/s) - 705 (775155 Gflops/s) - 695 (764160 Gflops/s) - 694 (763061 Gflops/s) - 697 (766359 Gflops/s) - 704 (774056 Gflops/s) - 695 (764160 Gflops/s) - 698 (767459 Gflops/s) | Temperatures: 64°C - 66°C - 72°C - 70°C - 65°C - 66°C - 72°C - 71°C | Throttling: None - None - None - None - None - None - None - None
705 (775155 Gflops/s) - 707 (777354 Gflops/s) - 696 (765260 Gflops/s) - 695 (764160 Gflops/s) - 698 (767459 Gflops/s) - 704 (774056 Gflops/s) - 695 (764160 Gflops/s) - 698 (767459 Gflops/s) | Temperatures: 64°C - 66°C - 72°C - 70°C - 65°C - 66°C - 72°C - 71°C | Throttling: None - None - None - None - None - None - None - None
705 (775155 Gflops/s) - 706 (776255 Gflops/s) - 696 (765260 Gflops/s) - 697 (766359 Gflops/s) - 697 (766359 Gflops/s) - 706 (776255 Gflops/s) - 695 (764160 Gflops/s) - 698 (767459 Gflops/s) | Temperatures: 64°C - 66°C - 72°C - 70°C - 65°C - 67°C - 72°C - 71°C | Throttling: None - None - None - None - None - None - None - None
705 (775155 Gflops/s) - 706 (776255 Gflops/s) - 697 (766359 Gflops/s) - 694 (763061 Gflops/s) - 698 (767459 Gflops/s) - 704 (774056 Gflops/s) - 696 (765260 Gflops/s) - 698 (767459 Gflops/s) | Temperatures: 64°C - 66°C - 72°C - 70°C - 65°C - 66°C - 72°C - 71°C | Throttling: None - None - None - None - None - None - None - None
705 (775155 Gflops/s) - 705 (775155 Gflops/s) - 695 (764160 Gflops/s) - 695 (764160 Gflops/s) - 698 (767459 Gflops/s) - 704 (774056 Gflops/s) - 695 (764160 Gflops/s) - 697 (766359 Gflops/s) | Temperatures: 64°C - 66°C - 72°C - 70°C - 65°C - 66°C - 72°C - 71°C | Throttling: None - None - None - None - None - None - None - None
704 (774056 Gflops/s) - 707 (777354 Gflops/s) - 695 (764160 Gflops/s) - 697 (766359 Gflops/s) - 697 (766359 Gflops/s) - 705 (775155 Gflops/s) - 696 (765260 Gflops/s) - 699 (768558 Gflops/s) | Temperatures: 64°C - 66°C - 71°C - 70°C - 65°C - 66°C - 72°C - 71°C | Throttling: None - None - None - None - None - None - None - None
705 (775155 Gflops/s) - 705 (775155 Gflops/s) - 696 (765260 Gflops/s) - 695 (764160 Gflops/s) - 697 (766359 Gflops/s) - 704 (774056 Gflops/s) - 694 (763061 Gflops/s) - 698 (767459 Gflops/s) | Temperatures: 64°C - 66°C - 72°C - 70°C - 65°C - 67°C - 72°C - 71°C | Throttling: None - None - None - None - None - None - None - None
705 (775155 Gflops/s) - 706 (776255 Gflops/s) - 695 (764160 Gflops/s) - 696 (765260 Gflops/s) - 698 (767459 Gflops/s) - 704 (774056 Gflops/s) - 696 (765260 Gflops/s) - 699 (768558 Gflops/s) | Temperatures: 64°C - 66°C - 72°C - 70°C - 65°C - 67°C - 72°C - 71°C | Throttling: None - None - None - None - None - None - None - None
704 (774056 Gflops/s) - 705 (775155 Gflops/s) - 695 (764160 Gflops/s) - 694 (763061 Gflops/s) - 697 (766359 Gflops/s) - 704 (774056 Gflops/s) - 694 (763061 Gflops/s) - 697 (766359 Gflops/s) | Temperatures: 64°C - 66°C - 72°C - 70°C - 65°C - 66°C - 72°C - 71°C | Throttling: None - None - None - None - None - None - None - None
705 (775155 Gflops/s) - 706 (776255 Gflops/s) - 695 (764160 Gflops/s) - 697 (766359 Gflops/s) - 698 (767459 Gflops/s) - 705 (775155 Gflops/s) - 694 (763061 Gflops/s) - 698 (767459 Gflops/s) | Temperatures: 64°C - 66°C - 71°C - 70°C - 65°C - 67°C - 72°C - 71°C | Throttling: None - None - None - None - None - None - None - None
705 (775155 Gflops/s) - 706 (776255 Gflops/s) - 696 (765260 Gflops/s) - 696 (765260 Gflops/s) - 697 (766359 Gflops/s) - 704 (774056 Gflops/s) - 696 (765260 Gflops/s) - 698 (767459 Gflops/s) | Temperatures: 64°C - 66°C - 72°C - 70°C - 65°C - 66°C - 72°C - 71°C | Throttling: None - None - None - None - None - None - None - None
704 (774056 Gflops/s) - 706 (776255 Gflops/s) - 695 (764160 Gflops/s) - 695 (764160 Gflops/s) - 696 (765260 Gflops/s) - 704 (774056 Gflops/s) - 694 (763061 Gflops/s) - 698 (767459 Gflops/s) | Temperatures: 64°C - 66°C - 71°C - 70°C - 65°C - 66°C - 72°C - 71°C | Throttling: None - None - None - None - None - None - None - None
705 (775155 Gflops/s) - 705 (775155 Gflops/s) - 696 (765260 Gflops/s) - 697 (766359 Gflops/s) - 697 (766359 Gflops/s) - 705 (775155 Gflops/s) - 696 (765260 Gflops/s) - 697 (766359 Gflops/s) | Temperatures: 64°C - 66°C - 72°C - 70°C - 65°C - 66°C - 72°C - 71°C | Throttling: None - None - None - None - None - None - None - None
705 (775155 Gflops/s) - 706 (776255 Gflops/s) - 697 (766359 Gflops/s) - 695 (764160 Gflops/s) - 698 (767459 Gflops/s) - 705 (775155 Gflops/s) - 694 (763061 Gflops/s) - 698 (767459 Gflops/s) | Temperatures: 64°C - 66°C - 72°C - 70°C - 65°C - 66°C - 72°C - 71°C | Throttling: None - None - None - None - None - None - None - None
705 (775155 Gflops/s) - 707 (777354 Gflops/s) - 695 (764160 Gflops/s) - 696 (765260 Gflops/s) - 698 (767459 Gflops/s) - 704 (774056 Gflops/s) - 695 (764160 Gflops/s) - 699 (768558 Gflops/s) | Temperatures: 64°C - 66°C - 72°C - 70°C - 65°C - 67°C - 72°C - 71°C | Throttling: None - None - None - None - None - None - None - None
704 (774056 Gflops/s) - 705 (775155 Gflops/s) - 694 (763061 Gflops/s) - 694 (763061 Gflops/s) - 697 (766359 Gflops/s) - 704 (774056 Gflops/s) - 694 (763061 Gflops/s) - 697 (766359 Gflops/s) | Temperatures: 64°C - 66°C - 72°C - 70°C - 65°C - 67°C - 72°C - 71°C | Throttling: None - None - None - None - None - None - None - None
705 (775155 Gflops/s) - 705 (775155 Gflops/s) - 696 (765260 Gflops/s) - 695 (764160 Gflops/s) - 697 (766359 Gflops/s) - 705 (775155 Gflops/s) - 695 (764160 Gflops/s) - 698 (767459 Gflops/s) | Temperatures: 64°C - 66°C - 72°C - 70°C - 65°C - 66°C - 72°C - 71°C | Throttling: None - None - None - None - None - None - None - None
705 (775155 Gflops/s) - 707 (777354 Gflops/s) - 694 (763061 Gflops/s) - 696 (765260 Gflops/s) - 697 (766359 Gflops/s) - 704 (774056 Gflops/s) - 695 (764160 Gflops/s) - 698 (767459 Gflops/s) | Temperatures: 64°C - 66°C - 72°C - 70°C - 65°C - 67°C - 72°C - 71°C | Throttling: None - None - None - None - None - None - None - None
705 (775155 Gflops/s) - 706 (776255 Gflops/s) - 695 (764160 Gflops/s) - 696 (765260 Gflops/s) - 698 (767459 Gflops/s) - 705 (775155 Gflops/s) - 695 (764160 Gflops/s) - 697 (766359 Gflops/s) | Temperatures: 64°C - 66°C - 72°C - 70°C - 65°C - 67°C - 72°C - 71°C | Throttling: None - None - None - None - None - None - None - None
705 (775155 Gflops/s) - 706 (776255 Gflops/s) - 697 (766359 Gflops/s) - 697 (766359 Gflops/s) - 698 (767459 Gflops/s) - 704 (774056 Gflops/s) - 695 (764160 Gflops/s) - 698 (767459 Gflops/s) | Temperatures: 64°C - 66°C - 72°C - 70°C - 65°C - 67°C - 72°C - 71°C | Throttling: None - None - None - None - None - None - None - None
704 (774056 Gflops/s) - 556 (611328 Gflops/s) - 577 (634418 Gflops/s) - 382 (420013 Gflops/s) - 696 (765260 Gflops/s) - 704 (774056 Gflops/s) - 577 (634418 Gflops/s) - 697 (766359 Gflops/s) | Temperatures: 64°C - 66°C - 72°C - 70°C - 65°C - 67°C - 72°C - 71°C | Throttling: None - None - None - None - None - None - None - None
GPU #0: 775490 Gflops/s (min: 764160.58, max: 788349.84, dev: 1858.16)
         Temperature: 63.43°C (min: 62.00, max: 65.00)
         Throttling HW: false, Thermal SW: false, Thermal HW: false
GPU #1: 775437 Gflops/s (min: 611328.47, max: 792747.88, dev: 9969.34)
         Temperature: 65.44°C (min: 64.00, max: 67.00)
         Throttling HW: false, Thermal SW: false, Thermal HW: false
GPU #2: 766258 Gflops/s (min: 634418.21, max: 786150.81, dev: 8371.78)
         Temperature: 70.77°C (min: 69.00, max: 73.00)
         Throttling HW: false, Thermal SW: false, Thermal HW: false
GPU #3: 764528 Gflops/s (min: 420013.44, max: 785051.30, dev: 20462.95)
         Temperature: 69.21°C (min: 67.00, max: 71.00)
         Throttling HW: false, Thermal SW: false, Thermal HW: false
GPU #4: 765984 Gflops/s (min: 748767.42, max: 785051.30, dev: 2679.27)
         Temperature: 64.49°C (min: 63.00, max: 66.00)
         Throttling HW: false, Thermal SW: false, Thermal HW: false
GPU #5: 773261 Gflops/s (min: 752065.95, max: 792747.88, dev: 4034.02)
         Temperature: 65.59°C (min: 64.00, max: 67.00)
         Throttling HW: false, Thermal SW: false, Thermal HW: false
GPU #6: 764738 Gflops/s (min: 634418.21, max: 778454.23, dev: 8229.26)
         Temperature: 71.11°C (min: 69.00, max: 73.00)
         Throttling HW: false, Thermal SW: false, Thermal HW: false
GPU #7: 768720 Gflops/s (min: 752065.95, max: 786150.81, dev: 2382.20)
         Temperature: 70.22°C (min: 68.00, max: 72.00)
         Throttling HW: false, Thermal SW: false, Thermal HW: false
All GPUs seem healthy
Freeing GPUs...
======== Run with bf16 ==========
Detected GPU #0: "NVIDIA B200" (2e86ad83-a29c-769a-220e-dac94feb144f)
Detected GPU #1: "NVIDIA B200" (6a6cf8bf-4f75-4f45-7434-d7b19d3206b0)
Detected GPU #2: "NVIDIA B200" (a217acbf-dc2d-51ba-5145-ac222aafa099)
Detected GPU #3: "NVIDIA B200" (0f6ecc94-e2ec-4653-3039-73f7c9a0c8ab)
Detected GPU #4: "NVIDIA B200" (42304b4f-d2f5-42a6-0615-65a0e3a833ab)
Detected GPU #5: "NVIDIA B200" (1674384d-8968-272d-6fbf-d3968d022bdd)
Detected GPU #6: "NVIDIA B200" (61747aa2-bdb0-7ecc-86fd-c2f6ec1f2020)
Detected GPU #7: "NVIDIA B200" (c46a4692-3af9-fa52-8b7a-2234c678ac52)
Using precision(s):  BF16 
GPU #0: Using 163800 MB
GPU #1: Using 163800 MB
GPU #2: Using 163800 MB
GPU #3: Using 163800 MB
GPU #4: Using 163800 MB
GPU #5: Using 163800 MB
GPU #6: Using 163800 MB
GPU #7: Using 163800 MB
Creating random matrices
Matrices created
2048 (2251799 Gflops/s) - 1752 (1926344 Gflops/s) - 1576 (1732830 Gflops/s) - 1690 (1858174 Gflops/s) - 1605 (1764716 Gflops/s) - 1601 (1760318 Gflops/s) - 1586 (1743825 Gflops/s) - 1581 (1738327 Gflops/s) | Temperatures: 57°C - 58°C - 60°C - 60°C - 56°C - 58°C - 61°C - 60°C | Throttling: None - None - None - None - None - None - None - None
1382 (1519525 Gflops/s) - 1375 (1511828 Gflops/s) - 1374 (1510728 Gflops/s) - 1362 (1497534 Gflops/s) - 1359 (1494236 Gflops/s) - 1376 (1512927 Gflops/s) - 1374 (1510728 Gflops/s) - 1373 (1509629 Gflops/s) | Temperatures: 60°C - 61°C - 64°C - 63°C - 60°C - 61°C - 64°C - 63°C | Throttling: None - None - None - None - None - None - None - None
1381 (1518425 Gflops/s) - 1373 (1509629 Gflops/s) - 1372 (1508529 Gflops/s) - 1365 (1500833 Gflops/s) - 1353 (1487639 Gflops/s) - 1377 (1514027 Gflops/s) - 1370 (1506330 Gflops/s) - 1370 (1506330 Gflops/s) | Temperatures: 62°C - 63°C - 66°C - 65°C - 62°C - 63°C - 66°C - 66°C | Throttling: None - None - None - None - None - None - None - None
1377 (1514027 Gflops/s) - 1370 (1506330 Gflops/s) - 1371 (1507430 Gflops/s) - 1367 (1503032 Gflops/s) - 1351 (1485440 Gflops/s) - 1374 (1510728 Gflops/s) - 1371 (1507430 Gflops/s) - 1372 (1508529 Gflops/s) | Temperatures: 62°C - 64°C - 67°C - 66°C - 63°C - 64°C - 67°C - 67°C | Throttling: None - None - None - None - None - None - None - None
1378 (1515127 Gflops/s) - 1371 (1507430 Gflops/s) - 1370 (1506330 Gflops/s) - 1368 (1504131 Gflops/s) - 1350 (1484340 Gflops/s) - 1375 (1511828 Gflops/s) - 1365 (1500833 Gflops/s) - 1370 (1506330 Gflops/s) | Temperatures: 63°C - 64°C - 68°C - 67°C - 63°C - 65°C - 68°C - 68°C | Throttling: None - None - None - None - None - None - None - None
1375 (1511828 Gflops/s) - 1369 (1505231 Gflops/s) - 1368 (1504131 Gflops/s) - 1365 (1500833 Gflops/s) - 1349 (1483241 Gflops/s) - 1361 (1496435 Gflops/s) - 1365 (1500833 Gflops/s) - 1367 (1503032 Gflops/s) | Temperatures: 63°C - 65°C - 69°C - 67°C - 64°C - 65°C - 69°C - 68°C | Throttling: None - None - None - None - None - None - None - None
1376 (1512927 Gflops/s) - 1370 (1506330 Gflops/s) - 1368 (1504131 Gflops/s) - 1366 (1501932 Gflops/s) - 1350 (1484340 Gflops/s) - 1360 (1495335 Gflops/s) - 1364 (1499733 Gflops/s) - 1367 (1503032 Gflops/s) | Temperatures: 64°C - 65°C - 69°C - 68°C - 64°C - 65°C - 69°C - 69°C | Throttling: None - None - None - None - None - None - None - None
1377 (1514027 Gflops/s) - 1375 (1511828 Gflops/s) - 1368 (1504131 Gflops/s) - 1365 (1500833 Gflops/s) - 1351 (1485440 Gflops/s) - 1371 (1507430 Gflops/s) - 1363 (1498634 Gflops/s) - 1366 (1501932 Gflops/s) | Temperatures: 64°C - 65°C - 70°C - 68°C - 64°C - 65°C - 70°C - 69°C | Throttling: None - None - None - None - None - None - None - None
1372 (1508529 Gflops/s) - 1372 (1508529 Gflops/s) - 1363 (1498634 Gflops/s) - 1364 (1499733 Gflops/s) - 1350 (1484340 Gflops/s) - 1371 (1507430 Gflops/s) - 1358 (1493136 Gflops/s) - 1364 (1499733 Gflops/s) | Temperatures: 64°C - 65°C - 70°C - 69°C - 65°C - 66°C - 70°C - 69°C | Throttling: None - None - None - None - None - None - None - None
1374 (1510728 Gflops/s) - 1374 (1510728 Gflops/s) - 1363 (1498634 Gflops/s) - 1363 (1498634 Gflops/s) - 1353 (1487639 Gflops/s) - 1371 (1507430 Gflops/s) - 1361 (1496435 Gflops/s) - 1364 (1499733 Gflops/s) | Temperatures: 64°C - 66°C - 70°C - 69°C - 65°C - 66°C - 70°C - 70°C | Throttling: None - None - None - None - None - None - None - None
1373 (1509629 Gflops/s) - 1373 (1509629 Gflops/s) - 1362 (1497534 Gflops/s) - 1364 (1499733 Gflops/s) - 1353 (1487639 Gflops/s) - 1369 (1505231 Gflops/s) - 1360 (1495335 Gflops/s) - 1364 (1499733 Gflops/s) | Temperatures: 64°C - 66°C - 70°C - 69°C - 65°C - 66°C - 70°C - 70°C | Throttling: None - None - None - None - None - None - None - None
1372 (1508529 Gflops/s) - 1371 (1507430 Gflops/s) - 1361 (1496435 Gflops/s) - 1363 (1498634 Gflops/s) - 1357 (1492037 Gflops/s) - 1370 (1506330 Gflops/s) - 1358 (1493136 Gflops/s) - 1362 (1497534 Gflops/s) | Temperatures: 64°C - 66°C - 71°C - 69°C - 65°C - 66°C - 71°C - 70°C | Throttling: None - None - None - None - None - None - None - None
1373 (1509629 Gflops/s) - 1373 (1509629 Gflops/s) - 1362 (1497534 Gflops/s) - 1362 (1497534 Gflops/s) - 1359 (1494236 Gflops/s) - 1370 (1506330 Gflops/s) - 1358 (1493136 Gflops/s) - 1362 (1497534 Gflops/s) | Temperatures: 64°C - 66°C - 71°C - 69°C - 65°C - 66°C - 71°C - 70°C | Throttling: None - None - None - None - None - None - None - None
1373 (1509629 Gflops/s) - 1372 (1508529 Gflops/s) - 1361 (1496435 Gflops/s) - 1360 (1495335 Gflops/s) - 1358 (1493136 Gflops/s) - 1369 (1505231 Gflops/s) - 1359 (1494236 Gflops/s) - 1362 (1497534 Gflops/s) | Temperatures: 65°C - 66°C - 71°C - 70°C - 65°C - 66°C - 71°C - 70°C | Throttling: None - None - None - None - None - None - None - None
1374 (1510728 Gflops/s) - 1372 (1508529 Gflops/s) - 1360 (1495335 Gflops/s) - 1359 (1494236 Gflops/s) - 1359 (1494236 Gflops/s) - 1369 (1505231 Gflops/s) - 1357 (1492037 Gflops/s) - 1361 (1496435 Gflops/s) | Temperatures: 64°C - 66°C - 71°C - 70°C - 65°C - 66°C - 71°C - 70°C | Throttling: None - None - None - None - None - None - None - None
1374 (1510728 Gflops/s) - 1371 (1507430 Gflops/s) - 1361 (1496435 Gflops/s) - 1360 (1495335 Gflops/s) - 1358 (1493136 Gflops/s) - 1366 (1501932 Gflops/s) - 1355 (1489838 Gflops/s) - 1362 (1497534 Gflops/s) | Temperatures: 64°C - 66°C - 71°C - 70°C - 65°C - 66°C - 71°C - 71°C | Throttling: None - None - None - None - None - None - None - None
1370 (1506330 Gflops/s) - 1370 (1506330 Gflops/s) - 1360 (1495335 Gflops/s) - 1357 (1492037 Gflops/s) - 1357 (1492037 Gflops/s) - 1367 (1503032 Gflops/s) - 1355 (1489838 Gflops/s) - 1359 (1494236 Gflops/s) | Temperatures: 64°C - 66°C - 71°C - 70°C - 66°C - 66°C - 71°C - 71°C | Throttling: None - None - None - None - None - None - None - None
1373 (1509629 Gflops/s) - 1372 (1508529 Gflops/s) - 1360 (1495335 Gflops/s) - 1359 (1494236 Gflops/s) - 1358 (1493136 Gflops/s) - 1366 (1501932 Gflops/s) - 1356 (1490937 Gflops/s) - 1360 (1495335 Gflops/s) | Temperatures: 65°C - 67°C - 71°C - 70°C - 66°C - 66°C - 71°C - 71°C | Throttling: None - None - None - None - None - None - None - None
1373 (1509629 Gflops/s) - 1371 (1507430 Gflops/s) - 1359 (1494236 Gflops/s) - 1359 (1494236 Gflops/s) - 1357 (1492037 Gflops/s) - 1369 (1505231 Gflops/s) - 1355 (1489838 Gflops/s) - 1360 (1495335 Gflops/s) | Temperatures: 65°C - 67°C - 71°C - 70°C - 66°C - 67°C - 71°C - 71°C | Throttling: None - None - None - None - None - None - None - None
1372 (1508529 Gflops/s) - 1371 (1507430 Gflops/s) - 1358 (1493136 Gflops/s) - 1358 (1493136 Gflops/s) - 1358 (1493136 Gflops/s) - 1369 (1505231 Gflops/s) - 1355 (1489838 Gflops/s) - 1360 (1495335 Gflops/s) | Temperatures: 65°C - 66°C - 71°C - 70°C - 66°C - 67°C - 72°C - 71°C | Throttling: None - None - None - None - None - None - None - None
1371 (1507430 Gflops/s) - 1369 (1505231 Gflops/s) - 1357 (1492037 Gflops/s) - 1357 (1492037 Gflops/s) - 1357 (1492037 Gflops/s) - 1367 (1503032 Gflops/s) - 1354 (1488738 Gflops/s) - 1357 (1492037 Gflops/s) | Temperatures: 65°C - 67°C - 72°C - 70°C - 66°C - 67°C - 72°C - 71°C | Throttling: None - None - None - None - None - None - None - None
1373 (1509629 Gflops/s) - 1370 (1506330 Gflops/s) - 1358 (1493136 Gflops/s) - 1359 (1494236 Gflops/s) - 1357 (1492037 Gflops/s) - 1369 (1505231 Gflops/s) - 1355 (1489838 Gflops/s) - 1360 (1495335 Gflops/s) | Temperatures: 65°C - 67°C - 72°C - 70°C - 66°C - 67°C - 72°C - 71°C | Throttling: None - None - None - None - None - None - None - None
1371 (1507430 Gflops/s) - 1371 (1507430 Gflops/s) - 1358 (1493136 Gflops/s) - 1358 (1493136 Gflops/s) - 1358 (1493136 Gflops/s) - 1368 (1504131 Gflops/s) - 1355 (1489838 Gflops/s) - 1359 (1494236 Gflops/s) | Temperatures: 65°C - 67°C - 72°C - 70°C - 66°C - 67°C - 72°C - 71°C | Throttling: None - None - None - None - None - None - None - None
1371 (1507430 Gflops/s) - 1370 (1506330 Gflops/s) - 1359 (1494236 Gflops/s) - 1357 (1492037 Gflops/s) - 1358 (1493136 Gflops/s) - 1370 (1506330 Gflops/s) - 1355 (1489838 Gflops/s) - 1360 (1495335 Gflops/s) | Temperatures: 65°C - 67°C - 72°C - 70°C - 66°C - 67°C - 72°C - 71°C | Throttling: None - None - None - None - None - None - None - None
1370 (1506330 Gflops/s) - 1370 (1506330 Gflops/s) - 1357 (1492037 Gflops/s) - 1358 (1493136 Gflops/s) - 1357 (1492037 Gflops/s) - 1367 (1503032 Gflops/s) - 1356 (1490937 Gflops/s) - 1359 (1494236 Gflops/s) | Temperatures: 65°C - 67°C - 72°C - 70°C - 66°C - 67°C - 72°C - 71°C | Throttling: None - None - None - None - None - None - None - None
1368 (1504131 Gflops/s) - 1369 (1505231 Gflops/s) - 1357 (1492037 Gflops/s) - 1356 (1490937 Gflops/s) - 1355 (1489838 Gflops/s) - 1364 (1499733 Gflops/s) - 1353 (1487639 Gflops/s) - 1357 (1492037 Gflops/s) | Temperatures: 65°C - 67°C - 72°C - 70°C - 66°C - 67°C - 72°C - 71°C | Throttling: None - None - None - None - None - None - None - None
1369 (1505231 Gflops/s) - 1371 (1507430 Gflops/s) - 1358 (1493136 Gflops/s) - 1357 (1492037 Gflops/s) - 1356 (1490937 Gflops/s) - 1368 (1504131 Gflops/s) - 1355 (1489838 Gflops/s) - 1359 (1494236 Gflops/s) | Temperatures: 65°C - 67°C - 72°C - 70°C - 66°C - 67°C - 72°C - 71°C | Throttling: None - None - None - None - None - None - None - None
1370 (1506330 Gflops/s) - 1370 (1506330 Gflops/s) - 1357 (1492037 Gflops/s) - 1357 (1492037 Gflops/s) - 1357 (1492037 Gflops/s) - 1367 (1503032 Gflops/s) - 1355 (1489838 Gflops/s) - 1358 (1493136 Gflops/s) | Temperatures: 65°C - 67°C - 72°C - 70°C - 66°C - 67°C - 72°C - 71°C | Throttling: None - None - None - None - None - None - None - None
1369 (1505231 Gflops/s) - 1370 (1506330 Gflops/s) - 1357 (1492037 Gflops/s) - 1357 (1492037 Gflops/s) - 1357 (1492037 Gflops/s) - 1370 (1506330 Gflops/s) - 1355 (1489838 Gflops/s) - 1359 (1494236 Gflops/s) | Temperatures: 65°C - 67°C - 72°C - 70°C - 66°C - 67°C - 72°C - 71°C | Throttling: None - None - None - None - None - None - None - None
1368 (1504131 Gflops/s) - 1369 (1505231 Gflops/s) - 1357 (1492037 Gflops/s) - 1355 (1489838 Gflops/s) - 1356 (1490937 Gflops/s) - 1365 (1500833 Gflops/s) - 1354 (1488738 Gflops/s) - 1357 (1492037 Gflops/s) | Temperatures: 65°C - 67°C - 72°C - 70°C - 66°C - 67°C - 72°C - 71°C | Throttling: None - None - None - None - None - None - None - None
1370 (1506330 Gflops/s) - 1370 (1506330 Gflops/s) - 1357 (1492037 Gflops/s) - 1357 (1492037 Gflops/s) - 1357 (1492037 Gflops/s) - 1365 (1500833 Gflops/s) - 1355 (1489838 Gflops/s) - 1358 (1493136 Gflops/s) | Temperatures: 65°C - 67°C - 72°C - 71°C - 66°C - 67°C - 72°C - 71°C | Throttling: None - None - None - None - None - None - None - None
1369 (1505231 Gflops/s) - 1370 (1506330 Gflops/s) - 1358 (1493136 Gflops/s) - 1357 (1492037 Gflops/s) - 1356 (1490937 Gflops/s) - 1368 (1504131 Gflops/s) - 1354 (1488738 Gflops/s) - 1358 (1493136 Gflops/s) | Temperatures: 65°C - 67°C - 72°C - 71°C - 66°C - 67°C - 72°C - 71°C | Throttling: None - None - None - None - None - None - None - None
1370 (1506330 Gflops/s) - 1371 (1507430 Gflops/s) - 1356 (1490937 Gflops/s) - 1356 (1490937 Gflops/s) - 1357 (1492037 Gflops/s) - 1369 (1505231 Gflops/s) - 1355 (1489838 Gflops/s) - 1357 (1492037 Gflops/s) | Temperatures: 65°C - 67°C - 72°C - 71°C - 66°C - 67°C - 72°C - 71°C | Throttling: None - None - None - None - None - None - None - None
1369 (1505231 Gflops/s) - 1370 (1506330 Gflops/s) - 1358 (1493136 Gflops/s) - 1356 (1490937 Gflops/s) - 1357 (1492037 Gflops/s) - 1369 (1505231 Gflops/s) - 1354 (1488738 Gflops/s) - 1358 (1493136 Gflops/s) | Temperatures: 64°C - 67°C - 72°C - 70°C - 66°C - 67°C - 72°C - 71°C | Throttling: None - None - None - None - None - None - None - None
1368 (1504131 Gflops/s) - 1369 (1505231 Gflops/s) - 1355 (1489838 Gflops/s) - 1356 (1490937 Gflops/s) - 1356 (1490937 Gflops/s) - 1366 (1501932 Gflops/s) - 1354 (1488738 Gflops/s) - 1357 (1492037 Gflops/s) | Temperatures: 64°C - 67°C - 72°C - 70°C - 66°C - 67°C - 72°C - 71°C | Throttling: None - None - None - None - None - None - None - None
1370 (1506330 Gflops/s) - 1370 (1506330 Gflops/s) - 1358 (1493136 Gflops/s) - 1356 (1490937 Gflops/s) - 1357 (1492037 Gflops/s) - 1368 (1504131 Gflops/s) - 1355 (1489838 Gflops/s) - 1358 (1493136 Gflops/s) | Temperatures: 64°C - 67°C - 72°C - 70°C - 66°C - 67°C - 72°C - 71°C | Throttling: None - None - None - None - None - None - None - None
1370 (1506330 Gflops/s) - 1370 (1506330 Gflops/s) - 1358 (1493136 Gflops/s) - 1356 (1490937 Gflops/s) - 1357 (1492037 Gflops/s) - 1366 (1501932 Gflops/s) - 1354 (1488738 Gflops/s) - 1359 (1494236 Gflops/s) | Temperatures: 64°C - 67°C - 72°C - 70°C - 66°C - 67°C - 72°C - 71°C | Throttling: None - None - None - None - None - None - None - None
1369 (1505231 Gflops/s) - 1371 (1507430 Gflops/s) - 1356 (1490937 Gflops/s) - 1356 (1490937 Gflops/s) - 1357 (1492037 Gflops/s) - 1370 (1506330 Gflops/s) - 1355 (1489838 Gflops/s) - 1358 (1493136 Gflops/s) | Temperatures: 64°C - 67°C - 72°C - 70°C - 66°C - 67°C - 72°C - 71°C | Throttling: None - None - None - None - None - None - None - None
1368 (1504131 Gflops/s) - 1370 (1506330 Gflops/s) - 1355 (1489838 Gflops/s) - 1355 (1489838 Gflops/s) - 1355 (1489838 Gflops/s) - 1365 (1500833 Gflops/s) - 1353 (1487639 Gflops/s) - 1357 (1492037 Gflops/s) | Temperatures: 64°C - 67°C - 72°C - 70°C - 66°C - 67°C - 72°C - 71°C | Throttling: None - None - None - None - None - None - None - None
1371 (1507430 Gflops/s) - 1371 (1507430 Gflops/s) - 1358 (1493136 Gflops/s) - 1358 (1493136 Gflops/s) - 1358 (1493136 Gflops/s) - 1370 (1506330 Gflops/s) - 1356 (1490937 Gflops/s) - 1360 (1495335 Gflops/s) | Temperatures: 64°C - 67°C - 72°C - 70°C - 66°C - 67°C - 72°C - 71°C | Throttling: None - None - None - None - None - None - None - None
1368 (1504131 Gflops/s) - 1369 (1505231 Gflops/s) - 1355 (1489838 Gflops/s) - 1355 (1489838 Gflops/s) - 1356 (1490937 Gflops/s) - 1367 (1503032 Gflops/s) - 1354 (1488738 Gflops/s) - 1356 (1490937 Gflops/s) | Temperatures: 64°C - 67°C - 72°C - 70°C - 66°C - 67°C - 72°C - 71°C | Throttling: None - None - None - None - None - None - None - None
1369 (1505231 Gflops/s) - 1370 (1506330 Gflops/s) - 1357 (1492037 Gflops/s) - 1357 (1492037 Gflops/s) - 1355 (1489838 Gflops/s) - 1366 (1501932 Gflops/s) - 1354 (1488738 Gflops/s) - 1358 (1493136 Gflops/s) | Temperatures: 64°C - 67°C - 72°C - 70°C - 66°C - 67°C - 72°C - 71°C | Throttling: None - None - None - None - None - None - None - None
1370 (1506330 Gflops/s) - 1370 (1506330 Gflops/s) - 1357 (1492037 Gflops/s) - 1357 (1492037 Gflops/s) - 1357 (1492037 Gflops/s) - 1367 (1503032 Gflops/s) - 1355 (1489838 Gflops/s) - 1358 (1493136 Gflops/s) | Temperatures: 64°C - 67°C - 72°C - 70°C - 66°C - 67°C - 72°C - 71°C | Throttling: None - None - None - None - None - None - None - None
1367 (1503032 Gflops/s) - 1369 (1505231 Gflops/s) - 1356 (1490937 Gflops/s) - 1354 (1488738 Gflops/s) - 1354 (1488738 Gflops/s) - 1369 (1505231 Gflops/s) - 1354 (1488738 Gflops/s) - 1356 (1490937 Gflops/s) | Temperatures: 64°C - 67°C - 72°C - 70°C - 66°C - 67°C - 72°C - 71°C | Throttling: None - None - None - None - None - None - None - None
1370 (1506330 Gflops/s) - 1371 (1507430 Gflops/s) - 1356 (1490937 Gflops/s) - 1357 (1492037 Gflops/s) - 1357 (1492037 Gflops/s) - 1368 (1504131 Gflops/s) - 1355 (1489838 Gflops/s) - 1358 (1493136 Gflops/s) | Temperatures: 64°C - 67°C - 72°C - 70°C - 66°C - 67°C - 72°C - 71°C | Throttling: None - None - None - None - None - None - None - None
1370 (1506330 Gflops/s) - 1370 (1506330 Gflops/s) - 1357 (1492037 Gflops/s) - 1356 (1490937 Gflops/s) - 1357 (1492037 Gflops/s) - 1370 (1506330 Gflops/s) - 1354 (1488738 Gflops/s) - 1358 (1493136 Gflops/s) | Temperatures: 64°C - 67°C - 72°C - 70°C - 66°C - 67°C - 72°C - 71°C | Throttling: None - None - None - None - None - None - None - None
1369 (1505231 Gflops/s) - 1370 (1506330 Gflops/s) - 1359 (1494236 Gflops/s) - 1354 (1488738 Gflops/s) - 1356 (1490937 Gflops/s) - 1368 (1504131 Gflops/s) - 1355 (1489838 Gflops/s) - 1358 (1493136 Gflops/s) | Temperatures: 64°C - 67°C - 72°C - 70°C - 66°C - 67°C - 72°C - 71°C | Throttling: None - None - None - None - None - None - None - None
1370 (1506330 Gflops/s) - 1371 (1507430 Gflops/s) - 1357 (1492037 Gflops/s) - 1357 (1492037 Gflops/s) - 1357 (1492037 Gflops/s) - 1368 (1504131 Gflops/s) - 1355 (1489838 Gflops/s) - 1358 (1493136 Gflops/s) | Temperatures: 64°C - 67°C - 72°C - 70°C - 66°C - 67°C - 72°C - 71°C | Throttling: None - None - None - None - None - None - None - None
1368 (1504131 Gflops/s) - 1369 (1505231 Gflops/s) - 1355 (1489838 Gflops/s) - 1355 (1489838 Gflops/s) - 1355 (1489838 Gflops/s) - 1366 (1501932 Gflops/s) - 1353 (1487639 Gflops/s) - 1357 (1492037 Gflops/s) | Temperatures: 64°C - 67°C - 72°C - 70°C - 66°C - 67°C - 72°C - 71°C | Throttling: None - None - None - None - None - None - None - None
1370 (1506330 Gflops/s) - 1371 (1507430 Gflops/s) - 1354 (1488738 Gflops/s) - 1357 (1492037 Gflops/s) - 1356 (1490937 Gflops/s) - 1368 (1504131 Gflops/s) - 1355 (1489838 Gflops/s) - 1358 (1493136 Gflops/s) | Temperatures: 64°C - 67°C - 72°C - 70°C - 66°C - 67°C - 72°C - 71°C | Throttling: None - None - None - None - None - None - None - None
1370 (1506330 Gflops/s) - 1371 (1507430 Gflops/s) - 1358 (1493136 Gflops/s) - 1356 (1490937 Gflops/s) - 1356 (1490937 Gflops/s) - 1368 (1504131 Gflops/s) - 1355 (1489838 Gflops/s) - 1358 (1493136 Gflops/s) | Temperatures: 64°C - 67°C - 72°C - 70°C - 66°C - 67°C - 72°C - 71°C | Throttling: None - None - None - None - None - None - None - None
1368 (1504131 Gflops/s) - 1369 (1505231 Gflops/s) - 1355 (1489838 Gflops/s) - 1355 (1489838 Gflops/s) - 1355 (1489838 Gflops/s) - 1364 (1499733 Gflops/s) - 1353 (1487639 Gflops/s) - 1356 (1490937 Gflops/s) | Temperatures: 64°C - 67°C - 72°C - 70°C - 66°C - 67°C - 72°C - 71°C | Throttling: None - None - None - None - None - None - None - None
1370 (1506330 Gflops/s) - 1369 (1505231 Gflops/s) - 1357 (1492037 Gflops/s) - 1357 (1492037 Gflops/s) - 1357 (1492037 Gflops/s) - 1368 (1504131 Gflops/s) - 1355 (1489838 Gflops/s) - 1358 (1493136 Gflops/s) | Temperatures: 64°C - 67°C - 72°C - 70°C - 66°C - 67°C - 72°C - 71°C | Throttling: None - None - None - None - None - None - None - None
1369 (1505231 Gflops/s) - 1371 (1507430 Gflops/s) - 1356 (1490937 Gflops/s) - 1357 (1492037 Gflops/s) - 1356 (1490937 Gflops/s) - 1367 (1503032 Gflops/s) - 1355 (1489838 Gflops/s) - 1358 (1493136 Gflops/s) | Temperatures: 64°C - 67°C - 72°C - 70°C - 66°C - 67°C - 72°C - 71°C | Throttling: None - None - None - None - None - None - None - None
1370 (1506330 Gflops/s) - 1371 (1507430 Gflops/s) - 1356 (1490937 Gflops/s) - 1356 (1490937 Gflops/s) - 1357 (1492037 Gflops/s) - 1369 (1505231 Gflops/s) - 1354 (1488738 Gflops/s) - 1358 (1493136 Gflops/s) | Temperatures: 64°C - 67°C - 72°C - 70°C - 66°C - 67°C - 72°C - 71°C | Throttling: None - None - None - None - None - None - None - None
1370 (1506330 Gflops/s) - 1370 (1506330 Gflops/s) - 1357 (1492037 Gflops/s) - 1357 (1492037 Gflops/s) - 1357 (1492037 Gflops/s) - 1366 (1501932 Gflops/s) - 1355 (1489838 Gflops/s) - 1359 (1494236 Gflops/s) | Temperatures: 64°C - 67°C - 72°C - 70°C - 66°C - 67°C - 72°C - 71°C | Throttling: None - None - None - None - None - None - None - None
1368 (1504131 Gflops/s) - 1369 (1505231 Gflops/s) - 1354 (1488738 Gflops/s) - 1355 (1489838 Gflops/s) - 1354 (1488738 Gflops/s) - 1366 (1501932 Gflops/s) - 1354 (1488738 Gflops/s) - 1356 (1490937 Gflops/s) | Temperatures: 64°C - 67°C - 72°C - 70°C - 66°C - 67°C - 72°C - 71°C | Throttling: None - None - None - None - None - None - None - None
1370 (1506330 Gflops/s) - 1371 (1507430 Gflops/s) - 1356 (1490937 Gflops/s) - 1356 (1490937 Gflops/s) - 1357 (1492037 Gflops/s) - 1367 (1503032 Gflops/s) - 1354 (1488738 Gflops/s) - 1358 (1493136 Gflops/s) | Temperatures: 64°C - 67°C - 72°C - 70°C - 66°C - 67°C - 72°C - 71°C | Throttling: None - None - None - None - None - None - None - None
1369 (1505231 Gflops/s) - 1370 (1506330 Gflops/s) - 1355 (1489838 Gflops/s) - 1356 (1490937 Gflops/s) - 1356 (1490937 Gflops/s) - 1365 (1500833 Gflops/s) - 1355 (1489838 Gflops/s) - 1357 (1492037 Gflops/s) | Temperatures: 64°C - 67°C - 72°C - 70°C - 66°C - 67°C - 72°C - 71°C | Throttling: None - None - None - None - None - None - None - None
1370 (1506330 Gflops/s) - 1371 (1507430 Gflops/s) - 1357 (1492037 Gflops/s) - 1356 (1490937 Gflops/s) - 1356 (1490937 Gflops/s) - 1369 (1505231 Gflops/s) - 1355 (1489838 Gflops/s) - 1359 (1494236 Gflops/s) | Temperatures: 64°C - 67°C - 72°C - 70°C - 66°C - 67°C - 72°C - 71°C | Throttling: None - None - None - None - None - None - None - None
1368 (1504131 Gflops/s) - 1369 (1505231 Gflops/s) - 1354 (1488738 Gflops/s) - 1355 (1489838 Gflops/s) - 1356 (1490937 Gflops/s) - 1364 (1499733 Gflops/s) - 1353 (1487639 Gflops/s) - 1356 (1490937 Gflops/s) | Temperatures: 64°C - 67°C - 72°C - 70°C - 66°C - 67°C - 72°C - 71°C | Throttling: None - None - None - None - None - None - None - None
1370 (1506330 Gflops/s) - 1371 (1507430 Gflops/s) - 1355 (1489838 Gflops/s) - 1356 (1490937 Gflops/s) - 1356 (1490937 Gflops/s) - 1365 (1500833 Gflops/s) - 1355 (1489838 Gflops/s) - 1357 (1492037 Gflops/s) | Temperatures: 64°C - 67°C - 72°C - 70°C - 66°C - 67°C - 72°C - 71°C | Throttling: None - None - None - None - None - None - None - None
1369 (1505231 Gflops/s) - 1369 (1505231 Gflops/s) - 1356 (1490937 Gflops/s) - 1356 (1490937 Gflops/s) - 1356 (1490937 Gflops/s) - 1367 (1503032 Gflops/s) - 1354 (1488738 Gflops/s) - 1358 (1493136 Gflops/s) | Temperatures: 64°C - 67°C - 72°C - 70°C - 66°C - 67°C - 72°C - 71°C | Throttling: None - None - None - None - None - None - None - None
1370 (1506330 Gflops/s) - 1371 (1507430 Gflops/s) - 1356 (1490937 Gflops/s) - 1356 (1490937 Gflops/s) - 1357 (1492037 Gflops/s) - 1366 (1501932 Gflops/s) - 1355 (1489838 Gflops/s) - 1358 (1493136 Gflops/s) | Temperatures: 64°C - 67°C - 72°C - 70°C - 66°C - 67°C - 72°C - 71°C | Throttling: None - None - None - None - None - None - None - None
1369 (1505231 Gflops/s) - 1371 (1507430 Gflops/s) - 1355 (1489838 Gflops/s) - 1355 (1489838 Gflops/s) - 1356 (1490937 Gflops/s) - 1368 (1504131 Gflops/s) - 1354 (1488738 Gflops/s) - 1357 (1492037 Gflops/s) | Temperatures: 64°C - 67°C - 72°C - 70°C - 66°C - 67°C - 72°C - 71°C | Throttling: None - None - None - None - None - None - None - None
1368 (1504131 Gflops/s) - 1368 (1504131 Gflops/s) - 1356 (1490937 Gflops/s) - 1355 (1489838 Gflops/s) - 1356 (1490937 Gflops/s) - 1367 (1503032 Gflops/s) - 1354 (1488738 Gflops/s) - 1357 (1492037 Gflops/s) | Temperatures: 64°C - 67°C - 72°C - 70°C - 66°C - 67°C - 72°C - 71°C | Throttling: None - None - None - None - None - None - None - None
1370 (1506330 Gflops/s) - 1370 (1506330 Gflops/s) - 1356 (1490937 Gflops/s) - 1355 (1489838 Gflops/s) - 1356 (1490937 Gflops/s) - 1368 (1504131 Gflops/s) - 1355 (1489838 Gflops/s) - 1358 (1493136 Gflops/s) | Temperatures: 64°C - 67°C - 72°C - 70°C - 66°C - 67°C - 72°C - 71°C | Throttling: None - None - None - None - None - None - None - None
1370 (1506330 Gflops/s) - 1371 (1507430 Gflops/s) - 1356 (1490937 Gflops/s) - 1357 (1492037 Gflops/s) - 1356 (1490937 Gflops/s) - 1368 (1504131 Gflops/s) - 1354 (1488738 Gflops/s) - 1359 (1494236 Gflops/s) | Temperatures: 64°C - 67°C - 72°C - 70°C - 66°C - 67°C - 72°C - 71°C | Throttling: None - None - None - None - None - None - None - None
1369 (1505231 Gflops/s) - 1370 (1506330 Gflops/s) - 1356 (1490937 Gflops/s) - 1355 (1489838 Gflops/s) - 1356 (1490937 Gflops/s) - 1369 (1505231 Gflops/s) - 1355 (1489838 Gflops/s) - 1357 (1492037 Gflops/s) | Temperatures: 64°C - 67°C - 72°C - 70°C - 66°C - 67°C - 72°C - 71°C | Throttling: None - None - None - None - None - None - None - None
1370 (1506330 Gflops/s) - 1370 (1506330 Gflops/s) - 1356 (1490937 Gflops/s) - 1357 (1492037 Gflops/s) - 1357 (1492037 Gflops/s) - 1366 (1501932 Gflops/s) - 1354 (1488738 Gflops/s) - 1357 (1492037 Gflops/s) | Temperatures: 64°C - 67°C - 72°C - 70°C - 66°C - 67°C - 72°C - 71°C | Throttling: None - None - None - None - None - None - None - None
1368 (1504131 Gflops/s) - 1368 (1504131 Gflops/s) - 1354 (1488738 Gflops/s) - 1353 (1487639 Gflops/s) - 1355 (1489838 Gflops/s) - 1366 (1501932 Gflops/s) - 1354 (1488738 Gflops/s) - 1357 (1492037 Gflops/s) | Temperatures: 64°C - 67°C - 72°C - 70°C - 66°C - 67°C - 72°C - 71°C | Throttling: None - None - None - None - None - None - None - None
1371 (1507430 Gflops/s) - 1372 (1508529 Gflops/s) - 1357 (1492037 Gflops/s) - 1357 (1492037 Gflops/s) - 1358 (1493136 Gflops/s) - 1369 (1505231 Gflops/s) - 1356 (1490937 Gflops/s) - 1359 (1494236 Gflops/s) | Temperatures: 64°C - 67°C - 72°C - 70°C - 66°C - 67°C - 72°C - 71°C | Throttling: None - None - None - None - None - None - None - None
1368 (1504131 Gflops/s) - 1369 (1505231 Gflops/s) - 1354 (1488738 Gflops/s) - 1354 (1488738 Gflops/s) - 1355 (1489838 Gflops/s) - 1366 (1501932 Gflops/s) - 1352 (1486539 Gflops/s) - 1357 (1492037 Gflops/s) | Temperatures: 64°C - 67°C - 72°C - 70°C - 66°C - 67°C - 72°C - 71°C | Throttling: None - None - None - None - None - None - None - None
1370 (1506330 Gflops/s) - 1371 (1507430 Gflops/s) - 1356 (1490937 Gflops/s) - 1355 (1489838 Gflops/s) - 1356 (1490937 Gflops/s) - 1369 (1505231 Gflops/s) - 1355 (1489838 Gflops/s) - 1358 (1493136 Gflops/s) | Temperatures: 64°C - 67°C - 72°C - 70°C - 66°C - 67°C - 72°C - 71°C | Throttling: None - None - None - None - None - None - None - None
1368 (1504131 Gflops/s) - 1368 (1504131 Gflops/s) - 1355 (1489838 Gflops/s) - 1355 (1489838 Gflops/s) - 1355 (1489838 Gflops/s) - 1366 (1501932 Gflops/s) - 1353 (1487639 Gflops/s) - 1355 (1489838 Gflops/s) | Temperatures: 64°C - 67°C - 72°C - 70°C - 66°C - 67°C - 72°C - 71°C | Throttling: None - None - None - None - None - None - None - None
1370 (1506330 Gflops/s) - 1370 (1506330 Gflops/s) - 1355 (1489838 Gflops/s) - 1355 (1489838 Gflops/s) - 1357 (1492037 Gflops/s) - 1367 (1503032 Gflops/s) - 1355 (1489838 Gflops/s) - 1359 (1494236 Gflops/s) | Temperatures: 64°C - 67°C - 72°C - 70°C - 66°C - 67°C - 72°C - 71°C | Throttling: None - None - None - None - None - None - None - None
1369 (1505231 Gflops/s) - 1370 (1506330 Gflops/s) - 1357 (1492037 Gflops/s) - 1355 (1489838 Gflops/s) - 1357 (1492037 Gflops/s) - 1368 (1504131 Gflops/s) - 1355 (1489838 Gflops/s) - 1358 (1493136 Gflops/s) | Temperatures: 64°C - 67°C - 72°C - 70°C - 66°C - 67°C - 72°C - 71°C | Throttling: None - None - None - None - None - None - None - None
1370 (1506330 Gflops/s) - 1370 (1506330 Gflops/s) - 1356 (1490937 Gflops/s) - 1356 (1490937 Gflops/s) - 1357 (1492037 Gflops/s) - 1367 (1503032 Gflops/s) - 1355 (1489838 Gflops/s) - 1358 (1493136 Gflops/s) | Temperatures: 64°C - 67°C - 72°C - 70°C - 66°C - 67°C - 72°C - 71°C | Throttling: None - None - None - None - None - None - None - None
1368 (1504131 Gflops/s) - 1369 (1505231 Gflops/s) - 1354 (1488738 Gflops/s) - 1354 (1488738 Gflops/s) - 1355 (1489838 Gflops/s) - 1365 (1500833 Gflops/s) - 1353 (1487639 Gflops/s) - 1356 (1490937 Gflops/s) | Temperatures: 64°C - 67°C - 72°C - 70°C - 66°C - 67°C - 72°C - 71°C | Throttling: None - None - None - None - None - None - None - None
1371 (1507430 Gflops/s) - 1371 (1507430 Gflops/s) - 1357 (1492037 Gflops/s) - 1357 (1492037 Gflops/s) - 1358 (1493136 Gflops/s) - 1366 (1501932 Gflops/s) - 1356 (1490937 Gflops/s) - 1358 (1493136 Gflops/s) | Temperatures: 64°C - 67°C - 72°C - 70°C - 66°C - 67°C - 72°C - 71°C | Throttling: None - None - None - None - None - None - None - None
1368 (1504131 Gflops/s) - 1368 (1504131 Gflops/s) - 1355 (1489838 Gflops/s) - 1354 (1488738 Gflops/s) - 1355 (1489838 Gflops/s) - 1367 (1503032 Gflops/s) - 1353 (1487639 Gflops/s) - 1357 (1492037 Gflops/s) | Temperatures: 64°C - 67°C - 72°C - 70°C - 66°C - 67°C - 72°C - 71°C | Throttling: None - None - None - None - None - None - None - None
1370 (1506330 Gflops/s) - 1371 (1507430 Gflops/s) - 1357 (1492037 Gflops/s) - 1355 (1489838 Gflops/s) - 1357 (1492037 Gflops/s) - 1366 (1501932 Gflops/s) - 1355 (1489838 Gflops/s) - 1359 (1494236 Gflops/s) | Temperatures: 64°C - 67°C - 72°C - 70°C - 66°C - 67°C - 72°C - 71°C | Throttling: None - None - None - None - None - None - None - None
1369 (1505231 Gflops/s) - 1370 (1506330 Gflops/s) - 1356 (1490937 Gflops/s) - 1356 (1490937 Gflops/s) - 1357 (1492037 Gflops/s) - 1367 (1503032 Gflops/s) - 1354 (1488738 Gflops/s) - 1357 (1492037 Gflops/s) | Temperatures: 64°C - 67°C - 72°C - 70°C - 66°C - 67°C - 72°C - 71°C | Throttling: None - None - None - None - None - None - None - None
1371 (1507430 Gflops/s) - 1369 (1505231 Gflops/s) - 1354 (1488738 Gflops/s) - 1354 (1488738 Gflops/s) - 1356 (1490937 Gflops/s) - 1368 (1504131 Gflops/s) - 1354 (1488738 Gflops/s) - 1357 (1492037 Gflops/s) | Temperatures: 65°C - 67°C - 72°C - 70°C - 66°C - 67°C - 72°C - 71°C | Throttling: None - None - None - None - None - None - None - None
1371 (1507430 Gflops/s) - 1370 (1506330 Gflops/s) - 1356 (1490937 Gflops/s) - 1355 (1489838 Gflops/s) - 1356 (1490937 Gflops/s) - 1365 (1500833 Gflops/s) - 1355 (1489838 Gflops/s) - 1358 (1493136 Gflops/s) | Temperatures: 64°C - 67°C - 72°C - 70°C - 66°C - 67°C - 72°C - 71°C | Throttling: None - None - None - None - None - None - None - None
1371 (1507430 Gflops/s) - 1370 (1506330 Gflops/s) - 1356 (1490937 Gflops/s) - 1356 (1490937 Gflops/s) - 1357 (1492037 Gflops/s) - 1369 (1505231 Gflops/s) - 1354 (1488738 Gflops/s) - 1357 (1492037 Gflops/s) | Temperatures: 65°C - 67°C - 72°C - 70°C - 66°C - 67°C - 72°C - 71°C | Throttling: None - None - None - None - None - None - None - None
1371 (1507430 Gflops/s) - 1371 (1507430 Gflops/s) - 1356 (1490937 Gflops/s) - 1356 (1490937 Gflops/s) - 1358 (1493136 Gflops/s) - 1364 (1499733 Gflops/s) - 1355 (1489838 Gflops/s) - 1358 (1493136 Gflops/s) | Temperatures: 64°C - 67°C - 72°C - 70°C - 66°C - 67°C - 72°C - 71°C | Throttling: None - None - None - None - None - None - None - None
1372 (1508529 Gflops/s) - 1369 (1505231 Gflops/s) - 1355 (1489838 Gflops/s) - 1356 (1490937 Gflops/s) - 1356 (1490937 Gflops/s) - 1369 (1505231 Gflops/s) - 1354 (1488738 Gflops/s) - 1357 (1492037 Gflops/s) | Temperatures: 65°C - 67°C - 72°C - 70°C - 66°C - 67°C - 72°C - 71°C | Throttling: None - None - None - None - None - None - None - None
1369 (1505231 Gflops/s) - 1369 (1505231 Gflops/s) - 1355 (1489838 Gflops/s) - 1355 (1489838 Gflops/s) - 1356 (1490937 Gflops/s) - 1368 (1504131 Gflops/s) - 1353 (1487639 Gflops/s) - 1357 (1492037 Gflops/s) | Temperatures: 65°C - 67°C - 72°C - 70°C - 66°C - 67°C - 72°C - 71°C | Throttling: None - None - None - None - None - None - None - None
1372 (1508529 Gflops/s) - 1370 (1506330 Gflops/s) - 1357 (1492037 Gflops/s) - 1357 (1492037 Gflops/s) - 1357 (1492037 Gflops/s) - 1371 (1507430 Gflops/s) - 1353 (1487639 Gflops/s) - 1358 (1493136 Gflops/s) | Temperatures: 65°C - 66°C - 72°C - 70°C - 66°C - 67°C - 72°C - 71°C | Throttling: None - None - None - None - None - None - None - None
1371 (1507430 Gflops/s) - 1370 (1506330 Gflops/s) - 1356 (1490937 Gflops/s) - 1355 (1489838 Gflops/s) - 1357 (1492037 Gflops/s) - 1365 (1500833 Gflops/s) - 1355 (1489838 Gflops/s) - 1356 (1490937 Gflops/s) | Temperatures: 65°C - 67°C - 72°C - 70°C - 66°C - 67°C - 72°C - 71°C | Throttling: None - None - None - None - None - None - None - None
1371 (1507430 Gflops/s) - 1370 (1506330 Gflops/s) - 1356 (1490937 Gflops/s) - 1356 (1490937 Gflops/s) - 1356 (1490937 Gflops/s) - 1369 (1505231 Gflops/s) - 1354 (1488738 Gflops/s) - 1358 (1493136 Gflops/s) | Temperatures: 65°C - 67°C - 72°C - 70°C - 66°C - 67°C - 72°C - 71°C | Throttling: None - None - None - None - None - None - None - None
1370 (1506330 Gflops/s) - 1369 (1505231 Gflops/s) - 1355 (1489838 Gflops/s) - 1355 (1489838 Gflops/s) - 1355 (1489838 Gflops/s) - 1364 (1499733 Gflops/s) - 1353 (1487639 Gflops/s) - 1356 (1490937 Gflops/s) | Temperatures: 65°C - 67°C - 72°C - 70°C - 66°C - 67°C - 72°C - 71°C | Throttling: None - None - None - None - None - None - None - None
1371 (1507430 Gflops/s) - 1371 (1507430 Gflops/s) - 1356 (1490937 Gflops/s) - 1356 (1490937 Gflops/s) - 1357 (1492037 Gflops/s) - 1368 (1504131 Gflops/s) - 1355 (1489838 Gflops/s) - 1358 (1493136 Gflops/s) | Temperatures: 65°C - 67°C - 72°C - 70°C - 66°C - 67°C - 72°C - 71°C | Throttling: None - None - None - None - None - None - None - None
1371 (1507430 Gflops/s) - 1370 (1506330 Gflops/s) - 1356 (1490937 Gflops/s) - 1355 (1489838 Gflops/s) - 1357 (1492037 Gflops/s) - 1369 (1505231 Gflops/s) - 1355 (1489838 Gflops/s) - 1358 (1493136 Gflops/s) | Temperatures: 64°C - 67°C - 72°C - 70°C - 66°C - 67°C - 72°C - 71°C | Throttling: None - None - None - None - None - None - None - None
1372 (1508529 Gflops/s) - 1370 (1506330 Gflops/s) - 1355 (1489838 Gflops/s) - 1356 (1490937 Gflops/s) - 1356 (1490937 Gflops/s) - 1369 (1505231 Gflops/s) - 1354 (1488738 Gflops/s) - 1357 (1492037 Gflops/s) | Temperatures: 64°C - 67°C - 72°C - 70°C - 66°C - 67°C - 72°C - 71°C | Throttling: None - None - None - None - None - None - None - None
1371 (1507430 Gflops/s) - 1369 (1505231 Gflops/s) - 1355 (1489838 Gflops/s) - 1354 (1488738 Gflops/s) - 1356 (1490937 Gflops/s) - 1364 (1499733 Gflops/s) - 1354 (1488738 Gflops/s) - 1357 (1492037 Gflops/s) | Temperatures: 65°C - 67°C - 72°C - 70°C - 66°C - 67°C - 72°C - 71°C | Throttling: None - None - None - None - None - None - None - None
1371 (1507430 Gflops/s) - 1371 (1507430 Gflops/s) - 1356 (1490937 Gflops/s) - 1356 (1490937 Gflops/s) - 1356 (1490937 Gflops/s) - 1369 (1505231 Gflops/s) - 1354 (1488738 Gflops/s) - 1357 (1492037 Gflops/s) | Temperatures: 65°C - 66°C - 72°C - 70°C - 66°C - 67°C - 72°C - 71°C | Throttling: None - None - None - None - None - None - None - None
1372 (1508529 Gflops/s) - 1370 (1506330 Gflops/s) - 1356 (1490937 Gflops/s) - 1355 (1489838 Gflops/s) - 1357 (1492037 Gflops/s) - 1371 (1507430 Gflops/s) - 1355 (1489838 Gflops/s) - 1359 (1494236 Gflops/s) | Temperatures: 65°C - 67°C - 72°C - 70°C - 66°C - 67°C - 72°C - 71°C | Throttling: None - None - None - None - None - None - None - None
1371 (1507430 Gflops/s) - 1371 (1507430 Gflops/s) - 1357 (1492037 Gflops/s) - 1356 (1490937 Gflops/s) - 1356 (1490937 Gflops/s) - 1368 (1504131 Gflops/s) - 1355 (1489838 Gflops/s) - 1358 (1493136 Gflops/s) | Temperatures: 65°C - 67°C - 72°C - 70°C - 66°C - 67°C - 72°C - 71°C | Throttling: None - None - None - None - None - None - None - None
1371 (1507430 Gflops/s) - 1370 (1506330 Gflops/s) - 1357 (1492037 Gflops/s) - 1355 (1489838 Gflops/s) - 1357 (1492037 Gflops/s) - 1365 (1500833 Gflops/s) - 1355 (1489838 Gflops/s) - 1357 (1492037 Gflops/s) | Temperatures: 65°C - 66°C - 72°C - 70°C - 66°C - 67°C - 72°C - 71°C | Throttling: None - None - None - None - None - None - None - None
1371 (1507430 Gflops/s) - 1369 (1505231 Gflops/s) - 1355 (1489838 Gflops/s) - 1355 (1489838 Gflops/s) - 1355 (1489838 Gflops/s) - 1368 (1504131 Gflops/s) - 1353 (1487639 Gflops/s) - 1356 (1490937 Gflops/s) | Temperatures: 65°C - 67°C - 72°C - 70°C - 66°C - 67°C - 72°C - 71°C | Throttling: None - None - None - None - None - None - None - None
1371 (1507430 Gflops/s) - 1371 (1507430 Gflops/s) - 1355 (1489838 Gflops/s) - 1356 (1490937 Gflops/s) - 1357 (1492037 Gflops/s) - 1367 (1503032 Gflops/s) - 1355 (1489838 Gflops/s) - 1358 (1493136 Gflops/s) | Temperatures: 65°C - 66°C - 72°C - 70°C - 66°C - 67°C - 72°C - 71°C | Throttling: None - None - None - None - None - None - None - None
1371 (1507430 Gflops/s) - 1370 (1506330 Gflops/s) - 1356 (1490937 Gflops/s) - 1355 (1489838 Gflops/s) - 1356 (1490937 Gflops/s) - 1367 (1503032 Gflops/s) - 1355 (1489838 Gflops/s) - 1357 (1492037 Gflops/s) | Temperatures: 65°C - 67°C - 72°C - 70°C - 66°C - 67°C - 72°C - 71°C | Throttling: None - None - None - None - None - None - None - None
1371 (1507430 Gflops/s) - 1370 (1506330 Gflops/s) - 1356 (1490937 Gflops/s) - 1355 (1489838 Gflops/s) - 1357 (1492037 Gflops/s) - 1368 (1504131 Gflops/s) - 1355 (1489838 Gflops/s) - 1358 (1493136 Gflops/s) | Temperatures: 65°C - 66°C - 72°C - 70°C - 66°C - 67°C - 72°C - 71°C | Throttling: None - None - None - None - None - None - None - None
1370 (1506330 Gflops/s) - 1369 (1505231 Gflops/s) - 1355 (1489838 Gflops/s) - 1354 (1488738 Gflops/s) - 1355 (1489838 Gflops/s) - 1368 (1504131 Gflops/s) - 1354 (1488738 Gflops/s) - 1356 (1490937 Gflops/s) | Temperatures: 65°C - 67°C - 72°C - 70°C - 66°C - 67°C - 72°C - 71°C | Throttling: None - None - None - None - None - None - None - None
1371 (1507430 Gflops/s) - 1371 (1507430 Gflops/s) - 1355 (1489838 Gflops/s) - 1355 (1489838 Gflops/s) - 1356 (1490937 Gflops/s) - 1365 (1500833 Gflops/s) - 1354 (1488738 Gflops/s) - 1358 (1493136 Gflops/s) | Temperatures: 65°C - 66°C - 72°C - 70°C - 66°C - 66°C - 72°C - 71°C | Throttling: None - None - None - None - None - None - None - None
1371 (1507430 Gflops/s) - 1371 (1507430 Gflops/s) - 1356 (1490937 Gflops/s) - 1355 (1489838 Gflops/s) - 1357 (1492037 Gflops/s) - 1368 (1504131 Gflops/s) - 1355 (1489838 Gflops/s) - 1357 (1492037 Gflops/s) | Temperatures: 65°C - 66°C - 72°C - 70°C - 66°C - 67°C - 72°C - 71°C | Throttling: None - None - None - None - None - None - None - None
1371 (1507430 Gflops/s) - 1370 (1506330 Gflops/s) - 1356 (1490937 Gflops/s) - 1358 (1493136 Gflops/s) - 1357 (1492037 Gflops/s) - 1369 (1505231 Gflops/s) - 1355 (1489838 Gflops/s) - 1358 (1493136 Gflops/s) | Temperatures: 65°C - 67°C - 72°C - 70°C - 66°C - 67°C - 72°C - 71°C | Throttling: None - None - None - None - None - None - None - None
1371 (1507430 Gflops/s) - 1371 (1507430 Gflops/s) - 1356 (1490937 Gflops/s) - 1356 (1490937 Gflops/s) - 1356 (1490937 Gflops/s) - 1366 (1501932 Gflops/s) - 1355 (1489838 Gflops/s) - 1358 (1493136 Gflops/s) | Temperatures: 65°C - 67°C - 72°C - 70°C - 66°C - 67°C - 72°C - 71°C | Throttling: None - None - None - None - None - None - None - None
1369 (1505231 Gflops/s) - 1369 (1505231 Gflops/s) - 1355 (1489838 Gflops/s) - 1351 (1485440 Gflops/s) - 1356 (1490937 Gflops/s) - 1369 (1505231 Gflops/s) - 1353 (1487639 Gflops/s) - 1355 (1489838 Gflops/s) | Temperatures: 65°C - 67°C - 72°C - 70°C - 66°C - 67°C - 72°C - 71°C | Throttling: None - None - None - None - None - None - None - None
1373 (1509629 Gflops/s) - 1371 (1507430 Gflops/s) - 1357 (1492037 Gflops/s) - 1361 (1496435 Gflops/s) - 1357 (1492037 Gflops/s) - 1368 (1504131 Gflops/s) - 1357 (1492037 Gflops/s) - 1360 (1495335 Gflops/s) | Temperatures: 65°C - 67°C - 72°C - 70°C - 66°C - 67°C - 72°C - 71°C | Throttling: None - None - None - None - None - None - None - None
1369 (1505231 Gflops/s) - 1369 (1505231 Gflops/s) - 1353 (1487639 Gflops/s) - 1352 (1486539 Gflops/s) - 1356 (1490937 Gflops/s) - 1367 (1503032 Gflops/s) - 1354 (1488738 Gflops/s) - 1357 (1492037 Gflops/s) | Temperatures: 65°C - 67°C - 72°C - 70°C - 66°C - 67°C - 72°C - 71°C | Throttling: None - None - None - None - None - None - None - None
1371 (1507430 Gflops/s) - 1370 (1506330 Gflops/s) - 1355 (1489838 Gflops/s) - 1355 (1489838 Gflops/s) - 1356 (1490937 Gflops/s) - 1366 (1501932 Gflops/s) - 1355 (1489838 Gflops/s) - 1357 (1492037 Gflops/s) | Temperatures: 65°C - 67°C - 72°C - 70°C - 66°C - 67°C - 72°C - 71°C | Throttling: None - None - None - None - None - None - None - None
1368 (1504131 Gflops/s) - 1369 (1505231 Gflops/s) - 1354 (1488738 Gflops/s) - 1355 (1489838 Gflops/s) - 1354 (1488738 Gflops/s) - 1367 (1503032 Gflops/s) - 1353 (1487639 Gflops/s) - 1356 (1490937 Gflops/s) | Temperatures: 64°C - 67°C - 72°C - 71°C - 66°C - 67°C - 72°C - 71°C | Throttling: None - None - None - None - None - None - None - None
1369 (1505231 Gflops/s) - 1370 (1506330 Gflops/s) - 1356 (1490937 Gflops/s) - 1355 (1489838 Gflops/s) - 1356 (1490937 Gflops/s) - 1367 (1503032 Gflops/s) - 1355 (1489838 Gflops/s) - 1358 (1493136 Gflops/s) | Temperatures: 64°C - 67°C - 72°C - 70°C - 66°C - 67°C - 72°C - 71°C | Throttling: None - None - None - None - None - None - None - None
1370 (1506330 Gflops/s) - 1369 (1505231 Gflops/s) - 1355 (1489838 Gflops/s) - 1354 (1488738 Gflops/s) - 1356 (1490937 Gflops/s) - 1368 (1504131 Gflops/s) - 1356 (1490937 Gflops/s) - 1357 (1492037 Gflops/s) | Temperatures: 64°C - 67°C - 72°C - 71°C - 66°C - 67°C - 72°C - 71°C | Throttling: None - None - None - None - None - None - None - None
1369 (1505231 Gflops/s) - 1370 (1506330 Gflops/s) - 1355 (1489838 Gflops/s) - 1355 (1489838 Gflops/s) - 1356 (1490937 Gflops/s) - 1367 (1503032 Gflops/s) - 1354 (1488738 Gflops/s) - 1358 (1493136 Gflops/s) | Temperatures: 65°C - 67°C - 72°C - 70°C - 66°C - 67°C - 72°C - 71°C | Throttling: None - None - None - None - None - None - None - None
1369 (1505231 Gflops/s) - 1370 (1506330 Gflops/s) - 1357 (1492037 Gflops/s) - 1354 (1488738 Gflops/s) - 1356 (1490937 Gflops/s) - 1364 (1499733 Gflops/s) - 1355 (1489838 Gflops/s) - 1357 (1492037 Gflops/s) | Temperatures: 65°C - 67°C - 72°C - 71°C - 66°C - 67°C - 72°C - 71°C | Throttling: None - None - None - None - None - None - None - None
1370 (1506330 Gflops/s) - 1370 (1506330 Gflops/s) - 1356 (1490937 Gflops/s) - 1355 (1489838 Gflops/s) - 1355 (1489838 Gflops/s) - 1368 (1504131 Gflops/s) - 1355 (1489838 Gflops/s) - 1358 (1493136 Gflops/s) | Temperatures: 65°C - 67°C - 72°C - 71°C - 66°C - 67°C - 72°C - 71°C | Throttling: None - None - None - None - None - None - None - None
1367 (1503032 Gflops/s) - 1368 (1504131 Gflops/s) - 1353 (1487639 Gflops/s) - 1355 (1489838 Gflops/s) - 1355 (1489838 Gflops/s) - 1364 (1499733 Gflops/s) - 1354 (1488738 Gflops/s) - 1355 (1489838 Gflops/s) | Temperatures: 65°C - 67°C - 72°C - 70°C - 66°C - 67°C - 72°C - 71°C | Throttling: None - None - None - None - None - None - None - None
1370 (1506330 Gflops/s) - 1369 (1505231 Gflops/s) - 1356 (1490937 Gflops/s) - 1355 (1489838 Gflops/s) - 1355 (1489838 Gflops/s) - 1367 (1503032 Gflops/s) - 1355 (1489838 Gflops/s) - 1358 (1493136 Gflops/s) | Temperatures: 65°C - 67°C - 72°C - 71°C - 66°C - 67°C - 72°C - 71°C | Throttling: None - None - None - None - None - None - None - None
1369 (1505231 Gflops/s) - 1371 (1507430 Gflops/s) - 1355 (1489838 Gflops/s) - 1354 (1488738 Gflops/s) - 1356 (1490937 Gflops/s) - 1366 (1501932 Gflops/s) - 1354 (1488738 Gflops/s) - 1358 (1493136 Gflops/s) | Temperatures: 65°C - 67°C - 72°C - 71°C - 66°C - 67°C - 72°C - 71°C | Throttling: None - None - None - None - None - None - None - None
1368 (1504131 Gflops/s) - 1368 (1504131 Gflops/s) - 1355 (1489838 Gflops/s) - 1354 (1488738 Gflops/s) - 1355 (1489838 Gflops/s) - 1365 (1500833 Gflops/s) - 1353 (1487639 Gflops/s) - 1356 (1490937 Gflops/s) | Temperatures: 65°C - 67°C - 72°C - 71°C - 66°C - 67°C - 72°C - 71°C | Throttling: None - None - None - None - None - None - None - None
1370 (1506330 Gflops/s) - 1370 (1506330 Gflops/s) - 1355 (1489838 Gflops/s) - 1354 (1488738 Gflops/s) - 1356 (1490937 Gflops/s) - 1366 (1501932 Gflops/s) - 1355 (1489838 Gflops/s) - 1358 (1493136 Gflops/s) | Temperatures: 65°C - 67°C - 72°C - 71°C - 66°C - 67°C - 72°C - 71°C | Throttling: None - None - None - None - None - None - None - None
1370 (1506330 Gflops/s) - 1370 (1506330 Gflops/s) - 1357 (1492037 Gflops/s) - 1355 (1489838 Gflops/s) - 1356 (1490937 Gflops/s) - 1369 (1505231 Gflops/s) - 1354 (1488738 Gflops/s) - 1357 (1492037 Gflops/s) | Temperatures: 65°C - 67°C - 72°C - 71°C - 66°C - 67°C - 72°C - 71°C | Throttling: None - None - None - None - None - None - None - None
1369 (1505231 Gflops/s) - 1370 (1506330 Gflops/s) - 1355 (1489838 Gflops/s) - 1354 (1488738 Gflops/s) - 1356 (1490937 Gflops/s) - 1366 (1501932 Gflops/s) - 1354 (1488738 Gflops/s) - 1357 (1492037 Gflops/s) | Temperatures: 65°C - 67°C - 72°C - 71°C - 66°C - 67°C - 72°C - 71°C | Throttling: None - None - None - None - None - None - None - None
1370 (1506330 Gflops/s) - 1370 (1506330 Gflops/s) - 1356 (1490937 Gflops/s) - 1355 (1489838 Gflops/s) - 1356 (1490937 Gflops/s) - 1365 (1500833 Gflops/s) - 1355 (1489838 Gflops/s) - 1357 (1492037 Gflops/s) | Temperatures: 65°C - 67°C - 72°C - 71°C - 66°C - 67°C - 72°C - 71°C | Throttling: None - None - None - None - None - None - None - None
1368 (1504131 Gflops/s) - 1369 (1505231 Gflops/s) - 1354 (1488738 Gflops/s) - 1353 (1487639 Gflops/s) - 1354 (1488738 Gflops/s) - 1366 (1501932 Gflops/s) - 1354 (1488738 Gflops/s) - 1356 (1490937 Gflops/s) | Temperatures: 65°C - 67°C - 72°C - 71°C - 66°C - 67°C - 72°C - 71°C | Throttling: None - None - None - None - None - None - None - None
1369 (1505231 Gflops/s) - 1371 (1507430 Gflops/s) - 1356 (1490937 Gflops/s) - 1355 (1489838 Gflops/s) - 1356 (1490937 Gflops/s) - 1367 (1503032 Gflops/s) - 1354 (1488738 Gflops/s) - 1357 (1492037 Gflops/s) | Temperatures: 65°C - 67°C - 72°C - 71°C - 66°C - 67°C - 72°C - 71°C | Throttling: None - None - None - None - None - None - None - None
1370 (1506330 Gflops/s) - 1369 (1505231 Gflops/s) - 1354 (1488738 Gflops/s) - 1355 (1489838 Gflops/s) - 1356 (1490937 Gflops/s) - 1368 (1504131 Gflops/s) - 1354 (1488738 Gflops/s) - 1358 (1493136 Gflops/s) | Temperatures: 65°C - 67°C - 72°C - 71°C - 66°C - 67°C - 72°C - 71°C | Throttling: None - None - None - None - None - None - None - None
1369 (1505231 Gflops/s) - 1371 (1507430 Gflops/s) - 1355 (1489838 Gflops/s) - 1354 (1488738 Gflops/s) - 1356 (1490937 Gflops/s) - 1367 (1503032 Gflops/s) - 1355 (1489838 Gflops/s) - 1357 (1492037 Gflops/s) | Temperatures: 65°C - 67°C - 72°C - 71°C - 66°C - 67°C - 72°C - 72°C | Throttling: None - None - None - None - None - None - None - None
1368 (1504131 Gflops/s) - 1368 (1504131 Gflops/s) - 1354 (1488738 Gflops/s) - 1354 (1488738 Gflops/s) - 1355 (1489838 Gflops/s) - 1367 (1503032 Gflops/s) - 1353 (1487639 Gflops/s) - 1355 (1489838 Gflops/s) | Temperatures: 65°C - 67°C - 72°C - 71°C - 66°C - 67°C - 72°C - 71°C | Throttling: None - None - None - None - None - None - None - None
1370 (1506330 Gflops/s) - 1370 (1506330 Gflops/s) - 1356 (1490937 Gflops/s) - 1355 (1489838 Gflops/s) - 1355 (1489838 Gflops/s) - 1368 (1504131 Gflops/s) - 1354 (1488738 Gflops/s) - 1358 (1493136 Gflops/s) | Temperatures: 65°C - 67°C - 72°C - 71°C - 66°C - 67°C - 72°C - 71°C | Throttling: None - None - None - None - None - None - None - None
1369 (1505231 Gflops/s) - 1370 (1506330 Gflops/s) - 1355 (1489838 Gflops/s) - 1354 (1488738 Gflops/s) - 1355 (1489838 Gflops/s) - 1369 (1505231 Gflops/s) - 1355 (1489838 Gflops/s) - 1356 (1490937 Gflops/s) | Temperatures: 65°C - 67°C - 72°C - 71°C - 66°C - 67°C - 72°C - 71°C | Throttling: None - None - None - None - None - None - None - None
1370 (1506330 Gflops/s) - 1370 (1506330 Gflops/s) - 1355 (1489838 Gflops/s) - 1355 (1489838 Gflops/s) - 1356 (1490937 Gflops/s) - 1367 (1503032 Gflops/s) - 1354 (1488738 Gflops/s) - 1357 (1492037 Gflops/s) | Temperatures: 65°C - 67°C - 72°C - 71°C - 66°C - 67°C - 72°C - 71°C | Throttling: None - None - None - None - None - None - None - None
1369 (1505231 Gflops/s) - 1369 (1505231 Gflops/s) - 1356 (1490937 Gflops/s) - 1355 (1489838 Gflops/s) - 1356 (1490937 Gflops/s) - 1367 (1503032 Gflops/s) - 1354 (1488738 Gflops/s) - 1357 (1492037 Gflops/s) | Temperatures: 65°C - 67°C - 72°C - 71°C - 66°C - 67°C - 72°C - 71°C | Throttling: None - None - None - None - None - None - None - None
1369 (1505231 Gflops/s) - 1368 (1504131 Gflops/s) - 1353 (1487639 Gflops/s) - 1357 (1492037 Gflops/s) - 1354 (1488738 Gflops/s) - 1366 (1501932 Gflops/s) - 1353 (1487639 Gflops/s) - 1356 (1490937 Gflops/s) | Temperatures: 65°C - 67°C - 72°C - 71°C - 66°C - 67°C - 73°C - 72°C | Throttling: None - None - None - None - None - None - None - None
1369 (1505231 Gflops/s) - 1371 (1507430 Gflops/s) - 1354 (1488738 Gflops/s) - 1355 (1489838 Gflops/s) - 1356 (1490937 Gflops/s) - 1366 (1501932 Gflops/s) - 1355 (1489838 Gflops/s) - 1358 (1493136 Gflops/s) | Temperatures: 65°C - 67°C - 72°C - 71°C - 66°C - 67°C - 73°C - 72°C | Throttling: None - None - None - None - None - None - None - None
1370 (1506330 Gflops/s) - 1369 (1505231 Gflops/s) - 1355 (1489838 Gflops/s) - 1355 (1489838 Gflops/s) - 1356 (1490937 Gflops/s) - 1365 (1500833 Gflops/s) - 1354 (1488738 Gflops/s) - 1357 (1492037 Gflops/s) | Temperatures: 65°C - 67°C - 72°C - 71°C - 66°C - 67°C - 73°C - 72°C | Throttling: None - None - None - None - None - None - None - None
1369 (1505231 Gflops/s) - 1369 (1505231 Gflops/s) - 1354 (1488738 Gflops/s) - 1355 (1489838 Gflops/s) - 1356 (1490937 Gflops/s) - 1366 (1501932 Gflops/s) - 1354 (1488738 Gflops/s) - 1357 (1492037 Gflops/s) | Temperatures: 65°C - 67°C - 72°C - 71°C - 66°C - 67°C - 73°C - 71°C | Throttling: None - None - None - None - None - None - None - None
1369 (1505231 Gflops/s) - 1369 (1505231 Gflops/s) - 1355 (1489838 Gflops/s) - 1353 (1487639 Gflops/s) - 1355 (1489838 Gflops/s) - 1365 (1500833 Gflops/s) - 1353 (1487639 Gflops/s) - 1355 (1489838 Gflops/s) | Temperatures: 65°C - 67°C - 72°C - 71°C - 66°C - 67°C - 73°C - 72°C | Throttling: None - None - None - None - None - None - None - None
1369 (1505231 Gflops/s) - 1370 (1506330 Gflops/s) - 1355 (1489838 Gflops/s) - 1355 (1489838 Gflops/s) - 1357 (1492037 Gflops/s) - 1366 (1501932 Gflops/s) - 1355 (1489838 Gflops/s) - 1358 (1493136 Gflops/s) | Temperatures: 65°C - 67°C - 72°C - 71°C - 66°C - 67°C - 73°C - 72°C | Throttling: None - None - None - None - None - None - None - None
1371 (1507430 Gflops/s) - 1369 (1505231 Gflops/s) - 1356 (1490937 Gflops/s) - 1355 (1489838 Gflops/s) - 1359 (1494236 Gflops/s) - 1369 (1505231 Gflops/s) - 1354 (1488738 Gflops/s) - 1358 (1493136 Gflops/s) | Temperatures: 65°C - 67°C - 72°C - 71°C - 66°C - 67°C - 73°C - 72°C | Throttling: None - None - None - None - None - None - None - None
1368 (1504131 Gflops/s) - 1369 (1505231 Gflops/s) - 1355 (1489838 Gflops/s) - 1354 (1488738 Gflops/s) - 1354 (1488738 Gflops/s) - 1365 (1500833 Gflops/s) - 1353 (1487639 Gflops/s) - 1355 (1489838 Gflops/s) | Temperatures: 65°C - 67°C - 72°C - 71°C - 66°C - 67°C - 73°C - 71°C | Throttling: None - None - None - None - None - None - None - None
1370 (1506330 Gflops/s) - 1370 (1506330 Gflops/s) - 1356 (1490937 Gflops/s) - 1354 (1488738 Gflops/s) - 1356 (1490937 Gflops/s) - 1367 (1503032 Gflops/s) - 1354 (1488738 Gflops/s) - 1357 (1492037 Gflops/s) | Temperatures: 65°C - 67°C - 72°C - 71°C - 66°C - 67°C - 73°C - 72°C | Throttling: None - None - None - None - None - None - None - None
1369 (1505231 Gflops/s) - 1367 (1503032 Gflops/s) - 1352 (1486539 Gflops/s) - 1353 (1487639 Gflops/s) - 1355 (1489838 Gflops/s) - 1364 (1499733 Gflops/s) - 1352 (1486539 Gflops/s) - 1355 (1489838 Gflops/s) | Temperatures: 65°C - 67°C - 72°C - 71°C - 66°C - 67°C - 73°C - 72°C | Throttling: None - None - None - None - None - None - None - None
1369 (1505231 Gflops/s) - 1370 (1506330 Gflops/s) - 1355 (1489838 Gflops/s) - 1355 (1489838 Gflops/s) - 1356 (1490937 Gflops/s) - 1364 (1499733 Gflops/s) - 1355 (1489838 Gflops/s) - 1356 (1490937 Gflops/s) | Temperatures: 65°C - 67°C - 72°C - 71°C - 66°C - 67°C - 73°C - 72°C | Throttling: None - None - None - None - None - None - None - None
1370 (1506330 Gflops/s) - 1369 (1505231 Gflops/s) - 1355 (1489838 Gflops/s) - 1354 (1488738 Gflops/s) - 1355 (1489838 Gflops/s) - 1365 (1500833 Gflops/s) - 1355 (1489838 Gflops/s) - 1357 (1492037 Gflops/s) | Temperatures: 65°C - 67°C - 72°C - 71°C - 66°C - 67°C - 73°C - 71°C | Throttling: None - None - None - None - None - None - None - None
1370 (1506330 Gflops/s) - 1369 (1505231 Gflops/s) - 1355 (1489838 Gflops/s) - 1355 (1489838 Gflops/s) - 1357 (1492037 Gflops/s) - 1368 (1504131 Gflops/s) - 1353 (1487639 Gflops/s) - 1357 (1492037 Gflops/s) | Temperatures: 65°C - 67°C - 72°C - 71°C - 66°C - 67°C - 73°C - 72°C | Throttling: None - None - None - None - None - None - None - None
1368 (1504131 Gflops/s) - 1368 (1504131 Gflops/s) - 1353 (1487639 Gflops/s) - 1353 (1487639 Gflops/s) - 1355 (1489838 Gflops/s) - 1365 (1500833 Gflops/s) - 1353 (1487639 Gflops/s) - 1356 (1490937 Gflops/s) | Temperatures: 65°C - 67°C - 72°C - 71°C - 66°C - 67°C - 73°C - 72°C | Throttling: None - None - None - None - None - None - None - None
1371 (1507430 Gflops/s) - 1371 (1507430 Gflops/s) - 1357 (1492037 Gflops/s) - 1355 (1489838 Gflops/s) - 1357 (1492037 Gflops/s) - 1369 (1505231 Gflops/s) - 1356 (1490937 Gflops/s) - 1359 (1494236 Gflops/s) | Temperatures: 65°C - 67°C - 72°C - 71°C - 66°C - 67°C - 73°C - 72°C | Throttling: None - None - None - None - None - None - None - None
1369 (1505231 Gflops/s) - 1367 (1503032 Gflops/s) - 1352 (1486539 Gflops/s) - 1353 (1487639 Gflops/s) - 1354 (1488738 Gflops/s) - 1365 (1500833 Gflops/s) - 1353 (1487639 Gflops/s) - 1355 (1489838 Gflops/s) | Temperatures: 65°C - 67°C - 72°C - 71°C - 66°C - 67°C - 73°C - 72°C | Throttling: None - None - None - None - None - None - None - None
1369 (1505231 Gflops/s) - 1370 (1506330 Gflops/s) - 1356 (1490937 Gflops/s) - 1355 (1489838 Gflops/s) - 1356 (1490937 Gflops/s) - 1367 (1503032 Gflops/s) - 1354 (1488738 Gflops/s) - 1356 (1490937 Gflops/s) | Temperatures: 65°C - 67°C - 72°C - 71°C - 66°C - 67°C - 73°C - 72°C | Throttling: None - None - None - None - None - None - None - None
1370 (1506330 Gflops/s) - 1370 (1506330 Gflops/s) - 1354 (1488738 Gflops/s) - 1355 (1489838 Gflops/s) - 1355 (1489838 Gflops/s) - 1368 (1504131 Gflops/s) - 1355 (1489838 Gflops/s) - 1357 (1492037 Gflops/s) | Temperatures: 65°C - 67°C - 72°C - 71°C - 66°C - 67°C - 73°C - 72°C | Throttling: None - None - None - None - None - None - None - None
1369 (1505231 Gflops/s) - 1368 (1504131 Gflops/s) - 1353 (1487639 Gflops/s) - 1354 (1488738 Gflops/s) - 1354 (1488738 Gflops/s) - 1366 (1501932 Gflops/s) - 1352 (1486539 Gflops/s) - 1355 (1489838 Gflops/s) | Temperatures: 65°C - 67°C - 72°C - 71°C - 66°C - 67°C - 73°C - 72°C | Throttling: None - None - None - None - None - None - None - None
1370 (1506330 Gflops/s) - 1370 (1506330 Gflops/s) - 1356 (1490937 Gflops/s) - 1355 (1489838 Gflops/s) - 1356 (1490937 Gflops/s) - 1367 (1503032 Gflops/s) - 1355 (1489838 Gflops/s) - 1356 (1490937 Gflops/s) | Temperatures: 65°C - 67°C - 72°C - 71°C - 66°C - 67°C - 73°C - 72°C | Throttling: None - None - None - None - None - None - None - None
1370 (1506330 Gflops/s) - 1369 (1505231 Gflops/s) - 1355 (1489838 Gflops/s) - 1355 (1489838 Gflops/s) - 1356 (1490937 Gflops/s) - 1366 (1501932 Gflops/s) - 1354 (1488738 Gflops/s) - 1357 (1492037 Gflops/s) | Temperatures: 65°C - 67°C - 72°C - 71°C - 66°C - 67°C - 73°C - 72°C | Throttling: None - None - None - None - None - None - None - None
1369 (1505231 Gflops/s) - 1370 (1506330 Gflops/s) - 1355 (1489838 Gflops/s) - 1354 (1488738 Gflops/s) - 1356 (1490937 Gflops/s) - 1364 (1499733 Gflops/s) - 1354 (1488738 Gflops/s) - 1356 (1490937 Gflops/s) | Temperatures: 65°C - 67°C - 72°C - 71°C - 66°C - 67°C - 73°C - 72°C | Throttling: None - None - None - None - None - None - None - None
1370 (1506330 Gflops/s) - 1368 (1504131 Gflops/s) - 1354 (1488738 Gflops/s) - 1355 (1489838 Gflops/s) - 1356 (1490937 Gflops/s) - 1365 (1500833 Gflops/s) - 1354 (1488738 Gflops/s) - 1357 (1492037 Gflops/s) | Temperatures: 65°C - 67°C - 72°C - 71°C - 66°C - 67°C - 73°C - 72°C | Throttling: None - None - None - None - None - None - None - None
1368 (1504131 Gflops/s) - 1368 (1504131 Gflops/s) - 1353 (1487639 Gflops/s) - 1353 (1487639 Gflops/s) - 1355 (1489838 Gflops/s) - 1367 (1503032 Gflops/s) - 1353 (1487639 Gflops/s) - 1355 (1489838 Gflops/s) | Temperatures: 65°C - 67°C - 72°C - 71°C - 66°C - 67°C - 73°C - 72°C | Throttling: None - None - None - None - None - None - None - None
1370 (1506330 Gflops/s) - 1369 (1505231 Gflops/s) - 1355 (1489838 Gflops/s) - 1353 (1487639 Gflops/s) - 1356 (1490937 Gflops/s) - 1365 (1500833 Gflops/s) - 1353 (1487639 Gflops/s) - 1356 (1490937 Gflops/s) | Temperatures: 65°C - 67°C - 72°C - 71°C - 66°C - 67°C - 73°C - 72°C | Throttling: None - None - None - None - None - None - None - None
1370 (1506330 Gflops/s) - 1369 (1505231 Gflops/s) - 1354 (1488738 Gflops/s) - 1355 (1489838 Gflops/s) - 1356 (1490937 Gflops/s) - 1366 (1501932 Gflops/s) - 1354 (1488738 Gflops/s) - 1357 (1492037 Gflops/s) | Temperatures: 65°C - 67°C - 72°C - 71°C - 66°C - 67°C - 73°C - 72°C | Throttling: None - None - None - None - None - None - None - None
1369 (1505231 Gflops/s) - 1368 (1504131 Gflops/s) - 1355 (1489838 Gflops/s) - 1355 (1489838 Gflops/s) - 1356 (1490937 Gflops/s) - 1367 (1503032 Gflops/s) - 1354 (1488738 Gflops/s) - 1356 (1490937 Gflops/s) | Temperatures: 65°C - 67°C - 72°C - 71°C - 66°C - 67°C - 73°C - 72°C | Throttling: None - None - None - None - None - None - None - None
1369 (1505231 Gflops/s) - 1368 (1504131 Gflops/s) - 1354 (1488738 Gflops/s) - 1354 (1488738 Gflops/s) - 1355 (1489838 Gflops/s) - 1366 (1501932 Gflops/s) - 1353 (1487639 Gflops/s) - 1356 (1490937 Gflops/s) | Temperatures: 65°C - 67°C - 72°C - 71°C - 66°C - 67°C - 73°C - 72°C | Throttling: None - None - None - None - None - None - None - None
1370 (1506330 Gflops/s) - 1369 (1505231 Gflops/s) - 1355 (1489838 Gflops/s) - 1354 (1488738 Gflops/s) - 1355 (1489838 Gflops/s) - 1366 (1501932 Gflops/s) - 1353 (1487639 Gflops/s) - 1356 (1490937 Gflops/s) | Temperatures: 65°C - 67°C - 72°C - 71°C - 66°C - 67°C - 73°C - 72°C | Throttling: None - None - None - None - None - None - None - None
1369 (1505231 Gflops/s) - 1369 (1505231 Gflops/s) - 1354 (1488738 Gflops/s) - 1356 (1490937 Gflops/s) - 1355 (1489838 Gflops/s) - 1366 (1501932 Gflops/s) - 1355 (1489838 Gflops/s) - 1357 (1492037 Gflops/s) | Temperatures: 65°C - 67°C - 72°C - 71°C - 66°C - 67°C - 73°C - 72°C | Throttling: None - None - None - None - None - None - None - None
1370 (1506330 Gflops/s) - 1369 (1505231 Gflops/s) - 1355 (1489838 Gflops/s) - 1355 (1489838 Gflops/s) - 1356 (1490937 Gflops/s) - 1365 (1500833 Gflops/s) - 1353 (1487639 Gflops/s) - 1356 (1490937 Gflops/s) | Temperatures: 65°C - 67°C - 72°C - 71°C - 66°C - 67°C - 73°C - 72°C | Throttling: None - None - None - None - None - None - None - None
1370 (1506330 Gflops/s) - 1370 (1506330 Gflops/s) - 1355 (1489838 Gflops/s) - 1354 (1488738 Gflops/s) - 1356 (1490937 Gflops/s) - 1367 (1503032 Gflops/s) - 1353 (1487639 Gflops/s) - 1357 (1492037 Gflops/s) | Temperatures: 65°C - 67°C - 72°C - 71°C - 66°C - 67°C - 73°C - 72°C | Throttling: None - None - None - None - None - None - None - None
1368 (1504131 Gflops/s) - 1367 (1503032 Gflops/s) - 1352 (1486539 Gflops/s) - 1350 (1484340 Gflops/s) - 1354 (1488738 Gflops/s) - 1366 (1501932 Gflops/s) - 1351 (1485440 Gflops/s) - 1355 (1489838 Gflops/s) | Temperatures: 65°C - 67°C - 72°C - 71°C - 66°C - 67°C - 73°C - 72°C | Throttling: None - None - None - None - None - None - None - None
1370 (1506330 Gflops/s) - 1369 (1505231 Gflops/s) - 1355 (1489838 Gflops/s) - 1355 (1489838 Gflops/s) - 1356 (1490937 Gflops/s) - 1365 (1500833 Gflops/s) - 1355 (1489838 Gflops/s) - 1357 (1492037 Gflops/s) | Temperatures: 65°C - 67°C - 72°C - 71°C - 66°C - 67°C - 73°C - 72°C | Throttling: None - None - None - None - None - None - None - None
1370 (1506330 Gflops/s) - 1370 (1506330 Gflops/s) - 1354 (1488738 Gflops/s) - 1352 (1486539 Gflops/s) - 1357 (1492037 Gflops/s) - 1368 (1504131 Gflops/s) - 1354 (1488738 Gflops/s) - 1357 (1492037 Gflops/s) | Temperatures: 65°C - 67°C - 72°C - 71°C - 66°C - 67°C - 73°C - 72°C | Throttling: None - None - None - None - None - None - None - None
1370 (1506330 Gflops/s) - 1369 (1505231 Gflops/s) - 1353 (1487639 Gflops/s) - 1353 (1487639 Gflops/s) - 1356 (1490937 Gflops/s) - 1367 (1503032 Gflops/s) - 1354 (1488738 Gflops/s) - 1356 (1490937 Gflops/s) | Temperatures: 65°C - 67°C - 73°C - 71°C - 66°C - 67°C - 73°C - 72°C | Throttling: None - None - None - None - None - None - None - None
1368 (1504131 Gflops/s) - 1368 (1504131 Gflops/s) - 1353 (1487639 Gflops/s) - 1355 (1489838 Gflops/s) - 1355 (1489838 Gflops/s) - 1366 (1501932 Gflops/s) - 1351 (1485440 Gflops/s) - 1355 (1489838 Gflops/s) | Temperatures: 65°C - 67°C - 72°C - 71°C - 66°C - 67°C - 73°C - 72°C | Throttling: None - None - None - None - None - None - None - None
1370 (1506330 Gflops/s) - 1368 (1504131 Gflops/s) - 1354 (1488738 Gflops/s) - 1353 (1487639 Gflops/s) - 1356 (1490937 Gflops/s) - 1368 (1504131 Gflops/s) - 1354 (1488738 Gflops/s) - 1357 (1492037 Gflops/s) | Temperatures: 65°C - 67°C - 73°C - 71°C - 66°C - 67°C - 73°C - 72°C | Throttling: None - None - None - None - None - None - None - None
1370 (1506330 Gflops/s) - 1371 (1507430 Gflops/s) - 1355 (1489838 Gflops/s) - 1355 (1489838 Gflops/s) - 1357 (1492037 Gflops/s) - 1368 (1504131 Gflops/s) - 1356 (1490937 Gflops/s) - 1358 (1493136 Gflops/s) | Temperatures: 65°C - 67°C - 72°C - 71°C - 66°C - 67°C - 73°C - 72°C | Throttling: None - None - None - None - None - None - None - None
1368 (1504131 Gflops/s) - 1368 (1504131 Gflops/s) - 1353 (1487639 Gflops/s) - 1353 (1487639 Gflops/s) - 1355 (1489838 Gflops/s) - 1365 (1500833 Gflops/s) - 1353 (1487639 Gflops/s) - 1355 (1489838 Gflops/s) | Temperatures: 65°C - 67°C - 72°C - 71°C - 66°C - 67°C - 73°C - 72°C | Throttling: None - None - None - None - None - None - None - None
1370 (1506330 Gflops/s) - 1369 (1505231 Gflops/s) - 1355 (1489838 Gflops/s) - 1355 (1489838 Gflops/s) - 1356 (1490937 Gflops/s) - 1367 (1503032 Gflops/s) - 1354 (1488738 Gflops/s) - 1356 (1490937 Gflops/s) | Temperatures: 65°C - 67°C - 72°C - 71°C - 66°C - 67°C - 73°C - 72°C | Throttling: None - None - None - None - None - None - None - None
1368 (1504131 Gflops/s) - 1368 (1504131 Gflops/s) - 1353 (1487639 Gflops/s) - 1356 (1490937 Gflops/s) - 1355 (1489838 Gflops/s) - 1365 (1500833 Gflops/s) - 1352 (1486539 Gflops/s) - 1354 (1488738 Gflops/s) | Temperatures: 65°C - 67°C - 72°C - 71°C - 66°C - 67°C - 73°C - 72°C | Throttling: None - None - None - None - None - None - None - None
1370 (1506330 Gflops/s) - 1370 (1506330 Gflops/s) - 1354 (1488738 Gflops/s) - 1355 (1489838 Gflops/s) - 1356 (1490937 Gflops/s) - 1366 (1501932 Gflops/s) - 1354 (1488738 Gflops/s) - 1357 (1492037 Gflops/s) | Temperatures: 65°C - 67°C - 73°C - 71°C - 66°C - 67°C - 73°C - 72°C | Throttling: None - None - None - None - None - None - None - None
1370 (1506330 Gflops/s) - 1369 (1505231 Gflops/s) - 1355 (1489838 Gflops/s) - 1354 (1488738 Gflops/s) - 1356 (1490937 Gflops/s) - 1368 (1504131 Gflops/s) - 1353 (1487639 Gflops/s) - 1357 (1492037 Gflops/s) | Temperatures: 65°C - 67°C - 73°C - 71°C - 66°C - 67°C - 73°C - 72°C | Throttling: None - None - None - None - None - None - None - None
1369 (1505231 Gflops/s) - 1369 (1505231 Gflops/s) - 1354 (1488738 Gflops/s) - 1354 (1488738 Gflops/s) - 1356 (1490937 Gflops/s) - 1365 (1500833 Gflops/s) - 1354 (1488738 Gflops/s) - 1357 (1492037 Gflops/s) | Temperatures: 65°C - 67°C - 73°C - 71°C - 66°C - 67°C - 73°C - 72°C | Throttling: None - None - None - None - None - None - None - None
1368 (1504131 Gflops/s) - 1366 (1501932 Gflops/s) - 1354 (1488738 Gflops/s) - 1353 (1487639 Gflops/s) - 1354 (1488738 Gflops/s) - 1365 (1500833 Gflops/s) - 1352 (1486539 Gflops/s) - 1355 (1489838 Gflops/s) | Temperatures: 65°C - 67°C - 73°C - 71°C - 66°C - 67°C - 73°C - 72°C | Throttling: None - None - None - None - None - None - None - None
1371 (1507430 Gflops/s) - 1371 (1507430 Gflops/s) - 1356 (1490937 Gflops/s) - 1356 (1490937 Gflops/s) - 1357 (1492037 Gflops/s) - 1369 (1505231 Gflops/s) - 1355 (1489838 Gflops/s) - 1358 (1493136 Gflops/s) | Temperatures: 65°C - 67°C - 72°C - 71°C - 66°C - 67°C - 73°C - 72°C | Throttling: None - None - None - None - None - None - None - None
1368 (1504131 Gflops/s) - 1368 (1504131 Gflops/s) - 1353 (1487639 Gflops/s) - 1353 (1487639 Gflops/s) - 1355 (1489838 Gflops/s) - 1367 (1503032 Gflops/s) - 1352 (1486539 Gflops/s) - 1354 (1488738 Gflops/s) | Temperatures: 65°C - 67°C - 73°C - 71°C - 66°C - 68°C - 73°C - 72°C | Throttling: None - None - None - None - None - None - None - None
1370 (1506330 Gflops/s) - 1369 (1505231 Gflops/s) - 1354 (1488738 Gflops/s) - 1355 (1489838 Gflops/s) - 1356 (1490937 Gflops/s) - 1365 (1500833 Gflops/s) - 1353 (1487639 Gflops/s) - 1357 (1492037 Gflops/s) | Temperatures: 65°C - 67°C - 73°C - 71°C - 66°C - 67°C - 73°C - 72°C | Throttling: None - None - None - None - None - None - None - None
1369 (1505231 Gflops/s) - 1370 (1506330 Gflops/s) - 1354 (1488738 Gflops/s) - 1354 (1488738 Gflops/s) - 1355 (1489838 Gflops/s) - 1366 (1501932 Gflops/s) - 1354 (1488738 Gflops/s) - 1356 (1490937 Gflops/s) | Temperatures: 65°C - 67°C - 72°C - 71°C - 66°C - 67°C - 73°C - 72°C | Throttling: None - None - None - None - None - None - None - None
1369 (1505231 Gflops/s) - 1367 (1503032 Gflops/s) - 1352 (1486539 Gflops/s) - 1353 (1487639 Gflops/s) - 1354 (1488738 Gflops/s) - 1363 (1498634 Gflops/s) - 1352 (1486539 Gflops/s) - 1355 (1489838 Gflops/s) | Temperatures: 65°C - 67°C - 73°C - 71°C - 66°C - 67°C - 73°C - 72°C | Throttling: None - None - None - None - None - None - None - None
1369 (1505231 Gflops/s) - 1369 (1505231 Gflops/s) - 1355 (1489838 Gflops/s) - 1355 (1489838 Gflops/s) - 1356 (1490937 Gflops/s) - 1367 (1503032 Gflops/s) - 1354 (1488738 Gflops/s) - 1357 (1492037 Gflops/s) | Temperatures: 65°C - 67°C - 73°C - 71°C - 66°C - 68°C - 73°C - 72°C | Throttling: None - None - None - None - None - None - None - None
1370 (1506330 Gflops/s) - 1369 (1505231 Gflops/s) - 1354 (1488738 Gflops/s) - 1353 (1487639 Gflops/s) - 1356 (1490937 Gflops/s) - 1364 (1499733 Gflops/s) - 1354 (1488738 Gflops/s) - 1357 (1492037 Gflops/s) | Temperatures: 65°C - 67°C - 73°C - 71°C - 66°C - 67°C - 73°C - 72°C | Throttling: None - None - None - None - None - None - None - None
1370 (1506330 Gflops/s) - 1368 (1504131 Gflops/s) - 1353 (1487639 Gflops/s) - 1355 (1489838 Gflops/s) - 1355 (1489838 Gflops/s) - 1367 (1503032 Gflops/s) - 1354 (1488738 Gflops/s) - 1356 (1490937 Gflops/s) | Temperatures: 65°C - 67°C - 73°C - 71°C - 66°C - 67°C - 73°C - 72°C | Throttling: None - None - None - None - None - None - None - None
1369 (1505231 Gflops/s) - 1369 (1505231 Gflops/s) - 1354 (1488738 Gflops/s) - 1355 (1489838 Gflops/s) - 1357 (1492037 Gflops/s) - 1366 (1501932 Gflops/s) - 1354 (1488738 Gflops/s) - 1355 (1489838 Gflops/s) | Temperatures: 65°C - 67°C - 73°C - 71°C - 66°C - 67°C - 73°C - 72°C | Throttling: None - None - None - None - None - None - None - None
1369 (1505231 Gflops/s) - 1367 (1503032 Gflops/s) - 1353 (1487639 Gflops/s) - 1352 (1486539 Gflops/s) - 1354 (1488738 Gflops/s) - 1366 (1501932 Gflops/s) - 1353 (1487639 Gflops/s) - 1355 (1489838 Gflops/s) | Temperatures: 65°C - 67°C - 73°C - 71°C - 66°C - 67°C - 73°C - 72°C | Throttling: None - None - None - None - None - None - None - None
1369 (1505231 Gflops/s) - 1368 (1504131 Gflops/s) - 1355 (1489838 Gflops/s) - 1355 (1489838 Gflops/s) - 1356 (1490937 Gflops/s) - 1365 (1500833 Gflops/s) - 1353 (1487639 Gflops/s) - 1356 (1490937 Gflops/s) | Temperatures: 65°C - 67°C - 73°C - 71°C - 66°C - 67°C - 73°C - 72°C | Throttling: None - None - None - None - None - None - None - None
1370 (1506330 Gflops/s) - 1369 (1505231 Gflops/s) - 1353 (1487639 Gflops/s) - 1355 (1489838 Gflops/s) - 1356 (1490937 Gflops/s) - 1367 (1503032 Gflops/s) - 1354 (1488738 Gflops/s) - 1356 (1490937 Gflops/s) | Temperatures: 65°C - 67°C - 73°C - 71°C - 66°C - 67°C - 73°C - 72°C | Throttling: None - None - None - None - None - None - None - None
1370 (1506330 Gflops/s) - 1368 (1504131 Gflops/s) - 1355 (1489838 Gflops/s) - 1354 (1488738 Gflops/s) - 1355 (1489838 Gflops/s) - 1363 (1498634 Gflops/s) - 1354 (1488738 Gflops/s) - 1356 (1490937 Gflops/s) | Temperatures: 65°C - 67°C - 73°C - 71°C - 66°C - 67°C - 73°C - 72°C | Throttling: None - None - None - None - None - None - None - None
1368 (1504131 Gflops/s) - 1367 (1503032 Gflops/s) - 1353 (1487639 Gflops/s) - 1353 (1487639 Gflops/s) - 1355 (1489838 Gflops/s) - 1367 (1503032 Gflops/s) - 1352 (1486539 Gflops/s) - 1354 (1488738 Gflops/s) | Temperatures: 65°C - 67°C - 73°C - 71°C - 66°C - 67°C - 73°C - 72°C | Throttling: None - None - None - None - None - None - None - None
1370 (1506330 Gflops/s) - 1369 (1505231 Gflops/s) - 1354 (1488738 Gflops/s) - 1355 (1489838 Gflops/s) - 1355 (1489838 Gflops/s) - 1366 (1501932 Gflops/s) - 1354 (1488738 Gflops/s) - 1356 (1490937 Gflops/s) | Temperatures: 65°C - 67°C - 73°C - 71°C - 66°C - 67°C - 73°C - 72°C | Throttling: None - None - None - None - None - None - None - None
1370 (1506330 Gflops/s) - 1369 (1505231 Gflops/s) - 1353 (1487639 Gflops/s) - 1353 (1487639 Gflops/s) - 1356 (1490937 Gflops/s) - 1366 (1501932 Gflops/s) - 1353 (1487639 Gflops/s) - 1356 (1490937 Gflops/s) | Temperatures: 65°C - 67°C - 73°C - 71°C - 66°C - 67°C - 73°C - 72°C | Throttling: None - None - None - None - None - None - None - None
1370 (1506330 Gflops/s) - 1368 (1504131 Gflops/s) - 1353 (1487639 Gflops/s) - 1354 (1488738 Gflops/s) - 1356 (1490937 Gflops/s) - 1366 (1501932 Gflops/s) - 1353 (1487639 Gflops/s) - 1356 (1490937 Gflops/s) | Temperatures: 65°C - 67°C - 73°C - 71°C - 66°C - 68°C - 73°C - 72°C | Throttling: None - None - None - None - None - None - None - None
1369 (1505231 Gflops/s) - 1368 (1504131 Gflops/s) - 1353 (1487639 Gflops/s) - 1353 (1487639 Gflops/s) - 1354 (1488738 Gflops/s) - 1364 (1499733 Gflops/s) - 1353 (1487639 Gflops/s) - 1354 (1488738 Gflops/s) | Temperatures: 65°C - 67°C - 73°C - 71°C - 66°C - 67°C - 73°C - 72°C | Throttling: None - None - None - None - None - None - None - None
1369 (1505231 Gflops/s) - 1368 (1504131 Gflops/s) - 1354 (1488738 Gflops/s) - 1353 (1487639 Gflops/s) - 1356 (1490937 Gflops/s) - 1366 (1501932 Gflops/s) - 1353 (1487639 Gflops/s) - 1356 (1490937 Gflops/s) | Temperatures: 65°C - 67°C - 73°C - 71°C - 66°C - 67°C - 73°C - 72°C | Throttling: None - None - None - None - None - None - None - None
1370 (1506330 Gflops/s) - 1369 (1505231 Gflops/s) - 1353 (1487639 Gflops/s) - 1354 (1488738 Gflops/s) - 1355 (1489838 Gflops/s) - 1365 (1500833 Gflops/s) - 1352 (1486539 Gflops/s) - 1355 (1489838 Gflops/s) | Temperatures: 65°C - 67°C - 73°C - 71°C - 66°C - 67°C - 73°C - 72°C | Throttling: None - None - None - None - None - None - None - None
1370 (1506330 Gflops/s) - 1367 (1503032 Gflops/s) - 1353 (1487639 Gflops/s) - 1354 (1488738 Gflops/s) - 1356 (1490937 Gflops/s) - 1363 (1498634 Gflops/s) - 1354 (1488738 Gflops/s) - 1356 (1490937 Gflops/s) | Temperatures: 65°C - 67°C - 73°C - 71°C - 66°C - 67°C - 73°C - 72°C | Throttling: None - None - None - None - None - None - None - None
1368 (1504131 Gflops/s) - 1368 (1504131 Gflops/s) - 1352 (1486539 Gflops/s) - 1354 (1488738 Gflops/s) - 1354 (1488738 Gflops/s) - 1368 (1504131 Gflops/s) - 1352 (1486539 Gflops/s) - 1355 (1489838 Gflops/s) | Temperatures: 65°C - 67°C - 73°C - 71°C - 67°C - 68°C - 73°C - 72°C | Throttling: None - None - None - None - None - None - None - None
1369 (1505231 Gflops/s) - 1368 (1504131 Gflops/s) - 1353 (1487639 Gflops/s) - 1354 (1488738 Gflops/s) - 1356 (1490937 Gflops/s) - 1363 (1498634 Gflops/s) - 1352 (1486539 Gflops/s) - 1356 (1490937 Gflops/s) | Temperatures: 65°C - 67°C - 73°C - 71°C - 66°C - 67°C - 73°C - 72°C | Throttling: None - None - None - None - None - None - None - None
1370 (1506330 Gflops/s) - 1369 (1505231 Gflops/s) - 1353 (1487639 Gflops/s) - 1355 (1489838 Gflops/s) - 1355 (1489838 Gflops/s) - 1366 (1501932 Gflops/s) - 1353 (1487639 Gflops/s) - 1355 (1489838 Gflops/s) | Temperatures: 65°C - 67°C - 73°C - 71°C - 66°C - 67°C - 73°C - 72°C | Throttling: None - None - None - None - None - None - None - None
1370 (1506330 Gflops/s) - 1369 (1505231 Gflops/s) - 1354 (1488738 Gflops/s) - 1354 (1488738 Gflops/s) - 1356 (1490937 Gflops/s) - 1365 (1500833 Gflops/s) - 1354 (1488738 Gflops/s) - 1356 (1490937 Gflops/s) | Temperatures: 65°C - 67°C - 73°C - 71°C - 67°C - 67°C - 73°C - 72°C | Throttling: None - None - None - None - None - None - None - None
1369 (1505231 Gflops/s) - 1368 (1504131 Gflops/s) - 1353 (1487639 Gflops/s) - 1355 (1489838 Gflops/s) - 1356 (1490937 Gflops/s) - 1364 (1499733 Gflops/s) - 1353 (1487639 Gflops/s) - 1358 (1493136 Gflops/s) | Temperatures: 65°C - 67°C - 73°C - 71°C - 67°C - 67°C - 73°C - 72°C | Throttling: None - None - None - None - None - None - None - None
1368 (1504131 Gflops/s) - 1368 (1504131 Gflops/s) - 1351 (1485440 Gflops/s) - 1353 (1487639 Gflops/s) - 1354 (1488738 Gflops/s) - 1361 (1496435 Gflops/s) - 1352 (1486539 Gflops/s) - 1354 (1488738 Gflops/s) | Temperatures: 65°C - 67°C - 73°C - 71°C - 66°C - 67°C - 73°C - 72°C | Throttling: None - None - None - None - None - None - None - None
1370 (1506330 Gflops/s) - 1368 (1504131 Gflops/s) - 1355 (1489838 Gflops/s) - 1356 (1490937 Gflops/s) - 1355 (1489838 Gflops/s) - 1364 (1499733 Gflops/s) - 1354 (1488738 Gflops/s) - 1356 (1490937 Gflops/s) | Temperatures: 65°C - 67°C - 73°C - 71°C - 67°C - 67°C - 73°C - 72°C | Throttling: None - None - None - None - None - None - None - None
1369 (1505231 Gflops/s) - 1368 (1504131 Gflops/s) - 1354 (1488738 Gflops/s) - 1355 (1489838 Gflops/s) - 1356 (1490937 Gflops/s) - 1366 (1501932 Gflops/s) - 1353 (1487639 Gflops/s) - 1356 (1490937 Gflops/s) | Temperatures: 65°C - 67°C - 73°C - 71°C - 67°C - 68°C - 73°C - 72°C | Throttling: None - None - None - None - None - None - None - None
1369 (1505231 Gflops/s) - 1368 (1504131 Gflops/s) - 1353 (1487639 Gflops/s) - 1353 (1487639 Gflops/s) - 1355 (1489838 Gflops/s) - 1365 (1500833 Gflops/s) - 1354 (1488738 Gflops/s) - 1357 (1492037 Gflops/s) | Temperatures: 65°C - 67°C - 73°C - 71°C - 66°C - 67°C - 73°C - 72°C | Throttling: None - None - None - None - None - None - None - None
1370 (1506330 Gflops/s) - 1369 (1505231 Gflops/s) - 1354 (1488738 Gflops/s) - 1354 (1488738 Gflops/s) - 1356 (1490937 Gflops/s) - 1364 (1499733 Gflops/s) - 1353 (1487639 Gflops/s) - 1356 (1490937 Gflops/s) | Temperatures: 65°C - 67°C - 73°C - 71°C - 66°C - 68°C - 73°C - 72°C | Throttling: None - None - None - None - None - None - None - None
1369 (1505231 Gflops/s) - 1368 (1504131 Gflops/s) - 1353 (1487639 Gflops/s) - 1354 (1488738 Gflops/s) - 1355 (1489838 Gflops/s) - 1363 (1498634 Gflops/s) - 1353 (1487639 Gflops/s) - 1356 (1490937 Gflops/s) | Temperatures: 65°C - 68°C - 73°C - 71°C - 67°C - 67°C - 73°C - 72°C | Throttling: None - None - None - None - None - None - None - None
1369 (1505231 Gflops/s) - 1369 (1505231 Gflops/s) - 1352 (1486539 Gflops/s) - 1356 (1490937 Gflops/s) - 1356 (1490937 Gflops/s) - 1366 (1501932 Gflops/s) - 1353 (1487639 Gflops/s) - 1357 (1492037 Gflops/s) | Temperatures: 65°C - 67°C - 73°C - 71°C - 67°C - 67°C - 73°C - 72°C | Throttling: None - None - None - None - None - None - None - None
1368 (1504131 Gflops/s) - 1367 (1503032 Gflops/s) - 1352 (1486539 Gflops/s) - 1353 (1487639 Gflops/s) - 1354 (1488738 Gflops/s) - 1364 (1499733 Gflops/s) - 1352 (1486539 Gflops/s) - 1356 (1490937 Gflops/s) | Temperatures: 65°C - 67°C - 73°C - 71°C - 66°C - 67°C - 73°C - 72°C | Throttling: None - None - None - None - None - None - None - None
1370 (1506330 Gflops/s) - 1369 (1505231 Gflops/s) - 1353 (1487639 Gflops/s) - 1355 (1489838 Gflops/s) - 1355 (1489838 Gflops/s) - 1365 (1500833 Gflops/s) - 1354 (1488738 Gflops/s) - 1355 (1489838 Gflops/s) | Temperatures: 65°C - 68°C - 73°C - 71°C - 67°C - 67°C - 73°C - 72°C | Throttling: None - None - None - None - None - None - None - None
1369 (1505231 Gflops/s) - 1369 (1505231 Gflops/s) - 1353 (1487639 Gflops/s) - 1355 (1489838 Gflops/s) - 1355 (1489838 Gflops/s) - 1366 (1501932 Gflops/s) - 1352 (1486539 Gflops/s) - 1357 (1492037 Gflops/s) | Temperatures: 65°C - 68°C - 73°C - 71°C - 66°C - 67°C - 73°C - 72°C | Throttling: None - None - None - None - None - None - None - None
1369 (1505231 Gflops/s) - 1370 (1506330 Gflops/s) - 1353 (1487639 Gflops/s) - 1354 (1488738 Gflops/s) - 1356 (1490937 Gflops/s) - 1364 (1499733 Gflops/s) - 1353 (1487639 Gflops/s) - 1356 (1490937 Gflops/s) | Temperatures: 65°C - 67°C - 73°C - 71°C - 66°C - 67°C - 73°C - 72°C | Throttling: None - None - None - None - None - None - None - None
1368 (1504131 Gflops/s) - 1367 (1503032 Gflops/s) - 1353 (1487639 Gflops/s) - 1354 (1488738 Gflops/s) - 1354 (1488738 Gflops/s) - 1366 (1501932 Gflops/s) - 1352 (1486539 Gflops/s) - 1355 (1489838 Gflops/s) | Temperatures: 65°C - 67°C - 73°C - 71°C - 67°C - 68°C - 73°C - 72°C | Throttling: None - None - None - None - None - None - None - None
1370 (1506330 Gflops/s) - 1369 (1505231 Gflops/s) - 1353 (1487639 Gflops/s) - 1354 (1488738 Gflops/s) - 1355 (1489838 Gflops/s) - 1365 (1500833 Gflops/s) - 1353 (1487639 Gflops/s) - 1356 (1490937 Gflops/s) | Temperatures: 65°C - 67°C - 73°C - 71°C - 67°C - 68°C - 73°C - 72°C | Throttling: None - None - None - None - None - None - None - None
1369 (1505231 Gflops/s) - 1369 (1505231 Gflops/s) - 1354 (1488738 Gflops/s) - 1354 (1488738 Gflops/s) - 1356 (1490937 Gflops/s) - 1365 (1500833 Gflops/s) - 1352 (1486539 Gflops/s) - 1356 (1490937 Gflops/s) | Temperatures: 65°C - 67°C - 73°C - 71°C - 66°C - 67°C - 73°C - 72°C | Throttling: None - None - None - None - None - None - None - None
1370 (1506330 Gflops/s) - 1369 (1505231 Gflops/s) - 1354 (1488738 Gflops/s) - 1354 (1488738 Gflops/s) - 1356 (1490937 Gflops/s) - 1366 (1501932 Gflops/s) - 1352 (1486539 Gflops/s) - 1356 (1490937 Gflops/s) | Temperatures: 65°C - 67°C - 73°C - 71°C - 66°C - 67°C - 73°C - 72°C | Throttling: None - None - None - None - None - None - None - None
1368 (1504131 Gflops/s) - 1368 (1504131 Gflops/s) - 1353 (1487639 Gflops/s) - 1353 (1487639 Gflops/s) - 1355 (1489838 Gflops/s) - 1365 (1500833 Gflops/s) - 1354 (1488738 Gflops/s) - 1355 (1489838 Gflops/s) | Temperatures: 65°C - 67°C - 73°C - 71°C - 66°C - 67°C - 73°C - 72°C | Throttling: None - None - None - None - None - None - None - None
1370 (1506330 Gflops/s) - 1369 (1505231 Gflops/s) - 1354 (1488738 Gflops/s) - 1354 (1488738 Gflops/s) - 1356 (1490937 Gflops/s) - 1366 (1501932 Gflops/s) - 1354 (1488738 Gflops/s) - 1356 (1490937 Gflops/s) | Temperatures: 65°C - 67°C - 73°C - 71°C - 66°C - 67°C - 73°C - 72°C | Throttling: None - None - None - None - None - None - None - None
1369 (1505231 Gflops/s) - 1370 (1506330 Gflops/s) - 1353 (1487639 Gflops/s) - 1354 (1488738 Gflops/s) - 1355 (1489838 Gflops/s) - 1364 (1499733 Gflops/s) - 1354 (1488738 Gflops/s) - 1357 (1492037 Gflops/s) | Temperatures: 65°C - 67°C - 73°C - 71°C - 66°C - 67°C - 73°C - 72°C | Throttling: None - None - None - None - None - None - None - None
1370 (1506330 Gflops/s) - 1368 (1504131 Gflops/s) - 1353 (1487639 Gflops/s) - 1355 (1489838 Gflops/s) - 1357 (1492037 Gflops/s) - 1366 (1501932 Gflops/s) - 1355 (1489838 Gflops/s) - 1357 (1492037 Gflops/s) | Temperatures: 65°C - 67°C - 73°C - 71°C - 66°C - 67°C - 73°C - 72°C | Throttling: None - None - None - None - None - None - None - None
1369 (1505231 Gflops/s) - 1370 (1506330 Gflops/s) - 1354 (1488738 Gflops/s) - 1354 (1488738 Gflops/s) - 1355 (1489838 Gflops/s) - 1366 (1501932 Gflops/s) - 1354 (1488738 Gflops/s) - 1357 (1492037 Gflops/s) | Temperatures: 65°C - 67°C - 72°C - 71°C - 66°C - 67°C - 73°C - 72°C | Throttling: None - None - None - None - None - None - None - None
1369 (1505231 Gflops/s) - 1367 (1503032 Gflops/s) - 1352 (1486539 Gflops/s) - 1354 (1488738 Gflops/s) - 1355 (1489838 Gflops/s) - 1364 (1499733 Gflops/s) - 1352 (1486539 Gflops/s) - 1355 (1489838 Gflops/s) | Temperatures: 65°C - 67°C - 73°C - 71°C - 66°C - 67°C - 73°C - 72°C | Throttling: None - None - None - None - None - None - None - None
1369 (1505231 Gflops/s) - 1370 (1506330 Gflops/s) - 1354 (1488738 Gflops/s) - 1354 (1488738 Gflops/s) - 1357 (1492037 Gflops/s) - 1362 (1497534 Gflops/s) - 1355 (1489838 Gflops/s) - 1358 (1493136 Gflops/s) | Temperatures: 65°C - 67°C - 73°C - 71°C - 66°C - 67°C - 73°C - 72°C | Throttling: None - None - None - None - None - None - None - None
1370 (1506330 Gflops/s) - 1368 (1504131 Gflops/s) - 1353 (1487639 Gflops/s) - 1355 (1489838 Gflops/s) - 1355 (1489838 Gflops/s) - 1367 (1503032 Gflops/s) - 1353 (1487639 Gflops/s) - 1357 (1492037 Gflops/s) | Temperatures: 65°C - 67°C - 73°C - 71°C - 66°C - 67°C - 73°C - 72°C | Throttling: None - None - None - None - None - None - None - None
1369 (1505231 Gflops/s) - 1370 (1506330 Gflops/s) - 1354 (1488738 Gflops/s) - 1355 (1489838 Gflops/s) - 1356 (1490937 Gflops/s) - 1363 (1498634 Gflops/s) - 1354 (1488738 Gflops/s) - 1356 (1490937 Gflops/s) | Temperatures: 65°C - 67°C - 73°C - 71°C - 66°C - 67°C - 73°C - 72°C | Throttling: None - None - None - None - None - None - None - None
1368 (1504131 Gflops/s) - 1367 (1503032 Gflops/s) - 1353 (1487639 Gflops/s) - 1353 (1487639 Gflops/s) - 1355 (1489838 Gflops/s) - 1365 (1500833 Gflops/s) - 1352 (1486539 Gflops/s) - 1354 (1488738 Gflops/s) | Temperatures: 65°C - 67°C - 73°C - 71°C - 66°C - 67°C - 73°C - 72°C | Throttling: None - None - None - None - None - None - None - None
1370 (1506330 Gflops/s) - 1369 (1505231 Gflops/s) - 1354 (1488738 Gflops/s) - 1355 (1489838 Gflops/s) - 1354 (1488738 Gflops/s) - 1364 (1499733 Gflops/s) - 1354 (1488738 Gflops/s) - 1357 (1492037 Gflops/s) | Temperatures: 65°C - 67°C - 73°C - 71°C - 66°C - 67°C - 73°C - 72°C | Throttling: None - None - None - None - None - None - None - None
1369 (1505231 Gflops/s) - 1369 (1505231 Gflops/s) - 1355 (1489838 Gflops/s) - 1355 (1489838 Gflops/s) - 1357 (1492037 Gflops/s) - 1365 (1500833 Gflops/s) - 1353 (1487639 Gflops/s) - 1357 (1492037 Gflops/s) | Temperatures: 65°C - 67°C - 72°C - 71°C - 66°C - 67°C - 73°C - 72°C | Throttling: None - None - None - None - None - None - None - None
1370 (1506330 Gflops/s) - 1369 (1505231 Gflops/s) - 1355 (1489838 Gflops/s) - 1354 (1488738 Gflops/s) - 1356 (1490937 Gflops/s) - 1365 (1500833 Gflops/s) - 1354 (1488738 Gflops/s) - 1357 (1492037 Gflops/s) | Temperatures: 65°C - 67°C - 72°C - 71°C - 66°C - 67°C - 73°C - 72°C | Throttling: None - None - None - None - None - None - None - None
1370 (1506330 Gflops/s) - 1369 (1505231 Gflops/s) - 1352 (1486539 Gflops/s) - 1354 (1488738 Gflops/s) - 1355 (1489838 Gflops/s) - 1363 (1498634 Gflops/s) - 1353 (1487639 Gflops/s) - 1357 (1492037 Gflops/s) | Temperatures: 65°C - 67°C - 73°C - 71°C - 66°C - 67°C - 73°C - 72°C | Throttling: None - None - None - None - None - None - None - None
1368 (1504131 Gflops/s) - 1368 (1504131 Gflops/s) - 1353 (1487639 Gflops/s) - 1353 (1487639 Gflops/s) - 1355 (1489838 Gflops/s) - 1365 (1500833 Gflops/s) - 1353 (1487639 Gflops/s) - 1355 (1489838 Gflops/s) | Temperatures: 65°C - 67°C - 72°C - 71°C - 66°C - 67°C - 73°C - 72°C | Throttling: None - None - None - None - None - None - None - None
1371 (1507430 Gflops/s) - 1370 (1506330 Gflops/s) - 1354 (1488738 Gflops/s) - 1356 (1490937 Gflops/s) - 1357 (1492037 Gflops/s) - 1369 (1505231 Gflops/s) - 1354 (1488738 Gflops/s) - 1359 (1494236 Gflops/s) | Temperatures: 65°C - 67°C - 73°C - 71°C - 66°C - 67°C - 73°C - 72°C | Throttling: None - None - None - None - None - None - None - None
1368 (1504131 Gflops/s) - 1367 (1503032 Gflops/s) - 1352 (1486539 Gflops/s) - 1353 (1487639 Gflops/s) - 1354 (1488738 Gflops/s) - 1365 (1500833 Gflops/s) - 1352 (1486539 Gflops/s) - 1356 (1490937 Gflops/s) | Temperatures: 65°C - 67°C - 72°C - 71°C - 66°C - 67°C - 73°C - 72°C | Throttling: None - None - None - None - None - None - None - None
1369 (1505231 Gflops/s) - 1368 (1504131 Gflops/s) - 1355 (1489838 Gflops/s) - 1355 (1489838 Gflops/s) - 1356 (1490937 Gflops/s) - 1368 (1504131 Gflops/s) - 1353 (1487639 Gflops/s) - 1358 (1493136 Gflops/s) | Temperatures: 65°C - 67°C - 72°C - 71°C - 66°C - 67°C - 73°C - 72°C | Throttling: None - None - None - None - None - None - None - None
1370 (1506330 Gflops/s) - 1369 (1505231 Gflops/s) - 1353 (1487639 Gflops/s) - 1356 (1490937 Gflops/s) - 1356 (1490937 Gflops/s) - 1366 (1501932 Gflops/s) - 1354 (1488738 Gflops/s) - 1356 (1490937 Gflops/s) | Temperatures: 65°C - 67°C - 72°C - 71°C - 66°C - 67°C - 73°C - 72°C | Throttling: None - None - None - None - None - None - None - None
1368 (1504131 Gflops/s) - 1367 (1503032 Gflops/s) - 1351 (1485440 Gflops/s) - 1353 (1487639 Gflops/s) - 1355 (1489838 Gflops/s) - 1364 (1499733 Gflops/s) - 1352 (1486539 Gflops/s) - 1355 (1489838 Gflops/s) | Temperatures: 65°C - 67°C - 72°C - 71°C - 66°C - 67°C - 73°C - 72°C | Throttling: None - None - None - None - None - None - None - None
1370 (1506330 Gflops/s) - 1370 (1506330 Gflops/s) - 1354 (1488738 Gflops/s) - 1355 (1489838 Gflops/s) - 1356 (1490937 Gflops/s) - 1363 (1498634 Gflops/s) - 1354 (1488738 Gflops/s) - 1358 (1493136 Gflops/s) | Temperatures: 65°C - 67°C - 72°C - 71°C - 66°C - 67°C - 73°C - 72°C | Throttling: None - None - None - None - None - None - None - None
1369 (1505231 Gflops/s) - 1368 (1504131 Gflops/s) - 1353 (1487639 Gflops/s) - 1355 (1489838 Gflops/s) - 1357 (1492037 Gflops/s) - 1369 (1505231 Gflops/s) - 1353 (1487639 Gflops/s) - 1357 (1492037 Gflops/s) | Temperatures: 65°C - 67°C - 72°C - 71°C - 66°C - 67°C - 73°C - 72°C | Throttling: None - None - None - None - None - None - None - None
1369 (1505231 Gflops/s) - 1368 (1504131 Gflops/s) - 1354 (1488738 Gflops/s) - 1355 (1489838 Gflops/s) - 1356 (1490937 Gflops/s) - 1366 (1501932 Gflops/s) - 1353 (1487639 Gflops/s) - 1356 (1490937 Gflops/s) | Temperatures: 65°C - 67°C - 72°C - 71°C - 66°C - 67°C - 73°C - 72°C | Throttling: None - None - None - None - None - None - None - None
1370 (1506330 Gflops/s) - 1369 (1505231 Gflops/s) - 1354 (1488738 Gflops/s) - 1355 (1489838 Gflops/s) - 1356 (1490937 Gflops/s) - 1366 (1501932 Gflops/s) - 1353 (1487639 Gflops/s) - 1357 (1492037 Gflops/s) | Temperatures: 65°C - 67°C - 73°C - 71°C - 66°C - 67°C - 73°C - 72°C | Throttling: None - None - None - None - None - None - None - None
1368 (1504131 Gflops/s) - 1368 (1504131 Gflops/s) - 1351 (1485440 Gflops/s) - 1353 (1487639 Gflops/s) - 1355 (1489838 Gflops/s) - 1364 (1499733 Gflops/s) - 1352 (1486539 Gflops/s) - 1356 (1490937 Gflops/s) | Temperatures: 65°C - 67°C - 73°C - 71°C - 66°C - 67°C - 73°C - 72°C | Throttling: None - None - None - None - None - None - None - None
1369 (1505231 Gflops/s) - 1368 (1504131 Gflops/s) - 1354 (1488738 Gflops/s) - 1355 (1489838 Gflops/s) - 1356 (1490937 Gflops/s) - 1364 (1499733 Gflops/s) - 1353 (1487639 Gflops/s) - 1356 (1490937 Gflops/s) | Temperatures: 65°C - 67°C - 73°C - 71°C - 66°C - 67°C - 73°C - 72°C | Throttling: None - None - None - None - None - None - None - None
1370 (1506330 Gflops/s) - 1369 (1505231 Gflops/s) - 1354 (1488738 Gflops/s) - 1355 (1489838 Gflops/s) - 1356 (1490937 Gflops/s) - 1366 (1501932 Gflops/s) - 1353 (1487639 Gflops/s) - 1357 (1492037 Gflops/s) | Temperatures: 65°C - 67°C - 72°C - 71°C - 66°C - 67°C - 73°C - 72°C | Throttling: None - None - None - None - None - None - None - None
1369 (1505231 Gflops/s) - 1370 (1506330 Gflops/s) - 1353 (1487639 Gflops/s) - 1355 (1489838 Gflops/s) - 1355 (1489838 Gflops/s) - 1368 (1504131 Gflops/s) - 1354 (1488738 Gflops/s) - 1357 (1492037 Gflops/s) | Temperatures: 65°C - 67°C - 72°C - 71°C - 66°C - 67°C - 73°C - 72°C | Throttling: None - None - None - None - None - None - None - None
1369 (1505231 Gflops/s) - 1366 (1501932 Gflops/s) - 1352 (1486539 Gflops/s) - 1353 (1487639 Gflops/s) - 1356 (1490937 Gflops/s) - 1364 (1499733 Gflops/s) - 1352 (1486539 Gflops/s) - 1355 (1489838 Gflops/s) | Temperatures: 65°C - 67°C - 72°C - 71°C - 66°C - 67°C - 73°C - 72°C | Throttling: None - None - None - None - None - None - None - None
1369 (1505231 Gflops/s) - 1369 (1505231 Gflops/s) - 1355 (1489838 Gflops/s) - 1355 (1489838 Gflops/s) - 1356 (1490937 Gflops/s) - 1365 (1500833 Gflops/s) - 1354 (1488738 Gflops/s) - 1359 (1494236 Gflops/s) | Temperatures: 65°C - 67°C - 72°C - 71°C - 66°C - 67°C - 73°C - 72°C | Throttling: None - None - None - None - None - None - None - None
1370 (1506330 Gflops/s) - 1368 (1504131 Gflops/s) - 1353 (1487639 Gflops/s) - 1354 (1488738 Gflops/s) - 1356 (1490937 Gflops/s) - 1362 (1497534 Gflops/s) - 1354 (1488738 Gflops/s) - 1357 (1492037 Gflops/s) | Temperatures: 65°C - 67°C - 72°C - 71°C - 66°C - 67°C - 73°C - 72°C | Throttling: None - None - None - None - None - None - None - None
1369 (1505231 Gflops/s) - 1369 (1505231 Gflops/s) - 1353 (1487639 Gflops/s) - 1354 (1488738 Gflops/s) - 1356 (1490937 Gflops/s) - 1367 (1503032 Gflops/s) - 1354 (1488738 Gflops/s) - 1357 (1492037 Gflops/s) | Temperatures: 65°C - 67°C - 72°C - 71°C - 66°C - 67°C - 73°C - 72°C | Throttling: None - None - None - None - None - None - None - None
1368 (1504131 Gflops/s) - 1367 (1503032 Gflops/s) - 1353 (1487639 Gflops/s) - 1354 (1488738 Gflops/s) - 1355 (1489838 Gflops/s) - 1362 (1497534 Gflops/s) - 1352 (1486539 Gflops/s) - 1356 (1490937 Gflops/s) | Temperatures: 65°C - 67°C - 72°C - 71°C - 66°C - 67°C - 73°C - 72°C | Throttling: None - None - None - None - None - None - None - None
1370 (1506330 Gflops/s) - 1369 (1505231 Gflops/s) - 1353 (1487639 Gflops/s) - 1354 (1488738 Gflops/s) - 1356 (1490937 Gflops/s) - 1364 (1499733 Gflops/s) - 1353 (1487639 Gflops/s) - 1356 (1490937 Gflops/s) | Temperatures: 65°C - 67°C - 72°C - 71°C - 66°C - 67°C - 73°C - 72°C | Throttling: None - None - None - None - None - None - None - None
1369 (1505231 Gflops/s) - 1369 (1505231 Gflops/s) - 1355 (1489838 Gflops/s) - 1354 (1488738 Gflops/s) - 1355 (1489838 Gflops/s) - 1362 (1497534 Gflops/s) - 1355 (1489838 Gflops/s) - 1358 (1493136 Gflops/s) | Temperatures: 65°C - 67°C - 72°C - 71°C - 66°C - 67°C - 73°C - 72°C | Throttling: None - None - None - None - None - None - None - None
1370 (1506330 Gflops/s) - 1370 (1506330 Gflops/s) - 1354 (1488738 Gflops/s) - 1354 (1488738 Gflops/s) - 1357 (1492037 Gflops/s) - 1365 (1500833 Gflops/s) - 1353 (1487639 Gflops/s) - 1357 (1492037 Gflops/s) | Temperatures: 65°C - 67°C - 73°C - 71°C - 66°C - 67°C - 73°C - 72°C | Throttling: None - None - None - None - None - None - None - None
1368 (1504131 Gflops/s) - 1368 (1504131 Gflops/s) - 1354 (1488738 Gflops/s) - 1354 (1488738 Gflops/s) - 1354 (1488738 Gflops/s) - 1366 (1501932 Gflops/s) - 1352 (1486539 Gflops/s) - 1356 (1490937 Gflops/s) | Temperatures: 65°C - 67°C - 72°C - 71°C - 66°C - 67°C - 73°C - 72°C | Throttling: None - None - None - None - None - None - None - None
1369 (1505231 Gflops/s) - 1369 (1505231 Gflops/s) - 1354 (1488738 Gflops/s) - 1354 (1488738 Gflops/s) - 1357 (1492037 Gflops/s) - 1363 (1498634 Gflops/s) - 1354 (1488738 Gflops/s) - 1356 (1490937 Gflops/s) | Temperatures: 65°C - 67°C - 72°C - 71°C - 66°C - 67°C - 73°C - 72°C | Throttling: None - None - None - None - None - None - None - None
1370 (1506330 Gflops/s) - 1369 (1505231 Gflops/s) - 1355 (1489838 Gflops/s) - 1354 (1488738 Gflops/s) - 1355 (1489838 Gflops/s) - 1365 (1500833 Gflops/s) - 1354 (1488738 Gflops/s) - 1356 (1490937 Gflops/s) | Temperatures: 65°C - 67°C - 72°C - 71°C - 66°C - 67°C - 73°C - 72°C | Throttling: None - None - None - None - None - None - None - None
1369 (1505231 Gflops/s) - 1370 (1506330 Gflops/s) - 1354 (1488738 Gflops/s) - 1354 (1488738 Gflops/s) - 1357 (1492037 Gflops/s) - 1369 (1505231 Gflops/s) - 1354 (1488738 Gflops/s) - 1357 (1492037 Gflops/s) | Temperatures: 65°C - 67°C - 72°C - 71°C - 66°C - 67°C - 73°C - 72°C | Throttling: None - None - None - None - None - None - None - None
1370 (1506330 Gflops/s) - 1369 (1505231 Gflops/s) - 1354 (1488738 Gflops/s) - 1355 (1489838 Gflops/s) - 1356 (1490937 Gflops/s) - 1366 (1501932 Gflops/s) - 1354 (1488738 Gflops/s) - 1357 (1492037 Gflops/s) | Temperatures: 65°C - 67°C - 72°C - 71°C - 66°C - 67°C - 73°C - 72°C | Throttling: None - None - None - None - None - None - None - None
1368 (1504131 Gflops/s) - 1367 (1503032 Gflops/s) - 1352 (1486539 Gflops/s) - 1353 (1487639 Gflops/s) - 1355 (1489838 Gflops/s) - 1368 (1504131 Gflops/s) - 1352 (1486539 Gflops/s) - 1357 (1492037 Gflops/s) | Temperatures: 65°C - 67°C - 72°C - 71°C - 66°C - 67°C - 73°C - 72°C | Throttling: None - None - None - None - None - None - None - None
1369 (1505231 Gflops/s) - 1370 (1506330 Gflops/s) - 1354 (1488738 Gflops/s) - 1354 (1488738 Gflops/s) - 1355 (1489838 Gflops/s) - 1365 (1500833 Gflops/s) - 1353 (1487639 Gflops/s) - 1356 (1490937 Gflops/s) | Temperatures: 65°C - 67°C - 72°C - 71°C - 66°C - 67°C - 73°C - 72°C | Throttling: None - None - None - None - None - None - None - None
1370 (1506330 Gflops/s) - 1370 (1506330 Gflops/s) - 1354 (1488738 Gflops/s) - 1355 (1489838 Gflops/s) - 1357 (1492037 Gflops/s) - 1366 (1501932 Gflops/s) - 1353 (1487639 Gflops/s) - 1358 (1493136 Gflops/s) | Temperatures: 65°C - 67°C - 72°C - 71°C - 66°C - 67°C - 73°C - 72°C | Throttling: None - None - None - None - None - None - None - None
1369 (1505231 Gflops/s) - 1369 (1505231 Gflops/s) - 1353 (1487639 Gflops/s) - 1355 (1489838 Gflops/s) - 1357 (1492037 Gflops/s) - 1365 (1500833 Gflops/s) - 1354 (1488738 Gflops/s) - 1356 (1490937 Gflops/s) | Temperatures: 65°C - 67°C - 72°C - 71°C - 66°C - 67°C - 73°C - 72°C | Throttling: None - None - None - None - None - None - None - None
1369 (1505231 Gflops/s) - 1368 (1504131 Gflops/s) - 1353 (1487639 Gflops/s) - 1354 (1488738 Gflops/s) - 1355 (1489838 Gflops/s) - 1365 (1500833 Gflops/s) - 1352 (1486539 Gflops/s) - 1356 (1490937 Gflops/s) | Temperatures: 65°C - 67°C - 72°C - 71°C - 66°C - 67°C - 73°C - 72°C | Throttling: None - None - None - None - None - None - None - None
1369 (1505231 Gflops/s) - 1369 (1505231 Gflops/s) - 1354 (1488738 Gflops/s) - 1355 (1489838 Gflops/s) - 1356 (1490937 Gflops/s) - 1363 (1498634 Gflops/s) - 1354 (1488738 Gflops/s) - 1358 (1493136 Gflops/s) | Temperatures: 65°C - 67°C - 72°C - 71°C - 66°C - 67°C - 73°C - 72°C | Throttling: None - None - None - None - None - None - None - None
1371 (1507430 Gflops/s) - 1372 (1508529 Gflops/s) - 1355 (1489838 Gflops/s) - 1357 (1492037 Gflops/s) - 1358 (1493136 Gflops/s) - 1369 (1505231 Gflops/s) - 1355 (1489838 Gflops/s) - 1358 (1493136 Gflops/s) | Temperatures: 65°C - 67°C - 72°C - 71°C - 66°C - 67°C - 73°C - 72°C | Throttling: None - None - None - None - None - None - None - None
1369 (1505231 Gflops/s) - 1369 (1505231 Gflops/s) - 1354 (1488738 Gflops/s) - 1353 (1487639 Gflops/s) - 1355 (1489838 Gflops/s) - 1365 (1500833 Gflops/s) - 1353 (1487639 Gflops/s) - 1356 (1490937 Gflops/s) | Temperatures: 65°C - 67°C - 72°C - 71°C - 66°C - 67°C - 73°C - 72°C | Throttling: None - None - None - None - None - None - None - None
1370 (1506330 Gflops/s) - 1370 (1506330 Gflops/s) - 1355 (1489838 Gflops/s) - 1354 (1488738 Gflops/s) - 1357 (1492037 Gflops/s) - 1365 (1500833 Gflops/s) - 1354 (1488738 Gflops/s) - 1357 (1492037 Gflops/s) | Temperatures: 65°C - 67°C - 72°C - 71°C - 66°C - 67°C - 73°C - 72°C | Throttling: None - None - None - None - None - None - None - None
1368 (1504131 Gflops/s) - 1367 (1503032 Gflops/s) - 1353 (1487639 Gflops/s) - 1353 (1487639 Gflops/s) - 1356 (1490937 Gflops/s) - 1363 (1498634 Gflops/s) - 1352 (1486539 Gflops/s) - 1355 (1489838 Gflops/s) | Temperatures: 65°C - 67°C - 72°C - 71°C - 66°C - 67°C - 73°C - 72°C | Throttling: None - None - None - None - None - None - None - None
1369 (1505231 Gflops/s) - 1369 (1505231 Gflops/s) - 1354 (1488738 Gflops/s) - 1356 (1490937 Gflops/s) - 1356 (1490937 Gflops/s) - 1368 (1504131 Gflops/s) - 1355 (1489838 Gflops/s) - 1357 (1492037 Gflops/s) | Temperatures: 65°C - 67°C - 72°C - 71°C - 66°C - 67°C - 73°C - 72°C | Throttling: None - None - None - None - None - None - None - None
1370 (1506330 Gflops/s) - 1369 (1505231 Gflops/s) - 1355 (1489838 Gflops/s) - 1354 (1488738 Gflops/s) - 1357 (1492037 Gflops/s) - 1363 (1498634 Gflops/s) - 1353 (1487639 Gflops/s) - 1357 (1492037 Gflops/s) | Temperatures: 65°C - 67°C - 72°C - 71°C - 66°C - 67°C - 72°C - 72°C | Throttling: None - None - None - None - None - None - None - None
1369 (1505231 Gflops/s) - 1370 (1506330 Gflops/s) - 1354 (1488738 Gflops/s) - 1356 (1490937 Gflops/s) - 1356 (1490937 Gflops/s) - 1365 (1500833 Gflops/s) - 1355 (1489838 Gflops/s) - 1356 (1490937 Gflops/s) | Temperatures: 65°C - 67°C - 72°C - 71°C - 66°C - 67°C - 73°C - 72°C | Throttling: None - None - None - None - None - None - None - None
1368 (1504131 Gflops/s) - 1369 (1505231 Gflops/s) - 1352 (1486539 Gflops/s) - 1354 (1488738 Gflops/s) - 1354 (1488738 Gflops/s) - 1366 (1501932 Gflops/s) - 1353 (1487639 Gflops/s) - 1356 (1490937 Gflops/s) | Temperatures: 65°C - 67°C - 72°C - 71°C - 66°C - 67°C - 73°C - 72°C | Throttling: None - None - None - None - None - None - None - None
1371 (1507430 Gflops/s) - 1370 (1506330 Gflops/s) - 1357 (1492037 Gflops/s) - 1355 (1489838 Gflops/s) - 1359 (1494236 Gflops/s) - 1365 (1500833 Gflops/s) - 1355 (1489838 Gflops/s) - 1358 (1493136 Gflops/s) | Temperatures: 65°C - 67°C - 72°C - 71°C - 66°C - 67°C - 73°C - 72°C | Throttling: None - None - None - None - None - None - None - None
1368 (1504131 Gflops/s) - 1368 (1504131 Gflops/s) - 1352 (1486539 Gflops/s) - 1354 (1488738 Gflops/s) - 1355 (1489838 Gflops/s) - 1366 (1501932 Gflops/s) - 1353 (1487639 Gflops/s) - 1355 (1489838 Gflops/s) | Temperatures: 65°C - 67°C - 72°C - 71°C - 66°C - 67°C - 73°C - 72°C | Throttling: None - None - None - None - None - None - None - None
1370 (1506330 Gflops/s) - 1369 (1505231 Gflops/s) - 1354 (1488738 Gflops/s) - 1355 (1489838 Gflops/s) - 1357 (1492037 Gflops/s) - 1365 (1500833 Gflops/s) - 1355 (1489838 Gflops/s) - 1356 (1490937 Gflops/s) | Temperatures: 65°C - 67°C - 72°C - 71°C - 66°C - 67°C - 73°C - 72°C | Throttling: None - None - None - None - None - None - None - None
1370 (1506330 Gflops/s) - 1370 (1506330 Gflops/s) - 1354 (1488738 Gflops/s) - 1356 (1490937 Gflops/s) - 1357 (1492037 Gflops/s) - 1368 (1504131 Gflops/s) - 1354 (1488738 Gflops/s) - 1358 (1493136 Gflops/s) | Temperatures: 65°C - 67°C - 72°C - 71°C - 66°C - 67°C - 73°C - 72°C | Throttling: None - None - None - None - None - None - None - None
1368 (1504131 Gflops/s) - 1368 (1504131 Gflops/s) - 1353 (1487639 Gflops/s) - 1354 (1488738 Gflops/s) - 1356 (1490937 Gflops/s) - 1367 (1503032 Gflops/s) - 1352 (1486539 Gflops/s) - 1355 (1489838 Gflops/s) | Temperatures: 65°C - 67°C - 72°C - 71°C - 66°C - 67°C - 72°C - 72°C | Throttling: None - None - None - None - None - None - None - None
1370 (1506330 Gflops/s) - 1369 (1505231 Gflops/s) - 1355 (1489838 Gflops/s) - 1355 (1489838 Gflops/s) - 1357 (1492037 Gflops/s) - 1367 (1503032 Gflops/s) - 1353 (1487639 Gflops/s) - 1356 (1490937 Gflops/s) | Temperatures: 65°C - 67°C - 72°C - 71°C - 66°C - 67°C - 73°C - 72°C | Throttling: None - None - None - None - None - None - None - None
1369 (1505231 Gflops/s) - 1369 (1505231 Gflops/s) - 1355 (1489838 Gflops/s) - 1355 (1489838 Gflops/s) - 1356 (1490937 Gflops/s) - 1367 (1503032 Gflops/s) - 1355 (1489838 Gflops/s) - 1357 (1492037 Gflops/s) | Temperatures: 65°C - 67°C - 72°C - 71°C - 66°C - 67°C - 73°C - 72°C | Throttling: None - None - None - None - None - None - None - None
1370 (1506330 Gflops/s) - 1371 (1507430 Gflops/s) - 1355 (1489838 Gflops/s) - 1355 (1489838 Gflops/s) - 1356 (1490937 Gflops/s) - 1369 (1505231 Gflops/s) - 1353 (1487639 Gflops/s) - 1357 (1492037 Gflops/s) | Temperatures: 65°C - 67°C - 72°C - 71°C - 66°C - 67°C - 73°C - 72°C | Throttling: None - None - None - None - None - None - None - None
1369 (1505231 Gflops/s) - 1369 (1505231 Gflops/s) - 1355 (1489838 Gflops/s) - 1354 (1488738 Gflops/s) - 1357 (1492037 Gflops/s) - 1367 (1503032 Gflops/s) - 1354 (1488738 Gflops/s) - 1358 (1493136 Gflops/s) | Temperatures: 65°C - 67°C - 72°C - 71°C - 66°C - 67°C - 73°C - 72°C | Throttling: None - None - None - None - None - None - None - None
1369 (1505231 Gflops/s) - 1369 (1505231 Gflops/s) - 1352 (1486539 Gflops/s) - 1353 (1487639 Gflops/s) - 1356 (1490937 Gflops/s) - 1367 (1503032 Gflops/s) - 1353 (1487639 Gflops/s) - 1356 (1490937 Gflops/s) | Temperatures: 65°C - 67°C - 72°C - 71°C - 66°C - 67°C - 73°C - 72°C | Throttling: None - None - None - None - None - None - None - None
1369 (1505231 Gflops/s) - 1370 (1506330 Gflops/s) - 1354 (1488738 Gflops/s) - 1355 (1489838 Gflops/s) - 1356 (1490937 Gflops/s) - 1369 (1505231 Gflops/s) - 1353 (1487639 Gflops/s) - 1356 (1490937 Gflops/s) | Temperatures: 65°C - 67°C - 72°C - 71°C - 66°C - 67°C - 73°C - 71°C | Throttling: None - None - None - None - None - None - None - None
1370 (1506330 Gflops/s) - 1369 (1505231 Gflops/s) - 1354 (1488738 Gflops/s) - 1354 (1488738 Gflops/s) - 1357 (1492037 Gflops/s) - 1367 (1503032 Gflops/s) - 1354 (1488738 Gflops/s) - 1357 (1492037 Gflops/s) | Temperatures: 65°C - 67°C - 72°C - 71°C - 66°C - 67°C - 73°C - 71°C | Throttling: None - None - None - None - None - None - None - None
1369 (1505231 Gflops/s) - 1369 (1505231 Gflops/s) - 1356 (1490937 Gflops/s) - 1354 (1488738 Gflops/s) - 1357 (1492037 Gflops/s) - 1367 (1503032 Gflops/s) - 1354 (1488738 Gflops/s) - 1357 (1492037 Gflops/s) | Temperatures: 65°C - 67°C - 72°C - 71°C - 66°C - 67°C - 73°C - 71°C | Throttling: None - None - None - None - None - None - None - None
1369 (1505231 Gflops/s) - 1369 (1505231 Gflops/s) - 1354 (1488738 Gflops/s) - 1354 (1488738 Gflops/s) - 1355 (1489838 Gflops/s) - 1366 (1501932 Gflops/s) - 1353 (1487639 Gflops/s) - 1355 (1489838 Gflops/s) | Temperatures: 65°C - 67°C - 72°C - 71°C - 66°C - 67°C - 72°C - 72°C | Throttling: None - None - None - None - None - None - None - None
1369 (1505231 Gflops/s) - 1369 (1505231 Gflops/s) - 1354 (1488738 Gflops/s) - 1355 (1489838 Gflops/s) - 1357 (1492037 Gflops/s) - 1367 (1503032 Gflops/s) - 1354 (1488738 Gflops/s) - 1356 (1490937 Gflops/s) | Temperatures: 65°C - 67°C - 72°C - 71°C - 66°C - 67°C - 73°C - 71°C | Throttling: None - None - None - None - None - None - None - None
1370 (1506330 Gflops/s) - 1370 (1506330 Gflops/s) - 1356 (1490937 Gflops/s) - 1355 (1489838 Gflops/s) - 1356 (1490937 Gflops/s) - 1367 (1503032 Gflops/s) - 1354 (1488738 Gflops/s) - 1357 (1492037 Gflops/s) | Temperatures: 65°C - 67°C - 72°C - 71°C - 66°C - 67°C - 73°C - 72°C | Throttling: None - None - None - None - None - None - None - None
1369 (1505231 Gflops/s) - 1370 (1506330 Gflops/s) - 1355 (1489838 Gflops/s) - 1355 (1489838 Gflops/s) - 1357 (1492037 Gflops/s) - 1368 (1504131 Gflops/s) - 1355 (1489838 Gflops/s) - 1357 (1492037 Gflops/s) | Temperatures: 65°C - 67°C - 72°C - 71°C - 66°C - 67°C - 73°C - 71°C | Throttling: None - None - None - None - None - None - None - None
1368 (1504131 Gflops/s) - 1368 (1504131 Gflops/s) - 1353 (1487639 Gflops/s) - 1355 (1489838 Gflops/s) - 1355 (1489838 Gflops/s) - 1365 (1500833 Gflops/s) - 1353 (1487639 Gflops/s) - 1355 (1489838 Gflops/s) | Temperatures: 65°C - 67°C - 72°C - 71°C - 66°C - 67°C - 72°C - 71°C | Throttling: None - None - None - None - None - None - None - None
1126 (1238050 Gflops/s) - 1370 (1506330 Gflops/s) - 783 (860917 Gflops/s) - 671 (737772 Gflops/s) - 599 (658607 Gflops/s) - 1278 (1405175 Gflops/s) - 1073 (1179775 Gflops/s) - 1357 (1492037 Gflops/s) | Temperatures: 65°C - 67°C - 72°C - 71°C - 66°C - 67°C - 72°C - 72°C | Throttling: None - None - None - None - None - None - None - None
GPU #0: 1505070 Gflops/s (min: 1238050.09, max: 1514027.51, dev: 15725.33)
         Temperature: 64.76°C (min: 63.00, max: 65.00)
         Throttling HW: false, Thermal SW: false, Thermal HW: false
GPU #1: 1505659 Gflops/s (min: 1501932.88, max: 1511828.49, dev: 1406.25)
         Temperature: 66.93°C (min: 65.00, max: 68.00)
         Throttling HW: false, Thermal SW: false, Thermal HW: false
GPU #2: 1487789 Gflops/s (min: 860917.60, max: 1504131.91, dev: 36839.80)
         Temperature: 72.13°C (min: 69.00, max: 73.00)
         Throttling HW: false, Thermal SW: false, Thermal HW: false
GPU #3: 1487455 Gflops/s (min: 737772.30, max: 1501932.88, dev: 44005.63)
         Temperature: 70.59°C (min: 67.00, max: 71.00)
         Throttling HW: false, Thermal SW: false, Thermal HW: false
GPU #4: 1487958 Gflops/s (min: 658607.47, max: 1494236.30, dev: 48636.63)
         Temperature: 65.99°C (min: 64.00, max: 67.00)
         Throttling HW: false, Thermal SW: false, Thermal HW: false
GPU #5: 1502015 Gflops/s (min: 1405175.86, max: 1507430.44, dev: 6070.32)
         Temperature: 66.97°C (min: 65.00, max: 68.00)
         Throttling HW: false, Thermal SW: false, Thermal HW: false
GPU #6: 1487778 Gflops/s (min: 1179775.98, max: 1500833.37, dev: 18145.29)
         Temperature: 72.46°C (min: 69.00, max: 73.00)
         Throttling HW: false, Thermal SW: false, Thermal HW: false
GPU #7: 1492169 Gflops/s (min: 1488738.74, max: 1503032.40, dev: 2015.13)
         Temperature: 71.47°C (min: 68.00, max: 72.00)
         Throttling HW: false, Thermal SW: false, Thermal HW: false
All GPUs seem healthy
Freeing GPUs...
======== Run with fp8  ==========
Detected GPU #0: "NVIDIA B200" (2e86ad83-a29c-769a-220e-dac94feb144f)
Detected GPU #1: "NVIDIA B200" (6a6cf8bf-4f75-4f45-7434-d7b19d3206b0)
Detected GPU #2: "NVIDIA B200" (a217acbf-dc2d-51ba-5145-ac222aafa099)
Detected GPU #3: "NVIDIA B200" (0f6ecc94-e2ec-4653-3039-73f7c9a0c8ab)
Detected GPU #4: "NVIDIA B200" (42304b4f-d2f5-42a6-0615-65a0e3a833ab)
Detected GPU #5: "NVIDIA B200" (1674384d-8968-272d-6fbf-d3968d022bdd)
Detected GPU #6: "NVIDIA B200" (61747aa2-bdb0-7ecc-86fd-c2f6ec1f2020)
Detected GPU #7: "NVIDIA B200" (c46a4692-3af9-fa52-8b7a-2234c678ac52)
Using precision(s):   FP8
GPU #0: Using 163800 MB
GPU #1: Using 163800 MB
GPU #2: Using 163800 MB
GPU #3: Using 163800 MB
GPU #4: Using 163800 MB
GPU #5: Using 163800 MB
GPU #6: Using 163800 MB
GPU #7: Using 163800 MB
Creating random matrices
Matrices created
2279 (2505786 Gflops/s) - 3063 (3367804 Gflops/s) - 2916 (3206175 Gflops/s) - 2918 (3208374 Gflops/s) - 2806 (3085229 Gflops/s) - 2184 (2401333 Gflops/s) - 2673 (2938994 Gflops/s) - 2609 (2868625 Gflops/s) | Temperatures: 54°C - 58°C - 60°C - 60°C - 57°C - 57°C - 60°C - 60°C | Throttling: None - None - None - None - None - None - None - None
3770 (4145158 Gflops/s) - 3779 (4155054 Gflops/s) - 3779 (4155054 Gflops/s) - 3758 (4131964 Gflops/s) - 3742 (4114372 Gflops/s) - 3773 (4148457 Gflops/s) - 3768 (4142959 Gflops/s) - 3774 (4149556 Gflops/s) | Temperatures: 59°C - 61°C - 64°C - 63°C - 60°C - 61°C - 64°C - 64°C | Throttling: None - None - None - None - None - None - None - None
3773 (4148457 Gflops/s) - 3782 (4158352 Gflops/s) - 3782 (4158352 Gflops/s) - 3753 (4126467 Gflops/s) - 3734 (4105576 Gflops/s) - 3771 (4146258 Gflops/s) - 3756 (4129765 Gflops/s) - 3763 (4137462 Gflops/s) | Temperatures: 61°C - 63°C - 66°C - 65°C - 62°C - 63°C - 66°C - 66°C | Throttling: None - None - None - None - None - None - None - None
3769 (4144059 Gflops/s) - 3771 (4146258 Gflops/s) - 3761 (4135263 Gflops/s) - 3740 (4112173 Gflops/s) - 3711 (4080287 Gflops/s) - 3761 (4135263 Gflops/s) - 3735 (4106675 Gflops/s) - 3751 (4124268 Gflops/s) | Temperatures: 61°C - 63°C - 67°C - 66°C - 62°C - 64°C - 67°C - 67°C | Throttling: None - None - None - None - None - None - None - None
3769 (4144059 Gflops/s) - 3768 (4142959 Gflops/s) - 3754 (4127566 Gflops/s) - 3741 (4113272 Gflops/s) - 3719 (4089083 Gflops/s) - 3761 (4135263 Gflops/s) - 3718 (4087984 Gflops/s) - 3748 (4120969 Gflops/s) | Temperatures: 62°C - 64°C - 68°C - 67°C - 63°C - 64°C - 68°C - 68°C | Throttling: None - None - None - None - None - None - None - None
3769 (4144059 Gflops/s) - 3766 (4140760 Gflops/s) - 3750 (4123168 Gflops/s) - 3706 (4074790 Gflops/s) - 3708 (4076989 Gflops/s) - 3757 (4130865 Gflops/s) - 3711 (4080287 Gflops/s) - 3747 (4119870 Gflops/s) | Temperatures: 62°C - 64°C - 68°C - 68°C - 64°C - 65°C - 68°C - 68°C | Throttling: None - None - None - None - None - None - None - None
3769 (4144059 Gflops/s) - 3763 (4137462 Gflops/s) - 3746 (4118770 Gflops/s) - 3701 (4069292 Gflops/s) - 3696 (4063794 Gflops/s) - 3757 (4130865 Gflops/s) - 3719 (4089083 Gflops/s) - 3739 (4111073 Gflops/s) | Temperatures: 63°C - 65°C - 69°C - 68°C - 64°C - 65°C - 69°C - 69°C | Throttling: None - None - None - None - None - None - None - None
3768 (4142959 Gflops/s) - 3762 (4136362 Gflops/s) - 3743 (4115472 Gflops/s) - 3694 (4061595 Gflops/s) - 3689 (4056098 Gflops/s) - 3755 (4128666 Gflops/s) - 3704 (4072591 Gflops/s) - 3729 (4100078 Gflops/s) | Temperatures: 63°C - 65°C - 69°C - 68°C - 64°C - 65°C - 69°C - 69°C | Throttling: None - None - None - None - None - None - None - None
3768 (4142959 Gflops/s) - 3760 (4134163 Gflops/s) - 3738 (4109974 Gflops/s) - 3695 (4062695 Gflops/s) - 3684 (4050600 Gflops/s) - 3756 (4129765 Gflops/s) - 3705 (4073690 Gflops/s) - 3728 (4098979 Gflops/s) | Temperatures: 63°C - 65°C - 69°C - 68°C - 64°C - 65°C - 70°C - 69°C | Throttling: None - None - None - None - None - None - None - None
3769 (4144059 Gflops/s) - 3759 (4133064 Gflops/s) - 3741 (4113272 Gflops/s) - 3694 (4061595 Gflops/s) - 3683 (4049501 Gflops/s) - 3755 (4128666 Gflops/s) - 3718 (4087984 Gflops/s) - 3721 (4091282 Gflops/s) | Temperatures: 63°C - 65°C - 70°C - 69°C - 64°C - 66°C - 70°C - 70°C | Throttling: None - None - None - None - None - None - None - None
3768 (4142959 Gflops/s) - 3758 (4131964 Gflops/s) - 3738 (4109974 Gflops/s) - 3691 (4058297 Gflops/s) - 3685 (4051700 Gflops/s) - 3755 (4128666 Gflops/s) - 3714 (4083586 Gflops/s) - 3709 (4078088 Gflops/s) | Temperatures: 63°C - 66°C - 70°C - 69°C - 65°C - 66°C - 70°C - 70°C | Throttling: None - None - None - None - None - None - None - None
3768 (4142959 Gflops/s) - 3757 (4130865 Gflops/s) - 3739 (4111073 Gflops/s) - 3690 (4057197 Gflops/s) - 3672 (4037406 Gflops/s) - 3754 (4127566 Gflops/s) - 3711 (4080287 Gflops/s) - 3717 (4086884 Gflops/s) | Temperatures: 64°C - 66°C - 70°C - 69°C - 65°C - 66°C - 70°C - 70°C | Throttling: None - None - None - None - None - None - None - None
3769 (4144059 Gflops/s) - 3762 (4136362 Gflops/s) - 3739 (4111073 Gflops/s) - 3690 (4057197 Gflops/s) - 3671 (4036307 Gflops/s) - 3752 (4125367 Gflops/s) - 3701 (4069292 Gflops/s) - 3705 (4073690 Gflops/s) | Temperatures: 64°C - 66°C - 70°C - 69°C - 65°C - 66°C - 70°C - 70°C | Throttling: None - None - None - None - None - None - None - None
3768 (4142959 Gflops/s) - 3762 (4136362 Gflops/s) - 3738 (4109974 Gflops/s) - 3689 (4056098 Gflops/s) - 3663 (4027511 Gflops/s) - 3752 (4125367 Gflops/s) - 3712 (4081387 Gflops/s) - 3700 (4068193 Gflops/s) | Temperatures: 64°C - 66°C - 71°C - 69°C - 65°C - 66°C - 71°C - 70°C | Throttling: None - None - None - None - None - None - None - None
3768 (4142959 Gflops/s) - 3759 (4133064 Gflops/s) - 3739 (4111073 Gflops/s) - 3691 (4058297 Gflops/s) - 3664 (4028610 Gflops/s) - 3751 (4124268 Gflops/s) - 3702 (4070392 Gflops/s) - 3718 (4087984 Gflops/s) | Temperatures: 64°C - 66°C - 71°C - 69°C - 65°C - 66°C - 71°C - 70°C | Throttling: None - None - None - None - None - None - None - None
3769 (4144059 Gflops/s) - 3757 (4130865 Gflops/s) - 3738 (4109974 Gflops/s) - 3690 (4057197 Gflops/s) - 3664 (4028610 Gflops/s) - 3751 (4124268 Gflops/s) - 3704 (4072591 Gflops/s) - 3680 (4046202 Gflops/s) | Temperatures: 64°C - 66°C - 71°C - 70°C - 65°C - 66°C - 71°C - 70°C | Throttling: None - None - None - None - None - None - None - None
3768 (4142959 Gflops/s) - 3752 (4125367 Gflops/s) - 3738 (4109974 Gflops/s) - 3689 (4056098 Gflops/s) - 3665 (4029710 Gflops/s) - 3751 (4124268 Gflops/s) - 3699 (4067093 Gflops/s) - 3700 (4068193 Gflops/s) | Temperatures: 64°C - 66°C - 71°C - 70°C - 65°C - 66°C - 71°C - 70°C | Throttling: None - None - None - None - None - None - None - None
3772 (4147357 Gflops/s) - 3751 (4124268 Gflops/s) - 3742 (4114372 Gflops/s) - 3694 (4061595 Gflops/s) - 3666 (4030809 Gflops/s) - 3755 (4128666 Gflops/s) - 3708 (4076989 Gflops/s) - 3719 (4089083 Gflops/s) | Temperatures: 64°C - 66°C - 71°C - 70°C - 65°C - 66°C - 71°C - 71°C | Throttling: None - None - None - None - None - None - None - None
3768 (4142959 Gflops/s) - 3752 (4125367 Gflops/s) - 3738 (4109974 Gflops/s) - 3687 (4053899 Gflops/s) - 3664 (4028610 Gflops/s) - 3751 (4124268 Gflops/s) - 3710 (4079188 Gflops/s) - 3701 (4069292 Gflops/s) | Temperatures: 64°C - 66°C - 71°C - 70°C - 65°C - 66°C - 71°C - 71°C | Throttling: None - None - None - None - None - None - None - None
3768 (4142959 Gflops/s) - 3750 (4123168 Gflops/s) - 3739 (4111073 Gflops/s) - 3691 (4058297 Gflops/s) - 3664 (4028610 Gflops/s) - 3749 (4122069 Gflops/s) - 3704 (4072591 Gflops/s) - 3681 (4047302 Gflops/s) | Temperatures: 64°C - 66°C - 71°C - 70°C - 65°C - 66°C - 71°C - 71°C | Throttling: None - None - None - None - None - None - None - None
3769 (4144059 Gflops/s) - 3746 (4118770 Gflops/s) - 3738 (4109974 Gflops/s) - 3691 (4058297 Gflops/s) - 3664 (4028610 Gflops/s) - 3751 (4124268 Gflops/s) - 3699 (4067093 Gflops/s) - 3692 (4059396 Gflops/s) | Temperatures: 64°C - 66°C - 71°C - 70°C - 65°C - 66°C - 71°C - 71°C | Throttling: None - None - None - None - None - None - None - None
3768 (4142959 Gflops/s) - 3756 (4129765 Gflops/s) - 3737 (4108874 Gflops/s) - 3691 (4058297 Gflops/s) - 3665 (4029710 Gflops/s) - 3751 (4124268 Gflops/s) - 3697 (4064894 Gflops/s) - 3691 (4058297 Gflops/s) | Temperatures: 64°C - 66°C - 71°C - 70°C - 65°C - 66°C - 71°C - 71°C | Throttling: None - None - None - None - None - None - None - None
3768 (4142959 Gflops/s) - 3752 (4125367 Gflops/s) - 3736 (4107775 Gflops/s) - 3689 (4056098 Gflops/s) - 3667 (4031909 Gflops/s) - 3749 (4122069 Gflops/s) - 3696 (4063794 Gflops/s) - 3696 (4063794 Gflops/s) | Temperatures: 64°C - 66°C - 71°C - 70°C - 65°C - 66°C - 71°C - 71°C | Throttling: None - None - None - None - None - None - None - None
3769 (4144059 Gflops/s) - 3744 (4116571 Gflops/s) - 3738 (4109974 Gflops/s) - 3688 (4054998 Gflops/s) - 3662 (4026411 Gflops/s) - 3752 (4125367 Gflops/s) - 3703 (4071491 Gflops/s) - 3678 (4044003 Gflops/s) | Temperatures: 64°C - 66°C - 71°C - 70°C - 65°C - 67°C - 71°C - 71°C | Throttling: None - None - None - None - None - None - None - None
3767 (4141860 Gflops/s) - 3749 (4122069 Gflops/s) - 3737 (4108874 Gflops/s) - 3690 (4057197 Gflops/s) - 3668 (4033008 Gflops/s) - 3749 (4122069 Gflops/s) - 3697 (4064894 Gflops/s) - 3691 (4058297 Gflops/s) | Temperatures: 64°C - 66°C - 71°C - 70°C - 65°C - 67°C - 72°C - 71°C | Throttling: None - None - None - None - None - None - None - None
3769 (4144059 Gflops/s) - 3751 (4124268 Gflops/s) - 3736 (4107775 Gflops/s) - 3689 (4056098 Gflops/s) - 3659 (4023113 Gflops/s) - 3750 (4123168 Gflops/s) - 3705 (4073690 Gflops/s) - 3683 (4049501 Gflops/s) | Temperatures: 64°C - 66°C - 72°C - 70°C - 65°C - 67°C - 72°C - 71°C | Throttling: None - None - None - None - None - None - None - None
3768 (4142959 Gflops/s) - 3747 (4119870 Gflops/s) - 3736 (4107775 Gflops/s) - 3688 (4054998 Gflops/s) - 3662 (4026411 Gflops/s) - 3750 (4123168 Gflops/s) - 3699 (4067093 Gflops/s) - 3694 (4061595 Gflops/s) | Temperatures: 64°C - 66°C - 72°C - 70°C - 65°C - 67°C - 72°C - 71°C | Throttling: None - None - None - None - None - None - None - None
3768 (4142959 Gflops/s) - 3743 (4115472 Gflops/s) - 3735 (4106675 Gflops/s) - 3690 (4057197 Gflops/s) - 3665 (4029710 Gflops/s) - 3747 (4119870 Gflops/s) - 3702 (4070392 Gflops/s) - 3704 (4072591 Gflops/s) | Temperatures: 64°C - 66°C - 72°C - 70°C - 65°C - 67°C - 72°C - 71°C | Throttling: None - None - None - None - None - None - None - None
3768 (4142959 Gflops/s) - 3749 (4122069 Gflops/s) - 3736 (4107775 Gflops/s) - 3688 (4054998 Gflops/s) - 3662 (4026411 Gflops/s) - 3750 (4123168 Gflops/s) - 3697 (4064894 Gflops/s) - 3682 (4048401 Gflops/s) | Temperatures: 64°C - 66°C - 72°C - 70°C - 65°C - 67°C - 72°C - 71°C | Throttling: None - None - None - None - None - None - None - None
3767 (4141860 Gflops/s) - 3745 (4117671 Gflops/s) - 3727 (4097879 Gflops/s) - 3689 (4056098 Gflops/s) - 3661 (4025312 Gflops/s) - 3749 (4122069 Gflops/s) - 3706 (4074790 Gflops/s) - 3681 (4047302 Gflops/s) | Temperatures: 64°C - 66°C - 72°C - 70°C - 65°C - 67°C - 72°C - 71°C | Throttling: None - None - None - None - None - None - None - None
3769 (4144059 Gflops/s) - 3745 (4117671 Gflops/s) - 3737 (4108874 Gflops/s) - 3688 (4054998 Gflops/s) - 3660 (4024212 Gflops/s) - 3749 (4122069 Gflops/s) - 3698 (4065993 Gflops/s) - 3686 (4052799 Gflops/s) | Temperatures: 64°C - 66°C - 72°C - 70°C - 65°C - 67°C - 72°C - 71°C | Throttling: None - None - None - None - None - None - None - None
3767 (4141860 Gflops/s) - 3745 (4117671 Gflops/s) - 3735 (4106675 Gflops/s) - 3686 (4052799 Gflops/s) - 3662 (4026411 Gflops/s) - 3748 (4120969 Gflops/s) - 3709 (4078088 Gflops/s) - 3670 (4035207 Gflops/s) | Temperatures: 64°C - 66°C - 72°C - 70°C - 66°C - 67°C - 72°C - 71°C | Throttling: None - None - None - None - None - None - None - None
3772 (4147357 Gflops/s) - 3746 (4118770 Gflops/s) - 3738 (4109974 Gflops/s) - 3690 (4057197 Gflops/s) - 3665 (4029710 Gflops/s) - 3753 (4126467 Gflops/s) - 3697 (4064894 Gflops/s) - 3677 (4042904 Gflops/s) | Temperatures: 64°C - 66°C - 72°C - 70°C - 66°C - 67°C - 72°C - 71°C | Throttling: None - None - None - None - None - None - None - None
3768 (4142959 Gflops/s) - 3746 (4118770 Gflops/s) - 3732 (4103377 Gflops/s) - 3689 (4056098 Gflops/s) - 3662 (4026411 Gflops/s) - 3750 (4123168 Gflops/s) - 3696 (4063794 Gflops/s) - 3684 (4050600 Gflops/s) | Temperatures: 64°C - 66°C - 72°C - 70°C - 66°C - 67°C - 72°C - 71°C | Throttling: None - None - None - None - None - None - None - None
3767 (4141860 Gflops/s) - 3741 (4113272 Gflops/s) - 3732 (4103377 Gflops/s) - 3687 (4053899 Gflops/s) - 3659 (4023113 Gflops/s) - 3747 (4119870 Gflops/s) - 3697 (4064894 Gflops/s) - 3681 (4047302 Gflops/s) | Temperatures: 64°C - 67°C - 72°C - 70°C - 66°C - 67°C - 72°C - 71°C | Throttling: None - None - None - None - None - None - None - None
3768 (4142959 Gflops/s) - 3745 (4117671 Gflops/s) - 3728 (4098979 Gflops/s) - 3668 (4033008 Gflops/s) - 3656 (4019814 Gflops/s) - 3749 (4122069 Gflops/s) - 3700 (4068193 Gflops/s) - 3678 (4044003 Gflops/s) | Temperatures: 64°C - 66°C - 72°C - 70°C - 66°C - 67°C - 72°C - 71°C | Throttling: None - None - None - None - None - None - None - None
3768 (4142959 Gflops/s) - 3744 (4116571 Gflops/s) - 3731 (4102277 Gflops/s) - 3687 (4053899 Gflops/s) - 3660 (4024212 Gflops/s) - 3748 (4120969 Gflops/s) - 3707 (4075889 Gflops/s) - 3670 (4035207 Gflops/s) | Temperatures: 64°C - 66°C - 72°C - 70°C - 66°C - 67°C - 72°C - 71°C | Throttling: None - None - None - None - None - None - None - None
3768 (4142959 Gflops/s) - 3740 (4112173 Gflops/s) - 3727 (4097879 Gflops/s) - 3682 (4048401 Gflops/s) - 3659 (4023113 Gflops/s) - 3748 (4120969 Gflops/s) - 3694 (4061595 Gflops/s) - 3677 (4042904 Gflops/s) | Temperatures: 64°C - 66°C - 72°C - 70°C - 66°C - 67°C - 72°C - 71°C | Throttling: None - None - None - None - None - None - None - None
3768 (4142959 Gflops/s) - 3744 (4116571 Gflops/s) - 3724 (4094581 Gflops/s) - 3682 (4048401 Gflops/s) - 3664 (4028610 Gflops/s) - 3748 (4120969 Gflops/s) - 3690 (4057197 Gflops/s) - 3674 (4039605 Gflops/s) | Temperatures: 65°C - 67°C - 72°C - 71°C - 66°C - 67°C - 72°C - 71°C | Throttling: None - None - None - None - None - None - None - None
3769 (4144059 Gflops/s) - 3754 (4127566 Gflops/s) - 3728 (4098979 Gflops/s) - 3677 (4042904 Gflops/s) - 3658 (4022013 Gflops/s) - 3748 (4120969 Gflops/s) - 3704 (4072591 Gflops/s) - 3683 (4049501 Gflops/s) | Temperatures: 65°C - 67°C - 72°C - 70°C - 66°C - 67°C - 72°C - 71°C | Throttling: None - None - None - None - None - None - None - None
3769 (4144059 Gflops/s) - 3744 (4116571 Gflops/s) - 3727 (4097879 Gflops/s) - 3688 (4054998 Gflops/s) - 3658 (4022013 Gflops/s) - 3749 (4122069 Gflops/s) - 3696 (4063794 Gflops/s) - 3664 (4028610 Gflops/s) | Temperatures: 65°C - 67°C - 72°C - 71°C - 66°C - 67°C - 72°C - 71°C | Throttling: None - None - None - None - None - None - None - None
3769 (4144059 Gflops/s) - 3740 (4112173 Gflops/s) - 3725 (4095680 Gflops/s) - 3686 (4052799 Gflops/s) - 3656 (4019814 Gflops/s) - 3747 (4119870 Gflops/s) - 3703 (4071491 Gflops/s) - 3674 (4039605 Gflops/s) | Temperatures: 65°C - 67°C - 72°C - 71°C - 66°C - 67°C - 72°C - 71°C | Throttling: None - None - None - None - None - None - None - None
3774 (4149556 Gflops/s) - 3739 (4111073 Gflops/s) - 3728 (4098979 Gflops/s) - 3687 (4053899 Gflops/s) - 3662 (4026411 Gflops/s) - 3752 (4125367 Gflops/s) - 3702 (4070392 Gflops/s) - 3682 (4048401 Gflops/s) | Temperatures: 65°C - 67°C - 72°C - 71°C - 66°C - 67°C - 72°C - 71°C | Throttling: None - None - None - None - None - None - None - None
3770 (4145158 Gflops/s) - 3747 (4119870 Gflops/s) - 3728 (4098979 Gflops/s) - 3687 (4053899 Gflops/s) - 3659 (4023113 Gflops/s) - 3747 (4119870 Gflops/s) - 3697 (4064894 Gflops/s) - 3687 (4053899 Gflops/s) | Temperatures: 65°C - 67°C - 72°C - 71°C - 66°C - 67°C - 72°C - 71°C | Throttling: None - None - None - None - None - None - None - None
3769 (4144059 Gflops/s) - 3740 (4112173 Gflops/s) - 3729 (4100078 Gflops/s) - 3671 (4036307 Gflops/s) - 3656 (4019814 Gflops/s) - 3748 (4120969 Gflops/s) - 3703 (4071491 Gflops/s) - 3695 (4062695 Gflops/s) | Temperatures: 65°C - 67°C - 72°C - 70°C - 66°C - 67°C - 72°C - 71°C | Throttling: None - None - None - None - None - None - None - None
3769 (4144059 Gflops/s) - 3739 (4111073 Gflops/s) - 3724 (4094581 Gflops/s) - 3681 (4047302 Gflops/s) - 3656 (4019814 Gflops/s) - 3747 (4119870 Gflops/s) - 3700 (4068193 Gflops/s) - 3669 (4034108 Gflops/s) | Temperatures: 65°C - 67°C - 72°C - 71°C - 66°C - 67°C - 72°C - 71°C | Throttling: None - None - None - None - None - None - None - None
3770 (4145158 Gflops/s) - 3738 (4109974 Gflops/s) - 3726 (4096780 Gflops/s) - 3680 (4046202 Gflops/s) - 3659 (4023113 Gflops/s) - 3749 (4122069 Gflops/s) - 3706 (4074790 Gflops/s) - 3697 (4064894 Gflops/s) | Temperatures: 65°C - 67°C - 72°C - 71°C - 66°C - 67°C - 72°C - 71°C | Throttling: None - None - None - None - None - None - None - None
3769 (4144059 Gflops/s) - 3746 (4118770 Gflops/s) - 3722 (4092382 Gflops/s) - 3680 (4046202 Gflops/s) - 3657 (4020914 Gflops/s) - 3748 (4120969 Gflops/s) - 3698 (4065993 Gflops/s) - 3663 (4027511 Gflops/s) | Temperatures: 65°C - 67°C - 72°C - 71°C - 66°C - 67°C - 72°C - 71°C | Throttling: None - None - None - None - None - None - None - None
3770 (4145158 Gflops/s) - 3744 (4116571 Gflops/s) - 3726 (4096780 Gflops/s) - 3685 (4051700 Gflops/s) - 3659 (4023113 Gflops/s) - 3748 (4120969 Gflops/s) - 3697 (4064894 Gflops/s) - 3687 (4053899 Gflops/s) | Temperatures: 65°C - 67°C - 72°C - 71°C - 66°C - 67°C - 72°C - 72°C | Throttling: None - None - None - None - None - None - None - None
3769 (4144059 Gflops/s) - 3741 (4113272 Gflops/s) - 3724 (4094581 Gflops/s) - 3689 (4056098 Gflops/s) - 3657 (4020914 Gflops/s) - 3748 (4120969 Gflops/s) - 3696 (4063794 Gflops/s) - 3661 (4025312 Gflops/s) | Temperatures: 65°C - 67°C - 72°C - 71°C - 66°C - 67°C - 72°C - 71°C | Throttling: None - None - None - None - None - None - None - None
3770 (4145158 Gflops/s) - 3734 (4105576 Gflops/s) - 3721 (4091282 Gflops/s) - 3673 (4038506 Gflops/s) - 3655 (4018714 Gflops/s) - 3747 (4119870 Gflops/s) - 3698 (4065993 Gflops/s) - 3667 (4031909 Gflops/s) | Temperatures: 65°C - 67°C - 72°C - 71°C - 66°C - 67°C - 72°C - 71°C | Throttling: None - None - None - None - None - None - None - None
3769 (4144059 Gflops/s) - 3741 (4113272 Gflops/s) - 3723 (4093481 Gflops/s) - 3674 (4039605 Gflops/s) - 3657 (4020914 Gflops/s) - 3748 (4120969 Gflops/s) - 3702 (4070392 Gflops/s) - 3683 (4049501 Gflops/s) | Temperatures: 65°C - 67°C - 72°C - 71°C - 66°C - 67°C - 72°C - 72°C | Throttling: None - None - None - None - None - None - None - None
3769 (4144059 Gflops/s) - 3741 (4113272 Gflops/s) - 3725 (4095680 Gflops/s) - 3684 (4050600 Gflops/s) - 3659 (4023113 Gflops/s) - 3749 (4122069 Gflops/s) - 3700 (4068193 Gflops/s) - 3662 (4026411 Gflops/s) | Temperatures: 65°C - 67°C - 72°C - 71°C - 66°C - 67°C - 72°C - 71°C | Throttling: None - None - None - None - None - None - None - None
3769 (4144059 Gflops/s) - 3746 (4118770 Gflops/s) - 3725 (4095680 Gflops/s) - 3674 (4039605 Gflops/s) - 3655 (4018714 Gflops/s) - 3746 (4118770 Gflops/s) - 3701 (4069292 Gflops/s) - 3666 (4030809 Gflops/s) | Temperatures: 65°C - 67°C - 72°C - 71°C - 66°C - 67°C - 72°C - 71°C | Throttling: None - None - None - None - None - None - None - None
3769 (4144059 Gflops/s) - 3744 (4116571 Gflops/s) - 3725 (4095680 Gflops/s) - 3677 (4042904 Gflops/s) - 3655 (4018714 Gflops/s) - 3749 (4122069 Gflops/s) - 3694 (4061595 Gflops/s) - 3671 (4036307 Gflops/s) | Temperatures: 65°C - 67°C - 72°C - 71°C - 66°C - 67°C - 72°C - 71°C | Throttling: None - None - None - None - None - None - None - None
3770 (4145158 Gflops/s) - 3740 (4112173 Gflops/s) - 3726 (4096780 Gflops/s) - 3672 (4037406 Gflops/s) - 3656 (4019814 Gflops/s) - 3748 (4120969 Gflops/s) - 3697 (4064894 Gflops/s) - 3661 (4025312 Gflops/s) | Temperatures: 65°C - 67°C - 72°C - 71°C - 66°C - 67°C - 72°C - 72°C | Throttling: None - None - None - None - None - None - None - None
3773 (4148457 Gflops/s) - 3741 (4113272 Gflops/s) - 3729 (4100078 Gflops/s) - 3688 (4054998 Gflops/s) - 3661 (4025312 Gflops/s) - 3750 (4123168 Gflops/s) - 3702 (4070392 Gflops/s) - 3689 (4056098 Gflops/s) | Temperatures: 65°C - 67°C - 72°C - 71°C - 66°C - 67°C - 72°C - 71°C | Throttling: None - None - None - None - None - None - None - None
3769 (4144059 Gflops/s) - 3739 (4111073 Gflops/s) - 3722 (4092382 Gflops/s) - 3674 (4039605 Gflops/s) - 3655 (4018714 Gflops/s) - 3748 (4120969 Gflops/s) - 3704 (4072591 Gflops/s) - 3667 (4031909 Gflops/s) | Temperatures: 65°C - 67°C - 72°C - 70°C - 66°C - 67°C - 72°C - 72°C | Throttling: None - None - None - None - None - None - None - None
3769 (4144059 Gflops/s) - 3736 (4107775 Gflops/s) - 3723 (4093481 Gflops/s) - 3678 (4044003 Gflops/s) - 3653 (4016515 Gflops/s) - 3749 (4122069 Gflops/s) - 3695 (4062695 Gflops/s) - 3663 (4027511 Gflops/s) | Temperatures: 65°C - 67°C - 72°C - 71°C - 66°C - 67°C - 72°C - 72°C | Throttling: None - None - None - None - None - None - None - None
3770 (4145158 Gflops/s) - 3736 (4107775 Gflops/s) - 3726 (4096780 Gflops/s) - 3683 (4049501 Gflops/s) - 3656 (4019814 Gflops/s) - 3746 (4118770 Gflops/s) - 3699 (4067093 Gflops/s) - 3665 (4029710 Gflops/s) | Temperatures: 65°C - 67°C - 72°C - 71°C - 66°C - 67°C - 72°C - 71°C | Throttling: None - None - None - None - None - None - None - None
3769 (4144059 Gflops/s) - 3739 (4111073 Gflops/s) - 3718 (4087984 Gflops/s) - 3683 (4049501 Gflops/s) - 3654 (4017615 Gflops/s) - 3748 (4120969 Gflops/s) - 3691 (4058297 Gflops/s) - 3662 (4026411 Gflops/s) | Temperatures: 65°C - 67°C - 72°C - 71°C - 66°C - 67°C - 72°C - 71°C | Throttling: None - None - None - None - None - None - None - None
3770 (4145158 Gflops/s) - 3738 (4109974 Gflops/s) - 3728 (4098979 Gflops/s) - 3678 (4044003 Gflops/s) - 3659 (4023113 Gflops/s) - 3747 (4119870 Gflops/s) - 3693 (4060496 Gflops/s) - 3657 (4020914 Gflops/s) | Temperatures: 65°C - 67°C - 72°C - 71°C - 66°C - 67°C - 72°C - 71°C | Throttling: None - None - None - None - None - None - None - None
3769 (4144059 Gflops/s) - 3740 (4112173 Gflops/s) - 3716 (4085785 Gflops/s) - 3678 (4044003 Gflops/s) - 3658 (4022013 Gflops/s) - 3748 (4120969 Gflops/s) - 3701 (4069292 Gflops/s) - 3665 (4029710 Gflops/s) | Temperatures: 65°C - 67°C - 72°C - 71°C - 66°C - 67°C - 72°C - 71°C | Throttling: None - None - None - None - None - None - None - None
3769 (4144059 Gflops/s) - 3741 (4113272 Gflops/s) - 3725 (4095680 Gflops/s) - 3680 (4046202 Gflops/s) - 3657 (4020914 Gflops/s) - 3748 (4120969 Gflops/s) - 3697 (4064894 Gflops/s) - 3674 (4039605 Gflops/s) | Temperatures: 65°C - 67°C - 72°C - 71°C - 66°C - 67°C - 72°C - 71°C | Throttling: None - None - None - None - None - None - None - None
3769 (4144059 Gflops/s) - 3739 (4111073 Gflops/s) - 3721 (4091282 Gflops/s) - 3686 (4052799 Gflops/s) - 3655 (4018714 Gflops/s) - 3746 (4118770 Gflops/s) - 3694 (4061595 Gflops/s) - 3683 (4049501 Gflops/s) | Temperatures: 65°C - 67°C - 72°C - 71°C - 66°C - 67°C - 72°C - 72°C | Throttling: None - None - None - None - None - None - None - None
3770 (4145158 Gflops/s) - 3737 (4108874 Gflops/s) - 3726 (4096780 Gflops/s) - 3669 (4034108 Gflops/s) - 3653 (4016515 Gflops/s) - 3749 (4122069 Gflops/s) - 3697 (4064894 Gflops/s) - 3681 (4047302 Gflops/s) | Temperatures: 65°C - 67°C - 72°C - 71°C - 66°C - 67°C - 72°C - 72°C | Throttling: None - None - None - None - None - None - None - None
3769 (4144059 Gflops/s) - 3736 (4107775 Gflops/s) - 3725 (4095680 Gflops/s) - 3677 (4042904 Gflops/s) - 3658 (4022013 Gflops/s) - 3746 (4118770 Gflops/s) - 3698 (4065993 Gflops/s) - 3667 (4031909 Gflops/s) | Temperatures: 65°C - 67°C - 72°C - 71°C - 66°C - 67°C - 72°C - 72°C | Throttling: None - None - None - None - None - None - None - None
3769 (4144059 Gflops/s) - 3738 (4109974 Gflops/s) - 3718 (4087984 Gflops/s) - 3685 (4051700 Gflops/s) - 3656 (4019814 Gflops/s) - 3747 (4119870 Gflops/s) - 3698 (4065993 Gflops/s) - 3683 (4049501 Gflops/s) | Temperatures: 65°C - 67°C - 72°C - 71°C - 66°C - 67°C - 72°C - 72°C | Throttling: None - None - None - None - None - None - None - None
3770 (4145158 Gflops/s) - 3742 (4114372 Gflops/s) - 3719 (4089083 Gflops/s) - 3679 (4045103 Gflops/s) - 3654 (4017615 Gflops/s) - 3747 (4119870 Gflops/s) - 3699 (4067093 Gflops/s) - 3660 (4024212 Gflops/s) | Temperatures: 65°C - 67°C - 72°C - 71°C - 66°C - 67°C - 72°C - 72°C | Throttling: None - None - None - None - None - None - None - None
3769 (4144059 Gflops/s) - 3736 (4107775 Gflops/s) - 3719 (4089083 Gflops/s) - 3675 (4040705 Gflops/s) - 3655 (4018714 Gflops/s) - 3750 (4123168 Gflops/s) - 3702 (4070392 Gflops/s) - 3665 (4029710 Gflops/s) | Temperatures: 65°C - 67°C - 72°C - 71°C - 66°C - 67°C - 72°C - 71°C | Throttling: None - None - None - None - None - None - None - None
3773 (4148457 Gflops/s) - 3742 (4114372 Gflops/s) - 3730 (4101178 Gflops/s) - 3681 (4047302 Gflops/s) - 3656 (4019814 Gflops/s) - 3750 (4123168 Gflops/s) - 3697 (4064894 Gflops/s) - 3678 (4044003 Gflops/s) | Temperatures: 65°C - 67°C - 72°C - 71°C - 66°C - 67°C - 72°C - 72°C | Throttling: None - None - None - None - None - None - None - None
3769 (4144059 Gflops/s) - 3737 (4108874 Gflops/s) - 3720 (4090183 Gflops/s) - 3681 (4047302 Gflops/s) - 3659 (4023113 Gflops/s) - 3746 (4118770 Gflops/s) - 3695 (4062695 Gflops/s) - 3665 (4029710 Gflops/s) | Temperatures: 65°C - 67°C - 72°C - 71°C - 66°C - 67°C - 72°C - 72°C | Throttling: None - None - None - None - None - None - None - None
3769 (4144059 Gflops/s) - 3739 (4111073 Gflops/s) - 3721 (4091282 Gflops/s) - 3692 (4059396 Gflops/s) - 3654 (4017615 Gflops/s) - 3749 (4122069 Gflops/s) - 3689 (4056098 Gflops/s) - 3678 (4044003 Gflops/s) | Temperatures: 65°C - 67°C - 72°C - 71°C - 66°C - 67°C - 72°C - 72°C | Throttling: None - None - None - None - None - None - None - None
3769 (4144059 Gflops/s) - 3742 (4114372 Gflops/s) - 3720 (4090183 Gflops/s) - 3693 (4060496 Gflops/s) - 3656 (4019814 Gflops/s) - 3746 (4118770 Gflops/s) - 3698 (4065993 Gflops/s) - 3659 (4023113 Gflops/s) | Temperatures: 65°C - 67°C - 72°C - 71°C - 66°C - 67°C - 72°C - 72°C | Throttling: None - None - None - None - None - None - None - None
3769 (4144059 Gflops/s) - 3741 (4113272 Gflops/s) - 3720 (4090183 Gflops/s) - 3691 (4058297 Gflops/s) - 3655 (4018714 Gflops/s) - 3747 (4119870 Gflops/s) - 3690 (4057197 Gflops/s) - 3655 (4018714 Gflops/s) | Temperatures: 65°C - 67°C - 72°C - 71°C - 66°C - 67°C - 72°C - 71°C | Throttling: None - None - None - None - None - None - None - None
3769 (4144059 Gflops/s) - 3734 (4105576 Gflops/s) - 3719 (4089083 Gflops/s) - 3695 (4062695 Gflops/s) - 3652 (4015416 Gflops/s) - 3748 (4120969 Gflops/s) - 3693 (4060496 Gflops/s) - 3669 (4034108 Gflops/s) | Temperatures: 65°C - 67°C - 72°C - 71°C - 66°C - 67°C - 72°C - 72°C | Throttling: None - None - None - None - None - None - None - None
3769 (4144059 Gflops/s) - 3740 (4112173 Gflops/s) - 3722 (4092382 Gflops/s) - 3694 (4061595 Gflops/s) - 3654 (4017615 Gflops/s) - 3749 (4122069 Gflops/s) - 3697 (4064894 Gflops/s) - 3672 (4037406 Gflops/s) | Temperatures: 65°C - 67°C - 72°C - 71°C - 66°C - 67°C - 72°C - 72°C | Throttling: None - None - None - None - None - None - None - None
3769 (4144059 Gflops/s) - 3740 (4112173 Gflops/s) - 3717 (4086884 Gflops/s) - 3692 (4059396 Gflops/s) - 3658 (4022013 Gflops/s) - 3748 (4120969 Gflops/s) - 3695 (4062695 Gflops/s) - 3655 (4018714 Gflops/s) | Temperatures: 65°C - 67°C - 72°C - 71°C - 66°C - 67°C - 73°C - 71°C | Throttling: None - None - None - None - None - None - None - None
3769 (4144059 Gflops/s) - 3737 (4108874 Gflops/s) - 3723 (4093481 Gflops/s) - 3692 (4059396 Gflops/s) - 3656 (4019814 Gflops/s) - 3746 (4118770 Gflops/s) - 3688 (4054998 Gflops/s) - 3657 (4020914 Gflops/s) | Temperatures: 65°C - 67°C - 72°C - 71°C - 66°C - 67°C - 72°C - 72°C | Throttling: None - None - None - None - None - None - None - None
3769 (4144059 Gflops/s) - 3740 (4112173 Gflops/s) - 3720 (4090183 Gflops/s) - 3692 (4059396 Gflops/s) - 3653 (4016515 Gflops/s) - 3747 (4119870 Gflops/s) - 3698 (4065993 Gflops/s) - 3668 (4033008 Gflops/s) | Temperatures: 65°C - 67°C - 72°C - 71°C - 66°C - 67°C - 72°C - 72°C | Throttling: None - None - None - None - None - None - None - None
3769 (4144059 Gflops/s) - 3736 (4107775 Gflops/s) - 3714 (4083586 Gflops/s) - 3693 (4060496 Gflops/s) - 3657 (4020914 Gflops/s) - 3748 (4120969 Gflops/s) - 3696 (4063794 Gflops/s) - 3671 (4036307 Gflops/s) | Temperatures: 65°C - 67°C - 72°C - 71°C - 66°C - 67°C - 72°C - 72°C | Throttling: None - None - None - None - None - None - None - None
3769 (4144059 Gflops/s) - 3738 (4109974 Gflops/s) - 3720 (4090183 Gflops/s) - 3693 (4060496 Gflops/s) - 3654 (4017615 Gflops/s) - 3746 (4118770 Gflops/s) - 3689 (4056098 Gflops/s) - 3653 (4016515 Gflops/s) | Temperatures: 65°C - 67°C - 72°C - 71°C - 66°C - 67°C - 72°C - 72°C | Throttling: None - None - None - None - None - None - None - None
3769 (4144059 Gflops/s) - 3741 (4113272 Gflops/s) - 3719 (4089083 Gflops/s) - 3693 (4060496 Gflops/s) - 3653 (4016515 Gflops/s) - 3747 (4119870 Gflops/s) - 3691 (4058297 Gflops/s) - 3661 (4025312 Gflops/s) | Temperatures: 65°C - 67°C - 72°C - 71°C - 66°C - 67°C - 72°C - 72°C | Throttling: None - None - None - None - None - None - None - None
3769 (4144059 Gflops/s) - 3740 (4112173 Gflops/s) - 3716 (4085785 Gflops/s) - 3693 (4060496 Gflops/s) - 3652 (4015416 Gflops/s) - 3748 (4120969 Gflops/s) - 3691 (4058297 Gflops/s) - 3660 (4024212 Gflops/s) | Temperatures: 65°C - 67°C - 72°C - 71°C - 66°C - 67°C - 72°C - 72°C | Throttling: None - None - None - None - None - None - None - None
3773 (4148457 Gflops/s) - 3741 (4113272 Gflops/s) - 3725 (4095680 Gflops/s) - 3697 (4064894 Gflops/s) - 3656 (4019814 Gflops/s) - 3752 (4125367 Gflops/s) - 3697 (4064894 Gflops/s) - 3650 (4013217 Gflops/s) | Temperatures: 65°C - 67°C - 72°C - 71°C - 66°C - 67°C - 73°C - 72°C | Throttling: None - None - None - None - None - None - None - None
3769 (4144059 Gflops/s) - 3740 (4112173 Gflops/s) - 3718 (4087984 Gflops/s) - 3693 (4060496 Gflops/s) - 3652 (4015416 Gflops/s) - 3747 (4119870 Gflops/s) - 3692 (4059396 Gflops/s) - 3655 (4018714 Gflops/s) | Temperatures: 65°C - 67°C - 72°C - 71°C - 66°C - 67°C - 72°C - 72°C | Throttling: None - None - None - None - None - None - None - None
3770 (4145158 Gflops/s) - 3742 (4114372 Gflops/s) - 3723 (4093481 Gflops/s) - 3692 (4059396 Gflops/s) - 3651 (4014316 Gflops/s) - 3746 (4118770 Gflops/s) - 3693 (4060496 Gflops/s) - 3671 (4036307 Gflops/s) | Temperatures: 65°C - 67°C - 72°C - 71°C - 66°C - 67°C - 72°C - 72°C | Throttling: None - None - None - None - None - None - None - None
3769 (4144059 Gflops/s) - 3736 (4107775 Gflops/s) - 3718 (4087984 Gflops/s) - 3693 (4060496 Gflops/s) - 3655 (4018714 Gflops/s) - 3746 (4118770 Gflops/s) - 3699 (4067093 Gflops/s) - 3674 (4039605 Gflops/s) | Temperatures: 65°C - 67°C - 72°C - 71°C - 66°C - 67°C - 73°C - 72°C | Throttling: None - None - None - None - None - None - None - None
3769 (4144059 Gflops/s) - 3738 (4109974 Gflops/s) - 3721 (4091282 Gflops/s) - 3690 (4057197 Gflops/s) - 3652 (4015416 Gflops/s) - 3746 (4118770 Gflops/s) - 3691 (4058297 Gflops/s) - 3664 (4028610 Gflops/s) | Temperatures: 65°C - 67°C - 72°C - 71°C - 66°C - 67°C - 73°C - 72°C | Throttling: None - None - None - None - None - None - None - None
3770 (4145158 Gflops/s) - 3738 (4109974 Gflops/s) - 3723 (4093481 Gflops/s) - 3694 (4061595 Gflops/s) - 3655 (4018714 Gflops/s) - 3746 (4118770 Gflops/s) - 3704 (4072591 Gflops/s) - 3673 (4038506 Gflops/s) | Temperatures: 65°C - 67°C - 72°C - 71°C - 66°C - 67°C - 72°C - 72°C | Throttling: None - None - None - None - None - None - None - None
3769 (4144059 Gflops/s) - 3733 (4104476 Gflops/s) - 3729 (4100078 Gflops/s) - 3690 (4057197 Gflops/s) - 3656 (4019814 Gflops/s) - 3747 (4119870 Gflops/s) - 3687 (4053899 Gflops/s) - 3668 (4033008 Gflops/s) | Temperatures: 65°C - 67°C - 72°C - 71°C - 66°C - 67°C - 73°C - 72°C | Throttling: None - None - None - None - None - None - None - None
3770 (4145158 Gflops/s) - 3738 (4109974 Gflops/s) - 3731 (4102277 Gflops/s) - 3694 (4061595 Gflops/s) - 3657 (4020914 Gflops/s) - 3746 (4118770 Gflops/s) - 3692 (4059396 Gflops/s) - 3687 (4053899 Gflops/s) | Temperatures: 65°C - 67°C - 72°C - 71°C - 66°C - 67°C - 72°C - 72°C | Throttling: None - None - None - None - None - None - None - None
3769 (4144059 Gflops/s) - 3738 (4109974 Gflops/s) - 3731 (4102277 Gflops/s) - 3690 (4057197 Gflops/s) - 3654 (4017615 Gflops/s) - 3746 (4118770 Gflops/s) - 3694 (4061595 Gflops/s) - 3674 (4039605 Gflops/s) | Temperatures: 65°C - 67°C - 72°C - 71°C - 66°C - 67°C - 72°C - 72°C | Throttling: None - None - None - None - None - None - None - None
3770 (4145158 Gflops/s) - 3734 (4105576 Gflops/s) - 3731 (4102277 Gflops/s) - 3694 (4061595 Gflops/s) - 3654 (4017615 Gflops/s) - 3745 (4117671 Gflops/s) - 3704 (4072591 Gflops/s) - 3673 (4038506 Gflops/s) | Temperatures: 65°C - 67°C - 72°C - 71°C - 66°C - 67°C - 73°C - 72°C | Throttling: None - None - None - None - None - None - None - None
3769 (4144059 Gflops/s) - 3738 (4109974 Gflops/s) - 3731 (4102277 Gflops/s) - 3692 (4059396 Gflops/s) - 3651 (4014316 Gflops/s) - 3746 (4118770 Gflops/s) - 3695 (4062695 Gflops/s) - 3649 (4012117 Gflops/s) | Temperatures: 65°C - 67°C - 72°C - 71°C - 66°C - 67°C - 73°C - 72°C | Throttling: None - None - None - None - None - None - None - None
3770 (4145158 Gflops/s) - 3739 (4111073 Gflops/s) - 3728 (4098979 Gflops/s) - 3693 (4060496 Gflops/s) - 3653 (4016515 Gflops/s) - 3748 (4120969 Gflops/s) - 3695 (4062695 Gflops/s) - 3665 (4029710 Gflops/s) | Temperatures: 65°C - 67°C - 72°C - 71°C - 66°C - 67°C - 73°C - 72°C | Throttling: None - None - None - None - None - None - None - None
3773 (4148457 Gflops/s) - 3743 (4115472 Gflops/s) - 3734 (4105576 Gflops/s) - 3697 (4064894 Gflops/s) - 3661 (4025312 Gflops/s) - 3749 (4122069 Gflops/s) - 3704 (4072591 Gflops/s) - 3675 (4040705 Gflops/s) | Temperatures: 65°C - 67°C - 72°C - 71°C - 66°C - 67°C - 73°C - 72°C | Throttling: None - None - None - None - None - None - None - None
3770 (4145158 Gflops/s) - 3736 (4107775 Gflops/s) - 3731 (4102277 Gflops/s) - 3692 (4059396 Gflops/s) - 3655 (4018714 Gflops/s) - 3746 (4118770 Gflops/s) - 3689 (4056098 Gflops/s) - 3658 (4022013 Gflops/s) | Temperatures: 65°C - 67°C - 72°C - 71°C - 66°C - 67°C - 72°C - 72°C | Throttling: None - None - None - None - None - None - None - None
3769 (4144059 Gflops/s) - 3738 (4109974 Gflops/s) - 3732 (4103377 Gflops/s) - 3692 (4059396 Gflops/s) - 3652 (4015416 Gflops/s) - 3745 (4117671 Gflops/s) - 3696 (4063794 Gflops/s) - 3665 (4029710 Gflops/s) | Temperatures: 65°C - 67°C - 72°C - 71°C - 66°C - 67°C - 73°C - 72°C | Throttling: None - None - None - None - None - None - None - None
3770 (4145158 Gflops/s) - 3732 (4103377 Gflops/s) - 3731 (4102277 Gflops/s) - 3693 (4060496 Gflops/s) - 3651 (4014316 Gflops/s) - 3748 (4120969 Gflops/s) - 3695 (4062695 Gflops/s) - 3661 (4025312 Gflops/s) | Temperatures: 65°C - 67°C - 72°C - 71°C - 66°C - 67°C - 72°C - 72°C | Throttling: None - None - None - None - None - None - None - None
3769 (4144059 Gflops/s) - 3733 (4104476 Gflops/s) - 3730 (4101178 Gflops/s) - 3690 (4057197 Gflops/s) - 3655 (4018714 Gflops/s) - 3746 (4118770 Gflops/s) - 3694 (4061595 Gflops/s) - 3672 (4037406 Gflops/s) | Temperatures: 65°C - 67°C - 72°C - 71°C - 66°C - 67°C - 73°C - 72°C | Throttling: None - None - None - None - None - None - None - None
3770 (4145158 Gflops/s) - 3741 (4113272 Gflops/s) - 3729 (4100078 Gflops/s) - 3694 (4061595 Gflops/s) - 3657 (4020914 Gflops/s) - 3746 (4118770 Gflops/s) - 3702 (4070392 Gflops/s) - 3664 (4028610 Gflops/s) | Temperatures: 65°C - 67°C - 72°C - 71°C - 66°C - 67°C - 73°C - 72°C | Throttling: None - None - None - None - None - None - None - None
3770 (4145158 Gflops/s) - 3736 (4107775 Gflops/s) - 3727 (4097879 Gflops/s) - 3691 (4058297 Gflops/s) - 3653 (4016515 Gflops/s) - 3746 (4118770 Gflops/s) - 3702 (4070392 Gflops/s) - 3665 (4029710 Gflops/s) | Temperatures: 65°C - 67°C - 72°C - 71°C - 66°C - 67°C - 73°C - 72°C | Throttling: None - None - None - None - None - None - None - None
3769 (4144059 Gflops/s) - 3737 (4108874 Gflops/s) - 3731 (4102277 Gflops/s) - 3692 (4059396 Gflops/s) - 3650 (4013217 Gflops/s) - 3746 (4118770 Gflops/s) - 3690 (4057197 Gflops/s) - 3682 (4048401 Gflops/s) | Temperatures: 65°C - 67°C - 73°C - 71°C - 66°C - 67°C - 73°C - 72°C | Throttling: None - None - None - None - None - None - None - None
3769 (4144059 Gflops/s) - 3735 (4106675 Gflops/s) - 3729 (4100078 Gflops/s) - 3692 (4059396 Gflops/s) - 3649 (4012117 Gflops/s) - 3746 (4118770 Gflops/s) - 3693 (4060496 Gflops/s) - 3663 (4027511 Gflops/s) | Temperatures: 65°C - 67°C - 73°C - 71°C - 66°C - 67°C - 73°C - 72°C | Throttling: None - None - None - None - None - None - None - None
3770 (4145158 Gflops/s) - 3731 (4102277 Gflops/s) - 3732 (4103377 Gflops/s) - 3694 (4061595 Gflops/s) - 3650 (4013217 Gflops/s) - 3744 (4116571 Gflops/s) - 3698 (4065993 Gflops/s) - 3672 (4037406 Gflops/s) | Temperatures: 65°C - 67°C - 73°C - 71°C - 66°C - 67°C - 73°C - 72°C | Throttling: None - None - None - None - None - None - None - None
3769 (4144059 Gflops/s) - 3734 (4105576 Gflops/s) - 3729 (4100078 Gflops/s) - 3690 (4057197 Gflops/s) - 3650 (4013217 Gflops/s) - 3746 (4118770 Gflops/s) - 3693 (4060496 Gflops/s) - 3677 (4042904 Gflops/s) | Temperatures: 65°C - 67°C - 73°C - 71°C - 66°C - 67°C - 73°C - 72°C | Throttling: None - None - None - None - None - None - None - None
3770 (4145158 Gflops/s) - 3734 (4105576 Gflops/s) - 3728 (4098979 Gflops/s) - 3693 (4060496 Gflops/s) - 3649 (4012117 Gflops/s) - 3744 (4116571 Gflops/s) - 3694 (4061595 Gflops/s) - 3646 (4008819 Gflops/s) | Temperatures: 65°C - 67°C - 72°C - 71°C - 66°C - 67°C - 73°C - 72°C | Throttling: None - None - None - None - None - None - None - None
3770 (4145158 Gflops/s) - 3734 (4105576 Gflops/s) - 3729 (4100078 Gflops/s) - 3692 (4059396 Gflops/s) - 3648 (4011018 Gflops/s) - 3747 (4119870 Gflops/s) - 3694 (4061595 Gflops/s) - 3664 (4028610 Gflops/s) | Temperatures: 65°C - 67°C - 73°C - 71°C - 66°C - 67°C - 73°C - 72°C | Throttling: None - None - None - None - None - None - None - None
3769 (4144059 Gflops/s) - 3733 (4104476 Gflops/s) - 3729 (4100078 Gflops/s) - 3693 (4060496 Gflops/s) - 3646 (4008819 Gflops/s) - 3745 (4117671 Gflops/s) - 3695 (4062695 Gflops/s) - 3643 (4005520 Gflops/s) | Temperatures: 65°C - 67°C - 73°C - 71°C - 66°C - 67°C - 73°C - 72°C | Throttling: None - None - None - None - None - None - None - None
3769 (4144059 Gflops/s) - 3732 (4103377 Gflops/s) - 3730 (4101178 Gflops/s) - 3695 (4062695 Gflops/s) - 3647 (4009918 Gflops/s) - 3746 (4118770 Gflops/s) - 3692 (4059396 Gflops/s) - 3660 (4024212 Gflops/s) | Temperatures: 65°C - 67°C - 73°C - 71°C - 66°C - 67°C - 73°C - 72°C | Throttling: None - None - None - None - None - None - None - None
3774 (4149556 Gflops/s) - 3742 (4114372 Gflops/s) - 3734 (4105576 Gflops/s) - 3695 (4062695 Gflops/s) - 3653 (4016515 Gflops/s) - 3750 (4123168 Gflops/s) - 3702 (4070392 Gflops/s) - 3673 (4038506 Gflops/s) | Temperatures: 65°C - 67°C - 73°C - 71°C - 66°C - 67°C - 73°C - 72°C | Throttling: None - None - None - None - None - None - None - None
3769 (4144059 Gflops/s) - 3735 (4106675 Gflops/s) - 3729 (4100078 Gflops/s) - 3690 (4057197 Gflops/s) - 3652 (4015416 Gflops/s) - 3747 (4119870 Gflops/s) - 3697 (4064894 Gflops/s) - 3679 (4045103 Gflops/s) | Temperatures: 65°C - 67°C - 73°C - 71°C - 66°C - 67°C - 73°C - 72°C | Throttling: None - None - None - None - None - None - None - None
3769 (4144059 Gflops/s) - 3732 (4103377 Gflops/s) - 3730 (4101178 Gflops/s) - 3690 (4057197 Gflops/s) - 3646 (4008819 Gflops/s) - 3746 (4118770 Gflops/s) - 3693 (4060496 Gflops/s) - 3643 (4005520 Gflops/s) | Temperatures: 65°C - 67°C - 73°C - 71°C - 66°C - 67°C - 73°C - 72°C | Throttling: None - None - None - None - None - None - None - None
3770 (4145158 Gflops/s) - 3743 (4115472 Gflops/s) - 3731 (4102277 Gflops/s) - 3692 (4059396 Gflops/s) - 3649 (4012117 Gflops/s) - 3745 (4117671 Gflops/s) - 3689 (4056098 Gflops/s) - 3672 (4037406 Gflops/s) | Temperatures: 65°C - 67°C - 73°C - 71°C - 66°C - 67°C - 73°C - 72°C | Throttling: None - None - None - None - None - None - None - None
3769 (4144059 Gflops/s) - 3729 (4100078 Gflops/s) - 3729 (4100078 Gflops/s) - 3690 (4057197 Gflops/s) - 3648 (4011018 Gflops/s) - 3747 (4119870 Gflops/s) - 3697 (4064894 Gflops/s) - 3672 (4037406 Gflops/s) | Temperatures: 65°C - 67°C - 73°C - 71°C - 66°C - 67°C - 73°C - 72°C | Throttling: None - None - None - None - None - None - None - None
3769 (4144059 Gflops/s) - 3732 (4103377 Gflops/s) - 3727 (4097879 Gflops/s) - 3692 (4059396 Gflops/s) - 3647 (4009918 Gflops/s) - 3745 (4117671 Gflops/s) - 3699 (4067093 Gflops/s) - 3668 (4033008 Gflops/s) | Temperatures: 65°C - 67°C - 73°C - 71°C - 66°C - 67°C - 73°C - 72°C | Throttling: None - None - None - None - None - None - None - None
3769 (4144059 Gflops/s) - 3738 (4109974 Gflops/s) - 3727 (4097879 Gflops/s) - 3692 (4059396 Gflops/s) - 3651 (4014316 Gflops/s) - 3745 (4117671 Gflops/s) - 3698 (4065993 Gflops/s) - 3659 (4023113 Gflops/s) | Temperatures: 65°C - 67°C - 73°C - 71°C - 66°C - 67°C - 73°C - 72°C | Throttling: None - None - None - None - None - None - None - None
3770 (4145158 Gflops/s) - 3734 (4105576 Gflops/s) - 3730 (4101178 Gflops/s) - 3689 (4056098 Gflops/s) - 3651 (4014316 Gflops/s) - 3745 (4117671 Gflops/s) - 3698 (4065993 Gflops/s) - 3667 (4031909 Gflops/s) | Temperatures: 65°C - 67°C - 73°C - 71°C - 66°C - 67°C - 73°C - 72°C | Throttling: None - None - None - None - None - None - None - None
3769 (4144059 Gflops/s) - 3736 (4107775 Gflops/s) - 3729 (4100078 Gflops/s) - 3692 (4059396 Gflops/s) - 3646 (4008819 Gflops/s) - 3745 (4117671 Gflops/s) - 3686 (4052799 Gflops/s) - 3670 (4035207 Gflops/s) | Temperatures: 65°C - 67°C - 73°C - 71°C - 66°C - 67°C - 73°C - 72°C | Throttling: None - None - None - None - None - None - None - None
3769 (4144059 Gflops/s) - 3732 (4103377 Gflops/s) - 3728 (4098979 Gflops/s) - 3692 (4059396 Gflops/s) - 3647 (4009918 Gflops/s) - 3746 (4118770 Gflops/s) - 3689 (4056098 Gflops/s) - 3671 (4036307 Gflops/s) | Temperatures: 65°C - 67°C - 73°C - 71°C - 66°C - 67°C - 73°C - 72°C | Throttling: None - None - None - None - None - None - None - None
3769 (4144059 Gflops/s) - 3735 (4106675 Gflops/s) - 3726 (4096780 Gflops/s) - 3690 (4057197 Gflops/s) - 3645 (4007719 Gflops/s) - 3746 (4118770 Gflops/s) - 3695 (4062695 Gflops/s) - 3675 (4040705 Gflops/s) | Temperatures: 65°C - 67°C - 73°C - 71°C - 66°C - 67°C - 73°C - 72°C | Throttling: None - None - None - None - None - None - None - None
3770 (4145158 Gflops/s) - 3733 (4104476 Gflops/s) - 3730 (4101178 Gflops/s) - 3693 (4060496 Gflops/s) - 3651 (4014316 Gflops/s) - 3746 (4118770 Gflops/s) - 3694 (4061595 Gflops/s) - 3673 (4038506 Gflops/s) | Temperatures: 65°C - 67°C - 73°C - 71°C - 66°C - 67°C - 73°C - 72°C | Throttling: None - None - None - None - None - None - None - None
3773 (4148457 Gflops/s) - 3740 (4112173 Gflops/s) - 3734 (4105576 Gflops/s) - 3694 (4061595 Gflops/s) - 3650 (4013217 Gflops/s) - 3750 (4123168 Gflops/s) - 3696 (4063794 Gflops/s) - 3670 (4035207 Gflops/s) | Temperatures: 65°C - 67°C - 73°C - 71°C - 66°C - 67°C - 73°C - 72°C | Throttling: None - None - None - None - None - None - None - None
3769 (4144059 Gflops/s) - 3736 (4107775 Gflops/s) - 3725 (4095680 Gflops/s) - 3692 (4059396 Gflops/s) - 3649 (4012117 Gflops/s) - 3745 (4117671 Gflops/s) - 3690 (4057197 Gflops/s) - 3659 (4023113 Gflops/s) | Temperatures: 65°C - 67°C - 73°C - 71°C - 66°C - 67°C - 73°C - 72°C | Throttling: None - None - None - None - None - None - None - None
3769 (4144059 Gflops/s) - 3735 (4106675 Gflops/s) - 3725 (4095680 Gflops/s) - 3690 (4057197 Gflops/s) - 3648 (4011018 Gflops/s) - 3746 (4118770 Gflops/s) - 3691 (4058297 Gflops/s) - 3653 (4016515 Gflops/s) | Temperatures: 65°C - 67°C - 73°C - 71°C - 66°C - 67°C - 73°C - 72°C | Throttling: None - None - None - None - None - None - None - None
3770 (4145158 Gflops/s) - 3733 (4104476 Gflops/s) - 3730 (4101178 Gflops/s) - 3691 (4058297 Gflops/s) - 3646 (4008819 Gflops/s) - 3747 (4119870 Gflops/s) - 3698 (4065993 Gflops/s) - 3665 (4029710 Gflops/s) | Temperatures: 65°C - 67°C - 73°C - 71°C - 66°C - 67°C - 73°C - 72°C | Throttling: None - None - None - None - None - None - None - None
3769 (4144059 Gflops/s) - 3739 (4111073 Gflops/s) - 3729 (4100078 Gflops/s) - 3690 (4057197 Gflops/s) - 3646 (4008819 Gflops/s) - 3745 (4117671 Gflops/s) - 3687 (4053899 Gflops/s) - 3651 (4014316 Gflops/s) | Temperatures: 65°C - 67°C - 73°C - 71°C - 66°C - 67°C - 73°C - 72°C | Throttling: None - None - None - None - None - None - None - None
3770 (4145158 Gflops/s) - 3735 (4106675 Gflops/s) - 3726 (4096780 Gflops/s) - 3690 (4057197 Gflops/s) - 3652 (4015416 Gflops/s) - 3746 (4118770 Gflops/s) - 3689 (4056098 Gflops/s) - 3656 (4019814 Gflops/s) | Temperatures: 65°C - 67°C - 73°C - 71°C - 66°C - 67°C - 73°C - 72°C | Throttling: None - None - None - None - None - None - None - None
3769 (4144059 Gflops/s) - 3733 (4104476 Gflops/s) - 3727 (4097879 Gflops/s) - 3692 (4059396 Gflops/s) - 3651 (4014316 Gflops/s) - 3746 (4118770 Gflops/s) - 3692 (4059396 Gflops/s) - 3653 (4016515 Gflops/s) | Temperatures: 65°C - 67°C - 73°C - 71°C - 66°C - 67°C - 73°C - 72°C | Throttling: None - None - None - None - None - None - None - None
3770 (4145158 Gflops/s) - 3734 (4105576 Gflops/s) - 3729 (4100078 Gflops/s) - 3690 (4057197 Gflops/s) - 3649 (4012117 Gflops/s) - 3747 (4119870 Gflops/s) - 3689 (4056098 Gflops/s) - 3664 (4028610 Gflops/s) | Temperatures: 65°C - 67°C - 73°C - 71°C - 66°C - 67°C - 73°C - 72°C | Throttling: None - None - None - None - None - None - None - None
3769 (4144059 Gflops/s) - 3732 (4103377 Gflops/s) - 3725 (4095680 Gflops/s) - 3691 (4058297 Gflops/s) - 3647 (4009918 Gflops/s) - 3746 (4118770 Gflops/s) - 3698 (4065993 Gflops/s) - 3681 (4047302 Gflops/s) | Temperatures: 65°C - 67°C - 73°C - 71°C - 66°C - 67°C - 73°C - 72°C | Throttling: None - None - None - None - None - None - None - None
3770 (4145158 Gflops/s) - 3734 (4105576 Gflops/s) - 3729 (4100078 Gflops/s) - 3690 (4057197 Gflops/s) - 3651 (4014316 Gflops/s) - 3745 (4117671 Gflops/s) - 3688 (4054998 Gflops/s) - 3652 (4015416 Gflops/s) | Temperatures: 65°C - 67°C - 73°C - 71°C - 66°C - 67°C - 73°C - 72°C | Throttling: None - None - None - None - None - None - None - None
3769 (4144059 Gflops/s) - 3733 (4104476 Gflops/s) - 3725 (4095680 Gflops/s) - 3692 (4059396 Gflops/s) - 3642 (4004421 Gflops/s) - 3746 (4118770 Gflops/s) - 3697 (4064894 Gflops/s) - 3662 (4026411 Gflops/s) | Temperatures: 65°C - 67°C - 73°C - 71°C - 66°C - 67°C - 73°C - 72°C | Throttling: None - None - None - None - None - None - None - None
3769 (4144059 Gflops/s) - 3740 (4112173 Gflops/s) - 3728 (4098979 Gflops/s) - 3690 (4057197 Gflops/s) - 3649 (4012117 Gflops/s) - 3745 (4117671 Gflops/s) - 3696 (4063794 Gflops/s) - 3677 (4042904 Gflops/s) | Temperatures: 65°C - 67°C - 73°C - 71°C - 66°C - 67°C - 73°C - 72°C | Throttling: None - None - None - None - None - None - None - None
3769 (4144059 Gflops/s) - 3736 (4107775 Gflops/s) - 3728 (4098979 Gflops/s) - 3692 (4059396 Gflops/s) - 3647 (4009918 Gflops/s) - 3745 (4117671 Gflops/s) - 3690 (4057197 Gflops/s) - 3659 (4023113 Gflops/s) | Temperatures: 65°C - 67°C - 73°C - 71°C - 66°C - 67°C - 73°C - 72°C | Throttling: None - None - None - None - None - None - None - None
3773 (4148457 Gflops/s) - 3737 (4108874 Gflops/s) - 3730 (4101178 Gflops/s) - 3693 (4060496 Gflops/s) - 3654 (4017615 Gflops/s) - 3749 (4122069 Gflops/s) - 3694 (4061595 Gflops/s) - 3665 (4029710 Gflops/s) | Temperatures: 65°C - 67°C - 73°C - 71°C - 66°C - 67°C - 73°C - 72°C | Throttling: None - None - None - None - None - None - None - None
3769 (4144059 Gflops/s) - 3733 (4104476 Gflops/s) - 3729 (4100078 Gflops/s) - 3690 (4057197 Gflops/s) - 3650 (4013217 Gflops/s) - 3744 (4116571 Gflops/s) - 3694 (4061595 Gflops/s) - 3685 (4051700 Gflops/s) | Temperatures: 65°C - 67°C - 73°C - 71°C - 66°C - 67°C - 73°C - 72°C | Throttling: None - None - None - None - None - None - None - None
3770 (4145158 Gflops/s) - 3732 (4103377 Gflops/s) - 3725 (4095680 Gflops/s) - 3690 (4057197 Gflops/s) - 3647 (4009918 Gflops/s) - 3744 (4116571 Gflops/s) - 3696 (4063794 Gflops/s) - 3680 (4046202 Gflops/s) | Temperatures: 65°C - 67°C - 73°C - 71°C - 66°C - 67°C - 73°C - 72°C | Throttling: None - None - None - None - None - None - None - None
3769 (4144059 Gflops/s) - 3734 (4105576 Gflops/s) - 3727 (4097879 Gflops/s) - 3690 (4057197 Gflops/s) - 3649 (4012117 Gflops/s) - 3746 (4118770 Gflops/s) - 3692 (4059396 Gflops/s) - 3646 (4008819 Gflops/s) | Temperatures: 65°C - 67°C - 73°C - 71°C - 66°C - 67°C - 73°C - 72°C | Throttling: None - None - None - None - None - None - None - None
3769 (4144059 Gflops/s) - 3735 (4106675 Gflops/s) - 3727 (4097879 Gflops/s) - 3690 (4057197 Gflops/s) - 3648 (4011018 Gflops/s) - 3745 (4117671 Gflops/s) - 3699 (4067093 Gflops/s) - 3663 (4027511 Gflops/s) | Temperatures: 65°C - 67°C - 73°C - 71°C - 66°C - 67°C - 73°C - 72°C | Throttling: None - None - None - None - None - None - None - None
3769 (4144059 Gflops/s) - 3732 (4103377 Gflops/s) - 3726 (4096780 Gflops/s) - 3691 (4058297 Gflops/s) - 3650 (4013217 Gflops/s) - 3745 (4117671 Gflops/s) - 3688 (4054998 Gflops/s) - 3659 (4023113 Gflops/s) | Temperatures: 65°C - 67°C - 73°C - 71°C - 66°C - 67°C - 73°C - 72°C | Throttling: None - None - None - None - None - None - None - None
3770 (4145158 Gflops/s) - 3733 (4104476 Gflops/s) - 3726 (4096780 Gflops/s) - 3690 (4057197 Gflops/s) - 3650 (4013217 Gflops/s) - 3743 (4115472 Gflops/s) - 3693 (4060496 Gflops/s) - 3659 (4023113 Gflops/s) | Temperatures: 65°C - 67°C - 73°C - 71°C - 66°C - 67°C - 73°C - 72°C | Throttling: None - None - None - None - None - None - None - None
3769 (4144059 Gflops/s) - 3736 (4107775 Gflops/s) - 3727 (4097879 Gflops/s) - 3691 (4058297 Gflops/s) - 3651 (4014316 Gflops/s) - 3745 (4117671 Gflops/s) - 3691 (4058297 Gflops/s) - 3665 (4029710 Gflops/s) | Temperatures: 65°C - 67°C - 73°C - 71°C - 66°C - 67°C - 73°C - 72°C | Throttling: None - None - None - None - None - None - None - None
3770 (4145158 Gflops/s) - 3733 (4104476 Gflops/s) - 3726 (4096780 Gflops/s) - 3691 (4058297 Gflops/s) - 3649 (4012117 Gflops/s) - 3746 (4118770 Gflops/s) - 3699 (4067093 Gflops/s) - 3657 (4020914 Gflops/s) | Temperatures: 65°C - 67°C - 73°C - 71°C - 66°C - 67°C - 73°C - 72°C | Throttling: None - None - None - None - None - None - None - None
3770 (4145158 Gflops/s) - 3735 (4106675 Gflops/s) - 3724 (4094581 Gflops/s) - 3691 (4058297 Gflops/s) - 3644 (4006620 Gflops/s) - 3745 (4117671 Gflops/s) - 3691 (4058297 Gflops/s) - 3651 (4014316 Gflops/s) | Temperatures: 65°C - 67°C - 73°C - 71°C - 66°C - 67°C - 73°C - 72°C | Throttling: None - None - None - None - None - None - None - None
3768 (4142959 Gflops/s) - 3735 (4106675 Gflops/s) - 3727 (4097879 Gflops/s) - 3689 (4056098 Gflops/s) - 3647 (4009918 Gflops/s) - 3745 (4117671 Gflops/s) - 3699 (4067093 Gflops/s) - 3667 (4031909 Gflops/s) | Temperatures: 65°C - 67°C - 73°C - 71°C - 66°C - 67°C - 73°C - 72°C | Throttling: None - None - None - None - None - None - None - None
3769 (4144059 Gflops/s) - 3735 (4106675 Gflops/s) - 3726 (4096780 Gflops/s) - 3693 (4060496 Gflops/s) - 3653 (4016515 Gflops/s) - 3746 (4118770 Gflops/s) - 3703 (4071491 Gflops/s) - 3649 (4012117 Gflops/s) | Temperatures: 65°C - 67°C - 73°C - 71°C - 66°C - 67°C - 73°C - 72°C | Throttling: None - None - None - None - None - None - None - None
3770 (4145158 Gflops/s) - 3734 (4105576 Gflops/s) - 3727 (4097879 Gflops/s) - 3692 (4059396 Gflops/s) - 3648 (4011018 Gflops/s) - 3745 (4117671 Gflops/s) - 3700 (4068193 Gflops/s) - 3657 (4020914 Gflops/s) | Temperatures: 65°C - 67°C - 73°C - 71°C - 66°C - 67°C - 73°C - 72°C | Throttling: None - None - None - None - None - None - None - None
3769 (4144059 Gflops/s) - 3737 (4108874 Gflops/s) - 3727 (4097879 Gflops/s) - 3692 (4059396 Gflops/s) - 3650 (4013217 Gflops/s) - 3744 (4116571 Gflops/s) - 3706 (4074790 Gflops/s) - 3680 (4046202 Gflops/s) | Temperatures: 65°C - 67°C - 73°C - 71°C - 66°C - 67°C - 73°C - 72°C | Throttling: None - None - None - None - None - None - None - None
3769 (4144059 Gflops/s) - 3735 (4106675 Gflops/s) - 3729 (4100078 Gflops/s) - 3692 (4059396 Gflops/s) - 3649 (4012117 Gflops/s) - 3746 (4118770 Gflops/s) - 3705 (4073690 Gflops/s) - 3647 (4009918 Gflops/s) | Temperatures: 65°C - 67°C - 73°C - 71°C - 66°C - 67°C - 73°C - 72°C | Throttling: None - None - None - None - None - None - None - None
3769 (4144059 Gflops/s) - 3734 (4105576 Gflops/s) - 3724 (4094581 Gflops/s) - 3686 (4052799 Gflops/s) - 3651 (4014316 Gflops/s) - 3744 (4116571 Gflops/s) - 3697 (4064894 Gflops/s) - 3672 (4037406 Gflops/s) | Temperatures: 65°C - 67°C - 73°C - 71°C - 66°C - 67°C - 73°C - 72°C | Throttling: None - None - None - None - None - None - None - None
3773 (4148457 Gflops/s) - 3740 (4112173 Gflops/s) - 3730 (4101178 Gflops/s) - 3698 (4065993 Gflops/s) - 3653 (4016515 Gflops/s) - 3750 (4123168 Gflops/s) - 3707 (4075889 Gflops/s) - 3654 (4017615 Gflops/s) | Temperatures: 65°C - 67°C - 73°C - 71°C - 66°C - 67°C - 73°C - 72°C | Throttling: None - None - None - None - None - None - None - None
3770 (4145158 Gflops/s) - 3734 (4105576 Gflops/s) - 3730 (4101178 Gflops/s) - 3694 (4061595 Gflops/s) - 3649 (4012117 Gflops/s) - 3746 (4118770 Gflops/s) - 3705 (4073690 Gflops/s) - 3666 (4030809 Gflops/s) | Temperatures: 65°C - 67°C - 73°C - 71°C - 66°C - 67°C - 73°C - 72°C | Throttling: None - None - None - None - None - None - None - None
3769 (4144059 Gflops/s) - 3730 (4101178 Gflops/s) - 3725 (4095680 Gflops/s) - 3694 (4061595 Gflops/s) - 3649 (4012117 Gflops/s) - 3747 (4119870 Gflops/s) - 3710 (4079188 Gflops/s) - 3657 (4020914 Gflops/s) | Temperatures: 65°C - 67°C - 73°C - 71°C - 66°C - 67°C - 73°C - 72°C | Throttling: None - None - None - None - None - None - None - None
3769 (4144059 Gflops/s) - 3738 (4109974 Gflops/s) - 3728 (4098979 Gflops/s) - 3686 (4052799 Gflops/s) - 3648 (4011018 Gflops/s) - 3745 (4117671 Gflops/s) - 3703 (4071491 Gflops/s) - 3660 (4024212 Gflops/s) | Temperatures: 65°C - 67°C - 73°C - 71°C - 66°C - 67°C - 73°C - 72°C | Throttling: None - None - None - None - None - None - None - None
3770 (4145158 Gflops/s) - 3735 (4106675 Gflops/s) - 3727 (4097879 Gflops/s) - 3695 (4062695 Gflops/s) - 3649 (4012117 Gflops/s) - 3745 (4117671 Gflops/s) - 3703 (4071491 Gflops/s) - 3653 (4016515 Gflops/s) | Temperatures: 65°C - 67°C - 73°C - 71°C - 66°C - 67°C - 73°C - 72°C | Throttling: None - None - None - None - None - None - None - None
3769 (4144059 Gflops/s) - 3734 (4105576 Gflops/s) - 3728 (4098979 Gflops/s) - 3692 (4059396 Gflops/s) - 3647 (4009918 Gflops/s) - 3745 (4117671 Gflops/s) - 3699 (4067093 Gflops/s) - 3664 (4028610 Gflops/s) | Temperatures: 65°C - 67°C - 73°C - 71°C - 66°C - 67°C - 73°C - 72°C | Throttling: None - None - None - None - None - None - None - None
3770 (4145158 Gflops/s) - 3735 (4106675 Gflops/s) - 3730 (4101178 Gflops/s) - 3691 (4058297 Gflops/s) - 3648 (4011018 Gflops/s) - 3747 (4119870 Gflops/s) - 3705 (4073690 Gflops/s) - 3661 (4025312 Gflops/s) | Temperatures: 65°C - 67°C - 73°C - 71°C - 66°C - 67°C - 73°C - 72°C | Throttling: None - None - None - None - None - None - None - None
3769 (4144059 Gflops/s) - 3739 (4111073 Gflops/s) - 3729 (4100078 Gflops/s) - 3692 (4059396 Gflops/s) - 3651 (4014316 Gflops/s) - 3746 (4118770 Gflops/s) - 3704 (4072591 Gflops/s) - 3662 (4026411 Gflops/s) | Temperatures: 65°C - 67°C - 72°C - 71°C - 66°C - 67°C - 73°C - 72°C | Throttling: None - None - None - None - None - None - None - None
3769 (4144059 Gflops/s) - 3737 (4108874 Gflops/s) - 3727 (4097879 Gflops/s) - 3692 (4059396 Gflops/s) - 3648 (4011018 Gflops/s) - 3745 (4117671 Gflops/s) - 3695 (4062695 Gflops/s) - 3681 (4047302 Gflops/s) | Temperatures: 65°C - 67°C - 72°C - 71°C - 66°C - 67°C - 73°C - 72°C | Throttling: None - None - None - None - None - None - None - None
3770 (4145158 Gflops/s) - 3739 (4111073 Gflops/s) - 3726 (4096780 Gflops/s) - 3691 (4058297 Gflops/s) - 3652 (4015416 Gflops/s) - 3747 (4119870 Gflops/s) - 3706 (4074790 Gflops/s) - 3684 (4050600 Gflops/s) | Temperatures: 65°C - 67°C - 73°C - 71°C - 66°C - 67°C - 73°C - 72°C | Throttling: None - None - None - None - None - None - None - None
3769 (4144059 Gflops/s) - 3737 (4108874 Gflops/s) - 3729 (4100078 Gflops/s) - 3693 (4060496 Gflops/s) - 3648 (4011018 Gflops/s) - 3746 (4118770 Gflops/s) - 3707 (4075889 Gflops/s) - 3665 (4029710 Gflops/s) | Temperatures: 65°C - 67°C - 72°C - 71°C - 66°C - 67°C - 73°C - 72°C | Throttling: None - None - None - None - None - None - None - None
3769 (4144059 Gflops/s) - 3736 (4107775 Gflops/s) - 3730 (4101178 Gflops/s) - 3691 (4058297 Gflops/s) - 3648 (4011018 Gflops/s) - 3748 (4120969 Gflops/s) - 3702 (4070392 Gflops/s) - 3672 (4037406 Gflops/s) | Temperatures: 65°C - 67°C - 73°C - 71°C - 66°C - 67°C - 73°C - 72°C | Throttling: None - None - None - None - None - None - None - None
3769 (4144059 Gflops/s) - 3740 (4112173 Gflops/s) - 3730 (4101178 Gflops/s) - 3692 (4059396 Gflops/s) - 3650 (4013217 Gflops/s) - 3746 (4118770 Gflops/s) - 3712 (4081387 Gflops/s) - 3673 (4038506 Gflops/s) | Temperatures: 65°C - 67°C - 73°C - 71°C - 66°C - 67°C - 73°C - 72°C | Throttling: None - None - None - None - None - None - None - None
3774 (4149556 Gflops/s) - 3742 (4114372 Gflops/s) - 3731 (4102277 Gflops/s) - 3694 (4061595 Gflops/s) - 3653 (4016515 Gflops/s) - 3748 (4120969 Gflops/s) - 3707 (4075889 Gflops/s) - 3647 (4009918 Gflops/s) | Temperatures: 65°C - 67°C - 72°C - 71°C - 66°C - 67°C - 73°C - 72°C | Throttling: None - None - None - None - None - None - None - None
3769 (4144059 Gflops/s) - 3738 (4109974 Gflops/s) - 3730 (4101178 Gflops/s) - 3693 (4060496 Gflops/s) - 3650 (4013217 Gflops/s) - 3747 (4119870 Gflops/s) - 3706 (4074790 Gflops/s) - 3662 (4026411 Gflops/s) | Temperatures: 65°C - 67°C - 72°C - 71°C - 66°C - 67°C - 73°C - 72°C | Throttling: None - None - None - None - None - None - None - None
3769 (4144059 Gflops/s) - 3735 (4106675 Gflops/s) - 3729 (4100078 Gflops/s) - 3693 (4060496 Gflops/s) - 3650 (4013217 Gflops/s) - 3747 (4119870 Gflops/s) - 3707 (4075889 Gflops/s) - 3657 (4020914 Gflops/s) | Temperatures: 65°C - 67°C - 73°C - 71°C - 66°C - 67°C - 73°C - 72°C | Throttling: None - None - None - None - None - None - None - None
3769 (4144059 Gflops/s) - 3738 (4109974 Gflops/s) - 3728 (4098979 Gflops/s) - 3692 (4059396 Gflops/s) - 3652 (4015416 Gflops/s) - 3747 (4119870 Gflops/s) - 3700 (4068193 Gflops/s) - 3675 (4040705 Gflops/s) | Temperatures: 65°C - 67°C - 72°C - 71°C - 66°C - 67°C - 73°C - 72°C | Throttling: None - None - None - None - None - None - None - None
3769 (4144059 Gflops/s) - 3738 (4109974 Gflops/s) - 3728 (4098979 Gflops/s) - 3694 (4061595 Gflops/s) - 3649 (4012117 Gflops/s) - 3749 (4122069 Gflops/s) - 3698 (4065993 Gflops/s) - 3673 (4038506 Gflops/s) | Temperatures: 65°C - 67°C - 72°C - 71°C - 66°C - 67°C - 72°C - 72°C | Throttling: None - None - None - None - None - None - None - None
3769 (4144059 Gflops/s) - 3735 (4106675 Gflops/s) - 3730 (4101178 Gflops/s) - 3692 (4059396 Gflops/s) - 3648 (4011018 Gflops/s) - 3745 (4117671 Gflops/s) - 3703 (4071491 Gflops/s) - 3672 (4037406 Gflops/s) | Temperatures: 65°C - 67°C - 72°C - 71°C - 66°C - 67°C - 72°C - 72°C | Throttling: None - None - None - None - None - None - None - None
3768 (4142959 Gflops/s) - 3735 (4106675 Gflops/s) - 3725 (4095680 Gflops/s) - 3691 (4058297 Gflops/s) - 3652 (4015416 Gflops/s) - 3747 (4119870 Gflops/s) - 3705 (4073690 Gflops/s) - 3669 (4034108 Gflops/s) | Temperatures: 65°C - 67°C - 72°C - 71°C - 66°C - 67°C - 72°C - 72°C | Throttling: None - None - None - None - None - None - None - None
3770 (4145158 Gflops/s) - 3738 (4109974 Gflops/s) - 3731 (4102277 Gflops/s) - 3692 (4059396 Gflops/s) - 3652 (4015416 Gflops/s) - 3745 (4117671 Gflops/s) - 3702 (4070392 Gflops/s) - 3673 (4038506 Gflops/s) | Temperatures: 65°C - 67°C - 72°C - 71°C - 66°C - 67°C - 73°C - 72°C | Throttling: None - None - None - None - None - None - None - None
3769 (4144059 Gflops/s) - 3743 (4115472 Gflops/s) - 3730 (4101178 Gflops/s) - 3691 (4058297 Gflops/s) - 3651 (4014316 Gflops/s) - 3746 (4118770 Gflops/s) - 3701 (4069292 Gflops/s) - 3687 (4053899 Gflops/s) | Temperatures: 65°C - 67°C - 72°C - 71°C - 66°C - 67°C - 72°C - 72°C | Throttling: None - None - None - None - None - None - None - None
3769 (4144059 Gflops/s) - 3739 (4111073 Gflops/s) - 3728 (4098979 Gflops/s) - 3691 (4058297 Gflops/s) - 3654 (4017615 Gflops/s) - 3745 (4117671 Gflops/s) - 3701 (4069292 Gflops/s) - 3670 (4035207 Gflops/s) | Temperatures: 65°C - 67°C - 72°C - 71°C - 66°C - 67°C - 72°C - 72°C | Throttling: None - None - None - None - None - None - None - None
3769 (4144059 Gflops/s) - 3736 (4107775 Gflops/s) - 3731 (4102277 Gflops/s) - 3692 (4059396 Gflops/s) - 3649 (4012117 Gflops/s) - 3746 (4118770 Gflops/s) - 3693 (4060496 Gflops/s) - 3660 (4024212 Gflops/s) | Temperatures: 65°C - 67°C - 72°C - 71°C - 66°C - 67°C - 72°C - 72°C | Throttling: None - None - None - None - None - None - None - None
3769 (4144059 Gflops/s) - 3736 (4107775 Gflops/s) - 3730 (4101178 Gflops/s) - 3694 (4061595 Gflops/s) - 3649 (4012117 Gflops/s) - 3746 (4118770 Gflops/s) - 3708 (4076989 Gflops/s) - 3675 (4040705 Gflops/s) | Temperatures: 65°C - 67°C - 72°C - 71°C - 66°C - 67°C - 72°C - 72°C | Throttling: None - None - None - None - None - None - None - None
3770 (4145158 Gflops/s) - 3744 (4116571 Gflops/s) - 3727 (4097879 Gflops/s) - 3692 (4059396 Gflops/s) - 3651 (4014316 Gflops/s) - 3747 (4119870 Gflops/s) - 3705 (4073690 Gflops/s) - 3672 (4037406 Gflops/s) | Temperatures: 65°C - 67°C - 72°C - 71°C - 66°C - 67°C - 72°C - 72°C | Throttling: None - None - None - None - None - None - None - None
3773 (4148457 Gflops/s) - 3742 (4114372 Gflops/s) - 3731 (4102277 Gflops/s) - 3693 (4060496 Gflops/s) - 3653 (4016515 Gflops/s) - 3748 (4120969 Gflops/s) - 3703 (4071491 Gflops/s) - 3661 (4025312 Gflops/s) | Temperatures: 65°C - 67°C - 72°C - 71°C - 66°C - 67°C - 72°C - 72°C | Throttling: None - None - None - None - None - None - None - None
3769 (4144059 Gflops/s) - 3739 (4111073 Gflops/s) - 3729 (4100078 Gflops/s) - 3692 (4059396 Gflops/s) - 3652 (4015416 Gflops/s) - 3747 (4119870 Gflops/s) - 3700 (4068193 Gflops/s) - 3663 (4027511 Gflops/s) | Temperatures: 65°C - 67°C - 72°C - 71°C - 66°C - 67°C - 72°C - 72°C | Throttling: None - None - None - None - None - None - None - None
3770 (4145158 Gflops/s) - 3739 (4111073 Gflops/s) - 3727 (4097879 Gflops/s) - 3695 (4062695 Gflops/s) - 3653 (4016515 Gflops/s) - 3748 (4120969 Gflops/s) - 3707 (4075889 Gflops/s) - 3666 (4030809 Gflops/s) | Temperatures: 65°C - 67°C - 72°C - 71°C - 66°C - 67°C - 72°C - 72°C | Throttling: None - None - None - None - None - None - None - None
3768 (4142959 Gflops/s) - 3737 (4108874 Gflops/s) - 3728 (4098979 Gflops/s) - 3693 (4060496 Gflops/s) - 3650 (4013217 Gflops/s) - 3746 (4118770 Gflops/s) - 3698 (4065993 Gflops/s) - 3661 (4025312 Gflops/s) | Temperatures: 65°C - 67°C - 72°C - 71°C - 66°C - 67°C - 72°C - 72°C | Throttling: None - None - None - None - None - None - None - None
3770 (4145158 Gflops/s) - 3738 (4109974 Gflops/s) - 3731 (4102277 Gflops/s) - 3693 (4060496 Gflops/s) - 3651 (4014316 Gflops/s) - 3746 (4118770 Gflops/s) - 3712 (4081387 Gflops/s) - 3650 (4013217 Gflops/s) | Temperatures: 65°C - 67°C - 72°C - 71°C - 66°C - 67°C - 72°C - 72°C | Throttling: None - None - None - None - None - None - None - None
3769 (4144059 Gflops/s) - 3740 (4112173 Gflops/s) - 3732 (4103377 Gflops/s) - 3695 (4062695 Gflops/s) - 3651 (4014316 Gflops/s) - 3746 (4118770 Gflops/s) - 3706 (4074790 Gflops/s) - 3669 (4034108 Gflops/s) | Temperatures: 65°C - 67°C - 72°C - 71°C - 66°C - 67°C - 72°C - 72°C | Throttling: None - None - None - None - None - None - None - None
3769 (4144059 Gflops/s) - 3741 (4113272 Gflops/s) - 3731 (4102277 Gflops/s) - 3692 (4059396 Gflops/s) - 3648 (4011018 Gflops/s) - 3747 (4119870 Gflops/s) - 3697 (4064894 Gflops/s) - 3665 (4029710 Gflops/s) | Temperatures: 65°C - 67°C - 72°C - 71°C - 66°C - 67°C - 73°C - 72°C | Throttling: None - None - None - None - None - None - None - None
3769 (4144059 Gflops/s) - 3739 (4111073 Gflops/s) - 3733 (4104476 Gflops/s) - 3694 (4061595 Gflops/s) - 3649 (4012117 Gflops/s) - 3747 (4119870 Gflops/s) - 3696 (4063794 Gflops/s) - 3667 (4031909 Gflops/s) | Temperatures: 65°C - 67°C - 72°C - 71°C - 66°C - 67°C - 73°C - 72°C | Throttling: None - None - None - None - None - None - None - None
3769 (4144059 Gflops/s) - 3739 (4111073 Gflops/s) - 3731 (4102277 Gflops/s) - 3693 (4060496 Gflops/s) - 3649 (4012117 Gflops/s) - 3747 (4119870 Gflops/s) - 3696 (4063794 Gflops/s) - 3647 (4009918 Gflops/s) | Temperatures: 65°C - 67°C - 72°C - 71°C - 66°C - 67°C - 73°C - 72°C | Throttling: None - None - None - None - None - None - None - None
3769 (4144059 Gflops/s) - 3742 (4114372 Gflops/s) - 3730 (4101178 Gflops/s) - 3697 (4064894 Gflops/s) - 3651 (4014316 Gflops/s) - 3747 (4119870 Gflops/s) - 3689 (4056098 Gflops/s) - 3661 (4025312 Gflops/s) | Temperatures: 65°C - 67°C - 72°C - 71°C - 66°C - 67°C - 72°C - 72°C | Throttling: None - None - None - None - None - None - None - None
3770 (4145158 Gflops/s) - 3738 (4109974 Gflops/s) - 3732 (4103377 Gflops/s) - 3694 (4061595 Gflops/s) - 3653 (4016515 Gflops/s) - 3748 (4120969 Gflops/s) - 3692 (4059396 Gflops/s) - 3683 (4049501 Gflops/s) | Temperatures: 65°C - 67°C - 72°C - 71°C - 66°C - 67°C - 72°C - 72°C | Throttling: None - None - None - None - None - None - None - None
3769 (4144059 Gflops/s) - 3738 (4109974 Gflops/s) - 3732 (4103377 Gflops/s) - 3693 (4060496 Gflops/s) - 3654 (4017615 Gflops/s) - 3746 (4118770 Gflops/s) - 3697 (4064894 Gflops/s) - 3663 (4027511 Gflops/s) | Temperatures: 65°C - 67°C - 72°C - 71°C - 66°C - 67°C - 72°C - 72°C | Throttling: None - None - None - None - None - None - None - None
3769 (4144059 Gflops/s) - 3745 (4117671 Gflops/s) - 3733 (4104476 Gflops/s) - 3692 (4059396 Gflops/s) - 3649 (4012117 Gflops/s) - 3749 (4122069 Gflops/s) - 3689 (4056098 Gflops/s) - 3652 (4015416 Gflops/s) | Temperatures: 65°C - 67°C - 72°C - 71°C - 66°C - 67°C - 72°C - 71°C | Throttling: None - None - None - None - None - None - None - None
3769 (4144059 Gflops/s) - 3736 (4107775 Gflops/s) - 3734 (4105576 Gflops/s) - 3694 (4061595 Gflops/s) - 3650 (4013217 Gflops/s) - 3746 (4118770 Gflops/s) - 3700 (4068193 Gflops/s) - 3682 (4048401 Gflops/s) | Temperatures: 65°C - 67°C - 72°C - 71°C - 66°C - 67°C - 72°C - 72°C | Throttling: None - None - None - None - None - None - None - None
3772 (4147357 Gflops/s) - 3749 (4122069 Gflops/s) - 3733 (4104476 Gflops/s) - 3698 (4065993 Gflops/s) - 3652 (4015416 Gflops/s) - 3751 (4124268 Gflops/s) - 3696 (4063794 Gflops/s) - 3668 (4033008 Gflops/s) | Temperatures: 65°C - 67°C - 72°C - 71°C - 66°C - 67°C - 73°C - 72°C | Throttling: None - None - None - None - None - None - None - None
3770 (4145158 Gflops/s) - 3744 (4116571 Gflops/s) - 3730 (4101178 Gflops/s) - 3698 (4065993 Gflops/s) - 3657 (4020914 Gflops/s) - 3748 (4120969 Gflops/s) - 3704 (4072591 Gflops/s) - 3657 (4020914 Gflops/s) | Temperatures: 65°C - 67°C - 72°C - 71°C - 66°C - 67°C - 72°C - 71°C | Throttling: None - None - None - None - None - None - None - None
3769 (4144059 Gflops/s) - 3743 (4115472 Gflops/s) - 3732 (4103377 Gflops/s) - 3693 (4060496 Gflops/s) - 3652 (4015416 Gflops/s) - 3748 (4120969 Gflops/s) - 3690 (4057197 Gflops/s) - 3669 (4034108 Gflops/s) | Temperatures: 65°C - 67°C - 72°C - 71°C - 66°C - 67°C - 72°C - 72°C | Throttling: None - None - None - None - None - None - None - None
3770 (4145158 Gflops/s) - 3735 (4106675 Gflops/s) - 3729 (4100078 Gflops/s) - 3696 (4063794 Gflops/s) - 3651 (4014316 Gflops/s) - 3746 (4118770 Gflops/s) - 3696 (4063794 Gflops/s) - 3650 (4013217 Gflops/s) | Temperatures: 65°C - 67°C - 72°C - 71°C - 66°C - 67°C - 72°C - 72°C | Throttling: None - None - None - None - None - None - None - None
3769 (4144059 Gflops/s) - 3741 (4113272 Gflops/s) - 3732 (4103377 Gflops/s) - 3694 (4061595 Gflops/s) - 3653 (4016515 Gflops/s) - 3748 (4120969 Gflops/s) - 3698 (4065993 Gflops/s) - 3662 (4026411 Gflops/s) | Temperatures: 65°C - 67°C - 72°C - 71°C - 66°C - 67°C - 72°C - 72°C | Throttling: None - None - None - None - None - None - None - None
3770 (4145158 Gflops/s) - 3738 (4109974 Gflops/s) - 3731 (4102277 Gflops/s) - 3696 (4063794 Gflops/s) - 3653 (4016515 Gflops/s) - 3747 (4119870 Gflops/s) - 3702 (4070392 Gflops/s) - 3656 (4019814 Gflops/s) | Temperatures: 65°C - 67°C - 72°C - 71°C - 66°C - 67°C - 72°C - 71°C | Throttling: None - None - None - None - None - None - None - None
3769 (4144059 Gflops/s) - 3746 (4118770 Gflops/s) - 3732 (4103377 Gflops/s) - 3697 (4064894 Gflops/s) - 3656 (4019814 Gflops/s) - 3749 (4122069 Gflops/s) - 3693 (4060496 Gflops/s) - 3682 (4048401 Gflops/s) | Temperatures: 65°C - 67°C - 72°C - 71°C - 66°C - 67°C - 72°C - 72°C | Throttling: None - None - None - None - None - None - None - None
3770 (4145158 Gflops/s) - 3741 (4113272 Gflops/s) - 3730 (4101178 Gflops/s) - 3694 (4061595 Gflops/s) - 3653 (4016515 Gflops/s) - 3750 (4123168 Gflops/s) - 3699 (4067093 Gflops/s) - 3661 (4025312 Gflops/s) | Temperatures: 65°C - 67°C - 72°C - 71°C - 66°C - 67°C - 72°C - 72°C | Throttling: None - None - None - None - None - None - None - None
3769 (4144059 Gflops/s) - 3741 (4113272 Gflops/s) - 3731 (4102277 Gflops/s) - 3691 (4058297 Gflops/s) - 3651 (4014316 Gflops/s) - 3747 (4119870 Gflops/s) - 3698 (4065993 Gflops/s) - 3669 (4034108 Gflops/s) | Temperatures: 65°C - 67°C - 72°C - 71°C - 66°C - 67°C - 73°C - 72°C | Throttling: None - None - None - None - None - None - None - None
3770 (4145158 Gflops/s) - 3741 (4113272 Gflops/s) - 3733 (4104476 Gflops/s) - 3694 (4061595 Gflops/s) - 3655 (4018714 Gflops/s) - 3747 (4119870 Gflops/s) - 3691 (4058297 Gflops/s) - 3655 (4018714 Gflops/s) | Temperatures: 65°C - 67°C - 72°C - 71°C - 66°C - 67°C - 72°C - 71°C | Throttling: None - None - None - None - None - None - None - None
3769 (4144059 Gflops/s) - 3738 (4109974 Gflops/s) - 3731 (4102277 Gflops/s) - 3694 (4061595 Gflops/s) - 3653 (4016515 Gflops/s) - 3747 (4119870 Gflops/s) - 3693 (4060496 Gflops/s) - 3686 (4052799 Gflops/s) | Temperatures: 65°C - 67°C - 72°C - 71°C - 66°C - 67°C - 72°C - 72°C | Throttling: None - None - None - None - None - None - None - None
3770 (4145158 Gflops/s) - 3740 (4112173 Gflops/s) - 3731 (4102277 Gflops/s) - 3694 (4061595 Gflops/s) - 3654 (4017615 Gflops/s) - 3748 (4120969 Gflops/s) - 3693 (4060496 Gflops/s) - 3665 (4029710 Gflops/s) | Temperatures: 65°C - 67°C - 72°C - 71°C - 66°C - 67°C - 72°C - 72°C | Throttling: None - None - None - None - None - None - None - None
3769 (4144059 Gflops/s) - 3743 (4115472 Gflops/s) - 3730 (4101178 Gflops/s) - 3694 (4061595 Gflops/s) - 3654 (4017615 Gflops/s) - 3748 (4120969 Gflops/s) - 3698 (4065993 Gflops/s) - 3678 (4044003 Gflops/s) | Temperatures: 65°C - 67°C - 72°C - 71°C - 66°C - 67°C - 72°C - 72°C | Throttling: None - None - None - None - None - None - None - None
3769 (4144059 Gflops/s) - 3742 (4114372 Gflops/s) - 3731 (4102277 Gflops/s) - 3694 (4061595 Gflops/s) - 3654 (4017615 Gflops/s) - 3748 (4120969 Gflops/s) - 3698 (4065993 Gflops/s) - 3656 (4019814 Gflops/s) | Temperatures: 65°C - 67°C - 72°C - 71°C - 66°C - 67°C - 72°C - 72°C | Throttling: None - None - None - None - None - None - None - None
3773 (4148457 Gflops/s) - 3745 (4117671 Gflops/s) - 3735 (4106675 Gflops/s) - 3697 (4064894 Gflops/s) - 3656 (4019814 Gflops/s) - 3753 (4126467 Gflops/s) - 3702 (4070392 Gflops/s) - 3693 (4060496 Gflops/s) | Temperatures: 65°C - 67°C - 72°C - 71°C - 66°C - 67°C - 72°C - 72°C | Throttling: None - None - None - None - None - None - None - None
3769 (4144059 Gflops/s) - 3739 (4111073 Gflops/s) - 3730 (4101178 Gflops/s) - 3695 (4062695 Gflops/s) - 3654 (4017615 Gflops/s) - 3748 (4120969 Gflops/s) - 3693 (4060496 Gflops/s) - 3666 (4030809 Gflops/s) | Temperatures: 65°C - 67°C - 72°C - 71°C - 66°C - 67°C - 72°C - 72°C | Throttling: None - None - None - None - None - None - None - None
3768 (4142959 Gflops/s) - 3740 (4112173 Gflops/s) - 3730 (4101178 Gflops/s) - 3690 (4057197 Gflops/s) - 3649 (4012117 Gflops/s) - 3748 (4120969 Gflops/s) - 3693 (4060496 Gflops/s) - 3656 (4019814 Gflops/s) | Temperatures: 65°C - 67°C - 72°C - 71°C - 66°C - 67°C - 72°C - 71°C | Throttling: None - None - None - None - None - None - None - None
3770 (4145158 Gflops/s) - 3741 (4113272 Gflops/s) - 3734 (4105576 Gflops/s) - 3695 (4062695 Gflops/s) - 3652 (4015416 Gflops/s) - 3749 (4122069 Gflops/s) - 3694 (4061595 Gflops/s) - 3668 (4033008 Gflops/s) | Temperatures: 65°C - 67°C - 72°C - 71°C - 66°C - 67°C - 72°C - 72°C | Throttling: None - None - None - None - None - None - None - None
3769 (4144059 Gflops/s) - 3738 (4109974 Gflops/s) - 3732 (4103377 Gflops/s) - 3693 (4060496 Gflops/s) - 3655 (4018714 Gflops/s) - 3747 (4119870 Gflops/s) - 3690 (4057197 Gflops/s) - 3666 (4030809 Gflops/s) | Temperatures: 65°C - 67°C - 72°C - 71°C - 66°C - 67°C - 72°C - 71°C | Throttling: None - None - None - None - None - None - None - None
3769 (4144059 Gflops/s) - 3745 (4117671 Gflops/s) - 3731 (4102277 Gflops/s) - 3694 (4061595 Gflops/s) - 3652 (4015416 Gflops/s) - 3747 (4119870 Gflops/s) - 3695 (4062695 Gflops/s) - 3673 (4038506 Gflops/s) | Temperatures: 65°C - 67°C - 72°C - 71°C - 66°C - 67°C - 72°C - 72°C | Throttling: None - None - None - None - None - None - None - None
3770 (4145158 Gflops/s) - 3743 (4115472 Gflops/s) - 3731 (4102277 Gflops/s) - 3694 (4061595 Gflops/s) - 3655 (4018714 Gflops/s) - 3749 (4122069 Gflops/s) - 3693 (4060496 Gflops/s) - 3675 (4040705 Gflops/s) | Temperatures: 65°C - 67°C - 72°C - 71°C - 66°C - 67°C - 72°C - 71°C | Throttling: None - None - None - None - None - None - None - None
3769 (4144059 Gflops/s) - 3746 (4118770 Gflops/s) - 3734 (4105576 Gflops/s) - 3694 (4061595 Gflops/s) - 3654 (4017615 Gflops/s) - 3748 (4120969 Gflops/s) - 3689 (4056098 Gflops/s) - 3660 (4024212 Gflops/s) | Temperatures: 65°C - 67°C - 72°C - 71°C - 66°C - 67°C - 72°C - 71°C | Throttling: None - None - None - None - None - None - None - None
3770 (4145158 Gflops/s) - 3736 (4107775 Gflops/s) - 3733 (4104476 Gflops/s) - 3696 (4063794 Gflops/s) - 3655 (4018714 Gflops/s) - 3748 (4120969 Gflops/s) - 3700 (4068193 Gflops/s) - 3656 (4019814 Gflops/s) | Temperatures: 65°C - 67°C - 72°C - 71°C - 66°C - 67°C - 72°C - 71°C | Throttling: None - None - None - None - None - None - None - None
3769 (4144059 Gflops/s) - 3740 (4112173 Gflops/s) - 3733 (4104476 Gflops/s) - 3695 (4062695 Gflops/s) - 3652 (4015416 Gflops/s) - 3748 (4120969 Gflops/s) - 3690 (4057197 Gflops/s) - 3665 (4029710 Gflops/s) | Temperatures: 65°C - 67°C - 72°C - 71°C - 66°C - 67°C - 72°C - 71°C | Throttling: None - None - None - None - None - None - None - None
3769 (4144059 Gflops/s) - 3744 (4116571 Gflops/s) - 3731 (4102277 Gflops/s) - 3693 (4060496 Gflops/s) - 3654 (4017615 Gflops/s) - 3749 (4122069 Gflops/s) - 3693 (4060496 Gflops/s) - 3674 (4039605 Gflops/s) | Temperatures: 65°C - 67°C - 72°C - 71°C - 66°C - 67°C - 72°C - 71°C | Throttling: None - None - None - None - None - None - None - None
3770 (4145158 Gflops/s) - 3742 (4114372 Gflops/s) - 3734 (4105576 Gflops/s) - 3693 (4060496 Gflops/s) - 3653 (4016515 Gflops/s) - 3748 (4120969 Gflops/s) - 3692 (4059396 Gflops/s) - 3651 (4014316 Gflops/s) | Temperatures: 65°C - 66°C - 72°C - 71°C - 66°C - 67°C - 72°C - 71°C | Throttling: None - None - None - None - None - None - None - None
3769 (4144059 Gflops/s) - 3739 (4111073 Gflops/s) - 3735 (4106675 Gflops/s) - 3695 (4062695 Gflops/s) - 3656 (4019814 Gflops/s) - 3748 (4120969 Gflops/s) - 3697 (4064894 Gflops/s) - 3657 (4020914 Gflops/s) | Temperatures: 65°C - 66°C - 72°C - 71°C - 66°C - 67°C - 72°C - 71°C | Throttling: None - None - None - None - None - None - None - None
3773 (4148457 Gflops/s) - 3741 (4113272 Gflops/s) - 3735 (4106675 Gflops/s) - 3698 (4065993 Gflops/s) - 3658 (4022013 Gflops/s) - 3750 (4123168 Gflops/s) - 3704 (4072591 Gflops/s) - 3662 (4026411 Gflops/s) | Temperatures: 64°C - 66°C - 72°C - 71°C - 66°C - 67°C - 72°C - 71°C | Throttling: None - None - None - None - None - None - None - None
3769 (4144059 Gflops/s) - 3742 (4114372 Gflops/s) - 3734 (4105576 Gflops/s) - 3695 (4062695 Gflops/s) - 3655 (4018714 Gflops/s) - 3748 (4120969 Gflops/s) - 3697 (4064894 Gflops/s) - 3661 (4025312 Gflops/s) | Temperatures: 64°C - 66°C - 72°C - 70°C - 66°C - 67°C - 72°C - 71°C | Throttling: None - None - None - None - None - None - None - None
3769 (4144059 Gflops/s) - 3752 (4125367 Gflops/s) - 3734 (4105576 Gflops/s) - 3695 (4062695 Gflops/s) - 3654 (4017615 Gflops/s) - 3750 (4123168 Gflops/s) - 3688 (4054998 Gflops/s) - 3668 (4033008 Gflops/s) | Temperatures: 64°C - 67°C - 72°C - 70°C - 66°C - 67°C - 72°C - 71°C | Throttling: None - None - None - None - None - None - None - None
3770 (4145158 Gflops/s) - 3745 (4117671 Gflops/s) - 3734 (4105576 Gflops/s) - 3693 (4060496 Gflops/s) - 3654 (4017615 Gflops/s) - 3747 (4119870 Gflops/s) - 3694 (4061595 Gflops/s) - 3674 (4039605 Gflops/s) | Temperatures: 65°C - 66°C - 72°C - 70°C - 66°C - 67°C - 72°C - 71°C | Throttling: None - None - None - None - None - None - None - None
3769 (4144059 Gflops/s) - 3747 (4119870 Gflops/s) - 3734 (4105576 Gflops/s) - 3696 (4063794 Gflops/s) - 3653 (4016515 Gflops/s) - 3750 (4123168 Gflops/s) - 3695 (4062695 Gflops/s) - 3667 (4031909 Gflops/s) | Temperatures: 64°C - 66°C - 72°C - 70°C - 66°C - 67°C - 72°C - 71°C | Throttling: None - None - None - None - None - None - None - None
3769 (4144059 Gflops/s) - 3743 (4115472 Gflops/s) - 3734 (4105576 Gflops/s) - 3695 (4062695 Gflops/s) - 3653 (4016515 Gflops/s) - 3747 (4119870 Gflops/s) - 3691 (4058297 Gflops/s) - 3677 (4042904 Gflops/s) | Temperatures: 64°C - 67°C - 72°C - 70°C - 65°C - 67°C - 72°C - 71°C | Throttling: None - None - None - None - None - None - None - None
3769 (4144059 Gflops/s) - 3747 (4119870 Gflops/s) - 3730 (4101178 Gflops/s) - 3696 (4063794 Gflops/s) - 3658 (4022013 Gflops/s) - 3748 (4120969 Gflops/s) - 3698 (4065993 Gflops/s) - 3661 (4025312 Gflops/s) | Temperatures: 64°C - 66°C - 72°C - 71°C - 65°C - 67°C - 72°C - 71°C | Throttling: None - None - None - None - None - None - None - None
3769 (4144059 Gflops/s) - 3740 (4112173 Gflops/s) - 3732 (4103377 Gflops/s) - 3695 (4062695 Gflops/s) - 3657 (4020914 Gflops/s) - 3748 (4120969 Gflops/s) - 3697 (4064894 Gflops/s) - 3665 (4029710 Gflops/s) | Temperatures: 64°C - 66°C - 72°C - 70°C - 66°C - 67°C - 72°C - 71°C | Throttling: None - None - None - None - None - None - None - None
3770 (4145158 Gflops/s) - 3745 (4117671 Gflops/s) - 3733 (4104476 Gflops/s) - 3695 (4062695 Gflops/s) - 3655 (4018714 Gflops/s) - 3747 (4119870 Gflops/s) - 3705 (4073690 Gflops/s) - 3669 (4034108 Gflops/s) | Temperatures: 64°C - 66°C - 72°C - 70°C - 66°C - 67°C - 72°C - 71°C | Throttling: None - None - None - None - None - None - None - None
3769 (4144059 Gflops/s) - 3740 (4112173 Gflops/s) - 3735 (4106675 Gflops/s) - 3693 (4060496 Gflops/s) - 3653 (4016515 Gflops/s) - 3750 (4123168 Gflops/s) - 3700 (4068193 Gflops/s) - 3657 (4020914 Gflops/s) | Temperatures: 64°C - 66°C - 72°C - 70°C - 65°C - 67°C - 72°C - 71°C | Throttling: None - None - None - None - None - None - None - None
3769 (4144059 Gflops/s) - 3741 (4113272 Gflops/s) - 3731 (4102277 Gflops/s) - 3695 (4062695 Gflops/s) - 3658 (4022013 Gflops/s) - 3749 (4122069 Gflops/s) - 3690 (4057197 Gflops/s) - 3683 (4049501 Gflops/s) | Temperatures: 64°C - 66°C - 72°C - 70°C - 66°C - 67°C - 72°C - 71°C | Throttling: None - None - None - None - None - None - None - None
3770 (4145158 Gflops/s) - 3743 (4115472 Gflops/s) - 3733 (4104476 Gflops/s) - 3694 (4061595 Gflops/s) - 3653 (4016515 Gflops/s) - 3749 (4122069 Gflops/s) - 3693 (4060496 Gflops/s) - 3668 (4033008 Gflops/s) | Temperatures: 64°C - 66°C - 72°C - 70°C - 65°C - 67°C - 72°C - 71°C | Throttling: None - None - None - None - None - None - None - None
3769 (4144059 Gflops/s) - 3742 (4114372 Gflops/s) - 3733 (4104476 Gflops/s) - 3694 (4061595 Gflops/s) - 3652 (4015416 Gflops/s) - 3747 (4119870 Gflops/s) - 3698 (4065993 Gflops/s) - 3690 (4057197 Gflops/s) | Temperatures: 64°C - 66°C - 72°C - 70°C - 66°C - 67°C - 72°C - 71°C | Throttling: None - None - None - None - None - None - None - None
3769 (4144059 Gflops/s) - 3744 (4116571 Gflops/s) - 3734 (4105576 Gflops/s) - 3695 (4062695 Gflops/s) - 3657 (4020914 Gflops/s) - 3747 (4119870 Gflops/s) - 3698 (4065993 Gflops/s) - 3656 (4019814 Gflops/s) | Temperatures: 64°C - 66°C - 72°C - 70°C - 66°C - 67°C - 72°C - 71°C | Throttling: None - None - None - None - None - None - None - None
3774 (4149556 Gflops/s) - 3748 (4120969 Gflops/s) - 3737 (4108874 Gflops/s) - 3698 (4065993 Gflops/s) - 3658 (4022013 Gflops/s) - 3752 (4125367 Gflops/s) - 3698 (4065993 Gflops/s) - 3676 (4041804 Gflops/s) | Temperatures: 64°C - 66°C - 72°C - 70°C - 66°C - 67°C - 72°C - 71°C | Throttling: None - None - None - None - None - None - None - None
3769 (4144059 Gflops/s) - 3740 (4112173 Gflops/s) - 3732 (4103377 Gflops/s) - 3696 (4063794 Gflops/s) - 3656 (4019814 Gflops/s) - 3748 (4120969 Gflops/s) - 3689 (4056098 Gflops/s) - 3656 (4019814 Gflops/s) | Temperatures: 64°C - 66°C - 72°C - 70°C - 66°C - 67°C - 72°C - 71°C | Throttling: None - None - None - None - None - None - None - None
3769 (4144059 Gflops/s) - 3746 (4118770 Gflops/s) - 3734 (4105576 Gflops/s) - 3692 (4059396 Gflops/s) - 3653 (4016515 Gflops/s) - 3749 (4122069 Gflops/s) - 3692 (4059396 Gflops/s) - 3692 (4059396 Gflops/s) | Temperatures: 64°C - 66°C - 72°C - 70°C - 66°C - 67°C - 72°C - 71°C | Throttling: None - None - None - None - None - None - None - None
3769 (4144059 Gflops/s) - 3745 (4117671 Gflops/s) - 3732 (4103377 Gflops/s) - 3694 (4061595 Gflops/s) - 3655 (4018714 Gflops/s) - 3747 (4119870 Gflops/s) - 3689 (4056098 Gflops/s) - 3668 (4033008 Gflops/s) | Temperatures: 64°C - 66°C - 72°C - 70°C - 66°C - 67°C - 72°C - 71°C | Throttling: None - None - None - None - None - None - None - None
3770 (4145158 Gflops/s) - 3744 (4116571 Gflops/s) - 3735 (4106675 Gflops/s) - 3694 (4061595 Gflops/s) - 3653 (4016515 Gflops/s) - 3748 (4120969 Gflops/s) - 3693 (4060496 Gflops/s) - 3649 (4012117 Gflops/s) | Temperatures: 64°C - 66°C - 72°C - 70°C - 66°C - 67°C - 72°C - 71°C | Throttling: None - None - None - None - None - None - None - None
3769 (4144059 Gflops/s) - 3743 (4115472 Gflops/s) - 3734 (4105576 Gflops/s) - 3693 (4060496 Gflops/s) - 3654 (4017615 Gflops/s) - 3749 (4122069 Gflops/s) - 3700 (4068193 Gflops/s) - 3672 (4037406 Gflops/s) | Temperatures: 64°C - 66°C - 72°C - 70°C - 65°C - 67°C - 72°C - 71°C | Throttling: None - None - None - None - None - None - None - None
3769 (4144059 Gflops/s) - 3744 (4116571 Gflops/s) - 3734 (4105576 Gflops/s) - 3693 (4060496 Gflops/s) - 3653 (4016515 Gflops/s) - 3746 (4118770 Gflops/s) - 3698 (4065993 Gflops/s) - 3678 (4044003 Gflops/s) | Temperatures: 64°C - 66°C - 72°C - 70°C - 65°C - 67°C - 72°C - 71°C | Throttling: None - None - None - None - None - None - None - None
3769 (4144059 Gflops/s) - 3739 (4111073 Gflops/s) - 3733 (4104476 Gflops/s) - 3693 (4060496 Gflops/s) - 3657 (4020914 Gflops/s) - 3750 (4123168 Gflops/s) - 3694 (4061595 Gflops/s) - 3667 (4031909 Gflops/s) | Temperatures: 64°C - 66°C - 72°C - 70°C - 66°C - 67°C - 72°C - 71°C | Throttling: None - None - None - None - None - None - None - None
3770 (4145158 Gflops/s) - 3745 (4117671 Gflops/s) - 3735 (4106675 Gflops/s) - 3692 (4059396 Gflops/s) - 3653 (4016515 Gflops/s) - 3749 (4122069 Gflops/s) - 3694 (4061595 Gflops/s) - 3654 (4017615 Gflops/s) | Temperatures: 64°C - 66°C - 72°C - 70°C - 65°C - 67°C - 72°C - 71°C | Throttling: None - None - None - None - None - None - None - None
3769 (4144059 Gflops/s) - 3749 (4122069 Gflops/s) - 3731 (4102277 Gflops/s) - 3695 (4062695 Gflops/s) - 3655 (4018714 Gflops/s) - 3748 (4120969 Gflops/s) - 3699 (4067093 Gflops/s) - 3667 (4031909 Gflops/s) | Temperatures: 64°C - 66°C - 72°C - 70°C - 65°C - 67°C - 72°C - 71°C | Throttling: None - None - None - None - None - None - None - None
3769 (4144059 Gflops/s) - 3742 (4114372 Gflops/s) - 3736 (4107775 Gflops/s) - 3695 (4062695 Gflops/s) - 3659 (4023113 Gflops/s) - 3748 (4120969 Gflops/s) - 3693 (4060496 Gflops/s) - 3676 (4041804 Gflops/s) | Temperatures: 64°C - 66°C - 72°C - 70°C - 66°C - 67°C - 72°C - 71°C | Throttling: None - None - None - None - None - None - None - None
3770 (4145158 Gflops/s) - 3745 (4117671 Gflops/s) - 3735 (4106675 Gflops/s) - 3695 (4062695 Gflops/s) - 3654 (4017615 Gflops/s) - 3748 (4120969 Gflops/s) - 3691 (4058297 Gflops/s) - 3680 (4046202 Gflops/s) | Temperatures: 64°C - 66°C - 72°C - 70°C - 65°C - 67°C - 72°C - 71°C | Throttling: None - None - None - None - None - None - None - None
3773 (4148457 Gflops/s) - 3745 (4117671 Gflops/s) - 3737 (4108874 Gflops/s) - 3699 (4067093 Gflops/s) - 3656 (4019814 Gflops/s) - 3754 (4127566 Gflops/s) - 3691 (4058297 Gflops/s) - 3675 (4040705 Gflops/s) | Temperatures: 64°C - 66°C - 72°C - 70°C - 65°C - 67°C - 72°C - 71°C | Throttling: None - None - None - None - None - None - None - None
3769 (4144059 Gflops/s) - 3747 (4119870 Gflops/s) - 3733 (4104476 Gflops/s) - 3695 (4062695 Gflops/s) - 3653 (4016515 Gflops/s) - 3748 (4120969 Gflops/s) - 3694 (4061595 Gflops/s) - 3687 (4053899 Gflops/s) | Temperatures: 64°C - 66°C - 72°C - 70°C - 66°C - 67°C - 72°C - 71°C | Throttling: None - None - None - None - None - None - None - None
3769 (4144059 Gflops/s) - 3743 (4115472 Gflops/s) - 3732 (4103377 Gflops/s) - 3694 (4061595 Gflops/s) - 3658 (4022013 Gflops/s) - 3750 (4123168 Gflops/s) - 3686 (4052799 Gflops/s) - 3652 (4015416 Gflops/s) | Temperatures: 64°C - 66°C - 72°C - 70°C - 66°C - 67°C - 72°C - 71°C | Throttling: None - None - None - None - None - None - None - None
3770 (4145158 Gflops/s) - 3742 (4114372 Gflops/s) - 3735 (4106675 Gflops/s) - 3694 (4061595 Gflops/s) - 3653 (4016515 Gflops/s) - 3748 (4120969 Gflops/s) - 3695 (4062695 Gflops/s) - 3670 (4035207 Gflops/s) | Temperatures: 64°C - 66°C - 72°C - 70°C - 65°C - 67°C - 72°C - 71°C | Throttling: None - None - None - None - None - None - None - None
3769 (4144059 Gflops/s) - 3742 (4114372 Gflops/s) - 3734 (4105576 Gflops/s) - 3695 (4062695 Gflops/s) - 3656 (4019814 Gflops/s) - 3748 (4120969 Gflops/s) - 3697 (4064894 Gflops/s) - 3695 (4062695 Gflops/s) | Temperatures: 64°C - 66°C - 72°C - 70°C - 66°C - 67°C - 72°C - 71°C | Throttling: None - None - None - None - None - None - None - None
3769 (4144059 Gflops/s) - 3745 (4117671 Gflops/s) - 3732 (4103377 Gflops/s) - 3693 (4060496 Gflops/s) - 3651 (4014316 Gflops/s) - 3750 (4123168 Gflops/s) - 3692 (4059396 Gflops/s) - 3687 (4053899 Gflops/s) | Temperatures: 64°C - 66°C - 72°C - 70°C - 65°C - 67°C - 72°C - 71°C | Throttling: None - None - None - None - None - None - None - None
3770 (4145158 Gflops/s) - 3746 (4118770 Gflops/s) - 3735 (4106675 Gflops/s) - 3696 (4063794 Gflops/s) - 3658 (4022013 Gflops/s) - 3746 (4118770 Gflops/s) - 3704 (4072591 Gflops/s) - 3673 (4038506 Gflops/s) | Temperatures: 64°C - 66°C - 72°C - 70°C - 65°C - 67°C - 72°C - 71°C | Throttling: None - None - None - None - None - None - None - None
3769 (4144059 Gflops/s) - 3747 (4119870 Gflops/s) - 3733 (4104476 Gflops/s) - 3693 (4060496 Gflops/s) - 3656 (4019814 Gflops/s) - 3749 (4122069 Gflops/s) - 3692 (4059396 Gflops/s) - 3677 (4042904 Gflops/s) | Temperatures: 64°C - 66°C - 72°C - 70°C - 66°C - 67°C - 72°C - 71°C | Throttling: None - None - None - None - None - None - None - None
3770 (4145158 Gflops/s) - 3741 (4113272 Gflops/s) - 3735 (4106675 Gflops/s) - 3697 (4064894 Gflops/s) - 3655 (4018714 Gflops/s) - 3748 (4120969 Gflops/s) - 3698 (4065993 Gflops/s) - 3658 (4022013 Gflops/s) | Temperatures: 64°C - 66°C - 72°C - 70°C - 65°C - 67°C - 72°C - 71°C | Throttling: None - None - None - None - None - None - None - None
3770 (4145158 Gflops/s) - 3745 (4117671 Gflops/s) - 3732 (4103377 Gflops/s) - 3696 (4063794 Gflops/s) - 3655 (4018714 Gflops/s) - 3749 (4122069 Gflops/s) - 3704 (4072591 Gflops/s) - 3667 (4031909 Gflops/s) | Temperatures: 64°C - 66°C - 72°C - 70°C - 65°C - 67°C - 72°C - 71°C | Throttling: None - None - None - None - None - None - None - None
3769 (4144059 Gflops/s) - 3747 (4119870 Gflops/s) - 3734 (4105576 Gflops/s) - 3696 (4063794 Gflops/s) - 3658 (4022013 Gflops/s) - 3748 (4120969 Gflops/s) - 3694 (4061595 Gflops/s) - 3677 (4042904 Gflops/s) | Temperatures: 64°C - 66°C - 72°C - 70°C - 66°C - 67°C - 72°C - 71°C | Throttling: None - None - None - None - None - None - None - None
3768 (4142959 Gflops/s) - 3750 (4123168 Gflops/s) - 3733 (4104476 Gflops/s) - 3694 (4061595 Gflops/s) - 3650 (4013217 Gflops/s) - 3749 (4122069 Gflops/s) - 3697 (4064894 Gflops/s) - 3679 (4045103 Gflops/s) | Temperatures: 64°C - 66°C - 72°C - 70°C - 65°C - 67°C - 72°C - 71°C | Throttling: None - None - None - None - None - None - None - None
3770 (4145158 Gflops/s) - 3746 (4118770 Gflops/s) - 3734 (4105576 Gflops/s) - 3694 (4061595 Gflops/s) - 3656 (4019814 Gflops/s) - 3749 (4122069 Gflops/s) - 3698 (4065993 Gflops/s) - 3659 (4023113 Gflops/s) | Temperatures: 64°C - 66°C - 72°C - 70°C - 65°C - 67°C - 72°C - 71°C | Throttling: None - None - None - None - None - None - None - None
3769 (4144059 Gflops/s) - 3743 (4115472 Gflops/s) - 3733 (4104476 Gflops/s) - 3695 (4062695 Gflops/s) - 3656 (4019814 Gflops/s) - 3747 (4119870 Gflops/s) - 3703 (4071491 Gflops/s) - 3678 (4044003 Gflops/s) | Temperatures: 64°C - 66°C - 72°C - 70°C - 65°C - 67°C - 72°C - 71°C | Throttling: None - None - None - None - None - None - None - None
3769 (4144059 Gflops/s) - 3745 (4117671 Gflops/s) - 3736 (4107775 Gflops/s) - 3695 (4062695 Gflops/s) - 3656 (4019814 Gflops/s) - 3749 (4122069 Gflops/s) - 3694 (4061595 Gflops/s) - 3662 (4026411 Gflops/s) | Temperatures: 64°C - 66°C - 72°C - 70°C - 65°C - 67°C - 72°C - 71°C | Throttling: None - None - None - None - None - None - None - None
3770 (4145158 Gflops/s) - 3749 (4122069 Gflops/s) - 3736 (4107775 Gflops/s) - 3695 (4062695 Gflops/s) - 3655 (4018714 Gflops/s) - 3748 (4120969 Gflops/s) - 3702 (4070392 Gflops/s) - 3684 (4050600 Gflops/s) | Temperatures: 64°C - 66°C - 72°C - 70°C - 65°C - 67°C - 72°C - 71°C | Throttling: None - None - None - None - None - None - None - None
3770 (4145158 Gflops/s) - 3742 (4114372 Gflops/s) - 3732 (4103377 Gflops/s) - 3695 (4062695 Gflops/s) - 3653 (4016515 Gflops/s) - 3749 (4122069 Gflops/s) - 3694 (4061595 Gflops/s) - 3690 (4057197 Gflops/s) | Temperatures: 64°C - 66°C - 72°C - 70°C - 65°C - 67°C - 72°C - 71°C | Throttling: None - None - None - None - None - None - None - None
3769 (4144059 Gflops/s) - 3742 (4114372 Gflops/s) - 3734 (4105576 Gflops/s) - 3693 (4060496 Gflops/s) - 3659 (4023113 Gflops/s) - 3750 (4123168 Gflops/s) - 3696 (4063794 Gflops/s) - 3683 (4049501 Gflops/s) | Temperatures: 64°C - 66°C - 72°C - 70°C - 65°C - 67°C - 72°C - 71°C | Throttling: None - None - None - None - None - None - None - None
3769 (4144059 Gflops/s) - 3744 (4116571 Gflops/s) - 3732 (4103377 Gflops/s) - 3694 (4061595 Gflops/s) - 3653 (4016515 Gflops/s) - 3749 (4122069 Gflops/s) - 3694 (4061595 Gflops/s) - 3677 (4042904 Gflops/s) | Temperatures: 64°C - 66°C - 72°C - 70°C - 65°C - 67°C - 72°C - 71°C | Throttling: None - None - None - None - None - None - None - None
3770 (4145158 Gflops/s) - 3744 (4116571 Gflops/s) - 3734 (4105576 Gflops/s) - 3697 (4064894 Gflops/s) - 3656 (4019814 Gflops/s) - 3747 (4119870 Gflops/s) - 3698 (4065993 Gflops/s) - 3675 (4040705 Gflops/s) | Temperatures: 64°C - 66°C - 72°C - 70°C - 66°C - 67°C - 72°C - 71°C | Throttling: None - None - None - None - None - None - None - None
3769 (4144059 Gflops/s) - 3742 (4114372 Gflops/s) - 3734 (4105576 Gflops/s) - 3693 (4060496 Gflops/s) - 3658 (4022013 Gflops/s) - 3747 (4119870 Gflops/s) - 3691 (4058297 Gflops/s) - 3665 (4029710 Gflops/s) | Temperatures: 64°C - 66°C - 72°C - 70°C - 66°C - 67°C - 72°C - 71°C | Throttling: None - None - None - None - None - None - None - None
3769 (4144059 Gflops/s) - 3749 (4122069 Gflops/s) - 3732 (4103377 Gflops/s) - 3694 (4061595 Gflops/s) - 3651 (4014316 Gflops/s) - 3750 (4123168 Gflops/s) - 3701 (4069292 Gflops/s) - 3678 (4044003 Gflops/s) | Temperatures: 64°C - 66°C - 72°C - 70°C - 66°C - 67°C - 72°C - 71°C | Throttling: None - None - None - None - None - None - None - None
3773 (4148457 Gflops/s) - 3753 (4126467 Gflops/s) - 3738 (4109974 Gflops/s) - 3697 (4064894 Gflops/s) - 3659 (4023113 Gflops/s) - 3754 (4127566 Gflops/s) - 3708 (4076989 Gflops/s) - 3682 (4048401 Gflops/s) | Temperatures: 64°C - 66°C - 72°C - 70°C - 66°C - 67°C - 72°C - 71°C | Throttling: None - None - None - None - None - None - None - None
3770 (4145158 Gflops/s) - 3745 (4117671 Gflops/s) - 3735 (4106675 Gflops/s) - 3696 (4063794 Gflops/s) - 3655 (4018714 Gflops/s) - 3749 (4122069 Gflops/s) - 3696 (4063794 Gflops/s) - 3672 (4037406 Gflops/s) | Temperatures: 65°C - 67°C - 72°C - 70°C - 66°C - 67°C - 72°C - 71°C | Throttling: None - None - None - None - None - None - None - None
3769 (4144059 Gflops/s) - 3747 (4119870 Gflops/s) - 3734 (4105576 Gflops/s) - 3694 (4061595 Gflops/s) - 3652 (4015416 Gflops/s) - 3748 (4120969 Gflops/s) - 3706 (4074790 Gflops/s) - 3678 (4044003 Gflops/s) | Temperatures: 65°C - 67°C - 72°C - 70°C - 65°C - 67°C - 72°C - 71°C | Throttling: None - None - None - None - None - None - None - None
3770 (4145158 Gflops/s) - 3739 (4111073 Gflops/s) - 3734 (4105576 Gflops/s) - 3696 (4063794 Gflops/s) - 3655 (4018714 Gflops/s) - 3747 (4119870 Gflops/s) - 3696 (4063794 Gflops/s) - 3673 (4038506 Gflops/s) | Temperatures: 65°C - 67°C - 72°C - 70°C - 66°C - 67°C - 72°C - 71°C | Throttling: None - None - None - None - None - None - None - None
3769 (4144059 Gflops/s) - 3741 (4113272 Gflops/s) - 3733 (4104476 Gflops/s) - 3695 (4062695 Gflops/s) - 3653 (4016515 Gflops/s) - 3748 (4120969 Gflops/s) - 3698 (4065993 Gflops/s) - 3672 (4037406 Gflops/s) | Temperatures: 65°C - 67°C - 72°C - 71°C - 66°C - 67°C - 72°C - 72°C | Throttling: None - None - None - None - None - None - None - None
3770 (4145158 Gflops/s) - 3746 (4118770 Gflops/s) - 3730 (4101178 Gflops/s) - 3693 (4060496 Gflops/s) - 3654 (4017615 Gflops/s) - 3746 (4118770 Gflops/s) - 3704 (4072591 Gflops/s) - 3666 (4030809 Gflops/s) | Temperatures: 65°C - 67°C - 72°C - 71°C - 66°C - 67°C - 72°C - 71°C | Throttling: None - None - None - None - None - None - None - None
3769 (4144059 Gflops/s) - 3745 (4117671 Gflops/s) - 3734 (4105576 Gflops/s) - 3692 (4059396 Gflops/s) - 3652 (4015416 Gflops/s) - 3748 (4120969 Gflops/s) - 3696 (4063794 Gflops/s) - 3653 (4016515 Gflops/s) | Temperatures: 65°C - 67°C - 72°C - 71°C - 66°C - 67°C - 72°C - 72°C | Throttling: None - None - None - None - None - None - None - None
3769 (4144059 Gflops/s) - 3738 (4109974 Gflops/s) - 3731 (4102277 Gflops/s) - 3695 (4062695 Gflops/s) - 3652 (4015416 Gflops/s) - 3747 (4119870 Gflops/s) - 3694 (4061595 Gflops/s) - 3682 (4048401 Gflops/s) | Temperatures: 65°C - 67°C - 72°C - 71°C - 66°C - 67°C - 72°C - 72°C | Throttling: None - None - None - None - None - None - None - None
3770 (4145158 Gflops/s) - 3743 (4115472 Gflops/s) - 3731 (4102277 Gflops/s) - 3695 (4062695 Gflops/s) - 3650 (4013217 Gflops/s) - 3747 (4119870 Gflops/s) - 3701 (4069292 Gflops/s) - 3681 (4047302 Gflops/s) | Temperatures: 65°C - 67°C - 72°C - 71°C - 66°C - 67°C - 73°C - 72°C | Throttling: None - None - None - None - None - None - None - None
3769 (4144059 Gflops/s) - 3742 (4114372 Gflops/s) - 3730 (4101178 Gflops/s) - 3691 (4058297 Gflops/s) - 3653 (4016515 Gflops/s) - 3748 (4120969 Gflops/s) - 3698 (4065993 Gflops/s) - 3687 (4053899 Gflops/s) | Temperatures: 65°C - 67°C - 72°C - 71°C - 66°C - 67°C - 73°C - 72°C | Throttling: None - None - None - None - None - None - None - None
3770 (4145158 Gflops/s) - 3738 (4109974 Gflops/s) - 3731 (4102277 Gflops/s) - 3692 (4059396 Gflops/s) - 3653 (4016515 Gflops/s) - 3747 (4119870 Gflops/s) - 3690 (4057197 Gflops/s) - 3680 (4046202 Gflops/s) | Temperatures: 65°C - 67°C - 72°C - 71°C - 66°C - 67°C - 72°C - 72°C | Throttling: None - None - None - None - None - None - None - None
3769 (4144059 Gflops/s) - 3738 (4109974 Gflops/s) - 3730 (4101178 Gflops/s) - 3694 (4061595 Gflops/s) - 3648 (4011018 Gflops/s) - 3747 (4119870 Gflops/s) - 3689 (4056098 Gflops/s) - 3654 (4017615 Gflops/s) | Temperatures: 65°C - 67°C - 72°C - 71°C - 66°C - 67°C - 72°C - 72°C | Throttling: None - None - None - None - None - None - None - None
3769 (4144059 Gflops/s) - 3738 (4109974 Gflops/s) - 3731 (4102277 Gflops/s) - 3692 (4059396 Gflops/s) - 3652 (4015416 Gflops/s) - 3747 (4119870 Gflops/s) - 3698 (4065993 Gflops/s) - 3669 (4034108 Gflops/s) | Temperatures: 65°C - 67°C - 72°C - 71°C - 66°C - 67°C - 73°C - 72°C | Throttling: None - None - None - None - None - None - None - None
3769 (4144059 Gflops/s) - 3741 (4113272 Gflops/s) - 3728 (4098979 Gflops/s) - 3694 (4061595 Gflops/s) - 3652 (4015416 Gflops/s) - 3747 (4119870 Gflops/s) - 3692 (4059396 Gflops/s) - 3642 (4004421 Gflops/s) | Temperatures: 65°C - 67°C - 72°C - 71°C - 66°C - 67°C - 73°C - 72°C | Throttling: None - None - None - None - None - None - None - None
3769 (4144059 Gflops/s) - 3735 (4106675 Gflops/s) - 3732 (4103377 Gflops/s) - 3692 (4059396 Gflops/s) - 3652 (4015416 Gflops/s) - 3747 (4119870 Gflops/s) - 3698 (4065993 Gflops/s) - 3669 (4034108 Gflops/s) | Temperatures: 65°C - 67°C - 72°C - 71°C - 66°C - 67°C - 72°C - 72°C | Throttling: None - None - None - None - None - None - None - None
3769 (4144059 Gflops/s) - 3739 (4111073 Gflops/s) - 3730 (4101178 Gflops/s) - 3692 (4059396 Gflops/s) - 3654 (4017615 Gflops/s) - 3748 (4120969 Gflops/s) - 3688 (4054998 Gflops/s) - 3661 (4025312 Gflops/s) | Temperatures: 65°C - 67°C - 72°C - 71°C - 66°C - 67°C - 72°C - 72°C | Throttling: None - None - None - None - None - None - None - None
3769 (4144059 Gflops/s) - 3740 (4112173 Gflops/s) - 3727 (4097879 Gflops/s) - 3692 (4059396 Gflops/s) - 3652 (4015416 Gflops/s) - 3747 (4119870 Gflops/s) - 3703 (4071491 Gflops/s) - 3662 (4026411 Gflops/s) | Temperatures: 65°C - 67°C - 72°C - 71°C - 66°C - 67°C - 72°C - 72°C | Throttling: None - None - None - None - None - None - None - None
3769 (4144059 Gflops/s) - 3744 (4116571 Gflops/s) - 3730 (4101178 Gflops/s) - 3695 (4062695 Gflops/s) - 3656 (4019814 Gflops/s) - 3747 (4119870 Gflops/s) - 3694 (4061595 Gflops/s) - 3681 (4047302 Gflops/s) | Temperatures: 65°C - 67°C - 72°C - 71°C - 66°C - 67°C - 72°C - 72°C | Throttling: None - None - None - None - None - None - None - None
3769 (4144059 Gflops/s) - 3740 (4112173 Gflops/s) - 3732 (4103377 Gflops/s) - 3693 (4060496 Gflops/s) - 3654 (4017615 Gflops/s) - 3748 (4120969 Gflops/s) - 3693 (4060496 Gflops/s) - 3659 (4023113 Gflops/s) | Temperatures: 65°C - 67°C - 72°C - 71°C - 66°C - 67°C - 72°C - 72°C | Throttling: None - None - None - None - None - None - None - None
3769 (4144059 Gflops/s) - 3741 (4113272 Gflops/s) - 3732 (4103377 Gflops/s) - 3693 (4060496 Gflops/s) - 3654 (4017615 Gflops/s) - 3749 (4122069 Gflops/s) - 3695 (4062695 Gflops/s) - 3640 (4002222 Gflops/s) | Temperatures: 65°C - 67°C - 72°C - 71°C - 66°C - 67°C - 72°C - 71°C | Throttling: None - None - None - None - None - None - None - None
3770 (4145158 Gflops/s) - 3742 (4114372 Gflops/s) - 3732 (4103377 Gflops/s) - 3694 (4061595 Gflops/s) - 3654 (4017615 Gflops/s) - 3747 (4119870 Gflops/s) - 3693 (4060496 Gflops/s) - 3648 (4011018 Gflops/s) | Temperatures: 65°C - 67°C - 72°C - 71°C - 66°C - 67°C - 72°C - 71°C | Throttling: None - None - None - None - None - None - None - None
3769 (4144059 Gflops/s) - 3741 (4113272 Gflops/s) - 3731 (4102277 Gflops/s) - 3694 (4061595 Gflops/s) - 3653 (4016515 Gflops/s) - 3747 (4119870 Gflops/s) - 3694 (4061595 Gflops/s) - 3652 (4015416 Gflops/s) | Temperatures: 65°C - 67°C - 72°C - 71°C - 66°C - 67°C - 72°C - 71°C | Throttling: None - None - None - None - None - None - None - None
3770 (4145158 Gflops/s) - 3737 (4108874 Gflops/s) - 3729 (4100078 Gflops/s) - 3693 (4060496 Gflops/s) - 3654 (4017615 Gflops/s) - 3750 (4123168 Gflops/s) - 3692 (4059396 Gflops/s) - 3672 (4037406 Gflops/s) | Temperatures: 65°C - 67°C - 72°C - 71°C - 66°C - 67°C - 72°C - 72°C | Throttling: None - None - None - None - None - None - None - None
3769 (4144059 Gflops/s) - 3739 (4111073 Gflops/s) - 3732 (4103377 Gflops/s) - 3694 (4061595 Gflops/s) - 3652 (4015416 Gflops/s) - 3747 (4119870 Gflops/s) - 3692 (4059396 Gflops/s) - 3679 (4045103 Gflops/s) | Temperatures: 65°C - 67°C - 72°C - 71°C - 66°C - 67°C - 72°C - 72°C | Throttling: None - None - None - None - None - None - None - None
3769 (4144059 Gflops/s) - 3740 (4112173 Gflops/s) - 3730 (4101178 Gflops/s) - 3695 (4062695 Gflops/s) - 3653 (4016515 Gflops/s) - 3749 (4122069 Gflops/s) - 3704 (4072591 Gflops/s) - 3663 (4027511 Gflops/s) | Temperatures: 65°C - 67°C - 72°C - 71°C - 66°C - 67°C - 72°C - 72°C | Throttling: None - None - None - None - None - None - None - None
3770 (4145158 Gflops/s) - 3743 (4115472 Gflops/s) - 3730 (4101178 Gflops/s) - 3692 (4059396 Gflops/s) - 3652 (4015416 Gflops/s) - 3748 (4120969 Gflops/s) - 3700 (4068193 Gflops/s) - 3682 (4048401 Gflops/s) | Temperatures: 65°C - 67°C - 72°C - 71°C - 66°C - 67°C - 72°C - 72°C | Throttling: None - None - None - None - None - None - None - None
3769 (4144059 Gflops/s) - 3740 (4112173 Gflops/s) - 3732 (4103377 Gflops/s) - 3694 (4061595 Gflops/s) - 3653 (4016515 Gflops/s) - 3748 (4120969 Gflops/s) - 3699 (4067093 Gflops/s) - 3654 (4017615 Gflops/s) | Temperatures: 65°C - 67°C - 72°C - 71°C - 66°C - 67°C - 72°C - 71°C | Throttling: None - None - None - None - None - None - None - None
3768 (4142959 Gflops/s) - 3738 (4109974 Gflops/s) - 3729 (4100078 Gflops/s) - 3693 (4060496 Gflops/s) - 3650 (4013217 Gflops/s) - 3748 (4120969 Gflops/s) - 3689 (4056098 Gflops/s) - 3672 (4037406 Gflops/s) | Temperatures: 65°C - 67°C - 72°C - 71°C - 66°C - 67°C - 72°C - 72°C | Throttling: None - None - None - None - None - None - None - None
3770 (4145158 Gflops/s) - 3745 (4117671 Gflops/s) - 3731 (4102277 Gflops/s) - 3693 (4060496 Gflops/s) - 3652 (4015416 Gflops/s) - 3747 (4119870 Gflops/s) - 3690 (4057197 Gflops/s) - 3680 (4046202 Gflops/s) | Temperatures: 65°C - 67°C - 72°C - 71°C - 66°C - 67°C - 72°C - 72°C | Throttling: None - None - None - None - None - None - None - None
3769 (4144059 Gflops/s) - 3738 (4109974 Gflops/s) - 3733 (4104476 Gflops/s) - 3694 (4061595 Gflops/s) - 3653 (4016515 Gflops/s) - 3749 (4122069 Gflops/s) - 3695 (4062695 Gflops/s) - 3665 (4029710 Gflops/s) | Temperatures: 65°C - 67°C - 72°C - 71°C - 66°C - 67°C - 72°C - 72°C | Throttling: None - None - None - None - None - None - None - None
1902 (2091271 Gflops/s) - 1730 (1902155 Gflops/s) - 1275 (1401877 Gflops/s) - 1184 (1301821 Gflops/s) - 1858 (2042892 Gflops/s) - 1943 (2136351 Gflops/s) - 2182 (2399134 Gflops/s) - 2278 (2504687 Gflops/s) | Temperatures: 54°C - 56°C - 61°C - 59°C - 55°C - 57°C - 63°C - 63°C | Throttling: None - None - None - None - None - None - None - None
GPU #0: 4137500 Gflops/s (min: 2091271.12, max: 4149556.88, dev: 119958.02)
         Temperature: 64.66°C (min: 54.00, max: 65.00)
         Throttling HW: false, Thermal SW: false, Thermal HW: false
GPU #1: 4105734 Gflops/s (min: 1902155.12, max: 4140760.79, dev: 129352.03)
         Temperature: 66.67°C (min: 56.00, max: 67.00)
         Throttling HW: false, Thermal SW: false, Thermal HW: false
GPU #2: 4092000 Gflops/s (min: 1401877.33, max: 4123168.60, dev: 157797.47)
         Temperature: 72.05°C (min: 61.00, max: 73.00)
         Throttling HW: false, Thermal SW: false, Thermal HW: false
GPU #3: 4049179 Gflops/s (min: 1301821.77, max: 4074790.09, dev: 161156.90)
         Temperature: 70.62°C (min: 59.00, max: 71.00)
         Throttling HW: false, Thermal SW: false, Thermal HW: false
GPU #4: 4011585 Gflops/s (min: 2042892.60, max: 4076989.12, dev: 115668.90)
         Temperature: 65.77°C (min: 55.00, max: 66.00)
         Throttling HW: false, Thermal SW: false, Thermal HW: false
GPU #5: 4113952 Gflops/s (min: 2136351.09, max: 4130865.19, dev: 115954.61)
         Temperature: 66.89°C (min: 57.00, max: 67.00)
         Throttling HW: false, Thermal SW: false, Thermal HW: false
GPU #6: 4059738 Gflops/s (min: 2399134.37, max: 4089083.74, dev: 97560.49)
         Temperature: 72.17°C (min: 63.00, max: 73.00)
         Throttling HW: false, Thermal SW: false, Thermal HW: false
GPU #7: 4031005 Gflops/s (min: 2504687.49, max: 4119870.07, dev: 91113.33)
         Temperature: 71.48°C (min: 63.00, max: 72.00)
         Throttling HW: false, Thermal SW: false, Thermal HW: false
All GPUs seem healthy
Freeing GPUs...
