Running on hosts: b0012 b0013 b0014 b0015 b0016 b0017 b0018 b0019
[1775521132.648225] [b0013:44763:0]     ucp_context.c:2358 UCX  INFO  Version 1.20.0 (loaded from /opt/hpcx/ompi/lib/openmpi/../../../ucx/lib/libucp.so.0)
[1775521132.650962] [b0013:44763:f]        vfs_sock.c:63   UCX  DIAG  failed to create directory '/run/user/10009/ucx': No such file or directory
[1775521132.650967] [b0013:44763:f]        vfs_fuse.c:440  UCX  DIAG  failed to watch on '/run/user/10009/ucx/vfs.sock': Input/output error, VFS will be disabled
[1775521140.746111] [b0013:44763:0]          parser.c:2368 UCX  INFO  UCX_* env variables: UCX_TLS=rc,cuda_copy,cuda_ipc UCX_WARN_UNUSED_ENV_VARS=n UCX_LOG_LEVEL=info
[1775521140.973907] [b0013:44763:0]     ucp_context.c:2358 UCX  INFO  Version 1.20.0 (loaded from /opt/hpcx/ompi/lib/openmpi/../../../ucx/lib/libucp.so.0)
[1775521141.277275] [b0013:44763:0]      ucp_worker.c:1903 UCX  INFO    ucp_context_0 self cfg#1 tag(rc_mlx5/mlx5_4:1 rc_mlx5/mlx5_5:1 rc_mlx5/mlx5_6:1 rc_mlx5/mlx5_11:1 rc_mlx5/mlx5_12:1 rc_mlx5/mlx5_0:1 rc_mlx5/mlx5_1:1 rc_mlx5/mlx5_2:1 rc_mlx5/mlx5_3:1 rc_mlx5/mlx5_4:1 rc_mlx5/mlx5_5:1 rc_mlx5/mlx5_6:1 rc_mlx5/mlx5_11:1 rc
[1775521141.325785] [b0013:44763:0]      ucp_worker.c:1903 UCX  INFO    ucp_context_0 intra-node cfg#2 tag(rc_mlx5/mlx5_4:1 rc_mlx5/mlx5_5:1 rc_mlx5/mlx5_6:1 rc_mlx5/mlx5_11:1 rc_mlx5/mlx5_12:1 rc_mlx5/mlx5_0:1 rc_mlx5/mlx5_1:1 rc_mlx5/mlx5_2:1 rc_mlx5/mlx5_3:1 rc_mlx5/mlx5_4:1 rc_mlx5/mlx5_5:1 rc_mlx5/mlx5_6:1 rc_mlx5/mlx5_1
[1775521141.336139] [b0013:44763:0]      ucp_worker.c:1903 UCX  INFO    ucp_context_0 intra-node cfg#3 tag(rc_mlx5/mlx5_4:1 rc_mlx5/mlx5_5:1 rc_mlx5/mlx5_6:1 rc_mlx5/mlx5_11:1 rc_mlx5/mlx5_12:1 rc_mlx5/mlx5_0:1 rc_mlx5/mlx5_1:1 rc_mlx5/mlx5_2:1 rc_mlx5/mlx5_3:1 rc_mlx5/mlx5_4:1 rc_mlx5/mlx5_5:1 rc_mlx5/mlx5_6:1 rc_mlx5/mlx5_1
[1775521172.452009] [b0013:44763:0]          ucp_ep.c:1517 UCX  DIAG  ep 0x7fa8a70340c0: error 'Endpoint timeout' on rc_mlx5/mlx5_3:1 will not be handled since no error callback is installed
[b0013:44763:0:44763]       ud_ep.c:296  Fatal: UD endpoint 0x5a85bf0 to <no debug data>: unhandled timeout error
==== backtrace (tid:  44763) ====
 0  /opt/hpcx/ompi/lib/openmpi/../../../ucx/lib/libucs.so.0(ucs_handle_error+0x2e4) [0x7faac926d774]
 1  /opt/hpcx/ompi/lib/openmpi/../../../ucx/lib/libucs.so.0(ucs_fatal_error_message+0xc2) [0x7faac926a732]
 2  /opt/hpcx/ompi/lib/openmpi/../../../ucx/lib/libucs.so.0(ucs_fatal_error_format+0x111) [0x7faac926a851]
 3  /opt/hpcx/ompi/lib/openmpi/../../../ucx/lib/ucx/libuct_ib.so.0(+0x2ba70) [0x7faab862aa70]
 4  /opt/hpcx/ompi/lib/openmpi/../../../ucx/lib/libucs.so.0(+0x28d87) [0x7faac925ed87]
 5  /opt/hpcx/ompi/lib/openmpi/../../../ucx/lib/libucp.so.0(ucp_worker_progress+0x5a) [0x7faac93010ea]
 6  /opt/hpcx/ompi/lib/openmpi/mca_pml_ucx.so(mca_pml_ucx_send+0x1c7) [0x7faac93a76e7]
 7  /opt/hpcx/ompi/lib/libmpi.so.40(PMPI_Send+0x33) [0x7fab03cf3bc3]
 8  /workspace/hpl-linux-x86_64/xhpl() [0x4824ea]
 9  /workspace/hpl-linux-x86_64/xhpl() [0x481a50]
10  /workspace/hpl-linux-x86_64/xhpl() [0x4856a6]
11  /workspace/hpl-linux-x86_64/xhpl() [0x45be9d]
12  /lib/x86_64-linux-gnu/libc.so.6(+0x2a1ca) [0x7faacb6181ca]
13  /lib/x86_64-linux-gnu/libc.so.6(__libc_start_main+0x8b) [0x7faacb61828b]
14  /workspace/hpl-linux-x86_64/xhpl() [0x45dafe]
=================================
[b0013:44763] *** Process received signal ***
[b0013:44763] Signal: Aborted (6)
[b0013:44763] Signal code:  (-6)
[b0013:44763] [ 0] /lib/x86_64-linux-gnu/libc.so.6(+0x45330)[0x7faacb633330]
[b0013:44763] [ 1] /lib/x86_64-linux-gnu/libc.so.6(pthread_kill+0x11c)[0x7faacb68cb2c]
[b0013:44763] [ 2] /lib/x86_64-linux-gnu/libc.so.6(gsignal+0x1e)[0x7faacb63327e]
[b0013:44763] [ 3] /lib/x86_64-linux-gnu/libc.so.6(abort+0xdf)[0x7faacb6168ff]
[b0013:44763] [ 4] /opt/hpcx/ompi/lib/openmpi/../../../ucx/lib/libucs.so.0(+0x34737)[0x7faac926a737]
[b0013:44763] [ 5] /opt/hpcx/ompi/lib/openmpi/../../../ucx/lib/libucs.so.0(ucs_fatal_error_format+0x111)[0x7faac926a851]
[b0013:44763] [ 6] /opt/hpcx/ompi/lib/openmpi/../../../ucx/lib/ucx/libuct_ib.so.0(+0x2ba70)[0x7faab862aa70]
[b0013:44763] [ 7] /opt/hpcx/ompi/lib/openmpi/../../../ucx/lib/libucs.so.0(+0x28d87)[0x7faac925ed87]
[b0013:44763] [ 8] /opt/hpcx/ompi/lib/openmpi/../../../ucx/lib/libucp.so.0(ucp_worker_progress+0x5a)[0x7faac93010ea]
[b0013:44763] [ 9] /opt/hpcx/ompi/lib/openmpi/mca_pml_ucx.so(mca_pml_ucx_send+0x1c7)[0x7faac93a76e7]
[b0013:44763] [10] /opt/hpcx/ompi/lib/libmpi.so.40(PMPI_Send+0x33)[0x7fab03cf3bc3]
[b0013:44763] [11] /workspace/hpl-linux-x86_64/xhpl[0x4824ea]
[b0013:44763] [12] /workspace/hpl-linux-x86_64/xhpl[0x481a50]
[b0013:44763] [13] /workspace/hpl-linux-x86_64/xhpl[0x4856a6]
[b0013:44763] [14] /workspace/hpl-linux-x86_64/xhpl[0x45be9d]
[b0013:44763] [15] /lib/x86_64-linux-gnu/libc.so.6(+0x2a1ca)[0x7faacb6181ca]
[b0013:44763] [16] /lib/x86_64-linux-gnu/libc.so.6(__libc_start_main+0x8b)[0x7faacb61828b]
[b0013:44763] [17] /workspace/hpl-linux-x86_64/xhpl[0x45dafe]
[b0013:44763] *** End of error message ***
[1775521132.648265] [b0013:44822:0]     ucp_context.c:2358 UCX  INFO  Version 1.20.0 (loaded from /opt/hpcx/ompi/lib/openmpi/../../../ucx/lib/libucp.so.0)
[1775521132.651785] [b0013:44822:f]        vfs_sock.c:63   UCX  DIAG  failed to create directory '/run/user/10009/ucx': No such file or directory
[1775521132.651797] [b0013:44822:f]        vfs_fuse.c:440  UCX  DIAG  failed to watch on '/run/user/10009/ucx/vfs.sock': Input/output error, VFS will be disabled
[1775521140.956408] [b0013:44822:0]          parser.c:2368 UCX  INFO  UCX_* env variables: UCX_TLS=rc,cuda_copy,cuda_ipc UCX_WARN_UNUSED_ENV_VARS=n UCX_LOG_LEVEL=info
[1775521140.973918] [b0013:44822:0]     ucp_context.c:2358 UCX  INFO  Version 1.20.0 (loaded from /opt/hpcx/ompi/lib/openmpi/../../../ucx/lib/libucp.so.0)
[1775521141.290520] [b0013:44822:0]      ucp_worker.c:1903 UCX  INFO    ucp_context_0 self cfg#1 tag(rc_mlx5/mlx5_4:1 rc_mlx5/mlx5_5:1 rc_mlx5/mlx5_6:1 rc_mlx5/mlx5_11:1 rc_mlx5/mlx5_12:1 rc_mlx5/mlx5_0:1 rc_mlx5/mlx5_1:1 rc_mlx5/mlx5_2:1 rc_mlx5/mlx5_3:1 rc_mlx5/mlx5_4:1 rc_mlx5/mlx5_5:1 rc_mlx5/mlx5_6:1 rc_mlx5/mlx5_11:1 rc
[1775521141.338057] [b0013:44822:0]      ucp_worker.c:1903 UCX  INFO    ucp_context_0 intra-node cfg#2 tag(rc_mlx5/mlx5_4:1 rc_mlx5/mlx5_5:1 rc_mlx5/mlx5_6:1 rc_mlx5/mlx5_11:1 rc_mlx5/mlx5_12:1 rc_mlx5/mlx5_0:1 rc_mlx5/mlx5_1:1 rc_mlx5/mlx5_2:1 rc_mlx5/mlx5_3:1 rc_mlx5/mlx5_4:1 rc_mlx5/mlx5_5:1 rc_mlx5/mlx5_6:1 rc_mlx5/mlx5_1
[1775521141.347775] [b0013:44822:0]      ucp_worker.c:1903 UCX  INFO    ucp_context_0 intra-node cfg#3 tag(rc_mlx5/mlx5_4:1 rc_mlx5/mlx5_5:1 rc_mlx5/mlx5_6:1 rc_mlx5/mlx5_11:1 rc_mlx5/mlx5_12:1 rc_mlx5/mlx5_0:1 rc_mlx5/mlx5_1:1 rc_mlx5/mlx5_2:1 rc_mlx5/mlx5_3:1 rc_mlx5/mlx5_4:1 rc_mlx5/mlx5_5:1 rc_mlx5/mlx5_6:1 rc_mlx5/mlx5_1
[1775521172.457156] [b0013:44822:0]          ucp_ep.c:1517 UCX  DIAG  ep 0x7f928e0170c0: error 'Endpoint timeout' on rc_mlx5/mlx5_3:1 will not be handled since no error callback is installed
[b0013:44822:0:44822]       ud_ep.c:296  Fatal: UD endpoint 0x4f45a50 to <no debug data>: unhandled timeout error
[1775521132.544072] [b0017:41360:0]     ucp_context.c:2358 UCX  INFO  Version 1.20.0 (loaded from /opt/hpcx/ompi/lib/openmpi/../../../ucx/lib/libucp.so.0)
[1775521132.546540] [b0017:41360:f]        vfs_sock.c:63   UCX  DIAG  failed to create directory '/run/user/10009/ucx': No such file or directory
[1775521132.546544] [b0017:41360:f]        vfs_fuse.c:440  UCX  DIAG  failed to watch on '/run/user/10009/ucx/vfs.sock': Input/output error, VFS will be disabled
[1775521140.572345] [b0017:41360:0]          parser.c:2368 UCX  INFO  UCX_* env variables: UCX_TLS=rc,cuda_copy,cuda_ipc UCX_WARN_UNUSED_ENV_VARS=n UCX_LOG_LEVEL=info
[1775521140.973512] [b0017:41360:0]     ucp_context.c:2358 UCX  INFO  Version 1.20.0 (loaded from /opt/hpcx/ompi/lib/openmpi/../../../ucx/lib/libucp.so.0)
[1775521141.294183] [b0017:41360:0]      ucp_worker.c:1903 UCX  INFO    ucp_context_0 self cfg#1 tag(rc_mlx5/mlx5_4:1 rc_mlx5/mlx5_5:1 rc_mlx5/mlx5_6:1 rc_mlx5/mlx5_11:1 rc_mlx5/mlx5_12:1 rc_mlx5/mlx5_0:1 rc_mlx5/mlx5_1:1 rc_mlx5/mlx5_2:1 rc_mlx5/mlx5_3:1 rc_mlx5/mlx5_4:1 rc_mlx5/mlx5_5:1 rc_mlx5/mlx5_6:1 rc_mlx5/mlx5_11:1 rc
[1775521141.339546] [b0017:41360:0]      ucp_worker.c:1903 UCX  INFO    ucp_context_0 intra-node cfg#2 tag(rc_mlx5/mlx5_4:1 rc_mlx5/mlx5_5:1 rc_mlx5/mlx5_6:1 rc_mlx5/mlx5_11:1 rc_mlx5/mlx5_12:1 rc_mlx5/mlx5_0:1 rc_mlx5/mlx5_1:1 rc_mlx5/mlx5_2:1 rc_mlx5/mlx5_3:1 rc_mlx5/mlx5_4:1 rc_mlx5/mlx5_5:1 rc_mlx5/mlx5_6:1 rc_mlx5/mlx5_1
[1775521141.349359] [b0017:41360:0]      ucp_worker.c:1903 UCX  INFO    ucp_context_0 intra-node cfg#3 tag(rc_mlx5/mlx5_4:1 rc_mlx5/mlx5_5:1 rc_mlx5/mlx5_6:1 rc_mlx5/mlx5_11:1 rc_mlx5/mlx5_12:1 rc_mlx5/mlx5_0:1 rc_mlx5/mlx5_1:1 rc_mlx5/mlx5_2:1 rc_mlx5/mlx5_3:1 rc_mlx5/mlx5_4:1 rc_mlx5/mlx5_5:1 rc_mlx5/mlx5_6:1 rc_mlx5/mlx5_1
[1775521172.456767] [b0017:41360:0]          ucp_ep.c:1517 UCX  DIAG  ep 0x7f6a3b7b20c0: error 'Endpoint timeout' on rc_mlx5/mlx5_3:1 will not be handled since no error callback is installed
[b0017:41360:0:41360]       ud_ep.c:296  Fatal: UD endpoint 0x4603b50 to <no debug data>: unhandled timeout error
[1775521132.616977] [b0015:41299:0]     ucp_context.c:2358 UCX  INFO  Version 1.20.0 (loaded from /opt/hpcx/ompi/lib/openmpi/../../../ucx/lib/libucp.so.0)
[1775521132.619481] [b0015:41299:f]        vfs_sock.c:63   UCX  DIAG  failed to create directory '/run/user/10009/ucx': No such file or directory
[1775521132.619486] [b0015:41299:f]        vfs_fuse.c:440  UCX  DIAG  failed to watch on '/run/user/10009/ucx/vfs.sock': Input/output error, VFS will be disabled
[1775521140.348784] [b0015:41299:0]          parser.c:2368 UCX  INFO  UCX_* env variables: UCX_TLS=rc,cuda_copy,cuda_ipc UCX_WARN_UNUSED_ENV_VARS=n UCX_LOG_LEVEL=info
[1775521140.975378] [b0015:41299:0]     ucp_context.c:2358 UCX  INFO  Version 1.20.0 (loaded from /opt/hpcx/ompi/lib/openmpi/../../../ucx/lib/libucp.so.0)
[1775521141.287543] [b0015:41299:0]      ucp_worker.c:1903 UCX  INFO    ucp_context_0 self cfg#1 tag(rc_mlx5/mlx5_0:1 rc_mlx5/mlx5_1:1 rc_mlx5/mlx5_2:1 rc_mlx5/mlx5_3:1 rc_mlx5/mlx5_4:1 rc_mlx5/mlx5_5:1 rc_mlx5/mlx5_6:1 rc_mlx5/mlx5_11:1 rc_mlx5/mlx5_12:1 rc_mlx5/mlx5_0:1 rc_mlx5/mlx5_1:1 rc_mlx5/mlx5_2:1 rc_mlx5/mlx5_3:1 rc_
[1775521141.337439] [b0015:41299:0]      ucp_worker.c:1903 UCX  INFO    ucp_context_0 intra-node cfg#2 tag(rc_mlx5/mlx5_0:1 rc_mlx5/mlx5_1:1 rc_mlx5/mlx5_2:1 rc_mlx5/mlx5_3:1 rc_mlx5/mlx5_4:1 rc_mlx5/mlx5_5:1 rc_mlx5/mlx5_6:1 rc_mlx5/mlx5_11:1 rc_mlx5/mlx5_12:1 rc_mlx5/mlx5_0:1 rc_mlx5/mlx5_1:1 rc_mlx5/mlx5_2:1 rc_mlx5/mlx5_3
[1775521141.348166] [b0015:41299:0]      ucp_worker.c:1903 UCX  INFO    ucp_context_0 intra-node cfg#3 tag(rc_mlx5/mlx5_0:1 rc_mlx5/mlx5_1:1 rc_mlx5/mlx5_2:1 rc_mlx5/mlx5_3:1 rc_mlx5/mlx5_4:1 rc_mlx5/mlx5_5:1 rc_mlx5/mlx5_6:1 rc_mlx5/mlx5_11:1 rc_mlx5/mlx5_12:1 rc_mlx5/mlx5_0:1 rc_mlx5/mlx5_1:1 rc_mlx5/mlx5_2:1 rc_mlx5/mlx5_3
[1775521172.458769] [b0015:41299:0]          ucp_ep.c:1517 UCX  DIAG  ep 0x7ff3f40020c0: error 'Endpoint timeout' on rc_mlx5/mlx5_12:1 will not be handled since no error callback is installed
[b0015:41299:0:41299]       ud_ep.c:296  Fatal: UD endpoint 0x49f2af0 to <no debug data>: unhandled timeout error
==== backtrace (tid:  44822) ====
 0  /opt/hpcx/ompi/lib/openmpi/../../../ucx/lib/libucs.so.0(ucs_handle_error+0x2e4) [0x7f94b0260774]
 1  /opt/hpcx/ompi/lib/openmpi/../../../ucx/lib/libucs.so.0(ucs_fatal_error_message+0xc2) [0x7f94b025d732]
 2  /opt/hpcx/ompi/lib/openmpi/../../../ucx/lib/libucs.so.0(ucs_fatal_error_format+0x111) [0x7f94b025d851]
 3  /opt/hpcx/ompi/lib/openmpi/../../../ucx/lib/ucx/libuct_ib.so.0(+0x2ba70) [0x7f94a8849a70]
 4  /opt/hpcx/ompi/lib/openmpi/../../../ucx/lib/libucs.so.0(+0x28d87) [0x7f94b0251d87]
 5  /opt/hpcx/ompi/lib/openmpi/../../../ucx/lib/libucp.so.0(ucp_worker_progress+0x5a) [0x7f94b02f40ea]
 6  /opt/hpcx/ompi/lib/openmpi/mca_pml_ucx.so(mca_pml_ucx_send+0x1c7) [0x7f94b039a6e7]
 7  /opt/hpcx/ompi/lib/libmpi.so.40(PMPI_Send+0x33) [0x7f94eace1bc3]
 8  /workspace/hpl-linux-x86_64/xhpl() [0x4824ea]
 9  /workspace/hpl-linux-x86_64/xhpl() [0x481a50]
10  /workspace/hpl-linux-x86_64/xhpl() [0x4856a6]
11  /workspace/hpl-linux-x86_64/xhpl() [0x45be9d]
12  /lib/x86_64-linux-gnu/libc.so.6(+0x2a1ca) [0x7f94b26181ca]
13  /lib/x86_64-linux-gnu/libc.so.6(__libc_start_main+0x8b) [0x7f94b261828b]
14  /workspace/hpl-linux-x86_64/xhpl() [0x45dafe]
=================================
[b0013:44822] *** Process received signal ***
[b0013:44822] Signal: Aborted (6)
[b0013:44822] Signal code:  (-6)
[b0013:44822] [ 0] /lib/x86_64-linux-gnu/libc.so.6(+0x45330)[0x7f94b2633330]
[b0013:44822] [ 1] /lib/x86_64-linux-gnu/libc.so.6(pthread_kill+0x11c)[0x7f94b268cb2c]
[b0013:44822] [ 2] /lib/x86_64-linux-gnu/libc.so.6(gsignal+0x1e)[0x7f94b263327e]
[b0013:44822] [ 3] /lib/x86_64-linux-gnu/libc.so.6(abort+0xdf)[0x7f94b26168ff]
[b0013:44822] [ 4] /opt/hpcx/ompi/lib/openmpi/../../../ucx/lib/libucs.so.0(+0x34737)[0x7f94b025d737]
[b0013:44822] [ 5] /opt/hpcx/ompi/lib/openmpi/../../../ucx/lib/libucs.so.0(ucs_fatal_error_format+0x111)[0x7f94b025d851]
[b0013:44822] [ 6] /opt/hpcx/ompi/lib/openmpi/../../../ucx/lib/ucx/libuct_ib.so.0(+0x2ba70)[0x7f94a8849a70]
[b0013:44822] [ 7] /opt/hpcx/ompi/lib/openmpi/../../../ucx/lib/libucs.so.0(+0x28d87)[0x7f94b0251d87]
[b0013:44822] [ 8] /opt/hpcx/ompi/lib/openmpi/../../../ucx/lib/libucp.so.0(ucp_worker_progress+0x5a)[0x7f94b02f40ea]
[b0013:44822] [ 9] /opt/hpcx/ompi/lib/openmpi/mca_pml_ucx.so(mca_pml_ucx_send+0x1c7)[0x7f94b039a6e7]
[b0013:44822] [10] /opt/hpcx/ompi/lib/libmpi.so.40(PMPI_Send+0x33)[0x7f94eace1bc3]
[b0013:44822] [11] /workspace/hpl-linux-x86_64/xhpl[0x4824ea]
[b0013:44822] [12] /workspace/hpl-linux-x86_64/xhpl[0x481a50]
[b0013:44822] [13] /workspace/hpl-linux-x86_64/xhpl[0x4856a6]
[b0013:44822] [14] /workspace/hpl-linux-x86_64/xhpl[0x45be9d]
[b0013:44822] [15] /lib/x86_64-linux-gnu/libc.so.6(+0x2a1ca)[0x7f94b26181ca]
[b0013:44822] [16] /lib/x86_64-linux-gnu/libc.so.6(__libc_start_main+0x8b)[0x7f94b261828b]
[b0013:44822] [17] /workspace/hpl-linux-x86_64/xhpl[0x45dafe]
[b0013:44822] *** End of error message ***
[1775521132.606695] [b0018:40120:0]     ucp_context.c:2358 UCX  INFO  Version 1.20.0 (loaded from /opt/hpcx/ompi/lib/openmpi/../../../ucx/lib/libucp.so.0)
[1775521132.609556] [b0018:40120:f]        vfs_sock.c:63   UCX  DIAG  failed to create directory '/run/user/10009/ucx': No such file or directory
[1775521132.609561] [b0018:40120:f]        vfs_fuse.c:440  UCX  DIAG  failed to watch on '/run/user/10009/ucx/vfs.sock': Input/output error, VFS will be disabled
[1775521140.900188] [b0018:40120:0]          parser.c:2368 UCX  INFO  UCX_* env variables: UCX_TLS=rc,cuda_copy,cuda_ipc UCX_WARN_UNUSED_ENV_VARS=n UCX_LOG_LEVEL=info
[1775521140.972816] [b0018:40120:0]     ucp_context.c:2358 UCX  INFO  Version 1.20.0 (loaded from /opt/hpcx/ompi/lib/openmpi/../../../ucx/lib/libucp.so.0)
[1775521141.269141] [b0018:40120:0]      ucp_worker.c:1903 UCX  INFO    ucp_context_0 self cfg#1 tag(rc_mlx5/mlx5_4:1 rc_mlx5/mlx5_5:1 rc_mlx5/mlx5_6:1 rc_mlx5/mlx5_11:1 rc_mlx5/mlx5_12:1 rc_mlx5/mlx5_0:1 rc_mlx5/mlx5_1:1 rc_mlx5/mlx5_2:1 rc_mlx5/mlx5_3:1 rc_mlx5/mlx5_4:1 rc_mlx5/mlx5_5:1 rc_mlx5/mlx5_6:1 rc_mlx5/mlx5_11:1 rc
[1775521141.315493] [b0018:40120:0]      ucp_worker.c:1903 UCX  INFO    ucp_context_0 intra-node cfg#2 tag(rc_mlx5/mlx5_4:1 rc_mlx5/mlx5_5:1 rc_mlx5/mlx5_6:1 rc_mlx5/mlx5_11:1 rc_mlx5/mlx5_12:1 rc_mlx5/mlx5_0:1 rc_mlx5/mlx5_1:1 rc_mlx5/mlx5_2:1 rc_mlx5/mlx5_3:1 rc_mlx5/mlx5_4:1 rc_mlx5/mlx5_5:1 rc_mlx5/mlx5_6:1 rc_mlx5/mlx5_1
[1775521141.325619] [b0018:40120:0]      ucp_worker.c:1903 UCX  INFO    ucp_context_0 intra-node cfg#3 tag(rc_mlx5/mlx5_4:1 rc_mlx5/mlx5_5:1 rc_mlx5/mlx5_6:1 rc_mlx5/mlx5_11:1 rc_mlx5/mlx5_12:1 rc_mlx5/mlx5_0:1 rc_mlx5/mlx5_1:1 rc_mlx5/mlx5_2:1 rc_mlx5/mlx5_3:1 rc_mlx5/mlx5_4:1 rc_mlx5/mlx5_5:1 rc_mlx5/mlx5_6:1 rc_mlx5/mlx5_1
[1775521172.457061] [b0018:40120:0]          ucp_ep.c:1517 UCX  DIAG  ep 0x7f6fe0db00c0: error 'Endpoint timeout' on rc_mlx5/mlx5_3:1 will not be handled since no error callback is installed
[b0018:40120:0:40120]       ud_ep.c:296  Fatal: UD endpoint 0x4ff9e50 to <no debug data>: unhandled timeout error
[1775521132.484783] [b0015:41180:0]     ucp_context.c:2358 UCX  INFO  Version 1.20.0 (loaded from /opt/hpcx/ompi/lib/openmpi/../../../ucx/lib/libucp.so.0)
[1775521132.488043] [b0015:41180:f]        vfs_sock.c:63   UCX  DIAG  failed to create directory '/run/user/10009/ucx': No such file or directory
[1775521132.488047] [b0015:41180:f]        vfs_fuse.c:440  UCX  DIAG  failed to watch on '/run/user/10009/ucx/vfs.sock': Input/output error, VFS will be disabled
[1775521140.530669] [b0015:41180:0]          parser.c:2368 UCX  INFO  UCX_* env variables: UCX_TLS=rc,cuda_copy,cuda_ipc UCX_WARN_UNUSED_ENV_VARS=n UCX_LOG_LEVEL=info
[1775521140.975429] [b0015:41180:0]     ucp_context.c:2358 UCX  INFO  Version 1.20.0 (loaded from /opt/hpcx/ompi/lib/openmpi/../../../ucx/lib/libucp.so.0)
[1775521141.266517] [b0015:41180:0]      ucp_worker.c:1903 UCX  INFO    ucp_context_0 self cfg#1 tag(rc_mlx5/mlx5_4:1 rc_mlx5/mlx5_5:1 rc_mlx5/mlx5_6:1 rc_mlx5/mlx5_11:1 rc_mlx5/mlx5_12:1 rc_mlx5/mlx5_0:1 rc_mlx5/mlx5_1:1 rc_mlx5/mlx5_2:1 rc_mlx5/mlx5_3:1 rc_mlx5/mlx5_4:1 rc_mlx5/mlx5_5:1 rc_mlx5/mlx5_6:1 rc_mlx5/mlx5_11:1 rc
[1775521141.311819] [b0015:41180:0]      ucp_worker.c:1903 UCX  INFO    ucp_context_0 intra-node cfg#2 tag(rc_mlx5/mlx5_4:1 rc_mlx5/mlx5_5:1 rc_mlx5/mlx5_6:1 rc_mlx5/mlx5_11:1 rc_mlx5/mlx5_12:1 rc_mlx5/mlx5_0:1 rc_mlx5/mlx5_1:1 rc_mlx5/mlx5_2:1 rc_mlx5/mlx5_3:1 rc_mlx5/mlx5_4:1 rc_mlx5/mlx5_5:1 rc_mlx5/mlx5_6:1 rc_mlx5/mlx5_1
[1775521141.322460] [b0015:41180:0]      ucp_worker.c:1903 UCX  INFO    ucp_context_0 intra-node cfg#3 tag(rc_mlx5/mlx5_4:1 rc_mlx5/mlx5_5:1 rc_mlx5/mlx5_6:1 rc_mlx5/mlx5_11:1 rc_mlx5/mlx5_12:1 rc_mlx5/mlx5_0:1 rc_mlx5/mlx5_1:1 rc_mlx5/mlx5_2:1 rc_mlx5/mlx5_3:1 rc_mlx5/mlx5_4:1 rc_mlx5/mlx5_5:1 rc_mlx5/mlx5_6:1 rc_mlx5/mlx5_1
[1775521172.459774] [b0015:41180:0]          ucp_ep.c:1517 UCX  DIAG  ep 0x7f463402c0c0: error 'Endpoint timeout' on rc_mlx5/mlx5_3:1 will not be handled since no error callback is installed
[b0015:41180:0:41180]       ud_ep.c:296  Fatal: UD endpoint 0x5fedab0 to <no debug data>: unhandled timeout error
==== backtrace (tid:  41299) ====
 0  /opt/hpcx/ompi/lib/openmpi/../../../ucx/lib/libucs.so.0(ucs_handle_error+0x2e4) [0x7ff40e36a774]
 1  /opt/hpcx/ompi/lib/openmpi/../../../ucx/lib/libucs.so.0(ucs_fatal_error_message+0xc2) [0x7ff40e367732]
 2  /opt/hpcx/ompi/lib/openmpi/../../../ucx/lib/libucs.so.0(ucs_fatal_error_format+0x111) [0x7ff40e367851]
 3  /opt/hpcx/ompi/lib/openmpi/../../../ucx/lib/ucx/libuct_ib.so.0(+0x2ba70) [0x7ff40cdaba70]
 4  /opt/hpcx/ompi/lib/openmpi/../../../ucx/lib/libucs.so.0(+0x28d87) [0x7ff40e35bd87]
 5  /opt/hpcx/ompi/lib/openmpi/../../../ucx/lib/libucp.so.0(ucp_worker_progress+0x5a) [0x7ff40e3fe0ea]
 6  /opt/hpcx/ompi/lib/openmpi/mca_pml_ucx.so(mca_pml_ucx_recv+0x180) [0x7ff40e4a3030]
 7  /opt/hpcx/ompi/lib/libmpi.so.40(MPI_Recv+0x31) [0x7ff445758ac1]
 8  /workspace/hpl-linux-x86_64/xhpl() [0x48254f]
 9  /workspace/hpl-linux-x86_64/xhpl() [0x481a50]
10  /workspace/hpl-linux-x86_64/xhpl() [0x4856a6]
11  /workspace/hpl-linux-x86_64/xhpl() [0x45be9d]
==== backtrace (tid:  41360) ====
 0  /opt/hpcx/ompi/lib/openmpi/../../../ucx/lib/libucs.so.0(ucs_handle_error+0x2e4) [0x7f6c5d9e6774]
 1  /opt/hpcx/ompi/lib/openmpi/../../../ucx/lib/libucs.so.0(ucs_fatal_error_message+0xc2) [0x7f6c5d9e3732]
 2  /opt/hpcx/ompi/lib/openmpi/../../../ucx/lib/libucs.so.0(ucs_fatal_error_format+0x111) [0x7f6c5d9e3851]
 3  /opt/hpcx/ompi/lib/openmpi/../../../ucx/lib/ucx/libuct_ib.so.0(+0x2ba70) [0x7f6c5c42ca70]
 4  /opt/hpcx/ompi/lib/openmpi/../../../ucx/lib/libucs.so.0(+0x28d87) [0x7f6c5d9d7d87]
 5  /opt/hpcx/ompi/lib/openmpi/../../../ucx/lib/libucp.so.0(ucp_worker_progress+0x5a) [0x7f6c5da7a0ea]
 6  /opt/hpcx/ompi/lib/openmpi/mca_pml_ucx.so(mca_pml_ucx_send+0x1c7) [0x7f6c5db206e7]
 7  /opt/hpcx/ompi/lib/libmpi.so.40(PMPI_Send+0x33) [0x7f6c94d5abc3]
 8  /workspace/hpl-linux-x86_64/xhpl() [0x4824ea]
 9  /workspace/hpl-linux-x86_64/xhpl() [0x481a50]
10  /workspace/hpl-linux-x86_64/xhpl() [0x4856a6]
12  /lib/x86_64-linux-gnu/libc.so.6(+0x2a1ca) [0x7ff4108181ca]
13  /lib/x86_64-linux-gnu/libc.so.6(__libc_start_main+0x8b) [0x7ff41081828b]
14  /workspace/hpl-linux-x86_64/xhpl() [0x45dafe]
=================================
[b0015:41299] *** Process received signal ***
[b0015:41299] Signal: Aborted (6)
[b0015:41299] Signal code:  (-6)
[b0015:41299] [ 0] /lib/x86_64-linux-gnu/libc.so.6(+0x45330)[0x7ff410833330]
11  /workspace/hpl-linux-x86_64/xhpl() [0x45be9d]
12  /lib/x86_64-linux-gnu/libc.so.6(+0x2a1ca) [0x7f6c5fe181ca]
13  /lib/x86_64-linux-gnu/libc.so.6(__libc_start_main+0x8b) [0x7f6c5fe1828b]
14  /workspace/hpl-linux-x86_64/xhpl() [0x45dafe]
=================================
[b0015:41299] [ 1] /lib/x86_64-linux-gnu/libc.so.6(pthread_kill+0x11c)[0x7ff41088cb2c]
[b0015:41299] [ 2] /lib/x86_64-linux-gnu/libc.so.6(gsignal+0x1e)[0x7ff41083327e]
[b0015:41299] [ 3] /lib/x86_64-linux-gnu/libc.so.6(abort+0xdf)[0x7ff4108168ff]
[b0017:41360] *** Process received signal ***
[b0015:41299] [ 4] /opt/hpcx/ompi/lib/openmpi/../../../ucx/lib/libucs.so.0(+0x34737)[0x7ff40e367737]
[1775521132.610746] [b0016:42969:0]     ucp_context.c:2358 UCX  INFO  Version 1.20.0 (loaded from /opt/hpcx/ompi/lib/openmpi/../../../ucx/lib/libucp.so.0)
[1775521132.613784] [b0016:42969:f]        vfs_sock.c:63   UCX  DIAG  failed to create directory '/run/user/10009/ucx': No such file or directory
[1775521132.613790] [b0016:42969:f]        vfs_fuse.c:440  UCX  DIAG  failed to watch on '/run/user/10009/ucx/vfs.sock': Input/output error, VFS will be disabled
[1775521140.888319] [b0016:42969:0]          parser.c:2368 UCX  INFO  UCX_* env variables: UCX_TLS=rc,cuda_copy,cuda_ipc UCX_WARN_UNUSED_ENV_VARS=n UCX_LOG_LEVEL=info
[1775521140.974867] [b0016:42969:0]     ucp_context.c:2358 UCX  INFO  Version 1.20.0 (loaded from /opt/hpcx/ompi/lib/openmpi/../../../ucx/lib/libucp.so.0)
[b0017:41360] Signal: Aborted (6)
[b0017:41360] Signal code:  (-6)
[b0015:41299] [ 5] /opt/hpcx/ompi/lib/openmpi/../../../ucx/lib/libucs.so.0(ucs_fatal_error_format+0x111)[0x7ff40e367851]
[b0015:41299] [ 6] /opt/hpcx/ompi/lib/openmpi/../../../ucx/lib/ucx/libuct_ib.so.0(+0x2ba70)[0x7ff40cdaba70]
[b0017:41360] [ 0] /lib/x86_64-linux-gnu/libc.so.6(+0x45330)[0x7f6c5fe33330]
[b0015:41299] [ 7] /opt/hpcx/ompi/lib/openmpi/../../../ucx/lib/libucs.so.0(+0x28d87)[0x7ff40e35bd87]
[1775521141.277073] [b0016:42969:0]      ucp_worker.c:1903 UCX  INFO    ucp_context_0 self cfg#1 tag(rc_mlx5/mlx5_4:1 rc_mlx5/mlx5_5:1 rc_mlx5/mlx5_6:1 rc_mlx5/mlx5_11:1 rc_mlx5/mlx5_12:1 rc_mlx5/mlx5_0:1 rc_mlx5/mlx5_1:1 rc_mlx5/mlx5_2:1 rc_mlx5/mlx5_3:1 rc_mlx5/mlx5_4:1 rc_mlx5/mlx5_5:1 rc_mlx5/mlx5_6:1 rc_mlx5/mlx5_11:1 rc
[1775521141.327311] [b0016:42969:0]      ucp_worker.c:1903 UCX  INFO    ucp_context_0 intra-node cfg#2 tag(rc_mlx5/mlx5_4:1 rc_mlx5/mlx5_5:1 rc_mlx5/mlx5_6:1 rc_mlx5/mlx5_11:1 rc_mlx5/mlx5_12:1 rc_mlx5/mlx5_0:1 rc_mlx5/mlx5_1:1 rc_mlx5/mlx5_2:1 rc_mlx5/mlx5_3:1 rc_mlx5/mlx5_4:1 rc_mlx5/mlx5_5:1 rc_mlx5/mlx5_6:1 rc_mlx5/mlx5_1
[1775521141.337946] [b0016:42969:0]      ucp_worker.c:1903 UCX  INFO    ucp_context_0 intra-node cfg#3 tag(rc_mlx5/mlx5_4:1 rc_mlx5/mlx5_5:1 rc_mlx5/mlx5_6:1 rc_mlx5/mlx5_11:1 rc_mlx5/mlx5_12:1 rc_mlx5/mlx5_0:1 rc_mlx5/mlx5_1:1 rc_mlx5/mlx5_2:1 rc_mlx5/mlx5_3:1 rc_mlx5/mlx5_4:1 rc_mlx5/mlx5_5:1 rc_mlx5/mlx5_6:1 rc_mlx5/mlx5_1
[b0017:41360] [ 1] /lib/x86_64-linux-gnu/libc.so.6(pthread_kill+0x11c)[0x7f6c5fe8cb2c]
[1775521172.460094] [b0016:42969:0]          ucp_ep.c:1517 UCX  DIAG  ep 0x7f2df28d60c0: error 'Endpoint timeout' on rc_mlx5/mlx5_3:1 will not be handled since no error callback is installed
[b0017:41360] [ 2] /lib/x86_64-linux-gnu/libc.so.6(gsignal+0x1e)[0x7f6c5fe3327e]
[b0016:42969:0:42969]       ud_ep.c:296  Fatal: UD endpoint 0x46f78e0 to <no debug data>: unhandled timeout error
[b0017:41360] [ 3] /lib/x86_64-linux-gnu/libc.so.6(abort+0xdf)[0x7f6c5fe168ff]
[b0015:41299] [ 8] /opt/hpcx/ompi/lib/openmpi/../../../ucx/lib/libucp.so.0(ucp_worker_progress+0x5a)[0x7ff40e3fe0ea]
[b0015:41299] [ 9] /opt/hpcx/ompi/lib/openmpi/mca_pml_ucx.so(mca_pml_ucx_recv+0x180)[0x7ff40e4a3030]
[b0017:41360] [ 4] /opt/hpcx/ompi/lib/openmpi/../../../ucx/lib/libucs.so.0(+0x34737)[0x7f6c5d9e3737]
[b0017:41360] [ 5] /opt/hpcx/ompi/lib/openmpi/../../../ucx/lib/libucs.so.0(ucs_fatal_error_format+0x111)[0x7f6c5d9e3851]
[b0017:41360] [ 6] /opt/hpcx/ompi/lib/openmpi/../../../ucx/lib/ucx/libuct_ib.so.0(+0x2ba70)[0x7f6c5c42ca70]
[b0017:41360] [ 7] /opt/hpcx/ompi/lib/openmpi/../../../ucx/lib/libucs.so.0(+0x28d87)[0x7f6c5d9d7d87]
[b0017:41360] [ 8] /opt/hpcx/ompi/lib/openmpi/../../../ucx/lib/libucp.so.0(ucp_worker_progress+0x5a)[0x7f6c5da7a0ea]
[b0017:41360] [ 9] /opt/hpcx/ompi/lib/openmpi/mca_pml_ucx.so(mca_pml_ucx_send+0x1c7)[0x7f6c5db206e7]
[b0015:41299] [10] /opt/hpcx/ompi/lib/libmpi.so.40(MPI_Recv+0x31)[0x7ff445758ac1]
[b0015:41299] [11] /workspace/hpl-linux-x86_64/xhpl[0x48254f]
[b0015:41299] [12] /workspace/hpl-linux-x86_64/xhpl[0x481a50]
[b0015:41299] [13] /workspace/hpl-linux-x86_64/xhpl[0x4856a6]
[b0015:41299] [14] /workspace/hpl-linux-x86_64/xhpl[0x45be9d]
[b0015:41299] [15] /lib/x86_64-linux-gnu/libc.so.6(+0x2a1ca)[0x7ff4108181ca]
[b0015:41299] [16] /lib/x86_64-linux-gnu/libc.so.6(__libc_start_main+0x8b)[0x7ff41081828b]
[b0015:41299] [17] /workspace/hpl-linux-x86_64/xhpl[0x45dafe]
[b0015:41299] *** End of error message ***
[b0017:41360] [10] /opt/hpcx/ompi/lib/libmpi.so.40(PMPI_Send+0x33)[0x7f6c94d5abc3]
[b0017:41360] [11] /workspace/hpl-linux-x86_64/xhpl[0x4824ea]
[b0017:41360] [12] /workspace/hpl-linux-x86_64/xhpl[0x481a50]
[b0017:41360] [13] /workspace/hpl-linux-x86_64/xhpl[0x4856a6]
[b0017:41360] [14] /workspace/hpl-linux-x86_64/xhpl[0x45be9d]
[b0017:41360] [15] /lib/x86_64-linux-gnu/libc.so.6(+0x2a1ca)[0x7f6c5fe181ca]
[b0017:41360] [16] /lib/x86_64-linux-gnu/libc.so.6(__libc_start_main+0x8b)[0x7f6c5fe1828b]
[b0017:41360] [17] /workspace/hpl-linux-x86_64/xhpl[0x45dafe]
[b0017:41360] *** End of error message ***
==== backtrace (tid:  41180) ====
 0  /opt/hpcx/ompi/lib/openmpi/../../../ucx/lib/libucs.so.0(ucs_handle_error+0x2e4) [0x7f464638d774]
 1  /opt/hpcx/ompi/lib/openmpi/../../../ucx/lib/libucs.so.0(ucs_fatal_error_message+0xc2) [0x7f464638a732]
 2  /opt/hpcx/ompi/lib/openmpi/../../../ucx/lib/libucs.so.0(ucs_fatal_error_format+0x111) [0x7f464638a851]
 3  /opt/hpcx/ompi/lib/openmpi/../../../ucx/lib/ucx/libuct_ib.so.0(+0x2ba70) [0x7f4644dd4a70]
 4  /opt/hpcx/ompi/lib/openmpi/../../../ucx/lib/libucs.so.0(+0x28d87) [0x7f464637ed87]
 5  /opt/hpcx/ompi/lib/openmpi/../../../ucx/lib/libucp.so.0(ucp_worker_progress+0x5a) [0x7f46464210ea]
 6  /opt/hpcx/ompi/lib/openmpi/mca_pml_ucx.so(mca_pml_ucx_send+0x1c7) [0x7f46464c76e7]
 7  /opt/hpcx/ompi/lib/libmpi.so.40(PMPI_Send+0x33) [0x7f467d75abc3]
 8  /workspace/hpl-linux-x86_64/xhpl() [0x4824ea]
 9  /workspace/hpl-linux-x86_64/xhpl() [0x481a50]
10  /workspace/hpl-linux-x86_64/xhpl() [0x4856a6]
11  /workspace/hpl-linux-x86_64/xhpl() [0x45be9d]
12  /lib/x86_64-linux-gnu/libc.so.6(+0x2a1ca) [0x7f46488181ca]
13  /lib/x86_64-linux-gnu/libc.so.6(__libc_start_main+0x8b) [0x7f464881828b]
14  /workspace/hpl-linux-x86_64/xhpl() [0x45dafe]
=================================
[b0015:41180] *** Process received signal ***
[b0015:41180] Signal: Aborted (6)
[b0015:41180] Signal code:  (-6)
[b0015:41180] [ 0] /lib/x86_64-linux-gnu/libc.so.6(+0x45330)[0x7f4648833330]
[b0015:41180] [ 1] /lib/x86_64-linux-gnu/libc.so.6(pthread_kill+0x11c)[0x7f464888cb2c]
[b0015:41180] [ 2] /lib/x86_64-linux-gnu/libc.so.6(gsignal+0x1e)[0x7f464883327e]
[b0015:41180] [ 3] /lib/x86_64-linux-gnu/libc.so.6(abort+0xdf)[0x7f46488168ff]
[b0015:41180] [ 4] /opt/hpcx/ompi/lib/openmpi/../../../ucx/lib/libucs.so.0(+0x34737)[0x7f464638a737]
[b0015:41180] [ 5] /opt/hpcx/ompi/lib/openmpi/../../../ucx/lib/libucs.so.0(ucs_fatal_error_format+0x111)[0x7f464638a851]
[b0015:41180] [ 6] /opt/hpcx/ompi/lib/openmpi/../../../ucx/lib/ucx/libuct_ib.so.0(+0x2ba70)[0x7f4644dd4a70]
[b0015:41180] [ 7] /opt/hpcx/ompi/lib/openmpi/../../../ucx/lib/libucs.so.0(+0x28d87)[0x7f464637ed87]
[b0015:41180] [ 8] /opt/hpcx/ompi/lib/openmpi/../../../ucx/lib/libucp.so.0(ucp_worker_progress+0x5a)[0x7f46464210ea]
[b0015:41180] [ 9] /opt/hpcx/ompi/lib/openmpi/mca_pml_ucx.so(mca_pml_ucx_send+0x1c7)[0x7f46464c76e7]
[b0015:41180] [10] /opt/hpcx/ompi/lib/libmpi.so.40(PMPI_Send+0x33)[0x7f467d75abc3]
[b0015:41180] [11] /workspace/hpl-linux-x86_64/xhpl[0x4824ea]
[b0015:41180] [12] /workspace/hpl-linux-x86_64/xhpl[0x481a50]
[b0015:41180] [13] /workspace/hpl-linux-x86_64/xhpl[0x4856a6]
[b0015:41180] [14] /workspace/hpl-linux-x86_64/xhpl[0x45be9d]
[b0015:41180] [15] /lib/x86_64-linux-gnu/libc.so.6(+0x2a1ca)[0x7f46488181ca]
[b0015:41180] [16] /lib/x86_64-linux-gnu/libc.so.6(__libc_start_main+0x8b)[0x7f464881828b]
[b0015:41180] [17] /workspace/hpl-linux-x86_64/xhpl[0x45dafe]
[b0015:41180] *** End of error message ***
[1775521132.648263] [b0013:44762:0]     ucp_context.c:2358 UCX  INFO  Version 1.20.0 (loaded from /opt/hpcx/ompi/lib/openmpi/../../../ucx/lib/libucp.so.0)
[1775521132.652896] [b0013:44762:f]        vfs_sock.c:63   UCX  DIAG  failed to create directory '/run/user/10009/ucx': No such file or directory
[1775521132.652901] [b0013:44762:f]        vfs_fuse.c:440  UCX  DIAG  failed to watch on '/run/user/10009/ucx/vfs.sock': Input/output error, VFS will be disabled
[1775521140.118161] [b0013:44762:0]          parser.c:2368 UCX  INFO  UCX_* env variables: UCX_TLS=rc,cuda_copy,cuda_ipc UCX_WARN_UNUSED_ENV_VARS=n UCX_LOG_LEVEL=info
[1775521140.973904] [b0013:44762:0]     ucp_context.c:2358 UCX  INFO  Version 1.20.0 (loaded from /opt/hpcx/ompi/lib/openmpi/../../../ucx/lib/libucp.so.0)
[1775521141.293068] [b0013:44762:0]      ucp_worker.c:1903 UCX  INFO    ucp_context_0 self cfg#1 tag(rc_mlx5/mlx5_4:1 rc_mlx5/mlx5_5:1 rc_mlx5/mlx5_6:1 rc_mlx5/mlx5_11:1 rc_mlx5/mlx5_12:1 rc_mlx5/mlx5_0:1 rc_mlx5/mlx5_1:1 rc_mlx5/mlx5_2:1 rc_mlx5/mlx5_3:1 rc_mlx5/mlx5_4:1 rc_mlx5/mlx5_5:1 rc_mlx5/mlx5_6:1 rc_mlx5/mlx5_11:1 rc
[1775521141.340582] [b0013:44762:0]      ucp_worker.c:1903 UCX  INFO    ucp_context_0 intra-node cfg#2 tag(rc_mlx5/mlx5_4:1 rc_mlx5/mlx5_5:1 rc_mlx5/mlx5_6:1 rc_mlx5/mlx5_11:1 rc_mlx5/mlx5_12:1 rc_mlx5/mlx5_0:1 rc_mlx5/mlx5_1:1 rc_mlx5/mlx5_2:1 rc_mlx5/mlx5_3:1 rc_mlx5/mlx5_4:1 rc_mlx5/mlx5_5:1 rc_mlx5/mlx5_6:1 rc_mlx5/mlx5_1
[1775521141.350874] [b0013:44762:0]      ucp_worker.c:1903 UCX  INFO    ucp_context_0 intra-node cfg#3 tag(rc_mlx5/mlx5_4:1 rc_mlx5/mlx5_5:1 rc_mlx5/mlx5_6:1 rc_mlx5/mlx5_11:1 rc_mlx5/mlx5_12:1 rc_mlx5/mlx5_0:1 rc_mlx5/mlx5_1:1 rc_mlx5/mlx5_2:1 rc_mlx5/mlx5_3:1 rc_mlx5/mlx5_4:1 rc_mlx5/mlx5_5:1 rc_mlx5/mlx5_6:1 rc_mlx5/mlx5_1
[1775521172.460176] [b0013:44762:0]          ucp_ep.c:1517 UCX  DIAG  ep 0x7f0305f100c0: error 'Endpoint timeout' on rc_mlx5/mlx5_3:1 will not be handled since no error callback is installed
[b0013:44762:0:44762]       ud_ep.c:296  Fatal: UD endpoint 0x46aaaf0 to <no debug data>: unhandled timeout error
==== backtrace (tid:  40120) ====
 0  /opt/hpcx/ompi/lib/openmpi/../../../ucx/lib/libucs.so.0(ucs_handle_error+0x2e4) [0x7f7202fe6774]
[1775521132.650169] [b0013:44790:0]     ucp_context.c:2358 UCX  INFO  Version 1.20.0 (loaded from /opt/hpcx/ompi/lib/openmpi/../../../ucx/lib/libucp.so.0)
[1775521132.653006] [b0013:44790:f]        vfs_sock.c:63   UCX  DIAG  failed to create directory '/run/user/10009/ucx': No such file or directory
[1775521132.653010] [b0013:44790:f]        vfs_fuse.c:440  UCX  DIAG  failed to watch on '/run/user/10009/ucx/vfs.sock': Input/output error, VFS will be disabled
[1775521140.811675] [b0013:44790:0]          parser.c:2368 UCX  INFO  UCX_* env variables: UCX_TLS=rc,cuda_copy,cuda_ipc UCX_WARN_UNUSED_ENV_VARS=n UCX_LOG_LEVEL=info
[1775521140.973983] [b0013:44790:0]     ucp_context.c:2358 UCX  INFO  Version 1.20.0 (loaded from /opt/hpcx/ompi/lib/openmpi/../../../ucx/lib/libucp.so.0)
 1  /opt/hpcx/ompi/lib/openmpi/../../../ucx/lib/libucs.so.0(ucs_fatal_error_message+0xc2) [0x7f7202fe3732]
 2  /opt/hpcx/ompi/lib/openmpi/../../../ucx/lib/libucs.so.0(ucs_fatal_error_format+0x111) [0x7f7202fe3851]
 3  /opt/hpcx/ompi/lib/openmpi/../../../ucx/lib/ucx/libuct_ib.so.0(+0x2ba70) [0x7f720080aa70]
 4  /opt/hpcx/ompi/lib/openmpi/../../../ucx/lib/libucs.so.0(+0x28d87) [0x7f7202fd7d87]
 5  /opt/hpcx/ompi/lib/openmpi/../../../ucx/lib/libucp.so.0(ucp_worker_progress+0x5a) [0x7f720307a0ea]
 6  /opt/hpcx/ompi/lib/openmpi/mca_pml_ucx.so(mca_pml_ucx_send+0x1c7) [0x7f72031206e7]
 7  /opt/hpcx/ompi/lib/libmpi.so.40(PMPI_Send+0x33) [0x7f723a35abc3]
 8  /workspace/hpl-linux-x86_64/xhpl() [0x4824ea]
 9  /workspace/hpl-linux-x86_64/xhpl() [0x481a50]
10  /workspace/hpl-linux-x86_64/xhpl() [0x4856a6]
11  /workspace/hpl-linux-x86_64/xhpl() [0x45be9d]
12  /lib/x86_64-linux-gnu/libc.so.6(+0x2a1ca) [0x7f72054181ca]
13  /lib/x86_64-linux-gnu/libc.so.6(__libc_start_main+0x8b) [0x7f720541828b]
14  /workspace/hpl-linux-x86_64/xhpl() [0x45dafe]
=================================
[1775521141.284099] [b0013:44790:0]      ucp_worker.c:1903 UCX  INFO    ucp_context_0 self cfg#1 tag(rc_mlx5/mlx5_0:1 rc_mlx5/mlx5_1:1 rc_mlx5/mlx5_2:1 rc_mlx5/mlx5_3:1 rc_mlx5/mlx5_4:1 rc_mlx5/mlx5_5:1 rc_mlx5/mlx5_6:1 rc_mlx5/mlx5_11:1 rc_mlx5/mlx5_12:1 rc_mlx5/mlx5_0:1 rc_mlx5/mlx5_1:1 rc_mlx5/mlx5_2:1 rc_mlx5/mlx5_3:1 rc_
[1775521141.330544] [b0013:44790:0]      ucp_worker.c:1903 UCX  INFO    ucp_context_0 intra-node cfg#2 tag(rc_mlx5/mlx5_0:1 rc_mlx5/mlx5_1:1 rc_mlx5/mlx5_2:1 rc_mlx5/mlx5_3:1 rc_mlx5/mlx5_4:1 rc_mlx5/mlx5_5:1 rc_mlx5/mlx5_6:1 rc_mlx5/mlx5_11:1 rc_mlx5/mlx5_12:1 rc_mlx5/mlx5_0:1 rc_mlx5/mlx5_1:1 rc_mlx5/mlx5_2:1 rc_mlx5/mlx5_3
[1775521141.340462] [b0013:44790:0]      ucp_worker.c:1903 UCX  INFO    ucp_context_0 intra-node cfg#3 tag(rc_mlx5/mlx5_0:1 rc_mlx5/mlx5_1:1 rc_mlx5/mlx5_2:1 rc_mlx5/mlx5_3:1 rc_mlx5/mlx5_4:1 rc_mlx5/mlx5_5:1 rc_mlx5/mlx5_6:1 rc_mlx5/mlx5_11:1 rc_mlx5/mlx5_12:1 rc_mlx5/mlx5_0:1 rc_mlx5/mlx5_1:1 rc_mlx5/mlx5_2:1 rc_mlx5/mlx5_3
[1775521172.460414] [b0013:44790:0]          ucp_ep.c:1517 UCX  DIAG  ep 0x7f18ad4e00c0: error 'Endpoint timeout' on rc_mlx5/mlx5_12:1 will not be handled since no error callback is installed
[b0018:40120] *** Process received signal ***
[b0013:44790:0:44790]       ud_ep.c:296  Fatal: UD endpoint 0x5c5fa50 to <no debug data>: unhandled timeout error
[b0018:40120] Signal: Aborted (6)
[b0018:40120] Signal code:  (-6)
[b0018:40120] [ 0] /lib/x86_64-linux-gnu/libc.so.6(+0x45330)[0x7f7205433330]
[b0018:40120] [ 1] /lib/x86_64-linux-gnu/libc.so.6(pthread_kill+0x11c)[0x7f720548cb2c]
[b0018:40120] [ 2] /lib/x86_64-linux-gnu/libc.so.6(gsignal+0x1e)[0x7f720543327e]
[b0018:40120] [ 3] /lib/x86_64-linux-gnu/libc.so.6(abort+0xdf)[0x7f72054168ff]
[b0018:40120] [ 4] /opt/hpcx/ompi/lib/openmpi/../../../ucx/lib/libucs.so.0(+0x34737)[0x7f7202fe3737]
[b0018:40120] [ 5] /opt/hpcx/ompi/lib/openmpi/../../../ucx/lib/libucs.so.0(ucs_fatal_error_format+0x111)[0x7f7202fe3851]
[b0018:40120] [ 6] /opt/hpcx/ompi/lib/openmpi/../../../ucx/lib/ucx/libuct_ib.so.0(+0x2ba70)[0x7f720080aa70]
[b0018:40120] [ 7] /opt/hpcx/ompi/lib/openmpi/../../../ucx/lib/libucs.so.0(+0x28d87)[0x7f7202fd7d87]
[b0018:40120] [ 8] /opt/hpcx/ompi/lib/openmpi/../../../ucx/lib/libucp.so.0(ucp_worker_progress+0x5a)[0x7f720307a0ea]
[b0018:40120] [ 9] /opt/hpcx/ompi/lib/openmpi/mca_pml_ucx.so(mca_pml_ucx_send+0x1c7)[0x7f72031206e7]
[b0018:40120] [10] /opt/hpcx/ompi/lib/libmpi.so.40(PMPI_Send+0x33)[0x7f723a35abc3]
[b0018:40120] [11] /workspace/hpl-linux-x86_64/xhpl[0x4824ea]
[b0018:40120] [12] /workspace/hpl-linux-x86_64/xhpl[0x481a50]
[b0018:40120] [13] /workspace/hpl-linux-x86_64/xhpl[0x4856a6]
[b0018:40120] [14] /workspace/hpl-linux-x86_64/xhpl[0x45be9d]
[b0018:40120] [15] /lib/x86_64-linux-gnu/libc.so.6(+0x2a1ca)[0x7f72054181ca]
[b0018:40120] [16] /lib/x86_64-linux-gnu/libc.so.6(__libc_start_main+0x8b)[0x7f720541828b]
[b0018:40120] [17] /workspace/hpl-linux-x86_64/xhpl[0x45dafe]
[b0018:40120] *** End of error message ***
==== backtrace (tid:  44762) ====
 0  /opt/hpcx/ompi/lib/openmpi/../../../ucx/lib/libucs.so.0(ucs_handle_error+0x2e4) [0x7f0528148774]
 1  /opt/hpcx/ompi/lib/openmpi/../../../ucx/lib/libucs.so.0(ucs_fatal_error_message+0xc2) [0x7f0528145732]
 2  /opt/hpcx/ompi/lib/openmpi/../../../ucx/lib/libucs.so.0(ucs_fatal_error_format+0x111) [0x7f0528145851]
 3  /opt/hpcx/ompi/lib/openmpi/../../../ucx/lib/ucx/libuct_ib.so.0(+0x2ba70) [0x7f052074aa70]
 4  /opt/hpcx/ompi/lib/openmpi/../../../ucx/lib/libucs.so.0(+0x28d87) [0x7f0528139d87]
 5  /opt/hpcx/ompi/lib/openmpi/../../../ucx/lib/libucp.so.0(ucp_worker_progress+0x5a) [0x7f05281dc0ea]
 6  /opt/hpcx/ompi/lib/openmpi/mca_pml_ucx.so(mca_pml_ucx_send+0x1c7) [0x7f05282826e7]
 7  /opt/hpcx/ompi/lib/libmpi.so.40(PMPI_Send+0x33) [0x7f055f55abc3]
 8  /workspace/hpl-linux-x86_64/xhpl() [0x4824ea]
 9  /workspace/hpl-linux-x86_64/xhpl() [0x481a50]
10  /workspace/hpl-linux-x86_64/xhpl() [0x4856a6]
11  /workspace/hpl-linux-x86_64/xhpl() [0x45be9d]
12  /lib/x86_64-linux-gnu/libc.so.6(+0x2a1ca) [0x7f052a6181ca]
13  /lib/x86_64-linux-gnu/libc.so.6(__libc_start_main+0x8b) [0x7f052a61828b]
14  /workspace/hpl-linux-x86_64/xhpl() [0x45dafe]
=================================
[b0013:44762] *** Process received signal ***
[b0013:44762] Signal: Aborted (6)
[b0013:44762] Signal code:  (-6)
[b0013:44762] [ 0] /lib/x86_64-linux-gnu/libc.so.6(+0x45330)[0x7f052a633330]
[b0013:44762] [ 1] /lib/x86_64-linux-gnu/libc.so.6(pthread_kill+0x11c)[0x7f052a68cb2c]
[b0013:44762] [ 2] /lib/x86_64-linux-gnu/libc.so.6(gsignal+0x1e)[0x7f052a63327e]
[b0013:44762] [ 3] /lib/x86_64-linux-gnu/libc.so.6(abort+0xdf)[0x7f052a6168ff]
[b0013:44762] [ 4] /opt/hpcx/ompi/lib/openmpi/../../../ucx/lib/libucs.so.0(+0x34737)[0x7f0528145737]
[b0013:44762] [ 5] /opt/hpcx/ompi/lib/openmpi/../../../ucx/lib/libucs.so.0(ucs_fatal_error_format+0x111)[0x7f0528145851]
[b0013:44762] [ 6] /opt/hpcx/ompi/lib/openmpi/../../../ucx/lib/ucx/libuct_ib.so.0(+0x2ba70)[0x7f052074aa70]
[b0013:44762] [ 7] /opt/hpcx/ompi/lib/openmpi/../../../ucx/lib/libucs.so.0(+0x28d87)[0x7f0528139d87]
[b0013:44762] [ 8] /opt/hpcx/ompi/lib/openmpi/../../../ucx/lib/libucp.so.0(ucp_worker_progress+0x5a)[0x7f05281dc0ea]
[b0013:44762] [ 9] /opt/hpcx/ompi/lib/openmpi/mca_pml_ucx.so(mca_pml_ucx_send+0x1c7)[0x7f05282826e7]
[b0013:44762] [10] /opt/hpcx/ompi/lib/libmpi.so.40(PMPI_Send+0x33)[0x7f055f55abc3]
[b0013:44762] [11] /workspace/hpl-linux-x86_64/xhpl[0x4824ea]
[b0013:44762] [12] /workspace/hpl-linux-x86_64/xhpl[0x481a50]
[b0013:44762] [13] /workspace/hpl-linux-x86_64/xhpl[0x4856a6]
[b0013:44762] [14] /workspace/hpl-linux-x86_64/xhpl[0x45be9d]
[b0013:44762] [15] /lib/x86_64-linux-gnu/libc.so.6(+0x2a1ca)[0x7f052a6181ca]
[b0013:44762] [16] /lib/x86_64-linux-gnu/libc.so.6(__libc_start_main+0x8b)[0x7f052a61828b]
[b0013:44762] [17] /workspace/hpl-linux-x86_64/xhpl[0x45dafe]
[b0013:44762] *** End of error message ***
==== backtrace (tid:  42969) ====
 0  /opt/hpcx/ompi/lib/openmpi/../../../ucx/lib/libucs.so.0(ucs_handle_error+0x2e4) [0x7f3014b22774]
 1  /opt/hpcx/ompi/lib/openmpi/../../../ucx/lib/libucs.so.0(ucs_fatal_error_message+0xc2) [0x7f3014b1f732]
 2  /opt/hpcx/ompi/lib/openmpi/../../../ucx/lib/libucs.so.0(ucs_fatal_error_format+0x111) [0x7f3014b1f851]
 3  /opt/hpcx/ompi/lib/openmpi/../../../ucx/lib/ucx/libuct_ib.so.0(+0x2ba70) [0x7f300d10ba70]
 4  /opt/hpcx/ompi/lib/openmpi/../../../ucx/lib/libucs.so.0(+0x28d87) [0x7f3014b13d87]
 5  /opt/hpcx/ompi/lib/openmpi/../../../ucx/lib/libucp.so.0(ucp_worker_progress+0x5a) [0x7f3014bb60ea]
 6  /opt/hpcx/ompi/lib/openmpi/mca_pml_ucx.so(mca_pml_ucx_send+0x1c7) [0x7f3014c5c6e7]
 7  /opt/hpcx/ompi/lib/libmpi.so.40(PMPI_Send+0x33) [0x7f304bf5abc3]
 8  /workspace/hpl-linux-x86_64/xhpl() [0x4824ea]
 9  /workspace/hpl-linux-x86_64/xhpl() [0x481a50]
10  /workspace/hpl-linux-x86_64/xhpl() [0x4856a6]
11  /workspace/hpl-linux-x86_64/xhpl() [0x45be9d]
12  /lib/x86_64-linux-gnu/libc.so.6(+0x2a1ca) [0x7f30170181ca]
13  /lib/x86_64-linux-gnu/libc.so.6(__libc_start_main+0x8b) [0x7f301701828b]
14  /workspace/hpl-linux-x86_64/xhpl() [0x45dafe]
=================================
[b0016:42969] *** Process received signal ***
[b0016:42969] Signal: Aborted (6)
[b0016:42969] Signal code:  (-6)
==== backtrace (tid:  44790) ====
 0  /opt/hpcx/ompi/lib/openmpi/../../../ucx/lib/libucs.so.0(ucs_handle_error+0x2e4) [0x7f1acb6ca774]
 1  /opt/hpcx/ompi/lib/openmpi/../../../ucx/lib/libucs.so.0(ucs_fatal_error_message+0xc2) [0x7f1acb6c7732]
 2  /opt/hpcx/ompi/lib/openmpi/../../../ucx/lib/libucs.so.0(ucs_fatal_error_format+0x111) [0x7f1acb6c7851]
 3  /opt/hpcx/ompi/lib/openmpi/../../../ucx/lib/ucx/libuct_ib.so.0(+0x2ba70) [0x7f1ac8f37a70]
 4  /opt/hpcx/ompi/lib/openmpi/../../../ucx/lib/libucs.so.0(+0x28d87) [0x7f1acb6bbd87]
 5  /opt/hpcx/ompi/lib/openmpi/../../../ucx/lib/libucp.so.0(ucp_worker_progress+0x5a) [0x7f1acb75e0ea]
 6  /opt/hpcx/ompi/lib/openmpi/mca_pml_ucx.so(mca_pml_ucx_recv+0x180) [0x7f1ad0051030]
 7  /opt/hpcx/ompi/lib/libmpi.so.40(MPI_Recv+0x31) [0x7f1b06b58ac1]
 8  /workspace/hpl-linux-x86_64/xhpl() [0x48254f]
 9  /workspace/hpl-linux-x86_64/xhpl() [0x481a50]
10  /workspace/hpl-linux-x86_64/xhpl() [0x4856a6]
11  /workspace/hpl-linux-x86_64/xhpl() [0x45be9d]
12  /lib/x86_64-linux-gnu/libc.so.6(+0x2a1ca) [0x7f1ad1c181ca]
13  /lib/x86_64-linux-gnu/libc.so.6(__libc_start_main+0x8b) [0x7f1ad1c1828b]
14  /workspace/hpl-linux-x86_64/xhpl() [0x45dafe]
=================================
[b0016:42969] [ 0] /lib/x86_64-linux-gnu/libc.so.6(+0x45330)[0x7f3017033330]
[b0013:44790] *** Process received signal ***
[b0016:42969] [ 1] /lib/x86_64-linux-gnu/libc.so.6(pthread_kill+0x11c)[0x7f301708cb2c]
[b0013:44790] Signal: Aborted (6)
[b0013:44790] Signal code:  (-6)
[b0016:42969] [ 2] /lib/x86_64-linux-gnu/libc.so.6(gsignal+0x1e)[0x7f301703327e]
[b0013:44790] [ 0] /lib/x86_64-linux-gnu/libc.so.6(+0x45330)[0x7f1ad1c33330]
[b0016:42969] [ 3] /lib/x86_64-linux-gnu/libc.so.6(abort+0xdf)[0x7f30170168ff]
[b0016:42969] [ 4] /opt/hpcx/ompi/lib/openmpi/../../../ucx/lib/libucs.so.0(+0x34737)[0x7f3014b1f737]
[b0016:42969] [ 5] /opt/hpcx/ompi/lib/openmpi/../../../ucx/lib/libucs.so.0(ucs_fatal_error_format+0x111)[0x7f3014b1f851]
[b0013:44790] [ 1] /lib/x86_64-linux-gnu/libc.so.6(pthread_kill+0x11c)[0x7f1ad1c8cb2c]
[b0013:44790] [ 2] /lib/x86_64-linux-gnu/libc.so.6(gsignal+0x1e)[0x7f1ad1c3327e]
[b0016:42969] [ 6] /opt/hpcx/ompi/lib/openmpi/../../../ucx/lib/ucx/libuct_ib.so.0(+0x2ba70)[0x7f300d10ba70]
[b0016:42969] [ 7] /opt/hpcx/ompi/lib/openmpi/../../../ucx/lib/libucs.so.0(+0x28d87)[0x7f3014b13d87]
[b0016:42969] [ 8] /opt/hpcx/ompi/lib/openmpi/../../../ucx/lib/libucp.so.0(ucp_worker_progress+0x5a)[0x7f3014bb60ea]
[b0016:42969] [ 9] /opt/hpcx/ompi/lib/openmpi/mca_pml_ucx.so(mca_pml_ucx_send+0x1c7)[0x7f3014c5c6e7]
[b0016:42969] [10] /opt/hpcx/ompi/lib/libmpi.so.40(PMPI_Send+0x33)[0x7f304bf5abc3]
[b0013:44790] [ 3] /lib/x86_64-linux-gnu/libc.so.6(abort+0xdf)[0x7f1ad1c168ff]
[b0016:42969] [11] /workspace/hpl-linux-x86_64/xhpl[0x4824ea]
[b0016:42969] [12] /workspace/hpl-linux-x86_64/xhpl[0x481a50]
[b0016:42969] [13] /workspace/hpl-linux-x86_64/xhpl[0x4856a6]
[b0013:44790] [ 4] /opt/hpcx/ompi/lib/openmpi/../../../ucx/lib/libucs.so.0(+0x34737)[0x7f1acb6c7737]
[b0016:42969] [14] /workspace/hpl-linux-x86_64/xhpl[0x45be9d]
[b0016:42969] [15] /lib/x86_64-linux-gnu/libc.so.6(+0x2a1ca)[0x7f30170181ca]
[b0013:44790] [ 5] /opt/hpcx/ompi/lib/openmpi/../../../ucx/lib/libucs.so.0(ucs_fatal_error_format+0x111)[0x7f1acb6c7851]
[b0013:44790] [ 6] /opt/hpcx/ompi/lib/openmpi/../../../ucx/lib/ucx/libuct_ib.so.0(+0x2ba70)[0x7f1ac8f37a70]
[b0013:44790] [ 7] /opt/hpcx/ompi/lib/openmpi/../../../ucx/lib/libucs.so.0(+0x28d87)[0x7f1acb6bbd87]
[b0013:44790] [ 8] /opt/hpcx/ompi/lib/openmpi/../../../ucx/lib/libucp.so.0(ucp_worker_progress+0x5a)[0x7f1acb75e0ea]
[b0013:44790] [ 9] /opt/hpcx/ompi/lib/openmpi/mca_pml_ucx.so(mca_pml_ucx_recv+0x180)[0x7f1ad0051030]
[b0016:42969] [16] /lib/x86_64-linux-gnu/libc.so.6(__libc_start_main+0x8b)[0x7f301701828b]
[b0016:42969] [17] /workspace/hpl-linux-x86_64/xhpl[0x45dafe]
[b0016:42969] *** End of error message ***
[b0013:44790] [10] /opt/hpcx/ompi/lib/libmpi.so.40(MPI_Recv+0x31)[0x7f1b06b58ac1]
[b0013:44790] [11] /workspace/hpl-linux-x86_64/xhpl[0x48254f]
[b0013:44790] [12] /workspace/hpl-linux-x86_64/xhpl[0x481a50]
[b0013:44790] [13] /workspace/hpl-linux-x86_64/xhpl[0x4856a6]
[b0013:44790] [14] /workspace/hpl-linux-x86_64/xhpl[0x45be9d]
[b0013:44790] [15] /lib/x86_64-linux-gnu/libc.so.6(+0x2a1ca)[0x7f1ad1c181ca]
[b0013:44790] [16] /lib/x86_64-linux-gnu/libc.so.6(__libc_start_main+0x8b)[0x7f1ad1c1828b]
[b0013:44790] [17] /workspace/hpl-linux-x86_64/xhpl[0x45dafe]
[b0013:44790] *** End of error message ***
[1775521132.650133] [b0013:44826:0]     ucp_context.c:2358 UCX  INFO  Version 1.20.0 (loaded from /opt/hpcx/ompi/lib/openmpi/../../../ucx/lib/libucp.so.0)
[1775521132.653063] [b0013:44826:f]        vfs_sock.c:63   UCX  DIAG  failed to create directory '/run/user/10009/ucx': No such file or directory
[1775521132.653092] [b0013:44826:f]        vfs_fuse.c:440  UCX  DIAG  failed to watch on '/run/user/10009/ucx/vfs.sock': Input/output error, VFS will be disabled
[1775521140.973143] [b0013:44826:0]          parser.c:2368 UCX  INFO  UCX_* env variables: UCX_TLS=rc,cuda_copy,cuda_ipc UCX_WARN_UNUSED_ENV_VARS=n UCX_LOG_LEVEL=info
[1775521140.973866] [b0013:44826:0]     ucp_context.c:2358 UCX  INFO  Version 1.20.0 (loaded from /opt/hpcx/ompi/lib/openmpi/../../../ucx/lib/libucp.so.0)
[1775521141.280081] [b0013:44826:0]      ucp_worker.c:1903 UCX  INFO    ucp_context_0 self cfg#1 tag(rc_mlx5/mlx5_0:1 rc_mlx5/mlx5_1:1 rc_mlx5/mlx5_2:1 rc_mlx5/mlx5_3:1 rc_mlx5/mlx5_4:1 rc_mlx5/mlx5_5:1 rc_mlx5/mlx5_6:1 rc_mlx5/mlx5_11:1 rc_mlx5/mlx5_12:1 rc_mlx5/mlx5_0:1 rc_mlx5/mlx5_1:1 rc_mlx5/mlx5_2:1 rc_mlx5/mlx5_3:1 rc_
[1775521141.327028] [b0013:44826:0]      ucp_worker.c:1903 UCX  INFO    ucp_context_0 intra-node cfg#2 tag(rc_mlx5/mlx5_0:1 rc_mlx5/mlx5_1:1 rc_mlx5/mlx5_2:1 rc_mlx5/mlx5_3:1 rc_mlx5/mlx5_4:1 rc_mlx5/mlx5_5:1 rc_mlx5/mlx5_6:1 rc_mlx5/mlx5_11:1 rc_mlx5/mlx5_12:1 rc_mlx5/mlx5_0:1 rc_mlx5/mlx5_1:1 rc_mlx5/mlx5_2:1 rc_mlx5/mlx5_3
[1775521141.337419] [b0013:44826:0]      ucp_worker.c:1903 UCX  INFO    ucp_context_0 intra-node cfg#3 tag(rc_mlx5/mlx5_0:1 rc_mlx5/mlx5_1:1 rc_mlx5/mlx5_2:1 rc_mlx5/mlx5_3:1 rc_mlx5/mlx5_4:1 rc_mlx5/mlx5_5:1 rc_mlx5/mlx5_6:1 rc_mlx5/mlx5_11:1 rc_mlx5/mlx5_12:1 rc_mlx5/mlx5_0:1 rc_mlx5/mlx5_1:1 rc_mlx5/mlx5_2:1 rc_mlx5/mlx5_3
[1775521172.462343] [b0013:44826:0]          ucp_ep.c:1517 UCX  DIAG  ep 0x7f42e037f0c0: error 'Endpoint timeout' on rc_mlx5/mlx5_12:1 will not be handled since no error callback is installed
[b0013:44826:0:44826]       ud_ep.c:296  Fatal: UD endpoint 0x4fe08e0 to <no debug data>: unhandled timeout error
[1775521132.610409] [b0016:42974:0]     ucp_context.c:2358 UCX  INFO  Version 1.20.0 (loaded from /opt/hpcx/ompi/lib/openmpi/../../../ucx/lib/libucp.so.0)
[1775521132.613741] [b0016:42974:f]        vfs_sock.c:63   UCX  DIAG  failed to create directory '/run/user/10009/ucx': No such file or directory
[1775521132.613746] [b0016:42974:f]        vfs_fuse.c:440  UCX  DIAG  failed to watch on '/run/user/10009/ucx/vfs.sock': Input/output error, VFS will be disabled
[1775521140.742473] [b0016:42974:0]          parser.c:2368 UCX  INFO  UCX_* env variables: UCX_TLS=rc,cuda_copy,cuda_ipc UCX_WARN_UNUSED_ENV_VARS=n UCX_LOG_LEVEL=info
[1775521140.974890] [b0016:42974:0]     ucp_context.c:2358 UCX  INFO  Version 1.20.0 (loaded from /opt/hpcx/ompi/lib/openmpi/../../../ucx/lib/libucp.so.0)
[1775521141.279710] [b0016:42974:0]      ucp_worker.c:1903 UCX  INFO    ucp_context_0 self cfg#1 tag(rc_mlx5/mlx5_4:1 rc_mlx5/mlx5_5:1 rc_mlx5/mlx5_6:1 rc_mlx5/mlx5_11:1 rc_mlx5/mlx5_12:1 rc_mlx5/mlx5_0:1 rc_mlx5/mlx5_1:1 rc_mlx5/mlx5_2:1 rc_mlx5/mlx5_3:1 rc_mlx5/mlx5_4:1 rc_mlx5/mlx5_5:1 rc_mlx5/mlx5_6:1 rc_mlx5/mlx5_11:1 rc
[1775521141.331158] [b0016:42974:0]      ucp_worker.c:1903 UCX  INFO    ucp_context_0 intra-node cfg#2 tag(rc_mlx5/mlx5_4:1 rc_mlx5/mlx5_5:1 rc_mlx5/mlx5_6:1 rc_mlx5/mlx5_11:1 rc_mlx5/mlx5_12:1 rc_mlx5/mlx5_0:1 rc_mlx5/mlx5_1:1 rc_mlx5/mlx5_2:1 rc_mlx5/mlx5_3:1 rc_mlx5/mlx5_4:1 rc_mlx5/mlx5_5:1 rc_mlx5/mlx5_6:1 rc_mlx5/mlx5_1
[1775521141.341574] [b0016:42974:0]      ucp_worker.c:1903 UCX  INFO    ucp_context_0 intra-node cfg#3 tag(rc_mlx5/mlx5_4:1 rc_mlx5/mlx5_5:1 rc_mlx5/mlx5_6:1 rc_mlx5/mlx5_11:1 rc_mlx5/mlx5_12:1 rc_mlx5/mlx5_0:1 rc_mlx5/mlx5_1:1 rc_mlx5/mlx5_2:1 rc_mlx5/mlx5_3:1 rc_mlx5/mlx5_4:1 rc_mlx5/mlx5_5:1 rc_mlx5/mlx5_6:1 rc_mlx5/mlx5_1
[1775521172.463418] [b0016:42974:0]          ucp_ep.c:1517 UCX  DIAG  ep 0x7fb09aa990c0: error 'Endpoint timeout' on rc_mlx5/mlx5_3:1 will not be handled since no error callback is installed
[b0016:42974:0:42974]       ud_ep.c:296  Fatal: UD endpoint 0x59058e0 to <no debug data>: unhandled timeout error
==== backtrace (tid:  44826) ====
 0  /opt/hpcx/ompi/lib/openmpi/../../../ucx/lib/libucs.so.0(ucs_handle_error+0x2e4) [0x7f45025ba774]
 1  /opt/hpcx/ompi/lib/openmpi/../../../ucx/lib/libucs.so.0(ucs_fatal_error_message+0xc2) [0x7f45025b7732]
 2  /opt/hpcx/ompi/lib/openmpi/../../../ucx/lib/libucs.so.0(ucs_fatal_error_format+0x111) [0x7f45025b7851]
 3  /opt/hpcx/ompi/lib/openmpi/../../../ucx/lib/ucx/libuct_ib.so.0(+0x2ba70) [0x7f4501003a70]
 4  /opt/hpcx/ompi/lib/openmpi/../../../ucx/lib/libucs.so.0(+0x28d87) [0x7f45025abd87]
 5  /opt/hpcx/ompi/lib/openmpi/../../../ucx/lib/libucp.so.0(ucp_worker_progress+0x5a) [0x7f450264e0ea]
 6  /opt/hpcx/ompi/lib/openmpi/mca_pml_ucx.so(mca_pml_ucx_recv+0x180) [0x7f45026f3030]
 7  /opt/hpcx/ompi/lib/libmpi.so.40(MPI_Recv+0x31) [0x7f4539958ac1]
 8  /workspace/hpl-linux-x86_64/xhpl() [0x48254f]
 9  /workspace/hpl-linux-x86_64/xhpl() [0x481a50]
10  /workspace/hpl-linux-x86_64/xhpl() [0x4856a6]
11  /workspace/hpl-linux-x86_64/xhpl() [0x45be9d]
12  /lib/x86_64-linux-gnu/libc.so.6(+0x2a1ca) [0x7f4504a181ca]
13  /lib/x86_64-linux-gnu/libc.so.6(__libc_start_main+0x8b) [0x7f4504a1828b]
14  /workspace/hpl-linux-x86_64/xhpl() [0x45dafe]
=================================
[b0013:44826] *** Process received signal ***
[b0013:44826] Signal: Aborted (6)
[b0013:44826] Signal code:  (-6)
[b0013:44826] [ 0] /lib/x86_64-linux-gnu/libc.so.6(+0x45330)[0x7f4504a33330]
[b0013:44826] [ 1] /lib/x86_64-linux-gnu/libc.so.6(pthread_kill+0x11c)[0x7f4504a8cb2c]
[b0013:44826] [ 2] /lib/x86_64-linux-gnu/libc.so.6(gsignal+0x1e)[0x7f4504a3327e]
[b0013:44826] [ 3] /lib/x86_64-linux-gnu/libc.so.6(abort+0xdf)[0x7f4504a168ff]
[b0013:44826] [ 4] /opt/hpcx/ompi/lib/openmpi/../../../ucx/lib/libucs.so.0(+0x34737)[0x7f45025b7737]
[b0013:44826] [ 5] /opt/hpcx/ompi/lib/openmpi/../../../ucx/lib/libucs.so.0(ucs_fatal_error_format+0x111)[0x7f45025b7851]
[b0013:44826] [ 6] /opt/hpcx/ompi/lib/openmpi/../../../ucx/lib/ucx/libuct_ib.so.0(+0x2ba70)[0x7f4501003a70]
[b0013:44826] [ 7] /opt/hpcx/ompi/lib/openmpi/../../../ucx/lib/libucs.so.0(+0x28d87)[0x7f45025abd87]
[b0013:44826] [ 8] /opt/hpcx/ompi/lib/openmpi/../../../ucx/lib/libucp.so.0(ucp_worker_progress+0x5a)[0x7f450264e0ea]
[b0013:44826] [ 9] /opt/hpcx/ompi/lib/openmpi/mca_pml_ucx.so(mca_pml_ucx_recv+0x180)[0x7f45026f3030]
[b0013:44826] [10] /opt/hpcx/ompi/lib/libmpi.so.40(MPI_Recv+0x31)[0x7f4539958ac1]
[b0013:44826] [11] /workspace/hpl-linux-x86_64/xhpl[0x48254f]
[b0013:44826] [12] /workspace/hpl-linux-x86_64/xhpl[0x481a50]
[b0013:44826] [13] /workspace/hpl-linux-x86_64/xhpl[0x4856a6]
[b0013:44826] [14] /workspace/hpl-linux-x86_64/xhpl[0x45be9d]
[b0013:44826] [15] /lib/x86_64-linux-gnu/libc.so.6(+0x2a1ca)[0x7f4504a181ca]
[b0013:44826] [16] /lib/x86_64-linux-gnu/libc.so.6(__libc_start_main+0x8b)[0x7f4504a1828b]
[b0013:44826] [17] /workspace/hpl-linux-x86_64/xhpl[0x45dafe]
[b0013:44826] *** End of error message ***
==== backtrace (tid:  42974) ====
 0  /opt/hpcx/ompi/lib/openmpi/../../../ucx/lib/libucs.so.0(ucs_handle_error+0x2e4) [0x7fb2bcc9e774]
 1  /opt/hpcx/ompi/lib/openmpi/../../../ucx/lib/libucs.so.0(ucs_fatal_error_message+0xc2) [0x7fb2bcc9b732]
 2  /opt/hpcx/ompi/lib/openmpi/../../../ucx/lib/libucs.so.0(ucs_fatal_error_format+0x111) [0x7fb2bcc9b851]
 3  /opt/hpcx/ompi/lib/openmpi/../../../ucx/lib/ucx/libuct_ib.so.0(+0x2ba70) [0x7fb2b40a4a70]
 4  /opt/hpcx/ompi/lib/openmpi/../../../ucx/lib/libucs.so.0(+0x28d87) [0x7fb2bcc8fd87]
 5  /opt/hpcx/ompi/lib/openmpi/../../../ucx/lib/libucp.so.0(ucp_worker_progress+0x5a) [0x7fb2bcd320ea]
 6  /opt/hpcx/ompi/lib/openmpi/mca_pml_ucx.so(mca_pml_ucx_send+0x1c7) [0x7fb2bf54d6e7]
 7  /opt/hpcx/ompi/lib/libmpi.so.40(PMPI_Send+0x33) [0x7fb2f7748bc3]
 8  /workspace/hpl-linux-x86_64/xhpl() [0x4824ea]
 9  /workspace/hpl-linux-x86_64/xhpl() [0x481a50]
10  /workspace/hpl-linux-x86_64/xhpl() [0x4856a6]
11  /workspace/hpl-linux-x86_64/xhpl() [0x45be9d]
12  /lib/x86_64-linux-gnu/libc.so.6(+0x2a1ca) [0x7fb2bf0181ca]
13  /lib/x86_64-linux-gnu/libc.so.6(__libc_start_main+0x8b) [0x7fb2bf01828b]
14  /workspace/hpl-linux-x86_64/xhpl() [0x45dafe]
=================================
[b0016:42974] *** Process received signal ***
[b0016:42974] Signal: Aborted (6)
[b0016:42974] Signal code:  (-6)
[b0016:42974] [ 0] /lib/x86_64-linux-gnu/libc.so.6(+0x45330)[0x7fb2bf033330]
[b0016:42974] [ 1] /lib/x86_64-linux-gnu/libc.so.6(pthread_kill+0x11c)[0x7fb2bf08cb2c]
[b0016:42974] [ 2] /lib/x86_64-linux-gnu/libc.so.6(gsignal+0x1e)[0x7fb2bf03327e]
[b0016:42974] [ 3] /lib/x86_64-linux-gnu/libc.so.6(abort+0xdf)[0x7fb2bf0168ff]
[b0016:42974] [ 4] /opt/hpcx/ompi/lib/openmpi/../../../ucx/lib/libucs.so.0(+0x34737)[0x7fb2bcc9b737]
[1775521132.589311] [b0012:42827:0]     ucp_context.c:2358 UCX  INFO  Version 1.20.0 (loaded from /opt/hpcx/ompi/lib/openmpi/../../../ucx/lib/libucp.so.0)
[1775521132.591834] [b0012:42827:f]        vfs_sock.c:63   UCX  DIAG  failed to create directory '/run/user/10009/ucx': No such file or directory
[1775521132.591839] [b0012:42827:f]        vfs_fuse.c:440  UCX  DIAG  failed to watch on '/run/user/10009/ucx/vfs.sock': Input/output error, VFS will be disabled
[1775521140.846686] [b0012:42827:0]          parser.c:2368 UCX  INFO  UCX_* env variables: UCX_TLS=rc,cuda_copy,cuda_ipc UCX_WARN_UNUSED_ENV_VARS=n UCX_LOG_LEVEL=info
[1775521140.972961] [b0012:42827:0]     ucp_context.c:2358 UCX  INFO  Version 1.20.0 (loaded from /opt/hpcx/ompi/lib/openmpi/../../../ucx/lib/libucp.so.0)
[1775521141.275324] [b0012:42827:0]      ucp_worker.c:1903 UCX  INFO    ucp_context_0 self cfg#1 tag(rc_mlx5/mlx5_4:1 rc_mlx5/mlx5_5:1 rc_mlx5/mlx5_6:1 rc_mlx5/mlx5_11:1 rc_mlx5/mlx5_12:1 rc_mlx5/mlx5_0:1 rc_mlx5/mlx5_1:1 rc_mlx5/mlx5_2:1 rc_mlx5/mlx5_3:1 rc_mlx5/mlx5_4:1 rc_mlx5/mlx5_5:1 rc_mlx5/mlx5_6:1 rc_mlx5/mlx5_11:1 rc
[1775521141.322049] [b0012:42827:0]      ucp_worker.c:1903 UCX  INFO    ucp_context_0 intra-node cfg#2 tag(rc_mlx5/mlx5_4:1 rc_mlx5/mlx5_5:1 rc_mlx5/mlx5_6:1 rc_mlx5/mlx5_11:1 rc_mlx5/mlx5_12:1 rc_mlx5/mlx5_0:1 rc_mlx5/mlx5_1:1 rc_mlx5/mlx5_2:1 rc_mlx5/mlx5_3:1 rc_mlx5/mlx5_4:1 rc_mlx5/mlx5_5:1 rc_mlx5/mlx5_6:1 rc_mlx5/mlx5_1
[1775521141.332159] [b0012:42827:0]      ucp_worker.c:1903 UCX  INFO    ucp_context_0 intra-node cfg#3 tag(rc_mlx5/mlx5_4:1 rc_mlx5/mlx5_5:1 rc_mlx5/mlx5_6:1 rc_mlx5/mlx5_11:1 rc_mlx5/mlx5_12:1 rc_mlx5/mlx5_0:1 rc_mlx5/mlx5_1:1 rc_mlx5/mlx5_2:1 rc_mlx5/mlx5_3:1 rc_mlx5/mlx5_4:1 rc_mlx5/mlx5_5:1 rc_mlx5/mlx5_6:1 rc_mlx5/mlx5_1
[b0016:42974] [ 5] /opt/hpcx/ompi/lib/openmpi/../../../ucx/lib/libucs.so.0(ucs_fatal_error_format+0x111)[0x7fb2bcc9b851]
[b0016:42974] [ 6] /opt/hpcx/ompi/lib/openmpi/../../../ucx/lib/ucx/libuct_ib.so.0(+0x2ba70)[0x7fb2b40a4a70]
[1775521172.462559] [b0012:42827:0]          ucp_ep.c:1517 UCX  DIAG  ep 0x7efcb10910c0: error 'Endpoint timeout' on rc_mlx5/mlx5_3:1 will not be handled since no error callback is installed
[b0016:42974] [ 7] /opt/hpcx/ompi/lib/openmpi/../../../ucx/lib/libucs.so.0(+0x28d87)[0x7fb2bcc8fd87]
[b0016:42974] [ 8] /opt/hpcx/ompi/lib/openmpi/../../../ucx/lib/libucp.so.0(ucp_worker_progress+0x5a)[0x7fb2bcd320ea]
[b0016:42974] [ 9] /opt/hpcx/ompi/lib/openmpi/mca_pml_ucx.so(mca_pml_ucx_send+0x1c7)[0x7fb2bf54d6e7]
[b0012:42827:0:42827]       ud_ep.c:296  Fatal: UD endpoint 0x4fadb00 to <no debug data>: unhandled timeout error
[b0016:42974] [10] /opt/hpcx/ompi/lib/libmpi.so.40(PMPI_Send+0x33)[0x7fb2f7748bc3]
[b0016:42974] [11] /workspace/hpl-linux-x86_64/xhpl[0x4824ea]
[b0016:42974] [12] /workspace/hpl-linux-x86_64/xhpl[0x481a50]
[b0016:42974] [13] /workspace/hpl-linux-x86_64/xhpl[0x4856a6]
[b0016:42974] [14] /workspace/hpl-linux-x86_64/xhpl[0x45be9d]
[b0016:42974] [15] /lib/x86_64-linux-gnu/libc.so.6(+0x2a1ca)[0x7fb2bf0181ca]
[b0016:42974] [16] /lib/x86_64-linux-gnu/libc.so.6(__libc_start_main+0x8b)[0x7fb2bf01828b]
[b0016:42974] [17] /workspace/hpl-linux-x86_64/xhpl[0x45dafe]
[b0016:42974] *** End of error message ***
==== backtrace (tid:  42827) ====
 0  /opt/hpcx/ompi/lib/openmpi/../../../ucx/lib/libucs.so.0(ucs_handle_error+0x2e4) [0x7efed4097774]
 1  /opt/hpcx/ompi/lib/openmpi/../../../ucx/lib/libucs.so.0(ucs_fatal_error_message+0xc2) [0x7efed4094732]
 2  /opt/hpcx/ompi/lib/openmpi/../../../ucx/lib/libucs.so.0(ucs_fatal_error_format+0x111) [0x7efed4094851]
 3  /opt/hpcx/ompi/lib/openmpi/../../../ucx/lib/ucx/libuct_ib.so.0(+0x2ba70) [0x7efeccae5a70]
 4  /opt/hpcx/ompi/lib/openmpi/../../../ucx/lib/libucs.so.0(+0x28d87) [0x7efed4088d87]
 5  /opt/hpcx/ompi/lib/openmpi/../../../ucx/lib/libucp.so.0(ucp_worker_progress+0x5a) [0x7efecf25d0ea]
 6  /opt/hpcx/ompi/lib/openmpi/mca_pml_ucx.so(mca_pml_ucx_send+0x1c7) [0x7efed5b476e7]
 7  /opt/hpcx/ompi/lib/libmpi.so.40(PMPI_Send+0x33) [0x7eff0dd40bc3]
 8  /workspace/hpl-linux-x86_64/xhpl() [0x4824ea]
 9  /workspace/hpl-linux-x86_64/xhpl() [0x481a50]
10  /workspace/hpl-linux-x86_64/xhpl() [0x4856a6]
11  /workspace/hpl-linux-x86_64/xhpl() [0x45be9d]
12  /lib/x86_64-linux-gnu/libc.so.6(+0x2a1ca) [0x7efed56181ca]
13  /lib/x86_64-linux-gnu/libc.so.6(__libc_start_main+0x8b) [0x7efed561828b]
14  /workspace/hpl-linux-x86_64/xhpl() [0x45dafe]
=================================
[b0012:42827] *** Process received signal ***
[b0012:42827] Signal: Aborted (6)
[b0012:42827] Signal code:  (-6)
[b0012:42827] [ 0] /lib/x86_64-linux-gnu/libc.so.6(+0x45330)[0x7efed5633330]
[b0012:42827] [ 1] /lib/x86_64-linux-gnu/libc.so.6(pthread_kill+0x11c)[0x7efed568cb2c]
[b0012:42827] [ 2] /lib/x86_64-linux-gnu/libc.so.6(gsignal+0x1e)[0x7efed563327e]
[b0012:42827] [ 3] /lib/x86_64-linux-gnu/libc.so.6(abort+0xdf)[0x7efed56168ff]
[b0012:42827] [ 4] /opt/hpcx/ompi/lib/openmpi/../../../ucx/lib/libucs.so.0(+0x34737)[0x7efed4094737]
[b0012:42827] [ 5] /opt/hpcx/ompi/lib/openmpi/../../../ucx/lib/libucs.so.0(ucs_fatal_error_format+0x111)[0x7efed4094851]
[b0012:42827] [ 6] /opt/hpcx/ompi/lib/openmpi/../../../ucx/lib/ucx/libuct_ib.so.0(+0x2ba70)[0x7efeccae5a70]
[b0012:42827] [ 7] /opt/hpcx/ompi/lib/openmpi/../../../ucx/lib/libucs.so.0(+0x28d87)[0x7efed4088d87]
[b0012:42827] [ 8] /opt/hpcx/ompi/lib/openmpi/../../../ucx/lib/libucp.so.0(ucp_worker_progress+0x5a)[0x7efecf25d0ea]
[b0012:42827] [ 9] /opt/hpcx/ompi/lib/openmpi/mca_pml_ucx.so(mca_pml_ucx_send+0x1c7)[0x7efed5b476e7]
[b0012:42827] [10] /opt/hpcx/ompi/lib/libmpi.so.40(PMPI_Send+0x33)[0x7eff0dd40bc3]
[b0012:42827] [11] /workspace/hpl-linux-x86_64/xhpl[0x4824ea]
[b0012:42827] [12] /workspace/hpl-linux-x86_64/xhpl[0x481a50]
[b0012:42827] [13] /workspace/hpl-linux-x86_64/xhpl[0x4856a6]
[b0012:42827] [14] /workspace/hpl-linux-x86_64/xhpl[0x45be9d]
[b0012:42827] [15] /lib/x86_64-linux-gnu/libc.so.6(+0x2a1ca)[0x7efed56181ca]
[b0012:42827] [16] /lib/x86_64-linux-gnu/libc.so.6(__libc_start_main+0x8b)[0x7efed561828b]
[b0012:42827] [17] /workspace/hpl-linux-x86_64/xhpl[0x45dafe]
[b0012:42827] *** End of error message ***
[1775521132.486555] [b0016:42854:0]     ucp_context.c:2358 UCX  INFO  Version 1.20.0 (loaded from /opt/hpcx/ompi/lib/openmpi/../../../ucx/lib/libucp.so.0)
[1775521132.489130] [b0016:42854:f]        vfs_sock.c:63   UCX  DIAG  failed to create directory '/run/user/10009/ucx': No such file or directory
[1775521132.489635] [b0016:42854:f]        vfs_fuse.c:440  UCX  DIAG  failed to watch on '/run/user/10009/ucx/vfs.sock': Input/output error, VFS will be disabled
[1775521139.953376] [b0016:42854:0]          parser.c:2368 UCX  INFO  UCX_* env variables: UCX_TLS=rc,cuda_copy,cuda_ipc UCX_WARN_UNUSED_ENV_VARS=n UCX_LOG_LEVEL=info
[1775521140.975001] [b0016:42854:0]     ucp_context.c:2358 UCX  INFO  Version 1.20.0 (loaded from /opt/hpcx/ompi/lib/openmpi/../../../ucx/lib/libucp.so.0)
[1775521141.298267] [b0016:42854:0]      ucp_worker.c:1903 UCX  INFO    ucp_context_0 self cfg#1 tag(rc_mlx5/mlx5_0:1 rc_mlx5/mlx5_1:1 rc_mlx5/mlx5_2:1 rc_mlx5/mlx5_3:1 rc_mlx5/mlx5_4:1 rc_mlx5/mlx5_5:1 rc_mlx5/mlx5_6:1 rc_mlx5/mlx5_11:1 rc_mlx5/mlx5_12:1 rc_mlx5/mlx5_0:1 rc_mlx5/mlx5_1:1 rc_mlx5/mlx5_2:1 rc_mlx5/mlx5_3:1 rc_
[1775521141.346608] [b0016:42854:0]      ucp_worker.c:1903 UCX  INFO    ucp_context_0 intra-node cfg#2 tag(rc_mlx5/mlx5_0:1 rc_mlx5/mlx5_1:1 rc_mlx5/mlx5_2:1 rc_mlx5/mlx5_3:1 rc_mlx5/mlx5_4:1 rc_mlx5/mlx5_5:1 rc_mlx5/mlx5_6:1 rc_mlx5/mlx5_11:1 rc_mlx5/mlx5_12:1 rc_mlx5/mlx5_0:1 rc_mlx5/mlx5_1:1 rc_mlx5/mlx5_2:1 rc_mlx5/mlx5_3
[1775521141.356727] [b0016:42854:0]      ucp_worker.c:1903 UCX  INFO    ucp_context_0 intra-node cfg#3 tag(rc_mlx5/mlx5_0:1 rc_mlx5/mlx5_1:1 rc_mlx5/mlx5_2:1 rc_mlx5/mlx5_3:1 rc_mlx5/mlx5_4:1 rc_mlx5/mlx5_5:1 rc_mlx5/mlx5_6:1 rc_mlx5/mlx5_11:1 rc_mlx5/mlx5_12:1 rc_mlx5/mlx5_0:1 rc_mlx5/mlx5_1:1 rc_mlx5/mlx5_2:1 rc_mlx5/mlx5_3
[1775521172.466420] [b0016:42854:0]          ucp_ep.c:1517 UCX  DIAG  ep 0x7fa9a0d860c0: error 'Endpoint timeout' on rc_mlx5/mlx5_12:1 will not be handled since no error callback is installed
[b0016:42854:0:42854]       ud_ep.c:296  Fatal: UD endpoint 0x5a678e0 to <no debug data>: unhandled timeout error
[1775521132.599860] [b0014:41706:0]     ucp_context.c:2358 UCX  INFO  Version 1.20.0 (loaded from /opt/hpcx/ompi/lib/openmpi/../../../ucx/lib/libucp.so.0)
[1775521132.602502] [b0014:41706:f]        vfs_sock.c:63   UCX  DIAG  failed to create directory '/run/user/10009/ucx': No such file or directory
[1775521132.602507] [b0014:41706:f]        vfs_fuse.c:440  UCX  DIAG  failed to watch on '/run/user/10009/ucx/vfs.sock': Input/output error, VFS will be disabled
[1775521140.754545] [b0014:41706:0]          parser.c:2368 UCX  INFO  UCX_* env variables: UCX_TLS=rc,cuda_copy,cuda_ipc UCX_WARN_UNUSED_ENV_VARS=n UCX_LOG_LEVEL=info
[1775521140.972394] [b0014:41706:0]     ucp_context.c:2358 UCX  INFO  Version 1.20.0 (loaded from /opt/hpcx/ompi/lib/openmpi/../../../ucx/lib/libucp.so.0)
[1775521141.278663] [b0014:41706:0]      ucp_worker.c:1903 UCX  INFO    ucp_context_0 self cfg#1 tag(rc_mlx5/mlx5_4:1 rc_mlx5/mlx5_5:1 rc_mlx5/mlx5_6:1 rc_mlx5/mlx5_11:1 rc_mlx5/mlx5_12:1 rc_mlx5/mlx5_0:1 rc_mlx5/mlx5_1:1 rc_mlx5/mlx5_2:1 rc_mlx5/mlx5_3:1 rc_mlx5/mlx5_4:1 rc_mlx5/mlx5_5:1 rc_mlx5/mlx5_6:1 rc_mlx5/mlx5_11:1 rc
[1775521141.325450] [b0014:41706:0]      ucp_worker.c:1903 UCX  INFO    ucp_context_0 intra-node cfg#2 tag(rc_mlx5/mlx5_4:1 rc_mlx5/mlx5_5:1 rc_mlx5/mlx5_6:1 rc_mlx5/mlx5_11:1 rc_mlx5/mlx5_12:1 rc_mlx5/mlx5_0:1 rc_mlx5/mlx5_1:1 rc_mlx5/mlx5_2:1 rc_mlx5/mlx5_3:1 rc_mlx5/mlx5_4:1 rc_mlx5/mlx5_5:1 rc_mlx5/mlx5_6:1 rc_mlx5/mlx5_1
[1775521141.335519] [b0014:41706:0]      ucp_worker.c:1903 UCX  INFO    ucp_context_0 intra-node cfg#3 tag(rc_mlx5/mlx5_4:1 rc_mlx5/mlx5_5:1 rc_mlx5/mlx5_6:1 rc_mlx5/mlx5_11:1 rc_mlx5/mlx5_12:1 rc_mlx5/mlx5_0:1 rc_mlx5/mlx5_1:1 rc_mlx5/mlx5_2:1 rc_mlx5/mlx5_3:1 rc_mlx5/mlx5_4:1 rc_mlx5/mlx5_5:1 rc_mlx5/mlx5_6:1 rc_mlx5/mlx5_1
[1775521172.464842] [b0014:41706:0]          ucp_ep.c:1517 UCX  DIAG  ep 0x7fe3328970c0: error 'Endpoint timeout' on rc_mlx5/mlx5_3:1 will not be handled since no error callback is installed
[b0014:41706:0:41706]       ud_ep.c:296  Fatal: UD endpoint 0x4cfaa10 to <no debug data>: unhandled timeout error
==== backtrace (tid:  42854) ====
 0  /opt/hpcx/ompi/lib/openmpi/../../../ucx/lib/libucs.so.0(ucs_handle_error+0x2e4) [0x7fabc2fba774]
 1  /opt/hpcx/ompi/lib/openmpi/../../../ucx/lib/libucs.so.0(ucs_fatal_error_message+0xc2) [0x7fabc2fb7732]
 2  /opt/hpcx/ompi/lib/openmpi/../../../ucx/lib/libucs.so.0(ucs_fatal_error_format+0x111) [0x7fabc2fb7851]
 3  /opt/hpcx/ompi/lib/openmpi/../../../ucx/lib/ucx/libuct_ib.so.0(+0x2ba70) [0x7fabc07e2a70]
 4  /opt/hpcx/ompi/lib/openmpi/../../../ucx/lib/libucs.so.0(+0x28d87) [0x7fabc2fabd87]
 5  /opt/hpcx/ompi/lib/openmpi/../../../ucx/lib/libucp.so.0(ucp_worker_progress+0x5a) [0x7fabc304e0ea]
 6  /opt/hpcx/ompi/lib/openmpi/mca_pml_ucx.so(mca_pml_ucx_recv+0x180) [0x7fabc30f3030]
 7  /opt/hpcx/ompi/lib/libmpi.so.40(MPI_Recv+0x31) [0x7fabfa358ac1]
 8  /workspace/hpl-linux-x86_64/xhpl() [0x48254f]
 9  /workspace/hpl-linux-x86_64/xhpl() [0x481a50]
10  /workspace/hpl-linux-x86_64/xhpl() [0x4856a6]
11  /workspace/hpl-linux-x86_64/xhpl() [0x45be9d]
12  /lib/x86_64-linux-gnu/libc.so.6(+0x2a1ca) [0x7fabc54181ca]
13  /lib/x86_64-linux-gnu/libc.so.6(__libc_start_main+0x8b) [0x7fabc541828b]
14  /workspace/hpl-linux-x86_64/xhpl() [0x45dafe]
=================================
[b0016:42854] *** Process received signal ***
[b0016:42854] Signal: Aborted (6)
[b0016:42854] Signal code:  (-6)
[b0016:42854] [ 0] /lib/x86_64-linux-gnu/libc.so.6(+0x45330)[0x7fabc5433330]
[b0016:42854] [ 1] /lib/x86_64-linux-gnu/libc.so.6(pthread_kill+0x11c)[0x7fabc548cb2c]
[b0016:42854] [ 2] /lib/x86_64-linux-gnu/libc.so.6(gsignal+0x1e)[0x7fabc543327e]
[b0016:42854] [ 3] /lib/x86_64-linux-gnu/libc.so.6(abort+0xdf)[0x7fabc54168ff]
[b0016:42854] [ 4] /opt/hpcx/ompi/lib/openmpi/../../../ucx/lib/libucs.so.0(+0x34737)[0x7fabc2fb7737]
[b0016:42854] [ 5] /opt/hpcx/ompi/lib/openmpi/../../../ucx/lib/libucs.so.0(ucs_fatal_error_format+0x111)[0x7fabc2fb7851]
[b0016:42854] [ 6] /opt/hpcx/ompi/lib/openmpi/../../../ucx/lib/ucx/libuct_ib.so.0(+0x2ba70)[0x7fabc07e2a70]
[b0016:42854] [ 7] /opt/hpcx/ompi/lib/openmpi/../../../ucx/lib/libucs.so.0(+0x28d87)[0x7fabc2fabd87]
[b0016:42854] [ 8] /opt/hpcx/ompi/lib/openmpi/../../../ucx/lib/libucp.so.0(ucp_worker_progress+0x5a)[0x7fabc304e0ea]
[b0016:42854] [ 9] /opt/hpcx/ompi/lib/openmpi/mca_pml_ucx.so(mca_pml_ucx_recv+0x180)[0x7fabc30f3030]
[b0016:42854] [10] /opt/hpcx/ompi/lib/libmpi.so.40(MPI_Recv+0x31)[0x7fabfa358ac1]
[b0016:42854] [11] /workspace/hpl-linux-x86_64/xhpl[0x48254f]
[b0016:42854] [12] /workspace/hpl-linux-x86_64/xhpl[0x481a50]
[b0016:42854] [13] /workspace/hpl-linux-x86_64/xhpl[0x4856a6]
[b0016:42854] [14] /workspace/hpl-linux-x86_64/xhpl[0x45be9d]
[b0016:42854] [15] /lib/x86_64-linux-gnu/libc.so.6(+0x2a1ca)[0x7fabc54181ca]
[b0016:42854] [16] /lib/x86_64-linux-gnu/libc.so.6(__libc_start_main+0x8b)[0x7fabc541828b]
[b0016:42854] [17] /workspace/hpl-linux-x86_64/xhpl[0x45dafe]
[b0016:42854] *** End of error message ***
==== backtrace (tid:  41706) ====
 0  /opt/hpcx/ompi/lib/openmpi/../../../ucx/lib/libucs.so.0(ucs_handle_error+0x2e4) [0x7fe554a9e774]
 1  /opt/hpcx/ompi/lib/openmpi/../../../ucx/lib/libucs.so.0(ucs_fatal_error_message+0xc2) [0x7fe554a9b732]
 2  /opt/hpcx/ompi/lib/openmpi/../../../ucx/lib/libucs.so.0(ucs_fatal_error_format+0x111) [0x7fe554a9b851]
 3  /opt/hpcx/ompi/lib/openmpi/../../../ucx/lib/ucx/libuct_ib.so.0(+0x2ba70) [0x7fe554069a70]
 4  /opt/hpcx/ompi/lib/openmpi/../../../ucx/lib/libucs.so.0(+0x28d87) [0x7fe554a8fd87]
 5  /opt/hpcx/ompi/lib/openmpi/../../../ucx/lib/libucp.so.0(ucp_worker_progress+0x5a) [0x7fe554b320ea]
 6  /opt/hpcx/ompi/lib/openmpi/mca_pml_ucx.so(mca_pml_ucx_send+0x1c7) [0x7fe5573526e7]
 7  /opt/hpcx/ompi/lib/libmpi.so.40(PMPI_Send+0x33) [0x7fe58f54bbc3]
 8  /workspace/hpl-linux-x86_64/xhpl() [0x4824ea]
 9  /workspace/hpl-linux-x86_64/xhpl() [0x481a50]
10  /workspace/hpl-linux-x86_64/xhpl() [0x4856a6]
11  /workspace/hpl-linux-x86_64/xhpl() [0x45be9d]
12  /lib/x86_64-linux-gnu/libc.so.6(+0x2a1ca) [0x7fe556e181ca]
13  /lib/x86_64-linux-gnu/libc.so.6(__libc_start_main+0x8b) [0x7fe556e1828b]
14  /workspace/hpl-linux-x86_64/xhpl() [0x45dafe]
=================================
[b0014:41706] *** Process received signal ***
[b0014:41706] Signal: Aborted (6)
[b0014:41706] Signal code:  (-6)
[b0014:41706] [ 0] /lib/x86_64-linux-gnu/libc.so.6(+0x45330)[0x7fe556e33330]
[b0014:41706] [ 1] /lib/x86_64-linux-gnu/libc.so.6(pthread_kill+0x11c)[0x7fe556e8cb2c]
[b0014:41706] [ 2] /lib/x86_64-linux-gnu/libc.so.6(gsignal+0x1e)[0x7fe556e3327e]
[b0014:41706] [ 3] /lib/x86_64-linux-gnu/libc.so.6(abort+0xdf)[0x7fe556e168ff]
[b0014:41706] [ 4] /opt/hpcx/ompi/lib/openmpi/../../../ucx/lib/libucs.so.0(+0x34737)[0x7fe554a9b737]
[b0014:41706] [ 5] /opt/hpcx/ompi/lib/openmpi/../../../ucx/lib/libucs.so.0(ucs_fatal_error_format+0x111)[0x7fe554a9b851]
[b0014:41706] [ 6] /opt/hpcx/ompi/lib/openmpi/../../../ucx/lib/ucx/libuct_ib.so.0(+0x2ba70)[0x7fe554069a70]
[b0014:41706] [ 7] /opt/hpcx/ompi/lib/openmpi/../../../ucx/lib/libucs.so.0(+0x28d87)[0x7fe554a8fd87]
[b0014:41706] [ 8] /opt/hpcx/ompi/lib/openmpi/../../../ucx/lib/libucp.so.0(ucp_worker_progress+0x5a)[0x7fe554b320ea]
[b0014:41706] [ 9] /opt/hpcx/ompi/lib/openmpi/mca_pml_ucx.so(mca_pml_ucx_send+0x1c7)[0x7fe5573526e7]
[b0014:41706] [10] /opt/hpcx/ompi/lib/libmpi.so.40(PMPI_Send+0x33)[0x7fe58f54bbc3]
[b0014:41706] [11] /workspace/hpl-linux-x86_64/xhpl[0x4824ea]
[b0014:41706] [12] /workspace/hpl-linux-x86_64/xhpl[0x481a50]
[b0014:41706] [13] /workspace/hpl-linux-x86_64/xhpl[0x4856a6]
[b0014:41706] [14] /workspace/hpl-linux-x86_64/xhpl[0x45be9d]
[b0014:41706] [15] /lib/x86_64-linux-gnu/libc.so.6(+0x2a1ca)[0x7fe556e181ca]
[b0014:41706] [16] /lib/x86_64-linux-gnu/libc.so.6(__libc_start_main+0x8b)[0x7fe556e1828b]
[b0014:41706] [17] /workspace/hpl-linux-x86_64/xhpl[0x45dafe]
[b0014:41706] *** End of error message ***
[1775521132.608715] [b0016:42975:0]     ucp_context.c:2358 UCX  INFO  Version 1.20.0 (loaded from /opt/hpcx/ompi/lib/openmpi/../../../ucx/lib/libucp.so.0)
[1775521132.612018] [b0016:42975:f]        vfs_sock.c:63   UCX  DIAG  failed to create directory '/run/user/10009/ucx': No such file or directory
[1775521132.612022] [b0016:42975:f]        vfs_fuse.c:440  UCX  DIAG  failed to watch on '/run/user/10009/ucx/vfs.sock': Input/output error, VFS will be disabled
[1775521140.900440] [b0016:42975:0]          parser.c:2368 UCX  INFO  UCX_* env variables: UCX_TLS=rc,cuda_copy,cuda_ipc UCX_WARN_UNUSED_ENV_VARS=n UCX_LOG_LEVEL=info
[1775521140.974945] [b0016:42975:0]     ucp_context.c:2358 UCX  INFO  Version 1.20.0 (loaded from /opt/hpcx/ompi/lib/openmpi/../../../ucx/lib/libucp.so.0)
[1775521141.290599] [b0016:42975:0]      ucp_worker.c:1903 UCX  INFO    ucp_context_0 self cfg#1 tag(rc_mlx5/mlx5_0:1 rc_mlx5/mlx5_1:1 rc_mlx5/mlx5_2:1 rc_mlx5/mlx5_3:1 rc_mlx5/mlx5_4:1 rc_mlx5/mlx5_5:1 rc_mlx5/mlx5_6:1 rc_mlx5/mlx5_11:1 rc_mlx5/mlx5_12:1 rc_mlx5/mlx5_0:1 rc_mlx5/mlx5_1:1 rc_mlx5/mlx5_2:1 rc_mlx5/mlx5_3:1 rc_
[1775521141.337902] [b0016:42975:0]      ucp_worker.c:1903 UCX  INFO    ucp_context_0 intra-node cfg#2 tag(rc_mlx5/mlx5_0:1 rc_mlx5/mlx5_1:1 rc_mlx5/mlx5_2:1 rc_mlx5/mlx5_3:1 rc_mlx5/mlx5_4:1 rc_mlx5/mlx5_5:1 rc_mlx5/mlx5_6:1 rc_mlx5/mlx5_11:1 rc_mlx5/mlx5_12:1 rc_mlx5/mlx5_0:1 rc_mlx5/mlx5_1:1 rc_mlx5/mlx5_2:1 rc_mlx5/mlx5_3
[1775521141.348108] [b0016:42975:0]      ucp_worker.c:1903 UCX  INFO    ucp_context_0 intra-node cfg#3 tag(rc_mlx5/mlx5_0:1 rc_mlx5/mlx5_1:1 rc_mlx5/mlx5_2:1 rc_mlx5/mlx5_3:1 rc_mlx5/mlx5_4:1 rc_mlx5/mlx5_5:1 rc_mlx5/mlx5_6:1 rc_mlx5/mlx5_11:1 rc_mlx5/mlx5_12:1 rc_mlx5/mlx5_0:1 rc_mlx5/mlx5_1:1 rc_mlx5/mlx5_2:1 rc_mlx5/mlx5_3
[1775521172.470517] [b0016:42975:0]          ucp_ep.c:1517 UCX  DIAG  ep 0x7f2ab80d60c0: error 'Endpoint timeout' on rc_mlx5/mlx5_12:1 will not be handled since no error callback is installed
[b0016:42975:0:42975]       ud_ep.c:296  Fatal: UD endpoint 0x4a1caa0 to <no debug data>: unhandled timeout error
[1775521132.599545] [b0019:44955:0]     ucp_context.c:2358 UCX  INFO  Version 1.20.0 (loaded from /opt/hpcx/ompi/lib/openmpi/../../../ucx/lib/libucp.so.0)
[1775521132.602269] [b0019:44955:f]        vfs_sock.c:63   UCX  DIAG  failed to create directory '/run/user/10009/ucx': No such file or directory
[1775521132.602273] [b0019:44955:f]        vfs_fuse.c:440  UCX  DIAG  failed to watch on '/run/user/10009/ucx/vfs.sock': Input/output error, VFS will be disabled
[1775521140.725908] [b0019:44955:0]          parser.c:2368 UCX  INFO  UCX_* env variables: UCX_TLS=rc,cuda_copy,cuda_ipc UCX_WARN_UNUSED_ENV_VARS=n UCX_LOG_LEVEL=info
[1775521140.974021] [b0019:44955:0]     ucp_context.c:2358 UCX  INFO  Version 1.20.0 (loaded from /opt/hpcx/ompi/lib/openmpi/../../../ucx/lib/libucp.so.0)
[1775521141.300177] [b0019:44955:0]      ucp_worker.c:1903 UCX  INFO    ucp_context_0 self cfg#1 tag(rc_mlx5/mlx5_4:1 rc_mlx5/mlx5_5:1 rc_mlx5/mlx5_6:1 rc_mlx5/mlx5_11:1 rc_mlx5/mlx5_12:1 rc_mlx5/mlx5_0:1 rc_mlx5/mlx5_1:1 rc_mlx5/mlx5_2:1 rc_mlx5/mlx5_3:1 rc_mlx5/mlx5_4:1 rc_mlx5/mlx5_5:1 rc_mlx5/mlx5_6:1 rc_mlx5/mlx5_11:1 rc
[1775521141.349246] [b0019:44955:0]      ucp_worker.c:1903 UCX  INFO    ucp_context_0 intra-node cfg#2 tag(rc_mlx5/mlx5_4:1 rc_mlx5/mlx5_5:1 rc_mlx5/mlx5_6:1 rc_mlx5/mlx5_11:1 rc_mlx5/mlx5_12:1 rc_mlx5/mlx5_0:1 rc_mlx5/mlx5_1:1 rc_mlx5/mlx5_2:1 rc_mlx5/mlx5_3:1 rc_mlx5/mlx5_4:1 rc_mlx5/mlx5_5:1 rc_mlx5/mlx5_6:1 rc_mlx5/mlx5_1
[1775521141.359197] [b0019:44955:0]      ucp_worker.c:1903 UCX  INFO    ucp_context_0 intra-node cfg#3 tag(rc_mlx5/mlx5_4:1 rc_mlx5/mlx5_5:1 rc_mlx5/mlx5_6:1 rc_mlx5/mlx5_11:1 rc_mlx5/mlx5_12:1 rc_mlx5/mlx5_0:1 rc_mlx5/mlx5_1:1 rc_mlx5/mlx5_2:1 rc_mlx5/mlx5_3:1 rc_mlx5/mlx5_4:1 rc_mlx5/mlx5_5:1 rc_mlx5/mlx5_6:1 rc_mlx5/mlx5_1
[1775521172.469606] [b0019:44955:0]          ucp_ep.c:1517 UCX  DIAG  ep 0x7fe6bd8ae0c0: error 'Endpoint timeout' on rc_mlx5/mlx5_3:1 will not be handled since no error callback is installed
[b0019:44955:0:44955]       ud_ep.c:296  Fatal: UD endpoint 0x53a0dc0 to <no debug data>: unhandled timeout error
==== backtrace (tid:  42975) ====
 0  /opt/hpcx/ompi/lib/openmpi/../../../ucx/lib/libucs.so.0(ucs_handle_error+0x2e4) [0x7f2ce231d774]
 1  /opt/hpcx/ompi/lib/openmpi/../../../ucx/lib/libucs.so.0(ucs_fatal_error_message+0xc2) [0x7f2ce231a732]
 2  /opt/hpcx/ompi/lib/openmpi/../../../ucx/lib/libucs.so.0(ucs_fatal_error_format+0x111) [0x7f2ce231a851]
 3  /opt/hpcx/ompi/lib/openmpi/../../../ucx/lib/ucx/libuct_ib.so.0(+0x2ba70) [0x7f2ce0d60a70]
 4  /opt/hpcx/ompi/lib/openmpi/../../../ucx/lib/libucs.so.0(+0x28d87) [0x7f2ce230ed87]
 5  /opt/hpcx/ompi/lib/openmpi/../../../ucx/lib/libucp.so.0(ucp_worker_progress+0x5a) [0x7f2ce23b10ea]
 6  /opt/hpcx/ompi/lib/openmpi/mca_pml_ucx.so(mca_pml_ucx_recv+0x180) [0x7f2ce2456030]
 7  /opt/hpcx/ompi/lib/libmpi.so.40(MPI_Recv+0x31) [0x7f2d19758ac1]
 8  /workspace/hpl-linux-x86_64/xhpl() [0x48254f]
 9  /workspace/hpl-linux-x86_64/xhpl() [0x481a50]
10  /workspace/hpl-linux-x86_64/xhpl() [0x4856a6]
11  /workspace/hpl-linux-x86_64/xhpl() [0x45be9d]
12  /lib/x86_64-linux-gnu/libc.so.6(+0x2a1ca) [0x7f2ce48181ca]
13  /lib/x86_64-linux-gnu/libc.so.6(__libc_start_main+0x8b) [0x7f2ce481828b]
14  /workspace/hpl-linux-x86_64/xhpl() [0x45dafe]
=================================
[b0016:42975] *** Process received signal ***
[b0016:42975] Signal: Aborted (6)
[b0016:42975] Signal code:  (-6)
[b0016:42975] [ 0] /lib/x86_64-linux-gnu/libc.so.6(+0x45330)[0x7f2ce4833330]
[b0016:42975] [ 1] /lib/x86_64-linux-gnu/libc.so.6(pthread_kill+0x11c)[0x7f2ce488cb2c]
[b0016:42975] [ 2] /lib/x86_64-linux-gnu/libc.so.6(gsignal+0x1e)[0x7f2ce483327e]
[b0016:42975] [ 3] /lib/x86_64-linux-gnu/libc.so.6(abort+0xdf)[0x7f2ce48168ff]
[b0016:42975] [ 4] /opt/hpcx/ompi/lib/openmpi/../../../ucx/lib/libucs.so.0(+0x34737)[0x7f2ce231a737]
[b0016:42975] [ 5] /opt/hpcx/ompi/lib/openmpi/../../../ucx/lib/libucs.so.0(ucs_fatal_error_format+0x111)[0x7f2ce231a851]
[b0016:42975] [ 6] /opt/hpcx/ompi/lib/openmpi/../../../ucx/lib/ucx/libuct_ib.so.0(+0x2ba70)[0x7f2ce0d60a70]
[b0016:42975] [ 7] /opt/hpcx/ompi/lib/openmpi/../../../ucx/lib/libucs.so.0(+0x28d87)[0x7f2ce230ed87]
[b0016:42975] [ 8] /opt/hpcx/ompi/lib/openmpi/../../../ucx/lib/libucp.so.0(ucp_worker_progress+0x5a)[0x7f2ce23b10ea]
[b0016:42975] [ 9] /opt/hpcx/ompi/lib/openmpi/mca_pml_ucx.so(mca_pml_ucx_recv+0x180)[0x7f2ce2456030]
[b0016:42975] [10] /opt/hpcx/ompi/lib/libmpi.so.40(MPI_Recv+0x31)[0x7f2d19758ac1]
[b0016:42975] [11] /workspace/hpl-linux-x86_64/xhpl[0x48254f]
[b0016:42975] [12] /workspace/hpl-linux-x86_64/xhpl[0x481a50]
[b0016:42975] [13] /workspace/hpl-linux-x86_64/xhpl[0x4856a6]
[b0016:42975] [14] /workspace/hpl-linux-x86_64/xhpl[0x45be9d]
[b0016:42975] [15] /lib/x86_64-linux-gnu/libc.so.6(+0x2a1ca)[0x7f2ce48181ca]
[b0016:42975] [16] /lib/x86_64-linux-gnu/libc.so.6(__libc_start_main+0x8b)[0x7f2ce481828b]
[b0016:42975] [17] /workspace/hpl-linux-x86_64/xhpl[0x45dafe]
[b0016:42975] *** End of error message ***
[1775521132.616651] [b0015:41297:0]     ucp_context.c:2358 UCX  INFO  Version 1.20.0 (loaded from /opt/hpcx/ompi/lib/openmpi/../../../ucx/lib/libucp.so.0)
[1775521132.619194] [b0015:41297:f]        vfs_sock.c:63   UCX  DIAG  failed to create directory '/run/user/10009/ucx': No such file or directory
[1775521132.619198] [b0015:41297:f]        vfs_fuse.c:440  UCX  DIAG  failed to watch on '/run/user/10009/ucx/vfs.sock': Input/output error, VFS will be disabled
[1775521140.789430] [b0015:41297:0]          parser.c:2368 UCX  INFO  UCX_* env variables: UCX_TLS=rc,cuda_copy,cuda_ipc UCX_WARN_UNUSED_ENV_VARS=n UCX_LOG_LEVEL=info
[1775521140.975453] [b0015:41297:0]     ucp_context.c:2358 UCX  INFO  Version 1.20.0 (loaded from /opt/hpcx/ompi/lib/openmpi/../../../ucx/lib/libucp.so.0)
[1775521141.290342] [b0015:41297:0]      ucp_worker.c:1903 UCX  INFO    ucp_context_0 self cfg#1 tag(rc_mlx5/mlx5_0:1 rc_mlx5/mlx5_1:1 rc_mlx5/mlx5_2:1 rc_mlx5/mlx5_3:1 rc_mlx5/mlx5_4:1 rc_mlx5/mlx5_5:1 rc_mlx5/mlx5_6:1 rc_mlx5/mlx5_11:1 rc_mlx5/mlx5_12:1 rc_mlx5/mlx5_0:1 rc_mlx5/mlx5_1:1 rc_mlx5/mlx5_2:1 rc_mlx5/mlx5_3:1 rc_
[1775521141.340933] [b0015:41297:0]      ucp_worker.c:1903 UCX  INFO    ucp_context_0 intra-node cfg#2 tag(rc_mlx5/mlx5_0:1 rc_mlx5/mlx5_1:1 rc_mlx5/mlx5_2:1 rc_mlx5/mlx5_3:1 rc_mlx5/mlx5_4:1 rc_mlx5/mlx5_5:1 rc_mlx5/mlx5_6:1 rc_mlx5/mlx5_11:1 rc_mlx5/mlx5_12:1 rc_mlx5/mlx5_0:1 rc_mlx5/mlx5_1:1 rc_mlx5/mlx5_2:1 rc_mlx5/mlx5_3
[1775521141.351040] [b0015:41297:0]      ucp_worker.c:1903 UCX  INFO    ucp_context_0 intra-node cfg#3 tag(rc_mlx5/mlx5_0:1 rc_mlx5/mlx5_1:1 rc_mlx5/mlx5_2:1 rc_mlx5/mlx5_3:1 rc_mlx5/mlx5_4:1 rc_mlx5/mlx5_5:1 rc_mlx5/mlx5_6:1 rc_mlx5/mlx5_11:1 rc_mlx5/mlx5_12:1 rc_mlx5/mlx5_0:1 rc_mlx5/mlx5_1:1 rc_mlx5/mlx5_2:1 rc_mlx5/mlx5_3
[1775521172.473189] [b0015:41297:0]          ucp_ep.c:1517 UCX  DIAG  ep 0x7fe4da2b90c0: error 'Endpoint timeout' on rc_mlx5/mlx5_12:1 will not be handled since no error callback is installed
[b0015:41297:0:41297]       ud_ep.c:296  Fatal: UD endpoint 0x3e9a820 to <no debug data>: unhandled timeout error
==== backtrace (tid:  44955) ====
 0  /opt/hpcx/ompi/lib/openmpi/../../../ucx/lib/libucs.so.0(ucs_handle_error+0x2e4) [0x7fe8e0097774]
 1  /opt/hpcx/ompi/lib/openmpi/../../../ucx/lib/libucs.so.0(ucs_fatal_error_message+0xc2) [0x7fe8e0094732]
 2  /opt/hpcx/ompi/lib/openmpi/../../../ucx/lib/libucs.so.0(ucs_fatal_error_format+0x111) [0x7fe8e0094851]
 3  /opt/hpcx/ompi/lib/openmpi/../../../ucx/lib/ucx/libuct_ib.so.0(+0x2ba70) [0x7fe8d80e3a70]
 4  /opt/hpcx/ompi/lib/openmpi/../../../ucx/lib/libucs.so.0(+0x28d87) [0x7fe8e0088d87]
 5  /opt/hpcx/ompi/lib/openmpi/../../../ucx/lib/libucp.so.0(ucp_worker_progress+0x5a) [0x7fe8dba5d0ea]
 6  /opt/hpcx/ompi/lib/openmpi/mca_pml_ucx.so(mca_pml_ucx_send+0x1c7) [0x7fe8e23626e7]
 7  /opt/hpcx/ompi/lib/libmpi.so.40(PMPI_Send+0x33) [0x7fe91a55dbc3]
 8  /workspace/hpl-linux-x86_64/xhpl() [0x4824ea]
 9  /workspace/hpl-linux-x86_64/xhpl() [0x481a50]
10  /workspace/hpl-linux-x86_64/xhpl() [0x4856a6]
11  /workspace/hpl-linux-x86_64/xhpl() [0x45be9d]
12  /lib/x86_64-linux-gnu/libc.so.6(+0x2a1ca) [0x7fe8e1e181ca]
13  /lib/x86_64-linux-gnu/libc.so.6(__libc_start_main+0x8b) [0x7fe8e1e1828b]
14  /workspace/hpl-linux-x86_64/xhpl() [0x45dafe]
=================================
[b0019:44955] *** Process received signal ***
[b0019:44955] Signal: Aborted (6)
[b0019:44955] Signal code:  (-6)
[b0019:44955] [ 0] /lib/x86_64-linux-gnu/libc.so.6(+0x45330)[0x7fe8e1e33330]
[b0019:44955] [ 1] /lib/x86_64-linux-gnu/libc.so.6(pthread_kill+0x11c)[0x7fe8e1e8cb2c]
==== backtrace (tid:  41297) ====
 0  /opt/hpcx/ompi/lib/openmpi/../../../ucx/lib/libucs.so.0(ucs_handle_error+0x2e4) [0x7fe6fc4ef774]
[b0019:44955] [ 2] /lib/x86_64-linux-gnu/libc.so.6(gsignal+0x1e)[0x7fe8e1e3327e]
 1  /opt/hpcx/ompi/lib/openmpi/../../../ucx/lib/libucs.so.0(ucs_fatal_error_message+0xc2) [0x7fe6fc4ec732]
 2  /opt/hpcx/ompi/lib/openmpi/../../../ucx/lib/libucs.so.0(ucs_fatal_error_format+0x111) [0x7fe6fc4ec851]
 3  /opt/hpcx/ompi/lib/openmpi/../../../ucx/lib/ucx/libuct_ib.so.0(+0x2ba70) [0x7fe6f4adca70]
 4  /opt/hpcx/ompi/lib/openmpi/../../../ucx/lib/libucs.so.0(+0x28d87) [0x7fe6fc4e0d87]
 5  /opt/hpcx/ompi/lib/openmpi/../../../ucx/lib/libucp.so.0(ucp_worker_progress+0x5a) [0x7fe6fc5830ea]
 6  /opt/hpcx/ompi/lib/openmpi/mca_pml_ucx.so(mca_pml_ucx_recv+0x180) [0x7fe6fc628030]
 7  /opt/hpcx/ompi/lib/libmpi.so.40(MPI_Recv+0x31) [0x7fe733958ac1]
 8  /workspace/hpl-linux-x86_64/xhpl() [0x48254f]
 9  /workspace/hpl-linux-x86_64/xhpl() [0x481a50]
10  /workspace/hpl-linux-x86_64/xhpl() [0x4856a6]
11  /workspace/hpl-linux-x86_64/xhpl() [0x45be9d]
12  /lib/x86_64-linux-gnu/libc.so.6(+0x2a1ca) [0x7fe6fea181ca]
13  /lib/x86_64-linux-gnu/libc.so.6(__libc_start_main+0x8b) [0x7fe6fea1828b]
[b0019:44955] [ 3] /lib/x86_64-linux-gnu/libc.so.6(abort+0xdf)[0x7fe8e1e168ff]
[b0019:44955] [ 4] /opt/hpcx/ompi/lib/openmpi/../../../ucx/lib/libucs.so.0(+0x34737)[0x7fe8e0094737]
14  /workspace/hpl-linux-x86_64/xhpl() [0x45dafe]
[b0019:44955] [ 5] /opt/hpcx/ompi/lib/openmpi/../../../ucx/lib/libucs.so.0(ucs_fatal_error_format+0x111)[0x7fe8e0094851]
=================================
[b0019:44955] [ 6] /opt/hpcx/ompi/lib/openmpi/../../../ucx/lib/ucx/libuct_ib.so.0(+0x2ba70)[0x7fe8d80e3a70]
[b0019:44955] [ 7] /opt/hpcx/ompi/lib/openmpi/../../../ucx/lib/libucs.so.0(+0x28d87)[0x7fe8e0088d87]
[b0019:44955] [ 8] /opt/hpcx/ompi/lib/openmpi/../../../ucx/lib/libucp.so.0(ucp_worker_progress+0x5a)[0x7fe8dba5d0ea]
[b0019:44955] [ 9] /opt/hpcx/ompi/lib/openmpi/mca_pml_ucx.so(mca_pml_ucx_send+0x1c7)[0x7fe8e23626e7]
[b0019:44955] [10] /opt/hpcx/ompi/lib/libmpi.so.40(PMPI_Send+0x33)[0x7fe91a55dbc3]
[b0019:44955] [11] /workspace/hpl-linux-x86_64/xhpl[0x4824ea]
[b0015:41297] *** Process received signal ***
[b0019:44955] [12] /workspace/hpl-linux-x86_64/xhpl[0x481a50]
[b0015:41297] Signal: Aborted (6)
[b0015:41297] Signal code:  (-6)
[b0019:44955] [13] /workspace/hpl-linux-x86_64/xhpl[0x4856a6]
[b0019:44955] [14] /workspace/hpl-linux-x86_64/xhpl[0x45be9d]
[b0015:41297] [ 0] /lib/x86_64-linux-gnu/libc.so.6(+0x45330)[0x7fe6fea33330]
[b0019:44955] [15] /lib/x86_64-linux-gnu/libc.so.6(+0x2a1ca)[0x7fe8e1e181ca]
[b0019:44955] [16] /lib/x86_64-linux-gnu/libc.so.6(__libc_start_main+0x8b)[0x7fe8e1e1828b]
[b0019:44955] [17] /workspace/hpl-linux-x86_64/xhpl[0x45dafe]
[b0019:44955] *** End of error message ***
[b0015:41297] [ 1] /lib/x86_64-linux-gnu/libc.so.6(pthread_kill+0x11c)[0x7fe6fea8cb2c]
[b0015:41297] [ 2] /lib/x86_64-linux-gnu/libc.so.6(gsignal+0x1e)[0x7fe6fea3327e]
[b0015:41297] [ 3] /lib/x86_64-linux-gnu/libc.so.6(abort+0xdf)[0x7fe6fea168ff]
[b0015:41297] [ 4] /opt/hpcx/ompi/lib/openmpi/../../../ucx/lib/libucs.so.0(+0x34737)[0x7fe6fc4ec737]
[b0015:41297] [ 5] /opt/hpcx/ompi/lib/openmpi/../../../ucx/lib/libucs.so.0(ucs_fatal_error_format+0x111)[0x7fe6fc4ec851]
[b0015:41297] [ 6] /opt/hpcx/ompi/lib/openmpi/../../../ucx/lib/ucx/libuct_ib.so.0(+0x2ba70)[0x7fe6f4adca70]
[b0015:41297] [ 7] /opt/hpcx/ompi/lib/openmpi/../../../ucx/lib/libucs.so.0(+0x28d87)[0x7fe6fc4e0d87]
[b0015:41297] [ 8] /opt/hpcx/ompi/lib/openmpi/../../../ucx/lib/libucp.so.0(ucp_worker_progress+0x5a)[0x7fe6fc5830ea]
[b0015:41297] [ 9] /opt/hpcx/ompi/lib/openmpi/mca_pml_ucx.so(mca_pml_ucx_recv+0x180)[0x7fe6fc628030]
[b0015:41297] [10] /opt/hpcx/ompi/lib/libmpi.so.40(MPI_Recv+0x31)[0x7fe733958ac1]
[b0015:41297] [11] /workspace/hpl-linux-x86_64/xhpl[0x48254f]
[b0015:41297] [12] /workspace/hpl-linux-x86_64/xhpl[0x481a50]
[b0015:41297] [13] /workspace/hpl-linux-x86_64/xhpl[0x4856a6]
[b0015:41297] [14] /workspace/hpl-linux-x86_64/xhpl[0x45be9d]
[b0015:41297] [15] /lib/x86_64-linux-gnu/libc.so.6(+0x2a1ca)[0x7fe6fea181ca]
[b0015:41297] [16] /lib/x86_64-linux-gnu/libc.so.6(__libc_start_main+0x8b)[0x7fe6fea1828b]
[b0015:41297] [17] /workspace/hpl-linux-x86_64/xhpl[0x45dafe]
[b0015:41297] *** End of error message ***
[1775521132.599864] [b0014:41707:0]     ucp_context.c:2358 UCX  INFO  Version 1.20.0 (loaded from /opt/hpcx/ompi/lib/openmpi/../../../ucx/lib/libucp.so.0)
[1775521132.602498] [b0014:41707:f]        vfs_sock.c:63   UCX  DIAG  failed to create directory '/run/user/10009/ucx': No such file or directory
[1775521132.602503] [b0014:41707:f]        vfs_fuse.c:440  UCX  DIAG  failed to watch on '/run/user/10009/ucx/vfs.sock': Input/output error, VFS will be disabled
[1775521140.925927] [b0014:41707:0]          parser.c:2368 UCX  INFO  UCX_* env variables: UCX_TLS=rc,cuda_copy,cuda_ipc UCX_WARN_UNUSED_ENV_VARS=n UCX_LOG_LEVEL=info
[1775521140.972412] [b0014:41707:0]     ucp_context.c:2358 UCX  INFO  Version 1.20.0 (loaded from /opt/hpcx/ompi/lib/openmpi/../../../ucx/lib/libucp.so.0)
[1775521141.274498] [b0014:41707:0]      ucp_worker.c:1903 UCX  INFO    ucp_context_0 self cfg#1 tag(rc_mlx5/mlx5_4:1 rc_mlx5/mlx5_5:1 rc_mlx5/mlx5_6:1 rc_mlx5/mlx5_11:1 rc_mlx5/mlx5_12:1 rc_mlx5/mlx5_0:1 rc_mlx5/mlx5_1:1 rc_mlx5/mlx5_2:1 rc_mlx5/mlx5_3:1 rc_mlx5/mlx5_4:1 rc_mlx5/mlx5_5:1 rc_mlx5/mlx5_6:1 rc_mlx5/mlx5_11:1 rc
[1775521141.320469] [b0014:41707:0]      ucp_worker.c:1903 UCX  INFO    ucp_context_0 intra-node cfg#2 tag(rc_mlx5/mlx5_4:1 rc_mlx5/mlx5_5:1 rc_mlx5/mlx5_6:1 rc_mlx5/mlx5_11:1 rc_mlx5/mlx5_12:1 rc_mlx5/mlx5_0:1 rc_mlx5/mlx5_1:1 rc_mlx5/mlx5_2:1 rc_mlx5/mlx5_3:1 rc_mlx5/mlx5_4:1 rc_mlx5/mlx5_5:1 rc_mlx5/mlx5_6:1 rc_mlx5/mlx5_1
[1775521141.330300] [b0014:41707:0]      ucp_worker.c:1903 UCX  INFO    ucp_context_0 intra-node cfg#3 tag(rc_mlx5/mlx5_4:1 rc_mlx5/mlx5_5:1 rc_mlx5/mlx5_6:1 rc_mlx5/mlx5_11:1 rc_mlx5/mlx5_12:1 rc_mlx5/mlx5_0:1 rc_mlx5/mlx5_1:1 rc_mlx5/mlx5_2:1 rc_mlx5/mlx5_3:1 rc_mlx5/mlx5_4:1 rc_mlx5/mlx5_5:1 rc_mlx5/mlx5_6:1 rc_mlx5/mlx5_1
[1775521172.472451] [b0014:41707:0]          ucp_ep.c:1517 UCX  DIAG  ep 0x7f4fe953b0c0: error 'Endpoint timeout' on rc_mlx5/mlx5_3:1 will not be handled since no error callback is installed
[b0014:41707:0:41707]       ud_ep.c:296  Fatal: UD endpoint 0x4796dc0 to <no debug data>: unhandled timeout error
[1775521132.476447] [b0019:44830:0]     ucp_context.c:2358 UCX  INFO  Version 1.20.0 (loaded from /opt/hpcx/ompi/lib/openmpi/../../../ucx/lib/libucp.so.0)
[1775521132.479094] [b0019:44830:f]        vfs_sock.c:63   UCX  DIAG  failed to create directory '/run/user/10009/ucx': No such file or directory
[1775521132.479748] [b0019:44830:f]        vfs_fuse.c:440  UCX  DIAG  failed to watch on '/run/user/10009/ucx/vfs.sock': Input/output error, VFS will be disabled
[1775521140.343206] [b0019:44830:0]          parser.c:2368 UCX  INFO  UCX_* env variables: UCX_TLS=rc,cuda_copy,cuda_ipc UCX_WARN_UNUSED_ENV_VARS=n UCX_LOG_LEVEL=info
[1775521140.973952] [b0019:44830:0]     ucp_context.c:2358 UCX  INFO  Version 1.20.0 (loaded from /opt/hpcx/ompi/lib/openmpi/../../../ucx/lib/libucp.so.0)
[1775521141.293877] [b0019:44830:0]      ucp_worker.c:1903 UCX  INFO    ucp_context_0 self cfg#1 tag(rc_mlx5/mlx5_4:1 rc_mlx5/mlx5_5:1 rc_mlx5/mlx5_6:1 rc_mlx5/mlx5_11:1 rc_mlx5/mlx5_12:1 rc_mlx5/mlx5_0:1 rc_mlx5/mlx5_1:1 rc_mlx5/mlx5_2:1 rc_mlx5/mlx5_3:1 rc_mlx5/mlx5_4:1 rc_mlx5/mlx5_5:1 rc_mlx5/mlx5_6:1 rc_mlx5/mlx5_11:1 rc
[1775521141.343229] [b0019:44830:0]      ucp_worker.c:1903 UCX  INFO    ucp_context_0 intra-node cfg#2 tag(rc_mlx5/mlx5_4:1 rc_mlx5/mlx5_5:1 rc_mlx5/mlx5_6:1 rc_mlx5/mlx5_11:1 rc_mlx5/mlx5_12:1 rc_mlx5/mlx5_0:1 rc_mlx5/mlx5_1:1 rc_mlx5/mlx5_2:1 rc_mlx5/mlx5_3:1 rc_mlx5/mlx5_4:1 rc_mlx5/mlx5_5:1 rc_mlx5/mlx5_6:1 rc_mlx5/mlx5_1
[1775521141.353103] [b0019:44830:0]      ucp_worker.c:1903 UCX  INFO    ucp_context_0 intra-node cfg#3 tag(rc_mlx5/mlx5_4:1 rc_mlx5/mlx5_5:1 rc_mlx5/mlx5_6:1 rc_mlx5/mlx5_11:1 rc_mlx5/mlx5_12:1 rc_mlx5/mlx5_0:1 rc_mlx5/mlx5_1:1 rc_mlx5/mlx5_2:1 rc_mlx5/mlx5_3:1 rc_mlx5/mlx5_4:1 rc_mlx5/mlx5_5:1 rc_mlx5/mlx5_6:1 rc_mlx5/mlx5_1
[1775521172.474339] [b0019:44830:0]          ucp_ep.c:1517 UCX  DIAG  ep 0x7fae6182b0c0: error 'Endpoint timeout' on rc_mlx5/mlx5_3:1 will not be handled since no error callback is installed
[b0019:44830:0:44830]       ud_ep.c:296  Fatal: UD endpoint 0x6438a50 to <no debug data>: unhandled timeout error
==== backtrace (tid:  41707) ====
 0  /opt/hpcx/ompi/lib/openmpi/../../../ucx/lib/libucs.so.0(ucs_handle_error+0x2e4) [0x7f520c066774]
 1  /opt/hpcx/ompi/lib/openmpi/../../../ucx/lib/libucs.so.0(ucs_fatal_error_message+0xc2) [0x7f520c063732]
 2  /opt/hpcx/ompi/lib/openmpi/../../../ucx/lib/libucs.so.0(ucs_fatal_error_format+0x111) [0x7f520c063851]
 3  /opt/hpcx/ompi/lib/openmpi/../../../ucx/lib/ucx/libuct_ib.so.0(+0x2ba70) [0x7f5204f8ca70]
 4  /opt/hpcx/ompi/lib/openmpi/../../../ucx/lib/libucs.so.0(+0x28d87) [0x7f520c057d87]
 5  /opt/hpcx/ompi/lib/openmpi/../../../ucx/lib/libucp.so.0(ucp_worker_progress+0x5a) [0x7f520775e0ea]
 6  /opt/hpcx/ompi/lib/openmpi/mca_pml_ucx.so(mca_pml_ucx_send+0x1c7) [0x7f520c0a96e7]
 7  /opt/hpcx/ompi/lib/libmpi.so.40(PMPI_Send+0x33) [0x7f5242b5abc3]
 8  /workspace/hpl-linux-x86_64/xhpl() [0x4824ea]
 9  /workspace/hpl-linux-x86_64/xhpl() [0x481a50]
10  /workspace/hpl-linux-x86_64/xhpl() [0x4856a6]
11  /workspace/hpl-linux-x86_64/xhpl() [0x45be9d]
12  /lib/x86_64-linux-gnu/libc.so.6(+0x2a1ca) [0x7f520dc181ca]
13  /lib/x86_64-linux-gnu/libc.so.6(__libc_start_main+0x8b) [0x7f520dc1828b]
14  /workspace/hpl-linux-x86_64/xhpl() [0x45dafe]
=================================
[b0014:41707] *** Process received signal ***
[b0014:41707] Signal: Aborted (6)
[b0014:41707] Signal code:  (-6)
[b0014:41707] [ 0] /lib/x86_64-linux-gnu/libc.so.6(+0x45330)[0x7f520dc33330]
[b0014:41707] [ 1] /lib/x86_64-linux-gnu/libc.so.6(pthread_kill+0x11c)[0x7f520dc8cb2c]
[b0014:41707] [ 2] /lib/x86_64-linux-gnu/libc.so.6(gsignal+0x1e)[0x7f520dc3327e]
[b0014:41707] [ 3] /lib/x86_64-linux-gnu/libc.so.6(abort+0xdf)[0x7f520dc168ff]
[b0014:41707] [ 4] /opt/hpcx/ompi/lib/openmpi/../../../ucx/lib/libucs.so.0(+0x34737)[0x7f520c063737]
[b0014:41707] [ 5] /opt/hpcx/ompi/lib/openmpi/../../../ucx/lib/libucs.so.0(ucs_fatal_error_format+0x111)[0x7f520c063851]
[b0014:41707] [ 6] /opt/hpcx/ompi/lib/openmpi/../../../ucx/lib/ucx/libuct_ib.so.0(+0x2ba70)[0x7f5204f8ca70]
[b0014:41707] [ 7] /opt/hpcx/ompi/lib/openmpi/../../../ucx/lib/libucs.so.0(+0x28d87)[0x7f520c057d87]
[b0014:41707] [ 8] /opt/hpcx/ompi/lib/openmpi/../../../ucx/lib/libucp.so.0(ucp_worker_progress+0x5a)[0x7f520775e0ea]
[b0014:41707] [ 9] /opt/hpcx/ompi/lib/openmpi/mca_pml_ucx.so(mca_pml_ucx_send+0x1c7)[0x7f520c0a96e7]
[b0014:41707] [10] /opt/hpcx/ompi/lib/libmpi.so.40(PMPI_Send+0x33)[0x7f5242b5abc3]
[b0014:41707] [11] /workspace/hpl-linux-x86_64/xhpl[0x4824ea]
[b0014:41707] [12] /workspace/hpl-linux-x86_64/xhpl[0x481a50]
[b0014:41707] [13] /workspace/hpl-linux-x86_64/xhpl[0x4856a6]
[b0014:41707] [14] /workspace/hpl-linux-x86_64/xhpl[0x45be9d]
[b0014:41707] [15] /lib/x86_64-linux-gnu/libc.so.6(+0x2a1ca)[0x7f520dc181ca]
[b0014:41707] [16] /lib/x86_64-linux-gnu/libc.so.6(__libc_start_main+0x8b)[0x7f520dc1828b]
[b0014:41707] [17] /workspace/hpl-linux-x86_64/xhpl[0x45dafe]
[b0014:41707] *** End of error message ***
==== backtrace (tid:  44830) ====
 0  /opt/hpcx/ompi/lib/openmpi/../../../ucx/lib/libucs.so.0(ucs_handle_error+0x2e4) [0x7fb084054774]
 1  /opt/hpcx/ompi/lib/openmpi/../../../ucx/lib/libucs.so.0(ucs_fatal_error_message+0xc2) [0x7fb084051732]
 2  /opt/hpcx/ompi/lib/openmpi/../../../ucx/lib/libucs.so.0(ucs_fatal_error_format+0x111) [0x7fb084051851]
 3  /opt/hpcx/ompi/lib/openmpi/../../../ucx/lib/ucx/libuct_ib.so.0(+0x2ba70) [0x7fb07c05ca70]
 4  /opt/hpcx/ompi/lib/openmpi/../../../ucx/lib/libucs.so.0(+0x28d87) [0x7fb084045d87]
 5  /opt/hpcx/ompi/lib/openmpi/../../../ucx/lib/libucp.so.0(ucp_worker_progress+0x5a) [0x7fb07fa5d0ea]
 6  /opt/hpcx/ompi/lib/openmpi/mca_pml_ucx.so(mca_pml_ucx_send+0x1c7) [0x7fb0840976e7]
 7  /opt/hpcx/ompi/lib/libmpi.so.40(PMPI_Send+0x33) [0x7fb0be4dabc3]
 8  /workspace/hpl-linux-x86_64/xhpl() [0x4824ea]
 9  /workspace/hpl-linux-x86_64/xhpl() [0x481a50]
[1775521132.649674] [b0013:44828:0]     ucp_context.c:2358 UCX  INFO  Version 1.20.0 (loaded from /opt/hpcx/ompi/lib/openmpi/../../../ucx/lib/libucp.so.0)
[1775521132.653086] [b0013:44828:f]        vfs_sock.c:63   UCX  DIAG  failed to create directory '/run/user/10009/ucx': No such file or directory
[1775521132.653091] [b0013:44828:f]        vfs_fuse.c:440  UCX  DIAG  failed to watch on '/run/user/10009/ucx/vfs.sock': Input/output error, VFS will be disabled
[1775521140.956395] [b0013:44828:0]          parser.c:2368 UCX  INFO  UCX_* env variables: UCX_TLS=rc,cuda_copy,cuda_ipc UCX_WARN_UNUSED_ENV_VARS=n UCX_LOG_LEVEL=info
[1775521140.973930] [b0013:44828:0]     ucp_context.c:2358 UCX  INFO  Version 1.20.0 (loaded from /opt/hpcx/ompi/lib/openmpi/../../../ucx/lib/libucp.so.0)
10  /workspace/hpl-linux-x86_64/xhpl() [0x4856a6]
11  /workspace/hpl-linux-x86_64/xhpl() [0x45be9d]
12  /lib/x86_64-linux-gnu/libc.so.6(+0x2a1ca) [0x7fb085e181ca]
13  /lib/x86_64-linux-gnu/libc.so.6(__libc_start_main+0x8b) [0x7fb085e1828b]
14  /workspace/hpl-linux-x86_64/xhpl() [0x45dafe]
=================================
[b0019:44830] *** Process received signal ***
[b0019:44830] Signal: Aborted (6)
[b0019:44830] Signal code:  (-6)
[1775521141.277195] [b0013:44828:0]      ucp_worker.c:1903 UCX  INFO    ucp_context_0 self cfg#1 tag(rc_mlx5/mlx5_4:1 rc_mlx5/mlx5_5:1 rc_mlx5/mlx5_6:1 rc_mlx5/mlx5_11:1 rc_mlx5/mlx5_12:1 rc_mlx5/mlx5_0:1 rc_mlx5/mlx5_1:1 rc_mlx5/mlx5_2:1 rc_mlx5/mlx5_3:1 rc_mlx5/mlx5_4:1 rc_mlx5/mlx5_5:1 rc_mlx5/mlx5_6:1 rc_mlx5/mlx5_11:1 rc
[1775521141.325725] [b0013:44828:0]      ucp_worker.c:1903 UCX  INFO    ucp_context_0 intra-node cfg#2 tag(rc_mlx5/mlx5_4:1 rc_mlx5/mlx5_5:1 rc_mlx5/mlx5_6:1 rc_mlx5/mlx5_11:1 rc_mlx5/mlx5_12:1 rc_mlx5/mlx5_0:1 rc_mlx5/mlx5_1:1 rc_mlx5/mlx5_2:1 rc_mlx5/mlx5_3:1 rc_mlx5/mlx5_4:1 rc_mlx5/mlx5_5:1 rc_mlx5/mlx5_6:1 rc_mlx5/mlx5_1
[1775521141.336068] [b0013:44828:0]      ucp_worker.c:1903 UCX  INFO    ucp_context_0 intra-node cfg#3 tag(rc_mlx5/mlx5_4:1 rc_mlx5/mlx5_5:1 rc_mlx5/mlx5_6:1 rc_mlx5/mlx5_11:1 rc_mlx5/mlx5_12:1 rc_mlx5/mlx5_0:1 rc_mlx5/mlx5_1:1 rc_mlx5/mlx5_2:1 rc_mlx5/mlx5_3:1 rc_mlx5/mlx5_4:1 rc_mlx5/mlx5_5:1 rc_mlx5/mlx5_6:1 rc_mlx5/mlx5_1
[1775521172.475638] [b0013:44828:0]          ucp_ep.c:1517 UCX  DIAG  ep 0x7f9c5379d0c0: error 'Endpoint timeout' on rc_mlx5/mlx5_3:1 will not be handled since no error callback is installed
[b0013:44828:0:44828]       ud_ep.c:296  Fatal: UD endpoint 0x5b10d20 to <no debug data>: unhandled timeout error
[b0019:44830] [ 0] /lib/x86_64-linux-gnu/libc.so.6(+0x45330)[0x7fb085e33330]
[b0019:44830] [ 1] /lib/x86_64-linux-gnu/libc.so.6(pthread_kill+0x11c)[0x7fb085e8cb2c]
[b0019:44830] [ 2] /lib/x86_64-linux-gnu/libc.so.6(gsignal+0x1e)[0x7fb085e3327e]
[b0019:44830] [ 3] /lib/x86_64-linux-gnu/libc.so.6(abort+0xdf)[0x7fb085e168ff]
[b0019:44830] [ 4] /opt/hpcx/ompi/lib/openmpi/../../../ucx/lib/libucs.so.0(+0x34737)[0x7fb084051737]
[b0019:44830] [ 5] /opt/hpcx/ompi/lib/openmpi/../../../ucx/lib/libucs.so.0(ucs_fatal_error_format+0x111)[0x7fb084051851]
[b0019:44830] [ 6] /opt/hpcx/ompi/lib/openmpi/../../../ucx/lib/ucx/libuct_ib.so.0(+0x2ba70)[0x7fb07c05ca70]
[b0019:44830] [ 7] /opt/hpcx/ompi/lib/openmpi/../../../ucx/lib/libucs.so.0(+0x28d87)[0x7fb084045d87]
[b0019:44830] [ 8] /opt/hpcx/ompi/lib/openmpi/../../../ucx/lib/libucp.so.0(ucp_worker_progress+0x5a)[0x7fb07fa5d0ea]
[b0019:44830] [ 9] /opt/hpcx/ompi/lib/openmpi/mca_pml_ucx.so(mca_pml_ucx_send+0x1c7)[0x7fb0840976e7]
[b0019:44830] [10] /opt/hpcx/ompi/lib/libmpi.so.40(PMPI_Send+0x33)[0x7fb0be4dabc3]
[b0019:44830] [11] /workspace/hpl-linux-x86_64/xhpl[0x4824ea]
[b0019:44830] [12] /workspace/hpl-linux-x86_64/xhpl[0x481a50]
[b0019:44830] [13] /workspace/hpl-linux-x86_64/xhpl[0x4856a6]
[b0019:44830] [14] /workspace/hpl-linux-x86_64/xhpl[0x45be9d]
[b0019:44830] [15] /lib/x86_64-linux-gnu/libc.so.6(+0x2a1ca)[0x7fb085e181ca]
[b0019:44830] [16] /lib/x86_64-linux-gnu/libc.so.6(__libc_start_main+0x8b)[0x7fb085e1828b]
[b0019:44830] [17] /workspace/hpl-linux-x86_64/xhpl[0x45dafe]
[b0019:44830] *** End of error message ***
[1775521132.650130] [b0013:44829:0]     ucp_context.c:2358 UCX  INFO  Version 1.20.0 (loaded from /opt/hpcx/ompi/lib/openmpi/../../../ucx/lib/libucp.so.0)
[1775521132.653038] [b0013:44829:f]        vfs_sock.c:63   UCX  DIAG  failed to create directory '/run/user/10009/ucx': No such file or directory
[1775521132.653042] [b0013:44829:f]        vfs_fuse.c:440  UCX  DIAG  failed to watch on '/run/user/10009/ucx/vfs.sock': Input/output error, VFS will be disabled
[1775521140.746120] [b0013:44829:0]          parser.c:2368 UCX  INFO  UCX_* env variables: UCX_TLS=rc,cuda_copy,cuda_ipc UCX_WARN_UNUSED_ENV_VARS=n UCX_LOG_LEVEL=info
[1775521140.973952] [b0013:44829:0]     ucp_context.c:2358 UCX  INFO  Version 1.20.0 (loaded from /opt/hpcx/ompi/lib/openmpi/../../../ucx/lib/libucp.so.0)
[1775521141.292912] [b0013:44829:0]      ucp_worker.c:1903 UCX  INFO    ucp_context_0 self cfg#1 tag(rc_mlx5/mlx5_0:1 rc_mlx5/mlx5_1:1 rc_mlx5/mlx5_2:1 rc_mlx5/mlx5_3:1 rc_mlx5/mlx5_4:1 rc_mlx5/mlx5_5:1 rc_mlx5/mlx5_6:1 rc_mlx5/mlx5_11:1 rc_mlx5/mlx5_12:1 rc_mlx5/mlx5_0:1 rc_mlx5/mlx5_1:1 rc_mlx5/mlx5_2:1 rc_mlx5/mlx5_3:1 rc_
[1775521141.338918] [b0013:44829:0]      ucp_worker.c:1903 UCX  INFO    ucp_context_0 intra-node cfg#2 tag(rc_mlx5/mlx5_0:1 rc_mlx5/mlx5_1:1 rc_mlx5/mlx5_2:1 rc_mlx5/mlx5_3:1 rc_mlx5/mlx5_4:1 rc_mlx5/mlx5_5:1 rc_mlx5/mlx5_6:1 rc_mlx5/mlx5_11:1 rc_mlx5/mlx5_12:1 rc_mlx5/mlx5_0:1 rc_mlx5/mlx5_1:1 rc_mlx5/mlx5_2:1 rc_mlx5/mlx5_3
[1775521141.348979] [b0013:44829:0]      ucp_worker.c:1903 UCX  INFO    ucp_context_0 intra-node cfg#3 tag(rc_mlx5/mlx5_0:1 rc_mlx5/mlx5_1:1 rc_mlx5/mlx5_2:1 rc_mlx5/mlx5_3:1 rc_mlx5/mlx5_4:1 rc_mlx5/mlx5_5:1 rc_mlx5/mlx5_6:1 rc_mlx5/mlx5_11:1 rc_mlx5/mlx5_12:1 rc_mlx5/mlx5_0:1 rc_mlx5/mlx5_1:1 rc_mlx5/mlx5_2:1 rc_mlx5/mlx5_3
[1775521172.475846] [b0013:44829:0]          ucp_ep.c:1517 UCX  DIAG  ep 0x7f7fb464a0c0: error 'Endpoint timeout' on rc_mlx5/mlx5_12:1 will not be handled since no error callback is installed
[b0013:44829:0:44829]       ud_ep.c:296  Fatal: UD endpoint 0x573c8e0 to <no debug data>: unhandled timeout error
[1775521132.608613] [b0016:42961:0]     ucp_context.c:2358 UCX  INFO  Version 1.20.0 (loaded from /opt/hpcx/ompi/lib/openmpi/../../../ucx/lib/libucp.so.0)
[1775521132.612050] [b0016:42961:f]        vfs_sock.c:63   UCX  DIAG  failed to create directory '/run/user/10009/ucx': No such file or directory
[1775521132.612054] [b0016:42961:f]        vfs_fuse.c:440  UCX  DIAG  failed to watch on '/run/user/10009/ucx/vfs.sock': Input/output error, VFS will be disabled
[1775521140.890736] [b0016:42961:0]          parser.c:2368 UCX  INFO  UCX_* env variables: UCX_TLS=rc,cuda_copy,cuda_ipc UCX_WARN_UNUSED_ENV_VARS=n UCX_LOG_LEVEL=info
[1775521140.974961] [b0016:42961:0]     ucp_context.c:2358 UCX  INFO  Version 1.20.0 (loaded from /opt/hpcx/ompi/lib/openmpi/../../../ucx/lib/libucp.so.0)
[1775521141.290599] [b0016:42961:0]      ucp_worker.c:1903 UCX  INFO    ucp_context_0 self cfg#1 tag(rc_mlx5/mlx5_0:1 rc_mlx5/mlx5_1:1 rc_mlx5/mlx5_2:1 rc_mlx5/mlx5_3:1 rc_mlx5/mlx5_4:1 rc_mlx5/mlx5_5:1 rc_mlx5/mlx5_6:1 rc_mlx5/mlx5_11:1 rc_mlx5/mlx5_12:1 rc_mlx5/mlx5_0:1 rc_mlx5/mlx5_1:1 rc_mlx5/mlx5_2:1 rc_mlx5/mlx5_3:1 rc_
[1775521141.337637] [b0016:42961:0]      ucp_worker.c:1903 UCX  INFO    ucp_context_0 intra-node cfg#2 tag(rc_mlx5/mlx5_0:1 rc_mlx5/mlx5_1:1 rc_mlx5/mlx5_2:1 rc_mlx5/mlx5_3:1 rc_mlx5/mlx5_4:1 rc_mlx5/mlx5_5:1 rc_mlx5/mlx5_6:1 rc_mlx5/mlx5_11:1 rc_mlx5/mlx5_12:1 rc_mlx5/mlx5_0:1 rc_mlx5/mlx5_1:1 rc_mlx5/mlx5_2:1 rc_mlx5/mlx5_3
[1775521141.347922] [b0016:42961:0]      ucp_worker.c:1903 UCX  INFO    ucp_context_0 intra-node cfg#3 tag(rc_mlx5/mlx5_0:1 rc_mlx5/mlx5_1:1 rc_mlx5/mlx5_2:1 rc_mlx5/mlx5_3:1 rc_mlx5/mlx5_4:1 rc_mlx5/mlx5_5:1 rc_mlx5/mlx5_6:1 rc_mlx5/mlx5_11:1 rc_mlx5/mlx5_12:1 rc_mlx5/mlx5_0:1 rc_mlx5/mlx5_1:1 rc_mlx5/mlx5_2:1 rc_mlx5/mlx5_3
[1775521172.477126] [b0016:42961:0]          ucp_ep.c:1517 UCX  DIAG  ep 0x7f02b75300c0: error 'Endpoint timeout' on rc_mlx5/mlx5_12:1 will not be handled since no error callback is installed
[b0016:42961:0:42961]       ud_ep.c:296  Fatal: UD endpoint 0x6416a50 to <no debug data>: unhandled timeout error
==== backtrace (tid:  44828) ====
 0  /opt/hpcx/ompi/lib/openmpi/../../../ucx/lib/libucs.so.0(ucs_handle_error+0x2e4) [0x7f9e759db774]
 1  /opt/hpcx/ompi/lib/openmpi/../../../ucx/lib/libucs.so.0(ucs_fatal_error_message+0xc2) [0x7f9e759d8732]
 2  /opt/hpcx/ompi/lib/openmpi/../../../ucx/lib/libucs.so.0(ucs_fatal_error_format+0x111) [0x7f9e759d8851]
 3  /opt/hpcx/ompi/lib/openmpi/../../../ucx/lib/ucx/libuct_ib.so.0(+0x2ba70) [0x7f9e74423a70]
 4  /opt/hpcx/ompi/lib/openmpi/../../../ucx/lib/libucs.so.0(+0x28d87) [0x7f9e759ccd87]
 5  /opt/hpcx/ompi/lib/openmpi/../../../ucx/lib/libucp.so.0(ucp_worker_progress+0x5a) [0x7f9e75a6f0ea]
 6  /opt/hpcx/ompi/lib/openmpi/mca_pml_ucx.so(mca_pml_ucx_send+0x1c7) [0x7f9e75b156e7]
 7  /opt/hpcx/ompi/lib/libmpi.so.40(PMPI_Send+0x33) [0x7f9eacd5abc3]
 8  /workspace/hpl-linux-x86_64/xhpl() [0x4824ea]
 9  /workspace/hpl-linux-x86_64/xhpl() [0x481a50]
10  /workspace/hpl-linux-x86_64/xhpl() [0x4856a6]
11  /workspace/hpl-linux-x86_64/xhpl() [0x45be9d]
12  /lib/x86_64-linux-gnu/libc.so.6(+0x2a1ca) [0x7f9e77e181ca]
13  /lib/x86_64-linux-gnu/libc.so.6(__libc_start_main+0x8b) [0x7f9e77e1828b]
14  /workspace/hpl-linux-x86_64/xhpl() [0x45dafe]
=================================
[b0013:44828] *** Process received signal ***
[b0013:44828] Signal: Aborted (6)
[b0013:44828] Signal code:  (-6)
[b0013:44828] [ 0] /lib/x86_64-linux-gnu/libc.so.6(+0x45330)[0x7f9e77e33330]
[b0013:44828] [ 1] /lib/x86_64-linux-gnu/libc.so.6(pthread_kill+0x11c)[0x7f9e77e8cb2c]
[b0013:44828] [ 2] /lib/x86_64-linux-gnu/libc.so.6(gsignal+0x1e)[0x7f9e77e3327e]
[b0013:44828] [ 3] /lib/x86_64-linux-gnu/libc.so.6(abort+0xdf)[0x7f9e77e168ff]
[b0013:44828] [ 4] /opt/hpcx/ompi/lib/openmpi/../../../ucx/lib/libucs.so.0(+0x34737)[0x7f9e759d8737]
[b0013:44828] [ 5] /opt/hpcx/ompi/lib/openmpi/../../../ucx/lib/libucs.so.0(ucs_fatal_error_format+0x111)[0x7f9e759d8851]
[b0013:44828] [ 6] /opt/hpcx/ompi/lib/openmpi/../../../ucx/lib/ucx/libuct_ib.so.0(+0x2ba70)[0x7f9e74423a70]
[b0013:44828] [ 7] /opt/hpcx/ompi/lib/openmpi/../../../ucx/lib/libucs.so.0(+0x28d87)[0x7f9e759ccd87]
[b0013:44828] [ 8] /opt/hpcx/ompi/lib/openmpi/../../../ucx/lib/libucp.so.0(ucp_worker_progress+0x5a)[0x7f9e75a6f0ea]
[b0013:44828] [ 9] /opt/hpcx/ompi/lib/openmpi/mca_pml_ucx.so(mca_pml_ucx_send+0x1c7)[0x7f9e75b156e7]
[b0013:44828] [10] /opt/hpcx/ompi/lib/libmpi.so.40(PMPI_Send+0x33)[0x7f9eacd5abc3]
[b0013:44828] [11] /workspace/hpl-linux-x86_64/xhpl[0x4824ea]
[b0013:44828] [12] /workspace/hpl-linux-x86_64/xhpl[0x481a50]
[b0013:44828] [13] /workspace/hpl-linux-x86_64/xhpl[0x4856a6]
[b0013:44828] [14] /workspace/hpl-linux-x86_64/xhpl[0x45be9d]
[b0013:44828] [15] /lib/x86_64-linux-gnu/libc.so.6(+0x2a1ca)[0x7f9e77e181ca]
[b0013:44828] [16] /lib/x86_64-linux-gnu/libc.so.6(__libc_start_main+0x8b)[0x7f9e77e1828b]
[b0013:44828] [17] /workspace/hpl-linux-x86_64/xhpl[0x45dafe]
[b0013:44828] *** End of error message ***
==== backtrace (tid:  44829) ====
 0  /opt/hpcx/ompi/lib/openmpi/../../../ucx/lib/libucs.so.0(ucs_handle_error+0x2e4) [0x7f81de87b774]
 1  /opt/hpcx/ompi/lib/openmpi/../../../ucx/lib/libucs.so.0(ucs_fatal_error_message+0xc2) [0x7f81de878732]
 2  /opt/hpcx/ompi/lib/openmpi/../../../ucx/lib/libucs.so.0(ucs_fatal_error_format+0x111) [0x7f81de878851]
 3  /opt/hpcx/ompi/lib/openmpi/../../../ucx/lib/ucx/libuct_ib.so.0(+0x2ba70) [0x7f81dc0a2a70]
 4  /opt/hpcx/ompi/lib/openmpi/../../../ucx/lib/libucs.so.0(+0x28d87) [0x7f81de86cd87]
 5  /opt/hpcx/ompi/lib/openmpi/../../../ucx/lib/libucp.so.0(ucp_worker_progress+0x5a) [0x7f81de90f0ea]
 6  /opt/hpcx/ompi/lib/openmpi/mca_pml_ucx.so(mca_pml_ucx_recv+0x180) [0x7f81de9b4030]
 7  /opt/hpcx/ompi/lib/libmpi.so.40(MPI_Recv+0x31) [0x7f82192f9ac1]
 8  /workspace/hpl-linux-x86_64/xhpl() [0x48254f]
 9  /workspace/hpl-linux-x86_64/xhpl() [0x481a50]
10  /workspace/hpl-linux-x86_64/xhpl() [0x4856a6]
11  /workspace/hpl-linux-x86_64/xhpl() [0x45be9d]
12  /lib/x86_64-linux-gnu/libc.so.6(+0x2a1ca) [0x7f81e0c181ca]
13  /lib/x86_64-linux-gnu/libc.so.6(__libc_start_main+0x8b) [0x7f81e0c1828b]
14  /workspace/hpl-linux-x86_64/xhpl() [0x45dafe]
=================================
[1775521132.447139] [b0017:41259:0]     ucp_context.c:2358 UCX  INFO  Version 1.20.0 (loaded from /opt/hpcx/ompi/lib/openmpi/../../../ucx/lib/libucp.so.0)
[1775521132.450050] [b0017:41259:f]        vfs_sock.c:63   UCX  DIAG  failed to create directory '/run/user/10009/ucx': No such file or directory
[1775521132.450054] [b0017:41259:f]        vfs_fuse.c:440  UCX  DIAG  failed to watch on '/run/user/10009/ucx/vfs.sock': Input/output error, VFS will be disabled
[1775521140.681006] [b0017:41259:0]          parser.c:2368 UCX  INFO  UCX_* env variables: UCX_TLS=rc,cuda_copy,cuda_ipc UCX_WARN_UNUSED_ENV_VARS=n UCX_LOG_LEVEL=info
[1775521140.973476] [b0017:41259:0]     ucp_context.c:2358 UCX  INFO  Version 1.20.0 (loaded from /opt/hpcx/ompi/lib/openmpi/../../../ucx/lib/libucp.so.0)
[b0013:44829] *** Process received signal ***
[b0013:44829] Signal: Aborted (6)
[b0013:44829] Signal code:  (-6)
[b0013:44829] [ 0] /lib/x86_64-linux-gnu/libc.so.6(+0x45330)[0x7f81e0c33330]
[1775521141.279417] [b0017:41259:0]      ucp_worker.c:1903 UCX  INFO    ucp_context_0 self cfg#1 tag(rc_mlx5/mlx5_4:1 rc_mlx5/mlx5_5:1 rc_mlx5/mlx5_6:1 rc_mlx5/mlx5_11:1 rc_mlx5/mlx5_12:1 rc_mlx5/mlx5_0:1 rc_mlx5/mlx5_1:1 rc_mlx5/mlx5_2:1 rc_mlx5/mlx5_3:1 rc_mlx5/mlx5_4:1 rc_mlx5/mlx5_5:1 rc_mlx5/mlx5_6:1 rc_mlx5/mlx5_11:1 rc
[1775521141.325237] [b0017:41259:0]      ucp_worker.c:1903 UCX  INFO    ucp_context_0 intra-node cfg#2 tag(rc_mlx5/mlx5_4:1 rc_mlx5/mlx5_5:1 rc_mlx5/mlx5_6:1 rc_mlx5/mlx5_11:1 rc_mlx5/mlx5_12:1 rc_mlx5/mlx5_0:1 rc_mlx5/mlx5_1:1 rc_mlx5/mlx5_2:1 rc_mlx5/mlx5_3:1 rc_mlx5/mlx5_4:1 rc_mlx5/mlx5_5:1 rc_mlx5/mlx5_6:1 rc_mlx5/mlx5_1
[1775521141.335187] [b0017:41259:0]      ucp_worker.c:1903 UCX  INFO    ucp_context_0 intra-node cfg#3 tag(rc_mlx5/mlx5_4:1 rc_mlx5/mlx5_5:1 rc_mlx5/mlx5_6:1 rc_mlx5/mlx5_11:1 rc_mlx5/mlx5_12:1 rc_mlx5/mlx5_0:1 rc_mlx5/mlx5_1:1 rc_mlx5/mlx5_2:1 rc_mlx5/mlx5_3:1 rc_mlx5/mlx5_4:1 rc_mlx5/mlx5_5:1 rc_mlx5/mlx5_6:1 rc_mlx5/mlx5_1
[1775521172.476272] [b0017:41259:0]          ucp_ep.c:1517 UCX  DIAG  ep 0x7fd6c83fd0c0: error 'Endpoint timeout' on rc_mlx5/mlx5_3:1 will not be handled since no error callback is installed
[b0017:41259:0:41259]       ud_ep.c:296  Fatal: UD endpoint 0x58f3820 to <no debug data>: unhandled timeout error
[b0013:44829] [ 1] /lib/x86_64-linux-gnu/libc.so.6(pthread_kill+0x11c)[0x7f81e0c8cb2c]
[b0013:44829] [ 2] /lib/x86_64-linux-gnu/libc.so.6(gsignal+0x1e)[0x7f81e0c3327e]
[b0013:44829] [ 3] /lib/x86_64-linux-gnu/libc.so.6(abort+0xdf)[0x7f81e0c168ff]
[b0013:44829] [ 4] /opt/hpcx/ompi/lib/openmpi/../../../ucx/lib/libucs.so.0(+0x34737)[0x7f81de878737]
[b0013:44829] [ 5] /opt/hpcx/ompi/lib/openmpi/../../../ucx/lib/libucs.so.0(ucs_fatal_error_format+0x111)[0x7f81de878851]
[b0013:44829] [ 6] /opt/hpcx/ompi/lib/openmpi/../../../ucx/lib/ucx/libuct_ib.so.0(+0x2ba70)[0x7f81dc0a2a70]
[b0013:44829] [ 7] /opt/hpcx/ompi/lib/openmpi/../../../ucx/lib/libucs.so.0(+0x28d87)[0x7f81de86cd87]
[b0013:44829] [ 8] /opt/hpcx/ompi/lib/openmpi/../../../ucx/lib/libucp.so.0(ucp_worker_progress+0x5a)[0x7f81de90f0ea]
[b0013:44829] [ 9] /opt/hpcx/ompi/lib/openmpi/mca_pml_ucx.so(mca_pml_ucx_recv+0x180)[0x7f81de9b4030]
[b0013:44829] [10] /opt/hpcx/ompi/lib/libmpi.so.40(MPI_Recv+0x31)[0x7f82192f9ac1]
[b0013:44829] [11] /workspace/hpl-linux-x86_64/xhpl[0x48254f]
[b0013:44829] [12] /workspace/hpl-linux-x86_64/xhpl[0x481a50]
[b0013:44829] [13] /workspace/hpl-linux-x86_64/xhpl[0x4856a6]
[b0013:44829] [14] /workspace/hpl-linux-x86_64/xhpl[0x45be9d]
[b0013:44829] [15] /lib/x86_64-linux-gnu/libc.so.6(+0x2a1ca)[0x7f81e0c181ca]
[b0013:44829] [16] /lib/x86_64-linux-gnu/libc.so.6(__libc_start_main+0x8b)[0x7f81e0c1828b]
[b0013:44829] [17] /workspace/hpl-linux-x86_64/xhpl[0x45dafe]
[b0013:44829] *** End of error message ***
==== backtrace (tid:  42961) ====
 0  /opt/hpcx/ompi/lib/openmpi/../../../ucx/lib/libucs.so.0(ucs_handle_error+0x2e4) [0x7f04d9765774]
 1  /opt/hpcx/ompi/lib/openmpi/../../../ucx/lib/libucs.so.0(ucs_fatal_error_message+0xc2) [0x7f04d9762732]
 2  /opt/hpcx/ompi/lib/openmpi/../../../ucx/lib/libucs.so.0(ucs_fatal_error_format+0x111) [0x7f04d9762851]
 3  /opt/hpcx/ompi/lib/openmpi/../../../ucx/lib/ucx/libuct_ib.so.0(+0x2ba70) [0x7f04d81a8a70]
 4  /opt/hpcx/ompi/lib/openmpi/../../../ucx/lib/libucs.so.0(+0x28d87) [0x7f04d9756d87]
 5  /opt/hpcx/ompi/lib/openmpi/../../../ucx/lib/libucp.so.0(ucp_worker_progress+0x5a) [0x7f04d97f90ea]
 6  /opt/hpcx/ompi/lib/openmpi/mca_pml_ucx.so(mca_pml_ucx_recv+0x180) [0x7f04d989e030]
 7  /opt/hpcx/ompi/lib/libmpi.so.40(MPI_Recv+0x31) [0x7f0510b58ac1]
 8  /workspace/hpl-linux-x86_64/xhpl() [0x48254f]
 9  /workspace/hpl-linux-x86_64/xhpl() [0x481a50]
10  /workspace/hpl-linux-x86_64/xhpl() [0x4856a6]
11  /workspace/hpl-linux-x86_64/xhpl() [0x45be9d]
12  /lib/x86_64-linux-gnu/libc.so.6(+0x2a1ca) [0x7f04dbc181ca]
13  /lib/x86_64-linux-gnu/libc.so.6(__libc_start_main+0x8b) [0x7f04dbc1828b]
14  /workspace/hpl-linux-x86_64/xhpl() [0x45dafe]
=================================
[b0016:42961] *** Process received signal ***
[b0016:42961] Signal: Aborted (6)
[b0016:42961] Signal code:  (-6)
[b0016:42961] [ 0] /lib/x86_64-linux-gnu/libc.so.6(+0x45330)[0x7f04dbc33330]
[b0016:42961] [ 1] /lib/x86_64-linux-gnu/libc.so.6(pthread_kill+0x11c)[0x7f04dbc8cb2c]
[b0016:42961] [ 2] /lib/x86_64-linux-gnu/libc.so.6(gsignal+0x1e)[0x7f04dbc3327e]
[b0016:42961] [ 3] /lib/x86_64-linux-gnu/libc.so.6(abort+0xdf)[0x7f04dbc168ff]
[b0016:42961] [ 4] /opt/hpcx/ompi/lib/openmpi/../../../ucx/lib/libucs.so.0(+0x34737)[0x7f04d9762737]
[b0016:42961] [ 5] /opt/hpcx/ompi/lib/openmpi/../../../ucx/lib/libucs.so.0(ucs_fatal_error_format+0x111)[0x7f04d9762851]
[b0016:42961] [ 6] /opt/hpcx/ompi/lib/openmpi/../../../ucx/lib/ucx/libuct_ib.so.0(+0x2ba70)[0x7f04d81a8a70]
[b0016:42961] [ 7] /opt/hpcx/ompi/lib/openmpi/../../../ucx/lib/libucs.so.0(+0x28d87)[0x7f04d9756d87]
[b0016:42961] [ 8] /opt/hpcx/ompi/lib/openmpi/../../../ucx/lib/libucp.so.0(ucp_worker_progress+0x5a)[0x7f04d97f90ea]
[b0016:42961] [ 9] /opt/hpcx/ompi/lib/openmpi/mca_pml_ucx.so(mca_pml_ucx_recv+0x180)[0x7f04d989e030]
[b0016:42961] [10] /opt/hpcx/ompi/lib/libmpi.so.40(MPI_Recv+0x31)[0x7f0510b58ac1]
[b0016:42961] [11] /workspace/hpl-linux-x86_64/xhpl[0x48254f]
[b0016:42961] [12] /workspace/hpl-linux-x86_64/xhpl[0x481a50]
[b0016:42961] [13] /workspace/hpl-linux-x86_64/xhpl[0x4856a6]
[b0016:42961] [14] /workspace/hpl-linux-x86_64/xhpl[0x45be9d]
[b0016:42961] [15] /lib/x86_64-linux-gnu/libc.so.6(+0x2a1ca)[0x7f04dbc181ca]
[b0016:42961] [16] /lib/x86_64-linux-gnu/libc.so.6(__libc_start_main+0x8b)[0x7f04dbc1828b]
[b0016:42961] [17] /workspace/hpl-linux-x86_64/xhpl[0x45dafe]
[b0016:42961] *** End of error message ***
==== backtrace (tid:  41259) ====
 0  /opt/hpcx/ompi/lib/openmpi/../../../ucx/lib/libucs.so.0(ucs_handle_error+0x2e4) [0x7fd8ea641774]
 1  /opt/hpcx/ompi/lib/openmpi/../../../ucx/lib/libucs.so.0(ucs_fatal_error_message+0xc2) [0x7fd8ea63e732]
 2  /opt/hpcx/ompi/lib/openmpi/../../../ucx/lib/libucs.so.0(ucs_fatal_error_format+0x111) [0x7fd8ea63e851]
 3  /opt/hpcx/ompi/lib/openmpi/../../../ucx/lib/ucx/libuct_ib.so.0(+0x2ba70) [0x7fd8e9084a70]
 4  /opt/hpcx/ompi/lib/openmpi/../../../ucx/lib/libucs.so.0(+0x28d87) [0x7fd8ea632d87]
 5  /opt/hpcx/ompi/lib/openmpi/../../../ucx/lib/libucp.so.0(ucp_worker_progress+0x5a) [0x7fd8ea6d50ea]
 6  /opt/hpcx/ompi/lib/openmpi/mca_pml_ucx.so(mca_pml_ucx_send+0x1c7) [0x7fd8ea77b6e7]
 7  /opt/hpcx/ompi/lib/libmpi.so.40(PMPI_Send+0x33) [0x7fd9250bbbc3]
 8  /workspace/hpl-linux-x86_64/xhpl() [0x4824ea]
 9  /workspace/hpl-linux-x86_64/xhpl() [0x481a50]
10  /workspace/hpl-linux-x86_64/xhpl() [0x4856a6]
11  /workspace/hpl-linux-x86_64/xhpl() [0x45be9d]
12  /lib/x86_64-linux-gnu/libc.so.6(+0x2a1ca) [0x7fd8eca181ca]
13  /lib/x86_64-linux-gnu/libc.so.6(__libc_start_main+0x8b) [0x7fd8eca1828b]
14  /workspace/hpl-linux-x86_64/xhpl() [0x45dafe]
=================================
[b0017:41259] *** Process received signal ***
[b0017:41259] Signal: Aborted (6)
[b0017:41259] Signal code:  (-6)
[b0017:41259] [ 0] /lib/x86_64-linux-gnu/libc.so.6(+0x45330)[0x7fd8eca33330]
[b0017:41259] [ 1] /lib/x86_64-linux-gnu/libc.so.6(pthread_kill+0x11c)[0x7fd8eca8cb2c]
[b0017:41259] [ 2] /lib/x86_64-linux-gnu/libc.so.6(gsignal+0x1e)[0x7fd8eca3327e]
[b0017:41259] [ 3] /lib/x86_64-linux-gnu/libc.so.6(abort+0xdf)[0x7fd8eca168ff]
[b0017:41259] [ 4] /opt/hpcx/ompi/lib/openmpi/../../../ucx/lib/libucs.so.0(+0x34737)[0x7fd8ea63e737]
[b0017:41259] [ 5] /opt/hpcx/ompi/lib/openmpi/../../../ucx/lib/libucs.so.0(ucs_fatal_error_format+0x111)[0x7fd8ea63e851]
[b0017:41259] [ 6] /opt/hpcx/ompi/lib/openmpi/../../../ucx/lib/ucx/libuct_ib.so.0(+0x2ba70)[0x7fd8e9084a70]
[b0017:41259] [ 7] /opt/hpcx/ompi/lib/openmpi/../../../ucx/lib/libucs.so.0(+0x28d87)[0x7fd8ea632d87]
[b0017:41259] [ 8] /opt/hpcx/ompi/lib/openmpi/../../../ucx/lib/libucp.so.0(ucp_worker_progress+0x5a)[0x7fd8ea6d50ea]
[b0017:41259] [ 9] /opt/hpcx/ompi/lib/openmpi/mca_pml_ucx.so(mca_pml_ucx_send+0x1c7)[0x7fd8ea77b6e7]
[b0017:41259] [10] /opt/hpcx/ompi/lib/libmpi.so.40(PMPI_Send+0x33)[0x7fd9250bbbc3]
[b0017:41259] [11] /workspace/hpl-linux-x86_64/xhpl[0x4824ea]
[b0017:41259] [12] /workspace/hpl-linux-x86_64/xhpl[0x481a50]
[b0017:41259] [13] /workspace/hpl-linux-x86_64/xhpl[0x4856a6]
[b0017:41259] [14] /workspace/hpl-linux-x86_64/xhpl[0x45be9d]
[b0017:41259] [15] /lib/x86_64-linux-gnu/libc.so.6(+0x2a1ca)[0x7fd8eca181ca]
[b0017:41259] [16] /lib/x86_64-linux-gnu/libc.so.6(__libc_start_main+0x8b)[0x7fd8eca1828b]
[b0017:41259] [17] /workspace/hpl-linux-x86_64/xhpl[0x45dafe]
[b0017:41259] *** End of error message ***
[1775521132.607306] [b0018:40147:0]     ucp_context.c:2358 UCX  INFO  Version 1.20.0 (loaded from /opt/hpcx/ompi/lib/openmpi/../../../ucx/lib/libucp.so.0)
[1775521132.609795] [b0018:40147:f]        vfs_sock.c:63   UCX  DIAG  failed to create directory '/run/user/10009/ucx': No such file or directory
[1775521132.609799] [b0018:40147:f]        vfs_fuse.c:440  UCX  DIAG  failed to watch on '/run/user/10009/ucx/vfs.sock': Input/output error, VFS will be disabled
[1775521140.916301] [b0018:40147:0]          parser.c:2368 UCX  INFO  UCX_* env variables: UCX_TLS=rc,cuda_copy,cuda_ipc UCX_WARN_UNUSED_ENV_VARS=n UCX_LOG_LEVEL=info
[1775521140.972834] [b0018:40147:0]     ucp_context.c:2358 UCX  INFO  Version 1.20.0 (loaded from /opt/hpcx/ompi/lib/openmpi/../../../ucx/lib/libucp.so.0)
[1775521141.296964] [b0018:40147:0]      ucp_worker.c:1903 UCX  INFO    ucp_context_0 self cfg#1 tag(rc_mlx5/mlx5_0:1 rc_mlx5/mlx5_1:1 rc_mlx5/mlx5_2:1 rc_mlx5/mlx5_3:1 rc_mlx5/mlx5_4:1 rc_mlx5/mlx5_5:1 rc_mlx5/mlx5_6:1 rc_mlx5/mlx5_11:1 rc_mlx5/mlx5_12:1 rc_mlx5/mlx5_0:1 rc_mlx5/mlx5_1:1 rc_mlx5/mlx5_2:1 rc_mlx5/mlx5_3:1 rc_
[1775521141.347020] [b0018:40147:0]      ucp_worker.c:1903 UCX  INFO    ucp_context_0 intra-node cfg#2 tag(rc_mlx5/mlx5_0:1 rc_mlx5/mlx5_1:1 rc_mlx5/mlx5_2:1 rc_mlx5/mlx5_3:1 rc_mlx5/mlx5_4:1 rc_mlx5/mlx5_5:1 rc_mlx5/mlx5_6:1 rc_mlx5/mlx5_11:1 rc_mlx5/mlx5_12:1 rc_mlx5/mlx5_0:1 rc_mlx5/mlx5_1:1 rc_mlx5/mlx5_2:1 rc_mlx5/mlx5_3
[1775521141.356819] [b0018:40147:0]      ucp_worker.c:1903 UCX  INFO    ucp_context_0 intra-node cfg#3 tag(rc_mlx5/mlx5_0:1 rc_mlx5/mlx5_1:1 rc_mlx5/mlx5_2:1 rc_mlx5/mlx5_3:1 rc_mlx5/mlx5_4:1 rc_mlx5/mlx5_5:1 rc_mlx5/mlx5_6:1 rc_mlx5/mlx5_11:1 rc_mlx5/mlx5_12:1 rc_mlx5/mlx5_0:1 rc_mlx5/mlx5_1:1 rc_mlx5/mlx5_2:1 rc_mlx5/mlx5_3
[1775521172.477334] [b0018:40147:0]          ucp_ep.c:1517 UCX  DIAG  ep 0x7f7f37bc00c0: error 'Endpoint timeout' on rc_mlx5/mlx5_12:1 will not be handled since no error callback is installed
[b0018:40147:0:40147]       ud_ep.c:296  Fatal: UD endpoint 0x404de00 to <no debug data>: unhandled timeout error
[1775521132.484781] [b0015:41179:0]     ucp_context.c:2358 UCX  INFO  Version 1.20.0 (loaded from /opt/hpcx/ompi/lib/openmpi/../../../ucx/lib/libucp.so.0)
[1775521132.487446] [b0015:41179:f]        vfs_sock.c:63   UCX  DIAG  failed to create directory '/run/user/10009/ucx': No such file or directory
[1775521132.487450] [b0015:41179:f]        vfs_fuse.c:440  UCX  DIAG  failed to watch on '/run/user/10009/ucx/vfs.sock': Input/output error, VFS will be disabled
[1775521140.176913] [b0015:41179:0]          parser.c:2368 UCX  INFO  UCX_* env variables: UCX_TLS=rc,cuda_copy,cuda_ipc UCX_WARN_UNUSED_ENV_VARS=n UCX_LOG_LEVEL=info
[1775521140.975436] [b0015:41179:0]     ucp_context.c:2358 UCX  INFO  Version 1.20.0 (loaded from /opt/hpcx/ompi/lib/openmpi/../../../ucx/lib/libucp.so.0)
[1775521141.287565] [b0015:41179:0]      ucp_worker.c:1903 UCX  INFO    ucp_context_0 self cfg#1 tag(rc_mlx5/mlx5_4:1 rc_mlx5/mlx5_5:1 rc_mlx5/mlx5_6:1 rc_mlx5/mlx5_11:1 rc_mlx5/mlx5_12:1 rc_mlx5/mlx5_0:1 rc_mlx5/mlx5_1:1 rc_mlx5/mlx5_2:1 rc_mlx5/mlx5_3:1 rc_mlx5/mlx5_4:1 rc_mlx5/mlx5_5:1 rc_mlx5/mlx5_6:1 rc_mlx5/mlx5_11:1 rc
[1775521141.333321] [b0015:41179:0]      ucp_worker.c:1903 UCX  INFO    ucp_context_0 intra-node cfg#2 tag(rc_mlx5/mlx5_4:1 rc_mlx5/mlx5_5:1 rc_mlx5/mlx5_6:1 rc_mlx5/mlx5_11:1 rc_mlx5/mlx5_12:1 rc_mlx5/mlx5_0:1 rc_mlx5/mlx5_1:1 rc_mlx5/mlx5_2:1 rc_mlx5/mlx5_3:1 rc_mlx5/mlx5_4:1 rc_mlx5/mlx5_5:1 rc_mlx5/mlx5_6:1 rc_mlx5/mlx5_1
[1775521141.342628] [b0015:41179:0]      ucp_worker.c:1903 UCX  INFO    ucp_context_0 intra-node cfg#3 tag(rc_mlx5/mlx5_4:1 rc_mlx5/mlx5_5:1 rc_mlx5/mlx5_6:1 rc_mlx5/mlx5_11:1 rc_mlx5/mlx5_12:1 rc_mlx5/mlx5_0:1 rc_mlx5/mlx5_1:1 rc_mlx5/mlx5_2:1 rc_mlx5/mlx5_3:1 rc_mlx5/mlx5_4:1 rc_mlx5/mlx5_5:1 rc_mlx5/mlx5_6:1 rc_mlx5/mlx5_1
[1775521172.480148] [b0015:41179:0]          ucp_ep.c:1517 UCX  DIAG  ep 0x7f0fb847f0c0: error 'Endpoint timeout' on rc_mlx5/mlx5_3:1 will not be handled since no error callback is installed
[b0015:41179:0:41179]       ud_ep.c:296  Fatal: UD endpoint 0x3c7c820 to <no debug data>: unhandled timeout error
==== backtrace (tid:  40147) ====
 0  /opt/hpcx/ompi/lib/openmpi/../../../ucx/lib/libucs.so.0(ucs_handle_error+0x2e4) [0x7f8159e02774]
 1  /opt/hpcx/ompi/lib/openmpi/../../../ucx/lib/libucs.so.0(ucs_fatal_error_message+0xc2) [0x7f8159dff732]
 2  /opt/hpcx/ompi/lib/openmpi/../../../ucx/lib/libucs.so.0(ucs_fatal_error_format+0x111) [0x7f8159dff851]
 3  /opt/hpcx/ompi/lib/openmpi/../../../ucx/lib/ucx/libuct_ib.so.0(+0x2ba70) [0x7f8158849a70]
 4  /opt/hpcx/ompi/lib/openmpi/../../../ucx/lib/libucs.so.0(+0x28d87) [0x7f8159df3d87]
 5  /opt/hpcx/ompi/lib/openmpi/../../../ucx/lib/libucp.so.0(ucp_worker_progress+0x5a) [0x7f8159e960ea]
 6  /opt/hpcx/ompi/lib/openmpi/mca_pml_ucx.so(mca_pml_ucx_recv+0x180) [0x7f8159f3b030]
 7  /opt/hpcx/ompi/lib/libmpi.so.40(MPI_Recv+0x31) [0x7f8191158ac1]
 8  /workspace/hpl-linux-x86_64/xhpl() [0x48254f]
 9  /workspace/hpl-linux-x86_64/xhpl() [0x481a50]
10  /workspace/hpl-linux-x86_64/xhpl() [0x4856a6]
11  /workspace/hpl-linux-x86_64/xhpl() [0x45be9d]
12  /lib/x86_64-linux-gnu/libc.so.6(+0x2a1ca) [0x7f815c2181ca]
13  /lib/x86_64-linux-gnu/libc.so.6(__libc_start_main+0x8b) [0x7f815c21828b]
14  /workspace/hpl-linux-x86_64/xhpl() [0x45dafe]
=================================
[b0018:40147] *** Process received signal ***
[b0018:40147] Signal: Aborted (6)
[b0018:40147] Signal code:  (-6)
[b0018:40147] [ 0] /lib/x86_64-linux-gnu/libc.so.6(+0x45330)[0x7f815c233330]
[b0018:40147] [ 1] /lib/x86_64-linux-gnu/libc.so.6(pthread_kill+0x11c)[0x7f815c28cb2c]
[b0018:40147] [ 2] /lib/x86_64-linux-gnu/libc.so.6(gsignal+0x1e)[0x7f815c23327e]
[b0018:40147] [ 3] /lib/x86_64-linux-gnu/libc.so.6(abort+0xdf)[0x7f815c2168ff]
[b0018:40147] [ 4] /opt/hpcx/ompi/lib/openmpi/../../../ucx/lib/libucs.so.0(+0x34737)[0x7f8159dff737]
[b0018:40147] [ 5] /opt/hpcx/ompi/lib/openmpi/../../../ucx/lib/libucs.so.0(ucs_fatal_error_format+0x111)[0x7f8159dff851]
[b0018:40147] [ 6] /opt/hpcx/ompi/lib/openmpi/../../../ucx/lib/ucx/libuct_ib.so.0(+0x2ba70)[0x7f8158849a70]
[b0018:40147] [ 7] /opt/hpcx/ompi/lib/openmpi/../../../ucx/lib/libucs.so.0(+0x28d87)[0x7f8159df3d87]
[b0018:40147] [ 8] /opt/hpcx/ompi/lib/openmpi/../../../ucx/lib/libucp.so.0(ucp_worker_progress+0x5a)[0x7f8159e960ea]
[b0018:40147] [ 9] /opt/hpcx/ompi/lib/openmpi/mca_pml_ucx.so(mca_pml_ucx_recv+0x180)[0x7f8159f3b030]
[b0018:40147] [10] /opt/hpcx/ompi/lib/libmpi.so.40(MPI_Recv+0x31)[0x7f8191158ac1]
[b0018:40147] [11] /workspace/hpl-linux-x86_64/xhpl[0x48254f]
[b0018:40147] [12] /workspace/hpl-linux-x86_64/xhpl[0x481a50]
[b0018:40147] [13] /workspace/hpl-linux-x86_64/xhpl[0x4856a6]
[b0018:40147] [14] /workspace/hpl-linux-x86_64/xhpl[0x45be9d]
[b0018:40147] [15] /lib/x86_64-linux-gnu/libc.so.6(+0x2a1ca)[0x7f815c2181ca]
[b0018:40147] [16] /lib/x86_64-linux-gnu/libc.so.6(__libc_start_main+0x8b)[0x7f815c21828b]
[b0018:40147] [17] /workspace/hpl-linux-x86_64/xhpl[0x45dafe]
[b0018:40147] *** End of error message ***
==== backtrace (tid:  41179) ====
 0  /opt/hpcx/ompi/lib/openmpi/../../../ucx/lib/libucs.so.0(ucs_handle_error+0x2e4) [0x7f11da69e774]
 1  /opt/hpcx/ompi/lib/openmpi/../../../ucx/lib/libucs.so.0(ucs_fatal_error_message+0xc2) [0x7f11da69b732]
 2  /opt/hpcx/ompi/lib/openmpi/../../../ucx/lib/libucs.so.0(ucs_fatal_error_format+0x111) [0x7f11da69b851]
 3  /opt/hpcx/ompi/lib/openmpi/../../../ucx/lib/ucx/libuct_ib.so.0(+0x2ba70) [0x7f11d90f7a70]
 4  /opt/hpcx/ompi/lib/openmpi/../../../ucx/lib/libucs.so.0(+0x28d87) [0x7f11da68fd87]
 5  /opt/hpcx/ompi/lib/openmpi/../../../ucx/lib/libucp.so.0(ucp_worker_progress+0x5a) [0x7f11da7320ea]
 6  /opt/hpcx/ompi/lib/openmpi/mca_pml_ucx.so(mca_pml_ucx_send+0x1c7) [0x7f11dcf386e7]
 7  /opt/hpcx/ompi/lib/libmpi.so.40(PMPI_Send+0x33) [0x7f1215132bc3]
 8  /workspace/hpl-linux-x86_64/xhpl() [0x4824ea]
 9  /workspace/hpl-linux-x86_64/xhpl() [0x481a50]
10  /workspace/hpl-linux-x86_64/xhpl() [0x4856a6]
11  /workspace/hpl-linux-x86_64/xhpl() [0x45be9d]
12  /lib/x86_64-linux-gnu/libc.so.6(+0x2a1ca) [0x7f11dca181ca]
13  /lib/x86_64-linux-gnu/libc.so.6(__libc_start_main+0x8b) [0x7f11dca1828b]
14  /workspace/hpl-linux-x86_64/xhpl() [0x45dafe]
=================================
[b0015:41179] *** Process received signal ***
[b0015:41179] Signal: Aborted (6)
[b0015:41179] Signal code:  (-6)
[b0015:41179] [ 0] /lib/x86_64-linux-gnu/libc.so.6(+0x45330)[0x7f11dca33330]
[1775521132.430516] [b0017:41227:0]     ucp_context.c:2358 UCX  INFO  Version 1.20.0 (loaded from /opt/hpcx/ompi/lib/openmpi/../../../ucx/lib/libucp.so.0)
[1775521132.449843] [b0017:41227:f]        vfs_sock.c:63   UCX  DIAG  failed to create directory '/run/user/10009/ucx': No such file or directory
[1775521132.449849] [b0017:41227:f]        vfs_fuse.c:440  UCX  DIAG  failed to watch on '/run/user/10009/ucx/vfs.sock': Input/output error, VFS will be disabled
[1775521140.406186] [b0017:41227:0]          parser.c:2368 UCX  INFO  UCX_* env variables: UCX_TLS=rc,cuda_copy,cuda_ipc UCX_WARN_UNUSED_ENV_VARS=n UCX_LOG_LEVEL=info
[1775521140.973525] [b0017:41227:0]     ucp_context.c:2358 UCX  INFO  Version 1.20.0 (loaded from /opt/hpcx/ompi/lib/openmpi/../../../ucx/lib/libucp.so.0)
[b0015:41179] [ 1] /lib/x86_64-linux-gnu/libc.so.6(pthread_kill+0x11c)[0x7f11dca8cb2c]
[b0015:41179] [ 2] /lib/x86_64-linux-gnu/libc.so.6(gsignal+0x1e)[0x7f11dca3327e]
[b0015:41179] [ 3] /lib/x86_64-linux-gnu/libc.so.6(abort+0xdf)[0x7f11dca168ff]
[1775521141.296354] [b0017:41227:0]      ucp_worker.c:1903 UCX  INFO    ucp_context_0 self cfg#1 tag(rc_mlx5/mlx5_0:1 rc_mlx5/mlx5_1:1 rc_mlx5/mlx5_2:1 rc_mlx5/mlx5_3:1 rc_mlx5/mlx5_4:1 rc_mlx5/mlx5_5:1 rc_mlx5/mlx5_6:1 rc_mlx5/mlx5_11:1 rc_mlx5/mlx5_12:1 rc_mlx5/mlx5_0:1 rc_mlx5/mlx5_1:1 rc_mlx5/mlx5_2:1 rc_mlx5/mlx5_3:1 rc_
[1775521141.348364] [b0017:41227:0]      ucp_worker.c:1903 UCX  INFO    ucp_context_0 intra-node cfg#2 tag(rc_mlx5/mlx5_0:1 rc_mlx5/mlx5_1:1 rc_mlx5/mlx5_2:1 rc_mlx5/mlx5_3:1 rc_mlx5/mlx5_4:1 rc_mlx5/mlx5_5:1 rc_mlx5/mlx5_6:1 rc_mlx5/mlx5_11:1 rc_mlx5/mlx5_12:1 rc_mlx5/mlx5_0:1 rc_mlx5/mlx5_1:1 rc_mlx5/mlx5_2:1 rc_mlx5/mlx5_3
[1775521141.358670] [b0017:41227:0]      ucp_worker.c:1903 UCX  INFO    ucp_context_0 intra-node cfg#3 tag(rc_mlx5/mlx5_0:1 rc_mlx5/mlx5_1:1 rc_mlx5/mlx5_2:1 rc_mlx5/mlx5_3:1 rc_mlx5/mlx5_4:1 rc_mlx5/mlx5_5:1 rc_mlx5/mlx5_6:1 rc_mlx5/mlx5_11:1 rc_mlx5/mlx5_12:1 rc_mlx5/mlx5_0:1 rc_mlx5/mlx5_1:1 rc_mlx5/mlx5_2:1 rc_mlx5/mlx5_3
[1775521172.479362] [b0017:41227:0]          ucp_ep.c:1517 UCX  DIAG  ep 0x7f6e084ec0c0: error 'Endpoint timeout' on rc_mlx5/mlx5_12:1 will not be handled since no error callback is installed
[b0017:41227:0:41227]       ud_ep.c:296  Fatal: UD endpoint 0x634aa10 to <no debug data>: unhandled timeout error
[b0015:41179] [ 4] /opt/hpcx/ompi/lib/openmpi/../../../ucx/lib/libucs.so.0(+0x34737)[0x7f11da69b737]
[b0015:41179] [ 5] /opt/hpcx/ompi/lib/openmpi/../../../ucx/lib/libucs.so.0(ucs_fatal_error_format+0x111)[0x7f11da69b851]
[b0015:41179] [ 6] /opt/hpcx/ompi/lib/openmpi/../../../ucx/lib/ucx/libuct_ib.so.0(+0x2ba70)[0x7f11d90f7a70]
[b0015:41179] [ 7] /opt/hpcx/ompi/lib/openmpi/../../../ucx/lib/libucs.so.0(+0x28d87)[0x7f11da68fd87]
[b0015:41179] [ 8] /opt/hpcx/ompi/lib/openmpi/../../../ucx/lib/libucp.so.0(ucp_worker_progress+0x5a)[0x7f11da7320ea]
[b0015:41179] [ 9] /opt/hpcx/ompi/lib/openmpi/mca_pml_ucx.so(mca_pml_ucx_send+0x1c7)[0x7f11dcf386e7]
[b0015:41179] [10] /opt/hpcx/ompi/lib/libmpi.so.40(PMPI_Send+0x33)[0x7f1215132bc3]
[b0015:41179] [11] /workspace/hpl-linux-x86_64/xhpl[0x4824ea]
[b0015:41179] [12] /workspace/hpl-linux-x86_64/xhpl[0x481a50]
[b0015:41179] [13] /workspace/hpl-linux-x86_64/xhpl[0x4856a6]
[b0015:41179] [14] /workspace/hpl-linux-x86_64/xhpl[0x45be9d]
[b0015:41179] [15] /lib/x86_64-linux-gnu/libc.so.6(+0x2a1ca)[0x7f11dca181ca]
[b0015:41179] [16] /lib/x86_64-linux-gnu/libc.so.6(__libc_start_main+0x8b)[0x7f11dca1828b]
[b0015:41179] [17] /workspace/hpl-linux-x86_64/xhpl[0x45dafe]
[b0015:41179] *** End of error message ***
==== backtrace (tid:  41227) ====
 0  /opt/hpcx/ompi/lib/openmpi/../../../ucx/lib/libucs.so.0(ucs_handle_error+0x2e4) [0x7f702a727774]
 1  /opt/hpcx/ompi/lib/openmpi/../../../ucx/lib/libucs.so.0(ucs_fatal_error_message+0xc2) [0x7f702a724732]
 2  /opt/hpcx/ompi/lib/openmpi/../../../ucx/lib/libucs.so.0(ucs_fatal_error_format+0x111) [0x7f702a724851]
 3  /opt/hpcx/ompi/lib/openmpi/../../../ucx/lib/ucx/libuct_ib.so.0(+0x2ba70) [0x7f702916ba70]
 4  /opt/hpcx/ompi/lib/openmpi/../../../ucx/lib/libucs.so.0(+0x28d87) [0x7f702a718d87]
 5  /opt/hpcx/ompi/lib/openmpi/../../../ucx/lib/libucp.so.0(ucp_worker_progress+0x5a) [0x7f702a7bb0ea]
 6  /opt/hpcx/ompi/lib/openmpi/mca_pml_ucx.so(mca_pml_ucx_recv+0x180) [0x7f702a860030]
 7  /opt/hpcx/ompi/lib/libmpi.so.40(MPI_Recv+0x31) [0x7f7061b58ac1]
 8  /workspace/hpl-linux-x86_64/xhpl() [0x48254f]
 9  /workspace/hpl-linux-x86_64/xhpl() [0x481a50]
10  /workspace/hpl-linux-x86_64/xhpl() [0x4856a6]
11  /workspace/hpl-linux-x86_64/xhpl() [0x45be9d]
12  /lib/x86_64-linux-gnu/libc.so.6(+0x2a1ca) [0x7f702cc181ca]
13  /lib/x86_64-linux-gnu/libc.so.6(__libc_start_main+0x8b) [0x7f702cc1828b]
14  /workspace/hpl-linux-x86_64/xhpl() [0x45dafe]
=================================
[b0017:41227] *** Process received signal ***
[b0017:41227] Signal: Aborted (6)
[b0017:41227] Signal code:  (-6)
[b0017:41227] [ 0] /lib/x86_64-linux-gnu/libc.so.6(+0x45330)[0x7f702cc33330]
[b0017:41227] [ 1] /lib/x86_64-linux-gnu/libc.so.6(pthread_kill+0x11c)[0x7f702cc8cb2c]
[b0017:41227] [ 2] /lib/x86_64-linux-gnu/libc.so.6(gsignal+0x1e)[0x7f702cc3327e]
[b0017:41227] [ 3] /lib/x86_64-linux-gnu/libc.so.6(abort+0xdf)[0x7f702cc168ff]
[b0017:41227] [ 4] /opt/hpcx/ompi/lib/openmpi/../../../ucx/lib/libucs.so.0(+0x34737)[0x7f702a724737]
[b0017:41227] [ 5] /opt/hpcx/ompi/lib/openmpi/../../../ucx/lib/libucs.so.0(ucs_fatal_error_format+0x111)[0x7f702a724851]
[b0017:41227] [ 6] /opt/hpcx/ompi/lib/openmpi/../../../ucx/lib/ucx/libuct_ib.so.0(+0x2ba70)[0x7f702916ba70]
[b0017:41227] [ 7] /opt/hpcx/ompi/lib/openmpi/../../../ucx/lib/libucs.so.0(+0x28d87)[0x7f702a718d87]
[b0017:41227] [ 8] /opt/hpcx/ompi/lib/openmpi/../../../ucx/lib/libucp.so.0(ucp_worker_progress+0x5a)[0x7f702a7bb0ea]
[b0017:41227] [ 9] /opt/hpcx/ompi/lib/openmpi/mca_pml_ucx.so(mca_pml_ucx_recv+0x180)[0x7f702a860030]
[b0017:41227] [10] /opt/hpcx/ompi/lib/libmpi.so.40(MPI_Recv+0x31)[0x7f7061b58ac1]
[b0017:41227] [11] /workspace/hpl-linux-x86_64/xhpl[0x48254f]
[b0017:41227] [12] /workspace/hpl-linux-x86_64/xhpl[0x481a50]
[b0017:41227] [13] /workspace/hpl-linux-x86_64/xhpl[0x4856a6]
[b0017:41227] [14] /workspace/hpl-linux-x86_64/xhpl[0x45be9d]
[b0017:41227] [15] /lib/x86_64-linux-gnu/libc.so.6(+0x2a1ca)[0x7f702cc181ca]
[b0017:41227] [16] /lib/x86_64-linux-gnu/libc.so.6(__libc_start_main+0x8b)[0x7f702cc1828b]
[b0017:41227] [17] /workspace/hpl-linux-x86_64/xhpl[0x45dafe]
[b0017:41227] *** End of error message ***
[1775521132.523605] [b0017:41331:0]     ucp_context.c:2358 UCX  INFO  Version 1.20.0 (loaded from /opt/hpcx/ompi/lib/openmpi/../../../ucx/lib/libucp.so.0)
[1775521132.526307] [b0017:41331:f]        vfs_sock.c:63   UCX  DIAG  failed to create directory '/run/user/10009/ucx': No such file or directory
[1775521132.526311] [b0017:41331:f]        vfs_fuse.c:440  UCX  DIAG  failed to watch on '/run/user/10009/ucx/vfs.sock': Input/output error, VFS will be disabled
[1775521140.663987] [b0017:41331:0]          parser.c:2368 UCX  INFO  UCX_* env variables: UCX_TLS=rc,cuda_copy,cuda_ipc UCX_WARN_UNUSED_ENV_VARS=n UCX_LOG_LEVEL=info
[1775521140.973477] [b0017:41331:0]     ucp_context.c:2358 UCX  INFO  Version 1.20.0 (loaded from /opt/hpcx/ompi/lib/openmpi/../../../ucx/lib/libucp.so.0)
[1775521141.273823] [b0017:41331:0]      ucp_worker.c:1903 UCX  INFO    ucp_context_0 self cfg#1 tag(rc_mlx5/mlx5_4:1 rc_mlx5/mlx5_5:1 rc_mlx5/mlx5_6:1 rc_mlx5/mlx5_11:1 rc_mlx5/mlx5_12:1 rc_mlx5/mlx5_0:1 rc_mlx5/mlx5_1:1 rc_mlx5/mlx5_2:1 rc_mlx5/mlx5_3:1 rc_mlx5/mlx5_4:1 rc_mlx5/mlx5_5:1 rc_mlx5/mlx5_6:1 rc_mlx5/mlx5_11:1 rc
[1775521141.319896] [b0017:41331:0]      ucp_worker.c:1903 UCX  INFO    ucp_context_0 intra-node cfg#2 tag(rc_mlx5/mlx5_4:1 rc_mlx5/mlx5_5:1 rc_mlx5/mlx5_6:1 rc_mlx5/mlx5_11:1 rc_mlx5/mlx5_12:1 rc_mlx5/mlx5_0:1 rc_mlx5/mlx5_1:1 rc_mlx5/mlx5_2:1 rc_mlx5/mlx5_3:1 rc_mlx5/mlx5_4:1 rc_mlx5/mlx5_5:1 rc_mlx5/mlx5_6:1 rc_mlx5/mlx5_1
[1775521141.329836] [b0017:41331:0]      ucp_worker.c:1903 UCX  INFO    ucp_context_0 intra-node cfg#3 tag(rc_mlx5/mlx5_4:1 rc_mlx5/mlx5_5:1 rc_mlx5/mlx5_6:1 rc_mlx5/mlx5_11:1 rc_mlx5/mlx5_12:1 rc_mlx5/mlx5_0:1 rc_mlx5/mlx5_1:1 rc_mlx5/mlx5_2:1 rc_mlx5/mlx5_3:1 rc_mlx5/mlx5_4:1 rc_mlx5/mlx5_5:1 rc_mlx5/mlx5_6:1 rc_mlx5/mlx5_1
[1775521172.481118] [b0017:41331:0]          ucp_ep.c:1517 UCX  DIAG  ep 0x7f995182b0c0: error 'Endpoint timeout' on rc_mlx5/mlx5_3:1 will not be handled since no error callback is installed
[b0017:41331:0:41331]       ud_ep.c:296  Fatal: UD endpoint 0x63908e0 to <no debug data>: unhandled timeout error
[1775521132.599376] [b0014:41607:0]     ucp_context.c:2358 UCX  INFO  Version 1.20.0 (loaded from /opt/hpcx/ompi/lib/openmpi/../../../ucx/lib/libucp.so.0)
[1775521132.602206] [b0014:41607:f]        vfs_sock.c:63   UCX  DIAG  failed to create directory '/run/user/10009/ucx': No such file or directory
[1775521132.602211] [b0014:41607:f]        vfs_fuse.c:440  UCX  DIAG  failed to watch on '/run/user/10009/ucx/vfs.sock': Input/output error, VFS will be disabled
[1775521140.618168] [b0014:41607:0]          parser.c:2368 UCX  INFO  UCX_* env variables: UCX_TLS=rc,cuda_copy,cuda_ipc UCX_WARN_UNUSED_ENV_VARS=n UCX_LOG_LEVEL=info
[1775521140.972455] [b0014:41607:0]     ucp_context.c:2358 UCX  INFO  Version 1.20.0 (loaded from /opt/hpcx/ompi/lib/openmpi/../../../ucx/lib/libucp.so.0)
[1775521141.286547] [b0014:41607:0]      ucp_worker.c:1903 UCX  INFO    ucp_context_0 self cfg#1 tag(rc_mlx5/mlx5_0:1 rc_mlx5/mlx5_1:1 rc_mlx5/mlx5_2:1 rc_mlx5/mlx5_3:1 rc_mlx5/mlx5_4:1 rc_mlx5/mlx5_5:1 rc_mlx5/mlx5_6:1 rc_mlx5/mlx5_11:1 rc_mlx5/mlx5_12:1 rc_mlx5/mlx5_0:1 rc_mlx5/mlx5_1:1 rc_mlx5/mlx5_2:1 rc_mlx5/mlx5_3:1 rc_
[1775521141.333707] [b0014:41607:0]      ucp_worker.c:1903 UCX  INFO    ucp_context_0 intra-node cfg#2 tag(rc_mlx5/mlx5_0:1 rc_mlx5/mlx5_1:1 rc_mlx5/mlx5_2:1 rc_mlx5/mlx5_3:1 rc_mlx5/mlx5_4:1 rc_mlx5/mlx5_5:1 rc_mlx5/mlx5_6:1 rc_mlx5/mlx5_11:1 rc_mlx5/mlx5_12:1 rc_mlx5/mlx5_0:1 rc_mlx5/mlx5_1:1 rc_mlx5/mlx5_2:1 rc_mlx5/mlx5_3
[1775521141.343600] [b0014:41607:0]      ucp_worker.c:1903 UCX  INFO    ucp_context_0 intra-node cfg#3 tag(rc_mlx5/mlx5_0:1 rc_mlx5/mlx5_1:1 rc_mlx5/mlx5_2:1 rc_mlx5/mlx5_3:1 rc_mlx5/mlx5_4:1 rc_mlx5/mlx5_5:1 rc_mlx5/mlx5_6:1 rc_mlx5/mlx5_11:1 rc_mlx5/mlx5_12:1 rc_mlx5/mlx5_0:1 rc_mlx5/mlx5_1:1 rc_mlx5/mlx5_2:1 rc_mlx5/mlx5_3
[1775521172.480534] [b0014:41607:0]          ucp_ep.c:1517 UCX  DIAG  ep 0x7f200a1450c0: error 'Endpoint timeout' on rc_mlx5/mlx5_12:1 will not be handled since no error callback is installed
[b0014:41607:0:41607]       ud_ep.c:296  Fatal: UD endpoint 0x4ec98e0 to <no debug data>: unhandled timeout error
[1775521132.546422] [b0017:41359:0]     ucp_context.c:2358 UCX  INFO  Version 1.20.0 (loaded from /opt/hpcx/ompi/lib/openmpi/../../../ucx/lib/libucp.so.0)
[1775521132.549048] [b0017:41359:f]        vfs_sock.c:63   UCX  DIAG  failed to create directory '/run/user/10009/ucx': No such file or directory
[1775521132.549052] [b0017:41359:f]        vfs_fuse.c:440  UCX  DIAG  failed to watch on '/run/user/10009/ucx/vfs.sock': Input/output error, VFS will be disabled
[1775521140.836218] [b0017:41359:0]          parser.c:2368 UCX  INFO  UCX_* env variables: UCX_TLS=rc,cuda_copy,cuda_ipc UCX_WARN_UNUSED_ENV_VARS=n UCX_LOG_LEVEL=info
[1775521140.973489] [b0017:41359:0]     ucp_context.c:2358 UCX  INFO  Version 1.20.0 (loaded from /opt/hpcx/ompi/lib/openmpi/../../../ucx/lib/libucp.so.0)
[1775521141.292150] [b0017:41359:0]      ucp_worker.c:1903 UCX  INFO    ucp_context_0 self cfg#1 tag(rc_mlx5/mlx5_0:1 rc_mlx5/mlx5_1:1 rc_mlx5/mlx5_2:1 rc_mlx5/mlx5_3:1 rc_mlx5/mlx5_4:1 rc_mlx5/mlx5_5:1 rc_mlx5/mlx5_6:1 rc_mlx5/mlx5_11:1 rc_mlx5/mlx5_12:1 rc_mlx5/mlx5_0:1 rc_mlx5/mlx5_1:1 rc_mlx5/mlx5_2:1 rc_mlx5/mlx5_3:1 rc_
[1775521141.346559] [b0017:41359:0]      ucp_worker.c:1903 UCX  INFO    ucp_context_0 intra-node cfg#2 tag(rc_mlx5/mlx5_0:1 rc_mlx5/mlx5_1:1 rc_mlx5/mlx5_2:1 rc_mlx5/mlx5_3:1 rc_mlx5/mlx5_4:1 rc_mlx5/mlx5_5:1 rc_mlx5/mlx5_6:1 rc_mlx5/mlx5_11:1 rc_mlx5/mlx5_12:1 rc_mlx5/mlx5_0:1 rc_mlx5/mlx5_1:1 rc_mlx5/mlx5_2:1 rc_mlx5/mlx5_3
[1775521141.356742] [b0017:41359:0]      ucp_worker.c:1903 UCX  INFO    ucp_context_0 intra-node cfg#3 tag(rc_mlx5/mlx5_0:1 rc_mlx5/mlx5_1:1 rc_mlx5/mlx5_2:1 rc_mlx5/mlx5_3:1 rc_mlx5/mlx5_4:1 rc_mlx5/mlx5_5:1 rc_mlx5/mlx5_6:1 rc_mlx5/mlx5_11:1 rc_mlx5/mlx5_12:1 rc_mlx5/mlx5_0:1 rc_mlx5/mlx5_1:1 rc_mlx5/mlx5_2:1 rc_mlx5/mlx5_3
[1775521172.481650] [b0017:41359:0]          ucp_ep.c:1517 UCX  DIAG  ep 0x7eff08ef80c0: error 'Endpoint timeout' on rc_mlx5/mlx5_12:1 will not be handled since no error callback is installed
[b0017:41359:0:41359]       ud_ep.c:296  Fatal: UD endpoint 0x4767820 to <no debug data>: unhandled timeout error
==== backtrace (tid:  41331) ====
 0  /opt/hpcx/ompi/lib/openmpi/../../../ucx/lib/libucs.so.0(ucs_handle_error+0x2e4) [0x7f9b74059774]
 1  /opt/hpcx/ompi/lib/openmpi/../../../ucx/lib/libucs.so.0(ucs_fatal_error_message+0xc2) [0x7f9b74056732]
 2  /opt/hpcx/ompi/lib/openmpi/../../../ucx/lib/libucs.so.0(ucs_fatal_error_format+0x111) [0x7f9b74056851]
 3  /opt/hpcx/ompi/lib/openmpi/../../../ucx/lib/ucx/libuct_ib.so.0(+0x2ba70) [0x7f9b6c06ba70]
 4  /opt/hpcx/ompi/lib/openmpi/../../../ucx/lib/libucs.so.0(+0x28d87) [0x7f9b7404ad87]
 5  /opt/hpcx/ompi/lib/openmpi/../../../ucx/lib/libucp.so.0(ucp_worker_progress+0x5a) [0x7f9b6fa5d0ea]
 6  /opt/hpcx/ompi/lib/openmpi/mca_pml_ucx.so(mca_pml_ucx_send+0x1c7) [0x7f9b7409c6e7]
 7  /opt/hpcx/ompi/lib/libmpi.so.40(PMPI_Send+0x33) [0x7f9bae4dcbc3]
 8  /workspace/hpl-linux-x86_64/xhpl() [0x4824ea]
 9  /workspace/hpl-linux-x86_64/xhpl() [0x481a50]
10  /workspace/hpl-linux-x86_64/xhpl() [0x4856a6]
11  /workspace/hpl-linux-x86_64/xhpl() [0x45be9d]
12  /lib/x86_64-linux-gnu/libc.so.6(+0x2a1ca) [0x7f9b75e181ca]
13  /lib/x86_64-linux-gnu/libc.so.6(__libc_start_main+0x8b) [0x7f9b75e1828b]
14  /workspace/hpl-linux-x86_64/xhpl() [0x45dafe]
=================================
[b0017:41331] *** Process received signal ***
[b0017:41331] Signal: Aborted (6)
[b0017:41331] Signal code:  (-6)
[b0017:41331] [ 0] /lib/x86_64-linux-gnu/libc.so.6(+0x45330)[0x7f9b75e33330]
[b0017:41331] [ 1] /lib/x86_64-linux-gnu/libc.so.6(pthread_kill+0x11c)[0x7f9b75e8cb2c]
[b0017:41331] [ 2] /lib/x86_64-linux-gnu/libc.so.6(gsignal+0x1e)[0x7f9b75e3327e]
[b0017:41331] [ 3] /lib/x86_64-linux-gnu/libc.so.6(abort+0xdf)[0x7f9b75e168ff]
[b0017:41331] [ 4] /opt/hpcx/ompi/lib/openmpi/../../../ucx/lib/libucs.so.0(+0x34737)[0x7f9b74056737]
[b0017:41331] [ 5] /opt/hpcx/ompi/lib/openmpi/../../../ucx/lib/libucs.so.0(ucs_fatal_error_format+0x111)[0x7f9b74056851]
[b0017:41331] [ 6] /opt/hpcx/ompi/lib/openmpi/../../../ucx/lib/ucx/libuct_ib.so.0(+0x2ba70)[0x7f9b6c06ba70]
[b0017:41331] [ 7] /opt/hpcx/ompi/lib/openmpi/../../../ucx/lib/libucs.so.0(+0x28d87)[0x7f9b7404ad87]
[b0017:41331] [ 8] /opt/hpcx/ompi/lib/openmpi/../../../ucx/lib/libucp.so.0(ucp_worker_progress+0x5a)[0x7f9b6fa5d0ea]
[b0017:41331] [ 9] /opt/hpcx/ompi/lib/openmpi/mca_pml_ucx.so(mca_pml_ucx_send+0x1c7)[0x7f9b7409c6e7]
[b0017:41331] [10] /opt/hpcx/ompi/lib/libmpi.so.40(PMPI_Send+0x33)[0x7f9bae4dcbc3]
[b0017:41331] [11] /workspace/hpl-linux-x86_64/xhpl[0x4824ea]
[b0017:41331] [12] /workspace/hpl-linux-x86_64/xhpl[0x481a50]
[b0017:41331] [13] /workspace/hpl-linux-x86_64/xhpl[0x4856a6]
[b0017:41331] [14] /workspace/hpl-linux-x86_64/xhpl[0x45be9d]
[b0017:41331] [15] /lib/x86_64-linux-gnu/libc.so.6(+0x2a1ca)[0x7f9b75e181ca]
[b0017:41331] [16] /lib/x86_64-linux-gnu/libc.so.6(__libc_start_main+0x8b)[0x7f9b75e1828b]
[b0017:41331] [17] /workspace/hpl-linux-x86_64/xhpl[0x45dafe]
[b0017:41331] *** End of error message ***
==== backtrace (tid:  41607) ====
 0  /opt/hpcx/ompi/lib/openmpi/../../../ucx/lib/libucs.so.0(ucs_handle_error+0x2e4) [0x7f222c397774]
 1  /opt/hpcx/ompi/lib/openmpi/../../../ucx/lib/libucs.so.0(ucs_fatal_error_message+0xc2) [0x7f222c394732]
 2  /opt/hpcx/ompi/lib/openmpi/../../../ucx/lib/libucs.so.0(ucs_fatal_error_format+0x111) [0x7f222c394851]
 3  /opt/hpcx/ompi/lib/openmpi/../../../ucx/lib/ucx/libuct_ib.so.0(+0x2ba70) [0x7f222c071a70]
 4  /opt/hpcx/ompi/lib/openmpi/../../../ucx/lib/libucs.so.0(+0x28d87) [0x7f222c388d87]
 5  /opt/hpcx/ompi/lib/openmpi/../../../ucx/lib/libucp.so.0(ucp_worker_progress+0x5a) [0x7f222c42b0ea]
 6  /opt/hpcx/ompi/lib/openmpi/mca_pml_ucx.so(mca_pml_ucx_recv+0x180) [0x7f222c4d0030]
 7  /opt/hpcx/ompi/lib/libmpi.so.40(MPI_Recv+0x31) [0x7f2263758ac1]
 8  /workspace/hpl-linux-x86_64/xhpl() [0x48254f]
 9  /workspace/hpl-linux-x86_64/xhpl() [0x481a50]
10  /workspace/hpl-linux-x86_64/xhpl() [0x4856a6]
11  /workspace/hpl-linux-x86_64/xhpl() [0x45be9d]
12  /lib/x86_64-linux-gnu/libc.so.6(+0x2a1ca) [0x7f222e8181ca]
13  /lib/x86_64-linux-gnu/libc.so.6(__libc_start_main+0x8b) [0x7f222e81828b]
14  /workspace/hpl-linux-x86_64/xhpl() [0x45dafe]
=================================
[b0014:41607] *** Process received signal ***
[b0014:41607] Signal: Aborted (6)
[b0014:41607] Signal code:  (-6)
[b0014:41607] [ 0] /lib/x86_64-linux-gnu/libc.so.6(+0x45330)[0x7f222e833330]
[b0014:41607] [ 1] /lib/x86_64-linux-gnu/libc.so.6(pthread_kill+0x11c)[0x7f222e88cb2c]
[b0014:41607] [ 2] /lib/x86_64-linux-gnu/libc.so.6(gsignal+0x1e)[0x7f222e83327e]
[b0014:41607] [ 3] /lib/x86_64-linux-gnu/libc.so.6(abort+0xdf)[0x7f222e8168ff]
==== backtrace (tid:  41359) ====
 0  /opt/hpcx/ompi/lib/openmpi/../../../ucx/lib/libucs.so.0(ucs_handle_error+0x2e4) [0x7f012712c774]
 1  /opt/hpcx/ompi/lib/openmpi/../../../ucx/lib/libucs.so.0(ucs_fatal_error_message+0xc2) [0x7f0127129732]
 2  /opt/hpcx/ompi/lib/openmpi/../../../ucx/lib/libucs.so.0(ucs_fatal_error_format+0x111) [0x7f0127129851]
 3  /opt/hpcx/ompi/lib/openmpi/../../../ucx/lib/ucx/libuct_ib.so.0(+0x2ba70) [0x7f012494fa70]
 4  /opt/hpcx/ompi/lib/openmpi/../../../ucx/lib/libucs.so.0(+0x28d87) [0x7f012711dd87]
 5  /opt/hpcx/ompi/lib/openmpi/../../../ucx/lib/libucp.so.0(ucp_worker_progress+0x5a) [0x7f01271c00ea]
 6  /opt/hpcx/ompi/lib/openmpi/mca_pml_ucx.so(mca_pml_ucx_recv+0x180) [0x7f0127265030]
 7  /opt/hpcx/ompi/lib/libmpi.so.40(MPI_Recv+0x31) [0x7f0162558ac1]
 8  /workspace/hpl-linux-x86_64/xhpl() [0x48254f]
 9  /workspace/hpl-linux-x86_64/xhpl() [0x481a50]
10  /workspace/hpl-linux-x86_64/xhpl() [0x4856a6]
11  /workspace/hpl-linux-x86_64/xhpl() [0x45be9d]
12  /lib/x86_64-linux-gnu/libc.so.6(+0x2a1ca) [0x7f012d6181ca]
13  /lib/x86_64-linux-gnu/libc.so.6(__libc_start_main+0x8b) [0x7f012d61828b]
14  /workspace/hpl-linux-x86_64/xhpl() [0x45dafe]
=================================
[b0014:41607] [ 4] /opt/hpcx/ompi/lib/openmpi/../../../ucx/lib/libucs.so.0(+0x34737)[0x7f222c394737]
[b0017:41359] *** Process received signal ***
[b0014:41607] [ 5] /opt/hpcx/ompi/lib/openmpi/../../../ucx/lib/libucs.so.0(ucs_fatal_error_format+0x111)[0x7f222c394851]
[b0014:41607] [ 6] /opt/hpcx/ompi/lib/openmpi/../../../ucx/lib/ucx/libuct_ib.so.0(+0x2ba70)[0x7f222c071a70]
[b0017:41359] Signal: Aborted (6)
[b0017:41359] Signal code:  (-6)
[b0014:41607] [ 7] /opt/hpcx/ompi/lib/openmpi/../../../ucx/lib/libucs.so.0(+0x28d87)[0x7f222c388d87]
[b0014:41607] [ 8] /opt/hpcx/ompi/lib/openmpi/../../../ucx/lib/libucp.so.0(ucp_worker_progress+0x5a)[0x7f222c42b0ea]
[b0014:41607] [ 9] /opt/hpcx/ompi/lib/openmpi/mca_pml_ucx.so(mca_pml_ucx_recv+0x180)[0x7f222c4d0030]
[b0014:41607] [10] /opt/hpcx/ompi/lib/libmpi.so.40(MPI_Recv+0x31)[0x7f2263758ac1]
[b0017:41359] [ 0] /lib/x86_64-linux-gnu/libc.so.6(+0x45330)[0x7f012d633330]
[b0014:41607] [11] /workspace/hpl-linux-x86_64/xhpl[0x48254f]
[b0017:41359] [ 1] /lib/x86_64-linux-gnu/libc.so.6(pthread_kill+0x11c)[0x7f012d68cb2c]
[b0014:41607] [12] /workspace/hpl-linux-x86_64/xhpl[0x481a50]
[b0014:41607] [13] /workspace/hpl-linux-x86_64/xhpl[0x4856a6]
[b0014:41607] [14] /workspace/hpl-linux-x86_64/xhpl[0x45be9d]
[b0014:41607] [15] /lib/x86_64-linux-gnu/libc.so.6(+0x2a1ca)[0x7f222e8181ca]
[b0014:41607] [16] /lib/x86_64-linux-gnu/libc.so.6(__libc_start_main+0x8b)[0x7f222e81828b]
[b0014:41607] [17] /workspace/hpl-linux-x86_64/xhpl[0x45dafe]
[b0014:41607] *** End of error message ***
[b0017:41359] [ 2] /lib/x86_64-linux-gnu/libc.so.6(gsignal+0x1e)[0x7f012d63327e]
[b0017:41359] [ 3] /lib/x86_64-linux-gnu/libc.so.6(abort+0xdf)[0x7f012d6168ff]
[b0017:41359] [ 4] /opt/hpcx/ompi/lib/openmpi/../../../ucx/lib/libucs.so.0(+0x34737)[0x7f0127129737]
[b0017:41359] [ 5] /opt/hpcx/ompi/lib/openmpi/../../../ucx/lib/libucs.so.0(ucs_fatal_error_format+0x111)[0x7f0127129851]
[b0017:41359] [ 6] /opt/hpcx/ompi/lib/openmpi/../../../ucx/lib/ucx/libuct_ib.so.0(+0x2ba70)[0x7f012494fa70]
[b0017:41359] [ 7] /opt/hpcx/ompi/lib/openmpi/../../../ucx/lib/libucs.so.0(+0x28d87)[0x7f012711dd87]
[b0017:41359] [ 8] /opt/hpcx/ompi/lib/openmpi/../../../ucx/lib/libucp.so.0(ucp_worker_progress+0x5a)[0x7f01271c00ea]
[b0017:41359] [ 9] /opt/hpcx/ompi/lib/openmpi/mca_pml_ucx.so(mca_pml_ucx_recv+0x180)[0x7f0127265030]
[b0017:41359] [10] /opt/hpcx/ompi/lib/libmpi.so.40(MPI_Recv+0x31)[0x7f0162558ac1]
[b0017:41359] [11] /workspace/hpl-linux-x86_64/xhpl[0x48254f]
[b0017:41359] [12] /workspace/hpl-linux-x86_64/xhpl[0x481a50]
[b0017:41359] [13] /workspace/hpl-linux-x86_64/xhpl[0x4856a6]
[b0017:41359] [14] /workspace/hpl-linux-x86_64/xhpl[0x45be9d]
[b0017:41359] [15] /lib/x86_64-linux-gnu/libc.so.6(+0x2a1ca)[0x7f012d6181ca]
[b0017:41359] [16] /lib/x86_64-linux-gnu/libc.so.6(__libc_start_main+0x8b)[0x7f012d61828b]
[b0017:41359] [17] /workspace/hpl-linux-x86_64/xhpl[0x45dafe]
[b0017:41359] *** End of error message ***
[1775521132.600872] [b0012:42861:0]     ucp_context.c:2358 UCX  INFO  Version 1.20.0 (loaded from /opt/hpcx/ompi/lib/openmpi/../../../ucx/lib/libucp.so.0)
[1775521132.605368] [b0012:42861:f]        vfs_sock.c:63   UCX  DIAG  failed to create directory '/run/user/10009/ucx': No such file or directory
[1775521132.605372] [b0012:42861:f]        vfs_fuse.c:440  UCX  DIAG  failed to watch on '/run/user/10009/ucx/vfs.sock': Input/output error, VFS will be disabled
[1775521140.951101] [b0012:42861:0]          parser.c:2368 UCX  INFO  UCX_* env variables: UCX_TLS=rc,cuda_copy,cuda_ipc UCX_WARN_UNUSED_ENV_VARS=n UCX_LOG_LEVEL=info
[1775521140.973035] [b0012:42861:0]     ucp_context.c:2358 UCX  INFO  Version 1.20.0 (loaded from /opt/hpcx/ompi/lib/openmpi/../../../ucx/lib/libucp.so.0)
[1775521141.287296] [b0012:42861:0]      ucp_worker.c:1903 UCX  INFO    ucp_context_0 self cfg#1 tag(rc_mlx5/mlx5_4:1 rc_mlx5/mlx5_5:1 rc_mlx5/mlx5_6:1 rc_mlx5/mlx5_11:1 rc_mlx5/mlx5_12:1 rc_mlx5/mlx5_0:1 rc_mlx5/mlx5_1:1 rc_mlx5/mlx5_2:1 rc_mlx5/mlx5_3:1 rc_mlx5/mlx5_4:1 rc_mlx5/mlx5_5:1 rc_mlx5/mlx5_6:1 rc_mlx5/mlx5_11:1 rc
[1775521141.333779] [b0012:42861:0]      ucp_worker.c:1903 UCX  INFO    ucp_context_0 intra-node cfg#2 tag(rc_mlx5/mlx5_4:1 rc_mlx5/mlx5_5:1 rc_mlx5/mlx5_6:1 rc_mlx5/mlx5_11:1 rc_mlx5/mlx5_12:1 rc_mlx5/mlx5_0:1 rc_mlx5/mlx5_1:1 rc_mlx5/mlx5_2:1 rc_mlx5/mlx5_3:1 rc_mlx5/mlx5_4:1 rc_mlx5/mlx5_5:1 rc_mlx5/mlx5_6:1 rc_mlx5/mlx5_1
[1775521141.344176] [b0012:42861:0]      ucp_worker.c:1903 UCX  INFO    ucp_context_0 intra-node cfg#3 tag(rc_mlx5/mlx5_4:1 rc_mlx5/mlx5_5:1 rc_mlx5/mlx5_6:1 rc_mlx5/mlx5_11:1 rc_mlx5/mlx5_12:1 rc_mlx5/mlx5_0:1 rc_mlx5/mlx5_1:1 rc_mlx5/mlx5_2:1 rc_mlx5/mlx5_3:1 rc_mlx5/mlx5_4:1 rc_mlx5/mlx5_5:1 rc_mlx5/mlx5_6:1 rc_mlx5/mlx5_1
[1775521172.484093] [b0012:42861:0]          ucp_ep.c:1517 UCX  DIAG  ep 0x7feb955aa0c0: error 'Endpoint timeout' on rc_mlx5/mlx5_3:1 will not be handled since no error callback is installed
[b0012:42861:0:42861]       ud_ep.c:296  Fatal: UD endpoint 0x5764e00 to <no debug data>: unhandled timeout error
==== backtrace (tid:  42861) ====
 0  /opt/hpcx/ompi/lib/openmpi/../../../ucx/lib/libucs.so.0(ucs_handle_error+0x2e4) [0x7fedb37c1774]
 1  /opt/hpcx/ompi/lib/openmpi/../../../ucx/lib/libucs.so.0(ucs_fatal_error_message+0xc2) [0x7fedb37be732]
 2  /opt/hpcx/ompi/lib/openmpi/../../../ucx/lib/libucs.so.0(ucs_fatal_error_format+0x111) [0x7fedb37be851]
 3  /opt/hpcx/ompi/lib/openmpi/../../../ucx/lib/ucx/libuct_ib.so.0(+0x2ba70) [0x7fedb1000a70]
 4  /opt/hpcx/ompi/lib/openmpi/../../../ucx/lib/libucs.so.0(+0x28d87) [0x7fedb37b2d87]
 5  /opt/hpcx/ompi/lib/openmpi/../../../ucx/lib/libucp.so.0(ucp_worker_progress+0x5a) [0x7fedb80700ea]
 6  /opt/hpcx/ompi/lib/openmpi/mca_pml_ucx.so(mca_pml_ucx_send+0x1c7) [0x7fedb81166e7]
 7  /opt/hpcx/ompi/lib/libmpi.so.40(PMPI_Send+0x33) [0x7fedeeb5abc3]
 8  /workspace/hpl-linux-x86_64/xhpl() [0x4824ea]
 9  /workspace/hpl-linux-x86_64/xhpl() [0x481a50]
10  /workspace/hpl-linux-x86_64/xhpl() [0x4856a6]
11  /workspace/hpl-linux-x86_64/xhpl() [0x45be9d]
12  /lib/x86_64-linux-gnu/libc.so.6(+0x2a1ca) [0x7fedb9c181ca]
13  /lib/x86_64-linux-gnu/libc.so.6(__libc_start_main+0x8b) [0x7fedb9c1828b]
14  /workspace/hpl-linux-x86_64/xhpl() [0x45dafe]
=================================
[b0012:42861] *** Process received signal ***
[b0012:42861] Signal: Aborted (6)
[b0012:42861] Signal code:  (-6)
[b0012:42861] [ 0] /lib/x86_64-linux-gnu/libc.so.6(+0x45330)[0x7fedb9c33330]
[b0012:42861] [ 1] /lib/x86_64-linux-gnu/libc.so.6(pthread_kill+0x11c)[0x7fedb9c8cb2c]
[b0012:42861] [ 2] /lib/x86_64-linux-gnu/libc.so.6(gsignal+0x1e)[0x7fedb9c3327e]
[b0012:42861] [ 3] /lib/x86_64-linux-gnu/libc.so.6(abort+0xdf)[0x7fedb9c168ff]
[b0012:42861] [ 4] /opt/hpcx/ompi/lib/openmpi/../../../ucx/lib/libucs.so.0(+0x34737)[0x7fedb37be737]
[b0012:42861] [ 5] /opt/hpcx/ompi/lib/openmpi/../../../ucx/lib/libucs.so.0(ucs_fatal_error_format+0x111)[0x7fedb37be851]
[b0012:42861] [ 6] /opt/hpcx/ompi/lib/openmpi/../../../ucx/lib/ucx/libuct_ib.so.0(+0x2ba70)[0x7fedb1000a70]
[b0012:42861] [ 7] /opt/hpcx/ompi/lib/openmpi/../../../ucx/lib/libucs.so.0(+0x28d87)[0x7fedb37b2d87]
[b0012:42861] [ 8] /opt/hpcx/ompi/lib/openmpi/../../../ucx/lib/libucp.so.0(ucp_worker_progress+0x5a)[0x7fedb80700ea]
[b0012:42861] [ 9] /opt/hpcx/ompi/lib/openmpi/mca_pml_ucx.so(mca_pml_ucx_send+0x1c7)[0x7fedb81166e7]
[b0012:42861] [10] /opt/hpcx/ompi/lib/libmpi.so.40(PMPI_Send+0x33)[0x7fedeeb5abc3]
[b0012:42861] [11] /workspace/hpl-linux-x86_64/xhpl[0x4824ea]
[b0012:42861] [12] /workspace/hpl-linux-x86_64/xhpl[0x481a50]
[b0012:42861] [13] /workspace/hpl-linux-x86_64/xhpl[0x4856a6]
[b0012:42861] [14] /workspace/hpl-linux-x86_64/xhpl[0x45be9d]
[b0012:42861] [15] /lib/x86_64-linux-gnu/libc.so.6(+0x2a1ca)[0x7fedb9c181ca]
[b0012:42861] [16] /lib/x86_64-linux-gnu/libc.so.6(__libc_start_main+0x8b)[0x7fedb9c1828b]
[b0012:42861] [17] /workspace/hpl-linux-x86_64/xhpl[0x45dafe]
[b0012:42861] *** End of error message ***
[1775521132.486550] [b0016:42855:0]     ucp_context.c:2358 UCX  INFO  Version 1.20.0 (loaded from /opt/hpcx/ompi/lib/openmpi/../../../ucx/lib/libucp.so.0)
[1775521132.492634] [b0016:42855:f]        vfs_sock.c:63   UCX  DIAG  failed to create directory '/run/user/10009/ucx': No such file or directory
[1775521132.492639] [b0016:42855:f]        vfs_fuse.c:440  UCX  DIAG  failed to watch on '/run/user/10009/ucx/vfs.sock': Input/output error, VFS will be disabled
[1775521140.407409] [b0016:42855:0]          parser.c:2368 UCX  INFO  UCX_* env variables: UCX_TLS=rc,cuda_copy,cuda_ipc UCX_WARN_UNUSED_ENV_VARS=n UCX_LOG_LEVEL=info
[1775521140.975035] [b0016:42855:0]     ucp_context.c:2358 UCX  INFO  Version 1.20.0 (loaded from /opt/hpcx/ompi/lib/openmpi/../../../ucx/lib/libucp.so.0)
[1775521141.298243] [b0016:42855:0]      ucp_worker.c:1903 UCX  INFO    ucp_context_0 self cfg#1 tag(rc_mlx5/mlx5_0:1 rc_mlx5/mlx5_1:1 rc_mlx5/mlx5_2:1 rc_mlx5/mlx5_3:1 rc_mlx5/mlx5_4:1 rc_mlx5/mlx5_5:1 rc_mlx5/mlx5_6:1 rc_mlx5/mlx5_11:1 rc_mlx5/mlx5_12:1 rc_mlx5/mlx5_0:1 rc_mlx5/mlx5_1:1 rc_mlx5/mlx5_2:1 rc_mlx5/mlx5_3:1 rc_
[1775521141.346592] [b0016:42855:0]      ucp_worker.c:1903 UCX  INFO    ucp_context_0 intra-node cfg#2 tag(rc_mlx5/mlx5_0:1 rc_mlx5/mlx5_1:1 rc_mlx5/mlx5_2:1 rc_mlx5/mlx5_3:1 rc_mlx5/mlx5_4:1 rc_mlx5/mlx5_5:1 rc_mlx5/mlx5_6:1 rc_mlx5/mlx5_11:1 rc_mlx5/mlx5_12:1 rc_mlx5/mlx5_0:1 rc_mlx5/mlx5_1:1 rc_mlx5/mlx5_2:1 rc_mlx5/mlx5_3
[1775521141.356832] [b0016:42855:0]      ucp_worker.c:1903 UCX  INFO    ucp_context_0 intra-node cfg#3 tag(rc_mlx5/mlx5_0:1 rc_mlx5/mlx5_1:1 rc_mlx5/mlx5_2:1 rc_mlx5/mlx5_3:1 rc_mlx5/mlx5_4:1 rc_mlx5/mlx5_5:1 rc_mlx5/mlx5_6:1 rc_mlx5/mlx5_11:1 rc_mlx5/mlx5_12:1 rc_mlx5/mlx5_0:1 rc_mlx5/mlx5_1:1 rc_mlx5/mlx5_2:1 rc_mlx5/mlx5_3
[1775521172.487449] [b0016:42855:0]          ucp_ep.c:1517 UCX  DIAG  ep 0x7fa17d60a0c0: error 'Endpoint timeout' on rc_mlx5/mlx5_12:1 will not be handled since no error callback is installed
[b0016:42855:0:42855]       ud_ep.c:296  Fatal: UD endpoint 0x58e0a10 to <no debug data>: unhandled timeout error
==== backtrace (tid:  42855) ====
 0  /opt/hpcx/ompi/lib/openmpi/../../../ucx/lib/libucs.so.0(ucs_handle_error+0x2e4) [0x7fa3a0042774]
 1  /opt/hpcx/ompi/lib/openmpi/../../../ucx/lib/libucs.so.0(ucs_fatal_error_message+0xc2) [0x7fa3a003f732]
 2  /opt/hpcx/ompi/lib/openmpi/../../../ucx/lib/libucs.so.0(ucs_fatal_error_format+0x111) [0x7fa3a003f851]
 3  /opt/hpcx/ompi/lib/openmpi/../../../ucx/lib/ucx/libuct_ib.so.0(+0x2ba70) [0x7fa399064a70]
 4  /opt/hpcx/ompi/lib/openmpi/../../../ucx/lib/libucs.so.0(+0x28d87) [0x7fa3a0033d87]
 5  /opt/hpcx/ompi/lib/openmpi/../../../ucx/lib/libucp.so.0(ucp_worker_progress+0x5a) [0x7fa3a00d60ea]
 6  /opt/hpcx/ompi/lib/openmpi/mca_pml_ucx.so(mca_pml_ucx_recv+0x180) [0x7fa3a017b030]
 7  /opt/hpcx/ompi/lib/libmpi.so.40(MPI_Recv+0x31) [0x7fa3da2baac1]
 8  /workspace/hpl-linux-x86_64/xhpl() [0x48254f]
 9  /workspace/hpl-linux-x86_64/xhpl() [0x481a50]
10  /workspace/hpl-linux-x86_64/xhpl() [0x4856a6]
11  /workspace/hpl-linux-x86_64/xhpl() [0x45be9d]
12  /lib/x86_64-linux-gnu/libc.so.6(+0x2a1ca) [0x7fa3a1c181ca]
13  /lib/x86_64-linux-gnu/libc.so.6(__libc_start_main+0x8b) [0x7fa3a1c1828b]
14  /workspace/hpl-linux-x86_64/xhpl() [0x45dafe]
=================================
[b0016:42855] *** Process received signal ***
[b0016:42855] Signal: Aborted (6)
[b0016:42855] Signal code:  (-6)
[b0016:42855] [ 0] /lib/x86_64-linux-gnu/libc.so.6(+0x45330)[0x7fa3a1c33330]
[b0016:42855] [ 1] /lib/x86_64-linux-gnu/libc.so.6(pthread_kill+0x11c)[0x7fa3a1c8cb2c]
[1775521132.546628] [b0017:41358:0]     ucp_context.c:2358 UCX  INFO  Version 1.20.0 (loaded from /opt/hpcx/ompi/lib/openmpi/../../../ucx/lib/libucp.so.0)
[1775521132.549084] [b0017:41358:f]        vfs_sock.c:63   UCX  DIAG  failed to create directory '/run/user/10009/ucx': No such file or directory
[1775521132.549088] [b0017:41358:f]        vfs_fuse.c:440  UCX  DIAG  failed to watch on '/run/user/10009/ucx/vfs.sock': Input/output error, VFS will be disabled
[1775521140.836835] [b0017:41358:0]          parser.c:2368 UCX  INFO  UCX_* env variables: UCX_TLS=rc,cuda_copy,cuda_ipc UCX_WARN_UNUSED_ENV_VARS=n UCX_LOG_LEVEL=info
[1775521140.973486] [b0017:41358:0]     ucp_context.c:2358 UCX  INFO  Version 1.20.0 (loaded from /opt/hpcx/ompi/lib/openmpi/../../../ucx/lib/libucp.so.0)
[b0016:42855] [ 2] /lib/x86_64-linux-gnu/libc.so.6(gsignal+0x1e)[0x7fa3a1c3327e]
[b0016:42855] [ 3] /lib/x86_64-linux-gnu/libc.so.6(abort+0xdf)[0x7fa3a1c168ff]
[b0016:42855] [ 4] /opt/hpcx/ompi/lib/openmpi/../../../ucx/lib/libucs.so.0(+0x34737)[0x7fa3a003f737]
[b0016:42855] [ 5] /opt/hpcx/ompi/lib/openmpi/../../../ucx/lib/libucs.so.0(ucs_fatal_error_format+0x111)[0x7fa3a003f851]
[b0016:42855] [ 6] /opt/hpcx/ompi/lib/openmpi/../../../ucx/lib/ucx/libuct_ib.so.0(+0x2ba70)[0x7fa399064a70]
[b0016:42855] [ 7] /opt/hpcx/ompi/lib/openmpi/../../../ucx/lib/libucs.so.0(+0x28d87)[0x7fa3a0033d87]
[b0016:42855] [ 8] /opt/hpcx/ompi/lib/openmpi/../../../ucx/lib/libucp.so.0(ucp_worker_progress+0x5a)[0x7fa3a00d60ea]
[b0016:42855] [ 9] /opt/hpcx/ompi/lib/openmpi/mca_pml_ucx.so(mca_pml_ucx_recv+0x180)[0x7fa3a017b030]
[b0016:42855] [10] /opt/hpcx/ompi/lib/libmpi.so.40(MPI_Recv+0x31)[0x7fa3da2baac1]
[1775521141.294593] [b0017:41358:0]      ucp_worker.c:1903 UCX  INFO    ucp_context_0 self cfg#1 tag(rc_mlx5/mlx5_0:1 rc_mlx5/mlx5_1:1 rc_mlx5/mlx5_2:1 rc_mlx5/mlx5_3:1 rc_mlx5/mlx5_4:1 rc_mlx5/mlx5_5:1 rc_mlx5/mlx5_6:1 rc_mlx5/mlx5_11:1 rc_mlx5/mlx5_12:1 rc_mlx5/mlx5_0:1 rc_mlx5/mlx5_1:1 rc_mlx5/mlx5_2:1 rc_mlx5/mlx5_3:1 rc_
[1775521141.347033] [b0017:41358:0]      ucp_worker.c:1903 UCX  INFO    ucp_context_0 intra-node cfg#2 tag(rc_mlx5/mlx5_0:1 rc_mlx5/mlx5_1:1 rc_mlx5/mlx5_2:1 rc_mlx5/mlx5_3:1 rc_mlx5/mlx5_4:1 rc_mlx5/mlx5_5:1 rc_mlx5/mlx5_6:1 rc_mlx5/mlx5_11:1 rc_mlx5/mlx5_12:1 rc_mlx5/mlx5_0:1 rc_mlx5/mlx5_1:1 rc_mlx5/mlx5_2:1 rc_mlx5/mlx5_3
[1775521141.357340] [b0017:41358:0]      ucp_worker.c:1903 UCX  INFO    ucp_context_0 intra-node cfg#3 tag(rc_mlx5/mlx5_0:1 rc_mlx5/mlx5_1:1 rc_mlx5/mlx5_2:1 rc_mlx5/mlx5_3:1 rc_mlx5/mlx5_4:1 rc_mlx5/mlx5_5:1 rc_mlx5/mlx5_6:1 rc_mlx5/mlx5_11:1 rc_mlx5/mlx5_12:1 rc_mlx5/mlx5_0:1 rc_mlx5/mlx5_1:1 rc_mlx5/mlx5_2:1 rc_mlx5/mlx5_3
[b0016:42855] [11] /workspace/hpl-linux-x86_64/xhpl[0x48254f]
[1775521172.487264] [b0017:41358:0]          ucp_ep.c:1517 UCX  DIAG  ep 0x7f76655c90c0: error 'Endpoint timeout' on rc_mlx5/mlx5_12:1 will not be handled since no error callback is installed
[b0017:41358:0:41358]       ud_ep.c:296  Fatal: UD endpoint 0x5c5e8e0 to <no debug data>: unhandled timeout error
[b0016:42855] [12] /workspace/hpl-linux-x86_64/xhpl[0x481a50]
[b0016:42855] [13] /workspace/hpl-linux-x86_64/xhpl[0x4856a6]
[b0016:42855] [14] /workspace/hpl-linux-x86_64/xhpl[0x45be9d]
[b0016:42855] [15] /lib/x86_64-linux-gnu/libc.so.6(+0x2a1ca)[0x7fa3a1c181ca]
[b0016:42855] [16] /lib/x86_64-linux-gnu/libc.so.6(__libc_start_main+0x8b)[0x7fa3a1c1828b]
[b0016:42855] [17] /workspace/hpl-linux-x86_64/xhpl[0x45dafe]
[b0016:42855] *** End of error message ***
==== backtrace (tid:  41358) ====
 0  /opt/hpcx/ompi/lib/openmpi/../../../ucx/lib/libucs.so.0(ucs_handle_error+0x2e4) [0x7f788b7c1774]
 1  /opt/hpcx/ompi/lib/openmpi/../../../ucx/lib/libucs.so.0(ucs_fatal_error_message+0xc2) [0x7f788b7be732]
 2  /opt/hpcx/ompi/lib/openmpi/../../../ucx/lib/libucs.so.0(ucs_fatal_error_format+0x111) [0x7f788b7be851]
 3  /opt/hpcx/ompi/lib/openmpi/../../../ucx/lib/ucx/libuct_ib.so.0(+0x2ba70) [0x7f788901ea70]
 4  /opt/hpcx/ompi/lib/openmpi/../../../ucx/lib/libucs.so.0(+0x28d87) [0x7f788b7b2d87]
 5  /opt/hpcx/ompi/lib/openmpi/../../../ucx/lib/libucp.so.0(ucp_worker_progress+0x5a) [0x7f78900970ea]
 6  /opt/hpcx/ompi/lib/openmpi/mca_pml_ucx.so(mca_pml_ucx_recv+0x180) [0x7f789013c030]
 7  /opt/hpcx/ompi/lib/libmpi.so.40(MPI_Recv+0x31) [0x7f78c6b58ac1]
 8  /workspace/hpl-linux-x86_64/xhpl() [0x48254f]
 9  /workspace/hpl-linux-x86_64/xhpl() [0x481a50]
10  /workspace/hpl-linux-x86_64/xhpl() [0x4856a6]
11  /workspace/hpl-linux-x86_64/xhpl() [0x45be9d]
12  /lib/x86_64-linux-gnu/libc.so.6(+0x2a1ca) [0x7f7891c181ca]
13  /lib/x86_64-linux-gnu/libc.so.6(__libc_start_main+0x8b) [0x7f7891c1828b]
14  /workspace/hpl-linux-x86_64/xhpl() [0x45dafe]
=================================
[b0017:41358] *** Process received signal ***
[b0017:41358] Signal: Aborted (6)
[b0017:41358] Signal code:  (-6)
[b0017:41358] [ 0] /lib/x86_64-linux-gnu/libc.so.6(+0x45330)[0x7f7891c33330]
[b0017:41358] [ 1] /lib/x86_64-linux-gnu/libc.so.6(pthread_kill+0x11c)[0x7f7891c8cb2c]
[1775521132.599568] [b0019:44960:0]     ucp_context.c:2358 UCX  INFO  Version 1.20.0 (loaded from /opt/hpcx/ompi/lib/openmpi/../../../ucx/lib/libucp.so.0)
[1775521132.602216] [b0019:44960:f]        vfs_sock.c:63   UCX  DIAG  failed to create directory '/run/user/10009/ucx': No such file or directory
[1775521132.602221] [b0019:44960:f]        vfs_fuse.c:440  UCX  DIAG  failed to watch on '/run/user/10009/ucx/vfs.sock': Input/output error, VFS will be disabled
[1775521140.943352] [b0019:44960:0]          parser.c:2368 UCX  INFO  UCX_* env variables: UCX_TLS=rc,cuda_copy,cuda_ipc UCX_WARN_UNUSED_ENV_VARS=n UCX_LOG_LEVEL=info
[1775521140.973965] [b0019:44960:0]     ucp_context.c:2358 UCX  INFO  Version 1.20.0 (loaded from /opt/hpcx/ompi/lib/openmpi/../../../ucx/lib/libucp.so.0)
[b0017:41358] [ 2] /lib/x86_64-linux-gnu/libc.so.6(gsignal+0x1e)[0x7f7891c3327e]
[b0017:41358] [ 3] /lib/x86_64-linux-gnu/libc.so.6(abort+0xdf)[0x7f7891c168ff]
[b0017:41358] [ 4] /opt/hpcx/ompi/lib/openmpi/../../../ucx/lib/libucs.so.0(+0x34737)[0x7f788b7be737]
[b0017:41358] [ 5] /opt/hpcx/ompi/lib/openmpi/../../../ucx/lib/libucs.so.0(ucs_fatal_error_format+0x111)[0x7f788b7be851]
[b0017:41358] [ 6] /opt/hpcx/ompi/lib/openmpi/../../../ucx/lib/ucx/libuct_ib.so.0(+0x2ba70)[0x7f788901ea70]
[b0017:41358] [ 7] /opt/hpcx/ompi/lib/openmpi/../../../ucx/lib/libucs.so.0(+0x28d87)[0x7f788b7b2d87]
[b0017:41358] [ 8] /opt/hpcx/ompi/lib/openmpi/../../../ucx/lib/libucp.so.0(ucp_worker_progress+0x5a)[0x7f78900970ea]
[1775521141.300162] [b0019:44960:0]      ucp_worker.c:1903 UCX  INFO    ucp_context_0 self cfg#1 tag(rc_mlx5/mlx5_4:1 rc_mlx5/mlx5_5:1 rc_mlx5/mlx5_6:1 rc_mlx5/mlx5_11:1 rc_mlx5/mlx5_12:1 rc_mlx5/mlx5_0:1 rc_mlx5/mlx5_1:1 rc_mlx5/mlx5_2:1 rc_mlx5/mlx5_3:1 rc_mlx5/mlx5_4:1 rc_mlx5/mlx5_5:1 rc_mlx5/mlx5_6:1 rc_mlx5/mlx5_11:1 rc
[1775521141.349463] [b0019:44960:0]      ucp_worker.c:1903 UCX  INFO    ucp_context_0 intra-node cfg#2 tag(rc_mlx5/mlx5_4:1 rc_mlx5/mlx5_5:1 rc_mlx5/mlx5_6:1 rc_mlx5/mlx5_11:1 rc_mlx5/mlx5_12:1 rc_mlx5/mlx5_0:1 rc_mlx5/mlx5_1:1 rc_mlx5/mlx5_2:1 rc_mlx5/mlx5_3:1 rc_mlx5/mlx5_4:1 rc_mlx5/mlx5_5:1 rc_mlx5/mlx5_6:1 rc_mlx5/mlx5_1
[1775521141.360139] [b0019:44960:0]      ucp_worker.c:1903 UCX  INFO    ucp_context_0 intra-node cfg#3 tag(rc_mlx5/mlx5_4:1 rc_mlx5/mlx5_5:1 rc_mlx5/mlx5_6:1 rc_mlx5/mlx5_11:1 rc_mlx5/mlx5_12:1 rc_mlx5/mlx5_0:1 rc_mlx5/mlx5_1:1 rc_mlx5/mlx5_2:1 rc_mlx5/mlx5_3:1 rc_mlx5/mlx5_4:1 rc_mlx5/mlx5_5:1 rc_mlx5/mlx5_6:1 rc_mlx5/mlx5_1
[b0017:41358] [ 9] /opt/hpcx/ompi/lib/openmpi/mca_pml_ucx.so(mca_pml_ucx_recv+0x180)[0x7f789013c030]
[1775521172.488853] [b0019:44960:0]          ucp_ep.c:1517 UCX  DIAG  ep 0x7f4eae0990c0: error 'Endpoint timeout' on rc_mlx5/mlx5_3:1 will not be handled since no error callback is installed
[b0017:41358] [10] /opt/hpcx/ompi/lib/libmpi.so.40(MPI_Recv+0x31)[0x7f78c6b58ac1]
[b0019:44960:0:44960]       ud_ep.c:296  Fatal: UD endpoint 0x488ab50 to <no debug data>: unhandled timeout error
[b0017:41358] [11] /workspace/hpl-linux-x86_64/xhpl[0x48254f]
[b0017:41358] [12] /workspace/hpl-linux-x86_64/xhpl[0x481a50]
[b0017:41358] [13] /workspace/hpl-linux-x86_64/xhpl[0x4856a6]
[b0017:41358] [14] /workspace/hpl-linux-x86_64/xhpl[0x45be9d]
[b0017:41358] [15] /lib/x86_64-linux-gnu/libc.so.6(+0x2a1ca)[0x7f7891c181ca]
[b0017:41358] [16] /lib/x86_64-linux-gnu/libc.so.6(__libc_start_main+0x8b)[0x7f7891c1828b]
[b0017:41358] [17] /workspace/hpl-linux-x86_64/xhpl[0x45dafe]
[b0017:41358] *** End of error message ***
[1775521132.598404] [b0019:44909:0]     ucp_context.c:2358 UCX  INFO  Version 1.20.0 (loaded from /opt/hpcx/ompi/lib/openmpi/../../../ucx/lib/libucp.so.0)
[1775521132.602081] [b0019:44909:f]        vfs_sock.c:63   UCX  DIAG  failed to create directory '/run/user/10009/ucx': No such file or directory
[1775521132.602086] [b0019:44909:f]        vfs_fuse.c:440  UCX  DIAG  failed to watch on '/run/user/10009/ucx/vfs.sock': Input/output error, VFS will be disabled
[1775521140.756393] [b0019:44909:0]          parser.c:2368 UCX  INFO  UCX_* env variables: UCX_TLS=rc,cuda_copy,cuda_ipc UCX_WARN_UNUSED_ENV_VARS=n UCX_LOG_LEVEL=info
[1775521140.973911] [b0019:44909:0]     ucp_context.c:2358 UCX  INFO  Version 1.20.0 (loaded from /opt/hpcx/ompi/lib/openmpi/../../../ucx/lib/libucp.so.0)
[1775521141.290517] [b0019:44909:0]      ucp_worker.c:1903 UCX  INFO    ucp_context_0 self cfg#1 tag(rc_mlx5/mlx5_0:1 rc_mlx5/mlx5_1:1 rc_mlx5/mlx5_2:1 rc_mlx5/mlx5_3:1 rc_mlx5/mlx5_4:1 rc_mlx5/mlx5_5:1 rc_mlx5/mlx5_6:1 rc_mlx5/mlx5_11:1 rc_mlx5/mlx5_12:1 rc_mlx5/mlx5_0:1 rc_mlx5/mlx5_1:1 rc_mlx5/mlx5_2:1 rc_mlx5/mlx5_3:1 rc_
[1775521141.347550] [b0019:44909:0]      ucp_worker.c:1903 UCX  INFO    ucp_context_0 intra-node cfg#2 tag(rc_mlx5/mlx5_0:1 rc_mlx5/mlx5_1:1 rc_mlx5/mlx5_2:1 rc_mlx5/mlx5_3:1 rc_mlx5/mlx5_4:1 rc_mlx5/mlx5_5:1 rc_mlx5/mlx5_6:1 rc_mlx5/mlx5_11:1 rc_mlx5/mlx5_12:1 rc_mlx5/mlx5_0:1 rc_mlx5/mlx5_1:1 rc_mlx5/mlx5_2:1 rc_mlx5/mlx5_3
[1775521141.357805] [b0019:44909:0]      ucp_worker.c:1903 UCX  INFO    ucp_context_0 intra-node cfg#3 tag(rc_mlx5/mlx5_0:1 rc_mlx5/mlx5_1:1 rc_mlx5/mlx5_2:1 rc_mlx5/mlx5_3:1 rc_mlx5/mlx5_4:1 rc_mlx5/mlx5_5:1 rc_mlx5/mlx5_6:1 rc_mlx5/mlx5_11:1 rc_mlx5/mlx5_12:1 rc_mlx5/mlx5_0:1 rc_mlx5/mlx5_1:1 rc_mlx5/mlx5_2:1 rc_mlx5/mlx5_3
[1775521172.489366] [b0019:44909:0]          ucp_ep.c:1517 UCX  DIAG  ep 0x7f57ce73f0c0: error 'Endpoint timeout' on rc_mlx5/mlx5_12:1 will not be handled since no error callback is installed
[b0019:44909:0:44909]       ud_ep.c:296  Fatal: UD endpoint 0x4fb9b90 to <no debug data>: unhandled timeout error
==== backtrace (tid:  44960) ====
 0  /opt/hpcx/ompi/lib/openmpi/../../../ucx/lib/libucs.so.0(ucs_handle_error+0x2e4) [0x7f50d02e3774]
 1  /opt/hpcx/ompi/lib/openmpi/../../../ucx/lib/libucs.so.0(ucs_fatal_error_message+0xc2) [0x7f50d02e0732]
 2  /opt/hpcx/ompi/lib/openmpi/../../../ucx/lib/libucs.so.0(ucs_fatal_error_format+0x111) [0x7f50d02e0851]
 3  /opt/hpcx/ompi/lib/openmpi/../../../ucx/lib/ucx/libuct_ib.so.0(+0x2ba70) [0x7f50d0080a70]
 4  /opt/hpcx/ompi/lib/openmpi/../../../ucx/lib/libucs.so.0(+0x28d87) [0x7f50d02d4d87]
 5  /opt/hpcx/ompi/lib/openmpi/../../../ucx/lib/libucp.so.0(ucp_worker_progress+0x5a) [0x7f50d03770ea]
 6  /opt/hpcx/ompi/lib/openmpi/mca_pml_ucx.so(mca_pml_ucx_send+0x1c7) [0x7f50d041d6e7]
 7  /opt/hpcx/ompi/lib/libmpi.so.40(PMPI_Send+0x33) [0x7f5107752bc3]
 8  /workspace/hpl-linux-x86_64/xhpl() [0x4824ea]
 9  /workspace/hpl-linux-x86_64/xhpl() [0x481a50]
10  /workspace/hpl-linux-x86_64/xhpl() [0x4856a6]
11  /workspace/hpl-linux-x86_64/xhpl() [0x45be9d]
12  /lib/x86_64-linux-gnu/libc.so.6(+0x2a1ca) [0x7f50d28181ca]
13  /lib/x86_64-linux-gnu/libc.so.6(__libc_start_main+0x8b) [0x7f50d281828b]
14  /workspace/hpl-linux-x86_64/xhpl() [0x45dafe]
=================================
[b0019:44960] *** Process received signal ***
[b0019:44960] Signal: Aborted (6)
[b0019:44960] Signal code:  (-6)
[b0019:44960] [ 0] /lib/x86_64-linux-gnu/libc.so.6(+0x45330)[0x7f50d2833330]
[b0019:44960] [ 1] /lib/x86_64-linux-gnu/libc.so.6(pthread_kill+0x11c)[0x7f50d288cb2c]
[1775521132.589297] [b0012:42829:0]     ucp_context.c:2358 UCX  INFO  Version 1.20.0 (loaded from /opt/hpcx/ompi/lib/openmpi/../../../ucx/lib/libucp.so.0)
[1775521132.591836] [b0012:42829:f]        vfs_sock.c:63   UCX  DIAG  failed to create directory '/run/user/10009/ucx': No such file or directory
[1775521132.591840] [b0012:42829:f]        vfs_fuse.c:440  UCX  DIAG  failed to watch on '/run/user/10009/ucx/vfs.sock': Input/output error, VFS will be disabled
[1775521140.527137] [b0012:42829:0]          parser.c:2368 UCX  INFO  UCX_* env variables: UCX_TLS=rc,cuda_copy,cuda_ipc UCX_WARN_UNUSED_ENV_VARS=n UCX_LOG_LEVEL=info
[1775521140.972982] [b0012:42829:0]     ucp_context.c:2358 UCX  INFO  Version 1.20.0 (loaded from /opt/hpcx/ompi/lib/openmpi/../../../ucx/lib/libucp.so.0)
[b0019:44960] [ 2] /lib/x86_64-linux-gnu/libc.so.6(gsignal+0x1e)[0x7f50d283327e]
[1775521141.297682] [b0012:42829:0]      ucp_worker.c:1903 UCX  INFO    ucp_context_0 self cfg#1 tag(rc_mlx5/mlx5_4:1 rc_mlx5/mlx5_5:1 rc_mlx5/mlx5_6:1 rc_mlx5/mlx5_11:1 rc_mlx5/mlx5_12:1 rc_mlx5/mlx5_0:1 rc_mlx5/mlx5_1:1 rc_mlx5/mlx5_2:1 rc_mlx5/mlx5_3:1 rc_mlx5/mlx5_4:1 rc_mlx5/mlx5_5:1 rc_mlx5/mlx5_6:1 rc_mlx5/mlx5_11:1 rc
[1775521141.343940] [b0012:42829:0]      ucp_worker.c:1903 UCX  INFO    ucp_context_0 intra-node cfg#2 tag(rc_mlx5/mlx5_4:1 rc_mlx5/mlx5_5:1 rc_mlx5/mlx5_6:1 rc_mlx5/mlx5_11:1 rc_mlx5/mlx5_12:1 rc_mlx5/mlx5_0:1 rc_mlx5/mlx5_1:1 rc_mlx5/mlx5_2:1 rc_mlx5/mlx5_3:1 rc_mlx5/mlx5_4:1 rc_mlx5/mlx5_5:1 rc_mlx5/mlx5_6:1 rc_mlx5/mlx5_1
[1775521141.353925] [b0012:42829:0]      ucp_worker.c:1903 UCX  INFO    ucp_context_0 intra-node cfg#3 tag(rc_mlx5/mlx5_4:1 rc_mlx5/mlx5_5:1 rc_mlx5/mlx5_6:1 rc_mlx5/mlx5_11:1 rc_mlx5/mlx5_12:1 rc_mlx5/mlx5_0:1 rc_mlx5/mlx5_1:1 rc_mlx5/mlx5_2:1 rc_mlx5/mlx5_3:1 rc_mlx5/mlx5_4:1 rc_mlx5/mlx5_5:1 rc_mlx5/mlx5_6:1 rc_mlx5/mlx5_1
[1775521172.489028] [b0012:42829:0]          ucp_ep.c:1517 UCX  DIAG  ep 0x7f2ff12b50c0: error 'Endpoint timeout' on rc_mlx5/mlx5_3:1 will not be handled since no error callback is installed
[b0012:42829:0:42829]       ud_ep.c:296  Fatal: UD endpoint 0x5f67a50 to <no debug data>: unhandled timeout error
[b0019:44960] [ 3] /lib/x86_64-linux-gnu/libc.so.6(abort+0xdf)[0x7f50d28168ff]
[b0019:44960] [ 4] /opt/hpcx/ompi/lib/openmpi/../../../ucx/lib/libucs.so.0(+0x34737)[0x7f50d02e0737]
[b0019:44960] [ 5] /opt/hpcx/ompi/lib/openmpi/../../../ucx/lib/libucs.so.0(ucs_fatal_error_format+0x111)[0x7f50d02e0851]
[b0019:44960] [ 6] /opt/hpcx/ompi/lib/openmpi/../../../ucx/lib/ucx/libuct_ib.so.0(+0x2ba70)[0x7f50d0080a70]
[b0019:44960] [ 7] /opt/hpcx/ompi/lib/openmpi/../../../ucx/lib/libucs.so.0(+0x28d87)[0x7f50d02d4d87]
[b0019:44960] [ 8] /opt/hpcx/ompi/lib/openmpi/../../../ucx/lib/libucp.so.0(ucp_worker_progress+0x5a)[0x7f50d03770ea]
[b0019:44960] [ 9] /opt/hpcx/ompi/lib/openmpi/mca_pml_ucx.so(mca_pml_ucx_send+0x1c7)[0x7f50d041d6e7]
[b0019:44960] [10] /opt/hpcx/ompi/lib/libmpi.so.40(PMPI_Send+0x33)[0x7f5107752bc3]
[b0019:44960] [11] /workspace/hpl-linux-x86_64/xhpl[0x4824ea]
[b0019:44960] [12] /workspace/hpl-linux-x86_64/xhpl[0x481a50]
[b0019:44960] [13] /workspace/hpl-linux-x86_64/xhpl[0x4856a6]
[b0019:44960] [14] /workspace/hpl-linux-x86_64/xhpl[0x45be9d]
[b0019:44960] [15] /lib/x86_64-linux-gnu/libc.so.6(+0x2a1ca)[0x7f50d28181ca]
[b0019:44960] [16] /lib/x86_64-linux-gnu/libc.so.6(__libc_start_main+0x8b)[0x7f50d281828b]
[b0019:44960] [17] /workspace/hpl-linux-x86_64/xhpl[0x45dafe]
[b0019:44960] *** End of error message ***
==== backtrace (tid:  44909) ====
 0  /opt/hpcx/ompi/lib/openmpi/../../../ucx/lib/libucs.so.0(ucs_handle_error+0x2e4) [0x7f59f097f774]
 1  /opt/hpcx/ompi/lib/openmpi/../../../ucx/lib/libucs.so.0(ucs_fatal_error_message+0xc2) [0x7f59f097c732]
 2  /opt/hpcx/ompi/lib/openmpi/../../../ucx/lib/libucs.so.0(ucs_fatal_error_format+0x111) [0x7f59f097c851]
 3  /opt/hpcx/ompi/lib/openmpi/../../../ucx/lib/ucx/libuct_ib.so.0(+0x2ba70) [0x7f59e8f7fa70]
 4  /opt/hpcx/ompi/lib/openmpi/../../../ucx/lib/libucs.so.0(+0x28d87) [0x7f59f0970d87]
 5  /opt/hpcx/ompi/lib/openmpi/../../../ucx/lib/libucp.so.0(ucp_worker_progress+0x5a) [0x7f59f0a130ea]
 6  /opt/hpcx/ompi/lib/openmpi/mca_pml_ucx.so(mca_pml_ucx_recv+0x180) [0x7f59f0ab8030]
 7  /opt/hpcx/ompi/lib/libmpi.so.40(MPI_Recv+0x31) [0x7f5a27d58ac1]
 8  /workspace/hpl-linux-x86_64/xhpl() [0x48254f]
 9  /workspace/hpl-linux-x86_64/xhpl() [0x481a50]
10  /workspace/hpl-linux-x86_64/xhpl() [0x4856a6]
11  /workspace/hpl-linux-x86_64/xhpl() [0x45be9d]
12  /lib/x86_64-linux-gnu/libc.so.6(+0x2a1ca) [0x7f59f2e181ca]
13  /lib/x86_64-linux-gnu/libc.so.6(__libc_start_main+0x8b) [0x7f59f2e1828b]
14  /workspace/hpl-linux-x86_64/xhpl() [0x45dafe]
=================================
[b0019:44909] *** Process received signal ***
[b0019:44909] Signal: Aborted (6)
[b0019:44909] Signal code:  (-6)
[b0019:44909] [ 0] /lib/x86_64-linux-gnu/libc.so.6(+0x45330)[0x7f59f2e33330]
[b0019:44909] [ 1] /lib/x86_64-linux-gnu/libc.so.6(pthread_kill+0x11c)[0x7f59f2e8cb2c]
[b0019:44909] [ 2] /lib/x86_64-linux-gnu/libc.so.6(gsignal+0x1e)[0x7f59f2e3327e]
[b0019:44909] [ 3] /lib/x86_64-linux-gnu/libc.so.6(abort+0xdf)[0x7f59f2e168ff]
[b0019:44909] [ 4] /opt/hpcx/ompi/lib/openmpi/../../../ucx/lib/libucs.so.0(+0x34737)[0x7f59f097c737]
[b0019:44909] [ 5] /opt/hpcx/ompi/lib/openmpi/../../../ucx/lib/libucs.so.0(ucs_fatal_error_format+0x111)[0x7f59f097c851]
[b0019:44909] [ 6] /opt/hpcx/ompi/lib/openmpi/../../../ucx/lib/ucx/libuct_ib.so.0(+0x2ba70)[0x7f59e8f7fa70]
[b0019:44909] [ 7] /opt/hpcx/ompi/lib/openmpi/../../../ucx/lib/libucs.so.0(+0x28d87)[0x7f59f0970d87]
[b0019:44909] [ 8] /opt/hpcx/ompi/lib/openmpi/../../../ucx/lib/libucp.so.0(ucp_worker_progress+0x5a)[0x7f59f0a130ea]
[b0019:44909] [ 9] /opt/hpcx/ompi/lib/openmpi/mca_pml_ucx.so(mca_pml_ucx_recv+0x180)[0x7f59f0ab8030]
[b0019:44909] [10] /opt/hpcx/ompi/lib/libmpi.so.40(MPI_Recv+0x31)[0x7f5a27d58ac1]
[b0019:44909] [11] /workspace/hpl-linux-x86_64/xhpl[0x48254f]
[b0019:44909] [12] /workspace/hpl-linux-x86_64/xhpl[0x481a50]
[b0019:44909] [13] /workspace/hpl-linux-x86_64/xhpl[0x4856a6]
[b0019:44909] [14] /workspace/hpl-linux-x86_64/xhpl[0x45be9d]
[b0019:44909] [15] /lib/x86_64-linux-gnu/libc.so.6(+0x2a1ca)[0x7f59f2e181ca]
[b0019:44909] [16] /lib/x86_64-linux-gnu/libc.so.6(__libc_start_main+0x8b)[0x7f59f2e1828b]
[b0019:44909] [17] /workspace/hpl-linux-x86_64/xhpl[0x45dafe]
[b0019:44909] *** End of error message ***
[1775521132.580624] [b0018:40092:0]     ucp_context.c:2358 UCX  INFO  Version 1.20.0 (loaded from /opt/hpcx/ompi/lib/openmpi/../../../ucx/lib/libucp.so.0)
[1775521132.583884] [b0018:40092:f]        vfs_sock.c:63   UCX  DIAG  failed to create directory '/run/user/10009/ucx': No such file or directory
[1775521132.583888] [b0018:40092:f]        vfs_fuse.c:440  UCX  DIAG  failed to watch on '/run/user/10009/ucx/vfs.sock': Input/output error, VFS will be disabled
[1775521140.325826] [b0018:40092:0]          parser.c:2368 UCX  INFO  UCX_* env variables: UCX_TLS=rc,cuda_copy,cuda_ipc UCX_WARN_UNUSED_ENV_VARS=n UCX_LOG_LEVEL=info
[1775521140.972909] [b0018:40092:0]     ucp_context.c:2358 UCX  INFO  Version 1.20.0 (loaded from /opt/hpcx/ompi/lib/openmpi/../../../ucx/lib/libucp.so.0)
[1775521141.299845] [b0018:40092:0]      ucp_worker.c:1903 UCX  INFO    ucp_context_0 self cfg#1 tag(rc_mlx5/mlx5_0:1 rc_mlx5/mlx5_1:1 rc_mlx5/mlx5_2:1 rc_mlx5/mlx5_3:1 rc_mlx5/mlx5_4:1 rc_mlx5/mlx5_5:1 rc_mlx5/mlx5_6:1 rc_mlx5/mlx5_11:1 rc_mlx5/mlx5_12:1 rc_mlx5/mlx5_0:1 rc_mlx5/mlx5_1:1 rc_mlx5/mlx5_2:1 rc_mlx5/mlx5_3:1 rc_
[1775521141.351892] [b0018:40092:0]      ucp_worker.c:1903 UCX  INFO    ucp_context_0 intra-node cfg#2 tag(rc_mlx5/mlx5_0:1 rc_mlx5/mlx5_1:1 rc_mlx5/mlx5_2:1 rc_mlx5/mlx5_3:1 rc_mlx5/mlx5_4:1 rc_mlx5/mlx5_5:1 rc_mlx5/mlx5_6:1 rc_mlx5/mlx5_11:1 rc_mlx5/mlx5_12:1 rc_mlx5/mlx5_0:1 rc_mlx5/mlx5_1:1 rc_mlx5/mlx5_2:1 rc_mlx5/mlx5_3
[1775521141.362011] [b0018:40092:0]      ucp_worker.c:1903 UCX  INFO    ucp_context_0 intra-node cfg#3 tag(rc_mlx5/mlx5_0:1 rc_mlx5/mlx5_1:1 rc_mlx5/mlx5_2:1 rc_mlx5/mlx5_3:1 rc_mlx5/mlx5_4:1 rc_mlx5/mlx5_5:1 rc_mlx5/mlx5_6:1 rc_mlx5/mlx5_11:1 rc_mlx5/mlx5_12:1 rc_mlx5/mlx5_0:1 rc_mlx5/mlx5_1:1 rc_mlx5/mlx5_2:1 rc_mlx5/mlx5_3
[1775521172.489920] [b0018:40092:0]          ucp_ep.c:1517 UCX  DIAG  ep 0x7f13c00540c0: error 'Endpoint timeout' on rc_mlx5/mlx5_12:1 will not be handled since no error callback is installed
[b0018:40092:0:40092]       ud_ep.c:296  Fatal: UD endpoint 0x4fcba50 to <no debug data>: unhandled timeout error
==== backtrace (tid:  42829) ====
 0  /opt/hpcx/ompi/lib/openmpi/../../../ucx/lib/libucs.so.0(ucs_handle_error+0x2e4) [0x7f320f4ea774]
 1  /opt/hpcx/ompi/lib/openmpi/../../../ucx/lib/libucs.so.0(ucs_fatal_error_message+0xc2) [0x7f320f4e7732]
 2  /opt/hpcx/ompi/lib/openmpi/../../../ucx/lib/libucs.so.0(ucs_fatal_error_format+0x111) [0x7f320f4e7851]
 3  /opt/hpcx/ompi/lib/openmpi/../../../ucx/lib/ucx/libuct_ib.so.0(+0x2ba70) [0x7f320cd0ca70]
 4  /opt/hpcx/ompi/lib/openmpi/../../../ucx/lib/libucs.so.0(+0x28d87) [0x7f320f4dbd87]
 5  /opt/hpcx/ompi/lib/openmpi/../../../ucx/lib/libucp.so.0(ucp_worker_progress+0x5a) [0x7f320f57e0ea]
 6  /opt/hpcx/ompi/lib/openmpi/mca_pml_ucx.so(mca_pml_ucx_send+0x1c7) [0x7f320f6246e7]
 7  /opt/hpcx/ompi/lib/libmpi.so.40(PMPI_Send+0x33) [0x7f324a952bc3]
 8  /workspace/hpl-linux-x86_64/xhpl() [0x4824ea]
 9  /workspace/hpl-linux-x86_64/xhpl() [0x481a50]
10  /workspace/hpl-linux-x86_64/xhpl() [0x4856a6]
11  /workspace/hpl-linux-x86_64/xhpl() [0x45be9d]
12  /lib/x86_64-linux-gnu/libc.so.6(+0x2a1ca) [0x7f3215a181ca]
13  /lib/x86_64-linux-gnu/libc.so.6(__libc_start_main+0x8b) [0x7f3215a1828b]
14  /workspace/hpl-linux-x86_64/xhpl() [0x45dafe]
=================================
[b0012:42829] *** Process received signal ***
[b0012:42829] Signal: Aborted (6)
[b0012:42829] Signal code:  (-6)
[b0012:42829] [ 0] /lib/x86_64-linux-gnu/libc.so.6(+0x45330)[0x7f3215a33330]
[b0012:42829] [ 1] /lib/x86_64-linux-gnu/libc.so.6(pthread_kill+0x11c)[0x7f3215a8cb2c]
[b0012:42829] [ 2] /lib/x86_64-linux-gnu/libc.so.6(gsignal+0x1e)[0x7f3215a3327e]
[b0012:42829] [ 3] /lib/x86_64-linux-gnu/libc.so.6(abort+0xdf)[0x7f3215a168ff]
[b0012:42829] [ 4] /opt/hpcx/ompi/lib/openmpi/../../../ucx/lib/libucs.so.0(+0x34737)[0x7f320f4e7737]
[b0012:42829] [ 5] /opt/hpcx/ompi/lib/openmpi/../../../ucx/lib/libucs.so.0(ucs_fatal_error_format+0x111)[0x7f320f4e7851]
[1775521132.616701] [b0015:41284:0]     ucp_context.c:2358 UCX  INFO  Version 1.20.0 (loaded from /opt/hpcx/ompi/lib/openmpi/../../../ucx/lib/libucp.so.0)
[1775521132.619191] [b0015:41284:f]        vfs_sock.c:63   UCX  DIAG  failed to create directory '/run/user/10009/ucx': No such file or directory
[1775521132.619196] [b0015:41284:f]        vfs_fuse.c:440  UCX  DIAG  failed to watch on '/run/user/10009/ucx/vfs.sock': Input/output error, VFS will be disabled
[1775521140.814175] [b0015:41284:0]          parser.c:2368 UCX  INFO  UCX_* env variables: UCX_TLS=rc,cuda_copy,cuda_ipc UCX_WARN_UNUSED_ENV_VARS=n UCX_LOG_LEVEL=info
[1775521140.975440] [b0015:41284:0]     ucp_context.c:2358 UCX  INFO  Version 1.20.0 (loaded from /opt/hpcx/ompi/lib/openmpi/../../../ucx/lib/libucp.so.0)
[b0012:42829] [ 6] /opt/hpcx/ompi/lib/openmpi/../../../ucx/lib/ucx/libuct_ib.so.0(+0x2ba70)[0x7f320cd0ca70]
[b0012:42829] [ 7] /opt/hpcx/ompi/lib/openmpi/../../../ucx/lib/libucs.so.0(+0x28d87)[0x7f320f4dbd87]
[b0012:42829] [ 8] /opt/hpcx/ompi/lib/openmpi/../../../ucx/lib/libucp.so.0(ucp_worker_progress+0x5a)[0x7f320f57e0ea]
[b0012:42829] [ 9] /opt/hpcx/ompi/lib/openmpi/mca_pml_ucx.so(mca_pml_ucx_send+0x1c7)[0x7f320f6246e7]
[1775521141.288187] [b0015:41284:0]      ucp_worker.c:1903 UCX  INFO    ucp_context_0 self cfg#1 tag(rc_mlx5/mlx5_0:1 rc_mlx5/mlx5_1:1 rc_mlx5/mlx5_2:1 rc_mlx5/mlx5_3:1 rc_mlx5/mlx5_4:1 rc_mlx5/mlx5_5:1 rc_mlx5/mlx5_6:1 rc_mlx5/mlx5_11:1 rc_mlx5/mlx5_12:1 rc_mlx5/mlx5_0:1 rc_mlx5/mlx5_1:1 rc_mlx5/mlx5_2:1 rc_mlx5/mlx5_3:1 rc_
[1775521141.340318] [b0015:41284:0]      ucp_worker.c:1903 UCX  INFO    ucp_context_0 intra-node cfg#2 tag(rc_mlx5/mlx5_0:1 rc_mlx5/mlx5_1:1 rc_mlx5/mlx5_2:1 rc_mlx5/mlx5_3:1 rc_mlx5/mlx5_4:1 rc_mlx5/mlx5_5:1 rc_mlx5/mlx5_6:1 rc_mlx5/mlx5_11:1 rc_mlx5/mlx5_12:1 rc_mlx5/mlx5_0:1 rc_mlx5/mlx5_1:1 rc_mlx5/mlx5_2:1 rc_mlx5/mlx5_3
[1775521141.350446] [b0015:41284:0]      ucp_worker.c:1903 UCX  INFO    ucp_context_0 intra-node cfg#3 tag(rc_mlx5/mlx5_0:1 rc_mlx5/mlx5_1:1 rc_mlx5/mlx5_2:1 rc_mlx5/mlx5_3:1 rc_mlx5/mlx5_4:1 rc_mlx5/mlx5_5:1 rc_mlx5/mlx5_6:1 rc_mlx5/mlx5_11:1 rc_mlx5/mlx5_12:1 rc_mlx5/mlx5_0:1 rc_mlx5/mlx5_1:1 rc_mlx5/mlx5_2:1 rc_mlx5/mlx5_3
[b0012:42829] [10] /opt/hpcx/ompi/lib/libmpi.so.40(PMPI_Send+0x33)[0x7f324a952bc3]
[b0012:42829] [11] /workspace/hpl-linux-x86_64/xhpl[0x4824ea]
[1775521172.492636] [b0015:41284:0]          ucp_ep.c:1517 UCX  DIAG  ep 0x7fc5b96340c0: error 'Endpoint timeout' on rc_mlx5/mlx5_12:1 will not be handled since no error callback is installed
[b0015:41284:0:41284]       ud_ep.c:296  Fatal: UD endpoint 0x61a4b50 to <no debug data>: unhandled timeout error
[b0012:42829] [12] /workspace/hpl-linux-x86_64/xhpl[0x481a50]
[b0012:42829] [13] /workspace/hpl-linux-x86_64/xhpl[0x4856a6]
[b0012:42829] [14] /workspace/hpl-linux-x86_64/xhpl[0x45be9d]
[b0012:42829] [15] /lib/x86_64-linux-gnu/libc.so.6(+0x2a1ca)[0x7f3215a181ca]
[b0012:42829] [16] /lib/x86_64-linux-gnu/libc.so.6(__libc_start_main+0x8b)[0x7f3215a1828b]
[b0012:42829] [17] /workspace/hpl-linux-x86_64/xhpl[0x45dafe]
[b0012:42829] *** End of error message ***
==== backtrace (tid:  40092) ====
 0  /opt/hpcx/ompi/lib/openmpi/../../../ucx/lib/libucs.so.0(ucs_handle_error+0x2e4) [0x7f15e2290774]
 1  /opt/hpcx/ompi/lib/openmpi/../../../ucx/lib/libucs.so.0(ucs_fatal_error_message+0xc2) [0x7f15e228d732]
 2  /opt/hpcx/ompi/lib/openmpi/../../../ucx/lib/libucs.so.0(ucs_fatal_error_format+0x111) [0x7f15e228d851]
 3  /opt/hpcx/ompi/lib/openmpi/../../../ucx/lib/ucx/libuct_ib.so.0(+0x2ba70) [0x7f15e0cd9a70]
 4  /opt/hpcx/ompi/lib/openmpi/../../../ucx/lib/libucs.so.0(+0x28d87) [0x7f15e2281d87]
 5  /opt/hpcx/ompi/lib/openmpi/../../../ucx/lib/libucp.so.0(ucp_worker_progress+0x5a) [0x7f15e23240ea]
 6  /opt/hpcx/ompi/lib/openmpi/mca_pml_ucx.so(mca_pml_ucx_recv+0x180) [0x7f15e23c9030]
 7  /opt/hpcx/ompi/lib/libmpi.so.40(MPI_Recv+0x31) [0x7f161cd0fac1]
 8  /workspace/hpl-linux-x86_64/xhpl() [0x48254f]
 9  /workspace/hpl-linux-x86_64/xhpl() [0x481a50]
10  /workspace/hpl-linux-x86_64/xhpl() [0x4856a6]
11  /workspace/hpl-linux-x86_64/xhpl() [0x45be9d]
12  /lib/x86_64-linux-gnu/libc.so.6(+0x2a1ca) [0x7f15e46181ca]
13  /lib/x86_64-linux-gnu/libc.so.6(__libc_start_main+0x8b) [0x7f15e461828b]
14  /workspace/hpl-linux-x86_64/xhpl() [0x45dafe]
=================================
[b0018:40092] *** Process received signal ***
[b0018:40092] Signal: Aborted (6)
[b0018:40092] Signal code:  (-6)
[b0018:40092] [ 0] /lib/x86_64-linux-gnu/libc.so.6(+0x45330)[0x7f15e4633330]
[b0018:40092] [ 1] /lib/x86_64-linux-gnu/libc.so.6(pthread_kill+0x11c)[0x7f15e468cb2c]
[b0018:40092] [ 2] /lib/x86_64-linux-gnu/libc.so.6(gsignal+0x1e)[0x7f15e463327e]
[b0018:40092] [ 3] /lib/x86_64-linux-gnu/libc.so.6(abort+0xdf)[0x7f15e46168ff]
[b0018:40092] [ 4] /opt/hpcx/ompi/lib/openmpi/../../../ucx/lib/libucs.so.0(+0x34737)[0x7f15e228d737]
[b0018:40092] [ 5] /opt/hpcx/ompi/lib/openmpi/../../../ucx/lib/libucs.so.0(ucs_fatal_error_format+0x111)[0x7f15e228d851]
[b0018:40092] [ 6] /opt/hpcx/ompi/lib/openmpi/../../../ucx/lib/ucx/libuct_ib.so.0(+0x2ba70)[0x7f15e0cd9a70]
[b0018:40092] [ 7] /opt/hpcx/ompi/lib/openmpi/../../../ucx/lib/libucs.so.0(+0x28d87)[0x7f15e2281d87]
[b0018:40092] [ 8] /opt/hpcx/ompi/lib/openmpi/../../../ucx/lib/libucp.so.0(ucp_worker_progress+0x5a)[0x7f15e23240ea]
[b0018:40092] [ 9] /opt/hpcx/ompi/lib/openmpi/mca_pml_ucx.so(mca_pml_ucx_recv+0x180)[0x7f15e23c9030]
[b0018:40092] [10] /opt/hpcx/ompi/lib/libmpi.so.40(MPI_Recv+0x31)[0x7f161cd0fac1]
[b0018:40092] [11] /workspace/hpl-linux-x86_64/xhpl[0x48254f]
[b0018:40092] [12] /workspace/hpl-linux-x86_64/xhpl[0x481a50]
[b0018:40092] [13] /workspace/hpl-linux-x86_64/xhpl[0x4856a6]
==== backtrace (tid:  41284) ====
 0  /opt/hpcx/ompi/lib/openmpi/../../../ucx/lib/libucs.so.0(ucs_handle_error+0x2e4) [0x7fc7dc06e774]
 1  /opt/hpcx/ompi/lib/openmpi/../../../ucx/lib/libucs.so.0(ucs_fatal_error_message+0xc2) [0x7fc7dc06b732]
 2  /opt/hpcx/ompi/lib/openmpi/../../../ucx/lib/libucs.so.0(ucs_fatal_error_format+0x111) [0x7fc7dc06b851]
 3  /opt/hpcx/ompi/lib/openmpi/../../../ucx/lib/ucx/libuct_ib.so.0(+0x2ba70) [0x7fc7d5093a70]
 4  /opt/hpcx/ompi/lib/openmpi/../../../ucx/lib/libucs.so.0(+0x28d87) [0x7fc7dc05fd87]
 5  /opt/hpcx/ompi/lib/openmpi/../../../ucx/lib/libucp.so.0(ucp_worker_progress+0x5a) [0x7fc7dc1020ea]
 6  /opt/hpcx/ompi/lib/openmpi/mca_pml_ucx.so(mca_pml_ucx_recv+0x180) [0x7fc7dc1a7030]
 7  /opt/hpcx/ompi/lib/libmpi.so.40(MPI_Recv+0x31) [0x7fc8162ebac1]
 8  /workspace/hpl-linux-x86_64/xhpl() [0x48254f]
 9  /workspace/hpl-linux-x86_64/xhpl() [0x481a50]
10  /workspace/hpl-linux-x86_64/xhpl() [0x4856a6]
11  /workspace/hpl-linux-x86_64/xhpl() [0x45be9d]
12  /lib/x86_64-linux-gnu/libc.so.6(+0x2a1ca) [0x7fc7ddc181ca]
[b0018:40092] [14] /workspace/hpl-linux-x86_64/xhpl[0x45be9d]
[b0018:40092] [15] /lib/x86_64-linux-gnu/libc.so.6(+0x2a1ca)[0x7f15e46181ca]
[b0018:40092] [16] /lib/x86_64-linux-gnu/libc.so.6(__libc_start_main+0x8b)[0x7f15e461828b]
13  /lib/x86_64-linux-gnu/libc.so.6(__libc_start_main+0x8b) [0x7fc7ddc1828b]
14  /workspace/hpl-linux-x86_64/xhpl() [0x45dafe]
=================================
[b0018:40092] [17] /workspace/hpl-linux-x86_64/xhpl[0x45dafe]
[b0018:40092] *** End of error message ***
[b0015:41284] *** Process received signal ***
[b0015:41284] Signal: Aborted (6)
[b0015:41284] Signal code:  (-6)
[b0015:41284] [ 0] /lib/x86_64-linux-gnu/libc.so.6(+0x45330)[0x7fc7ddc33330]
[b0015:41284] [ 1] /lib/x86_64-linux-gnu/libc.so.6(pthread_kill+0x11c)[0x7fc7ddc8cb2c]
[b0015:41284] [ 2] /lib/x86_64-linux-gnu/libc.so.6(gsignal+0x1e)[0x7fc7ddc3327e]
[b0015:41284] [ 3] /lib/x86_64-linux-gnu/libc.so.6(abort+0xdf)[0x7fc7ddc168ff]
[b0015:41284] [ 4] /opt/hpcx/ompi/lib/openmpi/../../../ucx/lib/libucs.so.0(+0x34737)[0x7fc7dc06b737]
[b0015:41284] [ 5] /opt/hpcx/ompi/lib/openmpi/../../../ucx/lib/libucs.so.0(ucs_fatal_error_format+0x111)[0x7fc7dc06b851]
[b0015:41284] [ 6] /opt/hpcx/ompi/lib/openmpi/../../../ucx/lib/ucx/libuct_ib.so.0(+0x2ba70)[0x7fc7d5093a70]
[b0015:41284] [ 7] /opt/hpcx/ompi/lib/openmpi/../../../ucx/lib/libucs.so.0(+0x28d87)[0x7fc7dc05fd87]
[b0015:41284] [ 8] /opt/hpcx/ompi/lib/openmpi/../../../ucx/lib/libucp.so.0(ucp_worker_progress+0x5a)[0x7fc7dc1020ea]
[b0015:41284] [ 9] /opt/hpcx/ompi/lib/openmpi/mca_pml_ucx.so(mca_pml_ucx_recv+0x180)[0x7fc7dc1a7030]
[b0015:41284] [10] /opt/hpcx/ompi/lib/libmpi.so.40(MPI_Recv+0x31)[0x7fc8162ebac1]
[b0015:41284] [11] /workspace/hpl-linux-x86_64/xhpl[0x48254f]
[b0015:41284] [12] /workspace/hpl-linux-x86_64/xhpl[0x481a50]
[b0015:41284] [13] /workspace/hpl-linux-x86_64/xhpl[0x4856a6]
[b0015:41284] [14] /workspace/hpl-linux-x86_64/xhpl[0x45be9d]
[b0015:41284] [15] /lib/x86_64-linux-gnu/libc.so.6(+0x2a1ca)[0x7fc7ddc181ca]
[b0015:41284] [16] /lib/x86_64-linux-gnu/libc.so.6(__libc_start_main+0x8b)[0x7fc7ddc1828b]
[b0015:41284] [17] /workspace/hpl-linux-x86_64/xhpl[0x45dafe]
[b0015:41284] *** End of error message ***
[1775521132.462080] [b0017:41260:0]     ucp_context.c:2358 UCX  INFO  Version 1.20.0 (loaded from /opt/hpcx/ompi/lib/openmpi/../../../ucx/lib/libucp.so.0)
[1775521132.468153] [b0017:41260:f]        vfs_sock.c:63   UCX  DIAG  failed to create directory '/run/user/10009/ucx': No such file or directory
[1775521132.468159] [b0017:41260:f]        vfs_fuse.c:440  UCX  DIAG  failed to watch on '/run/user/10009/ucx/vfs.sock': Input/output error, VFS will be disabled
[1775521140.113150] [b0017:41260:0]          parser.c:2368 UCX  INFO  UCX_* env variables: UCX_TLS=rc,cuda_copy,cuda_ipc UCX_WARN_UNUSED_ENV_VARS=n UCX_LOG_LEVEL=info
[1775521140.973517] [b0017:41260:0]     ucp_context.c:2358 UCX  INFO  Version 1.20.0 (loaded from /opt/hpcx/ompi/lib/openmpi/../../../ucx/lib/libucp.so.0)
[1775521141.296494] [b0017:41260:0]      ucp_worker.c:1903 UCX  INFO    ucp_context_0 self cfg#1 tag(rc_mlx5/mlx5_4:1 rc_mlx5/mlx5_5:1 rc_mlx5/mlx5_6:1 rc_mlx5/mlx5_11:1 rc_mlx5/mlx5_12:1 rc_mlx5/mlx5_0:1 rc_mlx5/mlx5_1:1 rc_mlx5/mlx5_2:1 rc_mlx5/mlx5_3:1 rc_mlx5/mlx5_4:1 rc_mlx5/mlx5_5:1 rc_mlx5/mlx5_6:1 rc_mlx5/mlx5_11:1 rc
[1775521141.341902] [b0017:41260:0]      ucp_worker.c:1903 UCX  INFO    ucp_context_0 intra-node cfg#2 tag(rc_mlx5/mlx5_4:1 rc_mlx5/mlx5_5:1 rc_mlx5/mlx5_6:1 rc_mlx5/mlx5_11:1 rc_mlx5/mlx5_12:1 rc_mlx5/mlx5_0:1 rc_mlx5/mlx5_1:1 rc_mlx5/mlx5_2:1 rc_mlx5/mlx5_3:1 rc_mlx5/mlx5_4:1 rc_mlx5/mlx5_5:1 rc_mlx5/mlx5_6:1 rc_mlx5/mlx5_1
[1775521141.351439] [b0017:41260:0]      ucp_worker.c:1903 UCX  INFO    ucp_context_0 intra-node cfg#3 tag(rc_mlx5/mlx5_4:1 rc_mlx5/mlx5_5:1 rc_mlx5/mlx5_6:1 rc_mlx5/mlx5_11:1 rc_mlx5/mlx5_12:1 rc_mlx5/mlx5_0:1 rc_mlx5/mlx5_1:1 rc_mlx5/mlx5_2:1 rc_mlx5/mlx5_3:1 rc_mlx5/mlx5_4:1 rc_mlx5/mlx5_5:1 rc_mlx5/mlx5_6:1 rc_mlx5/mlx5_1
[1775521172.497407] [b0017:41260:0]          ucp_ep.c:1517 UCX  DIAG  ep 0x7f3bad68c0c0: error 'Endpoint timeout' on rc_mlx5/mlx5_3:1 will not be handled since no error callback is installed
[b0017:41260:0:41260]       ud_ep.c:296  Fatal: UD endpoint 0x4e9a8e0 to <no debug data>: unhandled timeout error
==== backtrace (tid:  41260) ====
 0  /opt/hpcx/ompi/lib/openmpi/../../../ucx/lib/libucs.so.0(ucs_handle_error+0x2e4) [0x7f3dd009f774]
 1  /opt/hpcx/ompi/lib/openmpi/../../../ucx/lib/libucs.so.0(ucs_fatal_error_message+0xc2) [0x7f3dd009c732]
 2  /opt/hpcx/ompi/lib/openmpi/../../../ucx/lib/libucs.so.0(ucs_fatal_error_format+0x111) [0x7f3dd009c851]
 3  /opt/hpcx/ompi/lib/openmpi/../../../ucx/lib/ucx/libuct_ib.so.0(+0x2ba70) [0x7f3dc90e5a70]
 4  /opt/hpcx/ompi/lib/openmpi/../../../ucx/lib/libucs.so.0(+0x28d87) [0x7f3dd0090d87]
 5  /opt/hpcx/ompi/lib/openmpi/../../../ucx/lib/libucp.so.0(ucp_worker_progress+0x5a) [0x7f3dd01330ea]
 6  /opt/hpcx/ompi/lib/openmpi/mca_pml_ucx.so(mca_pml_ucx_send+0x1c7) [0x7f3dd21476e7]
 7  /opt/hpcx/ompi/lib/libmpi.so.40(PMPI_Send+0x33) [0x7f3e0a33dbc3]
 8  /workspace/hpl-linux-x86_64/xhpl() [0x4824ea]
 9  /workspace/hpl-linux-x86_64/xhpl() [0x481a50]
10  /workspace/hpl-linux-x86_64/xhpl() [0x4856a6]
11  /workspace/hpl-linux-x86_64/xhpl() [0x45be9d]
12  /lib/x86_64-linux-gnu/libc.so.6(+0x2a1ca) [0x7f3dd1c181ca]
13  /lib/x86_64-linux-gnu/libc.so.6(__libc_start_main+0x8b) [0x7f3dd1c1828b]
14  /workspace/hpl-linux-x86_64/xhpl() [0x45dafe]
=================================
[b0017:41260] *** Process received signal ***
[b0017:41260] Signal: Aborted (6)
[b0017:41260] Signal code:  (-6)
[b0017:41260] [ 0] /lib/x86_64-linux-gnu/libc.so.6(+0x45330)[0x7f3dd1c33330]
[b0017:41260] [ 1] /lib/x86_64-linux-gnu/libc.so.6(pthread_kill+0x11c)[0x7f3dd1c8cb2c]
[b0017:41260] [ 2] /lib/x86_64-linux-gnu/libc.so.6(gsignal+0x1e)[0x7f3dd1c3327e]
[b0017:41260] [ 3] /lib/x86_64-linux-gnu/libc.so.6(abort+0xdf)[0x7f3dd1c168ff]
[b0017:41260] [ 4] /opt/hpcx/ompi/lib/openmpi/../../../ucx/lib/libucs.so.0(+0x34737)[0x7f3dd009c737]
[b0017:41260] [ 5] /opt/hpcx/ompi/lib/openmpi/../../../ucx/lib/libucs.so.0(ucs_fatal_error_format+0x111)[0x7f3dd009c851]
[b0017:41260] [ 6] /opt/hpcx/ompi/lib/openmpi/../../../ucx/lib/ucx/libuct_ib.so.0(+0x2ba70)[0x7f3dc90e5a70]
[b0017:41260] [ 7] /opt/hpcx/ompi/lib/openmpi/../../../ucx/lib/libucs.so.0(+0x28d87)[0x7f3dd0090d87]
[b0017:41260] [ 8] /opt/hpcx/ompi/lib/openmpi/../../../ucx/lib/libucp.so.0(ucp_worker_progress+0x5a)[0x7f3dd01330ea]
[b0017:41260] [ 9] /opt/hpcx/ompi/lib/openmpi/mca_pml_ucx.so(mca_pml_ucx_send+0x1c7)[0x7f3dd21476e7]
[b0017:41260] [10] /opt/hpcx/ompi/lib/libmpi.so.40(PMPI_Send+0x33)[0x7f3e0a33dbc3]
[b0017:41260] [11] /workspace/hpl-linux-x86_64/xhpl[0x4824ea]
[b0017:41260] [12] /workspace/hpl-linux-x86_64/xhpl[0x481a50]
[b0017:41260] [13] /workspace/hpl-linux-x86_64/xhpl[0x4856a6]
[b0017:41260] [14] /workspace/hpl-linux-x86_64/xhpl[0x45be9d]
[b0017:41260] [15] /lib/x86_64-linux-gnu/libc.so.6(+0x2a1ca)[0x7f3dd1c181ca]
[b0017:41260] [16] /lib/x86_64-linux-gnu/libc.so.6(__libc_start_main+0x8b)[0x7f3dd1c1828b]
[b0017:41260] [17] /workspace/hpl-linux-x86_64/xhpl[0x45dafe]
[b0017:41260] *** End of error message ***
[1775521132.546416] [b0017:41348:0]     ucp_context.c:2358 UCX  INFO  Version 1.20.0 (loaded from /opt/hpcx/ompi/lib/openmpi/../../../ucx/lib/libucp.so.0)
[1775521132.548981] [b0017:41348:f]        vfs_sock.c:63   UCX  DIAG  failed to create directory '/run/user/10009/ucx': No such file or directory
[1775521132.548985] [b0017:41348:f]        vfs_fuse.c:440  UCX  DIAG  failed to watch on '/run/user/10009/ucx/vfs.sock': Input/output error, VFS will be disabled
[1775521140.836480] [b0017:41348:0]          parser.c:2368 UCX  INFO  UCX_* env variables: UCX_TLS=rc,cuda_copy,cuda_ipc UCX_WARN_UNUSED_ENV_VARS=n UCX_LOG_LEVEL=info
[1775521140.973521] [b0017:41348:0]     ucp_context.c:2358 UCX  INFO  Version 1.20.0 (loaded from /opt/hpcx/ompi/lib/openmpi/../../../ucx/lib/libucp.so.0)
[1775521141.292160] [b0017:41348:0]      ucp_worker.c:1903 UCX  INFO    ucp_context_0 self cfg#1 tag(rc_mlx5/mlx5_0:1 rc_mlx5/mlx5_1:1 rc_mlx5/mlx5_2:1 rc_mlx5/mlx5_3:1 rc_mlx5/mlx5_4:1 rc_mlx5/mlx5_5:1 rc_mlx5/mlx5_6:1 rc_mlx5/mlx5_11:1 rc_mlx5/mlx5_12:1 rc_mlx5/mlx5_0:1 rc_mlx5/mlx5_1:1 rc_mlx5/mlx5_2:1 rc_mlx5/mlx5_3:1 rc_
[1775521141.346908] [b0017:41348:0]      ucp_worker.c:1903 UCX  INFO    ucp_context_0 intra-node cfg#2 tag(rc_mlx5/mlx5_0:1 rc_mlx5/mlx5_1:1 rc_mlx5/mlx5_2:1 rc_mlx5/mlx5_3:1 rc_mlx5/mlx5_4:1 rc_mlx5/mlx5_5:1 rc_mlx5/mlx5_6:1 rc_mlx5/mlx5_11:1 rc_mlx5/mlx5_12:1 rc_mlx5/mlx5_0:1 rc_mlx5/mlx5_1:1 rc_mlx5/mlx5_2:1 rc_mlx5/mlx5_3
[1775521141.357271] [b0017:41348:0]      ucp_worker.c:1903 UCX  INFO    ucp_context_0 intra-node cfg#3 tag(rc_mlx5/mlx5_0:1 rc_mlx5/mlx5_1:1 rc_mlx5/mlx5_2:1 rc_mlx5/mlx5_3:1 rc_mlx5/mlx5_4:1 rc_mlx5/mlx5_5:1 rc_mlx5/mlx5_6:1 rc_mlx5/mlx5_11:1 rc_mlx5/mlx5_12:1 rc_mlx5/mlx5_0:1 rc_mlx5/mlx5_1:1 rc_mlx5/mlx5_2:1 rc_mlx5/mlx5_3
[1775521172.498865] [b0017:41348:0]          ucp_ep.c:1517 UCX  DIAG  ep 0x7f1ee84940c0: error 'Endpoint timeout' on rc_mlx5/mlx5_12:1 will not be handled since no error callback is installed
[b0017:41348:0:41348]       ud_ep.c:296  Fatal: UD endpoint 0x5b698e0 to <no debug data>: unhandled timeout error
==== backtrace (tid:  41348) ====
 0  /opt/hpcx/ompi/lib/openmpi/../../../ucx/lib/libucs.so.0(ucs_handle_error+0x2e4) [0x7f210a69e774]
 1  /opt/hpcx/ompi/lib/openmpi/../../../ucx/lib/libucs.so.0(ucs_fatal_error_message+0xc2) [0x7f210a69b732]
 2  /opt/hpcx/ompi/lib/openmpi/../../../ucx/lib/libucs.so.0(ucs_fatal_error_format+0x111) [0x7f210a69b851]
 3  /opt/hpcx/ompi/lib/openmpi/../../../ucx/lib/ucx/libuct_ib.so.0(+0x2ba70) [0x7f210911ca70]
 4  /opt/hpcx/ompi/lib/openmpi/../../../ucx/lib/libucs.so.0(+0x28d87) [0x7f210a68fd87]
 5  /opt/hpcx/ompi/lib/openmpi/../../../ucx/lib/libucp.so.0(ucp_worker_progress+0x5a) [0x7f210a7320ea]
 6  /opt/hpcx/ompi/lib/openmpi/mca_pml_ucx.so(mca_pml_ucx_recv+0x180) [0x7f210cf61030]
 7  /opt/hpcx/ompi/lib/libmpi.so.40(MPI_Recv+0x31) [0x7f2145157ac1]
 8  /workspace/hpl-linux-x86_64/xhpl() [0x48254f]
 9  /workspace/hpl-linux-x86_64/xhpl() [0x481a50]
10  /workspace/hpl-linux-x86_64/xhpl() [0x4856a6]
11  /workspace/hpl-linux-x86_64/xhpl() [0x45be9d]
12  /lib/x86_64-linux-gnu/libc.so.6(+0x2a1ca) [0x7f210ca181ca]
13  /lib/x86_64-linux-gnu/libc.so.6(__libc_start_main+0x8b) [0x7f210ca1828b]
14  /workspace/hpl-linux-x86_64/xhpl() [0x45dafe]
=================================
[b0017:41348] *** Process received signal ***
[b0017:41348] Signal: Aborted (6)
[b0017:41348] Signal code:  (-6)
[b0017:41348] [ 0] /lib/x86_64-linux-gnu/libc.so.6(+0x45330)[0x7f210ca33330]
[b0017:41348] [ 1] /lib/x86_64-linux-gnu/libc.so.6(pthread_kill+0x11c)[0x7f210ca8cb2c]
[b0017:41348] [ 2] /lib/x86_64-linux-gnu/libc.so.6(gsignal+0x1e)[0x7f210ca3327e]
[b0017:41348] [ 3] /lib/x86_64-linux-gnu/libc.so.6(abort+0xdf)[0x7f210ca168ff]
[b0017:41348] [ 4] /opt/hpcx/ompi/lib/openmpi/../../../ucx/lib/libucs.so.0(+0x34737)[0x7f210a69b737]
[b0017:41348] [ 5] /opt/hpcx/ompi/lib/openmpi/../../../ucx/lib/libucs.so.0(ucs_fatal_error_format+0x111)[0x7f210a69b851]
[b0017:41348] [ 6] /opt/hpcx/ompi/lib/openmpi/../../../ucx/lib/ucx/libuct_ib.so.0(+0x2ba70)[0x7f210911ca70]
[b0017:41348] [ 7] /opt/hpcx/ompi/lib/openmpi/../../../ucx/lib/libucs.so.0(+0x28d87)[0x7f210a68fd87]
[b0017:41348] [ 8] /opt/hpcx/ompi/lib/openmpi/../../../ucx/lib/libucp.so.0(ucp_worker_progress+0x5a)[0x7f210a7320ea]
[b0017:41348] [ 9] /opt/hpcx/ompi/lib/openmpi/mca_pml_ucx.so(mca_pml_ucx_recv+0x180)[0x7f210cf61030]
[b0017:41348] [10] /opt/hpcx/ompi/lib/libmpi.so.40(MPI_Recv+0x31)[0x7f2145157ac1]
[b0017:41348] [11] /workspace/hpl-linux-x86_64/xhpl[0x48254f]
[b0017:41348] [12] /workspace/hpl-linux-x86_64/xhpl[0x481a50]
[b0017:41348] [13] /workspace/hpl-linux-x86_64/xhpl[0x4856a6]
[b0017:41348] [14] /workspace/hpl-linux-x86_64/xhpl[0x45be9d]
[b0017:41348] [15] /lib/x86_64-linux-gnu/libc.so.6(+0x2a1ca)[0x7f210ca181ca]
[b0017:41348] [16] /lib/x86_64-linux-gnu/libc.so.6(__libc_start_main+0x8b)[0x7f210ca1828b]
[b0017:41348] [17] /workspace/hpl-linux-x86_64/xhpl[0x45dafe]
[b0017:41348] *** End of error message ***
[1775521132.574072] [b0012:42760:0]     ucp_context.c:2358 UCX  INFO  Version 1.20.0 (loaded from /opt/hpcx/ompi/lib/openmpi/../../../ucx/lib/libucp.so.0)
[1775521132.576795] [b0012:42760:f]        vfs_sock.c:63   UCX  DIAG  failed to create directory '/run/user/10009/ucx': No such file or directory
[1775521132.576800] [b0012:42760:f]        vfs_fuse.c:440  UCX  DIAG  failed to watch on '/run/user/10009/ucx/vfs.sock': Input/output error, VFS will be disabled
[1775521140.815957] [b0012:42760:0]          parser.c:2368 UCX  INFO  UCX_* env variables: UCX_TLS=rc,cuda_copy,cuda_ipc UCX_WARN_UNUSED_ENV_VARS=n UCX_LOG_LEVEL=info
[1775521140.973061] [b0012:42760:0]     ucp_context.c:2358 UCX  INFO  Version 1.20.0 (loaded from /opt/hpcx/ompi/lib/openmpi/../../../ucx/lib/libucp.so.0)
[1775521141.297771] [b0012:42760:0]      ucp_worker.c:1903 UCX  INFO    ucp_context_0 self cfg#1 tag(rc_mlx5/mlx5_0:1 rc_mlx5/mlx5_1:1 rc_mlx5/mlx5_2:1 rc_mlx5/mlx5_3:1 rc_mlx5/mlx5_4:1 rc_mlx5/mlx5_5:1 rc_mlx5/mlx5_6:1 rc_mlx5/mlx5_11:1 rc_mlx5/mlx5_12:1 rc_mlx5/mlx5_0:1 rc_mlx5/mlx5_1:1 rc_mlx5/mlx5_2:1 rc_mlx5/mlx5_3:1 rc_
[1775521141.354299] [b0012:42760:0]      ucp_worker.c:1903 UCX  INFO    ucp_context_0 intra-node cfg#2 tag(rc_mlx5/mlx5_0:1 rc_mlx5/mlx5_1:1 rc_mlx5/mlx5_2:1 rc_mlx5/mlx5_3:1 rc_mlx5/mlx5_4:1 rc_mlx5/mlx5_5:1 rc_mlx5/mlx5_6:1 rc_mlx5/mlx5_11:1 rc_mlx5/mlx5_12:1 rc_mlx5/mlx5_0:1 rc_mlx5/mlx5_1:1 rc_mlx5/mlx5_2:1 rc_mlx5/mlx5_3
[1775521141.364206] [b0012:42760:0]      ucp_worker.c:1903 UCX  INFO    ucp_context_0 intra-node cfg#3 tag(rc_mlx5/mlx5_0:1 rc_mlx5/mlx5_1:1 rc_mlx5/mlx5_2:1 rc_mlx5/mlx5_3:1 rc_mlx5/mlx5_4:1 rc_mlx5/mlx5_5:1 rc_mlx5/mlx5_6:1 rc_mlx5/mlx5_11:1 rc_mlx5/mlx5_12:1 rc_mlx5/mlx5_0:1 rc_mlx5/mlx5_1:1 rc_mlx5/mlx5_2:1 rc_mlx5/mlx5_3
[1775521172.499462] [b0012:42760:0]          ucp_ep.c:1517 UCX  DIAG  ep 0x7f2fa4e350c0: error 'Endpoint timeout' on rc_mlx5/mlx5_12:1 will not be handled since no error callback is installed
[b0012:42760:0:42760]       ud_ep.c:296  Fatal: UD endpoint 0x4bcdeb0 to <no debug data>: unhandled timeout error
==== backtrace (tid:  42760) ====
 0  /opt/hpcx/ompi/lib/openmpi/../../../ucx/lib/libucs.so.0(ucs_handle_error+0x2e4) [0x7f31cf07b774]
 1  /opt/hpcx/ompi/lib/openmpi/../../../ucx/lib/libucs.so.0(ucs_fatal_error_message+0xc2) [0x7f31cf078732]
 2  /opt/hpcx/ompi/lib/openmpi/../../../ucx/lib/libucs.so.0(ucs_fatal_error_format+0x111) [0x7f31cf078851]
 3  /opt/hpcx/ompi/lib/openmpi/../../../ucx/lib/ucx/libuct_ib.so.0(+0x2ba70) [0x7f31cc8a3a70]
 4  /opt/hpcx/ompi/lib/openmpi/../../../ucx/lib/libucs.so.0(+0x28d87) [0x7f31cf06cd87]
 5  /opt/hpcx/ompi/lib/openmpi/../../../ucx/lib/libucp.so.0(ucp_worker_progress+0x5a) [0x7f31cf10f0ea]
 6  /opt/hpcx/ompi/lib/openmpi/mca_pml_ucx.so(mca_pml_ucx_recv+0x180) [0x7f31cf1b4030]
 7  /opt/hpcx/ompi/lib/libmpi.so.40(MPI_Recv+0x31) [0x7f3209afcac1]
 8  /workspace/hpl-linux-x86_64/xhpl() [0x482603]
 9  /workspace/hpl-linux-x86_64/xhpl() [0x481a50]
10  /workspace/hpl-linux-x86_64/xhpl() [0x4856a6]
11  /workspace/hpl-linux-x86_64/xhpl() [0x45be9d]
12  /lib/x86_64-linux-gnu/libc.so.6(+0x2a1ca) [0x7f31d14181ca]
13  /lib/x86_64-linux-gnu/libc.so.6(__libc_start_main+0x8b) [0x7f31d141828b]
14  /workspace/hpl-linux-x86_64/xhpl() [0x45dafe]
=================================
[b0012:42760] *** Process received signal ***
[b0012:42760] Signal: Aborted (6)
[b0012:42760] Signal code:  (-6)
[b0012:42760] [ 0] /lib/x86_64-linux-gnu/libc.so.6(+0x45330)[0x7f31d1433330]
[b0012:42760] [ 1] /lib/x86_64-linux-gnu/libc.so.6(pthread_kill+0x11c)[0x7f31d148cb2c]
[b0012:42760] [ 2] /lib/x86_64-linux-gnu/libc.so.6(gsignal+0x1e)[0x7f31d143327e]
[b0012:42760] [ 3] /lib/x86_64-linux-gnu/libc.so.6(abort+0xdf)[0x7f31d14168ff]
[b0012:42760] [ 4] /opt/hpcx/ompi/lib/openmpi/../../../ucx/lib/libucs.so.0(+0x34737)[0x7f31cf078737]
[b0012:42760] [ 5] /opt/hpcx/ompi/lib/openmpi/../../../ucx/lib/libucs.so.0(ucs_fatal_error_format+0x111)[0x7f31cf078851]
[b0012:42760] [ 6] /opt/hpcx/ompi/lib/openmpi/../../../ucx/lib/ucx/libuct_ib.so.0(+0x2ba70)[0x7f31cc8a3a70]
[b0012:42760] [ 7] /opt/hpcx/ompi/lib/openmpi/../../../ucx/lib/libucs.so.0(+0x28d87)[0x7f31cf06cd87]
[b0012:42760] [ 8] /opt/hpcx/ompi/lib/openmpi/../../../ucx/lib/libucp.so.0(ucp_worker_progress+0x5a)[0x7f31cf10f0ea]
[b0012:42760] [ 9] /opt/hpcx/ompi/lib/openmpi/mca_pml_ucx.so(mca_pml_ucx_recv+0x180)[0x7f31cf1b4030]
[b0012:42760] [10] /opt/hpcx/ompi/lib/libmpi.so.40(MPI_Recv+0x31)[0x7f3209afcac1]
[b0012:42760] [11] /workspace/hpl-linux-x86_64/xhpl[0x482603]
[b0012:42760] [12] /workspace/hpl-linux-x86_64/xhpl[0x481a50]
[b0012:42760] [13] /workspace/hpl-linux-x86_64/xhpl[0x4856a6]
[b0012:42760] [14] /workspace/hpl-linux-x86_64/xhpl[0x45be9d]
[b0012:42760] [15] /lib/x86_64-linux-gnu/libc.so.6(+0x2a1ca)[0x7f31d14181ca]
[b0012:42760] [16] /lib/x86_64-linux-gnu/libc.so.6(__libc_start_main+0x8b)[0x7f31d141828b]
[b0012:42760] [17] /workspace/hpl-linux-x86_64/xhpl[0x45dafe]
[b0012:42760] *** End of error message ***
[1775521132.476482] [b0019:44841:0]     ucp_context.c:2358 UCX  INFO  Version 1.20.0 (loaded from /opt/hpcx/ompi/lib/openmpi/../../../ucx/lib/libucp.so.0)
[1775521132.479679] [b0019:44841:f]        vfs_sock.c:63   UCX  DIAG  failed to create directory '/run/user/10009/ucx': No such file or directory
[1775521132.479684] [b0019:44841:f]        vfs_fuse.c:440  UCX  DIAG  failed to watch on '/run/user/10009/ucx/vfs.sock': Input/output error, VFS will be disabled
[1775521139.949268] [b0019:44841:0]          parser.c:2368 UCX  INFO  UCX_* env variables: UCX_TLS=rc,cuda_copy,cuda_ipc UCX_WARN_UNUSED_ENV_VARS=n UCX_LOG_LEVEL=info
[1775521140.973957] [b0019:44841:0]     ucp_context.c:2358 UCX  INFO  Version 1.20.0 (loaded from /opt/hpcx/ompi/lib/openmpi/../../../ucx/lib/libucp.so.0)
[1775521141.293928] [b0019:44841:0]      ucp_worker.c:1903 UCX  INFO    ucp_context_0 self cfg#1 tag(rc_mlx5/mlx5_4:1 rc_mlx5/mlx5_5:1 rc_mlx5/mlx5_6:1 rc_mlx5/mlx5_11:1 rc_mlx5/mlx5_12:1 rc_mlx5/mlx5_0:1 rc_mlx5/mlx5_1:1 rc_mlx5/mlx5_2:1 rc_mlx5/mlx5_3:1 rc_mlx5/mlx5_4:1 rc_mlx5/mlx5_5:1 rc_mlx5/mlx5_6:1 rc_mlx5/mlx5_11:1 rc
[1775521141.343290] [b0019:44841:0]      ucp_worker.c:1903 UCX  INFO    ucp_context_0 intra-node cfg#2 tag(rc_mlx5/mlx5_4:1 rc_mlx5/mlx5_5:1 rc_mlx5/mlx5_6:1 rc_mlx5/mlx5_11:1 rc_mlx5/mlx5_12:1 rc_mlx5/mlx5_0:1 rc_mlx5/mlx5_1:1 rc_mlx5/mlx5_2:1 rc_mlx5/mlx5_3:1 rc_mlx5/mlx5_4:1 rc_mlx5/mlx5_5:1 rc_mlx5/mlx5_6:1 rc_mlx5/mlx5_1
[1775521141.353180] [b0019:44841:0]      ucp_worker.c:1903 UCX  INFO    ucp_context_0 intra-node cfg#3 tag(rc_mlx5/mlx5_4:1 rc_mlx5/mlx5_5:1 rc_mlx5/mlx5_6:1 rc_mlx5/mlx5_11:1 rc_mlx5/mlx5_12:1 rc_mlx5/mlx5_0:1 rc_mlx5/mlx5_1:1 rc_mlx5/mlx5_2:1 rc_mlx5/mlx5_3:1 rc_mlx5/mlx5_4:1 rc_mlx5/mlx5_5:1 rc_mlx5/mlx5_6:1 rc_mlx5/mlx5_1
[1775521172.502013] [b0019:44841:0]          ucp_ep.c:1517 UCX  DIAG  ep 0x7fbf9a0c30c0: error 'Endpoint timeout' on rc_mlx5/mlx5_3:1 will not be handled since no error callback is installed
[b0019:44841:0:44841]       ud_ep.c:296  Fatal: UD endpoint 0x58eaa50 to <no debug data>: unhandled timeout error
==== backtrace (tid:  44841) ====
 0  /opt/hpcx/ompi/lib/openmpi/../../../ucx/lib/libucs.so.0(ucs_handle_error+0x2e4) [0x7fc1bc317774]
 1  /opt/hpcx/ompi/lib/openmpi/../../../ucx/lib/libucs.so.0(ucs_fatal_error_message+0xc2) [0x7fc1bc314732]
 2  /opt/hpcx/ompi/lib/openmpi/../../../ucx/lib/libucs.so.0(ucs_fatal_error_format+0x111) [0x7fc1bc314851]
 3  /opt/hpcx/ompi/lib/openmpi/../../../ucx/lib/ucx/libuct_ib.so.0(+0x2ba70) [0x7fc1b490aa70]
 4  /opt/hpcx/ompi/lib/openmpi/../../../ucx/lib/libucs.so.0(+0x28d87) [0x7fc1bc308d87]
 5  /opt/hpcx/ompi/lib/openmpi/../../../ucx/lib/libucp.so.0(ucp_worker_progress+0x5a) [0x7fc1bc3ab0ea]
 6  /opt/hpcx/ompi/lib/openmpi/mca_pml_ucx.so(mca_pml_ucx_send+0x1c7) [0x7fc1bc4516e7]
 7  /opt/hpcx/ompi/lib/libmpi.so.40(PMPI_Send+0x33) [0x7fc1f375abc3]
 8  /workspace/hpl-linux-x86_64/xhpl() [0x4824ea]
 9  /workspace/hpl-linux-x86_64/xhpl() [0x481a50]
10  /workspace/hpl-linux-x86_64/xhpl() [0x4856a6]
11  /workspace/hpl-linux-x86_64/xhpl() [0x45be9d]
12  /lib/x86_64-linux-gnu/libc.so.6(+0x2a1ca) [0x7fc1be8181ca]
13  /lib/x86_64-linux-gnu/libc.so.6(__libc_start_main+0x8b) [0x7fc1be81828b]
14  /workspace/hpl-linux-x86_64/xhpl() [0x45dafe]
=================================
[b0019:44841] *** Process received signal ***
[b0019:44841] Signal: Aborted (6)
[b0019:44841] Signal code:  (-6)
[b0019:44841] [ 0] /lib/x86_64-linux-gnu/libc.so.6(+0x45330)[0x7fc1be833330]
[b0019:44841] [ 1] /lib/x86_64-linux-gnu/libc.so.6(pthread_kill+0x11c)[0x7fc1be88cb2c]
[b0019:44841] [ 2] /lib/x86_64-linux-gnu/libc.so.6(gsignal+0x1e)[0x7fc1be83327e]
[b0019:44841] [ 3] /lib/x86_64-linux-gnu/libc.so.6(abort+0xdf)[0x7fc1be8168ff]
[b0019:44841] [ 4] /opt/hpcx/ompi/lib/openmpi/../../../ucx/lib/libucs.so.0(+0x34737)[0x7fc1bc314737]
[b0019:44841] [ 5] /opt/hpcx/ompi/lib/openmpi/../../../ucx/lib/libucs.so.0(ucs_fatal_error_format+0x111)[0x7fc1bc314851]
[b0019:44841] [ 6] /opt/hpcx/ompi/lib/openmpi/../../../ucx/lib/ucx/libuct_ib.so.0(+0x2ba70)[0x7fc1b490aa70]
[b0019:44841] [ 7] /opt/hpcx/ompi/lib/openmpi/../../../ucx/lib/libucs.so.0(+0x28d87)[0x7fc1bc308d87]
[b0019:44841] [ 8] /opt/hpcx/ompi/lib/openmpi/../../../ucx/lib/libucp.so.0(ucp_worker_progress+0x5a)[0x7fc1bc3ab0ea]
[b0019:44841] [ 9] /opt/hpcx/ompi/lib/openmpi/mca_pml_ucx.so(mca_pml_ucx_send+0x1c7)[0x7fc1bc4516e7]
[b0019:44841] [10] /opt/hpcx/ompi/lib/libmpi.so.40(PMPI_Send+0x33)[0x7fc1f375abc3]
[b0019:44841] [11] /workspace/hpl-linux-x86_64/xhpl[0x4824ea]
[b0019:44841] [12] /workspace/hpl-linux-x86_64/xhpl[0x481a50]
[b0019:44841] [13] /workspace/hpl-linux-x86_64/xhpl[0x4856a6]
[b0019:44841] [14] /workspace/hpl-linux-x86_64/xhpl[0x45be9d]
[b0019:44841] [15] /lib/x86_64-linux-gnu/libc.so.6(+0x2a1ca)[0x7fc1be8181ca]
[b0019:44841] [16] /lib/x86_64-linux-gnu/libc.so.6(__libc_start_main+0x8b)[0x7fc1be81828b]
[b0019:44841] [17] /workspace/hpl-linux-x86_64/xhpl[0x45dafe]
[b0019:44841] *** End of error message ***
[1775521132.574355] [b0012:42739:0]     ucp_context.c:2358 UCX  INFO  Version 1.20.0 (loaded from /opt/hpcx/ompi/lib/openmpi/../../../ucx/lib/libucp.so.0)
[1775521132.577625] [b0012:42739:f]        vfs_sock.c:63   UCX  DIAG  failed to create directory '/run/user/10009/ucx': No such file or directory
[1775521132.577629] [b0012:42739:f]        vfs_fuse.c:440  UCX  DIAG  failed to watch on '/run/user/10009/ucx/vfs.sock': Input/output error, VFS will be disabled
[1775521140.181991] [b0012:42739:0]          parser.c:2368 UCX  INFO  UCX_* env variables: UCX_TLS=rc,cuda_copy,cuda_ipc UCX_WARN_UNUSED_ENV_VARS=n UCX_LOG_LEVEL=info
[1775521140.972999] [b0012:42739:0]     ucp_context.c:2358 UCX  INFO  Version 1.20.0 (loaded from /opt/hpcx/ompi/lib/openmpi/../../../ucx/lib/libucp.so.0)
[1775521141.289068] [b0012:42739:0]      ucp_worker.c:1903 UCX  INFO    ucp_context_0 self cfg#1 tag(rc_mlx5/mlx5_4:1 rc_mlx5/mlx5_5:1 rc_mlx5/mlx5_6:1 rc_mlx5/mlx5_11:1 rc_mlx5/mlx5_12:1 rc_mlx5/mlx5_0:1 rc_mlx5/mlx5_1:1 rc_mlx5/mlx5_2:1 rc_mlx5/mlx5_3:1 rc_mlx5/mlx5_4:1 rc_mlx5/mlx5_5:1 rc_mlx5/mlx5_6:1 rc_mlx5/mlx5_11:1 rc
[1775521141.336113] [b0012:42739:0]      ucp_worker.c:1903 UCX  INFO    ucp_context_0 intra-node cfg#2 tag(rc_mlx5/mlx5_4:1 rc_mlx5/mlx5_5:1 rc_mlx5/mlx5_6:1 rc_mlx5/mlx5_11:1 rc_mlx5/mlx5_12:1 rc_mlx5/mlx5_0:1 rc_mlx5/mlx5_1:1 rc_mlx5/mlx5_2:1 rc_mlx5/mlx5_3:1 rc_mlx5/mlx5_4:1 rc_mlx5/mlx5_5:1 rc_mlx5/mlx5_6:1 rc_mlx5/mlx5_1
[1775521141.346070] [b0012:42739:0]      ucp_worker.c:1903 UCX  INFO    ucp_context_0 intra-node cfg#3 tag(rc_mlx5/mlx5_4:1 rc_mlx5/mlx5_5:1 rc_mlx5/mlx5_6:1 rc_mlx5/mlx5_11:1 rc_mlx5/mlx5_12:1 rc_mlx5/mlx5_0:1 rc_mlx5/mlx5_1:1 rc_mlx5/mlx5_2:1 rc_mlx5/mlx5_3:1 rc_mlx5/mlx5_4:1 rc_mlx5/mlx5_5:1 rc_mlx5/mlx5_6:1 rc_mlx5/mlx5_1
[1775521172.543418] [b0012:42739:0]          ucp_ep.c:1517 UCX  DIAG  ep 0x7f4b798c70c0: error 'Endpoint timeout' on rc_mlx5/mlx5_3:1 will not be handled since no error callback is installed
[b0012:42739:0:42739]       ud_ep.c:296  Fatal: UD endpoint 0x4c89a50 to <no debug data>: unhandled timeout error
==== backtrace (tid:  42739) ====
 0  /opt/hpcx/ompi/lib/openmpi/../../../ucx/lib/libucs.so.0(ucs_handle_error+0x2e4) [0x7f4d97aca774]
 1  /opt/hpcx/ompi/lib/openmpi/../../../ucx/lib/libucs.so.0(ucs_fatal_error_message+0xc2) [0x7f4d97ac7732]
 2  /opt/hpcx/ompi/lib/openmpi/../../../ucx/lib/libucs.so.0(ucs_fatal_error_format+0x111) [0x7f4d97ac7851]
 3  /opt/hpcx/ompi/lib/openmpi/../../../ucx/lib/ucx/libuct_ib.so.0(+0x2ba70) [0x7f4d94105a70]
 4  /opt/hpcx/ompi/lib/openmpi/../../../ucx/lib/libucs.so.0(+0x28d87) [0x7f4d97abbd87]
 5  /opt/hpcx/ompi/lib/openmpi/../../../ucx/lib/libucp.so.0(ucp_worker_progress+0x5a) [0x7f4d97b5e0ea]
 6  /opt/hpcx/ompi/lib/openmpi/mca_pml_ucx.so(mca_pml_ucx_send+0x1c7) [0x7f4d9c0356e7]
 7  /opt/hpcx/ompi/lib/libmpi.so.40(PMPI_Send+0x33) [0x7f4dd2f5abc3]
 8  /workspace/hpl-linux-x86_64/xhpl() [0x4824ea]
 9  /workspace/hpl-linux-x86_64/xhpl() [0x481a50]
10  /workspace/hpl-linux-x86_64/xhpl() [0x4856a6]
11  /workspace/hpl-linux-x86_64/xhpl() [0x45be9d]
12  /lib/x86_64-linux-gnu/libc.so.6(+0x2a1ca) [0x7f4d9e0181ca]
13  /lib/x86_64-linux-gnu/libc.so.6(__libc_start_main+0x8b) [0x7f4d9e01828b]
14  /workspace/hpl-linux-x86_64/xhpl() [0x45dafe]
=================================
[b0012:42739] *** Process received signal ***
[b0012:42739] Signal: Aborted (6)
[b0012:42739] Signal code:  (-6)
[b0012:42739] [ 0] /lib/x86_64-linux-gnu/libc.so.6(+0x45330)[0x7f4d9e033330]
[b0012:42739] [ 1] /lib/x86_64-linux-gnu/libc.so.6(pthread_kill+0x11c)[0x7f4d9e08cb2c]
[b0012:42739] [ 2] /lib/x86_64-linux-gnu/libc.so.6(gsignal+0x1e)[0x7f4d9e03327e]
[b0012:42739] [ 3] /lib/x86_64-linux-gnu/libc.so.6(abort+0xdf)[0x7f4d9e0168ff]
[b0012:42739] [ 4] /opt/hpcx/ompi/lib/openmpi/../../../ucx/lib/libucs.so.0(+0x34737)[0x7f4d97ac7737]
[b0012:42739] [ 5] /opt/hpcx/ompi/lib/openmpi/../../../ucx/lib/libucs.so.0(ucs_fatal_error_format+0x111)[0x7f4d97ac7851]
[b0012:42739] [ 6] /opt/hpcx/ompi/lib/openmpi/../../../ucx/lib/ucx/libuct_ib.so.0(+0x2ba70)[0x7f4d94105a70]
[b0012:42739] [ 7] /opt/hpcx/ompi/lib/openmpi/../../../ucx/lib/libucs.so.0(+0x28d87)[0x7f4d97abbd87]
[b0012:42739] [ 8] /opt/hpcx/ompi/lib/openmpi/../../../ucx/lib/libucp.so.0(ucp_worker_progress+0x5a)[0x7f4d97b5e0ea]
[b0012:42739] [ 9] /opt/hpcx/ompi/lib/openmpi/mca_pml_ucx.so(mca_pml_ucx_send+0x1c7)[0x7f4d9c0356e7]
[b0012:42739] [10] /opt/hpcx/ompi/lib/libmpi.so.40(PMPI_Send+0x33)[0x7f4dd2f5abc3]
[b0012:42739] [11] /workspace/hpl-linux-x86_64/xhpl[0x4824ea]
[b0012:42739] [12] /workspace/hpl-linux-x86_64/xhpl[0x481a50]
[b0012:42739] [13] /workspace/hpl-linux-x86_64/xhpl[0x4856a6]
[b0012:42739] [14] /workspace/hpl-linux-x86_64/xhpl[0x45be9d]
[b0012:42739] [15] /lib/x86_64-linux-gnu/libc.so.6(+0x2a1ca)[0x7f4d9e0181ca]
[b0012:42739] [16] /lib/x86_64-linux-gnu/libc.so.6(__libc_start_main+0x8b)[0x7f4d9e01828b]
[b0012:42739] [17] /workspace/hpl-linux-x86_64/xhpl[0x45dafe]
[b0012:42739] *** End of error message ***
[1775521132.598302] [b0019:44956:0]     ucp_context.c:2358 UCX  INFO  Version 1.20.0 (loaded from /opt/hpcx/ompi/lib/openmpi/../../../ucx/lib/libucp.so.0)
[1775521132.602077] [b0019:44956:f]        vfs_sock.c:63   UCX  DIAG  failed to create directory '/run/user/10009/ucx': No such file or directory
[1775521132.602083] [b0019:44956:f]        vfs_fuse.c:440  UCX  DIAG  failed to watch on '/run/user/10009/ucx/vfs.sock': Input/output error, VFS will be disabled
[1775521140.508550] [b0019:44956:0]          parser.c:2368 UCX  INFO  UCX_* env variables: UCX_TLS=rc,cuda_copy,cuda_ipc UCX_WARN_UNUSED_ENV_VARS=n UCX_LOG_LEVEL=info
[1775521140.973981] [b0019:44956:0]     ucp_context.c:2358 UCX  INFO  Version 1.20.0 (loaded from /opt/hpcx/ompi/lib/openmpi/../../../ucx/lib/libucp.so.0)
[1775521141.298243] [b0019:44956:0]      ucp_worker.c:1903 UCX  INFO    ucp_context_0 self cfg#1 tag(rc_mlx5/mlx5_0:1 rc_mlx5/mlx5_1:1 rc_mlx5/mlx5_2:1 rc_mlx5/mlx5_3:1 rc_mlx5/mlx5_4:1 rc_mlx5/mlx5_5:1 rc_mlx5/mlx5_6:1 rc_mlx5/mlx5_11:1 rc_mlx5/mlx5_12:1 rc_mlx5/mlx5_0:1 rc_mlx5/mlx5_1:1 rc_mlx5/mlx5_2:1 rc_mlx5/mlx5_3:1 rc_
[1775521141.350726] [b0019:44956:0]      ucp_worker.c:1903 UCX  INFO    ucp_context_0 intra-node cfg#2 tag(rc_mlx5/mlx5_0:1 rc_mlx5/mlx5_1:1 rc_mlx5/mlx5_2:1 rc_mlx5/mlx5_3:1 rc_mlx5/mlx5_4:1 rc_mlx5/mlx5_5:1 rc_mlx5/mlx5_6:1 rc_mlx5/mlx5_11:1 rc_mlx5/mlx5_12:1 rc_mlx5/mlx5_0:1 rc_mlx5/mlx5_1:1 rc_mlx5/mlx5_2:1 rc_mlx5/mlx5_3
[1775521141.360947] [b0019:44956:0]      ucp_worker.c:1903 UCX  INFO    ucp_context_0 intra-node cfg#3 tag(rc_mlx5/mlx5_0:1 rc_mlx5/mlx5_1:1 rc_mlx5/mlx5_2:1 rc_mlx5/mlx5_3:1 rc_mlx5/mlx5_4:1 rc_mlx5/mlx5_5:1 rc_mlx5/mlx5_6:1 rc_mlx5/mlx5_11:1 rc_mlx5/mlx5_12:1 rc_mlx5/mlx5_0:1 rc_mlx5/mlx5_1:1 rc_mlx5/mlx5_2:1 rc_mlx5/mlx5_3
[1775521172.554932] [b0019:44956:0]          ucp_ep.c:1517 UCX  DIAG  ep 0x7f9d33c570c0: error 'Endpoint timeout' on rc_mlx5/mlx5_12:1 will not be handled since no error callback is installed
[b0019:44956:0:44956]       ud_ep.c:296  Fatal: UD endpoint 0x57b6920 to <no debug data>: unhandled timeout error
==== backtrace (tid:  44956) ====
 0  /opt/hpcx/ompi/lib/openmpi/../../../ucx/lib/libucs.so.0(ucs_handle_error+0x2e4) [0x7f9f55e90774]
 1  /opt/hpcx/ompi/lib/openmpi/../../../ucx/lib/libucs.so.0(ucs_fatal_error_message+0xc2) [0x7f9f55e8d732]
 2  /opt/hpcx/ompi/lib/openmpi/../../../ucx/lib/libucs.so.0(ucs_fatal_error_format+0x111) [0x7f9f55e8d851]
 3  /opt/hpcx/ompi/lib/openmpi/../../../ucx/lib/ucx/libuct_ib.so.0(+0x2ba70) [0x7f9f548e0a70]
 4  /opt/hpcx/ompi/lib/openmpi/../../../ucx/lib/libucs.so.0(+0x28d87) [0x7f9f55e81d87]
 5  /opt/hpcx/ompi/lib/openmpi/../../../ucx/lib/libucp.so.0(ucp_worker_progress+0x5a) [0x7f9f55f240ea]
 6  /opt/hpcx/ompi/lib/openmpi/mca_pml_ucx.so(mca_pml_ucx_recv+0x180) [0x7f9f55fc9030]
 7  /opt/hpcx/ompi/lib/libmpi.so.40(MPI_Recv+0x31) [0x7f9f90917ac1]
 8  /workspace/hpl-linux-x86_64/xhpl() [0x48254f]
 9  /workspace/hpl-linux-x86_64/xhpl() [0x481a50]
10  /workspace/hpl-linux-x86_64/xhpl() [0x4856a6]
11  /workspace/hpl-linux-x86_64/xhpl() [0x45be9d]
12  /lib/x86_64-linux-gnu/libc.so.6(+0x2a1ca) [0x7f9f582181ca]
13  /lib/x86_64-linux-gnu/libc.so.6(__libc_start_main+0x8b) [0x7f9f5821828b]
14  /workspace/hpl-linux-x86_64/xhpl() [0x45dafe]
=================================
[b0019:44956] *** Process received signal ***
[b0019:44956] Signal: Aborted (6)
[b0019:44956] Signal code:  (-6)
[b0019:44956] [ 0] /lib/x86_64-linux-gnu/libc.so.6(+0x45330)[0x7f9f58233330]
[b0019:44956] [ 1] /lib/x86_64-linux-gnu/libc.so.6(pthread_kill+0x11c)[0x7f9f5828cb2c]
[b0019:44956] [ 2] /lib/x86_64-linux-gnu/libc.so.6(gsignal+0x1e)[0x7f9f5823327e]
[b0019:44956] [ 3] /lib/x86_64-linux-gnu/libc.so.6(abort+0xdf)[0x7f9f582168ff]
[b0019:44956] [ 4] /opt/hpcx/ompi/lib/openmpi/../../../ucx/lib/libucs.so.0(+0x34737)[0x7f9f55e8d737]
[b0019:44956] [ 5] /opt/hpcx/ompi/lib/openmpi/../../../ucx/lib/libucs.so.0(ucs_fatal_error_format+0x111)[0x7f9f55e8d851]
[b0019:44956] [ 6] /opt/hpcx/ompi/lib/openmpi/../../../ucx/lib/ucx/libuct_ib.so.0(+0x2ba70)[0x7f9f548e0a70]
[b0019:44956] [ 7] /opt/hpcx/ompi/lib/openmpi/../../../ucx/lib/libucs.so.0(+0x28d87)[0x7f9f55e81d87]
[b0019:44956] [ 8] /opt/hpcx/ompi/lib/openmpi/../../../ucx/lib/libucp.so.0(ucp_worker_progress+0x5a)[0x7f9f55f240ea]
[b0019:44956] [ 9] /opt/hpcx/ompi/lib/openmpi/mca_pml_ucx.so(mca_pml_ucx_recv+0x180)[0x7f9f55fc9030]
[b0019:44956] [10] /opt/hpcx/ompi/lib/libmpi.so.40(MPI_Recv+0x31)[0x7f9f90917ac1]
[b0019:44956] [11] /workspace/hpl-linux-x86_64/xhpl[0x48254f]
[b0019:44956] [12] /workspace/hpl-linux-x86_64/xhpl[0x481a50]
[b0019:44956] [13] /workspace/hpl-linux-x86_64/xhpl[0x4856a6]
[b0019:44956] [14] /workspace/hpl-linux-x86_64/xhpl[0x45be9d]
[b0019:44956] [15] /lib/x86_64-linux-gnu/libc.so.6(+0x2a1ca)[0x7f9f582181ca]
[b0019:44956] [16] /lib/x86_64-linux-gnu/libc.so.6(__libc_start_main+0x8b)[0x7f9f5821828b]
[b0019:44956] [17] /workspace/hpl-linux-x86_64/xhpl[0x45dafe]
[b0019:44956] *** End of error message ***
[1775521132.610446] [b0016:42973:0]     ucp_context.c:2358 UCX  INFO  Version 1.20.0 (loaded from /opt/hpcx/ompi/lib/openmpi/../../../ucx/lib/libucp.so.0)
[1775521132.613723] [b0016:42973:f]        vfs_sock.c:63   UCX  DIAG  failed to create directory '/run/user/10009/ucx': No such file or directory
[1775521132.613729] [b0016:42973:f]        vfs_fuse.c:440  UCX  DIAG  failed to watch on '/run/user/10009/ucx/vfs.sock': Input/output error, VFS will be disabled
[1775521140.766516] [b0016:42973:0]          parser.c:2368 UCX  INFO  UCX_* env variables: UCX_TLS=rc,cuda_copy,cuda_ipc UCX_WARN_UNUSED_ENV_VARS=n UCX_LOG_LEVEL=info
[1775521140.974946] [b0016:42973:0]     ucp_context.c:2358 UCX  INFO  Version 1.20.0 (loaded from /opt/hpcx/ompi/lib/openmpi/../../../ucx/lib/libucp.so.0)
[1775521141.298664] [b0016:42973:0]      ucp_worker.c:1903 UCX  INFO    ucp_context_0 self cfg#1 tag(rc_mlx5/mlx5_4:1 rc_mlx5/mlx5_5:1 rc_mlx5/mlx5_6:1 rc_mlx5/mlx5_11:1 rc_mlx5/mlx5_12:1 rc_mlx5/mlx5_0:1 rc_mlx5/mlx5_1:1 rc_mlx5/mlx5_2:1 rc_mlx5/mlx5_3:1 rc_mlx5/mlx5_4:1 rc_mlx5/mlx5_5:1 rc_mlx5/mlx5_6:1 rc_mlx5/mlx5_11:1 rc
[1775521141.345137] [b0016:42973:0]      ucp_worker.c:1903 UCX  INFO    ucp_context_0 intra-node cfg#2 tag(rc_mlx5/mlx5_4:1 rc_mlx5/mlx5_5:1 rc_mlx5/mlx5_6:1 rc_mlx5/mlx5_11:1 rc_mlx5/mlx5_12:1 rc_mlx5/mlx5_0:1 rc_mlx5/mlx5_1:1 rc_mlx5/mlx5_2:1 rc_mlx5/mlx5_3:1 rc_mlx5/mlx5_4:1 rc_mlx5/mlx5_5:1 rc_mlx5/mlx5_6:1 rc_mlx5/mlx5_1
[1775521141.355615] [b0016:42973:0]      ucp_worker.c:1903 UCX  INFO    ucp_context_0 intra-node cfg#3 tag(rc_mlx5/mlx5_4:1 rc_mlx5/mlx5_5:1 rc_mlx5/mlx5_6:1 rc_mlx5/mlx5_11:1 rc_mlx5/mlx5_12:1 rc_mlx5/mlx5_0:1 rc_mlx5/mlx5_1:1 rc_mlx5/mlx5_2:1 rc_mlx5/mlx5_3:1 rc_mlx5/mlx5_4:1 rc_mlx5/mlx5_5:1 rc_mlx5/mlx5_6:1 rc_mlx5/mlx5_1
[1775521172.561038] [b0016:42973:0]          ucp_ep.c:1517 UCX  DIAG  ep 0x7f19228d60c0: error 'Endpoint timeout' on rc_mlx5/mlx5_3:1 will not be handled since no error callback is installed
[b0016:42973:0:42973]       ud_ep.c:296  Fatal: UD endpoint 0x48b3ab0 to <no debug data>: unhandled timeout error
==== backtrace (tid:  42973) ====
 0  /opt/hpcx/ompi/lib/openmpi/../../../ucx/lib/libucs.so.0(ucs_handle_error+0x2e4) [0x7f1b44b1d774]
 1  /opt/hpcx/ompi/lib/openmpi/../../../ucx/lib/libucs.so.0(ucs_fatal_error_message+0xc2) [0x7f1b44b1a732]
 2  /opt/hpcx/ompi/lib/openmpi/../../../ucx/lib/libucs.so.0(ucs_fatal_error_format+0x111) [0x7f1b44b1a851]
 3  /opt/hpcx/ompi/lib/openmpi/../../../ucx/lib/ucx/libuct_ib.so.0(+0x2ba70) [0x7f1b3d10ba70]
 4  /opt/hpcx/ompi/lib/openmpi/../../../ucx/lib/libucs.so.0(+0x28d87) [0x7f1b44b0ed87]
 5  /opt/hpcx/ompi/lib/openmpi/../../../ucx/lib/libucp.so.0(ucp_worker_progress+0x5a) [0x7f1b44bb10ea]
 6  /opt/hpcx/ompi/lib/openmpi/mca_pml_ucx.so(mca_pml_ucx_send+0x1c7) [0x7f1b44c576e7]
 7  /opt/hpcx/ompi/lib/libmpi.so.40(PMPI_Send+0x33) [0x7f1b7bf5abc3]
 8  /workspace/hpl-linux-x86_64/xhpl() [0x4824ea]
 9  /workspace/hpl-linux-x86_64/xhpl() [0x481a50]
10  /workspace/hpl-linux-x86_64/xhpl() [0x4856a6]
11  /workspace/hpl-linux-x86_64/xhpl() [0x45be9d]
12  /lib/x86_64-linux-gnu/libc.so.6(+0x2a1ca) [0x7f1b470181ca]
13  /lib/x86_64-linux-gnu/libc.so.6(__libc_start_main+0x8b) [0x7f1b4701828b]
14  /workspace/hpl-linux-x86_64/xhpl() [0x45dafe]
=================================
[b0016:42973] *** Process received signal ***
[b0016:42973] Signal: Aborted (6)
[b0016:42973] Signal code:  (-6)
[b0016:42973] [ 0] /lib/x86_64-linux-gnu/libc.so.6(+0x45330)[0x7f1b47033330]
[b0016:42973] [ 1] /lib/x86_64-linux-gnu/libc.so.6(pthread_kill+0x11c)[0x7f1b4708cb2c]
[b0016:42973] [ 2] /lib/x86_64-linux-gnu/libc.so.6(gsignal+0x1e)[0x7f1b4703327e]
[b0016:42973] [ 3] /lib/x86_64-linux-gnu/libc.so.6(abort+0xdf)[0x7f1b470168ff]
[b0016:42973] [ 4] /opt/hpcx/ompi/lib/openmpi/../../../ucx/lib/libucs.so.0(+0x34737)[0x7f1b44b1a737]
[b0016:42973] [ 5] /opt/hpcx/ompi/lib/openmpi/../../../ucx/lib/libucs.so.0(ucs_fatal_error_format+0x111)[0x7f1b44b1a851]
[b0016:42973] [ 6] /opt/hpcx/ompi/lib/openmpi/../../../ucx/lib/ucx/libuct_ib.so.0(+0x2ba70)[0x7f1b3d10ba70]
[b0016:42973] [ 7] /opt/hpcx/ompi/lib/openmpi/../../../ucx/lib/libucs.so.0(+0x28d87)[0x7f1b44b0ed87]
[b0016:42973] [ 8] /opt/hpcx/ompi/lib/openmpi/../../../ucx/lib/libucp.so.0(ucp_worker_progress+0x5a)[0x7f1b44bb10ea]
[b0016:42973] [ 9] /opt/hpcx/ompi/lib/openmpi/mca_pml_ucx.so(mca_pml_ucx_send+0x1c7)[0x7f1b44c576e7]
[b0016:42973] [10] /opt/hpcx/ompi/lib/libmpi.so.40(PMPI_Send+0x33)[0x7f1b7bf5abc3]
[b0016:42973] [11] /workspace/hpl-linux-x86_64/xhpl[0x4824ea]
[b0016:42973] [12] /workspace/hpl-linux-x86_64/xhpl[0x481a50]
[b0016:42973] [13] /workspace/hpl-linux-x86_64/xhpl[0x4856a6]
[b0016:42973] [14] /workspace/hpl-linux-x86_64/xhpl[0x45be9d]
[b0016:42973] [15] /lib/x86_64-linux-gnu/libc.so.6(+0x2a1ca)[0x7f1b470181ca]
[b0016:42973] [16] /lib/x86_64-linux-gnu/libc.so.6(__libc_start_main+0x8b)[0x7f1b4701828b]
[b0016:42973] [17] /workspace/hpl-linux-x86_64/xhpl[0x45dafe]
[b0016:42973] *** End of error message ***
[1775521132.650147] [b0013:44827:0]     ucp_context.c:2358 UCX  INFO  Version 1.20.0 (loaded from /opt/hpcx/ompi/lib/openmpi/../../../ucx/lib/libucp.so.0)
[1775521132.653008] [b0013:44827:f]        vfs_sock.c:63   UCX  DIAG  failed to create directory '/run/user/10009/ucx': No such file or directory
[1775521132.653013] [b0013:44827:f]        vfs_fuse.c:440  UCX  DIAG  failed to watch on '/run/user/10009/ucx/vfs.sock': Input/output error, VFS will be disabled
[1775521140.496306] [b0013:44827:0]          parser.c:2368 UCX  INFO  UCX_* env variables: UCX_TLS=rc,cuda_copy,cuda_ipc UCX_WARN_UNUSED_ENV_VARS=n UCX_LOG_LEVEL=info
[1775521140.974033] [b0013:44827:0]     ucp_context.c:2358 UCX  INFO  Version 1.20.0 (loaded from /opt/hpcx/ompi/lib/openmpi/../../../ucx/lib/libucp.so.0)
[1775521141.289005] [b0013:44827:0]      ucp_worker.c:1903 UCX  INFO    ucp_context_0 self cfg#1 tag(rc_mlx5/mlx5_0:1 rc_mlx5/mlx5_1:1 rc_mlx5/mlx5_2:1 rc_mlx5/mlx5_3:1 rc_mlx5/mlx5_4:1 rc_mlx5/mlx5_5:1 rc_mlx5/mlx5_6:1 rc_mlx5/mlx5_11:1 rc_mlx5/mlx5_12:1 rc_mlx5/mlx5_0:1 rc_mlx5/mlx5_1:1 rc_mlx5/mlx5_2:1 rc_mlx5/mlx5_3:1 rc_
[1775521141.335024] [b0013:44827:0]      ucp_worker.c:1903 UCX  INFO    ucp_context_0 intra-node cfg#2 tag(rc_mlx5/mlx5_0:1 rc_mlx5/mlx5_1:1 rc_mlx5/mlx5_2:1 rc_mlx5/mlx5_3:1 rc_mlx5/mlx5_4:1 rc_mlx5/mlx5_5:1 rc_mlx5/mlx5_6:1 rc_mlx5/mlx5_11:1 rc_mlx5/mlx5_12:1 rc_mlx5/mlx5_0:1 rc_mlx5/mlx5_1:1 rc_mlx5/mlx5_2:1 rc_mlx5/mlx5_3
[1775521141.345050] [b0013:44827:0]      ucp_worker.c:1903 UCX  INFO    ucp_context_0 intra-node cfg#3 tag(rc_mlx5/mlx5_0:1 rc_mlx5/mlx5_1:1 rc_mlx5/mlx5_2:1 rc_mlx5/mlx5_3:1 rc_mlx5/mlx5_4:1 rc_mlx5/mlx5_5:1 rc_mlx5/mlx5_6:1 rc_mlx5/mlx5_11:1 rc_mlx5/mlx5_12:1 rc_mlx5/mlx5_0:1 rc_mlx5/mlx5_1:1 rc_mlx5/mlx5_2:1 rc_mlx5/mlx5_3
[1775521172.563773] [b0013:44827:0]          ucp_ep.c:1517 UCX  DIAG  ep 0x7fb47000b0c0: error 'Endpoint timeout' on rc_mlx5/mlx5_12:1 will not be handled since no error callback is installed
[b0013:44827:0:44827]       ud_ep.c:296  Fatal: UD endpoint 0x54bdce0 to <no debug data>: unhandled timeout error
==== backtrace (tid:  44827) ====
 0  /opt/hpcx/ompi/lib/openmpi/../../../ucx/lib/libucs.so.0(ucs_handle_error+0x2e4) [0x7fb484a9e774]
 1  /opt/hpcx/ompi/lib/openmpi/../../../ucx/lib/libucs.so.0(ucs_fatal_error_message+0xc2) [0x7fb484a9b732]
 2  /opt/hpcx/ompi/lib/openmpi/../../../ucx/lib/libucs.so.0(ucs_fatal_error_format+0x111) [0x7fb484a9b851]
 3  /opt/hpcx/ompi/lib/openmpi/../../../ucx/lib/ucx/libuct_ib.so.0(+0x2ba70) [0x7fb484053a70]
 4  /opt/hpcx/ompi/lib/openmpi/../../../ucx/lib/libucs.so.0(+0x28d87) [0x7fb484a8fd87]
 5  /opt/hpcx/ompi/lib/openmpi/../../../ucx/lib/libucp.so.0(ucp_worker_progress+0x5a) [0x7fb484b320ea]
 6  /opt/hpcx/ompi/lib/openmpi/mca_pml_ucx.so(mca_pml_ucx_recv+0x180) [0x7fb48733c030]
 7  /opt/hpcx/ompi/lib/libmpi.so.40(MPI_Recv+0x31) [0x7fb4bf536ac1]
 8  /workspace/hpl-linux-x86_64/xhpl() [0x48254f]
 9  /workspace/hpl-linux-x86_64/xhpl() [0x481a50]
10  /workspace/hpl-linux-x86_64/xhpl() [0x4856a6]
11  /workspace/hpl-linux-x86_64/xhpl() [0x45be9d]
12  /lib/x86_64-linux-gnu/libc.so.6(+0x2a1ca) [0x7fb486e181ca]
13  /lib/x86_64-linux-gnu/libc.so.6(__libc_start_main+0x8b) [0x7fb486e1828b]
14  /workspace/hpl-linux-x86_64/xhpl() [0x45dafe]
=================================
[b0013:44827] *** Process received signal ***
[b0013:44827] Signal: Aborted (6)
[b0013:44827] Signal code:  (-6)
[b0013:44827] [ 0] /lib/x86_64-linux-gnu/libc.so.6(+0x45330)[0x7fb486e33330]
[b0013:44827] [ 1] /lib/x86_64-linux-gnu/libc.so.6(pthread_kill+0x11c)[0x7fb486e8cb2c]
[b0013:44827] [ 2] /lib/x86_64-linux-gnu/libc.so.6(gsignal+0x1e)[0x7fb486e3327e]
[b0013:44827] [ 3] /lib/x86_64-linux-gnu/libc.so.6(abort+0xdf)[0x7fb486e168ff]
[b0013:44827] [ 4] /opt/hpcx/ompi/lib/openmpi/../../../ucx/lib/libucs.so.0(+0x34737)[0x7fb484a9b737]
[b0013:44827] [ 5] /opt/hpcx/ompi/lib/openmpi/../../../ucx/lib/libucs.so.0(ucs_fatal_error_format+0x111)[0x7fb484a9b851]
[b0013:44827] [ 6] /opt/hpcx/ompi/lib/openmpi/../../../ucx/lib/ucx/libuct_ib.so.0(+0x2ba70)[0x7fb484053a70]
[b0013:44827] [ 7] /opt/hpcx/ompi/lib/openmpi/../../../ucx/lib/libucs.so.0(+0x28d87)[0x7fb484a8fd87]
[b0013:44827] [ 8] /opt/hpcx/ompi/lib/openmpi/../../../ucx/lib/libucp.so.0(ucp_worker_progress+0x5a)[0x7fb484b320ea]
[b0013:44827] [ 9] /opt/hpcx/ompi/lib/openmpi/mca_pml_ucx.so(mca_pml_ucx_recv+0x180)[0x7fb48733c030]
[b0013:44827] [10] /opt/hpcx/ompi/lib/libmpi.so.40(MPI_Recv+0x31)[0x7fb4bf536ac1]
[b0013:44827] [11] /workspace/hpl-linux-x86_64/xhpl[0x48254f]
[b0013:44827] [12] /workspace/hpl-linux-x86_64/xhpl[0x481a50]
[b0013:44827] [13] /workspace/hpl-linux-x86_64/xhpl[0x4856a6]
[b0013:44827] [14] /workspace/hpl-linux-x86_64/xhpl[0x45be9d]
[b0013:44827] [15] /lib/x86_64-linux-gnu/libc.so.6(+0x2a1ca)[0x7fb486e181ca]
[b0013:44827] [16] /lib/x86_64-linux-gnu/libc.so.6(__libc_start_main+0x8b)[0x7fb486e1828b]
[b0013:44827] [17] /workspace/hpl-linux-x86_64/xhpl[0x45dafe]
[b0013:44827] *** End of error message ***
[1775521132.598445] [b0019:44942:0]     ucp_context.c:2358 UCX  INFO  Version 1.20.0 (loaded from /opt/hpcx/ompi/lib/openmpi/../../../ucx/lib/libucp.so.0)
[1775521132.603683] [b0019:44942:f]        vfs_sock.c:63   UCX  DIAG  failed to create directory '/run/user/10009/ucx': No such file or directory
[1775521132.603700] [b0019:44942:f]        vfs_fuse.c:440  UCX  DIAG  failed to watch on '/run/user/10009/ucx/vfs.sock': Input/output error, VFS will be disabled
[1775521140.943096] [b0019:44942:0]          parser.c:2368 UCX  INFO  UCX_* env variables: UCX_TLS=rc,cuda_copy,cuda_ipc UCX_WARN_UNUSED_ENV_VARS=n UCX_LOG_LEVEL=info
[1775521140.973868] [b0019:44942:0]     ucp_context.c:2358 UCX  INFO  Version 1.20.0 (loaded from /opt/hpcx/ompi/lib/openmpi/../../../ucx/lib/libucp.so.0)
[1775521141.290584] [b0019:44942:0]      ucp_worker.c:1903 UCX  INFO    ucp_context_0 self cfg#1 tag(rc_mlx5/mlx5_0:1 rc_mlx5/mlx5_1:1 rc_mlx5/mlx5_2:1 rc_mlx5/mlx5_3:1 rc_mlx5/mlx5_4:1 rc_mlx5/mlx5_5:1 rc_mlx5/mlx5_6:1 rc_mlx5/mlx5_11:1 rc_mlx5/mlx5_12:1 rc_mlx5/mlx5_0:1 rc_mlx5/mlx5_1:1 rc_mlx5/mlx5_2:1 rc_mlx5/mlx5_3:1 rc_
[1775521141.347673] [b0019:44942:0]      ucp_worker.c:1903 UCX  INFO    ucp_context_0 intra-node cfg#2 tag(rc_mlx5/mlx5_0:1 rc_mlx5/mlx5_1:1 rc_mlx5/mlx5_2:1 rc_mlx5/mlx5_3:1 rc_mlx5/mlx5_4:1 rc_mlx5/mlx5_5:1 rc_mlx5/mlx5_6:1 rc_mlx5/mlx5_11:1 rc_mlx5/mlx5_12:1 rc_mlx5/mlx5_0:1 rc_mlx5/mlx5_1:1 rc_mlx5/mlx5_2:1 rc_mlx5/mlx5_3
[1775521141.358376] [b0019:44942:0]      ucp_worker.c:1903 UCX  INFO    ucp_context_0 intra-node cfg#3 tag(rc_mlx5/mlx5_0:1 rc_mlx5/mlx5_1:1 rc_mlx5/mlx5_2:1 rc_mlx5/mlx5_3:1 rc_mlx5/mlx5_4:1 rc_mlx5/mlx5_5:1 rc_mlx5/mlx5_6:1 rc_mlx5/mlx5_11:1 rc_mlx5/mlx5_12:1 rc_mlx5/mlx5_0:1 rc_mlx5/mlx5_1:1 rc_mlx5/mlx5_2:1 rc_mlx5/mlx5_3
[1775521172.565768] [b0019:44942:0]          ucp_ep.c:1517 UCX  DIAG  ep 0x7fefb3f230c0: error 'Endpoint timeout' on rc_mlx5/mlx5_12:1 will not be handled since no error callback is installed
[b0019:44942:0:44942]       ud_ep.c:296  Fatal: UD endpoint 0x5851a10 to <no debug data>: unhandled timeout error
==== backtrace (tid:  44942) ====
 0  /opt/hpcx/ompi/lib/openmpi/../../../ucx/lib/libucs.so.0(ucs_handle_error+0x2e4) [0x7ff1d6186774]
 1  /opt/hpcx/ompi/lib/openmpi/../../../ucx/lib/libucs.so.0(ucs_fatal_error_message+0xc2) [0x7ff1d6183732]
 2  /opt/hpcx/ompi/lib/openmpi/../../../ucx/lib/libucs.so.0(ucs_fatal_error_format+0x111) [0x7ff1d6183851]
 3  /opt/hpcx/ompi/lib/openmpi/../../../ucx/lib/ucx/libuct_ib.so.0(+0x2ba70) [0x7ff1d4bc8a70]
 4  /opt/hpcx/ompi/lib/openmpi/../../../ucx/lib/libucs.so.0(+0x28d87) [0x7ff1d6177d87]
 5  /opt/hpcx/ompi/lib/openmpi/../../../ucx/lib/libucp.so.0(ucp_worker_progress+0x5a) [0x7ff1d621a0ea]
 6  /opt/hpcx/ompi/lib/openmpi/mca_pml_ucx.so(mca_pml_ucx_recv+0x180) [0x7ff1d62bf030]
 7  /opt/hpcx/ompi/lib/libmpi.so.40(MPI_Recv+0x31) [0x7ff20d558ac1]
 8  /workspace/hpl-linux-x86_64/xhpl() [0x48254f]
 9  /workspace/hpl-linux-x86_64/xhpl() [0x481a50]
10  /workspace/hpl-linux-x86_64/xhpl() [0x4856a6]
11  /workspace/hpl-linux-x86_64/xhpl() [0x45be9d]
12  /lib/x86_64-linux-gnu/libc.so.6(+0x2a1ca) [0x7ff1d86181ca]
13  /lib/x86_64-linux-gnu/libc.so.6(__libc_start_main+0x8b) [0x7ff1d861828b]
14  /workspace/hpl-linux-x86_64/xhpl() [0x45dafe]
=================================
[b0019:44942] *** Process received signal ***
[b0019:44942] Signal: Aborted (6)
[b0019:44942] Signal code:  (-6)
[b0019:44942] [ 0] /lib/x86_64-linux-gnu/libc.so.6(+0x45330)[0x7ff1d8633330]
[b0019:44942] [ 1] /lib/x86_64-linux-gnu/libc.so.6(pthread_kill+0x11c)[0x7ff1d868cb2c]
[b0019:44942] [ 2] /lib/x86_64-linux-gnu/libc.so.6(gsignal+0x1e)[0x7ff1d863327e]
[b0019:44942] [ 3] /lib/x86_64-linux-gnu/libc.so.6(abort+0xdf)[0x7ff1d86168ff]
[b0019:44942] [ 4] /opt/hpcx/ompi/lib/openmpi/../../../ucx/lib/libucs.so.0(+0x34737)[0x7ff1d6183737]
[b0019:44942] [ 5] /opt/hpcx/ompi/lib/openmpi/../../../ucx/lib/libucs.so.0(ucs_fatal_error_format+0x111)[0x7ff1d6183851]
[b0019:44942] [ 6] /opt/hpcx/ompi/lib/openmpi/../../../ucx/lib/ucx/libuct_ib.so.0(+0x2ba70)[0x7ff1d4bc8a70]
[b0019:44942] [ 7] /opt/hpcx/ompi/lib/openmpi/../../../ucx/lib/libucs.so.0(+0x28d87)[0x7ff1d6177d87]
[b0019:44942] [ 8] /opt/hpcx/ompi/lib/openmpi/../../../ucx/lib/libucp.so.0(ucp_worker_progress+0x5a)[0x7ff1d621a0ea]
[b0019:44942] [ 9] /opt/hpcx/ompi/lib/openmpi/mca_pml_ucx.so(mca_pml_ucx_recv+0x180)[0x7ff1d62bf030]
[b0019:44942] [10] /opt/hpcx/ompi/lib/libmpi.so.40(MPI_Recv+0x31)[0x7ff20d558ac1]
[b0019:44942] [11] /workspace/hpl-linux-x86_64/xhpl[0x48254f]
[b0019:44942] [12] /workspace/hpl-linux-x86_64/xhpl[0x481a50]
[b0019:44942] [13] /workspace/hpl-linux-x86_64/xhpl[0x4856a6]
[b0019:44942] [14] /workspace/hpl-linux-x86_64/xhpl[0x45be9d]
[b0019:44942] [15] /lib/x86_64-linux-gnu/libc.so.6(+0x2a1ca)[0x7ff1d86181ca]
[b0019:44942] [16] /lib/x86_64-linux-gnu/libc.so.6(__libc_start_main+0x8b)[0x7ff1d861828b]
[b0019:44942] [17] /workspace/hpl-linux-x86_64/xhpl[0x45dafe]
[b0019:44942] *** End of error message ***
[1775521132.610434] [b0016:42968:0]     ucp_context.c:2358 UCX  INFO  Version 1.20.0 (loaded from /opt/hpcx/ompi/lib/openmpi/../../../ucx/lib/libucp.so.0)
[1775521132.613719] [b0016:42968:f]        vfs_sock.c:63   UCX  DIAG  failed to create directory '/run/user/10009/ucx': No such file or directory
[1775521132.613725] [b0016:42968:f]        vfs_fuse.c:440  UCX  DIAG  failed to watch on '/run/user/10009/ucx/vfs.sock': Input/output error, VFS will be disabled
[1775521140.742514] [b0016:42968:0]          parser.c:2368 UCX  INFO  UCX_* env variables: UCX_TLS=rc,cuda_copy,cuda_ipc UCX_WARN_UNUSED_ENV_VARS=n UCX_LOG_LEVEL=info
[1775521140.974912] [b0016:42968:0]     ucp_context.c:2358 UCX  INFO  Version 1.20.0 (loaded from /opt/hpcx/ompi/lib/openmpi/../../../ucx/lib/libucp.so.0)
[1775521141.280146] [b0016:42968:0]      ucp_worker.c:1903 UCX  INFO    ucp_context_0 self cfg#1 tag(rc_mlx5/mlx5_4:1 rc_mlx5/mlx5_5:1 rc_mlx5/mlx5_6:1 rc_mlx5/mlx5_11:1 rc_mlx5/mlx5_12:1 rc_mlx5/mlx5_0:1 rc_mlx5/mlx5_1:1 rc_mlx5/mlx5_2:1 rc_mlx5/mlx5_3:1 rc_mlx5/mlx5_4:1 rc_mlx5/mlx5_5:1 rc_mlx5/mlx5_6:1 rc_mlx5/mlx5_11:1 rc
[1775521141.331123] [b0016:42968:0]      ucp_worker.c:1903 UCX  INFO    ucp_context_0 intra-node cfg#2 tag(rc_mlx5/mlx5_4:1 rc_mlx5/mlx5_5:1 rc_mlx5/mlx5_6:1 rc_mlx5/mlx5_11:1 rc_mlx5/mlx5_12:1 rc_mlx5/mlx5_0:1 rc_mlx5/mlx5_1:1 rc_mlx5/mlx5_2:1 rc_mlx5/mlx5_3:1 rc_mlx5/mlx5_4:1 rc_mlx5/mlx5_5:1 rc_mlx5/mlx5_6:1 rc_mlx5/mlx5_1
[1775521141.341445] [b0016:42968:0]      ucp_worker.c:1903 UCX  INFO    ucp_context_0 intra-node cfg#3 tag(rc_mlx5/mlx5_4:1 rc_mlx5/mlx5_5:1 rc_mlx5/mlx5_6:1 rc_mlx5/mlx5_11:1 rc_mlx5/mlx5_12:1 rc_mlx5/mlx5_0:1 rc_mlx5/mlx5_1:1 rc_mlx5/mlx5_2:1 rc_mlx5/mlx5_3:1 rc_mlx5/mlx5_4:1 rc_mlx5/mlx5_5:1 rc_mlx5/mlx5_6:1 rc_mlx5/mlx5_1
[1775521172.569594] [b0016:42968:0]          ucp_ep.c:1517 UCX  DIAG  ep 0x7efca20560c0: error 'Endpoint timeout' on rc_mlx5/mlx5_3:1 will not be handled since no error callback is installed
[b0016:42968:0:42968]       ud_ep.c:296  Fatal: UD endpoint 0x5a3baf0 to <no debug data>: unhandled timeout error
==== backtrace (tid:  42968) ====
 0  /opt/hpcx/ompi/lib/openmpi/../../../ucx/lib/libucs.so.0(ucs_handle_error+0x2e4) [0x7efec429e774]
 1  /opt/hpcx/ompi/lib/openmpi/../../../ucx/lib/libucs.so.0(ucs_fatal_error_message+0xc2) [0x7efec429b732]
 2  /opt/hpcx/ompi/lib/openmpi/../../../ucx/lib/libucs.so.0(ucs_fatal_error_format+0x111) [0x7efec429b851]
 3  /opt/hpcx/ompi/lib/openmpi/../../../ucx/lib/ucx/libuct_ib.so.0(+0x2ba70) [0x7efec403aa70]
 4  /opt/hpcx/ompi/lib/openmpi/../../../ucx/lib/libucs.so.0(+0x28d87) [0x7efec428fd87]
 5  /opt/hpcx/ompi/lib/openmpi/../../../ucx/lib/libucp.so.0(ucp_worker_progress+0x5a) [0x7efec43320ea]
 6  /opt/hpcx/ompi/lib/openmpi/mca_pml_ucx.so(mca_pml_ucx_send+0x1c7) [0x7efec6b266e7]
 7  /opt/hpcx/ompi/lib/libmpi.so.40(PMPI_Send+0x33) [0x7efefed1bbc3]
 8  /workspace/hpl-linux-x86_64/xhpl() [0x4824ea]
 9  /workspace/hpl-linux-x86_64/xhpl() [0x481a50]
10  /workspace/hpl-linux-x86_64/xhpl() [0x4856a6]
11  /workspace/hpl-linux-x86_64/xhpl() [0x45be9d]
12  /lib/x86_64-linux-gnu/libc.so.6(+0x2a1ca) [0x7efec66181ca]
13  /lib/x86_64-linux-gnu/libc.so.6(__libc_start_main+0x8b) [0x7efec661828b]
14  /workspace/hpl-linux-x86_64/xhpl() [0x45dafe]
=================================
[b0016:42968] *** Process received signal ***
[b0016:42968] Signal: Aborted (6)
[b0016:42968] Signal code:  (-6)
[b0016:42968] [ 0] /lib/x86_64-linux-gnu/libc.so.6(+0x45330)[0x7efec6633330]
[b0016:42968] [ 1] /lib/x86_64-linux-gnu/libc.so.6(pthread_kill+0x11c)[0x7efec668cb2c]
[b0016:42968] [ 2] /lib/x86_64-linux-gnu/libc.so.6(gsignal+0x1e)[0x7efec663327e]
[b0016:42968] [ 3] /lib/x86_64-linux-gnu/libc.so.6(abort+0xdf)[0x7efec66168ff]
[b0016:42968] [ 4] /opt/hpcx/ompi/lib/openmpi/../../../ucx/lib/libucs.so.0(+0x34737)[0x7efec429b737]
[b0016:42968] [ 5] /opt/hpcx/ompi/lib/openmpi/../../../ucx/lib/libucs.so.0(ucs_fatal_error_format+0x111)[0x7efec429b851]
[b0016:42968] [ 6] /opt/hpcx/ompi/lib/openmpi/../../../ucx/lib/ucx/libuct_ib.so.0(+0x2ba70)[0x7efec403aa70]
[b0016:42968] [ 7] /opt/hpcx/ompi/lib/openmpi/../../../ucx/lib/libucs.so.0(+0x28d87)[0x7efec428fd87]
[b0016:42968] [ 8] /opt/hpcx/ompi/lib/openmpi/../../../ucx/lib/libucp.so.0(ucp_worker_progress+0x5a)[0x7efec43320ea]
[b0016:42968] [ 9] /opt/hpcx/ompi/lib/openmpi/mca_pml_ucx.so(mca_pml_ucx_send+0x1c7)[0x7efec6b266e7]
[b0016:42968] [10] /opt/hpcx/ompi/lib/libmpi.so.40(PMPI_Send+0x33)[0x7efefed1bbc3]
[b0016:42968] [11] /workspace/hpl-linux-x86_64/xhpl[0x4824ea]
[b0016:42968] [12] /workspace/hpl-linux-x86_64/xhpl[0x481a50]
[b0016:42968] [13] /workspace/hpl-linux-x86_64/xhpl[0x4856a6]
[b0016:42968] [14] /workspace/hpl-linux-x86_64/xhpl[0x45be9d]
[b0016:42968] [15] /lib/x86_64-linux-gnu/libc.so.6(+0x2a1ca)[0x7efec66181ca]
[b0016:42968] [16] /lib/x86_64-linux-gnu/libc.so.6(__libc_start_main+0x8b)[0x7efec661828b]
[b0016:42968] [17] /workspace/hpl-linux-x86_64/xhpl[0x45dafe]
[b0016:42968] *** End of error message ***
[1775521132.574115] [b0012:42761:0]     ucp_context.c:2358 UCX  INFO  Version 1.20.0 (loaded from /opt/hpcx/ompi/lib/openmpi/../../../ucx/lib/libucp.so.0)
[1775521132.580704] [b0012:42761:f]        vfs_sock.c:63   UCX  DIAG  failed to create directory '/run/user/10009/ucx': No such file or directory
[1775521132.580709] [b0012:42761:f]        vfs_fuse.c:440  UCX  DIAG  failed to watch on '/run/user/10009/ucx/vfs.sock': Input/output error, VFS will be disabled
[1775521140.868469] [b0012:42761:0]          parser.c:2368 UCX  INFO  UCX_* env variables: UCX_TLS=rc,cuda_copy,cuda_ipc UCX_WARN_UNUSED_ENV_VARS=n UCX_LOG_LEVEL=info
[1775521140.972983] [b0012:42761:0]     ucp_context.c:2358 UCX  INFO  Version 1.20.0 (loaded from /opt/hpcx/ompi/lib/openmpi/../../../ucx/lib/libucp.so.0)
[1775521141.282338] [b0012:42761:0]      ucp_worker.c:1903 UCX  INFO    ucp_context_0 self cfg#1 tag(rc_mlx5/mlx5_0:1 rc_mlx5/mlx5_1:1 rc_mlx5/mlx5_2:1 rc_mlx5/mlx5_3:1 rc_mlx5/mlx5_4:1 rc_mlx5/mlx5_5:1 rc_mlx5/mlx5_6:1 rc_mlx5/mlx5_11:1 rc_mlx5/mlx5_12:1 rc_mlx5/mlx5_0:1 rc_mlx5/mlx5_1:1 rc_mlx5/mlx5_2:1 rc_mlx5/mlx5_3:1 rc_
[1775521141.331665] [b0012:42761:0]      ucp_worker.c:1903 UCX  INFO    ucp_context_0 intra-node cfg#2 tag(rc_mlx5/mlx5_0:1 rc_mlx5/mlx5_1:1 rc_mlx5/mlx5_2:1 rc_mlx5/mlx5_3:1 rc_mlx5/mlx5_4:1 rc_mlx5/mlx5_5:1 rc_mlx5/mlx5_6:1 rc_mlx5/mlx5_11:1 rc_mlx5/mlx5_12:1 rc_mlx5/mlx5_0:1 rc_mlx5/mlx5_1:1 rc_mlx5/mlx5_2:1 rc_mlx5/mlx5_3
[1775521141.342228] [b0012:42761:0]      ucp_worker.c:1903 UCX  INFO    ucp_context_0 intra-node cfg#3 tag(rc_mlx5/mlx5_0:1 rc_mlx5/mlx5_1:1 rc_mlx5/mlx5_2:1 rc_mlx5/mlx5_3:1 rc_mlx5/mlx5_4:1 rc_mlx5/mlx5_5:1 rc_mlx5/mlx5_6:1 rc_mlx5/mlx5_11:1 rc_mlx5/mlx5_12:1 rc_mlx5/mlx5_0:1 rc_mlx5/mlx5_1:1 rc_mlx5/mlx5_2:1 rc_mlx5/mlx5_3
[1775521172.590853] [b0012:42761:0]          ucp_ep.c:1517 UCX  DIAG  ep 0x7f3bbac490c0: error 'Endpoint timeout' on rc_mlx5/mlx5_12:1 will not be handled since no error callback is installed
[b0012:42761:0:42761]       ud_ep.c:296  Fatal: UD endpoint 0x51ace00 to <no debug data>: unhandled timeout error
[1775521132.606697] [b0018:40141:0]     ucp_context.c:2358 UCX  INFO  Version 1.20.0 (loaded from /opt/hpcx/ompi/lib/openmpi/../../../ucx/lib/libucp.so.0)
[1775521132.609554] [b0018:40141:f]        vfs_sock.c:63   UCX  DIAG  failed to create directory '/run/user/10009/ucx': No such file or directory
[1775521132.609558] [b0018:40141:f]        vfs_fuse.c:440  UCX  DIAG  failed to watch on '/run/user/10009/ucx/vfs.sock': Input/output error, VFS will be disabled
[1775521140.496378] [b0018:40141:0]          parser.c:2368 UCX  INFO  UCX_* env variables: UCX_TLS=rc,cuda_copy,cuda_ipc UCX_WARN_UNUSED_ENV_VARS=n UCX_LOG_LEVEL=info
[1775521140.972880] [b0018:40141:0]     ucp_context.c:2358 UCX  INFO  Version 1.20.0 (loaded from /opt/hpcx/ompi/lib/openmpi/../../../ucx/lib/libucp.so.0)
[1775521141.293773] [b0018:40141:0]      ucp_worker.c:1903 UCX  INFO    ucp_context_0 self cfg#1 tag(rc_mlx5/mlx5_4:1 rc_mlx5/mlx5_5:1 rc_mlx5/mlx5_6:1 rc_mlx5/mlx5_11:1 rc_mlx5/mlx5_12:1 rc_mlx5/mlx5_0:1 rc_mlx5/mlx5_1:1 rc_mlx5/mlx5_2:1 rc_mlx5/mlx5_3:1 rc_mlx5/mlx5_4:1 rc_mlx5/mlx5_5:1 rc_mlx5/mlx5_6:1 rc_mlx5/mlx5_11:1 rc
[1775521141.339717] [b0018:40141:0]      ucp_worker.c:1903 UCX  INFO    ucp_context_0 intra-node cfg#2 tag(rc_mlx5/mlx5_4:1 rc_mlx5/mlx5_5:1 rc_mlx5/mlx5_6:1 rc_mlx5/mlx5_11:1 rc_mlx5/mlx5_12:1 rc_mlx5/mlx5_0:1 rc_mlx5/mlx5_1:1 rc_mlx5/mlx5_2:1 rc_mlx5/mlx5_3:1 rc_mlx5/mlx5_4:1 rc_mlx5/mlx5_5:1 rc_mlx5/mlx5_6:1 rc_mlx5/mlx5_1
[1775521141.349542] [b0018:40141:0]      ucp_worker.c:1903 UCX  INFO    ucp_context_0 intra-node cfg#3 tag(rc_mlx5/mlx5_4:1 rc_mlx5/mlx5_5:1 rc_mlx5/mlx5_6:1 rc_mlx5/mlx5_11:1 rc_mlx5/mlx5_12:1 rc_mlx5/mlx5_0:1 rc_mlx5/mlx5_1:1 rc_mlx5/mlx5_2:1 rc_mlx5/mlx5_3:1 rc_mlx5/mlx5_4:1 rc_mlx5/mlx5_5:1 rc_mlx5/mlx5_6:1 rc_mlx5/mlx5_1
[1775521172.591453] [b0018:40141:0]          ucp_ep.c:1517 UCX  DIAG  ep 0x7fecbfa690c0: error 'Endpoint timeout' on rc_mlx5/mlx5_3:1 will not be handled since no error callback is installed
[b0018:40141:0:40141]       ud_ep.c:296  Fatal: UD endpoint 0x571ae00 to <no debug data>: unhandled timeout error
==== backtrace (tid:  42761) ====
 0  /opt/hpcx/ompi/lib/openmpi/../../../ucx/lib/libucs.so.0(ucs_handle_error+0x2e4) [0x7f3ddce82774]
 1  /opt/hpcx/ompi/lib/openmpi/../../../ucx/lib/libucs.so.0(ucs_fatal_error_message+0xc2) [0x7f3ddce7f732]
 2  /opt/hpcx/ompi/lib/openmpi/../../../ucx/lib/libucs.so.0(ucs_fatal_error_format+0x111) [0x7f3ddce7f851]
 3  /opt/hpcx/ompi/lib/openmpi/../../../ucx/lib/ucx/libuct_ib.so.0(+0x2ba70) [0x7f3ddc0d1a70]
 4  /opt/hpcx/ompi/lib/openmpi/../../../ucx/lib/libucs.so.0(+0x28d87) [0x7f3ddce73d87]
 5  /opt/hpcx/ompi/lib/openmpi/../../../ucx/lib/libucp.so.0(ucp_worker_progress+0x5a) [0x7f3ddcf160ea]
 6  /opt/hpcx/ompi/lib/openmpi/mca_pml_ucx.so(mca_pml_ucx_recv+0x180) [0x7f3ddcfbb030]
 7  /opt/hpcx/ompi/lib/libmpi.so.40(MPI_Recv+0x31) [0x7f3e17905ac1]
 8  /workspace/hpl-linux-x86_64/xhpl() [0x48254f]
 9  /workspace/hpl-linux-x86_64/xhpl() [0x481a50]
10  /workspace/hpl-linux-x86_64/xhpl() [0x4856a6]
11  /workspace/hpl-linux-x86_64/xhpl() [0x45be9d]
12  /lib/x86_64-linux-gnu/libc.so.6(+0x2a1ca) [0x7f3ddf2181ca]
13  /lib/x86_64-linux-gnu/libc.so.6(__libc_start_main+0x8b) [0x7f3ddf21828b]
14  /workspace/hpl-linux-x86_64/xhpl() [0x45dafe]
=================================
[b0012:42761] *** Process received signal ***
[b0012:42761] Signal: Aborted (6)
[b0012:42761] Signal code:  (-6)
[b0012:42761] [ 0] /lib/x86_64-linux-gnu/libc.so.6(+0x45330)[0x7f3ddf233330]
[b0012:42761] [ 1] /lib/x86_64-linux-gnu/libc.so.6(pthread_kill+0x11c)[0x7f3ddf28cb2c]
[b0012:42761] [ 2] /lib/x86_64-linux-gnu/libc.so.6(gsignal+0x1e)[0x7f3ddf23327e]
[b0012:42761] [ 3] /lib/x86_64-linux-gnu/libc.so.6(abort+0xdf)[0x7f3ddf2168ff]
[b0012:42761] [ 4] /opt/hpcx/ompi/lib/openmpi/../../../ucx/lib/libucs.so.0(+0x34737)[0x7f3ddce7f737]
[b0012:42761] [ 5] /opt/hpcx/ompi/lib/openmpi/../../../ucx/lib/libucs.so.0(ucs_fatal_error_format+0x111)[0x7f3ddce7f851]
[b0012:42761] [ 6] /opt/hpcx/ompi/lib/openmpi/../../../ucx/lib/ucx/libuct_ib.so.0(+0x2ba70)[0x7f3ddc0d1a70]
[b0012:42761] [ 7] /opt/hpcx/ompi/lib/openmpi/../../../ucx/lib/libucs.so.0(+0x28d87)[0x7f3ddce73d87]
[b0012:42761] [ 8] /opt/hpcx/ompi/lib/openmpi/../../../ucx/lib/libucp.so.0(ucp_worker_progress+0x5a)[0x7f3ddcf160ea]
[b0012:42761] [ 9] /opt/hpcx/ompi/lib/openmpi/mca_pml_ucx.so(mca_pml_ucx_recv+0x180)[0x7f3ddcfbb030]
[b0012:42761] [10] /opt/hpcx/ompi/lib/libmpi.so.40(MPI_Recv+0x31)[0x7f3e17905ac1]
[b0012:42761] [11] /workspace/hpl-linux-x86_64/xhpl[0x48254f]
[b0012:42761] [12] /workspace/hpl-linux-x86_64/xhpl[0x481a50]
[b0012:42761] [13] /workspace/hpl-linux-x86_64/xhpl[0x4856a6]
[b0012:42761] [14] /workspace/hpl-linux-x86_64/xhpl[0x45be9d]
[b0012:42761] [15] /lib/x86_64-linux-gnu/libc.so.6(+0x2a1ca)[0x7f3ddf2181ca]
[b0012:42761] [16] /lib/x86_64-linux-gnu/libc.so.6(__libc_start_main+0x8b)[0x7f3ddf21828b]
[b0012:42761] [17] /workspace/hpl-linux-x86_64/xhpl[0x45dafe]
[b0012:42761] *** End of error message ***
==== backtrace (tid:  40141) ====
 0  /opt/hpcx/ompi/lib/openmpi/../../../ucx/lib/libucs.so.0(ucs_handle_error+0x2e4) [0x7feee1c9e774]
 1  /opt/hpcx/ompi/lib/openmpi/../../../ucx/lib/libucs.so.0(ucs_fatal_error_message+0xc2) [0x7feee1c9b732]
 2  /opt/hpcx/ompi/lib/openmpi/../../../ucx/lib/libucs.so.0(ucs_fatal_error_format+0x111) [0x7feee1c9b851]
 3  /opt/hpcx/ompi/lib/openmpi/../../../ucx/lib/ucx/libuct_ib.so.0(+0x2ba70) [0x7feee06eea70]
 4  /opt/hpcx/ompi/lib/openmpi/../../../ucx/lib/libucs.so.0(+0x28d87) [0x7feee1c8fd87]
 5  /opt/hpcx/ompi/lib/openmpi/../../../ucx/lib/libucp.so.0(ucp_worker_progress+0x5a) [0x7feee1d320ea]
 6  /opt/hpcx/ompi/lib/openmpi/mca_pml_ucx.so(mca_pml_ucx_send+0x1c7) [0x7feee45336e7]
 7  /opt/hpcx/ompi/lib/libmpi.so.40(PMPI_Send+0x33) [0x7fef1c72abc3]
 8  /workspace/hpl-linux-x86_64/xhpl() [0x4824ea]
 9  /workspace/hpl-linux-x86_64/xhpl() [0x481a50]
10  /workspace/hpl-linux-x86_64/xhpl() [0x4856a6]
11  /workspace/hpl-linux-x86_64/xhpl() [0x45be9d]
12  /lib/x86_64-linux-gnu/libc.so.6(+0x2a1ca) [0x7feee40181ca]
13  /lib/x86_64-linux-gnu/libc.so.6(__libc_start_main+0x8b) [0x7feee401828b]
14  /workspace/hpl-linux-x86_64/xhpl() [0x45dafe]
=================================
[b0018:40141] *** Process received signal ***
[b0018:40141] Signal: Aborted (6)
[b0018:40141] Signal code:  (-6)
[b0018:40141] [ 0] /lib/x86_64-linux-gnu/libc.so.6(+0x45330)[0x7feee4033330]
[b0018:40141] [ 1] /lib/x86_64-linux-gnu/libc.so.6(pthread_kill+0x11c)[0x7feee408cb2c]
[b0018:40141] [ 2] /lib/x86_64-linux-gnu/libc.so.6(gsignal+0x1e)[0x7feee403327e]
[b0018:40141] [ 3] /lib/x86_64-linux-gnu/libc.so.6(abort+0xdf)[0x7feee40168ff]
[b0018:40141] [ 4] /opt/hpcx/ompi/lib/openmpi/../../../ucx/lib/libucs.so.0(+0x34737)[0x7feee1c9b737]
[b0018:40141] [ 5] /opt/hpcx/ompi/lib/openmpi/../../../ucx/lib/libucs.so.0(ucs_fatal_error_format+0x111)[0x7feee1c9b851]
[b0018:40141] [ 6] /opt/hpcx/ompi/lib/openmpi/../../../ucx/lib/ucx/libuct_ib.so.0(+0x2ba70)[0x7feee06eea70]
[b0018:40141] [ 7] /opt/hpcx/ompi/lib/openmpi/../../../ucx/lib/libucs.so.0(+0x28d87)[0x7feee1c8fd87]
[b0018:40141] [ 8] /opt/hpcx/ompi/lib/openmpi/../../../ucx/lib/libucp.so.0(ucp_worker_progress+0x5a)[0x7feee1d320ea]
[b0018:40141] [ 9] /opt/hpcx/ompi/lib/openmpi/mca_pml_ucx.so(mca_pml_ucx_send+0x1c7)[0x7feee45336e7]
[b0018:40141] [10] /opt/hpcx/ompi/lib/libmpi.so.40(PMPI_Send+0x33)[0x7fef1c72abc3]
[b0018:40141] [11] /workspace/hpl-linux-x86_64/xhpl[0x4824ea]
[b0018:40141] [12] /workspace/hpl-linux-x86_64/xhpl[0x481a50]
[b0018:40141] [13] /workspace/hpl-linux-x86_64/xhpl[0x4856a6]
[b0018:40141] [14] /workspace/hpl-linux-x86_64/xhpl[0x45be9d]
[b0018:40141] [15] /lib/x86_64-linux-gnu/libc.so.6(+0x2a1ca)[0x7feee40181ca]
[b0018:40141] [16] /lib/x86_64-linux-gnu/libc.so.6(__libc_start_main+0x8b)[0x7feee401828b]
[b0018:40141] [17] /workspace/hpl-linux-x86_64/xhpl[0x45dafe]
[b0018:40141] *** End of error message ***
[1775521132.502512] [b0018:40056:0]     ucp_context.c:2358 UCX  INFO  Version 1.20.0 (loaded from /opt/hpcx/ompi/lib/openmpi/../../../ucx/lib/libucp.so.0)
[1775521132.504995] [b0018:40056:f]        vfs_sock.c:63   UCX  DIAG  failed to create directory '/run/user/10009/ucx': No such file or directory
[1775521132.504998] [b0018:40056:f]        vfs_fuse.c:440  UCX  DIAG  failed to watch on '/run/user/10009/ucx/vfs.sock': Input/output error, VFS will be disabled
[1775521140.028089] [b0018:40056:0]          parser.c:2368 UCX  INFO  UCX_* env variables: UCX_TLS=rc,cuda_copy,cuda_ipc UCX_WARN_UNUSED_ENV_VARS=n UCX_LOG_LEVEL=info
[1775521140.972915] [b0018:40056:0]     ucp_context.c:2358 UCX  INFO  Version 1.20.0 (loaded from /opt/hpcx/ompi/lib/openmpi/../../../ucx/lib/libucp.so.0)
[1775521141.299617] [b0018:40056:0]      ucp_worker.c:1903 UCX  INFO    ucp_context_0 self cfg#1 tag(rc_mlx5/mlx5_0:1 rc_mlx5/mlx5_1:1 rc_mlx5/mlx5_2:1 rc_mlx5/mlx5_3:1 rc_mlx5/mlx5_4:1 rc_mlx5/mlx5_5:1 rc_mlx5/mlx5_6:1 rc_mlx5/mlx5_11:1 rc_mlx5/mlx5_12:1 rc_mlx5/mlx5_0:1 rc_mlx5/mlx5_1:1 rc_mlx5/mlx5_2:1 rc_mlx5/mlx5_3:1 rc_
[1775521141.351951] [b0018:40056:0]      ucp_worker.c:1903 UCX  INFO    ucp_context_0 intra-node cfg#2 tag(rc_mlx5/mlx5_0:1 rc_mlx5/mlx5_1:1 rc_mlx5/mlx5_2:1 rc_mlx5/mlx5_3:1 rc_mlx5/mlx5_4:1 rc_mlx5/mlx5_5:1 rc_mlx5/mlx5_6:1 rc_mlx5/mlx5_11:1 rc_mlx5/mlx5_12:1 rc_mlx5/mlx5_0:1 rc_mlx5/mlx5_1:1 rc_mlx5/mlx5_2:1 rc_mlx5/mlx5_3
[1775521141.362095] [b0018:40056:0]      ucp_worker.c:1903 UCX  INFO    ucp_context_0 intra-node cfg#3 tag(rc_mlx5/mlx5_0:1 rc_mlx5/mlx5_1:1 rc_mlx5/mlx5_2:1 rc_mlx5/mlx5_3:1 rc_mlx5/mlx5_4:1 rc_mlx5/mlx5_5:1 rc_mlx5/mlx5_6:1 rc_mlx5/mlx5_11:1 rc_mlx5/mlx5_12:1 rc_mlx5/mlx5_0:1 rc_mlx5/mlx5_1:1 rc_mlx5/mlx5_2:1 rc_mlx5/mlx5_3
[1775521172.602873] [b0018:40056:0]          ucp_ep.c:1517 UCX  DIAG  ep 0x7f99bba540c0: error 'Endpoint timeout' on rc_mlx5/mlx5_12:1 will not be handled since no error callback is installed
[b0018:40056:0:40056]       ud_ep.c:296  Fatal: UD endpoint 0x5a688e0 to <no debug data>: unhandled timeout error
==== backtrace (tid:  40056) ====
 0  /opt/hpcx/ompi/lib/openmpi/../../../ucx/lib/libucs.so.0(ucs_handle_error+0x2e4) [0x7f9be5c9e774]
 1  /opt/hpcx/ompi/lib/openmpi/../../../ucx/lib/libucs.so.0(ucs_fatal_error_message+0xc2) [0x7f9be5c9b732]
 2  /opt/hpcx/ompi/lib/openmpi/../../../ucx/lib/libucs.so.0(ucs_fatal_error_format+0x111) [0x7f9be5c9b851]
 3  /opt/hpcx/ompi/lib/openmpi/../../../ucx/lib/ucx/libuct_ib.so.0(+0x2ba70) [0x7f9be46e5a70]
 4  /opt/hpcx/ompi/lib/openmpi/../../../ucx/lib/libucs.so.0(+0x28d87) [0x7f9be5c8fd87]
 5  /opt/hpcx/ompi/lib/openmpi/../../../ucx/lib/libucp.so.0(ucp_worker_progress+0x5a) [0x7f9be5d320ea]
 6  /opt/hpcx/ompi/lib/openmpi/mca_pml_ucx.so(mca_pml_ucx_recv+0x180) [0x7f9be8525030]
 7  /opt/hpcx/ompi/lib/libmpi.so.40(MPI_Recv+0x31) [0x7f9c2071bac1]
 8  /workspace/hpl-linux-x86_64/xhpl() [0x48254f]
 9  /workspace/hpl-linux-x86_64/xhpl() [0x481a50]
10  /workspace/hpl-linux-x86_64/xhpl() [0x4856a6]
11  /workspace/hpl-linux-x86_64/xhpl() [0x45be9d]
12  /lib/x86_64-linux-gnu/libc.so.6(+0x2a1ca) [0x7f9be80181ca]
13  /lib/x86_64-linux-gnu/libc.so.6(__libc_start_main+0x8b) [0x7f9be801828b]
14  /workspace/hpl-linux-x86_64/xhpl() [0x45dafe]
=================================
[b0018:40056] *** Process received signal ***
[b0018:40056] Signal: Aborted (6)
[b0018:40056] Signal code:  (-6)
[b0018:40056] [ 0] /lib/x86_64-linux-gnu/libc.so.6(+0x45330)[0x7f9be8033330]
[b0018:40056] [ 1] /lib/x86_64-linux-gnu/libc.so.6(pthread_kill+0x11c)[0x7f9be808cb2c]
[b0018:40056] [ 2] /lib/x86_64-linux-gnu/libc.so.6(gsignal+0x1e)[0x7f9be803327e]
[b0018:40056] [ 3] /lib/x86_64-linux-gnu/libc.so.6(abort+0xdf)[0x7f9be80168ff]
[b0018:40056] [ 4] /opt/hpcx/ompi/lib/openmpi/../../../ucx/lib/libucs.so.0(+0x34737)[0x7f9be5c9b737]
[b0018:40056] [ 5] /opt/hpcx/ompi/lib/openmpi/../../../ucx/lib/libucs.so.0(ucs_fatal_error_format+0x111)[0x7f9be5c9b851]
[b0018:40056] [ 6] /opt/hpcx/ompi/lib/openmpi/../../../ucx/lib/ucx/libuct_ib.so.0(+0x2ba70)[0x7f9be46e5a70]
[b0018:40056] [ 7] /opt/hpcx/ompi/lib/openmpi/../../../ucx/lib/libucs.so.0(+0x28d87)[0x7f9be5c8fd87]
[b0018:40056] [ 8] /opt/hpcx/ompi/lib/openmpi/../../../ucx/lib/libucp.so.0(ucp_worker_progress+0x5a)[0x7f9be5d320ea]
[b0018:40056] [ 9] /opt/hpcx/ompi/lib/openmpi/mca_pml_ucx.so(mca_pml_ucx_recv+0x180)[0x7f9be8525030]
[b0018:40056] [10] /opt/hpcx/ompi/lib/libmpi.so.40(MPI_Recv+0x31)[0x7f9c2071bac1]
[b0018:40056] [11] /workspace/hpl-linux-x86_64/xhpl[0x48254f]
[b0018:40056] [12] /workspace/hpl-linux-x86_64/xhpl[0x481a50]
[b0018:40056] [13] /workspace/hpl-linux-x86_64/xhpl[0x4856a6]
[b0018:40056] [14] /workspace/hpl-linux-x86_64/xhpl[0x45be9d]
[b0018:40056] [15] /lib/x86_64-linux-gnu/libc.so.6(+0x2a1ca)[0x7f9be80181ca]
[b0018:40056] [16] /lib/x86_64-linux-gnu/libc.so.6(__libc_start_main+0x8b)[0x7f9be801828b]
[b0018:40056] [17] /workspace/hpl-linux-x86_64/xhpl[0x45dafe]
[b0018:40056] *** End of error message ***
[1775521132.617398] [b0015:41300:0]     ucp_context.c:2358 UCX  INFO  Version 1.20.0 (loaded from /opt/hpcx/ompi/lib/openmpi/../../../ucx/lib/libucp.so.0)
[1775521132.619921] [b0015:41300:f]        vfs_sock.c:63   UCX  DIAG  failed to create directory '/run/user/10009/ucx': No such file or directory
[1775521132.619926] [b0015:41300:f]        vfs_fuse.c:440  UCX  DIAG  failed to watch on '/run/user/10009/ucx/vfs.sock': Input/output error, VFS will be disabled
[1775521140.815685] [b0015:41300:0]          parser.c:2368 UCX  INFO  UCX_* env variables: UCX_TLS=rc,cuda_copy,cuda_ipc UCX_WARN_UNUSED_ENV_VARS=n UCX_LOG_LEVEL=info
[1775521140.975351] [b0015:41300:0]     ucp_context.c:2358 UCX  INFO  Version 1.20.0 (loaded from /opt/hpcx/ompi/lib/openmpi/../../../ucx/lib/libucp.so.0)
[1775521141.237396] [b0015:41300:0]      ucp_worker.c:1903 UCX  INFO    ucp_context_0 self cfg#1 tag(rc_mlx5/mlx5_4:1 rc_mlx5/mlx5_5:1 rc_mlx5/mlx5_6:1 rc_mlx5/mlx5_11:1 rc_mlx5/mlx5_12:1 rc_mlx5/mlx5_0:1 rc_mlx5/mlx5_1:1 rc_mlx5/mlx5_2:1 rc_mlx5/mlx5_3:1 rc_mlx5/mlx5_4:1 rc_mlx5/mlx5_5:1 rc_mlx5/mlx5_6:1 rc_mlx5/mlx5_11:1 rc
[1775521141.282949] [b0015:41300:0]      ucp_worker.c:1903 UCX  INFO    ucp_context_0 intra-node cfg#2 tag(rc_mlx5/mlx5_4:1 rc_mlx5/mlx5_5:1 rc_mlx5/mlx5_6:1 rc_mlx5/mlx5_11:1 rc_mlx5/mlx5_12:1 rc_mlx5/mlx5_0:1 rc_mlx5/mlx5_1:1 rc_mlx5/mlx5_2:1 rc_mlx5/mlx5_3:1 rc_mlx5/mlx5_4:1 rc_mlx5/mlx5_5:1 rc_mlx5/mlx5_6:1 rc_mlx5/mlx5_1
[1775521141.293845] [b0015:41300:0]      ucp_worker.c:1903 UCX  INFO    ucp_context_0 intra-node cfg#3 tag(rc_mlx5/mlx5_4:1 rc_mlx5/mlx5_5:1 rc_mlx5/mlx5_6:1 rc_mlx5/mlx5_11:1 rc_mlx5/mlx5_12:1 rc_mlx5/mlx5_0:1 rc_mlx5/mlx5_1:1 rc_mlx5/mlx5_2:1 rc_mlx5/mlx5_3:1 rc_mlx5/mlx5_4:1 rc_mlx5/mlx5_5:1 rc_mlx5/mlx5_6:1 rc_mlx5/mlx5_1
[1775521172.608937] [b0015:41300:0]          ucp_ep.c:1517 UCX  DIAG  ep 0x7f94085850c0: error 'Endpoint timeout' on rc_mlx5/mlx5_3:1 will not be handled since no error callback is installed
[b0015:41300:0:41300]       ud_ep.c:296  Fatal: UD endpoint 0x46d6a50 to <no debug data>: unhandled timeout error
==== backtrace (tid:  41300) ====
 0  /opt/hpcx/ompi/lib/openmpi/../../../ucx/lib/libucs.so.0(ucs_handle_error+0x2e4) [0x7f962a7ba774]
 1  /opt/hpcx/ompi/lib/openmpi/../../../ucx/lib/libucs.so.0(ucs_fatal_error_message+0xc2) [0x7f962a7b7732]
 2  /opt/hpcx/ompi/lib/openmpi/../../../ucx/lib/libucs.so.0(ucs_fatal_error_format+0x111) [0x7f962a7b7851]
 3  /opt/hpcx/ompi/lib/openmpi/../../../ucx/lib/ucx/libuct_ib.so.0(+0x2ba70) [0x7f9618977a70]
 4  /opt/hpcx/ompi/lib/openmpi/../../../ucx/lib/libucs.so.0(+0x28d87) [0x7f962a7abd87]
 5  /opt/hpcx/ompi/lib/openmpi/../../../ucx/lib/libucp.so.0(ucp_worker_progress+0x5a) [0x7f962a84e0ea]
 6  /opt/hpcx/ompi/lib/openmpi/mca_pml_ucx.so(mca_pml_ucx_send+0x1c7) [0x7f962a8f46e7]
 7  /opt/hpcx/ompi/lib/libmpi.so.40(PMPI_Send+0x33) [0x7f9661b5abc3]
 8  /workspace/hpl-linux-x86_64/xhpl() [0x4824ea]
 9  /workspace/hpl-linux-x86_64/xhpl() [0x481a50]
10  /workspace/hpl-linux-x86_64/xhpl() [0x4856a6]
11  /workspace/hpl-linux-x86_64/xhpl() [0x45be9d]
12  /lib/x86_64-linux-gnu/libc.so.6(+0x2a1ca) [0x7f962cc181ca]
13  /lib/x86_64-linux-gnu/libc.so.6(__libc_start_main+0x8b) [0x7f962cc1828b]
14  /workspace/hpl-linux-x86_64/xhpl() [0x45dafe]
=================================
[b0015:41300] *** Process received signal ***
[b0015:41300] Signal: Aborted (6)
[b0015:41300] Signal code:  (-6)
[b0015:41300] [ 0] /lib/x86_64-linux-gnu/libc.so.6(+0x45330)[0x7f962cc33330]
[b0015:41300] [ 1] /lib/x86_64-linux-gnu/libc.so.6(pthread_kill+0x11c)[0x7f962cc8cb2c]
[b0015:41300] [ 2] /lib/x86_64-linux-gnu/libc.so.6(gsignal+0x1e)[0x7f962cc3327e]
[b0015:41300] [ 3] /lib/x86_64-linux-gnu/libc.so.6(abort+0xdf)[0x7f962cc168ff]
[b0015:41300] [ 4] /opt/hpcx/ompi/lib/openmpi/../../../ucx/lib/libucs.so.0(+0x34737)[0x7f962a7b7737]
[b0015:41300] [ 5] /opt/hpcx/ompi/lib/openmpi/../../../ucx/lib/libucs.so.0(ucs_fatal_error_format+0x111)[0x7f962a7b7851]
[b0015:41300] [ 6] /opt/hpcx/ompi/lib/openmpi/../../../ucx/lib/ucx/libuct_ib.so.0(+0x2ba70)[0x7f9618977a70]
[b0015:41300] [ 7] /opt/hpcx/ompi/lib/openmpi/../../../ucx/lib/libucs.so.0(+0x28d87)[0x7f962a7abd87]
[b0015:41300] [ 8] /opt/hpcx/ompi/lib/openmpi/../../../ucx/lib/libucp.so.0(ucp_worker_progress+0x5a)[0x7f962a84e0ea]
[b0015:41300] [ 9] /opt/hpcx/ompi/lib/openmpi/mca_pml_ucx.so(mca_pml_ucx_send+0x1c7)[0x7f962a8f46e7]
[b0015:41300] [10] /opt/hpcx/ompi/lib/libmpi.so.40(PMPI_Send+0x33)[0x7f9661b5abc3]
[b0015:41300] [11] /workspace/hpl-linux-x86_64/xhpl[0x4824ea]
[b0015:41300] [12] /workspace/hpl-linux-x86_64/xhpl[0x481a50]
[b0015:41300] [13] /workspace/hpl-linux-x86_64/xhpl[0x4856a6]
[b0015:41300] [14] /workspace/hpl-linux-x86_64/xhpl[0x45be9d]
[b0015:41300] [15] /lib/x86_64-linux-gnu/libc.so.6(+0x2a1ca)[0x7f962cc181ca]
[b0015:41300] [16] /lib/x86_64-linux-gnu/libc.so.6(__libc_start_main+0x8b)[0x7f962cc1828b]
[b0015:41300] [17] /workspace/hpl-linux-x86_64/xhpl[0x45dafe]
[b0015:41300] *** End of error message ***
[1775521132.548091] [b0014:41606:0]     ucp_context.c:2358 UCX  INFO  Version 1.20.0 (loaded from /opt/hpcx/ompi/lib/openmpi/../../../ucx/lib/libucp.so.0)
[1775521132.551296] [b0014:41606:f]        vfs_sock.c:63   UCX  DIAG  failed to create directory '/run/user/10009/ucx': No such file or directory
[1775521132.551302] [b0014:41606:f]        vfs_fuse.c:440  UCX  DIAG  failed to watch on '/run/user/10009/ucx/vfs.sock': Input/output error, VFS will be disabled
[1775521140.389732] [b0014:41606:0]          parser.c:2368 UCX  INFO  UCX_* env variables: UCX_TLS=rc,cuda_copy,cuda_ipc UCX_WARN_UNUSED_ENV_VARS=n UCX_LOG_LEVEL=info
[1775521140.972395] [b0014:41606:0]     ucp_context.c:2358 UCX  INFO  Version 1.20.0 (loaded from /opt/hpcx/ompi/lib/openmpi/../../../ucx/lib/libucp.so.0)
[1775521141.269605] [b0014:41606:0]      ucp_worker.c:1903 UCX  INFO    ucp_context_0 self cfg#1 tag(rc_mlx5/mlx5_4:1 rc_mlx5/mlx5_5:1 rc_mlx5/mlx5_6:1 rc_mlx5/mlx5_11:1 rc_mlx5/mlx5_12:1 rc_mlx5/mlx5_0:1 rc_mlx5/mlx5_1:1 rc_mlx5/mlx5_2:1 rc_mlx5/mlx5_3:1 rc_mlx5/mlx5_4:1 rc_mlx5/mlx5_5:1 rc_mlx5/mlx5_6:1 rc_mlx5/mlx5_11:1 rc
[1775521141.315662] [b0014:41606:0]      ucp_worker.c:1903 UCX  INFO    ucp_context_0 intra-node cfg#2 tag(rc_mlx5/mlx5_4:1 rc_mlx5/mlx5_5:1 rc_mlx5/mlx5_6:1 rc_mlx5/mlx5_11:1 rc_mlx5/mlx5_12:1 rc_mlx5/mlx5_0:1 rc_mlx5/mlx5_1:1 rc_mlx5/mlx5_2:1 rc_mlx5/mlx5_3:1 rc_mlx5/mlx5_4:1 rc_mlx5/mlx5_5:1 rc_mlx5/mlx5_6:1 rc_mlx5/mlx5_1
[1775521141.325441] [b0014:41606:0]      ucp_worker.c:1903 UCX  INFO    ucp_context_0 intra-node cfg#3 tag(rc_mlx5/mlx5_4:1 rc_mlx5/mlx5_5:1 rc_mlx5/mlx5_6:1 rc_mlx5/mlx5_11:1 rc_mlx5/mlx5_12:1 rc_mlx5/mlx5_0:1 rc_mlx5/mlx5_1:1 rc_mlx5/mlx5_2:1 rc_mlx5/mlx5_3:1 rc_mlx5/mlx5_4:1 rc_mlx5/mlx5_5:1 rc_mlx5/mlx5_6:1 rc_mlx5/mlx5_1
[1775521172.611797] [b0014:41606:0]          ucp_ep.c:1517 UCX  DIAG  ep 0x7faa5a30d0c0: error 'Endpoint timeout' on rc_mlx5/mlx5_3:1 will not be handled since no error callback is installed
[b0014:41606:0:41606]       ud_ep.c:296  Fatal: UD endpoint 0x5209a10 to <no debug data>: unhandled timeout error
==== backtrace (tid:  41606) ====
 0  /opt/hpcx/ompi/lib/openmpi/../../../ucx/lib/libucs.so.0(ucs_handle_error+0x2e4) [0x7fac7c53d774]
 1  /opt/hpcx/ompi/lib/openmpi/../../../ucx/lib/libucs.so.0(ucs_fatal_error_message+0xc2) [0x7fac7c53a732]
 2  /opt/hpcx/ompi/lib/openmpi/../../../ucx/lib/libucs.so.0(ucs_fatal_error_format+0x111) [0x7fac7c53a851]
 3  /opt/hpcx/ompi/lib/openmpi/../../../ucx/lib/ucx/libuct_ib.so.0(+0x2ba70) [0x7fac7c048a70]
 4  /opt/hpcx/ompi/lib/openmpi/../../../ucx/lib/libucs.so.0(+0x28d87) [0x7fac7c52ed87]
 5  /opt/hpcx/ompi/lib/openmpi/../../../ucx/lib/libucp.so.0(ucp_worker_progress+0x5a) [0x7fac7c5d10ea]
 6  /opt/hpcx/ompi/lib/openmpi/mca_pml_ucx.so(mca_pml_ucx_send+0x1c7) [0x7fac7c6776e7]
 7  /opt/hpcx/ompi/lib/libmpi.so.40(PMPI_Send+0x33) [0x7facb395abc3]
 8  /workspace/hpl-linux-x86_64/xhpl() [0x4824ea]
 9  /workspace/hpl-linux-x86_64/xhpl() [0x481a50]
10  /workspace/hpl-linux-x86_64/xhpl() [0x4856a6]
11  /workspace/hpl-linux-x86_64/xhpl() [0x45be9d]
12  /lib/x86_64-linux-gnu/libc.so.6(+0x2a1ca) [0x7fac7ea181ca]
13  /lib/x86_64-linux-gnu/libc.so.6(__libc_start_main+0x8b) [0x7fac7ea1828b]
14  /workspace/hpl-linux-x86_64/xhpl() [0x45dafe]
=================================
[b0014:41606] *** Process received signal ***
[b0014:41606] Signal: Aborted (6)
[b0014:41606] Signal code:  (-6)
[b0014:41606] [ 0] /lib/x86_64-linux-gnu/libc.so.6(+0x45330)[0x7fac7ea33330]
[b0014:41606] [ 1] /lib/x86_64-linux-gnu/libc.so.6(pthread_kill+0x11c)[0x7fac7ea8cb2c]
[b0014:41606] [ 2] /lib/x86_64-linux-gnu/libc.so.6(gsignal+0x1e)[0x7fac7ea3327e]
[b0014:41606] [ 3] /lib/x86_64-linux-gnu/libc.so.6(abort+0xdf)[0x7fac7ea168ff]
[b0014:41606] [ 4] /opt/hpcx/ompi/lib/openmpi/../../../ucx/lib/libucs.so.0(+0x34737)[0x7fac7c53a737]
[b0014:41606] [ 5] /opt/hpcx/ompi/lib/openmpi/../../../ucx/lib/libucs.so.0(ucs_fatal_error_format+0x111)[0x7fac7c53a851]
[b0014:41606] [ 6] /opt/hpcx/ompi/lib/openmpi/../../../ucx/lib/ucx/libuct_ib.so.0(+0x2ba70)[0x7fac7c048a70]
[b0014:41606] [ 7] /opt/hpcx/ompi/lib/openmpi/../../../ucx/lib/libucs.so.0(+0x28d87)[0x7fac7c52ed87]
[b0014:41606] [ 8] /opt/hpcx/ompi/lib/openmpi/../../../ucx/lib/libucp.so.0(ucp_worker_progress+0x5a)[0x7fac7c5d10ea]
[b0014:41606] [ 9] /opt/hpcx/ompi/lib/openmpi/mca_pml_ucx.so(mca_pml_ucx_send+0x1c7)[0x7fac7c6776e7]
[b0014:41606] [10] /opt/hpcx/ompi/lib/libmpi.so.40(PMPI_Send+0x33)[0x7facb395abc3]
[b0014:41606] [11] /workspace/hpl-linux-x86_64/xhpl[0x4824ea]
[b0014:41606] [12] /workspace/hpl-linux-x86_64/xhpl[0x481a50]
[b0014:41606] [13] /workspace/hpl-linux-x86_64/xhpl[0x4856a6]
[b0014:41606] [14] /workspace/hpl-linux-x86_64/xhpl[0x45be9d]
[b0014:41606] [15] /lib/x86_64-linux-gnu/libc.so.6(+0x2a1ca)[0x7fac7ea181ca]
[b0014:41606] [16] /lib/x86_64-linux-gnu/libc.so.6(__libc_start_main+0x8b)[0x7fac7ea1828b]
[b0014:41606] [17] /workspace/hpl-linux-x86_64/xhpl[0x45dafe]
[b0014:41606] *** End of error message ***
[1775521132.607160] [b0018:40143:0]     ucp_context.c:2358 UCX  INFO  Version 1.20.0 (loaded from /opt/hpcx/ompi/lib/openmpi/../../../ucx/lib/libucp.so.0)
[1775521132.609669] [b0018:40143:f]        vfs_sock.c:63   UCX  DIAG  failed to create directory '/run/user/10009/ucx': No such file or directory
[1775521132.609673] [b0018:40143:f]        vfs_fuse.c:440  UCX  DIAG  failed to watch on '/run/user/10009/ucx/vfs.sock': Input/output error, VFS will be disabled
[1775521140.713297] [b0018:40143:0]          parser.c:2368 UCX  INFO  UCX_* env variables: UCX_TLS=rc,cuda_copy,cuda_ipc UCX_WARN_UNUSED_ENV_VARS=n UCX_LOG_LEVEL=info
[1775521140.972875] [b0018:40143:0]     ucp_context.c:2358 UCX  INFO  Version 1.20.0 (loaded from /opt/hpcx/ompi/lib/openmpi/../../../ucx/lib/libucp.so.0)
[1775521141.281905] [b0018:40143:0]      ucp_worker.c:1903 UCX  INFO    ucp_context_0 self cfg#1 tag(rc_mlx5/mlx5_4:1 rc_mlx5/mlx5_5:1 rc_mlx5/mlx5_6:1 rc_mlx5/mlx5_11:1 rc_mlx5/mlx5_12:1 rc_mlx5/mlx5_0:1 rc_mlx5/mlx5_1:1 rc_mlx5/mlx5_2:1 rc_mlx5/mlx5_3:1 rc_mlx5/mlx5_4:1 rc_mlx5/mlx5_5:1 rc_mlx5/mlx5_6:1 rc_mlx5/mlx5_11:1 rc
[1775521141.327959] [b0018:40143:0]      ucp_worker.c:1903 UCX  INFO    ucp_context_0 intra-node cfg#2 tag(rc_mlx5/mlx5_4:1 rc_mlx5/mlx5_5:1 rc_mlx5/mlx5_6:1 rc_mlx5/mlx5_11:1 rc_mlx5/mlx5_12:1 rc_mlx5/mlx5_0:1 rc_mlx5/mlx5_1:1 rc_mlx5/mlx5_2:1 rc_mlx5/mlx5_3:1 rc_mlx5/mlx5_4:1 rc_mlx5/mlx5_5:1 rc_mlx5/mlx5_6:1 rc_mlx5/mlx5_1
[1775521141.338322] [b0018:40143:0]      ucp_worker.c:1903 UCX  INFO    ucp_context_0 intra-node cfg#3 tag(rc_mlx5/mlx5_4:1 rc_mlx5/mlx5_5:1 rc_mlx5/mlx5_6:1 rc_mlx5/mlx5_11:1 rc_mlx5/mlx5_12:1 rc_mlx5/mlx5_0:1 rc_mlx5/mlx5_1:1 rc_mlx5/mlx5_2:1 rc_mlx5/mlx5_3:1 rc_mlx5/mlx5_4:1 rc_mlx5/mlx5_5:1 rc_mlx5/mlx5_6:1 rc_mlx5/mlx5_1
[1775521172.614427] [b0018:40143:0]          ucp_ep.c:1517 UCX  DIAG  ep 0x7fc43007e0c0: error 'Endpoint timeout' on rc_mlx5/mlx5_3:1 will not be handled since no error callback is installed
[b0018:40143:0:40143]       ud_ep.c:296  Fatal: UD endpoint 0x4c67af0 to <no debug data>: unhandled timeout error
==== backtrace (tid:  40143) ====
 0  /opt/hpcx/ompi/lib/openmpi/../../../ucx/lib/libucs.so.0(ucs_handle_error+0x2e4) [0x7fc65229e774]
 1  /opt/hpcx/ompi/lib/openmpi/../../../ucx/lib/libucs.so.0(ucs_fatal_error_message+0xc2) [0x7fc65229b732]
 2  /opt/hpcx/ompi/lib/openmpi/../../../ucx/lib/libucs.so.0(ucs_fatal_error_format+0x111) [0x7fc65229b851]
 3  /opt/hpcx/ompi/lib/openmpi/../../../ucx/lib/ucx/libuct_ib.so.0(+0x2ba70) [0x7fc650d14a70]
 4  /opt/hpcx/ompi/lib/openmpi/../../../ucx/lib/libucs.so.0(+0x28d87) [0x7fc65228fd87]
 5  /opt/hpcx/ompi/lib/openmpi/../../../ucx/lib/libucp.so.0(ucp_worker_progress+0x5a) [0x7fc6523320ea]
 6  /opt/hpcx/ompi/lib/openmpi/mca_pml_ucx.so(mca_pml_ucx_send+0x1c7) [0x7fc654b526e7]
 7  /opt/hpcx/ompi/lib/libmpi.so.40(PMPI_Send+0x33) [0x7fc68cd4bbc3]
 8  /workspace/hpl-linux-x86_64/xhpl() [0x4824ea]
 9  /workspace/hpl-linux-x86_64/xhpl() [0x481a50]
10  /workspace/hpl-linux-x86_64/xhpl() [0x4856a6]
11  /workspace/hpl-linux-x86_64/xhpl() [0x45be9d]
12  /lib/x86_64-linux-gnu/libc.so.6(+0x2a1ca) [0x7fc6546181ca]
13  /lib/x86_64-linux-gnu/libc.so.6(__libc_start_main+0x8b) [0x7fc65461828b]
14  /workspace/hpl-linux-x86_64/xhpl() [0x45dafe]
=================================
[b0018:40143] *** Process received signal ***
[b0018:40143] Signal: Aborted (6)
[b0018:40143] Signal code:  (-6)
[b0018:40143] [ 0] /lib/x86_64-linux-gnu/libc.so.6(+0x45330)[0x7fc654633330]
[b0018:40143] [ 1] /lib/x86_64-linux-gnu/libc.so.6(pthread_kill+0x11c)[0x7fc65468cb2c]
[b0018:40143] [ 2] /lib/x86_64-linux-gnu/libc.so.6(gsignal+0x1e)[0x7fc65463327e]
[b0018:40143] [ 3] /lib/x86_64-linux-gnu/libc.so.6(abort+0xdf)[0x7fc6546168ff]
[b0018:40143] [ 4] /opt/hpcx/ompi/lib/openmpi/../../../ucx/lib/libucs.so.0(+0x34737)[0x7fc65229b737]
[b0018:40143] [ 5] /opt/hpcx/ompi/lib/openmpi/../../../ucx/lib/libucs.so.0(ucs_fatal_error_format+0x111)[0x7fc65229b851]
[b0018:40143] [ 6] /opt/hpcx/ompi/lib/openmpi/../../../ucx/lib/ucx/libuct_ib.so.0(+0x2ba70)[0x7fc650d14a70]
[b0018:40143] [ 7] /opt/hpcx/ompi/lib/openmpi/../../../ucx/lib/libucs.so.0(+0x28d87)[0x7fc65228fd87]
[b0018:40143] [ 8] /opt/hpcx/ompi/lib/openmpi/../../../ucx/lib/libucp.so.0(ucp_worker_progress+0x5a)[0x7fc6523320ea]
[b0018:40143] [ 9] /opt/hpcx/ompi/lib/openmpi/mca_pml_ucx.so(mca_pml_ucx_send+0x1c7)[0x7fc654b526e7]
[b0018:40143] [10] /opt/hpcx/ompi/lib/libmpi.so.40(PMPI_Send+0x33)[0x7fc68cd4bbc3]
[b0018:40143] [11] /workspace/hpl-linux-x86_64/xhpl[0x4824ea]
[b0018:40143] [12] /workspace/hpl-linux-x86_64/xhpl[0x481a50]
[b0018:40143] [13] /workspace/hpl-linux-x86_64/xhpl[0x4856a6]
[b0018:40143] [14] /workspace/hpl-linux-x86_64/xhpl[0x45be9d]
[b0018:40143] [15] /lib/x86_64-linux-gnu/libc.so.6(+0x2a1ca)[0x7fc6546181ca]
[b0018:40143] [16] /lib/x86_64-linux-gnu/libc.so.6(__libc_start_main+0x8b)[0x7fc65461828b]
[b0018:40143] [17] /workspace/hpl-linux-x86_64/xhpl[0x45dafe]
[b0018:40143] *** End of error message ***
[1775521132.599215] [b0014:41699:0]     ucp_context.c:2358 UCX  INFO  Version 1.20.0 (loaded from /opt/hpcx/ompi/lib/openmpi/../../../ucx/lib/libucp.so.0)
[1775521132.601709] [b0014:41699:f]        vfs_sock.c:63   UCX  DIAG  failed to create directory '/run/user/10009/ucx': No such file or directory
[1775521132.601715] [b0014:41699:f]        vfs_fuse.c:440  UCX  DIAG  failed to watch on '/run/user/10009/ucx/vfs.sock': Input/output error, VFS will be disabled
[1775521140.922172] [b0014:41699:0]          parser.c:2368 UCX  INFO  UCX_* env variables: UCX_TLS=rc,cuda_copy,cuda_ipc UCX_WARN_UNUSED_ENV_VARS=n UCX_LOG_LEVEL=info
[1775521140.972393] [b0014:41699:0]     ucp_context.c:2358 UCX  INFO  Version 1.20.0 (loaded from /opt/hpcx/ompi/lib/openmpi/../../../ucx/lib/libucp.so.0)
[1775521141.244548] [b0014:41699:0]      ucp_worker.c:1903 UCX  INFO    ucp_context_0 self cfg#1 tag(rc_mlx5/mlx5_0:1 rc_mlx5/mlx5_1:1 rc_mlx5/mlx5_2:1 rc_mlx5/mlx5_3:1 rc_mlx5/mlx5_4:1 rc_mlx5/mlx5_5:1 rc_mlx5/mlx5_6:1 rc_mlx5/mlx5_11:1 rc_mlx5/mlx5_12:1 rc_mlx5/mlx5_0:1 rc_mlx5/mlx5_1:1 rc_mlx5/mlx5_2:1 rc_mlx5/mlx5_3:1 rc_
[1775521141.289322] [b0014:41699:0]      ucp_worker.c:1903 UCX  INFO    ucp_context_0 intra-node cfg#2 tag(rc_mlx5/mlx5_0:1 rc_mlx5/mlx5_1:1 rc_mlx5/mlx5_2:1 rc_mlx5/mlx5_3:1 rc_mlx5/mlx5_4:1 rc_mlx5/mlx5_5:1 rc_mlx5/mlx5_6:1 rc_mlx5/mlx5_11:1 rc_mlx5/mlx5_12:1 rc_mlx5/mlx5_0:1 rc_mlx5/mlx5_1:1 rc_mlx5/mlx5_2:1 rc_mlx5/mlx5_3
[1775521141.299625] [b0014:41699:0]      ucp_worker.c:1903 UCX  INFO    ucp_context_0 intra-node cfg#3 tag(rc_mlx5/mlx5_0:1 rc_mlx5/mlx5_1:1 rc_mlx5/mlx5_2:1 rc_mlx5/mlx5_3:1 rc_mlx5/mlx5_4:1 rc_mlx5/mlx5_5:1 rc_mlx5/mlx5_6:1 rc_mlx5/mlx5_11:1 rc_mlx5/mlx5_12:1 rc_mlx5/mlx5_0:1 rc_mlx5/mlx5_1:1 rc_mlx5/mlx5_2:1 rc_mlx5/mlx5_3
[1775521172.661854] [b0014:41699:0]          ucp_ep.c:1517 UCX  DIAG  ep 0x7ff5f7a150c0: error 'Endpoint timeout' on rc_mlx5/mlx5_12:1 will not be handled since no error callback is installed
[b0014:41699:0:41699]       ud_ep.c:296  Fatal: UD endpoint 0x56038e0 to <no debug data>: unhandled timeout error
==== backtrace (tid:  41699) ====
 0  /opt/hpcx/ompi/lib/openmpi/../../../ucx/lib/libucs.so.0(ucs_handle_error+0x2e4) [0x7ff819c50774]
 1  /opt/hpcx/ompi/lib/openmpi/../../../ucx/lib/libucs.so.0(ucs_fatal_error_message+0xc2) [0x7ff819c4d732]
 2  /opt/hpcx/ompi/lib/openmpi/../../../ucx/lib/libucs.so.0(ucs_fatal_error_format+0x111) [0x7ff819c4d851]
 3  /opt/hpcx/ompi/lib/openmpi/../../../ucx/lib/ucx/libuct_ib.so.0(+0x2ba70) [0x7ff818698a70]
 4  /opt/hpcx/ompi/lib/openmpi/../../../ucx/lib/libucs.so.0(+0x28d87) [0x7ff819c41d87]
 5  /opt/hpcx/ompi/lib/openmpi/../../../ucx/lib/libucp.so.0(ucp_worker_progress+0x5a) [0x7ff819ce40ea]
 6  /opt/hpcx/ompi/lib/openmpi/mca_pml_ucx.so(mca_pml_ucx_recv+0x180) [0x7ff819d89030]
 7  /opt/hpcx/ompi/lib/libmpi.so.40(MPI_Recv+0x31) [0x7ff8546cdac1]
 8  /workspace/hpl-linux-x86_64/xhpl() [0x48254f]
 9  /workspace/hpl-linux-x86_64/xhpl() [0x481a50]
10  /workspace/hpl-linux-x86_64/xhpl() [0x4856a6]
11  /workspace/hpl-linux-x86_64/xhpl() [0x45be9d]
12  /lib/x86_64-linux-gnu/libc.so.6(+0x2a1ca) [0x7ff81c0181ca]
13  /lib/x86_64-linux-gnu/libc.so.6(__libc_start_main+0x8b) [0x7ff81c01828b]
14  /workspace/hpl-linux-x86_64/xhpl() [0x45dafe]
=================================
[b0014:41699] *** Process received signal ***
[b0014:41699] Signal: Aborted (6)
[b0014:41699] Signal code:  (-6)
[b0014:41699] [ 0] /lib/x86_64-linux-gnu/libc.so.6(+0x45330)[0x7ff81c033330]
[b0014:41699] [ 1] /lib/x86_64-linux-gnu/libc.so.6(pthread_kill+0x11c)[0x7ff81c08cb2c]
[b0014:41699] [ 2] /lib/x86_64-linux-gnu/libc.so.6(gsignal+0x1e)[0x7ff81c03327e]
[b0014:41699] [ 3] /lib/x86_64-linux-gnu/libc.so.6(abort+0xdf)[0x7ff81c0168ff]
[b0014:41699] [ 4] /opt/hpcx/ompi/lib/openmpi/../../../ucx/lib/libucs.so.0(+0x34737)[0x7ff819c4d737]
[b0014:41699] [ 5] /opt/hpcx/ompi/lib/openmpi/../../../ucx/lib/libucs.so.0(ucs_fatal_error_format+0x111)[0x7ff819c4d851]
[b0014:41699] [ 6] /opt/hpcx/ompi/lib/openmpi/../../../ucx/lib/ucx/libuct_ib.so.0(+0x2ba70)[0x7ff818698a70]
[b0014:41699] [ 7] /opt/hpcx/ompi/lib/openmpi/../../../ucx/lib/libucs.so.0(+0x28d87)[0x7ff819c41d87]
[b0014:41699] [ 8] /opt/hpcx/ompi/lib/openmpi/../../../ucx/lib/libucp.so.0(ucp_worker_progress+0x5a)[0x7ff819ce40ea]
[b0014:41699] [ 9] /opt/hpcx/ompi/lib/openmpi/mca_pml_ucx.so(mca_pml_ucx_recv+0x180)[0x7ff819d89030]
[b0014:41699] [10] /opt/hpcx/ompi/lib/libmpi.so.40(MPI_Recv+0x31)[0x7ff8546cdac1]
[b0014:41699] [11] /workspace/hpl-linux-x86_64/xhpl[0x48254f]
[b0014:41699] [12] /workspace/hpl-linux-x86_64/xhpl[0x481a50]
[b0014:41699] [13] /workspace/hpl-linux-x86_64/xhpl[0x4856a6]
[b0014:41699] [14] /workspace/hpl-linux-x86_64/xhpl[0x45be9d]
[b0014:41699] [15] /lib/x86_64-linux-gnu/libc.so.6(+0x2a1ca)[0x7ff81c0181ca]
[b0014:41699] [16] /lib/x86_64-linux-gnu/libc.so.6(__libc_start_main+0x8b)[0x7ff81c01828b]
[b0014:41699] [17] /workspace/hpl-linux-x86_64/xhpl[0x45dafe]
[b0014:41699] *** End of error message ***
[1775521132.617395] [b0015:41283:0]     ucp_context.c:2358 UCX  INFO  Version 1.20.0 (loaded from /opt/hpcx/ompi/lib/openmpi/../../../ucx/lib/libucp.so.0)
[1775521132.619913] [b0015:41283:f]        vfs_sock.c:63   UCX  DIAG  failed to create directory '/run/user/10009/ucx': No such file or directory
[1775521132.619918] [b0015:41283:f]        vfs_fuse.c:440  UCX  DIAG  failed to watch on '/run/user/10009/ucx/vfs.sock': Input/output error, VFS will be disabled
[1775521140.589452] [b0015:41283:0]          parser.c:2368 UCX  INFO  UCX_* env variables: UCX_TLS=rc,cuda_copy,cuda_ipc UCX_WARN_UNUSED_ENV_VARS=n UCX_LOG_LEVEL=info
[1775521140.975421] [b0015:41283:0]     ucp_context.c:2358 UCX  INFO  Version 1.20.0 (loaded from /opt/hpcx/ompi/lib/openmpi/../../../ucx/lib/libucp.so.0)
[1775521141.290100] [b0015:41283:0]      ucp_worker.c:1903 UCX  INFO    ucp_context_0 self cfg#1 tag(rc_mlx5/mlx5_4:1 rc_mlx5/mlx5_5:1 rc_mlx5/mlx5_6:1 rc_mlx5/mlx5_11:1 rc_mlx5/mlx5_12:1 rc_mlx5/mlx5_0:1 rc_mlx5/mlx5_1:1 rc_mlx5/mlx5_2:1 rc_mlx5/mlx5_3:1 rc_mlx5/mlx5_4:1 rc_mlx5/mlx5_5:1 rc_mlx5/mlx5_6:1 rc_mlx5/mlx5_11:1 rc
[1775521141.337061] [b0015:41283:0]      ucp_worker.c:1903 UCX  INFO    ucp_context_0 intra-node cfg#2 tag(rc_mlx5/mlx5_4:1 rc_mlx5/mlx5_5:1 rc_mlx5/mlx5_6:1 rc_mlx5/mlx5_11:1 rc_mlx5/mlx5_12:1 rc_mlx5/mlx5_0:1 rc_mlx5/mlx5_1:1 rc_mlx5/mlx5_2:1 rc_mlx5/mlx5_3:1 rc_mlx5/mlx5_4:1 rc_mlx5/mlx5_5:1 rc_mlx5/mlx5_6:1 rc_mlx5/mlx5_1
[1775521141.346208] [b0015:41283:0]      ucp_worker.c:1903 UCX  INFO    ucp_context_0 intra-node cfg#3 tag(rc_mlx5/mlx5_4:1 rc_mlx5/mlx5_5:1 rc_mlx5/mlx5_6:1 rc_mlx5/mlx5_11:1 rc_mlx5/mlx5_12:1 rc_mlx5/mlx5_0:1 rc_mlx5/mlx5_1:1 rc_mlx5/mlx5_2:1 rc_mlx5/mlx5_3:1 rc_mlx5/mlx5_4:1 rc_mlx5/mlx5_5:1 rc_mlx5/mlx5_6:1 rc_mlx5/mlx5_1
[1775521172.666169] [b0015:41283:0]          ucp_ep.c:1517 UCX  DIAG  ep 0x7f75962e30c0: error 'Endpoint timeout' on rc_mlx5/mlx5_3:1 will not be handled since no error callback is installed
[b0015:41283:0:41283]       ud_ep.c:296  Fatal: UD endpoint 0x5ea9dc0 to <no debug data>: unhandled timeout error
[1775521132.598767] [b0014:41683:0]     ucp_context.c:2358 UCX  INFO  Version 1.20.0 (loaded from /opt/hpcx/ompi/lib/openmpi/../../../ucx/lib/libucp.so.0)
[1775521132.601715] [b0014:41683:f]        vfs_sock.c:63   UCX  DIAG  failed to create directory '/run/user/10009/ucx': No such file or directory
[1775521132.601720] [b0014:41683:f]        vfs_fuse.c:440  UCX  DIAG  failed to watch on '/run/user/10009/ucx/vfs.sock': Input/output error, VFS will be disabled
[1775521140.738932] [b0014:41683:0]          parser.c:2368 UCX  INFO  UCX_* env variables: UCX_TLS=rc,cuda_copy,cuda_ipc UCX_WARN_UNUSED_ENV_VARS=n UCX_LOG_LEVEL=info
[1775521140.972450] [b0014:41683:0]     ucp_context.c:2358 UCX  INFO  Version 1.20.0 (loaded from /opt/hpcx/ompi/lib/openmpi/../../../ucx/lib/libucp.so.0)
[1775521141.288996] [b0014:41683:0]      ucp_worker.c:1903 UCX  INFO    ucp_context_0 self cfg#1 tag(rc_mlx5/mlx5_0:1 rc_mlx5/mlx5_1:1 rc_mlx5/mlx5_2:1 rc_mlx5/mlx5_3:1 rc_mlx5/mlx5_4:1 rc_mlx5/mlx5_5:1 rc_mlx5/mlx5_6:1 rc_mlx5/mlx5_11:1 rc_mlx5/mlx5_12:1 rc_mlx5/mlx5_0:1 rc_mlx5/mlx5_1:1 rc_mlx5/mlx5_2:1 rc_mlx5/mlx5_3:1 rc_
[1775521141.338829] [b0014:41683:0]      ucp_worker.c:1903 UCX  INFO    ucp_context_0 intra-node cfg#2 tag(rc_mlx5/mlx5_0:1 rc_mlx5/mlx5_1:1 rc_mlx5/mlx5_2:1 rc_mlx5/mlx5_3:1 rc_mlx5/mlx5_4:1 rc_mlx5/mlx5_5:1 rc_mlx5/mlx5_6:1 rc_mlx5/mlx5_11:1 rc_mlx5/mlx5_12:1 rc_mlx5/mlx5_0:1 rc_mlx5/mlx5_1:1 rc_mlx5/mlx5_2:1 rc_mlx5/mlx5_3
[1775521141.348148] [b0014:41683:0]      ucp_worker.c:1903 UCX  INFO    ucp_context_0 intra-node cfg#3 tag(rc_mlx5/mlx5_0:1 rc_mlx5/mlx5_1:1 rc_mlx5/mlx5_2:1 rc_mlx5/mlx5_3:1 rc_mlx5/mlx5_4:1 rc_mlx5/mlx5_5:1 rc_mlx5/mlx5_6:1 rc_mlx5/mlx5_11:1 rc_mlx5/mlx5_12:1 rc_mlx5/mlx5_0:1 rc_mlx5/mlx5_1:1 rc_mlx5/mlx5_2:1 rc_mlx5/mlx5_3
[1775521172.664255] [b0014:41683:0]          ucp_ep.c:1517 UCX  DIAG  ep 0x7f575c0170c0: error 'Endpoint timeout' on rc_mlx5/mlx5_12:1 will not be handled since no error callback is installed
[b0014:41683:0:41683]       ud_ep.c:296  Fatal: UD endpoint 0x531da50 to <no debug data>: unhandled timeout error
==== backtrace (tid:  41283) ====
 0  /opt/hpcx/ompi/lib/openmpi/../../../ucx/lib/libucs.so.0(ucs_handle_error+0x2e4) [0x7f77b8522774]
 1  /opt/hpcx/ompi/lib/openmpi/../../../ucx/lib/libucs.so.0(ucs_fatal_error_message+0xc2) [0x7f77b851f732]
 2  /opt/hpcx/ompi/lib/openmpi/../../../ucx/lib/libucs.so.0(ucs_fatal_error_format+0x111) [0x7f77b851f851]
 3  /opt/hpcx/ompi/lib/openmpi/../../../ucx/lib/ucx/libuct_ib.so.0(+0x2ba70) [0x7f77b0adca70]
 4  /opt/hpcx/ompi/lib/openmpi/../../../ucx/lib/libucs.so.0(+0x28d87) [0x7f77b8513d87]
 5  /opt/hpcx/ompi/lib/openmpi/../../../ucx/lib/libucp.so.0(ucp_worker_progress+0x5a) [0x7f77b85b60ea]
 6  /opt/hpcx/ompi/lib/openmpi/mca_pml_ucx.so(mca_pml_ucx_send+0x1c7) [0x7f77b865c6e7]
 7  /opt/hpcx/ompi/lib/libmpi.so.40(PMPI_Send+0x33) [0x7f77ef95abc3]
 8  /workspace/hpl-linux-x86_64/xhpl() [0x4824ea]
 9  /workspace/hpl-linux-x86_64/xhpl() [0x481a50]
10  /workspace/hpl-linux-x86_64/xhpl() [0x4856a6]
11  /workspace/hpl-linux-x86_64/xhpl() [0x45be9d]
12  /lib/x86_64-linux-gnu/libc.so.6(+0x2a1ca) [0x7f77baa181ca]
13  /lib/x86_64-linux-gnu/libc.so.6(__libc_start_main+0x8b) [0x7f77baa1828b]
14  /workspace/hpl-linux-x86_64/xhpl() [0x45dafe]
=================================
[b0015:41283] *** Process received signal ***
[b0015:41283] Signal: Aborted (6)
[b0015:41283] Signal code:  (-6)
[b0015:41283] [ 0] /lib/x86_64-linux-gnu/libc.so.6(+0x45330)[0x7f77baa33330]
[b0015:41283] [ 1] /lib/x86_64-linux-gnu/libc.so.6(pthread_kill+0x11c)[0x7f77baa8cb2c]
[b0015:41283] [ 2] /lib/x86_64-linux-gnu/libc.so.6(gsignal+0x1e)[0x7f77baa3327e]
[b0015:41283] [ 3] /lib/x86_64-linux-gnu/libc.so.6(abort+0xdf)[0x7f77baa168ff]
[b0015:41283] [ 4] /opt/hpcx/ompi/lib/openmpi/../../../ucx/lib/libucs.so.0(+0x34737)[0x7f77b851f737]
[b0015:41283] [ 5] /opt/hpcx/ompi/lib/openmpi/../../../ucx/lib/libucs.so.0(ucs_fatal_error_format+0x111)[0x7f77b851f851]
[b0015:41283] [ 6] /opt/hpcx/ompi/lib/openmpi/../../../ucx/lib/ucx/libuct_ib.so.0(+0x2ba70)[0x7f77b0adca70]
[b0015:41283] [ 7] /opt/hpcx/ompi/lib/openmpi/../../../ucx/lib/libucs.so.0(+0x28d87)[0x7f77b8513d87]
[b0015:41283] [ 8] /opt/hpcx/ompi/lib/openmpi/../../../ucx/lib/libucp.so.0(ucp_worker_progress+0x5a)[0x7f77b85b60ea]
[b0015:41283] [ 9] /opt/hpcx/ompi/lib/openmpi/mca_pml_ucx.so(mca_pml_ucx_send+0x1c7)[0x7f77b865c6e7]
[b0015:41283] [10] /opt/hpcx/ompi/lib/libmpi.so.40(PMPI_Send+0x33)[0x7f77ef95abc3]
[b0015:41283] [11] /workspace/hpl-linux-x86_64/xhpl[0x4824ea]
[b0015:41283] [12] /workspace/hpl-linux-x86_64/xhpl[0x481a50]
[b0015:41283] [13] /workspace/hpl-linux-x86_64/xhpl[0x4856a6]
[b0015:41283] [14] /workspace/hpl-linux-x86_64/xhpl[0x45be9d]
[b0015:41283] [15] /lib/x86_64-linux-gnu/libc.so.6(+0x2a1ca)[0x7f77baa181ca]
[b0015:41283] [16] /lib/x86_64-linux-gnu/libc.so.6(__libc_start_main+0x8b)[0x7f77baa1828b]
[b0015:41283] [17] /workspace/hpl-linux-x86_64/xhpl[0x45dafe]
[b0015:41283] *** End of error message ***
==== backtrace (tid:  41683) ====
 0  /opt/hpcx/ompi/lib/openmpi/../../../ucx/lib/libucs.so.0(ucs_handle_error+0x2e4) [0x7f5777ecb774]
 1  /opt/hpcx/ompi/lib/openmpi/../../../ucx/lib/libucs.so.0(ucs_fatal_error_message+0xc2) [0x7f5777ec8732]
 2  /opt/hpcx/ompi/lib/openmpi/../../../ucx/lib/libucs.so.0(ucs_fatal_error_format+0x111) [0x7f5777ec8851]
 3  /opt/hpcx/ompi/lib/openmpi/../../../ucx/lib/ucx/libuct_ib.so.0(+0x2ba70) [0x7f577451aa70]
 4  /opt/hpcx/ompi/lib/openmpi/../../../ucx/lib/libucs.so.0(+0x28d87) [0x7f5777ebcd87]
 5  /opt/hpcx/ompi/lib/openmpi/../../../ucx/lib/libucp.so.0(ucp_worker_progress+0x5a) [0x7f5777f5f0ea]
 6  /opt/hpcx/ompi/lib/openmpi/mca_pml_ucx.so(mca_pml_ucx_recv+0x180) [0x7f577c054030]
 7  /opt/hpcx/ompi/lib/libmpi.so.40(MPI_Recv+0x31) [0x7f57b3358ac1]
 8  /workspace/hpl-linux-x86_64/xhpl() [0x48254f]
 9  /workspace/hpl-linux-x86_64/xhpl() [0x481a50]
10  /workspace/hpl-linux-x86_64/xhpl() [0x4856a6]
11  /workspace/hpl-linux-x86_64/xhpl() [0x45be9d]
12  /lib/x86_64-linux-gnu/libc.so.6(+0x2a1ca) [0x7f577e4181ca]
13  /lib/x86_64-linux-gnu/libc.so.6(__libc_start_main+0x8b) [0x7f577e41828b]
14  /workspace/hpl-linux-x86_64/xhpl() [0x45dafe]
=================================
[b0014:41683] *** Process received signal ***
[b0014:41683] Signal: Aborted (6)
[b0014:41683] Signal code:  (-6)
[b0014:41683] [ 0] /lib/x86_64-linux-gnu/libc.so.6(+0x45330)[0x7f577e433330]
[b0014:41683] [ 1] /lib/x86_64-linux-gnu/libc.so.6(pthread_kill+0x11c)[0x7f577e48cb2c]
[b0014:41683] [ 2] /lib/x86_64-linux-gnu/libc.so.6(gsignal+0x1e)[0x7f577e43327e]
[b0014:41683] [ 3] /lib/x86_64-linux-gnu/libc.so.6(abort+0xdf)[0x7f577e4168ff]
[b0014:41683] [ 4] /opt/hpcx/ompi/lib/openmpi/../../../ucx/lib/libucs.so.0(+0x34737)[0x7f5777ec8737]
[b0014:41683] [ 5] /opt/hpcx/ompi/lib/openmpi/../../../ucx/lib/libucs.so.0(ucs_fatal_error_format+0x111)[0x7f5777ec8851]
[b0014:41683] [ 6] /opt/hpcx/ompi/lib/openmpi/../../../ucx/lib/ucx/libuct_ib.so.0(+0x2ba70)[0x7f577451aa70]
[b0014:41683] [ 7] /opt/hpcx/ompi/lib/openmpi/../../../ucx/lib/libucs.so.0(+0x28d87)[0x7f5777ebcd87]
[b0014:41683] [ 8] /opt/hpcx/ompi/lib/openmpi/../../../ucx/lib/libucp.so.0(ucp_worker_progress+0x5a)[0x7f5777f5f0ea]
[b0014:41683] [ 9] /opt/hpcx/ompi/lib/openmpi/mca_pml_ucx.so(mca_pml_ucx_recv+0x180)[0x7f577c054030]
[b0014:41683] [10] /opt/hpcx/ompi/lib/libmpi.so.40(MPI_Recv+0x31)[0x7f57b3358ac1]
[b0014:41683] [11] /workspace/hpl-linux-x86_64/xhpl[0x48254f]
[b0014:41683] [12] /workspace/hpl-linux-x86_64/xhpl[0x481a50]
[b0014:41683] [13] /workspace/hpl-linux-x86_64/xhpl[0x4856a6]
[b0014:41683] [14] /workspace/hpl-linux-x86_64/xhpl[0x45be9d]
[b0014:41683] [15] /lib/x86_64-linux-gnu/libc.so.6(+0x2a1ca)[0x7f577e4181ca]
[b0014:41683] [16] /lib/x86_64-linux-gnu/libc.so.6(__libc_start_main+0x8b)[0x7f577e41828b]
[b0014:41683] [17] /workspace/hpl-linux-x86_64/xhpl[0x45dafe]
[b0014:41683] *** End of error message ***
[1775521132.598706] [b0014:41698:0]     ucp_context.c:2358 UCX  INFO  Version 1.20.0 (loaded from /opt/hpcx/ompi/lib/openmpi/../../../ucx/lib/libucp.so.0)
[1775521132.601692] [b0014:41698:f]        vfs_sock.c:63   UCX  DIAG  failed to create directory '/run/user/10009/ucx': No such file or directory
[1775521132.601697] [b0014:41698:f]        vfs_fuse.c:440  UCX  DIAG  failed to watch on '/run/user/10009/ucx/vfs.sock': Input/output error, VFS will be disabled
[1775521140.850765] [b0014:41698:0]          parser.c:2368 UCX  INFO  UCX_* env variables: UCX_TLS=rc,cuda_copy,cuda_ipc UCX_WARN_UNUSED_ENV_VARS=n UCX_LOG_LEVEL=info
[1775521140.972425] [b0014:41698:0]     ucp_context.c:2358 UCX  INFO  Version 1.20.0 (loaded from /opt/hpcx/ompi/lib/openmpi/../../../ucx/lib/libucp.so.0)
[1775521141.289173] [b0014:41698:0]      ucp_worker.c:1903 UCX  INFO    ucp_context_0 self cfg#1 tag(rc_mlx5/mlx5_0:1 rc_mlx5/mlx5_1:1 rc_mlx5/mlx5_2:1 rc_mlx5/mlx5_3:1 rc_mlx5/mlx5_4:1 rc_mlx5/mlx5_5:1 rc_mlx5/mlx5_6:1 rc_mlx5/mlx5_11:1 rc_mlx5/mlx5_12:1 rc_mlx5/mlx5_0:1 rc_mlx5/mlx5_1:1 rc_mlx5/mlx5_2:1 rc_mlx5/mlx5_3:1 rc_
[1775521141.337390] [b0014:41698:0]      ucp_worker.c:1903 UCX  INFO    ucp_context_0 intra-node cfg#2 tag(rc_mlx5/mlx5_0:1 rc_mlx5/mlx5_1:1 rc_mlx5/mlx5_2:1 rc_mlx5/mlx5_3:1 rc_mlx5/mlx5_4:1 rc_mlx5/mlx5_5:1 rc_mlx5/mlx5_6:1 rc_mlx5/mlx5_11:1 rc_mlx5/mlx5_12:1 rc_mlx5/mlx5_0:1 rc_mlx5/mlx5_1:1 rc_mlx5/mlx5_2:1 rc_mlx5/mlx5_3
[1775521141.346978] [b0014:41698:0]      ucp_worker.c:1903 UCX  INFO    ucp_context_0 intra-node cfg#3 tag(rc_mlx5/mlx5_0:1 rc_mlx5/mlx5_1:1 rc_mlx5/mlx5_2:1 rc_mlx5/mlx5_3:1 rc_mlx5/mlx5_4:1 rc_mlx5/mlx5_5:1 rc_mlx5/mlx5_6:1 rc_mlx5/mlx5_11:1 rc_mlx5/mlx5_12:1 rc_mlx5/mlx5_0:1 rc_mlx5/mlx5_1:1 rc_mlx5/mlx5_2:1 rc_mlx5/mlx5_3
[1775521172.677212] [b0014:41698:0]          ucp_ep.c:1517 UCX  DIAG  ep 0x7f24d119d0c0: error 'Endpoint timeout' on rc_mlx5/mlx5_12:1 will not be handled since no error callback is installed
[b0014:41698:0:41698]       ud_ep.c:296  Fatal: UD endpoint 0x49b9a10 to <no debug data>: unhandled timeout error
==== backtrace (tid:  41698) ====
 0  /opt/hpcx/ompi/lib/openmpi/../../../ucx/lib/libucs.so.0(ucs_handle_error+0x2e4) [0x7f26ef3c1774]
 1  /opt/hpcx/ompi/lib/openmpi/../../../ucx/lib/libucs.so.0(ucs_fatal_error_message+0xc2) [0x7f26ef3be732]
 2  /opt/hpcx/ompi/lib/openmpi/../../../ucx/lib/libucs.so.0(ucs_fatal_error_format+0x111) [0x7f26ef3be851]
 3  /opt/hpcx/ompi/lib/openmpi/../../../ucx/lib/ucx/libuct_ib.so.0(+0x2ba70) [0x7f26ecc00a70]
 4  /opt/hpcx/ompi/lib/openmpi/../../../ucx/lib/libucs.so.0(+0x28d87) [0x7f26ef3b2d87]
 5  /opt/hpcx/ompi/lib/openmpi/../../../ucx/lib/libucp.so.0(ucp_worker_progress+0x5a) [0x7f26f40750ea]
 6  /opt/hpcx/ompi/lib/openmpi/mca_pml_ucx.so(mca_pml_ucx_recv+0x180) [0x7f26f411a030]
 7  /opt/hpcx/ompi/lib/libmpi.so.40(MPI_Recv+0x31) [0x7f272a758ac1]
 8  /workspace/hpl-linux-x86_64/xhpl() [0x48254f]
 9  /workspace/hpl-linux-x86_64/xhpl() [0x481a50]
10  /workspace/hpl-linux-x86_64/xhpl() [0x4856a6]
11  /workspace/hpl-linux-x86_64/xhpl() [0x45be9d]
12  /lib/x86_64-linux-gnu/libc.so.6(+0x2a1ca) [0x7f26f58181ca]
13  /lib/x86_64-linux-gnu/libc.so.6(__libc_start_main+0x8b) [0x7f26f581828b]
14  /workspace/hpl-linux-x86_64/xhpl() [0x45dafe]
=================================
[b0014:41698] *** Process received signal ***
[b0014:41698] Signal: Aborted (6)
[b0014:41698] Signal code:  (-6)
[b0014:41698] [ 0] /lib/x86_64-linux-gnu/libc.so.6(+0x45330)[0x7f26f5833330]
[b0014:41698] [ 1] /lib/x86_64-linux-gnu/libc.so.6(pthread_kill+0x11c)[0x7f26f588cb2c]
[b0014:41698] [ 2] /lib/x86_64-linux-gnu/libc.so.6(gsignal+0x1e)[0x7f26f583327e]
[b0014:41698] [ 3] /lib/x86_64-linux-gnu/libc.so.6(abort+0xdf)[0x7f26f58168ff]
[b0014:41698] [ 4] /opt/hpcx/ompi/lib/openmpi/../../../ucx/lib/libucs.so.0(+0x34737)[0x7f26ef3be737]
[b0014:41698] [ 5] /opt/hpcx/ompi/lib/openmpi/../../../ucx/lib/libucs.so.0(ucs_fatal_error_format+0x111)[0x7f26ef3be851]
[b0014:41698] [ 6] /opt/hpcx/ompi/lib/openmpi/../../../ucx/lib/ucx/libuct_ib.so.0(+0x2ba70)[0x7f26ecc00a70]
[b0014:41698] [ 7] /opt/hpcx/ompi/lib/openmpi/../../../ucx/lib/libucs.so.0(+0x28d87)[0x7f26ef3b2d87]
[b0014:41698] [ 8] /opt/hpcx/ompi/lib/openmpi/../../../ucx/lib/libucp.so.0(ucp_worker_progress+0x5a)[0x7f26f40750ea]
[b0014:41698] [ 9] /opt/hpcx/ompi/lib/openmpi/mca_pml_ucx.so(mca_pml_ucx_recv+0x180)[0x7f26f411a030]
[b0014:41698] [10] /opt/hpcx/ompi/lib/libmpi.so.40(MPI_Recv+0x31)[0x7f272a758ac1]
[b0014:41698] [11] /workspace/hpl-linux-x86_64/xhpl[0x48254f]
[b0014:41698] [12] /workspace/hpl-linux-x86_64/xhpl[0x481a50]
[b0014:41698] [13] /workspace/hpl-linux-x86_64/xhpl[0x4856a6]
[b0014:41698] [14] /workspace/hpl-linux-x86_64/xhpl[0x45be9d]
[b0014:41698] [15] /lib/x86_64-linux-gnu/libc.so.6(+0x2a1ca)[0x7f26f58181ca]
[b0014:41698] [16] /lib/x86_64-linux-gnu/libc.so.6(__libc_start_main+0x8b)[0x7f26f581828b]
[b0014:41698] [17] /workspace/hpl-linux-x86_64/xhpl[0x45dafe]
[b0014:41698] *** End of error message ***
[1775521132.548094] [b0014:41605:0]     ucp_context.c:2358 UCX  INFO  Version 1.20.0 (loaded from /opt/hpcx/ompi/lib/openmpi/../../../ucx/lib/libucp.so.0)
[1775521132.553710] [b0014:41605:f]        vfs_sock.c:63   UCX  DIAG  failed to create directory '/run/user/10009/ucx': No such file or directory
[1775521132.553715] [b0014:41605:f]        vfs_fuse.c:440  UCX  DIAG  failed to watch on '/run/user/10009/ucx/vfs.sock': Input/output error, VFS will be disabled
[1775521139.956683] [b0014:41605:0]          parser.c:2368 UCX  INFO  UCX_* env variables: UCX_TLS=rc,cuda_copy,cuda_ipc UCX_WARN_UNUSED_ENV_VARS=n UCX_LOG_LEVEL=info
[1775521140.972409] [b0014:41605:0]     ucp_context.c:2358 UCX  INFO  Version 1.20.0 (loaded from /opt/hpcx/ompi/lib/openmpi/../../../ucx/lib/libucp.so.0)
[1775521141.282038] [b0014:41605:0]      ucp_worker.c:1903 UCX  INFO    ucp_context_0 self cfg#1 tag(rc_mlx5/mlx5_4:1 rc_mlx5/mlx5_5:1 rc_mlx5/mlx5_6:1 rc_mlx5/mlx5_11:1 rc_mlx5/mlx5_12:1 rc_mlx5/mlx5_0:1 rc_mlx5/mlx5_1:1 rc_mlx5/mlx5_2:1 rc_mlx5/mlx5_3:1 rc_mlx5/mlx5_4:1 rc_mlx5/mlx5_5:1 rc_mlx5/mlx5_6:1 rc_mlx5/mlx5_11:1 rc
[1775521141.328608] [b0014:41605:0]      ucp_worker.c:1903 UCX  INFO    ucp_context_0 intra-node cfg#2 tag(rc_mlx5/mlx5_4:1 rc_mlx5/mlx5_5:1 rc_mlx5/mlx5_6:1 rc_mlx5/mlx5_11:1 rc_mlx5/mlx5_12:1 rc_mlx5/mlx5_0:1 rc_mlx5/mlx5_1:1 rc_mlx5/mlx5_2:1 rc_mlx5/mlx5_3:1 rc_mlx5/mlx5_4:1 rc_mlx5/mlx5_5:1 rc_mlx5/mlx5_6:1 rc_mlx5/mlx5_1
[1775521141.338789] [b0014:41605:0]      ucp_worker.c:1903 UCX  INFO    ucp_context_0 intra-node cfg#3 tag(rc_mlx5/mlx5_4:1 rc_mlx5/mlx5_5:1 rc_mlx5/mlx5_6:1 rc_mlx5/mlx5_11:1 rc_mlx5/mlx5_12:1 rc_mlx5/mlx5_0:1 rc_mlx5/mlx5_1:1 rc_mlx5/mlx5_2:1 rc_mlx5/mlx5_3:1 rc_mlx5/mlx5_4:1 rc_mlx5/mlx5_5:1 rc_mlx5/mlx5_6:1 rc_mlx5/mlx5_1
[1775521172.682295] [b0014:41605:0]          ucp_ep.c:1517 UCX  DIAG  ep 0x7fd9eeaf00c0: error 'Endpoint timeout' on rc_mlx5/mlx5_3:1 will not be handled since no error callback is installed
[b0014:41605:0:41605]       ud_ep.c:296  Fatal: UD endpoint 0x5a08820 to <no debug data>: unhandled timeout error
==== backtrace (tid:  41605) ====
 0  /opt/hpcx/ompi/lib/openmpi/../../../ucx/lib/libucs.so.0(ucs_handle_error+0x2e4) [0x7fdc10d27774]
 1  /opt/hpcx/ompi/lib/openmpi/../../../ucx/lib/libucs.so.0(ucs_fatal_error_message+0xc2) [0x7fdc10d24732]
 2  /opt/hpcx/ompi/lib/openmpi/../../../ucx/lib/libucs.so.0(ucs_fatal_error_format+0x111) [0x7fdc10d24851]
 3  /opt/hpcx/ompi/lib/openmpi/../../../ucx/lib/ucx/libuct_ib.so.0(+0x2ba70) [0x7fdc080bca70]
 4  /opt/hpcx/ompi/lib/openmpi/../../../ucx/lib/libucs.so.0(+0x28d87) [0x7fdc10d18d87]
 5  /opt/hpcx/ompi/lib/openmpi/../../../ucx/lib/libucp.so.0(ucp_worker_progress+0x5a) [0x7fdc10dbb0ea]
 6  /opt/hpcx/ompi/lib/openmpi/mca_pml_ucx.so(mca_pml_ucx_send+0x1c7) [0x7fdc10e616e7]
 7  /opt/hpcx/ompi/lib/libmpi.so.40(PMPI_Send+0x33) [0x7fdc4815abc3]
 8  /workspace/hpl-linux-x86_64/xhpl() [0x4824ea]
 9  /workspace/hpl-linux-x86_64/xhpl() [0x481a50]
10  /workspace/hpl-linux-x86_64/xhpl() [0x4856a6]
11  /workspace/hpl-linux-x86_64/xhpl() [0x45be9d]
12  /lib/x86_64-linux-gnu/libc.so.6(+0x2a1ca) [0x7fdc132181ca]
13  /lib/x86_64-linux-gnu/libc.so.6(__libc_start_main+0x8b) [0x7fdc1321828b]
14  /workspace/hpl-linux-x86_64/xhpl() [0x45dafe]
=================================
[b0014:41605] *** Process received signal ***
[b0014:41605] Signal: Aborted (6)
[b0014:41605] Signal code:  (-6)
[b0014:41605] [ 0] /lib/x86_64-linux-gnu/libc.so.6(+0x45330)[0x7fdc13233330]
[b0014:41605] [ 1] /lib/x86_64-linux-gnu/libc.so.6(pthread_kill+0x11c)[0x7fdc1328cb2c]
[b0014:41605] [ 2] /lib/x86_64-linux-gnu/libc.so.6(gsignal+0x1e)[0x7fdc1323327e]
[b0014:41605] [ 3] /lib/x86_64-linux-gnu/libc.so.6(abort+0xdf)[0x7fdc132168ff]
[b0014:41605] [ 4] /opt/hpcx/ompi/lib/openmpi/../../../ucx/lib/libucs.so.0(+0x34737)[0x7fdc10d24737]
[b0014:41605] [ 5] /opt/hpcx/ompi/lib/openmpi/../../../ucx/lib/libucs.so.0(ucs_fatal_error_format+0x111)[0x7fdc10d24851]
[b0014:41605] [ 6] /opt/hpcx/ompi/lib/openmpi/../../../ucx/lib/ucx/libuct_ib.so.0(+0x2ba70)[0x7fdc080bca70]
[b0014:41605] [ 7] /opt/hpcx/ompi/lib/openmpi/../../../ucx/lib/libucs.so.0(+0x28d87)[0x7fdc10d18d87]
[b0014:41605] [ 8] /opt/hpcx/ompi/lib/openmpi/../../../ucx/lib/libucp.so.0(ucp_worker_progress+0x5a)[0x7fdc10dbb0ea]
[b0014:41605] [ 9] /opt/hpcx/ompi/lib/openmpi/mca_pml_ucx.so(mca_pml_ucx_send+0x1c7)[0x7fdc10e616e7]
[b0014:41605] [10] /opt/hpcx/ompi/lib/libmpi.so.40(PMPI_Send+0x33)[0x7fdc4815abc3]
[b0014:41605] [11] /workspace/hpl-linux-x86_64/xhpl[0x4824ea]
[b0014:41605] [12] /workspace/hpl-linux-x86_64/xhpl[0x481a50]
[b0014:41605] [13] /workspace/hpl-linux-x86_64/xhpl[0x4856a6]
[b0014:41605] [14] /workspace/hpl-linux-x86_64/xhpl[0x45be9d]
[b0014:41605] [15] /lib/x86_64-linux-gnu/libc.so.6(+0x2a1ca)[0x7fdc132181ca]
[b0014:41605] [16] /lib/x86_64-linux-gnu/libc.so.6(__libc_start_main+0x8b)[0x7fdc1321828b]
[b0014:41605] [17] /workspace/hpl-linux-x86_64/xhpl[0x45dafe]
[b0014:41605] *** End of error message ***
[1775521132.496824] [b0018:40021:0]     ucp_context.c:2358 UCX  INFO  Version 1.20.0 (loaded from /opt/hpcx/ompi/lib/openmpi/../../../ucx/lib/libucp.so.0)
[1775521132.506526] [b0018:40021:f]        vfs_sock.c:63   UCX  DIAG  failed to create directory '/run/user/10009/ucx': No such file or directory
[1775521132.506532] [b0018:40021:f]        vfs_fuse.c:440  UCX  DIAG  failed to watch on '/run/user/10009/ucx/vfs.sock': Input/output error, VFS will be disabled
[1775521140.904418] [b0018:40021:0]          parser.c:2368 UCX  INFO  UCX_* env variables: UCX_TLS=rc,cuda_copy,cuda_ipc UCX_WARN_UNUSED_ENV_VARS=n UCX_LOG_LEVEL=info
[1775521140.972847] [b0018:40021:0]     ucp_context.c:2358 UCX  INFO  Version 1.20.0 (loaded from /opt/hpcx/ompi/lib/openmpi/../../../ucx/lib/libucp.so.0)
[1775521141.284920] [b0018:40021:0]      ucp_worker.c:1903 UCX  INFO    ucp_context_0 self cfg#1 tag(rc_mlx5/mlx5_0:1 rc_mlx5/mlx5_1:1 rc_mlx5/mlx5_2:1 rc_mlx5/mlx5_3:1 rc_mlx5/mlx5_4:1 rc_mlx5/mlx5_5:1 rc_mlx5/mlx5_6:1 rc_mlx5/mlx5_11:1 rc_mlx5/mlx5_12:1 rc_mlx5/mlx5_0:1 rc_mlx5/mlx5_1:1 rc_mlx5/mlx5_2:1 rc_mlx5/mlx5_3:1 rc_
[1775521141.332004] [b0018:40021:0]      ucp_worker.c:1903 UCX  INFO    ucp_context_0 intra-node cfg#2 tag(rc_mlx5/mlx5_0:1 rc_mlx5/mlx5_1:1 rc_mlx5/mlx5_2:1 rc_mlx5/mlx5_3:1 rc_mlx5/mlx5_4:1 rc_mlx5/mlx5_5:1 rc_mlx5/mlx5_6:1 rc_mlx5/mlx5_11:1 rc_mlx5/mlx5_12:1 rc_mlx5/mlx5_0:1 rc_mlx5/mlx5_1:1 rc_mlx5/mlx5_2:1 rc_mlx5/mlx5_3
[1775521141.342288] [b0018:40021:0]      ucp_worker.c:1903 UCX  INFO    ucp_context_0 intra-node cfg#3 tag(rc_mlx5/mlx5_0:1 rc_mlx5/mlx5_1:1 rc_mlx5/mlx5_2:1 rc_mlx5/mlx5_3:1 rc_mlx5/mlx5_4:1 rc_mlx5/mlx5_5:1 rc_mlx5/mlx5_6:1 rc_mlx5/mlx5_11:1 rc_mlx5/mlx5_12:1 rc_mlx5/mlx5_0:1 rc_mlx5/mlx5_1:1 rc_mlx5/mlx5_2:1 rc_mlx5/mlx5_3
[1775521172.690310] [b0018:40021:0]          ucp_ep.c:1517 UCX  DIAG  ep 0x7fb0a4df60c0: error 'Endpoint timeout' on rc_mlx5/mlx5_12:1 will not be handled since no error callback is installed
[b0018:40021:0:40021]       ud_ep.c:296  Fatal: UD endpoint 0x5469ab0 to <no debug data>: unhandled timeout error
==== backtrace (tid:  40021) ====
 0  /opt/hpcx/ompi/lib/openmpi/../../../ucx/lib/libucs.so.0(ucs_handle_error+0x2e4) [0x7fb2c7046774]
 1  /opt/hpcx/ompi/lib/openmpi/../../../ucx/lib/libucs.so.0(ucs_fatal_error_message+0xc2) [0x7fb2c7043732]
 2  /opt/hpcx/ompi/lib/openmpi/../../../ucx/lib/libucs.so.0(ucs_fatal_error_format+0x111) [0x7fb2c7043851]
 3  /opt/hpcx/ompi/lib/openmpi/../../../ucx/lib/ucx/libuct_ib.so.0(+0x2ba70) [0x7fb2c486aa70]
 4  /opt/hpcx/ompi/lib/openmpi/../../../ucx/lib/libucs.so.0(+0x28d87) [0x7fb2c7037d87]
 5  /opt/hpcx/ompi/lib/openmpi/../../../ucx/lib/libucp.so.0(ucp_worker_progress+0x5a) [0x7fb2c70da0ea]
 6  /opt/hpcx/ompi/lib/openmpi/mca_pml_ucx.so(mca_pml_ucx_recv+0x180) [0x7fb2c717f030]
 7  /opt/hpcx/ompi/lib/libmpi.so.40(MPI_Recv+0x31) [0x7fb301ac0ac1]
 8  /workspace/hpl-linux-x86_64/xhpl() [0x48254f]
 9  /workspace/hpl-linux-x86_64/xhpl() [0x481a50]
10  /workspace/hpl-linux-x86_64/xhpl() [0x4856a6]
11  /workspace/hpl-linux-x86_64/xhpl() [0x45be9d]
12  /lib/x86_64-linux-gnu/libc.so.6(+0x2a1ca) [0x7fb2c94181ca]
13  /lib/x86_64-linux-gnu/libc.so.6(__libc_start_main+0x8b) [0x7fb2c941828b]
14  /workspace/hpl-linux-x86_64/xhpl() [0x45dafe]
=================================
[b0018:40021] *** Process received signal ***
[b0018:40021] Signal: Aborted (6)
[b0018:40021] Signal code:  (-6)
[b0018:40021] [ 0] /lib/x86_64-linux-gnu/libc.so.6(+0x45330)[0x7fb2c9433330]
[b0018:40021] [ 1] /lib/x86_64-linux-gnu/libc.so.6(pthread_kill+0x11c)[0x7fb2c948cb2c]
[b0018:40021] [ 2] /lib/x86_64-linux-gnu/libc.so.6(gsignal+0x1e)[0x7fb2c943327e]
[b0018:40021] [ 3] /lib/x86_64-linux-gnu/libc.so.6(abort+0xdf)[0x7fb2c94168ff]
[b0018:40021] [ 4] /opt/hpcx/ompi/lib/openmpi/../../../ucx/lib/libucs.so.0(+0x34737)[0x7fb2c7043737]
[b0018:40021] [ 5] /opt/hpcx/ompi/lib/openmpi/../../../ucx/lib/libucs.so.0(ucs_fatal_error_format+0x111)[0x7fb2c7043851]
[b0018:40021] [ 6] /opt/hpcx/ompi/lib/openmpi/../../../ucx/lib/ucx/libuct_ib.so.0(+0x2ba70)[0x7fb2c486aa70]
[b0018:40021] [ 7] /opt/hpcx/ompi/lib/openmpi/../../../ucx/lib/libucs.so.0(+0x28d87)[0x7fb2c7037d87]
[b0018:40021] [ 8] /opt/hpcx/ompi/lib/openmpi/../../../ucx/lib/libucp.so.0(ucp_worker_progress+0x5a)[0x7fb2c70da0ea]
[b0018:40021] [ 9] /opt/hpcx/ompi/lib/openmpi/mca_pml_ucx.so(mca_pml_ucx_recv+0x180)[0x7fb2c717f030]
[b0018:40021] [10] /opt/hpcx/ompi/lib/libmpi.so.40(MPI_Recv+0x31)[0x7fb301ac0ac1]
[b0018:40021] [11] /workspace/hpl-linux-x86_64/xhpl[0x48254f]
[b0018:40021] [12] /workspace/hpl-linux-x86_64/xhpl[0x481a50]
[b0018:40021] [13] /workspace/hpl-linux-x86_64/xhpl[0x4856a6]
[b0018:40021] [14] /workspace/hpl-linux-x86_64/xhpl[0x45be9d]
[b0018:40021] [15] /lib/x86_64-linux-gnu/libc.so.6(+0x2a1ca)[0x7fb2c94181ca]
[b0018:40021] [16] /lib/x86_64-linux-gnu/libc.so.6(__libc_start_main+0x8b)[0x7fb2c941828b]
[b0018:40021] [17] /workspace/hpl-linux-x86_64/xhpl[0x45dafe]
[b0018:40021] *** End of error message ***
[1775521132.606947] [b0018:40142:0]     ucp_context.c:2358 UCX  INFO  Version 1.20.0 (loaded from /opt/hpcx/ompi/lib/openmpi/../../../ucx/lib/libucp.so.0)
[1775521132.609556] [b0018:40142:f]        vfs_sock.c:63   UCX  DIAG  failed to create directory '/run/user/10009/ucx': No such file or directory
[1775521132.609561] [b0018:40142:f]        vfs_fuse.c:440  UCX  DIAG  failed to watch on '/run/user/10009/ucx/vfs.sock': Input/output error, VFS will be disabled
[1775521140.698414] [b0018:40142:0]          parser.c:2368 UCX  INFO  UCX_* env variables: UCX_TLS=rc,cuda_copy,cuda_ipc UCX_WARN_UNUSED_ENV_VARS=n UCX_LOG_LEVEL=info
[1775521140.972887] [b0018:40142:0]     ucp_context.c:2358 UCX  INFO  Version 1.20.0 (loaded from /opt/hpcx/ompi/lib/openmpi/../../../ucx/lib/libucp.so.0)
[1775521141.295005] [b0018:40142:0]      ucp_worker.c:1903 UCX  INFO    ucp_context_0 self cfg#1 tag(rc_mlx5/mlx5_4:1 rc_mlx5/mlx5_5:1 rc_mlx5/mlx5_6:1 rc_mlx5/mlx5_11:1 rc_mlx5/mlx5_12:1 rc_mlx5/mlx5_0:1 rc_mlx5/mlx5_1:1 rc_mlx5/mlx5_2:1 rc_mlx5/mlx5_3:1 rc_mlx5/mlx5_4:1 rc_mlx5/mlx5_5:1 rc_mlx5/mlx5_6:1 rc_mlx5/mlx5_11:1 rc
[1775521141.341769] [b0018:40142:0]      ucp_worker.c:1903 UCX  INFO    ucp_context_0 intra-node cfg#2 tag(rc_mlx5/mlx5_4:1 rc_mlx5/mlx5_5:1 rc_mlx5/mlx5_6:1 rc_mlx5/mlx5_11:1 rc_mlx5/mlx5_12:1 rc_mlx5/mlx5_0:1 rc_mlx5/mlx5_1:1 rc_mlx5/mlx5_2:1 rc_mlx5/mlx5_3:1 rc_mlx5/mlx5_4:1 rc_mlx5/mlx5_5:1 rc_mlx5/mlx5_6:1 rc_mlx5/mlx5_1
[1775521141.352270] [b0018:40142:0]      ucp_worker.c:1903 UCX  INFO    ucp_context_0 intra-node cfg#3 tag(rc_mlx5/mlx5_4:1 rc_mlx5/mlx5_5:1 rc_mlx5/mlx5_6:1 rc_mlx5/mlx5_11:1 rc_mlx5/mlx5_12:1 rc_mlx5/mlx5_0:1 rc_mlx5/mlx5_1:1 rc_mlx5/mlx5_2:1 rc_mlx5/mlx5_3:1 rc_mlx5/mlx5_4:1 rc_mlx5/mlx5_5:1 rc_mlx5/mlx5_6:1 rc_mlx5/mlx5_1
[1775521172.703084] [b0018:40142:0]          ucp_ep.c:1517 UCX  DIAG  ep 0x7f84148740c0: error 'Endpoint timeout' on rc_mlx5/mlx5_3:1 will not be handled since no error callback is installed
[b0018:40142:0:40142]       ud_ep.c:296  Fatal: UD endpoint 0x544e8e0 to <no debug data>: unhandled timeout error
==== backtrace (tid:  40142) ====
 0  /opt/hpcx/ompi/lib/openmpi/../../../ucx/lib/libucs.so.0(ucs_handle_error+0x2e4) [0x7f8636a9e774]
 1  /opt/hpcx/ompi/lib/openmpi/../../../ucx/lib/libucs.so.0(ucs_fatal_error_message+0xc2) [0x7f8636a9b732]
 2  /opt/hpcx/ompi/lib/openmpi/../../../ucx/lib/libucs.so.0(ucs_fatal_error_format+0x111) [0x7f8636a9b851]
 3  /opt/hpcx/ompi/lib/openmpi/../../../ucx/lib/ucx/libuct_ib.so.0(+0x2ba70) [0x7f86342c6a70]
 4  /opt/hpcx/ompi/lib/openmpi/../../../ucx/lib/libucs.so.0(+0x28d87) [0x7f8636a8fd87]
 5  /opt/hpcx/ompi/lib/openmpi/../../../ucx/lib/libucp.so.0(ucp_worker_progress+0x5a) [0x7f8636b320ea]
 6  /opt/hpcx/ompi/lib/openmpi/mca_pml_ucx.so(mca_pml_ucx_send+0x1c7) [0x7f86393266e7]
 7  /opt/hpcx/ompi/lib/libmpi.so.40(PMPI_Send+0x33) [0x7f8671523bc3]
 8  /workspace/hpl-linux-x86_64/xhpl() [0x4824ea]
 9  /workspace/hpl-linux-x86_64/xhpl() [0x481a50]
10  /workspace/hpl-linux-x86_64/xhpl() [0x4856a6]
11  /workspace/hpl-linux-x86_64/xhpl() [0x45be9d]
12  /lib/x86_64-linux-gnu/libc.so.6(+0x2a1ca) [0x7f8638e181ca]
13  /lib/x86_64-linux-gnu/libc.so.6(__libc_start_main+0x8b) [0x7f8638e1828b]
14  /workspace/hpl-linux-x86_64/xhpl() [0x45dafe]
=================================
[b0018:40142] *** Process received signal ***
[b0018:40142] Signal: Aborted (6)
[b0018:40142] Signal code:  (-6)
[b0018:40142] [ 0] /lib/x86_64-linux-gnu/libc.so.6(+0x45330)[0x7f8638e33330]
[b0018:40142] [ 1] /lib/x86_64-linux-gnu/libc.so.6(pthread_kill+0x11c)[0x7f8638e8cb2c]
[b0018:40142] [ 2] /lib/x86_64-linux-gnu/libc.so.6(gsignal+0x1e)[0x7f8638e3327e]
[b0018:40142] [ 3] /lib/x86_64-linux-gnu/libc.so.6(abort+0xdf)[0x7f8638e168ff]
[b0018:40142] [ 4] /opt/hpcx/ompi/lib/openmpi/../../../ucx/lib/libucs.so.0(+0x34737)[0x7f8636a9b737]
[b0018:40142] [ 5] /opt/hpcx/ompi/lib/openmpi/../../../ucx/lib/libucs.so.0(ucs_fatal_error_format+0x111)[0x7f8636a9b851]
[b0018:40142] [ 6] /opt/hpcx/ompi/lib/openmpi/../../../ucx/lib/ucx/libuct_ib.so.0(+0x2ba70)[0x7f86342c6a70]
[b0018:40142] [ 7] /opt/hpcx/ompi/lib/openmpi/../../../ucx/lib/libucs.so.0(+0x28d87)[0x7f8636a8fd87]
[b0018:40142] [ 8] /opt/hpcx/ompi/lib/openmpi/../../../ucx/lib/libucp.so.0(ucp_worker_progress+0x5a)[0x7f8636b320ea]
[b0018:40142] [ 9] /opt/hpcx/ompi/lib/openmpi/mca_pml_ucx.so(mca_pml_ucx_send+0x1c7)[0x7f86393266e7]
[b0018:40142] [10] /opt/hpcx/ompi/lib/libmpi.so.40(PMPI_Send+0x33)[0x7f8671523bc3]
[b0018:40142] [11] /workspace/hpl-linux-x86_64/xhpl[0x4824ea]
[b0018:40142] [12] /workspace/hpl-linux-x86_64/xhpl[0x481a50]
[b0018:40142] [13] /workspace/hpl-linux-x86_64/xhpl[0x4856a6]
[b0018:40142] [14] /workspace/hpl-linux-x86_64/xhpl[0x45be9d]
[b0018:40142] [15] /lib/x86_64-linux-gnu/libc.so.6(+0x2a1ca)[0x7f8638e181ca]
[b0018:40142] [16] /lib/x86_64-linux-gnu/libc.so.6(__libc_start_main+0x8b)[0x7f8638e1828b]
[b0018:40142] [17] /workspace/hpl-linux-x86_64/xhpl[0x45dafe]
[b0018:40142] *** End of error message ***
[1775521132.602264] [b0012:42860:0]     ucp_context.c:2358 UCX  INFO  Version 1.20.0 (loaded from /opt/hpcx/ompi/lib/openmpi/../../../ucx/lib/libucp.so.0)
[1775521132.608138] [b0012:42860:f]        vfs_sock.c:63   UCX  DIAG  failed to create directory '/run/user/10009/ucx': No such file or directory
[1775521132.608142] [b0012:42860:f]        vfs_fuse.c:440  UCX  DIAG  failed to watch on '/run/user/10009/ucx/vfs.sock': Input/output error, VFS will be disabled
[1775521140.951425] [b0012:42860:0]          parser.c:2368 UCX  INFO  UCX_* env variables: UCX_TLS=rc,cuda_copy,cuda_ipc UCX_WARN_UNUSED_ENV_VARS=n UCX_LOG_LEVEL=info
[1775521140.973064] [b0012:42860:0]     ucp_context.c:2358 UCX  INFO  Version 1.20.0 (loaded from /opt/hpcx/ompi/lib/openmpi/../../../ucx/lib/libucp.so.0)
[1775521141.297773] [b0012:42860:0]      ucp_worker.c:1903 UCX  INFO    ucp_context_0 self cfg#1 tag(rc_mlx5/mlx5_0:1 rc_mlx5/mlx5_1:1 rc_mlx5/mlx5_2:1 rc_mlx5/mlx5_3:1 rc_mlx5/mlx5_4:1 rc_mlx5/mlx5_5:1 rc_mlx5/mlx5_6:1 rc_mlx5/mlx5_11:1 rc_mlx5/mlx5_12:1 rc_mlx5/mlx5_0:1 rc_mlx5/mlx5_1:1 rc_mlx5/mlx5_2:1 rc_mlx5/mlx5_3:1 rc_
[1775521141.354535] [b0012:42860:0]      ucp_worker.c:1903 UCX  INFO    ucp_context_0 intra-node cfg#2 tag(rc_mlx5/mlx5_0:1 rc_mlx5/mlx5_1:1 rc_mlx5/mlx5_2:1 rc_mlx5/mlx5_3:1 rc_mlx5/mlx5_4:1 rc_mlx5/mlx5_5:1 rc_mlx5/mlx5_6:1 rc_mlx5/mlx5_11:1 rc_mlx5/mlx5_12:1 rc_mlx5/mlx5_0:1 rc_mlx5/mlx5_1:1 rc_mlx5/mlx5_2:1 rc_mlx5/mlx5_3
[1775521141.365421] [b0012:42860:0]      ucp_worker.c:1903 UCX  INFO    ucp_context_0 intra-node cfg#3 tag(rc_mlx5/mlx5_0:1 rc_mlx5/mlx5_1:1 rc_mlx5/mlx5_2:1 rc_mlx5/mlx5_3:1 rc_mlx5/mlx5_4:1 rc_mlx5/mlx5_5:1 rc_mlx5/mlx5_6:1 rc_mlx5/mlx5_11:1 rc_mlx5/mlx5_12:1 rc_mlx5/mlx5_0:1 rc_mlx5/mlx5_1:1 rc_mlx5/mlx5_2:1 rc_mlx5/mlx5_3
[1775521172.710355] [b0012:42860:0]          ucp_ep.c:1517 UCX  DIAG  ep 0x7f4a400020c0: error 'Endpoint timeout' on rc_mlx5/mlx5_12:1 will not be handled since no error callback is installed
[b0012:42860:0:42860]       ud_ep.c:296  Fatal: UD endpoint 0x4e2be00 to <no debug data>: unhandled timeout error
==== backtrace (tid:  42860) ====
 0  /opt/hpcx/ompi/lib/openmpi/../../../ucx/lib/libucs.so.0(ucs_handle_error+0x2e4) [0x7f4a547a3774]
 1  /opt/hpcx/ompi/lib/openmpi/../../../ucx/lib/libucs.so.0(ucs_fatal_error_message+0xc2) [0x7f4a547a0732]
 2  /opt/hpcx/ompi/lib/openmpi/../../../ucx/lib/libucs.so.0(ucs_fatal_error_format+0x111) [0x7f4a547a0851]
 3  /opt/hpcx/ompi/lib/openmpi/../../../ucx/lib/ucx/libuct_ib.so.0(+0x2ba70) [0x7f4a541e6a70]
 4  /opt/hpcx/ompi/lib/openmpi/../../../ucx/lib/libucs.so.0(+0x28d87) [0x7f4a54794d87]
 5  /opt/hpcx/ompi/lib/openmpi/../../../ucx/lib/libucp.so.0(ucp_worker_progress+0x5a) [0x7f4a548370ea]
 6  /opt/hpcx/ompi/lib/openmpi/mca_pml_ucx.so(mca_pml_ucx_recv+0x180) [0x7f4a548dc030]
 7  /opt/hpcx/ompi/lib/libmpi.so.40(MPI_Recv+0x31) [0x7f4a8bb58ac1]
 8  /workspace/hpl-linux-x86_64/xhpl() [0x48254f]
 9  /workspace/hpl-linux-x86_64/xhpl() [0x481a50]
10  /workspace/hpl-linux-x86_64/xhpl() [0x4856a6]
11  /workspace/hpl-linux-x86_64/xhpl() [0x45be9d]
12  /lib/x86_64-linux-gnu/libc.so.6(+0x2a1ca) [0x7f4a56c181ca]
13  /lib/x86_64-linux-gnu/libc.so.6(__libc_start_main+0x8b) [0x7f4a56c1828b]
14  /workspace/hpl-linux-x86_64/xhpl() [0x45dafe]
=================================
[b0012:42860] *** Process received signal ***
[b0012:42860] Signal: Aborted (6)
[b0012:42860] Signal code:  (-6)
[b0012:42860] [ 0] /lib/x86_64-linux-gnu/libc.so.6(+0x45330)[0x7f4a56c33330]
[b0012:42860] [ 1] /lib/x86_64-linux-gnu/libc.so.6(pthread_kill+0x11c)[0x7f4a56c8cb2c]
[b0012:42860] [ 2] /lib/x86_64-linux-gnu/libc.so.6(gsignal+0x1e)[0x7f4a56c3327e]
[b0012:42860] [ 3] /lib/x86_64-linux-gnu/libc.so.6(abort+0xdf)[0x7f4a56c168ff]
[b0012:42860] [ 4] /opt/hpcx/ompi/lib/openmpi/../../../ucx/lib/libucs.so.0(+0x34737)[0x7f4a547a0737]
[b0012:42860] [ 5] /opt/hpcx/ompi/lib/openmpi/../../../ucx/lib/libucs.so.0(ucs_fatal_error_format+0x111)[0x7f4a547a0851]
[b0012:42860] [ 6] /opt/hpcx/ompi/lib/openmpi/../../../ucx/lib/ucx/libuct_ib.so.0(+0x2ba70)[0x7f4a541e6a70]
[b0012:42860] [ 7] /opt/hpcx/ompi/lib/openmpi/../../../ucx/lib/libucs.so.0(+0x28d87)[0x7f4a54794d87]
[b0012:42860] [ 8] /opt/hpcx/ompi/lib/openmpi/../../../ucx/lib/libucp.so.0(ucp_worker_progress+0x5a)[0x7f4a548370ea]
[b0012:42860] [ 9] /opt/hpcx/ompi/lib/openmpi/mca_pml_ucx.so(mca_pml_ucx_recv+0x180)[0x7f4a548dc030]
[b0012:42860] [10] /opt/hpcx/ompi/lib/libmpi.so.40(MPI_Recv+0x31)[0x7f4a8bb58ac1]
[b0012:42860] [11] /workspace/hpl-linux-x86_64/xhpl[0x48254f]
[b0012:42860] [12] /workspace/hpl-linux-x86_64/xhpl[0x481a50]
[b0012:42860] [13] /workspace/hpl-linux-x86_64/xhpl[0x4856a6]
[b0012:42860] [14] /workspace/hpl-linux-x86_64/xhpl[0x45be9d]
[b0012:42860] [15] /lib/x86_64-linux-gnu/libc.so.6(+0x2a1ca)[0x7f4a56c181ca]
[b0012:42860] [16] /lib/x86_64-linux-gnu/libc.so.6(__libc_start_main+0x8b)[0x7f4a56c1828b]
[b0012:42860] [17] /workspace/hpl-linux-x86_64/xhpl[0x45dafe]
[b0012:42860] *** End of error message ***
[1775521132.599108] [b0019:44961:0]     ucp_context.c:2358 UCX  INFO  Version 1.20.0 (loaded from /opt/hpcx/ompi/lib/openmpi/../../../ucx/lib/libucp.so.0)
[1775521132.602083] [b0019:44961:f]        vfs_sock.c:63   UCX  DIAG  failed to create directory '/run/user/10009/ucx': No such file or directory
[1775521132.602087] [b0019:44961:f]        vfs_fuse.c:440  UCX  DIAG  failed to watch on '/run/user/10009/ucx/vfs.sock': Input/output error, VFS will be disabled
[1775521140.892451] [b0019:44961:0]          parser.c:2368 UCX  INFO  UCX_* env variables: UCX_TLS=rc,cuda_copy,cuda_ipc UCX_WARN_UNUSED_ENV_VARS=n UCX_LOG_LEVEL=info
[1775521140.973954] [b0019:44961:0]     ucp_context.c:2358 UCX  INFO  Version 1.20.0 (loaded from /opt/hpcx/ompi/lib/openmpi/../../../ucx/lib/libucp.so.0)
[1775521141.290551] [b0019:44961:0]      ucp_worker.c:1903 UCX  INFO    ucp_context_0 self cfg#1 tag(rc_mlx5/mlx5_0:1 rc_mlx5/mlx5_1:1 rc_mlx5/mlx5_2:1 rc_mlx5/mlx5_3:1 rc_mlx5/mlx5_4:1 rc_mlx5/mlx5_5:1 rc_mlx5/mlx5_6:1 rc_mlx5/mlx5_11:1 rc_mlx5/mlx5_12:1 rc_mlx5/mlx5_0:1 rc_mlx5/mlx5_1:1 rc_mlx5/mlx5_2:1 rc_mlx5/mlx5_3:1 rc_
[1775521141.347587] [b0019:44961:0]      ucp_worker.c:1903 UCX  INFO    ucp_context_0 intra-node cfg#2 tag(rc_mlx5/mlx5_0:1 rc_mlx5/mlx5_1:1 rc_mlx5/mlx5_2:1 rc_mlx5/mlx5_3:1 rc_mlx5/mlx5_4:1 rc_mlx5/mlx5_5:1 rc_mlx5/mlx5_6:1 rc_mlx5/mlx5_11:1 rc_mlx5/mlx5_12:1 rc_mlx5/mlx5_0:1 rc_mlx5/mlx5_1:1 rc_mlx5/mlx5_2:1 rc_mlx5/mlx5_3
[1775521141.357856] [b0019:44961:0]      ucp_worker.c:1903 UCX  INFO    ucp_context_0 intra-node cfg#3 tag(rc_mlx5/mlx5_0:1 rc_mlx5/mlx5_1:1 rc_mlx5/mlx5_2:1 rc_mlx5/mlx5_3:1 rc_mlx5/mlx5_4:1 rc_mlx5/mlx5_5:1 rc_mlx5/mlx5_6:1 rc_mlx5/mlx5_11:1 rc_mlx5/mlx5_12:1 rc_mlx5/mlx5_0:1 rc_mlx5/mlx5_1:1 rc_mlx5/mlx5_2:1 rc_mlx5/mlx5_3
[1775521172.716765] [b0019:44961:0]          ucp_ep.c:1517 UCX  DIAG  ep 0x7fbb364140c0: error 'Endpoint timeout' on rc_mlx5/mlx5_12:1 will not be handled since no error callback is installed
[b0019:44961:0:44961]       ud_ep.c:296  Fatal: UD endpoint 0x53248e0 to <no debug data>: unhandled timeout error
==== backtrace (tid:  44961) ====
 0  /opt/hpcx/ompi/lib/openmpi/../../../ucx/lib/libucs.so.0(ucs_handle_error+0x2e4) [0x7fbd60648774]
 1  /opt/hpcx/ompi/lib/openmpi/../../../ucx/lib/libucs.so.0(ucs_fatal_error_message+0xc2) [0x7fbd60645732]
 2  /opt/hpcx/ompi/lib/openmpi/../../../ucx/lib/libucs.so.0(ucs_fatal_error_format+0x111) [0x7fbd60645851]
 3  /opt/hpcx/ompi/lib/openmpi/../../../ucx/lib/ucx/libuct_ib.so.0(+0x2ba70) [0x7fbd6008fa70]
 4  /opt/hpcx/ompi/lib/openmpi/../../../ucx/lib/libucs.so.0(+0x28d87) [0x7fbd60639d87]
 5  /opt/hpcx/ompi/lib/openmpi/../../../ucx/lib/libucp.so.0(ucp_worker_progress+0x5a) [0x7fbd606dc0ea]
 6  /opt/hpcx/ompi/lib/openmpi/mca_pml_ucx.so(mca_pml_ucx_recv+0x180) [0x7fbd60781030]
 7  /opt/hpcx/ompi/lib/libmpi.so.40(MPI_Recv+0x31) [0x7fbd9b0c3ac1]
 8  /workspace/hpl-linux-x86_64/xhpl() [0x48254f]
 9  /workspace/hpl-linux-x86_64/xhpl() [0x481a50]
10  /workspace/hpl-linux-x86_64/xhpl() [0x4856a6]
11  /workspace/hpl-linux-x86_64/xhpl() [0x45be9d]
12  /lib/x86_64-linux-gnu/libc.so.6(+0x2a1ca) [0x7fbd62a181ca]
13  /lib/x86_64-linux-gnu/libc.so.6(__libc_start_main+0x8b) [0x7fbd62a1828b]
14  /workspace/hpl-linux-x86_64/xhpl() [0x45dafe]
=================================
[b0019:44961] *** Process received signal ***
[b0019:44961] Signal: Aborted (6)
[b0019:44961] Signal code:  (-6)
[b0019:44961] [ 0] /lib/x86_64-linux-gnu/libc.so.6(+0x45330)[0x7fbd62a33330]
[b0019:44961] [ 1] /lib/x86_64-linux-gnu/libc.so.6(pthread_kill+0x11c)[0x7fbd62a8cb2c]
[b0019:44961] [ 2] /lib/x86_64-linux-gnu/libc.so.6(gsignal+0x1e)[0x7fbd62a3327e]
[b0019:44961] [ 3] /lib/x86_64-linux-gnu/libc.so.6(abort+0xdf)[0x7fbd62a168ff]
[b0019:44961] [ 4] /opt/hpcx/ompi/lib/openmpi/../../../ucx/lib/libucs.so.0(+0x34737)[0x7fbd60645737]
[b0019:44961] [ 5] /opt/hpcx/ompi/lib/openmpi/../../../ucx/lib/libucs.so.0(ucs_fatal_error_format+0x111)[0x7fbd60645851]
[b0019:44961] [ 6] /opt/hpcx/ompi/lib/openmpi/../../../ucx/lib/ucx/libuct_ib.so.0(+0x2ba70)[0x7fbd6008fa70]
[b0019:44961] [ 7] /opt/hpcx/ompi/lib/openmpi/../../../ucx/lib/libucs.so.0(+0x28d87)[0x7fbd60639d87]
[b0019:44961] [ 8] /opt/hpcx/ompi/lib/openmpi/../../../ucx/lib/libucp.so.0(ucp_worker_progress+0x5a)[0x7fbd606dc0ea]
[b0019:44961] [ 9] /opt/hpcx/ompi/lib/openmpi/mca_pml_ucx.so(mca_pml_ucx_recv+0x180)[0x7fbd60781030]
[b0019:44961] [10] /opt/hpcx/ompi/lib/libmpi.so.40(MPI_Recv+0x31)[0x7fbd9b0c3ac1]
[b0019:44961] [11] /workspace/hpl-linux-x86_64/xhpl[0x48254f]
[b0019:44961] [12] /workspace/hpl-linux-x86_64/xhpl[0x481a50]
[b0019:44961] [13] /workspace/hpl-linux-x86_64/xhpl[0x4856a6]
[b0019:44961] [14] /workspace/hpl-linux-x86_64/xhpl[0x45be9d]
[b0019:44961] [15] /lib/x86_64-linux-gnu/libc.so.6(+0x2a1ca)[0x7fbd62a181ca]
[b0019:44961] [16] /lib/x86_64-linux-gnu/libc.so.6(__libc_start_main+0x8b)[0x7fbd62a1828b]
[b0019:44961] [17] /workspace/hpl-linux-x86_64/xhpl[0x45dafe]
[b0019:44961] *** End of error message ***
[1775521132.602045] [b0012:42853:0]     ucp_context.c:2358 UCX  INFO  Version 1.20.0 (loaded from /opt/hpcx/ompi/lib/openmpi/../../../ucx/lib/libucp.so.0)
[1775521132.608103] [b0012:42853:f]        vfs_sock.c:63   UCX  DIAG  failed to create directory '/run/user/10009/ucx': No such file or directory
[1775521132.608107] [b0012:42853:f]        vfs_fuse.c:440  UCX  DIAG  failed to watch on '/run/user/10009/ucx/vfs.sock': Input/output error, VFS will be disabled
[1775521140.670525] [b0012:42853:0]          parser.c:2368 UCX  INFO  UCX_* env variables: UCX_TLS=rc,cuda_copy,cuda_ipc UCX_WARN_UNUSED_ENV_VARS=n UCX_LOG_LEVEL=info
[1775521140.973095] [b0012:42853:0]     ucp_context.c:2358 UCX  INFO  Version 1.20.0 (loaded from /opt/hpcx/ompi/lib/openmpi/../../../ucx/lib/libucp.so.0)
[1775521141.297861] [b0012:42853:0]      ucp_worker.c:1903 UCX  INFO    ucp_context_0 self cfg#1 tag(rc_mlx5/mlx5_0:1 rc_mlx5/mlx5_1:1 rc_mlx5/mlx5_2:1 rc_mlx5/mlx5_3:1 rc_mlx5/mlx5_4:1 rc_mlx5/mlx5_5:1 rc_mlx5/mlx5_6:1 rc_mlx5/mlx5_11:1 rc_mlx5/mlx5_12:1 rc_mlx5/mlx5_0:1 rc_mlx5/mlx5_1:1 rc_mlx5/mlx5_2:1 rc_mlx5/mlx5_3:1 rc_
[1775521141.354628] [b0012:42853:0]      ucp_worker.c:1903 UCX  INFO    ucp_context_0 intra-node cfg#2 tag(rc_mlx5/mlx5_0:1 rc_mlx5/mlx5_1:1 rc_mlx5/mlx5_2:1 rc_mlx5/mlx5_3:1 rc_mlx5/mlx5_4:1 rc_mlx5/mlx5_5:1 rc_mlx5/mlx5_6:1 rc_mlx5/mlx5_11:1 rc_mlx5/mlx5_12:1 rc_mlx5/mlx5_0:1 rc_mlx5/mlx5_1:1 rc_mlx5/mlx5_2:1 rc_mlx5/mlx5_3
[1775521141.365476] [b0012:42853:0]      ucp_worker.c:1903 UCX  INFO    ucp_context_0 intra-node cfg#3 tag(rc_mlx5/mlx5_0:1 rc_mlx5/mlx5_1:1 rc_mlx5/mlx5_2:1 rc_mlx5/mlx5_3:1 rc_mlx5/mlx5_4:1 rc_mlx5/mlx5_5:1 rc_mlx5/mlx5_6:1 rc_mlx5/mlx5_11:1 rc_mlx5/mlx5_12:1 rc_mlx5/mlx5_0:1 rc_mlx5/mlx5_1:1 rc_mlx5/mlx5_2:1 rc_mlx5/mlx5_3
[1775521172.728085] [b0012:42853:0]          ucp_ep.c:1517 UCX  DIAG  ep 0x7fa19446a0c0: error 'Endpoint timeout' on rc_mlx5/mlx5_12:1 will not be handled since no error callback is installed
[b0012:42853:0:42853]       ud_ep.c:296  Fatal: UD endpoint 0x5eeaab0 to <no debug data>: unhandled timeout error
==== backtrace (tid:  42853) ====
 0  /opt/hpcx/ompi/lib/openmpi/../../../ucx/lib/libucs.so.0(ucs_handle_error+0x2e4) [0x7fa3b669e774]
 1  /opt/hpcx/ompi/lib/openmpi/../../../ucx/lib/libucs.so.0(ucs_fatal_error_message+0xc2) [0x7fa3b669b732]
 2  /opt/hpcx/ompi/lib/openmpi/../../../ucx/lib/libucs.so.0(ucs_fatal_error_format+0x111) [0x7fa3b669b851]
 3  /opt/hpcx/ompi/lib/openmpi/../../../ucx/lib/ucx/libuct_ib.so.0(+0x2ba70) [0x7fa3b50eea70]
 4  /opt/hpcx/ompi/lib/openmpi/../../../ucx/lib/libucs.so.0(+0x28d87) [0x7fa3b668fd87]
 5  /opt/hpcx/ompi/lib/openmpi/../../../ucx/lib/libucp.so.0(ucp_worker_progress+0x5a) [0x7fa3b67320ea]
 6  /opt/hpcx/ompi/lib/openmpi/mca_pml_ucx.so(mca_pml_ucx_recv+0x180) [0x7fa3b8f32030]
 7  /opt/hpcx/ompi/lib/libmpi.so.40(MPI_Recv+0x31) [0x7fa3f1128ac1]
 8  /workspace/hpl-linux-x86_64/xhpl() [0x48254f]
 9  /workspace/hpl-linux-x86_64/xhpl() [0x481a50]
10  /workspace/hpl-linux-x86_64/xhpl() [0x4856a6]
11  /workspace/hpl-linux-x86_64/xhpl() [0x45be9d]
12  /lib/x86_64-linux-gnu/libc.so.6(+0x2a1ca) [0x7fa3b8a181ca]
13  /lib/x86_64-linux-gnu/libc.so.6(__libc_start_main+0x8b) [0x7fa3b8a1828b]
14  /workspace/hpl-linux-x86_64/xhpl() [0x45dafe]
=================================
[b0012:42853] *** Process received signal ***
[b0012:42853] Signal: Aborted (6)
[b0012:42853] Signal code:  (-6)
[b0012:42853] [ 0] /lib/x86_64-linux-gnu/libc.so.6(+0x45330)[0x7fa3b8a33330]
[b0012:42853] [ 1] /lib/x86_64-linux-gnu/libc.so.6(pthread_kill+0x11c)[0x7fa3b8a8cb2c]
[b0012:42853] [ 2] /lib/x86_64-linux-gnu/libc.so.6(gsignal+0x1e)[0x7fa3b8a3327e]
[b0012:42853] [ 3] /lib/x86_64-linux-gnu/libc.so.6(abort+0xdf)[0x7fa3b8a168ff]
[b0012:42853] [ 4] /opt/hpcx/ompi/lib/openmpi/../../../ucx/lib/libucs.so.0(+0x34737)[0x7fa3b669b737]
[b0012:42853] [ 5] /opt/hpcx/ompi/lib/openmpi/../../../ucx/lib/libucs.so.0(ucs_fatal_error_format+0x111)[0x7fa3b669b851]
[b0012:42853] [ 6] /opt/hpcx/ompi/lib/openmpi/../../../ucx/lib/ucx/libuct_ib.so.0(+0x2ba70)[0x7fa3b50eea70]
[b0012:42853] [ 7] /opt/hpcx/ompi/lib/openmpi/../../../ucx/lib/libucs.so.0(+0x28d87)[0x7fa3b668fd87]
[b0012:42853] [ 8] /opt/hpcx/ompi/lib/openmpi/../../../ucx/lib/libucp.so.0(ucp_worker_progress+0x5a)[0x7fa3b67320ea]
[b0012:42853] [ 9] /opt/hpcx/ompi/lib/openmpi/mca_pml_ucx.so(mca_pml_ucx_recv+0x180)[0x7fa3b8f32030]
[b0012:42853] [10] /opt/hpcx/ompi/lib/libmpi.so.40(MPI_Recv+0x31)[0x7fa3f1128ac1]
[b0012:42853] [11] /workspace/hpl-linux-x86_64/xhpl[0x48254f]
[b0012:42853] [12] /workspace/hpl-linux-x86_64/xhpl[0x481a50]
[b0012:42853] [13] /workspace/hpl-linux-x86_64/xhpl[0x4856a6]
[b0012:42853] [14] /workspace/hpl-linux-x86_64/xhpl[0x45be9d]
[b0012:42853] [15] /lib/x86_64-linux-gnu/libc.so.6(+0x2a1ca)[0x7fa3b8a181ca]
[b0012:42853] [16] /lib/x86_64-linux-gnu/libc.so.6(__libc_start_main+0x8b)[0x7fa3b8a1828b]
[b0012:42853] [17] /workspace/hpl-linux-x86_64/xhpl[0x45dafe]
[b0012:42853] *** End of error message ***
/workspace/hpl.sh: line 263: 41300 Aborted                 (core dumped) ${NUMCMD} ${CPUBIND} ${MEMBIND} ${XHPL} ${DAT}
/workspace/hpl.sh: line 263: 41180 Aborted                 (core dumped) ${NUMCMD} ${CPUBIND} ${MEMBIND} ${XHPL} ${DAT}
srun: error: b0015: tasks 25,31: Exited with exit code 134
/workspace/hpl.sh: line 263: 41299 Aborted                 (core dumped) ${NUMCMD} ${CPUBIND} ${MEMBIND} ${XHPL} ${DAT}
/workspace/hpl.sh: line 263: 41179 Aborted                 (core dumped) ${NUMCMD} ${CPUBIND} ${MEMBIND} ${XHPL} ${DAT}
/workspace/hpl.sh: line 263: 41284 Aborted                 (core dumped) ${NUMCMD} ${CPUBIND} ${MEMBIND} ${XHPL} ${DAT}
/workspace/hpl.sh: line 263: 41283 Aborted                 (core dumped) ${NUMCMD} ${CPUBIND} ${MEMBIND} ${XHPL} ${DAT}
/workspace/hpl.sh: line 263: 41297 Aborted                 (core dumped) ${NUMCMD} ${CPUBIND} ${MEMBIND} ${XHPL} ${DAT}
srun: error: b0015: tasks 24,27-30: Exited with exit code 134
[2026-04-07T00:19:36.395] error:  mpi/pmix_v3: _errhandler: b0013 [1]: pmixp_client_v2.c:225: Error handler invoked: status = -25, source = [slurm.pmix.2104.1:13]
[2026-04-07T00:19:36.397] error: *** STEP 2104.1 ON b0012 CANCELLED AT 2026-04-07T00:19:36 DUE to SIGNAL Killed ***
srun: Job step aborted: Waiting up to 32 seconds for job step to finish.
[2026-04-07T00:19:36.402] error:  mpi/pmix_v3: _errhandler: b0016 [4]: pmixp_client_v2.c:225: Error handler invoked: status = -25, source = [slurm.pmix.2104.1:39]
[2026-04-07T00:19:36.402] error:  mpi/pmix_v3: _errhandler: b0018 [6]: pmixp_client_v2.c:225: Error handler invoked: status = -25, source = [slurm.pmix.2104.1:54]
[2026-04-07T00:19:36.414] error:  mpi/pmix_v3: _errhandler: b0019 [7]: pmixp_client_v2.c:225: Error handler invoked: status = -25, source = [slurm.pmix.2104.1:63]
[2026-04-07T00:19:36.423] error:  mpi/pmix_v3: _errhandler: b0014 [2]: pmixp_client_v2.c:225: Error handler invoked: status = -25, source = [slurm.pmix.2104.1:17]
[2026-04-07T00:19:36.426] error:  mpi/pmix_v3: _errhandler: b0012 [0]: pmixp_client_v2.c:225: Error handler invoked: status = -25, source = [slurm.pmix.2104.1:3]
[2026-04-07T00:19:36.427] error:  mpi/pmix_v3: _errhandler: b0017 [5]: pmixp_client_v2.c:225: Error handler invoked: status = -25, source = [slurm.pmix.2104.1:47]
/workspace/hpl.sh: line 263: 44841 Aborted                 (core dumped) ${NUMCMD} ${CPUBIND} ${MEMBIND} ${XHPL} ${DAT}
/workspace/hpl.sh: line 263: 44956 Aborted                 (core dumped) ${NUMCMD} ${CPUBIND} ${MEMBIND} ${XHPL} ${DAT}
/workspace/hpl.sh: line 263: 42854 Aborted                 (core dumped) ${NUMCMD} ${CPUBIND} ${MEMBIND} ${XHPL} ${DAT}
/workspace/hpl.sh: line 263: 44942 Aborted                 (core dumped) ${NUMCMD} ${CPUBIND} ${MEMBIND} ${XHPL} ${DAT}
/workspace/hpl.sh: line 263: 42974 Aborted                 (core dumped) ${NUMCMD} ${CPUBIND} ${MEMBIND} ${XHPL} ${DAT}
/workspace/hpl.sh: line 263: 42968 Aborted                 (core dumped) ${NUMCMD} ${CPUBIND} ${MEMBIND} ${XHPL} ${DAT}
/workspace/hpl.sh: line 263: 44830 Aborted                 (core dumped) ${NUMCMD} ${CPUBIND} ${MEMBIND} ${XHPL} ${DAT}
/workspace/hpl.sh: line 263: 42855 Aborted                 (core dumped) ${NUMCMD} ${CPUBIND} ${MEMBIND} ${XHPL} ${DAT}
/workspace/hpl.sh: line 263: 44955 Aborted                 (core dumped) ${NUMCMD} ${CPUBIND} ${MEMBIND} ${XHPL} ${DAT}
/workspace/hpl.sh: line 263: 42975 Aborted                 (core dumped) ${NUMCMD} ${CPUBIND} ${MEMBIND} ${XHPL} ${DAT}
/workspace/hpl.sh: line 263: 44960 Aborted                 (core dumped) ${NUMCMD} ${CPUBIND} ${MEMBIND} ${XHPL} ${DAT}
/workspace/hpl.sh: line 263: 42973 Aborted                 (core dumped) ${NUMCMD} ${CPUBIND} ${MEMBIND} ${XHPL} ${DAT}
/workspace/hpl.sh: line 263: 44961 Aborted                 (core dumped) ${NUMCMD} ${CPUBIND} ${MEMBIND} ${XHPL} ${DAT}
/workspace/hpl.sh: line 263: 44828 Aborted                 (core dumped) ${NUMCMD} ${CPUBIND} ${MEMBIND} ${XHPL} ${DAT}
/workspace/hpl.sh: line 263: 42969 Aborted                 (core dumped) ${NUMCMD} ${CPUBIND} ${MEMBIND} ${XHPL} ${DAT}
/workspace/hpl.sh: line 263: 44827 Aborted                 (core dumped) ${NUMCMD} ${CPUBIND} ${MEMBIND} ${XHPL} ${DAT}
/workspace/hpl.sh: line 263: 44790 Aborted                 (core dumped) ${NUMCMD} ${CPUBIND} ${MEMBIND} ${XHPL} ${DAT}
/workspace/hpl.sh: line 263: 44763 Aborted                 (core dumped) ${NUMCMD} ${CPUBIND} ${MEMBIND} ${XHPL} ${DAT}
/workspace/hpl.sh: line 263: 44762 Aborted                 (core dumped) ${NUMCMD} ${CPUBIND} ${MEMBIND} ${XHPL} ${DAT}
/workspace/hpl.sh: line 263: 44829 Aborted                 (core dumped) ${NUMCMD} ${CPUBIND} ${MEMBIND} ${XHPL} ${DAT}
/workspace/hpl.sh: line 263: 44822 Aborted                 (core dumped) ${NUMCMD} ${CPUBIND} ${MEMBIND} ${XHPL} ${DAT}
/workspace/hpl.sh: line 263: 40147 Aborted                 (core dumped) ${NUMCMD} ${CPUBIND} ${MEMBIND} ${XHPL} ${DAT}
/workspace/hpl.sh: line 263: 40021 Aborted                 (core dumped) ${NUMCMD} ${CPUBIND} ${MEMBIND} ${XHPL} ${DAT}
/workspace/hpl.sh: line 263: 40056 Aborted                 (core dumped) ${NUMCMD} ${CPUBIND} ${MEMBIND} ${XHPL} ${DAT}
/workspace/hpl.sh: line 263: 40092 Aborted                 (core dumped) ${NUMCMD} ${CPUBIND} ${MEMBIND} ${XHPL} ${DAT}
/workspace/hpl.sh: line 263: 40143 Aborted                 (core dumped) ${NUMCMD} ${CPUBIND} ${MEMBIND} ${XHPL} ${DAT}
/workspace/hpl.sh: line 263: 40141 Aborted                 (core dumped) ${NUMCMD} ${CPUBIND} ${MEMBIND} ${XHPL} ${DAT}
/workspace/hpl.sh: line 263: 40120 Aborted                 (core dumped) ${NUMCMD} ${CPUBIND} ${MEMBIND} ${XHPL} ${DAT}
/workspace/hpl.sh: line 263: 42861 Aborted                 (core dumped) ${NUMCMD} ${CPUBIND} ${MEMBIND} ${XHPL} ${DAT}
/workspace/hpl.sh: line 263: 42829 Aborted                 (core dumped) ${NUMCMD} ${CPUBIND} ${MEMBIND} ${XHPL} ${DAT}
/workspace/hpl.sh: line 263: 42853 Aborted                 (core dumped) ${NUMCMD} ${CPUBIND} ${MEMBIND} ${XHPL} ${DAT}
/workspace/hpl.sh: line 263: 42860 Aborted                 (core dumped) ${NUMCMD} ${CPUBIND} ${MEMBIND} ${XHPL} ${DAT}
/workspace/hpl.sh: line 263: 42827 Aborted                 (core dumped) ${NUMCMD} ${CPUBIND} ${MEMBIND} ${XHPL} ${DAT}
/workspace/hpl.sh: line 263: 42760 Aborted                 (core dumped) ${NUMCMD} ${CPUBIND} ${MEMBIND} ${XHPL} ${DAT}
/workspace/hpl.sh: line 263: 42761 Aborted                 (core dumped) ${NUMCMD} ${CPUBIND} ${MEMBIND} ${XHPL} ${DAT}
/workspace/hpl.sh: line 263: 41358 Aborted                 (core dumped) ${NUMCMD} ${CPUBIND} ${MEMBIND} ${XHPL} ${DAT}
/workspace/hpl.sh: line 263: 41699 Aborted                 (core dumped) ${NUMCMD} ${CPUBIND} ${MEMBIND} ${XHPL} ${DAT}
/workspace/hpl.sh: line 263: 41260 Aborted                 (core dumped) ${NUMCMD} ${CPUBIND} ${MEMBIND} ${XHPL} ${DAT}
/workspace/hpl.sh: line 263: 41706 Aborted                 (core dumped) ${NUMCMD} ${CPUBIND} ${MEMBIND} ${XHPL} ${DAT}
/workspace/hpl.sh: line 263: 41359 Aborted                 (core dumped) ${NUMCMD} ${CPUBIND} ${MEMBIND} ${XHPL} ${DAT}
/workspace/hpl.sh: line 263: 41348 Aborted                 (core dumped) ${NUMCMD} ${CPUBIND} ${MEMBIND} ${XHPL} ${DAT}
/workspace/hpl.sh: line 263: 41605 Aborted                 (core dumped) ${NUMCMD} ${CPUBIND} ${MEMBIND} ${XHPL} ${DAT}
/workspace/hpl.sh: line 263: 41683 Aborted                 (core dumped) ${NUMCMD} ${CPUBIND} ${MEMBIND} ${XHPL} ${DAT}
/workspace/hpl.sh: line 263: 41360 Aborted                 (core dumped) ${NUMCMD} ${CPUBIND} ${MEMBIND} ${XHPL} ${DAT}
/workspace/hpl.sh: line 263: 41607 Aborted                 (core dumped) ${NUMCMD} ${CPUBIND} ${MEMBIND} ${XHPL} ${DAT}
/workspace/hpl.sh: line 263: 41259 Aborted                 (core dumped) ${NUMCMD} ${CPUBIND} ${MEMBIND} ${XHPL} ${DAT}
/workspace/hpl.sh: line 263: 41331 Aborted                 (core dumped) ${NUMCMD} ${CPUBIND} ${MEMBIND} ${XHPL} ${DAT}
/workspace/hpl.sh: line 263: 41606 Aborted                 (core dumped) ${NUMCMD} ${CPUBIND} ${MEMBIND} ${XHPL} ${DAT}
/workspace/hpl.sh: line 263: 41707 Aborted                 (core dumped) ${NUMCMD} ${CPUBIND} ${MEMBIND} ${XHPL} ${DAT}
/workspace/hpl.sh: line 263: 44909 Aborted                 (core dumped) ${NUMCMD} ${CPUBIND} ${MEMBIND} ${XHPL} ${DAT}
/workspace/hpl.sh: line 263: 42961 Aborted                 (core dumped) ${NUMCMD} ${CPUBIND} ${MEMBIND} ${XHPL} ${DAT}
srun: error: b0016: tasks 32-37,39: Exited with exit code 134
srun: error: b0019: tasks 56-59,61-63: Exited with exit code 134
/workspace/hpl.sh: line 263: 44826 Aborted                 (core dumped) ${NUMCMD} ${CPUBIND} ${MEMBIND} ${XHPL} ${DAT}
srun: error: b0013: tasks 8-13,15: Exited with exit code 134
srun: error: b0019: task 60: Exited with exit code 134
srun: error: b0016: task 38: Exited with exit code 134
/workspace/hpl.sh: line 263: 40142 Aborted                 (core dumped) ${NUMCMD} ${CPUBIND} ${MEMBIND} ${XHPL} ${DAT}
srun: error: b0018: tasks 48-54: Exited with exit code 134
srun: error: b0013: task 14: Exited with exit code 134
/workspace/hpl.sh: line 263: 42739 Aborted                 (core dumped) ${NUMCMD} ${CPUBIND} ${MEMBIND} ${XHPL} ${DAT}
srun: error: b0012: tasks 0-4,6-7: Exited with exit code 134
srun: error: b0018: task 55: Exited with exit code 134
srun: error: b0012: task 5: Exited with exit code 134
/workspace/hpl.sh: line 263: 41227 Aborted                 (core dumped) ${NUMCMD} ${CPUBIND} ${MEMBIND} ${XHPL} ${DAT}
/workspace/hpl.sh: line 263: 41698 Aborted                 (core dumped) ${NUMCMD} ${CPUBIND} ${MEMBIND} ${XHPL} ${DAT}
srun: error: b0017: tasks 40-45,47: Exited with exit code 134
srun: error: b0014: tasks 16-17,19-23: Exited with exit code 134
srun: error: b0017: task 46: Exited with exit code 134
srun: error: b0014: task 18: Exited with exit code 134
[2026-04-07T00:19:37.409] error:  mpi/pmix_v3: _errhandler: b0015 [3]: pmixp_client_v2.c:225: Error handler invoked: status = -25, source = [slurm.pmix.2104.1:25]
srun: error: b0015: task 26: Killed
